timestamp,sensor_id,city,target,horizon,actual,predicted,actual_health_average,predicted_health_average,split,fold_id,model,absolute_error,residual,pollution_event_actual,pollution_event_predicted
2026-08-16T00:00:00Z,1,Tulkarem,pm25,6h,27.35,20.244736,22.73168421052632,23.198847,oof,fold_1,xgboost,7.105264282226564,7.105264282226564,True,True
2026-08-16T00:00:00Z,2,Nablus,pm25,6h,23.61,17.407238,27.709375,29.794794,oof,fold_1,xgboost,6.202761993408203,6.202761993408203,True,True
2026-08-16T00:00:00Z,4,Nablus,pm25,6h,23.8,15.957738,25.02958333333333,26.426216,oof,fold_1,xgboost,7.842262077331544,7.842262077331544,True,True
2026-08-16T00:15:00Z,1,Tulkarem,pm25,6h,25.39,19.879625,22.694526315789474,23.309526,oof,fold_1,xgboost,5.51037467956543,5.51037467956543,True,True
2026-08-16T00:15:00Z,2,Nablus,pm25,6h,22.19,17.396385,27.58927083333333,30.010332,oof,fold_1,xgboost,4.7936148071289075,4.7936148071289075,True,True
2026-08-16T00:15:00Z,4,Nablus,pm25,6h,22.56,16.106731,24.959375,26.696182,oof,fold_1,xgboost,6.453268585205077,6.453268585205077,True,True
2026-08-16T00:30:00Z,1,Tulkarem,pm25,6h,26.51,18.974754,22.69484210526316,23.368946,oof,fold_1,xgboost,7.535245666503908,7.535245666503908,True,True
2026-08-16T00:30:00Z,2,Nablus,pm25,6h,23.47,17.504456,27.4959375,30.612354,oof,fold_1,xgboost,5.965544433593749,5.965544433593749,True,True
2026-08-16T00:30:00Z,4,Nablus,pm25,6h,21.65,16.313334,24.88864583333333,26.92574,oof,fold_1,xgboost,5.3366664886474595,5.3366664886474595,True,True
2026-08-16T00:45:00Z,1,Tulkarem,pm25,6h,25.51,18.690735,22.68526315789473,23.966822,oof,fold_1,xgboost,6.819265136718752,6.819265136718752,True,True
2026-08-16T00:45:00Z,2,Nablus,pm25,6h,21.08,18.6319,27.399375,31.217464,oof,fold_1,xgboost,2.4480992126464827,2.4480992126464827,True,True
2026-08-16T00:45:00Z,4,Nablus,pm25,6h,21.28,16.249895,24.819479166666667,27.026443,oof,fold_1,xgboost,5.030104904174806,5.030104904174806,True,True
2026-08-16T01:00:00Z,1,Tulkarem,pm25,6h,23.22,19.1455,22.648315789473685,24.153122,oof,fold_1,xgboost,4.07449981689453,4.07449981689453,True,True
2026-08-16T01:00:00Z,2,Nablus,pm25,6h,23.08,19.422098,27.32229166666666,31.346466,oof,fold_1,xgboost,3.6579018402099592,3.6579018402099592,True,True
2026-08-16T01:00:00Z,4,Nablus,pm25,6h,21.33,15.525668,24.760625,27.396503,oof,fold_1,xgboost,5.804331855773924,5.804331855773924,True,True
2026-08-16T01:15:00Z,1,Tulkarem,pm25,6h,22.0,19.095375,22.59326315789474,23.498514,oof,fold_1,xgboost,2.9046249389648438,2.9046249389648438,True,True
2026-08-16T01:15:00Z,2,Nablus,pm25,6h,22.82,20.409628,27.24927083333333,31.537159,oof,fold_1,xgboost,2.4103720855712893,2.4103720855712893,True,True
2026-08-16T01:15:00Z,4,Nablus,pm25,6h,20.17,18.95904,24.68145833333333,27.735947,oof,fold_1,xgboost,1.2109603118896501,1.2109603118896501,True,True
2026-08-16T01:30:00Z,1,Tulkarem,pm25,6h,21.46,19.486757,22.554,23.29656,oof,fold_1,xgboost,1.973242721557618,1.973242721557618,True,True
2026-08-16T01:30:00Z,2,Nablus,pm25,6h,22.88,20.85609,27.181875,31.754675,oof,fold_1,xgboost,2.023909454345702,2.023909454345702,True,True
2026-08-16T01:30:00Z,4,Nablus,pm25,6h,20.71,18.930069,24.6253125,27.802917,oof,fold_1,xgboost,1.7799310302734384,1.7799310302734384,True,True
2026-08-16T01:45:00Z,1,Tulkarem,pm25,6h,24.19,19.436636,22.522526315789477,23.351189,oof,fold_1,xgboost,4.753364028930665,4.753364028930665,True,True
2026-08-16T01:45:00Z,2,Nablus,pm25,6h,21.62,20.238913,27.1003125,32.196896,oof,fold_1,xgboost,1.38108741760254,1.38108741760254,True,True
2026-08-16T01:45:00Z,4,Nablus,pm25,6h,20.07,18.488636,24.561875,27.802895,oof,fold_1,xgboost,1.5813639831542972,1.5813639831542972,True,True
2026-08-16T02:00:00Z,1,Tulkarem,pm25,6h,22.67,18.849133,22.485052631578945,23.331314,oof,fold_1,xgboost,3.820867462158205,3.820867462158205,True,True
2026-08-16T02:00:00Z,2,Nablus,pm25,6h,20.91,18.996956,27.027083333333334,32.19458,oof,fold_1,xgboost,1.913044128417969,1.913044128417969,True,True
2026-08-16T02:00:00Z,4,Nablus,pm25,6h,18.14,18.822239,24.481979166666665,27.710474,oof,fold_1,xgboost,0.6822389221191401,-0.6822389221191401,True,True
2026-08-16T02:15:00Z,1,Tulkarem,pm25,6h,22.8,18.520512,22.461157894736843,23.240763,oof,fold_1,xgboost,4.279488372802735,4.279488372802735,True,True
2026-08-16T02:15:00Z,2,Nablus,pm25,6h,20.04,19.527805,26.957395833333333,32.34041,oof,fold_1,xgboost,0.5121946716308585,0.5121946716308585,True,True
2026-08-16T02:15:00Z,4,Nablus,pm25,6h,18.3,18.739985,24.421875,27.902195,oof,fold_1,xgboost,0.43998451232910085,-0.43998451232910085,True,True
2026-08-16T02:30:00Z,1,Tulkarem,pm25,6h,22.93,19.000898,22.44557894736842,23.354925,oof,fold_1,xgboost,3.929101638793945,3.929101638793945,True,True
2026-08-16T02:30:00Z,2,Nablus,pm25,6h,20.66,19.422684,26.881875000000004,32.314075,oof,fold_1,xgboost,1.2373162841796876,1.2373162841796876,True,True
2026-08-16T02:30:00Z,4,Nablus,pm25,6h,17.81,20.312946,24.344479166666662,27.960651,oof,fold_1,xgboost,2.5029463195800794,-2.5029463195800794,True,True
2026-08-16T02:45:00Z,1,Tulkarem,pm25,6h,22.7,19.061161,22.418105263157894,23.325413,oof,fold_1,xgboost,3.6388389587402337,3.6388389587402337,True,True
2026-08-16T02:45:00Z,2,Nablus,pm25,6h,20.08,18.209415,26.814166666666665,32.32684,oof,fold_1,xgboost,1.8705845642089827,1.8705845642089827,True,True
2026-08-16T02:45:00Z,4,Nablus,pm25,6h,18.49,19.985598,24.28802083333333,27.777826,oof,fold_1,xgboost,1.4955976104736344,-1.4955976104736344,True,True
2026-08-16T03:00:00Z,1,Tulkarem,pm25,6h,22.69,16.69881,22.423368421052636,22.934387,oof,fold_1,xgboost,5.991189422607423,5.991189422607423,True,True
2026-08-16T03:00:00Z,2,Nablus,pm25,6h,19.99,18.139135,26.75114583333333,32.18403,oof,fold_1,xgboost,1.850864639282225,1.850864639282225,True,True
2026-08-16T03:00:00Z,4,Nablus,pm25,6h,16.9,18.665123,24.2221875,27.696838,oof,fold_1,xgboost,1.7651229858398452,-1.7651229858398452,True,True
2026-08-16T03:15:00Z,2,Nablus,pm25,6h,18.88,15.471568,26.68104166666667,32.006294,oof,fold_1,xgboost,3.4084318923950185,3.4084318923950185,True,True
2026-08-16T03:15:00Z,4,Nablus,pm25,6h,16.86,18.529781,24.166354166666665,27.667446,oof,fold_1,xgboost,1.669781341552735,-1.669781341552735,True,True
2026-08-16T03:30:00Z,1,Tulkarem,pm25,6h,24.39,16.72987,22.456736842105265,23.12875,oof,fold_1,xgboost,7.660130157470704,7.660130157470704,True,True
2026-08-16T03:30:00Z,2,Nablus,pm25,6h,18.07,14.566304,26.610625,32.1238,oof,fold_1,xgboost,3.5036957931518558,3.5036957931518558,True,True
2026-08-16T03:30:00Z,4,Nablus,pm25,6h,15.84,16.643938,24.109375,27.655495,oof,fold_1,xgboost,0.8039380645751955,-0.8039380645751955,True,True
2026-08-16T03:45:00Z,1,Tulkarem,pm25,6h,23.33,16.473827,22.45484210526316,22.650967,oof,fold_1,xgboost,6.856172637939451,6.856172637939451,True,True
2026-08-16T03:45:00Z,2,Nablus,pm25,6h,18.57,14.589075,26.571145833333333,31.953743,oof,fold_1,xgboost,3.9809249114990237,3.9809249114990237,True,True
2026-08-16T03:45:00Z,4,Nablus,pm25,6h,15.22,16.789629,24.04395833333333,27.597738,oof,fold_1,xgboost,1.5696289825439447,-1.5696289825439447,True,True
2026-08-16T04:00:00Z,1,Tulkarem,pm25,6h,24.04,15.434174,22.47052631578948,22.78711,oof,fold_1,xgboost,8.605826416015624,8.605826416015624,True,True
2026-08-16T04:00:00Z,2,Nablus,pm25,6h,19.57,14.708231,26.53270833333333,31.859123,oof,fold_1,xgboost,4.861769027709961,4.861769027709961,True,True
2026-08-16T04:00:00Z,4,Nablus,pm25,6h,15.71,16.481022,23.989375,27.394907,oof,fold_1,xgboost,0.7710218811035148,-0.7710218811035148,True,True
2026-08-16T04:15:00Z,1,Tulkarem,pm25,6h,23.81,15.594249,22.49852631578948,22.934086,oof,fold_1,xgboost,8.215751228332518,8.215751228332518,True,True
2026-08-16T04:15:00Z,2,Nablus,pm25,6h,18.65,15.221658,26.47385416666667,31.885607,oof,fold_1,xgboost,3.428342247009276,3.428342247009276,True,True
2026-08-16T04:15:00Z,4,Nablus,pm25,6h,15.91,16.383804,23.93375,27.540344,oof,fold_1,xgboost,0.47380432128906236,-0.47380432128906236,True,True
2026-08-16T04:30:00Z,1,Tulkarem,pm25,6h,22.02,15.835365,22.51126315789474,22.374063,oof,fold_1,xgboost,6.184634704589843,6.184634704589843,True,True
2026-08-16T04:30:00Z,2,Nablus,pm25,6h,20.9,15.015507,26.435729166666665,31.872326,oof,fold_1,xgboost,5.884493255615233,5.884493255615233,True,True
2026-08-16T04:30:00Z,4,Nablus,pm25,6h,16.04,16.234118,23.883958333333336,27.588861,oof,fold_1,xgboost,0.19411750793457117,-0.19411750793457117,True,True
2026-08-16T04:45:00Z,1,Tulkarem,pm25,6h,24.8,15.672749,22.55968421052632,22.236704,oof,fold_1,xgboost,9.127251434326173,9.127251434326173,True,True
2026-08-16T04:45:00Z,2,Nablus,pm25,6h,24.5,14.194352,26.4340625,32.052105,oof,fold_1,xgboost,10.305647850036621,10.305647850036621,True,True
2026-08-16T04:45:00Z,4,Nablus,pm25,6h,19.16,12.118916,23.862291666666668,27.38913,oof,fold_1,xgboost,7.041084442138672,7.041084442138672,True,True
2026-08-16T05:00:00Z,1,Tulkarem,pm25,6h,24.2,15.527085,22.60821052631579,21.232738,oof,fold_1,xgboost,8.672914695739745,8.672914695739745,True,True
2026-08-16T05:00:00Z,2,Nablus,pm25,6h,26.42,13.501943,26.4446875,31.762777,oof,fold_1,xgboost,12.918057365417482,12.918057365417482,True,True
2026-08-16T05:00:00Z,4,Nablus,pm25,6h,21.79,11.791325,23.8653125,26.991173,oof,fold_1,xgboost,9.998675384521484,9.998675384521484,True,True
2026-08-16T05:15:00Z,1,Tulkarem,pm25,6h,19.35,14.721359,22.60410526315789,21.258665,oof,fold_1,xgboost,4.628640747070314,4.628640747070314,True,True
2026-08-16T05:15:00Z,2,Nablus,pm25,6h,26.57,13.967643,26.485208333333333,31.70677,oof,fold_1,xgboost,12.602357215881348,12.602357215881348,True,True
2026-08-16T05:15:00Z,4,Nablus,pm25,6h,22.98,11.693978,23.89333333333333,26.91598,oof,fold_1,xgboost,11.286021690368653,11.286021690368653,True,True
2026-08-16T05:30:00Z,1,Tulkarem,pm25,6h,17.24,12.929932,22.58694736842105,21.362696,oof,fold_1,xgboost,4.310068359374998,4.310068359374998,True,True
2026-08-16T05:30:00Z,2,Nablus,pm25,6h,24.81,13.629213,26.52270833333333,31.61853,oof,fold_1,xgboost,11.180786666870116,11.180786666870116,True,True
2026-08-16T05:30:00Z,4,Nablus,pm25,6h,21.49,11.957273,23.929791666666663,26.831697,oof,fold_1,xgboost,9.532727470397948,9.532727470397948,True,True
2026-08-16T05:45:00Z,1,Tulkarem,pm25,6h,16.88,11.532814,22.562421052631574,21.598307,oof,fold_1,xgboost,5.347185974121093,5.347185974121093,True,True
2026-08-16T05:45:00Z,2,Nablus,pm25,6h,24.32,13.306935,26.57541666666667,30.856735,oof,fold_1,xgboost,11.01306468963623,11.01306468963623,True,True
2026-08-16T05:45:00Z,4,Nablus,pm25,6h,19.52,11.97823,23.959479166666664,26.955345,oof,fold_1,xgboost,7.541769523620605,7.541769523620605,True,True
2026-08-16T06:00:00Z,1,Tulkarem,pm25,6h,16.64,12.505232,22.535052631578942,21.626106,oof,fold_1,xgboost,4.134768142700196,4.134768142700196,True,True
2026-08-16T06:00:00Z,2,Nablus,pm25,6h,22.54,12.808151,26.598333333333333,30.31337,oof,fold_1,xgboost,9.731848754882812,9.731848754882812,True,True
2026-08-16T06:00:00Z,4,Nablus,pm25,6h,18.71,11.716481,23.98708333333333,26.865627,oof,fold_1,xgboost,6.993518791198731,6.993518791198731,True,True
2026-08-16T06:15:00Z,1,Tulkarem,pm25,6h,16.85,11.684651,22.51294736842105,21.98183,oof,fold_1,xgboost,5.165348625183107,5.165348625183107,True,True
2026-08-16T06:15:00Z,2,Nablus,pm25,6h,21.27,12.761936,26.630416666666665,30.309668,oof,fold_1,xgboost,8.508063812255859,8.508063812255859,True,True
2026-08-16T06:15:00Z,4,Nablus,pm25,6h,17.65,11.620822,24.026979166666663,26.6987,oof,fold_1,xgboost,6.029178047180174,6.029178047180174,True,True
2026-08-16T06:30:00Z,1,Tulkarem,pm25,6h,15.09,12.58481,22.464421052631582,21.67382,oof,fold_1,xgboost,2.505189743041992,2.505189743041992,True,True
2026-08-16T06:30:00Z,2,Nablus,pm25,6h,20.23,12.949972,26.645416666666662,30.341413,oof,fold_1,xgboost,7.2800278472900395,7.2800278472900395,True,True
2026-08-16T06:30:00Z,4,Nablus,pm25,6h,30.34,11.516291,24.195625000000003,26.531033,oof,fold_1,xgboost,18.82370933532715,18.82370933532715,True,True
2026-08-16T06:45:00Z,1,Tulkarem,pm25,6h,15.32,11.656784,22.41378947368421,21.681215,oof,fold_1,xgboost,3.663215942382813,3.663215942382813,True,True
2026-08-16T06:45:00Z,2,Nablus,pm25,6h,19.29,12.863892,26.64625,30.057955,oof,fold_1,xgboost,6.426108398437499,6.426108398437499,True,True
2026-08-16T06:45:00Z,4,Nablus,pm25,6h,20.94,11.49404,24.254583333333333,26.565077,oof,fold_1,xgboost,9.44596046447754,9.44596046447754,True,True
2026-08-16T07:00:00Z,1,Tulkarem,pm25,6h,14.99,11.672533,22.36010526315789,21.441671,oof,fold_1,xgboost,3.31746696472168,3.31746696472168,True,True
2026-08-16T07:00:00Z,2,Nablus,pm25,6h,18.94,12.850537,26.643854166666667,29.875807,oof,fold_1,xgboost,6.089462699890138,6.089462699890138,True,True
2026-08-16T07:00:00Z,4,Nablus,pm25,6h,15.06,11.119265,24.2534375,26.569616,oof,fold_1,xgboost,3.9407353973388677,3.9407353973388677,True,True
2026-08-16T07:15:00Z,1,Tulkarem,pm25,6h,14.43,12.973191,22.310526315789478,21.361454,oof,fold_1,xgboost,1.4568087387084958,1.4568087387084958,True,True
2026-08-16T07:15:00Z,2,Nablus,pm25,6h,18.65,13.35291,26.64791666666667,27.950087,oof,fold_1,xgboost,5.2970899581909165,5.2970899581909165,True,True
2026-08-16T07:15:00Z,4,Nablus,pm25,6h,14.34,10.968922,24.25322916666667,26.428268,oof,fold_1,xgboost,3.3710783386230467,3.3710783386230467,True,True
2026-08-16T07:30:00Z,1,Tulkarem,pm25,6h,14.81,12.406513,22.259578947368414,21.352541,oof,fold_1,xgboost,2.4034867858886724,2.4034867858886724,True,True
2026-08-16T07:30:00Z,2,Nablus,pm25,6h,17.49,12.715245,26.64770833333333,27.866482,oof,fold_1,xgboost,4.774754753112791,4.774754753112791,True,True
2026-08-16T07:30:00Z,4,Nablus,pm25,6h,13.26,11.241216,24.24208333333333,26.182161,oof,fold_1,xgboost,2.0187842941284178,2.0187842941284178,True,True
2026-08-16T07:45:00Z,1,Tulkarem,pm25,6h,14.57,14.387406,22.21157894736842,21.462997,oof,fold_1,xgboost,0.18259365081787138,0.18259365081787138,True,True
2026-08-16T07:45:00Z,2,Nablus,pm25,6h,17.23,13.029053,26.629270833333333,27.795603,oof,fold_1,xgboost,4.200947265625,4.200947265625,True,True
2026-08-16T07:45:00Z,4,Nablus,pm25,6h,12.88,11.203082,24.22010416666667,25.95835,oof,fold_1,xgboost,1.676917915344239,1.676917915344239,True,True
2026-08-16T08:00:00Z,1,Tulkarem,pm25,6h,15.33,17.393087,22.176,21.379894,oof,fold_1,xgboost,2.063087387084961,-2.063087387084961,True,True
2026-08-16T08:00:00Z,2,Nablus,pm25,6h,16.59,12.607006,26.6075,27.15166,oof,fold_1,xgboost,3.982993927001953,3.982993927001953,True,True
2026-08-16T08:00:00Z,4,Nablus,pm25,6h,12.63,10.625475,24.17635416666667,25.782099,oof,fold_1,xgboost,2.0045250701904305,2.0045250701904305,True,True
2026-08-16T08:15:00Z,1,Tulkarem,pm25,6h,16.65,13.69335,22.16894736842105,21.417925,oof,fold_1,xgboost,2.9566501617431626,2.9566501617431626,True,True
2026-08-16T08:15:00Z,2,Nablus,pm25,6h,16.62,12.82258,26.58125,27.06755,oof,fold_1,xgboost,3.797419662475587,3.797419662475587,True,True
2026-08-16T08:15:00Z,4,Nablus,pm25,6h,12.08,11.11415,24.140312500000004,25.785831,oof,fold_1,xgboost,0.965849952697754,0.965849952697754,True,True
2026-08-16T08:30:00Z,1,Tulkarem,pm25,6h,18.08,13.115598,22.18894736842105,21.474987,oof,fold_1,xgboost,4.9644022750854475,4.9644022750854475,True,True
2026-08-16T08:30:00Z,2,Nablus,pm25,6h,15.5,13.007663,26.5459375,27.020803,oof,fold_1,xgboost,2.492337226867676,2.492337226867676,True,True
2026-08-16T08:30:00Z,4,Nablus,pm25,6h,12.21,11.16338,24.0890625,25.744835,oof,fold_1,xgboost,1.0466203308105477,1.0466203308105477,True,True
2026-08-16T08:45:00Z,1,Tulkarem,pm25,6h,18.14,14.463939,22.209789473684207,21.344223,oof,fold_1,xgboost,3.67606128692627,3.67606128692627,True,True
2026-08-16T08:45:00Z,2,Nablus,pm25,6h,16.02,13.176745,26.51083333333333,27.05624,oof,fold_1,xgboost,2.843254585266113,2.843254585266113,True,True
2026-08-16T08:45:00Z,4,Nablus,pm25,6h,11.77,11.430138,24.04416666666667,25.776453,oof,fold_1,xgboost,0.3398623657226558,0.3398623657226558,True,True
2026-08-16T09:00:00Z,1,Tulkarem,pm25,6h,16.63,15.23201,22.225263157894737,21.342995,oof,fold_1,xgboost,1.3979901123046865,1.3979901123046865,True,True
2026-08-16T09:00:00Z,2,Nablus,pm25,6h,17.65,13.481131,26.5178125,27.10047,oof,fold_1,xgboost,4.168869400024413,4.168869400024413,True,True
2026-08-16T09:00:00Z,4,Nablus,pm25,6h,13.25,11.380428,24.018125,25.661299,oof,fold_1,xgboost,1.8695716857910156,1.8695716857910156,True,True
2026-08-16T09:15:00Z,1,Tulkarem,pm25,6h,16.6,15.624085,22.236526315789472,21.710018,oof,fold_1,xgboost,0.975914573669435,0.975914573669435,True,True
2026-08-16T09:15:00Z,2,Nablus,pm25,6h,16.96,12.464676,26.53322916666667,26.772604,oof,fold_1,xgboost,4.495324096679688,4.495324096679688,True,True
2026-08-16T09:15:00Z,4,Nablus,pm25,6h,13.77,11.425694,24.02010416666667,25.59316,oof,fold_1,xgboost,2.3443055343627925,2.3443055343627925,True,True
2026-08-16T09:30:00Z,1,Tulkarem,pm25,6h,15.71,16.442743,22.23831578947368,21.476957,oof,fold_1,xgboost,0.7327433013916007,-0.7327433013916007,True,True
2026-08-16T09:30:00Z,2,Nablus,pm25,6h,17.25,12.430368,26.550104166666667,26.6698,oof,fold_1,xgboost,4.819631576538086,4.819631576538086,True,True
2026-08-16T09:30:00Z,4,Nablus,pm25,6h,13.2,11.3005705,24.02208333333333,25.05322,oof,fold_1,xgboost,1.899429512023925,1.899429512023925,True,True
2026-08-16T09:45:00Z,1,Tulkarem,pm25,6h,15.75,16.624464,22.23631578947368,21.688005,oof,fold_1,xgboost,0.8744640350341797,-0.8744640350341797,True,True
2026-08-16T09:45:00Z,2,Nablus,pm25,6h,20.67,12.9898205,26.60458333333333,26.655264,oof,fold_1,xgboost,7.680179519653322,7.680179519653322,True,True
2026-08-16T09:45:00Z,4,Nablus,pm25,6h,14.4,11.300556,24.037916666666664,25.14161,oof,fold_1,xgboost,3.0994438171386722,3.0994438171386722,True,True
2026-08-16T10:00:00Z,1,Tulkarem,pm25,6h,18.32,16.503004,22.251368421052632,21.875124,oof,fold_1,xgboost,1.8169959259033206,1.8169959259033206,True,True
2026-08-16T10:00:00Z,2,Nablus,pm25,6h,20.52,14.976772,26.649583333333336,26.646177,oof,fold_1,xgboost,5.54322769165039,5.54322769165039,True,True
2026-08-16T10:00:00Z,4,Nablus,pm25,6h,15.89,13.459563,24.060625,25.153065,oof,fold_1,xgboost,2.430436744689942,2.430436744689942,True,True
2026-08-16T10:15:00Z,1,Tulkarem,pm25,6h,20.39,17.392729,22.27063157894737,21.862186,oof,fold_1,xgboost,2.9972711944580084,2.9972711944580084,True,True
2026-08-16T10:15:00Z,2,Nablus,pm25,6h,21.74,15.055267,26.684479166666662,26.690731,oof,fold_1,xgboost,6.684732666015623,6.684732666015623,True,True
2026-08-16T10:15:00Z,4,Nablus,pm25,6h,16.39,13.757398,24.0340625,24.764559,oof,fold_1,xgboost,2.6326023483276373,2.6326023483276373,True,True
2026-08-16T10:30:00Z,1,Tulkarem,pm25,6h,18.33,17.606682,22.26484210526316,21.662693,oof,fold_1,xgboost,0.7233181762695295,0.7233181762695295,True,True
2026-08-16T10:30:00Z,2,Nablus,pm25,6h,23.36,14.87671,26.718541666666667,26.56538,oof,fold_1,xgboost,8.483290061950683,8.483290061950683,True,True
2026-08-16T10:30:00Z,4,Nablus,pm25,6h,18.63,13.925276,24.034479166666667,24.752104,oof,fold_1,xgboost,4.704724197387694,4.704724197387694,True,True
2026-08-16T10:45:00Z,1,Tulkarem,pm25,6h,18.41,17.836143,22.25210526315789,21.927584,oof,fold_1,xgboost,0.5738565063476564,0.5738565063476564,True,True
2026-08-16T10:45:00Z,2,Nablus,pm25,6h,23.71,15.498995,26.726145833333334,26.743809,oof,fold_1,xgboost,8.211005172729493,8.211005172729493,True,True
2026-08-16T10:45:00Z,4,Nablus,pm25,6h,19.24,13.988248,24.02645833333333,24.74942,oof,fold_1,xgboost,5.251752128601073,5.251752128601073,True,True
2026-08-16T11:00:00Z,1,Tulkarem,pm25,6h,18.39,18.217834,22.237578947368423,21.881628,oof,fold_1,xgboost,0.17216552734375057,0.17216552734375057,True,True
2026-08-16T11:00:00Z,2,Nablus,pm25,6h,24.6,17.716347,26.7371875,26.804197,oof,fold_1,xgboost,6.883653259277345,6.883653259277345,True,True
2026-08-16T11:00:00Z,4,Nablus,pm25,6h,21.68,15.097698,24.039895833333333,25.090872,oof,fold_1,xgboost,6.582301788330078,6.582301788330078,True,True
2026-08-16T11:15:00Z,1,Tulkarem,pm25,6h,17.96,16.572168,22.212315789473685,21.57612,oof,fold_1,xgboost,1.3878316497802743,1.3878316497802743,True,True
2026-08-16T11:15:00Z,2,Nablus,pm25,6h,26.02,17.89906,26.73635416666667,26.81334,oof,fold_1,xgboost,8.120940704345703,8.120940704345703,True,True
2026-08-16T11:15:00Z,4,Nablus,pm25,6h,23.74,15.086105,24.066666666666663,25.135435,oof,fold_1,xgboost,8.653894653320311,8.653894653320311,True,True
2026-08-16T11:30:00Z,1,Tulkarem,pm25,6h,17.64,16.047794,22.17726315789474,21.490995,oof,fold_1,xgboost,1.592205657958985,1.592205657958985,True,True
2026-08-16T11:30:00Z,2,Nablus,pm25,6h,27.62,17.817335,26.76677083333333,26.83634,oof,fold_1,xgboost,9.802664871215821,9.802664871215821,True,True
2026-08-16T11:30:00Z,4,Nablus,pm25,6h,23.79,15.338465,24.078645833333336,25.207952,oof,fold_1,xgboost,8.451535263061523,8.451535263061523,True,True
2026-08-16T11:45:00Z,1,Tulkarem,pm25,6h,17.24,17.091507,22.128631578947367,21.632174,oof,fold_1,xgboost,0.14849304199218594,0.14849304199218594,True,True
2026-08-16T11:45:00Z,2,Nablus,pm25,6h,27.29,17.991642,26.798125,26.837547,oof,fold_1,xgboost,9.298358001708984,9.298358001708984,True,True
2026-08-16T11:45:00Z,4,Nablus,pm25,6h,24.83,15.586549,24.09895833333333,25.080399,oof,fold_1,xgboost,9.243451194763182,9.243451194763182,True,True
2026-08-16T12:00:00Z,1,Tulkarem,pm25,6h,16.78,21.366367,22.07210526315789,21.40379,oof,fold_1,xgboost,4.5863673400878895,-4.5863673400878895,True,True
2026-08-16T12:00:00Z,2,Nablus,pm25,6h,28.79,19.201052,26.83791666666667,26.831186,oof,fold_1,xgboost,9.588948287963866,9.588948287963866,True,True
2026-08-16T12:00:00Z,4,Nablus,pm25,6h,24.55,17.829926,24.125,25.364439,oof,fold_1,xgboost,6.720074462890626,6.720074462890626,True,True
2026-08-16T12:15:00Z,1,Tulkarem,pm25,6h,17.4,21.673979,22.016736842105264,21.36651,oof,fold_1,xgboost,4.273978805541994,-4.273978805541994,True,True
2026-08-16T12:15:00Z,2,Nablus,pm25,6h,28.42,19.109257,26.8621875,26.777132,oof,fold_1,xgboost,9.310743255615236,9.310743255615236,True,True
2026-08-16T12:15:00Z,4,Nablus,pm25,6h,26.37,17.699554,24.163958333333337,25.212072,oof,fold_1,xgboost,8.670445556640626,8.670445556640626,True,True
2026-08-16T12:30:00Z,1,Tulkarem,pm25,6h,16.37,20.846457,21.94568421052632,21.05835,oof,fold_1,xgboost,4.47645652770996,-4.47645652770996,True,True
2026-08-16T12:30:00Z,2,Nablus,pm25,6h,26.02,19.006151,26.860625,26.825134,oof,fold_1,xgboost,7.013848800659179,7.013848800659179,True,True
2026-08-16T12:30:00Z,4,Nablus,pm25,6h,25.82,18.912651,24.19239583333333,25.94363,oof,fold_1,xgboost,6.9073489379882815,6.9073489379882815,True,True
2026-08-16T12:45:00Z,1,Tulkarem,pm25,6h,15.73,20.891483,21.87021052631579,21.046738,oof,fold_1,xgboost,5.161483306884765,-5.161483306884765,True,True
2026-08-16T12:45:00Z,2,Nablus,pm25,6h,24.75,19.188757,26.841875,26.737963,oof,fold_1,xgboost,5.561243057250977,5.561243057250977,True,True
2026-08-16T12:45:00Z,4,Nablus,pm25,6h,25.28,17.606041,24.194166666666664,25.740108,oof,fold_1,xgboost,7.673959045410157,7.673959045410157,True,True
2026-08-16T13:00:00Z,1,Tulkarem,pm25,6h,15.46,18.006748,21.791473684210526,20.96165,oof,fold_1,xgboost,2.5467481994628898,-2.5467481994628898,True,True
2026-08-16T13:00:00Z,2,Nablus,pm25,6h,25.19,18.397375,26.81239583333333,26.70093,oof,fold_1,xgboost,6.792624893188478,6.792624893188478,True,True
2026-08-16T13:00:00Z,4,Nablus,pm25,6h,25.03,15.37883,24.188541666666666,25.535894,oof,fold_1,xgboost,9.651170043945314,9.651170043945314,True,True
2026-08-16T13:15:00Z,1,Tulkarem,pm25,6h,15.5,18.172207,21.71578947368421,20.596855,oof,fold_1,xgboost,2.6722068786621094,-2.6722068786621094,True,True
2026-08-16T13:15:00Z,2,Nablus,pm25,6h,24.9,18.384825,26.756041666666665,26.584099,oof,fold_1,xgboost,6.515175247192381,6.515175247192381,True,True
2026-08-16T13:15:00Z,4,Nablus,pm25,6h,24.03,14.877232,24.1578125,25.121225,oof,fold_1,xgboost,9.15276840209961,9.15276840209961,True,True
2026-08-16T13:30:00Z,1,Tulkarem,pm25,6h,14.91,17.753704,21.64115789473684,20.549913,oof,fold_1,xgboost,2.8437040710449217,-2.8437040710449217,True,True
2026-08-16T13:30:00Z,2,Nablus,pm25,6h,25.1,18.616207,26.716979166666665,26.54579,oof,fold_1,xgboost,6.483792877197267,6.483792877197267,True,True
2026-08-16T13:30:00Z,4,Nablus,pm25,6h,23.63,14.993969,24.125625,25.177523,oof,fold_1,xgboost,8.636031036376952,8.636031036376952,True,True
2026-08-16T13:45:00Z,1,Tulkarem,pm25,6h,14.5,18.116974,21.565368421052632,20.547157,oof,fold_1,xgboost,3.616973876953125,-3.616973876953125,True,True
2026-08-16T13:45:00Z,2,Nablus,pm25,6h,25.62,18.16573,26.65697916666667,26.410997,oof,fold_1,xgboost,7.454270477294923,7.454270477294923,True,True
2026-08-16T13:45:00Z,4,Nablus,pm25,6h,23.49,15.155623,24.08302083333333,25.144667,oof,fold_1,xgboost,8.334376564025877,8.334376564025877,True,True
2026-08-16T14:00:00Z,1,Tulkarem,pm25,6h,14.07,17.456047,21.47926315789473,20.221037,oof,fold_1,xgboost,3.3860470581054685,-3.3860470581054685,True,True
2026-08-16T14:00:00Z,2,Nablus,pm25,6h,26.27,17.50483,26.590625000000003,26.412266,oof,fold_1,xgboost,8.765170593261718,8.765170593261718,True,True
2026-08-16T14:00:00Z,4,Nablus,pm25,6h,22.58,13.243816,24.018854166666667,25.024603,oof,fold_1,xgboost,9.336183624267576,9.336183624267576,True,True
2026-08-16T14:15:00Z,1,Tulkarem,pm25,6h,13.98,17.97149,21.377052631578948,20.163568,oof,fold_1,xgboost,3.991490859985351,-3.991490859985351,True,True
2026-08-16T14:15:00Z,2,Nablus,pm25,6h,24.87,17.658352,26.489062500000003,26.398415,oof,fold_1,xgboost,7.211648101806642,7.211648101806642,True,True
2026-08-16T14:15:00Z,4,Nablus,pm25,6h,23.72,12.588397,23.96229166666667,25.009167,oof,fold_1,xgboost,11.131602973937987,11.131602973937987,True,True
2026-08-16T14:30:00Z,1,Tulkarem,pm25,6h,14.27,17.71783,21.27705263157895,20.194904,oof,fold_1,xgboost,3.447830657958985,-3.447830657958985,True,True
2026-08-16T14:30:00Z,2,Nablus,pm25,6h,25.13,17.227196,26.394583333333333,26.3446,oof,fold_1,xgboost,7.902804260253905,7.902804260253905,True,True
2026-08-16T14:30:00Z,4,Nablus,pm25,6h,25.46,12.729077,23.926875,24.893541,oof,fold_1,xgboost,12.730922660827638,12.730922660827638,True,True
2026-08-16T14:45:00Z,1,Tulkarem,pm25,6h,14.39,18.530087,21.187052631578947,20.212132,oof,fold_1,xgboost,4.140086517333984,-4.140086517333984,True,True
2026-08-16T14:45:00Z,2,Nablus,pm25,6h,25.26,18.112244,26.296979166666663,26.162197,oof,fold_1,xgboost,7.147756347656252,7.147756347656252,True,True
2026-08-16T14:45:00Z,4,Nablus,pm25,6h,25.62,12.451861,23.900625,24.852602,oof,fold_1,xgboost,13.16813861846924,13.16813861846924,True,True
2026-08-16T15:00:00Z,1,Tulkarem,pm25,6h,13.69,17.984106,21.09715789473684,20.318262,oof,fold_1,xgboost,4.294106063842774,-4.294106063842774,True,True
2026-08-16T15:00:00Z,2,Nablus,pm25,6h,26.22,16.96023,26.245208333333338,26.177948,oof,fold_1,xgboost,9.259770126342772,9.259770126342772,True,True
2026-08-16T15:00:00Z,4,Nablus,pm25,6h,25.69,11.589147,23.8925,24.783014,oof,fold_1,xgboost,14.100853385925294,14.100853385925294,True,True
2026-08-16T15:15:00Z,1,Tulkarem,pm25,6h,12.87,17.785608,21.011458333333334,20.295427,oof,fold_1,xgboost,4.915608291625977,-4.915608291625977,True,True
2026-08-16T15:15:00Z,2,Nablus,pm25,6h,25.65,16.61301,26.192916666666665,26.191813,oof,fold_1,xgboost,9.036989593505858,9.036989593505858,True,True
2026-08-16T15:15:00Z,4,Nablus,pm25,6h,25.93,11.8473625,23.88416666666667,24.256075,oof,fold_1,xgboost,14.082637481689453,14.082637481689453,True,True
2026-08-16T15:30:00Z,1,Tulkarem,pm25,6h,11.88,16.924763,20.8865625,20.177214,oof,fold_1,xgboost,5.044762725830077,-5.044762725830077,True,True
2026-08-16T15:30:00Z,2,Nablus,pm25,6h,23.61,16.32227,26.1159375,25.993233,oof,fold_1,xgboost,7.287730560302734,7.287730560302734,True,True
2026-08-16T15:30:00Z,4,Nablus,pm25,6h,22.82,12.112925,23.846041666666668,23.620993,oof,fold_1,xgboost,10.707075424194336,10.707075424194336,True,True
2026-08-16T15:45:00Z,1,Tulkarem,pm25,6h,12.08,16.785515,20.753125,20.165749,oof,fold_1,xgboost,4.705514831542969,-4.705514831542969,True,True
2026-08-16T15:45:00Z,2,Nablus,pm25,6h,21.2,16.57089,26.0225,26.160618,oof,fold_1,xgboost,4.629109573364257,4.629109573364257,True,True
2026-08-16T15:45:00Z,4,Nablus,pm25,6h,18.91,12.288438,23.768125,21.895773,oof,fold_1,xgboost,6.621562156677246,6.621562156677246,True,True
2026-08-16T16:00:00Z,1,Tulkarem,pm25,6h,11.25,17.50445,20.610104166666662,20.215658,oof,fold_1,xgboost,6.254449844360352,-6.254449844360352,True,True
2026-08-16T16:00:00Z,2,Nablus,pm25,6h,21.88,16.199017,25.938125,26.237577,oof,fold_1,xgboost,5.680983428955077,5.680983428955077,True,True
2026-08-16T16:00:00Z,4,Nablus,pm25,6h,20.49,11.341737,23.709375000000005,22.855625,oof,fold_1,xgboost,9.148263206481932,9.148263206481932,True,True
2026-08-16T16:15:00Z,1,Tulkarem,pm25,6h,11.17,18.889744,20.492604166666663,20.482962,oof,fold_1,xgboost,7.719743804931641,-7.719743804931641,True,True
2026-08-16T16:15:00Z,2,Nablus,pm25,6h,22.79,16.435156,25.8559375,26.221691,oof,fold_1,xgboost,6.354844131469726,6.354844131469726,True,True
2026-08-16T16:15:00Z,4,Nablus,pm25,6h,20.61,11.268309,23.64052083333333,23.702564,oof,fold_1,xgboost,9.341691360473632,9.341691360473632,True,True
2026-08-16T16:30:00Z,1,Tulkarem,pm25,6h,14.45,18.430761,20.4075,20.446194,oof,fold_1,xgboost,3.980761337280274,-3.980761337280274,True,True
2026-08-16T16:30:00Z,2,Nablus,pm25,6h,18.28,17.1856,25.7071875,26.327404,oof,fold_1,xgboost,1.0943997192382824,1.0943997192382824,True,True
2026-08-16T16:30:00Z,4,Nablus,pm25,6h,21.47,10.880662,23.578125,23.861816,oof,fold_1,xgboost,10.589338035583495,10.589338035583495,True,True
2026-08-16T16:45:00Z,1,Tulkarem,pm25,6h,14.63,18.33019,20.318125,20.214561,oof,fold_1,xgboost,3.700190658569335,-3.700190658569335,True,True
2026-08-16T16:45:00Z,2,Nablus,pm25,6h,18.28,17.08619,25.54927083333333,26.322824,oof,fold_1,xgboost,1.1938107299804699,1.1938107299804699,True,True
2026-08-16T16:45:00Z,4,Nablus,pm25,6h,22.27,11.002946,23.531145833333337,24.182852,oof,fold_1,xgboost,11.26705410003662,11.26705410003662,True,True
2026-08-16T17:00:00Z,1,Tulkarem,pm25,6h,13.72,18.233774,20.20625,19.99945,oof,fold_1,xgboost,4.513774185180663,-4.513774185180663,True,True
2026-08-16T17:00:00Z,2,Nablus,pm25,6h,17.55,18.513708,25.375520833333336,26.374382,oof,fold_1,xgboost,0.9637081146240227,-0.9637081146240227,True,True
2026-08-16T17:00:00Z,4,Nablus,pm25,6h,17.76,12.327414,23.435104166666665,24.319418,oof,fold_1,xgboost,5.432586441040041,5.432586441040041,True,True
2026-08-16T17:15:00Z,1,Tulkarem,pm25,6h,13.19,17.864124,20.091666666666665,19.94384,oof,fold_1,xgboost,4.674124298095704,-4.674124298095704,True,True
2026-08-16T17:15:00Z,2,Nablus,pm25,6h,18.23,18.737494,25.21364583333333,26.393555,oof,fold_1,xgboost,0.507493515014648,-0.507493515014648,True,True
2026-08-16T17:15:00Z,4,Nablus,pm25,6h,14.28,11.823803,23.2896875,24.334665,oof,fold_1,xgboost,2.4561970520019525,2.4561970520019525,True,True
2026-08-16T17:30:00Z,1,Tulkarem,pm25,6h,12.16,17.20412,19.96583333333333,19.605286,oof,fold_1,xgboost,5.044120635986328,-5.044120635986328,True,True
2026-08-16T17:30:00Z,2,Nablus,pm25,6h,19.38,18.218754,25.054479166666667,26.322107,oof,fold_1,xgboost,1.1612461853027334,1.1612461853027334,True,True
2026-08-16T17:30:00Z,4,Nablus,pm25,6h,14.32,12.901298,23.120625000000004,24.891317,oof,fold_1,xgboost,1.418702430725098,1.418702430725098,True,True
2026-08-16T17:45:00Z,1,Tulkarem,pm25,6h,12.13,16.95109,19.84239583333333,19.568869,oof,fold_1,xgboost,4.821089859008788,-4.821089859008788,True,True
2026-08-16T17:45:00Z,2,Nablus,pm25,6h,18.13,17.982754,24.870104166666664,26.339113,oof,fold_1,xgboost,0.14724624633788963,0.14724624633788963,True,True
2026-08-16T17:45:00Z,4,Nablus,pm25,6h,14.29,15.50473,22.917291666666667,24.90198,oof,fold_1,xgboost,1.2147302246093759,-1.2147302246093759,True,True
2026-08-16T18:00:00Z,1,Tulkarem,pm25,6h,11.99,17.433489,19.716354166666665,19.517303,oof,fold_1,xgboost,5.443488845825195,-5.443488845825195,True,True
2026-08-16T18:00:00Z,2,Nablus,pm25,6h,18.16,18.883833,24.687916666666663,26.233923,oof,fold_1,xgboost,0.7238329315185545,-0.7238329315185545,True,True
2026-08-16T18:00:00Z,4,Nablus,pm25,6h,13.58,17.822739,22.7025,24.865065,oof,fold_1,xgboost,4.242738647460937,-4.242738647460937,True,True
2026-08-16T18:15:00Z,1,Tulkarem,pm25,6h,11.59,17.453146,19.5959375,19.525837,oof,fold_1,xgboost,5.863145980834961,-5.863145980834961,True,True
2026-08-16T18:15:00Z,2,Nablus,pm25,6h,18.05,20.604445,24.5046875,26.32024,oof,fold_1,xgboost,2.554444503784179,-2.554444503784179,True,True
2026-08-16T18:15:00Z,4,Nablus,pm25,6h,13.52,17.523209,22.506875,25.12632,oof,fold_1,xgboost,4.003208618164063,-4.003208618164063,True,True
2026-08-16T18:30:00Z,1,Tulkarem,pm25,6h,12.91,17.806528,19.49739583333333,19.477913,oof,fold_1,xgboost,4.896528091430664,-4.896528091430664,True,True
2026-08-16T18:30:00Z,2,Nablus,pm25,6h,18.05,20.72269,24.31114583333333,26.442781,oof,fold_1,xgboost,2.67269058227539,-2.67269058227539,True,True
2026-08-16T18:30:00Z,4,Nablus,pm25,6h,14.04,17.172922,22.300625,25.213625,oof,fold_1,xgboost,3.132922134399415,-3.132922134399415,True,True
2026-08-16T18:45:00Z,1,Tulkarem,pm25,6h,14.14,17.226473,19.41614583333333,19.669674,oof,fold_1,xgboost,3.0864728546142572,-3.0864728546142572,True,True
2026-08-16T18:45:00Z,2,Nablus,pm25,6h,18.6,20.077177,24.11489583333333,26.508833,oof,fold_1,xgboost,1.4771770477294908,-1.4771770477294908,True,True
2026-08-16T18:45:00Z,4,Nablus,pm25,6h,13.98,18.181484,22.07239583333333,25.685524,oof,fold_1,xgboost,4.201484222412109,-4.201484222412109,True,True
2026-08-16T19:00:00Z,1,Tulkarem,pm25,6h,14.02,15.702786,19.319479166666667,19.546217,oof,fold_1,xgboost,1.6827864456176762,-1.6827864456176762,True,True
2026-08-16T19:00:00Z,2,Nablus,pm25,6h,18.54,20.201298,23.91895833333333,26.272709,oof,fold_1,xgboost,1.6612977600097665,-1.6612977600097665,True,True
2026-08-16T19:00:00Z,4,Nablus,pm25,6h,13.35,18.083351,21.805729166666666,24.21266,oof,fold_1,xgboost,4.733351135253907,-4.733351135253907,True,True
2026-08-16T19:15:00Z,1,Tulkarem,pm25,6h,13.63,17.55252,19.211770833333333,19.40671,oof,fold_1,xgboost,3.922520751953124,-3.922520751953124,True,True
2026-08-16T19:15:00Z,2,Nablus,pm25,6h,20.37,20.01483,23.741458333333338,26.237904,oof,fold_1,xgboost,0.3551703643798838,0.3551703643798838,True,True
2026-08-16T19:15:00Z,4,Nablus,pm25,6h,13.39,17.321745,21.5309375,23.916225,oof,fold_1,xgboost,3.9317449188232416,-3.9317449188232416,True,True
2026-08-16T19:30:00Z,1,Tulkarem,pm25,6h,14.39,15.079865,19.113645833333333,19.126362,oof,fold_1,xgboost,0.6898654556274408,-0.6898654556274408,True,True
2026-08-16T19:30:00Z,2,Nablus,pm25,6h,18.36,20.490587,23.506041666666665,26.11416,oof,fold_1,xgboost,2.130587234497071,-2.130587234497071,True,True
2026-08-16T19:30:00Z,4,Nablus,pm25,6h,13.64,16.449078,21.257291666666664,23.266932,oof,fold_1,xgboost,2.8090776062011713,-2.8090776062011713,True,True
2026-08-16T19:45:00Z,1,Tulkarem,pm25,6h,14.74,15.181142,19.013125,18.94382,oof,fold_1,xgboost,0.4411418533325193,-0.4411418533325193,True,True
2026-08-16T19:45:00Z,2,Nablus,pm25,6h,17.56,21.920748,23.2271875,26.10657,oof,fold_1,xgboost,4.360747756958009,-4.360747756958009,True,True
2026-08-16T19:45:00Z,4,Nablus,pm25,6h,13.85,17.574339,20.978125,23.340372,oof,fold_1,xgboost,3.7243389129638675,-3.7243389129638675,True,True
2026-08-16T20:00:00Z,1,Tulkarem,pm25,6h,14.94,14.901116,18.91270833333333,18.760101,oof,fold_1,xgboost,0.038883628845214346,0.038883628845214346,True,True
2026-08-16T20:00:00Z,2,Nablus,pm25,6h,17.43,20.429403,22.971354166666668,25.974003,oof,fold_1,xgboost,2.999403305053711,-2.999403305053711,True,True
2026-08-16T20:00:00Z,4,Nablus,pm25,6h,13.73,16.984625,20.70114583333333,23.217642,oof,fold_1,xgboost,3.254624862670898,-3.254624862670898,True,True
2026-08-16T20:15:00Z,1,Tulkarem,pm25,6h,15.24,15.198081,18.80208333333333,18.44202,oof,fold_1,xgboost,0.04191898345947287,0.04191898345947287,True,True
2026-08-16T20:15:00Z,2,Nablus,pm25,6h,16.61,19.854801,22.738645833333333,26.016289,oof,fold_1,xgboost,3.244801177978516,-3.244801177978516,True,True
2026-08-16T20:15:00Z,4,Nablus,pm25,6h,13.92,18.06783,20.45958333333333,22.946308,oof,fold_1,xgboost,4.147829132080078,-4.147829132080078,True,True
2026-08-16T20:30:00Z,1,Tulkarem,pm25,6h,14.76,17.020788,18.682291666666668,18.547411,oof,fold_1,xgboost,2.2607881927490237,-2.2607881927490237,True,True
2026-08-16T20:30:00Z,2,Nablus,pm25,6h,16.17,18.07652,22.503125,25.228378,oof,fold_1,xgboost,1.906520919799803,-1.906520919799803,True,True
2026-08-16T20:30:00Z,4,Nablus,pm25,6h,13.37,19.274065,20.21302083333333,23.12041,oof,fold_1,xgboost,5.904065017700196,-5.904065017700196,True,True
2026-08-16T20:45:00Z,1,Tulkarem,pm25,6h,15.0,18.68948,18.5596875,18.31373,oof,fold_1,xgboost,3.6894798278808594,-3.6894798278808594,True,True
2026-08-16T20:45:00Z,2,Nablus,pm25,6h,16.04,18.081924,22.28125,25.892822,oof,fold_1,xgboost,2.0419244384765634,-2.0419244384765634,True,True
2026-08-16T20:45:00Z,4,Nablus,pm25,6h,13.1,19.458231,19.9959375,23.13656,oof,fold_1,xgboost,6.358230972290039,-6.358230972290039,True,True
2026-08-16T21:00:00Z,1,Tulkarem,pm25,6h,15.38,18.777794,18.439375,18.025595,oof,fold_1,xgboost,3.397793884277343,-3.397793884277343,True,True
2026-08-16T21:00:00Z,2,Nablus,pm25,6h,16.26,18.434664,22.063437500000003,26.048725,oof,fold_1,xgboost,2.1746637725830062,-2.1746637725830062,True,True
2026-08-16T21:00:00Z,4,Nablus,pm25,6h,13.11,19.53435,19.792708333333334,23.15609,oof,fold_1,xgboost,6.424349441528321,-6.424349441528321,True,True
2026-08-16T21:15:00Z,1,Tulkarem,pm25,6h,14.93,19.034725,18.311875,19.18082,oof,fold_1,xgboost,4.104725189208985,-4.104725189208985,True,True
2026-08-16T21:15:00Z,2,Nablus,pm25,6h,15.94,18.488384,21.88145833333333,26.112913,oof,fold_1,xgboost,2.5483842468261724,-2.5483842468261724,True,True
2026-08-16T21:15:00Z,4,Nablus,pm25,6h,13.27,17.961473,19.59114583333333,23.201696,oof,fold_1,xgboost,4.691473464965821,-4.691473464965821,True,True
2026-08-16T21:30:00Z,1,Tulkarem,pm25,6h,15.13,15.684467,18.17864583333333,19.092379,oof,fold_1,xgboost,0.5544673156738273,-0.5544673156738273,True,True
2026-08-16T21:30:00Z,2,Nablus,pm25,6h,15.54,17.98727,21.72177083333333,26.0604,oof,fold_1,xgboost,2.4472703552246102,-2.4472703552246102,True,True
2026-08-16T21:30:00Z,4,Nablus,pm25,6h,14.19,15.759707,19.4265625,22.953247,oof,fold_1,xgboost,1.5697074508666997,-1.5697074508666997,True,True
2026-08-16T21:45:00Z,1,Tulkarem,pm25,6h,15.21,15.520334,18.05302083333333,18.811764,oof,fold_1,xgboost,0.3103342437744132,-0.3103342437744132,True,True
2026-08-16T21:45:00Z,2,Nablus,pm25,6h,23.76,17.2257,21.65822916666666,26.303745,oof,fold_1,xgboost,6.534299621582033,6.534299621582033,True,True
2026-08-16T21:45:00Z,4,Nablus,pm25,6h,16.21,15.254893,19.266145833333333,23.309662,oof,fold_1,xgboost,0.9551066970825204,0.9551066970825204,True,True
2026-08-16T22:00:00Z,1,Tulkarem,pm25,6h,15.31,15.515893,17.933645833333333,18.44516,oof,fold_1,xgboost,0.20589298248290966,-0.20589298248290966,True,True
2026-08-16T22:00:00Z,2,Nablus,pm25,6h,15.75,17.07548,21.521666666666665,26.063227,oof,fold_1,xgboost,1.325479507446289,-1.325479507446289,True,True
2026-08-16T22:00:00Z,4,Nablus,pm25,6h,14.28,15.88392,19.076875,24.16943,oof,fold_1,xgboost,1.6039197158813483,-1.6039197158813483,True,True
2026-08-16T22:15:00Z,1,Tulkarem,pm25,6h,15.29,15.366475,17.8046875,18.384583,oof,fold_1,xgboost,0.07647510528564538,-0.07647510528564538,True,True
2026-08-16T22:15:00Z,2,Nablus,pm25,6h,14.09,16.8581,21.36375,26.034811,oof,fold_1,xgboost,2.7681008911132814,-2.7681008911132814,True,True
2026-08-16T22:15:00Z,4,Nablus,pm25,6h,13.05,16.15114,18.84416666666667,24.263683,oof,fold_1,xgboost,3.1011402130126946,-3.1011402130126946,True,True
2026-08-16T22:30:00Z,1,Tulkarem,pm25,6h,14.41,18.952106,17.6728125,18.2967,oof,fold_1,xgboost,4.542106475830078,-4.542106475830078,True,True
2026-08-16T22:30:00Z,2,Nablus,pm25,6h,14.52,16.287699,21.21770833333333,25.819876,oof,fold_1,xgboost,1.7676987457275395,-1.7676987457275395,True,True
2026-08-16T22:30:00Z,4,Nablus,pm25,6h,12.49,16.352766,18.634375,24.566837,oof,fold_1,xgboost,3.8627660369873045,-3.8627660369873045,True,True
2026-08-16T22:45:00Z,1,Tulkarem,pm25,6h,14.86,19.07682,17.551979166666666,18.319834,oof,fold_1,xgboost,4.216820373535157,-4.216820373535157,True,True
2026-08-16T22:45:00Z,2,Nablus,pm25,6h,13.81,16.693441,21.06989583333333,25.744051,oof,fold_1,xgboost,2.8834413909912104,-2.8834413909912104,True,True
2026-08-16T22:45:00Z,4,Nablus,pm25,6h,11.78,16.620405,18.523541666666667,24.009308,oof,fold_1,xgboost,4.840405197143555,-4.840405197143555,True,True
2026-08-16T23:00:00Z,1,Tulkarem,pm25,6h,13.96,18.533466,17.450520833333332,18.224463,oof,fold_1,xgboost,4.573466339111327,-4.573466339111327,True,True
2026-08-16T23:00:00Z,2,Nablus,pm25,6h,13.62,17.011244,20.92864583333333,25.64452,oof,fold_1,xgboost,3.3912438201904305,-3.3912438201904305,True,True
2026-08-16T23:00:00Z,4,Nablus,pm25,6h,11.79,15.016865,18.411041666666662,23.777296,oof,fold_1,xgboost,3.226864776611329,-3.226864776611329,True,True
2026-08-16T23:15:00Z,1,Tulkarem,pm25,6h,17.67,18.693739,17.405104166666664,18.010094,oof,fold_1,xgboost,1.023738937377928,-1.023738937377928,True,True
2026-08-16T23:15:00Z,2,Nablus,pm25,6h,12.61,16.651691,20.768229166666668,25.496702,oof,fold_1,xgboost,4.041691436767579,-4.041691436767579,True,True
2026-08-16T23:15:00Z,4,Nablus,pm25,6h,11.59,13.647803,18.2709375,23.18496,oof,fold_1,xgboost,2.05780330657959,-2.05780330657959,True,True
2026-08-16T23:30:00Z,1,Tulkarem,pm25,6h,19.02,18.37758,17.30875,17.837719,oof,fold_1,xgboost,0.6424193572998043,0.6424193572998043,True,True
2026-08-16T23:30:00Z,2,Nablus,pm25,6h,13.08,16.60054,20.623541666666668,25.504152,oof,fold_1,xgboost,3.5205401611328124,-3.5205401611328124,True,True
2026-08-16T23:30:00Z,4,Nablus,pm25,6h,13.21,13.623474,18.12052083333333,22.434738,oof,fold_1,xgboost,0.41347412109374915,-0.41347412109374915,True,True
2026-08-16T23:45:00Z,1,Tulkarem,pm25,6h,12.84,18.372282,17.136145833333334,17.84343,oof,fold_1,xgboost,5.532282028198242,-5.532282028198242,True,True
2026-08-16T23:45:00Z,2,Nablus,pm25,6h,12.49,16.435575,20.503958333333333,25.419308,oof,fold_1,xgboost,3.945575485229492,-3.945575485229492,True,True
2026-08-16T23:45:00Z,4,Nablus,pm25,6h,12.5,13.266392,17.997604166666665,21.152626,oof,fold_1,xgboost,0.7663917541503906,-0.7663917541503906,True,True
2026-08-17T00:00:00Z,1,Tulkarem,pm25,6h,12.36,16.872149,16.98,17.472115,oof,fold_1,xgboost,4.512148513793946,-4.512148513793946,True,True
2026-08-17T00:00:00Z,2,Nablus,pm25,6h,12.84,16.447672,20.39177083333333,25.202354,oof,fold_1,xgboost,3.607671890258789,-3.607671890258789,True,True
2026-08-17T00:00:00Z,4,Nablus,pm25,6h,11.63,14.698432,17.870833333333334,20.969854,oof,fold_1,xgboost,3.068431968688964,-3.068431968688964,True,True
2026-08-17T00:15:00Z,1,Tulkarem,pm25,6h,14.03,16.840128,16.861666666666668,17.41654,oof,fold_1,xgboost,2.8101279449462897,-2.8101279449462897,True,True
2026-08-17T00:15:00Z,2,Nablus,pm25,6h,13.51,16.287882,20.301354166666663,25.144897,oof,fold_1,xgboost,2.7778818511962893,-2.7778818511962893,True,True
2026-08-17T00:15:00Z,4,Nablus,pm25,6h,13.49,14.907861,17.776354166666668,20.911203,oof,fold_1,xgboost,1.41786075592041,-1.41786075592041,True,True
2026-08-17T00:30:00Z,1,Tulkarem,pm25,6h,14.08,16.7196,16.732187500000002,16.991665,oof,fold_1,xgboost,2.6396006774902343,-2.6396006774902343,True,True
2026-08-17T00:30:00Z,2,Nablus,pm25,6h,13.65,16.573961,20.1990625,24.960396,oof,fold_1,xgboost,2.92396125793457,-2.92396125793457,True,True
2026-08-17T00:30:00Z,4,Nablus,pm25,6h,11.48,14.829386,17.670416666666664,20.925957,oof,fold_1,xgboost,3.3493857574462886,-3.3493857574462886,True,True
2026-08-17T00:45:00Z,1,Tulkarem,pm25,6h,11.74,16.539831,16.58875,16.78908,oof,fold_1,xgboost,4.799831161499023,-4.799831161499023,True,True
2026-08-17T00:45:00Z,2,Nablus,pm25,6h,13.55,16.275396,20.120625,24.920126,oof,fold_1,xgboost,2.7253963470458977,-2.7253963470458977,True,True
2026-08-17T00:45:00Z,4,Nablus,pm25,6h,11.64,14.970994,17.57,20.887516,oof,fold_1,xgboost,3.3309939956665033,-3.3309939956665033,True,True
2026-08-17T01:00:00Z,1,Tulkarem,pm25,6h,9.6,16.644072,16.446875000000002,16.759304,oof,fold_1,xgboost,7.0440715789794925,-7.0440715789794925,True,True
2026-08-17T01:00:00Z,2,Nablus,pm25,6h,12.52,15.962453,20.010625,24.661594,oof,fold_1,xgboost,3.44245288848877,-3.44245288848877,True,True
2026-08-17T01:00:00Z,4,Nablus,pm25,6h,11.24,16.127165,17.464895833333333,20.806187,oof,fold_1,xgboost,4.887164840698242,-4.887164840698242,True,True
2026-08-17T01:15:00Z,1,Tulkarem,pm25,6h,10.89,14.854029,16.331145833333334,16.624483,oof,fold_1,xgboost,3.964028701782226,-3.964028701782226,True,True
2026-08-17T01:15:00Z,2,Nablus,pm25,6h,13.22,17.085537,19.910625,24.583271,oof,fold_1,xgboost,3.8655369567871087,-3.8655369567871087,True,True
2026-08-17T01:15:00Z,4,Nablus,pm25,6h,11.47,16.61211,17.374270833333334,20.747152,oof,fold_1,xgboost,5.1421101379394525,-5.1421101379394525,True,True
2026-08-17T01:30:00Z,1,Tulkarem,pm25,6h,8.78,14.799304,16.1990625,16.669462,oof,fold_1,xgboost,6.019304008483887,-6.019304008483887,True,True
2026-08-17T01:30:00Z,2,Nablus,pm25,6h,13.99,15.904219,19.81802083333333,23.421465,oof,fold_1,xgboost,1.9142186737060545,-1.9142186737060545,True,True
2026-08-17T01:30:00Z,4,Nablus,pm25,6h,12.21,16.455189,17.285729166666666,20.633062,oof,fold_1,xgboost,4.245188751220702,-4.245188751220702,True,True
2026-08-17T01:45:00Z,1,Tulkarem,pm25,6h,9.45,15.44172,16.04552083333333,16.323927,oof,fold_1,xgboost,5.991720008850098,-5.991720008850098,True,True
2026-08-17T01:45:00Z,2,Nablus,pm25,6h,14.06,16.598228,19.73927083333333,23.425184,oof,fold_1,xgboost,2.5382284545898433,-2.5382284545898433,True,True
2026-08-17T01:45:00Z,4,Nablus,pm25,6h,12.49,16.200006,17.206770833333334,20.393156,oof,fold_1,xgboost,3.7100064849853513,-3.7100064849853513,True,True
2026-08-17T02:00:00Z,1,Tulkarem,pm25,6h,9.14,15.327889,15.904583333333331,16.162518,oof,fold_1,xgboost,6.187889442443847,-6.187889442443847,True,True
2026-08-17T02:00:00Z,2,Nablus,pm25,6h,15.04,16.831272,19.678125,22.738897,oof,fold_1,xgboost,1.7912721252441415,-1.7912721252441415,True,True
2026-08-17T02:00:00Z,4,Nablus,pm25,6h,12.92,17.024948,17.152395833333333,19.565823,oof,fold_1,xgboost,4.104948120117188,-4.104948120117188,True,True
2026-08-17T02:15:00Z,1,Tulkarem,pm25,6h,9.57,14.631413,15.766770833333332,16.284004,oof,fold_1,xgboost,5.061413459777832,-5.061413459777832,True,True
2026-08-17T02:15:00Z,2,Nablus,pm25,6h,14.52,16.25977,19.620625,21.591892,oof,fold_1,xgboost,1.739769439697266,-1.739769439697266,True,True
2026-08-17T02:15:00Z,4,Nablus,pm25,6h,12.9,18.379711,17.096145833333335,19.435194,oof,fold_1,xgboost,5.4797111511230465,-5.4797111511230465,True,True
2026-08-17T02:30:00Z,1,Tulkarem,pm25,6h,8.92,14.196121,15.620833333333332,15.25935,oof,fold_1,xgboost,5.276121215820313,-5.276121215820313,True,True
2026-08-17T02:30:00Z,2,Nablus,pm25,6h,14.63,15.700501,19.5578125,21.515728,oof,fold_1,xgboost,1.0705014419555656,-1.0705014419555656,True,True
2026-08-17T02:30:00Z,4,Nablus,pm25,6h,12.97,17.492987,17.045729166666668,19.296371,oof,fold_1,xgboost,4.522986679077148,-4.522986679077148,True,True
2026-08-17T02:45:00Z,1,Tulkarem,pm25,6h,12.99,14.214745,15.519687500000002,15.297168,oof,fold_1,xgboost,1.2247445678710935,-1.2247445678710935,True,True
2026-08-17T02:45:00Z,2,Nablus,pm25,6h,13.09,15.562558,19.485,21.497528,oof,fold_1,xgboost,2.472558174133301,-2.472558174133301,True,True
2026-08-17T02:45:00Z,4,Nablus,pm25,6h,15.17,17.315165,17.011145833333334,18.186771,oof,fold_1,xgboost,2.145164566040039,-2.145164566040039,True,True
2026-08-17T03:00:00Z,1,Tulkarem,pm25,6h,9.39,13.965936,15.381145833333331,15.04361,oof,fold_1,xgboost,4.575935707092285,-4.575935707092285,True,True
2026-08-17T03:00:00Z,2,Nablus,pm25,6h,12.62,14.909442,19.40822916666667,21.592354,oof,fold_1,xgboost,2.2894419479370125,-2.2894419479370125,True,True
2026-08-17T03:00:00Z,4,Nablus,pm25,6h,11.66,13.713271,16.9565625,18.032566,oof,fold_1,xgboost,2.053271141052246,-2.053271141052246,True,True
2026-08-17T03:15:00Z,1,Tulkarem,pm25,6h,10.36,13.266269,15.2246875,15.185746,oof,fold_1,xgboost,2.906268730163575,-2.906268730163575,True,True
2026-08-17T03:15:00Z,2,Nablus,pm25,6h,12.26,14.722028,19.33927083333333,21.603064,oof,fold_1,xgboost,2.4620277786254885,-2.4620277786254885,True,True
2026-08-17T03:15:00Z,4,Nablus,pm25,6h,10.93,13.613867,16.894791666666666,18.001558,oof,fold_1,xgboost,2.6838668060302737,-2.6838668060302737,True,True
2026-08-17T03:30:00Z,1,Tulkarem,pm25,6h,9.78,12.942403,15.0725,14.38612,oof,fold_1,xgboost,3.162402839660645,-3.162402839660645,True,False
2026-08-17T03:30:00Z,2,Nablus,pm25,6h,11.59,14.207906,19.27177083333333,21.604027,oof,fold_1,xgboost,2.6179057693481447,-2.6179057693481447,True,True
2026-08-17T03:30:00Z,4,Nablus,pm25,6h,10.41,13.505591,16.838229166666665,17.257109,oof,fold_1,xgboost,3.0955913925170897,-3.0955913925170897,True,True
2026-08-17T03:45:00Z,1,Tulkarem,pm25,6h,8.15,12.449008,14.914375,14.383206,oof,fold_1,xgboost,4.299007987976074,-4.299007987976074,False,False
2026-08-17T03:45:00Z,2,Nablus,pm25,6h,11.65,13.159871,19.1996875,21.582516,oof,fold_1,xgboost,1.5098711013793942,-1.5098711013793942,True,True
2026-08-17T03:45:00Z,4,Nablus,pm25,6h,10.24,13.991197,16.786354166666666,17.164114,oof,fold_1,xgboost,3.7511966323852537,-3.7511966323852537,True,True
2026-08-17T04:00:00Z,1,Tulkarem,pm25,6h,7.63,12.982911,14.7434375,14.177748,oof,fold_1,xgboost,5.3529111099243165,-5.3529111099243165,False,False
2026-08-17T04:00:00Z,2,Nablus,pm25,6h,11.54,12.537314,19.116041666666668,21.439182,oof,fold_1,xgboost,0.9973144149780282,-0.9973144149780282,True,True
2026-08-17T04:00:00Z,4,Nablus,pm25,6h,10.78,11.884219,16.735000000000003,16.717613,oof,fold_1,xgboost,1.1042191696166999,-1.1042191696166999,True,True
2026-08-17T04:15:00Z,1,Tulkarem,pm25,6h,8.78,13.241171,14.586875,14.182991,oof,fold_1,xgboost,4.461170883178712,-4.461170883178712,False,False
2026-08-17T04:15:00Z,2,Nablus,pm25,6h,11.25,12.122993,19.038958333333333,20.978464,oof,fold_1,xgboost,0.8729934692382812,-0.8729934692382812,True,True
2026-08-17T04:15:00Z,4,Nablus,pm25,6h,10.5,11.572904,16.678645833333334,16.620327,oof,fold_1,xgboost,1.0729036331176758,-1.0729036331176758,True,True
2026-08-17T04:30:00Z,1,Tulkarem,pm25,6h,7.17,13.122678,14.4321875,14.194676,oof,fold_1,xgboost,5.952677803039551,-5.952677803039551,False,False
2026-08-17T04:30:00Z,2,Nablus,pm25,6h,11.99,11.440265,18.946145833333336,20.627108,oof,fold_1,xgboost,0.5497352981567385,0.5497352981567385,True,True
2026-08-17T04:30:00Z,4,Nablus,pm25,6h,10.43,11.098135,16.620208333333334,15.160261,oof,fold_1,xgboost,0.6681349945068362,-0.6681349945068362,True,True
2026-08-17T04:45:00Z,1,Tulkarem,pm25,6h,6.88,12.461503,14.245520833333332,14.220394,oof,fold_1,xgboost,5.581503028869629,-5.581503028869629,False,False
2026-08-17T04:45:00Z,2,Nablus,pm25,6h,11.61,11.194025,18.811875,20.514868,oof,fold_1,xgboost,0.41597496032714787,0.41597496032714787,True,True
2026-08-17T04:45:00Z,4,Nablus,pm25,6h,10.67,11.3250885,16.531770833333333,14.686479,oof,fold_1,xgboost,0.6550885009765626,-0.6550885009765626,True,False
2026-08-17T05:00:00Z,1,Tulkarem,pm25,6h,6.0,12.009214,14.0559375,14.169845,oof,fold_1,xgboost,6.009214401245117,-6.009214401245117,False,False
2026-08-17T05:00:00Z,2,Nablus,pm25,6h,11.95,11.065634,18.66114583333333,20.479143,oof,fold_1,xgboost,0.8843662261962884,0.8843662261962884,True,True
2026-08-17T05:00:00Z,4,Nablus,pm25,6h,10.24,11.091396,16.411458333333332,14.44244,oof,fold_1,xgboost,0.8513963317871092,-0.8513963317871092,True,False
2026-08-17T05:15:00Z,1,Tulkarem,pm25,6h,5.85,11.322941,13.9153125,14.247157,oof,fold_1,xgboost,5.472940826416016,-5.472940826416016,False,False
2026-08-17T05:15:00Z,2,Nablus,pm25,6h,11.11,10.440165,18.500104166666667,19.685352,oof,fold_1,xgboost,0.6698354339599604,0.6698354339599604,True,True
2026-08-17T05:15:00Z,4,Nablus,pm25,6h,9.96,10.382762,16.275833333333335,13.778091,oof,fold_1,xgboost,0.4227619552612296,-0.4227619552612296,True,False
2026-08-17T05:30:00Z,1,Tulkarem,pm25,6h,6.02,10.61705,13.7984375,14.57576,oof,fold_1,xgboost,4.597050170898438,-4.597050170898438,False,False
2026-08-17T05:30:00Z,2,Nablus,pm25,6h,10.52,9.367904,18.35125,19.065514,oof,fold_1,xgboost,1.1520962905883785,1.1520962905883785,True,True
2026-08-17T05:30:00Z,4,Nablus,pm25,6h,9.18,10.239844,16.147604166666664,13.18393,oof,fold_1,xgboost,1.0598443222045901,-1.0598443222045901,True,False
2026-08-17T05:45:00Z,1,Tulkarem,pm25,6h,6.12,9.980001,13.686354166666666,14.245323,oof,fold_1,xgboost,3.860001449584961,-3.860001449584961,False,False
2026-08-17T05:45:00Z,2,Nablus,pm25,6h,10.56,9.15717,18.207916666666662,18.941319,oof,fold_1,xgboost,1.4028297042846685,1.4028297042846685,True,True
2026-08-17T05:45:00Z,4,Nablus,pm25,6h,8.67,9.865984,16.034583333333334,12.8938,oof,fold_1,xgboost,1.1959839630126954,-1.1959839630126954,True,False
2026-08-17T06:00:00Z,1,Tulkarem,pm25,6h,5.59,9.508059,13.57125,14.194153,oof,fold_1,xgboost,3.918058547973633,-3.918058547973633,False,False
2026-08-17T06:00:00Z,2,Nablus,pm25,6h,9.8,9.087843,18.07520833333333,18.966927,oof,fold_1,xgboost,0.712157058715821,0.712157058715821,True,True
2026-08-17T06:00:00Z,4,Nablus,pm25,6h,8.24,10.095366,15.925520833333332,12.834222,oof,fold_1,xgboost,1.855365524291992,-1.855365524291992,True,False
2026-08-17T06:15:00Z,1,Tulkarem,pm25,6h,5.41,9.19636,13.452083333333333,14.192066,oof,fold_1,xgboost,3.786359634399414,-3.786359634399414,False,False
2026-08-17T06:15:00Z,2,Nablus,pm25,6h,9.64,9.103313,17.9540625,18.970053,oof,fold_1,xgboost,0.5366865539550787,0.5366865539550787,True,True
2026-08-17T06:15:00Z,4,Nablus,pm25,6h,7.72,10.098192,15.822083333333332,12.838386,oof,fold_1,xgboost,2.3781922149658206,-2.3781922149658206,True,False
2026-08-17T06:30:00Z,1,Tulkarem,pm25,6h,5.44,9.293175,13.3515625,14.221669,oof,fold_1,xgboost,3.8531747436523434,-3.8531747436523434,False,False
2026-08-17T06:30:00Z,2,Nablus,pm25,6h,9.24,9.615454,17.839583333333334,18.954603,oof,fold_1,xgboost,0.3754537200927732,-0.3754537200927732,True,True
2026-08-17T06:30:00Z,4,Nablus,pm25,6h,7.81,10.207144,15.587395833333332,12.765485,oof,fold_1,xgboost,2.3971437835693363,-2.3971437835693363,True,False
2026-08-17T06:45:00Z,1,Tulkarem,pm25,6h,5.4,8.796989,13.248229166666668,14.300158,oof,fold_1,xgboost,3.3969894409179684,-3.3969894409179684,False,False
2026-08-17T06:45:00Z,2,Nablus,pm25,6h,9.43,9.745341,17.736875,18.772463,oof,fold_1,xgboost,0.31534130096435575,-0.31534130096435575,True,True
2026-08-17T06:45:00Z,4,Nablus,pm25,6h,7.68,10.159875,15.449270833333337,12.776715,oof,fold_1,xgboost,2.4798749160766604,-2.4798749160766604,True,False
2026-08-17T07:00:00Z,1,Tulkarem,pm25,6h,5.47,8.658767,13.1490625,14.251671,oof,fold_1,xgboost,3.1887667465209963,-3.1887667465209963,False,False
2026-08-17T07:00:00Z,2,Nablus,pm25,6h,8.87,9.464057,17.631979166666667,18.778532,oof,fold_1,xgboost,0.5940569686889656,-0.5940569686889656,True,True
2026-08-17T07:00:00Z,4,Nablus,pm25,6h,7.43,9.915626,15.369791666666666,12.548278,oof,fold_1,xgboost,2.48562557220459,-2.48562557220459,True,False
2026-08-17T07:15:00Z,1,Tulkarem,pm25,6h,5.4,8.763727,13.055,14.01833,oof,fold_1,xgboost,3.363727188110351,-3.363727188110351,False,False
2026-08-17T07:15:00Z,2,Nablus,pm25,6h,8.7,9.636841,17.528333333333332,18.742573,oof,fold_1,xgboost,0.9368408203125007,-0.9368408203125007,True,True
2026-08-17T07:15:00Z,4,Nablus,pm25,6h,7.63,10.068814,15.299895833333332,12.483999,oof,fold_1,xgboost,2.438814277648926,-2.438814277648926,True,False
2026-08-17T07:30:00Z,1,Tulkarem,pm25,6h,5.79,9.072822,12.961041666666668,13.965193,oof,fold_1,xgboost,3.282821617126465,-3.282821617126465,False,False
2026-08-17T07:30:00Z,2,Nablus,pm25,6h,9.03,10.19527,17.440208333333334,18.720804,oof,fold_1,xgboost,1.1652695846557624,-1.1652695846557624,True,True
2026-08-17T07:30:00Z,4,Nablus,pm25,6h,7.18,10.408907,15.2365625,12.46465,oof,fold_1,xgboost,3.228906936645508,-3.228906936645508,True,False
2026-08-17T07:45:00Z,1,Tulkarem,pm25,6h,6.82,9.060949,12.8803125,14.008235,oof,fold_1,xgboost,2.240949325561523,-2.240949325561523,False,False
2026-08-17T07:45:00Z,2,Nablus,pm25,6h,9.61,10.563238,17.360833333333336,18.481886,oof,fold_1,xgboost,0.953238143920899,-0.953238143920899,True,True
2026-08-17T07:45:00Z,4,Nablus,pm25,6h,7.26,10.400615,15.178020833333331,12.455141,oof,fold_1,xgboost,3.1406147384643557,-3.1406147384643557,True,False
2026-08-17T08:00:00Z,1,Tulkarem,pm25,6h,8.62,9.270522,12.810416666666669,14.0028105,oof,fold_1,xgboost,0.6505221176147469,-0.6505221176147469,False,False
2026-08-17T08:00:00Z,2,Nablus,pm25,6h,8.49,11.009827,17.276458333333334,18.519165,oof,fold_1,xgboost,2.51982666015625,-2.51982666015625,True,True
2026-08-17T08:00:00Z,4,Nablus,pm25,6h,6.78,10.281523,15.117083333333332,12.431582,oof,fold_1,xgboost,3.501522750854492,-3.501522750854492,True,False
2026-08-17T08:15:00Z,1,Tulkarem,pm25,6h,10.32,9.208192,12.744479166666665,13.948403,oof,fold_1,xgboost,1.1118081283569339,1.1118081283569339,False,False
2026-08-17T08:15:00Z,2,Nablus,pm25,6h,8.34,10.826595,17.190208333333334,18.57709,oof,fold_1,xgboost,2.4865953063964845,-2.4865953063964845,True,True
2026-08-17T08:15:00Z,4,Nablus,pm25,6h,6.79,10.394579,15.061979166666667,12.416237,oof,fold_1,xgboost,3.6045789337158203,-3.6045789337158203,True,False
2026-08-17T08:30:00Z,1,Tulkarem,pm25,6h,10.73,9.331668,12.667916666666663,14.085677,oof,fold_1,xgboost,1.3983320999145512,1.3983320999145512,False,False
2026-08-17T08:30:00Z,2,Nablus,pm25,6h,8.68,11.136263,17.11916666666667,18.025036,oof,fold_1,xgboost,2.456262893676758,-2.456262893676758,True,True
2026-08-17T08:30:00Z,4,Nablus,pm25,6h,6.78,10.590282,15.005416666666669,12.352289,oof,fold_1,xgboost,3.8102824401855466,-3.8102824401855466,True,False
2026-08-17T08:45:00Z,1,Tulkarem,pm25,6h,10.87,9.615103,12.5921875,14.106978,oof,fold_1,xgboost,1.2548972320556633,1.2548972320556633,False,False
2026-08-17T08:45:00Z,2,Nablus,pm25,6h,9.27,11.035035,17.04885416666667,18.051918,oof,fold_1,xgboost,1.7650351333618168,-1.7650351333618168,True,True
2026-08-17T08:45:00Z,4,Nablus,pm25,6h,7.19,10.620116,14.957708333333334,12.3549385,oof,fold_1,xgboost,3.430116233825683,-3.430116233825683,False,False
2026-08-17T09:00:00Z,1,Tulkarem,pm25,6h,10.74,8.702539,12.530833333333334,14.168265,oof,fold_1,xgboost,2.0374605560302737,2.0374605560302737,False,False
2026-08-17T09:00:00Z,2,Nablus,pm25,6h,9.59,11.045683,16.964895833333333,17.60856,oof,fold_1,xgboost,1.4556829071044923,-1.4556829071044923,True,True
2026-08-17T09:00:00Z,4,Nablus,pm25,6h,8.18,10.678746,14.904895833333336,12.114784,oof,fold_1,xgboost,2.4987462234497073,-2.4987462234497073,False,False
2026-08-17T09:15:00Z,1,Tulkarem,pm25,6h,10.48,10.327799,12.467083333333337,14.334542,oof,fold_1,xgboost,0.15220115661621136,0.15220115661621136,False,False
2026-08-17T09:15:00Z,2,Nablus,pm25,6h,9.74,10.875549,16.889687499999997,17.59637,oof,fold_1,xgboost,1.1355493164062498,-1.1355493164062498,True,True
2026-08-17T09:15:00Z,4,Nablus,pm25,6h,8.2,10.706425,14.846875000000002,12.348433,oof,fold_1,xgboost,2.5064247131347663,-2.5064247131347663,False,False
2026-08-17T09:30:00Z,1,Tulkarem,pm25,6h,9.79,10.178581,12.405416666666667,14.360482,oof,fold_1,xgboost,0.3885812377929696,-0.3885812377929696,False,False
2026-08-17T09:30:00Z,2,Nablus,pm25,6h,11.52,10.673148,16.83,17.177189,oof,fold_1,xgboost,0.8468518447875972,0.8468518447875972,True,True
2026-08-17T09:30:00Z,4,Nablus,pm25,6h,8.84,10.923369,14.801458333333334,12.161786,oof,fold_1,xgboost,2.0833694076538087,-2.0833694076538087,False,False
2026-08-17T09:45:00Z,1,Tulkarem,pm25,6h,10.69,9.771367,12.352708333333334,13.878602,oof,fold_1,xgboost,0.9186329269409175,0.9186329269409175,False,False
2026-08-17T09:45:00Z,2,Nablus,pm25,6h,10.99,11.308377,16.729166666666668,16.915724,oof,fold_1,xgboost,0.31837726593017557,-0.31837726593017557,True,True
2026-08-17T09:45:00Z,4,Nablus,pm25,6h,9.54,10.915401,14.750833333333333,12.294892,oof,fold_1,xgboost,1.3754014587402352,-1.3754014587402352,False,False
2026-08-17T10:00:00Z,1,Tulkarem,pm25,6h,11.32,10.277454,12.279791666666668,13.685899,oof,fold_1,xgboost,1.0425456237792972,1.0425456237792972,False,False
2026-08-17T10:00:00Z,2,Nablus,pm25,6h,12.14,12.159514,16.641875,16.741348,oof,fold_1,xgboost,0.019514427185058025,-0.019514427185058025,True,True
2026-08-17T10:00:00Z,4,Nablus,pm25,6h,9.84,11.793683,14.6878125,12.095376,oof,fold_1,xgboost,1.9536830520629884,-1.9536830520629884,False,False
2026-08-17T10:15:00Z,1,Tulkarem,pm25,6h,11.7,11.099101,12.189270833333332,13.981092,oof,fold_1,xgboost,0.6008989334106438,0.6008989334106438,False,False
2026-08-17T10:15:00Z,2,Nablus,pm25,6h,12.58,11.930737,16.546458333333334,16.401394,oof,fold_1,xgboost,0.6492634582519532,0.6492634582519532,True,True
2026-08-17T10:15:00Z,4,Nablus,pm25,6h,10.66,11.230348,14.628125,12.099209,oof,fold_1,xgboost,0.5703476333618163,-0.5703476333618163,False,False
2026-08-17T10:30:00Z,1,Tulkarem,pm25,6h,12.28,12.943011,12.12625,14.096444,oof,fold_1,xgboost,0.6630112838745124,-0.6630112838745124,False,False
2026-08-17T10:30:00Z,2,Nablus,pm25,6h,13.53,12.224591,16.444062499999998,16.225792,oof,fold_1,xgboost,1.305408744812011,1.305408744812011,True,True
2026-08-17T10:30:00Z,4,Nablus,pm25,6h,11.87,11.350293,14.557708333333336,12.12588,oof,fold_1,xgboost,0.5197068405151359,0.5197068405151359,False,False
2026-08-17T10:45:00Z,1,Tulkarem,pm25,6h,12.31,13.229724,12.062708333333331,14.076018,oof,fold_1,xgboost,0.9197239303588862,-0.9197239303588862,False,False
2026-08-17T10:45:00Z,2,Nablus,pm25,6h,13.82,12.077656,16.341041666666666,16.169573,oof,fold_1,xgboost,1.7423442077636722,1.7423442077636722,True,True
2026-08-17T10:45:00Z,4,Nablus,pm25,6h,12.19,11.880468,14.484270833333332,12.132848,oof,fold_1,xgboost,0.30953163146972607,0.30953163146972607,False,False
2026-08-17T11:00:00Z,1,Tulkarem,pm25,6h,12.68,15.555903,12.003229166666666,14.14367,oof,fold_1,xgboost,2.8759034347534183,-2.8759034347534183,False,False
2026-08-17T11:00:00Z,2,Nablus,pm25,6h,14.81,13.008798,16.2390625,14.548524,oof,fold_1,xgboost,1.8012023544311528,1.8012023544311528,True,False
2026-08-17T11:00:00Z,4,Nablus,pm25,6h,13.18,12.5859375,14.395729166666667,12.149447,oof,fold_1,xgboost,0.5940624999999997,0.5940624999999997,False,False
2026-08-17T11:15:00Z,1,Tulkarem,pm25,6h,12.83,15.163852,11.949791666666668,14.123742,oof,fold_1,xgboost,2.333851737976074,-2.333851737976074,False,False
2026-08-17T11:15:00Z,2,Nablus,pm25,6h,15.19,13.338423,16.126250000000002,14.409691,oof,fold_1,xgboost,1.8515772247314448,1.8515772247314448,True,False
2026-08-17T11:15:00Z,4,Nablus,pm25,6h,13.33,12.212703,14.287291666666668,12.075247,oof,fold_1,xgboost,1.117297248840332,1.117297248840332,False,False
2026-08-17T11:30:00Z,1,Tulkarem,pm25,6h,13.08,16.08438,11.902291666666663,13.9891,oof,fold_1,xgboost,3.004379196166992,-3.004379196166992,False,False
2026-08-17T11:30:00Z,2,Nablus,pm25,6h,15.56,12.864548,16.000625,14.1093,oof,fold_1,xgboost,2.695452270507813,2.695452270507813,True,False
2026-08-17T11:30:00Z,4,Nablus,pm25,6h,13.91,12.341414,14.184375,12.002319,oof,fold_1,xgboost,1.568585548400879,1.568585548400879,False,False
2026-08-17T11:45:00Z,1,Tulkarem,pm25,6h,12.95,19.937246,11.857604166666668,14.138327,oof,fold_1,xgboost,6.987246322631837,-6.987246322631837,False,False
2026-08-17T11:45:00Z,2,Nablus,pm25,6h,15.58,12.702734,15.878645833333332,13.098414,oof,fold_1,xgboost,2.8772660064697266,2.8772660064697266,True,False
2026-08-17T11:45:00Z,4,Nablus,pm25,6h,14.17,12.25658,14.073333333333332,11.766146,oof,fold_1,xgboost,1.9134196472167968,1.9134196472167968,False,False
2026-08-17T12:00:00Z,1,Tulkarem,pm25,6h,12.98,22.149517,11.818020833333334,14.2612,oof,fold_1,xgboost,9.169517059326171,-9.169517059326171,False,False
2026-08-17T12:00:00Z,2,Nablus,pm25,6h,15.33,12.550449,15.738437500000002,13.091451,oof,fold_1,xgboost,2.7795506286621094,2.7795506286621094,True,False
2026-08-17T12:00:00Z,4,Nablus,pm25,6h,14.01,11.824949,13.963541666666666,11.654622,oof,fold_1,xgboost,2.1850507354736326,2.1850507354736326,False,False
2026-08-17T12:15:00Z,1,Tulkarem,pm25,6h,13.13,21.601934,11.773541666666668,14.230215,oof,fold_1,xgboost,8.471934432983398,-8.471934432983398,False,False
2026-08-17T12:15:00Z,2,Nablus,pm25,6h,15.16,12.325376,15.6003125,12.96759,oof,fold_1,xgboost,2.8346244430541994,2.8346244430541994,True,False
2026-08-17T12:15:00Z,4,Nablus,pm25,6h,14.29,11.747456,13.837708333333332,11.643285,oof,fold_1,xgboost,2.542544403076171,2.542544403076171,False,False
2026-08-17T12:30:00Z,1,Tulkarem,pm25,6h,12.98,21.050415,11.738229166666668,14.228104,oof,fold_1,xgboost,8.0704150390625,-8.0704150390625,False,False
2026-08-17T12:30:00Z,2,Nablus,pm25,6h,14.69,12.29928,15.482291666666669,12.959302,oof,fold_1,xgboost,2.390719833374023,2.390719833374023,True,False
2026-08-17T12:30:00Z,4,Nablus,pm25,6h,14.66,12.010243,13.721458333333333,11.65905,oof,fold_1,xgboost,2.6497565841674806,2.6497565841674806,False,False
2026-08-17T12:45:00Z,1,Tulkarem,pm25,6h,13.24,21.61649,11.712291666666667,13.746998,oof,fold_1,xgboost,8.37648941040039,-8.37648941040039,False,False
2026-08-17T12:45:00Z,2,Nablus,pm25,6h,15.06,12.136366,15.381354166666666,12.926417,oof,fold_1,xgboost,2.923634109497071,2.923634109497071,True,False
2026-08-17T12:45:00Z,4,Nablus,pm25,6h,14.96,12.248049,13.613958333333333,11.663751,oof,fold_1,xgboost,2.711951217651368,2.711951217651368,False,False
2026-08-17T13:00:00Z,1,Tulkarem,pm25,6h,12.96,19.155201,11.68625,14.018707,oof,fold_1,xgboost,6.195200958251952,-6.195200958251952,False,False
2026-08-17T13:00:00Z,2,Nablus,pm25,6h,16.5,12.37174,15.290833333333332,12.89822,oof,fold_1,xgboost,4.128259658813477,4.128259658813477,True,False
2026-08-17T13:00:00Z,4,Nablus,pm25,6h,15.04,12.539912,13.509895833333331,11.712232,oof,fold_1,xgboost,2.500087776184081,2.500087776184081,False,False
2026-08-17T13:15:00Z,1,Tulkarem,pm25,6h,13.12,20.406172,11.661458333333334,13.965527,oof,fold_1,xgboost,7.2861717987060555,-7.2861717987060555,False,False
2026-08-17T13:15:00Z,2,Nablus,pm25,6h,16.47,12.174764,15.203020833333332,12.849745,oof,fold_1,xgboost,4.295236320495604,4.295236320495604,True,False
2026-08-17T13:15:00Z,4,Nablus,pm25,6h,14.79,12.544298,13.413645833333334,11.756145,oof,fold_1,xgboost,2.245701828002929,2.245701828002929,False,False
2026-08-17T13:30:00Z,1,Tulkarem,pm25,6h,13.08,17.23408,11.642395833333332,13.787206,oof,fold_1,xgboost,4.154079360961914,-4.154079360961914,False,False
2026-08-17T13:30:00Z,2,Nablus,pm25,6h,16.2,12.356388,15.1103125,12.687538,oof,fold_1,xgboost,3.8436119079589837,3.8436119079589837,True,False
2026-08-17T13:30:00Z,4,Nablus,pm25,6h,15.46,12.223333,13.328541666666668,11.73309,oof,fold_1,xgboost,3.2366666412353524,3.2366666412353524,False,False
2026-08-17T13:45:00Z,1,Tulkarem,pm25,6h,12.7,16.8359,11.623645833333333,13.518771,oof,fold_1,xgboost,4.1358993530273445,-4.1358993530273445,False,False
2026-08-17T13:45:00Z,2,Nablus,pm25,6h,16.78,12.43656,15.018229166666666,12.790162,oof,fold_1,xgboost,4.343440322875978,4.343440322875978,True,False
2026-08-17T13:45:00Z,4,Nablus,pm25,6h,15.47,12.331665,13.245,11.73732,oof,fold_1,xgboost,3.1383349609375006,3.1383349609375006,False,False
2026-08-17T14:00:00Z,1,Tulkarem,pm25,6h,13.21,16.156546,11.6146875,13.559468,oof,fold_1,xgboost,2.946545639038085,-2.946545639038085,False,False
2026-08-17T14:00:00Z,2,Nablus,pm25,6h,17.55,12.0507345,14.927395833333334,12.649976,oof,fold_1,xgboost,5.499265480041505,5.499265480041505,False,False
2026-08-17T14:00:00Z,4,Nablus,pm25,6h,16.42,11.292494,13.180833333333332,11.754261,oof,fold_1,xgboost,5.127506179809572,5.127506179809572,False,False
2026-08-17T14:15:00Z,1,Tulkarem,pm25,6h,13.53,16.352493,11.61,13.646248,oof,fold_1,xgboost,2.822493286132813,-2.822493286132813,False,False
2026-08-17T14:15:00Z,2,Nablus,pm25,6h,17.12,12.031809,14.846666666666666,12.654946,oof,fold_1,xgboost,5.088191146850587,5.088191146850587,False,False
2026-08-17T14:15:00Z,4,Nablus,pm25,6h,17.43,11.268189,13.1153125,11.776911,oof,fold_1,xgboost,6.161810569763183,6.161810569763183,False,False
2026-08-17T14:30:00Z,1,Tulkarem,pm25,6h,13.48,17.299881,11.601770833333331,13.53241,oof,fold_1,xgboost,3.819880981445312,-3.819880981445312,False,False
2026-08-17T14:30:00Z,2,Nablus,pm25,6h,15.79,12.120036,14.749375,12.653971,oof,fold_1,xgboost,3.6699638748168937,3.6699638748168937,False,False
2026-08-17T14:30:00Z,4,Nablus,pm25,6h,15.76,11.435486,13.014270833333336,11.750668,oof,fold_1,xgboost,4.32451416015625,4.32451416015625,False,False
2026-08-17T14:45:00Z,1,Tulkarem,pm25,6h,13.75,16.778395,11.595104166666667,13.486497,oof,fold_1,xgboost,3.0283946990966797,-3.0283946990966797,False,False
2026-08-17T14:45:00Z,2,Nablus,pm25,6h,15.22,11.680754,14.644791666666668,12.522457,oof,fold_1,xgboost,3.5392462921142585,3.5392462921142585,False,False
2026-08-17T14:45:00Z,4,Nablus,pm25,6h,13.59,12.128144,12.888958333333331,11.87776,oof,fold_1,xgboost,1.4618557357788085,1.4618557357788085,False,False
2026-08-17T15:00:00Z,1,Tulkarem,pm25,6h,13.95,14.134821,11.597812500000002,13.2628355,oof,fold_1,xgboost,0.18482093811035227,-0.18482093811035227,False,False
2026-08-17T15:00:00Z,2,Nablus,pm25,6h,15.28,11.34294,14.530833333333334,12.591466,oof,fold_1,xgboost,3.9370596694946283,3.9370596694946283,False,False
2026-08-17T15:00:00Z,4,Nablus,pm25,6h,13.75,11.324485,12.764583333333333,11.771606,oof,fold_1,xgboost,2.4255151748657227,2.4255151748657227,False,False
2026-08-17T15:15:00Z,1,Tulkarem,pm25,6h,15.06,16.84096,11.620625,13.060744,oof,fold_1,xgboost,1.7809595489501948,-1.7809595489501948,False,False
2026-08-17T15:15:00Z,2,Nablus,pm25,6h,16.65,11.3287115,14.437083333333332,12.577194,oof,fold_1,xgboost,5.321288490295409,5.321288490295409,False,False
2026-08-17T15:15:00Z,4,Nablus,pm25,6h,14.78,11.200517,12.6484375,11.807072,oof,fold_1,xgboost,3.5794832992553705,3.5794832992553705,False,False
2026-08-17T15:30:00Z,1,Tulkarem,pm25,6h,15.19,14.366689,11.655104166666668,13.06035,oof,fold_1,xgboost,0.82331127166748,0.82331127166748,False,False
2026-08-17T15:30:00Z,2,Nablus,pm25,6h,16.6,11.229675,14.3640625,12.572633,oof,fold_1,xgboost,5.370324707031251,5.370324707031251,False,False
2026-08-17T15:30:00Z,4,Nablus,pm25,6h,15.21,11.15334,12.569166666666666,11.7888,oof,fold_1,xgboost,4.056659660339356,4.056659660339356,False,False
2026-08-17T15:45:00Z,1,Tulkarem,pm25,6h,15.13,17.014555,11.686875,12.985568,oof,fold_1,xgboost,1.8845549774169914,-1.8845549774169914,False,False
2026-08-17T15:45:00Z,2,Nablus,pm25,6h,18.48,11.5484,14.335729166666669,12.574415,oof,fold_1,xgboost,6.931600074768067,6.931600074768067,False,False
2026-08-17T15:45:00Z,4,Nablus,pm25,6h,14.93,10.986194,12.527708333333337,11.78261,oof,fold_1,xgboost,3.943806343078613,3.943806343078613,False,False
2026-08-17T16:00:00Z,1,Tulkarem,pm25,6h,14.56,17.90283,11.721354166666666,12.985682,oof,fold_1,xgboost,3.3428301239013667,-3.3428301239013667,False,False
2026-08-17T16:00:00Z,2,Nablus,pm25,6h,23.91,11.2318735,14.356875,12.664327,oof,fold_1,xgboost,12.678126487731934,12.678126487731934,False,False
2026-08-17T16:00:00Z,4,Nablus,pm25,6h,14.61,10.840922,12.466458333333334,11.803737,oof,fold_1,xgboost,3.769077644348144,3.769077644348144,False,False
2026-08-17T16:15:00Z,1,Tulkarem,pm25,6h,15.32,18.016571,11.764583333333334,12.713855,oof,fold_1,xgboost,2.6965710449218747,-2.6965710449218747,False,False
2026-08-17T16:15:00Z,2,Nablus,pm25,6h,19.85,11.388369,14.32625,12.841282,oof,fold_1,xgboost,8.461631393432619,8.461631393432619,False,False
2026-08-17T16:15:00Z,4,Nablus,pm25,6h,14.63,10.743652,12.404166666666669,11.937332,oof,fold_1,xgboost,3.886347656250001,3.886347656250001,False,False
2026-08-17T16:15:00Z,5,Nablus,pm25,6h,16.99,10.6402445,13.30204081632653,12.048486,oof,fold_1,xgboost,6.3497555160522445,6.3497555160522445,False,False
2026-08-17T16:30:00Z,1,Tulkarem,pm25,6h,15.48,18.196714,11.7753125,12.627515,oof,fold_1,xgboost,2.7167144012451168,-2.7167144012451168,False,False
2026-08-17T16:30:00Z,2,Nablus,pm25,6h,17.23,11.664554,14.3153125,12.906645,oof,fold_1,xgboost,5.565446357727051,5.565446357727051,False,False
2026-08-17T16:30:00Z,4,Nablus,pm25,6h,14.47,10.492551,12.33125,11.931927,oof,fold_1,xgboost,3.97744915008545,3.97744915008545,False,False
2026-08-17T16:30:00Z,5,Nablus,pm25,6h,16.78,11.541025,13.3716,12.069755,oof,fold_1,xgboost,5.238974838256837,5.238974838256837,False,False
2026-08-17T16:45:00Z,1,Tulkarem,pm25,6h,17.82,18.309973,11.808541666666668,12.479868,oof,fold_1,xgboost,0.48997276306152315,-0.48997276306152315,False,False
2026-08-17T16:45:00Z,2,Nablus,pm25,6h,16.29,12.690022,14.294583333333334,12.882296,oof,fold_1,xgboost,3.5999775314331046,3.5999775314331046,False,False
2026-08-17T16:45:00Z,4,Nablus,pm25,6h,14.0,10.366232,12.245104166666666,11.961752,oof,fold_1,xgboost,3.633768081665039,3.633768081665039,False,False
2026-08-17T16:45:00Z,5,Nablus,pm25,6h,16.45,11.242027,13.431960784313723,12.075693,oof,fold_1,xgboost,5.2079727172851555,5.2079727172851555,False,False
2026-08-17T17:00:00Z,1,Tulkarem,pm25,6h,17.54,18.05424,11.848333333333334,12.360126,oof,fold_1,xgboost,0.5142392730712899,-0.5142392730712899,False,False
2026-08-17T17:00:00Z,2,Nablus,pm25,6h,15.88,12.959491,14.277187499999998,12.843228,oof,fold_1,xgboost,2.920509223937989,2.920509223937989,False,False
2026-08-17T17:00:00Z,4,Nablus,pm25,6h,14.09,10.400374,12.206874999999998,12.026674,oof,fold_1,xgboost,3.6896255874633788,3.6896255874633788,False,False
2026-08-17T17:00:00Z,5,Nablus,pm25,6h,16.7,10.762516,13.494807692307692,12.126859,oof,fold_1,xgboost,5.937483978271484,5.937483978271484,False,False
2026-08-17T17:15:00Z,1,Tulkarem,pm25,6h,16.44,17.724043,11.8821875,12.354028,oof,fold_1,xgboost,1.2840428924560534,-1.2840428924560534,False,False
2026-08-17T17:15:00Z,2,Nablus,pm25,6h,15.46,14.494859,14.248333333333331,12.9603195,oof,fold_1,xgboost,0.965141258239747,0.965141258239747,False,False
2026-08-17T17:15:00Z,4,Nablus,pm25,6h,14.07,10.209346,12.2046875,12.101235,oof,fold_1,xgboost,3.8606541824340823,3.8606541824340823,False,False
2026-08-17T17:15:00Z,5,Nablus,pm25,6h,17.02,11.150418,13.56132075471698,12.501347,oof,fold_1,xgboost,5.869581718444824,5.869581718444824,False,False
2026-08-17T17:30:00Z,1,Tulkarem,pm25,6h,15.68,17.83283,11.918854166666668,12.334742,oof,fold_1,xgboost,2.1528304290771487,-2.1528304290771487,False,False
2026-08-17T17:30:00Z,2,Nablus,pm25,6h,15.11,14.335973,14.203854166666668,13.251245,oof,fold_1,xgboost,0.7740272140502924,0.7740272140502924,False,False
2026-08-17T17:30:00Z,4,Nablus,pm25,6h,14.05,11.097943,12.201875,12.095672,oof,fold_1,xgboost,2.9520566940307624,2.9520566940307624,False,False
2026-08-17T17:30:00Z,5,Nablus,pm25,6h,16.59,10.946676,13.617407407407407,12.544489,oof,fold_1,xgboost,5.643323745727539,5.643323745727539,False,False
2026-08-17T17:45:00Z,1,Tulkarem,pm25,6h,15.59,16.853262,11.954895833333332,12.338838,oof,fold_1,xgboost,1.263261947631836,-1.263261947631836,False,False
2026-08-17T17:45:00Z,2,Nablus,pm25,6h,15.72,14.7289505,14.17875,13.224275,oof,fold_1,xgboost,0.9910494995117194,0.9910494995117194,False,False
2026-08-17T17:45:00Z,4,Nablus,pm25,6h,14.56,10.877518,12.2046875,12.000657,oof,fold_1,xgboost,3.682482299804688,3.682482299804688,False,False
2026-08-17T17:45:00Z,5,Nablus,pm25,6h,17.04,10.718158,13.679636363636364,12.70543,oof,fold_1,xgboost,6.321842231750487,6.321842231750487,False,False
2026-08-17T18:00:00Z,1,Tulkarem,pm25,6h,16.57,17.726881,12.002604166666666,12.315079,oof,fold_1,xgboost,1.1568810272216794,-1.1568810272216794,False,False
2026-08-17T18:00:00Z,2,Nablus,pm25,6h,15.9,14.137342,14.155208333333333,13.184681,oof,fold_1,xgboost,1.7626575469970707,1.7626575469970707,False,False
2026-08-17T18:00:00Z,4,Nablus,pm25,6h,14.68,10.714855,12.216145833333334,12.015304,oof,fold_1,xgboost,3.965144805908203,3.965144805908203,False,False
2026-08-17T18:00:00Z,5,Nablus,pm25,6h,17.57,10.773436,13.749107142857143,12.75127,oof,fold_1,xgboost,6.796564407348633,6.796564407348633,False,False
2026-08-17T18:15:00Z,1,Tulkarem,pm25,6h,15.62,17.712738,12.044583333333334,12.323432,oof,fold_1,xgboost,2.092738037109376,-2.092738037109376,False,False
2026-08-17T18:15:00Z,2,Nablus,pm25,6h,15.95,14.084683,14.133333333333333,13.177657,oof,fold_1,xgboost,1.8653165817260735,1.8653165817260735,False,False
2026-08-17T18:15:00Z,4,Nablus,pm25,6h,15.08,12.399889,12.232395833333332,12.019779,oof,fold_1,xgboost,2.6801110076904298,2.6801110076904298,False,False
2026-08-17T18:15:00Z,5,Nablus,pm25,6h,17.52,11.398717,13.815263157894735,12.724336,oof,fold_1,xgboost,6.1212830734252925,6.1212830734252925,False,False
2026-08-17T18:30:00Z,1,Tulkarem,pm25,6h,15.04,17.055199,12.066770833333337,12.234171,oof,fold_1,xgboost,2.0151986694335946,-2.0151986694335946,False,False
2026-08-17T18:30:00Z,2,Nablus,pm25,6h,16.03,13.4444895,14.112291666666666,13.203273,oof,fold_1,xgboost,2.5855105209350597,2.5855105209350597,False,False
2026-08-17T18:30:00Z,4,Nablus,pm25,6h,14.62,13.334209,12.238437499999998,12.283798,oof,fold_1,xgboost,1.2857905578613273,1.2857905578613273,False,False
2026-08-17T18:30:00Z,5,Nablus,pm25,6h,17.9,11.607525,13.885689655172412,12.692968,oof,fold_1,xgboost,6.292475128173827,6.292475128173827,False,False
2026-08-17T18:45:00Z,1,Tulkarem,pm25,6h,15.14,16.79407,12.0771875,12.116133,oof,fold_1,xgboost,1.6540692901611322,-1.6540692901611322,False,False
2026-08-17T18:45:00Z,2,Nablus,pm25,6h,16.13,11.300906,14.0865625,13.2264,oof,fold_1,xgboost,4.82909381866455,4.82909381866455,False,False
2026-08-17T18:45:00Z,4,Nablus,pm25,6h,15.19,11.95969,12.251041666666666,12.32407,oof,fold_1,xgboost,3.230309906005859,3.230309906005859,False,False
2026-08-17T18:45:00Z,5,Nablus,pm25,6h,18.11,12.612703,13.95728813559322,12.705711,oof,fold_1,xgboost,5.497296676635742,5.497296676635742,False,False
2026-08-17T19:00:00Z,1,Tulkarem,pm25,6h,15.37,16.77128,12.09125,12.1352415,oof,fold_1,xgboost,1.4012802886962898,-1.4012802886962898,False,False
2026-08-17T19:00:00Z,2,Nablus,pm25,6h,16.01,14.607617,14.060208333333334,13.284191,oof,fold_1,xgboost,1.4023826217651383,1.4023826217651383,False,False
2026-08-17T19:00:00Z,4,Nablus,pm25,6h,14.92,10.933854,12.267395833333332,12.329781,oof,fold_1,xgboost,3.986145896911621,3.986145896911621,False,False
2026-08-17T19:00:00Z,5,Nablus,pm25,6h,18.96,14.089196,14.040666666666665,12.705435,oof,fold_1,xgboost,4.870803794860841,4.870803794860841,False,False
2026-08-17T19:15:00Z,1,Tulkarem,pm25,6h,15.39,16.97079,12.109583333333331,12.078384,oof,fold_1,xgboost,1.5807908630371088,-1.5807908630371088,False,False
2026-08-17T19:15:00Z,2,Nablus,pm25,6h,15.81,15.508866,14.012708333333334,13.893352,oof,fold_1,xgboost,0.3011336898803716,0.3011336898803716,False,False
2026-08-17T19:15:00Z,4,Nablus,pm25,6h,15.29,10.420078,12.2871875,12.266993,oof,fold_1,xgboost,4.8699217224121085,4.8699217224121085,False,False
2026-08-17T19:15:00Z,5,Nablus,pm25,6h,18.63,14.535077,14.115901639344262,12.748759,oof,fold_1,xgboost,4.094922904968261,4.094922904968261,False,False
2026-08-17T19:30:00Z,1,Tulkarem,pm25,6h,15.43,17.071167,12.120416666666666,12.011336,oof,fold_1,xgboost,1.6411669921875003,-1.6411669921875003,False,False
2026-08-17T19:30:00Z,2,Nablus,pm25,6h,16.52,15.52705,13.993541666666664,13.76397,oof,fold_1,xgboost,0.9929499816894527,0.9929499816894527,False,False
2026-08-17T19:30:00Z,4,Nablus,pm25,6h,15.12,11.753055,12.302604166666669,12.269836,oof,fold_1,xgboost,3.36694538116455,3.36694538116455,False,False
2026-08-17T19:30:00Z,5,Nablus,pm25,6h,19.26,14.895367,14.198870967741936,12.869353,oof,fold_1,xgboost,4.36463333129883,4.36463333129883,False,False
2026-08-17T19:45:00Z,1,Tulkarem,pm25,6h,15.85,16.885794,12.131979166666667,12.062092,oof,fold_1,xgboost,1.0357936859130863,-1.0357936859130863,False,False
2026-08-17T19:45:00Z,2,Nablus,pm25,6h,16.89,16.227007,13.9865625,13.863203,oof,fold_1,xgboost,0.6629930877685553,0.6629930877685553,False,False
2026-08-17T19:45:00Z,4,Nablus,pm25,6h,15.17,12.907247,12.316354166666663,12.105913,oof,fold_1,xgboost,2.2627534103393554,2.2627534103393554,False,False
2026-08-17T19:45:00Z,5,Nablus,pm25,6h,19.35,14.826795,14.28063492063492,13.034498,oof,fold_1,xgboost,4.523205375671388,4.523205375671388,False,False
2026-08-17T20:00:00Z,1,Tulkarem,pm25,6h,15.34,20.727116,12.136145833333332,11.993165,oof,fold_1,xgboost,5.387115631103516,-5.387115631103516,False,False
2026-08-17T20:00:00Z,2,Nablus,pm25,6h,17.0,16.427946,13.982083333333335,13.970968,oof,fold_1,xgboost,0.5720539093017578,0.5720539093017578,False,False
2026-08-17T20:00:00Z,4,Nablus,pm25,6h,15.41,12.695941,12.333854166666669,12.064442,oof,fold_1,xgboost,2.7140590286254884,2.7140590286254884,False,False
2026-08-17T20:00:00Z,5,Nablus,pm25,6h,20.17,15.198109,14.37265625,13.15723,oof,fold_1,xgboost,4.971891326904299,4.971891326904299,False,False
2026-08-17T20:15:00Z,1,Tulkarem,pm25,6h,15.34,20.608467,12.137187499999998,11.953463,oof,fold_1,xgboost,5.268467102050781,-5.268467102050781,False,False
2026-08-17T20:15:00Z,2,Nablus,pm25,6h,16.81,14.806845,13.984166666666669,13.725593,oof,fold_1,xgboost,2.003155288696288,2.003155288696288,False,False
2026-08-17T20:15:00Z,4,Nablus,pm25,6h,15.31,13.1366,12.348333333333334,12.446814,oof,fold_1,xgboost,2.1734004592895513,2.1734004592895513,False,False
2026-08-17T20:15:00Z,5,Nablus,pm25,6h,21.14,16.649094,14.47676923076923,13.255053,oof,fold_1,xgboost,4.490906372070313,4.490906372070313,False,False
2026-08-17T20:30:00Z,1,Tulkarem,pm25,6h,15.5,15.068744,12.144895833333331,12.043983,oof,fold_1,xgboost,0.4312562942504883,0.4312562942504883,False,False
2026-08-17T20:30:00Z,2,Nablus,pm25,6h,16.55,13.310822,13.988124999999998,13.472061,oof,fold_1,xgboost,3.2391784667968757,3.2391784667968757,False,False
2026-08-17T20:30:00Z,4,Nablus,pm25,6h,15.63,13.353645,12.371875,12.292105,oof,fold_1,xgboost,2.2763546752929695,2.2763546752929695,False,False
2026-08-17T20:30:00Z,5,Nablus,pm25,6h,21.97,15.445481,14.590303030303032,13.203563,oof,fold_1,xgboost,6.524518699645995,6.524518699645995,False,False
2026-08-17T20:45:00Z,1,Tulkarem,pm25,6h,15.4,19.877098,12.1490625,12.042175,oof,fold_1,xgboost,4.477098083496093,-4.477098083496093,False,False
2026-08-17T20:45:00Z,2,Nablus,pm25,6h,17.35,12.655317,14.001770833333332,13.50463,oof,fold_1,xgboost,4.694682693481447,4.694682693481447,False,False
2026-08-17T20:45:00Z,4,Nablus,pm25,6h,15.7,13.819518,12.398958333333333,12.113969,oof,fold_1,xgboost,1.8804819107055657,1.8804819107055657,False,False
2026-08-17T20:45:00Z,5,Nablus,pm25,6h,21.95,15.101918,14.700149253731343,13.530524,oof,fold_1,xgboost,6.84808177947998,6.84808177947998,False,False
2026-08-17T21:00:00Z,1,Tulkarem,pm25,6h,15.59,14.463979,12.15125,12.0764475,oof,fold_1,xgboost,1.1260212326049803,1.1260212326049803,False,False
2026-08-17T21:00:00Z,2,Nablus,pm25,6h,17.33,14.40201,14.012916666666667,13.430321,oof,fold_1,xgboost,2.9279900360107405,2.9279900360107405,False,False
2026-08-17T21:00:00Z,4,Nablus,pm25,6h,15.85,14.300555,12.4275,12.190768,oof,fold_1,xgboost,1.549444770812988,1.549444770812988,False,False
2026-08-17T21:00:00Z,5,Nablus,pm25,6h,22.82,15.6966915,14.819558823529412,13.637712,oof,fold_1,xgboost,7.123308486938477,7.123308486938477,False,False
2026-08-17T21:15:00Z,1,Tulkarem,pm25,6h,15.39,19.542133,12.156041666666669,12.018672,oof,fold_1,xgboost,4.152133331298828,-4.152133331298828,False,False
2026-08-17T21:15:00Z,2,Nablus,pm25,6h,17.56,16.473822,14.029791666666666,13.5110855,oof,fold_1,xgboost,1.0861783599853503,1.0861783599853503,False,False
2026-08-17T21:15:00Z,4,Nablus,pm25,6h,15.98,14.325319,12.455729166666666,12.27746,oof,fold_1,xgboost,1.6546807098388676,1.6546807098388676,False,False
2026-08-17T21:15:00Z,5,Nablus,pm25,6h,23.82,15.6163,14.95,13.632926,oof,fold_1,xgboost,8.203700370788575,8.203700370788575,False,False
2026-08-17T21:30:00Z,1,Tulkarem,pm25,6h,15.7,19.477379,12.161979166666669,12.126858,oof,fold_1,xgboost,3.7773788452148445,-3.7773788452148445,False,False
2026-08-17T21:30:00Z,2,Nablus,pm25,6h,17.29,16.697159,14.048020833333332,13.606707,oof,fold_1,xgboost,0.5928411865234366,0.5928411865234366,False,False
2026-08-17T21:30:00Z,4,Nablus,pm25,6h,15.85,14.745491,12.473020833333337,12.254983,oof,fold_1,xgboost,1.1045089721679684,1.1045089721679684,False,False
2026-08-17T21:30:00Z,5,Nablus,pm25,6h,23.74,17.138262,15.075571428571427,13.816435,oof,fold_1,xgboost,6.601738204956053,6.601738204956053,True,False
2026-08-17T21:45:00Z,1,Tulkarem,pm25,6h,16.19,20.554167,12.1721875,12.057481,oof,fold_1,xgboost,4.364166793823241,-4.364166793823241,False,False
2026-08-17T21:45:00Z,2,Nablus,pm25,6h,16.55,16.931358,13.972916666666665,13.706823,oof,fold_1,xgboost,0.38135833740234304,-0.38135833740234304,False,False
2026-08-17T21:45:00Z,4,Nablus,pm25,6h,16.0,14.679977,12.470833333333331,12.071475,oof,fold_1,xgboost,1.3200225830078125,1.3200225830078125,False,False
2026-08-17T21:45:00Z,5,Nablus,pm25,6h,23.33,17.030628,15.191830985915493,13.841641,oof,fold_1,xgboost,6.299371795654295,6.299371795654295,True,False
2026-08-17T22:00:00Z,1,Tulkarem,pm25,6h,19.57,21.67082,12.2165625,12.04137,oof,fold_1,xgboost,2.1008202362060544,-2.1008202362060544,False,False
2026-08-17T22:00:00Z,2,Nablus,pm25,6h,17.3,17.492403,13.9890625,13.975635,oof,fold_1,xgboost,0.1924030303955071,-0.1924030303955071,False,False
2026-08-17T22:00:00Z,4,Nablus,pm25,6h,15.82,15.165556,12.486875,11.954531,oof,fold_1,xgboost,0.6544440460205081,0.6544440460205081,False,False
2026-08-17T22:00:00Z,5,Nablus,pm25,6h,22.54,17.004337,15.29388888888889,13.783991,oof,fold_1,xgboost,5.5356626892089835,5.5356626892089835,True,False
2026-08-17T22:15:00Z,1,Tulkarem,pm25,6h,22.33,22.501118,12.289895833333333,12.152262,oof,fold_1,xgboost,0.17111770629882983,-0.17111770629882983,False,False
2026-08-17T22:15:00Z,2,Nablus,pm25,6h,17.54,16.965008,14.025,13.813556,oof,fold_1,xgboost,0.5749922180175773,0.5749922180175773,False,False
2026-08-17T22:15:00Z,4,Nablus,pm25,6h,15.97,15.019412,12.517291666666663,12.002386,oof,fold_1,xgboost,0.9505879592895514,0.9505879592895514,False,False
2026-08-17T22:15:00Z,5,Nablus,pm25,6h,21.31,17.271029,15.376301369863016,13.989332,oof,fold_1,xgboost,4.038971481323241,4.038971481323241,True,False
2026-08-17T22:30:00Z,1,Tulkarem,pm25,6h,24.44,20.492743,12.394375000000002,12.154459,oof,fold_1,xgboost,3.947257461547853,3.947257461547853,False,False
2026-08-17T22:30:00Z,2,Nablus,pm25,6h,17.66,15.677883,14.057708333333332,13.717766,oof,fold_1,xgboost,1.9821168518066408,1.9821168518066408,False,False
2026-08-17T22:30:00Z,4,Nablus,pm25,6h,16.16,14.842507,12.555520833333333,11.946431,oof,fold_1,xgboost,1.3174926376342775,1.3174926376342775,False,False
2026-08-17T22:30:00Z,5,Nablus,pm25,6h,21.63,16.641594,15.460810810810807,13.908329,oof,fold_1,xgboost,4.98840606689453,4.98840606689453,True,False
2026-08-17T22:45:00Z,1,Tulkarem,pm25,6h,19.52,19.436771,12.442916666666669,12.195131,oof,fold_1,xgboost,0.08322860717773395,0.08322860717773395,False,False
2026-08-17T22:45:00Z,2,Nablus,pm25,6h,18.25,14.242765,14.103958333333331,13.786448,oof,fold_1,xgboost,4.007234573364258,4.007234573364258,False,False
2026-08-17T22:45:00Z,4,Nablus,pm25,6h,16.28,14.841525,12.602395833333333,11.834638,oof,fold_1,xgboost,1.438474922180177,1.438474922180177,False,False
2026-08-17T22:45:00Z,5,Nablus,pm25,6h,20.68,16.387455,15.5304,13.888939,oof,fold_1,xgboost,4.292545013427734,4.292545013427734,True,False
2026-08-17T23:00:00Z,1,Tulkarem,pm25,6h,15.66,18.171373,12.460625,12.255932,oof,fold_1,xgboost,2.51137336730957,-2.51137336730957,False,False
2026-08-17T23:00:00Z,2,Nablus,pm25,6h,17.38,15.599911,14.143125,13.853235,oof,fold_1,xgboost,1.7800892639160146,1.7800892639160146,False,False
2026-08-17T23:00:00Z,4,Nablus,pm25,6h,15.8,15.250308,12.644166666666663,11.796705,oof,fold_1,xgboost,0.5496919631958015,0.5496919631958015,False,False
2026-08-17T23:00:00Z,5,Nablus,pm25,6h,19.62,15.163969,15.584210526315792,13.886447,oof,fold_1,xgboost,4.456030960083009,4.456030960083009,True,False
2026-08-17T23:15:00Z,1,Tulkarem,pm25,6h,18.44,16.993055,12.468645833333332,12.225938,oof,fold_1,xgboost,1.4469446563720716,1.4469446563720716,False,False
2026-08-17T23:15:00Z,2,Nablus,pm25,6h,17.07,15.353631,14.189583333333331,13.918097,oof,fold_1,xgboost,1.7163689804077151,1.7163689804077151,False,False
2026-08-17T23:15:00Z,4,Nablus,pm25,6h,16.53,14.222498,12.695625,11.799929,oof,fold_1,xgboost,2.3075020599365246,2.3075020599365246,False,False
2026-08-17T23:15:00Z,5,Nablus,pm25,6h,18.25,15.436338,15.61883116883117,14.024705,oof,fold_1,xgboost,2.813661575317383,2.813661575317383,True,False
2026-08-17T23:30:00Z,1,Tulkarem,pm25,6h,19.59,14.531568,12.474583333333335,12.195849,oof,fold_1,xgboost,5.058432426452637,5.058432426452637,False,False
2026-08-17T23:30:00Z,2,Nablus,pm25,6h,17.49,13.584343,14.235520833333332,13.942414,oof,fold_1,xgboost,3.9056570434570297,3.9056570434570297,False,False
2026-08-17T23:30:00Z,4,Nablus,pm25,6h,17.38,14.962213,12.7390625,11.805242,oof,fold_1,xgboost,2.417787437438964,2.417787437438964,False,False
2026-08-17T23:30:00Z,5,Nablus,pm25,6h,17.35,15.425878,15.64102564102564,14.073141,oof,fold_1,xgboost,1.9241224288940444,1.9241224288940444,True,False
2026-08-17T23:45:00Z,1,Tulkarem,pm25,6h,17.72,14.310269,12.525416666666665,12.1869755,oof,fold_1,xgboost,3.409730644226073,3.409730644226073,False,False
2026-08-17T23:45:00Z,2,Nablus,pm25,6h,16.62,15.179927,14.278541666666667,13.993238,oof,fold_1,xgboost,1.440073127746583,1.440073127746583,False,False
2026-08-17T23:45:00Z,4,Nablus,pm25,6h,17.02,15.196828,12.786145833333334,11.840534,oof,fold_1,xgboost,1.82317211151123,1.82317211151123,False,False
2026-08-17T23:45:00Z,5,Nablus,pm25,6h,18.02,15.274849,15.67113924050633,14.139686,oof,fold_1,xgboost,2.7451510620117183,2.7451510620117183,True,False
2026-08-18T00:00:00Z,1,Tulkarem,pm25,6h,16.46,13.8925905,12.568125,12.201944,oof,fold_2,xgboost,2.5674094772338876,2.5674094772338876,False,False
2026-08-18T00:00:00Z,2,Nablus,pm25,6h,16.57,14.644499,14.317395833333334,14.443827,oof,fold_2,xgboost,1.925501174926758,1.925501174926758,False,False
2026-08-18T00:00:00Z,4,Nablus,pm25,6h,16.96,12.150589,12.841666666666669,12.501861,oof,fold_2,xgboost,4.809411010742188,4.809411010742188,False,False
2026-08-18T00:00:00Z,5,Nablus,pm25,6h,17.7,14.526165,15.6965,15.693958,oof,fold_2,xgboost,3.1738349914550774,3.1738349914550774,True,True
2026-08-18T00:15:00Z,1,Tulkarem,pm25,6h,19.03,13.860001,12.620208333333332,12.16684,oof,fold_2,xgboost,5.169999389648439,5.169999389648439,False,False
2026-08-18T00:15:00Z,2,Nablus,pm25,6h,16.74,14.506561,14.351041666666667,14.397639,oof,fold_2,xgboost,2.2334387207031234,2.2334387207031234,False,False
2026-08-18T00:15:00Z,4,Nablus,pm25,6h,16.08,11.721125,12.868645833333334,12.478381,oof,fold_2,xgboost,4.358875350952147,4.358875350952147,False,False
2026-08-18T00:15:00Z,5,Nablus,pm25,6h,19.29,14.771591,15.740864197530865,15.462476,oof,fold_2,xgboost,4.518408813476562,4.518408813476562,True,True
2026-08-18T00:30:00Z,1,Tulkarem,pm25,6h,18.69,13.126127,12.668229166666665,12.259837,oof,fold_2,xgboost,5.563872756958009,5.563872756958009,False,False
2026-08-18T00:30:00Z,2,Nablus,pm25,6h,16.13,14.481299,14.376874999999998,14.322067,oof,fold_2,xgboost,1.6487005996704092,1.6487005996704092,False,False
2026-08-18T00:30:00Z,4,Nablus,pm25,6h,15.75,11.933241,12.913125,12.562398,oof,fold_2,xgboost,3.8167591094970703,3.8167591094970703,False,False
2026-08-18T00:30:00Z,5,Nablus,pm25,6h,17.98,14.5694895,15.768170731707317,15.431424,oof,fold_2,xgboost,3.410510520935059,3.410510520935059,True,True
2026-08-18T00:45:00Z,1,Tulkarem,pm25,6h,16.52,12.950585,12.718020833333332,12.312139,oof,fold_2,xgboost,3.5694146347045894,3.5694146347045894,False,False
2026-08-18T00:45:00Z,2,Nablus,pm25,6h,16.24,14.650376,14.404895833333333,14.265932,oof,fold_2,xgboost,1.5896236801147445,1.5896236801147445,False,False
2026-08-18T00:45:00Z,4,Nablus,pm25,6h,15.62,11.864666,12.954583333333334,12.5342865,oof,fold_2,xgboost,3.7553340148925773,3.7553340148925773,False,False
2026-08-18T00:45:00Z,5,Nablus,pm25,6h,17.27,14.385653,15.786265060240964,15.490173,oof,fold_2,xgboost,2.8843474578857418,2.8843474578857418,True,True
2026-08-18T01:00:00Z,1,Tulkarem,pm25,6h,16.36,12.366141,12.7884375,12.199321,oof,fold_2,xgboost,3.993858680725097,3.993858680725097,False,False
2026-08-18T01:00:00Z,2,Nablus,pm25,6h,15.97,13.282724,14.440833333333332,14.142231,oof,fold_2,xgboost,2.6872756195068366,2.6872756195068366,False,False
2026-08-18T01:00:00Z,4,Nablus,pm25,6h,14.32,11.8702755,12.986666666666666,12.551317,oof,fold_2,xgboost,2.449724502563477,2.449724502563477,False,False
2026-08-18T01:00:00Z,5,Nablus,pm25,6h,16.92,14.453162,15.799761904761905,15.492177,oof,fold_2,xgboost,2.466837806701662,2.466837806701662,True,True
2026-08-18T01:15:00Z,1,Tulkarem,pm25,6h,15.98,12.334074,12.841458333333334,12.269214,oof,fold_2,xgboost,3.6459259796142582,3.6459259796142582,False,False
2026-08-18T01:15:00Z,2,Nablus,pm25,6h,15.86,12.975874,14.468333333333334,14.104778,oof,fold_2,xgboost,2.8841260528564447,2.8841260528564447,False,False
2026-08-18T01:15:00Z,4,Nablus,pm25,6h,14.56,11.729726,13.018854166666666,12.554522,oof,fold_2,xgboost,2.830274162292481,2.830274162292481,False,False
2026-08-18T01:15:00Z,5,Nablus,pm25,6h,16.33,14.4219265,15.806,15.673898,oof,fold_2,xgboost,1.9080735015869124,1.9080735015869124,True,True
2026-08-18T01:30:00Z,1,Tulkarem,pm25,6h,15.55,12.779598,12.911979166666669,12.241374,oof,fold_2,xgboost,2.7704017639160163,2.7704017639160163,False,False
2026-08-18T01:30:00Z,2,Nablus,pm25,6h,15.39,13.071606,14.482916666666666,14.127988,oof,fold_2,xgboost,2.3183943176269537,2.3183943176269537,False,False
2026-08-18T01:30:00Z,4,Nablus,pm25,6h,14.75,11.751794,13.0453125,12.632118,oof,fold_2,xgboost,2.99820613861084,2.99820613861084,False,False
2026-08-18T01:30:00Z,5,Nablus,pm25,6h,16.33,14.395363,15.812093023255812,15.702112,oof,fold_2,xgboost,1.934637145996092,1.934637145996092,True,True
2026-08-18T01:45:00Z,1,Tulkarem,pm25,6h,16.3,13.466532,12.983333333333334,12.324307,oof,fold_2,xgboost,2.8334682464599616,2.8334682464599616,False,False
2026-08-18T01:45:00Z,2,Nablus,pm25,6h,15.71,12.968879,14.500104166666668,14.156111,oof,fold_2,xgboost,2.741121253967286,2.741121253967286,False,False
2026-08-18T01:45:00Z,4,Nablus,pm25,6h,14.35,11.834936,13.064687499999998,12.609457,oof,fold_2,xgboost,2.515063858032226,2.515063858032226,False,False
2026-08-18T01:45:00Z,5,Nablus,pm25,6h,15.81,14.769756,15.812068965517245,15.829796,oof,fold_2,xgboost,1.0402436828613286,1.0402436828613286,True,True
2026-08-18T02:00:00Z,1,Tulkarem,pm25,6h,16.5,12.504785,13.06,12.256455,oof,fold_2,xgboost,3.99521541595459,3.99521541595459,False,False
2026-08-18T02:00:00Z,2,Nablus,pm25,6h,16.8,12.681185,14.5184375,14.216453,oof,fold_2,xgboost,4.118815231323243,4.118815231323243,False,False
2026-08-18T02:00:00Z,4,Nablus,pm25,6h,13.82,11.591409,13.074062500000002,12.6854725,oof,fold_2,xgboost,2.2285912704467776,2.2285912704467776,False,False
2026-08-18T02:00:00Z,5,Nablus,pm25,6h,14.63,14.851474,15.798636363636364,15.8726015,oof,fold_2,xgboost,0.22147380828857344,-0.22147380828857344,True,True
2026-08-18T02:15:00Z,1,Tulkarem,pm25,6h,15.1,12.146016,13.117604166666666,12.309743,oof,fold_2,xgboost,2.953983879089355,2.953983879089355,False,False
2026-08-18T02:15:00Z,2,Nablus,pm25,6h,15.81,12.880917,14.531875,14.145413,oof,fold_2,xgboost,2.929083404541016,2.929083404541016,False,False
2026-08-18T02:15:00Z,4,Nablus,pm25,6h,14.33,11.636248,13.088958333333332,12.694337,oof,fold_2,xgboost,2.6937523651123048,2.6937523651123048,False,False
2026-08-18T02:15:00Z,5,Nablus,pm25,6h,14.88,14.903973,15.788314606741574,16.053938,oof,fold_2,xgboost,0.023972625732421093,-0.023972625732421093,True,True
2026-08-18T02:30:00Z,1,Tulkarem,pm25,6h,16.74,12.583486,13.199062499999998,12.323279,oof,fold_2,xgboost,4.156514396667479,4.156514396667479,False,False
2026-08-18T02:30:00Z,2,Nablus,pm25,6h,15.37,13.243426,14.539583333333333,14.269699,oof,fold_2,xgboost,2.1265736770629875,2.1265736770629875,False,False
2026-08-18T02:30:00Z,4,Nablus,pm25,6h,13.8,13.222042,13.097604166666663,12.745115,oof,fold_2,xgboost,0.5779579162597663,0.5779579162597663,False,False
2026-08-18T02:30:00Z,5,Nablus,pm25,6h,14.31,14.474188,15.771888888888888,16.095587,oof,fold_2,xgboost,0.16418785095214794,-0.16418785095214794,True,True
2026-08-18T02:45:00Z,1,Tulkarem,pm25,6h,14.89,12.4149065,13.218854166666668,12.330388,oof,fold_2,xgboost,2.475093498229981,2.475093498229981,False,False
2026-08-18T02:45:00Z,2,Nablus,pm25,6h,15.87,13.083458,14.568541666666668,14.241696,oof,fold_2,xgboost,2.7865420532226555,2.7865420532226555,False,False
2026-08-18T02:45:00Z,4,Nablus,pm25,6h,14.58,13.25929,13.091458333333335,12.560001,oof,fold_2,xgboost,1.3207102584838868,1.3207102584838868,False,False
2026-08-18T02:45:00Z,5,Nablus,pm25,6h,13.84,14.209834,15.75065934065934,16.1162,oof,fold_2,xgboost,0.3698340988159181,-0.3698340988159181,True,True
2026-08-18T03:00:00Z,1,Tulkarem,pm25,6h,15.88,12.891676,13.286458333333334,12.371677,oof,fold_2,xgboost,2.988324050903321,2.988324050903321,False,False
2026-08-18T03:00:00Z,2,Nablus,pm25,6h,15.98,12.414419,14.603541666666665,14.223004,oof,fold_2,xgboost,3.5655808258056645,3.5655808258056645,False,False
2026-08-18T03:00:00Z,4,Nablus,pm25,6h,14.02,12.509185,13.116041666666668,12.675001,oof,fold_2,xgboost,1.510815162658691,1.510815162658691,False,False
2026-08-18T03:00:00Z,5,Nablus,pm25,6h,14.59,13.765776,15.73804347826087,16.069397,oof,fold_2,xgboost,0.8242243194580077,0.8242243194580077,True,True
2026-08-18T03:15:00Z,1,Tulkarem,pm25,6h,15.18,12.241959,13.336666666666666,12.542144,oof,fold_2,xgboost,2.938041381835937,2.938041381835937,False,False
2026-08-18T03:15:00Z,2,Nablus,pm25,6h,15.39,12.229569,14.636145833333332,14.341553,oof,fold_2,xgboost,3.1604305648803717,3.1604305648803717,False,False
2026-08-18T03:15:00Z,4,Nablus,pm25,6h,13.57,12.338338,13.143541666666666,12.779596,oof,fold_2,xgboost,1.2316621017456058,1.2316621017456058,False,False
2026-08-18T03:15:00Z,5,Nablus,pm25,6h,14.28,14.116068,15.72236559139785,16.048527,oof,fold_2,xgboost,0.1639321136474603,0.1639321136474603,True,True
2026-08-18T03:30:00Z,1,Tulkarem,pm25,6h,15.29,12.674096,13.3940625,12.526717,oof,fold_2,xgboost,2.615903892517089,2.615903892517089,False,False
2026-08-18T03:30:00Z,2,Nablus,pm25,6h,16.02,12.227601,14.682291666666666,14.330952,oof,fold_2,xgboost,3.792398948669433,3.792398948669433,False,False
2026-08-18T03:30:00Z,4,Nablus,pm25,6h,14.47,12.480764,13.185833333333337,12.789064,oof,fold_2,xgboost,1.9892356109619147,1.9892356109619147,False,False
2026-08-18T03:30:00Z,5,Nablus,pm25,6h,14.06,14.076736,15.70468085106383,16.15647,oof,fold_2,xgboost,0.016736450195312003,-0.016736450195312003,True,True
2026-08-18T03:45:00Z,1,Tulkarem,pm25,6h,15.69,12.738821,13.472604166666663,12.4978,oof,fold_2,xgboost,2.9511789703369136,2.9511789703369136,False,False
2026-08-18T03:45:00Z,2,Nablus,pm25,6h,15.27,12.426704,14.72,14.303276,oof,fold_2,xgboost,2.8432955932617183,2.8432955932617183,False,False
2026-08-18T03:45:00Z,4,Nablus,pm25,6h,13.35,12.386832,13.218229166666667,12.783975,oof,fold_2,xgboost,0.9631677627563473,0.9631677627563473,False,False
2026-08-18T03:45:00Z,5,Nablus,pm25,6h,13.7,14.209276,15.68357894736842,16.58571,oof,fold_2,xgboost,0.509276199340821,-0.509276199340821,True,True
2026-08-18T04:00:00Z,1,Tulkarem,pm25,6h,14.58,11.600859,13.545,12.437491,oof,fold_2,xgboost,2.979141311645508,2.979141311645508,False,False
2026-08-18T04:00:00Z,2,Nablus,pm25,6h,15.17,12.545656,14.7578125,14.238351,oof,fold_2,xgboost,2.624343795776367,2.624343795776367,False,False
2026-08-18T04:00:00Z,4,Nablus,pm25,6h,13.6,12.430225,13.247604166666669,12.897435,oof,fold_2,xgboost,1.1697746276855465,1.1697746276855465,False,False
2026-08-18T04:00:00Z,5,Nablus,pm25,6h,13.37,13.966246,15.659479166666666,15.984942,oof,fold_2,xgboost,0.596245651245118,-0.596245651245118,True,True
2026-08-18T04:15:00Z,1,Tulkarem,pm25,6h,15.1,10.900555,13.610833333333334,12.490356,oof,fold_2,xgboost,4.199445343017578,4.199445343017578,False,False
2026-08-18T04:15:00Z,2,Nablus,pm25,6h,16.05,12.6792,14.8078125,14.196437,oof,fold_2,xgboost,3.3707998275756843,3.3707998275756843,False,False
2026-08-18T04:15:00Z,4,Nablus,pm25,6h,13.5,12.500061,13.278854166666669,12.8984585,oof,fold_2,xgboost,0.99993896484375,0.99993896484375,False,False
2026-08-18T04:15:00Z,5,Nablus,pm25,6h,13.88,14.199012,15.646041666666669,16.04906,oof,fold_2,xgboost,0.31901180267333906,-0.31901180267333906,True,True
2026-08-18T04:30:00Z,1,Tulkarem,pm25,6h,14.63,11.021791,13.688541666666666,12.72014,oof,fold_2,xgboost,3.608208541870118,3.608208541870118,False,False
2026-08-18T04:30:00Z,2,Nablus,pm25,6h,15.14,12.478206,14.840624999999998,14.218859,oof,fold_2,xgboost,2.6617943191528326,2.6617943191528326,False,False
2026-08-18T04:30:00Z,4,Nablus,pm25,6h,13.21,12.029752,13.3078125,12.840511,oof,fold_2,xgboost,1.180248222351075,1.180248222351075,False,False
2026-08-18T04:30:00Z,5,Nablus,pm25,6h,14.17,13.853394,15.653958333333334,16.127794,oof,fold_2,xgboost,0.31660644531249993,0.31660644531249993,True,True
2026-08-18T04:45:00Z,1,Tulkarem,pm25,6h,14.24,10.072566,13.765208333333334,12.810321,oof,fold_2,xgboost,4.167433967590332,4.167433967590332,False,False
2026-08-18T04:45:00Z,2,Nablus,pm25,6h,15.94,12.515817,14.885729166666666,14.368625,oof,fold_2,xgboost,3.424183311462402,3.424183311462402,False,False
2026-08-18T04:45:00Z,4,Nablus,pm25,6h,13.05,12.020494,13.332604166666668,12.747097,oof,fold_2,xgboost,1.0295055389404304,1.0295055389404304,False,False
2026-08-18T04:45:00Z,5,Nablus,pm25,6h,14.27,13.748386,15.686354166666666,16.057703,oof,fold_2,xgboost,0.521613616943359,0.521613616943359,True,True
2026-08-18T05:00:00Z,1,Tulkarem,pm25,6h,13.57,9.468574,13.8440625,12.882526,oof,fold_2,xgboost,4.101426429748535,4.101426429748535,False,False
2026-08-18T05:00:00Z,2,Nablus,pm25,6h,17.02,12.331457,14.938541666666666,14.291989,oof,fold_2,xgboost,4.688542861938476,4.688542861938476,False,False
2026-08-18T05:00:00Z,4,Nablus,pm25,6h,13.08,11.934091,13.3621875,12.640476,oof,fold_2,xgboost,1.1459093856811524,1.1459093856811524,False,False
2026-08-18T05:00:00Z,5,Nablus,pm25,6h,13.76,12.5319605,15.716770833333332,16.219217,oof,fold_2,xgboost,1.2280395126342771,1.2280395126342771,True,True
2026-08-18T05:15:00Z,1,Tulkarem,pm25,6h,13.61,9.3214855,13.924895833333332,12.943991,oof,fold_2,xgboost,4.28851448059082,4.28851448059082,False,False
2026-08-18T05:15:00Z,2,Nablus,pm25,6h,16.76,12.6261215,14.997395833333334,14.287945,oof,fold_2,xgboost,4.133878479003908,4.133878479003908,False,False
2026-08-18T05:15:00Z,4,Nablus,pm25,6h,13.47,12.647729,13.39875,12.849919,oof,fold_2,xgboost,0.8222710800170905,0.8222710800170905,False,False
2026-08-18T05:15:00Z,5,Nablus,pm25,6h,17.07,11.580165,15.785000000000002,16.06506,oof,fold_2,xgboost,5.489835090637207,5.489835090637207,True,True
2026-08-18T05:30:00Z,1,Tulkarem,pm25,6h,13.66,9.686147,14.004479166666668,12.9119005,oof,fold_2,xgboost,3.9738532638549806,3.9738532638549806,False,False
2026-08-18T05:30:00Z,2,Nablus,pm25,6h,16.43,12.728033,15.058958333333337,14.284796,oof,fold_2,xgboost,3.7019669342041013,3.7019669342041013,True,False
2026-08-18T05:30:00Z,4,Nablus,pm25,6h,13.0,11.731589,13.438541666666667,12.899432,oof,fold_2,xgboost,1.2684106826782227,1.2684106826782227,False,False
2026-08-18T05:30:00Z,5,Nablus,pm25,6h,17.72,11.233213,15.8621875,16.002266,oof,fold_2,xgboost,6.486786575317382,6.486786575317382,True,True
2026-08-18T05:45:00Z,1,Tulkarem,pm25,6h,13.55,9.235403,14.081875000000002,13.12797,oof,fold_2,xgboost,4.314596939086915,4.314596939086915,False,False
2026-08-18T05:45:00Z,2,Nablus,pm25,6h,15.94,12.61624,15.115,14.354226,oof,fold_2,xgboost,3.3237604522705073,3.3237604522705073,True,False
2026-08-18T05:45:00Z,4,Nablus,pm25,6h,12.64,11.706138,13.479895833333332,13.064408,oof,fold_2,xgboost,0.9338623428344732,0.9338623428344732,False,False
2026-08-18T05:45:00Z,5,Nablus,pm25,6h,14.56,11.116041,15.912708333333336,16.030827,oof,fold_2,xgboost,3.443958816528321,3.443958816528321,True,True
2026-08-18T06:00:00Z,1,Tulkarem,pm25,6h,13.08,8.857187,14.159895833333332,13.176121,oof,fold_2,xgboost,4.222812728881836,4.222812728881836,False,False
2026-08-18T06:00:00Z,2,Nablus,pm25,6h,15.82,12.21275,15.177708333333332,14.4927025,oof,fold_2,xgboost,3.607249565124512,3.607249565124512,True,False
2026-08-18T06:00:00Z,4,Nablus,pm25,6h,12.69,11.333328,13.52625,13.049595,oof,fold_2,xgboost,1.356671752929687,1.356671752929687,False,False
2026-08-18T06:00:00Z,5,Nablus,pm25,6h,13.85,10.891483,15.958125,16.107353,oof,fold_2,xgboost,2.958516693115234,2.958516693115234,True,True
2026-08-18T06:15:00Z,1,Tulkarem,pm25,6h,13.36,9.498265,14.242708333333336,13.287691,oof,fold_2,xgboost,3.8617347335815424,3.8617347335815424,False,False
2026-08-18T06:15:00Z,2,Nablus,pm25,6h,15.88,12.2819605,15.242708333333336,14.517461,oof,fold_2,xgboost,3.598039512634278,3.598039512634278,True,False
2026-08-18T06:15:00Z,4,Nablus,pm25,6h,12.54,11.318575,13.576458333333331,12.997738,oof,fold_2,xgboost,1.2214250946044913,1.2214250946044913,False,False
2026-08-18T06:15:00Z,5,Nablus,pm25,6h,13.51,10.766876,15.996874999999998,15.61476,oof,fold_2,xgboost,2.743123779296875,2.743123779296875,True,True
2026-08-18T06:30:00Z,1,Tulkarem,pm25,6h,13.06,9.727122,14.322083333333332,13.275657,oof,fold_2,xgboost,3.33287769317627,3.33287769317627,False,False
2026-08-18T06:30:00Z,2,Nablus,pm25,6h,14.99,12.286707,15.302604166666669,14.486109,oof,fold_2,xgboost,2.7032930755615237,2.7032930755615237,True,False
2026-08-18T06:30:00Z,4,Nablus,pm25,6h,12.04,11.501891,13.620520833333336,13.153031,oof,fold_2,xgboost,0.5381088638305656,0.5381088638305656,False,False
2026-08-18T06:30:00Z,5,Nablus,pm25,6h,13.61,10.541014,16.043125,15.6605625,oof,fold_2,xgboost,3.0689862823486322,3.0689862823486322,True,True
2026-08-18T06:45:00Z,1,Tulkarem,pm25,6h,12.64,8.809273,14.3975,13.314931,oof,fold_2,xgboost,3.8307272338867193,3.8307272338867193,False,False
2026-08-18T06:45:00Z,2,Nablus,pm25,6h,15.58,11.89557,15.366666666666667,14.483947,oof,fold_2,xgboost,3.6844301986694337,3.6844301986694337,True,False
2026-08-18T06:45:00Z,4,Nablus,pm25,6h,12.56,11.125798,13.671354166666667,13.145154,oof,fold_2,xgboost,1.4342017745971685,1.4342017745971685,False,False
2026-08-18T06:45:00Z,5,Nablus,pm25,6h,13.76,10.718274,16.0975,15.628917,oof,fold_2,xgboost,3.0417258834838865,3.0417258834838865,True,True
2026-08-18T07:00:00Z,1,Tulkarem,pm25,6h,13.0,9.141332,14.4759375,13.588878,oof,fold_2,xgboost,3.858668327331543,3.858668327331543,False,False
2026-08-18T07:00:00Z,2,Nablus,pm25,6h,15.43,11.487932,15.435,14.550546,oof,fold_2,xgboost,3.9420677947998044,3.9420677947998044,True,False
2026-08-18T07:00:00Z,4,Nablus,pm25,6h,11.93,9.585822,13.718229166666664,13.696276,oof,fold_2,xgboost,2.344177894592285,2.344177894592285,False,False
2026-08-18T07:00:00Z,5,Nablus,pm25,6h,13.4,10.888293,16.146666666666665,15.769982,oof,fold_2,xgboost,2.5117067337036136,2.5117067337036136,True,True
2026-08-18T07:15:00Z,1,Tulkarem,pm25,6h,13.54,9.160064,14.560729166666668,13.639604,oof,fold_2,xgboost,4.3799362564086906,4.3799362564086906,False,False
2026-08-18T07:15:00Z,2,Nablus,pm25,6h,15.64,11.407434,15.507291666666667,14.545913,oof,fold_2,xgboost,4.232565536499024,4.232565536499024,True,False
2026-08-18T07:15:00Z,4,Nablus,pm25,6h,11.52,9.319861,13.75875,13.7479105,oof,fold_2,xgboost,2.2001385879516597,2.2001385879516597,False,False
2026-08-18T07:15:00Z,5,Nablus,pm25,6h,13.59,10.614282,16.197708333333335,15.714898,oof,fold_2,xgboost,2.9757183456420897,2.9757183456420897,True,True
2026-08-18T07:30:00Z,1,Tulkarem,pm25,6h,14.13,9.915577,14.647604166666667,13.482217,oof,fold_2,xgboost,4.214423065185548,4.214423065185548,False,False
2026-08-18T07:30:00Z,2,Nablus,pm25,6h,14.57,10.179348,15.565,14.633398,oof,fold_2,xgboost,4.390652008056641,4.390652008056641,True,False
2026-08-18T07:30:00Z,4,Nablus,pm25,6h,11.31,9.171344,13.801770833333334,13.730505,oof,fold_2,xgboost,2.138656196594239,2.138656196594239,False,False
2026-08-18T07:30:00Z,5,Nablus,pm25,6h,13.65,10.524763,16.249479166666664,15.531577,oof,fold_2,xgboost,3.1252368927001957,3.1252368927001957,True,True
2026-08-18T07:45:00Z,1,Tulkarem,pm25,6h,14.3,10.156554,14.725520833333333,13.989909,oof,fold_2,xgboost,4.143445777893067,4.143445777893067,False,False
2026-08-18T07:45:00Z,2,Nablus,pm25,6h,14.53,10.970579,15.61625,14.539856,oof,fold_2,xgboost,3.559420852661132,3.559420852661132,True,False
2026-08-18T07:45:00Z,4,Nablus,pm25,6h,10.88,9.225603,13.839479166666663,13.7292795,oof,fold_2,xgboost,1.6543968963623055,1.6543968963623055,False,False
2026-08-18T07:45:00Z,5,Nablus,pm25,6h,13.78,10.792448,16.300208333333334,15.515157,oof,fold_2,xgboost,2.987551956176757,2.987551956176757,True,True
2026-08-18T08:00:00Z,1,Tulkarem,pm25,6h,14.93,10.73468,14.79125,14.055061,oof,fold_2,xgboost,4.19531982421875,4.19531982421875,False,False
2026-08-18T08:00:00Z,2,Nablus,pm25,6h,14.31,11.58979,15.676875,14.512736,oof,fold_2,xgboost,2.7202096557617192,2.7202096557617192,True,False
2026-08-18T08:00:00Z,4,Nablus,pm25,6h,10.91,9.362178,13.8825,14.036508,oof,fold_2,xgboost,1.5478221511840822,1.5478221511840822,False,False
2026-08-18T08:00:00Z,5,Nablus,pm25,6h,13.6,10.425855,16.3471875,15.48152,oof,fold_2,xgboost,3.1741453170776364,3.1741453170776364,True,True
2026-08-18T08:15:00Z,1,Tulkarem,pm25,6h,15.52,9.109224,14.845416666666669,14.2096615,oof,fold_2,xgboost,6.410775680541992,6.410775680541992,False,False
2026-08-18T08:15:00Z,2,Nablus,pm25,6h,14.55,11.58796,15.7415625,14.510975,oof,fold_2,xgboost,2.962039756774903,2.962039756774903,True,False
2026-08-18T08:15:00Z,4,Nablus,pm25,6h,14.71,9.800773,13.965000000000002,14.047425,oof,fold_2,xgboost,4.9092273330688485,4.9092273330688485,False,False
2026-08-18T08:15:00Z,5,Nablus,pm25,6h,13.52,10.325344,16.395,15.461666,oof,fold_2,xgboost,3.19465591430664,3.19465591430664,True,True
2026-08-18T08:30:00Z,1,Tulkarem,pm25,6h,15.36,10.932379,14.893645833333336,14.28591,oof,fold_2,xgboost,4.427621231079101,4.427621231079101,False,False
2026-08-18T08:30:00Z,2,Nablus,pm25,6h,15.2,10.808528,15.809479166666668,14.461585,oof,fold_2,xgboost,4.391472053527831,4.391472053527831,True,False
2026-08-18T08:30:00Z,4,Nablus,pm25,6h,13.28,9.871789,14.032708333333334,14.067022,oof,fold_2,xgboost,3.408211021423339,3.408211021423339,False,False
2026-08-18T08:30:00Z,5,Nablus,pm25,6h,14.17,10.729543,16.443645833333335,15.469557,oof,fold_2,xgboost,3.4404572677612304,3.4404572677612304,True,True
2026-08-18T08:45:00Z,1,Tulkarem,pm25,6h,15.33,10.377077,14.940104166666666,14.110572,oof,fold_2,xgboost,4.952922897338867,4.952922897338867,False,False
2026-08-18T08:45:00Z,2,Nablus,pm25,6h,15.51,11.954079,15.874479166666667,14.504694,oof,fold_2,xgboost,3.5559213256835935,3.5559213256835935,True,False
2026-08-18T08:45:00Z,4,Nablus,pm25,6h,16.36,9.9668045,14.128229166666666,14.063743,oof,fold_2,xgboost,6.393195495605468,6.393195495605468,False,False
2026-08-18T08:45:00Z,5,Nablus,pm25,6h,15.32,10.554214,16.497916666666665,15.340592,oof,fold_2,xgboost,4.765786476135254,4.765786476135254,True,True
2026-08-18T09:00:00Z,1,Tulkarem,pm25,6h,15.55,11.139954,14.990208333333332,14.338282,oof,fold_2,xgboost,4.410046386718751,4.410046386718751,False,False
2026-08-18T09:00:00Z,2,Nablus,pm25,6h,17.42,12.002745,15.95604166666667,14.559907,oof,fold_2,xgboost,5.4172553253173845,5.4172553253173845,True,False
2026-08-18T09:00:00Z,4,Nablus,pm25,6h,13.45,10.718038,14.183125,14.086113,oof,fold_2,xgboost,2.7319623947143548,2.7319623947143548,False,False
2026-08-18T09:00:00Z,5,Nablus,pm25,6h,16.51,11.397532,16.560729166666665,15.323733,oof,fold_2,xgboost,5.112467536926271,5.112467536926271,True,True
2026-08-18T09:15:00Z,1,Tulkarem,pm25,6h,15.56,9.287681,15.043124999999998,14.427088,oof,fold_2,xgboost,6.272319374084473,6.272319374084473,True,False
2026-08-18T09:15:00Z,2,Nablus,pm25,6h,16.28,11.858184,16.02416666666667,14.549506,oof,fold_2,xgboost,4.4218161392211925,4.4218161392211925,True,False
2026-08-18T09:15:00Z,4,Nablus,pm25,6h,13.37,10.433961,14.236979166666666,14.106061,oof,fold_2,xgboost,2.936039085388183,2.936039085388183,False,False
2026-08-18T09:15:00Z,5,Nablus,pm25,6h,17.38,11.531934,16.629270833333333,15.445927,oof,fold_2,xgboost,5.848066215515136,5.848066215515136,True,True
2026-08-18T09:30:00Z,1,Tulkarem,pm25,6h,15.69,9.322918,15.104583333333332,14.421092,oof,fold_2,xgboost,6.367082061767578,6.367082061767578,True,False
2026-08-18T09:30:00Z,2,Nablus,pm25,6h,16.57,12.371404,16.076770833333335,14.569241,oof,fold_2,xgboost,4.198596305847168,4.198596305847168,True,False
2026-08-18T09:30:00Z,4,Nablus,pm25,6h,14.34,10.798144,14.294270833333334,14.134448,oof,fold_2,xgboost,3.541855659484863,3.541855659484863,False,False
2026-08-18T09:30:00Z,5,Nablus,pm25,6h,17.75,11.876943,16.696770833333332,15.306143,oof,fold_2,xgboost,5.8730573654174805,5.8730573654174805,True,True
2026-08-18T09:45:00Z,1,Tulkarem,pm25,6h,15.58,9.528883,15.155520833333332,14.530715,oof,fold_2,xgboost,6.05111701965332,6.05111701965332,True,False
2026-08-18T09:45:00Z,2,Nablus,pm25,6h,17.1,11.650017,16.140416666666667,14.54236,oof,fold_2,xgboost,5.449983215332033,5.449983215332033,True,False
2026-08-18T09:45:00Z,4,Nablus,pm25,6h,14.49,10.540913,14.345833333333331,14.212823,oof,fold_2,xgboost,3.949087371826172,3.949087371826172,False,False
2026-08-18T09:45:00Z,5,Nablus,pm25,6h,18.29,11.425104,16.7553125,15.20042,oof,fold_2,xgboost,6.864895858764648,6.864895858764648,True,True
2026-08-18T10:00:00Z,1,Tulkarem,pm25,6h,16.27,14.288412,15.207083333333337,14.604597,oof,fold_2,xgboost,1.9815879058837886,1.9815879058837886,True,False
2026-08-18T10:00:00Z,2,Nablus,pm25,6h,19.34,14.962648,16.215416666666666,14.670297,oof,fold_2,xgboost,4.377351608276367,4.377351608276367,True,False
2026-08-18T10:00:00Z,4,Nablus,pm25,6h,15.38,12.447424,14.403541666666667,14.40868,oof,fold_2,xgboost,2.9325760650634773,2.9325760650634773,False,False
2026-08-18T10:00:00Z,5,Nablus,pm25,6h,19.11,13.70157,16.818541666666665,14.999042,oof,fold_2,xgboost,5.408430442810058,5.408430442810058,True,False
2026-08-18T10:15:00Z,1,Tulkarem,pm25,6h,17.46,13.500672,15.267083333333332,14.630061,oof,fold_2,xgboost,3.9593276596069344,3.9593276596069344,True,False
2026-08-18T10:15:00Z,2,Nablus,pm25,6h,20.99,15.414287,16.303020833333335,14.745618,oof,fold_2,xgboost,5.575713386535643,5.575713386535643,True,False
2026-08-18T10:15:00Z,4,Nablus,pm25,6h,17.36,12.609136,14.473333333333334,14.519263,oof,fold_2,xgboost,4.750864372253417,4.750864372253417,False,False
2026-08-18T10:15:00Z,5,Nablus,pm25,6h,20.18,13.565143,16.885520833333334,14.946839,oof,fold_2,xgboost,6.614857368469238,6.614857368469238,True,False
2026-08-18T10:30:00Z,1,Tulkarem,pm25,6h,18.33,13.8040695,15.330104166666668,14.488422,oof,fold_2,xgboost,4.5259304809570295,4.5259304809570295,True,False
2026-08-18T10:30:00Z,2,Nablus,pm25,6h,21.49,14.917348,16.3859375,14.830212,oof,fold_2,xgboost,6.572652091979979,6.572652091979979,True,False
2026-08-18T10:30:00Z,4,Nablus,pm25,6h,18.64,12.211839,14.543854166666668,14.541213,oof,fold_2,xgboost,6.428161277770997,6.428161277770997,False,False
2026-08-18T10:30:00Z,5,Nablus,pm25,6h,20.84,13.84907,16.9528125,15.04915,oof,fold_2,xgboost,6.990930404663086,6.990930404663086,True,True
2026-08-18T10:45:00Z,1,Tulkarem,pm25,6h,19.09,12.577586,15.400729166666666,14.226989,oof,fold_2,xgboost,6.512413825988769,6.512413825988769,True,False
2026-08-18T10:45:00Z,2,Nablus,pm25,6h,21.73,15.529894,16.468333333333334,14.847844,oof,fold_2,xgboost,6.20010612487793,6.20010612487793,True,False
2026-08-18T10:45:00Z,4,Nablus,pm25,6h,19.43,12.247179,14.619270833333331,14.655688,oof,fold_2,xgboost,7.182820968627929,7.182820968627929,False,False
2026-08-18T10:45:00Z,5,Nablus,pm25,6h,21.72,14.17688,17.034583333333334,14.859748,oof,fold_2,xgboost,7.543120117187499,7.543120117187499,True,False
2026-08-18T11:00:00Z,1,Tulkarem,pm25,6h,18.81,16.228119,15.464583333333332,13.948176,oof,fold_2,xgboost,2.5818811035156237,2.5818811035156237,True,False
2026-08-18T11:00:00Z,2,Nablus,pm25,6h,22.97,17.444279,16.55333333333333,14.938363,oof,fold_2,xgboost,5.525721282958983,5.525721282958983,True,False
2026-08-18T11:00:00Z,4,Nablus,pm25,6h,20.32,14.071392,14.693645833333337,14.611268,oof,fold_2,xgboost,6.248607940673828,6.248607940673828,False,False
2026-08-18T11:00:00Z,5,Nablus,pm25,6h,22.21,16.199848,17.114791666666665,14.7053385,oof,fold_2,xgboost,6.010151824951173,6.010151824951173,True,False
2026-08-18T11:15:00Z,1,Tulkarem,pm25,6h,18.49,16.600668,15.523541666666668,14.258081,oof,fold_2,xgboost,1.8893320465087875,1.8893320465087875,True,False
2026-08-18T11:15:00Z,2,Nablus,pm25,6h,23.0,17.663544,16.6346875,14.961398,oof,fold_2,xgboost,5.336456298828125,5.336456298828125,True,False
2026-08-18T11:15:00Z,4,Nablus,pm25,6h,21.28,14.333993,14.776458333333336,14.778686,oof,fold_2,xgboost,6.9460070419311535,6.9460070419311535,False,False
2026-08-18T11:15:00Z,5,Nablus,pm25,6h,23.35,16.778774,17.207604166666666,14.791016,oof,fold_2,xgboost,6.571225738525392,6.571225738525392,True,False
2026-08-18T11:30:00Z,1,Tulkarem,pm25,6h,18.76,15.1266365,15.582708333333334,14.241158,oof,fold_2,xgboost,3.6333634948730484,3.6333634948730484,True,False
2026-08-18T11:30:00Z,2,Nablus,pm25,6h,22.96,17.65343,16.711770833333333,15.111158,oof,fold_2,xgboost,5.306569061279298,5.306569061279298,True,True
2026-08-18T11:30:00Z,4,Nablus,pm25,6h,21.31,14.334779,14.853541666666668,14.80392,oof,fold_2,xgboost,6.975221214294432,6.975221214294432,False,False
2026-08-18T11:30:00Z,5,Nablus,pm25,6h,23.78,17.067955,17.303124999999998,14.800622,oof,fold_2,xgboost,6.712044982910157,6.712044982910157,True,False
2026-08-18T11:45:00Z,1,Tulkarem,pm25,6h,19.04,16.901377,15.646145833333334,14.158447,oof,fold_2,xgboost,2.138623275756835,2.138623275756835,True,False
2026-08-18T11:45:00Z,2,Nablus,pm25,6h,23.91,17.588469,16.79854166666667,15.042371,oof,fold_2,xgboost,6.321531448364258,6.321531448364258,True,True
2026-08-18T11:45:00Z,4,Nablus,pm25,6h,21.19,14.187168,14.926666666666668,14.879716,oof,fold_2,xgboost,7.002831878662111,7.002831878662111,False,False
2026-08-18T11:45:00Z,5,Nablus,pm25,6h,23.98,16.03055,17.397187499999998,14.488666,oof,fold_2,xgboost,7.949449996948243,7.949449996948243,True,False
2026-08-18T12:00:00Z,1,Tulkarem,pm25,6h,19.87,17.772085,15.717916666666667,14.267588,oof,fold_2,xgboost,2.097914810180665,2.097914810180665,True,False
2026-08-18T12:00:00Z,2,Nablus,pm25,6h,23.8,18.528118,16.886770833333333,15.080823,oof,fold_2,xgboost,5.271881866455079,5.271881866455079,True,True
2026-08-18T12:00:00Z,4,Nablus,pm25,6h,21.53,14.915974,15.005,14.913136,oof,fold_2,xgboost,6.614026336669923,6.614026336669923,True,False
2026-08-18T12:00:00Z,5,Nablus,pm25,6h,24.18,15.956395,17.4896875,14.53882,oof,fold_2,xgboost,8.223604850769043,8.223604850769043,True,False
2026-08-18T12:15:00Z,1,Tulkarem,pm25,6h,18.86,17.737299,15.777604166666665,14.551086,oof,fold_2,xgboost,1.1227010345458979,1.1227010345458979,True,False
2026-08-18T12:15:00Z,2,Nablus,pm25,6h,24.62,18.706095,16.985312500000003,15.107267,oof,fold_2,xgboost,5.913905258178712,5.913905258178712,True,True
2026-08-18T12:15:00Z,4,Nablus,pm25,6h,22.3,14.632638,15.0884375,14.842413,oof,fold_2,xgboost,7.667362022399903,7.667362022399903,True,False
2026-08-18T12:15:00Z,5,Nablus,pm25,6h,23.04,16.445482,17.561666666666664,14.324271,oof,fold_2,xgboost,6.594517745971679,6.594517745971679,True,False
2026-08-18T12:30:00Z,1,Tulkarem,pm25,6h,19.29,17.554626,15.843333333333332,14.60364,oof,fold_2,xgboost,1.7353735351562491,1.7353735351562491,True,False
2026-08-18T12:30:00Z,2,Nablus,pm25,6h,25.1,17.40437,17.09375,15.164115,oof,fold_2,xgboost,7.6956306457519545,7.6956306457519545,True,True
2026-08-18T12:30:00Z,4,Nablus,pm25,6h,21.81,14.414435,15.162916666666666,14.77445,oof,fold_2,xgboost,7.395564613342284,7.395564613342284,True,False
2026-08-18T12:30:00Z,5,Nablus,pm25,6h,23.59,16.269215,17.639583333333334,14.384731,oof,fold_2,xgboost,7.320785369873047,7.320785369873047,True,False
2026-08-18T12:45:00Z,1,Tulkarem,pm25,6h,19.46,15.991845,15.908124999999998,14.724085,oof,fold_2,xgboost,3.4681548690795907,3.4681548690795907,True,False
2026-08-18T12:45:00Z,2,Nablus,pm25,6h,25.11,19.391394,17.1984375,15.1732,oof,fold_2,xgboost,5.718606338500976,5.718606338500976,True,True
2026-08-18T12:45:00Z,4,Nablus,pm25,6h,21.55,14.229189,15.2315625,14.76508,oof,fold_2,xgboost,7.320811080932618,7.320811080932618,True,False
2026-08-18T12:45:00Z,5,Nablus,pm25,6h,23.46,17.054043,17.7221875,14.296353,oof,fold_2,xgboost,6.4059571838378915,6.4059571838378915,True,False
2026-08-18T13:00:00Z,1,Tulkarem,pm25,6h,19.02,15.025854,15.97125,14.729047,oof,fold_2,xgboost,3.994145889282226,3.994145889282226,True,False
2026-08-18T13:00:00Z,2,Nablus,pm25,6h,26.69,18.5942,17.304583333333333,15.17261,oof,fold_2,xgboost,8.095799865722658,8.095799865722658,True,True
2026-08-18T13:00:00Z,4,Nablus,pm25,6h,21.84,14.458618,15.302395833333334,14.22049,oof,fold_2,xgboost,7.3813818359375,7.3813818359375,True,False
2026-08-18T13:00:00Z,5,Nablus,pm25,6h,22.85,16.329224,17.798750000000002,14.314867,oof,fold_2,xgboost,6.520776367187501,6.520776367187501,True,False
2026-08-18T13:15:00Z,1,Tulkarem,pm25,6h,18.88,15.121447,16.03125,14.5053215,oof,fold_2,xgboost,3.7585533905029287,3.7585533905029287,True,False
2026-08-18T13:15:00Z,2,Nablus,pm25,6h,23.79,18.543003,17.38083333333333,15.165454,oof,fold_2,xgboost,5.2469969177246085,5.2469969177246085,True,True
2026-08-18T13:15:00Z,4,Nablus,pm25,6h,21.94,14.849962,15.376875,14.2833805,oof,fold_2,xgboost,7.090037765502931,7.090037765502931,True,False
2026-08-18T13:15:00Z,5,Nablus,pm25,6h,23.28,15.751328,17.877395833333335,14.3151655,oof,fold_2,xgboost,7.528671531677247,7.528671531677247,True,False
2026-08-18T13:30:00Z,1,Tulkarem,pm25,6h,19.15,14.938016,16.09447916666667,14.615008,oof,fold_2,xgboost,4.211984062194823,4.211984062194823,True,False
2026-08-18T13:30:00Z,2,Nablus,pm25,6h,23.59,17.688282,17.4578125,15.335694,oof,fold_2,xgboost,5.901717987060547,5.901717987060547,True,True
2026-08-18T13:30:00Z,4,Nablus,pm25,6h,22.3,14.834706,15.448125,14.308106,oof,fold_2,xgboost,7.465293693542481,7.465293693542481,True,False
2026-08-18T13:30:00Z,5,Nablus,pm25,6h,21.86,15.769472,17.934375,14.175374,oof,fold_2,xgboost,6.090527877807617,6.090527877807617,True,False
2026-08-18T13:45:00Z,1,Tulkarem,pm25,6h,18.14,14.802269,16.151145833333334,14.769212,oof,fold_2,xgboost,3.337731018066407,3.337731018066407,True,False
2026-08-18T13:45:00Z,2,Nablus,pm25,6h,23.06,17.63128,17.523229166666667,15.381817,oof,fold_2,xgboost,5.428719100952147,5.428719100952147,True,True
2026-08-18T13:45:00Z,4,Nablus,pm25,6h,20.98,14.801829,15.505520833333335,14.150222,oof,fold_2,xgboost,6.17817066192627,6.17817066192627,True,False
2026-08-18T13:45:00Z,5,Nablus,pm25,6h,23.25,16.693771,18.007291666666664,14.1222,oof,fold_2,xgboost,6.5562286376953125,6.5562286376953125,True,False
2026-08-18T14:00:00Z,1,Tulkarem,pm25,6h,18.53,14.523475,16.2065625,14.767873,oof,fold_2,xgboost,4.006525306701661,4.006525306701661,True,False
2026-08-18T14:00:00Z,2,Nablus,pm25,6h,23.88,15.309521,17.589166666666667,15.248844,oof,fold_2,xgboost,8.570479278564452,8.570479278564452,True,True
2026-08-18T14:00:00Z,4,Nablus,pm25,6h,19.95,14.684846,15.542291666666666,14.155786,oof,fold_2,xgboost,5.265154075622558,5.265154075622558,True,False
2026-08-18T14:00:00Z,5,Nablus,pm25,6h,21.11,15.577676,18.054583333333333,13.904412,oof,fold_2,xgboost,5.532324180603027,5.532324180603027,True,False
2026-08-18T14:15:00Z,1,Tulkarem,pm25,6h,18.12,15.860191,16.254375,14.829561,oof,fold_2,xgboost,2.2598086547851572,2.2598086547851572,True,False
2026-08-18T14:15:00Z,2,Nablus,pm25,6h,22.31,16.157238,17.643229166666668,15.201417,oof,fold_2,xgboost,6.152761993408202,6.152761993408202,True,True
2026-08-18T14:15:00Z,4,Nablus,pm25,6h,19.78,15.8844595,15.566770833333337,14.01916,oof,fold_2,xgboost,3.8955405044555675,3.8955405044555675,True,False
2026-08-18T14:15:00Z,5,Nablus,pm25,6h,21.39,15.940448,18.096041666666665,14.000689,oof,fold_2,xgboost,5.449552192687989,5.449552192687989,True,False
2026-08-18T14:30:00Z,1,Tulkarem,pm25,6h,16.81,14.610261,16.2890625,14.851825,oof,fold_2,xgboost,2.1997390365600573,2.1997390365600573,True,False
2026-08-18T14:30:00Z,2,Nablus,pm25,6h,22.29,15.157244,17.7109375,15.295962,oof,fold_2,xgboost,7.132756271362304,7.132756271362304,True,True
2026-08-18T14:30:00Z,4,Nablus,pm25,6h,20.03,15.650374,15.61125,13.601104,oof,fold_2,xgboost,4.37962558746338,4.37962558746338,True,False
2026-08-18T14:30:00Z,5,Nablus,pm25,6h,21.2,14.824025,18.15041666666667,14.206035,oof,fold_2,xgboost,6.37597484588623,6.37597484588623,True,False
2026-08-18T14:45:00Z,1,Tulkarem,pm25,6h,16.61,15.38123,16.318854166666664,14.914808,oof,fold_2,xgboost,1.2287696456909174,1.2287696456909174,True,False
2026-08-18T14:45:00Z,2,Nablus,pm25,6h,21.32,16.25205,17.774479166666666,15.405045,oof,fold_2,xgboost,5.067949600219727,5.067949600219727,True,True
2026-08-18T14:45:00Z,4,Nablus,pm25,6h,19.01,16.43669,15.667708333333335,13.918568,oof,fold_2,xgboost,2.573310623168947,2.573310623168947,True,False
2026-08-18T14:45:00Z,5,Nablus,pm25,6h,21.95,14.196452,18.2059375,14.305644,oof,fold_2,xgboost,7.753547859191894,7.753547859191894,True,False
2026-08-18T15:00:00Z,1,Tulkarem,pm25,6h,16.92,15.926777,16.349791666666665,15.269629,oof,fold_2,xgboost,0.9932231140136736,0.9932231140136736,True,True
2026-08-18T15:00:00Z,2,Nablus,pm25,6h,21.44,16.15106,17.838645833333334,15.488753,oof,fold_2,xgboost,5.288939895629884,5.288939895629884,True,True
2026-08-18T15:00:00Z,4,Nablus,pm25,6h,18.93,15.548572,15.721666666666666,13.787136,oof,fold_2,xgboost,3.381428413391113,3.381428413391113,True,False
2026-08-18T15:00:00Z,5,Nablus,pm25,6h,22.28,16.132711,18.257708333333333,14.831189,oof,fold_2,xgboost,6.14728858947754,6.14728858947754,True,False
2026-08-18T15:15:00Z,1,Tulkarem,pm25,6h,17.19,16.151022,16.371979166666666,15.243222,oof,fold_2,xgboost,1.0389780426025403,1.0389780426025403,True,True
2026-08-18T15:15:00Z,2,Nablus,pm25,6h,20.91,16.406765,17.883020833333337,15.383626,oof,fold_2,xgboost,4.503235015869141,4.503235015869141,True,True
2026-08-18T15:15:00Z,4,Nablus,pm25,6h,19.14,15.433619,15.767083333333334,13.795745,oof,fold_2,xgboost,3.706381454467774,3.706381454467774,True,False
2026-08-18T15:15:00Z,5,Nablus,pm25,6h,21.98,16.254509,18.265833333333333,14.972299,oof,fold_2,xgboost,5.725491027832032,5.725491027832032,True,False
2026-08-18T15:30:00Z,1,Tulkarem,pm25,6h,17.42,16.71915,16.395208333333333,15.156475,oof,fold_2,xgboost,0.7008494567871111,0.7008494567871111,True,True
2026-08-18T15:30:00Z,2,Nablus,pm25,6h,20.72,16.440378,17.9259375,15.442855,oof,fold_2,xgboost,4.279621810913085,4.279621810913085,True,True
2026-08-18T15:30:00Z,4,Nablus,pm25,6h,19.7,15.625486,15.813854166666667,13.67009,oof,fold_2,xgboost,4.074513626098632,4.074513626098632,True,False
2026-08-18T15:30:00Z,5,Nablus,pm25,6h,21.16,16.296648,18.29010416666667,14.966792,oof,fold_2,xgboost,4.863351974487305,4.863351974487305,True,False
2026-08-18T15:45:00Z,1,Tulkarem,pm25,6h,17.14,17.034174,16.416145833333335,15.283781,oof,fold_2,xgboost,0.105826034545899,0.105826034545899,True,True
2026-08-18T15:45:00Z,2,Nablus,pm25,6h,20.73,16.814903,17.949375,15.404302,oof,fold_2,xgboost,3.9150967407226567,3.9150967407226567,True,True
2026-08-18T15:45:00Z,4,Nablus,pm25,6h,20.29,14.712375,15.8696875,13.65989,oof,fold_2,xgboost,5.577625312805175,5.577625312805175,True,False
2026-08-18T15:45:00Z,5,Nablus,pm25,6h,23.43,15.815396,18.35625,15.0429125,oof,fold_2,xgboost,7.614603691101074,7.614603691101074,True,True
2026-08-18T16:00:00Z,1,Tulkarem,pm25,6h,17.5,15.976453,16.446770833333336,15.30071,oof,fold_2,xgboost,1.5235471725463867,1.5235471725463867,True,True
2026-08-18T16:00:00Z,2,Nablus,pm25,6h,22.09,18.048912,17.93041666666667,15.705233,oof,fold_2,xgboost,4.041087951660156,4.041087951660156,True,True
2026-08-18T16:00:00Z,4,Nablus,pm25,6h,20.41,13.995979,15.930104166666668,13.71319,oof,fold_2,xgboost,6.414020690917969,6.414020690917969,True,False
2026-08-18T16:00:00Z,5,Nablus,pm25,6h,23.73,15.432748,18.4221875,15.075054,oof,fold_2,xgboost,8.297252159118653,8.297252159118653,True,True
2026-08-18T16:15:00Z,1,Tulkarem,pm25,6h,17.71,15.900149,16.471666666666668,15.313665,oof,fold_2,xgboost,1.8098506546020516,1.8098506546020516,True,True
2026-08-18T16:15:00Z,2,Nablus,pm25,6h,21.68,18.01152,17.949479166666666,16.211622,oof,fold_2,xgboost,3.668479614257812,3.668479614257812,True,True
2026-08-18T16:15:00Z,4,Nablus,pm25,6h,21.87,15.180767,16.005520833333332,13.8956,oof,fold_2,xgboost,6.689232940673829,6.689232940673829,True,False
2026-08-18T16:15:00Z,5,Nablus,pm25,6h,23.6,14.714413,18.491041666666668,15.2007675,oof,fold_2,xgboost,8.885587310791017,8.885587310791017,True,True
2026-08-18T16:30:00Z,1,Tulkarem,pm25,6h,17.8,16.056593,16.495833333333334,15.326552,oof,fold_2,xgboost,1.743407058715821,1.743407058715821,True,True
2026-08-18T16:30:00Z,2,Nablus,pm25,6h,20.98,17.271843,17.988541666666666,15.978549,oof,fold_2,xgboost,3.7081570434570317,3.7081570434570317,True,True
2026-08-18T16:30:00Z,4,Nablus,pm25,6h,20.55,16.298635,16.068854166666664,14.164479,oof,fold_2,xgboost,4.251364517211915,4.251364517211915,True,False
2026-08-18T16:30:00Z,5,Nablus,pm25,6h,27.42,15.597926,18.601875,15.431387,oof,fold_2,xgboost,11.822073860168459,11.822073860168459,True,True
2026-08-18T16:45:00Z,1,Tulkarem,pm25,6h,18.78,16.599163,16.50583333333333,15.02781,oof,fold_2,xgboost,2.1808369445800793,2.1808369445800793,True,True
2026-08-18T16:45:00Z,2,Nablus,pm25,6h,21.02,17.471392,18.0378125,16.277004,oof,fold_2,xgboost,3.5486083221435543,3.5486083221435543,True,True
2026-08-18T16:45:00Z,4,Nablus,pm25,6h,20.16,16.008614,16.133020833333333,14.157638,oof,fold_2,xgboost,4.151386413574219,4.151386413574219,True,False
2026-08-18T16:45:00Z,5,Nablus,pm25,6h,23.35,16.075672,18.67375,15.622373,oof,fold_2,xgboost,7.274327850341798,7.274327850341798,True,True
2026-08-18T17:00:00Z,1,Tulkarem,pm25,6h,23.73,16.589037,16.5703125,14.766817,oof,fold_2,xgboost,7.14096305847168,7.14096305847168,True,False
2026-08-18T17:00:00Z,2,Nablus,pm25,6h,20.58,18.69781,18.086770833333336,16.571228,oof,fold_2,xgboost,1.8821907806396467,1.8821907806396467,True,True
2026-08-18T17:00:00Z,4,Nablus,pm25,6h,20.14,14.7835245,16.19604166666667,14.066794,oof,fold_2,xgboost,5.356475486755372,5.356475486755372,True,False
2026-08-18T17:00:00Z,5,Nablus,pm25,6h,22.77,15.333027,18.736979166666668,15.652539,oof,fold_2,xgboost,7.4369731140136714,7.4369731140136714,True,True
2026-08-18T17:15:00Z,1,Tulkarem,pm25,6h,24.9,16.712393,16.6584375,14.733167,oof,fold_2,xgboost,8.187607192993163,8.187607192993163,True,False
2026-08-18T17:15:00Z,2,Nablus,pm25,6h,20.76,18.588203,18.14197916666667,16.901112,oof,fold_2,xgboost,2.1717965698242203,2.1717965698242203,True,True
2026-08-18T17:15:00Z,4,Nablus,pm25,6h,19.77,15.301914,16.25541666666667,14.49817,oof,fold_2,xgboost,4.468085784912109,4.468085784912109,True,False
2026-08-18T17:15:00Z,5,Nablus,pm25,6h,23.33,16.171242,18.80270833333333,16.10972,oof,fold_2,xgboost,7.158758239746092,7.158758239746092,True,True
2026-08-18T17:30:00Z,1,Tulkarem,pm25,6h,21.44,16.597893,16.7184375,15.047549,oof,fold_2,xgboost,4.8421072387695325,4.8421072387695325,True,True
2026-08-18T17:30:00Z,2,Nablus,pm25,6h,19.84,18.341068,18.19125,16.913069,oof,fold_2,xgboost,1.4989317321777342,1.4989317321777342,True,True
2026-08-18T17:30:00Z,4,Nablus,pm25,6h,18.69,14.969718,16.303749999999997,14.694682,oof,fold_2,xgboost,3.720282020568849,3.720282020568849,True,False
2026-08-18T17:30:00Z,5,Nablus,pm25,6h,22.69,17.745691,18.86625,16.86781,oof,fold_2,xgboost,4.944308700561525,4.944308700561525,True,True
2026-08-18T17:45:00Z,1,Tulkarem,pm25,6h,21.57,16.463684,16.780729166666667,15.06305,oof,fold_2,xgboost,5.10631591796875,5.10631591796875,True,True
2026-08-18T17:45:00Z,2,Nablus,pm25,6h,19.56,18.334139,18.23125,17.490084,oof,fold_2,xgboost,1.225861129760741,1.225861129760741,True,True
2026-08-18T17:45:00Z,4,Nablus,pm25,6h,18.43,14.303801,16.3440625,14.708053,oof,fold_2,xgboost,4.1261994171142575,4.1261994171142575,True,False
2026-08-18T17:45:00Z,5,Nablus,pm25,6h,23.11,16.923914,18.929479166666667,16.745016,oof,fold_2,xgboost,6.186086044311523,6.186086044311523,True,True
2026-08-18T18:00:00Z,1,Tulkarem,pm25,6h,23.52,16.775866,16.853125000000002,15.305606,oof,fold_2,xgboost,6.744134445190429,6.744134445190429,True,True
2026-08-18T18:00:00Z,2,Nablus,pm25,6h,19.39,18.195414,18.26760416666667,17.518593,oof,fold_2,xgboost,1.1945864105224615,1.1945864105224615,True,True
2026-08-18T18:00:00Z,4,Nablus,pm25,6h,18.15,14.2787285,16.380208333333332,14.695188,oof,fold_2,xgboost,3.8712715148925767,3.8712715148925767,True,False
2026-08-18T18:00:00Z,5,Nablus,pm25,6h,23.48,16.987297,18.991041666666664,17.130156,oof,fold_2,xgboost,6.492702941894532,6.492702941894532,True,True
2026-08-18T18:15:00Z,1,Tulkarem,pm25,6h,24.35,17.035149,16.944062499999998,15.35435,oof,fold_2,xgboost,7.314851379394533,7.314851379394533,True,True
2026-08-18T18:15:00Z,2,Nablus,pm25,6h,19.42,18.003168,18.30375,17.531605,oof,fold_2,xgboost,1.4168318939209001,1.4168318939209001,True,True
2026-08-18T18:15:00Z,4,Nablus,pm25,6h,18.78,13.708352,16.41875,14.774652,oof,fold_2,xgboost,5.0716479110717785,5.0716479110717785,True,False
2026-08-18T18:15:00Z,5,Nablus,pm25,6h,23.14,17.190931,19.04958333333333,16.940056,oof,fold_2,xgboost,5.949068679809571,5.949068679809571,True,True
2026-08-18T18:30:00Z,1,Tulkarem,pm25,6h,21.34,16.812042,17.009687500000002,15.270741,oof,fold_2,xgboost,4.527957763671875,4.527957763671875,True,True
2026-08-18T18:30:00Z,2,Nablus,pm25,6h,19.99,17.780535,18.345,17.378565,oof,fold_2,xgboost,2.209465255737303,2.209465255737303,True,True
2026-08-18T18:30:00Z,4,Nablus,pm25,6h,18.93,15.786236,16.463645833333334,14.861431,oof,fold_2,xgboost,3.143764190673828,3.143764190673828,True,False
2026-08-18T18:30:00Z,5,Nablus,pm25,6h,21.31,17.36754,19.085104166666667,17.034462,oof,fold_2,xgboost,3.9424596405029284,3.9424596405029284,True,True
2026-08-18T18:45:00Z,1,Tulkarem,pm25,6h,20.96,17.402752,17.0703125,15.308501,oof,fold_2,xgboost,3.557248077392579,3.557248077392579,True,True
2026-08-18T18:45:00Z,2,Nablus,pm25,6h,20.49,18.896416,18.390416666666667,17.695398,oof,fold_2,xgboost,1.5935842895507797,1.5935842895507797,True,True
2026-08-18T18:45:00Z,4,Nablus,pm25,6h,18.92,16.916655,16.5025,15.54441,oof,fold_2,xgboost,2.0033454132080095,2.0033454132080095,True,True
2026-08-18T18:45:00Z,5,Nablus,pm25,6h,19.56,17.56831,19.10020833333333,17.166168,oof,fold_2,xgboost,1.9916902160644518,1.9916902160644518,True,True
2026-08-18T19:00:00Z,1,Tulkarem,pm25,6h,20.66,17.710594,17.125416666666666,15.236452,oof,fold_2,xgboost,2.9494058227539064,2.9494058227539064,True,True
2026-08-18T19:00:00Z,2,Nablus,pm25,6h,19.6,19.905075,18.4278125,17.737144,oof,fold_2,xgboost,0.3050750732421861,-0.3050750732421861,True,True
2026-08-18T19:00:00Z,4,Nablus,pm25,6h,18.32,16.734604,16.537916666666664,15.697532,oof,fold_2,xgboost,1.5853961181640628,1.5853961181640628,True,True
2026-08-18T19:00:00Z,5,Nablus,pm25,6h,21.92,17.79202,19.131041666666665,17.16084,oof,fold_2,xgboost,4.1279792022705095,4.1279792022705095,True,True
2026-08-18T19:15:00Z,1,Tulkarem,pm25,6h,21.24,17.902798,17.186354166666668,15.288349,oof,fold_2,xgboost,3.337202301025389,3.337202301025389,True,True
2026-08-18T19:15:00Z,2,Nablus,pm25,6h,20.32,19.096457,18.474791666666665,17.520721,oof,fold_2,xgboost,1.2235434722900393,1.2235434722900393,True,True
2026-08-18T19:15:00Z,4,Nablus,pm25,6h,19.22,16.85852,16.578854166666666,15.929567,oof,fold_2,xgboost,2.361479492187499,2.361479492187499,True,True
2026-08-18T19:15:00Z,5,Nablus,pm25,6h,23.41,18.152374,19.180833333333336,17.193926,oof,fold_2,xgboost,5.257625732421875,5.257625732421875,True,True
2026-08-18T19:30:00Z,1,Tulkarem,pm25,6h,21.93,18.427479,17.2540625,15.435948,oof,fold_2,xgboost,3.5025212097167966,3.5025212097167966,True,True
2026-08-18T19:30:00Z,2,Nablus,pm25,6h,20.43,18.32632,18.515520833333333,17.384548,oof,fold_2,xgboost,2.1036793518066403,2.1036793518066403,True,True
2026-08-18T19:30:00Z,4,Nablus,pm25,6h,19.49,18.183924,16.624375,16.130884,oof,fold_2,xgboost,1.3060762786865219,1.3060762786865219,True,True
2026-08-18T19:30:00Z,5,Nablus,pm25,6h,25.08,17.892387,19.24145833333333,17.3129,oof,fold_2,xgboost,7.1876126098632795,7.1876126098632795,True,True
2026-08-18T19:45:00Z,1,Tulkarem,pm25,6h,20.81,17.489273,17.305729166666666,15.373798,oof,fold_2,xgboost,3.320726928710936,3.320726928710936,True,True
2026-08-18T19:45:00Z,2,Nablus,pm25,6h,20.75,18.337893,18.555729166666666,17.433731,oof,fold_2,xgboost,2.412107467651367,2.412107467651367,True,True
2026-08-18T19:45:00Z,4,Nablus,pm25,6h,18.93,17.58479,16.663541666666667,16.023348,oof,fold_2,xgboost,1.3452107238769528,1.3452107238769528,True,True
2026-08-18T19:45:00Z,5,Nablus,pm25,6h,25.75,18.0347,19.308125,17.361086,oof,fold_2,xgboost,7.715299606323242,7.715299606323242,True,True
2026-08-18T20:00:00Z,1,Tulkarem,pm25,6h,20.47,18.09872,17.359166666666667,15.409655,oof,fold_2,xgboost,2.3712794494628895,2.3712794494628895,True,True
2026-08-18T20:00:00Z,2,Nablus,pm25,6h,19.34,18.34394,18.580104166666665,17.558455,oof,fold_2,xgboost,0.9960592651367186,0.9960592651367186,True,True
2026-08-18T20:00:00Z,4,Nablus,pm25,6h,17.73,17.09582,16.687708333333333,15.842741,oof,fold_2,xgboost,0.6341805267333989,0.6341805267333989,True,True
2026-08-18T20:00:00Z,5,Nablus,pm25,6h,23.96,17.909971,19.347604166666667,17.259546,oof,fold_2,xgboost,6.050028762817384,6.050028762817384,True,True
2026-08-18T20:15:00Z,1,Tulkarem,pm25,6h,20.49,17.85771,17.4128125,15.659329,oof,fold_2,xgboost,2.6322901153564437,2.6322901153564437,True,True
2026-08-18T20:15:00Z,2,Nablus,pm25,6h,17.84,17.940649,18.59083333333333,17.382015,oof,fold_2,xgboost,0.10064903259277358,-0.10064903259277358,True,True
2026-08-18T20:15:00Z,4,Nablus,pm25,6h,17.14,17.055235,16.706770833333334,16.38524,oof,fold_2,xgboost,0.08476509094238338,0.08476509094238338,True,True
2026-08-18T20:15:00Z,5,Nablus,pm25,6h,29.61,17.833,19.43583333333333,17.237803,oof,fold_2,xgboost,11.77699981689453,11.77699981689453,True,True
2026-08-18T20:30:00Z,1,Tulkarem,pm25,6h,20.79,17.726696,17.467916666666667,15.416989,oof,fold_2,xgboost,3.0633039855957023,3.0633039855957023,True,True
2026-08-18T20:30:00Z,2,Nablus,pm25,6h,17.37,18.332047,18.599375,17.324802,oof,fold_2,xgboost,0.9620465087890615,-0.9620465087890615,True,True
2026-08-18T20:30:00Z,4,Nablus,pm25,6h,16.28,16.797379,16.713541666666668,16.372772,oof,fold_2,xgboost,0.5173785400390614,-0.5173785400390614,True,True
2026-08-18T20:30:00Z,5,Nablus,pm25,6h,33.01,17.841978,19.550833333333333,17.276585,oof,fold_2,xgboost,15.16802192687988,15.16802192687988,True,True
2026-08-18T20:45:00Z,1,Tulkarem,pm25,6h,20.11,17.344246,17.516979166666665,15.235002,oof,fold_2,xgboost,2.765754089355468,2.765754089355468,True,True
2026-08-18T20:45:00Z,2,Nablus,pm25,6h,16.26,18.382877,18.58802083333333,17.261341,oof,fold_2,xgboost,2.122877349853514,-2.122877349853514,True,True
2026-08-18T20:45:00Z,4,Nablus,pm25,6h,16.09,17.326126,16.717604166666668,16.474737,oof,fold_2,xgboost,1.2361260986328126,-1.2361260986328126,True,True
2026-08-18T20:45:00Z,5,Nablus,pm25,6h,27.61,18.215515,19.609791666666663,17.282822,oof,fold_2,xgboost,9.39448486328125,9.39448486328125,True,True
2026-08-18T21:00:00Z,1,Tulkarem,pm25,6h,22.17,17.519274,17.585520833333334,15.429867,oof,fold_2,xgboost,4.650726242065431,4.650726242065431,True,True
2026-08-18T21:00:00Z,2,Nablus,pm25,6h,15.68,18.648886,18.570833333333333,17.29564,oof,fold_2,xgboost,2.968885726928711,-2.968885726928711,True,True
2026-08-18T21:00:00Z,4,Nablus,pm25,6h,15.78,17.409878,16.716874999999998,16.268723,oof,fold_2,xgboost,1.62987777709961,-1.62987777709961,True,True
2026-08-18T21:00:00Z,5,Nablus,pm25,6h,20.55,18.786354,19.586145833333333,17.772337,oof,fold_2,xgboost,1.7636459350585945,1.7636459350585945,True,True
2026-08-18T21:15:00Z,1,Tulkarem,pm25,6h,26.11,17.18699,17.697187500000002,15.474272,oof,fold_2,xgboost,8.92300926208496,8.92300926208496,True,True
2026-08-18T21:15:00Z,2,Nablus,pm25,6h,15.18,18.280537,18.546041666666667,17.226984,oof,fold_2,xgboost,3.1005366516113284,-3.1005366516113284,True,True
2026-08-18T21:15:00Z,4,Nablus,pm25,6h,15.28,17.368315,16.70958333333333,15.809684,oof,fold_2,xgboost,2.088314743041993,-2.088314743041993,True,True
2026-08-18T21:15:00Z,5,Nablus,pm25,6h,18.62,19.07025,19.531979166666662,17.881222,oof,fold_2,xgboost,0.4502495574951162,-0.4502495574951162,True,True
2026-08-18T21:30:00Z,1,Tulkarem,pm25,6h,22.1,17.478693,17.763854166666665,15.499654,oof,fold_2,xgboost,4.62130699157715,4.62130699157715,True,True
2026-08-18T21:30:00Z,2,Nablus,pm25,6h,14.04,18.212767,18.5121875,17.36924,oof,fold_2,xgboost,4.172766647338868,-4.172766647338868,True,True
2026-08-18T21:30:00Z,4,Nablus,pm25,6h,14.15,17.524515,16.691875,15.836619,oof,fold_2,xgboost,3.3745151519775387,-3.3745151519775387,True,True
2026-08-18T21:30:00Z,5,Nablus,pm25,6h,17.38,19.198528,19.465729166666662,17.839449,oof,fold_2,xgboost,1.8185282897949229,-1.8185282897949229,True,True
2026-08-18T21:45:00Z,1,Tulkarem,pm25,6h,20.6,17.54263,17.809791666666666,15.501041,oof,fold_2,xgboost,3.057370758056642,3.057370758056642,True,True
2026-08-18T21:45:00Z,2,Nablus,pm25,6h,13.66,18.519405,18.48208333333333,17.427656,oof,fold_2,xgboost,4.859405364990234,-4.859405364990234,True,True
2026-08-18T21:45:00Z,4,Nablus,pm25,6h,13.48,17.708511,16.665625000000002,15.894185,oof,fold_2,xgboost,4.228511352539062,-4.228511352539062,True,True
2026-08-18T21:45:00Z,5,Nablus,pm25,6h,17.7,19.229189,19.407083333333336,18.158333,oof,fold_2,xgboost,1.5291889190673835,-1.5291889190673835,True,True
2026-08-18T22:00:00Z,1,Tulkarem,pm25,6h,19.21,17.506397,17.806041666666665,15.508587,oof,fold_2,xgboost,1.7036027526855477,1.7036027526855477,True,True
2026-08-18T22:00:00Z,2,Nablus,pm25,6h,13.2,18.381931,18.439375,17.311003,oof,fold_2,xgboost,5.181931304931641,-5.181931304931641,True,True
2026-08-18T22:00:00Z,4,Nablus,pm25,6h,13.43,17.983908,16.640729166666667,15.848379,oof,fold_2,xgboost,4.553907699584961,-4.553907699584961,True,True
2026-08-18T22:00:00Z,5,Nablus,pm25,6h,20.55,19.071802,19.386354166666667,17.990253,oof,fold_2,xgboost,1.4781978607177741,1.4781978607177741,True,True
2026-08-18T22:15:00Z,1,Tulkarem,pm25,6h,18.79,17.512575,17.769166666666667,15.567186,oof,fold_2,xgboost,1.2774248504638663,1.2774248504638663,True,True
2026-08-18T22:15:00Z,2,Nablus,pm25,6h,12.73,18.258478,18.38927083333333,17.271505,oof,fold_2,xgboost,5.528478164672851,-5.528478164672851,True,True
2026-08-18T22:15:00Z,4,Nablus,pm25,6h,12.25,18.007135,16.601979166666666,15.930237,oof,fold_2,xgboost,5.757135391235352,-5.757135391235352,True,True
2026-08-18T22:15:00Z,5,Nablus,pm25,6h,15.19,19.22831,19.322604166666668,18.704905,oof,fold_2,xgboost,4.038309631347657,-4.038309631347657,True,True
2026-08-18T22:30:00Z,1,Tulkarem,pm25,6h,17.13,17.712746,17.693020833333332,15.563564,oof,fold_2,xgboost,0.5827456665039072,-0.5827456665039072,True,True
2026-08-18T22:30:00Z,2,Nablus,pm25,6h,12.44,18.25382,18.33489583333333,17.266438,oof,fold_2,xgboost,5.813820419311524,-5.813820419311524,True,True
2026-08-18T22:30:00Z,4,Nablus,pm25,6h,12.15,18.08152,16.560208333333332,15.905031,oof,fold_2,xgboost,5.931520080566406,-5.931520080566406,True,True
2026-08-18T22:30:00Z,5,Nablus,pm25,6h,16.0,20.432535,19.26395833333333,19.348585,oof,fold_2,xgboost,4.432535171508789,-4.432535171508789,True,True
2026-08-18T22:45:00Z,1,Tulkarem,pm25,6h,17.69,18.136843,17.673958333333335,15.62745,oof,fold_2,xgboost,0.44684272766113153,-0.44684272766113153,True,True
2026-08-18T22:45:00Z,2,Nablus,pm25,6h,13.51,18.409863,18.285520833333333,17.297823,oof,fold_2,xgboost,4.899862518310547,-4.899862518310547,True,True
2026-08-18T22:45:00Z,4,Nablus,pm25,6h,11.48,17.865168,16.510208333333335,15.925879,oof,fold_2,xgboost,6.385167617797851,-6.385167617797851,True,True
2026-08-18T22:45:00Z,5,Nablus,pm25,6h,17.81,19.425709,19.2340625,18.787477,oof,fold_2,xgboost,1.6157087707519544,-1.6157087707519544,True,True
2026-08-18T23:00:00Z,1,Tulkarem,pm25,6h,16.74,17.909418,17.685208333333335,15.966726,oof,fold_2,xgboost,1.1694181060791031,-1.1694181060791031,True,True
2026-08-18T23:00:00Z,2,Nablus,pm25,6h,13.39,17.002274,18.24395833333333,17.06096,oof,fold_2,xgboost,3.612273559570312,-3.612273559570312,True,True
2026-08-18T23:00:00Z,4,Nablus,pm25,6h,11.93,16.887533,16.469895833333336,15.9202175,oof,fold_2,xgboost,4.957533187866211,-4.957533187866211,True,True
2026-08-18T23:00:00Z,5,Nablus,pm25,6h,14.81,18.559893,19.183958333333333,18.814117,oof,fold_2,xgboost,3.749892654418945,-3.749892654418945,True,True
2026-08-18T23:15:00Z,1,Tulkarem,pm25,6h,17.64,17.179766,17.676875,15.887343,oof,fold_2,xgboost,0.46023429870605526,0.46023429870605526,True,True
2026-08-18T23:15:00Z,2,Nablus,pm25,6h,13.37,17.183035,18.205416666666668,17.117495,oof,fold_2,xgboost,3.8130348968505867,-3.8130348968505867,True,True
2026-08-18T23:15:00Z,4,Nablus,pm25,6h,11.71,16.858189,16.419687500000002,16.00185,oof,fold_2,xgboost,5.14818862915039,-5.14818862915039,True,True
2026-08-18T23:15:00Z,5,Nablus,pm25,6h,13.33,18.414957,19.13270833333333,19.194523,oof,fold_2,xgboost,5.084957046508789,-5.084957046508789,True,True
2026-08-18T23:30:00Z,1,Tulkarem,pm25,6h,14.11,16.760735,17.619791666666668,16.079704,oof,fold_2,xgboost,2.6507345581054693,-2.6507345581054693,True,True
2026-08-18T23:30:00Z,2,Nablus,pm25,6h,13.35,16.72495,18.162291666666665,16.431404,oof,fold_2,xgboost,3.374950790405274,-3.374950790405274,True,True
2026-08-18T23:30:00Z,4,Nablus,pm25,6h,11.32,17.222101,16.3565625,15.941365,oof,fold_2,xgboost,5.902101211547851,-5.902101211547851,True,True
2026-08-18T23:30:00Z,5,Nablus,pm25,6h,14.4,18.77489,19.101979166666663,19.16803,oof,fold_2,xgboost,4.374890899658203,-4.374890899658203,True,True
2026-08-18T23:45:00Z,1,Tulkarem,pm25,6h,13.08,17.249828,17.571458333333336,16.222296,oof,fold_2,xgboost,4.169828338623047,-4.169828338623047,True,True
2026-08-18T23:45:00Z,2,Nablus,pm25,6h,13.01,16.320242,18.1246875,16.783983,oof,fold_2,xgboost,3.310241928100586,-3.310241928100586,True,True
2026-08-18T23:45:00Z,4,Nablus,pm25,6h,11.35,16.578665,16.2975,15.85953,oof,fold_2,xgboost,5.228664779663086,-5.228664779663086,True,True
2026-08-18T23:45:00Z,5,Nablus,pm25,6h,14.9,18.020504,19.069479166666667,19.078726,oof,fold_2,xgboost,3.120503997802734,-3.120503997802734,True,True
2026-08-19T00:00:00Z,1,Tulkarem,pm25,6h,13.19,17.200573,17.537395833333335,17.945997,oof,fold_2,xgboost,4.010572967529297,-4.010572967529297,True,True
2026-08-19T00:00:00Z,2,Nablus,pm25,6h,13.16,18.609116,18.089166666666667,18.1015,oof,fold_2,xgboost,5.449115600585937,-5.449115600585937,True,True
2026-08-19T00:00:00Z,4,Nablus,pm25,6h,12.02,17.842653,16.246041666666667,17.54592,oof,fold_2,xgboost,5.822653274536133,-5.822653274536133,True,True
2026-08-19T00:00:00Z,5,Nablus,pm25,6h,13.01,19.832596,19.020625,19.827118,oof,fold_2,xgboost,6.822595825195313,-6.822595825195313,True,True
2026-08-19T00:15:00Z,1,Tulkarem,pm25,6h,12.37,16.935184,17.468020833333334,18.03332,oof,fold_2,xgboost,4.565184478759766,-4.565184478759766,True,True
2026-08-19T00:15:00Z,2,Nablus,pm25,6h,12.98,18.560669,18.05,18.121012,oof,fold_2,xgboost,5.5806689453125,-5.5806689453125,True,True
2026-08-19T00:15:00Z,4,Nablus,pm25,6h,13.03,18.091522,16.214270833333334,17.505062,oof,fold_2,xgboost,5.061522216796876,-5.061522216796876,True,True
2026-08-19T00:15:00Z,5,Nablus,pm25,6h,12.42,19.842894,18.9490625,19.778872,oof,fold_2,xgboost,7.422893600463867,-7.422893600463867,True,True
2026-08-19T00:30:00Z,1,Tulkarem,pm25,6h,13.11,17.099236,17.409895833333334,18.248892,oof,fold_2,xgboost,3.9892355346679693,-3.9892355346679693,True,True
2026-08-19T00:30:00Z,2,Nablus,pm25,6h,13.81,18.5106,18.02583333333333,18.129797,oof,fold_2,xgboost,4.700599136352539,-4.700599136352539,True,True
2026-08-19T00:30:00Z,4,Nablus,pm25,6h,12.25,18.200788,16.177812499999998,17.573895,oof,fold_2,xgboost,5.950788497924805,-5.950788497924805,True,True
2026-08-19T00:30:00Z,5,Nablus,pm25,6h,12.72,19.712097,18.894270833333334,19.846016,oof,fold_2,xgboost,6.992097167968749,-6.992097167968749,True,True
2026-08-19T00:45:00Z,1,Tulkarem,pm25,6h,11.56,16.897755,17.358229166666668,18.380226,oof,fold_2,xgboost,5.337754669189453,-5.337754669189453,True,True
2026-08-19T00:45:00Z,2,Nablus,pm25,6h,14.19,18.65284,18.004479166666666,18.149,oof,fold_2,xgboost,4.462839660644532,-4.462839660644532,True,True
2026-08-19T00:45:00Z,4,Nablus,pm25,6h,12.62,18.184996,16.146562499999998,17.573654,oof,fold_2,xgboost,5.564995651245118,-5.564995651245118,True,True
2026-08-19T00:45:00Z,5,Nablus,pm25,6h,12.48,17.72469,18.844375,19.614792,oof,fold_2,xgboost,5.244689483642578,-5.244689483642578,True,True
2026-08-19T01:00:00Z,1,Tulkarem,pm25,6h,10.97,16.96082,17.302083333333332,18.210747,oof,fold_2,xgboost,5.990819244384765,-5.990819244384765,True,True
2026-08-19T01:00:00Z,2,Nablus,pm25,6h,15.08,17.320738,17.995208333333334,18.229895,oof,fold_2,xgboost,2.240737838745117,-2.240737838745117,True,True
2026-08-19T01:00:00Z,4,Nablus,pm25,6h,12.21,16.932432,16.124583333333334,17.476774,oof,fold_2,xgboost,4.722432174682616,-4.722432174682616,True,True
2026-08-19T01:00:00Z,5,Nablus,pm25,6h,12.62,17.208738,18.79958333333333,19.690443,oof,fold_2,xgboost,4.588738327026368,-4.588738327026368,True,True
2026-08-19T01:15:00Z,1,Tulkarem,pm25,6h,11.74,15.972797,17.257916666666667,18.289927,oof,fold_2,xgboost,4.232797393798828,-4.232797393798828,True,True
2026-08-19T01:15:00Z,2,Nablus,pm25,6h,14.76,17.192036,17.983749999999997,18.579496,oof,fold_2,xgboost,2.4320356750488283,-2.4320356750488283,True,True
2026-08-19T01:15:00Z,4,Nablus,pm25,6h,13.05,17.042574,16.108854166666667,16.977201,oof,fold_2,xgboost,3.992573928833007,-3.992573928833007,True,True
2026-08-19T01:15:00Z,5,Nablus,pm25,6h,12.09,17.09564,18.755416666666665,19.731482,oof,fold_2,xgboost,5.005640182495117,-5.005640182495117,True,True
2026-08-19T01:30:00Z,1,Tulkarem,pm25,6h,12.84,15.942377,17.2296875,18.376383,oof,fold_2,xgboost,3.1023770904541017,-3.1023770904541017,True,True
2026-08-19T01:30:00Z,2,Nablus,pm25,6h,14.75,17.022219,17.977083333333333,18.776978,oof,fold_2,xgboost,2.272218704223633,-2.272218704223633,True,True
2026-08-19T01:30:00Z,4,Nablus,pm25,6h,12.53,17.132727,16.085729166666667,17.023829,oof,fold_2,xgboost,4.602726669311524,-4.602726669311524,True,True
2026-08-19T01:30:00Z,5,Nablus,pm25,6h,11.07,17.596375,18.700625,20.086597,oof,fold_2,xgboost,6.52637451171875,-6.52637451171875,True,True
2026-08-19T01:45:00Z,1,Tulkarem,pm25,6h,14.43,16.637083,17.210208333333334,18.327028,oof,fold_2,xgboost,2.2070830535888675,-2.2070830535888675,True,True
2026-08-19T01:45:00Z,2,Nablus,pm25,6h,13.81,17.042288,17.957291666666666,18.624525,oof,fold_2,xgboost,3.2322878265380854,-3.2322878265380854,True,True
2026-08-19T01:45:00Z,4,Nablus,pm25,6h,12.11,17.330614,16.062395833333337,16.890888,oof,fold_2,xgboost,5.220614089965821,-5.220614089965821,True,True
2026-08-19T01:45:00Z,5,Nablus,pm25,6h,11.19,16.801775,18.6525,20.112286,oof,fold_2,xgboost,5.611774978637696,-5.611774978637696,True,True
2026-08-19T02:00:00Z,1,Tulkarem,pm25,6h,15.58,16.284056,17.200625,18.269629,oof,fold_2,xgboost,0.7040557098388671,-0.7040557098388671,True,True
2026-08-19T02:00:00Z,2,Nablus,pm25,6h,13.81,16.99337,17.926145833333333,18.414602,oof,fold_2,xgboost,3.1833700561523433,-3.1833700561523433,True,True
2026-08-19T02:00:00Z,4,Nablus,pm25,6h,11.78,16.733091,16.041145833333335,16.599756,oof,fold_2,xgboost,4.953091354370118,-4.953091354370118,True,True
2026-08-19T02:00:00Z,5,Nablus,pm25,6h,11.8,16.709404,18.62302083333333,20.027151,oof,fold_2,xgboost,4.909403991699218,-4.909403991699218,True,True
2026-08-19T02:15:00Z,1,Tulkarem,pm25,6h,15.8,15.19007,17.207916666666666,18.220335,oof,fold_2,xgboost,0.6099298477172859,0.6099298477172859,True,True
2026-08-19T02:15:00Z,2,Nablus,pm25,6h,13.75,17.190134,17.9046875,18.254429,oof,fold_2,xgboost,3.440134048461914,-3.440134048461914,True,True
2026-08-19T02:15:00Z,4,Nablus,pm25,6h,11.92,16.944786,16.016041666666666,16.628878,oof,fold_2,xgboost,5.024786071777344,-5.024786071777344,True,True
2026-08-19T02:15:00Z,5,Nablus,pm25,6h,11.05,16.026295,18.583125,20.204288,oof,fold_2,xgboost,4.976294708251952,-4.976294708251952,True,True
2026-08-19T02:30:00Z,1,Tulkarem,pm25,6h,16.33,15.2575655,17.203645833333336,18.261646,oof,fold_2,xgboost,1.0724345016479475,1.0724345016479475,True,True
2026-08-19T02:30:00Z,2,Nablus,pm25,6h,13.04,16.753681,17.880416666666665,18.237862,oof,fold_2,xgboost,3.713681182861329,-3.713681182861329,True,True
2026-08-19T02:30:00Z,4,Nablus,pm25,6h,11.69,16.293697,15.9940625,16.45683,oof,fold_2,xgboost,4.603697357177735,-4.603697357177735,True,True
2026-08-19T02:30:00Z,5,Nablus,pm25,6h,12.0,16.173618,18.5590625,20.615091,oof,fold_2,xgboost,4.173618316650391,-4.173618316650391,True,True
2026-08-19T02:45:00Z,1,Tulkarem,pm25,6h,16.39,15.222571,17.219270833333333,17.68492,oof,fold_2,xgboost,1.1674286270141607,1.1674286270141607,True,True
2026-08-19T02:45:00Z,2,Nablus,pm25,6h,13.44,16.603815,17.855104166666667,18.208714,oof,fold_2,xgboost,3.163815078735352,-3.163815078735352,True,True
2026-08-19T02:45:00Z,4,Nablus,pm25,6h,11.91,16.08314,15.96625,16.474558,oof,fold_2,xgboost,4.173139419555664,-4.173139419555664,True,True
2026-08-19T02:45:00Z,5,Nablus,pm25,6h,12.03,15.9127035,18.540208333333336,20.587,oof,fold_2,xgboost,3.8827035140991217,-3.8827035140991217,True,True
2026-08-19T03:00:00Z,1,Tulkarem,pm25,6h,15.29,14.605886,17.213125,17.758278,oof,fold_2,xgboost,0.6841135406494132,0.6841135406494132,True,True
2026-08-19T03:00:00Z,2,Nablus,pm25,6h,12.89,14.720793,17.822916666666668,18.195738,oof,fold_2,xgboost,1.8307927703857416,-1.8307927703857416,True,True
2026-08-19T03:00:00Z,4,Nablus,pm25,6h,12.92,14.602501,15.954791666666663,16.240505,oof,fold_2,xgboost,1.6825009155273438,-1.6825009155273438,True,True
2026-08-19T03:00:00Z,5,Nablus,pm25,6h,11.64,14.812408,18.509479166666665,20.216106,oof,fold_2,xgboost,3.1724084472656244,-3.1724084472656244,True,True
2026-08-19T03:15:00Z,1,Tulkarem,pm25,6h,12.61,14.267331,17.186354166666668,17.910149,oof,fold_2,xgboost,1.6573311233520513,-1.6573311233520513,True,True
2026-08-19T03:15:00Z,2,Nablus,pm25,6h,13.19,14.039498,17.8,18.076027,oof,fold_2,xgboost,0.8494983291625982,-0.8494983291625982,True,True
2026-08-19T03:15:00Z,4,Nablus,pm25,6h,12.07,13.948024,15.939166666666669,16.19522,oof,fold_2,xgboost,1.8780237960815427,-1.8780237960815427,True,True
2026-08-19T03:15:00Z,5,Nablus,pm25,6h,11.45,15.000923,18.48,19.932472,oof,fold_2,xgboost,3.550923156738282,-3.550923156738282,True,True
2026-08-19T03:30:00Z,1,Tulkarem,pm25,6h,11.01,14.2948265,17.141770833333336,17.82177,oof,fold_2,xgboost,3.2848265075683596,-3.2848265075683596,True,True
2026-08-19T03:30:00Z,2,Nablus,pm25,6h,13.08,13.862122,17.769375,17.729267,oof,fold_2,xgboost,0.7821215820312499,-0.7821215820312499,True,True
2026-08-19T03:30:00Z,4,Nablus,pm25,6h,12.42,13.884186,15.917812499999998,15.911747,oof,fold_2,xgboost,1.464185791015625,-1.464185791015625,True,True
2026-08-19T03:30:00Z,5,Nablus,pm25,6h,11.42,14.514565,18.4525,19.373709,oof,fold_2,xgboost,3.0945654678344727,-3.0945654678344727,True,True
2026-08-19T03:45:00Z,1,Tulkarem,pm25,6h,10.68,14.340554,17.089583333333334,17.683987,oof,fold_2,xgboost,3.660554237365723,-3.660554237365723,True,True
2026-08-19T03:45:00Z,2,Nablus,pm25,6h,12.48,13.755893,17.740312499999998,17.492086,oof,fold_2,xgboost,1.2758927536010738,-1.2758927536010738,True,True
2026-08-19T03:45:00Z,4,Nablus,pm25,6h,10.71,13.933508,15.8903125,15.82024,oof,fold_2,xgboost,3.2235079193115226,-3.2235079193115226,True,True
2026-08-19T03:45:00Z,5,Nablus,pm25,6h,11.0,14.481952,18.424375,19.339859,oof,fold_2,xgboost,3.4819517135620117,-3.4819517135620117,True,True
2026-08-19T04:00:00Z,1,Tulkarem,pm25,6h,9.41,12.884237,17.035729166666666,17.633015,oof,fold_2,xgboost,3.474237289428711,-3.474237289428711,True,True
2026-08-19T04:00:00Z,2,Nablus,pm25,6h,11.57,13.368205,17.7028125,16.879362,oof,fold_2,xgboost,1.7982050704956052,-1.7982050704956052,True,True
2026-08-19T04:00:00Z,4,Nablus,pm25,6h,11.08,13.8625765,15.864062499999998,15.876999,oof,fold_2,xgboost,2.7825764846801757,-2.7825764846801757,True,True
2026-08-19T04:00:00Z,5,Nablus,pm25,6h,11.33,14.865045,18.403125,19.399193,oof,fold_2,xgboost,3.535044593811035,-3.535044593811035,True,True
2026-08-19T04:15:00Z,1,Tulkarem,pm25,6h,9.08,13.018254,16.973020833333333,17.513838,oof,fold_2,xgboost,3.938254280090332,-3.938254280090332,True,True
2026-08-19T04:15:00Z,2,Nablus,pm25,6h,11.9,13.402872,17.659583333333334,16.875654,oof,fold_2,xgboost,1.5028720855712887,-1.5028720855712887,True,True
2026-08-19T04:15:00Z,4,Nablus,pm25,6h,10.42,13.363478,15.831979166666663,15.930154,oof,fold_2,xgboost,2.9434777069091798,-2.9434777069091798,True,True
2026-08-19T04:15:00Z,5,Nablus,pm25,6h,10.57,14.0153885,18.36864583333333,19.154701,oof,fold_2,xgboost,3.445388488769531,-3.445388488769531,True,True
2026-08-19T04:30:00Z,1,Tulkarem,pm25,6h,8.47,12.87274,16.908854166666668,17.29435,oof,fold_2,xgboost,4.4027397918701165,-4.4027397918701165,True,True
2026-08-19T04:30:00Z,2,Nablus,pm25,6h,13.01,13.308309,17.637395833333333,16.759779,oof,fold_2,xgboost,0.29830860137939474,-0.29830860137939474,True,True
2026-08-19T04:30:00Z,4,Nablus,pm25,6h,10.29,13.371602,15.8015625,15.80924,oof,fold_2,xgboost,3.0816020584106454,-3.0816020584106454,True,True
2026-08-19T04:30:00Z,5,Nablus,pm25,6h,11.51,14.111125,18.3409375,19.281364,oof,fold_2,xgboost,2.6011249923706057,-2.6011249923706057,True,True
2026-08-19T04:45:00Z,1,Tulkarem,pm25,6h,8.92,12.273945,16.853437500000002,17.48716,oof,fold_2,xgboost,3.353944854736328,-3.353944854736328,True,True
2026-08-19T04:45:00Z,2,Nablus,pm25,6h,12.85,13.40656,17.605208333333334,16.68029,oof,fold_2,xgboost,0.5565599441528324,-0.5565599441528324,True,True
2026-08-19T04:45:00Z,4,Nablus,pm25,6h,11.41,13.124146,15.784479166666666,15.662665,oof,fold_2,xgboost,1.7141464614868163,-1.7141464614868163,True,True
2026-08-19T04:45:00Z,5,Nablus,pm25,6h,10.85,14.071103,18.305312500000003,19.14066,oof,fold_2,xgboost,3.221103096008301,-3.221103096008301,True,True
2026-08-19T05:00:00Z,1,Tulkarem,pm25,6h,8.03,12.412076,16.795729166666664,17.486246,oof,fold_2,xgboost,4.382075996398926,-4.382075996398926,True,True
2026-08-19T05:00:00Z,2,Nablus,pm25,6h,13.87,13.375261,17.572395833333335,16.67756,oof,fold_2,xgboost,0.4947386932373039,0.4947386932373039,True,True
2026-08-19T05:00:00Z,4,Nablus,pm25,6h,11.64,14.731725,15.769479166666668,15.5184145,oof,fold_2,xgboost,3.0917247390747065,-3.0917247390747065,True,True
2026-08-19T05:00:00Z,5,Nablus,pm25,6h,11.45,13.4943285,18.28125,19.027992,oof,fold_2,xgboost,2.0443284988403327,-2.0443284988403327,True,True
2026-08-19T05:15:00Z,1,Tulkarem,pm25,6h,7.7,12.120726,16.734166666666667,17.419685,oof,fold_2,xgboost,4.420725631713867,-4.420725631713867,True,True
2026-08-19T05:15:00Z,2,Nablus,pm25,6h,13.48,13.363857,17.538229166666667,16.363085,oof,fold_2,xgboost,0.11614273071289105,0.11614273071289105,True,True
2026-08-19T05:15:00Z,4,Nablus,pm25,6h,11.98,13.786565,15.753958333333332,15.541984,oof,fold_2,xgboost,1.8065648269653316,-1.8065648269653316,True,True
2026-08-19T05:15:00Z,5,Nablus,pm25,6h,11.27,13.807388,18.22083333333333,19.07772,oof,fold_2,xgboost,2.537388305664063,-2.537388305664063,True,True
2026-08-19T05:30:00Z,1,Tulkarem,pm25,6h,7.14,11.887598,16.66625,16.98804,oof,fold_2,xgboost,4.747598037719727,-4.747598037719727,True,True
2026-08-19T05:30:00Z,2,Nablus,pm25,6h,13.33,13.208469,17.505937499999998,16.297083,oof,fold_2,xgboost,0.12153060913085945,0.12153060913085945,True,True
2026-08-19T05:30:00Z,4,Nablus,pm25,6h,11.69,13.365444,15.7403125,15.681384,oof,fold_2,xgboost,1.6754441833496099,-1.6754441833496099,True,True
2026-08-19T05:30:00Z,5,Nablus,pm25,6h,14.34,13.834864,18.185625,18.833637,oof,fold_2,xgboost,0.5051363372802733,0.5051363372802733,True,True
2026-08-19T05:45:00Z,1,Tulkarem,pm25,6h,6.91,11.763367,16.597083333333334,16.938055,oof,fold_2,xgboost,4.85336669921875,-4.85336669921875,True,True
2026-08-19T05:45:00Z,2,Nablus,pm25,6h,13.58,13.0612135,17.481354166666666,16.184557,oof,fold_2,xgboost,0.5187865066528321,0.5187865066528321,True,True
2026-08-19T05:45:00Z,4,Nablus,pm25,6h,11.33,14.232196,15.726666666666668,15.647189,oof,fold_2,xgboost,2.9021958541870116,-2.9021958541870116,True,True
2026-08-19T05:45:00Z,5,Nablus,pm25,6h,17.97,13.316274,18.22114583333333,18.498726,oof,fold_2,xgboost,4.653726310729979,4.653726310729979,True,True
2026-08-19T06:00:00Z,1,Tulkarem,pm25,6h,7.06,11.947294,16.534375,16.95202,oof,fold_2,xgboost,4.887294235229493,-4.887294235229493,True,True
2026-08-19T06:00:00Z,2,Nablus,pm25,6h,12.62,12.961015,17.448020833333334,16.245169,oof,fold_2,xgboost,0.3410147476196297,-0.3410147476196297,True,True
2026-08-19T06:00:00Z,4,Nablus,pm25,6h,11.04,14.137421,15.709479166666668,15.693594,oof,fold_2,xgboost,3.097420654296876,-3.097420654296876,True,True
2026-08-19T06:00:00Z,5,Nablus,pm25,6h,12.96,13.022555,18.211875000000003,18.444164,oof,fold_2,xgboost,0.06255535125732337,-0.06255535125732337,True,True
2026-08-19T06:15:00Z,1,Tulkarem,pm25,6h,7.2,12.218259,16.470208333333332,16.815374,oof,fold_2,xgboost,5.018258857727051,-5.018258857727051,True,True
2026-08-19T06:15:00Z,2,Nablus,pm25,6h,13.56,12.923179,17.423854166666665,16.205173,oof,fold_2,xgboost,0.6368213272094732,0.6368213272094732,True,True
2026-08-19T06:15:00Z,4,Nablus,pm25,6h,10.51,13.534368,15.688333333333334,15.753374,oof,fold_2,xgboost,3.0243675613403322,-3.0243675613403322,True,True
2026-08-19T06:15:00Z,5,Nablus,pm25,6h,11.97,12.766387,18.195833333333336,18.439024,oof,fold_2,xgboost,0.796386985778808,-0.796386985778808,True,True
2026-08-19T06:30:00Z,1,Tulkarem,pm25,6h,6.92,12.865958,16.40625,15.881335,oof,fold_2,xgboost,5.945958213806152,-5.945958213806152,True,True
2026-08-19T06:30:00Z,2,Nablus,pm25,6h,12.33,13.064775,17.396145833333332,16.128351,oof,fold_2,xgboost,0.7347754669189452,-0.7347754669189452,True,True
2026-08-19T06:30:00Z,4,Nablus,pm25,6h,11.39,12.6856985,15.681562499999998,15.698107,oof,fold_2,xgboost,1.295698509216308,-1.295698509216308,True,True
2026-08-19T06:30:00Z,5,Nablus,pm25,6h,11.78,12.75143,18.17677083333333,18.389055,oof,fold_2,xgboost,0.9714295578002936,-0.9714295578002936,True,True
2026-08-19T06:45:00Z,1,Tulkarem,pm25,6h,6.59,12.863631,16.343229166666667,15.935352,oof,fold_2,xgboost,6.273631248474121,-6.273631248474121,True,True
2026-08-19T06:45:00Z,2,Nablus,pm25,6h,12.63,12.830416,17.365416666666665,16.144335,oof,fold_2,xgboost,0.20041572570800703,-0.20041572570800703,True,True
2026-08-19T06:45:00Z,4,Nablus,pm25,6h,9.41,12.543872,15.64875,15.677484,oof,fold_2,xgboost,3.1338718795776366,-3.1338718795776366,True,True
2026-08-19T06:45:00Z,5,Nablus,pm25,6h,11.52,12.905222,18.1534375,18.321735,oof,fold_2,xgboost,1.3852219390869145,-1.3852219390869145,True,True
2026-08-19T07:00:00Z,1,Tulkarem,pm25,6h,7.52,14.226476,16.286145833333332,15.902956,oof,fold_2,xgboost,6.7064757156372075,-6.7064757156372075,True,True
2026-08-19T07:00:00Z,2,Nablus,pm25,6h,13.44,13.041816,17.3446875,16.164759,oof,fold_2,xgboost,0.39818424224853466,0.39818424224853466,True,True
2026-08-19T07:00:00Z,4,Nablus,pm25,6h,9.42,12.254866,15.622604166666669,15.674987,oof,fold_2,xgboost,2.8348656463623048,-2.8348656463623048,True,True
2026-08-19T07:00:00Z,5,Nablus,pm25,6h,11.34,13.0213,18.131979166666667,18.328472,oof,fold_2,xgboost,1.6813003158569337,-1.6813003158569337,True,True
2026-08-19T07:15:00Z,1,Tulkarem,pm25,6h,7.57,15.685088,16.223958333333332,15.937189,oof,fold_2,xgboost,8.115088157653808,-8.115088157653808,True,True
2026-08-19T07:15:00Z,2,Nablus,pm25,6h,12.61,13.043935,17.313125,16.160349,oof,fold_2,xgboost,0.4339348220825201,-0.4339348220825201,True,True
2026-08-19T07:15:00Z,4,Nablus,pm25,6h,9.35,12.834678,15.6,15.7091,oof,fold_2,xgboost,3.4846776962280277,-3.4846776962280277,True,True
2026-08-19T07:15:00Z,5,Nablus,pm25,6h,11.88,13.479714,18.114166666666662,17.84445,oof,fold_2,xgboost,1.5997143936157219,-1.5997143936157219,True,True
2026-08-19T07:30:00Z,1,Tulkarem,pm25,6h,7.16,14.074646,16.151354166666668,16.029778,oof,fold_2,xgboost,6.91464599609375,-6.91464599609375,True,True
2026-08-19T07:30:00Z,2,Nablus,pm25,6h,12.04,12.985989,17.286770833333332,16.11559,oof,fold_2,xgboost,0.9459886169433602,-0.9459886169433602,True,True
2026-08-19T07:30:00Z,4,Nablus,pm25,6h,8.92,13.080073,15.575104166666668,15.762208,oof,fold_2,xgboost,4.160073356628418,-4.160073356628418,True,True
2026-08-19T07:30:00Z,5,Nablus,pm25,6h,11.33,13.4821825,18.09,17.90158,oof,fold_2,xgboost,2.152182502746582,-2.152182502746582,True,True
2026-08-19T07:45:00Z,1,Tulkarem,pm25,6h,7.89,13.23171,16.084583333333335,16.040777,oof,fold_2,xgboost,5.341710433959961,-5.341710433959961,True,True
2026-08-19T07:45:00Z,2,Nablus,pm25,6h,12.19,13.299748,17.262395833333333,16.093796,oof,fold_2,xgboost,1.1097484207153325,-1.1097484207153325,True,True
2026-08-19T07:45:00Z,4,Nablus,pm25,6h,8.89,13.181317,15.554375,15.761218,oof,fold_2,xgboost,4.291317329406738,-4.291317329406738,True,True
2026-08-19T07:45:00Z,5,Nablus,pm25,6h,10.96,15.589313,18.060625,17.57628,oof,fold_2,xgboost,4.629312553405761,-4.629312553405761,True,True
2026-08-19T08:00:00Z,1,Tulkarem,pm25,6h,7.3,13.645277,16.005104166666666,15.953864,oof,fold_2,xgboost,6.34527702331543,-6.34527702331543,True,True
2026-08-19T08:00:00Z,2,Nablus,pm25,6h,11.49,13.433357,17.23302083333333,16.093115,oof,fold_2,xgboost,1.943357238769531,-1.943357238769531,True,True
2026-08-19T08:00:00Z,4,Nablus,pm25,6h,8.7,12.9609165,15.531354166666668,15.71997,oof,fold_2,xgboost,4.26091651916504,-4.26091651916504,True,True
2026-08-19T08:00:00Z,5,Nablus,pm25,6h,11.02,15.866065,18.03375,17.524456,oof,fold_2,xgboost,4.84606502532959,-4.84606502532959,True,True
2026-08-19T08:15:00Z,1,Tulkarem,pm25,6h,7.26,13.738364,15.9190625,15.745961,oof,fold_2,xgboost,6.478364219665528,-6.478364219665528,True,True
2026-08-19T08:15:00Z,2,Nablus,pm25,6h,10.34,13.05704,17.18916666666667,16.062012,oof,fold_2,xgboost,2.7170402145385744,-2.7170402145385744,True,True
2026-08-19T08:15:00Z,4,Nablus,pm25,6h,8.21,13.612326,15.463645833333333,15.704664,oof,fold_2,xgboost,5.40232566833496,-5.40232566833496,True,True
2026-08-19T08:15:00Z,5,Nablus,pm25,6h,11.2,15.032878,18.009583333333335,17.269617,oof,fold_2,xgboost,3.832877922058106,-3.832877922058106,True,True
2026-08-19T08:30:00Z,1,Tulkarem,pm25,6h,9.66,14.054818,15.8596875,15.73694,oof,fold_2,xgboost,4.3948181533813475,-4.3948181533813475,True,True
2026-08-19T08:30:00Z,2,Nablus,pm25,6h,10.21,13.596867,17.1371875,15.970068,oof,fold_2,xgboost,3.3868666076660148,-3.3868666076660148,True,True
2026-08-19T08:30:00Z,4,Nablus,pm25,6h,8.38,14.354849,15.412604166666666,15.510339,oof,fold_2,xgboost,5.974848861694335,-5.974848861694335,True,True
2026-08-19T08:30:00Z,5,Nablus,pm25,6h,10.97,16.431005,17.97625,17.150179,oof,fold_2,xgboost,5.461005477905273,-5.461005477905273,True,True
2026-08-19T08:45:00Z,1,Tulkarem,pm25,6h,6.31,13.824519,15.765729166666668,15.702007,oof,fold_2,xgboost,7.514519157409668,-7.514519157409668,True,True
2026-08-19T08:45:00Z,2,Nablus,pm25,6h,11.43,13.447585,17.0946875,15.953707,oof,fold_2,xgboost,2.0175851058959964,-2.0175851058959964,True,True
2026-08-19T08:45:00Z,4,Nablus,pm25,6h,9.09,14.86781,15.336875,15.450899,oof,fold_2,xgboost,5.777810249328613,-5.777810249328613,True,True
2026-08-19T08:45:00Z,5,Nablus,pm25,6h,11.35,15.815829,17.934895833333332,16.68543,oof,fold_2,xgboost,4.465829277038575,-4.465829277038575,True,True
2026-08-19T09:00:00Z,1,Tulkarem,pm25,6h,6.04,13.740914,15.666666666666666,15.691066,oof,fold_2,xgboost,7.700914344787598,-7.700914344787598,True,True
2026-08-19T09:00:00Z,2,Nablus,pm25,6h,10.64,14.032247,17.0240625,15.939793,oof,fold_2,xgboost,3.392246589660644,-3.392246589660644,True,True
2026-08-19T09:00:00Z,4,Nablus,pm25,6h,9.14,14.4789505,15.291979166666666,15.39064,oof,fold_2,xgboost,5.338950500488281,-5.338950500488281,True,True
2026-08-19T09:00:00Z,5,Nablus,pm25,6h,11.4,16.408604,17.881666666666668,16.590797,oof,fold_2,xgboost,5.00860366821289,-5.00860366821289,True,True
2026-08-19T09:15:00Z,1,Tulkarem,pm25,6h,5.58,13.466712,15.562708333333331,15.356537,oof,fold_2,xgboost,7.88671199798584,-7.88671199798584,True,True
2026-08-19T09:15:00Z,2,Nablus,pm25,6h,10.68,14.0525465,16.965729166666666,15.875856,oof,fold_2,xgboost,3.3725465011596683,-3.3725465011596683,True,True
2026-08-19T09:15:00Z,4,Nablus,pm25,6h,9.19,14.252964,15.2484375,15.26907,oof,fold_2,xgboost,5.062964019775391,-5.062964019775391,True,True
2026-08-19T09:15:00Z,5,Nablus,pm25,6h,11.96,16.11514,17.825208333333332,16.447231,oof,fold_2,xgboost,4.155140914916991,-4.155140914916991,True,True
2026-08-19T09:30:00Z,1,Tulkarem,pm25,6h,5.76,15.151147,15.459270833333331,15.381654,oof,fold_2,xgboost,9.39114688873291,-9.39114688873291,True,True
2026-08-19T09:30:00Z,2,Nablus,pm25,6h,10.02,14.048138,16.8975,15.877265,oof,fold_2,xgboost,4.028137664794922,-4.028137664794922,True,True
2026-08-19T09:30:00Z,4,Nablus,pm25,6h,8.62,14.165408,15.188854166666667,15.291079,oof,fold_2,xgboost,5.54540813446045,-5.54540813446045,True,True
2026-08-19T09:30:00Z,5,Nablus,pm25,6h,11.63,16.606438,17.761458333333334,15.85292,oof,fold_2,xgboost,4.976437683105468,-4.976437683105468,True,True
2026-08-19T09:45:00Z,1,Tulkarem,pm25,6h,5.37,16.273182,15.352916666666667,15.198542,oof,fold_2,xgboost,10.903181915283202,-10.903181915283202,True,True
2026-08-19T09:45:00Z,2,Nablus,pm25,6h,10.76,13.386611,16.831458333333334,15.852547,oof,fold_2,xgboost,2.6266109848022463,-2.6266109848022463,True,True
2026-08-19T09:45:00Z,4,Nablus,pm25,6h,8.71,14.199291,15.128645833333332,15.145325,oof,fold_2,xgboost,5.489291229248046,-5.489291229248046,True,True
2026-08-19T09:45:00Z,5,Nablus,pm25,6h,11.8,16.326889,17.693854166666664,16.164183,oof,fold_2,xgboost,4.526889038085937,-4.526889038085937,True,True
2026-08-19T10:15:00Z,1,Tulkarem,pm25,6h,6.49,16.886686,15.227789473684211,15.34946,oof,fold_2,xgboost,10.396686325073242,-10.396686325073242,True,True
2026-08-19T10:15:00Z,2,Nablus,pm25,6h,11.25,15.919603,16.702526315789473,15.919926,oof,fold_2,xgboost,4.66960334777832,-4.66960334777832,True,True
2026-08-19T10:15:00Z,4,Nablus,pm25,6h,9.62,16.5377,15.044526315789474,15.074759,oof,fold_2,xgboost,6.917700653076173,-6.917700653076173,True,True
2026-08-19T10:15:00Z,5,Nablus,pm25,6h,12.22,16.959042,17.595157894736843,15.390912,oof,fold_2,xgboost,4.739041595458984,-4.739041595458984,True,True
2026-08-19T10:30:00Z,1,Tulkarem,pm25,6h,7.7,16.730787,15.115894736842105,15.254316,oof,fold_2,xgboost,9.03078727722168,-9.03078727722168,True,True
2026-08-19T10:30:00Z,2,Nablus,pm25,6h,11.42,15.656352,16.596526315789472,15.930531,oof,fold_2,xgboost,4.2363520431518555,-4.2363520431518555,True,True
2026-08-19T10:30:00Z,4,Nablus,pm25,6h,9.23,16.434628,14.945473684210528,15.037609,oof,fold_2,xgboost,7.204627532958984,-7.204627532958984,False,True
2026-08-19T10:30:00Z,5,Nablus,pm25,6h,11.27,16.891018,17.49442105263158,15.1618805,oof,fold_2,xgboost,5.62101791381836,-5.62101791381836,True,True
2026-08-19T10:45:00Z,1,Tulkarem,pm25,6h,8.1,16.979755,15.00021052631579,15.353299,oof,fold_2,xgboost,8.879755401611328,-8.879755401611328,True,True
2026-08-19T10:45:00Z,2,Nablus,pm25,6h,12.2,15.431315,16.49621052631579,15.958004,oof,fold_2,xgboost,3.231315422058106,-3.231315422058106,True,True
2026-08-19T10:45:00Z,4,Nablus,pm25,6h,10.02,16.729818,14.84642105263158,15.070278,oof,fold_2,xgboost,6.709818344116211,-6.709818344116211,False,True
2026-08-19T10:45:00Z,5,Nablus,pm25,6h,11.58,16.754667,17.387684210526317,15.363821,oof,fold_2,xgboost,5.174667282104492,-5.174667282104492,True,True
2026-08-19T11:00:00Z,1,Tulkarem,pm25,6h,7.65,22.210081,14.882736842105263,15.2419405,oof,fold_2,xgboost,14.560081100463867,-14.560081100463867,False,True
2026-08-19T11:00:00Z,2,Nablus,pm25,6h,12.74,18.467085,16.388526315789473,15.973501,oof,fold_2,xgboost,5.7270848846435545,-5.7270848846435545,True,True
2026-08-19T11:00:00Z,4,Nablus,pm25,6h,10.34,18.416348,14.741368421052632,15.130078,oof,fold_2,xgboost,8.07634750366211,-8.07634750366211,False,True
2026-08-19T11:00:00Z,5,Nablus,pm25,6h,11.13,19.625479,17.271052631578947,15.001112,oof,fold_2,xgboost,8.495478744506835,-8.495478744506835,True,True
2026-08-19T11:15:00Z,1,Tulkarem,pm25,6h,7.63,22.22274,14.76842105263158,15.172248,oof,fold_2,xgboost,14.592740173339845,-14.592740173339845,False,True
2026-08-19T11:15:00Z,2,Nablus,pm25,6h,13.08,18.50319,16.284105263157894,16.011671,oof,fold_2,xgboost,5.423189086914062,-5.423189086914062,True,True
2026-08-19T11:15:00Z,4,Nablus,pm25,6h,10.84,18.248625,14.631473684210526,15.165341,oof,fold_2,xgboost,7.408624801635742,-7.408624801635742,False,True
2026-08-19T11:15:00Z,5,Nablus,pm25,6h,11.91,18.523674,17.15063157894737,14.577139,oof,fold_2,xgboost,6.613674011230469,-6.613674011230469,True,False
2026-08-19T11:30:00Z,1,Tulkarem,pm25,6h,7.75,22.123083,14.652526315789476,15.024595,oof,fold_2,xgboost,14.373083114624023,-14.373083114624023,False,True
2026-08-19T11:30:00Z,2,Nablus,pm25,6h,12.54,18.05642,16.17442105263158,16.121725,oof,fold_2,xgboost,5.516419372558595,-5.516419372558595,True,True
2026-08-19T11:30:00Z,4,Nablus,pm25,6h,10.69,18.44975,14.519684210526314,15.226227,oof,fold_2,xgboost,7.759750900268555,-7.759750900268555,False,True
2026-08-19T11:30:00Z,5,Nablus,pm25,6h,17.34,21.239088,17.082842105263158,14.139299,oof,fold_2,xgboost,3.89908805847168,-3.89908805847168,True,False
2026-08-19T11:45:00Z,1,Tulkarem,pm25,6h,8.93,21.418266,14.546105263157896,14.881628,oof,fold_2,xgboost,12.488266296386719,-12.488266296386719,False,False
2026-08-19T11:45:00Z,2,Nablus,pm25,6h,12.0,18.071623,16.04905263157895,16.158714,oof,fold_2,xgboost,6.071622848510742,-6.071622848510742,True,True
2026-08-19T11:45:00Z,4,Nablus,pm25,6h,10.76,18.219257,14.409894736842103,15.176612,oof,fold_2,xgboost,7.459257354736328,-7.459257354736328,False,True
2026-08-19T11:45:00Z,5,Nablus,pm25,6h,11.31,19.731827,16.949473684210528,15.315138,oof,fold_2,xgboost,8.421826782226562,-8.421826782226562,True,True
2026-08-19T12:00:00Z,1,Tulkarem,pm25,6h,7.87,22.350039,14.41978947368421,15.007375,oof,fold_2,xgboost,14.480038528442382,-14.480038528442382,False,True
2026-08-19T12:00:00Z,2,Nablus,pm25,6h,13.08,17.273336,15.93621052631579,16.24136,oof,fold_2,xgboost,4.193336410522461,-4.193336410522461,True,True
2026-08-19T12:00:00Z,4,Nablus,pm25,6h,10.92,16.90051,14.298210526315788,15.183332,oof,fold_2,xgboost,5.980510787963867,-5.980510787963867,False,True
2026-08-19T12:00:00Z,5,Nablus,pm25,6h,11.73,19.008112,16.818421052631578,14.725259,oof,fold_2,xgboost,7.278111953735351,-7.278111953735351,True,False
2026-08-19T12:15:00Z,1,Tulkarem,pm25,6h,7.66,18.83187,14.301894736842106,15.151222,oof,fold_2,xgboost,11.17186912536621,-11.17186912536621,False,True
2026-08-19T12:15:00Z,2,Nablus,pm25,6h,12.05,17.33285,15.803894736842103,16.269579,oof,fold_2,xgboost,5.282849502563476,-5.282849502563476,True,True
2026-08-19T12:15:00Z,4,Nablus,pm25,6h,11.89,16.833075,14.18863157894737,15.1341915,oof,fold_2,xgboost,4.943074569702148,-4.943074569702148,False,True
2026-08-19T12:15:00Z,5,Nablus,pm25,6h,11.99,18.28506,16.702105263157897,14.7822485,oof,fold_2,xgboost,6.295060882568359,-6.295060882568359,True,False
2026-08-19T12:30:00Z,1,Tulkarem,pm25,6h,8.53,16.180641,14.18863157894737,14.989984,oof,fold_2,xgboost,7.650641174316407,-7.650641174316407,False,False
2026-08-19T12:30:00Z,2,Nablus,pm25,6h,11.42,17.28806,15.659894736842103,16.268064,oof,fold_2,xgboost,5.868059234619141,-5.868059234619141,True,True
2026-08-19T12:30:00Z,4,Nablus,pm25,6h,11.76,16.55203,14.08284210526316,15.101535,oof,fold_2,xgboost,4.792030563354492,-4.792030563354492,False,True
2026-08-19T12:30:00Z,5,Nablus,pm25,6h,11.52,17.817463,16.575052631578945,14.759323,oof,fold_2,xgboost,6.2974629211425786,-6.2974629211425786,True,False
2026-08-19T12:45:00Z,1,Tulkarem,pm25,6h,8.43,15.703656,14.072526315789474,14.667326,oof,fold_2,xgboost,7.273656196594239,-7.273656196594239,False,False
2026-08-19T12:45:00Z,2,Nablus,pm25,6h,11.95,17.137142,15.521368421052632,16.2391,oof,fold_2,xgboost,5.187142181396485,-5.187142181396485,True,True
2026-08-19T12:45:00Z,4,Nablus,pm25,6h,11.72,16.71759,13.979368421052634,14.6702,oof,fold_2,xgboost,4.997590332031249,-4.997590332031249,False,False
2026-08-19T12:45:00Z,5,Nablus,pm25,6h,11.99,18.420744,16.454315789473686,14.637618,oof,fold_2,xgboost,6.430743942260742,-6.430743942260742,True,False
2026-08-19T13:00:00Z,1,Tulkarem,pm25,6h,7.69,17.159414,13.95326315789474,14.813592,oof,fold_2,xgboost,9.469414291381835,-9.469414291381835,False,False
2026-08-19T13:00:00Z,2,Nablus,pm25,6h,13.15,17.998621,15.37884210526316,16.232965,oof,fold_2,xgboost,4.848620986938476,-4.848620986938476,True,True
2026-08-19T13:00:00Z,4,Nablus,pm25,6h,12.15,16.421991,13.87736842105263,14.663633,oof,fold_2,xgboost,4.271991348266601,-4.271991348266601,False,False
2026-08-19T13:00:00Z,5,Nablus,pm25,6h,12.3,19.977476,16.343263157894736,14.840835,oof,fold_2,xgboost,7.6774761199951165,-7.6774761199951165,True,False
2026-08-19T13:15:00Z,1,Tulkarem,pm25,6h,7.87,17.635727,13.83736842105263,14.756923,oof,fold_2,xgboost,9.765726928710937,-9.765726928710937,False,False
2026-08-19T13:15:00Z,2,Nablus,pm25,6h,12.9,17.933449,15.264210526315791,16.17008,oof,fold_2,xgboost,5.033448791503906,-5.033448791503906,True,True
2026-08-19T13:15:00Z,4,Nablus,pm25,6h,11.58,16.84489,13.768315789473682,14.181161,oof,fold_2,xgboost,5.264890594482422,-5.264890594482422,False,False
2026-08-19T13:15:00Z,5,Nablus,pm25,6h,12.1,18.862371,16.225578947368422,14.76565,oof,fold_2,xgboost,6.762371444702149,-6.762371444702149,True,False
2026-08-19T13:30:00Z,1,Tulkarem,pm25,6h,7.99,17.999025,13.719894736842104,14.783296,oof,fold_2,xgboost,10.009025344848633,-10.009025344848633,False,False
2026-08-19T13:30:00Z,2,Nablus,pm25,6h,12.31,17.942646,15.145473684210526,16.183199,oof,fold_2,xgboost,5.632646026611328,-5.632646026611328,True,True
2026-08-19T13:30:00Z,4,Nablus,pm25,6h,11.1,16.554396,13.65042105263158,14.119393,oof,fold_2,xgboost,5.45439567565918,-5.45439567565918,False,False
2026-08-19T13:30:00Z,5,Nablus,pm25,6h,12.51,18.946932,16.127157894736843,15.070461,oof,fold_2,xgboost,6.436931838989258,-6.436931838989258,True,True
2026-08-19T13:45:00Z,1,Tulkarem,pm25,6h,7.71,19.367289,13.610105263157894,14.918632,oof,fold_2,xgboost,11.657288589477538,-11.657288589477538,False,False
2026-08-19T13:45:00Z,2,Nablus,pm25,6h,12.4,16.614285,15.033263157894735,16.182684,oof,fold_2,xgboost,4.214284515380859,-4.214284515380859,True,True
2026-08-19T13:45:00Z,4,Nablus,pm25,6h,11.12,16.470785,13.546631578947366,14.261458,oof,fold_2,xgboost,5.350785140991212,-5.350785140991212,False,False
2026-08-19T13:45:00Z,5,Nablus,pm25,6h,13.31,18.566635,16.022526315789474,15.0746565,oof,fold_2,xgboost,5.256635131835937,-5.256635131835937,True,True
2026-08-19T14:00:00Z,1,Tulkarem,pm25,6h,7.65,18.10718,13.495578947368422,14.893284,oof,fold_2,xgboost,10.457179641723632,-10.457179641723632,False,False
2026-08-19T14:00:00Z,2,Nablus,pm25,6h,12.93,16.344263,14.917999999999996,16.149609,oof,fold_2,xgboost,3.414263076782227,-3.414263076782227,False,True
2026-08-19T14:00:00Z,4,Nablus,pm25,6h,10.59,16.654497,13.448105263157895,14.052846,oof,fold_2,xgboost,6.0644971466064455,-6.0644971466064455,False,False
2026-08-19T14:00:00Z,5,Nablus,pm25,6h,11.85,18.952312,15.925052631578946,15.22637,oof,fold_2,xgboost,7.102312469482422,-7.102312469482422,True,True
2026-08-19T14:15:00Z,1,Tulkarem,pm25,6h,8.64,17.965334,13.395789473684207,14.8832445,oof,fold_2,xgboost,9.325333938598632,-9.325333938598632,False,False
2026-08-19T14:15:00Z,2,Nablus,pm25,6h,13.76,16.60513,14.827999999999998,16.151997,oof,fold_2,xgboost,2.8451292419433596,-2.8451292419433596,False,True
2026-08-19T14:15:00Z,4,Nablus,pm25,6h,11.26,16.69923,13.35842105263158,14.011556,oof,fold_2,xgboost,5.439230194091797,-5.439230194091797,False,False
2026-08-19T14:15:00Z,5,Nablus,pm25,6h,10.09,18.835463,15.806105263157896,15.383349,oof,fold_2,xgboost,8.74546257019043,-8.74546257019043,True,True
2026-08-19T14:30:00Z,1,Tulkarem,pm25,6h,9.02,17.89122,13.31378947368421,14.98239,oof,fold_2,xgboost,8.871220092773438,-8.871220092773438,False,False
2026-08-19T14:30:00Z,2,Nablus,pm25,6h,13.28,16.383507,14.73315789473684,16.159252,oof,fold_2,xgboost,3.1035067749023444,-3.1035067749023444,False,True
2026-08-19T14:30:00Z,4,Nablus,pm25,6h,11.58,16.585283,13.269473684210526,14.005986,oof,fold_2,xgboost,5.005283279418945,-5.005283279418945,False,False
2026-08-19T14:30:00Z,5,Nablus,pm25,6h,12.28,19.035341,15.71221052631579,15.545335,oof,fold_2,xgboost,6.7553412628173835,-6.7553412628173835,True,True
2026-08-19T14:45:00Z,1,Tulkarem,pm25,6h,9.73,16.91852,13.241368421052632,14.6763525,oof,fold_2,xgboost,7.188519973754882,-7.188519973754882,False,False
2026-08-19T14:45:00Z,2,Nablus,pm25,6h,13.21,16.39774,14.64778947368421,16.09262,oof,fold_2,xgboost,3.1877394104003898,-3.1877394104003898,False,True
2026-08-19T14:45:00Z,4,Nablus,pm25,6h,11.44,16.3922,13.18978947368421,14.026813,oof,fold_2,xgboost,4.952200469970704,-4.952200469970704,False,False
2026-08-19T14:45:00Z,5,Nablus,pm25,6h,12.94,17.532284,15.617368421052632,15.7731495,oof,fold_2,xgboost,4.592283782958985,-4.592283782958985,True,True
2026-08-19T15:00:00Z,1,Tulkarem,pm25,6h,9.13,16.42895,13.159368421052632,14.636782,oof,fold_2,xgboost,7.298949356079101,-7.298949356079101,False,False
2026-08-19T15:00:00Z,2,Nablus,pm25,6h,14.17,16.369402,14.571263157894736,15.972143,oof,fold_2,xgboost,2.1994019317626954,-2.1994019317626954,False,True
2026-08-19T15:00:00Z,4,Nablus,pm25,6h,11.47,16.289536,13.111263157894738,13.915101,oof,fold_2,xgboost,4.819535522460937,-4.819535522460937,False,False
2026-08-19T15:00:00Z,5,Nablus,pm25,6h,13.0,17.272892,15.519684210526316,15.641811,oof,fold_2,xgboost,4.272891998291016,-4.272891998291016,True,True
2026-08-19T15:15:00Z,1,Tulkarem,pm25,6h,8.52,15.294599,13.068105263157896,14.571826,oof,fold_2,xgboost,6.774598579406739,-6.774598579406739,False,False
2026-08-19T15:15:00Z,2,Nablus,pm25,6h,13.8,16.47747,14.496421052631575,15.903278,oof,fold_2,xgboost,2.677470397949218,-2.677470397949218,False,True
2026-08-19T15:15:00Z,4,Nablus,pm25,6h,12.48,16.45232,13.041157894736845,13.926481,oof,fold_2,xgboost,3.9723200988769527,-3.9723200988769527,False,False
2026-08-19T15:15:00Z,5,Nablus,pm25,6h,13.01,17.378595,15.425263157894738,15.619952,oof,fold_2,xgboost,4.368595352172852,-4.368595352172852,True,True
2026-08-19T15:30:00Z,1,Tulkarem,pm25,6h,9.04,16.096767,12.979894736842107,14.437367,oof,fold_2,xgboost,7.05676742553711,-7.05676742553711,False,False
2026-08-19T15:30:00Z,2,Nablus,pm25,6h,14.48,16.314703,14.430736842105263,15.91022,oof,fold_2,xgboost,1.834702987670898,-1.834702987670898,False,True
2026-08-19T15:30:00Z,4,Nablus,pm25,6h,12.72,15.96911,12.967684210526317,14.094449,oof,fold_2,xgboost,3.2491095352172845,-3.2491095352172845,False,False
2026-08-19T15:30:00Z,5,Nablus,pm25,6h,12.68,17.131886,15.336,15.64909,oof,fold_2,xgboost,4.451885528564453,-4.451885528564453,True,True
2026-08-19T15:45:00Z,1,Tulkarem,pm25,6h,9.04,16.227514,12.894631578947369,14.3309765,oof,fold_2,xgboost,7.187514266967774,-7.187514266967774,False,False
2026-08-19T15:45:00Z,2,Nablus,pm25,6h,13.7,16.371925,14.356736842105263,15.888473,oof,fold_2,xgboost,2.671925354003907,-2.671925354003907,False,True
2026-08-19T15:45:00Z,4,Nablus,pm25,6h,11.99,15.917852,12.880315789473686,13.873378,oof,fold_2,xgboost,3.9278524017333982,-3.9278524017333982,False,False
2026-08-19T15:45:00Z,5,Nablus,pm25,6h,13.14,17.524803,15.227684210526316,15.704228,oof,fold_2,xgboost,4.384803161621093,-4.384803161621093,True,True
2026-08-19T16:15:00Z,1,Tulkarem,pm25,6h,10.3,17.032986,12.732526315789473,14.798142,oof,fold_2,xgboost,6.732985687255859,-6.732985687255859,False,False
2026-08-19T16:15:00Z,2,Nablus,pm25,6h,12.01,16.557085,14.159052631578948,15.734942,oof,fold_2,xgboost,4.5470850372314455,-4.5470850372314455,False,True
2026-08-19T16:15:00Z,4,Nablus,pm25,6h,12.71,15.804404,12.69315789473684,13.88285,oof,fold_2,xgboost,3.0944042587280265,-3.0944042587280265,False,False
2026-08-19T16:15:00Z,5,Nablus,pm25,6h,12.94,17.298985,15.008631578947368,15.652148,oof,fold_2,xgboost,4.358984527587891,-4.358984527587891,True,True
2026-08-19T16:30:00Z,1,Tulkarem,pm25,6h,13.64,17.61162,12.688736842105264,14.437817,oof,fold_2,xgboost,3.9716199493408197,-3.9716199493408197,False,False
2026-08-19T16:30:00Z,2,Nablus,pm25,6h,12.32,16.962788,14.067894736842106,15.671464,oof,fold_2,xgboost,4.642787628173828,-4.642787628173828,False,True
2026-08-19T16:30:00Z,4,Nablus,pm25,6h,12.38,16.035398,12.607157894736842,14.091963,oof,fold_2,xgboost,3.6553984832763664,-3.6553984832763664,False,False
2026-08-19T16:30:00Z,5,Nablus,pm25,6h,13.52,17.023296,14.862315789473683,15.659687,oof,fold_2,xgboost,3.5032963562011723,-3.5032963562011723,False,True
2026-08-19T16:45:00Z,1,Tulkarem,pm25,6h,14.76,17.38521,12.64642105263158,14.4040575,oof,fold_2,xgboost,2.6252100372314455,-2.6252100372314455,False,False
2026-08-19T16:45:00Z,2,Nablus,pm25,6h,12.85,16.890396,13.981894736842108,15.43898,oof,fold_2,xgboost,4.040396118164063,-4.040396118164063,False,True
2026-08-19T16:45:00Z,4,Nablus,pm25,6h,12.19,16.153008,12.523263157894736,14.228592,oof,fold_2,xgboost,3.9630075073242192,-3.9630075073242192,False,False
2026-08-19T16:45:00Z,5,Nablus,pm25,6h,15.01,16.065395,14.774526315789473,15.732655,oof,fold_2,xgboost,1.0553953552246096,-1.0553953552246096,False,True
2026-08-19T17:00:00Z,1,Tulkarem,pm25,6h,13.85,17.39538,12.542421052631578,14.377369,oof,fold_2,xgboost,3.545380020141602,-3.545380020141602,False,False
2026-08-19T17:00:00Z,2,Nablus,pm25,6h,12.73,16.915504,13.899263157894737,15.4210615,oof,fold_2,xgboost,4.185504455566406,-4.185504455566406,False,True
2026-08-19T17:00:00Z,4,Nablus,pm25,6h,11.7,16.29772,12.43442105263158,13.820999,oof,fold_2,xgboost,4.597719955444337,-4.597719955444337,False,False
2026-08-19T17:00:00Z,5,Nablus,pm25,6h,14.78,16.205128,14.690421052631578,15.611883,oof,fold_2,xgboost,1.4251277160644538,-1.4251277160644538,False,True
2026-08-19T17:15:00Z,1,Tulkarem,pm25,6h,11.98,17.337017,12.406421052631575,14.153141,oof,fold_2,xgboost,5.3570170593261714,-5.3570170593261714,False,False
2026-08-19T17:15:00Z,2,Nablus,pm25,6h,12.37,16.341978,13.810947368421052,15.284522,oof,fold_2,xgboost,3.971978073120118,-3.971978073120118,False,True
2026-08-19T17:15:00Z,4,Nablus,pm25,6h,10.9,16.570156,12.341052631578943,14.093462,oof,fold_2,xgboost,5.670156097412109,-5.670156097412109,False,False
2026-08-19T17:15:00Z,5,Nablus,pm25,6h,13.1,15.98043,14.582736842105264,15.727518,oof,fold_2,xgboost,2.8804296493530277,-2.8804296493530277,False,True
2026-08-19T17:30:00Z,1,Tulkarem,pm25,6h,13.77,17.211094,12.325684210526314,13.951965,oof,fold_2,xgboost,3.441093902587891,-3.441093902587891,False,False
2026-08-19T17:30:00Z,2,Nablus,pm25,6h,12.1,15.995672,13.729473684210523,15.19324,oof,fold_2,xgboost,3.895672225952149,-3.895672225952149,False,True
2026-08-19T17:30:00Z,4,Nablus,pm25,6h,10.89,16.70651,12.258947368421056,14.094602,oof,fold_2,xgboost,5.816510543823242,-5.816510543823242,False,False
2026-08-19T17:30:00Z,5,Nablus,pm25,6h,13.09,17.825165,14.481684210526316,15.800455,oof,fold_2,xgboost,4.735164794921875,-4.735164794921875,False,True
2026-08-19T17:45:00Z,1,Tulkarem,pm25,6h,13.44,17.63648,12.240105263157892,14.113975,oof,fold_2,xgboost,4.196480331420899,-4.196480331420899,False,False
2026-08-19T17:45:00Z,2,Nablus,pm25,6h,11.23,15.989893,13.641789473684211,15.155309,oof,fold_2,xgboost,4.759892959594726,-4.759892959594726,False,True
2026-08-19T17:45:00Z,4,Nablus,pm25,6h,9.97,15.8897295,12.169894736842108,14.036493,oof,fold_2,xgboost,5.919729499816894,-5.919729499816894,False,False
2026-08-19T17:45:00Z,5,Nablus,pm25,6h,12.93,17.034199,14.374526315789476,15.773015,oof,fold_2,xgboost,4.104198760986328,-4.104198760986328,False,True
2026-08-19T18:00:00Z,1,Tulkarem,pm25,6h,11.95,17.94638,12.118315789473684,14.145029,oof,fold_2,xgboost,5.996380615234376,-5.996380615234376,False,False
2026-08-19T18:00:00Z,2,Nablus,pm25,6h,11.55,16.538666,13.55926315789474,15.120916,oof,fold_2,xgboost,4.988665771484374,-4.988665771484374,False,True
2026-08-19T18:00:00Z,4,Nablus,pm25,6h,10.12,16.124079,12.08536842105263,14.036658,oof,fold_2,xgboost,6.004078750610352,-6.004078750610352,False,False
2026-08-19T18:00:00Z,5,Nablus,pm25,6h,12.82,16.483873,14.262315789473686,15.730631,oof,fold_2,xgboost,3.66387336730957,-3.66387336730957,False,True
2026-08-19T18:15:00Z,1,Tulkarem,pm25,6h,13.67,18.049192,12.005894736842103,13.942204,oof,fold_2,xgboost,4.379192428588867,-4.379192428588867,False,False
2026-08-19T18:15:00Z,2,Nablus,pm25,6h,11.58,16.098343,13.476736842105264,15.050473,oof,fold_2,xgboost,4.518342895507812,-4.518342895507812,False,True
2026-08-19T18:15:00Z,4,Nablus,pm25,6h,10.39,16.062674,11.997052631578947,14.028146,oof,fold_2,xgboost,5.672673568725585,-5.672673568725585,False,False
2026-08-19T18:15:00Z,5,Nablus,pm25,6h,12.45,16.602808,14.14978947368421,15.60932,oof,fold_2,xgboost,4.152807998657227,-4.152807998657227,False,True
2026-08-19T18:30:00Z,1,Tulkarem,pm25,6h,48.39,17.828964,12.290631578947368,13.843605,oof,fold_2,xgboost,30.561035766601563,30.561035766601563,False,False
2026-08-19T18:30:00Z,2,Nablus,pm25,6h,11.44,16.019913,13.386736842105265,14.9522705,oof,fold_2,xgboost,4.579912719726563,-4.579912719726563,False,False
2026-08-19T18:30:00Z,4,Nablus,pm25,6h,10.39,16.145382,11.90715789473684,13.966832,oof,fold_2,xgboost,5.755381927490234,-5.755381927490234,False,False
2026-08-19T18:30:00Z,5,Nablus,pm25,6h,13.03,16.298826,14.06263157894737,15.542386,oof,fold_2,xgboost,3.268826217651368,-3.268826217651368,False,True
2026-08-19T18:45:00Z,1,Tulkarem,pm25,6h,14.33,17.307756,12.220842105263158,13.465009,oof,fold_2,xgboost,2.9777564239501952,-2.9777564239501952,False,False
2026-08-19T18:45:00Z,2,Nablus,pm25,6h,11.43,16.322475,13.29136842105263,14.681601,oof,fold_2,xgboost,4.89247543334961,-4.89247543334961,False,False
2026-08-19T18:45:00Z,4,Nablus,pm25,6h,10.39,16.335014,11.817368421052633,13.909185,oof,fold_2,xgboost,5.945014343261718,-5.945014343261718,False,False
2026-08-19T18:45:00Z,5,Nablus,pm25,6h,16.27,16.282103,14.028,15.290382,oof,fold_2,xgboost,0.012102584838867614,-0.012102584838867614,False,True
2026-08-19T19:00:00Z,1,Tulkarem,pm25,6h,11.35,17.755213,12.12284210526316,13.587075,oof,fold_2,xgboost,6.405212783813477,-6.405212783813477,False,False
2026-08-19T19:00:00Z,2,Nablus,pm25,6h,11.8,16.197744,13.209263157894735,14.792745,oof,fold_2,xgboost,4.397744369506835,-4.397744369506835,False,False
2026-08-19T19:00:00Z,4,Nablus,pm25,6h,10.02,17.878242,11.730000000000002,14.197147,oof,fold_2,xgboost,7.858242492675782,-7.858242492675782,False,False
2026-08-19T19:00:00Z,5,Nablus,pm25,6h,41.52,16.129738,14.234315789473683,15.276927,oof,fold_2,xgboost,25.390262145996097,25.390262145996097,False,True
2026-08-19T19:15:00Z,1,Tulkarem,pm25,6h,11.6,16.686855,12.021368421052632,13.220122,oof,fold_2,xgboost,5.08685531616211,-5.08685531616211,False,False
2026-08-19T19:15:00Z,2,Nablus,pm25,6h,12.36,15.943331,13.125473684210528,14.763809,oof,fold_2,xgboost,3.5833307647705084,-3.5833307647705084,False,False
2026-08-19T19:15:00Z,4,Nablus,pm25,6h,10.35,16.77286,11.636631578947368,14.025738,oof,fold_2,xgboost,6.422859573364258,-6.422859573364258,False,False
2026-08-19T19:15:00Z,5,Nablus,pm25,6h,33.97,15.804694,14.345473684210525,15.135771,oof,fold_2,xgboost,18.165305824279784,18.165305824279784,False,True
2026-08-19T19:30:00Z,1,Tulkarem,pm25,6h,11.32,16.558487,11.909684210526317,12.443213,oof,fold_2,xgboost,5.238486938476562,-5.238486938476562,False,False
2026-08-19T19:30:00Z,2,Nablus,pm25,6h,12.23,15.707216,13.039157894736842,14.756992,oof,fold_2,xgboost,3.4772162628173824,-3.4772162628173824,False,False
2026-08-19T19:30:00Z,4,Nablus,pm25,6h,10.53,16.746023,11.542315789473683,12.957302,oof,fold_2,xgboost,6.216023178100587,-6.216023178100587,False,False
2026-08-19T19:30:00Z,5,Nablus,pm25,6h,33.45,16.24145,14.43357894736842,15.0370455,oof,fold_2,xgboost,17.2085506439209,17.2085506439209,False,True
2026-08-19T19:45:00Z,1,Tulkarem,pm25,6h,11.4,16.517511,11.810631578947367,12.206575,oof,fold_2,xgboost,5.117511367797851,-5.117511367797851,False,False
2026-08-19T19:45:00Z,2,Nablus,pm25,6h,12.06,15.36115,12.947684210526315,14.704303,oof,fold_2,xgboost,3.3011497879028315,-3.3011497879028315,False,False
2026-08-19T19:45:00Z,4,Nablus,pm25,6h,10.54,16.546642,11.454,12.839468,oof,fold_2,xgboost,6.006642303466798,-6.006642303466798,False,False
2026-08-19T19:45:00Z,5,Nablus,pm25,6h,17.03,16.062147,14.34178947368421,15.014695,oof,fold_2,xgboost,0.9678528594970714,0.9678528594970714,False,True
2026-08-19T20:00:00Z,1,Tulkarem,pm25,6h,12.55,16.552818,11.727263157894736,12.205276,oof,fold_2,xgboost,4.002818298339843,-4.002818298339843,False,False
2026-08-19T20:00:00Z,2,Nablus,pm25,6h,11.67,15.289078,12.866947368421052,14.61202,oof,fold_2,xgboost,3.6190777587890626,-3.6190777587890626,False,False
2026-08-19T20:00:00Z,4,Nablus,pm25,6h,10.86,16.211763,11.381684210526316,12.8305645,oof,fold_2,xgboost,5.351763381958008,-5.351763381958008,False,False
2026-08-19T20:00:00Z,5,Nablus,pm25,6h,19.54,16.352716,14.295263157894736,14.913285,oof,fold_2,xgboost,3.1872835540771476,3.1872835540771476,False,False
2026-08-19T20:15:00Z,1,Tulkarem,pm25,6h,11.62,16.72413,11.633894736842104,12.225101,oof,fold_2,xgboost,5.104130630493165,-5.104130630493165,False,False
2026-08-19T20:15:00Z,2,Nablus,pm25,6h,12.14,15.85676,12.806947368421053,14.679265,oof,fold_2,xgboost,3.7167600250244135,-3.7167600250244135,False,False
2026-08-19T20:15:00Z,4,Nablus,pm25,6h,10.71,16.335358,11.314,12.857211,oof,fold_2,xgboost,5.625357666015624,-5.625357666015624,False,False
2026-08-19T20:15:00Z,5,Nablus,pm25,6h,21.09,15.897809,14.20557894736842,15.109223,oof,fold_2,xgboost,5.192190971374512,5.192190971374512,False,True
2026-08-19T20:30:00Z,1,Tulkarem,pm25,6h,13.28,16.972391,11.55484210526316,12.133936,oof,fold_2,xgboost,3.6923911285400397,-3.6923911285400397,False,False
2026-08-19T20:30:00Z,2,Nablus,pm25,6h,12.48,16.494196,12.755473684210529,14.479208,oof,fold_2,xgboost,4.014195938110351,-4.014195938110351,False,False
2026-08-19T20:30:00Z,4,Nablus,pm25,6h,10.9,15.831664,11.257368421052629,12.879553,oof,fold_2,xgboost,4.931664085388183,-4.931664085388183,False,False
2026-08-19T20:30:00Z,5,Nablus,pm25,6h,17.42,15.726174,14.041473684210526,14.927779,oof,fold_2,xgboost,1.693825645446779,1.693825645446779,False,False
2026-08-19T20:45:00Z,1,Tulkarem,pm25,6h,17.93,16.051895,11.531894736842109,12.050352,oof,fold_2,xgboost,1.8781048583984372,1.8781048583984372,False,False
2026-08-19T20:45:00Z,2,Nablus,pm25,6h,12.11,16.95657,12.711789473684211,14.531324,oof,fold_2,xgboost,4.84656967163086,-4.84656967163086,False,False
2026-08-19T20:45:00Z,4,Nablus,pm25,6h,11.61,14.9959135,11.21021052631579,12.640646,oof,fold_2,xgboost,3.3859135055542,-3.3859135055542,False,False
2026-08-19T20:45:00Z,5,Nablus,pm25,6h,14.94,15.460835,13.908105263157896,14.879696,oof,fold_2,xgboost,0.520835456848145,-0.520835456848145,False,False
2026-08-19T21:00:00Z,1,Tulkarem,pm25,6h,13.42,16.312119,11.43978947368421,12.096123,oof,fold_2,xgboost,2.8921185302734376,-2.8921185302734376,False,False
2026-08-19T21:00:00Z,2,Nablus,pm25,6h,12.49,17.968103,12.678210526315793,14.544263,oof,fold_2,xgboost,5.478103408813476,-5.478103408813476,False,False
2026-08-19T21:00:00Z,4,Nablus,pm25,6h,11.55,15.053858,11.165684210526315,12.675753,oof,fold_2,xgboost,3.503857803344726,-3.503857803344726,False,False
2026-08-19T21:00:00Z,5,Nablus,pm25,6h,16.93,15.892372,13.87,14.458952,oof,fold_2,xgboost,1.0376278686523435,1.0376278686523435,False,False
2026-08-19T21:15:00Z,1,Tulkarem,pm25,6h,16.27,16.056387,11.336210526315789,12.1437645,oof,fold_2,xgboost,0.21361305236816364,0.21361305236816364,False,False
2026-08-19T21:15:00Z,2,Nablus,pm25,6h,12.71,18.214842,12.65221052631579,14.566998,oof,fold_2,xgboost,5.504841842651366,-5.504841842651366,False,False
2026-08-19T21:15:00Z,4,Nablus,pm25,6h,11.79,15.038559,11.128947368421052,12.885451,oof,fold_2,xgboost,3.2485589599609384,-3.2485589599609384,False,False
2026-08-19T21:15:00Z,5,Nablus,pm25,6h,40.86,16.081951,14.104105263157896,14.4678335,oof,fold_2,xgboost,24.778048858642578,24.778048858642578,False,False
2026-08-19T21:30:00Z,1,Tulkarem,pm25,6h,14.61,15.969352,11.257368421052632,12.104537,oof,fold_2,xgboost,1.359351768493653,-1.359351768493653,False,False
2026-08-19T21:30:00Z,2,Nablus,pm25,6h,12.89,18.41778,12.640105263157894,14.659999,oof,fold_2,xgboost,5.527779922485351,-5.527779922485351,False,False
2026-08-19T21:30:00Z,4,Nablus,pm25,6h,11.91,15.103696,11.105368421052631,12.933104,oof,fold_2,xgboost,3.1936958694458006,-3.1936958694458006,False,False
2026-08-19T21:30:00Z,5,Nablus,pm25,6h,19.4,15.854805,14.125368421052633,14.431974,oof,fold_2,xgboost,3.5451950073242173,3.5451950073242173,False,False
2026-08-19T21:45:00Z,1,Tulkarem,pm25,6h,14.47,15.055038,11.19284210526316,11.805315,oof,fold_2,xgboost,0.5850384521484369,-0.5850384521484369,False,False
2026-08-19T21:45:00Z,2,Nablus,pm25,6h,12.33,17.911194,12.626105263157894,14.627526,oof,fold_2,xgboost,5.58119384765625,-5.58119384765625,False,False
2026-08-19T21:45:00Z,4,Nablus,pm25,6h,12.22,14.380836,11.092105263157896,12.417617,oof,fold_2,xgboost,2.160835533142089,-2.160835533142089,False,False
2026-08-19T21:45:00Z,5,Nablus,pm25,6h,32.19,15.767473,14.277894736842104,14.415207,oof,fold_2,xgboost,16.422526779174802,16.422526779174802,False,False
2026-08-19T22:15:00Z,1,Tulkarem,pm25,6h,14.21,17.077065,11.08726315789474,11.645821,oof,fold_2,xgboost,2.8670645141601554,-2.8670645141601554,False,False
2026-08-19T22:15:00Z,2,Nablus,pm25,6h,12.24,16.681618,12.60884210526316,14.520014,oof,fold_2,xgboost,4.441617736816406,-4.441617736816406,False,False
2026-08-19T22:15:00Z,4,Nablus,pm25,6h,11.45,15.95551,11.062105263157896,12.264032,oof,fold_2,xgboost,4.505510139465333,-4.505510139465333,False,False
2026-08-19T22:15:00Z,5,Nablus,pm25,6h,13.86,15.963903,14.204210526315787,14.409852,oof,fold_2,xgboost,2.103903427124024,-2.103903427124024,False,False
2026-08-19T22:30:00Z,1,Tulkarem,pm25,6h,12.38,18.54402,11.037263157894737,11.645863,oof,fold_2,xgboost,6.164019699096679,-6.164019699096679,False,False
2026-08-19T22:30:00Z,2,Nablus,pm25,6h,14.38,16.107845,12.629263157894735,14.617822,oof,fold_2,xgboost,1.7278453063964836,-1.7278453063964836,False,False
2026-08-19T22:30:00Z,4,Nablus,pm25,6h,13.22,16.207458,11.073368421052631,12.135361,oof,fold_2,xgboost,2.9874584960937494,-2.9874584960937494,False,False
2026-08-19T22:30:00Z,5,Nablus,pm25,6h,16.01,15.865846,14.204315789473682,14.392796,oof,fold_2,xgboost,0.14415431976318516,0.14415431976318516,False,False
2026-08-19T22:45:00Z,1,Tulkarem,pm25,6h,12.68,19.929865,10.984526315789472,11.548029,oof,fold_2,xgboost,7.249864883422852,-7.249864883422852,False,False
2026-08-19T22:45:00Z,2,Nablus,pm25,6h,14.03,16.801653,12.634736842105262,14.651347,oof,fold_2,xgboost,2.771652908325196,-2.771652908325196,False,False
2026-08-19T22:45:00Z,4,Nablus,pm25,6h,18.25,16.220543,11.144631578947369,12.150412,oof,fold_2,xgboost,2.0294570922851562,2.0294570922851562,False,False
2026-08-19T22:45:00Z,5,Nablus,pm25,6h,14.47,17.133749,14.16915789473684,14.445189,oof,fold_2,xgboost,2.6637490081787103,-2.6637490081787103,False,False
2026-08-19T23:00:00Z,1,Tulkarem,pm25,6h,13.11,21.87221,10.946315789473685,11.616312,oof,fold_2,xgboost,8.762209548950196,-8.762209548950196,False,False
2026-08-19T23:00:00Z,2,Nablus,pm25,6h,15.12,17.73059,12.652947368421051,14.685752,oof,fold_2,xgboost,2.610590820312501,-2.610590820312501,False,False
2026-08-19T23:00:00Z,4,Nablus,pm25,6h,17.08,15.798945,11.198842105263155,11.987192,oof,fold_2,xgboost,1.2810545730590803,1.2810545730590803,False,False
2026-08-19T23:00:00Z,5,Nablus,pm25,6h,14.84,17.49358,14.169473684210528,14.348988,oof,fold_2,xgboost,2.6535798645019533,-2.6535798645019533,False,False
2026-08-19T23:15:00Z,1,Tulkarem,pm25,6h,13.31,22.627806,10.900736842105262,11.572216,oof,fold_2,xgboost,9.317805709838867,-9.317805709838867,False,False
2026-08-19T23:15:00Z,2,Nablus,pm25,6h,15.29,17.98712,12.673157894736844,14.720954,oof,fold_2,xgboost,2.697119674682618,-2.697119674682618,False,False
2026-08-19T23:15:00Z,4,Nablus,pm25,6h,15.1,15.980711,11.234526315789472,12.016356,oof,fold_2,xgboost,0.8807109832763675,-0.8807109832763675,False,False
2026-08-19T23:15:00Z,5,Nablus,pm25,6h,15.57,16.9925,14.193052631578947,14.26248,oof,fold_2,xgboost,1.422500305175781,-1.422500305175781,False,False
2026-08-19T23:30:00Z,1,Tulkarem,pm25,6h,9.89,21.831879,10.856315789473683,11.56819,oof,fold_2,xgboost,11.941878662109374,-11.941878662109374,False,False
2026-08-19T23:30:00Z,2,Nablus,pm25,6h,15.93,16.745693,12.700315789473686,14.651041,oof,fold_2,xgboost,0.8156932067871097,-0.8156932067871097,False,False
2026-08-19T23:30:00Z,4,Nablus,pm25,6h,14.42,15.888677,11.26715789473684,12.044822,oof,fold_2,xgboost,1.468676643371582,-1.468676643371582,False,False
2026-08-19T23:30:00Z,5,Nablus,pm25,6h,15.01,17.32522,14.199473684210528,14.552322,oof,fold_2,xgboost,2.3152201080322268,-2.3152201080322268,False,False
2026-08-19T23:45:00Z,1,Tulkarem,pm25,6h,12.02,20.992458,10.84515789473684,11.567021,oof,fold_2,xgboost,8.97245834350586,-8.97245834350586,False,False
2026-08-19T23:45:00Z,2,Nablus,pm25,6h,15.75,16.485117,12.729157894736844,13.850008,oof,fold_2,xgboost,0.7351169586181641,-0.7351169586181641,False,False
2026-08-19T23:45:00Z,4,Nablus,pm25,6h,14.6,16.71243,11.301368421052633,12.039764,oof,fold_2,xgboost,2.1124290466308597,-2.1124290466308597,False,False
2026-08-19T23:45:00Z,5,Nablus,pm25,6h,14.81,17.194662,14.198526315789472,14.331972,oof,fold_2,xgboost,2.3846620941162104,-2.3846620941162104,False,False
