timestamp,sensor_id,actual,current_o3,predicted,residual,model,target_formulation,fold,horizon,unit
2026-08-12T00:00:00Z,1,54.08,47.08,47.08,7.0,persistence,absolute,fold_1,6h,ppb
2026-08-12T00:15:00Z,1,56.82,44.22,44.22,12.600000000000001,persistence,absolute,fold_1,6h,ppb
2026-08-12T00:30:00Z,1,59.59,35.77,35.77,23.82,persistence,absolute,fold_1,6h,ppb
2026-08-12T00:45:00Z,1,65.27,37.34,37.34,27.929999999999993,persistence,absolute,fold_1,6h,ppb
2026-08-12T01:00:00Z,1,70.77,32.64,32.64,38.129999999999995,persistence,absolute,fold_1,6h,ppb
2026-08-12T01:15:00Z,1,72.32,35.4,35.4,36.919999999999995,persistence,absolute,fold_1,6h,ppb
2026-08-12T01:30:00Z,1,75.31,34.74,34.74,40.57,persistence,absolute,fold_1,6h,ppb
2026-08-12T01:45:00Z,1,77.95,34.24,34.24,43.71,persistence,absolute,fold_1,6h,ppb
2026-08-12T02:00:00Z,1,81.07,37.19,37.19,43.879999999999995,persistence,absolute,fold_1,6h,ppb
2026-08-12T02:15:00Z,1,84.91,38.13,38.13,46.779999999999994,persistence,absolute,fold_1,6h,ppb
2026-08-12T02:30:00Z,1,78.43,33.37,33.37,45.06000000000001,persistence,absolute,fold_1,6h,ppb
2026-08-12T02:45:00Z,1,73.67,34.01,34.01,39.660000000000004,persistence,absolute,fold_1,6h,ppb
2026-08-12T03:00:00Z,1,64.5,35.12,35.12,29.380000000000003,persistence,absolute,fold_1,6h,ppb
2026-08-12T03:15:00Z,1,69.02,39.77,39.77,29.249999999999993,persistence,absolute,fold_1,6h,ppb
2026-08-12T03:30:00Z,1,73.63,43.28,43.28,30.349999999999994,persistence,absolute,fold_1,6h,ppb
2026-08-12T03:45:00Z,1,73.43,41.04,41.04,32.39000000000001,persistence,absolute,fold_1,6h,ppb
2026-08-12T04:00:00Z,1,66.12,40.81,40.81,25.310000000000002,persistence,absolute,fold_1,6h,ppb
2026-08-12T04:15:00Z,1,67.49,42.67,42.67,24.819999999999993,persistence,absolute,fold_1,6h,ppb
2026-08-12T04:30:00Z,1,63.54,46.46,46.46,17.08,persistence,absolute,fold_1,6h,ppb
2026-08-12T04:45:00Z,1,61.53,48.44,48.44,13.090000000000003,persistence,absolute,fold_1,6h,ppb
2026-08-12T05:00:00Z,1,57.0,50.21,50.21,6.789999999999999,persistence,absolute,fold_1,6h,ppb
2026-08-12T05:15:00Z,1,56.76,56.1,56.1,0.6599999999999966,persistence,absolute,fold_1,6h,ppb
2026-08-12T05:30:00Z,1,52.05,51.21,51.21,0.8399999999999963,persistence,absolute,fold_1,6h,ppb
2026-08-12T05:45:00Z,1,57.83,44.89,44.89,12.939999999999998,persistence,absolute,fold_1,6h,ppb
2026-08-12T06:00:00Z,1,55.33,54.08,54.08,1.25,persistence,absolute,fold_1,6h,ppb
2026-08-12T06:15:00Z,1,58.96,56.82,56.82,2.1400000000000006,persistence,absolute,fold_1,6h,ppb
2026-08-12T06:30:00Z,1,57.94,59.59,59.59,-1.6500000000000057,persistence,absolute,fold_1,6h,ppb
2026-08-12T06:45:00Z,1,58.82,65.27,65.27,-6.449999999999996,persistence,absolute,fold_1,6h,ppb
2026-08-12T07:00:00Z,1,52.0,70.77,70.77,-18.769999999999996,persistence,absolute,fold_1,6h,ppb
2026-08-12T07:15:00Z,1,55.61,72.32,72.32,-16.709999999999994,persistence,absolute,fold_1,6h,ppb
2026-08-12T07:30:00Z,1,51.77,75.31,75.31,-23.54,persistence,absolute,fold_1,6h,ppb
2026-08-12T07:45:00Z,1,50.68,77.95,77.95,-27.270000000000003,persistence,absolute,fold_1,6h,ppb
2026-08-12T08:00:00Z,1,49.51,81.07,81.07,-31.559999999999995,persistence,absolute,fold_1,6h,ppb
2026-08-12T08:15:00Z,1,51.24,84.91,84.91,-33.669999999999995,persistence,absolute,fold_1,6h,ppb
2026-08-12T08:30:00Z,1,48.43,78.43,78.43,-30.000000000000007,persistence,absolute,fold_1,6h,ppb
2026-08-12T08:45:00Z,1,50.92,73.67,73.67,-22.75,persistence,absolute,fold_1,6h,ppb
2026-08-12T09:00:00Z,1,50.82,64.5,64.5,-13.68,persistence,absolute,fold_1,6h,ppb
2026-08-12T09:15:00Z,1,46.78,69.02,69.02,-22.239999999999995,persistence,absolute,fold_1,6h,ppb
2026-08-12T09:30:00Z,1,45.23,73.63,73.63,-28.4,persistence,absolute,fold_1,6h,ppb
2026-08-12T09:45:00Z,1,38.04,73.43,73.43,-35.39000000000001,persistence,absolute,fold_1,6h,ppb
2026-08-12T10:00:00Z,1,30.59,66.12,66.12,-35.53,persistence,absolute,fold_1,6h,ppb
2026-08-12T10:15:00Z,1,31.0,67.49,67.49,-36.489999999999995,persistence,absolute,fold_1,6h,ppb
2026-08-12T10:30:00Z,1,36.23,63.54,63.54,-27.310000000000002,persistence,absolute,fold_1,6h,ppb
2026-08-12T10:45:00Z,1,37.55,61.53,61.53,-23.980000000000004,persistence,absolute,fold_1,6h,ppb
2026-08-12T11:00:00Z,1,35.98,57.0,57.0,-21.020000000000003,persistence,absolute,fold_1,6h,ppb
2026-08-12T11:15:00Z,1,31.94,56.76,56.76,-24.819999999999997,persistence,absolute,fold_1,6h,ppb
2026-08-12T11:30:00Z,1,39.85,52.05,52.05,-12.199999999999996,persistence,absolute,fold_1,6h,ppb
2026-08-12T11:45:00Z,1,35.92,57.83,57.83,-21.909999999999997,persistence,absolute,fold_1,6h,ppb
2026-08-12T12:00:00Z,1,38.65,55.33,55.33,-16.68,persistence,absolute,fold_1,6h,ppb
2026-08-12T12:15:00Z,1,43.76,58.96,58.96,-15.200000000000003,persistence,absolute,fold_1,6h,ppb
2026-08-12T12:30:00Z,1,47.57,57.94,57.94,-10.369999999999997,persistence,absolute,fold_1,6h,ppb
2026-08-12T12:45:00Z,1,55.19,58.82,58.82,-3.6300000000000026,persistence,absolute,fold_1,6h,ppb
2026-08-12T13:00:00Z,1,49.42,52.0,52.0,-2.5799999999999983,persistence,absolute,fold_1,6h,ppb
2026-08-12T13:15:00Z,1,52.45,55.61,55.61,-3.1599999999999966,persistence,absolute,fold_1,6h,ppb
2026-08-12T13:30:00Z,1,60.41,51.77,51.77,8.639999999999993,persistence,absolute,fold_1,6h,ppb
2026-08-12T13:45:00Z,1,61.45,50.68,50.68,10.770000000000003,persistence,absolute,fold_1,6h,ppb
2026-08-12T14:00:00Z,1,62.96,49.51,49.51,13.450000000000003,persistence,absolute,fold_1,6h,ppb
2026-08-12T14:15:00Z,1,57.93,51.24,51.24,6.689999999999998,persistence,absolute,fold_1,6h,ppb
2026-08-12T14:30:00Z,1,63.46,48.43,48.43,15.030000000000001,persistence,absolute,fold_1,6h,ppb
2026-08-12T14:45:00Z,1,51.85,50.92,50.92,0.9299999999999997,persistence,absolute,fold_1,6h,ppb
2026-08-12T15:00:00Z,1,40.77,50.82,50.82,-10.049999999999997,persistence,absolute,fold_1,6h,ppb
2026-08-12T15:15:00Z,1,41.7,46.78,46.78,-5.079999999999998,persistence,absolute,fold_1,6h,ppb
2026-08-12T15:30:00Z,1,35.25,45.23,45.23,-9.979999999999997,persistence,absolute,fold_1,6h,ppb
2026-08-12T15:45:00Z,1,33.45,38.04,38.04,-4.589999999999996,persistence,absolute,fold_1,6h,ppb
2026-08-12T16:00:00Z,1,27.83,30.59,30.59,-2.7600000000000016,persistence,absolute,fold_1,6h,ppb
2026-08-12T16:15:00Z,1,27.71,31.0,31.0,-3.289999999999999,persistence,absolute,fold_1,6h,ppb
2026-08-12T16:30:00Z,1,34.59,36.23,36.23,-1.6399999999999935,persistence,absolute,fold_1,6h,ppb
2026-08-12T16:45:00Z,1,35.57,37.55,37.55,-1.9799999999999969,persistence,absolute,fold_1,6h,ppb
2026-08-12T17:00:00Z,1,37.6,35.98,35.98,1.6200000000000045,persistence,absolute,fold_1,6h,ppb
2026-08-12T17:15:00Z,1,35.92,31.94,31.94,3.9800000000000004,persistence,absolute,fold_1,6h,ppb
2026-08-12T17:30:00Z,1,35.36,39.85,39.85,-4.490000000000002,persistence,absolute,fold_1,6h,ppb
2026-08-12T17:45:00Z,1,30.86,35.92,35.92,-5.060000000000002,persistence,absolute,fold_1,6h,ppb
2026-08-12T18:00:00Z,1,32.22,38.65,38.65,-6.43,persistence,absolute,fold_1,6h,ppb
2026-08-12T18:15:00Z,1,32.08,43.76,43.76,-11.68,persistence,absolute,fold_1,6h,ppb
2026-08-12T18:30:00Z,1,31.32,47.57,47.57,-16.25,persistence,absolute,fold_1,6h,ppb
2026-08-12T18:45:00Z,1,33.29,55.19,55.19,-21.9,persistence,absolute,fold_1,6h,ppb
2026-08-12T19:00:00Z,1,29.48,49.42,49.42,-19.94,persistence,absolute,fold_1,6h,ppb
2026-08-12T19:15:00Z,1,30.99,52.45,52.45,-21.460000000000004,persistence,absolute,fold_1,6h,ppb
2026-08-12T19:30:00Z,1,32.33,60.41,60.41,-28.08,persistence,absolute,fold_1,6h,ppb
2026-08-12T19:45:00Z,1,33.85,61.45,61.45,-27.6,persistence,absolute,fold_1,6h,ppb
2026-08-12T20:00:00Z,1,32.97,62.96,62.96,-29.990000000000002,persistence,absolute,fold_1,6h,ppb
2026-08-12T20:15:00Z,1,35.41,57.93,57.93,-22.520000000000003,persistence,absolute,fold_1,6h,ppb
2026-08-12T20:30:00Z,1,34.11,63.46,63.46,-29.35,persistence,absolute,fold_1,6h,ppb
2026-08-12T20:45:00Z,1,32.79,51.85,51.85,-19.060000000000002,persistence,absolute,fold_1,6h,ppb
2026-08-12T21:00:00Z,1,29.76,40.77,40.77,-11.010000000000002,persistence,absolute,fold_1,6h,ppb
2026-08-12T21:15:00Z,1,31.51,41.7,41.7,-10.190000000000001,persistence,absolute,fold_1,6h,ppb
2026-08-12T21:30:00Z,1,31.94,35.25,35.25,-3.3099999999999987,persistence,absolute,fold_1,6h,ppb
2026-08-12T21:45:00Z,1,29.44,33.45,33.45,-4.010000000000002,persistence,absolute,fold_1,6h,ppb
2026-08-12T22:00:00Z,1,27.72,27.83,27.83,-0.10999999999999943,persistence,absolute,fold_1,6h,ppb
2026-08-12T22:15:00Z,1,27.23,27.71,27.71,-0.4800000000000004,persistence,absolute,fold_1,6h,ppb
2026-08-12T22:30:00Z,1,27.79,34.59,34.59,-6.800000000000004,persistence,absolute,fold_1,6h,ppb
2026-08-12T22:45:00Z,1,34.52,35.57,35.57,-1.0499999999999972,persistence,absolute,fold_1,6h,ppb
2026-08-12T23:00:00Z,1,45.66,37.6,37.6,8.059999999999995,persistence,absolute,fold_1,6h,ppb
2026-08-12T23:15:00Z,1,49.3,35.92,35.92,13.379999999999995,persistence,absolute,fold_1,6h,ppb
2026-08-12T23:30:00Z,1,51.36,35.36,35.36,16.0,persistence,absolute,fold_1,6h,ppb
2026-08-12T23:45:00Z,1,54.21,30.86,30.86,23.35,persistence,absolute,fold_1,6h,ppb
2026-08-13T00:00:00Z,1,51.38,32.22,32.22,19.160000000000004,persistence,absolute,fold_1,6h,ppb
2026-08-13T00:15:00Z,1,48.44,32.08,32.08,16.36,persistence,absolute,fold_1,6h,ppb
2026-08-13T00:30:00Z,1,54.98,31.32,31.32,23.659999999999997,persistence,absolute,fold_1,6h,ppb
2026-08-13T00:45:00Z,1,59.72,33.29,33.29,26.43,persistence,absolute,fold_1,6h,ppb
2026-08-13T01:00:00Z,1,62.92,29.48,29.48,33.44,persistence,absolute,fold_1,6h,ppb
2026-08-13T01:15:00Z,1,64.11,30.99,30.99,33.120000000000005,persistence,absolute,fold_1,6h,ppb
2026-08-13T01:30:00Z,1,67.42,32.33,32.33,35.09,persistence,absolute,fold_1,6h,ppb
2026-08-13T01:45:00Z,1,71.78,33.85,33.85,37.93,persistence,absolute,fold_1,6h,ppb
2026-08-13T02:00:00Z,1,76.37,32.97,32.97,43.400000000000006,persistence,absolute,fold_1,6h,ppb
2026-08-13T02:15:00Z,1,82.5,35.41,35.41,47.09,persistence,absolute,fold_1,6h,ppb
2026-08-13T02:30:00Z,1,65.1,34.11,34.11,30.989999999999995,persistence,absolute,fold_1,6h,ppb
2026-08-13T02:45:00Z,1,71.16,32.79,32.79,38.37,persistence,absolute,fold_1,6h,ppb
2026-08-13T03:00:00Z,1,76.94,29.76,29.76,47.17999999999999,persistence,absolute,fold_1,6h,ppb
2026-08-13T03:30:00Z,1,94.02,31.94,31.94,62.08,persistence,absolute,fold_1,6h,ppb
2026-08-13T03:45:00Z,1,63.41,29.44,29.44,33.97,persistence,absolute,fold_1,6h,ppb
2026-08-13T04:00:00Z,1,61.62,27.72,27.72,33.9,persistence,absolute,fold_1,6h,ppb
2026-08-13T04:15:00Z,1,58.73,27.23,27.23,31.499999999999996,persistence,absolute,fold_1,6h,ppb
2026-08-13T04:30:00Z,1,59.35,27.79,27.79,31.560000000000002,persistence,absolute,fold_1,6h,ppb
2026-08-13T04:45:00Z,1,55.26,34.52,34.52,20.739999999999995,persistence,absolute,fold_1,6h,ppb
2026-08-13T05:00:00Z,1,50.94,45.66,45.66,5.280000000000001,persistence,absolute,fold_1,6h,ppb
2026-08-13T05:15:00Z,1,51.29,49.3,49.3,1.990000000000002,persistence,absolute,fold_1,6h,ppb
2026-08-13T05:30:00Z,1,56.26,51.36,51.36,4.899999999999999,persistence,absolute,fold_1,6h,ppb
2026-08-13T05:45:00Z,1,57.56,54.21,54.21,3.3500000000000014,persistence,absolute,fold_1,6h,ppb
2026-08-13T06:00:00Z,1,58.59,51.38,51.38,7.210000000000001,persistence,absolute,fold_1,6h,ppb
2026-08-13T06:15:00Z,1,56.19,48.44,48.44,7.75,persistence,absolute,fold_1,6h,ppb
2026-08-13T06:30:00Z,1,57.22,54.98,54.98,2.240000000000002,persistence,absolute,fold_1,6h,ppb
2026-08-13T06:45:00Z,1,56.7,59.72,59.72,-3.019999999999996,persistence,absolute,fold_1,6h,ppb
2026-08-13T07:00:00Z,1,55.79,62.92,62.92,-7.130000000000003,persistence,absolute,fold_1,6h,ppb
2026-08-13T07:15:00Z,1,58.16,64.11,64.11,-5.950000000000003,persistence,absolute,fold_1,6h,ppb
2026-08-13T07:30:00Z,1,56.51,67.42,67.42,-10.910000000000004,persistence,absolute,fold_1,6h,ppb
2026-08-13T07:45:00Z,1,51.79,71.78,71.78,-19.990000000000002,persistence,absolute,fold_1,6h,ppb
2026-08-13T08:00:00Z,1,54.33,76.37,76.37,-22.040000000000006,persistence,absolute,fold_1,6h,ppb
2026-08-13T08:15:00Z,1,55.45,82.5,82.5,-27.049999999999997,persistence,absolute,fold_1,6h,ppb
2026-08-13T08:30:00Z,1,62.14,65.1,65.1,-2.9599999999999937,persistence,absolute,fold_1,6h,ppb
2026-08-13T08:45:00Z,1,62.84,71.16,71.16,-8.319999999999993,persistence,absolute,fold_1,6h,ppb
2026-08-13T09:00:00Z,1,56.07,76.94,76.94,-20.869999999999997,persistence,absolute,fold_1,6h,ppb
2026-08-13T09:30:00Z,1,48.71,94.02,94.02,-45.309999999999995,persistence,absolute,fold_1,6h,ppb
2026-08-13T09:45:00Z,1,44.93,63.41,63.41,-18.479999999999997,persistence,absolute,fold_1,6h,ppb
2026-08-13T10:00:00Z,1,44.03,61.62,61.62,-17.589999999999996,persistence,absolute,fold_1,6h,ppb
2026-08-13T10:15:00Z,1,42.06,58.73,58.73,-16.669999999999995,persistence,absolute,fold_1,6h,ppb
2026-08-13T10:30:00Z,1,41.08,59.35,59.35,-18.270000000000003,persistence,absolute,fold_1,6h,ppb
2026-08-13T10:45:00Z,1,45.3,55.26,55.26,-9.96,persistence,absolute,fold_1,6h,ppb
2026-08-13T11:00:00Z,1,44.81,50.94,50.94,-6.1299999999999955,persistence,absolute,fold_1,6h,ppb
2026-08-13T11:15:00Z,1,42.61,51.29,51.29,-8.68,persistence,absolute,fold_1,6h,ppb
2026-08-13T11:30:00Z,1,44.56,56.26,56.26,-11.699999999999996,persistence,absolute,fold_1,6h,ppb
2026-08-13T11:45:00Z,1,49.31,57.56,57.56,-8.25,persistence,absolute,fold_1,6h,ppb
2026-08-13T12:00:00Z,1,49.88,58.59,58.59,-8.71,persistence,absolute,fold_1,6h,ppb
2026-08-13T12:15:00Z,1,50.85,56.19,56.19,-5.339999999999996,persistence,absolute,fold_1,6h,ppb
2026-08-13T12:30:00Z,1,47.39,57.22,57.22,-9.829999999999998,persistence,absolute,fold_1,6h,ppb
2026-08-13T12:45:00Z,1,46.57,56.7,56.7,-10.130000000000003,persistence,absolute,fold_1,6h,ppb
2026-08-13T13:00:00Z,1,44.97,55.79,55.79,-10.82,persistence,absolute,fold_1,6h,ppb
2026-08-13T13:15:00Z,1,43.49,58.16,58.16,-14.669999999999995,persistence,absolute,fold_1,6h,ppb
2026-08-13T13:30:00Z,1,46.27,56.51,56.51,-10.239999999999995,persistence,absolute,fold_1,6h,ppb
2026-08-13T13:45:00Z,1,43.35,51.79,51.79,-8.439999999999998,persistence,absolute,fold_1,6h,ppb
2026-08-13T14:00:00Z,1,47.04,54.33,54.33,-7.289999999999999,persistence,absolute,fold_1,6h,ppb
2026-08-13T14:15:00Z,1,43.97,55.45,55.45,-11.480000000000004,persistence,absolute,fold_1,6h,ppb
2026-08-13T14:30:00Z,1,49.85,62.14,62.14,-12.29,persistence,absolute,fold_1,6h,ppb
2026-08-13T14:45:00Z,1,55.18,62.84,62.84,-7.660000000000004,persistence,absolute,fold_1,6h,ppb
2026-08-13T15:00:00Z,1,56.96,56.07,56.07,0.8900000000000006,persistence,absolute,fold_1,6h,ppb
2026-08-13T15:15:00Z,1,52.79,53.58,53.58,-0.7899999999999991,persistence,absolute,fold_1,6h,ppb
2026-08-13T15:30:00Z,1,53.75,48.71,48.71,5.039999999999999,persistence,absolute,fold_1,6h,ppb
2026-08-13T15:45:00Z,1,51.27,44.93,44.93,6.340000000000003,persistence,absolute,fold_1,6h,ppb
2026-08-13T16:00:00Z,1,48.66,44.03,44.03,4.6299999999999955,persistence,absolute,fold_1,6h,ppb
2026-08-13T16:15:00Z,1,47.56,42.06,42.06,5.5,persistence,absolute,fold_1,6h,ppb
2026-08-13T16:30:00Z,1,48.87,41.08,41.08,7.789999999999999,persistence,absolute,fold_1,6h,ppb
2026-08-13T16:45:00Z,1,51.22,45.3,45.3,5.920000000000002,persistence,absolute,fold_1,6h,ppb
2026-08-13T17:00:00Z,1,55.39,44.81,44.81,10.579999999999998,persistence,absolute,fold_1,6h,ppb
2026-08-13T17:15:00Z,1,56.84,42.61,42.61,14.230000000000004,persistence,absolute,fold_1,6h,ppb
2026-08-13T17:30:00Z,1,52.78,44.56,44.56,8.219999999999999,persistence,absolute,fold_1,6h,ppb
2026-08-13T17:45:00Z,1,50.54,49.31,49.31,1.2299999999999969,persistence,absolute,fold_1,6h,ppb
2026-08-13T18:00:00Z,1,51.84,49.88,49.88,1.9600000000000009,persistence,absolute,fold_1,6h,ppb
2026-08-13T18:15:00Z,1,50.6,50.85,50.85,-0.25,persistence,absolute,fold_1,6h,ppb
2026-08-13T18:30:00Z,1,46.86,47.39,47.39,-0.5300000000000011,persistence,absolute,fold_1,6h,ppb
2026-08-13T18:45:00Z,1,46.9,46.57,46.57,0.3299999999999983,persistence,absolute,fold_1,6h,ppb
2026-08-13T19:00:00Z,1,50.73,44.97,44.97,5.759999999999998,persistence,absolute,fold_1,6h,ppb
2026-08-13T19:15:00Z,1,54.17,43.49,43.49,10.68,persistence,absolute,fold_1,6h,ppb
2026-08-13T19:30:00Z,1,52.26,46.27,46.27,5.989999999999995,persistence,absolute,fold_1,6h,ppb
2026-08-13T19:45:00Z,1,55.75,43.35,43.35,12.399999999999999,persistence,absolute,fold_1,6h,ppb
2026-08-13T20:00:00Z,1,55.64,47.04,47.04,8.600000000000001,persistence,absolute,fold_1,6h,ppb
2026-08-13T20:15:00Z,1,55.45,43.97,43.97,11.480000000000004,persistence,absolute,fold_1,6h,ppb
2026-08-13T20:30:00Z,1,55.32,49.85,49.85,5.469999999999999,persistence,absolute,fold_1,6h,ppb
2026-08-13T20:45:00Z,1,56.2,55.18,55.18,1.0200000000000031,persistence,absolute,fold_1,6h,ppb
2026-08-13T21:00:00Z,1,59.28,56.96,56.96,2.3200000000000003,persistence,absolute,fold_1,6h,ppb
2026-08-13T21:15:00Z,1,58.89,52.79,52.79,6.100000000000001,persistence,absolute,fold_1,6h,ppb
2026-08-13T21:30:00Z,1,58.46,53.75,53.75,4.710000000000001,persistence,absolute,fold_1,6h,ppb
2026-08-13T21:45:00Z,1,56.52,51.27,51.27,5.25,persistence,absolute,fold_1,6h,ppb
2026-08-13T22:00:00Z,1,59.14,48.66,48.66,10.480000000000004,persistence,absolute,fold_1,6h,ppb
2026-08-13T22:15:00Z,1,61.44,47.56,47.56,13.879999999999995,persistence,absolute,fold_1,6h,ppb
2026-08-13T22:30:00Z,1,63.72,48.87,48.87,14.850000000000001,persistence,absolute,fold_1,6h,ppb
2026-08-13T22:45:00Z,1,65.94,51.22,51.22,14.719999999999999,persistence,absolute,fold_1,6h,ppb
2026-08-13T23:00:00Z,1,65.1,55.39,55.39,9.709999999999994,persistence,absolute,fold_1,6h,ppb
2026-08-13T23:15:00Z,1,68.51,56.84,56.84,11.670000000000002,persistence,absolute,fold_1,6h,ppb
2026-08-13T23:30:00Z,1,69.36,52.78,52.78,16.58,persistence,absolute,fold_1,6h,ppb
2026-08-13T23:45:00Z,1,71.93,50.54,50.54,21.390000000000008,persistence,absolute,fold_1,6h,ppb
2026-08-12T00:00:00Z,1,54.08,47.08,64.71859914021165,-10.638599140211653,random_forest,absolute,fold_1,6h,ppb
2026-08-12T00:15:00Z,1,56.82,44.22,63.447375198412686,-6.627375198412686,random_forest,absolute,fold_1,6h,ppb
2026-08-12T00:30:00Z,1,59.59,35.77,65.60005216049383,-6.010052160493828,random_forest,absolute,fold_1,6h,ppb
2026-08-12T00:45:00Z,1,65.27,37.34,67.25728694885365,-1.9872869488536509,random_forest,absolute,fold_1,6h,ppb
2026-08-12T01:00:00Z,1,70.77,32.64,65.55211049382719,5.21788950617281,random_forest,absolute,fold_1,6h,ppb
2026-08-12T01:15:00Z,1,72.32,35.4,66.56700238095239,5.752997619047605,random_forest,absolute,fold_1,6h,ppb
2026-08-12T01:30:00Z,1,75.31,34.74,66.01986902557317,9.29013097442683,random_forest,absolute,fold_1,6h,ppb
2026-08-12T01:45:00Z,1,77.95,34.24,65.66161421957669,12.288385780423312,random_forest,absolute,fold_1,6h,ppb
2026-08-12T02:00:00Z,1,81.07,37.19,67.54933710317458,13.520662896825414,random_forest,absolute,fold_1,6h,ppb
2026-08-12T02:15:00Z,1,84.91,38.13,67.88411103896104,17.02588896103896,random_forest,absolute,fold_1,6h,ppb
2026-08-12T02:30:00Z,1,78.43,33.37,66.069972326439,12.360027673561007,random_forest,absolute,fold_1,6h,ppb
2026-08-12T02:45:00Z,1,73.67,34.01,65.72929828042332,7.94070171957668,random_forest,absolute,fold_1,6h,ppb
2026-08-12T03:00:00Z,1,64.5,35.12,64.94915388007058,-0.44915388007058255,random_forest,absolute,fold_1,6h,ppb
2026-08-12T03:15:00Z,1,69.02,39.77,65.19889894179896,3.8211010582010374,random_forest,absolute,fold_1,6h,ppb
2026-08-12T03:30:00Z,1,73.63,43.28,64.81700436507937,8.812995634920625,random_forest,absolute,fold_1,6h,ppb
2026-08-12T03:45:00Z,1,73.43,41.04,62.99801838624338,10.431981613756626,random_forest,absolute,fold_1,6h,ppb
2026-08-12T04:00:00Z,1,66.12,40.81,62.70206997354497,3.417930026455032,random_forest,absolute,fold_1,6h,ppb
2026-08-12T04:15:00Z,1,67.49,42.67,62.647437566137576,4.842562433862419,random_forest,absolute,fold_1,6h,ppb
2026-08-12T04:30:00Z,1,63.54,46.46,63.04927420634921,0.49072579365078894,random_forest,absolute,fold_1,6h,ppb
2026-08-12T04:45:00Z,1,61.53,48.44,62.29095734126986,-0.760957341269858,random_forest,absolute,fold_1,6h,ppb
2026-08-12T05:00:00Z,1,57.0,50.21,60.33662281746032,-3.3366228174603165,random_forest,absolute,fold_1,6h,ppb
2026-08-12T05:15:00Z,1,56.76,56.1,60.99563037918872,-4.23563037918872,random_forest,absolute,fold_1,6h,ppb
2026-08-12T05:30:00Z,1,52.05,51.21,60.395231150793684,-8.345231150793687,random_forest,absolute,fold_1,6h,ppb
2026-08-12T05:45:00Z,1,57.83,44.89,60.060346957671975,-2.2303469576719763,random_forest,absolute,fold_1,6h,ppb
2026-08-12T06:00:00Z,1,55.33,54.08,59.508633862433854,-4.1786338624338555,random_forest,absolute,fold_1,6h,ppb
2026-08-12T06:15:00Z,1,58.96,56.82,60.145766005291,-1.1857660052910006,random_forest,absolute,fold_1,6h,ppb
2026-08-12T06:30:00Z,1,57.94,59.59,60.96446135361551,-3.0244613536155143,random_forest,absolute,fold_1,6h,ppb
2026-08-12T06:45:00Z,1,58.82,65.27,62.02161038359789,-3.201610383597888,random_forest,absolute,fold_1,6h,ppb
2026-08-12T07:00:00Z,1,52.0,70.77,58.47906845238092,-6.479068452380922,random_forest,absolute,fold_1,6h,ppb
2026-08-12T07:15:00Z,1,55.61,72.32,57.67527334656082,-2.065273346560822,random_forest,absolute,fold_1,6h,ppb
2026-08-12T07:30:00Z,1,51.77,75.31,56.44091832010585,-4.670918320105848,random_forest,absolute,fold_1,6h,ppb
2026-08-12T07:45:00Z,1,50.68,77.95,55.98412480158732,-5.304124801587321,random_forest,absolute,fold_1,6h,ppb
2026-08-12T08:00:00Z,1,49.51,81.07,55.8553919973545,-6.345391997354504,random_forest,absolute,fold_1,6h,ppb
2026-08-12T08:15:00Z,1,51.24,84.91,56.43327338895673,-5.193273388956726,random_forest,absolute,fold_1,6h,ppb
2026-08-12T08:30:00Z,1,48.43,78.43,56.69511011735177,-8.265110117351767,random_forest,absolute,fold_1,6h,ppb
2026-08-12T08:45:00Z,1,50.92,73.67,56.12235795855378,-5.202357958553776,random_forest,absolute,fold_1,6h,ppb
2026-08-12T09:00:00Z,1,50.82,64.5,52.7780751322751,-1.9580751322750984,random_forest,absolute,fold_1,6h,ppb
2026-08-12T09:15:00Z,1,46.78,69.02,52.10457724019805,-5.324577240198046,random_forest,absolute,fold_1,6h,ppb
2026-08-12T09:30:00Z,1,45.23,73.63,50.79364436982769,-5.563644369827692,random_forest,absolute,fold_1,6h,ppb
2026-08-12T09:45:00Z,1,38.04,73.43,49.4099762481346,-11.369976248134599,random_forest,absolute,fold_1,6h,ppb
2026-08-12T10:00:00Z,1,30.59,66.12,48.21688403767013,-17.626884037670127,random_forest,absolute,fold_1,6h,ppb
2026-08-12T10:15:00Z,1,31.0,67.49,48.19524281780612,-17.19524281780612,random_forest,absolute,fold_1,6h,ppb
2026-08-12T10:30:00Z,1,36.23,63.54,47.58201065549676,-11.352010655496763,random_forest,absolute,fold_1,6h,ppb
2026-08-12T10:45:00Z,1,37.55,61.53,47.67728662292077,-10.12728662292077,random_forest,absolute,fold_1,6h,ppb
2026-08-12T11:00:00Z,1,35.98,57.0,48.07368203997646,-12.093682039976464,random_forest,absolute,fold_1,6h,ppb
2026-08-12T11:15:00Z,1,31.94,56.76,48.22493106995882,-16.28493106995882,random_forest,absolute,fold_1,6h,ppb
2026-08-12T11:30:00Z,1,39.85,52.05,47.572580158730176,-7.722580158730175,random_forest,absolute,fold_1,6h,ppb
2026-08-12T11:45:00Z,1,35.92,57.83,46.97725260141093,-11.05725260141093,random_forest,absolute,fold_1,6h,ppb
2026-08-12T12:00:00Z,1,38.65,55.33,46.76186459435628,-8.111864594356284,random_forest,absolute,fold_1,6h,ppb
2026-08-12T12:15:00Z,1,43.76,58.96,47.33256662257499,-3.572566622574989,random_forest,absolute,fold_1,6h,ppb
2026-08-12T12:30:00Z,1,47.57,57.94,47.539981790123484,0.030018209876516266,random_forest,absolute,fold_1,6h,ppb
2026-08-12T12:45:00Z,1,55.19,58.82,50.93342848042006,4.256571519579936,random_forest,absolute,fold_1,6h,ppb
2026-08-12T13:00:00Z,1,49.42,52.0,51.96431303706042,-2.5443130370604194,random_forest,absolute,fold_1,6h,ppb
2026-08-12T13:15:00Z,1,52.45,55.61,51.96073009581629,0.48926990418371474,random_forest,absolute,fold_1,6h,ppb
2026-08-12T13:30:00Z,1,60.41,51.77,51.45593641589893,8.954063584101064,random_forest,absolute,fold_1,6h,ppb
2026-08-12T13:45:00Z,1,61.45,50.68,52.31402060039399,9.135979399606015,random_forest,absolute,fold_1,6h,ppb
2026-08-12T14:00:00Z,1,62.96,49.51,52.23354012950557,10.72645987049443,random_forest,absolute,fold_1,6h,ppb
2026-08-12T14:15:00Z,1,57.93,51.24,52.82497919087085,5.105020809129151,random_forest,absolute,fold_1,6h,ppb
2026-08-12T14:30:00Z,1,63.46,48.43,52.770439526214496,10.689560473785505,random_forest,absolute,fold_1,6h,ppb
2026-08-12T14:45:00Z,1,51.85,50.92,53.76577063492058,-1.9157706349205768,random_forest,absolute,fold_1,6h,ppb
2026-08-12T15:00:00Z,1,40.77,50.82,53.601041508953976,-12.831041508953973,random_forest,absolute,fold_1,6h,ppb
2026-08-12T15:15:00Z,1,41.7,46.78,53.283115806878286,-11.583115806878283,random_forest,absolute,fold_1,6h,ppb
2026-08-12T15:30:00Z,1,35.25,45.23,52.771635537918854,-17.521635537918854,random_forest,absolute,fold_1,6h,ppb
2026-08-12T15:45:00Z,1,33.45,38.04,54.00048822751323,-20.550488227513227,random_forest,absolute,fold_1,6h,ppb
2026-08-12T16:00:00Z,1,27.83,30.59,51.42076355820104,-23.59076355820104,random_forest,absolute,fold_1,6h,ppb
2026-08-12T16:15:00Z,1,27.71,31.0,47.910269576719564,-20.200269576719563,random_forest,absolute,fold_1,6h,ppb
2026-08-12T16:30:00Z,1,34.59,36.23,46.22428818342149,-11.63428818342149,random_forest,absolute,fold_1,6h,ppb
2026-08-12T16:45:00Z,1,35.57,37.55,45.96206124338622,-10.392061243386223,random_forest,absolute,fold_1,6h,ppb
2026-08-12T17:00:00Z,1,37.6,35.98,44.873885738335716,-7.273885738335714,random_forest,absolute,fold_1,6h,ppb
2026-08-12T17:15:00Z,1,35.92,31.94,43.67522083533749,-7.755220835337489,random_forest,absolute,fold_1,6h,ppb
2026-08-12T17:30:00Z,1,35.36,39.85,42.204214816818954,-6.844214816818955,random_forest,absolute,fold_1,6h,ppb
2026-08-12T17:45:00Z,1,30.86,35.92,41.77005628507293,-10.910056285072933,random_forest,absolute,fold_1,6h,ppb
2026-08-12T18:00:00Z,1,32.22,38.65,39.56730701258617,-7.347307012586171,random_forest,absolute,fold_1,6h,ppb
2026-08-12T18:15:00Z,1,32.08,43.76,39.084327250681405,-7.004327250681406,random_forest,absolute,fold_1,6h,ppb
2026-08-12T18:30:00Z,1,31.32,47.57,38.35635119248035,-7.036351192480353,random_forest,absolute,fold_1,6h,ppb
2026-08-12T18:45:00Z,1,33.29,55.19,38.50621514550263,-5.21621514550263,random_forest,absolute,fold_1,6h,ppb
2026-08-12T19:00:00Z,1,29.48,49.42,37.51901944444442,-8.039019444444417,random_forest,absolute,fold_1,6h,ppb
2026-08-12T19:15:00Z,1,30.99,52.45,37.59338756613753,-6.603387566137531,random_forest,absolute,fold_1,6h,ppb
2026-08-12T19:30:00Z,1,32.33,60.41,41.340187191358005,-9.010187191358007,random_forest,absolute,fold_1,6h,ppb
2026-08-12T19:45:00Z,1,33.85,61.45,42.58091338183419,-8.730913381834192,random_forest,absolute,fold_1,6h,ppb
2026-08-12T20:00:00Z,1,32.97,62.96,43.38629279100527,-10.416292791005269,random_forest,absolute,fold_1,6h,ppb
2026-08-12T20:15:00Z,1,35.41,57.93,44.398130886243365,-8.988130886243368,random_forest,absolute,fold_1,6h,ppb
2026-08-12T20:30:00Z,1,34.11,63.46,44.326508201058175,-10.216508201058176,random_forest,absolute,fold_1,6h,ppb
2026-08-12T20:45:00Z,1,32.79,51.85,43.83013187830686,-11.040131878306859,random_forest,absolute,fold_1,6h,ppb
2026-08-12T21:00:00Z,1,29.76,40.77,43.742595723104046,-13.982595723104044,random_forest,absolute,fold_1,6h,ppb
2026-08-12T21:15:00Z,1,31.51,41.7,45.90362323633156,-14.39362323633156,random_forest,absolute,fold_1,6h,ppb
2026-08-12T21:30:00Z,1,31.94,35.25,46.856654717813036,-14.916654717813035,random_forest,absolute,fold_1,6h,ppb
2026-08-12T21:45:00Z,1,29.44,33.45,48.058397376543205,-18.618397376543204,random_forest,absolute,fold_1,6h,ppb
2026-08-12T22:00:00Z,1,27.72,27.83,50.73239770723104,-23.012397707231038,random_forest,absolute,fold_1,6h,ppb
2026-08-12T22:15:00Z,1,27.23,27.71,51.45369720218054,-24.223697202180542,random_forest,absolute,fold_1,6h,ppb
2026-08-12T22:30:00Z,1,27.79,34.59,52.50063225509062,-24.710632255090623,random_forest,absolute,fold_1,6h,ppb
2026-08-12T22:45:00Z,1,34.52,35.57,52.71481849847685,-18.19481849847685,random_forest,absolute,fold_1,6h,ppb
2026-08-12T23:00:00Z,1,45.66,37.6,55.40089404761904,-9.740894047619044,random_forest,absolute,fold_1,6h,ppb
2026-08-12T23:15:00Z,1,49.3,35.92,55.146682142857145,-5.846682142857148,random_forest,absolute,fold_1,6h,ppb
2026-08-12T23:30:00Z,1,51.36,35.36,50.07567449494948,1.2843255050505178,random_forest,absolute,fold_1,6h,ppb
2026-08-12T23:45:00Z,1,54.21,30.86,50.59073093233926,3.6192690676607384,random_forest,absolute,fold_1,6h,ppb
2026-08-13T00:00:00Z,1,51.38,32.22,73.93189545855381,-22.55189545855381,random_forest,absolute,fold_1,6h,ppb
2026-08-13T00:15:00Z,1,48.44,32.08,67.27455354938274,-18.834553549382747,random_forest,absolute,fold_1,6h,ppb
2026-08-13T00:30:00Z,1,54.98,31.32,67.90443082010582,-12.924430820105819,random_forest,absolute,fold_1,6h,ppb
2026-08-13T00:45:00Z,1,59.72,33.29,67.94531525573193,-8.225315255731928,random_forest,absolute,fold_1,6h,ppb
2026-08-13T01:00:00Z,1,62.92,29.48,67.53222323633155,-4.612223236331545,random_forest,absolute,fold_1,6h,ppb
2026-08-13T01:15:00Z,1,64.11,30.99,67.5845447310406,-3.474544731040595,random_forest,absolute,fold_1,6h,ppb
2026-08-13T01:30:00Z,1,67.42,32.33,68.25672431657853,-0.8367243165785254,random_forest,absolute,fold_1,6h,ppb
2026-08-13T01:45:00Z,1,71.78,33.85,66.54542804232808,5.234571957671918,random_forest,absolute,fold_1,6h,ppb
2026-08-13T02:00:00Z,1,76.37,32.97,65.49406157407407,10.875938425925938,random_forest,absolute,fold_1,6h,ppb
2026-08-13T02:15:00Z,1,82.5,35.41,66.00565132275133,16.494348677248666,random_forest,absolute,fold_1,6h,ppb
2026-08-13T02:30:00Z,1,65.1,34.11,65.35989364478112,-0.25989364478112975,random_forest,absolute,fold_1,6h,ppb
2026-08-13T02:45:00Z,1,71.16,32.79,65.56914678130514,5.5908532186948605,random_forest,absolute,fold_1,6h,ppb
2026-08-13T03:00:00Z,1,76.94,29.76,71.78921388888888,5.150786111111117,random_forest,absolute,fold_1,6h,ppb
2026-08-13T03:30:00Z,1,94.02,31.94,65.78685861992948,28.23314138007052,random_forest,absolute,fold_1,6h,ppb
2026-08-13T03:45:00Z,1,63.41,29.44,65.79663540564373,-2.3866354056437302,random_forest,absolute,fold_1,6h,ppb
2026-08-13T04:00:00Z,1,61.62,27.72,66.27210434303352,-4.652104343033521,random_forest,absolute,fold_1,6h,ppb
2026-08-13T04:15:00Z,1,58.73,27.23,67.00827123015871,-8.278271230158715,random_forest,absolute,fold_1,6h,ppb
2026-08-13T04:30:00Z,1,59.35,27.79,68.59490762786601,-9.244907627866006,random_forest,absolute,fold_1,6h,ppb
2026-08-13T04:45:00Z,1,55.26,34.52,69.22629228395064,-13.966292283950644,random_forest,absolute,fold_1,6h,ppb
2026-08-13T05:00:00Z,1,50.94,45.66,60.24866746031747,-9.308667460317473,random_forest,absolute,fold_1,6h,ppb
2026-08-13T05:15:00Z,1,51.29,49.3,59.18761494708995,-7.897614947089949,random_forest,absolute,fold_1,6h,ppb
2026-08-13T05:30:00Z,1,56.26,51.36,58.16900687830689,-1.90900687830689,random_forest,absolute,fold_1,6h,ppb
2026-08-13T05:45:00Z,1,57.56,54.21,56.712464440035276,0.8475355599647258,random_forest,absolute,fold_1,6h,ppb
2026-08-13T06:00:00Z,1,58.59,51.38,56.44809920634921,2.141900793650791,random_forest,absolute,fold_1,6h,ppb
2026-08-13T06:15:00Z,1,56.19,48.44,55.17528218694888,1.0147178130511207,random_forest,absolute,fold_1,6h,ppb
2026-08-13T06:30:00Z,1,57.22,54.98,56.89025202821871,0.3297479717812877,random_forest,absolute,fold_1,6h,ppb
2026-08-13T06:45:00Z,1,56.7,59.72,62.29818287037036,-5.598182870370358,random_forest,absolute,fold_1,6h,ppb
2026-08-13T07:00:00Z,1,55.79,62.92,59.63591494708994,-3.8459149470899376,random_forest,absolute,fold_1,6h,ppb
2026-08-13T07:15:00Z,1,58.16,64.11,60.13848496472662,-1.9784849647266256,random_forest,absolute,fold_1,6h,ppb
2026-08-13T07:30:00Z,1,56.51,67.42,60.11557603615519,-3.605576036155192,random_forest,absolute,fold_1,6h,ppb
2026-08-13T07:45:00Z,1,51.79,71.78,59.25386547619045,-7.463865476190449,random_forest,absolute,fold_1,6h,ppb
2026-08-13T08:00:00Z,1,54.33,76.37,58.366371494709,-4.036371494709002,random_forest,absolute,fold_1,6h,ppb
2026-08-13T08:15:00Z,1,55.45,82.5,58.36307228835978,-2.9130722883597784,random_forest,absolute,fold_1,6h,ppb
2026-08-13T08:30:00Z,1,62.14,65.1,58.46181448412695,3.6781855158730536,random_forest,absolute,fold_1,6h,ppb
2026-08-13T08:45:00Z,1,62.84,71.16,58.064750132275115,4.775249867724888,random_forest,absolute,fold_1,6h,ppb
2026-08-13T09:00:00Z,1,56.07,76.94,54.51202473113304,1.5579752688669615,random_forest,absolute,fold_1,6h,ppb
2026-08-13T09:30:00Z,1,48.71,94.02,55.60180599647262,-6.89180599647262,random_forest,absolute,fold_1,6h,ppb
2026-08-13T09:45:00Z,1,44.93,63.41,54.835876895943514,-9.905876895943514,random_forest,absolute,fold_1,6h,ppb
2026-08-13T10:00:00Z,1,44.03,61.62,53.06428452380952,-9.034284523809518,random_forest,absolute,fold_1,6h,ppb
2026-08-13T10:15:00Z,1,42.06,58.73,52.12717279541449,-10.067172795414486,random_forest,absolute,fold_1,6h,ppb
2026-08-13T10:30:00Z,1,41.08,59.35,50.70869951298703,-9.628699512987033,random_forest,absolute,fold_1,6h,ppb
2026-08-13T10:45:00Z,1,45.3,55.26,49.04748954178539,-3.7474895417853915,random_forest,absolute,fold_1,6h,ppb
2026-08-13T11:00:00Z,1,44.81,50.94,49.5174367724868,-4.707436772486801,random_forest,absolute,fold_1,6h,ppb
2026-08-13T11:15:00Z,1,42.61,51.29,49.46546133156969,-6.855461331569693,random_forest,absolute,fold_1,6h,ppb
2026-08-13T11:30:00Z,1,44.56,56.26,49.6671821724572,-5.1071821724572,random_forest,absolute,fold_1,6h,ppb
2026-08-13T11:45:00Z,1,49.31,57.56,50.0999574289908,-0.789957428990796,random_forest,absolute,fold_1,6h,ppb
2026-08-13T12:00:00Z,1,49.88,58.59,49.99756253360837,-0.1175625336083641,random_forest,absolute,fold_1,6h,ppb
2026-08-13T12:15:00Z,1,50.85,56.19,51.40873745390416,-0.5587374539041576,random_forest,absolute,fold_1,6h,ppb
2026-08-13T12:30:00Z,1,47.39,57.22,50.732949293966776,-3.3429492939667753,random_forest,absolute,fold_1,6h,ppb
2026-08-13T12:45:00Z,1,46.57,56.7,51.46983100569184,-4.899831005691837,random_forest,absolute,fold_1,6h,ppb
2026-08-13T13:00:00Z,1,44.97,55.79,51.96349127373173,-6.993491273731728,random_forest,absolute,fold_1,6h,ppb
2026-08-13T13:15:00Z,1,43.49,58.16,52.60379184303354,-9.113791843033539,random_forest,absolute,fold_1,6h,ppb
2026-08-13T13:30:00Z,1,46.27,56.51,54.257340542328066,-7.987340542328063,random_forest,absolute,fold_1,6h,ppb
2026-08-13T13:45:00Z,1,43.35,51.79,53.35614260276763,-10.006142602767632,random_forest,absolute,fold_1,6h,ppb
2026-08-13T14:00:00Z,1,47.04,54.33,54.368744109866185,-7.328744109866186,random_forest,absolute,fold_1,6h,ppb
2026-08-13T14:15:00Z,1,43.97,55.45,54.11376800757341,-10.143768007573414,random_forest,absolute,fold_1,6h,ppb
2026-08-13T14:30:00Z,1,49.85,62.14,53.74656166854207,-3.89656166854207,random_forest,absolute,fold_1,6h,ppb
2026-08-13T14:45:00Z,1,55.18,62.84,53.43958261599515,1.74041738400485,random_forest,absolute,fold_1,6h,ppb
2026-08-13T15:00:00Z,1,56.96,56.07,53.550034988930825,3.4099650110691755,random_forest,absolute,fold_1,6h,ppb
2026-08-13T15:15:00Z,1,52.79,53.58,53.59098554137403,-0.8009855413740326,random_forest,absolute,fold_1,6h,ppb
2026-08-13T15:30:00Z,1,53.75,48.71,54.82601136379054,-1.076011363790542,random_forest,absolute,fold_1,6h,ppb
2026-08-13T15:45:00Z,1,51.27,44.93,53.03831277472527,-1.768312774725267,random_forest,absolute,fold_1,6h,ppb
2026-08-13T16:00:00Z,1,48.66,44.03,52.417512576312554,-3.757512576312557,random_forest,absolute,fold_1,6h,ppb
2026-08-13T16:15:00Z,1,47.56,42.06,52.79272381969882,-5.232723819698819,random_forest,absolute,fold_1,6h,ppb
2026-08-13T16:30:00Z,1,48.87,41.08,52.36439758513088,-3.4943975851308835,random_forest,absolute,fold_1,6h,ppb
2026-08-13T16:45:00Z,1,51.22,45.3,50.494988575930236,0.7250114240697627,random_forest,absolute,fold_1,6h,ppb
2026-08-13T17:00:00Z,1,55.39,44.81,50.11382498581664,5.276175014183359,random_forest,absolute,fold_1,6h,ppb
2026-08-13T17:15:00Z,1,56.84,42.61,49.25675007831673,7.583249921683276,random_forest,absolute,fold_1,6h,ppb
2026-08-13T17:30:00Z,1,52.78,44.56,48.97760187590185,3.802398124098154,random_forest,absolute,fold_1,6h,ppb
2026-08-13T17:45:00Z,1,50.54,49.31,47.29744003727752,3.2425599627224813,random_forest,absolute,fold_1,6h,ppb
2026-08-13T18:00:00Z,1,51.84,49.88,45.36913981681898,6.470860183181024,random_forest,absolute,fold_1,6h,ppb
2026-08-13T18:15:00Z,1,50.6,50.85,43.38144715808882,7.218552841911183,random_forest,absolute,fold_1,6h,ppb
2026-08-13T18:30:00Z,1,46.86,47.39,42.176236046977714,4.683763953022286,random_forest,absolute,fold_1,6h,ppb
2026-08-13T18:45:00Z,1,46.9,46.57,42.03177281946449,4.868227180535506,random_forest,absolute,fold_1,6h,ppb
2026-08-13T19:00:00Z,1,50.73,44.97,42.17328128507294,8.556718714927058,random_forest,absolute,fold_1,6h,ppb
2026-08-13T19:15:00Z,1,54.17,43.49,40.9526680575597,13.217331942440303,random_forest,absolute,fold_1,6h,ppb
2026-08-13T19:30:00Z,1,52.26,46.27,40.95561184062849,11.304388159371506,random_forest,absolute,fold_1,6h,ppb
2026-08-13T19:45:00Z,1,55.75,43.35,39.41475610870611,16.335243891293892,random_forest,absolute,fold_1,6h,ppb
2026-08-13T20:00:00Z,1,55.64,47.04,39.82319863516113,15.816801364838874,random_forest,absolute,fold_1,6h,ppb
2026-08-13T20:15:00Z,1,55.45,43.97,39.695736531986526,15.754263468013477,random_forest,absolute,fold_1,6h,ppb
2026-08-13T20:30:00Z,1,55.32,49.85,39.612504190716685,15.707495809283316,random_forest,absolute,fold_1,6h,ppb
2026-08-13T20:45:00Z,1,56.2,55.18,40.246133820346316,15.953866179653687,random_forest,absolute,fold_1,6h,ppb
2026-08-13T21:00:00Z,1,59.28,56.96,41.15001444203943,18.129985557960573,random_forest,absolute,fold_1,6h,ppb
2026-08-13T21:15:00Z,1,58.89,52.79,40.639892748917745,18.250107251082255,random_forest,absolute,fold_1,6h,ppb
2026-08-13T21:30:00Z,1,58.46,53.75,40.97107539882956,17.48892460117044,random_forest,absolute,fold_1,6h,ppb
2026-08-13T21:45:00Z,1,56.52,51.27,40.95089345438512,15.569106545614886,random_forest,absolute,fold_1,6h,ppb
2026-08-13T22:00:00Z,1,59.14,48.66,43.86618587061087,15.27381412938913,random_forest,absolute,fold_1,6h,ppb
2026-08-13T22:15:00Z,1,61.44,47.56,44.563535870610856,16.87646412938914,random_forest,absolute,fold_1,6h,ppb
2026-08-13T22:30:00Z,1,63.72,48.87,44.418247466730776,19.301752533269223,random_forest,absolute,fold_1,6h,ppb
2026-08-13T22:45:00Z,1,65.94,51.22,45.01145818101651,20.92854181898349,random_forest,absolute,fold_1,6h,ppb
2026-08-13T23:00:00Z,1,65.1,55.39,47.99239755291005,17.107602447089945,random_forest,absolute,fold_1,6h,ppb
2026-08-13T23:15:00Z,1,68.51,56.84,48.9218254850088,19.588174514991202,random_forest,absolute,fold_1,6h,ppb
2026-08-13T23:30:00Z,1,69.36,52.78,48.735937654320956,20.624062345679043,random_forest,absolute,fold_1,6h,ppb
2026-08-13T23:45:00Z,1,71.93,50.54,50.263670194003495,21.66632980599651,random_forest,absolute,fold_1,6h,ppb
2026-08-12T00:00:00Z,1,54.08,47.08,66.34571216931218,-12.265712169312181,random_forest,delta,fold_1,6h,ppb
2026-08-12T00:15:00Z,1,56.82,44.22,65.7479396825397,-8.927939682539694,random_forest,delta,fold_1,6h,ppb
2026-08-12T00:30:00Z,1,59.59,35.77,62.306923192239864,-2.716923192239861,random_forest,delta,fold_1,6h,ppb
2026-08-12T00:45:00Z,1,65.27,37.34,65.25370877425044,0.016291225749554883,random_forest,delta,fold_1,6h,ppb
2026-08-12T01:00:00Z,1,70.77,32.64,61.42815641534393,9.341843584656068,random_forest,delta,fold_1,6h,ppb
2026-08-12T01:15:00Z,1,72.32,35.4,65.71643492063494,6.603565079365055,random_forest,delta,fold_1,6h,ppb
2026-08-12T01:30:00Z,1,75.31,34.74,66.65734186507939,8.652658134920614,random_forest,delta,fold_1,6h,ppb
2026-08-12T01:45:00Z,1,77.95,34.24,69.58796461640212,8.362035383597885,random_forest,delta,fold_1,6h,ppb
2026-08-12T02:00:00Z,1,81.07,37.19,74.05407010582013,7.0159298941798625,random_forest,delta,fold_1,6h,ppb
2026-08-12T02:15:00Z,1,84.91,38.13,77.05195496031747,7.858045039682523,random_forest,delta,fold_1,6h,ppb
2026-08-12T02:30:00Z,1,78.43,33.37,71.30479272486774,7.125207275132269,random_forest,delta,fold_1,6h,ppb
2026-08-12T02:45:00Z,1,73.67,34.01,72.46472460317463,1.205275396825371,random_forest,delta,fold_1,6h,ppb
2026-08-12T03:00:00Z,1,64.5,35.12,73.28405054112555,-8.784050541125552,random_forest,delta,fold_1,6h,ppb
2026-08-12T03:15:00Z,1,69.02,39.77,76.3919617845118,-7.371961784511811,random_forest,delta,fold_1,6h,ppb
2026-08-12T03:30:00Z,1,73.63,43.28,76.43441212522046,-2.804412125220466,random_forest,delta,fold_1,6h,ppb
2026-08-12T03:45:00Z,1,73.43,41.04,72.08962164902998,1.3403783509700276,random_forest,delta,fold_1,6h,ppb
2026-08-12T04:00:00Z,1,66.12,40.81,68.37651686507937,-2.2565168650793623,random_forest,delta,fold_1,6h,ppb
2026-08-12T04:15:00Z,1,67.49,42.67,67.40755965608467,0.08244034391532296,random_forest,delta,fold_1,6h,ppb
2026-08-12T04:30:00Z,1,63.54,46.46,64.67427731481482,-1.1342773148148169,random_forest,delta,fold_1,6h,ppb
2026-08-12T04:45:00Z,1,61.53,48.44,55.140905373947035,6.389094626052966,random_forest,delta,fold_1,6h,ppb
2026-08-12T05:00:00Z,1,57.0,50.21,54.1517725015725,2.848227498427498,random_forest,delta,fold_1,6h,ppb
2026-08-12T05:15:00Z,1,56.76,56.1,59.443053378720045,-2.6830533787200466,random_forest,delta,fold_1,6h,ppb
2026-08-12T05:30:00Z,1,52.05,51.21,56.191532060377895,-4.141532060377898,random_forest,delta,fold_1,6h,ppb
2026-08-12T05:45:00Z,1,57.83,44.89,48.67121814774731,9.158781852252687,random_forest,delta,fold_1,6h,ppb
2026-08-12T06:00:00Z,1,55.33,54.08,55.35641211489128,-0.02641211489127926,random_forest,delta,fold_1,6h,ppb
2026-08-12T06:15:00Z,1,58.96,56.82,57.146900414631666,1.8130995853683345,random_forest,delta,fold_1,6h,ppb
2026-08-12T06:30:00Z,1,57.94,59.59,58.147417802799055,-0.20741780279905697,random_forest,delta,fold_1,6h,ppb
2026-08-12T06:45:00Z,1,58.82,65.27,56.94700072751323,1.8729992724867728,random_forest,delta,fold_1,6h,ppb
2026-08-12T07:00:00Z,1,52.0,70.77,59.8627037037037,-7.862703703703701,random_forest,delta,fold_1,6h,ppb
2026-08-12T07:15:00Z,1,55.61,72.32,53.620818552589384,1.9891814474106155,random_forest,delta,fold_1,6h,ppb
2026-08-12T07:30:00Z,1,51.77,75.31,52.43278800705468,-0.6627880070546794,random_forest,delta,fold_1,6h,ppb
2026-08-12T07:45:00Z,1,50.68,77.95,53.36253659611994,-2.682536596119938,random_forest,delta,fold_1,6h,ppb
2026-08-12T08:00:00Z,1,49.51,81.07,55.829231547619045,-6.319231547619047,random_forest,delta,fold_1,6h,ppb
2026-08-12T08:15:00Z,1,51.24,84.91,57.02062103174602,-5.780621031746016,random_forest,delta,fold_1,6h,ppb
2026-08-12T08:30:00Z,1,48.43,78.43,54.48789836860673,-6.057898368606729,random_forest,delta,fold_1,6h,ppb
2026-08-12T08:45:00Z,1,50.92,73.67,54.75168414903,-3.8316841490299964,random_forest,delta,fold_1,6h,ppb
2026-08-12T09:00:00Z,1,50.82,64.5,49.32547118606701,1.4945288139329875,random_forest,delta,fold_1,6h,ppb
2026-08-12T09:15:00Z,1,46.78,69.02,51.4954067680776,-4.7154067680775995,random_forest,delta,fold_1,6h,ppb
2026-08-12T09:30:00Z,1,45.23,73.63,51.28135510461759,-6.051355104617592,random_forest,delta,fold_1,6h,ppb
2026-08-12T09:45:00Z,1,38.04,73.43,49.26545382996633,-11.225453829966334,random_forest,delta,fold_1,6h,ppb
2026-08-12T10:00:00Z,1,30.59,66.12,43.02339552469137,-12.433395524691367,random_forest,delta,fold_1,6h,ppb
2026-08-12T10:15:00Z,1,31.0,67.49,43.79551369047618,-12.795513690476177,random_forest,delta,fold_1,6h,ppb
2026-08-12T10:30:00Z,1,36.23,63.54,43.76741322751322,-7.53741322751322,random_forest,delta,fold_1,6h,ppb
2026-08-12T10:45:00Z,1,37.55,61.53,46.493774537037034,-8.943774537037037,random_forest,delta,fold_1,6h,ppb
2026-08-12T11:00:00Z,1,35.98,57.0,43.16120674603175,-7.181206746031755,random_forest,delta,fold_1,6h,ppb
2026-08-12T11:15:00Z,1,31.94,56.76,43.79228777857945,-11.852287778579448,random_forest,delta,fold_1,6h,ppb
2026-08-12T11:30:00Z,1,39.85,52.05,41.027015432098764,-1.177015432098763,random_forest,delta,fold_1,6h,ppb
2026-08-12T11:45:00Z,1,35.92,57.83,43.49883816137566,-7.578838161375657,random_forest,delta,fold_1,6h,ppb
2026-08-12T12:00:00Z,1,38.65,55.33,41.650274273647085,-3.0002742736470864,random_forest,delta,fold_1,6h,ppb
2026-08-12T12:15:00Z,1,43.76,58.96,44.52251997354497,-0.7625199735449755,random_forest,delta,fold_1,6h,ppb
2026-08-12T12:30:00Z,1,47.57,57.94,43.57384971340388,3.9961502865961194,random_forest,delta,fold_1,6h,ppb
2026-08-12T12:45:00Z,1,55.19,58.82,51.47471826465939,3.7152817353406107,random_forest,delta,fold_1,6h,ppb
2026-08-12T13:00:00Z,1,49.42,52.0,51.23140135246142,-1.8114013524614165,random_forest,delta,fold_1,6h,ppb
2026-08-12T13:15:00Z,1,52.45,55.61,51.14516069442803,1.3048393055719743,random_forest,delta,fold_1,6h,ppb
2026-08-12T13:30:00Z,1,60.41,51.77,53.78388700999702,6.62611299000298,random_forest,delta,fold_1,6h,ppb
2026-08-12T13:45:00Z,1,61.45,50.68,54.40419312855749,7.045806871442515,random_forest,delta,fold_1,6h,ppb
2026-08-12T14:00:00Z,1,62.96,49.51,53.152967450864715,9.807032549135286,random_forest,delta,fold_1,6h,ppb
2026-08-12T14:15:00Z,1,57.93,51.24,55.378605333930345,2.5513946660696547,random_forest,delta,fold_1,6h,ppb
2026-08-12T14:30:00Z,1,63.46,48.43,54.15816211012595,9.30183788987405,random_forest,delta,fold_1,6h,ppb
2026-08-12T14:45:00Z,1,51.85,50.92,56.58746846291871,-4.737468462918706,random_forest,delta,fold_1,6h,ppb
2026-08-12T15:00:00Z,1,40.77,50.82,56.06143492715623,-15.291434927156224,random_forest,delta,fold_1,6h,ppb
2026-08-12T15:15:00Z,1,41.7,46.78,59.73961711283929,-18.039617112839288,random_forest,delta,fold_1,6h,ppb
2026-08-12T15:30:00Z,1,35.25,45.23,60.21381726190476,-24.963817261904758,random_forest,delta,fold_1,6h,ppb
2026-08-12T15:45:00Z,1,33.45,38.04,56.95838895302228,-23.508388953022276,random_forest,delta,fold_1,6h,ppb
2026-08-12T16:00:00Z,1,27.83,30.59,48.425273719336225,-20.595273719336227,random_forest,delta,fold_1,6h,ppb
2026-08-12T16:15:00Z,1,27.71,31.0,44.45361461038961,-16.743614610389606,random_forest,delta,fold_1,6h,ppb
2026-08-12T16:30:00Z,1,34.59,36.23,42.82632135040885,-8.236321350408844,random_forest,delta,fold_1,6h,ppb
2026-08-12T16:45:00Z,1,35.57,37.55,42.57763935185185,-7.00763935185185,random_forest,delta,fold_1,6h,ppb
2026-08-12T17:00:00Z,1,37.6,35.98,39.432544113756606,-1.8325441137566045,random_forest,delta,fold_1,6h,ppb
2026-08-12T17:15:00Z,1,35.92,31.94,35.20802328042328,0.7119767195767182,random_forest,delta,fold_1,6h,ppb
2026-08-12T17:30:00Z,1,35.36,39.85,39.61797166509579,-4.257971665095788,random_forest,delta,fold_1,6h,ppb
2026-08-12T17:45:00Z,1,30.86,35.92,37.61105811287478,-6.75105811287478,random_forest,delta,fold_1,6h,ppb
2026-08-12T18:00:00Z,1,32.22,38.65,37.10816490299823,-4.888164902998234,random_forest,delta,fold_1,6h,ppb
2026-08-12T18:15:00Z,1,32.08,43.76,36.998064623185456,-4.918064623185458,random_forest,delta,fold_1,6h,ppb
2026-08-12T18:30:00Z,1,31.32,47.57,37.50369797178131,-6.1836979717813065,random_forest,delta,fold_1,6h,ppb
2026-08-12T18:45:00Z,1,33.29,55.19,36.733053835978836,-3.443053835978837,random_forest,delta,fold_1,6h,ppb
2026-08-12T19:00:00Z,1,29.48,49.42,30.71398525132275,-1.2339852513227498,random_forest,delta,fold_1,6h,ppb
2026-08-12T19:15:00Z,1,30.99,52.45,32.39332195767196,-1.4033219576719596,random_forest,delta,fold_1,6h,ppb
2026-08-12T19:30:00Z,1,32.33,60.41,39.76674953703704,-7.436749537037045,random_forest,delta,fold_1,6h,ppb
2026-08-12T19:45:00Z,1,33.85,61.45,43.439938095238105,-9.589938095238104,random_forest,delta,fold_1,6h,ppb
2026-08-12T20:00:00Z,1,32.97,62.96,45.24185939153439,-12.271859391534392,random_forest,delta,fold_1,6h,ppb
2026-08-12T20:15:00Z,1,35.41,57.93,41.40952645502645,-5.999526455026455,random_forest,delta,fold_1,6h,ppb
2026-08-12T20:30:00Z,1,34.11,63.46,49.397885582010574,-15.287885582010574,random_forest,delta,fold_1,6h,ppb
2026-08-12T20:45:00Z,1,32.79,51.85,39.097834920634924,-6.3078349206349245,random_forest,delta,fold_1,6h,ppb
2026-08-12T21:00:00Z,1,29.76,40.77,36.8745591931217,-7.114559193121696,random_forest,delta,fold_1,6h,ppb
2026-08-12T21:15:00Z,1,31.51,41.7,40.41475509259259,-8.904755092592591,random_forest,delta,fold_1,6h,ppb
2026-08-12T21:30:00Z,1,31.94,35.25,37.71922625661376,-5.779226256613757,random_forest,delta,fold_1,6h,ppb
2026-08-12T21:45:00Z,1,29.44,33.45,40.52810277777778,-11.088102777777781,random_forest,delta,fold_1,6h,ppb
2026-08-12T22:00:00Z,1,27.72,27.83,33.51833558201058,-5.79833558201058,random_forest,delta,fold_1,6h,ppb
2026-08-12T22:15:00Z,1,27.23,27.71,34.18284166666667,-6.952841666666668,random_forest,delta,fold_1,6h,ppb
2026-08-12T22:30:00Z,1,27.79,34.59,38.959726515151516,-11.169726515151517,random_forest,delta,fold_1,6h,ppb
2026-08-12T22:45:00Z,1,34.52,35.57,40.43735072150072,-5.917350721500718,random_forest,delta,fold_1,6h,ppb
2026-08-12T23:00:00Z,1,45.66,37.6,42.85023987493988,2.809760125060116,random_forest,delta,fold_1,6h,ppb
2026-08-12T23:15:00Z,1,49.3,35.92,41.60139258658009,7.698607413419907,random_forest,delta,fold_1,6h,ppb
2026-08-12T23:30:00Z,1,51.36,35.36,45.70869305555556,5.651306944444443,random_forest,delta,fold_1,6h,ppb
2026-08-12T23:45:00Z,1,54.21,30.86,49.820247310405634,4.389752689594367,random_forest,delta,fold_1,6h,ppb
2026-08-13T00:00:00Z,1,51.38,32.22,61.25561904761905,-9.875619047619047,random_forest,delta,fold_1,6h,ppb
2026-08-13T00:15:00Z,1,48.44,32.08,59.68361953262786,-11.24361953262786,random_forest,delta,fold_1,6h,ppb
2026-08-13T00:30:00Z,1,54.98,31.32,60.895218871252226,-5.915218871252229,random_forest,delta,fold_1,6h,ppb
2026-08-13T00:45:00Z,1,59.72,33.29,63.64550022045857,-3.9255002204585736,random_forest,delta,fold_1,6h,ppb
2026-08-13T01:00:00Z,1,62.92,29.48,58.616659545855406,4.303340454144596,random_forest,delta,fold_1,6h,ppb
2026-08-13T01:15:00Z,1,64.11,30.99,62.015726146384495,2.0942738536155048,random_forest,delta,fold_1,6h,ppb
2026-08-13T01:30:00Z,1,67.42,32.33,64.90663884479721,2.5133611552027872,random_forest,delta,fold_1,6h,ppb
2026-08-13T01:45:00Z,1,71.78,33.85,67.07152204585537,4.708477954144627,random_forest,delta,fold_1,6h,ppb
2026-08-13T02:00:00Z,1,76.37,32.97,69.95386157407408,6.416138425925922,random_forest,delta,fold_1,6h,ppb
2026-08-13T02:15:00Z,1,82.5,35.41,73.06124537037039,9.438754629629614,random_forest,delta,fold_1,6h,ppb
2026-08-13T02:30:00Z,1,65.1,34.11,72.07920615079365,-6.979206150793658,random_forest,delta,fold_1,6h,ppb
2026-08-13T02:45:00Z,1,71.16,32.79,69.9878333994709,1.1721666005290956,random_forest,delta,fold_1,6h,ppb
2026-08-13T03:00:00Z,1,76.94,29.76,68.39481375661376,8.54518624338624,random_forest,delta,fold_1,6h,ppb
2026-08-13T03:30:00Z,1,94.02,31.94,70.6838888888889,23.336111111111094,random_forest,delta,fold_1,6h,ppb
2026-08-13T03:45:00Z,1,63.41,29.44,68.3331310846561,-4.923131084656106,random_forest,delta,fold_1,6h,ppb
2026-08-13T04:00:00Z,1,61.62,27.72,63.55432420634921,-1.9343242063492099,random_forest,delta,fold_1,6h,ppb
2026-08-13T04:15:00Z,1,58.73,27.23,60.08211468253968,-1.3521146825396855,random_forest,delta,fold_1,6h,ppb
2026-08-13T04:30:00Z,1,59.35,27.79,46.857221428571435,12.492778571428566,random_forest,delta,fold_1,6h,ppb
2026-08-13T04:45:00Z,1,55.26,34.52,45.64596984126984,9.61403015873016,random_forest,delta,fold_1,6h,ppb
2026-08-13T05:00:00Z,1,50.94,45.66,45.1204012345679,5.819598765432097,random_forest,delta,fold_1,6h,ppb
2026-08-13T05:15:00Z,1,51.29,49.3,45.75983046737213,5.530169532627866,random_forest,delta,fold_1,6h,ppb
2026-08-13T05:30:00Z,1,56.26,51.36,45.99284744268078,10.267152557319221,random_forest,delta,fold_1,6h,ppb
2026-08-13T05:45:00Z,1,57.56,54.21,47.64451025132275,9.915489748677253,random_forest,delta,fold_1,6h,ppb
2026-08-13T06:00:00Z,1,58.59,51.38,46.85531157407408,11.734688425925924,random_forest,delta,fold_1,6h,ppb
2026-08-13T06:15:00Z,1,56.19,48.44,45.197335604056434,10.992664395943564,random_forest,delta,fold_1,6h,ppb
2026-08-13T06:30:00Z,1,57.22,54.98,51.024515079365074,6.195484920634925,random_forest,delta,fold_1,6h,ppb
2026-08-13T06:45:00Z,1,56.7,59.72,58.71896415343915,-2.01896415343915,random_forest,delta,fold_1,6h,ppb
2026-08-13T07:00:00Z,1,55.79,62.92,58.005651609347446,-2.2156516093474465,random_forest,delta,fold_1,6h,ppb
2026-08-13T07:15:00Z,1,58.16,64.11,58.59886036155203,-0.438860361552031,random_forest,delta,fold_1,6h,ppb
2026-08-13T07:30:00Z,1,56.51,67.42,61.3163362654321,-4.806336265432101,random_forest,delta,fold_1,6h,ppb
2026-08-13T07:45:00Z,1,51.79,71.78,55.98770282387366,-4.197702823873662,random_forest,delta,fold_1,6h,ppb
2026-08-13T08:00:00Z,1,54.33,76.37,56.105085582010595,-1.7750855820105969,random_forest,delta,fold_1,6h,ppb
2026-08-13T08:15:00Z,1,55.45,82.5,58.27313313492063,-2.8231331349206243,random_forest,delta,fold_1,6h,ppb
2026-08-13T08:30:00Z,1,62.14,65.1,48.569231481481474,13.570768518518527,random_forest,delta,fold_1,6h,ppb
2026-08-13T08:45:00Z,1,62.84,71.16,53.00205337301587,9.837946626984134,random_forest,delta,fold_1,6h,ppb
2026-08-13T09:00:00Z,1,56.07,76.94,56.02644598765433,0.04355401234567324,random_forest,delta,fold_1,6h,ppb
2026-08-13T09:30:00Z,1,48.71,94.02,69.68299043209876,-20.97299043209876,random_forest,delta,fold_1,6h,ppb
2026-08-13T09:45:00Z,1,44.93,63.41,45.57781267636684,-0.6478126763668399,random_forest,delta,fold_1,6h,ppb
2026-08-13T10:00:00Z,1,44.03,61.62,46.16545385802469,-2.1354538580246896,random_forest,delta,fold_1,6h,ppb
2026-08-13T10:15:00Z,1,42.06,58.73,41.48458875661375,0.5754112433862488,random_forest,delta,fold_1,6h,ppb
2026-08-13T10:30:00Z,1,41.08,59.35,48.09689453262787,-7.016894532627873,random_forest,delta,fold_1,6h,ppb
2026-08-13T10:45:00Z,1,45.3,55.26,42.27213183421517,3.027868165784824,random_forest,delta,fold_1,6h,ppb
2026-08-13T11:00:00Z,1,44.81,50.94,40.90041827601411,3.9095817239858945,random_forest,delta,fold_1,6h,ppb
2026-08-13T11:15:00Z,1,42.61,51.29,40.46020162137245,2.149798378627551,random_forest,delta,fold_1,6h,ppb
2026-08-13T11:30:00Z,1,44.56,56.26,44.05886094676928,0.5011390532307232,random_forest,delta,fold_1,6h,ppb
2026-08-13T11:45:00Z,1,49.31,57.56,43.323329046416546,5.986670953583456,random_forest,delta,fold_1,6h,ppb
2026-08-13T12:00:00Z,1,49.88,58.59,44.937837467933306,4.942162532066696,random_forest,delta,fold_1,6h,ppb
2026-08-13T12:15:00Z,1,50.85,56.19,43.853993354176694,6.996006645823307,random_forest,delta,fold_1,6h,ppb
2026-08-13T12:30:00Z,1,47.39,57.22,54.019007758445255,-6.629007758445255,random_forest,delta,fold_1,6h,ppb
2026-08-13T12:45:00Z,1,46.57,56.7,54.94942584795809,-8.379425847958089,random_forest,delta,fold_1,6h,ppb
2026-08-13T13:00:00Z,1,44.97,55.79,55.4593853955287,-10.4893853955287,random_forest,delta,fold_1,6h,ppb
2026-08-13T13:15:00Z,1,43.49,58.16,57.111262804337336,-13.621262804337334,random_forest,delta,fold_1,6h,ppb
2026-08-13T13:30:00Z,1,46.27,56.51,58.28462675778155,-12.01462675778155,random_forest,delta,fold_1,6h,ppb
2026-08-13T13:45:00Z,1,43.35,51.79,53.20657778391591,-9.85657778391591,random_forest,delta,fold_1,6h,ppb
2026-08-13T14:00:00Z,1,47.04,54.33,54.07097360008661,-7.030973600086611,random_forest,delta,fold_1,6h,ppb
2026-08-13T14:15:00Z,1,43.97,55.45,54.86549230524753,-10.89549230524753,random_forest,delta,fold_1,6h,ppb
2026-08-13T14:30:00Z,1,49.85,62.14,56.73272632051996,-6.882726320519957,random_forest,delta,fold_1,6h,ppb
2026-08-13T14:45:00Z,1,55.18,62.84,56.34251666591206,-1.162516665912058,random_forest,delta,fold_1,6h,ppb
2026-08-13T15:00:00Z,1,56.96,56.07,53.468014908803696,3.4919850911963053,random_forest,delta,fold_1,6h,ppb
2026-08-13T15:15:00Z,1,52.79,53.58,52.659683856368474,0.130316143631525,random_forest,delta,fold_1,6h,ppb
2026-08-13T15:30:00Z,1,53.75,48.71,53.45499708703207,0.2950029129679308,random_forest,delta,fold_1,6h,ppb
2026-08-13T15:45:00Z,1,51.27,44.93,56.33487159984869,-5.064871599848686,random_forest,delta,fold_1,6h,ppb
2026-08-13T16:00:00Z,1,48.66,44.03,52.49887327540281,-3.838873275402811,random_forest,delta,fold_1,6h,ppb
2026-08-13T16:15:00Z,1,47.56,42.06,50.48460216148585,-2.9246021614858506,random_forest,delta,fold_1,6h,ppb
2026-08-13T16:30:00Z,1,48.87,41.08,48.19704246732199,0.6729575326780051,random_forest,delta,fold_1,6h,ppb
2026-08-13T16:45:00Z,1,51.22,45.3,48.59317202572655,2.6268279742734464,random_forest,delta,fold_1,6h,ppb
2026-08-13T17:00:00Z,1,55.39,44.81,47.015193966440165,8.374806033559835,random_forest,delta,fold_1,6h,ppb
2026-08-13T17:15:00Z,1,56.84,42.61,46.90600732622852,9.933992673771485,random_forest,delta,fold_1,6h,ppb
2026-08-13T17:30:00Z,1,52.78,44.56,49.75607628566415,3.023923714335851,random_forest,delta,fold_1,6h,ppb
2026-08-13T17:45:00Z,1,50.54,49.31,51.96604647266314,-1.4260464726631383,random_forest,delta,fold_1,6h,ppb
2026-08-13T18:00:00Z,1,51.84,49.88,47.41214786833537,4.427852131664636,random_forest,delta,fold_1,6h,ppb
2026-08-13T18:15:00Z,1,50.6,50.85,44.86932209673043,5.730677903269573,random_forest,delta,fold_1,6h,ppb
2026-08-13T18:30:00Z,1,46.86,47.39,43.316755143467645,3.543244856532354,random_forest,delta,fold_1,6h,ppb
2026-08-13T18:45:00Z,1,46.9,46.57,41.316997486772486,5.5830025132275125,random_forest,delta,fold_1,6h,ppb
2026-08-13T19:00:00Z,1,50.73,44.97,39.87304338624338,10.856956613756616,random_forest,delta,fold_1,6h,ppb
2026-08-13T19:15:00Z,1,54.17,43.49,37.43853009259259,16.73146990740741,random_forest,delta,fold_1,6h,ppb
2026-08-13T19:30:00Z,1,52.26,46.27,38.58715315255732,13.672846847442678,random_forest,delta,fold_1,6h,ppb
2026-08-13T19:45:00Z,1,55.75,43.35,38.956448500881834,16.793551499118166,random_forest,delta,fold_1,6h,ppb
2026-08-13T20:00:00Z,1,55.64,47.04,40.03071721781305,15.609282782186952,random_forest,delta,fold_1,6h,ppb
2026-08-13T20:15:00Z,1,55.45,43.97,38.61924662698412,16.83075337301588,random_forest,delta,fold_1,6h,ppb
2026-08-13T20:30:00Z,1,55.32,49.85,41.24880266955267,14.071197330447333,random_forest,delta,fold_1,6h,ppb
2026-08-13T20:45:00Z,1,56.2,55.18,45.34590591029341,10.854094089706592,random_forest,delta,fold_1,6h,ppb
2026-08-13T21:00:00Z,1,59.28,56.96,45.69532733886484,13.584672661135158,random_forest,delta,fold_1,6h,ppb
2026-08-13T21:15:00Z,1,58.89,52.79,42.90517658730159,15.984823412698411,random_forest,delta,fold_1,6h,ppb
2026-08-13T21:30:00Z,1,58.46,53.75,42.64301629188713,15.816983708112872,random_forest,delta,fold_1,6h,ppb
2026-08-13T21:45:00Z,1,56.52,51.27,42.37887724528557,14.14112275471443,random_forest,delta,fold_1,6h,ppb
2026-08-13T22:00:00Z,1,59.14,48.66,44.1037199701533,15.0362800298467,random_forest,delta,fold_1,6h,ppb
2026-08-13T22:15:00Z,1,61.44,47.56,42.84285152116402,18.597148478835976,random_forest,delta,fold_1,6h,ppb
2026-08-13T22:30:00Z,1,63.72,48.87,43.89817422500339,19.82182577499661,random_forest,delta,fold_1,6h,ppb
2026-08-13T22:45:00Z,1,65.94,51.22,44.57323795556295,21.366762044437046,random_forest,delta,fold_1,6h,ppb
2026-08-13T23:00:00Z,1,65.1,55.39,48.92497585238836,16.175024147611637,random_forest,delta,fold_1,6h,ppb
2026-08-13T23:15:00Z,1,68.51,56.84,49.47478226773227,19.035217732267732,random_forest,delta,fold_1,6h,ppb
2026-08-13T23:30:00Z,1,69.36,52.78,48.24152505873756,21.11847494126244,random_forest,delta,fold_1,6h,ppb
2026-08-13T23:45:00Z,1,71.93,50.54,47.21984853757354,24.710151462426467,random_forest,delta,fold_1,6h,ppb
2026-08-12T00:00:00Z,1,54.08,47.08,61.29448699951172,-7.2144869995117205,xgboost,absolute,fold_1,6h,ppb
2026-08-12T00:15:00Z,1,56.82,44.22,64.05401611328125,-7.23401611328125,xgboost,absolute,fold_1,6h,ppb
2026-08-12T00:30:00Z,1,59.59,35.77,64.84188079833984,-5.25188079833984,xgboost,absolute,fold_1,6h,ppb
2026-08-12T00:45:00Z,1,65.27,37.34,69.04108428955078,-3.7710842895507852,xgboost,absolute,fold_1,6h,ppb
2026-08-12T01:00:00Z,1,70.77,32.64,67.04283905029297,3.7271609497070273,xgboost,absolute,fold_1,6h,ppb
2026-08-12T01:15:00Z,1,72.32,35.4,69.36507415771484,2.9549258422851494,xgboost,absolute,fold_1,6h,ppb
2026-08-12T01:30:00Z,1,75.31,34.74,68.57317352294922,6.7368264770507835,xgboost,absolute,fold_1,6h,ppb
2026-08-12T01:45:00Z,1,77.95,34.24,68.85043334960938,9.099566650390628,xgboost,absolute,fold_1,6h,ppb
2026-08-12T02:00:00Z,1,81.07,37.19,71.07728576660156,9.99271423339843,xgboost,absolute,fold_1,6h,ppb
2026-08-12T02:15:00Z,1,84.91,38.13,72.1701431274414,12.73985687255859,xgboost,absolute,fold_1,6h,ppb
2026-08-12T02:30:00Z,1,78.43,33.37,68.6670150756836,9.762984924316413,xgboost,absolute,fold_1,6h,ppb
2026-08-12T02:45:00Z,1,73.67,34.01,70.04473114013672,3.625268859863283,xgboost,absolute,fold_1,6h,ppb
2026-08-12T03:00:00Z,1,64.5,35.12,68.54386138916016,-4.043861389160156,xgboost,absolute,fold_1,6h,ppb
2026-08-12T03:15:00Z,1,69.02,39.77,68.87091064453125,0.14908935546874602,xgboost,absolute,fold_1,6h,ppb
2026-08-12T03:30:00Z,1,73.63,43.28,68.62810516357422,5.001894836425777,xgboost,absolute,fold_1,6h,ppb
2026-08-12T03:45:00Z,1,73.43,41.04,64.98078918457031,8.449210815429694,xgboost,absolute,fold_1,6h,ppb
2026-08-12T04:00:00Z,1,66.12,40.81,63.49009704589844,2.629902954101567,xgboost,absolute,fold_1,6h,ppb
2026-08-12T04:15:00Z,1,67.49,42.67,64.03917694091797,3.450823059082026,xgboost,absolute,fold_1,6h,ppb
2026-08-12T04:30:00Z,1,63.54,46.46,63.722591400146484,-0.18259140014648523,xgboost,absolute,fold_1,6h,ppb
2026-08-12T04:45:00Z,1,61.53,48.44,63.25569534301758,-1.725695343017577,xgboost,absolute,fold_1,6h,ppb
2026-08-12T05:00:00Z,1,57.0,50.21,59.53632354736328,-2.5363235473632812,xgboost,absolute,fold_1,6h,ppb
2026-08-12T05:15:00Z,1,56.76,56.1,60.029273986816406,-3.2692739868164082,xgboost,absolute,fold_1,6h,ppb
2026-08-12T05:30:00Z,1,52.05,51.21,61.1373405456543,-9.0873405456543,xgboost,absolute,fold_1,6h,ppb
2026-08-12T05:45:00Z,1,57.83,44.89,61.32838821411133,-3.49838821411133,xgboost,absolute,fold_1,6h,ppb
2026-08-12T06:00:00Z,1,55.33,54.08,62.87849807739258,-7.54849807739258,xgboost,absolute,fold_1,6h,ppb
2026-08-12T06:15:00Z,1,58.96,56.82,62.16769790649414,-3.2076979064941398,xgboost,absolute,fold_1,6h,ppb
2026-08-12T06:30:00Z,1,57.94,59.59,61.70446014404297,-3.764460144042971,xgboost,absolute,fold_1,6h,ppb
2026-08-12T06:45:00Z,1,58.82,65.27,62.42872619628906,-3.608726196289062,xgboost,absolute,fold_1,6h,ppb
2026-08-12T07:00:00Z,1,52.0,70.77,56.42103576660156,-4.4210357666015625,xgboost,absolute,fold_1,6h,ppb
2026-08-12T07:15:00Z,1,55.61,72.32,56.08723068237305,-0.47723068237304744,xgboost,absolute,fold_1,6h,ppb
2026-08-12T07:30:00Z,1,51.77,75.31,54.07619094848633,-2.306190948486325,xgboost,absolute,fold_1,6h,ppb
2026-08-12T07:45:00Z,1,50.68,77.95,51.99580764770508,-1.3158076477050784,xgboost,absolute,fold_1,6h,ppb
2026-08-12T08:00:00Z,1,49.51,81.07,52.472530364990234,-2.9625303649902364,xgboost,absolute,fold_1,6h,ppb
2026-08-12T08:15:00Z,1,51.24,84.91,54.83852005004883,-3.598520050048826,xgboost,absolute,fold_1,6h,ppb
2026-08-12T08:30:00Z,1,48.43,78.43,55.29096221923828,-6.8609622192382815,xgboost,absolute,fold_1,6h,ppb
2026-08-12T08:45:00Z,1,50.92,73.67,54.602935791015625,-3.6829357910156233,xgboost,absolute,fold_1,6h,ppb
2026-08-12T09:00:00Z,1,50.82,64.5,53.865230560302734,-3.045230560302734,xgboost,absolute,fold_1,6h,ppb
2026-08-12T09:15:00Z,1,46.78,69.02,50.048828125,-3.268828124999999,xgboost,absolute,fold_1,6h,ppb
2026-08-12T09:30:00Z,1,45.23,73.63,44.57667922973633,0.6533207702636687,xgboost,absolute,fold_1,6h,ppb
2026-08-12T09:45:00Z,1,38.04,73.43,44.00611877441406,-5.966118774414063,xgboost,absolute,fold_1,6h,ppb
2026-08-12T10:00:00Z,1,30.59,66.12,42.724510192871094,-12.134510192871094,xgboost,absolute,fold_1,6h,ppb
2026-08-12T10:15:00Z,1,31.0,67.49,42.993228912353516,-11.993228912353516,xgboost,absolute,fold_1,6h,ppb
2026-08-12T10:30:00Z,1,36.23,63.54,43.58234786987305,-7.35234786987305,xgboost,absolute,fold_1,6h,ppb
2026-08-12T10:45:00Z,1,37.55,61.53,43.91893768310547,-6.368937683105472,xgboost,absolute,fold_1,6h,ppb
2026-08-12T11:00:00Z,1,35.98,57.0,45.03171157836914,-9.051711578369144,xgboost,absolute,fold_1,6h,ppb
2026-08-12T11:15:00Z,1,31.94,56.76,44.889278411865234,-12.949278411865233,xgboost,absolute,fold_1,6h,ppb
2026-08-12T11:30:00Z,1,39.85,52.05,45.1666145324707,-5.316614532470702,xgboost,absolute,fold_1,6h,ppb
2026-08-12T11:45:00Z,1,35.92,57.83,44.57344055175781,-8.65344055175781,xgboost,absolute,fold_1,6h,ppb
2026-08-12T12:00:00Z,1,38.65,55.33,43.15005874633789,-4.500058746337892,xgboost,absolute,fold_1,6h,ppb
2026-08-12T12:15:00Z,1,43.76,58.96,45.103553771972656,-1.3435537719726582,xgboost,absolute,fold_1,6h,ppb
2026-08-12T12:30:00Z,1,47.57,57.94,44.147953033447266,3.4220469665527347,xgboost,absolute,fold_1,6h,ppb
2026-08-12T12:45:00Z,1,55.19,58.82,49.310462951660156,5.8795370483398415,xgboost,absolute,fold_1,6h,ppb
2026-08-12T13:00:00Z,1,49.42,52.0,50.18574142456055,-0.7657414245605452,xgboost,absolute,fold_1,6h,ppb
2026-08-12T13:15:00Z,1,52.45,55.61,50.83143997192383,1.6185600280761747,xgboost,absolute,fold_1,6h,ppb
2026-08-12T13:30:00Z,1,60.41,51.77,52.39741134643555,8.01258865356445,xgboost,absolute,fold_1,6h,ppb
2026-08-12T13:45:00Z,1,61.45,50.68,51.76718521118164,9.682814788818362,xgboost,absolute,fold_1,6h,ppb
2026-08-12T14:00:00Z,1,62.96,49.51,52.20173645019531,10.758263549804688,xgboost,absolute,fold_1,6h,ppb
2026-08-12T14:15:00Z,1,57.93,51.24,52.84077835083008,5.089221649169922,xgboost,absolute,fold_1,6h,ppb
2026-08-12T14:30:00Z,1,63.46,48.43,53.25154495239258,10.208455047607423,xgboost,absolute,fold_1,6h,ppb
2026-08-12T14:45:00Z,1,51.85,50.92,54.520503997802734,-2.670503997802733,xgboost,absolute,fold_1,6h,ppb
2026-08-12T15:00:00Z,1,40.77,50.82,54.534297943115234,-13.764297943115231,xgboost,absolute,fold_1,6h,ppb
2026-08-12T15:15:00Z,1,41.7,46.78,54.17302703857422,-12.473027038574216,xgboost,absolute,fold_1,6h,ppb
2026-08-12T15:30:00Z,1,35.25,45.23,54.59879684448242,-19.348796844482422,xgboost,absolute,fold_1,6h,ppb
2026-08-12T15:45:00Z,1,33.45,38.04,55.4935417175293,-22.043541717529294,xgboost,absolute,fold_1,6h,ppb
2026-08-12T16:00:00Z,1,27.83,30.59,51.22694396972656,-23.396943969726564,xgboost,absolute,fold_1,6h,ppb
2026-08-12T16:15:00Z,1,27.71,31.0,48.87227249145508,-21.162272491455077,xgboost,absolute,fold_1,6h,ppb
2026-08-12T16:30:00Z,1,34.59,36.23,44.998172760009766,-10.408172760009762,xgboost,absolute,fold_1,6h,ppb
2026-08-12T16:45:00Z,1,35.57,37.55,45.121185302734375,-9.551185302734375,xgboost,absolute,fold_1,6h,ppb
2026-08-12T17:00:00Z,1,37.6,35.98,45.449405670166016,-7.849405670166014,xgboost,absolute,fold_1,6h,ppb
2026-08-12T17:15:00Z,1,35.92,31.94,43.092369079589844,-7.172369079589842,xgboost,absolute,fold_1,6h,ppb
2026-08-12T17:30:00Z,1,35.36,39.85,42.64541244506836,-7.28541244506836,xgboost,absolute,fold_1,6h,ppb
2026-08-12T17:45:00Z,1,30.86,35.92,42.66472625732422,-11.80472625732422,xgboost,absolute,fold_1,6h,ppb
2026-08-12T18:00:00Z,1,32.22,38.65,42.093833923339844,-9.873833923339845,xgboost,absolute,fold_1,6h,ppb
2026-08-12T18:15:00Z,1,32.08,43.76,38.65363693237305,-6.573636932373049,xgboost,absolute,fold_1,6h,ppb
2026-08-12T18:30:00Z,1,31.32,47.57,38.135746002197266,-6.815746002197265,xgboost,absolute,fold_1,6h,ppb
2026-08-12T18:45:00Z,1,33.29,55.19,36.90849304199219,-3.6184930419921884,xgboost,absolute,fold_1,6h,ppb
2026-08-12T19:00:00Z,1,29.48,49.42,35.50412368774414,-6.02412368774414,xgboost,absolute,fold_1,6h,ppb
2026-08-12T19:15:00Z,1,30.99,52.45,36.11098861694336,-5.120988616943361,xgboost,absolute,fold_1,6h,ppb
2026-08-12T19:30:00Z,1,32.33,60.41,40.21715545654297,-7.8871554565429705,xgboost,absolute,fold_1,6h,ppb
2026-08-12T19:45:00Z,1,33.85,61.45,40.27875518798828,-6.42875518798828,xgboost,absolute,fold_1,6h,ppb
2026-08-12T20:00:00Z,1,32.97,62.96,41.65093231201172,-8.68093231201172,xgboost,absolute,fold_1,6h,ppb
2026-08-12T20:15:00Z,1,35.41,57.93,41.97705078125,-6.567050781250003,xgboost,absolute,fold_1,6h,ppb
2026-08-12T20:30:00Z,1,34.11,63.46,42.01869201660156,-7.908692016601563,xgboost,absolute,fold_1,6h,ppb
2026-08-12T20:45:00Z,1,32.79,51.85,40.934017181396484,-8.144017181396485,xgboost,absolute,fold_1,6h,ppb
2026-08-12T21:00:00Z,1,29.76,40.77,41.67036437988281,-11.910364379882811,xgboost,absolute,fold_1,6h,ppb
2026-08-12T21:15:00Z,1,31.51,41.7,43.98643112182617,-12.47643112182617,xgboost,absolute,fold_1,6h,ppb
2026-08-12T21:30:00Z,1,31.94,35.25,44.66973114013672,-12.729731140136717,xgboost,absolute,fold_1,6h,ppb
2026-08-12T21:45:00Z,1,29.44,33.45,46.33108901977539,-16.89108901977539,xgboost,absolute,fold_1,6h,ppb
2026-08-12T22:00:00Z,1,27.72,27.83,50.3231315612793,-22.603131561279298,xgboost,absolute,fold_1,6h,ppb
2026-08-12T22:15:00Z,1,27.23,27.71,50.7889404296875,-23.5589404296875,xgboost,absolute,fold_1,6h,ppb
2026-08-12T22:30:00Z,1,27.79,34.59,52.96501159667969,-25.17501159667969,xgboost,absolute,fold_1,6h,ppb
2026-08-12T22:45:00Z,1,34.52,35.57,52.70992660522461,-18.189926605224606,xgboost,absolute,fold_1,6h,ppb
2026-08-12T23:00:00Z,1,45.66,37.6,53.62947463989258,-7.9694746398925815,xgboost,absolute,fold_1,6h,ppb
2026-08-12T23:15:00Z,1,49.3,35.92,53.8795051574707,-4.579505157470706,xgboost,absolute,fold_1,6h,ppb
2026-08-12T23:30:00Z,1,51.36,35.36,52.938480377197266,-1.5784803771972662,xgboost,absolute,fold_1,6h,ppb
2026-08-12T23:45:00Z,1,54.21,30.86,53.59984588623047,0.6101541137695321,xgboost,absolute,fold_1,6h,ppb
2026-08-13T00:00:00Z,1,51.38,32.22,72.44610595703125,-21.066105957031247,xgboost,absolute,fold_1,6h,ppb
2026-08-13T00:15:00Z,1,48.44,32.08,64.64622497558594,-16.20622497558594,xgboost,absolute,fold_1,6h,ppb
2026-08-13T00:30:00Z,1,54.98,31.32,66.20117950439453,-11.221179504394534,xgboost,absolute,fold_1,6h,ppb
2026-08-13T00:45:00Z,1,59.72,33.29,69.58293151855469,-9.862931518554689,xgboost,absolute,fold_1,6h,ppb
2026-08-13T01:00:00Z,1,62.92,29.48,66.24132537841797,-3.321325378417967,xgboost,absolute,fold_1,6h,ppb
2026-08-13T01:15:00Z,1,64.11,30.99,69.3002700805664,-5.190270080566407,xgboost,absolute,fold_1,6h,ppb
2026-08-13T01:30:00Z,1,67.42,32.33,71.37494659423828,-3.9549465942382795,xgboost,absolute,fold_1,6h,ppb
2026-08-13T01:45:00Z,1,71.78,33.85,69.45553588867188,2.324464111328126,xgboost,absolute,fold_1,6h,ppb
2026-08-13T02:00:00Z,1,76.37,32.97,69.49758911132812,6.8724108886718795,xgboost,absolute,fold_1,6h,ppb
2026-08-13T02:15:00Z,1,82.5,35.41,69.53160858154297,12.968391418457031,xgboost,absolute,fold_1,6h,ppb
2026-08-13T02:30:00Z,1,65.1,34.11,69.86384582519531,-4.763845825195318,xgboost,absolute,fold_1,6h,ppb
2026-08-13T02:45:00Z,1,71.16,32.79,67.03382110595703,4.126178894042965,xgboost,absolute,fold_1,6h,ppb
2026-08-13T03:00:00Z,1,76.94,29.76,68.91382598876953,8.026174011230466,xgboost,absolute,fold_1,6h,ppb
2026-08-13T03:30:00Z,1,94.02,31.94,65.36294555664062,28.65705444335937,xgboost,absolute,fold_1,6h,ppb
2026-08-13T03:45:00Z,1,63.41,29.44,64.54711151123047,-1.1371115112304722,xgboost,absolute,fold_1,6h,ppb
2026-08-13T04:00:00Z,1,61.62,27.72,64.43135833740234,-2.8113583374023463,xgboost,absolute,fold_1,6h,ppb
2026-08-13T04:15:00Z,1,58.73,27.23,66.02442932128906,-7.294429321289066,xgboost,absolute,fold_1,6h,ppb
2026-08-13T04:30:00Z,1,59.35,27.79,65.46183776855469,-6.111837768554686,xgboost,absolute,fold_1,6h,ppb
2026-08-13T04:45:00Z,1,55.26,34.52,65.3724594116211,-10.112459411621096,xgboost,absolute,fold_1,6h,ppb
2026-08-13T05:00:00Z,1,50.94,45.66,61.90452194213867,-10.964521942138674,xgboost,absolute,fold_1,6h,ppb
2026-08-13T05:15:00Z,1,51.29,49.3,59.991188049316406,-8.701188049316407,xgboost,absolute,fold_1,6h,ppb
2026-08-13T05:30:00Z,1,56.26,51.36,58.863277435302734,-2.6032774353027364,xgboost,absolute,fold_1,6h,ppb
2026-08-13T05:45:00Z,1,57.56,54.21,59.00269317626953,-1.442693176269529,xgboost,absolute,fold_1,6h,ppb
2026-08-13T06:00:00Z,1,58.59,51.38,58.13676071166992,0.45323928833008154,xgboost,absolute,fold_1,6h,ppb
2026-08-13T06:15:00Z,1,56.19,48.44,56.07485580444336,0.11514419555663835,xgboost,absolute,fold_1,6h,ppb
2026-08-13T06:30:00Z,1,57.22,54.98,59.08964920043945,-1.8696492004394543,xgboost,absolute,fold_1,6h,ppb
2026-08-13T06:45:00Z,1,56.7,59.72,63.52685546875,-6.826855468749997,xgboost,absolute,fold_1,6h,ppb
2026-08-13T07:00:00Z,1,55.79,62.92,58.25624465942383,-2.466244659423829,xgboost,absolute,fold_1,6h,ppb
2026-08-13T07:15:00Z,1,58.16,64.11,59.84883499145508,-1.6888349914550815,xgboost,absolute,fold_1,6h,ppb
2026-08-13T07:30:00Z,1,56.51,67.42,59.509376525878906,-2.9993765258789082,xgboost,absolute,fold_1,6h,ppb
2026-08-13T07:45:00Z,1,51.79,71.78,57.72376251220703,-5.933762512207032,xgboost,absolute,fold_1,6h,ppb
2026-08-13T08:00:00Z,1,54.33,76.37,55.8245964050293,-1.4945964050292986,xgboost,absolute,fold_1,6h,ppb
2026-08-13T08:15:00Z,1,55.45,82.5,55.444454193115234,0.005545806884768467,xgboost,absolute,fold_1,6h,ppb
2026-08-13T08:30:00Z,1,62.14,65.1,57.61561965942383,4.524380340576172,xgboost,absolute,fold_1,6h,ppb
2026-08-13T08:45:00Z,1,62.84,71.16,58.445281982421875,4.394718017578128,xgboost,absolute,fold_1,6h,ppb
2026-08-13T09:00:00Z,1,56.07,76.94,55.67319869995117,0.3968013000488284,xgboost,absolute,fold_1,6h,ppb
2026-08-13T09:30:00Z,1,48.71,94.02,55.42759704589844,-6.717597045898437,xgboost,absolute,fold_1,6h,ppb
2026-08-13T09:45:00Z,1,44.93,63.41,55.10885238647461,-10.17885238647461,xgboost,absolute,fold_1,6h,ppb
2026-08-13T10:00:00Z,1,44.03,61.62,52.52611541748047,-8.496115417480468,xgboost,absolute,fold_1,6h,ppb
2026-08-13T10:15:00Z,1,42.06,58.73,52.22750473022461,-10.167504730224607,xgboost,absolute,fold_1,6h,ppb
2026-08-13T10:30:00Z,1,41.08,59.35,50.11177444458008,-9.03177444458008,xgboost,absolute,fold_1,6h,ppb
2026-08-13T10:45:00Z,1,45.3,55.26,49.95899200439453,-4.658992004394534,xgboost,absolute,fold_1,6h,ppb
2026-08-13T11:00:00Z,1,44.81,50.94,48.89900588989258,-4.089005889892576,xgboost,absolute,fold_1,6h,ppb
2026-08-13T11:15:00Z,1,42.61,51.29,48.58763122558594,-5.977631225585938,xgboost,absolute,fold_1,6h,ppb
2026-08-13T11:30:00Z,1,44.56,56.26,47.664405822753906,-3.104405822753904,xgboost,absolute,fold_1,6h,ppb
2026-08-13T11:45:00Z,1,49.31,57.56,48.33256149291992,0.9774385070800804,xgboost,absolute,fold_1,6h,ppb
2026-08-13T12:00:00Z,1,49.88,58.59,47.25771713256836,2.622282867431643,xgboost,absolute,fold_1,6h,ppb
2026-08-13T12:15:00Z,1,50.85,56.19,50.450836181640625,0.3991638183593764,xgboost,absolute,fold_1,6h,ppb
2026-08-13T12:30:00Z,1,47.39,57.22,52.39411163330078,-5.004111633300781,xgboost,absolute,fold_1,6h,ppb
2026-08-13T12:45:00Z,1,46.57,56.7,51.92627716064453,-5.356277160644531,xgboost,absolute,fold_1,6h,ppb
2026-08-13T13:00:00Z,1,44.97,55.79,53.05530548095703,-8.085305480957032,xgboost,absolute,fold_1,6h,ppb
2026-08-13T13:15:00Z,1,43.49,58.16,53.94711685180664,-10.457116851806639,xgboost,absolute,fold_1,6h,ppb
2026-08-13T13:30:00Z,1,46.27,56.51,55.41902160644531,-9.14902160644531,xgboost,absolute,fold_1,6h,ppb
2026-08-13T13:45:00Z,1,43.35,51.79,54.693599700927734,-11.343599700927733,xgboost,absolute,fold_1,6h,ppb
2026-08-13T14:00:00Z,1,47.04,54.33,56.75124740600586,-9.71124740600586,xgboost,absolute,fold_1,6h,ppb
2026-08-13T14:15:00Z,1,43.97,55.45,55.21654510498047,-11.24654510498047,xgboost,absolute,fold_1,6h,ppb
2026-08-13T14:30:00Z,1,49.85,62.14,54.35784149169922,-4.507841491699217,xgboost,absolute,fold_1,6h,ppb
2026-08-13T14:45:00Z,1,55.18,62.84,55.41203689575195,-0.2320368957519534,xgboost,absolute,fold_1,6h,ppb
2026-08-13T15:00:00Z,1,56.96,56.07,54.95615005493164,2.0038499450683602,xgboost,absolute,fold_1,6h,ppb
2026-08-13T15:15:00Z,1,52.79,53.58,55.5009880065918,-2.7109880065917977,xgboost,absolute,fold_1,6h,ppb
2026-08-13T15:30:00Z,1,53.75,48.71,56.88032150268555,-3.130321502685547,xgboost,absolute,fold_1,6h,ppb
2026-08-13T15:45:00Z,1,51.27,44.93,57.54030227661133,-6.270302276611325,xgboost,absolute,fold_1,6h,ppb
2026-08-13T16:00:00Z,1,48.66,44.03,53.86280822753906,-5.202808227539066,xgboost,absolute,fold_1,6h,ppb
2026-08-13T16:15:00Z,1,47.56,42.06,53.157318115234375,-5.597318115234373,xgboost,absolute,fold_1,6h,ppb
2026-08-13T16:30:00Z,1,48.87,41.08,52.11296463012695,-3.2429646301269557,xgboost,absolute,fold_1,6h,ppb
2026-08-13T16:45:00Z,1,51.22,45.3,50.49065399169922,0.7293460083007801,xgboost,absolute,fold_1,6h,ppb
2026-08-13T17:00:00Z,1,55.39,44.81,51.188533782958984,4.201466217041016,xgboost,absolute,fold_1,6h,ppb
2026-08-13T17:15:00Z,1,56.84,42.61,49.24375915527344,7.596240844726566,xgboost,absolute,fold_1,6h,ppb
2026-08-13T17:30:00Z,1,52.78,44.56,51.14007568359375,1.6399243164062511,xgboost,absolute,fold_1,6h,ppb
2026-08-13T17:45:00Z,1,50.54,49.31,49.191497802734375,1.3485021972656241,xgboost,absolute,fold_1,6h,ppb
2026-08-13T18:00:00Z,1,51.84,49.88,44.74252700805664,7.097472991943363,xgboost,absolute,fold_1,6h,ppb
2026-08-13T18:15:00Z,1,50.6,50.85,43.919654846191406,6.680345153808595,xgboost,absolute,fold_1,6h,ppb
2026-08-13T18:30:00Z,1,46.86,47.39,42.327857971191406,4.532142028808593,xgboost,absolute,fold_1,6h,ppb
2026-08-13T18:45:00Z,1,46.9,46.57,41.520713806152344,5.379286193847655,xgboost,absolute,fold_1,6h,ppb
2026-08-13T19:00:00Z,1,50.73,44.97,41.37644577026367,9.353554229736325,xgboost,absolute,fold_1,6h,ppb
2026-08-13T19:15:00Z,1,54.17,43.49,39.40639114379883,14.763608856201174,xgboost,absolute,fold_1,6h,ppb
2026-08-13T19:30:00Z,1,52.26,46.27,40.38036346435547,11.87963653564453,xgboost,absolute,fold_1,6h,ppb
2026-08-13T19:45:00Z,1,55.75,43.35,38.70085906982422,17.04914093017578,xgboost,absolute,fold_1,6h,ppb
2026-08-13T20:00:00Z,1,55.64,47.04,38.76517105102539,16.87482894897461,xgboost,absolute,fold_1,6h,ppb
2026-08-13T20:15:00Z,1,55.45,43.97,38.480342864990234,16.96965713500977,xgboost,absolute,fold_1,6h,ppb
2026-08-13T20:30:00Z,1,55.32,49.85,39.38249206542969,15.937507934570313,xgboost,absolute,fold_1,6h,ppb
2026-08-13T20:45:00Z,1,56.2,55.18,39.32726287841797,16.872737121582034,xgboost,absolute,fold_1,6h,ppb
2026-08-13T21:00:00Z,1,59.28,56.96,40.12310791015625,19.15689208984375,xgboost,absolute,fold_1,6h,ppb
2026-08-13T21:15:00Z,1,58.89,52.79,39.89959716796875,18.99040283203125,xgboost,absolute,fold_1,6h,ppb
2026-08-13T21:30:00Z,1,58.46,53.75,40.04386901855469,18.416130981445313,xgboost,absolute,fold_1,6h,ppb
2026-08-13T21:45:00Z,1,56.52,51.27,40.69688034057617,15.823119659423831,xgboost,absolute,fold_1,6h,ppb
2026-08-13T22:00:00Z,1,59.14,48.66,46.324424743652344,12.815575256347657,xgboost,absolute,fold_1,6h,ppb
2026-08-13T22:15:00Z,1,61.44,47.56,47.931549072265625,13.508450927734373,xgboost,absolute,fold_1,6h,ppb
2026-08-13T22:30:00Z,1,63.72,48.87,47.740570068359375,15.979429931640624,xgboost,absolute,fold_1,6h,ppb
2026-08-13T22:45:00Z,1,65.94,51.22,48.981666564941406,16.95833343505859,xgboost,absolute,fold_1,6h,ppb
2026-08-13T23:00:00Z,1,65.1,55.39,50.52306365966797,14.576936340332026,xgboost,absolute,fold_1,6h,ppb
2026-08-13T23:15:00Z,1,68.51,56.84,50.778987884521484,17.73101211547852,xgboost,absolute,fold_1,6h,ppb
2026-08-13T23:30:00Z,1,69.36,52.78,50.18027114868164,19.17972885131836,xgboost,absolute,fold_1,6h,ppb
2026-08-13T23:45:00Z,1,71.93,50.54,49.5227165222168,22.40728347778321,xgboost,absolute,fold_1,6h,ppb
2026-08-12T00:00:00Z,1,54.08,47.08,65.19012649536133,-11.110126495361328,xgboost,delta,fold_1,6h,ppb
2026-08-12T00:15:00Z,1,56.82,44.22,64.65053817749023,-7.830538177490233,xgboost,delta,fold_1,6h,ppb
2026-08-12T00:30:00Z,1,59.59,35.77,60.30348731994629,-0.7134873199462888,xgboost,delta,fold_1,6h,ppb
2026-08-12T00:45:00Z,1,65.27,37.34,64.14344390869141,1.1265560913085864,xgboost,delta,fold_1,6h,ppb
2026-08-12T01:00:00Z,1,70.77,32.64,60.23031677246094,10.539683227539058,xgboost,delta,fold_1,6h,ppb
2026-08-12T01:15:00Z,1,72.32,35.4,66.43760528564454,5.882394714355456,xgboost,delta,fold_1,6h,ppb
2026-08-12T01:30:00Z,1,75.31,34.74,71.41708969116212,3.892910308837884,xgboost,delta,fold_1,6h,ppb
2026-08-12T01:45:00Z,1,77.95,34.24,74.60143875122071,3.3485612487792906,xgboost,delta,fold_1,6h,ppb
2026-08-12T02:00:00Z,1,81.07,37.19,75.01696151733398,6.053038482666011,xgboost,delta,fold_1,6h,ppb
2026-08-12T02:15:00Z,1,84.91,38.13,77.08499420166015,7.825005798339845,xgboost,delta,fold_1,6h,ppb
2026-08-12T02:30:00Z,1,78.43,33.37,70.89322387695313,7.536776123046877,xgboost,delta,fold_1,6h,ppb
2026-08-12T02:45:00Z,1,73.67,34.01,71.2764566040039,2.3935433959961046,xgboost,delta,fold_1,6h,ppb
2026-08-12T03:00:00Z,1,64.5,35.12,70.27087127685547,-5.770871276855473,xgboost,delta,fold_1,6h,ppb
2026-08-12T03:15:00Z,1,69.02,39.77,70.85344650268556,-1.833446502685561,xgboost,delta,fold_1,6h,ppb
2026-08-12T03:30:00Z,1,73.63,43.28,71.83885696411133,1.7911430358886662,xgboost,delta,fold_1,6h,ppb
2026-08-12T03:45:00Z,1,73.43,41.04,69.05495742797851,4.375042572021499,xgboost,delta,fold_1,6h,ppb
2026-08-12T04:00:00Z,1,66.12,40.81,68.54981857299805,-2.4298185729980446,xgboost,delta,fold_1,6h,ppb
2026-08-12T04:15:00Z,1,67.49,42.67,63.9917887878418,3.4982112121581963,xgboost,delta,fold_1,6h,ppb
2026-08-12T04:30:00Z,1,63.54,46.46,59.30898376464844,4.231016235351561,xgboost,delta,fold_1,6h,ppb
2026-08-12T04:45:00Z,1,61.53,48.44,54.104989471435545,7.4250105285644565,xgboost,delta,fold_1,6h,ppb
2026-08-12T05:00:00Z,1,57.0,50.21,53.413416109085084,3.586583890914916,xgboost,delta,fold_1,6h,ppb
2026-08-12T05:15:00Z,1,56.76,56.1,59.19829902648926,-2.4382990264892612,xgboost,delta,fold_1,6h,ppb
2026-08-12T05:30:00Z,1,52.05,51.21,56.197195014953614,-4.147195014953617,xgboost,delta,fold_1,6h,ppb
2026-08-12T05:45:00Z,1,57.83,44.89,51.78133834838867,6.048661651611326,xgboost,delta,fold_1,6h,ppb
2026-08-12T06:00:00Z,1,55.33,54.08,58.78558643341064,-3.4555864334106445,xgboost,delta,fold_1,6h,ppb
2026-08-12T06:15:00Z,1,58.96,56.82,60.56809980392456,-1.60809980392456,xgboost,delta,fold_1,6h,ppb
2026-08-12T06:30:00Z,1,57.94,59.59,59.93132853150368,-1.991328531503683,xgboost,delta,fold_1,6h,ppb
2026-08-12T06:45:00Z,1,58.82,65.27,60.08715965270996,-1.2671596527099567,xgboost,delta,fold_1,6h,ppb
2026-08-12T07:00:00Z,1,52.0,70.77,59.98077251434326,-7.980772514343258,xgboost,delta,fold_1,6h,ppb
2026-08-12T07:15:00Z,1,55.61,72.32,53.70095092773437,1.9090490722656313,xgboost,delta,fold_1,6h,ppb
2026-08-12T07:30:00Z,1,51.77,75.31,52.82260375976563,-1.0526037597656241,xgboost,delta,fold_1,6h,ppb
2026-08-12T07:45:00Z,1,50.68,77.95,52.223609161376956,-1.5436091613769563,xgboost,delta,fold_1,6h,ppb
2026-08-12T08:00:00Z,1,49.51,81.07,53.99948341369628,-4.489483413696284,xgboost,delta,fold_1,6h,ppb
2026-08-12T08:15:00Z,1,51.24,84.91,57.595329437255856,-6.355329437255854,xgboost,delta,fold_1,6h,ppb
2026-08-12T08:30:00Z,1,48.43,78.43,57.5943295288086,-9.1643295288086,xgboost,delta,fold_1,6h,ppb
2026-08-12T08:45:00Z,1,50.92,73.67,53.81400672912598,-2.8940067291259766,xgboost,delta,fold_1,6h,ppb
2026-08-12T09:00:00Z,1,50.82,64.5,56.006075859069824,-5.186075859069824,xgboost,delta,fold_1,6h,ppb
2026-08-12T09:15:00Z,1,46.78,69.02,52.78123428344726,-6.0012342834472605,xgboost,delta,fold_1,6h,ppb
2026-08-12T09:30:00Z,1,45.23,73.63,50.145102386474605,-4.915102386474608,xgboost,delta,fold_1,6h,ppb
2026-08-12T09:45:00Z,1,38.04,73.43,49.21317070007325,-11.17317070007325,xgboost,delta,fold_1,6h,ppb
2026-08-12T10:00:00Z,1,30.59,66.12,43.43149101257325,-12.841491012573247,xgboost,delta,fold_1,6h,ppb
2026-08-12T10:15:00Z,1,31.0,67.49,42.69652770996093,-11.696527709960932,xgboost,delta,fold_1,6h,ppb
2026-08-12T10:30:00Z,1,36.23,63.54,42.99489501953125,-6.764895019531252,xgboost,delta,fold_1,6h,ppb
2026-08-12T10:45:00Z,1,37.55,61.53,45.11880424499512,-7.568804244995121,xgboost,delta,fold_1,6h,ppb
2026-08-12T11:00:00Z,1,35.98,57.0,42.22231197357178,-6.2423119735717805,xgboost,delta,fold_1,6h,ppb
2026-08-12T11:15:00Z,1,31.94,56.76,44.461228141784666,-12.521228141784665,xgboost,delta,fold_1,6h,ppb
2026-08-12T11:30:00Z,1,39.85,52.05,43.55780582427978,-3.707805824279781,xgboost,delta,fold_1,6h,ppb
2026-08-12T11:45:00Z,1,35.92,57.83,42.40890129089355,-6.488901290893551,xgboost,delta,fold_1,6h,ppb
2026-08-12T12:00:00Z,1,38.65,55.33,41.504457550048826,-2.854457550048828,xgboost,delta,fold_1,6h,ppb
2026-08-12T12:15:00Z,1,43.76,58.96,41.76471420288086,1.9952857971191378,xgboost,delta,fold_1,6h,ppb
2026-08-12T12:30:00Z,1,47.57,57.94,41.5620645904541,6.007935409545901,xgboost,delta,fold_1,6h,ppb
2026-08-12T12:45:00Z,1,55.19,58.82,50.075858421325684,5.114141578674314,xgboost,delta,fold_1,6h,ppb
2026-08-12T13:00:00Z,1,49.42,52.0,52.73413163423538,-3.3141316342353804,xgboost,delta,fold_1,6h,ppb
2026-08-12T13:15:00Z,1,52.45,55.61,49.97869716644287,2.4713028335571323,xgboost,delta,fold_1,6h,ppb
2026-08-12T13:30:00Z,1,60.41,51.77,53.69254149913788,6.717458500862115,xgboost,delta,fold_1,6h,ppb
2026-08-12T13:45:00Z,1,61.45,50.68,54.3099843788147,7.140015621185306,xgboost,delta,fold_1,6h,ppb
2026-08-12T14:00:00Z,1,62.96,49.51,53.68071437835693,9.27928562164307,xgboost,delta,fold_1,6h,ppb
2026-08-12T14:15:00Z,1,57.93,51.24,55.24518894195557,2.6848110580444313,xgboost,delta,fold_1,6h,ppb
2026-08-12T14:30:00Z,1,63.46,48.43,52.64349859237671,10.816501407623292,xgboost,delta,fold_1,6h,ppb
2026-08-12T14:45:00Z,1,51.85,50.92,55.300489826202394,-3.450489826202393,xgboost,delta,fold_1,6h,ppb
2026-08-12T15:00:00Z,1,40.77,50.82,55.554617710113526,-14.784617710113523,xgboost,delta,fold_1,6h,ppb
2026-08-12T15:15:00Z,1,41.7,46.78,60.158480911254884,-18.45848091125488,xgboost,delta,fold_1,6h,ppb
2026-08-12T15:30:00Z,1,35.25,45.23,62.158955078125,-26.908955078124997,xgboost,delta,fold_1,6h,ppb
2026-08-12T15:45:00Z,1,33.45,38.04,59.89757637023926,-26.447576370239254,xgboost,delta,fold_1,6h,ppb
2026-08-12T16:00:00Z,1,27.83,30.59,50.53673919677735,-22.70673919677735,xgboost,delta,fold_1,6h,ppb
2026-08-12T16:15:00Z,1,27.71,31.0,44.76872730255127,-17.05872730255127,xgboost,delta,fold_1,6h,ppb
2026-08-12T16:30:00Z,1,34.59,36.23,42.42702816009521,-7.837028160095208,xgboost,delta,fold_1,6h,ppb
2026-08-12T16:45:00Z,1,35.57,37.55,43.09145336151123,-7.521453361511227,xgboost,delta,fold_1,6h,ppb
2026-08-12T17:00:00Z,1,37.6,35.98,40.195024948120114,-2.5950249481201126,xgboost,delta,fold_1,6h,ppb
2026-08-12T17:15:00Z,1,35.92,31.94,34.18773073196411,1.7322692680358927,xgboost,delta,fold_1,6h,ppb
2026-08-12T17:30:00Z,1,35.36,39.85,39.82105468809605,-4.461054688096048,xgboost,delta,fold_1,6h,ppb
2026-08-12T17:45:00Z,1,30.86,35.92,39.42355696678162,-8.563556966781618,xgboost,delta,fold_1,6h,ppb
2026-08-12T18:00:00Z,1,32.22,38.65,39.602345609664916,-7.382345609664917,xgboost,delta,fold_1,6h,ppb
2026-08-12T18:15:00Z,1,32.08,43.76,37.658522853851316,-5.578522853851318,xgboost,delta,fold_1,6h,ppb
2026-08-12T18:30:00Z,1,31.32,47.57,37.41106636047363,-6.091066360473633,xgboost,delta,fold_1,6h,ppb
2026-08-12T18:45:00Z,1,33.29,55.19,37.02532333374023,-3.735323333740233,xgboost,delta,fold_1,6h,ppb
2026-08-12T19:00:00Z,1,29.48,49.42,29.538478775024416,-0.05847877502441534,xgboost,delta,fold_1,6h,ppb
2026-08-12T19:15:00Z,1,30.99,52.45,31.407399368286136,-0.4173993682861372,xgboost,delta,fold_1,6h,ppb
2026-08-12T19:30:00Z,1,32.33,60.41,38.91377082824707,-6.583770828247069,xgboost,delta,fold_1,6h,ppb
2026-08-12T19:45:00Z,1,33.85,61.45,42.11049194335938,-8.260491943359376,xgboost,delta,fold_1,6h,ppb
2026-08-12T20:00:00Z,1,32.97,62.96,42.945069274902345,-9.975069274902346,xgboost,delta,fold_1,6h,ppb
2026-08-12T20:15:00Z,1,35.41,57.93,40.597293548583984,-5.1872935485839875,xgboost,delta,fold_1,6h,ppb
2026-08-12T20:30:00Z,1,34.11,63.46,46.165244064331056,-12.055244064331056,xgboost,delta,fold_1,6h,ppb
2026-08-12T20:45:00Z,1,32.79,51.85,38.49369583129883,-5.70369583129883,xgboost,delta,fold_1,6h,ppb
2026-08-12T21:00:00Z,1,29.76,40.77,32.29265071868897,-2.5326507186889664,xgboost,delta,fold_1,6h,ppb
2026-08-12T21:15:00Z,1,31.51,41.7,36.61775369644165,-5.107753696441652,xgboost,delta,fold_1,6h,ppb
2026-08-12T21:30:00Z,1,31.94,35.25,32.07946157455444,-0.13946157455444208,xgboost,delta,fold_1,6h,ppb
2026-08-12T21:45:00Z,1,29.44,33.45,34.93437929153443,-5.494379291534425,xgboost,delta,fold_1,6h,ppb
2026-08-12T22:00:00Z,1,27.72,27.83,29.21109493255615,-1.4910949325561518,xgboost,delta,fold_1,6h,ppb
2026-08-12T22:15:00Z,1,27.23,27.71,29.463729343414307,-2.233729343414307,xgboost,delta,fold_1,6h,ppb
2026-08-12T22:30:00Z,1,27.79,34.59,35.33394351243973,-7.543943512439732,xgboost,delta,fold_1,6h,ppb
2026-08-12T22:45:00Z,1,34.52,35.57,36.93745369434357,-2.417453694343564,xgboost,delta,fold_1,6h,ppb
2026-08-12T23:00:00Z,1,45.66,37.6,37.96451780796051,7.695482192039485,xgboost,delta,fold_1,6h,ppb
2026-08-12T23:15:00Z,1,49.3,35.92,39.06860272407532,10.231397275924678,xgboost,delta,fold_1,6h,ppb
2026-08-12T23:30:00Z,1,51.36,35.36,49.72581230163574,1.6341876983642578,xgboost,delta,fold_1,6h,ppb
2026-08-12T23:45:00Z,1,54.21,30.86,48.55101333618164,5.658986663818361,xgboost,delta,fold_1,6h,ppb
2026-08-13T00:00:00Z,1,51.38,32.22,56.05510589599609,-4.67510589599609,xgboost,delta,fold_1,6h,ppb
2026-08-13T00:15:00Z,1,48.44,32.08,54.81162269592285,-6.371622695922852,xgboost,delta,fold_1,6h,ppb
2026-08-13T00:30:00Z,1,54.98,31.32,55.196989364624024,-0.21698936462402685,xgboost,delta,fold_1,6h,ppb
2026-08-13T00:45:00Z,1,59.72,33.29,60.024039306640624,-0.3040393066406253,xgboost,delta,fold_1,6h,ppb
2026-08-13T01:00:00Z,1,62.92,29.48,56.79369590759278,6.126304092407224,xgboost,delta,fold_1,6h,ppb
2026-08-13T01:15:00Z,1,64.11,30.99,60.27516769409179,3.8348323059082077,xgboost,delta,fold_1,6h,ppb
2026-08-13T01:30:00Z,1,67.42,32.33,67.1693440246582,0.2506559753418003,xgboost,delta,fold_1,6h,ppb
2026-08-13T01:45:00Z,1,71.78,33.85,65.23456916809081,6.5454308319091865,xgboost,delta,fold_1,6h,ppb
2026-08-13T02:00:00Z,1,76.37,32.97,69.84150192260742,6.528498077392584,xgboost,delta,fold_1,6h,ppb
2026-08-13T02:15:00Z,1,82.5,35.41,72.15637985229492,10.343620147705082,xgboost,delta,fold_1,6h,ppb
2026-08-13T02:30:00Z,1,65.1,34.11,70.93914352416992,-5.839143524169927,xgboost,delta,fold_1,6h,ppb
2026-08-13T02:45:00Z,1,71.16,32.79,68.91173461914062,2.2482653808593795,xgboost,delta,fold_1,6h,ppb
2026-08-13T03:00:00Z,1,76.94,29.76,64.11216903686524,12.827830963134758,xgboost,delta,fold_1,6h,ppb
2026-08-13T03:30:00Z,1,94.02,31.94,63.53109306335449,30.488906936645506,xgboost,delta,fold_1,6h,ppb
2026-08-13T03:45:00Z,1,63.41,29.44,60.97350830078125,2.436491699218749,xgboost,delta,fold_1,6h,ppb
2026-08-13T04:00:00Z,1,61.62,27.72,56.89008781433105,4.729912185668944,xgboost,delta,fold_1,6h,ppb
2026-08-13T04:15:00Z,1,58.73,27.23,56.16551063537598,2.5644893646240163,xgboost,delta,fold_1,6h,ppb
2026-08-13T04:30:00Z,1,59.35,27.79,53.33750823974609,6.0124917602539085,xgboost,delta,fold_1,6h,ppb
2026-08-13T04:45:00Z,1,55.26,34.52,48.63100196838379,6.628998031616206,xgboost,delta,fold_1,6h,ppb
2026-08-13T05:00:00Z,1,50.94,45.66,53.18667331695556,-2.2466733169555653,xgboost,delta,fold_1,6h,ppb
2026-08-13T05:15:00Z,1,51.29,49.3,50.910704898834226,0.3792951011657735,xgboost,delta,fold_1,6h,ppb
2026-08-13T05:30:00Z,1,56.26,51.36,53.71135054588318,2.54864945411682,xgboost,delta,fold_1,6h,ppb
2026-08-13T05:45:00Z,1,57.56,54.21,55.99206753730774,1.5679324626922622,xgboost,delta,fold_1,6h,ppb
2026-08-13T06:00:00Z,1,58.59,51.38,54.000448589324954,4.58955141067505,xgboost,delta,fold_1,6h,ppb
2026-08-13T06:15:00Z,1,56.19,48.44,51.909291925430296,4.280708074569702,xgboost,delta,fold_1,6h,ppb
2026-08-13T06:30:00Z,1,57.22,54.98,56.9518142747879,0.26818572521209916,xgboost,delta,fold_1,6h,ppb
2026-08-13T06:45:00Z,1,56.7,59.72,61.654438824653624,-4.9544388246536215,xgboost,delta,fold_1,6h,ppb
2026-08-13T07:00:00Z,1,55.79,62.92,59.81852905273438,-4.028529052734378,xgboost,delta,fold_1,6h,ppb
2026-08-13T07:15:00Z,1,58.16,64.11,57.25916372299194,0.9008362770080538,xgboost,delta,fold_1,6h,ppb
2026-08-13T07:30:00Z,1,56.51,67.42,58.772477073669435,-2.2624770736694373,xgboost,delta,fold_1,6h,ppb
2026-08-13T07:45:00Z,1,51.79,71.78,54.8904679107666,-3.1004679107666036,xgboost,delta,fold_1,6h,ppb
2026-08-13T08:00:00Z,1,54.33,76.37,57.37772285461426,-3.047722854614264,xgboost,delta,fold_1,6h,ppb
2026-08-13T08:15:00Z,1,55.45,82.5,59.71450233459473,-4.264502334594724,xgboost,delta,fold_1,6h,ppb
2026-08-13T08:30:00Z,1,62.14,65.1,54.599261856079096,7.540738143920905,xgboost,delta,fold_1,6h,ppb
2026-08-13T08:45:00Z,1,62.84,71.16,55.11028495788574,7.729715042114265,xgboost,delta,fold_1,6h,ppb
2026-08-13T09:00:00Z,1,56.07,76.94,53.64970344543457,2.4202965545654322,xgboost,delta,fold_1,6h,ppb
2026-08-13T09:30:00Z,1,48.71,94.02,69.2954898071289,-20.5854898071289,xgboost,delta,fold_1,6h,ppb
2026-08-13T09:45:00Z,1,44.93,63.41,48.0360986328125,-3.106098632812497,xgboost,delta,fold_1,6h,ppb
2026-08-13T10:00:00Z,1,44.03,61.62,51.75128280639648,-7.721282806396481,xgboost,delta,fold_1,6h,ppb
2026-08-13T10:15:00Z,1,42.06,58.73,46.76642654418945,-4.706426544189448,xgboost,delta,fold_1,6h,ppb
2026-08-13T10:30:00Z,1,41.08,59.35,47.647619819641115,-6.567619819641116,xgboost,delta,fold_1,6h,ppb
2026-08-13T10:45:00Z,1,45.3,55.26,41.56421638488769,3.735783615112304,xgboost,delta,fold_1,6h,ppb
2026-08-13T11:00:00Z,1,44.81,50.94,40.0026163482666,4.807383651733403,xgboost,delta,fold_1,6h,ppb
2026-08-13T11:15:00Z,1,42.61,51.29,38.46667293548584,4.14332706451416,xgboost,delta,fold_1,6h,ppb
2026-08-13T11:30:00Z,1,44.56,56.26,41.17558456420898,3.38441543579102,xgboost,delta,fold_1,6h,ppb
2026-08-13T11:45:00Z,1,49.31,57.56,40.501625595092776,8.808374404907227,xgboost,delta,fold_1,6h,ppb
2026-08-13T12:00:00Z,1,49.88,58.59,40.8481901550293,9.031809844970702,xgboost,delta,fold_1,6h,ppb
2026-08-13T12:15:00Z,1,50.85,56.19,41.57808917999267,9.271910820007328,xgboost,delta,fold_1,6h,ppb
2026-08-13T12:30:00Z,1,47.39,57.22,51.7088072013855,-4.318807201385496,xgboost,delta,fold_1,6h,ppb
2026-08-13T12:45:00Z,1,46.57,56.7,53.67035145759583,-7.100351457595828,xgboost,delta,fold_1,6h,ppb
2026-08-13T13:00:00Z,1,44.97,55.79,55.83249549284577,-10.862495492845774,xgboost,delta,fold_1,6h,ppb
2026-08-13T13:15:00Z,1,43.49,58.16,58.849403295516964,-15.359403295516962,xgboost,delta,fold_1,6h,ppb
2026-08-13T13:30:00Z,1,46.27,56.51,58.70911742210388,-12.439117422103877,xgboost,delta,fold_1,6h,ppb
2026-08-13T13:45:00Z,1,43.35,51.79,57.20995525360107,-13.859955253601072,xgboost,delta,fold_1,6h,ppb
2026-08-13T14:00:00Z,1,47.04,54.33,56.61127002716064,-9.571270027160644,xgboost,delta,fold_1,6h,ppb
2026-08-13T14:15:00Z,1,43.97,55.45,58.11699552536011,-14.146995525360111,xgboost,delta,fold_1,6h,ppb
2026-08-13T14:30:00Z,1,49.85,62.14,59.34634627342224,-9.49634627342224,xgboost,delta,fold_1,6h,ppb
2026-08-13T14:45:00Z,1,55.18,62.84,57.931944694519046,-2.7519446945190467,xgboost,delta,fold_1,6h,ppb
2026-08-13T15:00:00Z,1,56.96,56.07,54.806661553382874,2.153338446617127,xgboost,delta,fold_1,6h,ppb
2026-08-13T15:15:00Z,1,52.79,53.58,54.69909830570221,-1.9090983057022086,xgboost,delta,fold_1,6h,ppb
2026-08-13T15:30:00Z,1,53.75,48.71,56.04695077896118,-2.2969507789611825,xgboost,delta,fold_1,6h,ppb
2026-08-13T15:45:00Z,1,51.27,44.93,58.50184982299805,-7.2318498229980435,xgboost,delta,fold_1,6h,ppb
2026-08-13T16:00:00Z,1,48.66,44.03,57.68762042999268,-9.02762042999268,xgboost,delta,fold_1,6h,ppb
2026-08-13T16:15:00Z,1,47.56,42.06,52.891415176391604,-5.331415176391602,xgboost,delta,fold_1,6h,ppb
2026-08-13T16:30:00Z,1,48.87,41.08,51.242056922912596,-2.3720569229125985,xgboost,delta,fold_1,6h,ppb
2026-08-13T16:45:00Z,1,51.22,45.3,49.73182229995727,1.4881777000427263,xgboost,delta,fold_1,6h,ppb
2026-08-13T17:00:00Z,1,55.39,44.81,48.45958953857422,6.9304104614257795,xgboost,delta,fold_1,6h,ppb
2026-08-13T17:15:00Z,1,56.84,42.61,47.04729019165039,9.792709808349613,xgboost,delta,fold_1,6h,ppb
2026-08-13T17:30:00Z,1,52.78,44.56,50.46737295150757,2.3126270484924305,xgboost,delta,fold_1,6h,ppb
2026-08-13T17:45:00Z,1,50.54,49.31,50.48416656017304,0.055833439826962206,xgboost,delta,fold_1,6h,ppb
2026-08-13T18:00:00Z,1,51.84,49.88,46.88994682312012,4.950053176879884,xgboost,delta,fold_1,6h,ppb
2026-08-13T18:15:00Z,1,50.6,50.85,46.11260280609131,4.487397193908691,xgboost,delta,fold_1,6h,ppb
2026-08-13T18:30:00Z,1,46.86,47.39,44.837611808776856,2.0223881912231434,xgboost,delta,fold_1,6h,ppb
2026-08-13T18:45:00Z,1,46.9,46.57,42.23853666305542,4.661463336944578,xgboost,delta,fold_1,6h,ppb
2026-08-13T19:00:00Z,1,50.73,44.97,41.038209171295165,9.691790828704832,xgboost,delta,fold_1,6h,ppb
2026-08-13T19:15:00Z,1,54.17,43.49,37.02041410446167,17.14958589553833,xgboost,delta,fold_1,6h,ppb
2026-08-13T19:30:00Z,1,52.26,46.27,35.929656524658206,16.33034347534179,xgboost,delta,fold_1,6h,ppb
2026-08-13T19:45:00Z,1,55.75,43.35,39.390412664413454,16.359587335586546,xgboost,delta,fold_1,6h,ppb
2026-08-13T20:00:00Z,1,55.64,47.04,36.551199951171874,19.088800048828126,xgboost,delta,fold_1,6h,ppb
2026-08-13T20:15:00Z,1,55.45,43.97,37.21591541290283,18.234084587097172,xgboost,delta,fold_1,6h,ppb
2026-08-13T20:30:00Z,1,55.32,49.85,38.63877544403076,16.681224555969237,xgboost,delta,fold_1,6h,ppb
2026-08-13T20:45:00Z,1,56.2,55.18,42.394521408081054,13.805478591918948,xgboost,delta,fold_1,6h,ppb
2026-08-13T21:00:00Z,1,59.28,56.96,41.22451778411865,18.055482215881348,xgboost,delta,fold_1,6h,ppb
2026-08-13T21:15:00Z,1,58.89,52.79,38.43740467071533,20.45259532928467,xgboost,delta,fold_1,6h,ppb
2026-08-13T21:30:00Z,1,58.46,53.75,39.940300941467285,18.519699058532716,xgboost,delta,fold_1,6h,ppb
2026-08-13T21:45:00Z,1,56.52,51.27,39.7684130859375,16.7515869140625,xgboost,delta,fold_1,6h,ppb
2026-08-13T22:00:00Z,1,59.14,48.66,43.99992958068847,15.140070419311527,xgboost,delta,fold_1,6h,ppb
2026-08-13T22:15:00Z,1,61.44,47.56,43.39872127532959,18.041278724670406,xgboost,delta,fold_1,6h,ppb
2026-08-13T22:30:00Z,1,63.72,48.87,44.180367107391355,19.539632892608644,xgboost,delta,fold_1,6h,ppb
2026-08-13T22:45:00Z,1,65.94,51.22,44.84474775314331,21.09525224685669,xgboost,delta,fold_1,6h,ppb
2026-08-13T23:00:00Z,1,65.1,55.39,47.50828899383545,17.591711006164545,xgboost,delta,fold_1,6h,ppb
2026-08-13T23:15:00Z,1,68.51,56.84,50.52533849716187,17.984661502838136,xgboost,delta,fold_1,6h,ppb
2026-08-13T23:30:00Z,1,69.36,52.78,47.36808660507202,21.991913394927977,xgboost,delta,fold_1,6h,ppb
2026-08-13T23:45:00Z,1,71.93,50.54,48.046884813308715,23.883115186691292,xgboost,delta,fold_1,6h,ppb
2026-08-12T00:00:00Z,1,54.08,47.08,61.22572230839602,-7.145722308396024,lightgbm,absolute,fold_1,6h,ppb
2026-08-12T00:15:00Z,1,56.82,44.22,62.70911952027573,-5.889119520275727,lightgbm,absolute,fold_1,6h,ppb
2026-08-12T00:30:00Z,1,59.59,35.77,63.316133079204995,-3.726133079204992,lightgbm,absolute,fold_1,6h,ppb
2026-08-12T00:45:00Z,1,65.27,37.34,68.52878751545465,-3.2587875154546566,lightgbm,absolute,fold_1,6h,ppb
2026-08-12T01:00:00Z,1,70.77,32.64,64.8987583877686,5.871241612231401,lightgbm,absolute,fold_1,6h,ppb
2026-08-12T01:15:00Z,1,72.32,35.4,67.63296132689462,4.687038673105377,lightgbm,absolute,fold_1,6h,ppb
2026-08-12T01:30:00Z,1,75.31,34.74,66.88525538280919,8.424744617190811,lightgbm,absolute,fold_1,6h,ppb
2026-08-12T01:45:00Z,1,77.95,34.24,66.48440530375443,11.465594696245574,lightgbm,absolute,fold_1,6h,ppb
2026-08-12T02:00:00Z,1,81.07,37.19,72.71627138003544,8.353728619964556,lightgbm,absolute,fold_1,6h,ppb
2026-08-12T02:15:00Z,1,84.91,38.13,72.76218224295584,12.147817757044152,lightgbm,absolute,fold_1,6h,ppb
2026-08-12T02:30:00Z,1,78.43,33.37,70.01546887010228,8.414531129897725,lightgbm,absolute,fold_1,6h,ppb
2026-08-12T02:45:00Z,1,73.67,34.01,71.9933113399338,1.6766886600662048,lightgbm,absolute,fold_1,6h,ppb
2026-08-12T03:00:00Z,1,64.5,35.12,69.39785014288915,-4.897850142889155,lightgbm,absolute,fold_1,6h,ppb
2026-08-12T03:15:00Z,1,69.02,39.77,70.37666841945142,-1.3566684194514238,lightgbm,absolute,fold_1,6h,ppb
2026-08-12T03:30:00Z,1,73.63,43.28,70.72271961083756,2.9072803891624375,lightgbm,absolute,fold_1,6h,ppb
2026-08-12T03:45:00Z,1,73.43,41.04,65.173285091731,8.256714908269004,lightgbm,absolute,fold_1,6h,ppb
2026-08-12T04:00:00Z,1,66.12,40.81,63.289372336647396,2.830627663352608,lightgbm,absolute,fold_1,6h,ppb
2026-08-12T04:15:00Z,1,67.49,42.67,62.104027521591796,5.385972478408199,lightgbm,absolute,fold_1,6h,ppb
2026-08-12T04:30:00Z,1,63.54,46.46,63.067426434930624,0.472573565069375,lightgbm,absolute,fold_1,6h,ppb
2026-08-12T04:45:00Z,1,61.53,48.44,60.66888732212012,0.8611126778798806,lightgbm,absolute,fold_1,6h,ppb
2026-08-12T05:00:00Z,1,57.0,50.21,56.80536712059657,0.19463287940342866,lightgbm,absolute,fold_1,6h,ppb
2026-08-12T05:15:00Z,1,56.76,56.1,58.00541641384212,-1.245416413842122,lightgbm,absolute,fold_1,6h,ppb
2026-08-12T05:30:00Z,1,52.05,51.21,59.47574488076804,-7.425744880768043,lightgbm,absolute,fold_1,6h,ppb
2026-08-12T05:45:00Z,1,57.83,44.89,59.05577815164761,-1.22577815164761,lightgbm,absolute,fold_1,6h,ppb
2026-08-12T06:00:00Z,1,55.33,54.08,60.04568508382422,-4.715685083824219,lightgbm,absolute,fold_1,6h,ppb
2026-08-12T06:15:00Z,1,58.96,56.82,60.24519890644696,-1.2851989064469578,lightgbm,absolute,fold_1,6h,ppb
2026-08-12T06:30:00Z,1,57.94,59.59,57.829051281116705,0.11094871888329294,lightgbm,absolute,fold_1,6h,ppb
2026-08-12T06:45:00Z,1,58.82,65.27,59.99614248578116,-1.1761424857811562,lightgbm,absolute,fold_1,6h,ppb
2026-08-12T07:00:00Z,1,52.0,70.77,56.780843750630005,-4.780843750630005,lightgbm,absolute,fold_1,6h,ppb
2026-08-12T07:15:00Z,1,55.61,72.32,57.642875166866375,-2.0328751668663756,lightgbm,absolute,fold_1,6h,ppb
2026-08-12T07:30:00Z,1,51.77,75.31,54.93652664872873,-3.166526648728727,lightgbm,absolute,fold_1,6h,ppb
2026-08-12T07:45:00Z,1,50.68,77.95,53.043256493307716,-2.3632564933077163,lightgbm,absolute,fold_1,6h,ppb
2026-08-12T08:00:00Z,1,49.51,81.07,55.0972829345811,-5.587282934581104,lightgbm,absolute,fold_1,6h,ppb
2026-08-12T08:15:00Z,1,51.24,84.91,55.202679472963,-3.9626794729629964,lightgbm,absolute,fold_1,6h,ppb
2026-08-12T08:30:00Z,1,48.43,78.43,56.36018311420716,-7.930183114207161,lightgbm,absolute,fold_1,6h,ppb
2026-08-12T08:45:00Z,1,50.92,73.67,57.371753872406025,-6.451753872406023,lightgbm,absolute,fold_1,6h,ppb
2026-08-12T09:00:00Z,1,50.82,64.5,53.13512316746912,-2.3151231674691175,lightgbm,absolute,fold_1,6h,ppb
2026-08-12T09:15:00Z,1,46.78,69.02,50.00709275900964,-3.2270927590096363,lightgbm,absolute,fold_1,6h,ppb
2026-08-12T09:30:00Z,1,45.23,73.63,46.88880511583902,-1.658805115839023,lightgbm,absolute,fold_1,6h,ppb
2026-08-12T09:45:00Z,1,38.04,73.43,46.69856963289219,-8.658569632892188,lightgbm,absolute,fold_1,6h,ppb
2026-08-12T10:00:00Z,1,30.59,66.12,44.04556499474892,-13.455564994748922,lightgbm,absolute,fold_1,6h,ppb
2026-08-12T10:15:00Z,1,31.0,67.49,43.683616580228524,-12.683616580228524,lightgbm,absolute,fold_1,6h,ppb
2026-08-12T10:30:00Z,1,36.23,63.54,45.77901529546064,-9.549015295460642,lightgbm,absolute,fold_1,6h,ppb
2026-08-12T10:45:00Z,1,37.55,61.53,46.22246964452309,-8.67246964452309,lightgbm,absolute,fold_1,6h,ppb
2026-08-12T11:00:00Z,1,35.98,57.0,47.606931543438186,-11.62693154343819,lightgbm,absolute,fold_1,6h,ppb
2026-08-12T11:15:00Z,1,31.94,56.76,46.888623810116655,-14.948623810116654,lightgbm,absolute,fold_1,6h,ppb
2026-08-12T11:30:00Z,1,39.85,52.05,47.06316732380333,-7.213167323803326,lightgbm,absolute,fold_1,6h,ppb
2026-08-12T11:45:00Z,1,35.92,57.83,44.065611706611,-8.145611706611,lightgbm,absolute,fold_1,6h,ppb
2026-08-12T12:00:00Z,1,38.65,55.33,43.980839400811384,-5.330839400811385,lightgbm,absolute,fold_1,6h,ppb
2026-08-12T12:15:00Z,1,43.76,58.96,45.11236047016019,-1.3523604701601926,lightgbm,absolute,fold_1,6h,ppb
2026-08-12T12:30:00Z,1,47.57,57.94,46.06883520681074,1.501164793189261,lightgbm,absolute,fold_1,6h,ppb
2026-08-12T12:45:00Z,1,55.19,58.82,50.90807730624106,4.281922693758936,lightgbm,absolute,fold_1,6h,ppb
2026-08-12T13:00:00Z,1,49.42,52.0,51.98530420975963,-2.5653042097596312,lightgbm,absolute,fold_1,6h,ppb
2026-08-12T13:15:00Z,1,52.45,55.61,51.262738784443876,1.187261215556127,lightgbm,absolute,fold_1,6h,ppb
2026-08-12T13:30:00Z,1,60.41,51.77,51.729981947327296,8.6800180526727,lightgbm,absolute,fold_1,6h,ppb
2026-08-12T13:45:00Z,1,61.45,50.68,52.99911793078534,8.450882069214664,lightgbm,absolute,fold_1,6h,ppb
2026-08-12T14:00:00Z,1,62.96,49.51,54.036245215290705,8.923754784709296,lightgbm,absolute,fold_1,6h,ppb
2026-08-12T14:15:00Z,1,57.93,51.24,53.68727506668516,4.24272493331484,lightgbm,absolute,fold_1,6h,ppb
2026-08-12T14:30:00Z,1,63.46,48.43,52.86210100121805,10.59789899878195,lightgbm,absolute,fold_1,6h,ppb
2026-08-12T14:45:00Z,1,51.85,50.92,55.24356463344325,-3.3935646334432477,lightgbm,absolute,fold_1,6h,ppb
2026-08-12T15:00:00Z,1,40.77,50.82,54.97384019029859,-14.203840190298585,lightgbm,absolute,fold_1,6h,ppb
2026-08-12T15:15:00Z,1,41.7,46.78,55.15873489404812,-13.45873489404812,lightgbm,absolute,fold_1,6h,ppb
2026-08-12T15:30:00Z,1,35.25,45.23,56.27790669441295,-21.02790669441295,lightgbm,absolute,fold_1,6h,ppb
2026-08-12T15:45:00Z,1,33.45,38.04,56.723931712372014,-23.27393171237201,lightgbm,absolute,fold_1,6h,ppb
2026-08-12T16:00:00Z,1,27.83,30.59,51.65827737377563,-23.828277373775634,lightgbm,absolute,fold_1,6h,ppb
2026-08-12T16:15:00Z,1,27.71,31.0,48.385335976289625,-20.675335976289624,lightgbm,absolute,fold_1,6h,ppb
2026-08-12T16:30:00Z,1,34.59,36.23,44.94480547311668,-10.354805473116677,lightgbm,absolute,fold_1,6h,ppb
2026-08-12T16:45:00Z,1,35.57,37.55,44.73990474199702,-9.169904741997023,lightgbm,absolute,fold_1,6h,ppb
2026-08-12T17:00:00Z,1,37.6,35.98,43.433587392190766,-5.833587392190765,lightgbm,absolute,fold_1,6h,ppb
2026-08-12T17:15:00Z,1,35.92,31.94,43.44320290410425,-7.523202904104245,lightgbm,absolute,fold_1,6h,ppb
2026-08-12T17:30:00Z,1,35.36,39.85,44.868927119911014,-9.508927119911014,lightgbm,absolute,fold_1,6h,ppb
2026-08-12T17:45:00Z,1,30.86,35.92,42.546942597040825,-11.686942597040826,lightgbm,absolute,fold_1,6h,ppb
2026-08-12T18:00:00Z,1,32.22,38.65,42.92705904183038,-10.707059041830384,lightgbm,absolute,fold_1,6h,ppb
2026-08-12T18:15:00Z,1,32.08,43.76,40.053671821680624,-7.973671821680625,lightgbm,absolute,fold_1,6h,ppb
2026-08-12T18:30:00Z,1,31.32,47.57,39.49892779906287,-8.178927799062869,lightgbm,absolute,fold_1,6h,ppb
2026-08-12T18:45:00Z,1,33.29,55.19,38.17898462864531,-4.888984628645311,lightgbm,absolute,fold_1,6h,ppb
2026-08-12T19:00:00Z,1,29.48,49.42,36.25101415348709,-6.771014153487091,lightgbm,absolute,fold_1,6h,ppb
2026-08-12T19:15:00Z,1,30.99,52.45,36.524748636861354,-5.534748636861355,lightgbm,absolute,fold_1,6h,ppb
2026-08-12T19:30:00Z,1,32.33,60.41,40.39739234909213,-8.067392349092131,lightgbm,absolute,fold_1,6h,ppb
2026-08-12T19:45:00Z,1,33.85,61.45,41.72823293770736,-7.878232937707359,lightgbm,absolute,fold_1,6h,ppb
2026-08-12T20:00:00Z,1,32.97,62.96,42.27131797558682,-9.30131797558682,lightgbm,absolute,fold_1,6h,ppb
2026-08-12T20:15:00Z,1,35.41,57.93,44.77216112348112,-9.362161123481123,lightgbm,absolute,fold_1,6h,ppb
2026-08-12T20:30:00Z,1,34.11,63.46,44.24855273434294,-10.138552734342937,lightgbm,absolute,fold_1,6h,ppb
2026-08-12T20:45:00Z,1,32.79,51.85,41.75299227460719,-8.962992274607188,lightgbm,absolute,fold_1,6h,ppb
2026-08-12T21:00:00Z,1,29.76,40.77,42.074489289629966,-12.314489289629964,lightgbm,absolute,fold_1,6h,ppb
2026-08-12T21:15:00Z,1,31.51,41.7,46.77971440885367,-15.26971440885367,lightgbm,absolute,fold_1,6h,ppb
2026-08-12T21:30:00Z,1,31.94,35.25,47.32344214862962,-15.383442148629616,lightgbm,absolute,fold_1,6h,ppb
2026-08-12T21:45:00Z,1,29.44,33.45,48.39315164014666,-18.95315164014666,lightgbm,absolute,fold_1,6h,ppb
2026-08-12T22:00:00Z,1,27.72,27.83,50.58377663967796,-22.86377663967796,lightgbm,absolute,fold_1,6h,ppb
2026-08-12T22:15:00Z,1,27.23,27.71,50.58632725554289,-23.35632725554289,lightgbm,absolute,fold_1,6h,ppb
2026-08-12T22:30:00Z,1,27.79,34.59,53.23711390225837,-25.447113902258373,lightgbm,absolute,fold_1,6h,ppb
2026-08-12T22:45:00Z,1,34.52,35.57,52.86119497013087,-18.341194970130864,lightgbm,absolute,fold_1,6h,ppb
2026-08-12T23:00:00Z,1,45.66,37.6,54.56833668261171,-8.908336682611711,lightgbm,absolute,fold_1,6h,ppb
2026-08-12T23:15:00Z,1,49.3,35.92,53.75798943946993,-4.457989439469934,lightgbm,absolute,fold_1,6h,ppb
2026-08-12T23:30:00Z,1,51.36,35.36,51.870243737109746,-0.5102437371097466,lightgbm,absolute,fold_1,6h,ppb
2026-08-12T23:45:00Z,1,54.21,30.86,53.3588069379352,0.8511930620648016,lightgbm,absolute,fold_1,6h,ppb
2026-08-13T00:00:00Z,1,51.38,32.22,73.46216378038766,-22.082163780387653,lightgbm,absolute,fold_1,6h,ppb
2026-08-13T00:15:00Z,1,48.44,32.08,65.9297876990997,-17.489787699099708,lightgbm,absolute,fold_1,6h,ppb
2026-08-13T00:30:00Z,1,54.98,31.32,65.06813826119546,-10.08813826119546,lightgbm,absolute,fold_1,6h,ppb
2026-08-13T00:45:00Z,1,59.72,33.29,70.41339678838125,-10.69339678838125,lightgbm,absolute,fold_1,6h,ppb
2026-08-13T01:00:00Z,1,62.92,29.48,65.3652188790404,-2.4452188790403966,lightgbm,absolute,fold_1,6h,ppb
2026-08-13T01:15:00Z,1,64.11,30.99,67.35415909918036,-3.244159099180365,lightgbm,absolute,fold_1,6h,ppb
2026-08-13T01:30:00Z,1,67.42,32.33,69.42275642731333,-2.0027564273133294,lightgbm,absolute,fold_1,6h,ppb
2026-08-13T01:45:00Z,1,71.78,33.85,69.00688524437248,2.7731147556275175,lightgbm,absolute,fold_1,6h,ppb
2026-08-13T02:00:00Z,1,76.37,32.97,71.21924108227688,5.150758917723124,lightgbm,absolute,fold_1,6h,ppb
2026-08-13T02:15:00Z,1,82.5,35.41,70.38162037271871,12.118379627281286,lightgbm,absolute,fold_1,6h,ppb
2026-08-13T02:30:00Z,1,65.1,34.11,70.42123555096029,-5.321235550960296,lightgbm,absolute,fold_1,6h,ppb
2026-08-13T02:45:00Z,1,71.16,32.79,67.85440030042076,3.3055996995792327,lightgbm,absolute,fold_1,6h,ppb
2026-08-13T03:00:00Z,1,76.94,29.76,71.20346949286095,5.736530507139051,lightgbm,absolute,fold_1,6h,ppb
2026-08-13T03:30:00Z,1,94.02,31.94,65.1188137295747,28.9011862704253,lightgbm,absolute,fold_1,6h,ppb
2026-08-13T03:45:00Z,1,63.41,29.44,64.69350018242125,-1.2835001824212497,lightgbm,absolute,fold_1,6h,ppb
2026-08-13T04:00:00Z,1,61.62,27.72,62.95522997391967,-1.3352299739196738,lightgbm,absolute,fold_1,6h,ppb
2026-08-13T04:15:00Z,1,58.73,27.23,65.94609472545964,-7.216094725459648,lightgbm,absolute,fold_1,6h,ppb
2026-08-13T04:30:00Z,1,59.35,27.79,63.54309369598198,-4.193093695981979,lightgbm,absolute,fold_1,6h,ppb
2026-08-13T04:45:00Z,1,55.26,34.52,65.10778459238932,-9.847784592389324,lightgbm,absolute,fold_1,6h,ppb
2026-08-13T05:00:00Z,1,50.94,45.66,57.740664944083754,-6.800664944083756,lightgbm,absolute,fold_1,6h,ppb
2026-08-13T05:15:00Z,1,51.29,49.3,56.13515573723081,-4.845155737230812,lightgbm,absolute,fold_1,6h,ppb
2026-08-13T05:30:00Z,1,56.26,51.36,55.879177412353954,0.38082258764604404,lightgbm,absolute,fold_1,6h,ppb
2026-08-13T05:45:00Z,1,57.56,54.21,56.46885955428196,1.0911404457180396,lightgbm,absolute,fold_1,6h,ppb
2026-08-13T06:00:00Z,1,58.59,51.38,56.34483762517291,2.245162374827096,lightgbm,absolute,fold_1,6h,ppb
2026-08-13T06:15:00Z,1,56.19,48.44,55.30500864804671,0.884991351953289,lightgbm,absolute,fold_1,6h,ppb
2026-08-13T06:30:00Z,1,57.22,54.98,56.85959728017824,0.36040271982175653,lightgbm,absolute,fold_1,6h,ppb
2026-08-13T06:45:00Z,1,56.7,59.72,62.28787246440525,-5.587872464405244,lightgbm,absolute,fold_1,6h,ppb
2026-08-13T07:00:00Z,1,55.79,62.92,57.93102533013995,-2.1410253301399536,lightgbm,absolute,fold_1,6h,ppb
2026-08-13T07:15:00Z,1,58.16,64.11,59.86255687853546,-1.7025568785354608,lightgbm,absolute,fold_1,6h,ppb
2026-08-13T07:30:00Z,1,56.51,67.42,58.68249693084224,-2.172496930842243,lightgbm,absolute,fold_1,6h,ppb
2026-08-13T07:45:00Z,1,51.79,71.78,58.31768505950517,-6.527685059505174,lightgbm,absolute,fold_1,6h,ppb
2026-08-13T08:00:00Z,1,54.33,76.37,56.766935681368466,-2.4369356813684675,lightgbm,absolute,fold_1,6h,ppb
2026-08-13T08:15:00Z,1,55.45,82.5,56.30260076385366,-0.8526007638536583,lightgbm,absolute,fold_1,6h,ppb
2026-08-13T08:30:00Z,1,62.14,65.1,58.47002448470555,3.6699755152944533,lightgbm,absolute,fold_1,6h,ppb
2026-08-13T08:45:00Z,1,62.84,71.16,56.84784317073173,5.992156829268275,lightgbm,absolute,fold_1,6h,ppb
2026-08-13T09:00:00Z,1,56.07,76.94,55.21676288534453,0.8532371146554709,lightgbm,absolute,fold_1,6h,ppb
2026-08-13T09:30:00Z,1,48.71,94.02,54.3873904371797,-5.677390437179696,lightgbm,absolute,fold_1,6h,ppb
2026-08-13T09:45:00Z,1,44.93,63.41,53.650249074484464,-8.720249074484464,lightgbm,absolute,fold_1,6h,ppb
2026-08-13T10:00:00Z,1,44.03,61.62,53.338397266960385,-9.308397266960384,lightgbm,absolute,fold_1,6h,ppb
2026-08-13T10:15:00Z,1,42.06,58.73,52.040902520880806,-9.980902520880804,lightgbm,absolute,fold_1,6h,ppb
2026-08-13T10:30:00Z,1,41.08,59.35,49.751523034493246,-8.671523034493248,lightgbm,absolute,fold_1,6h,ppb
2026-08-13T10:45:00Z,1,45.3,55.26,49.37944364479792,-4.079443644797919,lightgbm,absolute,fold_1,6h,ppb
2026-08-13T11:00:00Z,1,44.81,50.94,49.011907247649226,-4.201907247649224,lightgbm,absolute,fold_1,6h,ppb
2026-08-13T11:15:00Z,1,42.61,51.29,49.2665409557712,-6.656540955771199,lightgbm,absolute,fold_1,6h,ppb
2026-08-13T11:30:00Z,1,44.56,56.26,46.372198463531774,-1.8121984635317716,lightgbm,absolute,fold_1,6h,ppb
2026-08-13T11:45:00Z,1,49.31,57.56,47.3689916428539,1.941008357146103,lightgbm,absolute,fold_1,6h,ppb
2026-08-13T12:00:00Z,1,49.88,58.59,48.12103398620632,1.7589660137936818,lightgbm,absolute,fold_1,6h,ppb
2026-08-13T12:15:00Z,1,50.85,56.19,51.75237952466647,-0.9023795246664719,lightgbm,absolute,fold_1,6h,ppb
2026-08-13T12:30:00Z,1,47.39,57.22,50.86420562893095,-3.474205628930946,lightgbm,absolute,fold_1,6h,ppb
2026-08-13T12:45:00Z,1,46.57,56.7,51.40159239058816,-4.831592390588163,lightgbm,absolute,fold_1,6h,ppb
2026-08-13T13:00:00Z,1,44.97,55.79,51.92928278649601,-6.959282786496011,lightgbm,absolute,fold_1,6h,ppb
2026-08-13T13:15:00Z,1,43.49,58.16,53.674861529124684,-10.184861529124682,lightgbm,absolute,fold_1,6h,ppb
2026-08-13T13:30:00Z,1,46.27,56.51,53.81740990938768,-7.5474099093876745,lightgbm,absolute,fold_1,6h,ppb
2026-08-13T13:45:00Z,1,43.35,51.79,52.78548905782656,-9.435489057826558,lightgbm,absolute,fold_1,6h,ppb
2026-08-13T14:00:00Z,1,47.04,54.33,54.079352731927955,-7.039352731927956,lightgbm,absolute,fold_1,6h,ppb
2026-08-13T14:15:00Z,1,43.97,55.45,52.70170826236346,-8.731708262363462,lightgbm,absolute,fold_1,6h,ppb
2026-08-13T14:30:00Z,1,49.85,62.14,53.34615799770883,-3.4961579977088277,lightgbm,absolute,fold_1,6h,ppb
2026-08-13T14:45:00Z,1,55.18,62.84,52.52099304186057,2.659006958139429,lightgbm,absolute,fold_1,6h,ppb
2026-08-13T15:00:00Z,1,56.96,56.07,53.76302208345492,3.1969779165450802,lightgbm,absolute,fold_1,6h,ppb
2026-08-13T15:15:00Z,1,52.79,53.58,54.95232476118751,-2.162324761187513,lightgbm,absolute,fold_1,6h,ppb
2026-08-13T15:30:00Z,1,53.75,48.71,56.6994246753525,-2.9494246753525033,lightgbm,absolute,fold_1,6h,ppb
2026-08-13T15:45:00Z,1,51.27,44.93,53.861936272674626,-2.591936272674623,lightgbm,absolute,fold_1,6h,ppb
2026-08-13T16:00:00Z,1,48.66,44.03,54.19534339853442,-5.5353433985344225,lightgbm,absolute,fold_1,6h,ppb
2026-08-13T16:15:00Z,1,47.56,42.06,51.89572086355457,-4.33572086355457,lightgbm,absolute,fold_1,6h,ppb
2026-08-13T16:30:00Z,1,48.87,41.08,51.518931804350615,-2.6489318043506174,lightgbm,absolute,fold_1,6h,ppb
2026-08-13T16:45:00Z,1,51.22,45.3,50.79382620743479,0.4261737925652085,lightgbm,absolute,fold_1,6h,ppb
2026-08-13T17:00:00Z,1,55.39,44.81,50.559057511316,4.830942488684002,lightgbm,absolute,fold_1,6h,ppb
2026-08-13T17:15:00Z,1,56.84,42.61,49.64343993482058,7.196560065179426,lightgbm,absolute,fold_1,6h,ppb
2026-08-13T17:30:00Z,1,52.78,44.56,48.14225105320097,4.637748946799029,lightgbm,absolute,fold_1,6h,ppb
2026-08-13T17:45:00Z,1,50.54,49.31,46.427391080326785,4.112608919673214,lightgbm,absolute,fold_1,6h,ppb
2026-08-13T18:00:00Z,1,51.84,49.88,44.495405838453436,7.344594161546567,lightgbm,absolute,fold_1,6h,ppb
2026-08-13T18:15:00Z,1,50.6,50.85,42.68663779447006,7.913362205529943,lightgbm,absolute,fold_1,6h,ppb
2026-08-13T18:30:00Z,1,46.86,47.39,42.32264555617011,4.537354443829891,lightgbm,absolute,fold_1,6h,ppb
2026-08-13T18:45:00Z,1,46.9,46.57,41.29507388107501,5.604926118924986,lightgbm,absolute,fold_1,6h,ppb
2026-08-13T19:00:00Z,1,50.73,44.97,40.75074817956757,9.979251820432424,lightgbm,absolute,fold_1,6h,ppb
2026-08-13T19:15:00Z,1,54.17,43.49,38.28473691679235,15.885263083207654,lightgbm,absolute,fold_1,6h,ppb
2026-08-13T19:30:00Z,1,52.26,46.27,38.549292642252816,13.710707357747182,lightgbm,absolute,fold_1,6h,ppb
2026-08-13T19:45:00Z,1,55.75,43.35,38.37687713889564,17.373122861104363,lightgbm,absolute,fold_1,6h,ppb
2026-08-13T20:00:00Z,1,55.64,47.04,39.36639173059197,16.27360826940803,lightgbm,absolute,fold_1,6h,ppb
2026-08-13T20:15:00Z,1,55.45,43.97,40.02743099338666,15.422569006613344,lightgbm,absolute,fold_1,6h,ppb
2026-08-13T20:30:00Z,1,55.32,49.85,41.21241204055316,14.107587959446839,lightgbm,absolute,fold_1,6h,ppb
2026-08-13T20:45:00Z,1,56.2,55.18,40.78155068810143,15.41844931189857,lightgbm,absolute,fold_1,6h,ppb
2026-08-13T21:00:00Z,1,59.28,56.96,40.99289831989946,18.28710168010054,lightgbm,absolute,fold_1,6h,ppb
2026-08-13T21:15:00Z,1,58.89,52.79,40.14281897340184,18.747181026598163,lightgbm,absolute,fold_1,6h,ppb
2026-08-13T21:30:00Z,1,58.46,53.75,40.55337833065371,17.906621669346293,lightgbm,absolute,fold_1,6h,ppb
2026-08-13T21:45:00Z,1,56.52,51.27,39.35615223513672,17.163847764863284,lightgbm,absolute,fold_1,6h,ppb
2026-08-13T22:00:00Z,1,59.14,48.66,44.17588110118324,14.964118898816757,lightgbm,absolute,fold_1,6h,ppb
2026-08-13T22:15:00Z,1,61.44,47.56,45.06443037597123,16.37556962402877,lightgbm,absolute,fold_1,6h,ppb
2026-08-13T22:30:00Z,1,63.72,48.87,44.16022363540134,19.55977636459866,lightgbm,absolute,fold_1,6h,ppb
2026-08-13T22:45:00Z,1,65.94,51.22,45.34815774389963,20.59184225610037,lightgbm,absolute,fold_1,6h,ppb
2026-08-13T23:00:00Z,1,65.1,55.39,46.860790501727706,18.239209498272288,lightgbm,absolute,fold_1,6h,ppb
2026-08-13T23:15:00Z,1,68.51,56.84,47.916580931311394,20.59341906868861,lightgbm,absolute,fold_1,6h,ppb
2026-08-13T23:30:00Z,1,69.36,52.78,46.92786040480589,22.43213959519411,lightgbm,absolute,fold_1,6h,ppb
2026-08-13T23:45:00Z,1,71.93,50.54,49.53718917369504,22.392810826304967,lightgbm,absolute,fold_1,6h,ppb
2026-08-12T00:00:00Z,1,54.08,47.08,66.80463296659566,-12.724632966595664,lightgbm,delta,fold_1,6h,ppb
2026-08-12T00:15:00Z,1,56.82,44.22,65.85460932391858,-9.03460932391858,lightgbm,delta,fold_1,6h,ppb
2026-08-12T00:30:00Z,1,59.59,35.77,65.50424262645535,-5.914242626455348,lightgbm,delta,fold_1,6h,ppb
2026-08-12T00:45:00Z,1,65.27,37.34,69.67674245881159,-4.406742458811593,lightgbm,delta,fold_1,6h,ppb
2026-08-12T01:00:00Z,1,70.77,32.64,64.25287060583885,6.517129394161145,lightgbm,delta,fold_1,6h,ppb
2026-08-12T01:15:00Z,1,72.32,35.4,69.16153164528585,3.158468354714145,lightgbm,delta,fold_1,6h,ppb
2026-08-12T01:30:00Z,1,75.31,34.74,66.89440138884237,8.415598611157634,lightgbm,delta,fold_1,6h,ppb
2026-08-12T01:45:00Z,1,77.95,34.24,68.58355632073415,9.366443679265856,lightgbm,delta,fold_1,6h,ppb
2026-08-12T02:00:00Z,1,81.07,37.19,76.93046141097778,4.139538589022209,lightgbm,delta,fold_1,6h,ppb
2026-08-12T02:15:00Z,1,84.91,38.13,79.50025830215503,5.409741697844964,lightgbm,delta,fold_1,6h,ppb
2026-08-12T02:30:00Z,1,78.43,33.37,76.92698104468653,1.503018955313479,lightgbm,delta,fold_1,6h,ppb
2026-08-12T02:45:00Z,1,73.67,34.01,79.47793039071226,-5.807930390712258,lightgbm,delta,fold_1,6h,ppb
2026-08-12T03:00:00Z,1,64.5,35.12,75.74440059883321,-11.24440059883321,lightgbm,delta,fold_1,6h,ppb
2026-08-12T03:15:00Z,1,69.02,39.77,78.46744475098538,-9.447444750985383,lightgbm,delta,fold_1,6h,ppb
2026-08-12T03:30:00Z,1,73.63,43.28,76.70348441004154,-3.0734844100415444,lightgbm,delta,fold_1,6h,ppb
2026-08-12T03:45:00Z,1,73.43,41.04,73.69085198987773,-0.26085198987772173,lightgbm,delta,fold_1,6h,ppb
2026-08-12T04:00:00Z,1,66.12,40.81,67.20107590544895,-1.081075905448941,lightgbm,delta,fold_1,6h,ppb
2026-08-12T04:15:00Z,1,67.49,42.67,64.93753391082515,2.5524660891748425,lightgbm,delta,fold_1,6h,ppb
2026-08-12T04:30:00Z,1,63.54,46.46,62.61869424000399,0.9213057599960095,lightgbm,delta,fold_1,6h,ppb
2026-08-12T04:45:00Z,1,61.53,48.44,54.59963153488524,6.930368465114761,lightgbm,delta,fold_1,6h,ppb
2026-08-12T05:00:00Z,1,57.0,50.21,52.65571682106889,4.344283178931107,lightgbm,delta,fold_1,6h,ppb
2026-08-12T05:15:00Z,1,56.76,56.1,58.49239808912609,-1.732398089126093,lightgbm,delta,fold_1,6h,ppb
2026-08-12T05:30:00Z,1,52.05,51.21,54.26656953232235,-2.216569532322353,lightgbm,delta,fold_1,6h,ppb
2026-08-12T05:45:00Z,1,57.83,44.89,50.75164478189871,7.0783552181012865,lightgbm,delta,fold_1,6h,ppb
2026-08-12T06:00:00Z,1,55.33,54.08,55.84698095671932,-0.5169809567193226,lightgbm,delta,fold_1,6h,ppb
2026-08-12T06:15:00Z,1,58.96,56.82,57.44189094806133,1.5181090519386728,lightgbm,delta,fold_1,6h,ppb
2026-08-12T06:30:00Z,1,57.94,59.59,57.45634690168567,0.4836530983143277,lightgbm,delta,fold_1,6h,ppb
2026-08-12T06:45:00Z,1,58.82,65.27,58.45241967125114,0.3675803287488577,lightgbm,delta,fold_1,6h,ppb
2026-08-12T07:00:00Z,1,52.0,70.77,61.10350872418177,-9.103508724181772,lightgbm,delta,fold_1,6h,ppb
2026-08-12T07:15:00Z,1,55.61,72.32,55.46951651129609,0.14048348870390726,lightgbm,delta,fold_1,6h,ppb
2026-08-12T07:30:00Z,1,51.77,75.31,54.13311727984137,-2.3631172798413687,lightgbm,delta,fold_1,6h,ppb
2026-08-12T07:45:00Z,1,50.68,77.95,53.58591264290015,-2.905912642900148,lightgbm,delta,fold_1,6h,ppb
2026-08-12T08:00:00Z,1,49.51,81.07,55.27119581320659,-5.761195813206591,lightgbm,delta,fold_1,6h,ppb
2026-08-12T08:15:00Z,1,51.24,84.91,57.2491446973298,-6.009144697329795,lightgbm,delta,fold_1,6h,ppb
2026-08-12T08:30:00Z,1,48.43,78.43,57.79122545853258,-9.36122545853258,lightgbm,delta,fold_1,6h,ppb
2026-08-12T08:45:00Z,1,50.92,73.67,58.48239046997094,-7.562390469970936,lightgbm,delta,fold_1,6h,ppb
2026-08-12T09:00:00Z,1,50.82,64.5,53.36970677861798,-2.5497067786179812,lightgbm,delta,fold_1,6h,ppb
2026-08-12T09:15:00Z,1,46.78,69.02,50.05129924889444,-3.2712992488944366,lightgbm,delta,fold_1,6h,ppb
2026-08-12T09:30:00Z,1,45.23,73.63,50.36851377351185,-5.138513773511853,lightgbm,delta,fold_1,6h,ppb
2026-08-12T09:45:00Z,1,38.04,73.43,48.070831682554314,-10.030831682554314,lightgbm,delta,fold_1,6h,ppb
2026-08-12T10:00:00Z,1,30.59,66.12,40.898034580098624,-10.308034580098624,lightgbm,delta,fold_1,6h,ppb
2026-08-12T10:15:00Z,1,31.0,67.49,41.584536473936524,-10.584536473936524,lightgbm,delta,fold_1,6h,ppb
2026-08-12T10:30:00Z,1,36.23,63.54,41.58713906650503,-5.3571390665050345,lightgbm,delta,fold_1,6h,ppb
2026-08-12T10:45:00Z,1,37.55,61.53,46.37451178097092,-8.824511780970923,lightgbm,delta,fold_1,6h,ppb
2026-08-12T11:00:00Z,1,35.98,57.0,43.65979090105338,-7.67979090105338,lightgbm,delta,fold_1,6h,ppb
2026-08-12T11:15:00Z,1,31.94,56.76,45.435419570585665,-13.495419570585664,lightgbm,delta,fold_1,6h,ppb
2026-08-12T11:30:00Z,1,39.85,52.05,44.51140754130756,-4.661407541307561,lightgbm,delta,fold_1,6h,ppb
2026-08-12T11:45:00Z,1,35.92,57.83,40.41523579072657,-4.495235790726568,lightgbm,delta,fold_1,6h,ppb
2026-08-12T12:00:00Z,1,38.65,55.33,40.69867362867156,-2.0486736286715583,lightgbm,delta,fold_1,6h,ppb
2026-08-12T12:15:00Z,1,43.76,58.96,41.53007965343644,2.22992034656356,lightgbm,delta,fold_1,6h,ppb
2026-08-12T12:30:00Z,1,47.57,57.94,41.309948177331876,6.2600518226681245,lightgbm,delta,fold_1,6h,ppb
2026-08-12T12:45:00Z,1,55.19,58.82,49.65390695428025,5.5360930457197455,lightgbm,delta,fold_1,6h,ppb
2026-08-12T13:00:00Z,1,49.42,52.0,48.59683164083705,0.8231683591629491,lightgbm,delta,fold_1,6h,ppb
2026-08-12T13:15:00Z,1,52.45,55.61,46.871229782231865,5.578770217768138,lightgbm,delta,fold_1,6h,ppb
2026-08-12T13:30:00Z,1,60.41,51.77,51.617712197298054,8.792287802701942,lightgbm,delta,fold_1,6h,ppb
2026-08-12T13:45:00Z,1,61.45,50.68,54.36559185331796,7.084408146682044,lightgbm,delta,fold_1,6h,ppb
2026-08-12T14:00:00Z,1,62.96,49.51,52.83730951882194,10.122690481178061,lightgbm,delta,fold_1,6h,ppb
2026-08-12T14:15:00Z,1,57.93,51.24,54.80929574408732,3.1207042559126776,lightgbm,delta,fold_1,6h,ppb
2026-08-12T14:30:00Z,1,63.46,48.43,53.50005723384899,9.95994276615101,lightgbm,delta,fold_1,6h,ppb
2026-08-12T14:45:00Z,1,51.85,50.92,56.52918408456375,-4.679184084563751,lightgbm,delta,fold_1,6h,ppb
2026-08-12T15:00:00Z,1,40.77,50.82,56.110278405994876,-15.340278405994873,lightgbm,delta,fold_1,6h,ppb
2026-08-12T15:15:00Z,1,41.7,46.78,57.257822865380824,-15.557822865380821,lightgbm,delta,fold_1,6h,ppb
2026-08-12T15:30:00Z,1,35.25,45.23,56.432322338449964,-21.182322338449964,lightgbm,delta,fold_1,6h,ppb
2026-08-12T15:45:00Z,1,33.45,38.04,56.38986433075034,-22.93986433075034,lightgbm,delta,fold_1,6h,ppb
2026-08-12T16:00:00Z,1,27.83,30.59,49.17178985002051,-21.34178985002051,lightgbm,delta,fold_1,6h,ppb
2026-08-12T16:15:00Z,1,27.71,31.0,47.02426097977163,-19.314260979771632,lightgbm,delta,fold_1,6h,ppb
2026-08-12T16:30:00Z,1,34.59,36.23,42.940777609024124,-8.35077760902412,lightgbm,delta,fold_1,6h,ppb
2026-08-12T16:45:00Z,1,35.57,37.55,42.03128082439996,-6.461280824399957,lightgbm,delta,fold_1,6h,ppb
2026-08-12T17:00:00Z,1,37.6,35.98,35.619493962704084,1.9805060372959176,lightgbm,delta,fold_1,6h,ppb
2026-08-12T17:15:00Z,1,35.92,31.94,33.463488375002086,2.4565116249979155,lightgbm,delta,fold_1,6h,ppb
2026-08-12T17:30:00Z,1,35.36,39.85,39.453028291928916,-4.093028291928917,lightgbm,delta,fold_1,6h,ppb
2026-08-12T17:45:00Z,1,30.86,35.92,36.910582863984665,-6.0505828639846655,lightgbm,delta,fold_1,6h,ppb
2026-08-12T18:00:00Z,1,32.22,38.65,39.46383467287084,-7.24383467287084,lightgbm,delta,fold_1,6h,ppb
2026-08-12T18:15:00Z,1,32.08,43.76,38.66916633471563,-6.589166334715628,lightgbm,delta,fold_1,6h,ppb
2026-08-12T18:30:00Z,1,31.32,47.57,39.26828092977129,-7.948280929771286,lightgbm,delta,fold_1,6h,ppb
2026-08-12T18:45:00Z,1,33.29,55.19,38.13777431305621,-4.847774313056213,lightgbm,delta,fold_1,6h,ppb
2026-08-12T19:00:00Z,1,29.48,49.42,30.705576437809963,-1.2255764378099627,lightgbm,delta,fold_1,6h,ppb
2026-08-12T19:15:00Z,1,30.99,52.45,33.23641422397843,-2.24641422397843,lightgbm,delta,fold_1,6h,ppb
2026-08-12T19:30:00Z,1,32.33,60.41,41.41033239322677,-9.080332393226769,lightgbm,delta,fold_1,6h,ppb
2026-08-12T19:45:00Z,1,33.85,61.45,43.8049229737271,-9.9549229737271,lightgbm,delta,fold_1,6h,ppb
2026-08-12T20:00:00Z,1,32.97,62.96,45.179344506237534,-12.209344506237535,lightgbm,delta,fold_1,6h,ppb
2026-08-12T20:15:00Z,1,35.41,57.93,41.28821447658519,-5.8782144765851925,lightgbm,delta,fold_1,6h,ppb
2026-08-12T20:30:00Z,1,34.11,63.46,47.29140794425183,-13.18140794425183,lightgbm,delta,fold_1,6h,ppb
2026-08-12T20:45:00Z,1,32.79,51.85,39.490335300904604,-6.700335300904605,lightgbm,delta,fold_1,6h,ppb
2026-08-12T21:00:00Z,1,29.76,40.77,37.729174440920985,-7.969174440920984,lightgbm,delta,fold_1,6h,ppb
2026-08-12T21:15:00Z,1,31.51,41.7,38.60640957143154,-7.09640957143154,lightgbm,delta,fold_1,6h,ppb
2026-08-12T21:30:00Z,1,31.94,35.25,37.44879883593836,-5.508798835938361,lightgbm,delta,fold_1,6h,ppb
2026-08-12T21:45:00Z,1,29.44,33.45,39.06621618782205,-9.626216187822049,lightgbm,delta,fold_1,6h,ppb
2026-08-12T22:00:00Z,1,27.72,27.83,34.11620510140733,-6.3962051014073324,lightgbm,delta,fold_1,6h,ppb
2026-08-12T22:15:00Z,1,27.23,27.71,33.71630013498658,-6.486300134986582,lightgbm,delta,fold_1,6h,ppb
2026-08-12T22:30:00Z,1,27.79,34.59,36.583293921828655,-8.793293921828656,lightgbm,delta,fold_1,6h,ppb
2026-08-12T22:45:00Z,1,34.52,35.57,37.487856554134645,-2.9678565541346416,lightgbm,delta,fold_1,6h,ppb
2026-08-12T23:00:00Z,1,45.66,37.6,39.71319834866455,5.9468016513354485,lightgbm,delta,fold_1,6h,ppb
2026-08-12T23:15:00Z,1,49.3,35.92,38.112409511860704,11.187590488139293,lightgbm,delta,fold_1,6h,ppb
2026-08-12T23:30:00Z,1,51.36,35.36,49.861348945473964,1.4986510545260359,lightgbm,delta,fold_1,6h,ppb
2026-08-12T23:45:00Z,1,54.21,30.86,50.56105136960727,3.6489486303927308,lightgbm,delta,fold_1,6h,ppb
2026-08-13T00:00:00Z,1,51.38,32.22,67.11498812575638,-15.73498812575638,lightgbm,delta,fold_1,6h,ppb
2026-08-13T00:15:00Z,1,48.44,32.08,64.91468181302646,-16.474681813026464,lightgbm,delta,fold_1,6h,ppb
2026-08-13T00:30:00Z,1,54.98,31.32,65.84997060646913,-10.869970606469131,lightgbm,delta,fold_1,6h,ppb
2026-08-13T00:45:00Z,1,59.72,33.29,70.55150563967595,-10.831505639675953,lightgbm,delta,fold_1,6h,ppb
2026-08-13T01:00:00Z,1,62.92,29.48,63.429955011218226,-0.5099550112182243,lightgbm,delta,fold_1,6h,ppb
2026-08-13T01:15:00Z,1,64.11,30.99,67.51014780014447,-3.4001478001444667,lightgbm,delta,fold_1,6h,ppb
2026-08-13T01:30:00Z,1,67.42,32.33,69.8153419275948,-2.3953419275947994,lightgbm,delta,fold_1,6h,ppb
2026-08-13T01:45:00Z,1,71.78,33.85,72.81667705989175,-1.036677059891744,lightgbm,delta,fold_1,6h,ppb
2026-08-13T02:00:00Z,1,76.37,32.97,75.17006602803943,1.1999339719605757,lightgbm,delta,fold_1,6h,ppb
2026-08-13T02:15:00Z,1,82.5,35.41,76.55377348565665,5.946226514343351,lightgbm,delta,fold_1,6h,ppb
2026-08-13T02:30:00Z,1,65.1,34.11,77.33544552604687,-12.235445526046874,lightgbm,delta,fold_1,6h,ppb
2026-08-13T02:45:00Z,1,71.16,32.79,73.15887961400873,-1.9988796140087288,lightgbm,delta,fold_1,6h,ppb
2026-08-13T03:00:00Z,1,76.94,29.76,70.85029551496064,6.089704485039363,lightgbm,delta,fold_1,6h,ppb
2026-08-13T03:30:00Z,1,94.02,31.94,69.92120826239506,24.09879173760494,lightgbm,delta,fold_1,6h,ppb
2026-08-13T03:45:00Z,1,63.41,29.44,66.74879295011152,-3.338792950111525,lightgbm,delta,fold_1,6h,ppb
2026-08-13T04:00:00Z,1,61.62,27.72,60.60449394055383,1.0155060594461673,lightgbm,delta,fold_1,6h,ppb
2026-08-13T04:15:00Z,1,58.73,27.23,57.48273430990099,1.247265690099006,lightgbm,delta,fold_1,6h,ppb
2026-08-13T04:30:00Z,1,59.35,27.79,52.67887899776875,6.671121002231253,lightgbm,delta,fold_1,6h,ppb
2026-08-13T04:45:00Z,1,55.26,34.52,51.01166697165259,4.24833302834741,lightgbm,delta,fold_1,6h,ppb
2026-08-13T05:00:00Z,1,50.94,45.66,49.06055114996299,1.879448850037008,lightgbm,delta,fold_1,6h,ppb
2026-08-13T05:15:00Z,1,51.29,49.3,49.56408419493245,1.725915805067551,lightgbm,delta,fold_1,6h,ppb
2026-08-13T05:30:00Z,1,56.26,51.36,51.555704852013754,4.704295147986244,lightgbm,delta,fold_1,6h,ppb
2026-08-13T05:45:00Z,1,57.56,54.21,54.922803527596805,2.637196472403197,lightgbm,delta,fold_1,6h,ppb
2026-08-13T06:00:00Z,1,58.59,51.38,52.19213362659452,6.397866373405485,lightgbm,delta,fold_1,6h,ppb
2026-08-13T06:15:00Z,1,56.19,48.44,47.144187854586136,9.045812145413862,lightgbm,delta,fold_1,6h,ppb
2026-08-13T06:30:00Z,1,57.22,54.98,52.878430116493284,4.341569883506715,lightgbm,delta,fold_1,6h,ppb
2026-08-13T06:45:00Z,1,56.7,59.72,59.925910631247795,-3.2259106312477925,lightgbm,delta,fold_1,6h,ppb
2026-08-13T07:00:00Z,1,55.79,62.92,59.5858342509439,-3.795834250943898,lightgbm,delta,fold_1,6h,ppb
2026-08-13T07:15:00Z,1,58.16,64.11,59.06363770326352,-0.9036377032635201,lightgbm,delta,fold_1,6h,ppb
2026-08-13T07:30:00Z,1,56.51,67.42,60.42581501165672,-3.9158150116567185,lightgbm,delta,fold_1,6h,ppb
2026-08-13T07:45:00Z,1,51.79,71.78,56.44634589756468,-4.656345897564684,lightgbm,delta,fold_1,6h,ppb
2026-08-13T08:00:00Z,1,54.33,76.37,56.93099717760647,-2.600997177606473,lightgbm,delta,fold_1,6h,ppb
2026-08-13T08:15:00Z,1,55.45,82.5,56.900305322204126,-1.4503053222041231,lightgbm,delta,fold_1,6h,ppb
2026-08-13T08:30:00Z,1,62.14,65.1,53.61995160516231,8.520048394837687,lightgbm,delta,fold_1,6h,ppb
2026-08-13T08:45:00Z,1,62.84,71.16,55.41675603379814,7.423243966201866,lightgbm,delta,fold_1,6h,ppb
2026-08-13T09:00:00Z,1,56.07,76.94,56.25284382015436,-0.18284382015436051,lightgbm,delta,fold_1,6h,ppb
2026-08-13T09:30:00Z,1,48.71,94.02,69.72162996941594,-21.011629969415942,lightgbm,delta,fold_1,6h,ppb
2026-08-13T09:45:00Z,1,44.93,63.41,47.97530137766479,-3.045301377664792,lightgbm,delta,fold_1,6h,ppb
2026-08-13T10:00:00Z,1,44.03,61.62,49.73435654421225,-5.704356544212246,lightgbm,delta,fold_1,6h,ppb
2026-08-13T10:15:00Z,1,42.06,58.73,46.04129510700298,-3.9812951070029783,lightgbm,delta,fold_1,6h,ppb
2026-08-13T10:30:00Z,1,41.08,59.35,49.974506447136115,-8.894506447136116,lightgbm,delta,fold_1,6h,ppb
2026-08-13T10:45:00Z,1,45.3,55.26,44.15922341092263,1.140776589077369,lightgbm,delta,fold_1,6h,ppb
2026-08-13T11:00:00Z,1,44.81,50.94,43.20448279014719,1.6055172098528132,lightgbm,delta,fold_1,6h,ppb
2026-08-13T11:15:00Z,1,42.61,51.29,41.478093741588566,1.1319062584114334,lightgbm,delta,fold_1,6h,ppb
2026-08-13T11:30:00Z,1,44.56,56.26,43.35916084739671,1.2008391526032938,lightgbm,delta,fold_1,6h,ppb
2026-08-13T11:45:00Z,1,49.31,57.56,44.20711199450649,5.1028880054935115,lightgbm,delta,fold_1,6h,ppb
2026-08-13T12:00:00Z,1,49.88,58.59,44.84793792946344,5.032062070536561,lightgbm,delta,fold_1,6h,ppb
2026-08-13T12:15:00Z,1,50.85,56.19,44.22766265060708,6.622337349392922,lightgbm,delta,fold_1,6h,ppb
2026-08-13T12:30:00Z,1,47.39,57.22,52.094805544314276,-4.704805544314276,lightgbm,delta,fold_1,6h,ppb
2026-08-13T12:45:00Z,1,46.57,56.7,53.16460842699095,-6.594608426990952,lightgbm,delta,fold_1,6h,ppb
2026-08-13T13:00:00Z,1,44.97,55.79,55.22116110098965,-10.251161100989648,lightgbm,delta,fold_1,6h,ppb
2026-08-13T13:15:00Z,1,43.49,58.16,57.20613181455084,-13.716131814550835,lightgbm,delta,fold_1,6h,ppb
2026-08-13T13:30:00Z,1,46.27,56.51,57.64989010639165,-11.379890106391649,lightgbm,delta,fold_1,6h,ppb
2026-08-13T13:45:00Z,1,43.35,51.79,57.75903036455733,-14.409030364557331,lightgbm,delta,fold_1,6h,ppb
2026-08-13T14:00:00Z,1,47.04,54.33,55.88882074494429,-8.848820744944291,lightgbm,delta,fold_1,6h,ppb
2026-08-13T14:15:00Z,1,43.97,55.45,57.474381164860674,-13.504381164860675,lightgbm,delta,fold_1,6h,ppb
2026-08-13T14:30:00Z,1,49.85,62.14,58.06824583227816,-8.218245832278157,lightgbm,delta,fold_1,6h,ppb
2026-08-13T14:45:00Z,1,55.18,62.84,57.498856513692694,-2.318856513692694,lightgbm,delta,fold_1,6h,ppb
2026-08-13T15:00:00Z,1,56.96,56.07,55.71390153877155,1.2460984612284491,lightgbm,delta,fold_1,6h,ppb
2026-08-13T15:15:00Z,1,52.79,53.58,54.12484104912092,-1.334841049120918,lightgbm,delta,fold_1,6h,ppb
2026-08-13T15:30:00Z,1,53.75,48.71,56.22202112039837,-2.4720211203983666,lightgbm,delta,fold_1,6h,ppb
2026-08-13T15:45:00Z,1,51.27,44.93,56.63370829999459,-5.363708299994585,lightgbm,delta,fold_1,6h,ppb
2026-08-13T16:00:00Z,1,48.66,44.03,54.543592698033855,-5.883592698033858,lightgbm,delta,fold_1,6h,ppb
2026-08-13T16:15:00Z,1,47.56,42.06,49.81449483077919,-2.254494830779187,lightgbm,delta,fold_1,6h,ppb
2026-08-13T16:30:00Z,1,48.87,41.08,50.38149636369259,-1.5114963636925935,lightgbm,delta,fold_1,6h,ppb
2026-08-13T16:45:00Z,1,51.22,45.3,47.994472266309664,3.2255277336903347,lightgbm,delta,fold_1,6h,ppb
2026-08-13T17:00:00Z,1,55.39,44.81,44.26439466806578,11.125605331934217,lightgbm,delta,fold_1,6h,ppb
2026-08-13T17:15:00Z,1,56.84,42.61,42.40089043849738,14.439109561502626,lightgbm,delta,fold_1,6h,ppb
2026-08-13T17:30:00Z,1,52.78,44.56,45.21764334606569,7.562356653934309,lightgbm,delta,fold_1,6h,ppb
2026-08-13T17:45:00Z,1,50.54,49.31,47.54515684474337,2.994843155256632,lightgbm,delta,fold_1,6h,ppb
2026-08-13T18:00:00Z,1,51.84,49.88,42.99974849456311,8.840251505436896,lightgbm,delta,fold_1,6h,ppb
2026-08-13T18:15:00Z,1,50.6,50.85,43.01921108254013,7.58078891745987,lightgbm,delta,fold_1,6h,ppb
2026-08-13T18:30:00Z,1,46.86,47.39,43.46601037668025,3.3939896233197473,lightgbm,delta,fold_1,6h,ppb
2026-08-13T18:45:00Z,1,46.9,46.57,41.63680516108965,5.263194838910351,lightgbm,delta,fold_1,6h,ppb
2026-08-13T19:00:00Z,1,50.73,44.97,38.22853782809819,12.501462171901807,lightgbm,delta,fold_1,6h,ppb
2026-08-13T19:15:00Z,1,54.17,43.49,37.42795709473292,16.742042905267084,lightgbm,delta,fold_1,6h,ppb
2026-08-13T19:30:00Z,1,52.26,46.27,37.01725189949511,15.24274810050489,lightgbm,delta,fold_1,6h,ppb
2026-08-13T19:45:00Z,1,55.75,43.35,35.94981263816069,19.800187361839313,lightgbm,delta,fold_1,6h,ppb
2026-08-13T20:00:00Z,1,55.64,47.04,39.25473612092884,16.38526387907116,lightgbm,delta,fold_1,6h,ppb
2026-08-13T20:15:00Z,1,55.45,43.97,38.0469905751469,17.403009424853103,lightgbm,delta,fold_1,6h,ppb
2026-08-13T20:30:00Z,1,55.32,49.85,38.70072424936526,16.619275750634742,lightgbm,delta,fold_1,6h,ppb
2026-08-13T20:45:00Z,1,56.2,55.18,41.75772934469089,14.442270655309116,lightgbm,delta,fold_1,6h,ppb
2026-08-13T21:00:00Z,1,59.28,56.96,41.566120960792915,17.713879039207086,lightgbm,delta,fold_1,6h,ppb
2026-08-13T21:15:00Z,1,58.89,52.79,38.38958139759178,20.500418602408217,lightgbm,delta,fold_1,6h,ppb
2026-08-13T21:30:00Z,1,58.46,53.75,39.79679040364132,18.663209596358683,lightgbm,delta,fold_1,6h,ppb
2026-08-13T21:45:00Z,1,56.52,51.27,38.982212001440104,17.5377879985599,lightgbm,delta,fold_1,6h,ppb
2026-08-13T22:00:00Z,1,59.14,48.66,43.520556809106836,15.619443190893165,lightgbm,delta,fold_1,6h,ppb
2026-08-13T22:15:00Z,1,61.44,47.56,47.03616487751576,14.403835122484239,lightgbm,delta,fold_1,6h,ppb
2026-08-13T22:30:00Z,1,63.72,48.87,43.64740757596396,20.07259242403604,lightgbm,delta,fold_1,6h,ppb
2026-08-13T22:45:00Z,1,65.94,51.22,44.929866733761635,21.010133266238363,lightgbm,delta,fold_1,6h,ppb
2026-08-13T23:00:00Z,1,65.1,55.39,48.07971533276152,17.02028466723847,lightgbm,delta,fold_1,6h,ppb
2026-08-13T23:15:00Z,1,68.51,56.84,49.857856257450074,18.65214374254993,lightgbm,delta,fold_1,6h,ppb
2026-08-13T23:30:00Z,1,69.36,52.78,46.36674032113774,22.99325967886226,lightgbm,delta,fold_1,6h,ppb
2026-08-13T23:45:00Z,1,71.93,50.54,45.28898152744861,26.641018472551394,lightgbm,delta,fold_1,6h,ppb
2026-08-14T00:00:00Z,1,70.96,51.84,51.84,19.11999999999999,persistence,absolute,fold_2,6h,ppb
2026-08-14T00:15:00Z,1,72.37,50.6,50.6,21.770000000000003,persistence,absolute,fold_2,6h,ppb
2026-08-14T00:30:00Z,1,75.49,46.86,46.86,28.629999999999995,persistence,absolute,fold_2,6h,ppb
2026-08-14T00:45:00Z,1,77.66,46.9,46.9,30.759999999999998,persistence,absolute,fold_2,6h,ppb
2026-08-14T01:00:00Z,1,76.59,50.73,50.73,25.860000000000007,persistence,absolute,fold_2,6h,ppb
2026-08-14T01:15:00Z,1,82.2,54.17,54.17,28.03,persistence,absolute,fold_2,6h,ppb
2026-08-14T01:30:00Z,1,84.8,52.26,52.26,32.54,persistence,absolute,fold_2,6h,ppb
2026-08-14T01:45:00Z,1,81.27,55.75,55.75,25.519999999999996,persistence,absolute,fold_2,6h,ppb
2026-08-14T02:00:00Z,1,85.15,55.64,55.64,29.510000000000005,persistence,absolute,fold_2,6h,ppb
2026-08-14T02:15:00Z,1,85.09,55.45,55.45,29.64,persistence,absolute,fold_2,6h,ppb
2026-08-14T02:30:00Z,1,81.1,55.32,55.32,25.779999999999994,persistence,absolute,fold_2,6h,ppb
2026-08-14T02:45:00Z,1,75.37,56.2,56.2,19.17,persistence,absolute,fold_2,6h,ppb
2026-08-14T03:00:00Z,1,76.54,59.28,59.28,17.260000000000005,persistence,absolute,fold_2,6h,ppb
2026-08-14T03:15:00Z,1,70.15,58.89,58.89,11.260000000000005,persistence,absolute,fold_2,6h,ppb
2026-08-14T03:30:00Z,1,70.49,58.46,58.46,12.029999999999994,persistence,absolute,fold_2,6h,ppb
2026-08-14T03:45:00Z,1,73.01,56.52,56.52,16.490000000000002,persistence,absolute,fold_2,6h,ppb
2026-08-14T04:00:00Z,1,71.21,59.14,59.14,12.069999999999993,persistence,absolute,fold_2,6h,ppb
2026-08-14T04:15:00Z,1,69.34,61.44,61.44,7.900000000000006,persistence,absolute,fold_2,6h,ppb
2026-08-14T04:30:00Z,1,69.63,63.72,63.72,5.909999999999997,persistence,absolute,fold_2,6h,ppb
2026-08-14T04:45:00Z,1,66.46,65.94,65.94,0.519999999999996,persistence,absolute,fold_2,6h,ppb
2026-08-14T05:00:00Z,1,68.05,65.1,65.1,2.950000000000003,persistence,absolute,fold_2,6h,ppb
2026-08-14T05:15:00Z,1,72.85,68.51,68.51,4.339999999999989,persistence,absolute,fold_2,6h,ppb
2026-08-14T05:30:00Z,1,72.55,69.36,69.36,3.1899999999999977,persistence,absolute,fold_2,6h,ppb
2026-08-14T05:45:00Z,1,72.41,71.93,71.93,0.47999999999998977,persistence,absolute,fold_2,6h,ppb
2026-08-14T06:00:00Z,1,69.86,70.96,70.96,-1.0999999999999943,persistence,absolute,fold_2,6h,ppb
2026-08-14T06:15:00Z,1,67.39,72.37,72.37,-4.980000000000004,persistence,absolute,fold_2,6h,ppb
2026-08-14T06:30:00Z,1,67.0,75.49,75.49,-8.489999999999995,persistence,absolute,fold_2,6h,ppb
2026-08-14T06:45:00Z,1,71.15,77.66,77.66,-6.509999999999991,persistence,absolute,fold_2,6h,ppb
2026-08-14T07:00:00Z,1,73.54,76.59,76.59,-3.049999999999997,persistence,absolute,fold_2,6h,ppb
2026-08-14T07:15:00Z,1,68.46,82.2,82.2,-13.740000000000009,persistence,absolute,fold_2,6h,ppb
2026-08-14T07:30:00Z,1,71.74,84.8,84.8,-13.060000000000002,persistence,absolute,fold_2,6h,ppb
2026-08-14T07:45:00Z,1,68.38,81.27,81.27,-12.89,persistence,absolute,fold_2,6h,ppb
2026-08-14T08:00:00Z,1,71.66,85.15,85.15,-13.490000000000009,persistence,absolute,fold_2,6h,ppb
2026-08-14T08:15:00Z,1,65.99,85.09,85.09,-19.10000000000001,persistence,absolute,fold_2,6h,ppb
2026-08-14T08:30:00Z,1,72.39,81.1,81.1,-8.709999999999994,persistence,absolute,fold_2,6h,ppb
2026-08-14T08:45:00Z,1,72.06,75.37,75.37,-3.3100000000000023,persistence,absolute,fold_2,6h,ppb
2026-08-14T09:00:00Z,1,71.62,76.54,76.54,-4.920000000000002,persistence,absolute,fold_2,6h,ppb
2026-08-14T09:15:00Z,1,68.08,70.15,70.15,-2.0700000000000074,persistence,absolute,fold_2,6h,ppb
2026-08-14T09:30:00Z,1,69.28,70.49,70.49,-1.2099999999999937,persistence,absolute,fold_2,6h,ppb
2026-08-14T09:45:00Z,1,65.11,73.01,73.01,-7.900000000000006,persistence,absolute,fold_2,6h,ppb
2026-08-14T10:00:00Z,1,61.9,71.21,71.21,-9.309999999999995,persistence,absolute,fold_2,6h,ppb
2026-08-14T10:15:00Z,1,70.95,69.34,69.34,1.6099999999999994,persistence,absolute,fold_2,6h,ppb
2026-08-14T10:30:00Z,1,72.11,69.63,69.63,2.480000000000004,persistence,absolute,fold_2,6h,ppb
2026-08-14T10:45:00Z,1,70.63,66.46,66.46,4.170000000000002,persistence,absolute,fold_2,6h,ppb
2026-08-14T11:00:00Z,1,70.88,68.05,68.05,2.8299999999999983,persistence,absolute,fold_2,6h,ppb
2026-08-14T11:15:00Z,1,66.28,72.85,72.85,-6.569999999999993,persistence,absolute,fold_2,6h,ppb
2026-08-14T11:30:00Z,1,61.48,72.55,72.55,-11.07,persistence,absolute,fold_2,6h,ppb
2026-08-14T11:45:00Z,1,61.2,72.41,72.41,-11.209999999999994,persistence,absolute,fold_2,6h,ppb
2026-08-14T12:00:00Z,1,60.82,69.86,69.86,-9.04,persistence,absolute,fold_2,6h,ppb
2026-08-14T12:15:00Z,1,60.26,67.39,67.39,-7.130000000000003,persistence,absolute,fold_2,6h,ppb
2026-08-14T12:30:00Z,1,66.46,67.0,67.0,-0.5400000000000063,persistence,absolute,fold_2,6h,ppb
2026-08-14T12:45:00Z,1,66.83,71.15,71.15,-4.320000000000007,persistence,absolute,fold_2,6h,ppb
2026-08-14T13:00:00Z,1,65.55,73.54,73.54,-7.990000000000009,persistence,absolute,fold_2,6h,ppb
2026-08-14T13:15:00Z,1,61.92,68.46,68.46,-6.539999999999992,persistence,absolute,fold_2,6h,ppb
2026-08-14T13:30:00Z,1,62.59,71.74,71.74,-9.149999999999991,persistence,absolute,fold_2,6h,ppb
2026-08-14T13:45:00Z,1,60.11,68.38,68.38,-8.269999999999996,persistence,absolute,fold_2,6h,ppb
2026-08-14T14:00:00Z,1,64.79,71.66,71.66,-6.86999999999999,persistence,absolute,fold_2,6h,ppb
2026-08-14T14:15:00Z,1,67.05,65.99,65.99,1.0600000000000023,persistence,absolute,fold_2,6h,ppb
2026-08-14T14:30:00Z,1,60.82,72.39,72.39,-11.57,persistence,absolute,fold_2,6h,ppb
2026-08-14T14:45:00Z,1,60.86,72.06,72.06,-11.200000000000003,persistence,absolute,fold_2,6h,ppb
2026-08-14T15:00:00Z,1,60.92,71.62,71.62,-10.700000000000003,persistence,absolute,fold_2,6h,ppb
2026-08-14T15:15:00Z,1,61.03,68.08,68.08,-7.049999999999997,persistence,absolute,fold_2,6h,ppb
2026-08-14T15:30:00Z,1,62.01,69.28,69.28,-7.270000000000003,persistence,absolute,fold_2,6h,ppb
2026-08-14T15:45:00Z,1,56.74,65.11,65.11,-8.369999999999997,persistence,absolute,fold_2,6h,ppb
2026-08-14T16:00:00Z,1,53.71,61.9,61.9,-8.189999999999998,persistence,absolute,fold_2,6h,ppb
2026-08-14T16:15:00Z,1,55.06,70.95,70.95,-15.89,persistence,absolute,fold_2,6h,ppb
2026-08-14T16:30:00Z,1,58.08,72.11,72.11,-14.030000000000001,persistence,absolute,fold_2,6h,ppb
2026-08-14T16:45:00Z,1,61.06,70.63,70.63,-9.569999999999993,persistence,absolute,fold_2,6h,ppb
2026-08-14T17:00:00Z,1,63.26,70.88,70.88,-7.619999999999997,persistence,absolute,fold_2,6h,ppb
2026-08-14T17:15:00Z,1,66.64,66.28,66.28,0.35999999999999943,persistence,absolute,fold_2,6h,ppb
2026-08-14T17:30:00Z,1,67.18,61.48,61.48,5.70000000000001,persistence,absolute,fold_2,6h,ppb
2026-08-14T17:45:00Z,1,63.89,61.2,61.2,2.6899999999999977,persistence,absolute,fold_2,6h,ppb
2026-08-14T18:00:00Z,1,65.95,60.82,60.82,5.130000000000003,persistence,absolute,fold_2,6h,ppb
2026-08-14T18:15:00Z,1,64.55,60.26,60.26,4.289999999999999,persistence,absolute,fold_2,6h,ppb
2026-08-14T18:30:00Z,1,65.7,66.46,66.46,-0.7599999999999909,persistence,absolute,fold_2,6h,ppb
2026-08-14T18:45:00Z,1,64.64,66.83,66.83,-2.1899999999999977,persistence,absolute,fold_2,6h,ppb
2026-08-14T19:00:00Z,1,66.1,65.55,65.55,0.5499999999999972,persistence,absolute,fold_2,6h,ppb
2026-08-14T19:15:00Z,1,68.39,61.92,61.92,6.469999999999999,persistence,absolute,fold_2,6h,ppb
2026-08-14T19:30:00Z,1,64.9,62.59,62.59,2.3100000000000023,persistence,absolute,fold_2,6h,ppb
2026-08-14T19:45:00Z,1,66.53,60.11,60.11,6.420000000000002,persistence,absolute,fold_2,6h,ppb
2026-08-14T20:00:00Z,1,66.02,64.79,64.79,1.2299999999999898,persistence,absolute,fold_2,6h,ppb
2026-08-14T20:15:00Z,1,62.3,67.05,67.05,-4.75,persistence,absolute,fold_2,6h,ppb
2026-08-14T20:30:00Z,1,62.53,60.82,60.82,1.7100000000000009,persistence,absolute,fold_2,6h,ppb
2026-08-14T20:45:00Z,1,61.58,60.86,60.86,0.7199999999999989,persistence,absolute,fold_2,6h,ppb
2026-08-14T21:00:00Z,1,62.34,60.92,60.92,1.4200000000000017,persistence,absolute,fold_2,6h,ppb
2026-08-14T21:15:00Z,1,62.61,61.03,61.03,1.5799999999999983,persistence,absolute,fold_2,6h,ppb
2026-08-14T21:30:00Z,1,58.56,62.01,62.01,-3.4499999999999957,persistence,absolute,fold_2,6h,ppb
2026-08-14T21:45:00Z,1,61.81,56.74,56.74,5.07,persistence,absolute,fold_2,6h,ppb
2026-08-14T22:00:00Z,1,61.24,53.71,53.71,7.530000000000001,persistence,absolute,fold_2,6h,ppb
2026-08-14T22:15:00Z,1,62.41,55.06,55.06,7.349999999999994,persistence,absolute,fold_2,6h,ppb
2026-08-14T22:30:00Z,1,63.72,58.08,58.08,5.640000000000001,persistence,absolute,fold_2,6h,ppb
2026-08-14T22:45:00Z,1,63.52,61.06,61.06,2.460000000000001,persistence,absolute,fold_2,6h,ppb
2026-08-14T23:00:00Z,1,67.33,63.26,63.26,4.07,persistence,absolute,fold_2,6h,ppb
2026-08-14T23:15:00Z,1,71.46,66.64,66.64,4.819999999999993,persistence,absolute,fold_2,6h,ppb
2026-08-14T23:30:00Z,1,75.36,67.18,67.18,8.179999999999993,persistence,absolute,fold_2,6h,ppb
2026-08-14T23:45:00Z,1,75.47,63.89,63.89,11.579999999999998,persistence,absolute,fold_2,6h,ppb
2026-08-15T00:00:00Z,1,78.47,65.95,65.95,12.519999999999996,persistence,absolute,fold_2,6h,ppb
2026-08-15T00:15:00Z,1,79.02,64.55,64.55,14.469999999999999,persistence,absolute,fold_2,6h,ppb
2026-08-15T00:30:00Z,1,78.87,65.7,65.7,13.170000000000002,persistence,absolute,fold_2,6h,ppb
2026-08-15T00:45:00Z,1,83.35,64.64,64.64,18.709999999999994,persistence,absolute,fold_2,6h,ppb
2026-08-15T01:00:00Z,1,77.87,66.1,66.1,11.77000000000001,persistence,absolute,fold_2,6h,ppb
2026-08-15T01:15:00Z,1,77.36,68.39,68.39,8.969999999999999,persistence,absolute,fold_2,6h,ppb
2026-08-15T01:30:00Z,1,79.84,64.9,64.9,14.939999999999998,persistence,absolute,fold_2,6h,ppb
2026-08-15T01:45:00Z,1,73.52,66.53,66.53,6.989999999999995,persistence,absolute,fold_2,6h,ppb
2026-08-15T02:00:00Z,1,77.61,66.02,66.02,11.590000000000003,persistence,absolute,fold_2,6h,ppb
2026-08-15T02:15:00Z,1,89.18,62.3,62.3,26.88000000000001,persistence,absolute,fold_2,6h,ppb
2026-08-15T02:30:00Z,1,75.48,62.53,62.53,12.950000000000003,persistence,absolute,fold_2,6h,ppb
2026-08-15T02:45:00Z,1,76.89,61.58,61.58,15.310000000000002,persistence,absolute,fold_2,6h,ppb
2026-08-15T03:00:00Z,1,70.72,62.34,62.34,8.379999999999995,persistence,absolute,fold_2,6h,ppb
2026-08-15T03:15:00Z,1,68.61,62.61,62.61,6.0,persistence,absolute,fold_2,6h,ppb
2026-08-15T03:30:00Z,1,67.63,58.56,58.56,9.069999999999993,persistence,absolute,fold_2,6h,ppb
2026-08-15T03:45:00Z,1,67.46,61.81,61.81,5.6499999999999915,persistence,absolute,fold_2,6h,ppb
2026-08-15T04:00:00Z,1,63.91,61.24,61.24,2.6699999999999946,persistence,absolute,fold_2,6h,ppb
2026-08-15T04:15:00Z,1,64.94,62.41,62.41,2.530000000000001,persistence,absolute,fold_2,6h,ppb
2026-08-15T04:30:00Z,1,67.96,63.72,63.72,4.239999999999995,persistence,absolute,fold_2,6h,ppb
2026-08-15T04:45:00Z,1,60.45,63.52,63.52,-3.0700000000000003,persistence,absolute,fold_2,6h,ppb
2026-08-15T05:00:00Z,1,59.92,67.33,67.33,-7.409999999999997,persistence,absolute,fold_2,6h,ppb
2026-08-15T05:15:00Z,1,62.83,71.46,71.46,-8.629999999999995,persistence,absolute,fold_2,6h,ppb
2026-08-15T05:30:00Z,1,61.5,75.36,75.36,-13.86,persistence,absolute,fold_2,6h,ppb
2026-08-15T05:45:00Z,1,58.06,75.47,75.47,-17.409999999999997,persistence,absolute,fold_2,6h,ppb
2026-08-15T06:00:00Z,1,58.67,78.47,78.47,-19.799999999999997,persistence,absolute,fold_2,6h,ppb
2026-08-15T06:15:00Z,1,60.33,79.02,79.02,-18.689999999999998,persistence,absolute,fold_2,6h,ppb
2026-08-15T06:30:00Z,1,58.11,78.87,78.87,-20.760000000000005,persistence,absolute,fold_2,6h,ppb
2026-08-15T06:45:00Z,1,60.08,83.35,83.35,-23.269999999999996,persistence,absolute,fold_2,6h,ppb
2026-08-15T07:00:00Z,1,56.55,77.87,77.87,-21.320000000000007,persistence,absolute,fold_2,6h,ppb
2026-08-15T07:15:00Z,1,58.75,77.36,77.36,-18.61,persistence,absolute,fold_2,6h,ppb
2026-08-15T07:30:00Z,1,62.14,79.84,79.84,-17.700000000000003,persistence,absolute,fold_2,6h,ppb
2026-08-15T07:45:00Z,1,60.59,73.52,73.52,-12.929999999999993,persistence,absolute,fold_2,6h,ppb
2026-08-15T08:00:00Z,1,61.66,77.61,77.61,-15.950000000000003,persistence,absolute,fold_2,6h,ppb
2026-08-15T08:15:00Z,1,59.57,89.18,89.18,-29.610000000000007,persistence,absolute,fold_2,6h,ppb
2026-08-15T08:30:00Z,1,59.96,75.48,75.48,-15.520000000000003,persistence,absolute,fold_2,6h,ppb
2026-08-15T08:45:00Z,1,58.57,76.89,76.89,-18.32,persistence,absolute,fold_2,6h,ppb
2026-08-15T09:00:00Z,1,55.1,70.72,70.72,-15.619999999999997,persistence,absolute,fold_2,6h,ppb
2026-08-15T09:15:00Z,1,50.0,68.61,68.61,-18.61,persistence,absolute,fold_2,6h,ppb
2026-08-15T09:30:00Z,1,50.28,67.63,67.63,-17.349999999999994,persistence,absolute,fold_2,6h,ppb
2026-08-15T09:45:00Z,1,44.35,67.46,67.46,-23.109999999999992,persistence,absolute,fold_2,6h,ppb
2026-08-15T10:00:00Z,1,38.79,63.91,63.91,-25.119999999999997,persistence,absolute,fold_2,6h,ppb
2026-08-15T10:15:00Z,1,42.36,64.94,64.94,-22.58,persistence,absolute,fold_2,6h,ppb
2026-08-15T10:30:00Z,1,46.28,67.96,67.96,-21.679999999999993,persistence,absolute,fold_2,6h,ppb
2026-08-15T10:45:00Z,1,43.04,60.45,60.45,-17.410000000000004,persistence,absolute,fold_2,6h,ppb
2026-08-15T11:00:00Z,1,42.59,59.92,59.92,-17.33,persistence,absolute,fold_2,6h,ppb
2026-08-15T11:15:00Z,1,42.11,62.83,62.83,-20.72,persistence,absolute,fold_2,6h,ppb
2026-08-15T11:30:00Z,1,39.44,61.5,61.5,-22.060000000000002,persistence,absolute,fold_2,6h,ppb
2026-08-15T11:45:00Z,1,42.47,58.06,58.06,-15.590000000000003,persistence,absolute,fold_2,6h,ppb
2026-08-15T12:00:00Z,1,52.16,58.67,58.67,-6.510000000000005,persistence,absolute,fold_2,6h,ppb
2026-08-15T12:15:00Z,1,48.38,60.33,60.33,-11.949999999999996,persistence,absolute,fold_2,6h,ppb
2026-08-15T12:30:00Z,1,45.7,58.11,58.11,-12.409999999999997,persistence,absolute,fold_2,6h,ppb
2026-08-15T12:45:00Z,1,49.64,60.08,60.08,-10.439999999999998,persistence,absolute,fold_2,6h,ppb
2026-08-15T13:00:00Z,1,56.96,56.55,56.55,0.4100000000000037,persistence,absolute,fold_2,6h,ppb
2026-08-15T13:15:00Z,1,56.06,58.75,58.75,-2.6899999999999977,persistence,absolute,fold_2,6h,ppb
2026-08-15T13:30:00Z,1,54.96,62.14,62.14,-7.18,persistence,absolute,fold_2,6h,ppb
2026-08-15T13:45:00Z,1,58.35,60.59,60.59,-2.240000000000002,persistence,absolute,fold_2,6h,ppb
2026-08-15T14:00:00Z,1,60.68,61.66,61.66,-0.9799999999999969,persistence,absolute,fold_2,6h,ppb
2026-08-15T14:15:00Z,1,52.01,59.57,59.57,-7.560000000000002,persistence,absolute,fold_2,6h,ppb
2026-08-15T14:30:00Z,1,51.98,59.96,59.96,-7.980000000000004,persistence,absolute,fold_2,6h,ppb
2026-08-15T14:45:00Z,1,59.29,58.57,58.57,0.7199999999999989,persistence,absolute,fold_2,6h,ppb
2026-08-15T15:00:00Z,1,58.24,55.1,55.1,3.1400000000000006,persistence,absolute,fold_2,6h,ppb
2026-08-15T15:15:00Z,1,58.81,50.0,50.0,8.810000000000002,persistence,absolute,fold_2,6h,ppb
2026-08-15T15:30:00Z,1,52.45,50.28,50.28,2.1700000000000017,persistence,absolute,fold_2,6h,ppb
2026-08-15T15:45:00Z,1,51.19,44.35,44.35,6.839999999999996,persistence,absolute,fold_2,6h,ppb
2026-08-15T16:00:00Z,1,55.02,38.79,38.79,16.230000000000004,persistence,absolute,fold_2,6h,ppb
2026-08-15T16:15:00Z,1,56.93,42.36,42.36,14.57,persistence,absolute,fold_2,6h,ppb
2026-08-15T16:30:00Z,1,56.08,46.28,46.28,9.799999999999997,persistence,absolute,fold_2,6h,ppb
2026-08-15T16:45:00Z,1,56.68,43.04,43.04,13.64,persistence,absolute,fold_2,6h,ppb
2026-08-15T17:00:00Z,1,54.6,42.59,42.59,12.009999999999998,persistence,absolute,fold_2,6h,ppb
2026-08-15T17:15:00Z,1,53.13,42.11,42.11,11.020000000000003,persistence,absolute,fold_2,6h,ppb
2026-08-15T17:30:00Z,1,54.81,39.44,39.44,15.370000000000005,persistence,absolute,fold_2,6h,ppb
2026-08-15T17:45:00Z,1,52.71,42.47,42.47,10.240000000000002,persistence,absolute,fold_2,6h,ppb
2026-08-15T18:00:00Z,1,55.7,52.16,52.16,3.5400000000000063,persistence,absolute,fold_2,6h,ppb
2026-08-15T18:15:00Z,1,56.93,48.38,48.38,8.549999999999997,persistence,absolute,fold_2,6h,ppb
2026-08-15T18:30:00Z,1,62.43,45.7,45.7,16.729999999999997,persistence,absolute,fold_2,6h,ppb
2026-08-15T18:45:00Z,1,64.04,49.64,49.64,14.400000000000006,persistence,absolute,fold_2,6h,ppb
2026-08-15T19:00:00Z,1,57.13,56.96,56.96,0.1700000000000017,persistence,absolute,fold_2,6h,ppb
2026-08-15T19:15:00Z,1,49.06,56.06,56.06,-7.0,persistence,absolute,fold_2,6h,ppb
2026-08-15T19:30:00Z,1,45.1,54.96,54.96,-9.86,persistence,absolute,fold_2,6h,ppb
2026-08-15T19:45:00Z,1,43.27,58.35,58.35,-15.079999999999998,persistence,absolute,fold_2,6h,ppb
2026-08-15T20:00:00Z,1,41.52,60.68,60.68,-19.159999999999997,persistence,absolute,fold_2,6h,ppb
2026-08-15T20:15:00Z,1,38.79,52.01,52.01,-13.219999999999999,persistence,absolute,fold_2,6h,ppb
2026-08-15T20:30:00Z,1,31.45,51.98,51.98,-20.529999999999998,persistence,absolute,fold_2,6h,ppb
2026-08-15T20:45:00Z,1,36.15,59.29,59.29,-23.14,persistence,absolute,fold_2,6h,ppb
2026-08-15T21:00:00Z,1,36.31,58.24,58.24,-21.93,persistence,absolute,fold_2,6h,ppb
2026-08-15T21:15:00Z,1,34.12,58.81,58.81,-24.690000000000005,persistence,absolute,fold_2,6h,ppb
2026-08-15T21:30:00Z,1,28.27,52.45,52.45,-24.180000000000003,persistence,absolute,fold_2,6h,ppb
2026-08-15T21:45:00Z,1,35.54,51.19,51.19,-15.649999999999999,persistence,absolute,fold_2,6h,ppb
2026-08-15T22:00:00Z,1,39.04,55.02,55.02,-15.980000000000004,persistence,absolute,fold_2,6h,ppb
2026-08-15T22:15:00Z,1,37.95,56.93,56.93,-18.979999999999997,persistence,absolute,fold_2,6h,ppb
2026-08-15T22:30:00Z,1,38.09,56.08,56.08,-17.989999999999995,persistence,absolute,fold_2,6h,ppb
2026-08-15T22:45:00Z,1,37.46,56.68,56.68,-19.22,persistence,absolute,fold_2,6h,ppb
2026-08-15T23:00:00Z,1,59.29,54.6,54.6,4.689999999999998,persistence,absolute,fold_2,6h,ppb
2026-08-15T23:15:00Z,1,69.16,53.13,53.13,16.029999999999994,persistence,absolute,fold_2,6h,ppb
2026-08-15T23:30:00Z,1,65.11,54.81,54.81,10.299999999999997,persistence,absolute,fold_2,6h,ppb
2026-08-15T23:45:00Z,1,65.11,52.71,52.71,12.399999999999999,persistence,absolute,fold_2,6h,ppb
2026-08-14T00:00:00Z,1,70.96,51.84,63.725347486772506,7.234652513227488,random_forest,absolute,fold_2,6h,ppb
2026-08-14T00:15:00Z,1,72.37,50.6,63.90324034391533,8.466759656084676,random_forest,absolute,fold_2,6h,ppb
2026-08-14T00:30:00Z,1,75.49,46.86,61.78913584656083,13.700864153439163,random_forest,absolute,fold_2,6h,ppb
2026-08-14T00:45:00Z,1,77.66,46.9,62.00035925925925,15.659640740740748,random_forest,absolute,fold_2,6h,ppb
2026-08-14T01:00:00Z,1,76.59,50.73,62.7883283068783,13.801671693121705,random_forest,absolute,fold_2,6h,ppb
2026-08-14T01:15:00Z,1,82.2,54.17,64.31128990299824,17.888710097001763,random_forest,absolute,fold_2,6h,ppb
2026-08-14T01:30:00Z,1,84.8,52.26,66.79729309964725,18.00270690035275,random_forest,absolute,fold_2,6h,ppb
2026-08-14T01:45:00Z,1,81.27,55.75,67.37476347001763,13.89523652998237,random_forest,absolute,fold_2,6h,ppb
2026-08-14T02:00:00Z,1,85.15,55.64,65.05777603615519,20.092223963844816,random_forest,absolute,fold_2,6h,ppb
2026-08-14T02:15:00Z,1,85.09,55.45,63.928617372134035,21.16138262786597,random_forest,absolute,fold_2,6h,ppb
2026-08-14T02:30:00Z,1,81.1,55.32,65.09181446208112,16.008185537918877,random_forest,absolute,fold_2,6h,ppb
2026-08-14T02:45:00Z,1,75.37,56.2,68.55525427689594,6.814745723104068,random_forest,absolute,fold_2,6h,ppb
2026-08-14T03:00:00Z,1,76.54,59.28,68.57291164021159,7.96708835978842,random_forest,absolute,fold_2,6h,ppb
2026-08-14T03:15:00Z,1,70.15,58.89,67.67612248677243,2.4738775132275777,random_forest,absolute,fold_2,6h,ppb
2026-08-14T03:30:00Z,1,70.49,58.46,68.60410138888884,1.885898611111159,random_forest,absolute,fold_2,6h,ppb
2026-08-14T03:45:00Z,1,73.01,56.52,65.79888747795412,7.21111252204588,random_forest,absolute,fold_2,6h,ppb
2026-08-14T04:00:00Z,1,71.21,59.14,63.572795929533406,7.637204070466588,random_forest,absolute,fold_2,6h,ppb
2026-08-14T04:15:00Z,1,69.34,61.44,62.77615155122655,6.563848448773456,random_forest,absolute,fold_2,6h,ppb
2026-08-14T04:30:00Z,1,69.63,63.72,61.563058840388024,8.066941159611972,random_forest,absolute,fold_2,6h,ppb
2026-08-14T04:45:00Z,1,66.46,65.94,61.84096856261022,4.619031437389772,random_forest,absolute,fold_2,6h,ppb
2026-08-14T05:00:00Z,1,68.05,65.1,61.46647823565323,6.58352176434677,random_forest,absolute,fold_2,6h,ppb
2026-08-14T05:15:00Z,1,72.85,68.51,61.77003379922545,11.079966200774543,random_forest,absolute,fold_2,6h,ppb
2026-08-14T05:30:00Z,1,72.55,69.36,61.93519963616628,10.614800363833716,random_forest,absolute,fold_2,6h,ppb
2026-08-14T05:45:00Z,1,72.41,71.93,60.908674443766074,11.501325556233922,random_forest,absolute,fold_2,6h,ppb
2026-08-14T06:00:00Z,1,69.86,70.96,60.871150319587805,8.988849680412194,random_forest,absolute,fold_2,6h,ppb
2026-08-14T06:15:00Z,1,67.39,72.37,60.30419516085763,7.085804839142369,random_forest,absolute,fold_2,6h,ppb
2026-08-14T06:30:00Z,1,67.0,75.49,60.38357743598993,6.6164225640100724,random_forest,absolute,fold_2,6h,ppb
2026-08-14T06:45:00Z,1,71.15,77.66,60.47863082103082,10.671369178969186,random_forest,absolute,fold_2,6h,ppb
2026-08-14T07:00:00Z,1,73.54,76.59,60.199231019751856,13.34076898024815,random_forest,absolute,fold_2,6h,ppb
2026-08-14T07:15:00Z,1,68.46,82.2,60.305651445313956,8.154348554686038,random_forest,absolute,fold_2,6h,ppb
2026-08-14T07:30:00Z,1,71.74,84.8,60.354752539590066,11.385247460409929,random_forest,absolute,fold_2,6h,ppb
2026-08-14T07:45:00Z,1,68.38,81.27,60.50296362433863,7.877036375661362,random_forest,absolute,fold_2,6h,ppb
2026-08-14T08:00:00Z,1,71.66,85.15,61.428617548500895,10.231382451499101,random_forest,absolute,fold_2,6h,ppb
2026-08-14T08:15:00Z,1,65.99,85.09,61.775203461199304,4.214796538800691,random_forest,absolute,fold_2,6h,ppb
2026-08-14T08:30:00Z,1,72.39,81.1,62.08493267195765,10.305067328042348,random_forest,absolute,fold_2,6h,ppb
2026-08-14T08:45:00Z,1,72.06,75.37,61.91866199294531,10.141338007054692,random_forest,absolute,fold_2,6h,ppb
2026-08-14T09:00:00Z,1,71.62,76.54,61.041903824724656,10.578096175275348,random_forest,absolute,fold_2,6h,ppb
2026-08-14T09:15:00Z,1,68.08,70.15,58.673064134585495,9.406935865414503,random_forest,absolute,fold_2,6h,ppb
2026-08-14T09:30:00Z,1,69.28,70.49,57.47242449613751,11.807575503862488,random_forest,absolute,fold_2,6h,ppb
2026-08-14T09:45:00Z,1,65.11,73.01,57.18587050506684,7.924129494933162,random_forest,absolute,fold_2,6h,ppb
2026-08-14T10:00:00Z,1,61.9,71.21,55.75037511954277,6.149624880457232,random_forest,absolute,fold_2,6h,ppb
2026-08-14T10:15:00Z,1,70.95,69.34,54.62095616489972,16.329043835100286,random_forest,absolute,fold_2,6h,ppb
2026-08-14T10:30:00Z,1,72.11,69.63,53.36470050356916,18.74529949643084,random_forest,absolute,fold_2,6h,ppb
2026-08-14T10:45:00Z,1,70.63,66.46,50.969330494257456,19.66066950574254,random_forest,absolute,fold_2,6h,ppb
2026-08-14T11:00:00Z,1,70.88,68.05,51.52744082008973,19.352559179910266,random_forest,absolute,fold_2,6h,ppb
2026-08-14T11:15:00Z,1,66.28,72.85,52.70100117984777,13.57899882015223,random_forest,absolute,fold_2,6h,ppb
2026-08-14T11:30:00Z,1,61.48,72.55,53.14056297068042,8.339437029319576,random_forest,absolute,fold_2,6h,ppb
2026-08-14T11:45:00Z,1,61.2,72.41,52.93622994752007,8.263770052479934,random_forest,absolute,fold_2,6h,ppb
2026-08-14T12:00:00Z,1,60.82,69.86,53.97652575291295,6.843474247087052,random_forest,absolute,fold_2,6h,ppb
2026-08-14T12:15:00Z,1,60.26,67.39,54.75008393022946,5.50991606977054,random_forest,absolute,fold_2,6h,ppb
2026-08-14T12:30:00Z,1,66.46,67.0,54.98958429737774,11.470415702622255,random_forest,absolute,fold_2,6h,ppb
2026-08-14T12:45:00Z,1,66.83,71.15,54.53585423446226,12.294145765537735,random_forest,absolute,fold_2,6h,ppb
2026-08-14T13:00:00Z,1,65.55,73.54,54.88728086158579,10.662719138414204,random_forest,absolute,fold_2,6h,ppb
2026-08-14T13:15:00Z,1,61.92,68.46,56.02079240527227,5.899207594727734,random_forest,absolute,fold_2,6h,ppb
2026-08-14T13:30:00Z,1,62.59,71.74,55.7885494694279,6.8014505305721045,random_forest,absolute,fold_2,6h,ppb
2026-08-14T13:45:00Z,1,60.11,68.38,55.681805177886126,4.428194822113873,random_forest,absolute,fold_2,6h,ppb
2026-08-14T14:00:00Z,1,64.79,71.66,56.29499399878202,8.495006001217988,random_forest,absolute,fold_2,6h,ppb
2026-08-14T14:15:00Z,1,67.05,65.99,58.3174997834577,8.732500216542299,random_forest,absolute,fold_2,6h,ppb
2026-08-14T14:30:00Z,1,60.82,72.39,57.875312488992876,2.9446875110071247,random_forest,absolute,fold_2,6h,ppb
2026-08-14T14:45:00Z,1,60.86,72.06,58.61889334153409,2.2411066584659096,random_forest,absolute,fold_2,6h,ppb
2026-08-14T15:00:00Z,1,60.92,71.62,58.4696158464071,2.4503841535929,random_forest,absolute,fold_2,6h,ppb
2026-08-14T15:15:00Z,1,61.03,68.08,58.249617119670866,2.7803828803291353,random_forest,absolute,fold_2,6h,ppb
2026-08-14T15:30:00Z,1,62.01,69.28,58.04921480839283,3.9607851916071652,random_forest,absolute,fold_2,6h,ppb
2026-08-14T15:45:00Z,1,56.74,65.11,58.095021956493696,-1.3550219564936938,random_forest,absolute,fold_2,6h,ppb
2026-08-14T16:00:00Z,1,53.71,61.9,58.242576291949675,-4.532576291949674,random_forest,absolute,fold_2,6h,ppb
2026-08-14T16:15:00Z,1,55.06,70.95,58.05028562310439,-2.9902856231043913,random_forest,absolute,fold_2,6h,ppb
2026-08-14T16:30:00Z,1,58.08,72.11,58.242637220921786,-0.16263722092178767,random_forest,absolute,fold_2,6h,ppb
2026-08-14T16:45:00Z,1,61.06,70.63,58.399843263457875,2.6601567365421275,random_forest,absolute,fold_2,6h,ppb
2026-08-14T17:00:00Z,1,63.26,70.88,58.1234494803891,5.1365505196109,random_forest,absolute,fold_2,6h,ppb
2026-08-14T17:15:00Z,1,66.64,66.28,58.033364692029316,8.606635307970684,random_forest,absolute,fold_2,6h,ppb
2026-08-14T17:30:00Z,1,67.18,61.48,57.59185394467483,9.588146055325176,random_forest,absolute,fold_2,6h,ppb
2026-08-14T17:45:00Z,1,63.89,61.2,57.455385013769124,6.434614986230876,random_forest,absolute,fold_2,6h,ppb
2026-08-14T18:00:00Z,1,65.95,60.82,56.846415981711864,9.103584018288139,random_forest,absolute,fold_2,6h,ppb
2026-08-14T18:15:00Z,1,64.55,60.26,55.06764996360619,9.482350036393804,random_forest,absolute,fold_2,6h,ppb
2026-08-14T18:30:00Z,1,65.7,66.46,54.72033094905591,10.97966905094409,random_forest,absolute,fold_2,6h,ppb
2026-08-14T18:45:00Z,1,64.64,66.83,55.00397496814505,9.636025031854949,random_forest,absolute,fold_2,6h,ppb
2026-08-14T19:00:00Z,1,66.1,65.55,56.61935376830795,9.480646231692042,random_forest,absolute,fold_2,6h,ppb
2026-08-14T19:15:00Z,1,68.39,61.92,55.455360934474456,12.934639065525545,random_forest,absolute,fold_2,6h,ppb
2026-08-14T19:30:00Z,1,64.9,62.59,56.458847033299136,8.44115296670087,random_forest,absolute,fold_2,6h,ppb
2026-08-14T19:45:00Z,1,66.53,60.11,54.885875382528674,11.644124617471327,random_forest,absolute,fold_2,6h,ppb
2026-08-14T20:00:00Z,1,66.02,64.79,56.71316638662263,9.306833613377364,random_forest,absolute,fold_2,6h,ppb
2026-08-14T20:15:00Z,1,62.3,67.05,57.12773210732167,5.172267892678327,random_forest,absolute,fold_2,6h,ppb
2026-08-14T20:30:00Z,1,62.53,60.82,57.05837738022614,5.471622619773861,random_forest,absolute,fold_2,6h,ppb
2026-08-14T20:45:00Z,1,61.58,60.86,57.95463623163708,3.6253637683629165,random_forest,absolute,fold_2,6h,ppb
2026-08-14T21:00:00Z,1,62.34,60.92,58.31212035862123,4.0278796413787745,random_forest,absolute,fold_2,6h,ppb
2026-08-14T21:15:00Z,1,62.61,61.03,58.0308056209669,4.579194379033098,random_forest,absolute,fold_2,6h,ppb
2026-08-14T21:30:00Z,1,58.56,62.01,58.17750244636373,0.38249755363627,random_forest,absolute,fold_2,6h,ppb
2026-08-14T21:45:00Z,1,61.81,56.74,56.24121024028095,5.568789759719053,random_forest,absolute,fold_2,6h,ppb
2026-08-14T22:00:00Z,1,61.24,53.71,57.98336419962571,3.2566358003742906,random_forest,absolute,fold_2,6h,ppb
2026-08-14T22:15:00Z,1,62.41,55.06,58.36584695976679,4.044153040233205,random_forest,absolute,fold_2,6h,ppb
2026-08-14T22:30:00Z,1,63.72,58.08,59.912586807650385,3.807413192349614,random_forest,absolute,fold_2,6h,ppb
2026-08-14T22:45:00Z,1,63.52,61.06,60.9897510777478,2.5302489222522055,random_forest,absolute,fold_2,6h,ppb
2026-08-14T23:00:00Z,1,67.33,63.26,65.00471141047065,2.3252885895293502,random_forest,absolute,fold_2,6h,ppb
2026-08-14T23:15:00Z,1,71.46,66.64,65.58832906920081,5.8716709307991835,random_forest,absolute,fold_2,6h,ppb
2026-08-14T23:30:00Z,1,75.36,67.18,65.66332426320429,9.696675736795711,random_forest,absolute,fold_2,6h,ppb
2026-08-14T23:45:00Z,1,75.47,63.89,65.71971967766639,9.750280322333609,random_forest,absolute,fold_2,6h,ppb
2026-08-15T00:00:00Z,1,78.47,65.95,65.6146692580568,12.855330741943206,random_forest,absolute,fold_2,6h,ppb
2026-08-15T00:15:00Z,1,79.02,64.55,66.13326919191924,12.886730808080756,random_forest,absolute,fold_2,6h,ppb
2026-08-15T00:30:00Z,1,78.87,65.7,66.36923096440601,12.50076903559399,random_forest,absolute,fold_2,6h,ppb
2026-08-15T00:45:00Z,1,83.35,64.64,66.90814948292453,16.441850517075466,random_forest,absolute,fold_2,6h,ppb
2026-08-15T01:00:00Z,1,77.87,66.1,67.20006308521731,10.669936914782696,random_forest,absolute,fold_2,6h,ppb
2026-08-15T01:15:00Z,1,77.36,68.39,67.32533197851535,10.034668021484649,random_forest,absolute,fold_2,6h,ppb
2026-08-15T01:30:00Z,1,79.84,64.9,67.27701592913265,12.562984070867358,random_forest,absolute,fold_2,6h,ppb
2026-08-15T01:45:00Z,1,73.52,66.53,67.07705988856827,6.442940111431724,random_forest,absolute,fold_2,6h,ppb
2026-08-15T02:00:00Z,1,77.61,66.02,66.78062920073758,10.82937079926242,random_forest,absolute,fold_2,6h,ppb
2026-08-15T02:15:00Z,1,89.18,62.3,66.81318228715735,22.36681771284266,random_forest,absolute,fold_2,6h,ppb
2026-08-15T02:30:00Z,1,75.48,62.53,66.74704743265998,8.732952567340021,random_forest,absolute,fold_2,6h,ppb
2026-08-15T02:45:00Z,1,76.89,61.58,67.04345259139012,9.84654740860988,random_forest,absolute,fold_2,6h,ppb
2026-08-15T03:00:00Z,1,70.72,62.34,66.90804372895623,3.811956271043769,random_forest,absolute,fold_2,6h,ppb
2026-08-15T03:15:00Z,1,68.61,62.61,67.02022227833895,1.5897777216610507,random_forest,absolute,fold_2,6h,ppb
2026-08-15T03:30:00Z,1,67.63,58.56,66.77210675805676,0.8578932419432306,random_forest,absolute,fold_2,6h,ppb
2026-08-15T03:45:00Z,1,67.46,61.81,66.64368592472341,0.8163140752765798,random_forest,absolute,fold_2,6h,ppb
2026-08-15T04:00:00Z,1,63.91,61.24,64.40349055435307,-0.4934905543530732,random_forest,absolute,fold_2,6h,ppb
2026-08-15T04:15:00Z,1,64.94,62.41,64.25594009139012,0.684059908609882,random_forest,absolute,fold_2,6h,ppb
2026-08-15T04:30:00Z,1,67.96,63.72,63.85634009139011,4.103659908609885,random_forest,absolute,fold_2,6h,ppb
2026-08-15T04:45:00Z,1,60.45,63.52,64.2724317580568,-3.822431758056794,random_forest,absolute,fold_2,6h,ppb
2026-08-15T05:00:00Z,1,59.92,67.33,61.34697619047617,-1.426976190476168,random_forest,absolute,fold_2,6h,ppb
2026-08-15T05:15:00Z,1,62.83,71.46,61.45227447089947,1.3777255291005304,random_forest,absolute,fold_2,6h,ppb
2026-08-15T05:30:00Z,1,61.5,75.36,61.30836018518518,0.1916398148148204,random_forest,absolute,fold_2,6h,ppb
2026-08-15T05:45:00Z,1,58.06,75.47,61.28286626984129,-3.2228662698412904,random_forest,absolute,fold_2,6h,ppb
2026-08-15T06:00:00Z,1,58.67,78.47,60.96060343915346,-2.2906034391534575,random_forest,absolute,fold_2,6h,ppb
2026-08-15T06:15:00Z,1,60.33,79.02,61.181812698412706,-0.8518126984127079,random_forest,absolute,fold_2,6h,ppb
2026-08-15T06:30:00Z,1,58.11,78.87,61.077409055759055,-2.967409055759056,random_forest,absolute,fold_2,6h,ppb
2026-08-15T06:45:00Z,1,60.08,83.35,61.271278511303535,-1.191278511303537,random_forest,absolute,fold_2,6h,ppb
2026-08-15T07:00:00Z,1,56.55,77.87,61.0127460978836,-4.462746097883603,random_forest,absolute,fold_2,6h,ppb
2026-08-15T07:15:00Z,1,58.75,77.36,60.863394422398585,-2.113394422398585,random_forest,absolute,fold_2,6h,ppb
2026-08-15T07:30:00Z,1,62.14,79.84,60.76001541606541,1.3799845839345934,random_forest,absolute,fold_2,6h,ppb
2026-08-15T07:45:00Z,1,60.59,73.52,61.68080226393974,-1.090802263939736,random_forest,absolute,fold_2,6h,ppb
2026-08-15T08:00:00Z,1,61.66,77.61,60.42223850621054,1.2377614937894563,random_forest,absolute,fold_2,6h,ppb
2026-08-15T08:15:00Z,1,59.57,89.18,60.34106640701348,-0.7710664070134783,random_forest,absolute,fold_2,6h,ppb
2026-08-15T08:30:00Z,1,59.96,75.48,60.980708662905705,-1.0207086629057045,random_forest,absolute,fold_2,6h,ppb
2026-08-15T08:45:00Z,1,58.57,76.89,60.15684715496922,-1.5868471549692202,random_forest,absolute,fold_2,6h,ppb
2026-08-15T09:00:00Z,1,55.1,70.72,57.326043341036225,-2.226043341036224,random_forest,absolute,fold_2,6h,ppb
2026-08-15T09:15:00Z,1,50.0,68.61,54.87306624442029,-4.8730662444202935,random_forest,absolute,fold_2,6h,ppb
2026-08-15T09:30:00Z,1,50.28,67.63,52.573592421021466,-2.293592421021465,random_forest,absolute,fold_2,6h,ppb
2026-08-15T09:45:00Z,1,44.35,67.46,51.7468487420622,-7.396848742062197,random_forest,absolute,fold_2,6h,ppb
2026-08-15T10:00:00Z,1,38.79,63.91,50.4740178564355,-11.684017856435503,random_forest,absolute,fold_2,6h,ppb
2026-08-15T10:15:00Z,1,42.36,64.94,49.5213188920541,-7.161318892054098,random_forest,absolute,fold_2,6h,ppb
2026-08-15T10:30:00Z,1,46.28,67.96,49.82396362309466,-3.543963623094662,random_forest,absolute,fold_2,6h,ppb
2026-08-15T10:45:00Z,1,43.04,60.45,48.898323278419085,-5.8583232784190855,random_forest,absolute,fold_2,6h,ppb
2026-08-15T11:00:00Z,1,42.59,59.92,49.044455421276254,-6.454455421276251,random_forest,absolute,fold_2,6h,ppb
2026-08-15T11:15:00Z,1,42.11,62.83,52.459534311675995,-10.349534311675995,random_forest,absolute,fold_2,6h,ppb
2026-08-15T11:30:00Z,1,39.44,61.5,51.93665963970514,-12.496659639705143,random_forest,absolute,fold_2,6h,ppb
2026-08-15T11:45:00Z,1,42.47,58.06,51.65862192094243,-9.188621920942431,random_forest,absolute,fold_2,6h,ppb
2026-08-15T12:00:00Z,1,52.16,58.67,52.21720615855486,-0.05720615855486244,random_forest,absolute,fold_2,6h,ppb
2026-08-15T12:15:00Z,1,48.38,60.33,51.62131715400004,-3.2413171540000363,random_forest,absolute,fold_2,6h,ppb
2026-08-15T12:30:00Z,1,45.7,58.11,51.489961022209705,-5.789961022209702,random_forest,absolute,fold_2,6h,ppb
2026-08-15T12:45:00Z,1,49.64,60.08,51.387232515068696,-1.7472325150686956,random_forest,absolute,fold_2,6h,ppb
2026-08-15T13:00:00Z,1,56.96,56.55,51.503823057396744,5.456176942603257,random_forest,absolute,fold_2,6h,ppb
2026-08-15T13:15:00Z,1,56.06,58.75,51.68002152721393,4.379978472786071,random_forest,absolute,fold_2,6h,ppb
2026-08-15T13:30:00Z,1,54.96,62.14,52.98427386300309,1.9757261369969115,random_forest,absolute,fold_2,6h,ppb
2026-08-15T13:45:00Z,1,58.35,60.59,53.962028990544646,4.387971009455356,random_forest,absolute,fold_2,6h,ppb
2026-08-15T14:00:00Z,1,60.68,61.66,53.521097762241354,7.158902237758646,random_forest,absolute,fold_2,6h,ppb
2026-08-15T14:15:00Z,1,52.01,59.57,54.17089000132946,-2.160890001329463,random_forest,absolute,fold_2,6h,ppb
2026-08-15T14:30:00Z,1,51.98,59.96,54.88227626249047,-2.9022762624904743,random_forest,absolute,fold_2,6h,ppb
2026-08-15T14:45:00Z,1,59.29,58.57,56.69575620453466,2.5942437954653386,random_forest,absolute,fold_2,6h,ppb
2026-08-15T15:00:00Z,1,58.24,55.1,55.792718316063464,2.447281683936538,random_forest,absolute,fold_2,6h,ppb
2026-08-15T15:15:00Z,1,58.81,50.0,55.35326048978482,3.4567395102151792,random_forest,absolute,fold_2,6h,ppb
2026-08-15T15:30:00Z,1,52.45,50.28,53.858910256562844,-1.4089102565628409,random_forest,absolute,fold_2,6h,ppb
2026-08-15T15:45:00Z,1,51.19,44.35,53.509111101561835,-2.3191111015618375,random_forest,absolute,fold_2,6h,ppb
2026-08-15T16:00:00Z,1,55.02,38.79,51.51458311735469,3.5054168826453136,random_forest,absolute,fold_2,6h,ppb
2026-08-15T16:15:00Z,1,56.93,42.36,51.39263156011561,5.537368439884389,random_forest,absolute,fold_2,6h,ppb
2026-08-15T16:30:00Z,1,56.08,46.28,51.13680849197099,4.94319150802901,random_forest,absolute,fold_2,6h,ppb
2026-08-15T16:45:00Z,1,56.68,43.04,50.48170225299391,6.198297747006087,random_forest,absolute,fold_2,6h,ppb
2026-08-15T17:00:00Z,1,54.6,42.59,50.17470759911385,4.42529240088615,random_forest,absolute,fold_2,6h,ppb
2026-08-15T17:15:00Z,1,53.13,42.11,50.19597457442251,2.934025425577495,random_forest,absolute,fold_2,6h,ppb
2026-08-15T17:30:00Z,1,54.81,39.44,49.44285357142859,5.3671464285714094,random_forest,absolute,fold_2,6h,ppb
2026-08-15T17:45:00Z,1,52.71,42.47,47.022591913179376,5.687408086820625,random_forest,absolute,fold_2,6h,ppb
2026-08-15T18:00:00Z,1,55.7,52.16,47.008015737965714,8.691984262034289,random_forest,absolute,fold_2,6h,ppb
2026-08-15T18:15:00Z,1,56.93,48.38,44.47572548100049,12.454274518999512,random_forest,absolute,fold_2,6h,ppb
2026-08-15T18:30:00Z,1,62.43,45.7,44.62209942279943,17.80790057720057,random_forest,absolute,fold_2,6h,ppb
2026-08-15T18:45:00Z,1,64.04,49.64,44.7668458966959,19.27315410330411,random_forest,absolute,fold_2,6h,ppb
2026-08-15T19:00:00Z,1,57.13,56.96,47.444598907306144,9.685401092693859,random_forest,absolute,fold_2,6h,ppb
2026-08-15T19:15:00Z,1,49.06,56.06,49.46934649717542,-0.40934649717542015,random_forest,absolute,fold_2,6h,ppb
2026-08-15T19:30:00Z,1,45.1,54.96,49.3145632362234,-4.214563236223398,random_forest,absolute,fold_2,6h,ppb
2026-08-15T19:45:00Z,1,43.27,58.35,49.82482096949891,-6.5548209694989055,random_forest,absolute,fold_2,6h,ppb
2026-08-15T20:00:00Z,1,41.52,60.68,49.09346640600684,-7.573466406006837,random_forest,absolute,fold_2,6h,ppb
2026-08-15T20:15:00Z,1,38.79,52.01,49.405526624260794,-10.615526624260795,random_forest,absolute,fold_2,6h,ppb
2026-08-15T20:30:00Z,1,31.45,51.98,51.67925710689546,-20.229257106895464,random_forest,absolute,fold_2,6h,ppb
2026-08-15T20:45:00Z,1,36.15,59.29,52.73420715098717,-16.58420715098717,random_forest,absolute,fold_2,6h,ppb
2026-08-15T21:00:00Z,1,36.31,58.24,53.0615540386311,-16.7515540386311,random_forest,absolute,fold_2,6h,ppb
2026-08-15T21:15:00Z,1,34.12,58.81,54.172339478102295,-20.052339478102297,random_forest,absolute,fold_2,6h,ppb
2026-08-15T21:30:00Z,1,28.27,52.45,54.40373791509415,-26.133737915094148,random_forest,absolute,fold_2,6h,ppb
2026-08-15T21:45:00Z,1,35.54,51.19,53.238844902782404,-17.698844902782405,random_forest,absolute,fold_2,6h,ppb
2026-08-15T22:00:00Z,1,39.04,55.02,57.8942519803499,-18.8542519803499,random_forest,absolute,fold_2,6h,ppb
2026-08-15T22:15:00Z,1,37.95,56.93,58.67409461996338,-20.724094619963374,random_forest,absolute,fold_2,6h,ppb
2026-08-15T22:30:00Z,1,38.09,56.08,59.62751999474289,-21.537519994742887,random_forest,absolute,fold_2,6h,ppb
2026-08-15T22:45:00Z,1,37.46,56.68,60.18136945762569,-22.72136945762569,random_forest,absolute,fold_2,6h,ppb
2026-08-15T23:00:00Z,1,59.29,54.6,63.33657789525291,-4.046577895252909,random_forest,absolute,fold_2,6h,ppb
2026-08-15T23:15:00Z,1,69.16,53.13,63.258285434935445,5.901714565064552,random_forest,absolute,fold_2,6h,ppb
2026-08-15T23:30:00Z,1,65.11,54.81,63.41183782606288,1.6981621739371207,random_forest,absolute,fold_2,6h,ppb
2026-08-15T23:45:00Z,1,65.11,52.71,65.48319031258706,-0.37319031258705593,random_forest,absolute,fold_2,6h,ppb
2026-08-14T00:00:00Z,1,70.96,51.84,65.06594850088183,5.894051499118163,random_forest,delta,fold_2,6h,ppb
2026-08-14T00:15:00Z,1,72.37,50.6,66.80709896384481,5.562901036155196,random_forest,delta,fold_2,6h,ppb
2026-08-14T00:30:00Z,1,75.49,46.86,63.7797563271605,11.710243672839496,random_forest,delta,fold_2,6h,ppb
2026-08-14T00:45:00Z,1,77.66,46.9,63.19079336419753,14.469206635802465,random_forest,delta,fold_2,6h,ppb
2026-08-14T01:00:00Z,1,76.59,50.73,61.149743650793646,15.440256349206358,random_forest,delta,fold_2,6h,ppb
2026-08-14T01:15:00Z,1,82.2,54.17,68.2731167548501,13.92688324514991,random_forest,delta,fold_2,6h,ppb
2026-08-14T01:30:00Z,1,84.8,52.26,68.539380477393,16.260619522607,random_forest,delta,fold_2,6h,ppb
2026-08-14T01:45:00Z,1,81.27,55.75,72.66370137686388,8.606298623136112,random_forest,delta,fold_2,6h,ppb
2026-08-14T02:00:00Z,1,85.15,55.64,73.00993027898029,12.140069721019714,random_forest,delta,fold_2,6h,ppb
2026-08-14T02:15:00Z,1,85.09,55.45,73.11383048941799,11.976169510582011,random_forest,delta,fold_2,6h,ppb
2026-08-14T02:30:00Z,1,81.1,55.32,73.38984603174605,7.710153968253948,random_forest,delta,fold_2,6h,ppb
2026-08-14T02:45:00Z,1,75.37,56.2,76.24497605820106,-0.8749760582010566,random_forest,delta,fold_2,6h,ppb
2026-08-14T03:00:00Z,1,76.54,59.28,79.02287023809525,-2.482870238095245,random_forest,delta,fold_2,6h,ppb
2026-08-14T03:15:00Z,1,70.15,58.89,77.3761833994709,-7.226183399470898,random_forest,delta,fold_2,6h,ppb
2026-08-14T03:30:00Z,1,70.49,58.46,77.76983816137566,-7.279838161375665,random_forest,delta,fold_2,6h,ppb
2026-08-14T03:45:00Z,1,73.01,56.52,73.5641310846561,-0.5541310846560918,random_forest,delta,fold_2,6h,ppb
2026-08-14T04:00:00Z,1,71.21,59.14,70.79107043650794,0.4189295634920569,random_forest,delta,fold_2,6h,ppb
2026-08-14T04:15:00Z,1,69.34,61.44,72.63607072310405,-3.2960707231040516,random_forest,delta,fold_2,6h,ppb
2026-08-14T04:30:00Z,1,69.63,63.72,68.29325238095237,1.3367476190476282,random_forest,delta,fold_2,6h,ppb
2026-08-14T04:45:00Z,1,66.46,65.94,64.06463591871092,2.395364081289074,random_forest,delta,fold_2,6h,ppb
2026-08-14T05:00:00Z,1,68.05,65.1,59.34071137566137,8.709288624338626,random_forest,delta,fold_2,6h,ppb
2026-08-14T05:15:00Z,1,72.85,68.51,62.522194758096845,10.32780524190315,random_forest,delta,fold_2,6h,ppb
2026-08-14T05:30:00Z,1,72.55,69.36,62.60975026304987,9.940249736950129,random_forest,delta,fold_2,6h,ppb
2026-08-14T05:45:00Z,1,72.41,71.93,60.92983392973174,11.480166070268254,random_forest,delta,fold_2,6h,ppb
2026-08-14T06:00:00Z,1,69.86,70.96,60.38513381834215,9.474866181657852,random_forest,delta,fold_2,6h,ppb
2026-08-14T06:15:00Z,1,67.39,72.37,60.02789347442682,7.362106525573182,random_forest,delta,fold_2,6h,ppb
2026-08-14T06:30:00Z,1,67.0,75.49,61.01961891935225,5.980381080647753,random_forest,delta,fold_2,6h,ppb
2026-08-14T06:45:00Z,1,71.15,77.66,61.44737572150072,9.702624278499286,random_forest,delta,fold_2,6h,ppb
2026-08-14T07:00:00Z,1,73.54,76.59,60.09637405318854,13.443625946811466,random_forest,delta,fold_2,6h,ppb
2026-08-14T07:15:00Z,1,68.46,82.2,61.95736942640693,6.502630573593066,random_forest,delta,fold_2,6h,ppb
2026-08-14T07:30:00Z,1,71.74,84.8,61.9248289021164,9.815171097883592,random_forest,delta,fold_2,6h,ppb
2026-08-14T07:45:00Z,1,68.38,81.27,60.494345745149914,7.885654254850081,random_forest,delta,fold_2,6h,ppb
2026-08-14T08:00:00Z,1,71.66,85.15,64.56238611111112,7.097613888888873,random_forest,delta,fold_2,6h,ppb
2026-08-14T08:15:00Z,1,65.99,85.09,64.73695839947092,1.2530416005290732,random_forest,delta,fold_2,6h,ppb
2026-08-14T08:30:00Z,1,72.39,81.1,63.89698688271605,8.493013117283951,random_forest,delta,fold_2,6h,ppb
2026-08-14T08:45:00Z,1,72.06,75.37,62.11096066217733,9.949039337822676,random_forest,delta,fold_2,6h,ppb
2026-08-14T09:00:00Z,1,71.62,76.54,63.26393120691038,8.356068793089626,random_forest,delta,fold_2,6h,ppb
2026-08-14T09:15:00Z,1,68.08,70.15,59.020777555315064,9.059222444684934,random_forest,delta,fold_2,6h,ppb
2026-08-14T09:30:00Z,1,69.28,70.49,57.19508337858534,12.084916621414663,random_forest,delta,fold_2,6h,ppb
2026-08-14T09:45:00Z,1,65.11,73.01,58.00315985449736,7.1068401455026375,random_forest,delta,fold_2,6h,ppb
2026-08-14T10:00:00Z,1,61.9,71.21,56.27174215969215,5.628257840307846,random_forest,delta,fold_2,6h,ppb
2026-08-14T10:15:00Z,1,70.95,69.34,54.33759358465609,16.612406415343912,random_forest,delta,fold_2,6h,ppb
2026-08-14T10:30:00Z,1,72.11,69.63,55.119840674603175,16.990159325396824,random_forest,delta,fold_2,6h,ppb
2026-08-14T10:45:00Z,1,70.63,66.46,52.608190432098766,18.02180956790123,random_forest,delta,fold_2,6h,ppb
2026-08-14T11:00:00Z,1,70.88,68.05,56.16307588183421,14.716924118165785,random_forest,delta,fold_2,6h,ppb
2026-08-14T11:15:00Z,1,66.28,72.85,59.131909656084645,7.1480903439153565,random_forest,delta,fold_2,6h,ppb
2026-08-14T11:30:00Z,1,61.48,72.55,59.475775925925916,2.004224074074081,random_forest,delta,fold_2,6h,ppb
2026-08-14T11:45:00Z,1,61.2,72.41,58.16778148148147,3.0322185185185333,random_forest,delta,fold_2,6h,ppb
2026-08-14T12:00:00Z,1,60.82,69.86,57.551626587301584,3.2683734126984163,random_forest,delta,fold_2,6h,ppb
2026-08-14T12:15:00Z,1,60.26,67.39,57.28655138888889,2.9734486111111096,random_forest,delta,fold_2,6h,ppb
2026-08-14T12:30:00Z,1,66.46,67.0,56.23869556878307,10.221304431216922,random_forest,delta,fold_2,6h,ppb
2026-08-14T12:45:00Z,1,66.83,71.15,59.87736122303623,6.9526387769637665,random_forest,delta,fold_2,6h,ppb
2026-08-14T13:00:00Z,1,65.55,73.54,58.38235447646896,7.167645523531036,random_forest,delta,fold_2,6h,ppb
2026-08-14T13:15:00Z,1,61.92,68.46,56.79376168546365,5.1262383145363515,random_forest,delta,fold_2,6h,ppb
2026-08-14T13:30:00Z,1,62.59,71.74,57.65159964842661,4.938400351573392,random_forest,delta,fold_2,6h,ppb
2026-08-14T13:45:00Z,1,60.11,68.38,57.1204106272626,2.9895893727373988,random_forest,delta,fold_2,6h,ppb
2026-08-14T14:00:00Z,1,64.79,71.66,60.6787082010582,4.1112917989418065,random_forest,delta,fold_2,6h,ppb
2026-08-14T14:15:00Z,1,67.05,65.99,56.4958208994709,10.554179100529097,random_forest,delta,fold_2,6h,ppb
2026-08-14T14:30:00Z,1,60.82,72.39,60.02557235449735,0.7944276455026511,random_forest,delta,fold_2,6h,ppb
2026-08-14T14:45:00Z,1,60.86,72.06,58.477583709273176,2.382416290726823,random_forest,delta,fold_2,6h,ppb
2026-08-14T15:00:00Z,1,60.92,71.62,59.114233597883604,1.8057664021163973,random_forest,delta,fold_2,6h,ppb
2026-08-14T15:15:00Z,1,61.03,68.08,55.258743253968255,5.771256746031746,random_forest,delta,fold_2,6h,ppb
2026-08-14T15:30:00Z,1,62.01,69.28,57.23679532627866,4.773204673721338,random_forest,delta,fold_2,6h,ppb
2026-08-14T15:45:00Z,1,56.74,65.11,57.32793465608465,-0.5879346560846486,random_forest,delta,fold_2,6h,ppb
2026-08-14T16:00:00Z,1,53.71,61.9,56.155580423280426,-2.4455804232804255,random_forest,delta,fold_2,6h,ppb
2026-08-14T16:15:00Z,1,55.06,70.95,61.79007497594998,-6.730074975949975,random_forest,delta,fold_2,6h,ppb
2026-08-14T16:30:00Z,1,58.08,72.11,61.46884470899471,-3.3888447089947107,random_forest,delta,fold_2,6h,ppb
2026-08-14T16:45:00Z,1,61.06,70.63,59.87695535513869,1.1830446448613117,random_forest,delta,fold_2,6h,ppb
2026-08-14T17:00:00Z,1,63.26,70.88,58.7902020723104,4.469797927689598,random_forest,delta,fold_2,6h,ppb
2026-08-14T17:15:00Z,1,66.64,66.28,55.38916620370371,11.250833796296291,random_forest,delta,fold_2,6h,ppb
2026-08-14T17:30:00Z,1,67.18,61.48,56.094621669071664,11.085378330928343,random_forest,delta,fold_2,6h,ppb
2026-08-14T17:45:00Z,1,63.89,61.2,56.59131799412343,7.298682005876572,random_forest,delta,fold_2,6h,ppb
2026-08-14T18:00:00Z,1,65.95,60.82,55.0140298567978,10.935970143202205,random_forest,delta,fold_2,6h,ppb
2026-08-14T18:15:00Z,1,64.55,60.26,53.484057091551335,11.065942908448662,random_forest,delta,fold_2,6h,ppb
2026-08-14T18:30:00Z,1,65.7,66.46,56.05142276334775,9.648577236652251,random_forest,delta,fold_2,6h,ppb
2026-08-14T18:45:00Z,1,64.64,66.83,56.796665240395676,7.843334759604325,random_forest,delta,fold_2,6h,ppb
2026-08-14T19:00:00Z,1,66.1,65.55,55.31953785944329,10.780462140556708,random_forest,delta,fold_2,6h,ppb
2026-08-14T19:15:00Z,1,68.39,61.92,54.358154922935356,14.031845077064645,random_forest,delta,fold_2,6h,ppb
2026-08-14T19:30:00Z,1,64.9,62.59,59.752943541814886,5.147056458185119,random_forest,delta,fold_2,6h,ppb
2026-08-14T19:45:00Z,1,66.53,60.11,58.45165674194245,8.07834325805755,random_forest,delta,fold_2,6h,ppb
2026-08-14T20:00:00Z,1,66.02,64.79,60.622105005905084,5.397894994094912,random_forest,delta,fold_2,6h,ppb
2026-08-14T20:15:00Z,1,62.3,67.05,62.69564146950448,-0.39564146950448276,random_forest,delta,fold_2,6h,ppb
2026-08-14T20:30:00Z,1,62.53,60.82,59.8436482493979,2.6863517506020997,random_forest,delta,fold_2,6h,ppb
2026-08-14T20:45:00Z,1,61.58,60.86,60.38913051172936,1.1908694882706357,random_forest,delta,fold_2,6h,ppb
2026-08-14T21:00:00Z,1,62.34,60.92,61.24386606763631,1.096133932363692,random_forest,delta,fold_2,6h,ppb
2026-08-14T21:15:00Z,1,62.61,61.03,62.499615267013404,0.11038473298659568,random_forest,delta,fold_2,6h,ppb
2026-08-14T21:30:00Z,1,58.56,62.01,62.551263673883106,-3.991263673883104,random_forest,delta,fold_2,6h,ppb
2026-08-14T21:45:00Z,1,61.81,56.74,58.28535547282491,3.5246445271750915,random_forest,delta,fold_2,6h,ppb
2026-08-14T22:00:00Z,1,61.24,53.71,56.805986881199615,4.434013118800387,random_forest,delta,fold_2,6h,ppb
2026-08-14T22:15:00Z,1,62.41,55.06,56.466029239409956,5.943970760590041,random_forest,delta,fold_2,6h,ppb
2026-08-14T22:30:00Z,1,63.72,58.08,59.41124247035907,4.308757529640928,random_forest,delta,fold_2,6h,ppb
2026-08-14T22:45:00Z,1,63.52,61.06,62.72885759301929,0.7911424069807111,random_forest,delta,fold_2,6h,ppb
2026-08-14T23:00:00Z,1,67.33,63.26,64.62423615520282,2.7057638447971755,random_forest,delta,fold_2,6h,ppb
2026-08-14T23:15:00Z,1,71.46,66.64,66.59238712522045,4.867612874779539,random_forest,delta,fold_2,6h,ppb
2026-08-14T23:30:00Z,1,75.36,67.18,66.60347365520283,8.756526344797166,random_forest,delta,fold_2,6h,ppb
2026-08-14T23:45:00Z,1,75.47,63.89,65.04170189594356,10.428298104056438,random_forest,delta,fold_2,6h,ppb
2026-08-15T00:00:00Z,1,78.47,65.95,67.68063185626103,10.789368143738969,random_forest,delta,fold_2,6h,ppb
2026-08-15T00:15:00Z,1,79.02,64.55,67.84432550705468,11.17567449294532,random_forest,delta,fold_2,6h,ppb
2026-08-15T00:30:00Z,1,78.87,65.7,69.49153198853615,9.378468011463852,random_forest,delta,fold_2,6h,ppb
2026-08-15T00:45:00Z,1,83.35,64.64,67.36206122134038,15.987938778659611,random_forest,delta,fold_2,6h,ppb
2026-08-15T01:00:00Z,1,77.87,66.1,67.73404984567901,10.135950154320994,random_forest,delta,fold_2,6h,ppb
2026-08-15T01:15:00Z,1,77.36,68.39,70.32486849647266,7.035131503527339,random_forest,delta,fold_2,6h,ppb
2026-08-15T01:30:00Z,1,79.84,64.9,68.72792477954145,11.11207522045855,random_forest,delta,fold_2,6h,ppb
2026-08-15T01:45:00Z,1,73.52,66.53,70.02615308641975,3.493846913580242,random_forest,delta,fold_2,6h,ppb
2026-08-15T02:00:00Z,1,77.61,66.02,69.91788981481481,7.692110185185186,random_forest,delta,fold_2,6h,ppb
2026-08-15T02:15:00Z,1,89.18,62.3,68.30084808201057,20.879151917989432,random_forest,delta,fold_2,6h,ppb
2026-08-15T02:30:00Z,1,75.48,62.53,67.46720205026455,8.012797949735457,random_forest,delta,fold_2,6h,ppb
2026-08-15T02:45:00Z,1,76.89,61.58,67.81701369047619,9.072986309523813,random_forest,delta,fold_2,6h,ppb
2026-08-15T03:00:00Z,1,70.72,62.34,68.01477182539683,2.705228174603164,random_forest,delta,fold_2,6h,ppb
2026-08-15T03:15:00Z,1,68.61,62.61,67.75875238095239,0.8512476190476121,random_forest,delta,fold_2,6h,ppb
2026-08-15T03:30:00Z,1,67.63,58.56,65.4634417989418,2.1665582010581943,random_forest,delta,fold_2,6h,ppb
2026-08-15T03:45:00Z,1,67.46,61.81,66.80155575396826,0.6584442460317348,random_forest,delta,fold_2,6h,ppb
2026-08-15T04:00:00Z,1,63.91,61.24,64.57348544973546,-0.663485449735461,random_forest,delta,fold_2,6h,ppb
2026-08-15T04:15:00Z,1,64.94,62.41,63.86215198412698,1.0778480158730162,random_forest,delta,fold_2,6h,ppb
2026-08-15T04:30:00Z,1,67.96,63.72,62.505640145502646,5.454359854497348,random_forest,delta,fold_2,6h,ppb
2026-08-15T04:45:00Z,1,60.45,63.52,62.95840968915344,-2.5084096891534386,random_forest,delta,fold_2,6h,ppb
2026-08-15T05:00:00Z,1,59.92,67.33,63.52977849426808,-3.6097784942680775,random_forest,delta,fold_2,6h,ppb
2026-08-15T05:15:00Z,1,62.83,71.46,64.19505879429212,-1.3650587942921248,random_forest,delta,fold_2,6h,ppb
2026-08-15T05:30:00Z,1,61.5,75.36,64.80252885802469,-3.3025288580246865,random_forest,delta,fold_2,6h,ppb
2026-08-15T05:45:00Z,1,58.06,75.47,63.689510493827164,-5.629510493827162,random_forest,delta,fold_2,6h,ppb
2026-08-15T06:00:00Z,1,58.67,78.47,63.321382539682546,-4.651382539682544,random_forest,delta,fold_2,6h,ppb
2026-08-15T06:15:00Z,1,60.33,79.02,64.02719007936508,-3.697190079365086,random_forest,delta,fold_2,6h,ppb
2026-08-15T06:30:00Z,1,58.11,78.87,64.05974153439153,-5.949741534391535,random_forest,delta,fold_2,6h,ppb
2026-08-15T06:45:00Z,1,60.08,83.35,64.9111623015873,-4.831162301587298,random_forest,delta,fold_2,6h,ppb
2026-08-15T07:00:00Z,1,56.55,77.87,62.843323182219024,-6.2933231822190265,random_forest,delta,fold_2,6h,ppb
2026-08-15T07:15:00Z,1,58.75,77.36,61.40283554994389,-2.6528355499438874,random_forest,delta,fold_2,6h,ppb
2026-08-15T07:30:00Z,1,62.14,79.84,61.87137563932981,0.2686243606701879,random_forest,delta,fold_2,6h,ppb
2026-08-15T07:45:00Z,1,60.59,73.52,62.7351989329384,-2.145198932938399,random_forest,delta,fold_2,6h,ppb
2026-08-15T08:00:00Z,1,61.66,77.61,64.511821539961,-2.8518215399610085,random_forest,delta,fold_2,6h,ppb
2026-08-15T08:15:00Z,1,59.57,89.18,72.51518518518519,-12.945185185185188,random_forest,delta,fold_2,6h,ppb
2026-08-15T08:30:00Z,1,59.96,75.48,64.91180741943242,-4.95180741943242,random_forest,delta,fold_2,6h,ppb
2026-08-15T08:45:00Z,1,58.57,76.89,64.89234966931217,-6.3223496693121675,random_forest,delta,fold_2,6h,ppb
2026-08-15T09:00:00Z,1,55.1,70.72,60.414348082010584,-5.314348082010582,random_forest,delta,fold_2,6h,ppb
2026-08-15T09:15:00Z,1,50.0,68.61,55.69579607383356,-5.695796073833563,random_forest,delta,fold_2,6h,ppb
2026-08-15T09:30:00Z,1,50.28,67.63,52.45854345238095,-2.17854345238095,random_forest,delta,fold_2,6h,ppb
2026-08-15T09:45:00Z,1,44.35,67.46,52.333586243386236,-7.983586243386235,random_forest,delta,fold_2,6h,ppb
2026-08-15T10:00:00Z,1,38.79,63.91,49.866975110229276,-11.076975110229277,random_forest,delta,fold_2,6h,ppb
2026-08-15T10:15:00Z,1,42.36,64.94,50.52206752645503,-8.162067526455033,random_forest,delta,fold_2,6h,ppb
2026-08-15T10:30:00Z,1,46.28,67.96,51.78844995590829,-5.50844995590829,random_forest,delta,fold_2,6h,ppb
2026-08-15T10:45:00Z,1,43.04,60.45,45.609614021164035,-2.5696140211640355,random_forest,delta,fold_2,6h,ppb
2026-08-15T11:00:00Z,1,42.59,59.92,45.960957627865966,-3.3709576278659625,random_forest,delta,fold_2,6h,ppb
2026-08-15T11:15:00Z,1,42.11,62.83,48.34433257174924,-6.234332571749242,random_forest,delta,fold_2,6h,ppb
2026-08-15T11:30:00Z,1,39.44,61.5,47.94126043771044,-8.501260437710442,random_forest,delta,fold_2,6h,ppb
2026-08-15T11:45:00Z,1,42.47,58.06,51.82631512936662,-9.356315129366621,random_forest,delta,fold_2,6h,ppb
2026-08-15T12:00:00Z,1,52.16,58.67,51.606378428281324,0.5536215717186721,random_forest,delta,fold_2,6h,ppb
2026-08-15T12:15:00Z,1,48.38,60.33,53.02556619283159,-4.645566192831588,random_forest,delta,fold_2,6h,ppb
2026-08-15T12:30:00Z,1,45.7,58.11,51.7001386001487,-6.000138600148695,random_forest,delta,fold_2,6h,ppb
2026-08-15T12:45:00Z,1,49.64,60.08,52.54613004930131,-2.9061300493013107,random_forest,delta,fold_2,6h,ppb
2026-08-15T13:00:00Z,1,56.96,56.55,49.818974016623834,7.141025983376167,random_forest,delta,fold_2,6h,ppb
2026-08-15T13:15:00Z,1,56.06,58.75,51.86137712469586,4.198622875304139,random_forest,delta,fold_2,6h,ppb
2026-08-15T13:30:00Z,1,54.96,62.14,54.777125584720025,0.18287441527997572,random_forest,delta,fold_2,6h,ppb
2026-08-15T13:45:00Z,1,58.35,60.59,53.38695694449491,4.963043055505089,random_forest,delta,fold_2,6h,ppb
2026-08-15T14:00:00Z,1,60.68,61.66,54.57895631167399,6.101043688326008,random_forest,delta,fold_2,6h,ppb
2026-08-15T14:15:00Z,1,52.01,59.57,53.42174561641747,-1.4117456164174698,random_forest,delta,fold_2,6h,ppb
2026-08-15T14:30:00Z,1,51.98,59.96,55.53110624630229,-3.5511062463022967,random_forest,delta,fold_2,6h,ppb
2026-08-15T14:45:00Z,1,59.29,58.57,56.32800978676629,2.9619902132337117,random_forest,delta,fold_2,6h,ppb
2026-08-15T15:00:00Z,1,58.24,55.1,55.12504285917634,3.1149571408236625,random_forest,delta,fold_2,6h,ppb
2026-08-15T15:15:00Z,1,58.81,50.0,53.26267798401743,5.547322015982573,random_forest,delta,fold_2,6h,ppb
2026-08-15T15:30:00Z,1,52.45,50.28,54.89556275485551,-2.4455627548555086,random_forest,delta,fold_2,6h,ppb
2026-08-15T15:45:00Z,1,51.19,44.35,53.420925451939354,-2.230925451939356,random_forest,delta,fold_2,6h,ppb
2026-08-15T16:00:00Z,1,55.02,38.79,46.29284449985051,8.727155500149493,random_forest,delta,fold_2,6h,ppb
2026-08-15T16:15:00Z,1,56.93,42.36,48.9883500795688,7.941649920431203,random_forest,delta,fold_2,6h,ppb
2026-08-15T16:30:00Z,1,56.08,46.28,52.70152564822702,3.3784743517729794,random_forest,delta,fold_2,6h,ppb
2026-08-15T16:45:00Z,1,56.68,43.04,48.703065910569414,7.976934089430586,random_forest,delta,fold_2,6h,ppb
2026-08-15T17:00:00Z,1,54.6,42.59,45.18532005668524,9.41467994331476,random_forest,delta,fold_2,6h,ppb
2026-08-15T17:15:00Z,1,53.13,42.11,43.879653390544256,9.250346609455747,random_forest,delta,fold_2,6h,ppb
2026-08-15T17:30:00Z,1,54.81,39.44,39.973309531717895,14.836690468282107,random_forest,delta,fold_2,6h,ppb
2026-08-15T17:45:00Z,1,52.71,42.47,39.4199902982203,13.290009701779702,random_forest,delta,fold_2,6h,ppb
2026-08-15T18:00:00Z,1,55.7,52.16,43.03599592386863,12.66400407613137,random_forest,delta,fold_2,6h,ppb
2026-08-15T18:15:00Z,1,56.93,48.38,40.13061037472642,16.799389625273577,random_forest,delta,fold_2,6h,ppb
2026-08-15T18:30:00Z,1,62.43,45.7,38.89069721335076,23.539302786649237,random_forest,delta,fold_2,6h,ppb
2026-08-15T18:45:00Z,1,64.04,49.64,42.930527945273155,21.10947205472685,random_forest,delta,fold_2,6h,ppb
2026-08-15T19:00:00Z,1,57.13,56.96,41.02037784992786,16.10962215007214,random_forest,delta,fold_2,6h,ppb
2026-08-15T19:15:00Z,1,49.06,56.06,40.32033721033869,8.73966278966131,random_forest,delta,fold_2,6h,ppb
2026-08-15T19:30:00Z,1,45.1,54.96,38.400526556178036,6.699473443821965,random_forest,delta,fold_2,6h,ppb
2026-08-15T19:45:00Z,1,43.27,58.35,41.519456871233345,1.7505431287666582,random_forest,delta,fold_2,6h,ppb
2026-08-15T20:00:00Z,1,41.52,60.68,44.28849845183715,-2.7684984518371465,random_forest,delta,fold_2,6h,ppb
2026-08-15T20:15:00Z,1,38.79,52.01,40.07863643272124,-1.2886364327212405,random_forest,delta,fold_2,6h,ppb
2026-08-15T20:30:00Z,1,31.45,51.98,40.86268107557837,-9.412681075578373,random_forest,delta,fold_2,6h,ppb
2026-08-15T20:45:00Z,1,36.15,59.29,47.67925022414423,-11.529250224144235,random_forest,delta,fold_2,6h,ppb
2026-08-15T21:00:00Z,1,36.31,58.24,49.6286243956842,-13.318624395684196,random_forest,delta,fold_2,6h,ppb
2026-08-15T21:15:00Z,1,34.12,58.81,51.119065198659655,-16.999065198659657,random_forest,delta,fold_2,6h,ppb
2026-08-15T21:30:00Z,1,28.27,52.45,44.52901963377944,-16.25901963377944,random_forest,delta,fold_2,6h,ppb
2026-08-15T21:45:00Z,1,35.54,51.19,45.28455023342671,-9.744550233426708,random_forest,delta,fold_2,6h,ppb
2026-08-15T22:00:00Z,1,39.04,55.02,52.43309559936281,-13.393095599362809,random_forest,delta,fold_2,6h,ppb
2026-08-15T22:15:00Z,1,37.95,56.93,53.84442783483764,-15.894427834837636,random_forest,delta,fold_2,6h,ppb
2026-08-15T22:30:00Z,1,38.09,56.08,53.10506850944081,-15.015068509440809,random_forest,delta,fold_2,6h,ppb
2026-08-15T22:45:00Z,1,37.46,56.68,53.61938230571201,-16.159382305712008,random_forest,delta,fold_2,6h,ppb
2026-08-15T23:00:00Z,1,59.29,54.6,57.76326343445981,1.5267365655401903,random_forest,delta,fold_2,6h,ppb
2026-08-15T23:15:00Z,1,69.16,53.13,56.88122975282707,12.278770247172929,random_forest,delta,fold_2,6h,ppb
2026-08-15T23:30:00Z,1,65.11,54.81,62.93412578457309,2.1758742154269086,random_forest,delta,fold_2,6h,ppb
2026-08-15T23:45:00Z,1,65.11,52.71,62.616531035923146,2.493468964076854,random_forest,delta,fold_2,6h,ppb
2026-08-14T00:00:00Z,1,70.96,51.84,64.45662689208984,6.50337310791015,xgboost,absolute,fold_2,6h,ppb
2026-08-14T00:15:00Z,1,72.37,50.6,63.93095779418945,8.439042205810551,xgboost,absolute,fold_2,6h,ppb
2026-08-14T00:30:00Z,1,75.49,46.86,63.799625396728516,11.69037460327148,xgboost,absolute,fold_2,6h,ppb
2026-08-14T00:45:00Z,1,77.66,46.9,64.59103393554688,13.068966064453122,xgboost,absolute,fold_2,6h,ppb
2026-08-14T01:00:00Z,1,76.59,50.73,64.96060180664062,11.629398193359378,xgboost,absolute,fold_2,6h,ppb
2026-08-14T01:15:00Z,1,82.2,54.17,67.54428100585938,14.655718994140628,xgboost,absolute,fold_2,6h,ppb
2026-08-14T01:30:00Z,1,84.8,52.26,65.93771362304688,18.862286376953122,xgboost,absolute,fold_2,6h,ppb
2026-08-14T01:45:00Z,1,81.27,55.75,66.59265899658203,14.677341003417965,xgboost,absolute,fold_2,6h,ppb
2026-08-14T02:00:00Z,1,85.15,55.64,66.3052749633789,18.8447250366211,xgboost,absolute,fold_2,6h,ppb
2026-08-14T02:15:00Z,1,85.09,55.45,65.07791900634766,20.012080993652347,xgboost,absolute,fold_2,6h,ppb
2026-08-14T02:30:00Z,1,81.1,55.32,65.15827941894531,15.941720581054682,xgboost,absolute,fold_2,6h,ppb
2026-08-14T02:45:00Z,1,75.37,56.2,69.61904907226562,5.7509509277343795,xgboost,absolute,fold_2,6h,ppb
2026-08-14T03:00:00Z,1,76.54,59.28,69.70389556884766,6.83610443115235,xgboost,absolute,fold_2,6h,ppb
2026-08-14T03:15:00Z,1,70.15,58.89,68.69393157958984,1.456068420410162,xgboost,absolute,fold_2,6h,ppb
2026-08-14T03:30:00Z,1,70.49,58.46,70.67259979248047,-0.18259979248047387,xgboost,absolute,fold_2,6h,ppb
2026-08-14T03:45:00Z,1,73.01,56.52,67.77389526367188,5.23610473632813,xgboost,absolute,fold_2,6h,ppb
2026-08-14T04:00:00Z,1,71.21,59.14,63.83128356933594,7.378716430664056,xgboost,absolute,fold_2,6h,ppb
2026-08-14T04:15:00Z,1,69.34,61.44,63.492313385009766,5.847686614990238,xgboost,absolute,fold_2,6h,ppb
2026-08-14T04:30:00Z,1,69.63,63.72,60.6732292175293,8.956770782470699,xgboost,absolute,fold_2,6h,ppb
2026-08-14T04:45:00Z,1,66.46,65.94,60.13120651245117,6.328793487548822,xgboost,absolute,fold_2,6h,ppb
2026-08-14T05:00:00Z,1,68.05,65.1,59.817237854003906,8.232762145996091,xgboost,absolute,fold_2,6h,ppb
2026-08-14T05:15:00Z,1,72.85,68.51,60.420074462890625,12.42992553710937,xgboost,absolute,fold_2,6h,ppb
2026-08-14T05:30:00Z,1,72.55,69.36,60.918514251708984,11.631485748291013,xgboost,absolute,fold_2,6h,ppb
2026-08-14T05:45:00Z,1,72.41,71.93,60.922019958496094,11.487980041503903,xgboost,absolute,fold_2,6h,ppb
2026-08-14T06:00:00Z,1,69.86,70.96,61.33572769165039,8.524272308349609,xgboost,absolute,fold_2,6h,ppb
2026-08-14T06:15:00Z,1,67.39,72.37,61.75074005126953,5.639259948730469,xgboost,absolute,fold_2,6h,ppb
2026-08-14T06:30:00Z,1,67.0,75.49,61.59174728393555,5.408252716064453,xgboost,absolute,fold_2,6h,ppb
2026-08-14T06:45:00Z,1,71.15,77.66,61.744239807128906,9.4057601928711,xgboost,absolute,fold_2,6h,ppb
2026-08-14T07:00:00Z,1,73.54,76.59,61.23129653930664,12.308703460693366,xgboost,absolute,fold_2,6h,ppb
2026-08-14T07:15:00Z,1,68.46,82.2,60.963565826416016,7.496434173583978,xgboost,absolute,fold_2,6h,ppb
2026-08-14T07:30:00Z,1,71.74,84.8,60.50383758544922,11.236162414550776,xgboost,absolute,fold_2,6h,ppb
2026-08-14T07:45:00Z,1,68.38,81.27,63.38686752319336,4.993132476806636,xgboost,absolute,fold_2,6h,ppb
2026-08-14T08:00:00Z,1,71.66,85.15,64.1560287475586,7.503971252441403,xgboost,absolute,fold_2,6h,ppb
2026-08-14T08:15:00Z,1,65.99,85.09,65.55947875976562,0.4305212402343699,xgboost,absolute,fold_2,6h,ppb
2026-08-14T08:30:00Z,1,72.39,81.1,66.35735321044922,6.032646789550782,xgboost,absolute,fold_2,6h,ppb
2026-08-14T08:45:00Z,1,72.06,75.37,66.36351013183594,5.696489868164065,xgboost,absolute,fold_2,6h,ppb
2026-08-14T09:00:00Z,1,71.62,76.54,62.737918853759766,8.882081146240239,xgboost,absolute,fold_2,6h,ppb
2026-08-14T09:15:00Z,1,68.08,70.15,61.59767532348633,6.48232467651367,xgboost,absolute,fold_2,6h,ppb
2026-08-14T09:30:00Z,1,69.28,70.49,59.12458801269531,10.155411987304689,xgboost,absolute,fold_2,6h,ppb
2026-08-14T09:45:00Z,1,65.11,73.01,58.61186981201172,6.498130187988281,xgboost,absolute,fold_2,6h,ppb
2026-08-14T10:00:00Z,1,61.9,71.21,58.309444427490234,3.590555572509764,xgboost,absolute,fold_2,6h,ppb
2026-08-14T10:15:00Z,1,70.95,69.34,54.60422134399414,16.345778656005862,xgboost,absolute,fold_2,6h,ppb
2026-08-14T10:30:00Z,1,72.11,69.63,54.475955963134766,17.634044036865234,xgboost,absolute,fold_2,6h,ppb
2026-08-14T10:45:00Z,1,70.63,66.46,50.189632415771484,20.44036758422851,xgboost,absolute,fold_2,6h,ppb
2026-08-14T11:00:00Z,1,70.88,68.05,52.788299560546875,18.09170043945312,xgboost,absolute,fold_2,6h,ppb
2026-08-14T11:15:00Z,1,66.28,72.85,53.14442443847656,13.135575561523439,xgboost,absolute,fold_2,6h,ppb
2026-08-14T11:30:00Z,1,61.48,72.55,54.47355651855469,7.006443481445309,xgboost,absolute,fold_2,6h,ppb
2026-08-14T11:45:00Z,1,61.2,72.41,53.30486297607422,7.895137023925784,xgboost,absolute,fold_2,6h,ppb
2026-08-14T12:00:00Z,1,60.82,69.86,52.740535736083984,8.079464263916016,xgboost,absolute,fold_2,6h,ppb
2026-08-14T12:15:00Z,1,60.26,67.39,54.68141174316406,5.5785882568359355,xgboost,absolute,fold_2,6h,ppb
2026-08-14T12:30:00Z,1,66.46,67.0,54.54179382324219,11.918206176757806,xgboost,absolute,fold_2,6h,ppb
2026-08-14T12:45:00Z,1,66.83,71.15,54.285709381103516,12.544290618896483,xgboost,absolute,fold_2,6h,ppb
2026-08-14T13:00:00Z,1,65.55,73.54,54.64763641357422,10.902363586425778,xgboost,absolute,fold_2,6h,ppb
2026-08-14T13:15:00Z,1,61.92,68.46,53.784820556640625,8.135179443359377,xgboost,absolute,fold_2,6h,ppb
2026-08-14T13:30:00Z,1,62.59,71.74,54.06507873535156,8.524921264648441,xgboost,absolute,fold_2,6h,ppb
2026-08-14T13:45:00Z,1,60.11,68.38,55.08609390258789,5.023906097412109,xgboost,absolute,fold_2,6h,ppb
2026-08-14T14:00:00Z,1,64.79,71.66,55.70343780517578,9.086562194824225,xgboost,absolute,fold_2,6h,ppb
2026-08-14T14:15:00Z,1,67.05,65.99,57.665687561035156,9.384312438964841,xgboost,absolute,fold_2,6h,ppb
2026-08-14T14:30:00Z,1,60.82,72.39,59.747318267822266,1.0726817321777347,xgboost,absolute,fold_2,6h,ppb
2026-08-14T14:45:00Z,1,60.86,72.06,59.75492477416992,1.1050752258300776,xgboost,absolute,fold_2,6h,ppb
2026-08-14T15:00:00Z,1,60.92,71.62,59.2858772277832,1.6341227722167986,xgboost,absolute,fold_2,6h,ppb
2026-08-14T15:15:00Z,1,61.03,68.08,58.804237365722656,2.225762634277345,xgboost,absolute,fold_2,6h,ppb
2026-08-14T15:30:00Z,1,62.01,69.28,58.7601318359375,3.249868164062498,xgboost,absolute,fold_2,6h,ppb
2026-08-14T15:45:00Z,1,56.74,65.11,59.432926177978516,-2.6929261779785136,xgboost,absolute,fold_2,6h,ppb
2026-08-14T16:00:00Z,1,53.71,61.9,60.64474105834961,-6.9347410583496085,xgboost,absolute,fold_2,6h,ppb
2026-08-14T16:15:00Z,1,55.06,70.95,60.208248138427734,-5.148248138427732,xgboost,absolute,fold_2,6h,ppb
2026-08-14T16:30:00Z,1,58.08,72.11,61.10148239135742,-3.0214823913574236,xgboost,absolute,fold_2,6h,ppb
2026-08-14T16:45:00Z,1,61.06,70.63,61.22838592529297,-0.16838592529296648,xgboost,absolute,fold_2,6h,ppb
2026-08-14T17:00:00Z,1,63.26,70.88,61.215816497802734,2.0441835021972636,xgboost,absolute,fold_2,6h,ppb
2026-08-14T17:15:00Z,1,66.64,66.28,61.79225540161133,4.847744598388672,xgboost,absolute,fold_2,6h,ppb
2026-08-14T17:30:00Z,1,67.18,61.48,61.82139587402344,5.358604125976569,xgboost,absolute,fold_2,6h,ppb
2026-08-14T17:45:00Z,1,63.89,61.2,61.21764373779297,2.672356262207032,xgboost,absolute,fold_2,6h,ppb
2026-08-14T18:00:00Z,1,65.95,60.82,59.593326568603516,6.356673431396487,xgboost,absolute,fold_2,6h,ppb
2026-08-14T18:15:00Z,1,64.55,60.26,56.690643310546875,7.859356689453122,xgboost,absolute,fold_2,6h,ppb
2026-08-14T18:30:00Z,1,65.7,66.46,56.35591125488281,9.34408874511719,xgboost,absolute,fold_2,6h,ppb
2026-08-14T18:45:00Z,1,64.64,66.83,56.376461029052734,8.263538970947266,xgboost,absolute,fold_2,6h,ppb
2026-08-14T19:00:00Z,1,66.1,65.55,58.33174514770508,7.768254852294916,xgboost,absolute,fold_2,6h,ppb
2026-08-14T19:15:00Z,1,68.39,61.92,56.323055267333984,12.066944732666016,xgboost,absolute,fold_2,6h,ppb
2026-08-14T19:30:00Z,1,64.9,62.59,55.614200592041016,9.28579940795899,xgboost,absolute,fold_2,6h,ppb
2026-08-14T19:45:00Z,1,66.53,60.11,56.09781265258789,10.43218734741211,xgboost,absolute,fold_2,6h,ppb
2026-08-14T20:00:00Z,1,66.02,64.79,56.71440124511719,9.305598754882809,xgboost,absolute,fold_2,6h,ppb
2026-08-14T20:15:00Z,1,62.3,67.05,57.624332427978516,4.6756675720214815,xgboost,absolute,fold_2,6h,ppb
2026-08-14T20:30:00Z,1,62.53,60.82,57.329158782958984,5.200841217041017,xgboost,absolute,fold_2,6h,ppb
2026-08-14T20:45:00Z,1,61.58,60.86,60.04349136352539,1.5365086364746077,xgboost,absolute,fold_2,6h,ppb
2026-08-14T21:00:00Z,1,62.34,60.92,59.706703186035156,2.633296813964847,xgboost,absolute,fold_2,6h,ppb
2026-08-14T21:15:00Z,1,62.61,61.03,59.644588470458984,2.965411529541015,xgboost,absolute,fold_2,6h,ppb
2026-08-14T21:30:00Z,1,58.56,62.01,60.28144073486328,-1.721440734863279,xgboost,absolute,fold_2,6h,ppb
2026-08-14T21:45:00Z,1,61.81,56.74,57.32331085205078,4.486689147949221,xgboost,absolute,fold_2,6h,ppb
2026-08-14T22:00:00Z,1,61.24,53.71,58.74811935424805,2.491880645751955,xgboost,absolute,fold_2,6h,ppb
2026-08-14T22:15:00Z,1,62.41,55.06,57.42021942138672,4.989780578613278,xgboost,absolute,fold_2,6h,ppb
2026-08-14T22:30:00Z,1,63.72,58.08,58.4401969909668,5.279803009033202,xgboost,absolute,fold_2,6h,ppb
2026-08-14T22:45:00Z,1,63.52,61.06,61.93014144897461,1.5898585510253938,xgboost,absolute,fold_2,6h,ppb
2026-08-14T23:00:00Z,1,67.33,63.26,63.927024841308594,3.4029751586914045,xgboost,absolute,fold_2,6h,ppb
2026-08-14T23:15:00Z,1,71.46,66.64,64.69917297363281,6.760827026367181,xgboost,absolute,fold_2,6h,ppb
2026-08-14T23:30:00Z,1,75.36,67.18,64.4420394897461,10.917960510253906,xgboost,absolute,fold_2,6h,ppb
2026-08-14T23:45:00Z,1,75.47,63.89,65.56888580322266,9.901114196777343,xgboost,absolute,fold_2,6h,ppb
2026-08-15T00:00:00Z,1,78.47,65.95,65.72876739501953,12.741232604980468,xgboost,absolute,fold_2,6h,ppb
2026-08-15T00:15:00Z,1,79.02,64.55,66.15589141845703,12.864108581542965,xgboost,absolute,fold_2,6h,ppb
2026-08-15T00:30:00Z,1,78.87,65.7,68.0909194946289,10.779080505371098,xgboost,absolute,fold_2,6h,ppb
2026-08-15T00:45:00Z,1,83.35,64.64,67.50504302978516,15.844956970214838,xgboost,absolute,fold_2,6h,ppb
2026-08-15T01:00:00Z,1,77.87,66.1,67.5175552368164,10.352444763183598,xgboost,absolute,fold_2,6h,ppb
2026-08-15T01:15:00Z,1,77.36,68.39,68.02723693847656,9.332763061523437,xgboost,absolute,fold_2,6h,ppb
2026-08-15T01:30:00Z,1,79.84,64.9,67.90587615966797,11.934123840332035,xgboost,absolute,fold_2,6h,ppb
2026-08-15T01:45:00Z,1,73.52,66.53,69.75894927978516,3.7610507202148398,xgboost,absolute,fold_2,6h,ppb
2026-08-15T02:00:00Z,1,77.61,66.02,69.42156982421875,8.18843017578125,xgboost,absolute,fold_2,6h,ppb
2026-08-15T02:15:00Z,1,89.18,62.3,69.51280212402344,19.66719787597657,xgboost,absolute,fold_2,6h,ppb
2026-08-15T02:30:00Z,1,75.48,62.53,68.81394958496094,6.6660504150390665,xgboost,absolute,fold_2,6h,ppb
2026-08-15T02:45:00Z,1,76.89,61.58,68.5988998413086,8.291100158691407,xgboost,absolute,fold_2,6h,ppb
2026-08-15T03:00:00Z,1,70.72,62.34,66.63969421386719,4.080305786132811,xgboost,absolute,fold_2,6h,ppb
2026-08-15T03:15:00Z,1,68.61,62.61,66.5333251953125,2.0766748046874994,xgboost,absolute,fold_2,6h,ppb
2026-08-15T03:30:00Z,1,67.63,58.56,66.28921508789062,1.3407849121093705,xgboost,absolute,fold_2,6h,ppb
2026-08-15T03:45:00Z,1,67.46,61.81,65.76805114746094,1.6919488525390562,xgboost,absolute,fold_2,6h,ppb
2026-08-15T04:00:00Z,1,63.91,61.24,64.10990142822266,-0.19990142822265966,xgboost,absolute,fold_2,6h,ppb
2026-08-15T04:15:00Z,1,64.94,62.41,64.22836303710938,0.7116369628906227,xgboost,absolute,fold_2,6h,ppb
2026-08-15T04:30:00Z,1,67.96,63.72,64.32637023925781,3.6336297607421812,xgboost,absolute,fold_2,6h,ppb
2026-08-15T04:45:00Z,1,60.45,63.52,63.93172073364258,-3.4817207336425753,xgboost,absolute,fold_2,6h,ppb
2026-08-15T05:00:00Z,1,59.92,67.33,62.135108947753906,-2.2151089477539045,xgboost,absolute,fold_2,6h,ppb
2026-08-15T05:15:00Z,1,62.83,71.46,62.83111572265625,-0.0011157226562517053,xgboost,absolute,fold_2,6h,ppb
2026-08-15T05:30:00Z,1,61.5,75.36,63.32145309448242,-1.8214530944824219,xgboost,absolute,fold_2,6h,ppb
2026-08-15T05:45:00Z,1,58.06,75.47,62.510841369628906,-4.450841369628904,xgboost,absolute,fold_2,6h,ppb
2026-08-15T06:00:00Z,1,58.67,78.47,62.63003921508789,-3.960039215087889,xgboost,absolute,fold_2,6h,ppb
2026-08-15T06:15:00Z,1,60.33,79.02,62.475502014160156,-2.145502014160158,xgboost,absolute,fold_2,6h,ppb
2026-08-15T06:30:00Z,1,58.11,78.87,62.80903244018555,-4.699032440185547,xgboost,absolute,fold_2,6h,ppb
2026-08-15T06:45:00Z,1,60.08,83.35,63.32015609741211,-3.240156097412111,xgboost,absolute,fold_2,6h,ppb
2026-08-15T07:00:00Z,1,56.55,77.87,62.70344543457031,-6.153445434570315,xgboost,absolute,fold_2,6h,ppb
2026-08-15T07:15:00Z,1,58.75,77.36,62.104061126708984,-3.3540611267089844,xgboost,absolute,fold_2,6h,ppb
2026-08-15T07:30:00Z,1,62.14,79.84,62.070735931396484,0.0692640686035162,xgboost,absolute,fold_2,6h,ppb
2026-08-15T07:45:00Z,1,60.59,73.52,64.53549194335938,-3.9454919433593716,xgboost,absolute,fold_2,6h,ppb
2026-08-15T08:00:00Z,1,61.66,77.61,63.041748046875,-1.3817480468750034,xgboost,absolute,fold_2,6h,ppb
2026-08-15T08:15:00Z,1,59.57,89.18,62.38682556152344,-2.816825561523437,xgboost,absolute,fold_2,6h,ppb
2026-08-15T08:30:00Z,1,59.96,75.48,64.44978332519531,-4.489783325195312,xgboost,absolute,fold_2,6h,ppb
2026-08-15T08:45:00Z,1,58.57,76.89,64.7919921875,-6.2219921875,xgboost,absolute,fold_2,6h,ppb
2026-08-15T09:00:00Z,1,55.1,70.72,58.96769332885742,-3.8676933288574205,xgboost,absolute,fold_2,6h,ppb
2026-08-15T09:15:00Z,1,50.0,68.61,56.279354095458984,-6.279354095458984,xgboost,absolute,fold_2,6h,ppb
2026-08-15T09:30:00Z,1,50.28,67.63,54.621437072753906,-4.341437072753905,xgboost,absolute,fold_2,6h,ppb
2026-08-15T09:45:00Z,1,44.35,67.46,51.35968780517578,-7.00968780517578,xgboost,absolute,fold_2,6h,ppb
2026-08-15T10:00:00Z,1,38.79,63.91,50.9089469909668,-12.118946990966798,xgboost,absolute,fold_2,6h,ppb
2026-08-15T10:15:00Z,1,42.36,64.94,49.181396484375,-6.821396484375001,xgboost,absolute,fold_2,6h,ppb
2026-08-15T10:30:00Z,1,46.28,67.96,49.570682525634766,-3.2906825256347645,xgboost,absolute,fold_2,6h,ppb
2026-08-15T10:45:00Z,1,43.04,60.45,48.16058349609375,-5.120583496093751,xgboost,absolute,fold_2,6h,ppb
2026-08-15T11:00:00Z,1,42.59,59.92,48.401676177978516,-5.811676177978512,xgboost,absolute,fold_2,6h,ppb
2026-08-15T11:15:00Z,1,42.11,62.83,49.490718841552734,-7.380718841552735,xgboost,absolute,fold_2,6h,ppb
2026-08-15T11:30:00Z,1,39.44,61.5,50.30706787109375,-10.867067871093752,xgboost,absolute,fold_2,6h,ppb
2026-08-15T11:45:00Z,1,42.47,58.06,51.17563247680664,-8.705632476806642,xgboost,absolute,fold_2,6h,ppb
2026-08-15T12:00:00Z,1,52.16,58.67,50.956485748291016,1.203514251708981,xgboost,absolute,fold_2,6h,ppb
2026-08-15T12:15:00Z,1,48.38,60.33,51.5075798034668,-3.1275798034667943,xgboost,absolute,fold_2,6h,ppb
2026-08-15T12:30:00Z,1,45.7,58.11,52.5289192199707,-6.8289192199707,xgboost,absolute,fold_2,6h,ppb
2026-08-15T12:45:00Z,1,49.64,60.08,52.26632308959961,-2.626323089599609,xgboost,absolute,fold_2,6h,ppb
2026-08-15T13:00:00Z,1,56.96,56.55,52.751895904541016,4.208104095458985,xgboost,absolute,fold_2,6h,ppb
2026-08-15T13:15:00Z,1,56.06,58.75,54.20186233520508,1.8581376647949241,xgboost,absolute,fold_2,6h,ppb
2026-08-15T13:30:00Z,1,54.96,62.14,54.793739318847656,0.1662606811523446,xgboost,absolute,fold_2,6h,ppb
2026-08-15T13:45:00Z,1,58.35,60.59,54.23849868774414,4.111501312255861,xgboost,absolute,fold_2,6h,ppb
2026-08-15T14:00:00Z,1,60.68,61.66,53.994468688964844,6.685531311035156,xgboost,absolute,fold_2,6h,ppb
2026-08-15T14:15:00Z,1,52.01,59.57,55.149925231933594,-3.1399252319335957,xgboost,absolute,fold_2,6h,ppb
2026-08-15T14:30:00Z,1,51.98,59.96,57.10261917114258,-5.122619171142581,xgboost,absolute,fold_2,6h,ppb
2026-08-15T14:45:00Z,1,59.29,58.57,60.27506637573242,-0.9850663757324227,xgboost,absolute,fold_2,6h,ppb
2026-08-15T15:00:00Z,1,58.24,55.1,58.86262893676758,-0.6226289367675761,xgboost,absolute,fold_2,6h,ppb
2026-08-15T15:15:00Z,1,58.81,50.0,58.060791015625,0.7492089843750023,xgboost,absolute,fold_2,6h,ppb
2026-08-15T15:30:00Z,1,52.45,50.28,53.149803161621094,-0.6998031616210909,xgboost,absolute,fold_2,6h,ppb
2026-08-15T15:45:00Z,1,51.19,44.35,52.37148666381836,-1.1814866638183616,xgboost,absolute,fold_2,6h,ppb
2026-08-15T16:00:00Z,1,55.02,38.79,50.61451721191406,4.405482788085941,xgboost,absolute,fold_2,6h,ppb
2026-08-15T16:15:00Z,1,56.93,42.36,52.6595458984375,4.2704541015625,xgboost,absolute,fold_2,6h,ppb
2026-08-15T16:30:00Z,1,56.08,46.28,51.176273345947266,4.903726654052733,xgboost,absolute,fold_2,6h,ppb
2026-08-15T16:45:00Z,1,56.68,43.04,51.031715393066406,5.6482846069335935,xgboost,absolute,fold_2,6h,ppb
2026-08-15T17:00:00Z,1,54.6,42.59,50.35002517700195,4.249974822998048,xgboost,absolute,fold_2,6h,ppb
2026-08-15T17:15:00Z,1,53.13,42.11,47.93146514892578,5.198534851074221,xgboost,absolute,fold_2,6h,ppb
2026-08-15T17:30:00Z,1,54.81,39.44,50.257911682128906,4.552088317871096,xgboost,absolute,fold_2,6h,ppb
2026-08-15T17:45:00Z,1,52.71,42.47,46.220577239990234,6.4894227600097665,xgboost,absolute,fold_2,6h,ppb
2026-08-15T18:00:00Z,1,55.7,52.16,46.253135681152344,9.446864318847659,xgboost,absolute,fold_2,6h,ppb
2026-08-15T18:15:00Z,1,56.93,48.38,42.65544128417969,14.274558715820312,xgboost,absolute,fold_2,6h,ppb
2026-08-15T18:30:00Z,1,62.43,45.7,42.567298889160156,19.862701110839843,xgboost,absolute,fold_2,6h,ppb
2026-08-15T18:45:00Z,1,64.04,49.64,42.480316162109375,21.55968383789063,xgboost,absolute,fold_2,6h,ppb
2026-08-15T19:00:00Z,1,57.13,56.96,45.45376968383789,11.676230316162112,xgboost,absolute,fold_2,6h,ppb
2026-08-15T19:15:00Z,1,49.06,56.06,46.01890182495117,3.0410981750488304,xgboost,absolute,fold_2,6h,ppb
2026-08-15T19:30:00Z,1,45.1,54.96,46.451942443847656,-1.3519424438476548,xgboost,absolute,fold_2,6h,ppb
2026-08-15T19:45:00Z,1,43.27,58.35,47.64724349975586,-4.377243499755856,xgboost,absolute,fold_2,6h,ppb
2026-08-15T20:00:00Z,1,41.52,60.68,46.99178695678711,-5.471786956787106,xgboost,absolute,fold_2,6h,ppb
2026-08-15T20:15:00Z,1,38.79,52.01,46.761600494384766,-7.9716004943847665,xgboost,absolute,fold_2,6h,ppb
2026-08-15T20:30:00Z,1,31.45,51.98,50.71311950683594,-19.263119506835938,xgboost,absolute,fold_2,6h,ppb
2026-08-15T20:45:00Z,1,36.15,59.29,51.437564849853516,-15.287564849853517,xgboost,absolute,fold_2,6h,ppb
2026-08-15T21:00:00Z,1,36.31,58.24,50.501461029052734,-14.191461029052732,xgboost,absolute,fold_2,6h,ppb
2026-08-15T21:15:00Z,1,34.12,58.81,52.92441940307617,-18.804419403076174,xgboost,absolute,fold_2,6h,ppb
2026-08-15T21:30:00Z,1,28.27,52.45,51.703941345214844,-23.433941345214844,xgboost,absolute,fold_2,6h,ppb
2026-08-15T21:45:00Z,1,35.54,51.19,51.10667037963867,-15.566670379638673,xgboost,absolute,fold_2,6h,ppb
2026-08-15T22:00:00Z,1,39.04,55.02,56.4610710144043,-17.421071014404298,xgboost,absolute,fold_2,6h,ppb
2026-08-15T22:15:00Z,1,37.95,56.93,56.96558380126953,-19.01558380126953,xgboost,absolute,fold_2,6h,ppb
2026-08-15T22:30:00Z,1,38.09,56.08,57.229793548583984,-19.13979354858398,xgboost,absolute,fold_2,6h,ppb
2026-08-15T22:45:00Z,1,37.46,56.68,58.548336029052734,-21.088336029052734,xgboost,absolute,fold_2,6h,ppb
2026-08-15T23:00:00Z,1,59.29,54.6,62.07793426513672,-2.7879342651367196,xgboost,absolute,fold_2,6h,ppb
2026-08-15T23:15:00Z,1,69.16,53.13,61.1170654296875,8.042934570312497,xgboost,absolute,fold_2,6h,ppb
2026-08-15T23:30:00Z,1,65.11,54.81,62.738990783691406,2.371009216308593,xgboost,absolute,fold_2,6h,ppb
2026-08-15T23:45:00Z,1,65.11,52.71,67.10406494140625,-1.9940649414062506,xgboost,absolute,fold_2,6h,ppb
2026-08-14T00:00:00Z,1,70.96,51.84,66.33308776855469,4.626912231445303,xgboost,delta,fold_2,6h,ppb
2026-08-14T00:15:00Z,1,72.37,50.6,66.24918041229247,6.12081958770753,xgboost,delta,fold_2,6h,ppb
2026-08-14T00:30:00Z,1,75.49,46.86,64.1292928314209,11.360707168579097,xgboost,delta,fold_2,6h,ppb
2026-08-14T00:45:00Z,1,77.66,46.9,64.06350936889649,13.596490631103507,xgboost,delta,fold_2,6h,ppb
2026-08-14T01:00:00Z,1,76.59,50.73,62.50368068695068,14.086319313049323,xgboost,delta,fold_2,6h,ppb
2026-08-14T01:15:00Z,1,82.2,54.17,72.15510360717774,10.044896392822267,xgboost,delta,fold_2,6h,ppb
2026-08-14T01:30:00Z,1,84.8,52.26,73.32486511230468,11.475134887695319,xgboost,delta,fold_2,6h,ppb
2026-08-14T01:45:00Z,1,81.27,55.75,74.63071060180664,6.639289398193355,xgboost,delta,fold_2,6h,ppb
2026-08-14T02:00:00Z,1,85.15,55.64,74.87149108886719,10.278508911132818,xgboost,delta,fold_2,6h,ppb
2026-08-14T02:15:00Z,1,85.09,55.45,74.04186744689942,11.048132553100587,xgboost,delta,fold_2,6h,ppb
2026-08-14T02:30:00Z,1,81.1,55.32,73.287622756958,7.812377243041993,xgboost,delta,fold_2,6h,ppb
2026-08-14T02:45:00Z,1,75.37,56.2,74.1291877746582,1.2408122253417986,xgboost,delta,fold_2,6h,ppb
2026-08-14T03:00:00Z,1,76.54,59.28,74.81505611419678,1.7249438858032278,xgboost,delta,fold_2,6h,ppb
2026-08-14T03:15:00Z,1,70.15,58.89,75.70584739685059,-5.555847396850581,xgboost,delta,fold_2,6h,ppb
2026-08-14T03:30:00Z,1,70.49,58.46,75.22484489440919,-4.734844894409193,xgboost,delta,fold_2,6h,ppb
2026-08-14T03:45:00Z,1,73.01,56.52,71.69250633239747,1.317493667602534,xgboost,delta,fold_2,6h,ppb
2026-08-14T04:00:00Z,1,71.21,59.14,67.67462791442871,3.5353720855712822,xgboost,delta,fold_2,6h,ppb
2026-08-14T04:15:00Z,1,69.34,61.44,70.60174602508545,-1.2617460250854435,xgboost,delta,fold_2,6h,ppb
2026-08-14T04:30:00Z,1,69.63,63.72,68.52357789993286,1.1064221000671353,xgboost,delta,fold_2,6h,ppb
2026-08-14T04:45:00Z,1,66.46,65.94,62.10028261184692,4.359717388153072,xgboost,delta,fold_2,6h,ppb
2026-08-14T05:00:00Z,1,68.05,65.1,59.813044166564936,8.236955833435061,xgboost,delta,fold_2,6h,ppb
2026-08-14T05:15:00Z,1,72.85,68.51,61.523417243957525,11.32658275604247,xgboost,delta,fold_2,6h,ppb
2026-08-14T05:30:00Z,1,72.55,69.36,64.52121196746826,8.028788032531736,xgboost,delta,fold_2,6h,ppb
2026-08-14T05:45:00Z,1,72.41,71.93,61.75832622528077,10.651673774719228,xgboost,delta,fold_2,6h,ppb
2026-08-14T06:00:00Z,1,69.86,70.96,61.886423072814935,7.973576927185064,xgboost,delta,fold_2,6h,ppb
2026-08-14T06:15:00Z,1,67.39,72.37,61.623563880920415,5.766436119079586,xgboost,delta,fold_2,6h,ppb
2026-08-14T06:30:00Z,1,67.0,75.49,61.152693023681636,5.8473069763183645,xgboost,delta,fold_2,6h,ppb
2026-08-14T06:45:00Z,1,71.15,77.66,61.55285278320312,9.597147216796884,xgboost,delta,fold_2,6h,ppb
2026-08-14T07:00:00Z,1,73.54,76.59,59.44608863830567,14.093911361694339,xgboost,delta,fold_2,6h,ppb
2026-08-14T07:15:00Z,1,68.46,82.2,60.07820053100586,8.381799468994132,xgboost,delta,fold_2,6h,ppb
2026-08-14T07:30:00Z,1,71.74,84.8,61.062557983398435,10.67744201660156,xgboost,delta,fold_2,6h,ppb
2026-08-14T07:45:00Z,1,68.38,81.27,60.5614867401123,7.818513259887695,xgboost,delta,fold_2,6h,ppb
2026-08-14T08:00:00Z,1,71.66,85.15,64.54806747436524,7.1119325256347565,xgboost,delta,fold_2,6h,ppb
2026-08-14T08:15:00Z,1,65.99,85.09,66.30202659606934,-0.31202659606934446,xgboost,delta,fold_2,6h,ppb
2026-08-14T08:30:00Z,1,72.39,81.1,64.73547134399413,7.654528656005866,xgboost,delta,fold_2,6h,ppb
2026-08-14T08:45:00Z,1,72.06,75.37,65.65080558776856,6.409194412231443,xgboost,delta,fold_2,6h,ppb
2026-08-14T09:00:00Z,1,71.62,76.54,64.82561115264893,6.7943888473510725,xgboost,delta,fold_2,6h,ppb
2026-08-14T09:15:00Z,1,68.08,70.15,59.83447399139405,8.24552600860595,xgboost,delta,fold_2,6h,ppb
2026-08-14T09:30:00Z,1,69.28,70.49,57.02023719787597,12.25976280212403,xgboost,delta,fold_2,6h,ppb
2026-08-14T09:45:00Z,1,65.11,73.01,58.336559066772466,6.773440933227533,xgboost,delta,fold_2,6h,ppb
2026-08-14T10:00:00Z,1,61.9,71.21,57.9675569152832,3.9324430847168017,xgboost,delta,fold_2,6h,ppb
2026-08-14T10:15:00Z,1,70.95,69.34,56.04012378692627,14.90987621307373,xgboost,delta,fold_2,6h,ppb
2026-08-14T10:30:00Z,1,72.11,69.63,55.55373466491699,16.556265335083012,xgboost,delta,fold_2,6h,ppb
2026-08-14T10:45:00Z,1,70.63,66.46,51.521642646789545,19.10835735321045,xgboost,delta,fold_2,6h,ppb
2026-08-14T11:00:00Z,1,70.88,68.05,53.857076454162595,17.0229235458374,xgboost,delta,fold_2,6h,ppb
2026-08-14T11:15:00Z,1,66.28,72.85,57.55746517181396,8.722534828186042,xgboost,delta,fold_2,6h,ppb
2026-08-14T11:30:00Z,1,61.48,72.55,58.606927680969235,2.8730723190307614,xgboost,delta,fold_2,6h,ppb
2026-08-14T11:45:00Z,1,61.2,72.41,56.75003734588623,4.449962654113776,xgboost,delta,fold_2,6h,ppb
2026-08-14T12:00:00Z,1,60.82,69.86,56.40793548583984,4.412064514160157,xgboost,delta,fold_2,6h,ppb
2026-08-14T12:15:00Z,1,60.26,67.39,57.3069979095459,2.953002090454099,xgboost,delta,fold_2,6h,ppb
2026-08-14T12:30:00Z,1,66.46,67.0,54.57081604003906,11.889183959960931,xgboost,delta,fold_2,6h,ppb
2026-08-14T12:45:00Z,1,66.83,71.15,58.24320831298829,8.586791687011711,xgboost,delta,fold_2,6h,ppb
2026-08-14T13:00:00Z,1,65.55,73.54,58.101465263366705,7.448534736633292,xgboost,delta,fold_2,6h,ppb
2026-08-14T13:15:00Z,1,61.92,68.46,53.76616474151611,8.153835258483895,xgboost,delta,fold_2,6h,ppb
2026-08-14T13:30:00Z,1,62.59,71.74,56.00236820220947,6.587631797790536,xgboost,delta,fold_2,6h,ppb
2026-08-14T13:45:00Z,1,60.11,68.38,56.04791248321533,4.062087516784672,xgboost,delta,fold_2,6h,ppb
2026-08-14T14:00:00Z,1,64.79,71.66,59.225809249877926,5.56419075012208,xgboost,delta,fold_2,6h,ppb
2026-08-14T14:15:00Z,1,67.05,65.99,55.85668491363525,11.193315086364748,xgboost,delta,fold_2,6h,ppb
2026-08-14T14:30:00Z,1,60.82,72.39,59.39656986236572,1.423430137634277,xgboost,delta,fold_2,6h,ppb
2026-08-14T14:45:00Z,1,60.86,72.06,58.24008327484131,2.6199167251586886,xgboost,delta,fold_2,6h,ppb
2026-08-14T15:00:00Z,1,60.92,71.62,59.79856311798096,1.1214368820190401,xgboost,delta,fold_2,6h,ppb
2026-08-14T15:15:00Z,1,61.03,68.08,55.32550151824951,5.704498481750491,xgboost,delta,fold_2,6h,ppb
2026-08-14T15:30:00Z,1,62.01,69.28,57.908746032714845,4.101253967285153,xgboost,delta,fold_2,6h,ppb
2026-08-14T15:45:00Z,1,56.74,65.11,60.15810810089111,-3.4181081008911107,xgboost,delta,fold_2,6h,ppb
2026-08-14T16:00:00Z,1,53.71,61.9,58.63358345031738,-4.9235834503173805,xgboost,delta,fold_2,6h,ppb
2026-08-14T16:15:00Z,1,55.06,70.95,61.88454933166504,-6.82454933166504,xgboost,delta,fold_2,6h,ppb
2026-08-14T16:30:00Z,1,58.08,72.11,63.58244453430176,-5.502444534301759,xgboost,delta,fold_2,6h,ppb
2026-08-14T16:45:00Z,1,61.06,70.63,60.906576995849605,0.15342300415039745,xgboost,delta,fold_2,6h,ppb
2026-08-14T17:00:00Z,1,63.26,70.88,60.11742866516113,3.1425713348388697,xgboost,delta,fold_2,6h,ppb
2026-08-14T17:15:00Z,1,66.64,66.28,59.984155921936036,6.655844078063964,xgboost,delta,fold_2,6h,ppb
2026-08-14T17:30:00Z,1,67.18,61.48,59.64106748580932,7.538932514190684,xgboost,delta,fold_2,6h,ppb
2026-08-14T17:45:00Z,1,63.89,61.2,59.02139658927918,4.868603410720823,xgboost,delta,fold_2,6h,ppb
2026-08-14T18:00:00Z,1,65.95,60.82,56.705018825531006,9.244981174468997,xgboost,delta,fold_2,6h,ppb
2026-08-14T18:15:00Z,1,64.55,60.26,56.074255237579344,8.475744762420653,xgboost,delta,fold_2,6h,ppb
2026-08-14T18:30:00Z,1,65.7,66.46,54.740973434448236,10.959026565551767,xgboost,delta,fold_2,6h,ppb
2026-08-14T18:45:00Z,1,64.64,66.83,55.525947647094725,9.114052352905276,xgboost,delta,fold_2,6h,ppb
2026-08-14T19:00:00Z,1,66.1,65.55,54.617733764648435,11.48226623535156,xgboost,delta,fold_2,6h,ppb
2026-08-14T19:15:00Z,1,68.39,61.92,56.18755714416504,12.20244285583496,xgboost,delta,fold_2,6h,ppb
2026-08-14T19:30:00Z,1,64.9,62.59,59.32200917243958,5.577990827560427,xgboost,delta,fold_2,6h,ppb
2026-08-14T19:45:00Z,1,66.53,60.11,59.249449417591094,7.280550582408907,xgboost,delta,fold_2,6h,ppb
2026-08-14T20:00:00Z,1,66.02,64.79,59.84862188339234,6.171378116607656,xgboost,delta,fold_2,6h,ppb
2026-08-14T20:15:00Z,1,62.3,67.05,60.46818761825561,1.8318123817443848,xgboost,delta,fold_2,6h,ppb
2026-08-14T20:30:00Z,1,62.53,60.82,61.499962038993836,1.0300379610061654,xgboost,delta,fold_2,6h,ppb
2026-08-14T20:45:00Z,1,61.58,60.86,61.46863626003265,0.11136373996734505,xgboost,delta,fold_2,6h,ppb
2026-08-14T21:00:00Z,1,62.34,60.92,62.05043510913849,0.28956489086151294,xgboost,delta,fold_2,6h,ppb
2026-08-14T21:15:00Z,1,62.61,61.03,63.71999934196472,-1.1099993419647234,xgboost,delta,fold_2,6h,ppb
2026-08-14T21:30:00Z,1,58.56,62.01,61.17443526744842,-2.614435267448421,xgboost,delta,fold_2,6h,ppb
2026-08-14T21:45:00Z,1,61.81,56.74,59.58971594810486,2.220284051895142,xgboost,delta,fold_2,6h,ppb
2026-08-14T22:00:00Z,1,61.24,53.71,59.77992435455322,1.4600756454467785,xgboost,delta,fold_2,6h,ppb
2026-08-14T22:15:00Z,1,62.41,55.06,57.43809228897095,4.971907711029047,xgboost,delta,fold_2,6h,ppb
2026-08-14T22:30:00Z,1,63.72,58.08,58.986797170639036,4.7332028293609625,xgboost,delta,fold_2,6h,ppb
2026-08-14T22:45:00Z,1,63.52,61.06,61.062949088346215,2.4570509116537878,xgboost,delta,fold_2,6h,ppb
2026-08-14T23:00:00Z,1,67.33,63.26,62.05727518558502,5.272724814414978,xgboost,delta,fold_2,6h,ppb
2026-08-14T23:15:00Z,1,71.46,66.64,62.57919610977173,8.880803890228265,xgboost,delta,fold_2,6h,ppb
2026-08-14T23:30:00Z,1,75.36,67.18,61.50166051864625,13.858339481353752,xgboost,delta,fold_2,6h,ppb
2026-08-14T23:45:00Z,1,75.47,63.89,63.29754169225693,12.17245830774307,xgboost,delta,fold_2,6h,ppb
2026-08-15T00:00:00Z,1,78.47,65.95,63.79015774726868,14.67984225273132,xgboost,delta,fold_2,6h,ppb
2026-08-15T00:15:00Z,1,79.02,64.55,65.81116788387298,13.208832116127013,xgboost,delta,fold_2,6h,ppb
2026-08-15T00:30:00Z,1,78.87,65.7,65.25066519975663,13.61933480024338,xgboost,delta,fold_2,6h,ppb
2026-08-15T00:45:00Z,1,83.35,64.64,63.25971378326416,20.090286216735834,xgboost,delta,fold_2,6h,ppb
2026-08-15T01:00:00Z,1,77.87,66.1,63.945925569534296,13.924074430465708,xgboost,delta,fold_2,6h,ppb
2026-08-15T01:15:00Z,1,77.36,68.39,66.27159084320068,11.088409156799315,xgboost,delta,fold_2,6h,ppb
2026-08-15T01:30:00Z,1,79.84,64.9,64.72185755670071,15.118142443299291,xgboost,delta,fold_2,6h,ppb
2026-08-15T01:45:00Z,1,73.52,66.53,67.2251242685318,6.294875731468196,xgboost,delta,fold_2,6h,ppb
2026-08-15T02:00:00Z,1,77.61,66.02,66.58287348270416,11.02712651729584,xgboost,delta,fold_2,6h,ppb
2026-08-15T02:15:00Z,1,89.18,62.3,67.43233280181884,21.747667198181162,xgboost,delta,fold_2,6h,ppb
2026-08-15T02:30:00Z,1,75.48,62.53,66.83271053314209,8.647289466857913,xgboost,delta,fold_2,6h,ppb
2026-08-15T02:45:00Z,1,76.89,61.58,67.0348773765564,9.855122623443606,xgboost,delta,fold_2,6h,ppb
2026-08-15T03:00:00Z,1,70.72,62.34,66.76124128341675,3.9587587165832474,xgboost,delta,fold_2,6h,ppb
2026-08-15T03:15:00Z,1,68.61,62.61,64.70887290000915,3.9011270999908447,xgboost,delta,fold_2,6h,ppb
2026-08-15T03:30:00Z,1,67.63,58.56,63.78394704818726,3.8460529518127373,xgboost,delta,fold_2,6h,ppb
2026-08-15T03:45:00Z,1,67.46,61.81,64.01611691474915,3.443883085250846,xgboost,delta,fold_2,6h,ppb
2026-08-15T04:00:00Z,1,63.91,61.24,64.23242115020753,-0.32242115020753204,xgboost,delta,fold_2,6h,ppb
2026-08-15T04:15:00Z,1,64.94,62.41,62.830459181070324,2.1095408189296734,xgboost,delta,fold_2,6h,ppb
2026-08-15T04:30:00Z,1,67.96,63.72,61.4274031829834,6.5325968170165964,xgboost,delta,fold_2,6h,ppb
2026-08-15T04:45:00Z,1,60.45,63.52,61.90317728042603,-1.4531772804260257,xgboost,delta,fold_2,6h,ppb
2026-08-15T05:00:00Z,1,59.92,67.33,62.85289295196533,-2.9328929519653286,xgboost,delta,fold_2,6h,ppb
2026-08-15T05:15:00Z,1,62.83,71.46,64.26534076690673,-1.4353407669067337,xgboost,delta,fold_2,6h,ppb
2026-08-15T05:30:00Z,1,61.5,75.36,66.19406734466553,-4.694067344665527,xgboost,delta,fold_2,6h,ppb
2026-08-15T05:45:00Z,1,58.06,75.47,65.07296058654785,-7.012960586547848,xgboost,delta,fold_2,6h,ppb
2026-08-15T06:00:00Z,1,58.67,78.47,63.20133945465088,-4.531339454650876,xgboost,delta,fold_2,6h,ppb
2026-08-15T06:15:00Z,1,60.33,79.02,64.37628032684326,-4.0462803268432594,xgboost,delta,fold_2,6h,ppb
2026-08-15T06:30:00Z,1,58.11,78.87,65.7503472518921,-7.640347251892095,xgboost,delta,fold_2,6h,ppb
2026-08-15T06:45:00Z,1,60.08,83.35,66.44735298156738,-6.367352981567379,xgboost,delta,fold_2,6h,ppb
2026-08-15T07:00:00Z,1,56.55,77.87,65.67928039550782,-9.12928039550782,xgboost,delta,fold_2,6h,ppb
2026-08-15T07:15:00Z,1,58.75,77.36,62.81525360107422,-4.065253601074218,xgboost,delta,fold_2,6h,ppb
2026-08-15T07:30:00Z,1,62.14,79.84,63.482429351806644,-1.3424293518066435,xgboost,delta,fold_2,6h,ppb
2026-08-15T07:45:00Z,1,60.59,73.52,66.0108857345581,-5.420885734558098,xgboost,delta,fold_2,6h,ppb
2026-08-15T08:00:00Z,1,61.66,77.61,65.48454605102539,-3.8245460510253935,xgboost,delta,fold_2,6h,ppb
2026-08-15T08:15:00Z,1,59.57,89.18,69.88506286621094,-10.315062866210944,xgboost,delta,fold_2,6h,ppb
2026-08-15T08:30:00Z,1,59.96,75.48,69.06662843704224,-9.10662843704224,xgboost,delta,fold_2,6h,ppb
2026-08-15T08:45:00Z,1,58.57,76.89,65.19160140991211,-6.62160140991211,xgboost,delta,fold_2,6h,ppb
2026-08-15T09:00:00Z,1,55.1,70.72,59.27636405944824,-4.17636405944824,xgboost,delta,fold_2,6h,ppb
2026-08-15T09:15:00Z,1,50.0,68.61,55.564463958740234,-5.564463958740234,xgboost,delta,fold_2,6h,ppb
2026-08-15T09:30:00Z,1,50.28,67.63,53.3500117111206,-3.0700117111206,xgboost,delta,fold_2,6h,ppb
2026-08-15T09:45:00Z,1,44.35,67.46,50.98595138549804,-6.635951385498039,xgboost,delta,fold_2,6h,ppb
2026-08-15T10:00:00Z,1,38.79,63.91,49.14003482818603,-10.350034828186033,xgboost,delta,fold_2,6h,ppb
2026-08-15T10:15:00Z,1,42.36,64.94,48.16386360168457,-5.803863601684569,xgboost,delta,fold_2,6h,ppb
2026-08-15T10:30:00Z,1,46.28,67.96,49.24884124755859,-2.9688412475585864,xgboost,delta,fold_2,6h,ppb
2026-08-15T10:45:00Z,1,43.04,60.45,50.879936408996585,-7.839936408996586,xgboost,delta,fold_2,6h,ppb
2026-08-15T11:00:00Z,1,42.59,59.92,49.057386322021486,-6.467386322021483,xgboost,delta,fold_2,6h,ppb
2026-08-15T11:15:00Z,1,42.11,62.83,49.20694549560547,-7.096945495605468,xgboost,delta,fold_2,6h,ppb
2026-08-15T11:30:00Z,1,39.44,61.5,47.85910415649414,-8.419104156494143,xgboost,delta,fold_2,6h,ppb
2026-08-15T11:45:00Z,1,42.47,58.06,50.55559593200684,-8.08559593200684,xgboost,delta,fold_2,6h,ppb
2026-08-15T12:00:00Z,1,52.16,58.67,49.17729751586914,2.9827024841308543,xgboost,delta,fold_2,6h,ppb
2026-08-15T12:15:00Z,1,48.38,60.33,50.173631744384764,-1.7936317443847614,xgboost,delta,fold_2,6h,ppb
2026-08-15T12:30:00Z,1,45.7,58.11,51.850489959716796,-6.1504899597167935,xgboost,delta,fold_2,6h,ppb
2026-08-15T12:45:00Z,1,49.64,60.08,51.75943286895752,-2.1194328689575173,xgboost,delta,fold_2,6h,ppb
2026-08-15T13:00:00Z,1,56.96,56.55,50.477679538726804,6.482320461273197,xgboost,delta,fold_2,6h,ppb
2026-08-15T13:15:00Z,1,56.06,58.75,52.27374887466431,3.7862511253356956,xgboost,delta,fold_2,6h,ppb
2026-08-15T13:30:00Z,1,54.96,62.14,53.86831058502197,1.0916894149780276,xgboost,delta,fold_2,6h,ppb
2026-08-15T13:45:00Z,1,58.35,60.59,54.082784500122074,4.267215499877928,xgboost,delta,fold_2,6h,ppb
2026-08-15T14:00:00Z,1,60.68,61.66,54.56992641448974,6.110073585510257,xgboost,delta,fold_2,6h,ppb
2026-08-15T14:15:00Z,1,52.01,59.57,54.39498121261597,-2.384981212615969,xgboost,delta,fold_2,6h,ppb
2026-08-15T14:30:00Z,1,51.98,59.96,57.82299443244934,-5.842994432449345,xgboost,delta,fold_2,6h,ppb
2026-08-15T14:45:00Z,1,59.29,58.57,58.91063717722893,0.37936282277107125,xgboost,delta,fold_2,6h,ppb
2026-08-15T15:00:00Z,1,58.24,55.1,55.1207446590066,3.119255340993405,xgboost,delta,fold_2,6h,ppb
2026-08-15T15:15:00Z,1,58.81,50.0,54.975619316101074,3.834380683898928,xgboost,delta,fold_2,6h,ppb
2026-08-15T15:30:00Z,1,52.45,50.28,52.65480139732361,-0.2048013973236067,xgboost,delta,fold_2,6h,ppb
2026-08-15T15:45:00Z,1,51.19,44.35,52.0285044670105,-0.8385044670105017,xgboost,delta,fold_2,6h,ppb
2026-08-15T16:00:00Z,1,55.02,38.79,46.43774799346924,8.582252006530766,xgboost,delta,fold_2,6h,ppb
2026-08-15T16:15:00Z,1,56.93,42.36,51.09442840576172,5.8355715942382815,xgboost,delta,fold_2,6h,ppb
2026-08-15T16:30:00Z,1,56.08,46.28,51.782137660980226,4.2978623390197725,xgboost,delta,fold_2,6h,ppb
2026-08-15T16:45:00Z,1,56.68,43.04,49.975537338256835,6.704462661743165,xgboost,delta,fold_2,6h,ppb
2026-08-15T17:00:00Z,1,54.6,42.59,44.449966635704044,10.150033364295957,xgboost,delta,fold_2,6h,ppb
2026-08-15T17:15:00Z,1,53.13,42.11,41.24364738225937,11.886352617740634,xgboost,delta,fold_2,6h,ppb
2026-08-15T17:30:00Z,1,54.81,39.44,40.978877248764036,13.831122751235966,xgboost,delta,fold_2,6h,ppb
2026-08-15T17:45:00Z,1,52.71,42.47,40.627893776893615,12.082106223106386,xgboost,delta,fold_2,6h,ppb
2026-08-15T18:00:00Z,1,55.7,52.16,44.77918544769287,10.920814552307135,xgboost,delta,fold_2,6h,ppb
2026-08-15T18:15:00Z,1,56.93,48.38,40.85375059127808,16.07624940872192,xgboost,delta,fold_2,6h,ppb
2026-08-15T18:30:00Z,1,62.43,45.7,39.98915643692017,22.44084356307983,xgboost,delta,fold_2,6h,ppb
2026-08-15T18:45:00Z,1,64.04,49.64,41.86678899765015,22.17321100234986,xgboost,delta,fold_2,6h,ppb
2026-08-15T19:00:00Z,1,57.13,56.96,39.95710273742676,17.172897262573244,xgboost,delta,fold_2,6h,ppb
2026-08-15T19:15:00Z,1,49.06,56.06,39.86406761169434,9.195932388305664,xgboost,delta,fold_2,6h,ppb
2026-08-15T19:30:00Z,1,45.1,54.96,40.586336097717286,4.513663902282715,xgboost,delta,fold_2,6h,ppb
2026-08-15T19:45:00Z,1,43.27,58.35,43.015534019470216,0.25446598052978686,xgboost,delta,fold_2,6h,ppb
2026-08-15T20:00:00Z,1,41.52,60.68,44.90291374206543,-3.3829137420654263,xgboost,delta,fold_2,6h,ppb
2026-08-15T20:15:00Z,1,38.79,52.01,44.7773020362854,-5.987302036285399,xgboost,delta,fold_2,6h,ppb
2026-08-15T20:30:00Z,1,31.45,51.98,44.24151084899902,-12.791510848999021,xgboost,delta,fold_2,6h,ppb
2026-08-15T20:45:00Z,1,36.15,59.29,47.03046421051025,-10.880464210510254,xgboost,delta,fold_2,6h,ppb
2026-08-15T21:00:00Z,1,36.31,58.24,47.37427257537842,-11.064272575378418,xgboost,delta,fold_2,6h,ppb
2026-08-15T21:15:00Z,1,34.12,58.81,49.73354011535645,-15.61354011535645,xgboost,delta,fold_2,6h,ppb
2026-08-15T21:30:00Z,1,28.27,52.45,46.07068510055542,-17.800685100555423,xgboost,delta,fold_2,6h,ppb
2026-08-15T21:45:00Z,1,35.54,51.19,46.76915496826172,-11.229154968261717,xgboost,delta,fold_2,6h,ppb
2026-08-15T22:00:00Z,1,39.04,55.02,54.39558394670487,-15.355583946704868,xgboost,delta,fold_2,6h,ppb
2026-08-15T22:15:00Z,1,37.95,56.93,57.27163823723793,-19.321638237237927,xgboost,delta,fold_2,6h,ppb
2026-08-15T22:30:00Z,1,38.09,56.08,56.5008852648735,-18.4108852648735,xgboost,delta,fold_2,6h,ppb
2026-08-15T22:45:00Z,1,37.46,56.68,56.5179093259573,-19.057909325957297,xgboost,delta,fold_2,6h,ppb
2026-08-15T23:00:00Z,1,59.29,54.6,61.63386116027832,-2.3438611602783226,xgboost,delta,fold_2,6h,ppb
2026-08-15T23:15:00Z,1,69.16,53.13,59.708429222106936,9.45157077789306,xgboost,delta,fold_2,6h,ppb
2026-08-15T23:30:00Z,1,65.11,54.81,61.70266014099121,3.407339859008786,xgboost,delta,fold_2,6h,ppb
2026-08-15T23:45:00Z,1,65.11,52.71,63.17963214874268,1.9303678512573228,xgboost,delta,fold_2,6h,ppb
2026-08-14T00:00:00Z,1,70.96,51.84,65.46603997066238,5.4939600293376145,lightgbm,absolute,fold_2,6h,ppb
2026-08-14T00:15:00Z,1,72.37,50.6,65.4331433489334,6.936856651066606,lightgbm,absolute,fold_2,6h,ppb
2026-08-14T00:30:00Z,1,75.49,46.86,65.49778972186529,9.992210278134706,lightgbm,absolute,fold_2,6h,ppb
2026-08-14T00:45:00Z,1,77.66,46.9,65.6795563992322,11.9804436007678,lightgbm,absolute,fold_2,6h,ppb
2026-08-14T01:00:00Z,1,76.59,50.73,65.06916426303631,11.52083573696369,lightgbm,absolute,fold_2,6h,ppb
2026-08-14T01:15:00Z,1,82.2,54.17,66.5988922388101,15.601107761189908,lightgbm,absolute,fold_2,6h,ppb
2026-08-14T01:30:00Z,1,84.8,52.26,67.73098101291629,17.06901898708371,lightgbm,absolute,fold_2,6h,ppb
2026-08-14T01:45:00Z,1,81.27,55.75,67.32378662574718,13.946213374252821,lightgbm,absolute,fold_2,6h,ppb
2026-08-14T02:00:00Z,1,85.15,55.64,67.67651532737494,17.473484672625062,lightgbm,absolute,fold_2,6h,ppb
2026-08-14T02:15:00Z,1,85.09,55.45,66.26471748770398,18.825282512296027,lightgbm,absolute,fold_2,6h,ppb
2026-08-14T02:30:00Z,1,81.1,55.32,66.23459414483982,14.865405855160176,lightgbm,absolute,fold_2,6h,ppb
2026-08-14T02:45:00Z,1,75.37,56.2,70.09677514467886,5.273224855321146,lightgbm,absolute,fold_2,6h,ppb
2026-08-14T03:00:00Z,1,76.54,59.28,68.30986285861519,8.230137141384816,lightgbm,absolute,fold_2,6h,ppb
2026-08-14T03:15:00Z,1,70.15,58.89,67.9383365008361,2.2116634991639046,lightgbm,absolute,fold_2,6h,ppb
2026-08-14T03:30:00Z,1,70.49,58.46,69.877315801215,0.61268419878499,lightgbm,absolute,fold_2,6h,ppb
2026-08-14T03:45:00Z,1,73.01,56.52,67.09093340431362,5.919066595686388,lightgbm,absolute,fold_2,6h,ppb
2026-08-14T04:00:00Z,1,71.21,59.14,65.08471774260919,6.125282257390808,lightgbm,absolute,fold_2,6h,ppb
2026-08-14T04:15:00Z,1,69.34,61.44,63.854912024452545,5.485087975547458,lightgbm,absolute,fold_2,6h,ppb
2026-08-14T04:30:00Z,1,69.63,63.72,59.92771468518261,9.702285314817388,lightgbm,absolute,fold_2,6h,ppb
2026-08-14T04:45:00Z,1,66.46,65.94,60.138103480628644,6.32189651937135,lightgbm,absolute,fold_2,6h,ppb
2026-08-14T05:00:00Z,1,68.05,65.1,60.86783199778296,7.18216800221704,lightgbm,absolute,fold_2,6h,ppb
2026-08-14T05:15:00Z,1,72.85,68.51,60.52952511234212,12.320474887657873,lightgbm,absolute,fold_2,6h,ppb
2026-08-14T05:30:00Z,1,72.55,69.36,60.82254708805632,11.72745291194368,lightgbm,absolute,fold_2,6h,ppb
2026-08-14T05:45:00Z,1,72.41,71.93,61.390846324279586,11.01915367572041,lightgbm,absolute,fold_2,6h,ppb
2026-08-14T06:00:00Z,1,69.86,70.96,61.48509006821363,8.37490993178637,lightgbm,absolute,fold_2,6h,ppb
2026-08-14T06:15:00Z,1,67.39,72.37,62.26857620735568,5.121423792644322,lightgbm,absolute,fold_2,6h,ppb
2026-08-14T06:30:00Z,1,67.0,75.49,61.638997904907065,5.361002095092935,lightgbm,absolute,fold_2,6h,ppb
2026-08-14T06:45:00Z,1,71.15,77.66,61.586286712726725,9.56371328727328,lightgbm,absolute,fold_2,6h,ppb
2026-08-14T07:00:00Z,1,73.54,76.59,61.26059738806257,12.279402611937435,lightgbm,absolute,fold_2,6h,ppb
2026-08-14T07:15:00Z,1,68.46,82.2,61.60967164053481,6.8503283594651805,lightgbm,absolute,fold_2,6h,ppb
2026-08-14T07:30:00Z,1,71.74,84.8,62.43884851542942,9.301151484570575,lightgbm,absolute,fold_2,6h,ppb
2026-08-14T07:45:00Z,1,68.38,81.27,64.07792462952258,4.302075370477411,lightgbm,absolute,fold_2,6h,ppb
2026-08-14T08:00:00Z,1,71.66,85.15,64.14589215508212,7.5141078449178735,lightgbm,absolute,fold_2,6h,ppb
2026-08-14T08:15:00Z,1,65.99,85.09,65.31667467085342,0.6733253291465786,lightgbm,absolute,fold_2,6h,ppb
2026-08-14T08:30:00Z,1,72.39,81.1,65.8852341022973,6.504765897702697,lightgbm,absolute,fold_2,6h,ppb
2026-08-14T08:45:00Z,1,72.06,75.37,65.15210202115196,6.907897978848041,lightgbm,absolute,fold_2,6h,ppb
2026-08-14T09:00:00Z,1,71.62,76.54,63.65337525286863,7.966624747131377,lightgbm,absolute,fold_2,6h,ppb
2026-08-14T09:15:00Z,1,68.08,70.15,62.277234960177026,5.802765039822972,lightgbm,absolute,fold_2,6h,ppb
2026-08-14T09:30:00Z,1,69.28,70.49,61.457405383882055,7.8225946161179465,lightgbm,absolute,fold_2,6h,ppb
2026-08-14T09:45:00Z,1,65.11,73.01,59.447718430387546,5.662281569612453,lightgbm,absolute,fold_2,6h,ppb
2026-08-14T10:00:00Z,1,61.9,71.21,59.115726526566796,2.7842734734332026,lightgbm,absolute,fold_2,6h,ppb
2026-08-14T10:15:00Z,1,70.95,69.34,55.949724157359285,15.000275842640718,lightgbm,absolute,fold_2,6h,ppb
2026-08-14T10:30:00Z,1,72.11,69.63,53.68748190274299,18.42251809725701,lightgbm,absolute,fold_2,6h,ppb
2026-08-14T10:45:00Z,1,70.63,66.46,53.13011456203785,17.499885437962142,lightgbm,absolute,fold_2,6h,ppb
2026-08-14T11:00:00Z,1,70.88,68.05,52.677228100725955,18.20277189927404,lightgbm,absolute,fold_2,6h,ppb
2026-08-14T11:15:00Z,1,66.28,72.85,53.85830980807823,12.421690191921769,lightgbm,absolute,fold_2,6h,ppb
2026-08-14T11:30:00Z,1,61.48,72.55,56.062256373627335,5.417743626372662,lightgbm,absolute,fold_2,6h,ppb
2026-08-14T11:45:00Z,1,61.2,72.41,55.552904916946886,5.647095083053117,lightgbm,absolute,fold_2,6h,ppb
2026-08-14T12:00:00Z,1,60.82,69.86,54.88891931438144,5.931080685618561,lightgbm,absolute,fold_2,6h,ppb
2026-08-14T12:15:00Z,1,60.26,67.39,57.120943371300974,3.1390566286990236,lightgbm,absolute,fold_2,6h,ppb
2026-08-14T12:30:00Z,1,66.46,67.0,56.81246325843955,9.647536741560444,lightgbm,absolute,fold_2,6h,ppb
2026-08-14T12:45:00Z,1,66.83,71.15,56.0915049474616,10.738495052538397,lightgbm,absolute,fold_2,6h,ppb
2026-08-14T13:00:00Z,1,65.55,73.54,56.80156446204915,8.748435537950847,lightgbm,absolute,fold_2,6h,ppb
2026-08-14T13:15:00Z,1,61.92,68.46,57.51870246119916,4.40129753880084,lightgbm,absolute,fold_2,6h,ppb
2026-08-14T13:30:00Z,1,62.59,71.74,56.8608535462596,5.729146453740405,lightgbm,absolute,fold_2,6h,ppb
2026-08-14T13:45:00Z,1,60.11,68.38,57.91367553920861,2.196324460791388,lightgbm,absolute,fold_2,6h,ppb
2026-08-14T14:00:00Z,1,64.79,71.66,57.540661028318695,7.249338971681311,lightgbm,absolute,fold_2,6h,ppb
2026-08-14T14:15:00Z,1,67.05,65.99,58.92157439692715,8.128425603072849,lightgbm,absolute,fold_2,6h,ppb
2026-08-14T14:30:00Z,1,60.82,72.39,59.35634235746161,1.4636576425383936,lightgbm,absolute,fold_2,6h,ppb
2026-08-14T14:45:00Z,1,60.86,72.06,59.91301563541983,0.9469843645801674,lightgbm,absolute,fold_2,6h,ppb
2026-08-14T15:00:00Z,1,60.92,71.62,60.0775064819336,0.842493518066405,lightgbm,absolute,fold_2,6h,ppb
2026-08-14T15:15:00Z,1,61.03,68.08,58.64006745233246,2.3899325476675415,lightgbm,absolute,fold_2,6h,ppb
2026-08-14T15:30:00Z,1,62.01,69.28,58.73295321503116,3.2770467849688387,lightgbm,absolute,fold_2,6h,ppb
2026-08-14T15:45:00Z,1,56.74,65.11,59.60457002888758,-2.8645700288875773,lightgbm,absolute,fold_2,6h,ppb
2026-08-14T16:00:00Z,1,53.71,61.9,61.21064786680494,-7.50064786680494,lightgbm,absolute,fold_2,6h,ppb
2026-08-14T16:15:00Z,1,55.06,70.95,60.77598211258404,-5.715982112584037,lightgbm,absolute,fold_2,6h,ppb
2026-08-14T16:30:00Z,1,58.08,72.11,61.77620914720368,-3.6962091472036818,lightgbm,absolute,fold_2,6h,ppb
2026-08-14T16:45:00Z,1,61.06,70.63,61.508611228540126,-0.44861122854012336,lightgbm,absolute,fold_2,6h,ppb
2026-08-14T17:00:00Z,1,63.26,70.88,60.927726177001205,2.3322738229987934,lightgbm,absolute,fold_2,6h,ppb
2026-08-14T17:15:00Z,1,66.64,66.28,61.95599453342921,4.684005466570788,lightgbm,absolute,fold_2,6h,ppb
2026-08-14T17:30:00Z,1,67.18,61.48,60.580105716766475,6.599894283233532,lightgbm,absolute,fold_2,6h,ppb
2026-08-14T17:45:00Z,1,63.89,61.2,59.131014567284474,4.7589854327155265,lightgbm,absolute,fold_2,6h,ppb
2026-08-14T18:00:00Z,1,65.95,60.82,57.79288844527911,8.157111554720892,lightgbm,absolute,fold_2,6h,ppb
2026-08-14T18:15:00Z,1,64.55,60.26,57.290888802096056,7.259111197903941,lightgbm,absolute,fold_2,6h,ppb
2026-08-14T18:30:00Z,1,65.7,66.46,57.42490364512999,8.275096354870016,lightgbm,absolute,fold_2,6h,ppb
2026-08-14T18:45:00Z,1,64.64,66.83,56.83878365400188,7.801216345998121,lightgbm,absolute,fold_2,6h,ppb
2026-08-14T19:00:00Z,1,66.1,65.55,56.03582074344174,10.064179256558255,lightgbm,absolute,fold_2,6h,ppb
2026-08-14T19:15:00Z,1,68.39,61.92,55.331743968033116,13.058256031966884,lightgbm,absolute,fold_2,6h,ppb
2026-08-14T19:30:00Z,1,64.9,62.59,54.886255870111846,10.01374412988816,lightgbm,absolute,fold_2,6h,ppb
2026-08-14T19:45:00Z,1,66.53,60.11,55.07620657776269,11.453793422237311,lightgbm,absolute,fold_2,6h,ppb
2026-08-14T20:00:00Z,1,66.02,64.79,56.91838930570098,9.10161069429902,lightgbm,absolute,fold_2,6h,ppb
2026-08-14T20:15:00Z,1,62.3,67.05,57.21027903626406,5.089720963735935,lightgbm,absolute,fold_2,6h,ppb
2026-08-14T20:30:00Z,1,62.53,60.82,59.1678294175216,3.3621705824783987,lightgbm,absolute,fold_2,6h,ppb
2026-08-14T20:45:00Z,1,61.58,60.86,59.480896811655185,2.099103188344813,lightgbm,absolute,fold_2,6h,ppb
2026-08-14T21:00:00Z,1,62.34,60.92,60.591433917066254,1.748566082933749,lightgbm,absolute,fold_2,6h,ppb
2026-08-14T21:15:00Z,1,62.61,61.03,58.4594122436549,4.150587756345097,lightgbm,absolute,fold_2,6h,ppb
2026-08-14T21:30:00Z,1,58.56,62.01,58.47463956875801,0.08536043124199466,lightgbm,absolute,fold_2,6h,ppb
2026-08-14T21:45:00Z,1,61.81,56.74,57.126374953326895,4.683625046673107,lightgbm,absolute,fold_2,6h,ppb
2026-08-14T22:00:00Z,1,61.24,53.71,62.61821378861081,-1.3782137886108075,lightgbm,absolute,fold_2,6h,ppb
2026-08-14T22:15:00Z,1,62.41,55.06,60.60571563809911,1.8042843619008835,lightgbm,absolute,fold_2,6h,ppb
2026-08-14T22:30:00Z,1,63.72,58.08,59.44604035445521,4.273959645544792,lightgbm,absolute,fold_2,6h,ppb
2026-08-14T22:45:00Z,1,63.52,61.06,60.089238024970435,3.4307619750295686,lightgbm,absolute,fold_2,6h,ppb
2026-08-14T23:00:00Z,1,67.33,63.26,63.47884391715805,3.851156082841946,lightgbm,absolute,fold_2,6h,ppb
2026-08-14T23:15:00Z,1,71.46,66.64,63.66063288507178,7.799367114928216,lightgbm,absolute,fold_2,6h,ppb
2026-08-14T23:30:00Z,1,75.36,67.18,62.337605839484645,13.022394160515354,lightgbm,absolute,fold_2,6h,ppb
2026-08-14T23:45:00Z,1,75.47,63.89,61.8987646114496,13.571235388550399,lightgbm,absolute,fold_2,6h,ppb
2026-08-15T00:00:00Z,1,78.47,65.95,64.64764171049252,13.822358289507477,lightgbm,absolute,fold_2,6h,ppb
2026-08-15T00:15:00Z,1,79.02,64.55,68.83985881885395,10.180141181146041,lightgbm,absolute,fold_2,6h,ppb
2026-08-15T00:30:00Z,1,78.87,65.7,68.50016578265742,10.369834217342586,lightgbm,absolute,fold_2,6h,ppb
2026-08-15T00:45:00Z,1,83.35,64.64,68.65494171962446,14.695058280375534,lightgbm,absolute,fold_2,6h,ppb
2026-08-15T01:00:00Z,1,77.87,66.1,66.49253015502485,11.377469844975153,lightgbm,absolute,fold_2,6h,ppb
2026-08-15T01:15:00Z,1,77.36,68.39,68.52133229643962,8.838667703560375,lightgbm,absolute,fold_2,6h,ppb
2026-08-15T01:30:00Z,1,79.84,64.9,68.72904353162146,11.110956468378546,lightgbm,absolute,fold_2,6h,ppb
2026-08-15T01:45:00Z,1,73.52,66.53,70.30044500109169,3.2195549989083077,lightgbm,absolute,fold_2,6h,ppb
2026-08-15T02:00:00Z,1,77.61,66.02,69.89522505707275,7.714774942927249,lightgbm,absolute,fold_2,6h,ppb
2026-08-15T02:15:00Z,1,89.18,62.3,70.54336517088227,18.63663482911774,lightgbm,absolute,fold_2,6h,ppb
2026-08-15T02:30:00Z,1,75.48,62.53,69.5204381285719,5.959561871428107,lightgbm,absolute,fold_2,6h,ppb
2026-08-15T02:45:00Z,1,76.89,61.58,68.98239012060182,7.90760987939818,lightgbm,absolute,fold_2,6h,ppb
2026-08-15T03:00:00Z,1,70.72,62.34,67.6914047482784,3.0285952517215975,lightgbm,absolute,fold_2,6h,ppb
2026-08-15T03:15:00Z,1,68.61,62.61,67.7548931993188,0.8551068006811988,lightgbm,absolute,fold_2,6h,ppb
2026-08-15T03:30:00Z,1,67.63,58.56,68.11033471207665,-0.48033471207665457,lightgbm,absolute,fold_2,6h,ppb
2026-08-15T03:45:00Z,1,67.46,61.81,66.98162871197873,0.4783712880212647,lightgbm,absolute,fold_2,6h,ppb
2026-08-15T04:00:00Z,1,63.91,61.24,66.298659660906,-2.3886596609060007,lightgbm,absolute,fold_2,6h,ppb
2026-08-15T04:15:00Z,1,64.94,62.41,65.81009642398948,-0.8700964239894802,lightgbm,absolute,fold_2,6h,ppb
2026-08-15T04:30:00Z,1,67.96,63.72,65.05399690135317,2.9060030986468206,lightgbm,absolute,fold_2,6h,ppb
2026-08-15T04:45:00Z,1,60.45,63.52,65.69635243653458,-5.246352436534579,lightgbm,absolute,fold_2,6h,ppb
2026-08-15T05:00:00Z,1,59.92,67.33,61.62673719948328,-1.7067371994832783,lightgbm,absolute,fold_2,6h,ppb
2026-08-15T05:15:00Z,1,62.83,71.46,61.95566682992298,0.8743331700770156,lightgbm,absolute,fold_2,6h,ppb
2026-08-15T05:30:00Z,1,61.5,75.36,61.99761199493777,-0.4976119949377704,lightgbm,absolute,fold_2,6h,ppb
2026-08-15T05:45:00Z,1,58.06,75.47,60.92362637492197,-2.863626374921971,lightgbm,absolute,fold_2,6h,ppb
2026-08-15T06:00:00Z,1,58.67,78.47,60.49914905209494,-1.829149052094941,lightgbm,absolute,fold_2,6h,ppb
2026-08-15T06:15:00Z,1,60.33,79.02,61.190947755892836,-0.8609477558928376,lightgbm,absolute,fold_2,6h,ppb
2026-08-15T06:30:00Z,1,58.11,78.87,61.45719333100499,-3.3471933310049877,lightgbm,absolute,fold_2,6h,ppb
2026-08-15T06:45:00Z,1,60.08,83.35,62.25787154912261,-2.1778715491226137,lightgbm,absolute,fold_2,6h,ppb
2026-08-15T07:00:00Z,1,56.55,77.87,63.42123149270035,-6.871231492700353,lightgbm,absolute,fold_2,6h,ppb
2026-08-15T07:15:00Z,1,58.75,77.36,63.34462331253746,-4.594623312537458,lightgbm,absolute,fold_2,6h,ppb
2026-08-15T07:30:00Z,1,62.14,79.84,63.288709664369556,-1.1487096643695551,lightgbm,absolute,fold_2,6h,ppb
2026-08-15T07:45:00Z,1,60.59,73.52,63.479420624131436,-2.889420624131432,lightgbm,absolute,fold_2,6h,ppb
2026-08-15T08:00:00Z,1,61.66,77.61,62.09032594935908,-0.4303259493590801,lightgbm,absolute,fold_2,6h,ppb
2026-08-15T08:15:00Z,1,59.57,89.18,61.008868076079835,-1.4388680760798351,lightgbm,absolute,fold_2,6h,ppb
2026-08-15T08:30:00Z,1,59.96,75.48,63.76305164597703,-3.8030516459770283,lightgbm,absolute,fold_2,6h,ppb
2026-08-15T08:45:00Z,1,58.57,76.89,62.28302202078043,-3.7130220207804285,lightgbm,absolute,fold_2,6h,ppb
2026-08-15T09:00:00Z,1,55.1,70.72,58.920200386337115,-3.8202003863371132,lightgbm,absolute,fold_2,6h,ppb
2026-08-15T09:15:00Z,1,50.0,68.61,57.130122099332425,-7.130122099332425,lightgbm,absolute,fold_2,6h,ppb
2026-08-15T09:30:00Z,1,50.28,67.63,54.33910808460319,-4.059108084603189,lightgbm,absolute,fold_2,6h,ppb
2026-08-15T09:45:00Z,1,44.35,67.46,53.677380045028656,-9.327380045028654,lightgbm,absolute,fold_2,6h,ppb
2026-08-15T10:00:00Z,1,38.79,63.91,53.24445258763052,-14.45445258763052,lightgbm,absolute,fold_2,6h,ppb
2026-08-15T10:15:00Z,1,42.36,64.94,51.96574000185684,-9.605740001856837,lightgbm,absolute,fold_2,6h,ppb
2026-08-15T10:30:00Z,1,46.28,67.96,53.67162520754255,-7.391625207542546,lightgbm,absolute,fold_2,6h,ppb
2026-08-15T10:45:00Z,1,43.04,60.45,52.38267491020388,-9.342674910203883,lightgbm,absolute,fold_2,6h,ppb
2026-08-15T11:00:00Z,1,42.59,59.92,50.41210215048049,-7.8221021504804895,lightgbm,absolute,fold_2,6h,ppb
2026-08-15T11:15:00Z,1,42.11,62.83,52.83450361224416,-10.724503612244163,lightgbm,absolute,fold_2,6h,ppb
2026-08-15T11:30:00Z,1,39.44,61.5,51.91760361245213,-12.477603612452135,lightgbm,absolute,fold_2,6h,ppb
2026-08-15T11:45:00Z,1,42.47,58.06,51.68489344862654,-9.21489344862654,lightgbm,absolute,fold_2,6h,ppb
2026-08-15T12:00:00Z,1,52.16,58.67,51.005621910300725,1.1543780896992715,lightgbm,absolute,fold_2,6h,ppb
2026-08-15T12:15:00Z,1,48.38,60.33,51.23694454877786,-2.856944548777861,lightgbm,absolute,fold_2,6h,ppb
2026-08-15T12:30:00Z,1,45.7,58.11,52.19674105389258,-6.496741053892578,lightgbm,absolute,fold_2,6h,ppb
2026-08-15T12:45:00Z,1,49.64,60.08,51.9870029779205,-2.3470029779204964,lightgbm,absolute,fold_2,6h,ppb
2026-08-15T13:00:00Z,1,56.96,56.55,51.726087190528624,5.233912809471377,lightgbm,absolute,fold_2,6h,ppb
2026-08-15T13:15:00Z,1,56.06,58.75,52.488490256793064,3.5715097432069385,lightgbm,absolute,fold_2,6h,ppb
2026-08-15T13:30:00Z,1,54.96,62.14,54.035624895962854,0.9243751040371464,lightgbm,absolute,fold_2,6h,ppb
2026-08-15T13:45:00Z,1,58.35,60.59,54.710936016173,3.6390639838270005,lightgbm,absolute,fold_2,6h,ppb
2026-08-15T14:00:00Z,1,60.68,61.66,54.425380168245276,6.254619831754724,lightgbm,absolute,fold_2,6h,ppb
2026-08-15T14:15:00Z,1,52.01,59.57,55.30392998637239,-3.2939299863723903,lightgbm,absolute,fold_2,6h,ppb
2026-08-15T14:30:00Z,1,51.98,59.96,56.03273442094375,-4.05273442094375,lightgbm,absolute,fold_2,6h,ppb
2026-08-15T14:45:00Z,1,59.29,58.57,56.33483215472517,2.955167845274829,lightgbm,absolute,fold_2,6h,ppb
2026-08-15T15:00:00Z,1,58.24,55.1,55.82009277489331,2.419907225106691,lightgbm,absolute,fold_2,6h,ppb
2026-08-15T15:15:00Z,1,58.81,50.0,56.41996106725946,2.390038932740545,lightgbm,absolute,fold_2,6h,ppb
2026-08-15T15:30:00Z,1,52.45,50.28,54.750409535529236,-2.3004095355292336,lightgbm,absolute,fold_2,6h,ppb
2026-08-15T15:45:00Z,1,51.19,44.35,55.198579286706746,-4.008579286706748,lightgbm,absolute,fold_2,6h,ppb
2026-08-15T16:00:00Z,1,55.02,38.79,55.659267961374184,-0.6392679613741805,lightgbm,absolute,fold_2,6h,ppb
2026-08-15T16:15:00Z,1,56.93,42.36,57.04099289167091,-0.11099289167091086,lightgbm,absolute,fold_2,6h,ppb
2026-08-15T16:30:00Z,1,56.08,46.28,56.30233003423947,-0.2223300342394694,lightgbm,absolute,fold_2,6h,ppb
2026-08-15T16:45:00Z,1,56.68,43.04,54.652553242918785,2.027446757081215,lightgbm,absolute,fold_2,6h,ppb
2026-08-15T17:00:00Z,1,54.6,42.59,54.08739740289575,0.512602597104248,lightgbm,absolute,fold_2,6h,ppb
2026-08-15T17:15:00Z,1,53.13,42.11,51.63473225241783,1.4952677475821758,lightgbm,absolute,fold_2,6h,ppb
2026-08-15T17:30:00Z,1,54.81,39.44,51.854214463177016,2.9557855368229866,lightgbm,absolute,fold_2,6h,ppb
2026-08-15T17:45:00Z,1,52.71,42.47,54.06268440449742,-1.352684404497417,lightgbm,absolute,fold_2,6h,ppb
2026-08-15T18:00:00Z,1,55.7,52.16,51.536796482654395,4.1632035173456075,lightgbm,absolute,fold_2,6h,ppb
2026-08-15T18:15:00Z,1,56.93,48.38,50.322781961352476,6.607218038647524,lightgbm,absolute,fold_2,6h,ppb
2026-08-15T18:30:00Z,1,62.43,45.7,50.802184845841346,11.627815154158654,lightgbm,absolute,fold_2,6h,ppb
2026-08-15T18:45:00Z,1,64.04,49.64,50.728939390394814,13.311060609605192,lightgbm,absolute,fold_2,6h,ppb
2026-08-15T19:00:00Z,1,57.13,56.96,51.57916153529733,5.550838464702672,lightgbm,absolute,fold_2,6h,ppb
2026-08-15T19:15:00Z,1,49.06,56.06,52.05011153274203,-2.990111532742027,lightgbm,absolute,fold_2,6h,ppb
2026-08-15T19:30:00Z,1,45.1,54.96,53.14068815736941,-8.04068815736941,lightgbm,absolute,fold_2,6h,ppb
2026-08-15T19:45:00Z,1,43.27,58.35,53.82054684163166,-10.550546841631657,lightgbm,absolute,fold_2,6h,ppb
2026-08-15T20:00:00Z,1,41.52,60.68,54.349862946493715,-12.829862946493712,lightgbm,absolute,fold_2,6h,ppb
2026-08-15T20:15:00Z,1,38.79,52.01,56.671876342155294,-17.881876342155294,lightgbm,absolute,fold_2,6h,ppb
2026-08-15T20:30:00Z,1,31.45,51.98,58.10235140840548,-26.652351408405483,lightgbm,absolute,fold_2,6h,ppb
2026-08-15T20:45:00Z,1,36.15,59.29,58.471317039927875,-22.321317039927877,lightgbm,absolute,fold_2,6h,ppb
2026-08-15T21:00:00Z,1,36.31,58.24,56.43881347847801,-20.12881347847801,lightgbm,absolute,fold_2,6h,ppb
2026-08-15T21:15:00Z,1,34.12,58.81,60.173684194493106,-26.05368419449311,lightgbm,absolute,fold_2,6h,ppb
2026-08-15T21:30:00Z,1,28.27,52.45,59.16875374150051,-30.89875374150051,lightgbm,absolute,fold_2,6h,ppb
2026-08-15T21:45:00Z,1,35.54,51.19,56.54140667124853,-21.00140667124853,lightgbm,absolute,fold_2,6h,ppb
2026-08-15T22:00:00Z,1,39.04,55.02,61.35923212341461,-22.319232123414608,lightgbm,absolute,fold_2,6h,ppb
2026-08-15T22:15:00Z,1,37.95,56.93,62.24526968799573,-24.295269687995727,lightgbm,absolute,fold_2,6h,ppb
2026-08-15T22:30:00Z,1,38.09,56.08,62.215449568715655,-24.125449568715652,lightgbm,absolute,fold_2,6h,ppb
2026-08-15T22:45:00Z,1,37.46,56.68,63.316279648438375,-25.856279648438374,lightgbm,absolute,fold_2,6h,ppb
2026-08-15T23:00:00Z,1,59.29,54.6,66.44865983138966,-7.158659831389663,lightgbm,absolute,fold_2,6h,ppb
2026-08-15T23:15:00Z,1,69.16,53.13,65.61575419553895,3.544245804461042,lightgbm,absolute,fold_2,6h,ppb
2026-08-15T23:30:00Z,1,65.11,54.81,65.09844040677424,0.011559593225754838,lightgbm,absolute,fold_2,6h,ppb
2026-08-15T23:45:00Z,1,65.11,52.71,67.62690854511627,-2.516908545116266,lightgbm,absolute,fold_2,6h,ppb
2026-08-14T00:00:00Z,1,70.96,51.84,67.07286620948685,3.887133790513147,lightgbm,delta,fold_2,6h,ppb
2026-08-14T00:15:00Z,1,72.37,50.6,66.13175119247268,6.238248807527327,lightgbm,delta,fold_2,6h,ppb
2026-08-14T00:30:00Z,1,75.49,46.86,65.31168347941124,10.178316520588751,lightgbm,delta,fold_2,6h,ppb
2026-08-14T00:45:00Z,1,77.66,46.9,65.66639382994258,11.993606170057419,lightgbm,delta,fold_2,6h,ppb
2026-08-14T01:00:00Z,1,76.59,50.73,64.60593197945171,11.984068020548293,lightgbm,delta,fold_2,6h,ppb
2026-08-14T01:15:00Z,1,82.2,54.17,71.16924173534812,11.03075826465188,lightgbm,delta,fold_2,6h,ppb
2026-08-14T01:30:00Z,1,84.8,52.26,71.9283277217309,12.871672278269102,lightgbm,delta,fold_2,6h,ppb
2026-08-14T01:45:00Z,1,81.27,55.75,73.28746872451828,7.982531275481719,lightgbm,delta,fold_2,6h,ppb
2026-08-14T02:00:00Z,1,85.15,55.64,75.38989184909298,9.76010815090703,lightgbm,delta,fold_2,6h,ppb
2026-08-14T02:15:00Z,1,85.09,55.45,76.61901891138969,8.470981088610316,lightgbm,delta,fold_2,6h,ppb
2026-08-14T02:30:00Z,1,81.1,55.32,76.02422541479089,5.075774585209103,lightgbm,delta,fold_2,6h,ppb
2026-08-14T02:45:00Z,1,75.37,56.2,78.62902545896661,-3.2590254589666046,lightgbm,delta,fold_2,6h,ppb
2026-08-14T03:00:00Z,1,76.54,59.28,77.56071351686148,-1.020713516861477,lightgbm,delta,fold_2,6h,ppb
2026-08-14T03:15:00Z,1,70.15,58.89,76.84626407501368,-6.696264075013673,lightgbm,delta,fold_2,6h,ppb
2026-08-14T03:30:00Z,1,70.49,58.46,77.05206870750631,-6.562068707506313,lightgbm,delta,fold_2,6h,ppb
2026-08-14T03:45:00Z,1,73.01,56.52,73.17808009171856,-0.16808009171855076,lightgbm,delta,fold_2,6h,ppb
2026-08-14T04:00:00Z,1,71.21,59.14,69.84334771164971,1.3666522883502807,lightgbm,delta,fold_2,6h,ppb
2026-08-14T04:15:00Z,1,69.34,61.44,70.47442675627661,-1.1344267562766106,lightgbm,delta,fold_2,6h,ppb
2026-08-14T04:30:00Z,1,69.63,63.72,66.55039518255948,3.0796048174405115,lightgbm,delta,fold_2,6h,ppb
2026-08-14T04:45:00Z,1,66.46,65.94,62.91325223586622,3.5467477641337766,lightgbm,delta,fold_2,6h,ppb
2026-08-14T05:00:00Z,1,68.05,65.1,58.348299139138895,9.701700860861102,lightgbm,delta,fold_2,6h,ppb
2026-08-14T05:15:00Z,1,72.85,68.51,60.93697991249349,11.913020087506503,lightgbm,delta,fold_2,6h,ppb
2026-08-14T05:30:00Z,1,72.55,69.36,62.55276488858185,9.99723511141815,lightgbm,delta,fold_2,6h,ppb
2026-08-14T05:45:00Z,1,72.41,71.93,60.93213797984755,11.477862020152443,lightgbm,delta,fold_2,6h,ppb
2026-08-14T06:00:00Z,1,69.86,70.96,61.130557875682534,8.729442124317465,lightgbm,delta,fold_2,6h,ppb
2026-08-14T06:15:00Z,1,67.39,72.37,61.17508364101977,6.214916358980233,lightgbm,delta,fold_2,6h,ppb
2026-08-14T06:30:00Z,1,67.0,75.49,59.5870655842453,7.412934415754698,lightgbm,delta,fold_2,6h,ppb
2026-08-14T06:45:00Z,1,71.15,77.66,59.78194613032435,11.368053869675656,lightgbm,delta,fold_2,6h,ppb
2026-08-14T07:00:00Z,1,73.54,76.59,58.55761520696265,14.982384793037355,lightgbm,delta,fold_2,6h,ppb
2026-08-14T07:15:00Z,1,68.46,82.2,59.356119288371545,9.103880711628449,lightgbm,delta,fold_2,6h,ppb
2026-08-14T07:30:00Z,1,71.74,84.8,59.94400670308667,11.795993296913323,lightgbm,delta,fold_2,6h,ppb
2026-08-14T07:45:00Z,1,68.38,81.27,61.13825312575196,7.241746874248037,lightgbm,delta,fold_2,6h,ppb
2026-08-14T08:00:00Z,1,71.66,85.15,62.859675332316655,8.800324667683341,lightgbm,delta,fold_2,6h,ppb
2026-08-14T08:15:00Z,1,65.99,85.09,65.02945283656155,0.9605471634384486,lightgbm,delta,fold_2,6h,ppb
2026-08-14T08:30:00Z,1,72.39,81.1,65.85151692467923,6.5384830753207694,lightgbm,delta,fold_2,6h,ppb
2026-08-14T08:45:00Z,1,72.06,75.37,64.69417193661714,7.365828063382864,lightgbm,delta,fold_2,6h,ppb
2026-08-14T09:00:00Z,1,71.62,76.54,63.67223515979448,7.947764840205522,lightgbm,delta,fold_2,6h,ppb
2026-08-14T09:15:00Z,1,68.08,70.15,60.0732195796531,8.0067804203469,lightgbm,delta,fold_2,6h,ppb
2026-08-14T09:30:00Z,1,69.28,70.49,58.15388810464245,11.126111895357553,lightgbm,delta,fold_2,6h,ppb
2026-08-14T09:45:00Z,1,65.11,73.01,58.27697596096399,6.833024039036012,lightgbm,delta,fold_2,6h,ppb
2026-08-14T10:00:00Z,1,61.9,71.21,56.98836745848093,4.911632541519069,lightgbm,delta,fold_2,6h,ppb
2026-08-14T10:15:00Z,1,70.95,69.34,54.524194226475466,16.425805773524537,lightgbm,delta,fold_2,6h,ppb
2026-08-14T10:30:00Z,1,72.11,69.63,54.44229021124504,17.667709788754962,lightgbm,delta,fold_2,6h,ppb
2026-08-14T10:45:00Z,1,70.63,66.46,53.06262910481744,17.567370895182556,lightgbm,delta,fold_2,6h,ppb
2026-08-14T11:00:00Z,1,70.88,68.05,55.784059345433135,15.09594065456686,lightgbm,delta,fold_2,6h,ppb
2026-08-14T11:15:00Z,1,66.28,72.85,58.623872022615856,7.656127977384145,lightgbm,delta,fold_2,6h,ppb
2026-08-14T11:30:00Z,1,61.48,72.55,60.35281559364101,1.1271844063589853,lightgbm,delta,fold_2,6h,ppb
2026-08-14T11:45:00Z,1,61.2,72.41,58.96918793710616,2.2308120628938397,lightgbm,delta,fold_2,6h,ppb
2026-08-14T12:00:00Z,1,60.82,69.86,58.01515224894024,2.8048477510597607,lightgbm,delta,fold_2,6h,ppb
2026-08-14T12:15:00Z,1,60.26,67.39,58.636632897905166,1.6233671020948321,lightgbm,delta,fold_2,6h,ppb
2026-08-14T12:30:00Z,1,66.46,67.0,57.81860868745527,8.641391312544727,lightgbm,delta,fold_2,6h,ppb
2026-08-14T12:45:00Z,1,66.83,71.15,60.2505709705279,6.579429029472095,lightgbm,delta,fold_2,6h,ppb
2026-08-14T13:00:00Z,1,65.55,73.54,58.3483148692805,7.201685130719497,lightgbm,delta,fold_2,6h,ppb
2026-08-14T13:15:00Z,1,61.92,68.46,57.2665403254239,4.653459674576105,lightgbm,delta,fold_2,6h,ppb
2026-08-14T13:30:00Z,1,62.59,71.74,57.437979288993375,5.152020711006628,lightgbm,delta,fold_2,6h,ppb
2026-08-14T13:45:00Z,1,60.11,68.38,58.80410355958041,1.3058964404195876,lightgbm,delta,fold_2,6h,ppb
2026-08-14T14:00:00Z,1,64.79,71.66,61.45857916234764,3.3314208376523666,lightgbm,delta,fold_2,6h,ppb
2026-08-14T14:15:00Z,1,67.05,65.99,59.03302061714477,8.016979382855226,lightgbm,delta,fold_2,6h,ppb
2026-08-14T14:30:00Z,1,60.82,72.39,60.41361014759617,0.40638985240383363,lightgbm,delta,fold_2,6h,ppb
2026-08-14T14:45:00Z,1,60.86,72.06,59.75527776187711,1.1047222381228892,lightgbm,delta,fold_2,6h,ppb
2026-08-14T15:00:00Z,1,60.92,71.62,60.82743158570564,0.09256841429436236,lightgbm,delta,fold_2,6h,ppb
2026-08-14T15:15:00Z,1,61.03,68.08,58.09935849063523,2.9306415093647686,lightgbm,delta,fold_2,6h,ppb
2026-08-14T15:30:00Z,1,62.01,69.28,59.13630139334334,2.87369860665666,lightgbm,delta,fold_2,6h,ppb
2026-08-14T15:45:00Z,1,56.74,65.11,59.056517236630555,-2.3165172366305526,lightgbm,delta,fold_2,6h,ppb
2026-08-14T16:00:00Z,1,53.71,61.9,58.12972732074792,-4.419727320747917,lightgbm,delta,fold_2,6h,ppb
2026-08-14T16:15:00Z,1,55.06,70.95,61.94196897419402,-6.881968974194017,lightgbm,delta,fold_2,6h,ppb
2026-08-14T16:30:00Z,1,58.08,72.11,61.93591534493254,-3.8559153449325407,lightgbm,delta,fold_2,6h,ppb
2026-08-14T16:45:00Z,1,61.06,70.63,60.38236458718871,0.6776354128112914,lightgbm,delta,fold_2,6h,ppb
2026-08-14T17:00:00Z,1,63.26,70.88,59.31952399971398,3.9404760002860186,lightgbm,delta,fold_2,6h,ppb
2026-08-14T17:15:00Z,1,66.64,66.28,59.81945787738357,6.8205421226164304,lightgbm,delta,fold_2,6h,ppb
2026-08-14T17:30:00Z,1,67.18,61.48,58.25259087218946,8.927409127810549,lightgbm,delta,fold_2,6h,ppb
2026-08-14T17:45:00Z,1,63.89,61.2,56.20586399053118,7.684136009468823,lightgbm,delta,fold_2,6h,ppb
2026-08-14T18:00:00Z,1,65.95,60.82,56.447658702974664,9.502341297025339,lightgbm,delta,fold_2,6h,ppb
2026-08-14T18:15:00Z,1,64.55,60.26,54.11534286054745,10.434657139452547,lightgbm,delta,fold_2,6h,ppb
2026-08-14T18:30:00Z,1,65.7,66.46,54.97025320617402,10.729746793825981,lightgbm,delta,fold_2,6h,ppb
2026-08-14T18:45:00Z,1,64.64,66.83,55.93466560046084,8.705334399539161,lightgbm,delta,fold_2,6h,ppb
2026-08-14T19:00:00Z,1,66.1,65.55,56.01923743061036,10.080762569389634,lightgbm,delta,fold_2,6h,ppb
2026-08-14T19:15:00Z,1,68.39,61.92,53.42090782893396,14.969092171066038,lightgbm,delta,fold_2,6h,ppb
2026-08-14T19:30:00Z,1,64.9,62.59,55.11904946576737,9.780950534232637,lightgbm,delta,fold_2,6h,ppb
2026-08-14T19:45:00Z,1,66.53,60.11,55.447324684254205,11.082675315745796,lightgbm,delta,fold_2,6h,ppb
2026-08-14T20:00:00Z,1,66.02,64.79,57.04861330683545,8.971386693164547,lightgbm,delta,fold_2,6h,ppb
2026-08-14T20:15:00Z,1,62.3,67.05,58.203608283307595,4.096391716692402,lightgbm,delta,fold_2,6h,ppb
2026-08-14T20:30:00Z,1,62.53,60.82,58.60899478281832,3.92100521718168,lightgbm,delta,fold_2,6h,ppb
2026-08-14T20:45:00Z,1,61.58,60.86,57.92078930847907,3.6592106915209257,lightgbm,delta,fold_2,6h,ppb
2026-08-14T21:00:00Z,1,62.34,60.92,58.69075245594517,3.6492475440548304,lightgbm,delta,fold_2,6h,ppb
2026-08-14T21:15:00Z,1,62.61,61.03,59.59112292413584,3.018877075864161,lightgbm,delta,fold_2,6h,ppb
2026-08-14T21:30:00Z,1,58.56,62.01,57.581984223829075,0.9780157761709276,lightgbm,delta,fold_2,6h,ppb
2026-08-14T21:45:00Z,1,61.81,56.74,56.76741545015873,5.042584549841273,lightgbm,delta,fold_2,6h,ppb
2026-08-14T22:00:00Z,1,61.24,53.71,60.53967047481836,0.7003295251816439,lightgbm,delta,fold_2,6h,ppb
2026-08-14T22:15:00Z,1,62.41,55.06,56.90367215299761,5.506327847002389,lightgbm,delta,fold_2,6h,ppb
2026-08-14T22:30:00Z,1,63.72,58.08,60.97588079249214,2.7441192075078575,lightgbm,delta,fold_2,6h,ppb
2026-08-14T22:45:00Z,1,63.52,61.06,60.00058375336898,3.5194162466310246,lightgbm,delta,fold_2,6h,ppb
2026-08-14T23:00:00Z,1,67.33,63.26,62.72801287355487,4.601987126445131,lightgbm,delta,fold_2,6h,ppb
2026-08-14T23:15:00Z,1,71.46,66.64,62.61437632691407,8.845623673085925,lightgbm,delta,fold_2,6h,ppb
2026-08-14T23:30:00Z,1,75.36,67.18,63.62969331439101,11.730306685608987,lightgbm,delta,fold_2,6h,ppb
2026-08-14T23:45:00Z,1,75.47,63.89,63.42348329149851,12.046516708501485,lightgbm,delta,fold_2,6h,ppb
2026-08-15T00:00:00Z,1,78.47,65.95,69.43718617168825,9.032813828311745,lightgbm,delta,fold_2,6h,ppb
2026-08-15T00:15:00Z,1,79.02,64.55,69.75121802027674,9.268781979723258,lightgbm,delta,fold_2,6h,ppb
2026-08-15T00:30:00Z,1,78.87,65.7,70.50473416156106,8.365265838438944,lightgbm,delta,fold_2,6h,ppb
2026-08-15T00:45:00Z,1,83.35,64.64,69.49216481109566,13.857835188904332,lightgbm,delta,fold_2,6h,ppb
2026-08-15T01:00:00Z,1,77.87,66.1,70.5024123925257,7.367587607474306,lightgbm,delta,fold_2,6h,ppb
2026-08-15T01:15:00Z,1,77.36,68.39,72.05126306965819,5.308736930341809,lightgbm,delta,fold_2,6h,ppb
2026-08-15T01:30:00Z,1,79.84,64.9,70.78916792797786,9.050832072022146,lightgbm,delta,fold_2,6h,ppb
2026-08-15T01:45:00Z,1,73.52,66.53,73.79360912881121,-0.27360912881121635,lightgbm,delta,fold_2,6h,ppb
2026-08-15T02:00:00Z,1,77.61,66.02,73.05063129170141,4.559368708298592,lightgbm,delta,fold_2,6h,ppb
2026-08-15T02:15:00Z,1,89.18,62.3,71.11690258145494,18.06309741854507,lightgbm,delta,fold_2,6h,ppb
2026-08-15T02:30:00Z,1,75.48,62.53,69.00157768165911,6.47842231834089,lightgbm,delta,fold_2,6h,ppb
2026-08-15T02:45:00Z,1,76.89,61.58,68.66347017353945,8.226529826460549,lightgbm,delta,fold_2,6h,ppb
2026-08-15T03:00:00Z,1,70.72,62.34,66.89479222941488,3.8252077705851235,lightgbm,delta,fold_2,6h,ppb
2026-08-15T03:15:00Z,1,68.61,62.61,66.05481651728785,2.5551834827121525,lightgbm,delta,fold_2,6h,ppb
2026-08-15T03:30:00Z,1,67.63,58.56,64.88257793674707,2.7474220632529267,lightgbm,delta,fold_2,6h,ppb
2026-08-15T03:45:00Z,1,67.46,61.81,64.93304785967965,2.526952140320347,lightgbm,delta,fold_2,6h,ppb
2026-08-15T04:00:00Z,1,63.91,61.24,63.61837180040982,0.2916281995901784,lightgbm,delta,fold_2,6h,ppb
2026-08-15T04:15:00Z,1,64.94,62.41,61.919520634321906,3.020479365678092,lightgbm,delta,fold_2,6h,ppb
2026-08-15T04:30:00Z,1,67.96,63.72,61.029531981252276,6.9304680187477175,lightgbm,delta,fold_2,6h,ppb
2026-08-15T04:45:00Z,1,60.45,63.52,62.01077087504776,-1.5607708750477585,lightgbm,delta,fold_2,6h,ppb
2026-08-15T05:00:00Z,1,59.92,67.33,59.2928725098807,0.6271274901192996,lightgbm,delta,fold_2,6h,ppb
2026-08-15T05:15:00Z,1,62.83,71.46,62.81539611301994,0.014603886980054881,lightgbm,delta,fold_2,6h,ppb
2026-08-15T05:30:00Z,1,61.5,75.36,60.048163786813845,1.451836213186155,lightgbm,delta,fold_2,6h,ppb
2026-08-15T05:45:00Z,1,58.06,75.47,60.25044495012989,-2.190444950129887,lightgbm,delta,fold_2,6h,ppb
2026-08-15T06:00:00Z,1,58.67,78.47,60.76386053723639,-2.093860537236388,lightgbm,delta,fold_2,6h,ppb
2026-08-15T06:15:00Z,1,60.33,79.02,61.3539720076499,-1.0239720076499026,lightgbm,delta,fold_2,6h,ppb
2026-08-15T06:30:00Z,1,58.11,78.87,61.58269376035963,-3.4726937603596326,lightgbm,delta,fold_2,6h,ppb
2026-08-15T06:45:00Z,1,60.08,83.35,62.71460540953574,-2.6346054095357445,lightgbm,delta,fold_2,6h,ppb
2026-08-15T07:00:00Z,1,56.55,77.87,64.54793151237797,-7.997931512377974,lightgbm,delta,fold_2,6h,ppb
2026-08-15T07:15:00Z,1,58.75,77.36,61.958649277533965,-3.208649277533965,lightgbm,delta,fold_2,6h,ppb
2026-08-15T07:30:00Z,1,62.14,79.84,61.256860638535585,0.8831393614644156,lightgbm,delta,fold_2,6h,ppb
2026-08-15T07:45:00Z,1,60.59,73.52,65.22748800980423,-4.63748800980423,lightgbm,delta,fold_2,6h,ppb
2026-08-15T08:00:00Z,1,61.66,77.61,62.30557490310815,-0.6455749031081552,lightgbm,delta,fold_2,6h,ppb
2026-08-15T08:15:00Z,1,59.57,89.18,66.80897889211987,-7.238978892119867,lightgbm,delta,fold_2,6h,ppb
2026-08-15T08:30:00Z,1,59.96,75.48,65.31480988492187,-5.35480988492187,lightgbm,delta,fold_2,6h,ppb
2026-08-15T08:45:00Z,1,58.57,76.89,61.16515745093835,-2.595157450938352,lightgbm,delta,fold_2,6h,ppb
2026-08-15T09:00:00Z,1,55.1,70.72,58.58087108976048,-3.480871089760477,lightgbm,delta,fold_2,6h,ppb
2026-08-15T09:15:00Z,1,50.0,68.61,53.886259437249436,-3.8862594372494357,lightgbm,delta,fold_2,6h,ppb
2026-08-15T09:30:00Z,1,50.28,67.63,50.27604626253222,0.003953737467782048,lightgbm,delta,fold_2,6h,ppb
2026-08-15T09:45:00Z,1,44.35,67.46,51.792067203516396,-7.442067203516395,lightgbm,delta,fold_2,6h,ppb
2026-08-15T10:00:00Z,1,38.79,63.91,50.493049025810635,-11.703049025810635,lightgbm,delta,fold_2,6h,ppb
2026-08-15T10:15:00Z,1,42.36,64.94,48.82233245469352,-6.462332454693524,lightgbm,delta,fold_2,6h,ppb
2026-08-15T10:30:00Z,1,46.28,67.96,49.48573079320889,-3.205730793208886,lightgbm,delta,fold_2,6h,ppb
2026-08-15T10:45:00Z,1,43.04,60.45,47.34346385941098,-4.303463859410982,lightgbm,delta,fold_2,6h,ppb
2026-08-15T11:00:00Z,1,42.59,59.92,46.28638976605443,-3.6963897660544234,lightgbm,delta,fold_2,6h,ppb
2026-08-15T11:15:00Z,1,42.11,62.83,47.92903837064817,-5.8190383706481725,lightgbm,delta,fold_2,6h,ppb
2026-08-15T11:30:00Z,1,39.44,61.5,46.15373039097755,-6.7137303909775525,lightgbm,delta,fold_2,6h,ppb
2026-08-15T11:45:00Z,1,42.47,58.06,50.22638122551774,-7.7563812255177425,lightgbm,delta,fold_2,6h,ppb
2026-08-15T12:00:00Z,1,52.16,58.67,48.460043945849684,3.699956054150313,lightgbm,delta,fold_2,6h,ppb
2026-08-15T12:15:00Z,1,48.38,60.33,49.907980250345084,-1.527980250345081,lightgbm,delta,fold_2,6h,ppb
2026-08-15T12:30:00Z,1,45.7,58.11,50.700126410579436,-5.000126410579433,lightgbm,delta,fold_2,6h,ppb
2026-08-15T12:45:00Z,1,49.64,60.08,50.586284981709674,-0.9462849817096739,lightgbm,delta,fold_2,6h,ppb
2026-08-15T13:00:00Z,1,56.96,56.55,49.26522073592782,7.6947792640721815,lightgbm,delta,fold_2,6h,ppb
2026-08-15T13:15:00Z,1,56.06,58.75,51.34958178425904,4.710418215740965,lightgbm,delta,fold_2,6h,ppb
2026-08-15T13:30:00Z,1,54.96,62.14,54.79067204376327,0.16932795623672803,lightgbm,delta,fold_2,6h,ppb
2026-08-15T13:45:00Z,1,58.35,60.59,54.73155720570671,3.618442794293294,lightgbm,delta,fold_2,6h,ppb
2026-08-15T14:00:00Z,1,60.68,61.66,53.517862262691544,7.162137737308456,lightgbm,delta,fold_2,6h,ppb
2026-08-15T14:15:00Z,1,52.01,59.57,54.34831051111726,-2.338310511117264,lightgbm,delta,fold_2,6h,ppb
2026-08-15T14:30:00Z,1,51.98,59.96,56.16200050309388,-4.182000503093882,lightgbm,delta,fold_2,6h,ppb
2026-08-15T14:45:00Z,1,59.29,58.57,56.89058896751529,2.399411032484707,lightgbm,delta,fold_2,6h,ppb
2026-08-15T15:00:00Z,1,58.24,55.1,53.38740686297164,4.852593137028364,lightgbm,delta,fold_2,6h,ppb
2026-08-15T15:15:00Z,1,58.81,50.0,54.297383210778506,4.512616789221497,lightgbm,delta,fold_2,6h,ppb
2026-08-15T15:30:00Z,1,52.45,50.28,51.987038031447156,0.46296196855284677,lightgbm,delta,fold_2,6h,ppb
2026-08-15T15:45:00Z,1,51.19,44.35,53.49231562571359,-2.3023156257135895,lightgbm,delta,fold_2,6h,ppb
2026-08-15T16:00:00Z,1,55.02,38.79,49.122856717638825,5.897143282361178,lightgbm,delta,fold_2,6h,ppb
2026-08-15T16:15:00Z,1,56.93,42.36,51.27022764931996,5.659772350680036,lightgbm,delta,fold_2,6h,ppb
2026-08-15T16:30:00Z,1,56.08,46.28,51.88119134440974,4.1988086555902555,lightgbm,delta,fold_2,6h,ppb
2026-08-15T16:45:00Z,1,56.68,43.04,50.481931582694976,6.198068417305024,lightgbm,delta,fold_2,6h,ppb
2026-08-15T17:00:00Z,1,54.6,42.59,47.610864301124685,6.989135698875316,lightgbm,delta,fold_2,6h,ppb
2026-08-15T17:15:00Z,1,53.13,42.11,45.92958903998236,7.200410960017642,lightgbm,delta,fold_2,6h,ppb
2026-08-15T17:30:00Z,1,54.81,39.44,45.10878316604776,9.701216833952245,lightgbm,delta,fold_2,6h,ppb
2026-08-15T17:45:00Z,1,52.71,42.47,42.943248574897346,9.766751425102655,lightgbm,delta,fold_2,6h,ppb
2026-08-15T18:00:00Z,1,55.7,52.16,44.15357618047325,11.546423819526751,lightgbm,delta,fold_2,6h,ppb
2026-08-15T18:15:00Z,1,56.93,48.38,41.89172809633539,15.038271903664608,lightgbm,delta,fold_2,6h,ppb
2026-08-15T18:30:00Z,1,62.43,45.7,40.1392361198191,22.290763880180897,lightgbm,delta,fold_2,6h,ppb
2026-08-15T18:45:00Z,1,64.04,49.64,42.41203391898814,21.627966081011863,lightgbm,delta,fold_2,6h,ppb
2026-08-15T19:00:00Z,1,57.13,56.96,43.94550601943115,13.184493980568853,lightgbm,delta,fold_2,6h,ppb
2026-08-15T19:15:00Z,1,49.06,56.06,42.83955727134992,6.2204427286500845,lightgbm,delta,fold_2,6h,ppb
2026-08-15T19:30:00Z,1,45.1,54.96,43.338970015109865,1.7610299848901363,lightgbm,delta,fold_2,6h,ppb
2026-08-15T19:45:00Z,1,43.27,58.35,46.05569165602463,-2.7856916560246248,lightgbm,delta,fold_2,6h,ppb
2026-08-15T20:00:00Z,1,41.52,60.68,46.30775876899282,-4.787758768992816,lightgbm,delta,fold_2,6h,ppb
2026-08-15T20:15:00Z,1,38.79,52.01,47.304144793948,-8.514144793947999,lightgbm,delta,fold_2,6h,ppb
2026-08-15T20:30:00Z,1,31.45,51.98,47.20035659368231,-15.750356593682309,lightgbm,delta,fold_2,6h,ppb
2026-08-15T20:45:00Z,1,36.15,59.29,50.6460830417307,-14.4960830417307,lightgbm,delta,fold_2,6h,ppb
2026-08-15T21:00:00Z,1,36.31,58.24,52.522467131515796,-16.212467131515794,lightgbm,delta,fold_2,6h,ppb
2026-08-15T21:15:00Z,1,34.12,58.81,53.63035813269393,-19.51035813269393,lightgbm,delta,fold_2,6h,ppb
2026-08-15T21:30:00Z,1,28.27,52.45,49.78490914958918,-21.514909149589183,lightgbm,delta,fold_2,6h,ppb
2026-08-15T21:45:00Z,1,35.54,51.19,52.24659708156831,-16.70659708156831,lightgbm,delta,fold_2,6h,ppb
2026-08-15T22:00:00Z,1,39.04,55.02,54.9229604795228,-15.8829604795228,lightgbm,delta,fold_2,6h,ppb
2026-08-15T22:15:00Z,1,37.95,56.93,57.743755325295794,-19.79375532529579,lightgbm,delta,fold_2,6h,ppb
2026-08-15T22:30:00Z,1,38.09,56.08,57.37621422581086,-19.28621422581086,lightgbm,delta,fold_2,6h,ppb
2026-08-15T22:45:00Z,1,37.46,56.68,56.34837288940792,-18.88837288940792,lightgbm,delta,fold_2,6h,ppb
2026-08-15T23:00:00Z,1,59.29,54.6,60.567125347142095,-1.2771253471420962,lightgbm,delta,fold_2,6h,ppb
2026-08-15T23:15:00Z,1,69.16,53.13,60.7178423793659,8.442157620634099,lightgbm,delta,fold_2,6h,ppb
2026-08-15T23:30:00Z,1,65.11,54.81,62.56925874816324,2.5407412518367565,lightgbm,delta,fold_2,6h,ppb
2026-08-15T23:45:00Z,1,65.11,52.71,64.44122799397556,0.6687720060244402,lightgbm,delta,fold_2,6h,ppb
2026-08-16T00:00:00Z,1,47.07,55.7,55.7,-8.630000000000003,persistence,absolute,fold_3,6h,ppb
2026-08-16T00:15:00Z,1,61.38,56.93,56.93,4.450000000000003,persistence,absolute,fold_3,6h,ppb
2026-08-16T00:30:00Z,1,57.16,62.43,62.43,-5.270000000000003,persistence,absolute,fold_3,6h,ppb
2026-08-16T00:45:00Z,1,61.27,64.04,64.04,-2.770000000000003,persistence,absolute,fold_3,6h,ppb
2026-08-16T01:00:00Z,1,67.67,57.13,57.13,10.54,persistence,absolute,fold_3,6h,ppb
2026-08-16T01:15:00Z,1,48.63,49.06,49.06,-0.4299999999999997,persistence,absolute,fold_3,6h,ppb
2026-08-16T01:30:00Z,1,60.25,45.1,45.1,15.149999999999999,persistence,absolute,fold_3,6h,ppb
2026-08-16T01:45:00Z,1,28.27,43.27,43.27,-15.000000000000004,persistence,absolute,fold_3,6h,ppb
2026-08-16T02:00:00Z,1,41.84,41.52,41.52,0.3200000000000003,persistence,absolute,fold_3,6h,ppb
2026-08-16T02:15:00Z,1,59.98,38.79,38.79,21.189999999999998,persistence,absolute,fold_3,6h,ppb
2026-08-16T02:30:00Z,1,61.3,31.45,31.45,29.849999999999998,persistence,absolute,fold_3,6h,ppb
2026-08-16T02:45:00Z,1,55.75,36.15,36.15,19.6,persistence,absolute,fold_3,6h,ppb
2026-08-16T03:00:00Z,1,23.87,36.31,36.31,-12.440000000000001,persistence,absolute,fold_3,6h,ppb
2026-08-16T03:15:00Z,1,18.69,34.12,34.12,-15.429999999999996,persistence,absolute,fold_3,6h,ppb
2026-08-16T03:30:00Z,1,8.86,28.27,28.27,-19.41,persistence,absolute,fold_3,6h,ppb
2026-08-16T03:45:00Z,1,4.45,35.54,35.54,-31.09,persistence,absolute,fold_3,6h,ppb
2026-08-16T04:00:00Z,1,7.66,39.04,39.04,-31.38,persistence,absolute,fold_3,6h,ppb
2026-08-16T04:15:00Z,1,8.21,37.95,37.95,-29.740000000000002,persistence,absolute,fold_3,6h,ppb
2026-08-16T04:30:00Z,1,11.97,38.09,38.09,-26.120000000000005,persistence,absolute,fold_3,6h,ppb
2026-08-16T04:45:00Z,1,18.89,37.46,37.46,-18.57,persistence,absolute,fold_3,6h,ppb
2026-08-16T05:00:00Z,1,36.48,59.29,59.29,-22.810000000000002,persistence,absolute,fold_3,6h,ppb
2026-08-16T05:15:00Z,1,34.67,69.16,69.16,-34.489999999999995,persistence,absolute,fold_3,6h,ppb
2026-08-16T05:30:00Z,1,18.72,65.11,65.11,-46.39,persistence,absolute,fold_3,6h,ppb
2026-08-16T05:45:00Z,1,17.67,65.11,65.11,-47.44,persistence,absolute,fold_3,6h,ppb
2026-08-16T06:00:00Z,1,11.8,47.07,47.07,-35.269999999999996,persistence,absolute,fold_3,6h,ppb
2026-08-16T06:15:00Z,1,8.55,61.38,61.38,-52.83,persistence,absolute,fold_3,6h,ppb
2026-08-16T06:30:00Z,1,26.43,57.16,57.16,-30.729999999999997,persistence,absolute,fold_3,6h,ppb
2026-08-16T06:45:00Z,1,17.22,61.27,61.27,-44.050000000000004,persistence,absolute,fold_3,6h,ppb
2026-08-16T07:00:00Z,1,17.48,67.67,67.67,-50.19,persistence,absolute,fold_3,6h,ppb
2026-08-16T07:15:00Z,1,20.63,48.63,48.63,-28.000000000000004,persistence,absolute,fold_3,6h,ppb
2026-08-16T07:30:00Z,1,7.98,60.25,60.25,-52.269999999999996,persistence,absolute,fold_3,6h,ppb
2026-08-16T07:45:00Z,1,21.15,28.27,28.27,-7.120000000000001,persistence,absolute,fold_3,6h,ppb
2026-08-16T08:00:00Z,1,17.21,41.84,41.84,-24.630000000000003,persistence,absolute,fold_3,6h,ppb
2026-08-16T08:15:00Z,1,12.86,59.98,59.98,-47.12,persistence,absolute,fold_3,6h,ppb
2026-08-16T08:30:00Z,1,4.93,61.3,61.3,-56.37,persistence,absolute,fold_3,6h,ppb
2026-08-16T08:45:00Z,1,21.25,55.75,55.75,-34.5,persistence,absolute,fold_3,6h,ppb
2026-08-16T09:00:00Z,1,0.96,23.87,23.87,-22.91,persistence,absolute,fold_3,6h,ppb
2026-08-16T09:15:00Z,1,4.39,18.69,18.69,-14.3,persistence,absolute,fold_3,6h,ppb
2026-08-16T09:30:00Z,1,11.5,8.86,8.86,2.6400000000000006,persistence,absolute,fold_3,6h,ppb
2026-08-16T09:45:00Z,1,15.62,4.45,4.45,11.169999999999998,persistence,absolute,fold_3,6h,ppb
2026-08-16T10:00:00Z,1,0.52,7.66,7.66,-7.140000000000001,persistence,absolute,fold_3,6h,ppb
2026-08-16T11:00:00Z,1,14.32,36.48,36.48,-22.159999999999997,persistence,absolute,fold_3,6h,ppb
2026-08-16T11:15:00Z,1,28.38,34.67,34.67,-6.290000000000003,persistence,absolute,fold_3,6h,ppb
2026-08-16T11:30:00Z,1,39.09,18.72,18.72,20.370000000000005,persistence,absolute,fold_3,6h,ppb
2026-08-16T11:45:00Z,1,46.57,17.67,17.67,28.9,persistence,absolute,fold_3,6h,ppb
2026-08-16T12:00:00Z,1,50.93,11.8,11.8,39.129999999999995,persistence,absolute,fold_3,6h,ppb
2026-08-16T12:15:00Z,1,51.46,8.55,8.55,42.91,persistence,absolute,fold_3,6h,ppb
2026-08-16T12:30:00Z,1,54.12,26.43,26.43,27.689999999999998,persistence,absolute,fold_3,6h,ppb
2026-08-16T12:45:00Z,1,57.15,17.22,17.22,39.93,persistence,absolute,fold_3,6h,ppb
2026-08-16T13:00:00Z,1,58.37,17.48,17.48,40.89,persistence,absolute,fold_3,6h,ppb
2026-08-16T13:15:00Z,1,56.36,20.63,20.63,35.730000000000004,persistence,absolute,fold_3,6h,ppb
2026-08-16T13:30:00Z,1,57.84,7.98,7.98,49.86,persistence,absolute,fold_3,6h,ppb
2026-08-16T13:45:00Z,1,58.56,21.15,21.15,37.410000000000004,persistence,absolute,fold_3,6h,ppb
2026-08-16T14:00:00Z,1,60.03,17.21,17.21,42.82,persistence,absolute,fold_3,6h,ppb
2026-08-16T14:15:00Z,1,58.29,12.86,12.86,45.43,persistence,absolute,fold_3,6h,ppb
2026-08-16T14:30:00Z,1,56.39,4.93,4.93,51.46,persistence,absolute,fold_3,6h,ppb
2026-08-16T14:45:00Z,1,56.04,21.25,21.25,34.79,persistence,absolute,fold_3,6h,ppb
2026-08-16T15:00:00Z,1,57.18,0.96,0.96,56.22,persistence,absolute,fold_3,6h,ppb
2026-08-16T15:15:00Z,1,57.72,4.39,4.39,53.33,persistence,absolute,fold_3,6h,ppb
2026-08-16T15:30:00Z,1,64.02,11.5,11.5,52.519999999999996,persistence,absolute,fold_3,6h,ppb
2026-08-16T15:45:00Z,1,62.19,15.62,15.62,46.57,persistence,absolute,fold_3,6h,ppb
2026-08-16T16:00:00Z,1,63.58,0.52,0.52,63.059999999999995,persistence,absolute,fold_3,6h,ppb
2026-08-16T17:00:00Z,1,51.31,14.32,14.32,36.99,persistence,absolute,fold_3,6h,ppb
2026-08-16T17:15:00Z,1,51.92,28.38,28.38,23.540000000000003,persistence,absolute,fold_3,6h,ppb
2026-08-16T17:30:00Z,1,52.8,39.09,39.09,13.709999999999994,persistence,absolute,fold_3,6h,ppb
2026-08-16T17:45:00Z,1,52.26,46.57,46.57,5.689999999999998,persistence,absolute,fold_3,6h,ppb
2026-08-16T18:00:00Z,1,52.54,50.93,50.93,1.6099999999999994,persistence,absolute,fold_3,6h,ppb
2026-08-16T18:15:00Z,1,54.8,51.46,51.46,3.3399999999999963,persistence,absolute,fold_3,6h,ppb
2026-08-16T18:30:00Z,1,47.92,54.12,54.12,-6.199999999999996,persistence,absolute,fold_3,6h,ppb
2026-08-16T18:45:00Z,1,40.51,57.15,57.15,-16.64,persistence,absolute,fold_3,6h,ppb
2026-08-16T19:00:00Z,1,44.15,58.37,58.37,-14.219999999999999,persistence,absolute,fold_3,6h,ppb
2026-08-16T19:15:00Z,1,45.94,56.36,56.36,-10.420000000000002,persistence,absolute,fold_3,6h,ppb
2026-08-16T19:30:00Z,1,37.63,57.84,57.84,-20.21,persistence,absolute,fold_3,6h,ppb
2026-08-16T19:45:00Z,1,32.08,58.56,58.56,-26.480000000000004,persistence,absolute,fold_3,6h,ppb
2026-08-16T20:00:00Z,1,31.72,60.03,60.03,-28.310000000000002,persistence,absolute,fold_3,6h,ppb
2026-08-16T20:15:00Z,1,30.25,58.29,58.29,-28.04,persistence,absolute,fold_3,6h,ppb
2026-08-16T20:30:00Z,1,34.36,56.39,56.39,-22.03,persistence,absolute,fold_3,6h,ppb
2026-08-16T20:45:00Z,1,29.57,56.04,56.04,-26.47,persistence,absolute,fold_3,6h,ppb
2026-08-16T21:00:00Z,1,32.47,57.18,57.18,-24.71,persistence,absolute,fold_3,6h,ppb
2026-08-16T21:15:00Z,1,33.9,57.72,57.72,-23.82,persistence,absolute,fold_3,6h,ppb
2026-08-16T21:30:00Z,1,33.31,64.02,64.02,-30.709999999999994,persistence,absolute,fold_3,6h,ppb
2026-08-16T21:45:00Z,1,33.6,62.19,62.19,-28.589999999999996,persistence,absolute,fold_3,6h,ppb
2026-08-16T22:00:00Z,1,31.61,63.58,63.58,-31.97,persistence,absolute,fold_3,6h,ppb
2026-08-16T22:15:00Z,1,39.44,59.94,59.94,-20.5,persistence,absolute,fold_3,6h,ppb
2026-08-16T22:30:00Z,1,39.4,44.58,44.58,-5.18,persistence,absolute,fold_3,6h,ppb
2026-08-16T22:45:00Z,1,38.16,43.54,43.54,-5.380000000000003,persistence,absolute,fold_3,6h,ppb
2026-08-16T23:00:00Z,1,40.17,51.31,51.31,-11.14,persistence,absolute,fold_3,6h,ppb
2026-08-16T23:15:00Z,1,45.46,51.92,51.92,-6.460000000000001,persistence,absolute,fold_3,6h,ppb
2026-08-16T23:30:00Z,1,59.46,52.8,52.8,6.660000000000004,persistence,absolute,fold_3,6h,ppb
2026-08-16T23:45:00Z,1,60.75,52.26,52.26,8.490000000000002,persistence,absolute,fold_3,6h,ppb
2026-08-17T00:00:00Z,1,58.1,52.54,52.54,5.560000000000002,persistence,absolute,fold_3,6h,ppb
2026-08-17T00:15:00Z,1,66.47,54.8,54.8,11.670000000000002,persistence,absolute,fold_3,6h,ppb
2026-08-17T00:30:00Z,1,62.6,47.92,47.92,14.68,persistence,absolute,fold_3,6h,ppb
2026-08-17T00:45:00Z,1,67.1,40.51,40.51,26.589999999999996,persistence,absolute,fold_3,6h,ppb
2026-08-17T01:00:00Z,1,68.85,44.15,44.15,24.699999999999996,persistence,absolute,fold_3,6h,ppb
2026-08-17T01:15:00Z,1,74.06,45.94,45.94,28.120000000000005,persistence,absolute,fold_3,6h,ppb
2026-08-17T01:30:00Z,1,72.18,37.63,37.63,34.550000000000004,persistence,absolute,fold_3,6h,ppb
2026-08-17T01:45:00Z,1,72.53,32.08,32.08,40.45,persistence,absolute,fold_3,6h,ppb
2026-08-17T02:00:00Z,1,68.54,31.72,31.72,36.82000000000001,persistence,absolute,fold_3,6h,ppb
2026-08-17T02:15:00Z,1,67.83,30.25,30.25,37.58,persistence,absolute,fold_3,6h,ppb
2026-08-17T02:30:00Z,1,70.38,34.36,34.36,36.019999999999996,persistence,absolute,fold_3,6h,ppb
2026-08-17T02:45:00Z,1,67.48,29.57,29.57,37.910000000000004,persistence,absolute,fold_3,6h,ppb
2026-08-17T03:00:00Z,1,65.85,32.47,32.47,33.379999999999995,persistence,absolute,fold_3,6h,ppb
2026-08-17T03:15:00Z,1,60.87,33.9,33.9,26.97,persistence,absolute,fold_3,6h,ppb
2026-08-17T03:30:00Z,1,62.57,33.31,33.31,29.259999999999998,persistence,absolute,fold_3,6h,ppb
2026-08-17T03:45:00Z,1,60.92,33.6,33.6,27.32,persistence,absolute,fold_3,6h,ppb
2026-08-17T04:00:00Z,1,63.41,31.61,31.61,31.799999999999997,persistence,absolute,fold_3,6h,ppb
2026-08-17T04:15:00Z,1,56.51,39.44,39.44,17.07,persistence,absolute,fold_3,6h,ppb
2026-08-17T04:30:00Z,1,54.75,39.4,39.4,15.350000000000001,persistence,absolute,fold_3,6h,ppb
2026-08-17T04:45:00Z,1,56.22,38.16,38.16,18.060000000000002,persistence,absolute,fold_3,6h,ppb
2026-08-17T05:00:00Z,1,55.77,40.17,40.17,15.600000000000001,persistence,absolute,fold_3,6h,ppb
2026-08-17T05:15:00Z,1,51.6,45.46,45.46,6.140000000000001,persistence,absolute,fold_3,6h,ppb
2026-08-17T05:30:00Z,1,48.56,59.46,59.46,-10.899999999999999,persistence,absolute,fold_3,6h,ppb
2026-08-17T05:45:00Z,1,52.35,60.75,60.75,-8.399999999999999,persistence,absolute,fold_3,6h,ppb
2026-08-17T06:00:00Z,1,49.02,58.1,58.1,-9.079999999999998,persistence,absolute,fold_3,6h,ppb
2026-08-17T06:15:00Z,1,50.85,66.47,66.47,-15.619999999999997,persistence,absolute,fold_3,6h,ppb
2026-08-17T06:30:00Z,1,54.93,62.6,62.6,-7.670000000000002,persistence,absolute,fold_3,6h,ppb
2026-08-17T06:45:00Z,1,53.95,67.1,67.1,-13.149999999999991,persistence,absolute,fold_3,6h,ppb
2026-08-17T07:00:00Z,1,55.04,68.85,68.85,-13.809999999999995,persistence,absolute,fold_3,6h,ppb
2026-08-17T07:15:00Z,1,56.82,74.06,74.06,-17.240000000000002,persistence,absolute,fold_3,6h,ppb
2026-08-17T07:30:00Z,1,58.42,72.18,72.18,-13.760000000000005,persistence,absolute,fold_3,6h,ppb
2026-08-17T07:45:00Z,1,60.23,72.53,72.53,-12.300000000000004,persistence,absolute,fold_3,6h,ppb
2026-08-17T08:00:00Z,1,59.57,68.54,68.54,-8.970000000000006,persistence,absolute,fold_3,6h,ppb
2026-08-17T08:15:00Z,1,57.78,67.83,67.83,-10.049999999999997,persistence,absolute,fold_3,6h,ppb
2026-08-17T08:30:00Z,1,56.05,70.38,70.38,-14.329999999999998,persistence,absolute,fold_3,6h,ppb
2026-08-17T08:45:00Z,1,63.33,67.48,67.48,-4.150000000000006,persistence,absolute,fold_3,6h,ppb
2026-08-17T09:00:00Z,1,59.6,65.85,65.85,-6.249999999999993,persistence,absolute,fold_3,6h,ppb
2026-08-17T09:15:00Z,1,61.07,60.87,60.87,0.20000000000000284,persistence,absolute,fold_3,6h,ppb
2026-08-17T09:30:00Z,1,58.75,62.57,62.57,-3.8200000000000003,persistence,absolute,fold_3,6h,ppb
2026-08-17T09:45:00Z,1,50.93,60.92,60.92,-9.990000000000002,persistence,absolute,fold_3,6h,ppb
2026-08-17T10:00:00Z,1,57.08,63.41,63.41,-6.329999999999998,persistence,absolute,fold_3,6h,ppb
2026-08-17T10:15:00Z,1,53.49,56.51,56.51,-3.019999999999996,persistence,absolute,fold_3,6h,ppb
2026-08-17T10:30:00Z,1,51.64,54.75,54.75,-3.1099999999999994,persistence,absolute,fold_3,6h,ppb
2026-08-17T10:45:00Z,1,53.74,56.22,56.22,-2.479999999999997,persistence,absolute,fold_3,6h,ppb
2026-08-17T11:00:00Z,1,50.62,55.77,55.77,-5.150000000000006,persistence,absolute,fold_3,6h,ppb
2026-08-17T11:15:00Z,1,49.94,51.6,51.6,-1.6600000000000037,persistence,absolute,fold_3,6h,ppb
2026-08-17T11:30:00Z,1,51.32,48.56,48.56,2.759999999999998,persistence,absolute,fold_3,6h,ppb
2026-08-17T11:45:00Z,1,52.08,52.35,52.35,-0.2700000000000031,persistence,absolute,fold_3,6h,ppb
2026-08-17T12:00:00Z,1,51.75,49.02,49.02,2.729999999999997,persistence,absolute,fold_3,6h,ppb
2026-08-17T12:15:00Z,1,54.27,50.85,50.85,3.4200000000000017,persistence,absolute,fold_3,6h,ppb
2026-08-17T12:30:00Z,1,51.23,54.93,54.93,-3.700000000000003,persistence,absolute,fold_3,6h,ppb
2026-08-17T12:45:00Z,1,53.26,53.95,53.95,-0.6900000000000048,persistence,absolute,fold_3,6h,ppb
2026-08-17T13:00:00Z,1,49.34,55.04,55.04,-5.699999999999996,persistence,absolute,fold_3,6h,ppb
2026-08-17T13:15:00Z,1,40.68,56.82,56.82,-16.14,persistence,absolute,fold_3,6h,ppb
2026-08-17T13:30:00Z,1,47.79,58.42,58.42,-10.630000000000003,persistence,absolute,fold_3,6h,ppb
2026-08-17T13:45:00Z,1,46.47,60.23,60.23,-13.759999999999998,persistence,absolute,fold_3,6h,ppb
2026-08-17T14:00:00Z,1,48.72,59.57,59.57,-10.850000000000001,persistence,absolute,fold_3,6h,ppb
2026-08-17T14:15:00Z,1,51.92,57.78,57.78,-5.859999999999999,persistence,absolute,fold_3,6h,ppb
2026-08-17T14:30:00Z,1,59.56,56.05,56.05,3.510000000000005,persistence,absolute,fold_3,6h,ppb
2026-08-17T14:45:00Z,1,52.54,63.33,63.33,-10.79,persistence,absolute,fold_3,6h,ppb
2026-08-17T15:00:00Z,1,58.33,59.6,59.6,-1.2700000000000031,persistence,absolute,fold_3,6h,ppb
2026-08-17T15:15:00Z,1,47.32,61.07,61.07,-13.75,persistence,absolute,fold_3,6h,ppb
2026-08-17T15:30:00Z,1,39.53,58.75,58.75,-19.22,persistence,absolute,fold_3,6h,ppb
2026-08-17T15:45:00Z,1,40.26,50.93,50.93,-10.670000000000002,persistence,absolute,fold_3,6h,ppb
2026-08-17T16:00:00Z,1,40.5,57.08,57.08,-16.58,persistence,absolute,fold_3,6h,ppb
2026-08-17T16:15:00Z,1,38.44,53.49,53.49,-15.050000000000004,persistence,absolute,fold_3,6h,ppb
2026-08-17T16:30:00Z,1,30.5,51.64,51.64,-21.14,persistence,absolute,fold_3,6h,ppb
2026-08-17T16:45:00Z,1,39.56,53.74,53.74,-14.18,persistence,absolute,fold_3,6h,ppb
2026-08-17T17:00:00Z,1,46.41,50.62,50.62,-4.210000000000001,persistence,absolute,fold_3,6h,ppb
2026-08-17T17:15:00Z,1,44.85,49.94,49.94,-5.089999999999996,persistence,absolute,fold_3,6h,ppb
2026-08-17T17:30:00Z,1,47.57,51.32,51.32,-3.75,persistence,absolute,fold_3,6h,ppb
2026-08-17T17:45:00Z,1,43.26,52.08,52.08,-8.82,persistence,absolute,fold_3,6h,ppb
2026-08-17T18:00:00Z,1,35.82,51.75,51.75,-15.93,persistence,absolute,fold_3,6h,ppb
2026-08-17T18:15:00Z,1,44.24,54.27,54.27,-10.030000000000001,persistence,absolute,fold_3,6h,ppb
2026-08-17T18:30:00Z,1,48.06,51.23,51.23,-3.1699999999999946,persistence,absolute,fold_3,6h,ppb
2026-08-17T18:45:00Z,1,45.72,53.26,53.26,-7.539999999999999,persistence,absolute,fold_3,6h,ppb
2026-08-17T19:00:00Z,1,43.33,49.34,49.34,-6.010000000000005,persistence,absolute,fold_3,6h,ppb
2026-08-17T19:15:00Z,1,44.85,40.68,40.68,4.170000000000002,persistence,absolute,fold_3,6h,ppb
2026-08-17T19:30:00Z,1,46.76,47.79,47.79,-1.0300000000000011,persistence,absolute,fold_3,6h,ppb
2026-08-17T19:45:00Z,1,48.85,46.47,46.47,2.3800000000000026,persistence,absolute,fold_3,6h,ppb
2026-08-17T20:00:00Z,1,44.3,48.72,48.72,-4.420000000000002,persistence,absolute,fold_3,6h,ppb
2026-08-17T20:15:00Z,1,45.94,51.92,51.92,-5.980000000000004,persistence,absolute,fold_3,6h,ppb
2026-08-17T20:30:00Z,1,46.02,59.56,59.56,-13.54,persistence,absolute,fold_3,6h,ppb
2026-08-17T20:45:00Z,1,47.94,52.54,52.54,-4.600000000000001,persistence,absolute,fold_3,6h,ppb
2026-08-17T21:00:00Z,1,46.43,58.33,58.33,-11.899999999999999,persistence,absolute,fold_3,6h,ppb
2026-08-17T21:15:00Z,1,47.12,47.32,47.32,-0.20000000000000284,persistence,absolute,fold_3,6h,ppb
2026-08-17T21:30:00Z,1,46.55,39.53,39.53,7.019999999999996,persistence,absolute,fold_3,6h,ppb
2026-08-17T21:45:00Z,1,45.15,40.26,40.26,4.890000000000001,persistence,absolute,fold_3,6h,ppb
2026-08-17T22:00:00Z,1,44.08,40.5,40.5,3.5799999999999983,persistence,absolute,fold_3,6h,ppb
2026-08-17T22:15:00Z,1,39.74,38.44,38.44,1.3000000000000043,persistence,absolute,fold_3,6h,ppb
2026-08-17T22:30:00Z,1,39.79,30.5,30.5,9.29,persistence,absolute,fold_3,6h,ppb
2026-08-17T22:45:00Z,1,51.59,39.56,39.56,12.030000000000001,persistence,absolute,fold_3,6h,ppb
2026-08-17T23:00:00Z,1,55.56,46.41,46.41,9.150000000000006,persistence,absolute,fold_3,6h,ppb
2026-08-17T23:15:00Z,1,64.97,44.85,44.85,20.119999999999997,persistence,absolute,fold_3,6h,ppb
2026-08-17T23:30:00Z,1,61.08,47.57,47.57,13.509999999999998,persistence,absolute,fold_3,6h,ppb
2026-08-17T23:45:00Z,1,59.17,43.26,43.26,15.910000000000004,persistence,absolute,fold_3,6h,ppb
2026-08-18T00:00:00Z,1,68.61,35.82,35.82,32.79,persistence,absolute,fold_3,6h,ppb
2026-08-18T00:15:00Z,1,71.53,44.24,44.24,27.29,persistence,absolute,fold_3,6h,ppb
2026-08-18T00:30:00Z,1,69.74,48.06,48.06,21.679999999999993,persistence,absolute,fold_3,6h,ppb
2026-08-18T00:45:00Z,1,70.35,45.72,45.72,24.629999999999995,persistence,absolute,fold_3,6h,ppb
2026-08-18T01:00:00Z,1,69.55,43.33,43.33,26.22,persistence,absolute,fold_3,6h,ppb
2026-08-18T01:15:00Z,1,72.52,44.85,44.85,27.669999999999995,persistence,absolute,fold_3,6h,ppb
2026-08-18T01:30:00Z,1,80.75,46.76,46.76,33.99,persistence,absolute,fold_3,6h,ppb
2026-08-18T01:45:00Z,1,70.84,48.85,48.85,21.990000000000002,persistence,absolute,fold_3,6h,ppb
2026-08-18T02:00:00Z,1,75.18,44.3,44.3,30.88000000000001,persistence,absolute,fold_3,6h,ppb
2026-08-18T02:15:00Z,1,79.4,45.94,45.94,33.46000000000001,persistence,absolute,fold_3,6h,ppb
2026-08-18T02:30:00Z,1,74.38,46.02,46.02,28.359999999999992,persistence,absolute,fold_3,6h,ppb
2026-08-18T02:45:00Z,1,77.97,47.94,47.94,30.03,persistence,absolute,fold_3,6h,ppb
2026-08-18T03:00:00Z,1,80.06,46.43,46.43,33.63,persistence,absolute,fold_3,6h,ppb
2026-08-18T03:15:00Z,1,82.23,47.12,47.12,35.11000000000001,persistence,absolute,fold_3,6h,ppb
2026-08-18T03:30:00Z,1,78.6,46.55,46.55,32.05,persistence,absolute,fold_3,6h,ppb
2026-08-18T03:45:00Z,1,72.26,45.15,45.15,27.110000000000007,persistence,absolute,fold_3,6h,ppb
2026-08-18T04:00:00Z,1,69.66,44.08,44.08,25.58,persistence,absolute,fold_3,6h,ppb
2026-08-18T04:15:00Z,1,65.31,39.74,39.74,25.57,persistence,absolute,fold_3,6h,ppb
2026-08-18T04:30:00Z,1,71.0,39.79,39.79,31.21,persistence,absolute,fold_3,6h,ppb
2026-08-18T04:45:00Z,1,70.31,51.59,51.59,18.72,persistence,absolute,fold_3,6h,ppb
2026-08-18T05:00:00Z,1,68.27,55.56,55.56,12.709999999999994,persistence,absolute,fold_3,6h,ppb
2026-08-18T05:15:00Z,1,65.5,64.97,64.97,0.5300000000000011,persistence,absolute,fold_3,6h,ppb
2026-08-18T05:30:00Z,1,69.62,61.08,61.08,8.540000000000006,persistence,absolute,fold_3,6h,ppb
2026-08-18T05:45:00Z,1,63.77,59.17,59.17,4.600000000000001,persistence,absolute,fold_3,6h,ppb
2026-08-18T06:00:00Z,1,66.61,68.61,68.61,-2.0,persistence,absolute,fold_3,6h,ppb
2026-08-18T06:15:00Z,1,67.7,71.53,71.53,-3.8299999999999983,persistence,absolute,fold_3,6h,ppb
2026-08-18T06:30:00Z,1,66.0,69.74,69.74,-3.739999999999995,persistence,absolute,fold_3,6h,ppb
2026-08-18T06:45:00Z,1,67.14,70.35,70.35,-3.2099999999999937,persistence,absolute,fold_3,6h,ppb
2026-08-18T07:00:00Z,1,67.39,69.55,69.55,-2.1599999999999966,persistence,absolute,fold_3,6h,ppb
2026-08-18T07:15:00Z,1,65.3,72.52,72.52,-7.219999999999999,persistence,absolute,fold_3,6h,ppb
2026-08-18T07:30:00Z,1,67.31,80.75,80.75,-13.439999999999998,persistence,absolute,fold_3,6h,ppb
2026-08-18T07:45:00Z,1,64.29,70.84,70.84,-6.549999999999997,persistence,absolute,fold_3,6h,ppb
2026-08-18T08:00:00Z,1,62.36,75.18,75.18,-12.820000000000007,persistence,absolute,fold_3,6h,ppb
2026-08-18T08:15:00Z,1,61.89,79.4,79.4,-17.510000000000005,persistence,absolute,fold_3,6h,ppb
2026-08-18T08:30:00Z,1,64.11,74.38,74.38,-10.269999999999996,persistence,absolute,fold_3,6h,ppb
2026-08-18T08:45:00Z,1,69.18,77.97,77.97,-8.789999999999992,persistence,absolute,fold_3,6h,ppb
2026-08-18T09:00:00Z,1,61.67,80.06,80.06,-18.39,persistence,absolute,fold_3,6h,ppb
2026-08-18T09:15:00Z,1,61.3,82.23,82.23,-20.930000000000007,persistence,absolute,fold_3,6h,ppb
2026-08-18T09:30:00Z,1,59.61,78.6,78.6,-18.989999999999995,persistence,absolute,fold_3,6h,ppb
2026-08-18T09:45:00Z,1,53.82,72.26,72.26,-18.440000000000005,persistence,absolute,fold_3,6h,ppb
2026-08-18T10:00:00Z,1,51.38,69.66,69.66,-18.279999999999994,persistence,absolute,fold_3,6h,ppb
2026-08-18T10:15:00Z,1,50.06,65.31,65.31,-15.25,persistence,absolute,fold_3,6h,ppb
2026-08-18T10:30:00Z,1,52.68,71.0,71.0,-18.32,persistence,absolute,fold_3,6h,ppb
2026-08-18T10:45:00Z,1,50.89,70.31,70.31,-19.42,persistence,absolute,fold_3,6h,ppb
2026-08-18T11:00:00Z,1,53.68,68.27,68.27,-14.589999999999996,persistence,absolute,fold_3,6h,ppb
2026-08-18T11:15:00Z,1,51.95,65.5,65.5,-13.549999999999997,persistence,absolute,fold_3,6h,ppb
2026-08-18T11:30:00Z,1,56.49,69.62,69.62,-13.130000000000003,persistence,absolute,fold_3,6h,ppb
2026-08-18T11:45:00Z,1,56.46,63.77,63.77,-7.310000000000002,persistence,absolute,fold_3,6h,ppb
2026-08-18T12:00:00Z,1,45.17,66.61,66.61,-21.439999999999998,persistence,absolute,fold_3,6h,ppb
2026-08-18T12:15:00Z,1,53.78,67.7,67.7,-13.920000000000002,persistence,absolute,fold_3,6h,ppb
2026-08-18T12:30:00Z,1,57.86,66.0,66.0,-8.14,persistence,absolute,fold_3,6h,ppb
2026-08-18T12:45:00Z,1,56.68,67.14,67.14,-10.46,persistence,absolute,fold_3,6h,ppb
2026-08-18T13:00:00Z,1,53.19,67.39,67.39,-14.200000000000003,persistence,absolute,fold_3,6h,ppb
2026-08-18T13:15:00Z,1,53.94,65.3,65.3,-11.36,persistence,absolute,fold_3,6h,ppb
2026-08-18T13:30:00Z,1,51.3,67.31,67.31,-16.010000000000005,persistence,absolute,fold_3,6h,ppb
2026-08-18T13:45:00Z,1,56.13,64.29,64.29,-8.160000000000004,persistence,absolute,fold_3,6h,ppb
2026-08-18T14:00:00Z,1,58.02,62.36,62.36,-4.339999999999996,persistence,absolute,fold_3,6h,ppb
2026-08-18T14:15:00Z,1,59.13,61.89,61.89,-2.759999999999998,persistence,absolute,fold_3,6h,ppb
2026-08-18T14:30:00Z,1,64.47,64.11,64.11,0.35999999999999943,persistence,absolute,fold_3,6h,ppb
2026-08-18T14:45:00Z,1,66.4,69.18,69.18,-2.780000000000001,persistence,absolute,fold_3,6h,ppb
2026-08-18T15:00:00Z,1,64.15,61.67,61.67,2.480000000000004,persistence,absolute,fold_3,6h,ppb
2026-08-18T15:15:00Z,1,64.78,61.3,61.3,3.480000000000004,persistence,absolute,fold_3,6h,ppb
2026-08-18T15:30:00Z,1,64.88,59.61,59.61,5.269999999999996,persistence,absolute,fold_3,6h,ppb
2026-08-18T15:45:00Z,1,65.11,53.82,53.82,11.29,persistence,absolute,fold_3,6h,ppb
2026-08-18T16:00:00Z,1,66.62,51.38,51.38,15.240000000000002,persistence,absolute,fold_3,6h,ppb
2026-08-18T16:15:00Z,1,62.61,50.06,50.06,12.549999999999997,persistence,absolute,fold_3,6h,ppb
2026-08-18T16:30:00Z,1,62.07,52.68,52.68,9.39,persistence,absolute,fold_3,6h,ppb
2026-08-18T16:45:00Z,1,54.47,50.89,50.89,3.5799999999999983,persistence,absolute,fold_3,6h,ppb
2026-08-18T17:00:00Z,1,42.34,53.68,53.68,-11.339999999999996,persistence,absolute,fold_3,6h,ppb
2026-08-18T17:15:00Z,1,44.55,51.95,51.95,-7.400000000000006,persistence,absolute,fold_3,6h,ppb
2026-08-18T17:30:00Z,1,44.43,56.49,56.49,-12.060000000000002,persistence,absolute,fold_3,6h,ppb
2026-08-18T17:45:00Z,1,43.34,56.46,56.46,-13.119999999999997,persistence,absolute,fold_3,6h,ppb
2026-08-18T18:00:00Z,1,35.37,45.17,45.17,-9.800000000000004,persistence,absolute,fold_3,6h,ppb
2026-08-18T18:15:00Z,1,45.7,53.78,53.78,-8.079999999999998,persistence,absolute,fold_3,6h,ppb
2026-08-18T18:30:00Z,1,50.02,57.86,57.86,-7.839999999999996,persistence,absolute,fold_3,6h,ppb
2026-08-18T18:45:00Z,1,39.43,56.68,56.68,-17.25,persistence,absolute,fold_3,6h,ppb
2026-08-18T19:00:00Z,1,36.91,53.19,53.19,-16.28,persistence,absolute,fold_3,6h,ppb
2026-08-18T19:15:00Z,1,35.09,53.94,53.94,-18.849999999999994,persistence,absolute,fold_3,6h,ppb
2026-08-18T19:30:00Z,1,37.5,51.3,51.3,-13.799999999999997,persistence,absolute,fold_3,6h,ppb
2026-08-18T19:45:00Z,1,38.81,56.13,56.13,-17.32,persistence,absolute,fold_3,6h,ppb
2026-08-18T20:00:00Z,1,47.16,58.02,58.02,-10.860000000000007,persistence,absolute,fold_3,6h,ppb
2026-08-18T20:15:00Z,1,45.19,59.13,59.13,-13.940000000000005,persistence,absolute,fold_3,6h,ppb
2026-08-18T20:30:00Z,1,36.38,64.47,64.47,-28.089999999999996,persistence,absolute,fold_3,6h,ppb
2026-08-18T20:45:00Z,1,39.92,66.4,66.4,-26.480000000000004,persistence,absolute,fold_3,6h,ppb
2026-08-18T21:00:00Z,1,39.31,64.15,64.15,-24.840000000000003,persistence,absolute,fold_3,6h,ppb
2026-08-18T21:15:00Z,1,36.1,64.78,64.78,-28.68,persistence,absolute,fold_3,6h,ppb
2026-08-18T21:30:00Z,1,37.44,64.88,64.88,-27.439999999999998,persistence,absolute,fold_3,6h,ppb
2026-08-18T21:45:00Z,1,38.27,65.11,65.11,-26.839999999999996,persistence,absolute,fold_3,6h,ppb
2026-08-18T22:00:00Z,1,38.98,66.62,66.62,-27.640000000000008,persistence,absolute,fold_3,6h,ppb
2026-08-18T22:15:00Z,1,38.21,62.61,62.61,-24.4,persistence,absolute,fold_3,6h,ppb
2026-08-18T22:30:00Z,1,43.3,62.07,62.07,-18.770000000000003,persistence,absolute,fold_3,6h,ppb
2026-08-18T22:45:00Z,1,34.96,54.47,54.47,-19.509999999999998,persistence,absolute,fold_3,6h,ppb
2026-08-18T23:00:00Z,1,51.52,42.34,42.34,9.18,persistence,absolute,fold_3,6h,ppb
2026-08-18T23:15:00Z,1,51.99,44.55,44.55,7.440000000000005,persistence,absolute,fold_3,6h,ppb
2026-08-18T23:30:00Z,1,58.04,44.43,44.43,13.61,persistence,absolute,fold_3,6h,ppb
2026-08-18T23:45:00Z,1,61.42,43.34,43.34,18.08,persistence,absolute,fold_3,6h,ppb
2026-08-19T00:00:00Z,1,66.83,35.37,35.37,31.46,persistence,absolute,fold_3,6h,ppb
2026-08-19T00:15:00Z,1,70.47,45.7,45.7,24.769999999999996,persistence,absolute,fold_3,6h,ppb
2026-08-19T00:30:00Z,1,72.11,50.02,50.02,22.089999999999996,persistence,absolute,fold_3,6h,ppb
2026-08-19T00:45:00Z,1,71.34,39.43,39.43,31.910000000000004,persistence,absolute,fold_3,6h,ppb
2026-08-19T01:00:00Z,1,74.61,36.91,36.91,37.7,persistence,absolute,fold_3,6h,ppb
2026-08-19T01:15:00Z,1,70.72,35.09,35.09,35.629999999999995,persistence,absolute,fold_3,6h,ppb
2026-08-19T01:30:00Z,1,75.92,37.5,37.5,38.42,persistence,absolute,fold_3,6h,ppb
2026-08-19T01:45:00Z,1,76.97,38.81,38.81,38.16,persistence,absolute,fold_3,6h,ppb
2026-08-19T02:00:00Z,1,77.04,47.16,47.16,29.88000000000001,persistence,absolute,fold_3,6h,ppb
2026-08-19T02:15:00Z,1,78.08,45.19,45.19,32.89,persistence,absolute,fold_3,6h,ppb
2026-08-19T02:30:00Z,1,80.2,36.38,36.38,43.82,persistence,absolute,fold_3,6h,ppb
2026-08-19T02:45:00Z,1,80.11,39.92,39.92,40.19,persistence,absolute,fold_3,6h,ppb
2026-08-19T03:00:00Z,1,78.76,39.31,39.31,39.45,persistence,absolute,fold_3,6h,ppb
2026-08-19T03:15:00Z,1,78.47,36.1,36.1,42.37,persistence,absolute,fold_3,6h,ppb
2026-08-19T03:30:00Z,1,72.2,37.44,37.44,34.760000000000005,persistence,absolute,fold_3,6h,ppb
2026-08-19T03:45:00Z,1,68.15,38.27,38.27,29.880000000000003,persistence,absolute,fold_3,6h,ppb
2026-08-19T04:00:00Z,1,66.55,38.98,38.98,27.57,persistence,absolute,fold_3,6h,ppb
2026-08-19T04:15:00Z,1,61.59,38.21,38.21,23.380000000000003,persistence,absolute,fold_3,6h,ppb
2026-08-19T04:30:00Z,1,60.61,43.3,43.3,17.310000000000002,persistence,absolute,fold_3,6h,ppb
2026-08-19T04:45:00Z,1,62.48,34.96,34.96,27.519999999999996,persistence,absolute,fold_3,6h,ppb
2026-08-19T05:00:00Z,1,57.59,51.52,51.52,6.07,persistence,absolute,fold_3,6h,ppb
2026-08-19T05:15:00Z,1,55.9,51.99,51.99,3.9099999999999966,persistence,absolute,fold_3,6h,ppb
2026-08-19T05:30:00Z,1,55.35,58.04,58.04,-2.6899999999999977,persistence,absolute,fold_3,6h,ppb
2026-08-19T05:45:00Z,1,56.43,61.42,61.42,-4.990000000000002,persistence,absolute,fold_3,6h,ppb
2026-08-19T06:00:00Z,1,56.04,66.83,66.83,-10.79,persistence,absolute,fold_3,6h,ppb
2026-08-19T06:15:00Z,1,55.24,70.47,70.47,-15.229999999999997,persistence,absolute,fold_3,6h,ppb
2026-08-19T06:30:00Z,1,56.0,72.11,72.11,-16.11,persistence,absolute,fold_3,6h,ppb
2026-08-19T06:45:00Z,1,52.93,71.34,71.34,-18.410000000000004,persistence,absolute,fold_3,6h,ppb
2026-08-19T07:00:00Z,1,49.7,74.61,74.61,-24.909999999999997,persistence,absolute,fold_3,6h,ppb
2026-08-19T07:15:00Z,1,48.84,70.72,70.72,-21.879999999999995,persistence,absolute,fold_3,6h,ppb
2026-08-19T07:30:00Z,1,48.37,75.92,75.92,-27.550000000000004,persistence,absolute,fold_3,6h,ppb
2026-08-19T07:45:00Z,1,50.11,76.97,76.97,-26.86,persistence,absolute,fold_3,6h,ppb
2026-08-19T08:00:00Z,1,54.23,77.04,77.04,-22.81000000000001,persistence,absolute,fold_3,6h,ppb
2026-08-19T08:15:00Z,1,50.71,78.08,78.08,-27.369999999999997,persistence,absolute,fold_3,6h,ppb
2026-08-19T08:30:00Z,1,51.31,80.2,80.2,-28.89,persistence,absolute,fold_3,6h,ppb
2026-08-19T08:45:00Z,1,56.56,80.11,80.11,-23.549999999999997,persistence,absolute,fold_3,6h,ppb
2026-08-19T09:00:00Z,1,52.84,78.76,78.76,-25.92,persistence,absolute,fold_3,6h,ppb
2026-08-19T09:15:00Z,1,48.59,78.47,78.47,-29.879999999999995,persistence,absolute,fold_3,6h,ppb
2026-08-19T09:30:00Z,1,45.5,72.2,72.2,-26.700000000000003,persistence,absolute,fold_3,6h,ppb
2026-08-19T09:45:00Z,1,45.0,68.15,68.15,-23.150000000000006,persistence,absolute,fold_3,6h,ppb
2026-08-19T10:15:00Z,1,46.24,61.59,61.59,-15.350000000000001,persistence,absolute,fold_3,6h,ppb
2026-08-19T10:30:00Z,1,50.5,60.61,60.61,-10.11,persistence,absolute,fold_3,6h,ppb
2026-08-19T10:45:00Z,1,50.06,62.48,62.48,-12.419999999999995,persistence,absolute,fold_3,6h,ppb
2026-08-19T11:00:00Z,1,51.71,57.59,57.59,-5.880000000000003,persistence,absolute,fold_3,6h,ppb
2026-08-19T11:15:00Z,1,47.2,55.9,55.9,-8.699999999999996,persistence,absolute,fold_3,6h,ppb
2026-08-19T11:30:00Z,1,49.82,55.35,55.35,-5.530000000000001,persistence,absolute,fold_3,6h,ppb
2026-08-19T11:45:00Z,1,48.3,56.43,56.43,-8.130000000000003,persistence,absolute,fold_3,6h,ppb
2026-08-19T12:00:00Z,1,48.54,56.04,56.04,-7.5,persistence,absolute,fold_3,6h,ppb
2026-08-19T12:15:00Z,1,45.92,55.24,55.24,-9.32,persistence,absolute,fold_3,6h,ppb
2026-08-19T12:30:00Z,1,47.87,56.0,56.0,-8.130000000000003,persistence,absolute,fold_3,6h,ppb
2026-08-19T12:45:00Z,1,50.06,52.93,52.93,-2.8699999999999974,persistence,absolute,fold_3,6h,ppb
2026-08-19T13:00:00Z,1,46.31,49.7,49.7,-3.3900000000000006,persistence,absolute,fold_3,6h,ppb
2026-08-19T13:15:00Z,1,44.9,48.84,48.84,-3.940000000000005,persistence,absolute,fold_3,6h,ppb
2026-08-19T13:30:00Z,1,36.86,48.37,48.37,-11.509999999999998,persistence,absolute,fold_3,6h,ppb
2026-08-19T13:45:00Z,1,44.22,50.11,50.11,-5.890000000000001,persistence,absolute,fold_3,6h,ppb
2026-08-19T14:00:00Z,1,43.04,54.23,54.23,-11.189999999999998,persistence,absolute,fold_3,6h,ppb
2026-08-19T14:15:00Z,1,47.06,50.71,50.71,-3.6499999999999986,persistence,absolute,fold_3,6h,ppb
2026-08-19T14:30:00Z,1,41.08,51.31,51.31,-10.230000000000004,persistence,absolute,fold_3,6h,ppb
2026-08-19T14:45:00Z,1,42.21,56.56,56.56,-14.350000000000001,persistence,absolute,fold_3,6h,ppb
2026-08-19T15:00:00Z,1,49.78,52.84,52.84,-3.0600000000000023,persistence,absolute,fold_3,6h,ppb
2026-08-19T15:15:00Z,1,49.97,48.59,48.59,1.3799999999999955,persistence,absolute,fold_3,6h,ppb
2026-08-19T15:30:00Z,1,49.43,45.5,45.5,3.9299999999999997,persistence,absolute,fold_3,6h,ppb
2026-08-19T15:45:00Z,1,48.33,45.0,45.0,3.3299999999999983,persistence,absolute,fold_3,6h,ppb
2026-08-19T16:15:00Z,1,43.43,46.24,46.24,-2.8100000000000023,persistence,absolute,fold_3,6h,ppb
2026-08-19T16:30:00Z,1,34.33,50.5,50.5,-16.17,persistence,absolute,fold_3,6h,ppb
2026-08-19T16:45:00Z,1,31.49,50.06,50.06,-18.570000000000004,persistence,absolute,fold_3,6h,ppb
2026-08-19T17:00:00Z,1,30.18,51.71,51.71,-21.53,persistence,absolute,fold_3,6h,ppb
2026-08-19T17:15:00Z,1,30.76,47.2,47.2,-16.44,persistence,absolute,fold_3,6h,ppb
2026-08-19T17:30:00Z,1,30.18,49.82,49.82,-19.64,persistence,absolute,fold_3,6h,ppb
2026-08-19T17:45:00Z,1,32.06,48.3,48.3,-16.239999999999995,persistence,absolute,fold_3,6h,ppb
2026-08-19T18:00:00Z,1,32.78,48.54,48.54,-15.759999999999998,persistence,absolute,fold_3,6h,ppb
2026-08-19T18:15:00Z,1,36.8,45.92,45.92,-9.120000000000005,persistence,absolute,fold_3,6h,ppb
2026-08-19T18:30:00Z,1,36.6,47.87,47.87,-11.269999999999996,persistence,absolute,fold_3,6h,ppb
2026-08-19T18:45:00Z,1,36.41,50.06,50.06,-13.650000000000006,persistence,absolute,fold_3,6h,ppb
2026-08-19T19:00:00Z,1,37.35,46.31,46.31,-8.96,persistence,absolute,fold_3,6h,ppb
2026-08-19T19:15:00Z,1,34.68,44.9,44.9,-10.219999999999999,persistence,absolute,fold_3,6h,ppb
2026-08-19T19:30:00Z,1,35.39,36.86,36.86,-1.4699999999999989,persistence,absolute,fold_3,6h,ppb
2026-08-19T19:45:00Z,1,37.99,44.22,44.22,-6.229999999999997,persistence,absolute,fold_3,6h,ppb
2026-08-19T20:00:00Z,1,34.65,43.04,43.04,-8.39,persistence,absolute,fold_3,6h,ppb
2026-08-19T20:15:00Z,1,31.27,47.06,47.06,-15.790000000000003,persistence,absolute,fold_3,6h,ppb
2026-08-19T20:30:00Z,1,30.31,41.08,41.08,-10.77,persistence,absolute,fold_3,6h,ppb
2026-08-19T20:45:00Z,1,28.44,42.21,42.21,-13.77,persistence,absolute,fold_3,6h,ppb
2026-08-19T21:00:00Z,1,32.07,49.78,49.78,-17.71,persistence,absolute,fold_3,6h,ppb
2026-08-19T21:15:00Z,1,29.36,49.97,49.97,-20.61,persistence,absolute,fold_3,6h,ppb
2026-08-19T21:30:00Z,1,18.31,49.43,49.43,-31.12,persistence,absolute,fold_3,6h,ppb
2026-08-19T21:45:00Z,1,33.32,48.33,48.33,-15.009999999999998,persistence,absolute,fold_3,6h,ppb
2026-08-19T22:00:00Z,1,31.28,48.91,48.91,-17.629999999999995,persistence,absolute,fold_3,6h,ppb
2026-08-19T22:15:00Z,1,36.45,43.43,43.43,-6.979999999999997,persistence,absolute,fold_3,6h,ppb
2026-08-19T22:30:00Z,1,40.68,34.33,34.33,6.350000000000001,persistence,absolute,fold_3,6h,ppb
2026-08-19T22:45:00Z,1,41.64,31.49,31.49,10.150000000000002,persistence,absolute,fold_3,6h,ppb
2026-08-19T23:00:00Z,1,52.31,30.18,30.18,22.130000000000003,persistence,absolute,fold_3,6h,ppb
2026-08-19T23:15:00Z,1,54.28,30.76,30.76,23.52,persistence,absolute,fold_3,6h,ppb
2026-08-19T23:30:00Z,1,62.87,30.18,30.18,32.69,persistence,absolute,fold_3,6h,ppb
2026-08-19T23:45:00Z,1,65.19,32.06,32.06,33.129999999999995,persistence,absolute,fold_3,6h,ppb
2026-08-16T00:00:00Z,1,47.07,55.7,73.83924235008817,-26.76924235008817,random_forest,absolute,fold_3,6h,ppb
2026-08-16T00:15:00Z,1,61.38,56.93,74.56564916225749,-13.185649162257484,random_forest,absolute,fold_3,6h,ppb
2026-08-16T00:30:00Z,1,57.16,62.43,74.67750456349201,-17.51750456349201,random_forest,absolute,fold_3,6h,ppb
2026-08-16T00:45:00Z,1,61.27,64.04,74.1489867063492,-12.878986706349203,random_forest,absolute,fold_3,6h,ppb
2026-08-16T01:00:00Z,1,67.67,57.13,75.06458031305117,-7.394580313051165,random_forest,absolute,fold_3,6h,ppb
2026-08-16T01:15:00Z,1,48.63,49.06,74.2047278659612,-25.5747278659612,random_forest,absolute,fold_3,6h,ppb
2026-08-16T01:30:00Z,1,60.25,45.1,75.65835418871255,-15.40835418871255,random_forest,absolute,fold_3,6h,ppb
2026-08-16T01:45:00Z,1,28.27,43.27,76.62004952177455,-48.35004952177455,random_forest,absolute,fold_3,6h,ppb
2026-08-16T02:00:00Z,1,41.84,41.52,78.26365608465609,-36.42365608465609,random_forest,absolute,fold_3,6h,ppb
2026-08-16T02:15:00Z,1,59.98,38.79,78.08185553350972,-18.101855533509728,random_forest,absolute,fold_3,6h,ppb
2026-08-16T02:30:00Z,1,61.3,31.45,77.83396600529102,-16.53396600529102,random_forest,absolute,fold_3,6h,ppb
2026-08-16T02:45:00Z,1,55.75,36.15,78.26171805555559,-22.51171805555559,random_forest,absolute,fold_3,6h,ppb
2026-08-16T03:00:00Z,1,23.87,36.31,76.0555801587302,-52.18558015873019,random_forest,absolute,fold_3,6h,ppb
2026-08-16T03:15:00Z,1,18.69,34.12,74.95241329365084,-56.26241329365084,random_forest,absolute,fold_3,6h,ppb
2026-08-16T03:30:00Z,1,8.86,28.27,68.88655354938274,-60.02655354938274,random_forest,absolute,fold_3,6h,ppb
2026-08-16T03:45:00Z,1,4.45,35.54,69.7423515873016,-65.2923515873016,random_forest,absolute,fold_3,6h,ppb
2026-08-16T04:00:00Z,1,7.66,39.04,64.71470476190477,-57.05470476190477,random_forest,absolute,fold_3,6h,ppb
2026-08-16T04:15:00Z,1,8.21,37.95,63.22553042328045,-55.01553042328045,random_forest,absolute,fold_3,6h,ppb
2026-08-16T04:30:00Z,1,11.97,38.09,62.763701719576765,-50.79370171957677,random_forest,absolute,fold_3,6h,ppb
2026-08-16T04:45:00Z,1,18.89,37.46,61.75622698412702,-42.86622698412702,random_forest,absolute,fold_3,6h,ppb
2026-08-16T05:00:00Z,1,36.48,59.29,58.68530956395956,-22.20530956395956,random_forest,absolute,fold_3,6h,ppb
2026-08-16T05:15:00Z,1,34.67,69.16,58.875287423137415,-24.205287423137413,random_forest,absolute,fold_3,6h,ppb
2026-08-16T05:30:00Z,1,18.72,65.11,58.07186625911625,-39.35186625911625,random_forest,absolute,fold_3,6h,ppb
2026-08-16T05:45:00Z,1,17.67,65.11,58.2040808975642,-40.534080897564195,random_forest,absolute,fold_3,6h,ppb
2026-08-16T06:00:00Z,1,11.8,47.07,57.30549531555366,-45.50549531555366,random_forest,absolute,fold_3,6h,ppb
2026-08-16T06:15:00Z,1,8.55,61.38,57.24598790814623,-48.695987908146236,random_forest,absolute,fold_3,6h,ppb
2026-08-16T06:30:00Z,1,26.43,57.16,56.489038341046694,-30.059038341046694,random_forest,absolute,fold_3,6h,ppb
2026-08-16T06:45:00Z,1,17.22,61.27,56.85444250771336,-39.63444250771336,random_forest,absolute,fold_3,6h,ppb
2026-08-16T07:00:00Z,1,17.48,67.67,55.33275670894972,-37.85275670894971,random_forest,absolute,fold_3,6h,ppb
2026-08-16T07:15:00Z,1,20.63,48.63,54.122055015394494,-33.4920550153945,random_forest,absolute,fold_3,6h,ppb
2026-08-16T07:30:00Z,1,7.98,60.25,54.15631362973334,-46.17631362973334,random_forest,absolute,fold_3,6h,ppb
2026-08-16T07:45:00Z,1,21.15,28.27,54.3280421948657,-33.178042194865704,random_forest,absolute,fold_3,6h,ppb
2026-08-16T08:00:00Z,1,17.21,41.84,54.158886981663926,-36.948886981663925,random_forest,absolute,fold_3,6h,ppb
2026-08-16T08:15:00Z,1,12.86,59.98,54.430068880572634,-41.570068880572634,random_forest,absolute,fold_3,6h,ppb
2026-08-16T08:30:00Z,1,4.93,61.3,53.08128826366873,-48.15128826366873,random_forest,absolute,fold_3,6h,ppb
2026-08-16T08:45:00Z,1,21.25,55.75,52.198374982012,-30.948374982011998,random_forest,absolute,fold_3,6h,ppb
2026-08-16T09:00:00Z,1,0.96,23.87,48.02848080242651,-47.06848080242651,random_forest,absolute,fold_3,6h,ppb
2026-08-16T09:15:00Z,1,4.39,18.69,48.477525805555565,-44.087525805555565,random_forest,absolute,fold_3,6h,ppb
2026-08-16T09:30:00Z,1,11.5,8.86,47.63548356469457,-36.13548356469457,random_forest,absolute,fold_3,6h,ppb
2026-08-16T09:45:00Z,1,15.62,4.45,47.445624203222714,-31.825624203222716,random_forest,absolute,fold_3,6h,ppb
2026-08-16T10:00:00Z,1,0.52,7.66,47.15422985497834,-46.63422985497834,random_forest,absolute,fold_3,6h,ppb
2026-08-16T11:00:00Z,1,14.32,36.48,48.16275358032708,-33.84275358032708,random_forest,absolute,fold_3,6h,ppb
2026-08-16T11:15:00Z,1,28.38,34.67,47.83298905798268,-19.45298905798268,random_forest,absolute,fold_3,6h,ppb
2026-08-16T11:30:00Z,1,39.09,18.72,47.343682051409,-8.253682051408994,random_forest,absolute,fold_3,6h,ppb
2026-08-16T11:45:00Z,1,46.57,17.67,47.01192082018599,-0.44192082018599166,random_forest,absolute,fold_3,6h,ppb
2026-08-16T12:00:00Z,1,50.93,11.8,46.012184729203675,4.917815270796325,random_forest,absolute,fold_3,6h,ppb
2026-08-16T12:15:00Z,1,51.46,8.55,46.399220531672825,5.060779468327176,random_forest,absolute,fold_3,6h,ppb
2026-08-16T12:30:00Z,1,54.12,26.43,47.01707341166321,7.102926588336786,random_forest,absolute,fold_3,6h,ppb
2026-08-16T12:45:00Z,1,57.15,17.22,46.52347433758914,10.626525662410856,random_forest,absolute,fold_3,6h,ppb
2026-08-16T13:00:00Z,1,58.37,17.48,46.16774702277433,12.202252977225669,random_forest,absolute,fold_3,6h,ppb
2026-08-16T13:15:00Z,1,56.36,20.63,45.93687630158729,10.42312369841271,random_forest,absolute,fold_3,6h,ppb
2026-08-16T13:30:00Z,1,57.84,7.98,45.13050037566138,12.709499624338626,random_forest,absolute,fold_3,6h,ppb
2026-08-16T13:45:00Z,1,58.56,21.15,45.69851704232803,12.861482957671974,random_forest,absolute,fold_3,6h,ppb
2026-08-16T14:00:00Z,1,60.03,17.21,44.53608675132273,15.493913248677273,random_forest,absolute,fold_3,6h,ppb
2026-08-16T14:15:00Z,1,58.29,12.86,45.62042454526747,12.66957545473253,random_forest,absolute,fold_3,6h,ppb
2026-08-16T14:30:00Z,1,56.39,4.93,44.93513674940572,11.45486325059428,random_forest,absolute,fold_3,6h,ppb
2026-08-16T14:45:00Z,1,56.04,21.25,45.55385004151485,10.48614995848515,random_forest,absolute,fold_3,6h,ppb
2026-08-16T15:00:00Z,1,57.18,0.96,45.46406904504217,11.715930954957827,random_forest,absolute,fold_3,6h,ppb
2026-08-16T15:15:00Z,1,57.72,4.39,45.54476038102101,12.175239618978992,random_forest,absolute,fold_3,6h,ppb
2026-08-16T15:30:00Z,1,64.02,11.5,45.79902422581821,18.220975774181788,random_forest,absolute,fold_3,6h,ppb
2026-08-16T15:45:00Z,1,62.19,15.62,45.155975901303194,17.034024098696804,random_forest,absolute,fold_3,6h,ppb
2026-08-16T16:00:00Z,1,63.58,0.52,45.411731082079214,18.168268917920784,random_forest,absolute,fold_3,6h,ppb
2026-08-16T17:00:00Z,1,51.31,14.32,45.27356463477736,6.036435365222644,random_forest,absolute,fold_3,6h,ppb
2026-08-16T17:15:00Z,1,51.92,28.38,45.48105150686594,6.438948493134063,random_forest,absolute,fold_3,6h,ppb
2026-08-16T17:30:00Z,1,52.8,39.09,46.653177996878206,6.146822003121791,random_forest,absolute,fold_3,6h,ppb
2026-08-16T17:45:00Z,1,52.26,46.57,45.94951781169301,6.310482188306985,random_forest,absolute,fold_3,6h,ppb
2026-08-16T18:00:00Z,1,52.54,50.93,45.834909896526774,6.705090103473225,random_forest,absolute,fold_3,6h,ppb
2026-08-16T18:15:00Z,1,54.8,51.46,45.84795963279051,8.952040367209484,random_forest,absolute,fold_3,6h,ppb
2026-08-16T18:30:00Z,1,47.92,54.12,45.39205400308073,2.5279459969192715,random_forest,absolute,fold_3,6h,ppb
2026-08-16T18:45:00Z,1,40.51,57.15,46.19892430130101,-5.6889243013010145,random_forest,absolute,fold_3,6h,ppb
2026-08-16T19:00:00Z,1,44.15,58.37,44.856763377130925,-0.7067633771309261,random_forest,absolute,fold_3,6h,ppb
2026-08-16T19:15:00Z,1,45.94,56.36,44.41665109782526,1.5233489021747388,random_forest,absolute,fold_3,6h,ppb
2026-08-16T19:30:00Z,1,37.63,57.84,44.22639502920252,-6.596395029202519,random_forest,absolute,fold_3,6h,ppb
2026-08-16T19:45:00Z,1,32.08,58.56,43.761514906547404,-11.681514906547406,random_forest,absolute,fold_3,6h,ppb
2026-08-16T20:00:00Z,1,31.72,60.03,43.543680075467186,-11.823680075467188,random_forest,absolute,fold_3,6h,ppb
2026-08-16T20:15:00Z,1,30.25,58.29,44.56170106892304,-14.311701068923043,random_forest,absolute,fold_3,6h,ppb
2026-08-16T20:30:00Z,1,34.36,56.39,44.81453503578462,-10.454535035784623,random_forest,absolute,fold_3,6h,ppb
2026-08-16T20:45:00Z,1,29.57,56.04,44.27916788410916,-14.709167884109156,random_forest,absolute,fold_3,6h,ppb
2026-08-16T21:00:00Z,1,32.47,57.18,45.25539284001742,-12.785392840017423,random_forest,absolute,fold_3,6h,ppb
2026-08-16T21:15:00Z,1,33.9,57.72,46.90880725800686,-13.008807258006861,random_forest,absolute,fold_3,6h,ppb
2026-08-16T21:30:00Z,1,33.31,64.02,48.37700060015854,-15.067000600158536,random_forest,absolute,fold_3,6h,ppb
2026-08-16T21:45:00Z,1,33.6,62.19,49.0008626812873,-15.4008626812873,random_forest,absolute,fold_3,6h,ppb
2026-08-16T22:00:00Z,1,31.61,63.58,52.77235002496213,-21.16235002496213,random_forest,absolute,fold_3,6h,ppb
2026-08-16T22:15:00Z,1,39.44,59.94,53.57380939324905,-14.133809393249052,random_forest,absolute,fold_3,6h,ppb
2026-08-16T22:30:00Z,1,39.4,44.58,49.7054968808094,-10.3054968808094,random_forest,absolute,fold_3,6h,ppb
2026-08-16T22:45:00Z,1,38.16,43.54,47.681308388745876,-9.52130838874588,random_forest,absolute,fold_3,6h,ppb
2026-08-16T23:00:00Z,1,40.17,51.31,52.89502059082891,-12.725020590828912,random_forest,absolute,fold_3,6h,ppb
2026-08-16T23:15:00Z,1,45.46,51.92,53.0827938271605,-7.6227938271605,random_forest,absolute,fold_3,6h,ppb
2026-08-16T23:30:00Z,1,59.46,52.8,53.390352063492045,6.069647936507955,random_forest,absolute,fold_3,6h,ppb
2026-08-16T23:45:00Z,1,60.75,52.26,53.98432631393298,6.765673686067018,random_forest,absolute,fold_3,6h,ppb
2026-08-17T00:00:00Z,1,58.1,52.54,72.65595061728392,-14.55595061728392,random_forest,absolute,fold_3,6h,ppb
2026-08-17T00:15:00Z,1,66.47,54.8,72.61747244268075,-6.147472442680751,random_forest,absolute,fold_3,6h,ppb
2026-08-17T00:30:00Z,1,62.6,47.92,74.09383201058198,-11.493832010581976,random_forest,absolute,fold_3,6h,ppb
2026-08-17T00:45:00Z,1,67.1,40.51,74.79769768518517,-7.697697685185176,random_forest,absolute,fold_3,6h,ppb
2026-08-17T01:00:00Z,1,68.85,44.15,75.56084821428568,-6.71084821428569,random_forest,absolute,fold_3,6h,ppb
2026-08-17T01:15:00Z,1,74.06,45.94,74.46629034391535,-0.40629034391534447,random_forest,absolute,fold_3,6h,ppb
2026-08-17T01:30:00Z,1,72.18,37.63,76.80811144179897,-4.628111441798964,random_forest,absolute,fold_3,6h,ppb
2026-08-17T01:45:00Z,1,72.53,32.08,78.14159775132276,-5.611597751322762,random_forest,absolute,fold_3,6h,ppb
2026-08-17T02:00:00Z,1,68.54,31.72,78.04877612433867,-9.508776124338667,random_forest,absolute,fold_3,6h,ppb
2026-08-17T02:15:00Z,1,67.83,30.25,77.16428547178135,-9.334285471781357,random_forest,absolute,fold_3,6h,ppb
2026-08-17T02:30:00Z,1,70.38,34.36,77.10368179012349,-6.723681790123493,random_forest,absolute,fold_3,6h,ppb
2026-08-17T02:45:00Z,1,67.48,29.57,76.98571529982367,-9.505715299823663,random_forest,absolute,fold_3,6h,ppb
2026-08-17T03:00:00Z,1,65.85,32.47,75.32985143298062,-9.479851432980624,random_forest,absolute,fold_3,6h,ppb
2026-08-17T03:15:00Z,1,60.87,33.9,75.9205532186949,-15.050553218694908,random_forest,absolute,fold_3,6h,ppb
2026-08-17T03:30:00Z,1,62.57,33.31,75.22761347001763,-12.65761347001763,random_forest,absolute,fold_3,6h,ppb
2026-08-17T03:45:00Z,1,60.92,33.6,75.48233906525574,-14.562339065255742,random_forest,absolute,fold_3,6h,ppb
2026-08-17T04:00:00Z,1,63.41,31.61,68.38456280864197,-4.974562808641977,random_forest,absolute,fold_3,6h,ppb
2026-08-17T04:15:00Z,1,56.51,39.44,67.11078007054674,-10.60078007054674,random_forest,absolute,fold_3,6h,ppb
2026-08-17T04:30:00Z,1,54.75,39.4,63.76214563492065,-9.01214563492065,random_forest,absolute,fold_3,6h,ppb
2026-08-17T04:45:00Z,1,56.22,38.16,61.89885211640215,-5.678852116402155,random_forest,absolute,fold_3,6h,ppb
2026-08-17T05:00:00Z,1,55.77,40.17,59.23943082010582,-3.4694308201058135,random_forest,absolute,fold_3,6h,ppb
2026-08-17T05:15:00Z,1,51.6,45.46,59.34580205026456,-7.745802050264558,random_forest,absolute,fold_3,6h,ppb
2026-08-17T05:30:00Z,1,48.56,59.46,60.03153769841271,-11.47153769841271,random_forest,absolute,fold_3,6h,ppb
2026-08-17T05:45:00Z,1,52.35,60.75,60.00027531265031,-7.650275312650308,random_forest,absolute,fold_3,6h,ppb
2026-08-17T06:00:00Z,1,49.02,58.1,58.54455370370368,-9.524553703703674,random_forest,absolute,fold_3,6h,ppb
2026-08-17T06:15:00Z,1,50.85,66.47,59.17961435185184,-8.329614351851838,random_forest,absolute,fold_3,6h,ppb
2026-08-17T06:30:00Z,1,54.93,62.6,59.007303439153446,-4.077303439153447,random_forest,absolute,fold_3,6h,ppb
2026-08-17T06:45:00Z,1,53.95,67.1,58.483251653439126,-4.533251653439123,random_forest,absolute,fold_3,6h,ppb
2026-08-17T07:00:00Z,1,55.04,68.85,56.358865392015346,-1.318865392015347,random_forest,absolute,fold_3,6h,ppb
2026-08-17T07:15:00Z,1,56.82,74.06,56.30444894179892,0.5155510582010834,random_forest,absolute,fold_3,6h,ppb
2026-08-17T07:30:00Z,1,58.42,72.18,56.18323259055754,2.2367674094424643,random_forest,absolute,fold_3,6h,ppb
2026-08-17T07:45:00Z,1,60.23,72.53,56.35473690476187,3.8752630952381253,random_forest,absolute,fold_3,6h,ppb
2026-08-17T08:00:00Z,1,59.57,68.54,56.499319179894144,3.0706808201058564,random_forest,absolute,fold_3,6h,ppb
2026-08-17T08:15:00Z,1,57.78,67.83,56.25595242900103,1.5240475709989738,random_forest,absolute,fold_3,6h,ppb
2026-08-17T08:30:00Z,1,56.05,70.38,55.76239182833624,0.28760817166375574,random_forest,absolute,fold_3,6h,ppb
2026-08-17T08:45:00Z,1,63.33,67.48,56.082867886537294,7.247132113462705,random_forest,absolute,fold_3,6h,ppb
2026-08-17T09:00:00Z,1,59.6,65.85,53.14048864838863,6.4595113516113685,random_forest,absolute,fold_3,6h,ppb
2026-08-17T09:15:00Z,1,61.07,60.87,51.453020882088914,9.616979117911086,random_forest,absolute,fold_3,6h,ppb
2026-08-17T09:30:00Z,1,58.75,62.57,51.53674480927124,7.213255190728759,random_forest,absolute,fold_3,6h,ppb
2026-08-17T09:45:00Z,1,50.93,60.92,50.734063104737594,0.1959368952624061,random_forest,absolute,fold_3,6h,ppb
2026-08-17T10:00:00Z,1,57.08,63.41,50.8357163589497,6.244283641050295,random_forest,absolute,fold_3,6h,ppb
2026-08-17T10:15:00Z,1,53.49,56.51,48.997301287093485,4.492698712906517,random_forest,absolute,fold_3,6h,ppb
2026-08-17T10:30:00Z,1,51.64,54.75,47.97936850726437,3.6606314927356323,random_forest,absolute,fold_3,6h,ppb
2026-08-17T10:45:00Z,1,53.74,56.22,50.06608989374828,3.673910106251725,random_forest,absolute,fold_3,6h,ppb
2026-08-17T11:00:00Z,1,50.62,55.77,50.96043866526198,-0.34043866526198485,random_forest,absolute,fold_3,6h,ppb
2026-08-17T11:15:00Z,1,49.94,51.6,49.67956057257277,0.2604394274272295,random_forest,absolute,fold_3,6h,ppb
2026-08-17T11:30:00Z,1,51.32,48.56,49.908076659799384,1.411923340200616,random_forest,absolute,fold_3,6h,ppb
2026-08-17T11:45:00Z,1,52.08,52.35,51.813969407873266,0.2660305921267323,random_forest,absolute,fold_3,6h,ppb
2026-08-17T12:00:00Z,1,51.75,49.02,53.257061074539905,-1.5070610745399051,random_forest,absolute,fold_3,6h,ppb
2026-08-17T12:15:00Z,1,54.27,50.85,54.94918504143477,-0.6791850414347635,random_forest,absolute,fold_3,6h,ppb
2026-08-17T12:30:00Z,1,51.23,54.93,54.439614659329564,-3.209614659329567,random_forest,absolute,fold_3,6h,ppb
2026-08-17T12:45:00Z,1,53.26,53.95,54.8764719902884,-1.616471990288403,random_forest,absolute,fold_3,6h,ppb
2026-08-17T13:00:00Z,1,49.34,55.04,54.31072723775708,-4.970727237757075,random_forest,absolute,fold_3,6h,ppb
2026-08-17T13:15:00Z,1,40.68,56.82,53.96415240734057,-13.28415240734057,random_forest,absolute,fold_3,6h,ppb
2026-08-17T13:30:00Z,1,47.79,58.42,53.589020264483416,-5.799020264483417,random_forest,absolute,fold_3,6h,ppb
2026-08-17T13:45:00Z,1,46.47,60.23,53.5696565139513,-7.099656513951302,random_forest,absolute,fold_3,6h,ppb
2026-08-17T14:00:00Z,1,48.72,59.57,53.26419489578551,-4.544194895785509,random_forest,absolute,fold_3,6h,ppb
2026-08-17T14:15:00Z,1,51.92,57.78,52.820782439877235,-0.9007824398772328,random_forest,absolute,fold_3,6h,ppb
2026-08-17T14:30:00Z,1,59.56,56.05,53.26444056957436,6.295559430425641,random_forest,absolute,fold_3,6h,ppb
2026-08-17T14:45:00Z,1,52.54,63.33,52.90508282616036,-0.3650828261603607,random_forest,absolute,fold_3,6h,ppb
2026-08-17T15:00:00Z,1,58.33,59.6,52.172929453075376,6.157070546924622,random_forest,absolute,fold_3,6h,ppb
2026-08-17T15:15:00Z,1,47.32,61.07,51.25094376837155,-3.9309437683715487,random_forest,absolute,fold_3,6h,ppb
2026-08-17T15:30:00Z,1,39.53,58.75,50.92098313224842,-11.390983132248422,random_forest,absolute,fold_3,6h,ppb
2026-08-17T15:45:00Z,1,40.26,50.93,51.63086424511702,-11.37086424511702,random_forest,absolute,fold_3,6h,ppb
2026-08-17T16:00:00Z,1,40.5,57.08,49.50630460058581,-9.006304600585807,random_forest,absolute,fold_3,6h,ppb
2026-08-17T16:15:00Z,1,38.44,53.49,48.962625716506935,-10.522625716506937,random_forest,absolute,fold_3,6h,ppb
2026-08-17T16:30:00Z,1,30.5,51.64,48.87005518847526,-18.370055188475263,random_forest,absolute,fold_3,6h,ppb
2026-08-17T16:45:00Z,1,39.56,53.74,46.80059195094121,-7.240591950941209,random_forest,absolute,fold_3,6h,ppb
2026-08-17T17:00:00Z,1,46.41,50.62,46.47569289180319,-0.06569289180319515,random_forest,absolute,fold_3,6h,ppb
2026-08-17T17:15:00Z,1,44.85,49.94,45.60833884137829,-0.7583388413782899,random_forest,absolute,fold_3,6h,ppb
2026-08-17T17:30:00Z,1,47.57,51.32,45.412396204694,2.1576037953060023,random_forest,absolute,fold_3,6h,ppb
2026-08-17T17:45:00Z,1,43.26,52.08,45.29165134479717,-2.0316513447971687,random_forest,absolute,fold_3,6h,ppb
2026-08-17T18:00:00Z,1,35.82,51.75,44.671016666666645,-8.851016666666645,random_forest,absolute,fold_3,6h,ppb
2026-08-17T18:15:00Z,1,44.24,54.27,44.350680643738976,-0.11068064373897357,random_forest,absolute,fold_3,6h,ppb
2026-08-17T18:30:00Z,1,48.06,51.23,43.36409199994814,4.695908000051865,random_forest,absolute,fold_3,6h,ppb
2026-08-17T18:45:00Z,1,45.72,53.26,44.03920952640317,1.6807904735968293,random_forest,absolute,fold_3,6h,ppb
2026-08-17T19:00:00Z,1,43.33,49.34,44.10602949994813,-0.7760294999481303,random_forest,absolute,fold_3,6h,ppb
2026-08-17T19:15:00Z,1,44.85,40.68,42.784569270671255,2.065430729328746,random_forest,absolute,fold_3,6h,ppb
2026-08-17T19:30:00Z,1,46.76,47.79,41.728415902842634,5.0315840971573635,random_forest,absolute,fold_3,6h,ppb
2026-08-17T19:45:00Z,1,48.85,46.47,41.90846241181661,6.941537588183394,random_forest,absolute,fold_3,6h,ppb
2026-08-17T20:00:00Z,1,44.3,48.72,41.48681946649033,2.813180533509666,random_forest,absolute,fold_3,6h,ppb
2026-08-17T20:15:00Z,1,45.94,51.92,41.856696119929474,4.083303880070524,random_forest,absolute,fold_3,6h,ppb
2026-08-17T20:30:00Z,1,46.02,59.56,41.21281944444447,4.807180555555533,random_forest,absolute,fold_3,6h,ppb
2026-08-17T20:45:00Z,1,47.94,52.54,40.76040134479719,7.17959865520281,random_forest,absolute,fold_3,6h,ppb
2026-08-17T21:00:00Z,1,46.43,58.33,41.98308802910056,4.446911970899443,random_forest,absolute,fold_3,6h,ppb
2026-08-17T21:15:00Z,1,47.12,47.32,41.33878066578483,5.781219334215166,random_forest,absolute,fold_3,6h,ppb
2026-08-17T21:30:00Z,1,46.55,39.53,41.00951699735451,5.540483002645487,random_forest,absolute,fold_3,6h,ppb
2026-08-17T21:45:00Z,1,45.15,40.26,41.798678725749554,3.351321274250445,random_forest,absolute,fold_3,6h,ppb
2026-08-17T22:00:00Z,1,44.08,40.5,42.78405952380951,1.2959404761904878,random_forest,absolute,fold_3,6h,ppb
2026-08-17T22:15:00Z,1,39.74,38.44,41.897181349206356,-2.157181349206354,random_forest,absolute,fold_3,6h,ppb
2026-08-17T22:30:00Z,1,39.79,30.5,41.8524065934066,-2.0624065934065996,random_forest,absolute,fold_3,6h,ppb
2026-08-17T22:45:00Z,1,51.59,39.56,44.53713522071612,7.052864779283887,random_forest,absolute,fold_3,6h,ppb
2026-08-17T23:00:00Z,1,55.56,46.41,49.74778324915822,5.812216750841785,random_forest,absolute,fold_3,6h,ppb
2026-08-17T23:15:00Z,1,64.97,44.85,51.26988842993425,13.70011157006575,random_forest,absolute,fold_3,6h,ppb
2026-08-17T23:30:00Z,1,61.08,47.57,50.790308760683736,10.289691239316262,random_forest,absolute,fold_3,6h,ppb
2026-08-17T23:45:00Z,1,59.17,43.26,50.26588096486843,8.904119035131572,random_forest,absolute,fold_3,6h,ppb
2026-08-18T00:00:00Z,1,68.61,35.82,72.40007830687834,-3.7900783068783426,random_forest,absolute,fold_3,6h,ppb
2026-08-18T00:15:00Z,1,71.53,44.24,73.69727499999998,-2.167274999999975,random_forest,absolute,fold_3,6h,ppb
2026-08-18T00:30:00Z,1,69.74,48.06,73.75292658730156,-4.012926587301564,random_forest,absolute,fold_3,6h,ppb
2026-08-18T00:45:00Z,1,70.35,45.72,74.54314219576722,-4.193142195767223,random_forest,absolute,fold_3,6h,ppb
2026-08-18T01:00:00Z,1,69.55,43.33,76.81687387566141,-7.2668738756614175,random_forest,absolute,fold_3,6h,ppb
2026-08-18T01:15:00Z,1,72.52,44.85,76.41913842592594,-3.8991384259259405,random_forest,absolute,fold_3,6h,ppb
2026-08-18T01:30:00Z,1,80.75,46.76,76.62302321428575,4.126976785714248,random_forest,absolute,fold_3,6h,ppb
2026-08-18T01:45:00Z,1,70.84,48.85,75.45981514550265,-4.619815145502642,random_forest,absolute,fold_3,6h,ppb
2026-08-18T02:00:00Z,1,75.18,44.3,75.27419332010582,-0.09419332010581627,random_forest,absolute,fold_3,6h,ppb
2026-08-18T02:15:00Z,1,79.4,45.94,76.2412099867725,3.1587900132275024,random_forest,absolute,fold_3,6h,ppb
2026-08-18T02:30:00Z,1,74.38,46.02,75.79858174603172,-1.4185817460317196,random_forest,absolute,fold_3,6h,ppb
2026-08-18T02:45:00Z,1,77.97,47.94,75.29260496031748,2.677395039682523,random_forest,absolute,fold_3,6h,ppb
2026-08-18T03:00:00Z,1,80.06,46.43,75.31560950176365,4.744390498236356,random_forest,absolute,fold_3,6h,ppb
2026-08-18T03:15:00Z,1,82.23,47.12,74.87811382275132,7.351886177248687,random_forest,absolute,fold_3,6h,ppb
2026-08-18T03:30:00Z,1,78.6,46.55,73.62678379629628,4.973216203703714,random_forest,absolute,fold_3,6h,ppb
2026-08-18T03:45:00Z,1,72.26,45.15,74.60651183862433,-2.3465118386243233,random_forest,absolute,fold_3,6h,ppb
2026-08-18T04:00:00Z,1,69.66,44.08,66.44185606261026,3.2181439373897405,random_forest,absolute,fold_3,6h,ppb
2026-08-18T04:15:00Z,1,65.31,39.74,65.07635910493829,0.23364089506171126,random_forest,absolute,fold_3,6h,ppb
2026-08-18T04:30:00Z,1,71.0,39.79,64.81641730599647,6.183582694003533,random_forest,absolute,fold_3,6h,ppb
2026-08-18T04:45:00Z,1,70.31,51.59,62.19920092592594,8.110799074074059,random_forest,absolute,fold_3,6h,ppb
2026-08-18T05:00:00Z,1,68.27,55.56,57.84846527777779,10.421534722222205,random_forest,absolute,fold_3,6h,ppb
2026-08-18T05:15:00Z,1,65.5,64.97,56.62446563051147,8.875534369488527,random_forest,absolute,fold_3,6h,ppb
2026-08-18T05:30:00Z,1,69.62,61.08,56.740018043530554,12.87998195646945,random_forest,absolute,fold_3,6h,ppb
2026-08-18T05:45:00Z,1,63.77,59.17,56.40029273550523,7.369707264494771,random_forest,absolute,fold_3,6h,ppb
2026-08-18T06:00:00Z,1,66.61,68.61,56.65472367724866,9.955276322751338,random_forest,absolute,fold_3,6h,ppb
2026-08-18T06:15:00Z,1,67.7,71.53,57.10171466049381,10.598285339506191,random_forest,absolute,fold_3,6h,ppb
2026-08-18T06:30:00Z,1,66.0,69.74,57.44486975308641,8.555130246913592,random_forest,absolute,fold_3,6h,ppb
2026-08-18T06:45:00Z,1,67.14,70.35,57.16795627146569,9.97204372853431,random_forest,absolute,fold_3,6h,ppb
2026-08-18T07:00:00Z,1,67.39,69.55,54.31666125003649,13.073338749963511,random_forest,absolute,fold_3,6h,ppb
2026-08-18T07:15:00Z,1,65.3,72.52,54.096680076580306,11.203319923419691,random_forest,absolute,fold_3,6h,ppb
2026-08-18T07:30:00Z,1,67.31,80.75,54.35984002367025,12.95015997632975,random_forest,absolute,fold_3,6h,ppb
2026-08-18T07:45:00Z,1,64.29,70.84,54.337068195230685,9.952931804769321,random_forest,absolute,fold_3,6h,ppb
2026-08-18T08:00:00Z,1,62.36,75.18,53.790218470223714,8.569781529776286,random_forest,absolute,fold_3,6h,ppb
2026-08-18T08:15:00Z,1,61.89,79.4,53.23253246595021,8.657467534049793,random_forest,absolute,fold_3,6h,ppb
2026-08-18T08:30:00Z,1,64.11,74.38,54.120966026936024,9.989033973063975,random_forest,absolute,fold_3,6h,ppb
2026-08-18T08:45:00Z,1,69.18,77.97,53.402323915343935,15.777676084656072,random_forest,absolute,fold_3,6h,ppb
2026-08-18T09:00:00Z,1,61.67,80.06,50.415246837946015,11.254753162053987,random_forest,absolute,fold_3,6h,ppb
2026-08-18T09:15:00Z,1,61.3,82.23,50.87733386002886,10.422666139971135,random_forest,absolute,fold_3,6h,ppb
2026-08-18T09:30:00Z,1,59.61,78.6,50.459493870851354,9.150506129148646,random_forest,absolute,fold_3,6h,ppb
2026-08-18T09:45:00Z,1,53.82,72.26,50.46738398769438,3.3526160123056172,random_forest,absolute,fold_3,6h,ppb
2026-08-18T10:00:00Z,1,51.38,69.66,50.15265702561326,1.227342974386744,random_forest,absolute,fold_3,6h,ppb
2026-08-18T10:15:00Z,1,50.06,65.31,49.8656176862011,0.19438231379890425,random_forest,absolute,fold_3,6h,ppb
2026-08-18T10:30:00Z,1,52.68,71.0,49.105514950021146,3.574485049978854,random_forest,absolute,fold_3,6h,ppb
2026-08-18T10:45:00Z,1,50.89,70.31,48.380418312112255,2.5095816878877457,random_forest,absolute,fold_3,6h,ppb
2026-08-18T11:00:00Z,1,53.68,68.27,48.38314704277204,5.296852957227962,random_forest,absolute,fold_3,6h,ppb
2026-08-18T11:15:00Z,1,51.95,65.5,46.89204548319324,5.05795451680676,random_forest,absolute,fold_3,6h,ppb
2026-08-18T11:30:00Z,1,56.49,69.62,47.8819775995954,8.6080224004046,random_forest,absolute,fold_3,6h,ppb
2026-08-18T11:45:00Z,1,56.46,63.77,47.71847741167348,8.741522588326518,random_forest,absolute,fold_3,6h,ppb
2026-08-18T12:00:00Z,1,45.17,66.61,47.58428900171178,-2.4142890017117793,random_forest,absolute,fold_3,6h,ppb
2026-08-18T12:15:00Z,1,53.78,67.7,49.25113291705573,4.528867082944274,random_forest,absolute,fold_3,6h,ppb
2026-08-18T12:30:00Z,1,57.86,66.0,49.47651056255835,8.383489437441646,random_forest,absolute,fold_3,6h,ppb
2026-08-18T12:45:00Z,1,56.68,67.14,49.32371216931217,7.356287830687833,random_forest,absolute,fold_3,6h,ppb
2026-08-18T13:00:00Z,1,53.19,67.39,49.635785383597906,3.554214616402092,random_forest,absolute,fold_3,6h,ppb
2026-08-18T13:15:00Z,1,53.94,65.3,50.4713041005291,3.4686958994708945,random_forest,absolute,fold_3,6h,ppb
2026-08-18T13:30:00Z,1,51.3,67.31,50.36957825578208,0.9304217442179166,random_forest,absolute,fold_3,6h,ppb
2026-08-18T13:45:00Z,1,56.13,64.29,51.17774397639399,4.952256023606012,random_forest,absolute,fold_3,6h,ppb
2026-08-18T14:00:00Z,1,58.02,62.36,51.79933335896694,6.220666641033063,random_forest,absolute,fold_3,6h,ppb
2026-08-18T14:15:00Z,1,59.13,61.89,52.00268940153546,7.12731059846454,random_forest,absolute,fold_3,6h,ppb
2026-08-18T14:30:00Z,1,64.47,64.11,51.78392204277203,12.686077957227965,random_forest,absolute,fold_3,6h,ppb
2026-08-18T14:45:00Z,1,66.4,69.18,51.28409371952483,15.115906280475173,random_forest,absolute,fold_3,6h,ppb
2026-08-18T15:00:00Z,1,64.15,61.67,47.962430572178356,16.18756942782165,random_forest,absolute,fold_3,6h,ppb
2026-08-18T15:15:00Z,1,64.78,61.3,49.14107017455128,15.63892982544872,random_forest,absolute,fold_3,6h,ppb
2026-08-18T15:30:00Z,1,64.88,59.61,49.74842678162733,15.131573218372665,random_forest,absolute,fold_3,6h,ppb
2026-08-18T15:45:00Z,1,65.11,53.82,47.896684340762114,17.213315659237885,random_forest,absolute,fold_3,6h,ppb
2026-08-18T16:00:00Z,1,66.62,51.38,42.87634462950467,23.743655370495333,random_forest,absolute,fold_3,6h,ppb
2026-08-18T16:15:00Z,1,62.61,50.06,43.400733148701526,19.209266851298473,random_forest,absolute,fold_3,6h,ppb
2026-08-18T16:30:00Z,1,62.07,52.68,44.178272640691006,17.891727359308994,random_forest,absolute,fold_3,6h,ppb
2026-08-18T16:45:00Z,1,54.47,50.89,44.423200347733406,10.046799652266593,random_forest,absolute,fold_3,6h,ppb
2026-08-18T17:00:00Z,1,42.34,53.68,43.50718036407442,-1.1671803640744187,random_forest,absolute,fold_3,6h,ppb
2026-08-18T17:15:00Z,1,44.55,51.95,42.97808510894172,1.5719148910582774,random_forest,absolute,fold_3,6h,ppb
2026-08-18T17:30:00Z,1,44.43,56.49,42.14533963987739,2.284660360122608,random_forest,absolute,fold_3,6h,ppb
2026-08-18T17:45:00Z,1,43.34,56.46,42.39461378008902,0.9453862199109864,random_forest,absolute,fold_3,6h,ppb
2026-08-18T18:00:00Z,1,35.37,45.17,41.303478161232576,-5.933478161232578,random_forest,absolute,fold_3,6h,ppb
2026-08-18T18:15:00Z,1,45.7,53.78,42.46063061251225,3.2393693874877556,random_forest,absolute,fold_3,6h,ppb
2026-08-18T18:30:00Z,1,50.02,57.86,42.40293396277348,7.617066037226522,random_forest,absolute,fold_3,6h,ppb
2026-08-18T18:45:00Z,1,39.43,56.68,40.251586708942845,-0.8215867089428457,random_forest,absolute,fold_3,6h,ppb
2026-08-18T19:00:00Z,1,36.91,53.19,39.070564979158505,-2.160564979158508,random_forest,absolute,fold_3,6h,ppb
2026-08-18T19:15:00Z,1,35.09,53.94,39.8117388300841,-4.7217388300840994,random_forest,absolute,fold_3,6h,ppb
2026-08-18T19:30:00Z,1,37.5,51.3,40.034020944820824,-2.534020944820824,random_forest,absolute,fold_3,6h,ppb
2026-08-18T19:45:00Z,1,38.81,56.13,38.92500112433866,-0.11500112433865439,random_forest,absolute,fold_3,6h,ppb
2026-08-18T20:00:00Z,1,47.16,58.02,41.72600461106471,5.433995388935287,random_forest,absolute,fold_3,6h,ppb
2026-08-18T20:15:00Z,1,45.19,59.13,42.688688605773685,2.501311394226313,random_forest,absolute,fold_3,6h,ppb
2026-08-18T20:30:00Z,1,36.38,64.47,43.79445773809524,-7.414457738095237,random_forest,absolute,fold_3,6h,ppb
2026-08-18T20:45:00Z,1,39.92,66.4,44.96309110149109,-5.043091101491086,random_forest,absolute,fold_3,6h,ppb
2026-08-18T21:00:00Z,1,39.31,64.15,44.364380291005304,-5.054380291005302,random_forest,absolute,fold_3,6h,ppb
2026-08-18T21:15:00Z,1,36.1,64.78,46.9606180776014,-10.860618077601401,random_forest,absolute,fold_3,6h,ppb
2026-08-18T21:30:00Z,1,37.44,64.88,46.91589181497514,-9.475891814975142,random_forest,absolute,fold_3,6h,ppb
2026-08-18T21:45:00Z,1,38.27,65.11,46.714910598043915,-8.444910598043911,random_forest,absolute,fold_3,6h,ppb
2026-08-18T22:00:00Z,1,38.98,66.62,49.64546563051143,-10.665465630511434,random_forest,absolute,fold_3,6h,ppb
2026-08-18T22:15:00Z,1,38.21,62.61,49.57982746913578,-11.369827469135778,random_forest,absolute,fold_3,6h,ppb
2026-08-18T22:30:00Z,1,43.3,62.07,49.68722557319222,-6.387225573192225,random_forest,absolute,fold_3,6h,ppb
2026-08-18T22:45:00Z,1,34.96,54.47,50.45061247795415,-15.490612477954151,random_forest,absolute,fold_3,6h,ppb
2026-08-18T23:00:00Z,1,51.52,42.34,51.6752992504409,-0.15529925044089765,random_forest,absolute,fold_3,6h,ppb
2026-08-18T23:15:00Z,1,51.99,44.55,52.748669047619074,-0.7586690476190725,random_forest,absolute,fold_3,6h,ppb
2026-08-18T23:30:00Z,1,58.04,44.43,53.58268946208115,4.4573105379188505,random_forest,absolute,fold_3,6h,ppb
2026-08-18T23:45:00Z,1,61.42,43.34,53.72545057319225,7.694549426807754,random_forest,absolute,fold_3,6h,ppb
2026-08-19T00:00:00Z,1,66.83,35.37,75.41341104497351,-8.583411044973516,random_forest,absolute,fold_3,6h,ppb
2026-08-19T00:15:00Z,1,70.47,45.7,75.51238558201058,-5.042385582010581,random_forest,absolute,fold_3,6h,ppb
2026-08-19T00:30:00Z,1,72.11,50.02,75.23480952380952,-3.1248095238095175,random_forest,absolute,fold_3,6h,ppb
2026-08-19T00:45:00Z,1,71.34,39.43,76.43912903439156,-5.099129034391552,random_forest,absolute,fold_3,6h,ppb
2026-08-19T01:00:00Z,1,74.61,36.91,79.06192469135799,-4.451924691357988,random_forest,absolute,fold_3,6h,ppb
2026-08-19T01:15:00Z,1,70.72,35.09,78.80407059082893,-8.08407059082893,random_forest,absolute,fold_3,6h,ppb
2026-08-19T01:30:00Z,1,75.92,37.5,77.90371322751324,-1.9837132275132348,random_forest,absolute,fold_3,6h,ppb
2026-08-19T01:45:00Z,1,76.97,38.81,78.26063134920638,-1.2906313492063788,random_forest,absolute,fold_3,6h,ppb
2026-08-19T02:00:00Z,1,77.04,47.16,77.4721421957672,-0.4321421957671987,random_forest,absolute,fold_3,6h,ppb
2026-08-19T02:15:00Z,1,78.08,45.19,77.49838313492062,0.5816168650793827,random_forest,absolute,fold_3,6h,ppb
2026-08-19T02:30:00Z,1,80.2,36.38,77.06933055555557,3.130669444444436,random_forest,absolute,fold_3,6h,ppb
2026-08-19T02:45:00Z,1,80.11,39.92,76.24824305555556,3.861756944444437,random_forest,absolute,fold_3,6h,ppb
2026-08-19T03:00:00Z,1,78.76,39.31,74.85141415343917,3.9085858465608396,random_forest,absolute,fold_3,6h,ppb
2026-08-19T03:15:00Z,1,78.47,36.1,74.72241210317463,3.7475878968253653,random_forest,absolute,fold_3,6h,ppb
2026-08-19T03:30:00Z,1,72.2,37.44,74.47233214285717,-2.2723321428571666,random_forest,absolute,fold_3,6h,ppb
2026-08-19T03:45:00Z,1,68.15,38.27,75.06040268959434,-6.910402689594335,random_forest,absolute,fold_3,6h,ppb
2026-08-19T04:00:00Z,1,66.55,38.98,68.82615357142855,-2.2761535714285515,random_forest,absolute,fold_3,6h,ppb
2026-08-19T04:15:00Z,1,61.59,38.21,68.78727037037041,-7.197270370370404,random_forest,absolute,fold_3,6h,ppb
2026-08-19T04:30:00Z,1,60.61,43.3,67.40382627865962,-6.793826278659623,random_forest,absolute,fold_3,6h,ppb
2026-08-19T04:45:00Z,1,62.48,34.96,65.1184657848325,-2.6384657848324977,random_forest,absolute,fold_3,6h,ppb
2026-08-19T05:00:00Z,1,57.59,51.52,59.28304115961199,-1.6930411596119868,random_forest,absolute,fold_3,6h,ppb
2026-08-19T05:15:00Z,1,55.9,51.99,58.71317546296301,-2.8131754629630095,random_forest,absolute,fold_3,6h,ppb
2026-08-19T05:30:00Z,1,55.35,58.04,58.77052297178132,-3.420522971781317,random_forest,absolute,fold_3,6h,ppb
2026-08-19T05:45:00Z,1,56.43,61.42,58.1136183020683,-1.6836183020683038,random_forest,absolute,fold_3,6h,ppb
2026-08-19T06:00:00Z,1,56.04,66.83,58.97586063288562,-2.935860632885621,random_forest,absolute,fold_3,6h,ppb
2026-08-19T06:15:00Z,1,55.24,70.47,59.04566560846562,-3.805665608465617,random_forest,absolute,fold_3,6h,ppb
2026-08-19T06:30:00Z,1,56.0,72.11,59.65165773809527,-3.651657738095267,random_forest,absolute,fold_3,6h,ppb
2026-08-19T06:45:00Z,1,52.93,71.34,59.51803287037037,-6.58803287037037,random_forest,absolute,fold_3,6h,ppb
2026-08-19T07:00:00Z,1,49.7,74.61,56.075566714766694,-6.375566714766691,random_forest,absolute,fold_3,6h,ppb
2026-08-19T07:15:00Z,1,48.84,70.72,56.70766671754171,-7.867666717541709,random_forest,absolute,fold_3,6h,ppb
2026-08-19T07:30:00Z,1,48.37,75.92,56.45541735347985,-8.085417353479855,random_forest,absolute,fold_3,6h,ppb
2026-08-19T07:45:00Z,1,50.11,76.97,56.42373462962962,-6.3137346296296215,random_forest,absolute,fold_3,6h,ppb
2026-08-19T08:00:00Z,1,54.23,77.04,56.010915779035756,-1.7809157790357588,random_forest,absolute,fold_3,6h,ppb
2026-08-19T08:15:00Z,1,50.71,78.08,55.88583579466827,-5.1758357946682665,random_forest,absolute,fold_3,6h,ppb
2026-08-19T08:30:00Z,1,51.31,80.2,55.28060169312166,-3.970601693121658,random_forest,absolute,fold_3,6h,ppb
2026-08-19T08:45:00Z,1,56.56,80.11,57.028088708112854,-0.46808870811285175,random_forest,absolute,fold_3,6h,ppb
2026-08-19T09:00:00Z,1,52.84,78.76,53.734002202180534,-0.8940022021805305,random_forest,absolute,fold_3,6h,ppb
2026-08-19T09:15:00Z,1,48.59,78.47,52.258225306237,-3.668225306236998,random_forest,absolute,fold_3,6h,ppb
2026-08-19T09:30:00Z,1,45.5,72.2,50.923106174843674,-5.423106174843674,random_forest,absolute,fold_3,6h,ppb
2026-08-19T09:45:00Z,1,45.0,68.15,50.88642724675421,-5.886427246754209,random_forest,absolute,fold_3,6h,ppb
2026-08-19T10:15:00Z,1,46.24,61.59,48.874771974201124,-2.634771974201122,random_forest,absolute,fold_3,6h,ppb
2026-08-19T10:30:00Z,1,50.5,60.61,48.034781123149926,2.4652188768500736,random_forest,absolute,fold_3,6h,ppb
2026-08-19T10:45:00Z,1,50.06,62.48,48.114456343608474,1.9455436563915285,random_forest,absolute,fold_3,6h,ppb
2026-08-19T11:00:00Z,1,51.71,57.59,47.61412089947089,4.09587910052911,random_forest,absolute,fold_3,6h,ppb
2026-08-19T11:15:00Z,1,47.2,55.9,47.56759431216929,-0.3675943121692882,random_forest,absolute,fold_3,6h,ppb
2026-08-19T11:30:00Z,1,49.82,55.35,47.61500482804232,2.204995171957677,random_forest,absolute,fold_3,6h,ppb
2026-08-19T11:45:00Z,1,48.3,56.43,47.919665189594376,0.3803348104056212,random_forest,absolute,fold_3,6h,ppb
2026-08-19T12:00:00Z,1,48.54,56.04,47.33059338824757,1.2094066117524278,random_forest,absolute,fold_3,6h,ppb
2026-08-19T12:15:00Z,1,45.92,55.24,49.37799894221359,-3.4579989422135853,random_forest,absolute,fold_3,6h,ppb
2026-08-19T12:30:00Z,1,47.87,56.0,51.30849583374797,-3.4384958337479716,random_forest,absolute,fold_3,6h,ppb
2026-08-19T12:45:00Z,1,50.06,52.93,52.15682830845324,-2.09682830845324,random_forest,absolute,fold_3,6h,ppb
2026-08-19T13:00:00Z,1,46.31,49.7,53.58744717956948,-7.277447179569478,random_forest,absolute,fold_3,6h,ppb
2026-08-19T13:15:00Z,1,44.9,48.84,54.4927787848469,-9.5927787848469,random_forest,absolute,fold_3,6h,ppb
2026-08-19T13:30:00Z,1,36.86,48.37,55.94289723722784,-19.08289723722784,random_forest,absolute,fold_3,6h,ppb
2026-08-19T13:45:00Z,1,44.22,50.11,55.63096010265102,-11.410960102651018,random_forest,absolute,fold_3,6h,ppb
2026-08-19T14:00:00Z,1,43.04,54.23,55.618613269079304,-12.578613269079305,random_forest,absolute,fold_3,6h,ppb
2026-08-19T14:15:00Z,1,47.06,50.71,55.80781031092637,-8.747810310926369,random_forest,absolute,fold_3,6h,ppb
2026-08-19T14:30:00Z,1,41.08,51.31,55.77015969765075,-14.69015969765075,random_forest,absolute,fold_3,6h,ppb
2026-08-19T14:45:00Z,1,42.21,56.56,54.799138963377146,-12.589138963377145,random_forest,absolute,fold_3,6h,ppb
2026-08-19T15:00:00Z,1,49.78,52.84,53.85071872795413,-4.07071872795413,random_forest,absolute,fold_3,6h,ppb
2026-08-19T15:15:00Z,1,49.97,48.59,54.03647706128744,-4.0664770612874435,random_forest,absolute,fold_3,6h,ppb
2026-08-19T15:30:00Z,1,49.43,45.5,52.36261169038497,-2.9326116903849737,random_forest,absolute,fold_3,6h,ppb
2026-08-19T15:45:00Z,1,48.33,45.0,51.575268877333826,-3.245268877333828,random_forest,absolute,fold_3,6h,ppb
2026-08-19T16:15:00Z,1,43.43,46.24,47.40730663280639,-3.977306632806389,random_forest,absolute,fold_3,6h,ppb
2026-08-19T16:30:00Z,1,34.33,50.5,46.68223423421734,-12.352234234217342,random_forest,absolute,fold_3,6h,ppb
2026-08-19T16:45:00Z,1,31.49,50.06,47.25120564373899,-15.761205643738993,random_forest,absolute,fold_3,6h,ppb
2026-08-19T17:00:00Z,1,30.18,51.71,46.66063540564375,-16.480635405643753,random_forest,absolute,fold_3,6h,ppb
2026-08-19T17:15:00Z,1,30.76,47.2,46.2937882495591,-15.533788249559098,random_forest,absolute,fold_3,6h,ppb
2026-08-19T17:30:00Z,1,30.18,49.82,46.33823481040565,-16.158234810405652,random_forest,absolute,fold_3,6h,ppb
2026-08-19T17:45:00Z,1,32.06,48.3,47.013853395061716,-14.953853395061714,random_forest,absolute,fold_3,6h,ppb
2026-08-19T18:00:00Z,1,32.78,48.54,46.8047114638448,-14.024711463844795,random_forest,absolute,fold_3,6h,ppb
2026-08-19T18:15:00Z,1,36.8,45.92,46.00721768077602,-9.207217680776026,random_forest,absolute,fold_3,6h,ppb
2026-08-19T18:30:00Z,1,36.6,47.87,45.93433447971783,-9.334334479717832,random_forest,absolute,fold_3,6h,ppb
2026-08-19T18:45:00Z,1,36.41,50.06,45.93987372134042,-9.529873721340422,random_forest,absolute,fold_3,6h,ppb
2026-08-19T19:00:00Z,1,37.35,46.31,46.66715895061729,-9.31715895061729,random_forest,absolute,fold_3,6h,ppb
2026-08-19T19:15:00Z,1,34.68,44.9,45.84679843474429,-11.166798434744287,random_forest,absolute,fold_3,6h,ppb
2026-08-19T19:30:00Z,1,35.39,36.86,46.19398593474429,-10.80398593474429,random_forest,absolute,fold_3,6h,ppb
2026-08-19T19:45:00Z,1,37.99,44.22,46.804725220458586,-8.814725220458584,random_forest,absolute,fold_3,6h,ppb
2026-08-19T20:00:00Z,1,34.65,43.04,46.66255917107588,-12.012559171075878,random_forest,absolute,fold_3,6h,ppb
2026-08-19T20:15:00Z,1,31.27,47.06,46.68303077601414,-15.413030776014143,random_forest,absolute,fold_3,6h,ppb
2026-08-19T20:30:00Z,1,30.31,41.08,46.967050837742526,-16.657050837742528,random_forest,absolute,fold_3,6h,ppb
2026-08-19T20:45:00Z,1,28.44,42.21,47.0383978395062,-18.5983978395062,random_forest,absolute,fold_3,6h,ppb
2026-08-19T21:00:00Z,1,32.07,49.78,46.88193575837743,-14.81193575837743,random_forest,absolute,fold_3,6h,ppb
2026-08-19T21:15:00Z,1,29.36,49.97,46.99103209876545,-17.631032098765452,random_forest,absolute,fold_3,6h,ppb
2026-08-19T21:30:00Z,1,18.31,49.43,46.89594338624341,-28.58594338624341,random_forest,absolute,fold_3,6h,ppb
2026-08-19T21:45:00Z,1,33.32,48.33,46.93306234567902,-13.613062345679019,random_forest,absolute,fold_3,6h,ppb
2026-08-19T22:00:00Z,1,31.28,48.91,48.0942003968254,-16.8142003968254,random_forest,absolute,fold_3,6h,ppb
2026-08-19T22:15:00Z,1,36.45,43.43,47.86335476190477,-11.41335476190477,random_forest,absolute,fold_3,6h,ppb
2026-08-19T22:30:00Z,1,40.68,34.33,46.323056084656095,-5.643056084656095,random_forest,absolute,fold_3,6h,ppb
2026-08-19T22:45:00Z,1,41.64,31.49,46.19654821428573,-4.556548214285726,random_forest,absolute,fold_3,6h,ppb
2026-08-19T23:00:00Z,1,52.31,30.18,50.49688888888886,1.8131111111111409,random_forest,absolute,fold_3,6h,ppb
2026-08-19T23:15:00Z,1,54.28,30.76,50.68442698412695,3.5955730158730503,random_forest,absolute,fold_3,6h,ppb
2026-08-19T23:30:00Z,1,62.87,30.18,51.30730714285715,11.56269285714285,random_forest,absolute,fold_3,6h,ppb
2026-08-19T23:45:00Z,1,65.19,32.06,51.112985846560846,14.077014153439151,random_forest,absolute,fold_3,6h,ppb
2026-08-16T00:00:00Z,1,47.07,55.7,74.419500154321,-27.349500154321,random_forest,delta,fold_3,6h,ppb
2026-08-16T00:15:00Z,1,61.38,56.93,74.25032039241624,-12.87032039241624,random_forest,delta,fold_3,6h,ppb
2026-08-16T00:30:00Z,1,57.16,62.43,77.47938650793651,-20.319386507936514,random_forest,delta,fold_3,6h,ppb
2026-08-16T00:45:00Z,1,61.27,64.04,77.75957169312169,-16.489571693121682,random_forest,delta,fold_3,6h,ppb
2026-08-16T01:00:00Z,1,67.67,57.13,76.10430026455026,-8.43430026455026,random_forest,delta,fold_3,6h,ppb
2026-08-16T01:15:00Z,1,48.63,49.06,71.58143664021165,-22.951436640211647,random_forest,delta,fold_3,6h,ppb
2026-08-16T01:30:00Z,1,60.25,45.1,72.17973558201058,-11.92973558201058,random_forest,delta,fold_3,6h,ppb
2026-08-16T01:45:00Z,1,28.27,43.27,71.73769358465609,-43.46769358465609,random_forest,delta,fold_3,6h,ppb
2026-08-16T02:00:00Z,1,41.84,41.52,70.5636490079365,-28.7236490079365,random_forest,delta,fold_3,6h,ppb
2026-08-16T02:15:00Z,1,59.98,38.79,68.33798128306879,-8.357981283068789,random_forest,delta,fold_3,6h,ppb
2026-08-16T02:30:00Z,1,61.3,31.45,61.98797222222223,-0.6879722222222355,random_forest,delta,fold_3,6h,ppb
2026-08-16T02:45:00Z,1,55.75,36.15,67.10157374338624,-11.35157374338624,random_forest,delta,fold_3,6h,ppb
2026-08-16T03:00:00Z,1,23.87,36.31,67.63722162698413,-43.767221626984124,random_forest,delta,fold_3,6h,ppb
2026-08-16T03:15:00Z,1,18.69,34.12,68.06313373015871,-49.37313373015871,random_forest,delta,fold_3,6h,ppb
2026-08-16T03:30:00Z,1,8.86,28.27,62.13713915343915,-53.27713915343915,random_forest,delta,fold_3,6h,ppb
2026-08-16T03:45:00Z,1,4.45,35.54,69.70799988977075,-65.25799988977074,random_forest,delta,fold_3,6h,ppb
2026-08-16T04:00:00Z,1,7.66,39.04,68.80354413580247,-61.14354413580247,random_forest,delta,fold_3,6h,ppb
2026-08-16T04:15:00Z,1,8.21,37.95,56.010675462962965,-47.800675462962964,random_forest,delta,fold_3,6h,ppb
2026-08-16T04:30:00Z,1,11.97,38.09,56.00760105820106,-44.03760105820106,random_forest,delta,fold_3,6h,ppb
2026-08-16T04:45:00Z,1,18.89,37.46,56.31709124260814,-37.42709124260814,random_forest,delta,fold_3,6h,ppb
2026-08-16T05:00:00Z,1,36.48,59.29,57.028603509604324,-20.548603509604327,random_forest,delta,fold_3,6h,ppb
2026-08-16T05:15:00Z,1,34.67,69.16,65.67518482574188,-31.00518482574188,random_forest,delta,fold_3,6h,ppb
2026-08-16T05:30:00Z,1,18.72,65.11,60.18083608235565,-41.46083608235565,random_forest,delta,fold_3,6h,ppb
2026-08-16T05:45:00Z,1,17.67,65.11,61.98352385383078,-44.31352385383078,random_forest,delta,fold_3,6h,ppb
2026-08-16T06:00:00Z,1,11.8,47.07,52.27987393925519,-40.479873939255185,random_forest,delta,fold_3,6h,ppb
2026-08-16T06:15:00Z,1,8.55,61.38,59.8693786662878,-51.319378666287804,random_forest,delta,fold_3,6h,ppb
2026-08-16T06:30:00Z,1,26.43,57.16,55.217194708994704,-28.787194708994704,random_forest,delta,fold_3,6h,ppb
2026-08-16T06:45:00Z,1,17.22,61.27,57.32322185857328,-40.10322185857328,random_forest,delta,fold_3,6h,ppb
2026-08-16T07:00:00Z,1,17.48,67.67,58.521658894350615,-41.04165889435062,random_forest,delta,fold_3,6h,ppb
2026-08-16T07:15:00Z,1,20.63,48.63,51.820720056358404,-31.190720056358405,random_forest,delta,fold_3,6h,ppb
2026-08-16T07:30:00Z,1,7.98,60.25,53.18550860756502,-45.20550860756502,random_forest,delta,fold_3,6h,ppb
2026-08-16T07:45:00Z,1,21.15,28.27,34.53018875398022,-13.380188753980221,random_forest,delta,fold_3,6h,ppb
2026-08-16T08:00:00Z,1,17.21,41.84,49.18899502611586,-31.97899502611586,random_forest,delta,fold_3,6h,ppb
2026-08-16T08:15:00Z,1,12.86,59.98,56.0574437740537,-43.1974437740537,random_forest,delta,fold_3,6h,ppb
2026-08-16T08:30:00Z,1,4.93,61.3,57.6316378201145,-52.7016378201145,random_forest,delta,fold_3,6h,ppb
2026-08-16T08:45:00Z,1,21.25,55.75,49.94638493182922,-28.696384931829222,random_forest,delta,fold_3,6h,ppb
2026-08-16T09:00:00Z,1,0.96,23.87,29.69924292328042,-28.73924292328042,random_forest,delta,fold_3,6h,ppb
2026-08-16T09:15:00Z,1,4.39,18.69,23.489077447089944,-19.099077447089943,random_forest,delta,fold_3,6h,ppb
2026-08-16T09:30:00Z,1,11.5,8.86,13.206076851851847,-1.7060768518518472,random_forest,delta,fold_3,6h,ppb
2026-08-16T09:45:00Z,1,15.62,4.45,9.670176851851847,5.949823148148152,random_forest,delta,fold_3,6h,ppb
2026-08-16T10:00:00Z,1,0.52,7.66,11.86243447971781,-11.342434479717811,random_forest,delta,fold_3,6h,ppb
2026-08-16T11:00:00Z,1,14.32,36.48,35.24957921396504,-20.92957921396504,random_forest,delta,fold_3,6h,ppb
2026-08-16T11:15:00Z,1,28.38,34.67,35.81773248726582,-7.437732487265823,random_forest,delta,fold_3,6h,ppb
2026-08-16T11:30:00Z,1,39.09,18.72,22.375511528779857,16.714488471220147,random_forest,delta,fold_3,6h,ppb
2026-08-16T11:45:00Z,1,46.57,17.67,19.50234094797178,27.06765905202822,random_forest,delta,fold_3,6h,ppb
2026-08-16T12:00:00Z,1,50.93,11.8,12.912797288359787,38.01720271164021,random_forest,delta,fold_3,6h,ppb
2026-08-16T12:15:00Z,1,51.46,8.55,9.933686331569664,41.52631366843033,random_forest,delta,fold_3,6h,ppb
2026-08-16T12:30:00Z,1,54.12,26.43,23.631715156525573,30.488284843474425,random_forest,delta,fold_3,6h,ppb
2026-08-16T12:45:00Z,1,57.15,17.22,16.097779409171075,41.052220590828924,random_forest,delta,fold_3,6h,ppb
2026-08-16T13:00:00Z,1,58.37,17.48,16.26677861552028,42.10322138447972,random_forest,delta,fold_3,6h,ppb
2026-08-16T13:15:00Z,1,56.36,20.63,17.250932120811285,39.109067879188714,random_forest,delta,fold_3,6h,ppb
2026-08-16T13:30:00Z,1,57.84,7.98,6.934030873015873,50.90596912698413,random_forest,delta,fold_3,6h,ppb
2026-08-16T13:45:00Z,1,58.56,21.15,18.709729552469135,39.85027044753087,random_forest,delta,fold_3,6h,ppb
2026-08-16T14:00:00Z,1,60.03,17.21,19.59596206890332,40.43403793109668,random_forest,delta,fold_3,6h,ppb
2026-08-16T14:15:00Z,1,58.29,12.86,16.647017210421204,41.642982789578795,random_forest,delta,fold_3,6h,ppb
2026-08-16T14:30:00Z,1,56.39,4.93,6.791424369488535,49.59857563051146,random_forest,delta,fold_3,6h,ppb
2026-08-16T14:45:00Z,1,56.04,21.25,20.851843232924484,35.18815676707551,random_forest,delta,fold_3,6h,ppb
2026-08-16T15:00:00Z,1,57.18,0.96,2.355692785899935,54.82430721410007,random_forest,delta,fold_3,6h,ppb
2026-08-16T15:15:00Z,1,57.72,4.39,5.422269143924625,52.297730856075376,random_forest,delta,fold_3,6h,ppb
2026-08-16T15:30:00Z,1,64.02,11.5,10.851518023488858,53.16848197651114,random_forest,delta,fold_3,6h,ppb
2026-08-16T15:45:00Z,1,62.19,15.62,16.10577565847489,46.08422434152511,random_forest,delta,fold_3,6h,ppb
2026-08-16T16:00:00Z,1,63.58,0.52,1.2372162686387684,62.34278373136123,random_forest,delta,fold_3,6h,ppb
2026-08-16T17:00:00Z,1,51.31,14.32,9.530725396825396,41.779274603174606,random_forest,delta,fold_3,6h,ppb
2026-08-16T17:15:00Z,1,51.92,28.38,23.705171494708992,28.21482850529101,random_forest,delta,fold_3,6h,ppb
2026-08-16T17:30:00Z,1,52.8,39.09,32.88999115560365,19.910008844396344,random_forest,delta,fold_3,6h,ppb
2026-08-16T17:45:00Z,1,52.26,46.57,38.48937628277343,13.77062371722657,random_forest,delta,fold_3,6h,ppb
2026-08-16T18:00:00Z,1,52.54,50.93,35.22215991662658,17.31784008337342,random_forest,delta,fold_3,6h,ppb
2026-08-16T18:15:00Z,1,54.8,51.46,35.45603319704986,19.343966802950135,random_forest,delta,fold_3,6h,ppb
2026-08-16T18:30:00Z,1,47.92,54.12,38.62495971821389,9.295040281786115,random_forest,delta,fold_3,6h,ppb
2026-08-16T18:45:00Z,1,40.51,57.15,39.80088255270627,0.7091174472937283,random_forest,delta,fold_3,6h,ppb
2026-08-16T19:00:00Z,1,44.15,58.37,37.24854838163043,6.90145161836957,random_forest,delta,fold_3,6h,ppb
2026-08-16T19:15:00Z,1,45.94,56.36,40.122215787200545,5.817784212799452,random_forest,delta,fold_3,6h,ppb
2026-08-16T19:30:00Z,1,37.63,57.84,42.3857217205703,-4.7557217205703,random_forest,delta,fold_3,6h,ppb
2026-08-16T19:45:00Z,1,32.08,58.56,43.58857633415252,-11.508576334152522,random_forest,delta,fold_3,6h,ppb
2026-08-16T20:00:00Z,1,31.72,60.03,39.07244699667616,-7.352446996676164,random_forest,delta,fold_3,6h,ppb
2026-08-16T20:15:00Z,1,30.25,58.29,39.24450729717813,-8.994507297178131,random_forest,delta,fold_3,6h,ppb
2026-08-16T20:30:00Z,1,34.36,56.39,39.768444945486614,-5.408444945486615,random_forest,delta,fold_3,6h,ppb
2026-08-16T20:45:00Z,1,29.57,56.04,41.358634721960804,-11.788634721960804,random_forest,delta,fold_3,6h,ppb
2026-08-16T21:00:00Z,1,32.47,57.18,44.116792658468746,-11.646792658468748,random_forest,delta,fold_3,6h,ppb
2026-08-16T21:15:00Z,1,33.9,57.72,45.722656935556394,-11.822656935556395,random_forest,delta,fold_3,6h,ppb
2026-08-16T21:30:00Z,1,33.31,64.02,50.49331171761176,-17.18331171761176,random_forest,delta,fold_3,6h,ppb
2026-08-16T21:45:00Z,1,33.6,62.19,51.8818987518237,-18.281898751823697,random_forest,delta,fold_3,6h,ppb
2026-08-16T22:00:00Z,1,31.61,63.58,58.74471864430877,-27.13471864430877,random_forest,delta,fold_3,6h,ppb
2026-08-16T22:15:00Z,1,39.44,59.94,52.81214861699837,-13.372148616998373,random_forest,delta,fold_3,6h,ppb
2026-08-16T22:30:00Z,1,39.4,44.58,45.31495973304473,-5.914959733044732,random_forest,delta,fold_3,6h,ppb
2026-08-16T22:45:00Z,1,38.16,43.54,43.997754442039444,-5.837754442039447,random_forest,delta,fold_3,6h,ppb
2026-08-16T23:00:00Z,1,40.17,51.31,54.104954761904764,-13.934954761904763,random_forest,delta,fold_3,6h,ppb
2026-08-16T23:15:00Z,1,45.46,51.92,54.4741683662017,-9.014168366201702,random_forest,delta,fold_3,6h,ppb
2026-08-16T23:30:00Z,1,59.46,52.8,53.36435293209876,6.09564706790124,random_forest,delta,fold_3,6h,ppb
2026-08-16T23:45:00Z,1,60.75,52.26,56.145206812169306,4.604793187830694,random_forest,delta,fold_3,6h,ppb
2026-08-17T00:00:00Z,1,58.1,52.54,67.45812975088184,-9.358129750881837,random_forest,delta,fold_3,6h,ppb
2026-08-17T00:15:00Z,1,66.47,54.8,70.09180796957672,-3.6218079695767216,random_forest,delta,fold_3,6h,ppb
2026-08-17T00:30:00Z,1,62.6,47.92,68.09431527777778,-5.49431527777778,random_forest,delta,fold_3,6h,ppb
2026-08-17T00:45:00Z,1,67.1,40.51,66.85114523809523,0.24885476190476652,random_forest,delta,fold_3,6h,ppb
2026-08-17T01:00:00Z,1,68.85,44.15,68.42401283068781,0.4259871693121795,random_forest,delta,fold_3,6h,ppb
2026-08-17T01:15:00Z,1,74.06,45.94,69.05287473544973,5.007125264550268,random_forest,delta,fold_3,6h,ppb
2026-08-17T01:30:00Z,1,72.18,37.63,67.14793716931217,5.032062830687835,random_forest,delta,fold_3,6h,ppb
2026-08-17T01:45:00Z,1,72.53,32.08,64.25790939153438,8.272090608465618,random_forest,delta,fold_3,6h,ppb
2026-08-17T02:00:00Z,1,68.54,31.72,65.16764933862433,3.372350661375677,random_forest,delta,fold_3,6h,ppb
2026-08-17T02:15:00Z,1,67.83,30.25,68.22677070105819,-0.39677070105818757,random_forest,delta,fold_3,6h,ppb
2026-08-17T02:30:00Z,1,70.38,34.36,73.58472361111112,-3.2047236111111204,random_forest,delta,fold_3,6h,ppb
2026-08-17T02:45:00Z,1,67.48,29.57,70.67934914021163,-3.1993491402116234,random_forest,delta,fold_3,6h,ppb
2026-08-17T03:00:00Z,1,65.85,32.47,76.17622539682539,-10.326225396825393,random_forest,delta,fold_3,6h,ppb
2026-08-17T03:15:00Z,1,60.87,33.9,76.27984049823633,-15.409840498236328,random_forest,delta,fold_3,6h,ppb
2026-08-17T03:30:00Z,1,62.57,33.31,76.0671177910053,-13.497117791005302,random_forest,delta,fold_3,6h,ppb
2026-08-17T03:45:00Z,1,60.92,33.6,73.26864570105822,-12.348645701058217,random_forest,delta,fold_3,6h,ppb
2026-08-17T04:00:00Z,1,63.41,31.61,69.6430386904762,-6.2330386904762065,random_forest,delta,fold_3,6h,ppb
2026-08-17T04:15:00Z,1,56.51,39.44,74.9096140873016,-18.399614087301607,random_forest,delta,fold_3,6h,ppb
2026-08-17T04:30:00Z,1,54.75,39.4,57.434362217992614,-2.6843622179926143,random_forest,delta,fold_3,6h,ppb
2026-08-17T04:45:00Z,1,56.22,38.16,56.16104918430334,0.05895081569666161,random_forest,delta,fold_3,6h,ppb
2026-08-17T05:00:00Z,1,55.77,40.17,45.01594755938506,10.754052440614942,random_forest,delta,fold_3,6h,ppb
2026-08-17T05:15:00Z,1,51.6,45.46,48.7468248224769,2.8531751775230987,random_forest,delta,fold_3,6h,ppb
2026-08-17T05:30:00Z,1,48.56,59.46,59.301097073433716,-10.741097073433714,random_forest,delta,fold_3,6h,ppb
2026-08-17T05:45:00Z,1,52.35,60.75,60.00919108791704,-7.659191087917037,random_forest,delta,fold_3,6h,ppb
2026-08-17T06:00:00Z,1,49.02,58.1,59.265347616259106,-10.245347616259103,random_forest,delta,fold_3,6h,ppb
2026-08-17T06:15:00Z,1,50.85,66.47,61.3046923676632,-10.454692367663199,random_forest,delta,fold_3,6h,ppb
2026-08-17T06:30:00Z,1,54.93,62.6,58.254373172627005,-3.3243731726270056,random_forest,delta,fold_3,6h,ppb
2026-08-17T06:45:00Z,1,53.95,67.1,59.86553058734864,-5.915530587348634,random_forest,delta,fold_3,6h,ppb
2026-08-17T07:00:00Z,1,55.04,68.85,58.96581532435708,-3.9258153243570817,random_forest,delta,fold_3,6h,ppb
2026-08-17T07:15:00Z,1,56.82,74.06,55.850237795075316,0.9697622049246846,random_forest,delta,fold_3,6h,ppb
2026-08-17T07:30:00Z,1,58.42,72.18,52.63907612433863,5.780923875661372,random_forest,delta,fold_3,6h,ppb
2026-08-17T07:45:00Z,1,60.23,72.53,53.48748471119929,6.742515288800703,random_forest,delta,fold_3,6h,ppb
2026-08-17T08:00:00Z,1,59.57,68.54,48.32515042087542,11.244849579124583,random_forest,delta,fold_3,6h,ppb
2026-08-17T08:15:00Z,1,57.78,67.83,53.60248980249154,4.177510197508461,random_forest,delta,fold_3,6h,ppb
2026-08-17T08:30:00Z,1,56.05,70.38,56.36185927228425,-0.31185927228425214,random_forest,delta,fold_3,6h,ppb
2026-08-17T08:45:00Z,1,63.33,67.48,53.157887401763475,10.172112598236524,random_forest,delta,fold_3,6h,ppb
2026-08-17T09:00:00Z,1,59.6,65.85,49.7391575081757,9.8608424918243,random_forest,delta,fold_3,6h,ppb
2026-08-17T09:15:00Z,1,61.07,60.87,48.194559515581886,12.875440484418114,random_forest,delta,fold_3,6h,ppb
2026-08-17T09:30:00Z,1,58.75,62.57,48.43086102071256,10.319138979287438,random_forest,delta,fold_3,6h,ppb
2026-08-17T09:45:00Z,1,50.93,60.92,46.822417028764754,4.107582971235246,random_forest,delta,fold_3,6h,ppb
2026-08-17T10:00:00Z,1,57.08,63.41,48.03599439062479,9.044005609375205,random_forest,delta,fold_3,6h,ppb
2026-08-17T10:15:00Z,1,53.49,56.51,44.835850368494555,8.654149631505447,random_forest,delta,fold_3,6h,ppb
2026-08-17T10:30:00Z,1,51.64,54.75,44.450567995248704,7.189432004751296,random_forest,delta,fold_3,6h,ppb
2026-08-17T10:45:00Z,1,53.74,56.22,49.65342143690683,4.08657856309317,random_forest,delta,fold_3,6h,ppb
2026-08-17T11:00:00Z,1,50.62,55.77,50.2428236011315,0.3771763988684995,random_forest,delta,fold_3,6h,ppb
2026-08-17T11:15:00Z,1,49.94,51.6,50.91843973697562,-0.9784397369756235,random_forest,delta,fold_3,6h,ppb
2026-08-17T11:30:00Z,1,51.32,48.56,57.97508372644256,-6.655083726442562,random_forest,delta,fold_3,6h,ppb
2026-08-17T11:45:00Z,1,52.08,52.35,54.92702670520109,-2.8470267052010882,random_forest,delta,fold_3,6h,ppb
2026-08-17T12:00:00Z,1,51.75,49.02,58.067992254819416,-6.317992254819416,random_forest,delta,fold_3,6h,ppb
2026-08-17T12:15:00Z,1,54.27,50.85,56.06383835972062,-1.793838359720617,random_forest,delta,fold_3,6h,ppb
2026-08-17T12:30:00Z,1,51.23,54.93,56.2392536600462,-5.009253660046205,random_forest,delta,fold_3,6h,ppb
2026-08-17T12:45:00Z,1,53.26,53.95,56.56260582061697,-3.302605820616975,random_forest,delta,fold_3,6h,ppb
2026-08-17T13:00:00Z,1,49.34,55.04,57.70990366029408,-8.369903660294078,random_forest,delta,fold_3,6h,ppb
2026-08-17T13:15:00Z,1,40.68,56.82,54.33094278583385,-13.650942785833848,random_forest,delta,fold_3,6h,ppb
2026-08-17T13:30:00Z,1,47.79,58.42,54.912479804535,-7.122479804535004,random_forest,delta,fold_3,6h,ppb
2026-08-17T13:45:00Z,1,46.47,60.23,54.342280070983875,-7.8722800709838765,random_forest,delta,fold_3,6h,ppb
2026-08-17T14:00:00Z,1,48.72,59.57,54.532586880532016,-5.812586880532017,random_forest,delta,fold_3,6h,ppb
2026-08-17T14:15:00Z,1,51.92,57.78,52.30404382481594,-0.3840438248159401,random_forest,delta,fold_3,6h,ppb
2026-08-17T14:30:00Z,1,59.56,56.05,51.48964600134367,8.07035399865633,random_forest,delta,fold_3,6h,ppb
2026-08-17T14:45:00Z,1,52.54,63.33,55.14448618418806,-2.6044861841880618,random_forest,delta,fold_3,6h,ppb
2026-08-17T15:00:00Z,1,58.33,59.6,53.98003333248395,4.34996666751605,random_forest,delta,fold_3,6h,ppb
2026-08-17T15:15:00Z,1,47.32,61.07,54.77079682114492,-7.45079682114492,random_forest,delta,fold_3,6h,ppb
2026-08-17T15:30:00Z,1,39.53,58.75,55.979701705050225,-16.449701705050224,random_forest,delta,fold_3,6h,ppb
2026-08-17T15:45:00Z,1,40.26,50.93,53.64903009184374,-13.389030091843743,random_forest,delta,fold_3,6h,ppb
2026-08-17T16:00:00Z,1,40.5,57.08,54.693464499650105,-14.193464499650105,random_forest,delta,fold_3,6h,ppb
2026-08-17T16:15:00Z,1,38.44,53.49,54.01679831321844,-15.57679831321844,random_forest,delta,fold_3,6h,ppb
2026-08-17T16:30:00Z,1,30.5,51.64,53.03912274446448,-22.53912274446448,random_forest,delta,fold_3,6h,ppb
2026-08-17T16:45:00Z,1,39.56,53.74,52.845933304237285,-13.285933304237282,random_forest,delta,fold_3,6h,ppb
2026-08-17T17:00:00Z,1,46.41,50.62,54.48247318148883,-8.072473181488832,random_forest,delta,fold_3,6h,ppb
2026-08-17T17:15:00Z,1,44.85,49.94,54.65049542733719,-9.80049542733719,random_forest,delta,fold_3,6h,ppb
2026-08-17T17:30:00Z,1,47.57,51.32,53.79414657688615,-6.224146576886149,random_forest,delta,fold_3,6h,ppb
2026-08-17T17:45:00Z,1,43.26,52.08,53.77144126266389,-10.511441262663894,random_forest,delta,fold_3,6h,ppb
2026-08-17T18:00:00Z,1,35.82,51.75,51.816284111079185,-15.996284111079184,random_forest,delta,fold_3,6h,ppb
2026-08-17T18:15:00Z,1,44.24,54.27,52.048322998368775,-7.808322998368773,random_forest,delta,fold_3,6h,ppb
2026-08-17T18:30:00Z,1,48.06,51.23,50.89540041736985,-2.835400417369847,random_forest,delta,fold_3,6h,ppb
2026-08-17T18:45:00Z,1,45.72,53.26,51.06352080552644,-5.343520805526438,random_forest,delta,fold_3,6h,ppb
2026-08-17T19:00:00Z,1,43.33,49.34,51.83831211900795,-8.508312119007954,random_forest,delta,fold_3,6h,ppb
2026-08-17T19:15:00Z,1,44.85,40.68,48.16608615903067,-3.316086159030668,random_forest,delta,fold_3,6h,ppb
2026-08-17T19:30:00Z,1,46.76,47.79,45.40753955649136,1.3524604435086403,random_forest,delta,fold_3,6h,ppb
2026-08-17T19:45:00Z,1,48.85,46.47,44.41229288575469,4.437707114245313,random_forest,delta,fold_3,6h,ppb
2026-08-17T20:00:00Z,1,44.3,48.72,43.638014159665964,0.6619858403340331,random_forest,delta,fold_3,6h,ppb
2026-08-17T20:15:00Z,1,45.94,51.92,45.24318369703721,0.6968163029627874,random_forest,delta,fold_3,6h,ppb
2026-08-17T20:30:00Z,1,46.02,59.56,48.90618053545492,-2.886180535454919,random_forest,delta,fold_3,6h,ppb
2026-08-17T20:45:00Z,1,47.94,52.54,47.786313813822225,0.1536861861777723,random_forest,delta,fold_3,6h,ppb
2026-08-17T21:00:00Z,1,46.43,58.33,51.72014398197922,-5.29014398197922,random_forest,delta,fold_3,6h,ppb
2026-08-17T21:15:00Z,1,47.12,47.32,44.47000000816993,2.6499999918300645,random_forest,delta,fold_3,6h,ppb
2026-08-17T21:30:00Z,1,46.55,39.53,39.108565779727094,7.441434220272903,random_forest,delta,fold_3,6h,ppb
2026-08-17T21:45:00Z,1,45.15,40.26,40.77582525132275,4.374174748677248,random_forest,delta,fold_3,6h,ppb
2026-08-17T22:00:00Z,1,44.08,40.5,40.81780108681289,3.262198913187106,random_forest,delta,fold_3,6h,ppb
2026-08-17T22:15:00Z,1,39.74,38.44,45.676476595423736,-5.936476595423734,random_forest,delta,fold_3,6h,ppb
2026-08-17T22:30:00Z,1,39.79,30.5,42.03691735890652,-2.246917358906522,random_forest,delta,fold_3,6h,ppb
2026-08-17T22:45:00Z,1,51.59,39.56,52.72652369929453,-1.1365236992945285,random_forest,delta,fold_3,6h,ppb
2026-08-17T23:00:00Z,1,55.56,46.41,56.65026124338624,-1.0902612433862373,random_forest,delta,fold_3,6h,ppb
2026-08-17T23:15:00Z,1,64.97,44.85,56.29884537037037,8.671154629629626,random_forest,delta,fold_3,6h,ppb
2026-08-17T23:30:00Z,1,61.08,47.57,56.124019695071006,4.9559803049289926,random_forest,delta,fold_3,6h,ppb
2026-08-17T23:45:00Z,1,59.17,43.26,58.59132134851017,0.578678651489831,random_forest,delta,fold_3,6h,ppb
2026-08-18T00:00:00Z,1,68.61,35.82,70.49449082892417,-1.8844908289241715,random_forest,delta,fold_3,6h,ppb
2026-08-18T00:15:00Z,1,71.53,44.24,72.23993824955907,-0.7099382495590731,random_forest,delta,fold_3,6h,ppb
2026-08-18T00:30:00Z,1,69.74,48.06,69.38378406084658,0.3562159391534152,random_forest,delta,fold_3,6h,ppb
2026-08-18T00:45:00Z,1,70.35,45.72,70.48617103174603,-0.13617103174603074,random_forest,delta,fold_3,6h,ppb
2026-08-18T01:00:00Z,1,69.55,43.33,76.06160423280423,-6.511604232804231,random_forest,delta,fold_3,6h,ppb
2026-08-18T01:15:00Z,1,72.52,44.85,69.99835555555555,2.5216444444444477,random_forest,delta,fold_3,6h,ppb
2026-08-18T01:30:00Z,1,80.75,46.76,70.7798272266314,9.970172773368603,random_forest,delta,fold_3,6h,ppb
2026-08-18T01:45:00Z,1,70.84,48.85,70.10694376102293,0.7330562389770705,random_forest,delta,fold_3,6h,ppb
2026-08-18T02:00:00Z,1,75.18,44.3,70.63112698412698,4.548873015873028,random_forest,delta,fold_3,6h,ppb
2026-08-18T02:15:00Z,1,79.4,45.94,70.8454359126984,8.5545640873016,random_forest,delta,fold_3,6h,ppb
2026-08-18T02:30:00Z,1,74.38,46.02,71.03004265873017,3.3499573412698282,random_forest,delta,fold_3,6h,ppb
2026-08-18T02:45:00Z,1,77.97,47.94,68.9190641313933,9.0509358686067,random_forest,delta,fold_3,6h,ppb
2026-08-18T03:00:00Z,1,80.06,46.43,70.05681247795414,10.003187522045863,random_forest,delta,fold_3,6h,ppb
2026-08-18T03:15:00Z,1,82.23,47.12,67.47197967372134,14.758020326278668,random_forest,delta,fold_3,6h,ppb
2026-08-18T03:30:00Z,1,78.6,46.55,70.13295555555555,8.46704444444444,random_forest,delta,fold_3,6h,ppb
2026-08-18T03:45:00Z,1,72.26,45.15,69.07764523809524,3.1823547619047616,random_forest,delta,fold_3,6h,ppb
2026-08-18T04:00:00Z,1,69.66,44.08,69.84703174603176,-0.18703174603176365,random_forest,delta,fold_3,6h,ppb
2026-08-18T04:15:00Z,1,65.31,39.74,69.55298293650796,-4.242982936507957,random_forest,delta,fold_3,6h,ppb
2026-08-18T04:30:00Z,1,71.0,39.79,69.24232843915345,1.7576715608465463,random_forest,delta,fold_3,6h,ppb
2026-08-18T04:45:00Z,1,70.31,51.59,65.41946825396826,4.890531746031741,random_forest,delta,fold_3,6h,ppb
2026-08-18T05:00:00Z,1,68.27,55.56,54.96723283079964,13.302767169200358,random_forest,delta,fold_3,6h,ppb
2026-08-18T05:15:00Z,1,65.5,64.97,63.19361452513747,2.3063854748625303,random_forest,delta,fold_3,6h,ppb
2026-08-18T05:30:00Z,1,69.62,61.08,57.154926370330564,12.46507362966944,random_forest,delta,fold_3,6h,ppb
2026-08-18T05:45:00Z,1,63.77,59.17,56.69173986060754,7.078260139392462,random_forest,delta,fold_3,6h,ppb
2026-08-18T06:00:00Z,1,66.61,68.61,62.470532223449865,4.139467776550134,random_forest,delta,fold_3,6h,ppb
2026-08-18T06:15:00Z,1,67.7,71.53,64.84664645621588,2.8533535437841238,random_forest,delta,fold_3,6h,ppb
2026-08-18T06:30:00Z,1,66.0,69.74,61.97374962371716,4.026250376282839,random_forest,delta,fold_3,6h,ppb
2026-08-18T06:45:00Z,1,67.14,70.35,62.38858573097503,4.75141426902497,random_forest,delta,fold_3,6h,ppb
2026-08-18T07:00:00Z,1,67.39,69.55,60.74062213171483,6.649377868285171,random_forest,delta,fold_3,6h,ppb
2026-08-18T07:15:00Z,1,65.3,72.52,57.110152501543304,8.189847498456693,random_forest,delta,fold_3,6h,ppb
2026-08-18T07:30:00Z,1,67.31,80.75,60.18629847883598,7.123701521164023,random_forest,delta,fold_3,6h,ppb
2026-08-18T07:45:00Z,1,64.29,70.84,55.67366081094832,8.616339189051686,random_forest,delta,fold_3,6h,ppb
2026-08-18T08:00:00Z,1,62.36,75.18,55.15047517235851,7.209524827641488,random_forest,delta,fold_3,6h,ppb
2026-08-18T08:15:00Z,1,61.89,79.4,58.90471039190476,2.9852896080952434,random_forest,delta,fold_3,6h,ppb
2026-08-18T08:30:00Z,1,64.11,74.38,57.29355448968637,6.816445510313628,random_forest,delta,fold_3,6h,ppb
2026-08-18T08:45:00Z,1,69.18,77.97,59.02092624728084,10.159073752719166,random_forest,delta,fold_3,6h,ppb
2026-08-18T09:00:00Z,1,61.67,80.06,61.379834077620586,0.2901659223794155,random_forest,delta,fold_3,6h,ppb
2026-08-18T09:15:00Z,1,61.3,82.23,63.17115671296297,-1.8711567129629714,random_forest,delta,fold_3,6h,ppb
2026-08-18T09:30:00Z,1,59.61,78.6,59.698426361571194,-0.08842636157119443,random_forest,delta,fold_3,6h,ppb
2026-08-18T09:45:00Z,1,53.82,72.26,57.64210695498812,-3.822106954988122,random_forest,delta,fold_3,6h,ppb
2026-08-18T10:00:00Z,1,51.38,69.66,55.118115498236335,-3.7381154982363327,random_forest,delta,fold_3,6h,ppb
2026-08-18T10:15:00Z,1,50.06,65.31,50.59495604056438,-0.5349560405643743,random_forest,delta,fold_3,6h,ppb
2026-08-18T10:30:00Z,1,52.68,71.0,56.69769647941403,-4.0176964794140275,random_forest,delta,fold_3,6h,ppb
2026-08-18T10:45:00Z,1,50.89,70.31,57.724344058464794,-6.834344058464794,random_forest,delta,fold_3,6h,ppb
2026-08-18T11:00:00Z,1,53.68,68.27,57.140950474668784,-3.4609504746687847,random_forest,delta,fold_3,6h,ppb
2026-08-18T11:15:00Z,1,51.95,65.5,54.19931662748716,-2.249316627487154,random_forest,delta,fold_3,6h,ppb
2026-08-18T11:30:00Z,1,56.49,69.62,57.96218364887273,-1.4721836488727291,random_forest,delta,fold_3,6h,ppb
2026-08-18T11:45:00Z,1,56.46,63.77,52.68843183421517,3.771568165784828,random_forest,delta,fold_3,6h,ppb
2026-08-18T12:00:00Z,1,45.17,66.61,53.629065355760574,-8.459065355760572,random_forest,delta,fold_3,6h,ppb
2026-08-18T12:15:00Z,1,53.78,67.7,56.427613958381386,-2.6476139583813847,random_forest,delta,fold_3,6h,ppb
2026-08-18T12:30:00Z,1,57.86,66.0,56.140170024855564,1.7198299751444353,random_forest,delta,fold_3,6h,ppb
2026-08-18T12:45:00Z,1,56.68,67.14,57.35708524968183,-0.6770852496818307,random_forest,delta,fold_3,6h,ppb
2026-08-18T13:00:00Z,1,53.19,67.39,58.45680783003845,-5.266807830038452,random_forest,delta,fold_3,6h,ppb
2026-08-18T13:15:00Z,1,53.94,65.3,58.01932829740626,-4.0793282974062635,random_forest,delta,fold_3,6h,ppb
2026-08-18T13:30:00Z,1,51.3,67.31,59.49632655243998,-8.196326552439984,random_forest,delta,fold_3,6h,ppb
2026-08-18T13:45:00Z,1,56.13,64.29,57.519287107149545,-1.389287107149542,random_forest,delta,fold_3,6h,ppb
2026-08-18T14:00:00Z,1,58.02,62.36,56.52356237611539,1.49643762388461,random_forest,delta,fold_3,6h,ppb
2026-08-18T14:15:00Z,1,59.13,61.89,56.242623367941256,2.8873766320587464,random_forest,delta,fold_3,6h,ppb
2026-08-18T14:30:00Z,1,64.47,64.11,56.80186233206411,7.668137667935888,random_forest,delta,fold_3,6h,ppb
2026-08-18T14:45:00Z,1,66.4,69.18,60.06498789561484,6.335012104385164,random_forest,delta,fold_3,6h,ppb
2026-08-18T15:00:00Z,1,64.15,61.67,55.38358074581247,8.766419254187532,random_forest,delta,fold_3,6h,ppb
2026-08-18T15:15:00Z,1,64.78,61.3,57.73935967799304,7.040640322006958,random_forest,delta,fold_3,6h,ppb
2026-08-18T15:30:00Z,1,64.88,59.61,57.273058109374325,7.60694189062567,random_forest,delta,fold_3,6h,ppb
2026-08-18T15:45:00Z,1,65.11,53.82,54.35279644547964,10.757203554520359,random_forest,delta,fold_3,6h,ppb
2026-08-18T16:00:00Z,1,66.62,51.38,51.608188976101765,15.01181102389824,random_forest,delta,fold_3,6h,ppb
2026-08-18T16:15:00Z,1,62.61,50.06,53.512420664336986,9.097579335663013,random_forest,delta,fold_3,6h,ppb
2026-08-18T16:30:00Z,1,62.07,52.68,53.160331243526805,8.909668756473195,random_forest,delta,fold_3,6h,ppb
2026-08-18T16:45:00Z,1,54.47,50.89,53.29858922923161,1.1714107707683894,random_forest,delta,fold_3,6h,ppb
2026-08-18T17:00:00Z,1,42.34,53.68,53.990176255116694,-11.65017625511669,random_forest,delta,fold_3,6h,ppb
2026-08-18T17:15:00Z,1,44.55,51.95,51.84187789312437,-7.291877893124372,random_forest,delta,fold_3,6h,ppb
2026-08-18T17:30:00Z,1,44.43,56.49,54.26120141321503,-9.831201413215034,random_forest,delta,fold_3,6h,ppb
2026-08-18T17:45:00Z,1,43.34,56.46,52.5762783957033,-9.236278395703295,random_forest,delta,fold_3,6h,ppb
2026-08-18T18:00:00Z,1,35.37,45.17,49.96831042489698,-14.59831042489698,random_forest,delta,fold_3,6h,ppb
2026-08-18T18:15:00Z,1,45.7,53.78,52.44401852465008,-6.74401852465008,random_forest,delta,fold_3,6h,ppb
2026-08-18T18:30:00Z,1,50.02,57.86,53.383128072618454,-3.3631280726184514,random_forest,delta,fold_3,6h,ppb
2026-08-18T18:45:00Z,1,39.43,56.68,51.78717466679067,-12.35717466679067,random_forest,delta,fold_3,6h,ppb
2026-08-18T19:00:00Z,1,36.91,53.19,45.204775557616344,-8.294775557616347,random_forest,delta,fold_3,6h,ppb
2026-08-18T19:15:00Z,1,35.09,53.94,44.37267755500599,-9.28267755500599,random_forest,delta,fold_3,6h,ppb
2026-08-18T19:30:00Z,1,37.5,51.3,44.70607635215008,-7.2060763521500775,random_forest,delta,fold_3,6h,ppb
2026-08-18T19:45:00Z,1,38.81,56.13,46.49735097921263,-7.687350979212624,random_forest,delta,fold_3,6h,ppb
2026-08-18T20:00:00Z,1,47.16,58.02,53.01986058562061,-5.859860585620616,random_forest,delta,fold_3,6h,ppb
2026-08-18T20:15:00Z,1,45.19,59.13,55.103127716000095,-9.913127716000098,random_forest,delta,fold_3,6h,ppb
2026-08-18T20:30:00Z,1,36.38,64.47,60.06453874594557,-23.684538745945567,random_forest,delta,fold_3,6h,ppb
2026-08-18T20:45:00Z,1,39.92,66.4,62.192966441026456,-22.272966441026455,random_forest,delta,fold_3,6h,ppb
2026-08-18T21:00:00Z,1,39.31,64.15,53.8464213271664,-14.536421327166394,random_forest,delta,fold_3,6h,ppb
2026-08-18T21:15:00Z,1,36.1,64.78,60.17558990305311,-24.075589903053107,random_forest,delta,fold_3,6h,ppb
2026-08-18T21:30:00Z,1,37.44,64.88,60.747469355248505,-23.307469355248507,random_forest,delta,fold_3,6h,ppb
2026-08-18T21:45:00Z,1,38.27,65.11,60.44600998080793,-22.176009980807926,random_forest,delta,fold_3,6h,ppb
2026-08-18T22:00:00Z,1,38.98,66.62,62.61154776889539,-23.631547768895395,random_forest,delta,fold_3,6h,ppb
2026-08-18T22:15:00Z,1,38.21,62.61,59.48685371469251,-21.276853714692507,random_forest,delta,fold_3,6h,ppb
2026-08-18T22:30:00Z,1,43.3,62.07,59.67544703070837,-16.375447030708372,random_forest,delta,fold_3,6h,ppb
2026-08-18T22:45:00Z,1,34.96,54.47,54.3528871993747,-19.392887199374698,random_forest,delta,fold_3,6h,ppb
2026-08-18T23:00:00Z,1,51.52,42.34,54.76909545855379,-3.2490954585537892,random_forest,delta,fold_3,6h,ppb
2026-08-18T23:15:00Z,1,51.99,44.55,54.560802226631395,-2.5708022266313932,random_forest,delta,fold_3,6h,ppb
2026-08-18T23:30:00Z,1,58.04,44.43,55.56495994268078,2.4750400573192195,random_forest,delta,fold_3,6h,ppb
2026-08-18T23:45:00Z,1,61.42,43.34,60.32955056507009,1.0904494349299085,random_forest,delta,fold_3,6h,ppb
2026-08-19T00:00:00Z,1,66.83,35.37,71.15995317460317,-4.329953174603176,random_forest,delta,fold_3,6h,ppb
2026-08-19T00:15:00Z,1,70.47,45.7,74.60630826719574,-4.136308267195744,random_forest,delta,fold_3,6h,ppb
2026-08-19T00:30:00Z,1,72.11,50.02,72.46980496031746,-0.35980496031746156,random_forest,delta,fold_3,6h,ppb
2026-08-19T00:45:00Z,1,71.34,39.43,78.19059274090108,-6.850592740901078,random_forest,delta,fold_3,6h,ppb
2026-08-19T01:00:00Z,1,74.61,36.91,76.4782899190316,-1.8682899190315965,random_forest,delta,fold_3,6h,ppb
2026-08-19T01:15:00Z,1,70.72,35.09,75.91404631232966,-5.194046312329661,random_forest,delta,fold_3,6h,ppb
2026-08-19T01:30:00Z,1,75.92,37.5,78.02333420915504,-2.1033342091550367,random_forest,delta,fold_3,6h,ppb
2026-08-19T01:45:00Z,1,76.97,38.81,78.82188203262787,-1.85188203262787,random_forest,delta,fold_3,6h,ppb
2026-08-19T02:00:00Z,1,77.04,47.16,73.63775983245152,3.4022401675484844,random_forest,delta,fold_3,6h,ppb
2026-08-19T02:15:00Z,1,78.08,45.19,74.17754810405643,3.902451895943571,random_forest,delta,fold_3,6h,ppb
2026-08-19T02:30:00Z,1,80.2,36.38,72.45117268518518,7.748827314814818,random_forest,delta,fold_3,6h,ppb
2026-08-19T02:45:00Z,1,80.11,39.92,75.6043773148148,4.505622685185202,random_forest,delta,fold_3,6h,ppb
2026-08-19T03:00:00Z,1,78.76,39.31,73.56196532186948,5.198034678130526,random_forest,delta,fold_3,6h,ppb
2026-08-19T03:15:00Z,1,78.47,36.1,71.76409728835978,6.705902711640221,random_forest,delta,fold_3,6h,ppb
2026-08-19T03:30:00Z,1,72.2,37.44,72.45331236772486,-0.25331236772485966,random_forest,delta,fold_3,6h,ppb
2026-08-19T03:45:00Z,1,68.15,38.27,74.23748558201056,-6.087485582010558,random_forest,delta,fold_3,6h,ppb
2026-08-19T04:00:00Z,1,66.55,38.98,73.79902136243385,-7.249021362433851,random_forest,delta,fold_3,6h,ppb
2026-08-19T04:15:00Z,1,61.59,38.21,72.2401953483245,-10.650195348324502,random_forest,delta,fold_3,6h,ppb
2026-08-19T04:30:00Z,1,60.61,43.3,73.58594078483245,-12.975940784832446,random_forest,delta,fold_3,6h,ppb
2026-08-19T04:45:00Z,1,62.48,34.96,67.12934933862437,-4.6493493386243685,random_forest,delta,fold_3,6h,ppb
2026-08-19T05:00:00Z,1,57.59,51.52,53.33254563573169,4.2574543642683125,random_forest,delta,fold_3,6h,ppb
2026-08-19T05:15:00Z,1,55.9,51.99,54.690560944919284,1.2094390550807148,random_forest,delta,fold_3,6h,ppb
2026-08-19T05:30:00Z,1,55.35,58.04,60.52932233830241,-5.179322338302406,random_forest,delta,fold_3,6h,ppb
2026-08-19T05:45:00Z,1,56.43,61.42,61.163108162265665,-4.733108162265665,random_forest,delta,fold_3,6h,ppb
2026-08-19T06:00:00Z,1,56.04,66.83,63.51129659622449,-7.471296596224491,random_forest,delta,fold_3,6h,ppb
2026-08-19T06:15:00Z,1,55.24,70.47,64.35593498386025,-9.11593498386025,random_forest,delta,fold_3,6h,ppb
2026-08-19T06:30:00Z,1,56.0,72.11,63.2197145282187,-7.219714528218702,random_forest,delta,fold_3,6h,ppb
2026-08-19T06:45:00Z,1,52.93,71.34,61.534499205638056,-8.604499205638056,random_forest,delta,fold_3,6h,ppb
2026-08-19T07:00:00Z,1,49.7,74.61,55.956318606701956,-6.256318606701953,random_forest,delta,fold_3,6h,ppb
2026-08-19T07:15:00Z,1,48.84,70.72,53.561351939324126,-4.721351939324123,random_forest,delta,fold_3,6h,ppb
2026-08-19T07:30:00Z,1,48.37,75.92,56.539464947089954,-8.169464947089956,random_forest,delta,fold_3,6h,ppb
2026-08-19T07:45:00Z,1,50.11,76.97,56.40335636192512,-6.29335636192512,random_forest,delta,fold_3,6h,ppb
2026-08-19T08:00:00Z,1,54.23,77.04,57.38835988849114,-3.158359888491141,random_forest,delta,fold_3,6h,ppb
2026-08-19T08:15:00Z,1,50.71,78.08,56.6135476120149,-5.903547612014897,random_forest,delta,fold_3,6h,ppb
2026-08-19T08:30:00Z,1,51.31,80.2,57.03832779385136,-5.728327793851356,random_forest,delta,fold_3,6h,ppb
2026-08-19T08:45:00Z,1,56.56,80.11,59.889428169331346,-3.3294281693313437,random_forest,delta,fold_3,6h,ppb
2026-08-19T09:00:00Z,1,52.84,78.76,59.63177202956062,-6.791772029560619,random_forest,delta,fold_3,6h,ppb
2026-08-19T09:15:00Z,1,48.59,78.47,58.70378052200751,-10.11378052200751,random_forest,delta,fold_3,6h,ppb
2026-08-19T09:30:00Z,1,45.5,72.2,56.49220248395352,-10.99220248395352,random_forest,delta,fold_3,6h,ppb
2026-08-19T09:45:00Z,1,45.0,68.15,53.69432310257938,-8.694323102579382,random_forest,delta,fold_3,6h,ppb
2026-08-19T10:15:00Z,1,46.24,61.59,45.75495756142006,0.48504243857993856,random_forest,delta,fold_3,6h,ppb
2026-08-19T10:30:00Z,1,50.5,60.61,43.71414973443025,6.785850265569749,random_forest,delta,fold_3,6h,ppb
2026-08-19T10:45:00Z,1,50.06,62.48,45.79459959825764,4.265400401742362,random_forest,delta,fold_3,6h,ppb
2026-08-19T11:00:00Z,1,51.71,57.59,44.65446619136837,7.05553380863163,random_forest,delta,fold_3,6h,ppb
2026-08-19T11:15:00Z,1,47.2,55.9,43.952558205126216,3.2474417948737866,random_forest,delta,fold_3,6h,ppb
2026-08-19T11:30:00Z,1,49.82,55.35,43.34361608551743,6.476383914482568,random_forest,delta,fold_3,6h,ppb
2026-08-19T11:45:00Z,1,48.3,56.43,44.03674162550213,4.263258374497866,random_forest,delta,fold_3,6h,ppb
2026-08-19T12:00:00Z,1,48.54,56.04,42.740751980270815,5.799248019729184,random_forest,delta,fold_3,6h,ppb
2026-08-19T12:15:00Z,1,45.92,55.24,45.84104187949721,0.07895812050279005,random_forest,delta,fold_3,6h,ppb
2026-08-19T12:30:00Z,1,47.87,56.0,50.26245534611217,-2.392455346112172,random_forest,delta,fold_3,6h,ppb
2026-08-19T12:45:00Z,1,50.06,52.93,49.88878255497137,0.17121744502863123,random_forest,delta,fold_3,6h,ppb
2026-08-19T13:00:00Z,1,46.31,49.7,52.916909547600184,-6.606909547600182,random_forest,delta,fold_3,6h,ppb
2026-08-19T13:15:00Z,1,44.9,48.84,54.3967187264677,-9.496718726467698,random_forest,delta,fold_3,6h,ppb
2026-08-19T13:30:00Z,1,36.86,48.37,57.04966665037985,-20.18966665037985,random_forest,delta,fold_3,6h,ppb
2026-08-19T13:45:00Z,1,44.22,50.11,59.38812712536513,-15.168127125365132,random_forest,delta,fold_3,6h,ppb
2026-08-19T14:00:00Z,1,43.04,54.23,57.979924879495535,-14.939924879495535,random_forest,delta,fold_3,6h,ppb
2026-08-19T14:15:00Z,1,47.06,50.71,58.612102283157874,-11.552102283157872,random_forest,delta,fold_3,6h,ppb
2026-08-19T14:30:00Z,1,41.08,51.31,57.69088746819839,-16.610887468198392,random_forest,delta,fold_3,6h,ppb
2026-08-19T14:45:00Z,1,42.21,56.56,58.57295168181729,-16.362951681817286,random_forest,delta,fold_3,6h,ppb
2026-08-19T15:00:00Z,1,49.78,52.84,58.3135900594633,-8.5335900594633,random_forest,delta,fold_3,6h,ppb
2026-08-19T15:15:00Z,1,49.97,48.59,56.86423130219083,-6.894231302190832,random_forest,delta,fold_3,6h,ppb
2026-08-19T15:30:00Z,1,49.43,45.5,54.48092274975561,-5.050922749755607,random_forest,delta,fold_3,6h,ppb
2026-08-19T15:45:00Z,1,48.33,45.0,52.006508951079354,-3.676508951079356,random_forest,delta,fold_3,6h,ppb
2026-08-19T16:15:00Z,1,43.43,46.24,52.52673310103798,-9.096733101037984,random_forest,delta,fold_3,6h,ppb
2026-08-19T16:30:00Z,1,34.33,50.5,52.67657199176662,-18.346571991766623,random_forest,delta,fold_3,6h,ppb
2026-08-19T16:45:00Z,1,31.49,50.06,53.569512641091,-22.079512641091004,random_forest,delta,fold_3,6h,ppb
2026-08-19T17:00:00Z,1,30.18,51.71,51.78642824573834,-21.606428245738343,random_forest,delta,fold_3,6h,ppb
2026-08-19T17:15:00Z,1,30.76,47.2,51.05818355201147,-20.29818355201147,random_forest,delta,fold_3,6h,ppb
2026-08-19T17:30:00Z,1,30.18,49.82,52.83229844518998,-22.652298445189977,random_forest,delta,fold_3,6h,ppb
2026-08-19T17:45:00Z,1,32.06,48.3,52.846301949890126,-20.786301949890124,random_forest,delta,fold_3,6h,ppb
2026-08-19T18:00:00Z,1,32.78,48.54,54.26571030967849,-21.48571030967849,random_forest,delta,fold_3,6h,ppb
2026-08-19T18:15:00Z,1,36.8,45.92,52.00426319568138,-15.204263195681385,random_forest,delta,fold_3,6h,ppb
2026-08-19T18:30:00Z,1,36.6,47.87,52.16116618677735,-15.56116618677735,random_forest,delta,fold_3,6h,ppb
2026-08-19T18:45:00Z,1,36.41,50.06,52.43160718694885,-16.021607186948856,random_forest,delta,fold_3,6h,ppb
2026-08-19T19:00:00Z,1,37.35,46.31,51.51094913336054,-14.160949133360539,random_forest,delta,fold_3,6h,ppb
2026-08-19T19:15:00Z,1,34.68,44.9,51.61896824789524,-16.93896824789524,random_forest,delta,fold_3,6h,ppb
2026-08-19T19:30:00Z,1,35.39,36.86,50.2660458353375,-14.8760458353375,random_forest,delta,fold_3,6h,ppb
2026-08-19T19:45:00Z,1,37.99,44.22,51.34138303861505,-13.351383038615047,random_forest,delta,fold_3,6h,ppb
2026-08-19T20:00:00Z,1,34.65,43.04,53.23536593915343,-18.585365939153434,random_forest,delta,fold_3,6h,ppb
2026-08-19T20:15:00Z,1,31.27,47.06,51.05009931657848,-19.780099316578482,random_forest,delta,fold_3,6h,ppb
2026-08-19T20:30:00Z,1,30.31,41.08,52.52420848765432,-22.21420848765432,random_forest,delta,fold_3,6h,ppb
2026-08-19T20:45:00Z,1,28.44,42.21,53.08584662698412,-24.64584662698412,random_forest,delta,fold_3,6h,ppb
2026-08-19T21:00:00Z,1,32.07,49.78,53.1197742324034,-21.0497742324034,random_forest,delta,fold_3,6h,ppb
2026-08-19T21:15:00Z,1,29.36,49.97,53.59274821829405,-24.23274821829405,random_forest,delta,fold_3,6h,ppb
2026-08-19T21:30:00Z,1,18.31,49.43,52.25066697931698,-33.94066697931699,random_forest,delta,fold_3,6h,ppb
2026-08-19T21:45:00Z,1,33.32,48.33,52.42794902998236,-19.107949029982358,random_forest,delta,fold_3,6h,ppb
2026-08-19T22:00:00Z,1,31.28,48.91,52.79562912257495,-21.51562912257495,random_forest,delta,fold_3,6h,ppb
2026-08-19T22:15:00Z,1,36.45,43.43,53.21420451940035,-16.764204519400344,random_forest,delta,fold_3,6h,ppb
2026-08-19T22:30:00Z,1,40.68,34.33,46.601401675485,-5.921401675485001,random_forest,delta,fold_3,6h,ppb
2026-08-19T22:45:00Z,1,41.64,31.49,47.37917645502645,-5.739176455026453,random_forest,delta,fold_3,6h,ppb
2026-08-19T23:00:00Z,1,52.31,30.18,50.049733333333336,2.2602666666666664,random_forest,delta,fold_3,6h,ppb
2026-08-19T23:15:00Z,1,54.28,30.76,52.77140899470899,1.5085910052910094,random_forest,delta,fold_3,6h,ppb
2026-08-19T23:30:00Z,1,62.87,30.18,51.47486302910053,11.395136970899465,random_forest,delta,fold_3,6h,ppb
2026-08-19T23:45:00Z,1,65.19,32.06,52.022683267195774,13.167316732804224,random_forest,delta,fold_3,6h,ppb
2026-08-16T00:00:00Z,1,47.07,55.7,72.88430786132812,-25.814307861328125,xgboost,absolute,fold_3,6h,ppb
2026-08-16T00:15:00Z,1,61.38,56.93,75.20451354980469,-13.824513549804685,xgboost,absolute,fold_3,6h,ppb
2026-08-16T00:30:00Z,1,57.16,62.43,72.9938735961914,-15.83387359619141,xgboost,absolute,fold_3,6h,ppb
2026-08-16T00:45:00Z,1,61.27,64.04,72.90495300292969,-11.634953002929684,xgboost,absolute,fold_3,6h,ppb
2026-08-16T01:00:00Z,1,67.67,57.13,74.24351501464844,-6.573515014648436,xgboost,absolute,fold_3,6h,ppb
2026-08-16T01:15:00Z,1,48.63,49.06,74.4349365234375,-25.804936523437497,xgboost,absolute,fold_3,6h,ppb
2026-08-16T01:30:00Z,1,60.25,45.1,76.27008819580078,-16.02008819580078,xgboost,absolute,fold_3,6h,ppb
2026-08-16T01:45:00Z,1,28.27,43.27,76.80804443359375,-48.538044433593754,xgboost,absolute,fold_3,6h,ppb
2026-08-16T02:00:00Z,1,41.84,41.52,76.83203887939453,-34.99203887939453,xgboost,absolute,fold_3,6h,ppb
2026-08-16T02:15:00Z,1,59.98,38.79,77.5033950805664,-17.52339508056641,xgboost,absolute,fold_3,6h,ppb
2026-08-16T02:30:00Z,1,61.3,31.45,74.80976104736328,-13.509761047363284,xgboost,absolute,fold_3,6h,ppb
2026-08-16T02:45:00Z,1,55.75,36.15,77.14187622070312,-21.391876220703125,xgboost,absolute,fold_3,6h,ppb
2026-08-16T03:00:00Z,1,23.87,36.31,76.29157257080078,-52.42157257080078,xgboost,absolute,fold_3,6h,ppb
2026-08-16T03:15:00Z,1,18.69,34.12,74.63898468017578,-55.94898468017578,xgboost,absolute,fold_3,6h,ppb
2026-08-16T03:30:00Z,1,8.86,28.27,65.73909759521484,-56.879097595214844,xgboost,absolute,fold_3,6h,ppb
2026-08-16T03:45:00Z,1,4.45,35.54,62.81632995605469,-58.366329956054685,xgboost,absolute,fold_3,6h,ppb
2026-08-16T04:00:00Z,1,7.66,39.04,60.360923767089844,-52.70092376708985,xgboost,absolute,fold_3,6h,ppb
2026-08-16T04:15:00Z,1,8.21,37.95,59.57505416870117,-51.36505416870117,xgboost,absolute,fold_3,6h,ppb
2026-08-16T04:30:00Z,1,11.97,38.09,59.283538818359375,-47.313538818359376,xgboost,absolute,fold_3,6h,ppb
2026-08-16T04:45:00Z,1,18.89,37.46,59.020240783691406,-40.130240783691406,xgboost,absolute,fold_3,6h,ppb
2026-08-16T05:00:00Z,1,36.48,59.29,57.656803131103516,-21.17680313110352,xgboost,absolute,fold_3,6h,ppb
2026-08-16T05:15:00Z,1,34.67,69.16,58.897037506103516,-24.227037506103514,xgboost,absolute,fold_3,6h,ppb
2026-08-16T05:30:00Z,1,18.72,65.11,56.94242858886719,-38.22242858886719,xgboost,absolute,fold_3,6h,ppb
2026-08-16T05:45:00Z,1,17.67,65.11,55.95078659057617,-38.28078659057617,xgboost,absolute,fold_3,6h,ppb
2026-08-16T06:00:00Z,1,11.8,47.07,56.367897033691406,-44.56789703369141,xgboost,absolute,fold_3,6h,ppb
2026-08-16T06:15:00Z,1,8.55,61.38,57.06254577636719,-48.51254577636719,xgboost,absolute,fold_3,6h,ppb
2026-08-16T06:30:00Z,1,26.43,57.16,56.984840393066406,-30.554840393066407,xgboost,absolute,fold_3,6h,ppb
2026-08-16T06:45:00Z,1,17.22,61.27,57.050846099853516,-39.83084609985352,xgboost,absolute,fold_3,6h,ppb
2026-08-16T07:00:00Z,1,17.48,67.67,53.26103591918945,-35.78103591918945,xgboost,absolute,fold_3,6h,ppb
2026-08-16T07:15:00Z,1,20.63,48.63,54.26982498168945,-33.63982498168946,xgboost,absolute,fold_3,6h,ppb
2026-08-16T07:30:00Z,1,7.98,60.25,54.223541259765625,-46.24354125976562,xgboost,absolute,fold_3,6h,ppb
2026-08-16T07:45:00Z,1,21.15,28.27,54.75720977783203,-33.60720977783203,xgboost,absolute,fold_3,6h,ppb
2026-08-16T08:00:00Z,1,17.21,41.84,53.349449157714844,-36.13944915771484,xgboost,absolute,fold_3,6h,ppb
2026-08-16T08:15:00Z,1,12.86,59.98,51.90403747558594,-39.04403747558594,xgboost,absolute,fold_3,6h,ppb
2026-08-16T08:30:00Z,1,4.93,61.3,52.16154479980469,-47.23154479980469,xgboost,absolute,fold_3,6h,ppb
2026-08-16T08:45:00Z,1,21.25,55.75,49.64588165283203,-28.39588165283203,xgboost,absolute,fold_3,6h,ppb
2026-08-16T09:00:00Z,1,0.96,23.87,41.39930725097656,-40.43930725097656,xgboost,absolute,fold_3,6h,ppb
2026-08-16T09:15:00Z,1,4.39,18.69,43.262630462646484,-38.872630462646484,xgboost,absolute,fold_3,6h,ppb
2026-08-16T09:30:00Z,1,11.5,8.86,43.070247650146484,-31.570247650146484,xgboost,absolute,fold_3,6h,ppb
2026-08-16T09:45:00Z,1,15.62,4.45,41.9951286315918,-26.3751286315918,xgboost,absolute,fold_3,6h,ppb
2026-08-16T10:00:00Z,1,0.52,7.66,43.77479553222656,-43.25479553222656,xgboost,absolute,fold_3,6h,ppb
2026-08-16T11:00:00Z,1,14.32,36.48,44.101783752441406,-29.781783752441406,xgboost,absolute,fold_3,6h,ppb
2026-08-16T11:15:00Z,1,28.38,34.67,45.337860107421875,-16.957860107421876,xgboost,absolute,fold_3,6h,ppb
2026-08-16T11:30:00Z,1,39.09,18.72,45.26508712768555,-6.1750871276855435,xgboost,absolute,fold_3,6h,ppb
2026-08-16T11:45:00Z,1,46.57,17.67,44.92572784423828,1.644272155761719,xgboost,absolute,fold_3,6h,ppb
2026-08-16T12:00:00Z,1,50.93,11.8,43.58778381347656,7.342216186523437,xgboost,absolute,fold_3,6h,ppb
2026-08-16T12:15:00Z,1,51.46,8.55,44.8675651550293,6.592434844970704,xgboost,absolute,fold_3,6h,ppb
2026-08-16T12:30:00Z,1,54.12,26.43,44.590763092041016,9.529236907958982,xgboost,absolute,fold_3,6h,ppb
2026-08-16T12:45:00Z,1,57.15,17.22,44.66675567626953,12.483244323730467,xgboost,absolute,fold_3,6h,ppb
2026-08-16T13:00:00Z,1,58.37,17.48,44.825565338134766,13.544434661865232,xgboost,absolute,fold_3,6h,ppb
2026-08-16T13:15:00Z,1,56.36,20.63,42.55350875854492,13.806491241455078,xgboost,absolute,fold_3,6h,ppb
2026-08-16T13:30:00Z,1,57.84,7.98,43.47023010253906,14.369769897460941,xgboost,absolute,fold_3,6h,ppb
2026-08-16T13:45:00Z,1,58.56,21.15,43.91664123535156,14.64335876464844,xgboost,absolute,fold_3,6h,ppb
2026-08-16T14:00:00Z,1,60.03,17.21,42.479881286621094,17.550118713378907,xgboost,absolute,fold_3,6h,ppb
2026-08-16T14:15:00Z,1,58.29,12.86,42.4918212890625,15.7981787109375,xgboost,absolute,fold_3,6h,ppb
2026-08-16T14:30:00Z,1,56.39,4.93,43.200958251953125,13.189041748046876,xgboost,absolute,fold_3,6h,ppb
2026-08-16T14:45:00Z,1,56.04,21.25,43.190757751464844,12.849242248535155,xgboost,absolute,fold_3,6h,ppb
2026-08-16T15:00:00Z,1,57.18,0.96,42.78672409057617,14.393275909423828,xgboost,absolute,fold_3,6h,ppb
2026-08-16T15:15:00Z,1,57.72,4.39,42.777549743652344,14.942450256347655,xgboost,absolute,fold_3,6h,ppb
2026-08-16T15:30:00Z,1,64.02,11.5,42.84745407104492,21.172545928955074,xgboost,absolute,fold_3,6h,ppb
2026-08-16T15:45:00Z,1,62.19,15.62,42.80671310424805,19.38328689575195,xgboost,absolute,fold_3,6h,ppb
2026-08-16T16:00:00Z,1,63.58,0.52,42.40315246582031,21.176847534179686,xgboost,absolute,fold_3,6h,ppb
2026-08-16T17:00:00Z,1,51.31,14.32,43.37910461425781,7.93089538574219,xgboost,absolute,fold_3,6h,ppb
2026-08-16T17:15:00Z,1,51.92,28.38,44.7322883605957,7.187711639404299,xgboost,absolute,fold_3,6h,ppb
2026-08-16T17:30:00Z,1,52.8,39.09,44.67994689941406,8.120053100585935,xgboost,absolute,fold_3,6h,ppb
2026-08-16T17:45:00Z,1,52.26,46.57,43.68272018432617,8.577279815673826,xgboost,absolute,fold_3,6h,ppb
2026-08-16T18:00:00Z,1,52.54,50.93,42.53913497924805,10.000865020751952,xgboost,absolute,fold_3,6h,ppb
2026-08-16T18:15:00Z,1,54.8,51.46,42.16408920288086,12.635910797119138,xgboost,absolute,fold_3,6h,ppb
2026-08-16T18:30:00Z,1,47.92,54.12,41.71123504638672,6.208764953613283,xgboost,absolute,fold_3,6h,ppb
2026-08-16T18:45:00Z,1,40.51,57.15,40.709808349609375,-0.199808349609377,xgboost,absolute,fold_3,6h,ppb
2026-08-16T19:00:00Z,1,44.15,58.37,38.81060028076172,5.33939971923828,xgboost,absolute,fold_3,6h,ppb
2026-08-16T19:15:00Z,1,45.94,56.36,40.072383880615234,5.867616119384763,xgboost,absolute,fold_3,6h,ppb
2026-08-16T19:30:00Z,1,37.63,57.84,41.2639045715332,-3.6339045715332006,xgboost,absolute,fold_3,6h,ppb
2026-08-16T19:45:00Z,1,32.08,58.56,41.69582748413086,-9.615827484130861,xgboost,absolute,fold_3,6h,ppb
2026-08-16T20:00:00Z,1,31.72,60.03,40.247432708740234,-8.527432708740236,xgboost,absolute,fold_3,6h,ppb
2026-08-16T20:15:00Z,1,30.25,58.29,41.56005096435547,-11.310050964355469,xgboost,absolute,fold_3,6h,ppb
2026-08-16T20:30:00Z,1,34.36,56.39,40.48066711425781,-6.120667114257813,xgboost,absolute,fold_3,6h,ppb
2026-08-16T20:45:00Z,1,29.57,56.04,40.774017333984375,-11.204017333984375,xgboost,absolute,fold_3,6h,ppb
2026-08-16T21:00:00Z,1,32.47,57.18,41.27418899536133,-8.80418899536133,xgboost,absolute,fold_3,6h,ppb
2026-08-16T21:15:00Z,1,33.9,57.72,44.59564971923828,-10.695649719238283,xgboost,absolute,fold_3,6h,ppb
2026-08-16T21:30:00Z,1,33.31,64.02,45.84412384033203,-12.534123840332029,xgboost,absolute,fold_3,6h,ppb
2026-08-16T21:45:00Z,1,33.6,62.19,46.0810546875,-12.481054687499999,xgboost,absolute,fold_3,6h,ppb
2026-08-16T22:00:00Z,1,31.61,63.58,53.33272171020508,-21.72272171020508,xgboost,absolute,fold_3,6h,ppb
2026-08-16T22:15:00Z,1,39.44,59.94,54.924983978271484,-15.484983978271487,xgboost,absolute,fold_3,6h,ppb
2026-08-16T22:30:00Z,1,39.4,44.58,52.63117599487305,-13.231175994873048,xgboost,absolute,fold_3,6h,ppb
2026-08-16T22:45:00Z,1,38.16,43.54,48.570594787597656,-10.41059478759766,xgboost,absolute,fold_3,6h,ppb
2026-08-16T23:00:00Z,1,40.17,51.31,55.74131774902344,-15.571317749023436,xgboost,absolute,fold_3,6h,ppb
2026-08-16T23:15:00Z,1,45.46,51.92,56.133941650390625,-10.673941650390624,xgboost,absolute,fold_3,6h,ppb
2026-08-16T23:30:00Z,1,59.46,52.8,55.329166412353516,4.130833587646485,xgboost,absolute,fold_3,6h,ppb
2026-08-16T23:45:00Z,1,60.75,52.26,56.58723831176758,4.162761688232422,xgboost,absolute,fold_3,6h,ppb
2026-08-17T00:00:00Z,1,58.1,52.54,68.71076965332031,-10.610769653320311,xgboost,absolute,fold_3,6h,ppb
2026-08-17T00:15:00Z,1,66.47,54.8,70.28695678710938,-3.816956787109376,xgboost,absolute,fold_3,6h,ppb
2026-08-17T00:30:00Z,1,62.6,47.92,70.30669403076172,-7.706694030761717,xgboost,absolute,fold_3,6h,ppb
2026-08-17T00:45:00Z,1,67.1,40.51,70.54950714111328,-3.449507141113287,xgboost,absolute,fold_3,6h,ppb
2026-08-17T01:00:00Z,1,68.85,44.15,72.57855987548828,-3.728559875488287,xgboost,absolute,fold_3,6h,ppb
2026-08-17T01:15:00Z,1,74.06,45.94,73.38028717041016,0.679712829589846,xgboost,absolute,fold_3,6h,ppb
2026-08-17T01:30:00Z,1,72.18,37.63,74.81620788574219,-2.6362078857421807,xgboost,absolute,fold_3,6h,ppb
2026-08-17T01:45:00Z,1,72.53,32.08,75.32146453857422,-2.7914645385742176,xgboost,absolute,fold_3,6h,ppb
2026-08-17T02:00:00Z,1,68.54,31.72,75.24615478515625,-6.706154785156244,xgboost,absolute,fold_3,6h,ppb
2026-08-17T02:15:00Z,1,67.83,30.25,74.61546325683594,-6.785463256835939,xgboost,absolute,fold_3,6h,ppb
2026-08-17T02:30:00Z,1,70.38,34.36,75.15168762207031,-4.771687622070317,xgboost,absolute,fold_3,6h,ppb
2026-08-17T02:45:00Z,1,67.48,29.57,74.51560974121094,-7.0356097412109335,xgboost,absolute,fold_3,6h,ppb
2026-08-17T03:00:00Z,1,65.85,32.47,75.88481903076172,-10.034819030761724,xgboost,absolute,fold_3,6h,ppb
2026-08-17T03:15:00Z,1,60.87,33.9,76.0257797241211,-15.155779724121096,xgboost,absolute,fold_3,6h,ppb
2026-08-17T03:30:00Z,1,62.57,33.31,74.99856567382812,-12.428565673828125,xgboost,absolute,fold_3,6h,ppb
2026-08-17T03:45:00Z,1,60.92,33.6,75.05372619628906,-14.13372619628906,xgboost,absolute,fold_3,6h,ppb
2026-08-17T04:00:00Z,1,63.41,31.61,67.1158447265625,-3.7058447265625034,xgboost,absolute,fold_3,6h,ppb
2026-08-17T04:15:00Z,1,56.51,39.44,65.5960464477539,-9.086046447753908,xgboost,absolute,fold_3,6h,ppb
2026-08-17T04:30:00Z,1,54.75,39.4,61.381431579589844,-6.631431579589844,xgboost,absolute,fold_3,6h,ppb
2026-08-17T04:45:00Z,1,56.22,38.16,59.17041778564453,-2.9504177856445324,xgboost,absolute,fold_3,6h,ppb
2026-08-17T05:00:00Z,1,55.77,40.17,58.74667739868164,-2.9766773986816375,xgboost,absolute,fold_3,6h,ppb
2026-08-17T05:15:00Z,1,51.6,45.46,60.5216064453125,-8.921606445312499,xgboost,absolute,fold_3,6h,ppb
2026-08-17T05:30:00Z,1,48.56,59.46,61.20857238769531,-12.64857238769531,xgboost,absolute,fold_3,6h,ppb
2026-08-17T05:45:00Z,1,52.35,60.75,61.529388427734375,-9.179388427734374,xgboost,absolute,fold_3,6h,ppb
2026-08-17T06:00:00Z,1,49.02,58.1,58.78582000732422,-9.765820007324216,xgboost,absolute,fold_3,6h,ppb
2026-08-17T06:15:00Z,1,50.85,66.47,59.14362335205078,-8.29362335205078,xgboost,absolute,fold_3,6h,ppb
2026-08-17T06:30:00Z,1,54.93,62.6,58.59573745727539,-3.665737457275391,xgboost,absolute,fold_3,6h,ppb
2026-08-17T06:45:00Z,1,53.95,67.1,58.972145080566406,-5.022145080566403,xgboost,absolute,fold_3,6h,ppb
2026-08-17T07:00:00Z,1,55.04,68.85,56.740882873535156,-1.700882873535157,xgboost,absolute,fold_3,6h,ppb
2026-08-17T07:15:00Z,1,56.82,74.06,56.919677734375,-0.09967773437499972,xgboost,absolute,fold_3,6h,ppb
2026-08-17T07:30:00Z,1,58.42,72.18,55.82555389404297,2.594446105957033,xgboost,absolute,fold_3,6h,ppb
2026-08-17T07:45:00Z,1,60.23,72.53,55.60995101928711,4.6200489807128875,xgboost,absolute,fold_3,6h,ppb
2026-08-17T08:00:00Z,1,59.57,68.54,56.37543487548828,3.194565124511719,xgboost,absolute,fold_3,6h,ppb
2026-08-17T08:15:00Z,1,57.78,67.83,57.80820846557617,-0.028208465576170738,xgboost,absolute,fold_3,6h,ppb
2026-08-17T08:30:00Z,1,56.05,70.38,57.06512451171875,-1.0151245117187528,xgboost,absolute,fold_3,6h,ppb
2026-08-17T08:45:00Z,1,63.33,67.48,56.5832405090332,6.746759490966795,xgboost,absolute,fold_3,6h,ppb
2026-08-17T09:00:00Z,1,59.6,65.85,54.73844909667969,4.861550903320314,xgboost,absolute,fold_3,6h,ppb
2026-08-17T09:15:00Z,1,61.07,60.87,54.98564910888672,6.0843508911132815,xgboost,absolute,fold_3,6h,ppb
2026-08-17T09:30:00Z,1,58.75,62.57,53.89643859863281,4.8535614013671875,xgboost,absolute,fold_3,6h,ppb
2026-08-17T09:45:00Z,1,50.93,60.92,53.77109146118164,-2.841091461181641,xgboost,absolute,fold_3,6h,ppb
2026-08-17T10:00:00Z,1,57.08,63.41,52.94408416748047,4.1359158325195295,xgboost,absolute,fold_3,6h,ppb
2026-08-17T10:15:00Z,1,53.49,56.51,50.482627868652344,3.0073721313476582,xgboost,absolute,fold_3,6h,ppb
2026-08-17T10:30:00Z,1,51.64,54.75,49.82923126220703,1.8107687377929693,xgboost,absolute,fold_3,6h,ppb
2026-08-17T10:45:00Z,1,53.74,56.22,51.316009521484375,2.423990478515627,xgboost,absolute,fold_3,6h,ppb
2026-08-17T11:00:00Z,1,50.62,55.77,53.68772506713867,-3.0677250671386744,xgboost,absolute,fold_3,6h,ppb
2026-08-17T11:15:00Z,1,49.94,51.6,52.50632858276367,-2.566328582763674,xgboost,absolute,fold_3,6h,ppb
2026-08-17T11:30:00Z,1,51.32,48.56,51.98814010620117,-0.6681401062011716,xgboost,absolute,fold_3,6h,ppb
2026-08-17T11:45:00Z,1,52.08,52.35,52.78116226196289,-0.7011622619628923,xgboost,absolute,fold_3,6h,ppb
2026-08-17T12:00:00Z,1,51.75,49.02,54.80838394165039,-3.0583839416503906,xgboost,absolute,fold_3,6h,ppb
2026-08-17T12:15:00Z,1,54.27,50.85,55.63063049316406,-1.3606304931640594,xgboost,absolute,fold_3,6h,ppb
2026-08-17T12:30:00Z,1,51.23,54.93,55.38896560668945,-4.158965606689456,xgboost,absolute,fold_3,6h,ppb
2026-08-17T12:45:00Z,1,53.26,53.95,55.23615264892578,-1.9761526489257832,xgboost,absolute,fold_3,6h,ppb
2026-08-17T13:00:00Z,1,49.34,55.04,56.38172149658203,-7.041721496582028,xgboost,absolute,fold_3,6h,ppb
2026-08-17T13:15:00Z,1,40.68,56.82,57.00031280517578,-16.32031280517578,xgboost,absolute,fold_3,6h,ppb
2026-08-17T13:30:00Z,1,47.79,58.42,54.908912658691406,-7.118912658691407,xgboost,absolute,fold_3,6h,ppb
2026-08-17T13:45:00Z,1,46.47,60.23,54.30813980102539,-7.838139801025392,xgboost,absolute,fold_3,6h,ppb
2026-08-17T14:00:00Z,1,48.72,59.57,54.146751403808594,-5.426751403808595,xgboost,absolute,fold_3,6h,ppb
2026-08-17T14:15:00Z,1,51.92,57.78,54.567108154296875,-2.6471081542968733,xgboost,absolute,fold_3,6h,ppb
2026-08-17T14:30:00Z,1,59.56,56.05,54.89292526245117,4.66707473754883,xgboost,absolute,fold_3,6h,ppb
2026-08-17T14:45:00Z,1,52.54,63.33,53.739585876464844,-1.1995858764648446,xgboost,absolute,fold_3,6h,ppb
2026-08-17T15:00:00Z,1,58.33,59.6,52.26303482055664,6.066965179443358,xgboost,absolute,fold_3,6h,ppb
2026-08-17T15:15:00Z,1,47.32,61.07,53.46922302246094,-6.149223022460937,xgboost,absolute,fold_3,6h,ppb
2026-08-17T15:30:00Z,1,39.53,58.75,55.48073959350586,-15.950739593505858,xgboost,absolute,fold_3,6h,ppb
2026-08-17T15:45:00Z,1,40.26,50.93,54.68830108642578,-14.428301086425783,xgboost,absolute,fold_3,6h,ppb
2026-08-17T16:00:00Z,1,40.5,57.08,50.26280975341797,-9.762809753417969,xgboost,absolute,fold_3,6h,ppb
2026-08-17T16:15:00Z,1,38.44,53.49,50.18054962158203,-11.740549621582034,xgboost,absolute,fold_3,6h,ppb
2026-08-17T16:30:00Z,1,30.5,51.64,48.36655807495117,-17.866558074951172,xgboost,absolute,fold_3,6h,ppb
2026-08-17T16:45:00Z,1,39.56,53.74,49.20460891723633,-9.644608917236326,xgboost,absolute,fold_3,6h,ppb
2026-08-17T17:00:00Z,1,46.41,50.62,48.60554122924805,-2.1955412292480503,xgboost,absolute,fold_3,6h,ppb
2026-08-17T17:15:00Z,1,44.85,49.94,47.751827239990234,-2.901827239990233,xgboost,absolute,fold_3,6h,ppb
2026-08-17T17:30:00Z,1,47.57,51.32,47.5070686340332,0.06293136596679716,xgboost,absolute,fold_3,6h,ppb
2026-08-17T17:45:00Z,1,43.26,52.08,46.00004577636719,-2.7400457763671895,xgboost,absolute,fold_3,6h,ppb
2026-08-17T18:00:00Z,1,35.82,51.75,43.5726318359375,-7.7526318359375,xgboost,absolute,fold_3,6h,ppb
2026-08-17T18:15:00Z,1,44.24,54.27,42.705299377441406,1.5347006225585957,xgboost,absolute,fold_3,6h,ppb
2026-08-17T18:30:00Z,1,48.06,51.23,41.6707763671875,6.389223632812502,xgboost,absolute,fold_3,6h,ppb
2026-08-17T18:45:00Z,1,45.72,53.26,38.427513122558594,7.292486877441405,xgboost,absolute,fold_3,6h,ppb
2026-08-17T19:00:00Z,1,43.33,49.34,43.30214309692383,0.02785690307617017,xgboost,absolute,fold_3,6h,ppb
2026-08-17T19:15:00Z,1,44.85,40.68,42.18446350097656,2.665536499023439,xgboost,absolute,fold_3,6h,ppb
2026-08-17T19:30:00Z,1,46.76,47.79,38.873138427734375,7.886861572265623,xgboost,absolute,fold_3,6h,ppb
2026-08-17T19:45:00Z,1,48.85,46.47,38.86185073852539,9.98814926147461,xgboost,absolute,fold_3,6h,ppb
2026-08-17T20:00:00Z,1,44.3,48.72,37.91240692138672,6.387593078613278,xgboost,absolute,fold_3,6h,ppb
2026-08-17T20:15:00Z,1,45.94,51.92,39.31333541870117,6.626664581298826,xgboost,absolute,fold_3,6h,ppb
2026-08-17T20:30:00Z,1,46.02,59.56,40.29777908325195,5.72222091674805,xgboost,absolute,fold_3,6h,ppb
2026-08-17T20:45:00Z,1,47.94,52.54,38.33518600463867,9.604813995361326,xgboost,absolute,fold_3,6h,ppb
2026-08-17T21:00:00Z,1,46.43,58.33,39.0302734375,7.3997265625,xgboost,absolute,fold_3,6h,ppb
2026-08-17T21:15:00Z,1,47.12,47.32,39.97694396972656,7.143056030273435,xgboost,absolute,fold_3,6h,ppb
2026-08-17T21:30:00Z,1,46.55,39.53,37.41266632080078,9.137333679199216,xgboost,absolute,fold_3,6h,ppb
2026-08-17T21:45:00Z,1,45.15,40.26,39.488399505615234,5.661600494384764,xgboost,absolute,fold_3,6h,ppb
2026-08-17T22:00:00Z,1,44.08,40.5,40.774627685546875,3.3053723144531233,xgboost,absolute,fold_3,6h,ppb
2026-08-17T22:15:00Z,1,39.74,38.44,44.02436828613281,-4.2843682861328105,xgboost,absolute,fold_3,6h,ppb
2026-08-17T22:30:00Z,1,39.79,30.5,42.85633087158203,-3.066330871582032,xgboost,absolute,fold_3,6h,ppb
2026-08-17T22:45:00Z,1,51.59,39.56,46.53311538696289,5.056884613037113,xgboost,absolute,fold_3,6h,ppb
2026-08-17T23:00:00Z,1,55.56,46.41,52.87928771972656,2.6807122802734398,xgboost,absolute,fold_3,6h,ppb
2026-08-17T23:15:00Z,1,64.97,44.85,53.587501525878906,11.382498474121093,xgboost,absolute,fold_3,6h,ppb
2026-08-17T23:30:00Z,1,61.08,47.57,53.118492126464844,7.9615078735351545,xgboost,absolute,fold_3,6h,ppb
2026-08-17T23:45:00Z,1,59.17,43.26,54.328189849853516,4.841810150146486,xgboost,absolute,fold_3,6h,ppb
2026-08-18T00:00:00Z,1,68.61,35.82,70.75466918945312,-2.1446691894531256,xgboost,absolute,fold_3,6h,ppb
2026-08-18T00:15:00Z,1,71.53,44.24,74.32392120361328,-2.79392120361328,xgboost,absolute,fold_3,6h,ppb
2026-08-18T00:30:00Z,1,69.74,48.06,73.5387191772461,-3.798719177246099,xgboost,absolute,fold_3,6h,ppb
2026-08-18T00:45:00Z,1,70.35,45.72,73.90665435791016,-3.556654357910162,xgboost,absolute,fold_3,6h,ppb
2026-08-18T01:00:00Z,1,69.55,43.33,76.49556732177734,-6.945567321777347,xgboost,absolute,fold_3,6h,ppb
2026-08-18T01:15:00Z,1,72.52,44.85,77.1605224609375,-4.640522460937504,xgboost,absolute,fold_3,6h,ppb
2026-08-18T01:30:00Z,1,80.75,46.76,75.83211517333984,4.917884826660156,xgboost,absolute,fold_3,6h,ppb
2026-08-18T01:45:00Z,1,70.84,48.85,76.58753967285156,-5.747539672851559,xgboost,absolute,fold_3,6h,ppb
2026-08-18T02:00:00Z,1,75.18,44.3,75.37346649169922,-0.19346649169921193,xgboost,absolute,fold_3,6h,ppb
2026-08-18T02:15:00Z,1,79.4,45.94,75.8389663696289,3.5610336303710994,xgboost,absolute,fold_3,6h,ppb
2026-08-18T02:30:00Z,1,74.38,46.02,75.67047882080078,-1.2904788208007858,xgboost,absolute,fold_3,6h,ppb
2026-08-18T02:45:00Z,1,77.97,47.94,74.51414489746094,3.4558551025390614,xgboost,absolute,fold_3,6h,ppb
2026-08-18T03:00:00Z,1,80.06,46.43,75.89151000976562,4.168489990234377,xgboost,absolute,fold_3,6h,ppb
2026-08-18T03:15:00Z,1,82.23,47.12,76.34119415283203,5.888805847167973,xgboost,absolute,fold_3,6h,ppb
2026-08-18T03:30:00Z,1,78.6,46.55,74.23064422607422,4.369355773925776,xgboost,absolute,fold_3,6h,ppb
2026-08-18T03:45:00Z,1,72.26,45.15,73.1406021118164,-0.8806021118164011,xgboost,absolute,fold_3,6h,ppb
2026-08-18T04:00:00Z,1,69.66,44.08,66.54012298583984,3.119877014160153,xgboost,absolute,fold_3,6h,ppb
2026-08-18T04:15:00Z,1,65.31,39.74,63.92947006225586,1.380529937744143,xgboost,absolute,fold_3,6h,ppb
2026-08-18T04:30:00Z,1,71.0,39.79,63.60932540893555,7.390674591064453,xgboost,absolute,fold_3,6h,ppb
2026-08-18T04:45:00Z,1,70.31,51.59,59.8797721862793,10.430227813720705,xgboost,absolute,fold_3,6h,ppb
2026-08-18T05:00:00Z,1,68.27,55.56,55.51833724975586,12.751662750244137,xgboost,absolute,fold_3,6h,ppb
2026-08-18T05:15:00Z,1,65.5,64.97,55.18256378173828,10.317436218261719,xgboost,absolute,fold_3,6h,ppb
2026-08-18T05:30:00Z,1,69.62,61.08,54.64067459106445,14.979325408935551,xgboost,absolute,fold_3,6h,ppb
2026-08-18T05:45:00Z,1,63.77,59.17,55.43669509887695,8.33330490112305,xgboost,absolute,fold_3,6h,ppb
2026-08-18T06:00:00Z,1,66.61,68.61,56.87437438964844,9.735625610351562,xgboost,absolute,fold_3,6h,ppb
2026-08-18T06:15:00Z,1,67.7,71.53,59.10719680786133,8.592803192138675,xgboost,absolute,fold_3,6h,ppb
2026-08-18T06:30:00Z,1,66.0,69.74,58.00709533691406,7.9929046630859375,xgboost,absolute,fold_3,6h,ppb
2026-08-18T06:45:00Z,1,67.14,70.35,56.47852325439453,10.66147674560547,xgboost,absolute,fold_3,6h,ppb
2026-08-18T07:00:00Z,1,67.39,69.55,54.1342658996582,13.255734100341797,xgboost,absolute,fold_3,6h,ppb
2026-08-18T07:15:00Z,1,65.3,72.52,54.52938461303711,10.770615386962888,xgboost,absolute,fold_3,6h,ppb
2026-08-18T07:30:00Z,1,67.31,80.75,52.629974365234375,14.680025634765627,xgboost,absolute,fold_3,6h,ppb
2026-08-18T07:45:00Z,1,64.29,70.84,54.176570892333984,10.113429107666022,xgboost,absolute,fold_3,6h,ppb
2026-08-18T08:00:00Z,1,62.36,75.18,54.308109283447266,8.051890716552734,xgboost,absolute,fold_3,6h,ppb
2026-08-18T08:15:00Z,1,61.89,79.4,54.041812896728516,7.848187103271485,xgboost,absolute,fold_3,6h,ppb
2026-08-18T08:30:00Z,1,64.11,74.38,55.1627197265625,8.9472802734375,xgboost,absolute,fold_3,6h,ppb
2026-08-18T08:45:00Z,1,69.18,77.97,55.42764663696289,13.752353363037116,xgboost,absolute,fold_3,6h,ppb
2026-08-18T09:00:00Z,1,61.67,80.06,54.28980255126953,7.3801974487304705,xgboost,absolute,fold_3,6h,ppb
2026-08-18T09:15:00Z,1,61.3,82.23,54.48715591430664,6.8128440856933565,xgboost,absolute,fold_3,6h,ppb
2026-08-18T09:30:00Z,1,59.61,78.6,53.360321044921875,6.249678955078124,xgboost,absolute,fold_3,6h,ppb
2026-08-18T09:45:00Z,1,53.82,72.26,53.773651123046875,0.046348876953125284,xgboost,absolute,fold_3,6h,ppb
2026-08-18T10:00:00Z,1,51.38,69.66,53.46037292480469,-2.080372924804685,xgboost,absolute,fold_3,6h,ppb
2026-08-18T10:15:00Z,1,50.06,65.31,48.804229736328125,1.2557702636718773,xgboost,absolute,fold_3,6h,ppb
2026-08-18T10:30:00Z,1,52.68,71.0,48.074058532714844,4.605941467285156,xgboost,absolute,fold_3,6h,ppb
2026-08-18T10:45:00Z,1,50.89,70.31,48.50470733642578,2.3852926635742193,xgboost,absolute,fold_3,6h,ppb
2026-08-18T11:00:00Z,1,53.68,68.27,48.20183181762695,5.478168182373047,xgboost,absolute,fold_3,6h,ppb
2026-08-18T11:15:00Z,1,51.95,65.5,47.4841194152832,4.4658805847168,xgboost,absolute,fold_3,6h,ppb
2026-08-18T11:30:00Z,1,56.49,69.62,48.971282958984375,7.518717041015627,xgboost,absolute,fold_3,6h,ppb
2026-08-18T11:45:00Z,1,56.46,63.77,48.609397888183594,7.850602111816407,xgboost,absolute,fold_3,6h,ppb
2026-08-18T12:00:00Z,1,45.17,66.61,47.66472244262695,-2.4947224426269514,xgboost,absolute,fold_3,6h,ppb
2026-08-18T12:15:00Z,1,53.78,67.7,51.399742126464844,2.3802578735351574,xgboost,absolute,fold_3,6h,ppb
2026-08-18T12:30:00Z,1,57.86,66.0,52.406105041503906,5.453894958496093,xgboost,absolute,fold_3,6h,ppb
2026-08-18T12:45:00Z,1,56.68,67.14,53.09210205078125,3.5878979492187497,xgboost,absolute,fold_3,6h,ppb
2026-08-18T13:00:00Z,1,53.19,67.39,53.28160858154297,-0.09160858154297102,xgboost,absolute,fold_3,6h,ppb
2026-08-18T13:15:00Z,1,53.94,65.3,53.05653381347656,0.8834661865234352,xgboost,absolute,fold_3,6h,ppb
2026-08-18T13:30:00Z,1,51.3,67.31,54.57046890258789,-3.2704689025878935,xgboost,absolute,fold_3,6h,ppb
2026-08-18T13:45:00Z,1,56.13,64.29,54.78199005126953,1.3480099487304713,xgboost,absolute,fold_3,6h,ppb
2026-08-18T14:00:00Z,1,58.02,62.36,53.881446838378906,4.138553161621097,xgboost,absolute,fold_3,6h,ppb
2026-08-18T14:15:00Z,1,59.13,61.89,54.42227554321289,4.707724456787112,xgboost,absolute,fold_3,6h,ppb
2026-08-18T14:30:00Z,1,64.47,64.11,53.51469802856445,10.955301971435546,xgboost,absolute,fold_3,6h,ppb
2026-08-18T14:45:00Z,1,66.4,69.18,53.3746452331543,13.025354766845709,xgboost,absolute,fold_3,6h,ppb
2026-08-18T15:00:00Z,1,64.15,61.67,52.486148834228516,11.66385116577149,xgboost,absolute,fold_3,6h,ppb
2026-08-18T15:15:00Z,1,64.78,61.3,51.438331604003906,13.341668395996095,xgboost,absolute,fold_3,6h,ppb
2026-08-18T15:30:00Z,1,64.88,59.61,54.04084777832031,10.839152221679683,xgboost,absolute,fold_3,6h,ppb
2026-08-18T15:45:00Z,1,65.11,53.82,51.039791107177734,14.070208892822265,xgboost,absolute,fold_3,6h,ppb
2026-08-18T16:00:00Z,1,66.62,51.38,44.81233215332031,21.807667846679692,xgboost,absolute,fold_3,6h,ppb
2026-08-18T16:15:00Z,1,62.61,50.06,44.74374771118164,17.86625228881836,xgboost,absolute,fold_3,6h,ppb
2026-08-18T16:30:00Z,1,62.07,52.68,46.26643371582031,15.803566284179688,xgboost,absolute,fold_3,6h,ppb
2026-08-18T16:45:00Z,1,54.47,50.89,46.96888732910156,7.501112670898436,xgboost,absolute,fold_3,6h,ppb
2026-08-18T17:00:00Z,1,42.34,53.68,47.99605178833008,-5.656051788330075,xgboost,absolute,fold_3,6h,ppb
2026-08-18T17:15:00Z,1,44.55,51.95,46.20869445800781,-1.6586944580078153,xgboost,absolute,fold_3,6h,ppb
2026-08-18T17:30:00Z,1,44.43,56.49,46.35098648071289,-1.920986480712891,xgboost,absolute,fold_3,6h,ppb
2026-08-18T17:45:00Z,1,43.34,56.46,46.836917877197266,-3.496917877197262,xgboost,absolute,fold_3,6h,ppb
2026-08-18T18:00:00Z,1,35.37,45.17,45.573699951171875,-10.203699951171878,xgboost,absolute,fold_3,6h,ppb
2026-08-18T18:15:00Z,1,45.7,53.78,44.417240142822266,1.2827598571777372,xgboost,absolute,fold_3,6h,ppb
2026-08-18T18:30:00Z,1,50.02,57.86,43.37908172607422,6.640918273925784,xgboost,absolute,fold_3,6h,ppb
2026-08-18T18:45:00Z,1,39.43,56.68,40.52547836303711,-1.0954783630371097,xgboost,absolute,fold_3,6h,ppb
2026-08-18T19:00:00Z,1,36.91,53.19,36.725189208984375,0.1848107910156216,xgboost,absolute,fold_3,6h,ppb
2026-08-18T19:15:00Z,1,35.09,53.94,36.567474365234375,-1.4774743652343716,xgboost,absolute,fold_3,6h,ppb
2026-08-18T19:30:00Z,1,37.5,51.3,36.683616638183594,0.8163833618164062,xgboost,absolute,fold_3,6h,ppb
2026-08-18T19:45:00Z,1,38.81,56.13,36.61100769042969,2.1989923095703148,xgboost,absolute,fold_3,6h,ppb
2026-08-18T20:00:00Z,1,47.16,58.02,44.23054885864258,2.9294511413574185,xgboost,absolute,fold_3,6h,ppb
2026-08-18T20:15:00Z,1,45.19,59.13,40.96316146850586,4.226838531494138,xgboost,absolute,fold_3,6h,ppb
2026-08-18T20:30:00Z,1,36.38,64.47,44.90122985839844,-8.521229858398435,xgboost,absolute,fold_3,6h,ppb
2026-08-18T20:45:00Z,1,39.92,66.4,44.72449493408203,-4.8044949340820295,xgboost,absolute,fold_3,6h,ppb
2026-08-18T21:00:00Z,1,39.31,64.15,42.959136962890625,-3.6491369628906227,xgboost,absolute,fold_3,6h,ppb
2026-08-18T21:15:00Z,1,36.1,64.78,48.28038787841797,-12.180387878417967,xgboost,absolute,fold_3,6h,ppb
2026-08-18T21:30:00Z,1,37.44,64.88,48.03657150268555,-10.59657150268555,xgboost,absolute,fold_3,6h,ppb
2026-08-18T21:45:00Z,1,38.27,65.11,48.67128372192383,-10.401283721923825,xgboost,absolute,fold_3,6h,ppb
2026-08-18T22:00:00Z,1,38.98,66.62,51.252769470214844,-12.272769470214847,xgboost,absolute,fold_3,6h,ppb
2026-08-18T22:15:00Z,1,38.21,62.61,50.916358947753906,-12.706358947753905,xgboost,absolute,fold_3,6h,ppb
2026-08-18T22:30:00Z,1,43.3,62.07,51.8630485534668,-8.5630485534668,xgboost,absolute,fold_3,6h,ppb
2026-08-18T22:45:00Z,1,34.96,54.47,52.440303802490234,-17.480303802490234,xgboost,absolute,fold_3,6h,ppb
2026-08-18T23:00:00Z,1,51.52,42.34,55.1960563659668,-3.6760563659667937,xgboost,absolute,fold_3,6h,ppb
2026-08-18T23:15:00Z,1,51.99,44.55,57.72550964355469,-5.7355096435546855,xgboost,absolute,fold_3,6h,ppb
2026-08-18T23:30:00Z,1,58.04,44.43,57.51800537109375,0.5219946289062491,xgboost,absolute,fold_3,6h,ppb
2026-08-18T23:45:00Z,1,61.42,43.34,58.78770446777344,2.632295532226564,xgboost,absolute,fold_3,6h,ppb
2026-08-19T00:00:00Z,1,66.83,35.37,73.6915512084961,-6.8615512084960955,xgboost,absolute,fold_3,6h,ppb
2026-08-19T00:15:00Z,1,70.47,45.7,76.67718505859375,-6.207185058593751,xgboost,absolute,fold_3,6h,ppb
2026-08-19T00:30:00Z,1,72.11,50.02,76.71720123291016,-4.607201232910157,xgboost,absolute,fold_3,6h,ppb
2026-08-19T00:45:00Z,1,71.34,39.43,77.01978302001953,-5.679783020019528,xgboost,absolute,fold_3,6h,ppb
2026-08-19T01:00:00Z,1,74.61,36.91,78.79493713378906,-4.184937133789063,xgboost,absolute,fold_3,6h,ppb
2026-08-19T01:15:00Z,1,70.72,35.09,79.34577178955078,-8.625771789550782,xgboost,absolute,fold_3,6h,ppb
2026-08-19T01:30:00Z,1,75.92,37.5,80.46863555908203,-4.5486355590820295,xgboost,absolute,fold_3,6h,ppb
2026-08-19T01:45:00Z,1,76.97,38.81,81.52992248535156,-4.559922485351564,xgboost,absolute,fold_3,6h,ppb
2026-08-19T02:00:00Z,1,77.04,47.16,82.53471374511719,-5.494713745117181,xgboost,absolute,fold_3,6h,ppb
2026-08-19T02:15:00Z,1,78.08,45.19,80.01361083984375,-1.9336108398437517,xgboost,absolute,fold_3,6h,ppb
2026-08-19T02:30:00Z,1,80.2,36.38,79.21006774902344,0.9899322509765653,xgboost,absolute,fold_3,6h,ppb
2026-08-19T02:45:00Z,1,80.11,39.92,78.55387115478516,1.5561288452148432,xgboost,absolute,fold_3,6h,ppb
2026-08-19T03:00:00Z,1,78.76,39.31,75.23094177246094,3.5290582275390676,xgboost,absolute,fold_3,6h,ppb
2026-08-19T03:15:00Z,1,78.47,36.1,75.84188842773438,2.628111572265624,xgboost,absolute,fold_3,6h,ppb
2026-08-19T03:30:00Z,1,72.2,37.44,75.3982925415039,-3.1982925415039034,xgboost,absolute,fold_3,6h,ppb
2026-08-19T03:45:00Z,1,68.15,38.27,76.18883514404297,-8.038835144042963,xgboost,absolute,fold_3,6h,ppb
2026-08-19T04:00:00Z,1,66.55,38.98,68.71623229980469,-2.1662322998046903,xgboost,absolute,fold_3,6h,ppb
2026-08-19T04:15:00Z,1,61.59,38.21,68.04011535644531,-6.450115356445309,xgboost,absolute,fold_3,6h,ppb
2026-08-19T04:30:00Z,1,60.61,43.3,66.97747802734375,-6.367478027343751,xgboost,absolute,fold_3,6h,ppb
2026-08-19T04:45:00Z,1,62.48,34.96,64.64425659179688,-2.164256591796878,xgboost,absolute,fold_3,6h,ppb
2026-08-19T05:00:00Z,1,57.59,51.52,59.225921630859375,-1.6359216308593716,xgboost,absolute,fold_3,6h,ppb
2026-08-19T05:15:00Z,1,55.9,51.99,59.375179290771484,-3.475179290771486,xgboost,absolute,fold_3,6h,ppb
2026-08-19T05:30:00Z,1,55.35,58.04,59.368690490722656,-4.018690490722655,xgboost,absolute,fold_3,6h,ppb
2026-08-19T05:45:00Z,1,56.43,61.42,58.78147888183594,-2.351478881835938,xgboost,absolute,fold_3,6h,ppb
2026-08-19T06:00:00Z,1,56.04,66.83,59.63220977783203,-3.592209777832032,xgboost,absolute,fold_3,6h,ppb
2026-08-19T06:15:00Z,1,55.24,70.47,60.98143005371094,-5.7414300537109355,xgboost,absolute,fold_3,6h,ppb
2026-08-19T06:30:00Z,1,56.0,72.11,61.5666618347168,-5.566661834716797,xgboost,absolute,fold_3,6h,ppb
2026-08-19T06:45:00Z,1,52.93,71.34,59.97576141357422,-7.045761413574219,xgboost,absolute,fold_3,6h,ppb
2026-08-19T07:00:00Z,1,49.7,74.61,56.723880767822266,-7.023880767822263,xgboost,absolute,fold_3,6h,ppb
2026-08-19T07:15:00Z,1,48.84,70.72,57.75874328613281,-8.918743286132809,xgboost,absolute,fold_3,6h,ppb
2026-08-19T07:30:00Z,1,48.37,75.92,57.950111389160156,-9.580111389160159,xgboost,absolute,fold_3,6h,ppb
2026-08-19T07:45:00Z,1,50.11,76.97,54.22526550292969,-4.115265502929688,xgboost,absolute,fold_3,6h,ppb
2026-08-19T08:00:00Z,1,54.23,77.04,54.91986846923828,-0.6898684692382844,xgboost,absolute,fold_3,6h,ppb
2026-08-19T08:15:00Z,1,50.71,78.08,55.26193618774414,-4.55193618774414,xgboost,absolute,fold_3,6h,ppb
2026-08-19T08:30:00Z,1,51.31,80.2,56.67817687988281,-5.36817687988281,xgboost,absolute,fold_3,6h,ppb
2026-08-19T08:45:00Z,1,56.56,80.11,59.07543182373047,-2.5154318237304665,xgboost,absolute,fold_3,6h,ppb
2026-08-19T09:00:00Z,1,52.84,78.76,56.80851745605469,-3.968517456054684,xgboost,absolute,fold_3,6h,ppb
2026-08-19T09:15:00Z,1,48.59,78.47,55.54570388793945,-6.95570388793945,xgboost,absolute,fold_3,6h,ppb
2026-08-19T09:30:00Z,1,45.5,72.2,54.36447525024414,-8.86447525024414,xgboost,absolute,fold_3,6h,ppb
2026-08-19T09:45:00Z,1,45.0,68.15,54.91913604736328,-9.919136047363281,xgboost,absolute,fold_3,6h,ppb
2026-08-19T10:15:00Z,1,46.24,61.59,49.41529846191406,-3.1752984619140605,xgboost,absolute,fold_3,6h,ppb
2026-08-19T10:30:00Z,1,50.5,60.61,46.20508575439453,4.294914245605469,xgboost,absolute,fold_3,6h,ppb
2026-08-19T10:45:00Z,1,50.06,62.48,47.63284683227539,2.4271531677246116,xgboost,absolute,fold_3,6h,ppb
2026-08-19T11:00:00Z,1,51.71,57.59,46.770267486572266,4.939732513427735,xgboost,absolute,fold_3,6h,ppb
2026-08-19T11:15:00Z,1,47.2,55.9,46.43053436279297,0.7694656372070341,xgboost,absolute,fold_3,6h,ppb
2026-08-19T11:30:00Z,1,49.82,55.35,45.91912841796875,3.9008715820312503,xgboost,absolute,fold_3,6h,ppb
2026-08-19T11:45:00Z,1,48.3,56.43,46.3452033996582,1.954796600341794,xgboost,absolute,fold_3,6h,ppb
2026-08-19T12:00:00Z,1,48.54,56.04,46.03157043457031,2.5084295654296866,xgboost,absolute,fold_3,6h,ppb
2026-08-19T12:15:00Z,1,45.92,55.24,49.08174133300781,-3.161741333007811,xgboost,absolute,fold_3,6h,ppb
2026-08-19T12:30:00Z,1,47.87,56.0,52.3088493347168,-4.438849334716799,xgboost,absolute,fold_3,6h,ppb
2026-08-19T12:45:00Z,1,50.06,52.93,52.049560546875,-1.9895605468749977,xgboost,absolute,fold_3,6h,ppb
2026-08-19T13:00:00Z,1,46.31,49.7,53.0718994140625,-6.761899414062498,xgboost,absolute,fold_3,6h,ppb
2026-08-19T13:15:00Z,1,44.9,48.84,54.08427810668945,-9.184278106689455,xgboost,absolute,fold_3,6h,ppb
2026-08-19T13:30:00Z,1,36.86,48.37,55.94758987426758,-19.08758987426758,xgboost,absolute,fold_3,6h,ppb
2026-08-19T13:45:00Z,1,44.22,50.11,55.99795913696289,-11.777959136962892,xgboost,absolute,fold_3,6h,ppb
2026-08-19T14:00:00Z,1,43.04,54.23,55.15397262573242,-12.113972625732423,xgboost,absolute,fold_3,6h,ppb
2026-08-19T14:15:00Z,1,47.06,50.71,56.165855407714844,-9.105855407714841,xgboost,absolute,fold_3,6h,ppb
2026-08-19T14:30:00Z,1,41.08,51.31,56.435089111328125,-15.355089111328127,xgboost,absolute,fold_3,6h,ppb
2026-08-19T14:45:00Z,1,42.21,56.56,57.28489303588867,-15.074893035888671,xgboost,absolute,fold_3,6h,ppb
2026-08-19T15:00:00Z,1,49.78,52.84,57.452980041503906,-7.672980041503905,xgboost,absolute,fold_3,6h,ppb
2026-08-19T15:15:00Z,1,49.97,48.59,57.636131286621094,-7.666131286621095,xgboost,absolute,fold_3,6h,ppb
2026-08-19T15:30:00Z,1,49.43,45.5,54.2242546081543,-4.794254608154297,xgboost,absolute,fold_3,6h,ppb
2026-08-19T15:45:00Z,1,48.33,45.0,52.04548645019531,-3.715486450195314,xgboost,absolute,fold_3,6h,ppb
2026-08-19T16:15:00Z,1,43.43,46.24,46.14833450317383,-2.7183345031738284,xgboost,absolute,fold_3,6h,ppb
2026-08-19T16:30:00Z,1,34.33,50.5,46.108985900878906,-11.778985900878908,xgboost,absolute,fold_3,6h,ppb
2026-08-19T16:45:00Z,1,31.49,50.06,46.77340316772461,-15.283403167724611,xgboost,absolute,fold_3,6h,ppb
2026-08-19T17:00:00Z,1,30.18,51.71,47.04970169067383,-16.86970169067383,xgboost,absolute,fold_3,6h,ppb
2026-08-19T17:15:00Z,1,30.76,47.2,45.55609130859375,-14.796091308593748,xgboost,absolute,fold_3,6h,ppb
2026-08-19T17:30:00Z,1,30.18,49.82,44.46590805053711,-14.28590805053711,xgboost,absolute,fold_3,6h,ppb
2026-08-19T17:45:00Z,1,32.06,48.3,48.61409378051758,-16.554093780517576,xgboost,absolute,fold_3,6h,ppb
2026-08-19T18:00:00Z,1,32.78,48.54,44.97489929199219,-12.194899291992186,xgboost,absolute,fold_3,6h,ppb
2026-08-19T18:15:00Z,1,36.8,45.92,43.72490310668945,-6.924903106689456,xgboost,absolute,fold_3,6h,ppb
2026-08-19T18:30:00Z,1,36.6,47.87,44.2369499206543,-7.6369499206542955,xgboost,absolute,fold_3,6h,ppb
2026-08-19T18:45:00Z,1,36.41,50.06,47.86591720581055,-11.45591720581055,xgboost,absolute,fold_3,6h,ppb
2026-08-19T19:00:00Z,1,37.35,46.31,47.10956954956055,-9.759569549560545,xgboost,absolute,fold_3,6h,ppb
2026-08-19T19:15:00Z,1,34.68,44.9,45.194278717041016,-10.514278717041016,xgboost,absolute,fold_3,6h,ppb
2026-08-19T19:30:00Z,1,35.39,36.86,44.02211380004883,-8.632113800048828,xgboost,absolute,fold_3,6h,ppb
2026-08-19T19:45:00Z,1,37.99,44.22,45.06028747558594,-7.0702874755859355,xgboost,absolute,fold_3,6h,ppb
2026-08-19T20:00:00Z,1,34.65,43.04,45.8735237121582,-11.223523712158205,xgboost,absolute,fold_3,6h,ppb
2026-08-19T20:15:00Z,1,31.27,47.06,47.251102447509766,-15.981102447509766,xgboost,absolute,fold_3,6h,ppb
2026-08-19T20:30:00Z,1,30.31,41.08,47.976409912109375,-17.666409912109376,xgboost,absolute,fold_3,6h,ppb
2026-08-19T20:45:00Z,1,28.44,42.21,47.0488395690918,-18.608839569091796,xgboost,absolute,fold_3,6h,ppb
2026-08-19T21:00:00Z,1,32.07,49.78,48.84730911254883,-16.777309112548828,xgboost,absolute,fold_3,6h,ppb
2026-08-19T21:15:00Z,1,29.36,49.97,49.3763542175293,-20.016354217529297,xgboost,absolute,fold_3,6h,ppb
2026-08-19T21:30:00Z,1,18.31,49.43,49.09303665161133,-30.78303665161133,xgboost,absolute,fold_3,6h,ppb
2026-08-19T21:45:00Z,1,33.32,48.33,48.810733795166016,-15.490733795166015,xgboost,absolute,fold_3,6h,ppb
2026-08-19T22:00:00Z,1,31.28,48.91,53.48326873779297,-22.203268737792968,xgboost,absolute,fold_3,6h,ppb
2026-08-19T22:15:00Z,1,36.45,43.43,52.6978759765625,-16.247875976562497,xgboost,absolute,fold_3,6h,ppb
2026-08-19T22:30:00Z,1,40.68,34.33,50.130672454833984,-9.450672454833985,xgboost,absolute,fold_3,6h,ppb
2026-08-19T22:45:00Z,1,41.64,31.49,47.28947067260742,-5.649470672607421,xgboost,absolute,fold_3,6h,ppb
2026-08-19T23:00:00Z,1,52.31,30.18,54.983116149902344,-2.6731161499023415,xgboost,absolute,fold_3,6h,ppb
2026-08-19T23:15:00Z,1,54.28,30.76,56.76919937133789,-2.4891993713378895,xgboost,absolute,fold_3,6h,ppb
2026-08-19T23:30:00Z,1,62.87,30.18,57.95697784423828,4.913022155761716,xgboost,absolute,fold_3,6h,ppb
2026-08-19T23:45:00Z,1,65.19,32.06,57.09685516357422,8.093144836425779,xgboost,absolute,fold_3,6h,ppb
2026-08-16T00:00:00Z,1,47.07,55.7,72.29448432922364,-25.224484329223635,xgboost,delta,fold_3,6h,ppb
2026-08-16T00:15:00Z,1,61.38,56.93,72.98958557128907,-11.609585571289067,xgboost,delta,fold_3,6h,ppb
2026-08-16T00:30:00Z,1,57.16,62.43,78.22887008666993,-21.068870086669932,xgboost,delta,fold_3,6h,ppb
2026-08-16T00:45:00Z,1,61.27,64.04,79.80771640777589,-18.537716407775882,xgboost,delta,fold_3,6h,ppb
2026-08-16T01:00:00Z,1,67.67,57.13,78.18544853210449,-10.515448532104486,xgboost,delta,fold_3,6h,ppb
2026-08-16T01:15:00Z,1,48.63,49.06,72.85019737243653,-24.220197372436523,xgboost,delta,fold_3,6h,ppb
2026-08-16T01:30:00Z,1,60.25,45.1,76.22164115905761,-15.971641159057612,xgboost,delta,fold_3,6h,ppb
2026-08-16T01:45:00Z,1,28.27,43.27,74.19689895629884,-45.92689895629884,xgboost,delta,fold_3,6h,ppb
2026-08-16T02:00:00Z,1,41.84,41.52,73.34437896728517,-31.504378967285163,xgboost,delta,fold_3,6h,ppb
2026-08-16T02:15:00Z,1,59.98,38.79,70.85685256958007,-10.876852569580073,xgboost,delta,fold_3,6h,ppb
2026-08-16T02:30:00Z,1,61.3,31.45,66.4486572265625,-5.148657226562506,xgboost,delta,fold_3,6h,ppb
2026-08-16T02:45:00Z,1,55.75,36.15,68.73390045166016,-12.983900451660162,xgboost,delta,fold_3,6h,ppb
2026-08-16T03:00:00Z,1,23.87,36.31,69.9790673828125,-46.1090673828125,xgboost,delta,fold_3,6h,ppb
2026-08-16T03:15:00Z,1,18.69,34.12,71.73009979248047,-53.040099792480476,xgboost,delta,fold_3,6h,ppb
2026-08-16T03:30:00Z,1,8.86,28.27,63.50102951049804,-54.64102951049804,xgboost,delta,fold_3,6h,ppb
2026-08-16T03:45:00Z,1,4.45,35.54,67.71682647705077,-63.26682647705077,xgboost,delta,fold_3,6h,ppb
2026-08-16T04:00:00Z,1,7.66,39.04,69.4240045928955,-61.7640045928955,xgboost,delta,fold_3,6h,ppb
2026-08-16T04:15:00Z,1,8.21,37.95,59.16697044372559,-50.95697044372559,xgboost,delta,fold_3,6h,ppb
2026-08-16T04:30:00Z,1,11.97,38.09,58.91345771789551,-46.94345771789551,xgboost,delta,fold_3,6h,ppb
2026-08-16T04:45:00Z,1,18.89,37.46,59.12098403930664,-40.23098403930664,xgboost,delta,fold_3,6h,ppb
2026-08-16T05:00:00Z,1,36.48,59.29,56.70958928108215,-20.229589281082156,xgboost,delta,fold_3,6h,ppb
2026-08-16T05:15:00Z,1,34.67,69.16,64.95047346115112,-30.280473461151118,xgboost,delta,fold_3,6h,ppb
2026-08-16T05:30:00Z,1,18.72,65.11,63.67534254550934,-44.95534254550934,xgboost,delta,fold_3,6h,ppb
2026-08-16T05:45:00Z,1,17.67,65.11,57.4080580329895,-39.7380580329895,xgboost,delta,fold_3,6h,ppb
2026-08-16T06:00:00Z,1,11.8,47.07,54.43796760559082,-42.637967605590816,xgboost,delta,fold_3,6h,ppb
2026-08-16T06:15:00Z,1,8.55,61.38,57.52386796951294,-48.97386796951294,xgboost,delta,fold_3,6h,ppb
2026-08-16T06:30:00Z,1,26.43,57.16,57.03804446369409,-30.608044463694092,xgboost,delta,fold_3,6h,ppb
2026-08-16T06:45:00Z,1,17.22,61.27,56.74438478469849,-39.52438478469849,xgboost,delta,fold_3,6h,ppb
2026-08-16T07:00:00Z,1,17.48,67.67,52.574062271118166,-35.09406227111816,xgboost,delta,fold_3,6h,ppb
2026-08-16T07:15:00Z,1,20.63,48.63,52.49589908599854,-31.86589908599854,xgboost,delta,fold_3,6h,ppb
2026-08-16T07:30:00Z,1,7.98,60.25,48.62541675567627,-40.645416755676266,xgboost,delta,fold_3,6h,ppb
2026-08-16T07:45:00Z,1,21.15,28.27,37.60997726440429,-16.459977264404294,xgboost,delta,fold_3,6h,ppb
2026-08-16T08:00:00Z,1,17.21,41.84,47.541416015625,-30.331416015625003,xgboost,delta,fold_3,6h,ppb
2026-08-16T08:15:00Z,1,12.86,59.98,50.65239189147949,-37.79239189147949,xgboost,delta,fold_3,6h,ppb
2026-08-16T08:30:00Z,1,4.93,61.3,53.34506254196167,-48.41506254196167,xgboost,delta,fold_3,6h,ppb
2026-08-16T08:45:00Z,1,21.25,55.75,49.143699169158936,-27.893699169158936,xgboost,delta,fold_3,6h,ppb
2026-08-16T09:00:00Z,1,0.96,23.87,27.987912769317628,-27.027912769317627,xgboost,delta,fold_3,6h,ppb
2026-08-16T09:15:00Z,1,4.39,18.69,22.554910364151002,-18.164910364151,xgboost,delta,fold_3,6h,ppb
2026-08-16T09:30:00Z,1,11.5,8.86,12.89035306930542,-1.3903530693054194,xgboost,delta,fold_3,6h,ppb
2026-08-16T09:45:00Z,1,15.62,4.45,9.236484241485595,6.383515758514404,xgboost,delta,fold_3,6h,ppb
2026-08-16T10:00:00Z,1,0.52,7.66,10.551241788864136,-10.031241788864136,xgboost,delta,fold_3,6h,ppb
2026-08-16T11:00:00Z,1,14.32,36.48,34.52226243495941,-20.202262434959408,xgboost,delta,fold_3,6h,ppb
2026-08-16T11:15:00Z,1,28.38,34.67,37.06301943778992,-8.68301943778992,xgboost,delta,fold_3,6h,ppb
2026-08-16T11:30:00Z,1,39.09,18.72,23.332561225891112,15.757438774108891,xgboost,delta,fold_3,6h,ppb
2026-08-16T11:45:00Z,1,46.57,17.67,20.614478511810304,25.955521488189696,xgboost,delta,fold_3,6h,ppb
2026-08-16T12:00:00Z,1,50.93,11.8,15.540538835525513,35.38946116447448,xgboost,delta,fold_3,6h,ppb
2026-08-16T12:15:00Z,1,51.46,8.55,13.074667739868165,38.38533226013183,xgboost,delta,fold_3,6h,ppb
2026-08-16T12:30:00Z,1,54.12,26.43,25.050854258537292,29.069145741462705,xgboost,delta,fold_3,6h,ppb
2026-08-16T12:45:00Z,1,57.15,17.22,18.681785316467284,38.468214683532715,xgboost,delta,fold_3,6h,ppb
2026-08-16T13:00:00Z,1,58.37,17.48,15.5987584400177,42.7712415599823,xgboost,delta,fold_3,6h,ppb
2026-08-16T13:15:00Z,1,56.36,20.63,16.00792921066284,40.35207078933716,xgboost,delta,fold_3,6h,ppb
2026-08-16T13:30:00Z,1,57.84,7.98,10.783864479064942,47.05613552093506,xgboost,delta,fold_3,6h,ppb
2026-08-16T13:45:00Z,1,58.56,21.15,19.677108311653136,38.88289168834687,xgboost,delta,fold_3,6h,ppb
2026-08-16T14:00:00Z,1,60.03,17.21,22.107463321685792,37.92253667831421,xgboost,delta,fold_3,6h,ppb
2026-08-16T14:15:00Z,1,58.29,12.86,19.328480110168456,38.96151988983154,xgboost,delta,fold_3,6h,ppb
2026-08-16T14:30:00Z,1,56.39,4.93,8.479661636352539,47.91033836364746,xgboost,delta,fold_3,6h,ppb
2026-08-16T14:45:00Z,1,56.04,21.25,22.656581163406372,33.38341883659363,xgboost,delta,fold_3,6h,ppb
2026-08-16T15:00:00Z,1,57.18,0.96,4.180921516418457,52.99907848358154,xgboost,delta,fold_3,6h,ppb
2026-08-16T15:15:00Z,1,57.72,4.39,5.532787337303161,52.18721266269684,xgboost,delta,fold_3,6h,ppb
2026-08-16T15:30:00Z,1,64.02,11.5,11.389501884579659,52.63049811542034,xgboost,delta,fold_3,6h,ppb
2026-08-16T15:45:00Z,1,62.19,15.62,16.969769949913022,45.220230050086975,xgboost,delta,fold_3,6h,ppb
2026-08-16T16:00:00Z,1,63.58,0.52,2.4239645195007324,61.15603548049926,xgboost,delta,fold_3,6h,ppb
2026-08-16T17:00:00Z,1,51.31,14.32,8.981286354064942,42.32871364593506,xgboost,delta,fold_3,6h,ppb
2026-08-16T17:15:00Z,1,51.92,28.38,23.486021404266356,28.433978595733645,xgboost,delta,fold_3,6h,ppb
2026-08-16T17:30:00Z,1,52.8,39.09,32.89266094207764,19.907339057922357,xgboost,delta,fold_3,6h,ppb
2026-08-16T17:45:00Z,1,52.26,46.57,38.41729480743408,13.842705192565916,xgboost,delta,fold_3,6h,ppb
2026-08-16T18:00:00Z,1,52.54,50.93,36.43604438781738,16.103955612182617,xgboost,delta,fold_3,6h,ppb
2026-08-16T18:15:00Z,1,54.8,51.46,37.00482841491699,17.795171585083004,xgboost,delta,fold_3,6h,ppb
2026-08-16T18:30:00Z,1,47.92,54.12,40.195549125671384,7.7244508743286175,xgboost,delta,fold_3,6h,ppb
2026-08-16T18:45:00Z,1,40.51,57.15,38.33775939941406,2.172240600585937,xgboost,delta,fold_3,6h,ppb
2026-08-16T19:00:00Z,1,44.15,58.37,35.90245162963867,8.24754837036133,xgboost,delta,fold_3,6h,ppb
2026-08-16T19:15:00Z,1,45.94,56.36,42.725386962890624,3.2146130371093733,xgboost,delta,fold_3,6h,ppb
2026-08-16T19:30:00Z,1,37.63,57.84,42.546507682800296,-4.916507682800294,xgboost,delta,fold_3,6h,ppb
2026-08-16T19:45:00Z,1,32.08,58.56,45.52939754486084,-13.449397544860844,xgboost,delta,fold_3,6h,ppb
2026-08-16T20:00:00Z,1,31.72,60.03,39.37636116027832,-7.656361160278323,xgboost,delta,fold_3,6h,ppb
2026-08-16T20:15:00Z,1,30.25,58.29,40.00846580505371,-9.75846580505371,xgboost,delta,fold_3,6h,ppb
2026-08-16T20:30:00Z,1,34.36,56.39,39.796665802001954,-5.436665802001954,xgboost,delta,fold_3,6h,ppb
2026-08-16T20:45:00Z,1,29.57,56.04,40.03947357177734,-10.469473571777343,xgboost,delta,fold_3,6h,ppb
2026-08-16T21:00:00Z,1,32.47,57.18,41.063785247802734,-8.593785247802735,xgboost,delta,fold_3,6h,ppb
2026-08-16T21:15:00Z,1,33.9,57.72,43.60442039489746,-9.704420394897461,xgboost,delta,fold_3,6h,ppb
2026-08-16T21:30:00Z,1,33.31,64.02,46.555060882568355,-13.245060882568353,xgboost,delta,fold_3,6h,ppb
2026-08-16T21:45:00Z,1,33.6,62.19,49.85210651397705,-16.252106513977047,xgboost,delta,fold_3,6h,ppb
2026-08-16T22:00:00Z,1,31.61,63.58,58.23969705581665,-26.62969705581665,xgboost,delta,fold_3,6h,ppb
2026-08-16T22:15:00Z,1,39.44,59.94,52.81112808227539,-13.37112808227539,xgboost,delta,fold_3,6h,ppb
2026-08-16T22:30:00Z,1,39.4,44.58,48.010519342422484,-8.610519342422485,xgboost,delta,fold_3,6h,ppb
2026-08-16T22:45:00Z,1,38.16,43.54,45.9960227394104,-7.836022739410403,xgboost,delta,fold_3,6h,ppb
2026-08-16T23:00:00Z,1,40.17,51.31,53.58263426780701,-13.412634267807007,xgboost,delta,fold_3,6h,ppb
2026-08-16T23:15:00Z,1,45.46,51.92,54.45465557098389,-8.994655570983888,xgboost,delta,fold_3,6h,ppb
2026-08-16T23:30:00Z,1,59.46,52.8,54.333421397209165,5.126578602790836,xgboost,delta,fold_3,6h,ppb
2026-08-16T23:45:00Z,1,60.75,52.26,54.197620162963865,6.552379837036135,xgboost,delta,fold_3,6h,ppb
2026-08-17T00:00:00Z,1,58.1,52.54,65.6206369781494,-7.520636978149405,xgboost,delta,fold_3,6h,ppb
2026-08-17T00:15:00Z,1,66.47,54.8,68.56943969726562,-2.0994396972656233,xgboost,delta,fold_3,6h,ppb
2026-08-17T00:30:00Z,1,62.6,47.92,66.75069229125977,-4.150692291259766,xgboost,delta,fold_3,6h,ppb
2026-08-17T00:45:00Z,1,67.1,40.51,66.6221425628662,0.4778574371337925,xgboost,delta,fold_3,6h,ppb
2026-08-17T01:00:00Z,1,68.85,44.15,69.14654769897462,-0.29654769897462074,xgboost,delta,fold_3,6h,ppb
2026-08-17T01:15:00Z,1,74.06,45.94,71.69307846069336,2.366921539306645,xgboost,delta,fold_3,6h,ppb
2026-08-17T01:30:00Z,1,72.18,37.63,68.38871467590332,3.791285324096691,xgboost,delta,fold_3,6h,ppb
2026-08-17T01:45:00Z,1,72.53,32.08,65.58479888916015,6.945201110839847,xgboost,delta,fold_3,6h,ppb
2026-08-17T02:00:00Z,1,68.54,31.72,67.21702453613281,1.322975463867195,xgboost,delta,fold_3,6h,ppb
2026-08-17T02:15:00Z,1,67.83,30.25,69.57900619506836,-1.749006195068361,xgboost,delta,fold_3,6h,ppb
2026-08-17T02:30:00Z,1,70.38,34.36,72.9201577758789,-2.5401577758789102,xgboost,delta,fold_3,6h,ppb
2026-08-17T02:45:00Z,1,67.48,29.57,67.65582687377929,-0.17582687377928607,xgboost,delta,fold_3,6h,ppb
2026-08-17T03:00:00Z,1,65.85,32.47,75.69594451904297,-9.845944519042973,xgboost,delta,fold_3,6h,ppb
2026-08-17T03:15:00Z,1,60.87,33.9,73.69257965087891,-12.822579650878914,xgboost,delta,fold_3,6h,ppb
2026-08-17T03:30:00Z,1,62.57,33.31,72.24016815185547,-9.67016815185547,xgboost,delta,fold_3,6h,ppb
2026-08-17T03:45:00Z,1,60.92,33.6,72.77884826660156,-11.858848266601555,xgboost,delta,fold_3,6h,ppb
2026-08-17T04:00:00Z,1,63.41,31.61,69.68978057861328,-6.279780578613284,xgboost,delta,fold_3,6h,ppb
2026-08-17T04:15:00Z,1,56.51,39.44,73.61890167236328,-17.10890167236328,xgboost,delta,fold_3,6h,ppb
2026-08-17T04:30:00Z,1,54.75,39.4,61.05499114990234,-6.304991149902342,xgboost,delta,fold_3,6h,ppb
2026-08-17T04:45:00Z,1,56.22,38.16,59.45145240783691,-3.231452407836912,xgboost,delta,fold_3,6h,ppb
2026-08-17T05:00:00Z,1,55.77,40.17,48.44678680419922,7.323213195800783,xgboost,delta,fold_3,6h,ppb
2026-08-17T05:15:00Z,1,51.6,45.46,50.93039031982422,0.6696096801757818,xgboost,delta,fold_3,6h,ppb
2026-08-17T05:30:00Z,1,48.56,59.46,59.650575405955315,-11.090575405955313,xgboost,delta,fold_3,6h,ppb
2026-08-17T05:45:00Z,1,52.35,60.75,61.361162424087524,-9.011162424087523,xgboost,delta,fold_3,6h,ppb
2026-08-17T06:00:00Z,1,49.02,58.1,58.88466236591339,-9.86466236591339,xgboost,delta,fold_3,6h,ppb
2026-08-17T06:15:00Z,1,50.85,66.47,59.37407276153564,-8.524072761535642,xgboost,delta,fold_3,6h,ppb
2026-08-17T06:30:00Z,1,54.93,62.6,57.53435907363892,-2.6043590736389177,xgboost,delta,fold_3,6h,ppb
2026-08-17T06:45:00Z,1,53.95,67.1,57.971337890624994,-4.0213378906249915,xgboost,delta,fold_3,6h,ppb
2026-08-17T07:00:00Z,1,55.04,68.85,55.2568899154663,-0.21688991546630376,xgboost,delta,fold_3,6h,ppb
2026-08-17T07:15:00Z,1,56.82,74.06,53.71408706665039,3.1059129333496074,xgboost,delta,fold_3,6h,ppb
2026-08-17T07:30:00Z,1,58.42,72.18,51.76382225036622,6.656177749633784,xgboost,delta,fold_3,6h,ppb
2026-08-17T07:45:00Z,1,60.23,72.53,52.359917907714845,7.870082092285152,xgboost,delta,fold_3,6h,ppb
2026-08-17T08:00:00Z,1,59.57,68.54,50.628397979736334,8.941602020263666,xgboost,delta,fold_3,6h,ppb
2026-08-17T08:15:00Z,1,57.78,67.83,56.463163452148436,1.3168365478515653,xgboost,delta,fold_3,6h,ppb
2026-08-17T08:30:00Z,1,56.05,70.38,57.833358650207515,-1.7833586502075178,xgboost,delta,fold_3,6h,ppb
2026-08-17T08:45:00Z,1,63.33,67.48,56.44921730041504,6.880782699584955,xgboost,delta,fold_3,6h,ppb
2026-08-17T09:00:00Z,1,59.6,65.85,53.664373016357416,5.935626983642585,xgboost,delta,fold_3,6h,ppb
2026-08-17T09:15:00Z,1,61.07,60.87,51.43839942932129,9.631600570678714,xgboost,delta,fold_3,6h,ppb
2026-08-17T09:30:00Z,1,58.75,62.57,50.78732330322266,7.9626766967773435,xgboost,delta,fold_3,6h,ppb
2026-08-17T09:45:00Z,1,50.93,60.92,49.68908111572266,1.2409188842773418,xgboost,delta,fold_3,6h,ppb
2026-08-17T10:00:00Z,1,57.08,63.41,49.468955192565915,7.611044807434084,xgboost,delta,fold_3,6h,ppb
2026-08-17T10:15:00Z,1,53.49,56.51,46.23752571105957,7.252474288940434,xgboost,delta,fold_3,6h,ppb
2026-08-17T10:30:00Z,1,51.64,54.75,46.712470054626465,4.927529945373536,xgboost,delta,fold_3,6h,ppb
2026-08-17T10:45:00Z,1,53.74,56.22,50.59940216064453,3.140597839355472,xgboost,delta,fold_3,6h,ppb
2026-08-17T11:00:00Z,1,50.62,55.77,52.29779507637024,-1.677795076370245,xgboost,delta,fold_3,6h,ppb
2026-08-17T11:15:00Z,1,49.94,51.6,52.054838156700136,-2.114838156700138,xgboost,delta,fold_3,6h,ppb
2026-08-17T11:30:00Z,1,51.32,48.56,60.170008239746096,-8.850008239746096,xgboost,delta,fold_3,6h,ppb
2026-08-17T11:45:00Z,1,52.08,52.35,57.703291511535646,-5.623291511535648,xgboost,delta,fold_3,6h,ppb
2026-08-17T12:00:00Z,1,51.75,49.02,61.41053821563721,-9.66053821563721,xgboost,delta,fold_3,6h,ppb
2026-08-17T12:15:00Z,1,54.27,50.85,57.69564208984375,-3.4256420898437483,xgboost,delta,fold_3,6h,ppb
2026-08-17T12:30:00Z,1,51.23,54.93,56.11449628353119,-4.884496283531192,xgboost,delta,fold_3,6h,ppb
2026-08-17T12:45:00Z,1,53.26,53.95,56.04594798088074,-2.785947980880742,xgboost,delta,fold_3,6h,ppb
2026-08-17T13:00:00Z,1,49.34,55.04,59.67484859466553,-10.334848594665523,xgboost,delta,fold_3,6h,ppb
2026-08-17T13:15:00Z,1,40.68,56.82,58.68325681209564,-18.003256812095643,xgboost,delta,fold_3,6h,ppb
2026-08-17T13:30:00Z,1,47.79,58.42,55.89196698188782,-8.10196698188782,xgboost,delta,fold_3,6h,ppb
2026-08-17T13:45:00Z,1,46.47,60.23,54.44236181259155,-7.972361812591551,xgboost,delta,fold_3,6h,ppb
2026-08-17T14:00:00Z,1,48.72,59.57,55.02166110992432,-6.301661109924318,xgboost,delta,fold_3,6h,ppb
2026-08-17T14:15:00Z,1,51.92,57.78,54.022263555526735,-2.102263555526733,xgboost,delta,fold_3,6h,ppb
2026-08-17T14:30:00Z,1,59.56,56.05,54.42667572498321,5.13332427501679,xgboost,delta,fold_3,6h,ppb
2026-08-17T14:45:00Z,1,52.54,63.33,53.62807662963867,-1.088076629638671,xgboost,delta,fold_3,6h,ppb
2026-08-17T15:00:00Z,1,58.33,59.6,53.68555889129639,4.64444110870361,xgboost,delta,fold_3,6h,ppb
2026-08-17T15:15:00Z,1,47.32,61.07,53.928821868896485,-6.608821868896484,xgboost,delta,fold_3,6h,ppb
2026-08-17T15:30:00Z,1,39.53,58.75,55.50024604797363,-15.970246047973632,xgboost,delta,fold_3,6h,ppb
2026-08-17T15:45:00Z,1,40.26,50.93,55.84481781005859,-15.584817810058595,xgboost,delta,fold_3,6h,ppb
2026-08-17T16:00:00Z,1,40.5,57.08,54.29673989295959,-13.796739892959593,xgboost,delta,fold_3,6h,ppb
2026-08-17T16:15:00Z,1,38.44,53.49,55.28947829246521,-16.849478292465214,xgboost,delta,fold_3,6h,ppb
2026-08-17T16:30:00Z,1,30.5,51.64,53.74004925727844,-23.240049257278443,xgboost,delta,fold_3,6h,ppb
2026-08-17T16:45:00Z,1,39.56,53.74,51.93898772239685,-12.37898772239685,xgboost,delta,fold_3,6h,ppb
2026-08-17T17:00:00Z,1,46.41,50.62,53.07274686813354,-6.662746868133546,xgboost,delta,fold_3,6h,ppb
2026-08-17T17:15:00Z,1,44.85,49.94,52.30057329177856,-7.450573291778561,xgboost,delta,fold_3,6h,ppb
2026-08-17T17:30:00Z,1,47.57,51.32,52.62742967128754,-5.057429671287537,xgboost,delta,fold_3,6h,ppb
2026-08-17T17:45:00Z,1,43.26,52.08,52.352977143526076,-9.092977143526078,xgboost,delta,fold_3,6h,ppb
2026-08-17T18:00:00Z,1,35.82,51.75,49.577378034591675,-13.757378034591675,xgboost,delta,fold_3,6h,ppb
2026-08-17T18:15:00Z,1,44.24,54.27,49.5538363647461,-5.313836364746095,xgboost,delta,fold_3,6h,ppb
2026-08-17T18:30:00Z,1,48.06,51.23,48.34635828018188,-0.28635828018187937,xgboost,delta,fold_3,6h,ppb
2026-08-17T18:45:00Z,1,45.72,53.26,48.96703029632568,-3.2470302963256827,xgboost,delta,fold_3,6h,ppb
2026-08-17T19:00:00Z,1,43.33,49.34,48.854970123767856,-5.524970123767858,xgboost,delta,fold_3,6h,ppb
2026-08-17T19:15:00Z,1,44.85,40.68,47.307317905426025,-2.4573179054260237,xgboost,delta,fold_3,6h,ppb
2026-08-17T19:30:00Z,1,46.76,47.79,41.40417484283447,5.355825157165526,xgboost,delta,fold_3,6h,ppb
2026-08-17T19:45:00Z,1,48.85,46.47,41.779306144714354,7.070693855285647,xgboost,delta,fold_3,6h,ppb
2026-08-17T20:00:00Z,1,44.3,48.72,38.66324493408203,5.636755065917967,xgboost,delta,fold_3,6h,ppb
2026-08-17T20:15:00Z,1,45.94,51.92,41.11262504577637,4.827374954223629,xgboost,delta,fold_3,6h,ppb
2026-08-17T20:30:00Z,1,46.02,59.56,44.19925170898438,1.8207482910156259,xgboost,delta,fold_3,6h,ppb
2026-08-17T20:45:00Z,1,47.94,52.54,41.79073432922363,6.149265670776366,xgboost,delta,fold_3,6h,ppb
2026-08-17T21:00:00Z,1,46.43,58.33,45.056603507995604,1.373396492004396,xgboost,delta,fold_3,6h,ppb
2026-08-17T21:15:00Z,1,47.12,47.32,41.169289417266846,5.9507105827331515,xgboost,delta,fold_3,6h,ppb
2026-08-17T21:30:00Z,1,46.55,39.53,37.92481568336487,8.625184316635128,xgboost,delta,fold_3,6h,ppb
2026-08-17T21:45:00Z,1,45.15,40.26,37.47150255203247,7.67849744796753,xgboost,delta,fold_3,6h,ppb
2026-08-17T22:00:00Z,1,44.08,40.5,46.96613359451294,-2.886133594512941,xgboost,delta,fold_3,6h,ppb
2026-08-17T22:15:00Z,1,39.74,38.44,44.97672313690185,-5.236723136901851,xgboost,delta,fold_3,6h,ppb
2026-08-17T22:30:00Z,1,39.79,30.5,42.04071235656738,-2.2507123565673837,xgboost,delta,fold_3,6h,ppb
2026-08-17T22:45:00Z,1,51.59,39.56,50.33287006378174,1.2571299362182629,xgboost,delta,fold_3,6h,ppb
2026-08-17T23:00:00Z,1,55.56,46.41,51.87070384979248,3.689296150207525,xgboost,delta,fold_3,6h,ppb
2026-08-17T23:15:00Z,1,64.97,44.85,53.186637496948244,11.783362503051755,xgboost,delta,fold_3,6h,ppb
2026-08-17T23:30:00Z,1,61.08,47.57,51.40167290687561,9.678327093124388,xgboost,delta,fold_3,6h,ppb
2026-08-17T23:45:00Z,1,59.17,43.26,54.172062644958494,4.997937355041508,xgboost,delta,fold_3,6h,ppb
2026-08-18T00:00:00Z,1,68.61,35.82,63.88989097595215,4.720109024047851,xgboost,delta,fold_3,6h,ppb
2026-08-18T00:15:00Z,1,71.53,44.24,71.48225807189942,0.04774192810057798,xgboost,delta,fold_3,6h,ppb
2026-08-18T00:30:00Z,1,69.74,48.06,70.43372589111328,-0.6937258911132886,xgboost,delta,fold_3,6h,ppb
2026-08-18T00:45:00Z,1,70.35,45.72,74.25459548950195,-3.9045954895019577,xgboost,delta,fold_3,6h,ppb
2026-08-18T01:00:00Z,1,69.55,43.33,74.49713714599609,-4.947137145996095,xgboost,delta,fold_3,6h,ppb
2026-08-18T01:15:00Z,1,72.52,44.85,75.93886337280273,-3.4188633728027327,xgboost,delta,fold_3,6h,ppb
2026-08-18T01:30:00Z,1,80.75,46.76,76.60935951232909,4.1406404876709075,xgboost,delta,fold_3,6h,ppb
2026-08-18T01:45:00Z,1,70.84,48.85,70.56643447875976,0.27356552124024347,xgboost,delta,fold_3,6h,ppb
2026-08-18T02:00:00Z,1,75.18,44.3,74.76281814575195,0.41718185424805654,xgboost,delta,fold_3,6h,ppb
2026-08-18T02:15:00Z,1,79.4,45.94,75.32700294494629,4.072997055053719,xgboost,delta,fold_3,6h,ppb
2026-08-18T02:30:00Z,1,74.38,46.02,75.23176528930665,-0.8517652893066554,xgboost,delta,fold_3,6h,ppb
2026-08-18T02:45:00Z,1,77.97,47.94,70.49860900878906,7.471390991210939,xgboost,delta,fold_3,6h,ppb
2026-08-18T03:00:00Z,1,80.06,46.43,72.12697189331055,7.933028106689449,xgboost,delta,fold_3,6h,ppb
2026-08-18T03:15:00Z,1,82.23,47.12,64.93995582580567,17.290044174194335,xgboost,delta,fold_3,6h,ppb
2026-08-18T03:30:00Z,1,78.6,46.55,72.70191268920898,5.898087310791013,xgboost,delta,fold_3,6h,ppb
2026-08-18T03:45:00Z,1,72.26,45.15,71.804052734375,0.45594726562499943,xgboost,delta,fold_3,6h,ppb
2026-08-18T04:00:00Z,1,69.66,44.08,69.46333320617676,0.19666679382324048,xgboost,delta,fold_3,6h,ppb
2026-08-18T04:15:00Z,1,65.31,39.74,74.00865768432618,-8.698657684326179,xgboost,delta,fold_3,6h,ppb
2026-08-18T04:30:00Z,1,71.0,39.79,69.9214582824707,1.0785417175293048,xgboost,delta,fold_3,6h,ppb
2026-08-18T04:45:00Z,1,70.31,51.59,63.688040580749515,6.621959419250487,xgboost,delta,fold_3,6h,ppb
2026-08-18T05:00:00Z,1,68.27,55.56,56.93185335159302,11.338146648406976,xgboost,delta,fold_3,6h,ppb
2026-08-18T05:15:00Z,1,65.5,64.97,60.94342348098755,4.556576519012452,xgboost,delta,fold_3,6h,ppb
2026-08-18T05:30:00Z,1,69.62,61.08,56.45505435943603,13.164945640563971,xgboost,delta,fold_3,6h,ppb
2026-08-18T05:45:00Z,1,63.77,59.17,54.89812128067017,8.871878719329835,xgboost,delta,fold_3,6h,ppb
2026-08-18T06:00:00Z,1,66.61,68.61,62.28640447616577,4.3235955238342285,xgboost,delta,fold_3,6h,ppb
2026-08-18T06:15:00Z,1,67.7,71.53,63.745610027313234,3.9543899726867693,xgboost,delta,fold_3,6h,ppb
2026-08-18T06:30:00Z,1,66.0,69.74,59.883854141235346,6.1161458587646536,xgboost,delta,fold_3,6h,ppb
2026-08-18T06:45:00Z,1,67.14,70.35,60.76121673583984,6.3787832641601625,xgboost,delta,fold_3,6h,ppb
2026-08-18T07:00:00Z,1,67.39,69.55,58.01147727966308,9.378522720336917,xgboost,delta,fold_3,6h,ppb
2026-08-18T07:15:00Z,1,65.3,72.52,55.51272727966308,9.787272720336915,xgboost,delta,fold_3,6h,ppb
2026-08-18T07:30:00Z,1,67.31,80.75,55.66280746459961,11.647192535400393,xgboost,delta,fold_3,6h,ppb
2026-08-18T07:45:00Z,1,64.29,70.84,53.331998672485355,10.958001327514651,xgboost,delta,fold_3,6h,ppb
2026-08-18T08:00:00Z,1,62.36,75.18,52.63688629150391,9.723113708496086,xgboost,delta,fold_3,6h,ppb
2026-08-18T08:15:00Z,1,61.89,79.4,53.223974609375006,8.666025390624995,xgboost,delta,fold_3,6h,ppb
2026-08-18T08:30:00Z,1,64.11,74.38,55.67439544677734,8.43560455322266,xgboost,delta,fold_3,6h,ppb
2026-08-18T08:45:00Z,1,69.18,77.97,57.47263404846191,11.707365951538094,xgboost,delta,fold_3,6h,ppb
2026-08-18T09:00:00Z,1,61.67,80.06,58.31240707397461,3.35759292602539,xgboost,delta,fold_3,6h,ppb
2026-08-18T09:15:00Z,1,61.3,82.23,59.311678390502934,1.9883216094970635,xgboost,delta,fold_3,6h,ppb
2026-08-18T09:30:00Z,1,59.61,78.6,55.33195266723632,4.278047332763677,xgboost,delta,fold_3,6h,ppb
2026-08-18T09:45:00Z,1,53.82,72.26,53.95390678405762,-0.13390678405762202,xgboost,delta,fold_3,6h,ppb
2026-08-18T10:00:00Z,1,51.38,69.66,51.80234924316406,-0.42234924316405653,xgboost,delta,fold_3,6h,ppb
2026-08-18T10:15:00Z,1,50.06,65.31,49.949334678649905,0.11066532135009766,xgboost,delta,fold_3,6h,ppb
2026-08-18T10:30:00Z,1,52.68,71.0,53.205162048339844,-0.525162048339844,xgboost,delta,fold_3,6h,ppb
2026-08-18T10:45:00Z,1,50.89,70.31,54.90719753265381,-4.01719753265381,xgboost,delta,fold_3,6h,ppb
2026-08-18T11:00:00Z,1,53.68,68.27,54.91597415924072,-1.235974159240719,xgboost,delta,fold_3,6h,ppb
2026-08-18T11:15:00Z,1,51.95,65.5,52.474148750305176,-0.5241487503051729,xgboost,delta,fold_3,6h,ppb
2026-08-18T11:30:00Z,1,56.49,69.62,54.77267944335938,1.7173205566406224,xgboost,delta,fold_3,6h,ppb
2026-08-18T11:45:00Z,1,56.46,63.77,51.66730072021485,4.792699279785154,xgboost,delta,fold_3,6h,ppb
2026-08-18T12:00:00Z,1,45.17,66.61,51.60116230010986,-6.431162300109861,xgboost,delta,fold_3,6h,ppb
2026-08-18T12:15:00Z,1,53.78,67.7,54.041631889343265,-0.2616318893432634,xgboost,delta,fold_3,6h,ppb
2026-08-18T12:30:00Z,1,57.86,66.0,56.71399688720703,1.1460031127929682,xgboost,delta,fold_3,6h,ppb
2026-08-18T12:45:00Z,1,56.68,67.14,56.18213523864746,0.4978647613525382,xgboost,delta,fold_3,6h,ppb
2026-08-18T13:00:00Z,1,53.19,67.39,58.0773083114624,-4.887308311462405,xgboost,delta,fold_3,6h,ppb
2026-08-18T13:15:00Z,1,53.94,65.3,59.04605083465576,-5.106050834655761,xgboost,delta,fold_3,6h,ppb
2026-08-18T13:30:00Z,1,51.3,67.31,57.919549522399905,-6.6195495223999075,xgboost,delta,fold_3,6h,ppb
2026-08-18T13:45:00Z,1,56.13,64.29,58.51291803359986,-2.382918033599857,xgboost,delta,fold_3,6h,ppb
2026-08-18T14:00:00Z,1,58.02,62.36,57.782850131988525,0.2371498680114783,xgboost,delta,fold_3,6h,ppb
2026-08-18T14:15:00Z,1,59.13,61.89,56.259354248046876,2.870645751953127,xgboost,delta,fold_3,6h,ppb
2026-08-18T14:30:00Z,1,64.47,64.11,55.57439838409424,8.895601615905761,xgboost,delta,fold_3,6h,ppb
2026-08-18T14:45:00Z,1,66.4,69.18,57.67808883666993,8.721911163330077,xgboost,delta,fold_3,6h,ppb
2026-08-18T15:00:00Z,1,64.15,61.67,55.4882373046875,8.661762695312504,xgboost,delta,fold_3,6h,ppb
2026-08-18T15:15:00Z,1,64.78,61.3,54.39780597686767,10.382194023132328,xgboost,delta,fold_3,6h,ppb
2026-08-18T15:30:00Z,1,64.88,59.61,56.562364444732665,8.31763555526733,xgboost,delta,fold_3,6h,ppb
2026-08-18T15:45:00Z,1,65.11,53.82,53.50442630767822,11.605573692321776,xgboost,delta,fold_3,6h,ppb
2026-08-18T16:00:00Z,1,66.62,51.38,50.09432650089264,16.525673499107363,xgboost,delta,fold_3,6h,ppb
2026-08-18T16:15:00Z,1,62.61,50.06,51.103650031089785,11.506349968910214,xgboost,delta,fold_3,6h,ppb
2026-08-18T16:30:00Z,1,62.07,52.68,53.70182054519653,8.368179454803467,xgboost,delta,fold_3,6h,ppb
2026-08-18T16:45:00Z,1,54.47,50.89,51.255211844444275,3.2147881555557234,xgboost,delta,fold_3,6h,ppb
2026-08-18T17:00:00Z,1,42.34,53.68,51.97807412624359,-9.638074126243588,xgboost,delta,fold_3,6h,ppb
2026-08-18T17:15:00Z,1,44.55,51.95,48.70694632530213,-4.15694632530213,xgboost,delta,fold_3,6h,ppb
2026-08-18T17:30:00Z,1,44.43,56.49,51.354286422729494,-6.9242864227294945,xgboost,delta,fold_3,6h,ppb
2026-08-18T17:45:00Z,1,43.34,56.46,50.40491815567017,-7.0649181556701635,xgboost,delta,fold_3,6h,ppb
2026-08-18T18:00:00Z,1,35.37,45.17,47.84175579071045,-12.471755790710453,xgboost,delta,fold_3,6h,ppb
2026-08-18T18:15:00Z,1,45.7,53.78,49.54936912536621,-3.8493691253662092,xgboost,delta,fold_3,6h,ppb
2026-08-18T18:30:00Z,1,50.02,57.86,49.02172981262207,0.9982701873779334,xgboost,delta,fold_3,6h,ppb
2026-08-18T18:45:00Z,1,39.43,56.68,45.33974807739258,-5.909748077392578,xgboost,delta,fold_3,6h,ppb
2026-08-18T19:00:00Z,1,36.91,53.19,39.664713325500486,-2.7547133255004894,xgboost,delta,fold_3,6h,ppb
2026-08-18T19:15:00Z,1,35.09,53.94,38.15174335479736,-3.0617433547973576,xgboost,delta,fold_3,6h,ppb
2026-08-18T19:30:00Z,1,37.5,51.3,37.42594318389892,0.07405681610107706,xgboost,delta,fold_3,6h,ppb
2026-08-18T19:45:00Z,1,38.81,56.13,38.952456359863284,-0.14245635986328153,xgboost,delta,fold_3,6h,ppb
2026-08-18T20:00:00Z,1,47.16,58.02,46.804022331237796,0.3559776687622005,xgboost,delta,fold_3,6h,ppb
2026-08-18T20:15:00Z,1,45.19,59.13,47.14764297485352,-1.9576429748535205,xgboost,delta,fold_3,6h,ppb
2026-08-18T20:30:00Z,1,36.38,64.47,53.17114421844482,-16.79114421844482,xgboost,delta,fold_3,6h,ppb
2026-08-18T20:45:00Z,1,39.92,66.4,55.764202499389654,-15.844202499389652,xgboost,delta,fold_3,6h,ppb
2026-08-18T21:00:00Z,1,39.31,64.15,55.01142158508301,-15.701421585083011,xgboost,delta,fold_3,6h,ppb
2026-08-18T21:15:00Z,1,36.1,64.78,56.997663764953614,-20.897663764953613,xgboost,delta,fold_3,6h,ppb
2026-08-18T21:30:00Z,1,37.44,64.88,54.58297718048095,-17.142977180480955,xgboost,delta,fold_3,6h,ppb
2026-08-18T21:45:00Z,1,38.27,65.11,55.89870105743408,-17.62870105743408,xgboost,delta,fold_3,6h,ppb
2026-08-18T22:00:00Z,1,38.98,66.62,62.99217020988465,-24.01217020988465,xgboost,delta,fold_3,6h,ppb
2026-08-18T22:15:00Z,1,38.21,62.61,60.54531274795532,-22.33531274795532,xgboost,delta,fold_3,6h,ppb
2026-08-18T22:30:00Z,1,43.3,62.07,61.16206062555313,-17.862060625553134,xgboost,delta,fold_3,6h,ppb
2026-08-18T22:45:00Z,1,34.96,54.47,55.44229325771332,-20.482293257713316,xgboost,delta,fold_3,6h,ppb
2026-08-18T23:00:00Z,1,51.52,42.34,55.47985919952393,-3.959859199523926,xgboost,delta,fold_3,6h,ppb
2026-08-18T23:15:00Z,1,51.99,44.55,56.82666568756103,-4.83666568756103,xgboost,delta,fold_3,6h,ppb
2026-08-18T23:30:00Z,1,58.04,44.43,57.431877784729004,0.6081222152709955,xgboost,delta,fold_3,6h,ppb
2026-08-18T23:45:00Z,1,61.42,43.34,57.60614665985108,3.813853340148924,xgboost,delta,fold_3,6h,ppb
2026-08-19T00:00:00Z,1,66.83,35.37,70.58601104736329,-3.7560110473632875,xgboost,delta,fold_3,6h,ppb
2026-08-19T00:15:00Z,1,70.47,45.7,77.36675567626953,-6.896755676269535,xgboost,delta,fold_3,6h,ppb
2026-08-19T00:30:00Z,1,72.11,50.02,71.06852294921876,1.0414770507812392,xgboost,delta,fold_3,6h,ppb
2026-08-19T00:45:00Z,1,71.34,39.43,77.00392120361329,-5.663921203613285,xgboost,delta,fold_3,6h,ppb
2026-08-19T01:00:00Z,1,74.61,36.91,79.19810882568359,-4.588108825683591,xgboost,delta,fold_3,6h,ppb
2026-08-19T01:15:00Z,1,70.72,35.09,77.23218902587891,-6.512189025878911,xgboost,delta,fold_3,6h,ppb
2026-08-19T01:30:00Z,1,75.92,37.5,78.21925735473633,-2.2992573547363264,xgboost,delta,fold_3,6h,ppb
2026-08-19T01:45:00Z,1,76.97,38.81,78.37940841674805,-1.4094084167480503,xgboost,delta,fold_3,6h,ppb
2026-08-19T02:00:00Z,1,77.04,47.16,70.43203369140625,6.60796630859376,xgboost,delta,fold_3,6h,ppb
2026-08-19T02:15:00Z,1,78.08,45.19,75.553037109375,2.5269628906250006,xgboost,delta,fold_3,6h,ppb
2026-08-19T02:30:00Z,1,80.2,36.38,74.03250015258789,6.167499847412117,xgboost,delta,fold_3,6h,ppb
2026-08-19T02:45:00Z,1,80.11,39.92,73.94775192260742,6.162248077392576,xgboost,delta,fold_3,6h,ppb
2026-08-19T03:00:00Z,1,78.76,39.31,73.21399551391602,5.546004486083987,xgboost,delta,fold_3,6h,ppb
2026-08-19T03:15:00Z,1,78.47,36.1,71.87262878417968,6.597371215820317,xgboost,delta,fold_3,6h,ppb
2026-08-19T03:30:00Z,1,72.2,37.44,71.37660354614258,0.823396453857427,xgboost,delta,fold_3,6h,ppb
2026-08-19T03:45:00Z,1,68.15,38.27,73.34788085937501,-5.1978808593750045,xgboost,delta,fold_3,6h,ppb
2026-08-19T04:00:00Z,1,66.55,38.98,72.62825439453124,-6.078254394531243,xgboost,delta,fold_3,6h,ppb
2026-08-19T04:15:00Z,1,61.59,38.21,72.08678146362305,-10.496781463623051,xgboost,delta,fold_3,6h,ppb
2026-08-19T04:30:00Z,1,60.61,43.3,69.6962345123291,-9.0862345123291,xgboost,delta,fold_3,6h,ppb
2026-08-19T04:45:00Z,1,62.48,34.96,67.5742807006836,-5.094280700683605,xgboost,delta,fold_3,6h,ppb
2026-08-19T05:00:00Z,1,57.59,51.52,53.50992192745209,4.080078072547913,xgboost,delta,fold_3,6h,ppb
2026-08-19T05:15:00Z,1,55.9,51.99,55.64187978744507,0.25812021255492823,xgboost,delta,fold_3,6h,ppb
2026-08-19T05:30:00Z,1,55.35,58.04,59.96764210700989,-4.617642107009885,xgboost,delta,fold_3,6h,ppb
2026-08-19T05:45:00Z,1,56.43,61.42,60.026041193008425,-3.596041193008425,xgboost,delta,fold_3,6h,ppb
2026-08-19T06:00:00Z,1,56.04,66.83,62.828178005218504,-6.788178005218505,xgboost,delta,fold_3,6h,ppb
2026-08-19T06:15:00Z,1,55.24,70.47,63.836076469421386,-8.596076469421384,xgboost,delta,fold_3,6h,ppb
2026-08-19T06:30:00Z,1,56.0,72.11,62.542637214660644,-6.542637214660644,xgboost,delta,fold_3,6h,ppb
2026-08-19T06:45:00Z,1,52.93,71.34,61.0797575378418,-8.1497575378418,xgboost,delta,fold_3,6h,ppb
2026-08-19T07:00:00Z,1,49.7,74.61,57.58242164611816,-7.882421646118161,xgboost,delta,fold_3,6h,ppb
2026-08-19T07:15:00Z,1,48.84,70.72,56.20676776885986,-7.366767768859859,xgboost,delta,fold_3,6h,ppb
2026-08-19T07:30:00Z,1,48.37,75.92,58.0866259765625,-9.716625976562504,xgboost,delta,fold_3,6h,ppb
2026-08-19T07:45:00Z,1,50.11,76.97,57.50321838378906,-7.393218383789062,xgboost,delta,fold_3,6h,ppb
2026-08-19T08:00:00Z,1,54.23,77.04,56.073264160156256,-1.8432641601562594,xgboost,delta,fold_3,6h,ppb
2026-08-19T08:15:00Z,1,50.71,78.08,57.17713554382324,-6.46713554382324,xgboost,delta,fold_3,6h,ppb
2026-08-19T08:30:00Z,1,51.31,80.2,58.335892868041995,-7.025892868041993,xgboost,delta,fold_3,6h,ppb
2026-08-19T08:45:00Z,1,56.56,80.11,60.18931327819824,-3.6293132781982393,xgboost,delta,fold_3,6h,ppb
2026-08-19T09:00:00Z,1,52.84,78.76,61.223691711425786,-8.383691711425783,xgboost,delta,fold_3,6h,ppb
2026-08-19T09:15:00Z,1,48.59,78.47,60.086912841796874,-11.49691284179687,xgboost,delta,fold_3,6h,ppb
2026-08-19T09:30:00Z,1,45.5,72.2,56.21835823059082,-10.718358230590823,xgboost,delta,fold_3,6h,ppb
2026-08-19T09:45:00Z,1,45.0,68.15,53.18782749176026,-8.18782749176026,xgboost,delta,fold_3,6h,ppb
2026-08-19T10:15:00Z,1,46.24,61.59,45.42015823364258,0.8198417663574205,xgboost,delta,fold_3,6h,ppb
2026-08-19T10:30:00Z,1,50.5,60.61,43.84513031005859,6.654869689941407,xgboost,delta,fold_3,6h,ppb
2026-08-19T10:45:00Z,1,50.06,62.48,44.872528533935544,5.1874714660644585,xgboost,delta,fold_3,6h,ppb
2026-08-19T11:00:00Z,1,51.71,57.59,46.238017883300785,5.471982116699216,xgboost,delta,fold_3,6h,ppb
2026-08-19T11:15:00Z,1,47.2,55.9,46.07934036254883,1.1206596374511761,xgboost,delta,fold_3,6h,ppb
2026-08-19T11:30:00Z,1,49.82,55.35,46.23705825805664,3.5829417419433582,xgboost,delta,fold_3,6h,ppb
2026-08-19T11:45:00Z,1,48.3,56.43,44.943503074645996,3.3564969253540013,xgboost,delta,fold_3,6h,ppb
2026-08-19T12:00:00Z,1,48.54,56.04,44.47165111541748,4.0683488845825195,xgboost,delta,fold_3,6h,ppb
2026-08-19T12:15:00Z,1,45.92,55.24,47.63874315261841,-1.7187431526184085,xgboost,delta,fold_3,6h,ppb
2026-08-19T12:30:00Z,1,47.87,56.0,51.60702133178711,-3.737021331787112,xgboost,delta,fold_3,6h,ppb
2026-08-19T12:45:00Z,1,50.06,52.93,51.87776439666748,-1.817764396667478,xgboost,delta,fold_3,6h,ppb
2026-08-19T13:00:00Z,1,46.31,49.7,55.659169864654544,-9.349169864654542,xgboost,delta,fold_3,6h,ppb
2026-08-19T13:15:00Z,1,44.9,48.84,58.63772853851319,-13.737728538513188,xgboost,delta,fold_3,6h,ppb
2026-08-19T13:30:00Z,1,36.86,48.37,61.03533851623535,-24.17533851623535,xgboost,delta,fold_3,6h,ppb
2026-08-19T13:45:00Z,1,44.22,50.11,60.835769996643066,-16.615769996643067,xgboost,delta,fold_3,6h,ppb
2026-08-19T14:00:00Z,1,43.04,54.23,57.11820123672485,-14.078201236724851,xgboost,delta,fold_3,6h,ppb
2026-08-19T14:15:00Z,1,47.06,50.71,59.47699447631836,-12.416994476318358,xgboost,delta,fold_3,6h,ppb
2026-08-19T14:30:00Z,1,41.08,51.31,57.53000074386597,-16.45000074386597,xgboost,delta,fold_3,6h,ppb
2026-08-19T14:45:00Z,1,42.21,56.56,58.97218209266663,-16.762182092666627,xgboost,delta,fold_3,6h,ppb
2026-08-19T15:00:00Z,1,49.78,52.84,61.507867660522464,-11.727867660522463,xgboost,delta,fold_3,6h,ppb
2026-08-19T15:15:00Z,1,49.97,48.59,61.86164649963379,-11.891646499633794,xgboost,delta,fold_3,6h,ppb
2026-08-19T15:30:00Z,1,49.43,45.5,60.93470764160156,-11.504707641601563,xgboost,delta,fold_3,6h,ppb
2026-08-19T15:45:00Z,1,48.33,45.0,56.84006595611572,-8.510065956115724,xgboost,delta,fold_3,6h,ppb
2026-08-19T16:15:00Z,1,43.43,46.24,52.8560101890564,-9.426010189056399,xgboost,delta,fold_3,6h,ppb
2026-08-19T16:30:00Z,1,34.33,50.5,52.68493676185608,-18.35493676185608,xgboost,delta,fold_3,6h,ppb
2026-08-19T16:45:00Z,1,31.49,50.06,54.150734958648684,-22.660734958648685,xgboost,delta,fold_3,6h,ppb
2026-08-19T17:00:00Z,1,30.18,51.71,53.74248953819275,-23.56248953819275,xgboost,delta,fold_3,6h,ppb
2026-08-19T17:15:00Z,1,30.76,47.2,50.652309370040896,-19.892309370040895,xgboost,delta,fold_3,6h,ppb
2026-08-19T17:30:00Z,1,30.18,49.82,54.100643463134766,-23.920643463134766,xgboost,delta,fold_3,6h,ppb
2026-08-19T17:45:00Z,1,32.06,48.3,51.98315505981445,-19.923155059814448,xgboost,delta,fold_3,6h,ppb
2026-08-19T18:00:00Z,1,32.78,48.54,51.11305121421814,-18.333051214218138,xgboost,delta,fold_3,6h,ppb
2026-08-19T18:15:00Z,1,36.8,45.92,49.306107444763185,-12.506107444763188,xgboost,delta,fold_3,6h,ppb
2026-08-19T18:30:00Z,1,36.6,47.87,49.24128341197967,-12.641283411979671,xgboost,delta,fold_3,6h,ppb
2026-08-19T18:45:00Z,1,36.41,50.06,50.375334737300875,-13.965334737300878,xgboost,delta,fold_3,6h,ppb
2026-08-19T19:00:00Z,1,37.35,46.31,47.34792428970337,-9.99792428970337,xgboost,delta,fold_3,6h,ppb
2026-08-19T19:15:00Z,1,34.68,44.9,50.62070074081421,-15.940700740814208,xgboost,delta,fold_3,6h,ppb
2026-08-19T19:30:00Z,1,35.39,36.86,49.62746559143066,-14.237465591430663,xgboost,delta,fold_3,6h,ppb
2026-08-19T19:45:00Z,1,37.99,44.22,51.89060089111328,-13.900600891113278,xgboost,delta,fold_3,6h,ppb
2026-08-19T20:00:00Z,1,34.65,43.04,48.165792026519775,-13.515792026519776,xgboost,delta,fold_3,6h,ppb
2026-08-19T20:15:00Z,1,31.27,47.06,48.24926799297333,-16.97926799297333,xgboost,delta,fold_3,6h,ppb
2026-08-19T20:30:00Z,1,30.31,41.08,51.943322257995604,-21.633322257995605,xgboost,delta,fold_3,6h,ppb
2026-08-19T20:45:00Z,1,28.44,42.21,49.73352476119995,-21.29352476119995,xgboost,delta,fold_3,6h,ppb
2026-08-19T21:00:00Z,1,32.07,49.78,50.29818001270294,-18.228180012702943,xgboost,delta,fold_3,6h,ppb
2026-08-19T21:15:00Z,1,29.36,49.97,50.45752528429031,-21.097525284290313,xgboost,delta,fold_3,6h,ppb
2026-08-19T21:30:00Z,1,18.31,49.43,49.31618703186512,-31.00618703186512,xgboost,delta,fold_3,6h,ppb
2026-08-19T21:45:00Z,1,33.32,48.33,50.021417932510374,-16.701417932510374,xgboost,delta,fold_3,6h,ppb
2026-08-19T22:00:00Z,1,31.28,48.91,55.64325729370117,-24.363257293701167,xgboost,delta,fold_3,6h,ppb
2026-08-19T22:15:00Z,1,36.45,43.43,53.35301273345947,-16.90301273345947,xgboost,delta,fold_3,6h,ppb
2026-08-19T22:30:00Z,1,40.68,34.33,45.176579551696776,-4.496579551696776,xgboost,delta,fold_3,6h,ppb
2026-08-19T22:45:00Z,1,41.64,31.49,45.130540122985835,-3.490540122985834,xgboost,delta,fold_3,6h,ppb
2026-08-19T23:00:00Z,1,52.31,30.18,48.1205632019043,4.189436798095706,xgboost,delta,fold_3,6h,ppb
2026-08-19T23:15:00Z,1,54.28,30.76,52.451154479980474,1.8288455200195273,xgboost,delta,fold_3,6h,ppb
2026-08-19T23:30:00Z,1,62.87,30.18,51.214175872802734,11.655824127197263,xgboost,delta,fold_3,6h,ppb
2026-08-19T23:45:00Z,1,65.19,32.06,51.82535034179688,13.36464965820312,xgboost,delta,fold_3,6h,ppb
2026-08-16T00:00:00Z,1,47.07,55.7,70.20203068593744,-23.132030685937444,lightgbm,absolute,fold_3,6h,ppb
2026-08-16T00:15:00Z,1,61.38,56.93,73.0990843716105,-11.7190843716105,lightgbm,absolute,fold_3,6h,ppb
2026-08-16T00:30:00Z,1,57.16,62.43,69.75128179710649,-12.59128179710649,lightgbm,absolute,fold_3,6h,ppb
2026-08-16T00:45:00Z,1,61.27,64.04,69.69435703769697,-8.424357037696971,lightgbm,absolute,fold_3,6h,ppb
2026-08-16T01:00:00Z,1,67.67,57.13,72.95520343773194,-5.285203437731937,lightgbm,absolute,fold_3,6h,ppb
2026-08-16T01:15:00Z,1,48.63,49.06,73.68970445644453,-25.05970445644453,lightgbm,absolute,fold_3,6h,ppb
2026-08-16T01:30:00Z,1,60.25,45.1,76.92846098253932,-16.67846098253932,lightgbm,absolute,fold_3,6h,ppb
2026-08-16T01:45:00Z,1,28.27,43.27,77.06148609355283,-48.791486093552834,lightgbm,absolute,fold_3,6h,ppb
2026-08-16T02:00:00Z,1,41.84,41.52,78.26242259515914,-36.422422595159134,lightgbm,absolute,fold_3,6h,ppb
2026-08-16T02:15:00Z,1,59.98,38.79,77.72850743860381,-17.748507438603816,lightgbm,absolute,fold_3,6h,ppb
2026-08-16T02:30:00Z,1,61.3,31.45,76.56037154371157,-15.260371543711571,lightgbm,absolute,fold_3,6h,ppb
2026-08-16T02:45:00Z,1,55.75,36.15,77.96734862869134,-22.21734862869134,lightgbm,absolute,fold_3,6h,ppb
2026-08-16T03:00:00Z,1,23.87,36.31,72.26158185542126,-48.39158185542125,lightgbm,absolute,fold_3,6h,ppb
2026-08-16T03:15:00Z,1,18.69,34.12,72.6258583592283,-53.935858359228305,lightgbm,absolute,fold_3,6h,ppb
2026-08-16T03:30:00Z,1,8.86,28.27,67.07106436038991,-58.21106436038991,lightgbm,absolute,fold_3,6h,ppb
2026-08-16T03:45:00Z,1,4.45,35.54,66.18511358800095,-61.73511358800094,lightgbm,absolute,fold_3,6h,ppb
2026-08-16T04:00:00Z,1,7.66,39.04,62.385112896468215,-54.72511289646822,lightgbm,absolute,fold_3,6h,ppb
2026-08-16T04:15:00Z,1,8.21,37.95,59.13430508012027,-50.92430508012027,lightgbm,absolute,fold_3,6h,ppb
2026-08-16T04:30:00Z,1,11.97,38.09,60.29183247626238,-48.32183247626238,lightgbm,absolute,fold_3,6h,ppb
2026-08-16T04:45:00Z,1,18.89,37.46,59.43206262419833,-40.54206262419833,lightgbm,absolute,fold_3,6h,ppb
2026-08-16T05:00:00Z,1,36.48,59.29,58.305579301089324,-21.825579301089327,lightgbm,absolute,fold_3,6h,ppb
2026-08-16T05:15:00Z,1,34.67,69.16,57.80817773376636,-23.138177733766355,lightgbm,absolute,fold_3,6h,ppb
2026-08-16T05:30:00Z,1,18.72,65.11,57.51110687306531,-38.79110687306531,lightgbm,absolute,fold_3,6h,ppb
2026-08-16T05:45:00Z,1,17.67,65.11,57.81898819520414,-40.14898819520414,lightgbm,absolute,fold_3,6h,ppb
2026-08-16T06:00:00Z,1,11.8,47.07,57.70010324409725,-45.90010324409725,lightgbm,absolute,fold_3,6h,ppb
2026-08-16T06:15:00Z,1,8.55,61.38,58.066983963702455,-49.51698396370246,lightgbm,absolute,fold_3,6h,ppb
2026-08-16T06:30:00Z,1,26.43,57.16,58.049838812538624,-31.619838812538624,lightgbm,absolute,fold_3,6h,ppb
2026-08-16T06:45:00Z,1,17.22,61.27,57.074898364954294,-39.854898364954295,lightgbm,absolute,fold_3,6h,ppb
2026-08-16T07:00:00Z,1,17.48,67.67,54.34016652004808,-36.86016652004808,lightgbm,absolute,fold_3,6h,ppb
2026-08-16T07:15:00Z,1,20.63,48.63,54.131771596029004,-33.501771596029,lightgbm,absolute,fold_3,6h,ppb
2026-08-16T07:30:00Z,1,7.98,60.25,53.39673320060816,-45.416733200608164,lightgbm,absolute,fold_3,6h,ppb
2026-08-16T07:45:00Z,1,21.15,28.27,50.29753773079818,-29.147537730798184,lightgbm,absolute,fold_3,6h,ppb
2026-08-16T08:00:00Z,1,17.21,41.84,52.24515570663828,-35.03515570663828,lightgbm,absolute,fold_3,6h,ppb
2026-08-16T08:15:00Z,1,12.86,59.98,46.77311799506837,-33.91311799506837,lightgbm,absolute,fold_3,6h,ppb
2026-08-16T08:30:00Z,1,4.93,61.3,49.445533181356474,-44.515533181356474,lightgbm,absolute,fold_3,6h,ppb
2026-08-16T08:45:00Z,1,21.25,55.75,49.233732681247886,-27.983732681247886,lightgbm,absolute,fold_3,6h,ppb
2026-08-16T09:00:00Z,1,0.96,23.87,43.655013631527815,-42.695013631527814,lightgbm,absolute,fold_3,6h,ppb
2026-08-16T09:15:00Z,1,4.39,18.69,44.97260274023726,-40.582602740237256,lightgbm,absolute,fold_3,6h,ppb
2026-08-16T09:30:00Z,1,11.5,8.86,43.6943301230108,-32.1943301230108,lightgbm,absolute,fold_3,6h,ppb
2026-08-16T09:45:00Z,1,15.62,4.45,42.97569448430712,-27.355694484307122,lightgbm,absolute,fold_3,6h,ppb
2026-08-16T10:00:00Z,1,0.52,7.66,42.676257004219195,-42.15625700421919,lightgbm,absolute,fold_3,6h,ppb
2026-08-16T11:00:00Z,1,14.32,36.48,44.01345690553932,-29.69345690553932,lightgbm,absolute,fold_3,6h,ppb
2026-08-16T11:15:00Z,1,28.38,34.67,44.31467500036414,-15.934675000364141,lightgbm,absolute,fold_3,6h,ppb
2026-08-16T11:30:00Z,1,39.09,18.72,43.67170534672349,-4.5817053467234885,lightgbm,absolute,fold_3,6h,ppb
2026-08-16T11:45:00Z,1,46.57,17.67,41.802435635305834,4.767564364694167,lightgbm,absolute,fold_3,6h,ppb
2026-08-16T12:00:00Z,1,50.93,11.8,41.57876134429019,9.351238655709807,lightgbm,absolute,fold_3,6h,ppb
2026-08-16T12:15:00Z,1,51.46,8.55,45.33466317318209,6.125336826817907,lightgbm,absolute,fold_3,6h,ppb
2026-08-16T12:30:00Z,1,54.12,26.43,45.0425420367826,9.077457963217398,lightgbm,absolute,fold_3,6h,ppb
2026-08-16T12:45:00Z,1,57.15,17.22,45.08441645856491,12.065583541435089,lightgbm,absolute,fold_3,6h,ppb
2026-08-16T13:00:00Z,1,58.37,17.48,44.512655537863395,13.857344462136602,lightgbm,absolute,fold_3,6h,ppb
2026-08-16T13:15:00Z,1,56.36,20.63,43.94428902031395,12.415710979686047,lightgbm,absolute,fold_3,6h,ppb
2026-08-16T13:30:00Z,1,57.84,7.98,43.069477588301815,14.770522411698188,lightgbm,absolute,fold_3,6h,ppb
2026-08-16T13:45:00Z,1,58.56,21.15,43.174272102701444,15.385727897298558,lightgbm,absolute,fold_3,6h,ppb
2026-08-16T14:00:00Z,1,60.03,17.21,44.04864740474759,15.98135259525241,lightgbm,absolute,fold_3,6h,ppb
2026-08-16T14:15:00Z,1,58.29,12.86,46.443990150865595,11.846009849134404,lightgbm,absolute,fold_3,6h,ppb
2026-08-16T14:30:00Z,1,56.39,4.93,46.09460844562278,10.295391554377218,lightgbm,absolute,fold_3,6h,ppb
2026-08-16T14:45:00Z,1,56.04,21.25,47.066352713406545,8.973647286593454,lightgbm,absolute,fold_3,6h,ppb
2026-08-16T15:00:00Z,1,57.18,0.96,45.21927403678292,11.96072596321708,lightgbm,absolute,fold_3,6h,ppb
2026-08-16T15:15:00Z,1,57.72,4.39,46.21581623941869,11.504183760581306,lightgbm,absolute,fold_3,6h,ppb
2026-08-16T15:30:00Z,1,64.02,11.5,46.066818824205754,17.953181175794242,lightgbm,absolute,fold_3,6h,ppb
2026-08-16T15:45:00Z,1,62.19,15.62,46.0568314672283,16.1331685327717,lightgbm,absolute,fold_3,6h,ppb
2026-08-16T16:00:00Z,1,63.58,0.52,39.25239756341468,24.327602436585316,lightgbm,absolute,fold_3,6h,ppb
2026-08-16T17:00:00Z,1,51.31,14.32,38.01378227919237,13.296217720807633,lightgbm,absolute,fold_3,6h,ppb
2026-08-16T17:15:00Z,1,51.92,28.38,38.49517999361975,13.424820006380251,lightgbm,absolute,fold_3,6h,ppb
2026-08-16T17:30:00Z,1,52.8,39.09,38.47806400365394,14.321935996346056,lightgbm,absolute,fold_3,6h,ppb
2026-08-16T17:45:00Z,1,52.26,46.57,37.37018421570192,14.88981578429808,lightgbm,absolute,fold_3,6h,ppb
2026-08-16T18:00:00Z,1,52.54,50.93,38.06958058179997,14.47041941820003,lightgbm,absolute,fold_3,6h,ppb
2026-08-16T18:15:00Z,1,54.8,51.46,37.817538251905496,16.9824617480945,lightgbm,absolute,fold_3,6h,ppb
2026-08-16T18:30:00Z,1,47.92,54.12,38.234077204716556,9.685922795283446,lightgbm,absolute,fold_3,6h,ppb
2026-08-16T18:45:00Z,1,40.51,57.15,38.502134779095464,2.0078652209045345,lightgbm,absolute,fold_3,6h,ppb
2026-08-16T19:00:00Z,1,44.15,58.37,38.046060283413034,6.103939716586964,lightgbm,absolute,fold_3,6h,ppb
2026-08-16T19:15:00Z,1,45.94,56.36,38.62019795901011,7.3198020409898845,lightgbm,absolute,fold_3,6h,ppb
2026-08-16T19:30:00Z,1,37.63,57.84,40.042324341791875,-2.412324341791873,lightgbm,absolute,fold_3,6h,ppb
2026-08-16T19:45:00Z,1,32.08,58.56,39.33798187237491,-7.257981872374913,lightgbm,absolute,fold_3,6h,ppb
2026-08-16T20:00:00Z,1,31.72,60.03,38.47099577658327,-6.750995776583274,lightgbm,absolute,fold_3,6h,ppb
2026-08-16T20:15:00Z,1,30.25,58.29,38.270614897266256,-8.020614897266256,lightgbm,absolute,fold_3,6h,ppb
2026-08-16T20:30:00Z,1,34.36,56.39,39.468921260733325,-5.108921260733325,lightgbm,absolute,fold_3,6h,ppb
2026-08-16T20:45:00Z,1,29.57,56.04,40.01321003363079,-10.443210033630791,lightgbm,absolute,fold_3,6h,ppb
2026-08-16T21:00:00Z,1,32.47,57.18,41.203679003726116,-8.733679003726117,lightgbm,absolute,fold_3,6h,ppb
2026-08-16T21:15:00Z,1,33.9,57.72,41.460879655442874,-7.560879655442875,lightgbm,absolute,fold_3,6h,ppb
2026-08-16T21:30:00Z,1,33.31,64.02,40.64717300915725,-7.337173009157247,lightgbm,absolute,fold_3,6h,ppb
2026-08-16T21:45:00Z,1,33.6,62.19,42.2876421552206,-8.687642155220601,lightgbm,absolute,fold_3,6h,ppb
2026-08-16T22:00:00Z,1,31.61,63.58,53.14277226701646,-21.532772267016462,lightgbm,absolute,fold_3,6h,ppb
2026-08-16T22:15:00Z,1,39.44,59.94,51.456422428611155,-12.016422428611158,lightgbm,absolute,fold_3,6h,ppb
2026-08-16T22:30:00Z,1,39.4,44.58,50.847404707092245,-11.447404707092247,lightgbm,absolute,fold_3,6h,ppb
2026-08-16T22:45:00Z,1,38.16,43.54,47.9662010676994,-9.806201067699405,lightgbm,absolute,fold_3,6h,ppb
2026-08-16T23:00:00Z,1,40.17,51.31,55.44025420066695,-15.270254200666947,lightgbm,absolute,fold_3,6h,ppb
2026-08-16T23:15:00Z,1,45.46,51.92,55.65656468989823,-10.196564689898231,lightgbm,absolute,fold_3,6h,ppb
2026-08-16T23:30:00Z,1,59.46,52.8,55.0266394353765,4.433360564623499,lightgbm,absolute,fold_3,6h,ppb
2026-08-16T23:45:00Z,1,60.75,52.26,55.73721514766499,5.01278485233501,lightgbm,absolute,fold_3,6h,ppb
2026-08-17T00:00:00Z,1,58.1,52.54,67.63392386967513,-9.533923869675128,lightgbm,absolute,fold_3,6h,ppb
2026-08-17T00:15:00Z,1,66.47,54.8,68.99625419009014,-2.5262541900901425,lightgbm,absolute,fold_3,6h,ppb
2026-08-17T00:30:00Z,1,62.6,47.92,69.96086861346971,-7.360868613469712,lightgbm,absolute,fold_3,6h,ppb
2026-08-17T00:45:00Z,1,67.1,40.51,73.30699921017877,-6.206999210178779,lightgbm,absolute,fold_3,6h,ppb
2026-08-17T01:00:00Z,1,68.85,44.15,75.60037765488784,-6.750377654887842,lightgbm,absolute,fold_3,6h,ppb
2026-08-17T01:15:00Z,1,74.06,45.94,74.48904983181642,-0.429049831816414,lightgbm,absolute,fold_3,6h,ppb
2026-08-17T01:30:00Z,1,72.18,37.63,76.10709378334768,-3.9270937833476722,lightgbm,absolute,fold_3,6h,ppb
2026-08-17T01:45:00Z,1,72.53,32.08,75.54687819418375,-3.0168781941837466,lightgbm,absolute,fold_3,6h,ppb
2026-08-17T02:00:00Z,1,68.54,31.72,75.46077110313597,-6.920771103135962,lightgbm,absolute,fold_3,6h,ppb
2026-08-17T02:15:00Z,1,67.83,30.25,73.44753849442174,-5.617538494421737,lightgbm,absolute,fold_3,6h,ppb
2026-08-17T02:30:00Z,1,70.38,34.36,73.00427807479042,-2.624278074790425,lightgbm,absolute,fold_3,6h,ppb
2026-08-17T02:45:00Z,1,67.48,29.57,74.33998865411618,-6.859988654116179,lightgbm,absolute,fold_3,6h,ppb
2026-08-17T03:00:00Z,1,65.85,32.47,72.63136968712598,-6.781369687125988,lightgbm,absolute,fold_3,6h,ppb
2026-08-17T03:15:00Z,1,60.87,33.9,73.37915012318277,-12.50915012318277,lightgbm,absolute,fold_3,6h,ppb
2026-08-17T03:30:00Z,1,62.57,33.31,72.40139193278223,-9.831391932782232,lightgbm,absolute,fold_3,6h,ppb
2026-08-17T03:45:00Z,1,60.92,33.6,71.88420437750565,-10.964204377505652,lightgbm,absolute,fold_3,6h,ppb
2026-08-17T04:00:00Z,1,63.41,31.61,66.86808145468117,-3.458081454681178,lightgbm,absolute,fold_3,6h,ppb
2026-08-17T04:15:00Z,1,56.51,39.44,66.90946988363855,-10.399469883638552,lightgbm,absolute,fold_3,6h,ppb
2026-08-17T04:30:00Z,1,54.75,39.4,62.21383440064206,-7.463834400642057,lightgbm,absolute,fold_3,6h,ppb
2026-08-17T04:45:00Z,1,56.22,38.16,60.8266661973989,-4.606666197398901,lightgbm,absolute,fold_3,6h,ppb
2026-08-17T05:00:00Z,1,55.77,40.17,58.738647679836994,-2.968647679836991,lightgbm,absolute,fold_3,6h,ppb
2026-08-17T05:15:00Z,1,51.6,45.46,60.05271109095074,-8.452711090950736,lightgbm,absolute,fold_3,6h,ppb
2026-08-17T05:30:00Z,1,48.56,59.46,60.72884457423093,-12.168844574230931,lightgbm,absolute,fold_3,6h,ppb
2026-08-17T05:45:00Z,1,52.35,60.75,60.987913508040236,-8.637913508040235,lightgbm,absolute,fold_3,6h,ppb
2026-08-17T06:00:00Z,1,49.02,58.1,59.041924455876305,-10.021924455876302,lightgbm,absolute,fold_3,6h,ppb
2026-08-17T06:15:00Z,1,50.85,66.47,58.96932073913021,-8.11932073913021,lightgbm,absolute,fold_3,6h,ppb
2026-08-17T06:30:00Z,1,54.93,62.6,58.840788936893745,-3.910788936893745,lightgbm,absolute,fold_3,6h,ppb
2026-08-17T06:45:00Z,1,53.95,67.1,58.132520816205314,-4.182520816205312,lightgbm,absolute,fold_3,6h,ppb
2026-08-17T07:00:00Z,1,55.04,68.85,56.92043862241804,-1.8804386224180405,lightgbm,absolute,fold_3,6h,ppb
2026-08-17T07:15:00Z,1,56.82,74.06,55.8773663333081,0.9426336666918971,lightgbm,absolute,fold_3,6h,ppb
2026-08-17T07:30:00Z,1,58.42,72.18,54.64418219892937,3.7758178010706303,lightgbm,absolute,fold_3,6h,ppb
2026-08-17T07:45:00Z,1,60.23,72.53,55.580396081761606,4.649603918238391,lightgbm,absolute,fold_3,6h,ppb
2026-08-17T08:00:00Z,1,59.57,68.54,57.202120639725,2.3678793602749977,lightgbm,absolute,fold_3,6h,ppb
2026-08-17T08:15:00Z,1,57.78,67.83,56.38796001706666,1.3920399829333405,lightgbm,absolute,fold_3,6h,ppb
2026-08-17T08:30:00Z,1,56.05,70.38,56.897072125107755,-0.8470721251077578,lightgbm,absolute,fold_3,6h,ppb
2026-08-17T08:45:00Z,1,63.33,67.48,56.80228266847736,6.527717331522638,lightgbm,absolute,fold_3,6h,ppb
2026-08-17T09:00:00Z,1,59.6,65.85,55.912399783944366,3.6876002160556354,lightgbm,absolute,fold_3,6h,ppb
2026-08-17T09:15:00Z,1,61.07,60.87,52.46378121648786,8.60621878351214,lightgbm,absolute,fold_3,6h,ppb
2026-08-17T09:30:00Z,1,58.75,62.57,52.17333074281765,6.576669257182353,lightgbm,absolute,fold_3,6h,ppb
2026-08-17T09:45:00Z,1,50.93,60.92,49.92285125761247,1.0071487423875283,lightgbm,absolute,fold_3,6h,ppb
2026-08-17T10:00:00Z,1,57.08,63.41,49.118361109229575,7.961638890770423,lightgbm,absolute,fold_3,6h,ppb
2026-08-17T10:15:00Z,1,53.49,56.51,46.72924694615831,6.76075305384169,lightgbm,absolute,fold_3,6h,ppb
2026-08-17T10:30:00Z,1,51.64,54.75,47.60401768150689,4.035982318493112,lightgbm,absolute,fold_3,6h,ppb
2026-08-17T10:45:00Z,1,53.74,56.22,49.0541304981942,4.685869501805804,lightgbm,absolute,fold_3,6h,ppb
2026-08-17T11:00:00Z,1,50.62,55.77,49.962620442669404,0.657379557330593,lightgbm,absolute,fold_3,6h,ppb
2026-08-17T11:15:00Z,1,49.94,51.6,49.09364285902089,0.8463571409791086,lightgbm,absolute,fold_3,6h,ppb
2026-08-17T11:30:00Z,1,51.32,48.56,50.06354252285315,1.2564574771468529,lightgbm,absolute,fold_3,6h,ppb
2026-08-17T11:45:00Z,1,52.08,52.35,51.63905338540314,0.4409466145968608,lightgbm,absolute,fold_3,6h,ppb
2026-08-17T12:00:00Z,1,51.75,49.02,56.552487635742885,-4.802487635742885,lightgbm,absolute,fold_3,6h,ppb
2026-08-17T12:15:00Z,1,54.27,50.85,57.68165692146571,-3.411656921465706,lightgbm,absolute,fold_3,6h,ppb
2026-08-17T12:30:00Z,1,51.23,54.93,56.93979269762947,-5.709792697629474,lightgbm,absolute,fold_3,6h,ppb
2026-08-17T12:45:00Z,1,53.26,53.95,58.34407597564998,-5.084075975649981,lightgbm,absolute,fold_3,6h,ppb
2026-08-17T13:00:00Z,1,49.34,55.04,57.2040667337433,-7.8640667337433,lightgbm,absolute,fold_3,6h,ppb
2026-08-17T13:15:00Z,1,40.68,56.82,59.23306901703827,-18.55306901703827,lightgbm,absolute,fold_3,6h,ppb
2026-08-17T13:30:00Z,1,47.79,58.42,57.409748857286125,-9.619748857286126,lightgbm,absolute,fold_3,6h,ppb
2026-08-17T13:45:00Z,1,46.47,60.23,57.18244241021111,-10.71244241021111,lightgbm,absolute,fold_3,6h,ppb
2026-08-17T14:00:00Z,1,48.72,59.57,57.38893544132759,-8.66893544132759,lightgbm,absolute,fold_3,6h,ppb
2026-08-17T14:15:00Z,1,51.92,57.78,57.042830041903244,-5.122830041903242,lightgbm,absolute,fold_3,6h,ppb
2026-08-17T14:30:00Z,1,59.56,56.05,56.67202917075394,2.887970829246065,lightgbm,absolute,fold_3,6h,ppb
2026-08-17T14:45:00Z,1,52.54,63.33,55.005550628726,-2.4655506287259996,lightgbm,absolute,fold_3,6h,ppb
2026-08-17T15:00:00Z,1,58.33,59.6,53.40555887253599,4.924441127464007,lightgbm,absolute,fold_3,6h,ppb
2026-08-17T15:15:00Z,1,47.32,61.07,52.71720392202963,-5.397203922029632,lightgbm,absolute,fold_3,6h,ppb
2026-08-17T15:30:00Z,1,39.53,58.75,53.41388549958753,-13.883885499587528,lightgbm,absolute,fold_3,6h,ppb
2026-08-17T15:45:00Z,1,40.26,50.93,53.485867112863666,-13.225867112863668,lightgbm,absolute,fold_3,6h,ppb
2026-08-17T16:00:00Z,1,40.5,57.08,48.24104916324779,-7.741049163247787,lightgbm,absolute,fold_3,6h,ppb
2026-08-17T16:15:00Z,1,38.44,53.49,47.867125316887595,-9.427125316887597,lightgbm,absolute,fold_3,6h,ppb
2026-08-17T16:30:00Z,1,30.5,51.64,46.56264672935432,-16.06264672935432,lightgbm,absolute,fold_3,6h,ppb
2026-08-17T16:45:00Z,1,39.56,53.74,44.294505878740466,-4.734505878740464,lightgbm,absolute,fold_3,6h,ppb
2026-08-17T17:00:00Z,1,46.41,50.62,42.61762317539641,3.7923768246035863,lightgbm,absolute,fold_3,6h,ppb
2026-08-17T17:15:00Z,1,44.85,49.94,40.91851411579331,3.931485884206694,lightgbm,absolute,fold_3,6h,ppb
2026-08-17T17:30:00Z,1,47.57,51.32,40.736240730252426,6.833759269747574,lightgbm,absolute,fold_3,6h,ppb
2026-08-17T17:45:00Z,1,43.26,52.08,40.38400391304547,2.8759960869545296,lightgbm,absolute,fold_3,6h,ppb
2026-08-17T18:00:00Z,1,35.82,51.75,39.015423584566314,-3.1954235845663135,lightgbm,absolute,fold_3,6h,ppb
2026-08-17T18:15:00Z,1,44.24,54.27,38.375793624766615,5.864206375233387,lightgbm,absolute,fold_3,6h,ppb
2026-08-17T18:30:00Z,1,48.06,51.23,36.40491533253999,11.65508466746001,lightgbm,absolute,fold_3,6h,ppb
2026-08-17T18:45:00Z,1,45.72,53.26,37.07102370248823,8.648976297511766,lightgbm,absolute,fold_3,6h,ppb
2026-08-17T19:00:00Z,1,43.33,49.34,38.898756694944446,4.431243305055553,lightgbm,absolute,fold_3,6h,ppb
2026-08-17T19:15:00Z,1,44.85,40.68,38.90569858575865,5.944301414241352,lightgbm,absolute,fold_3,6h,ppb
2026-08-17T19:30:00Z,1,46.76,47.79,37.22844378494249,9.531556215057506,lightgbm,absolute,fold_3,6h,ppb
2026-08-17T19:45:00Z,1,48.85,46.47,39.53927302996138,9.310726970038623,lightgbm,absolute,fold_3,6h,ppb
2026-08-17T20:00:00Z,1,44.3,48.72,38.28677189105974,6.013228108940254,lightgbm,absolute,fold_3,6h,ppb
2026-08-17T20:15:00Z,1,45.94,51.92,38.35327413541696,7.5867258645830375,lightgbm,absolute,fold_3,6h,ppb
2026-08-17T20:30:00Z,1,46.02,59.56,38.184321676265746,7.835678323734257,lightgbm,absolute,fold_3,6h,ppb
2026-08-17T20:45:00Z,1,47.94,52.54,37.00247964972004,10.93752035027996,lightgbm,absolute,fold_3,6h,ppb
2026-08-17T21:00:00Z,1,46.43,58.33,37.9328608462729,8.497139153727097,lightgbm,absolute,fold_3,6h,ppb
2026-08-17T21:15:00Z,1,47.12,47.32,36.8313416871208,10.2886583128792,lightgbm,absolute,fold_3,6h,ppb
2026-08-17T21:30:00Z,1,46.55,39.53,36.53459346981331,10.015406530186688,lightgbm,absolute,fold_3,6h,ppb
2026-08-17T21:45:00Z,1,45.15,40.26,38.044495506452954,7.105504493547045,lightgbm,absolute,fold_3,6h,ppb
2026-08-17T22:00:00Z,1,44.08,40.5,42.27134840808451,1.8086515919154849,lightgbm,absolute,fold_3,6h,ppb
2026-08-17T22:15:00Z,1,39.74,38.44,42.58803106724288,-2.8480310672428786,lightgbm,absolute,fold_3,6h,ppb
2026-08-17T22:30:00Z,1,39.79,30.5,41.221224518566196,-1.4312245185661965,lightgbm,absolute,fold_3,6h,ppb
2026-08-17T22:45:00Z,1,51.59,39.56,47.528776805279165,4.061223194720839,lightgbm,absolute,fold_3,6h,ppb
2026-08-17T23:00:00Z,1,55.56,46.41,54.010301544858564,1.5496984551414386,lightgbm,absolute,fold_3,6h,ppb
2026-08-17T23:15:00Z,1,64.97,44.85,53.240196199052754,11.729803800947245,lightgbm,absolute,fold_3,6h,ppb
2026-08-17T23:30:00Z,1,61.08,47.57,53.97835544619096,7.101644553809038,lightgbm,absolute,fold_3,6h,ppb
2026-08-17T23:45:00Z,1,59.17,43.26,53.105331831038214,6.064668168961788,lightgbm,absolute,fold_3,6h,ppb
2026-08-18T00:00:00Z,1,68.61,35.82,69.5891996359344,-0.9791996359344068,lightgbm,absolute,fold_3,6h,ppb
2026-08-18T00:15:00Z,1,71.53,44.24,72.90049159639365,-1.3704915963936486,lightgbm,absolute,fold_3,6h,ppb
2026-08-18T00:30:00Z,1,69.74,48.06,71.33805943901433,-1.5980594390143352,lightgbm,absolute,fold_3,6h,ppb
2026-08-18T00:45:00Z,1,70.35,45.72,72.01870931074033,-1.66870931074034,lightgbm,absolute,fold_3,6h,ppb
2026-08-18T01:00:00Z,1,69.55,43.33,76.03975695369854,-6.489756953698546,lightgbm,absolute,fold_3,6h,ppb
2026-08-18T01:15:00Z,1,72.52,44.85,76.30189038292237,-3.78189038292237,lightgbm,absolute,fold_3,6h,ppb
2026-08-18T01:30:00Z,1,80.75,46.76,77.107336431818,3.6426635681820017,lightgbm,absolute,fold_3,6h,ppb
2026-08-18T01:45:00Z,1,70.84,48.85,75.4920006827269,-4.652000682726893,lightgbm,absolute,fold_3,6h,ppb
2026-08-18T02:00:00Z,1,75.18,44.3,74.81233217626826,0.36766782373175033,lightgbm,absolute,fold_3,6h,ppb
2026-08-18T02:15:00Z,1,79.4,45.94,75.12992811389532,4.270071886104688,lightgbm,absolute,fold_3,6h,ppb
2026-08-18T02:30:00Z,1,74.38,46.02,75.43744571003405,-1.0574457100340595,lightgbm,absolute,fold_3,6h,ppb
2026-08-18T02:45:00Z,1,77.97,47.94,74.80671065139357,3.163289348606426,lightgbm,absolute,fold_3,6h,ppb
2026-08-18T03:00:00Z,1,80.06,46.43,72.03286727592105,8.027132724078953,lightgbm,absolute,fold_3,6h,ppb
2026-08-18T03:15:00Z,1,82.23,47.12,72.820626306589,9.409373693410998,lightgbm,absolute,fold_3,6h,ppb
2026-08-18T03:30:00Z,1,78.6,46.55,71.2976686845602,7.302331315439801,lightgbm,absolute,fold_3,6h,ppb
2026-08-18T03:45:00Z,1,72.26,45.15,70.88455656543394,1.3754434345660655,lightgbm,absolute,fold_3,6h,ppb
2026-08-18T04:00:00Z,1,69.66,44.08,64.92384776940195,4.7361522305980515,lightgbm,absolute,fold_3,6h,ppb
2026-08-18T04:15:00Z,1,65.31,39.74,63.4526157425975,1.8573842574025008,lightgbm,absolute,fold_3,6h,ppb
2026-08-18T04:30:00Z,1,71.0,39.79,63.00071477500431,7.999285224995688,lightgbm,absolute,fold_3,6h,ppb
2026-08-18T04:45:00Z,1,70.31,51.59,59.84917834553124,10.46082165446876,lightgbm,absolute,fold_3,6h,ppb
2026-08-18T05:00:00Z,1,68.27,55.56,55.087111096812855,13.182888903187141,lightgbm,absolute,fold_3,6h,ppb
2026-08-18T05:15:00Z,1,65.5,64.97,55.09493887770387,10.405061122296132,lightgbm,absolute,fold_3,6h,ppb
2026-08-18T05:30:00Z,1,69.62,61.08,54.14574746139144,15.474252538608567,lightgbm,absolute,fold_3,6h,ppb
2026-08-18T05:45:00Z,1,63.77,59.17,54.94799066374313,8.822009336256876,lightgbm,absolute,fold_3,6h,ppb
2026-08-18T06:00:00Z,1,66.61,68.61,56.99865365597926,9.611346344020738,lightgbm,absolute,fold_3,6h,ppb
2026-08-18T06:15:00Z,1,67.7,71.53,58.31736067198311,9.382639328016893,lightgbm,absolute,fold_3,6h,ppb
2026-08-18T06:30:00Z,1,66.0,69.74,58.114152105357945,7.885847894642055,lightgbm,absolute,fold_3,6h,ppb
2026-08-18T06:45:00Z,1,67.14,70.35,56.884141882063226,10.255858117936775,lightgbm,absolute,fold_3,6h,ppb
2026-08-18T07:00:00Z,1,67.39,69.55,54.50273510185262,12.887264898147379,lightgbm,absolute,fold_3,6h,ppb
2026-08-18T07:15:00Z,1,65.3,72.52,53.90461331100197,11.39538668899803,lightgbm,absolute,fold_3,6h,ppb
2026-08-18T07:30:00Z,1,67.31,80.75,52.35932247868689,14.95067752131311,lightgbm,absolute,fold_3,6h,ppb
2026-08-18T07:45:00Z,1,64.29,70.84,53.16220271710389,11.127797282896118,lightgbm,absolute,fold_3,6h,ppb
2026-08-18T08:00:00Z,1,62.36,75.18,52.982892771768576,9.377107228231424,lightgbm,absolute,fold_3,6h,ppb
2026-08-18T08:15:00Z,1,61.89,79.4,50.69290486003954,11.19709513996046,lightgbm,absolute,fold_3,6h,ppb
2026-08-18T08:30:00Z,1,64.11,74.38,53.36795540028735,10.74204459971265,lightgbm,absolute,fold_3,6h,ppb
2026-08-18T08:45:00Z,1,69.18,77.97,52.02242149435966,17.157578505640345,lightgbm,absolute,fold_3,6h,ppb
2026-08-18T09:00:00Z,1,61.67,80.06,48.93027040663912,12.739729593360885,lightgbm,absolute,fold_3,6h,ppb
2026-08-18T09:15:00Z,1,61.3,82.23,48.758250093198065,12.541749906801932,lightgbm,absolute,fold_3,6h,ppb
2026-08-18T09:30:00Z,1,59.61,78.6,47.10513306852055,12.504866931479448,lightgbm,absolute,fold_3,6h,ppb
2026-08-18T09:45:00Z,1,53.82,72.26,47.94605352528147,5.8739464747185295,lightgbm,absolute,fold_3,6h,ppb
2026-08-18T10:00:00Z,1,51.38,69.66,47.477835907118674,3.9021640928813284,lightgbm,absolute,fold_3,6h,ppb
2026-08-18T10:15:00Z,1,50.06,65.31,45.132302947718735,4.9276970522812675,lightgbm,absolute,fold_3,6h,ppb
2026-08-18T10:30:00Z,1,52.68,71.0,45.455510588518166,7.224489411481834,lightgbm,absolute,fold_3,6h,ppb
2026-08-18T10:45:00Z,1,50.89,70.31,44.547394854594124,6.3426051454058765,lightgbm,absolute,fold_3,6h,ppb
2026-08-18T11:00:00Z,1,53.68,68.27,45.17067666333189,8.50932333666811,lightgbm,absolute,fold_3,6h,ppb
2026-08-18T11:15:00Z,1,51.95,65.5,44.78262091007982,7.167379089920182,lightgbm,absolute,fold_3,6h,ppb
2026-08-18T11:30:00Z,1,56.49,69.62,45.525407783588896,10.964592216411106,lightgbm,absolute,fold_3,6h,ppb
2026-08-18T11:45:00Z,1,56.46,63.77,45.55150852399144,10.908491476008564,lightgbm,absolute,fold_3,6h,ppb
2026-08-18T12:00:00Z,1,45.17,66.61,45.6052104557914,-0.43521045579139894,lightgbm,absolute,fold_3,6h,ppb
2026-08-18T12:15:00Z,1,53.78,67.7,47.21935922165865,6.560640778341352,lightgbm,absolute,fold_3,6h,ppb
2026-08-18T12:30:00Z,1,57.86,66.0,48.544327825616506,9.315672174383494,lightgbm,absolute,fold_3,6h,ppb
2026-08-18T12:45:00Z,1,56.68,67.14,48.58537492655225,8.094625073447752,lightgbm,absolute,fold_3,6h,ppb
2026-08-18T13:00:00Z,1,53.19,67.39,48.102230098597275,5.087769901402723,lightgbm,absolute,fold_3,6h,ppb
2026-08-18T13:15:00Z,1,53.94,65.3,51.22652596621292,2.7134740337870795,lightgbm,absolute,fold_3,6h,ppb
2026-08-18T13:30:00Z,1,51.3,67.31,50.02337577113899,1.2766242288610101,lightgbm,absolute,fold_3,6h,ppb
2026-08-18T13:45:00Z,1,56.13,64.29,50.91170847703398,5.21829152296602,lightgbm,absolute,fold_3,6h,ppb
2026-08-18T14:00:00Z,1,58.02,62.36,50.424486900583936,7.595513099416067,lightgbm,absolute,fold_3,6h,ppb
2026-08-18T14:15:00Z,1,59.13,61.89,52.398016078258635,6.731983921741367,lightgbm,absolute,fold_3,6h,ppb
2026-08-18T14:30:00Z,1,64.47,64.11,50.909787948011065,13.560212051988934,lightgbm,absolute,fold_3,6h,ppb
2026-08-18T14:45:00Z,1,66.4,69.18,50.640374465000036,15.75962553499997,lightgbm,absolute,fold_3,6h,ppb
2026-08-18T15:00:00Z,1,64.15,61.67,48.0617234634509,16.088276536549103,lightgbm,absolute,fold_3,6h,ppb
2026-08-18T15:15:00Z,1,64.78,61.3,46.35314262565094,18.426857374349062,lightgbm,absolute,fold_3,6h,ppb
2026-08-18T15:30:00Z,1,64.88,59.61,47.90441461973561,16.975585380264384,lightgbm,absolute,fold_3,6h,ppb
2026-08-18T15:45:00Z,1,65.11,53.82,47.36835987019311,17.74164012980689,lightgbm,absolute,fold_3,6h,ppb
2026-08-18T16:00:00Z,1,66.62,51.38,39.48021718662881,27.13978281337119,lightgbm,absolute,fold_3,6h,ppb
2026-08-18T16:15:00Z,1,62.61,50.06,38.99698700274868,23.613012997251317,lightgbm,absolute,fold_3,6h,ppb
2026-08-18T16:30:00Z,1,62.07,52.68,39.847938806559135,22.222061193440865,lightgbm,absolute,fold_3,6h,ppb
2026-08-18T16:45:00Z,1,54.47,50.89,40.052500939027965,14.417499060972034,lightgbm,absolute,fold_3,6h,ppb
2026-08-18T17:00:00Z,1,42.34,53.68,39.89788017034414,2.4421198296558657,lightgbm,absolute,fold_3,6h,ppb
2026-08-18T17:15:00Z,1,44.55,51.95,39.69826858474779,4.85173141525221,lightgbm,absolute,fold_3,6h,ppb
2026-08-18T17:30:00Z,1,44.43,56.49,39.64778416572845,4.782215834271547,lightgbm,absolute,fold_3,6h,ppb
2026-08-18T17:45:00Z,1,43.34,56.46,39.191314819379954,4.148685180620049,lightgbm,absolute,fold_3,6h,ppb
2026-08-18T18:00:00Z,1,35.37,45.17,37.86887205425611,-2.498872054256111,lightgbm,absolute,fold_3,6h,ppb
2026-08-18T18:15:00Z,1,45.7,53.78,38.67173737700252,7.028262622997481,lightgbm,absolute,fold_3,6h,ppb
2026-08-18T18:30:00Z,1,50.02,57.86,37.8712003784591,12.148799621540903,lightgbm,absolute,fold_3,6h,ppb
2026-08-18T18:45:00Z,1,39.43,56.68,35.712906859685695,3.7170931403143044,lightgbm,absolute,fold_3,6h,ppb
2026-08-18T19:00:00Z,1,36.91,53.19,34.064479266131045,2.845520733868952,lightgbm,absolute,fold_3,6h,ppb
2026-08-18T19:15:00Z,1,35.09,53.94,34.90068202511894,0.18931797488106383,lightgbm,absolute,fold_3,6h,ppb
2026-08-18T19:30:00Z,1,37.5,51.3,34.86251414452278,2.637485855477223,lightgbm,absolute,fold_3,6h,ppb
2026-08-18T19:45:00Z,1,38.81,56.13,34.21334701920827,4.596652980791731,lightgbm,absolute,fold_3,6h,ppb
2026-08-18T20:00:00Z,1,47.16,58.02,36.158413538874726,11.001586461125271,lightgbm,absolute,fold_3,6h,ppb
2026-08-18T20:15:00Z,1,45.19,59.13,37.386309894888534,7.803690105111464,lightgbm,absolute,fold_3,6h,ppb
2026-08-18T20:30:00Z,1,36.38,64.47,39.22478322193616,-2.8447832219361544,lightgbm,absolute,fold_3,6h,ppb
2026-08-18T20:45:00Z,1,39.92,66.4,38.49793739899992,1.4220626010000785,lightgbm,absolute,fold_3,6h,ppb
2026-08-18T21:00:00Z,1,39.31,64.15,39.70885795730791,-0.39885795730791074,lightgbm,absolute,fold_3,6h,ppb
2026-08-18T21:15:00Z,1,36.1,64.78,40.975872397737064,-4.875872397737062,lightgbm,absolute,fold_3,6h,ppb
2026-08-18T21:30:00Z,1,37.44,64.88,42.52533184328794,-5.085331843287939,lightgbm,absolute,fold_3,6h,ppb
2026-08-18T21:45:00Z,1,38.27,65.11,43.024046937334205,-4.754046937334202,lightgbm,absolute,fold_3,6h,ppb
2026-08-18T22:00:00Z,1,38.98,66.62,51.47806630006637,-12.49806630006637,lightgbm,absolute,fold_3,6h,ppb
2026-08-18T22:15:00Z,1,38.21,62.61,51.40641467495795,-13.19641467495795,lightgbm,absolute,fold_3,6h,ppb
2026-08-18T22:30:00Z,1,43.3,62.07,51.263591004674495,-7.963591004674498,lightgbm,absolute,fold_3,6h,ppb
2026-08-18T22:45:00Z,1,34.96,54.47,52.802440041322036,-17.842440041322035,lightgbm,absolute,fold_3,6h,ppb
2026-08-18T23:00:00Z,1,51.52,42.34,56.332740040784174,-4.8127400407841705,lightgbm,absolute,fold_3,6h,ppb
2026-08-18T23:15:00Z,1,51.99,44.55,56.99893206913062,-5.008932069130616,lightgbm,absolute,fold_3,6h,ppb
2026-08-18T23:30:00Z,1,58.04,44.43,56.46138414039803,1.5786158596019675,lightgbm,absolute,fold_3,6h,ppb
2026-08-18T23:45:00Z,1,61.42,43.34,55.98604763712611,5.433952362873889,lightgbm,absolute,fold_3,6h,ppb
2026-08-19T00:00:00Z,1,66.83,35.37,73.26489618870927,-6.434896188709274,lightgbm,absolute,fold_3,6h,ppb
2026-08-19T00:15:00Z,1,70.47,45.7,75.66841358736144,-5.198413587361443,lightgbm,absolute,fold_3,6h,ppb
2026-08-19T00:30:00Z,1,72.11,50.02,73.35735695174091,-1.2473569517409118,lightgbm,absolute,fold_3,6h,ppb
2026-08-19T00:45:00Z,1,71.34,39.43,77.54860537611584,-6.208605376115841,lightgbm,absolute,fold_3,6h,ppb
2026-08-19T01:00:00Z,1,74.61,36.91,80.39855994927478,-5.788559949274784,lightgbm,absolute,fold_3,6h,ppb
2026-08-19T01:15:00Z,1,70.72,35.09,80.76203942187084,-10.04203942187084,lightgbm,absolute,fold_3,6h,ppb
2026-08-19T01:30:00Z,1,75.92,37.5,80.69330578883938,-4.77330578883938,lightgbm,absolute,fold_3,6h,ppb
2026-08-19T01:45:00Z,1,76.97,38.81,80.15021146597742,-3.180211465977422,lightgbm,absolute,fold_3,6h,ppb
2026-08-19T02:00:00Z,1,77.04,47.16,82.3191442900376,-5.279144290037593,lightgbm,absolute,fold_3,6h,ppb
2026-08-19T02:15:00Z,1,78.08,45.19,79.80933075948568,-1.729330759485677,lightgbm,absolute,fold_3,6h,ppb
2026-08-19T02:30:00Z,1,80.2,36.38,78.4488019565594,1.7511980434406098,lightgbm,absolute,fold_3,6h,ppb
2026-08-19T02:45:00Z,1,80.11,39.92,78.38793481148686,1.7220651885131417,lightgbm,absolute,fold_3,6h,ppb
2026-08-19T03:00:00Z,1,78.76,39.31,75.16316716182405,3.5968328381759562,lightgbm,absolute,fold_3,6h,ppb
2026-08-19T03:15:00Z,1,78.47,36.1,76.06045752556776,2.409542474432243,lightgbm,absolute,fold_3,6h,ppb
2026-08-19T03:30:00Z,1,72.2,37.44,74.97834446151936,-2.778344461519353,lightgbm,absolute,fold_3,6h,ppb
2026-08-19T03:45:00Z,1,68.15,38.27,75.42999368396458,-7.279993683964577,lightgbm,absolute,fold_3,6h,ppb
2026-08-19T04:00:00Z,1,66.55,38.98,70.180067999902,-3.6300679999019962,lightgbm,absolute,fold_3,6h,ppb
2026-08-19T04:15:00Z,1,61.59,38.21,69.00086282703028,-7.410862827030272,lightgbm,absolute,fold_3,6h,ppb
2026-08-19T04:30:00Z,1,60.61,43.3,67.66729182203024,-7.057291822030237,lightgbm,absolute,fold_3,6h,ppb
2026-08-19T04:45:00Z,1,62.48,34.96,63.78264841710522,-1.3026484171052246,lightgbm,absolute,fold_3,6h,ppb
2026-08-19T05:00:00Z,1,57.59,51.52,58.15956637877094,-0.5695663787709364,lightgbm,absolute,fold_3,6h,ppb
2026-08-19T05:15:00Z,1,55.9,51.99,56.32944155079337,-0.42944155079337065,lightgbm,absolute,fold_3,6h,ppb
2026-08-19T05:30:00Z,1,55.35,58.04,57.962930724991644,-2.6129307249916423,lightgbm,absolute,fold_3,6h,ppb
2026-08-19T05:45:00Z,1,56.43,61.42,58.963789825885065,-2.5337898258850657,lightgbm,absolute,fold_3,6h,ppb
2026-08-19T06:00:00Z,1,56.04,66.83,58.561401196137815,-2.521401196137816,lightgbm,absolute,fold_3,6h,ppb
2026-08-19T06:15:00Z,1,55.24,70.47,59.038689855573786,-3.798689855573784,lightgbm,absolute,fold_3,6h,ppb
2026-08-19T06:30:00Z,1,56.0,72.11,60.2869418253192,-4.286941825319197,lightgbm,absolute,fold_3,6h,ppb
2026-08-19T06:45:00Z,1,52.93,71.34,57.95686170518554,-5.026861705185539,lightgbm,absolute,fold_3,6h,ppb
2026-08-19T07:00:00Z,1,49.7,74.61,54.51635490886822,-4.81635490886822,lightgbm,absolute,fold_3,6h,ppb
2026-08-19T07:15:00Z,1,48.84,70.72,55.591134532133196,-6.751134532133193,lightgbm,absolute,fold_3,6h,ppb
2026-08-19T07:30:00Z,1,48.37,75.92,54.7739173616224,-6.403917361622405,lightgbm,absolute,fold_3,6h,ppb
2026-08-19T07:45:00Z,1,50.11,76.97,54.88894579111706,-4.77894579111706,lightgbm,absolute,fold_3,6h,ppb
2026-08-19T08:00:00Z,1,54.23,77.04,55.9799482974491,-1.7499482974491016,lightgbm,absolute,fold_3,6h,ppb
2026-08-19T08:15:00Z,1,50.71,78.08,54.56361404620438,-3.8536140462043775,lightgbm,absolute,fold_3,6h,ppb
2026-08-19T08:30:00Z,1,51.31,80.2,54.756255478129624,-3.446255478129622,lightgbm,absolute,fold_3,6h,ppb
2026-08-19T08:45:00Z,1,56.56,80.11,55.351851328600276,1.2081486713997265,lightgbm,absolute,fold_3,6h,ppb
2026-08-19T09:00:00Z,1,52.84,78.76,54.370519503839056,-1.5305195038390522,lightgbm,absolute,fold_3,6h,ppb
2026-08-19T09:15:00Z,1,48.59,78.47,50.82100663400341,-2.231006634003407,lightgbm,absolute,fold_3,6h,ppb
2026-08-19T09:30:00Z,1,45.5,72.2,49.16828521742188,-3.6682852174218823,lightgbm,absolute,fold_3,6h,ppb
2026-08-19T09:45:00Z,1,45.0,68.15,47.73821795231387,-2.7382179523138674,lightgbm,absolute,fold_3,6h,ppb
2026-08-19T10:15:00Z,1,46.24,61.59,45.70857258471421,0.5314274152857905,lightgbm,absolute,fold_3,6h,ppb
2026-08-19T10:30:00Z,1,50.5,60.61,45.19379419504514,5.306205804954857,lightgbm,absolute,fold_3,6h,ppb
2026-08-19T10:45:00Z,1,50.06,62.48,45.059850461222226,5.000149538777777,lightgbm,absolute,fold_3,6h,ppb
2026-08-19T11:00:00Z,1,51.71,57.59,46.29256471587786,5.417435284122142,lightgbm,absolute,fold_3,6h,ppb
2026-08-19T11:15:00Z,1,47.2,55.9,46.23094294662061,0.9690570533793945,lightgbm,absolute,fold_3,6h,ppb
2026-08-19T11:30:00Z,1,49.82,55.35,46.53751606310508,3.28248393689492,lightgbm,absolute,fold_3,6h,ppb
2026-08-19T11:45:00Z,1,48.3,56.43,46.11227740253093,2.187722597469069,lightgbm,absolute,fold_3,6h,ppb
2026-08-19T12:00:00Z,1,48.54,56.04,45.58537826996314,2.9546217300368625,lightgbm,absolute,fold_3,6h,ppb
2026-08-19T12:15:00Z,1,45.92,55.24,47.85940088731915,-1.9394008873191453,lightgbm,absolute,fold_3,6h,ppb
2026-08-19T12:30:00Z,1,47.87,56.0,50.622239291940396,-2.7522392919403984,lightgbm,absolute,fold_3,6h,ppb
2026-08-19T12:45:00Z,1,50.06,52.93,50.50897741869185,-0.4489774186918467,lightgbm,absolute,fold_3,6h,ppb
2026-08-19T13:00:00Z,1,46.31,49.7,53.63125557688131,-7.321255576881306,lightgbm,absolute,fold_3,6h,ppb
2026-08-19T13:15:00Z,1,44.9,48.84,54.63928289373939,-9.739282893739393,lightgbm,absolute,fold_3,6h,ppb
2026-08-19T13:30:00Z,1,36.86,48.37,57.64630378831088,-20.78630378831088,lightgbm,absolute,fold_3,6h,ppb
2026-08-19T13:45:00Z,1,44.22,50.11,56.166927515252326,-11.946927515252327,lightgbm,absolute,fold_3,6h,ppb
2026-08-19T14:00:00Z,1,43.04,54.23,57.57756416563216,-14.537564165632162,lightgbm,absolute,fold_3,6h,ppb
2026-08-19T14:15:00Z,1,47.06,50.71,59.30353887099019,-12.243538870990186,lightgbm,absolute,fold_3,6h,ppb
2026-08-19T14:30:00Z,1,41.08,51.31,58.13033870830178,-17.05033870830178,lightgbm,absolute,fold_3,6h,ppb
2026-08-19T14:45:00Z,1,42.21,56.56,58.05090791350075,-15.84090791350075,lightgbm,absolute,fold_3,6h,ppb
2026-08-19T15:00:00Z,1,49.78,52.84,58.526629141672785,-8.746629141672784,lightgbm,absolute,fold_3,6h,ppb
2026-08-19T15:15:00Z,1,49.97,48.59,57.76588774542525,-7.795887745425254,lightgbm,absolute,fold_3,6h,ppb
2026-08-19T15:30:00Z,1,49.43,45.5,57.2951297391508,-7.865129739150802,lightgbm,absolute,fold_3,6h,ppb
2026-08-19T15:45:00Z,1,48.33,45.0,54.75951028782294,-6.429510287822943,lightgbm,absolute,fold_3,6h,ppb
2026-08-19T16:15:00Z,1,43.43,46.24,47.168595397190415,-3.738595397190416,lightgbm,absolute,fold_3,6h,ppb
2026-08-19T16:30:00Z,1,34.33,50.5,46.36273261287101,-12.032732612871008,lightgbm,absolute,fold_3,6h,ppb
2026-08-19T16:45:00Z,1,31.49,50.06,46.1007048594076,-14.610704859407601,lightgbm,absolute,fold_3,6h,ppb
2026-08-19T17:00:00Z,1,30.18,51.71,45.31739103363778,-15.137391033637783,lightgbm,absolute,fold_3,6h,ppb
2026-08-19T17:15:00Z,1,30.76,47.2,44.89063010686376,-14.130630106863759,lightgbm,absolute,fold_3,6h,ppb
2026-08-19T17:30:00Z,1,30.18,49.82,44.467743275096,-14.287743275095998,lightgbm,absolute,fold_3,6h,ppb
2026-08-19T17:45:00Z,1,32.06,48.3,45.462692672012054,-13.402692672012051,lightgbm,absolute,fold_3,6h,ppb
2026-08-19T18:00:00Z,1,32.78,48.54,43.22977209350229,-10.44977209350229,lightgbm,absolute,fold_3,6h,ppb
2026-08-19T18:15:00Z,1,36.8,45.92,41.94662377326947,-5.146623773269475,lightgbm,absolute,fold_3,6h,ppb
2026-08-19T18:30:00Z,1,36.6,47.87,43.18169237362477,-6.581692373624769,lightgbm,absolute,fold_3,6h,ppb
2026-08-19T18:45:00Z,1,36.41,50.06,47.32791272455215,-10.917912724552153,lightgbm,absolute,fold_3,6h,ppb
2026-08-19T19:00:00Z,1,37.35,46.31,47.457977912625104,-10.107977912625103,lightgbm,absolute,fold_3,6h,ppb
2026-08-19T19:15:00Z,1,34.68,44.9,45.93497854827191,-11.254978548271907,lightgbm,absolute,fold_3,6h,ppb
2026-08-19T19:30:00Z,1,35.39,36.86,45.9237367095616,-10.533736709561602,lightgbm,absolute,fold_3,6h,ppb
2026-08-19T19:45:00Z,1,37.99,44.22,47.1296091780832,-9.139609178083198,lightgbm,absolute,fold_3,6h,ppb
2026-08-19T20:00:00Z,1,34.65,43.04,46.239185945844774,-11.589185945844775,lightgbm,absolute,fold_3,6h,ppb
2026-08-19T20:15:00Z,1,31.27,47.06,46.80322809938118,-15.53322809938118,lightgbm,absolute,fold_3,6h,ppb
2026-08-19T20:30:00Z,1,30.31,41.08,45.863087925405914,-15.553087925405915,lightgbm,absolute,fold_3,6h,ppb
2026-08-19T20:45:00Z,1,28.44,42.21,45.91514323218276,-17.475143232182756,lightgbm,absolute,fold_3,6h,ppb
2026-08-19T21:00:00Z,1,32.07,49.78,46.88086836661511,-14.81086836661511,lightgbm,absolute,fold_3,6h,ppb
2026-08-19T21:15:00Z,1,29.36,49.97,46.38817356655825,-17.02817356655825,lightgbm,absolute,fold_3,6h,ppb
2026-08-19T21:30:00Z,1,18.31,49.43,46.895668200052825,-28.585668200052826,lightgbm,absolute,fold_3,6h,ppb
2026-08-19T21:45:00Z,1,33.32,48.33,46.8551360667842,-13.535136066784197,lightgbm,absolute,fold_3,6h,ppb
2026-08-19T22:00:00Z,1,31.28,48.91,51.77145987082088,-20.491459870820876,lightgbm,absolute,fold_3,6h,ppb
2026-08-19T22:15:00Z,1,36.45,43.43,52.063532999989306,-15.613532999989303,lightgbm,absolute,fold_3,6h,ppb
2026-08-19T22:30:00Z,1,40.68,34.33,50.175972107688054,-9.495972107688054,lightgbm,absolute,fold_3,6h,ppb
2026-08-19T22:45:00Z,1,41.64,31.49,47.94795509749555,-6.307955097495551,lightgbm,absolute,fold_3,6h,ppb
2026-08-19T23:00:00Z,1,52.31,30.18,50.940184312629086,1.3698156873709166,lightgbm,absolute,fold_3,6h,ppb
2026-08-19T23:15:00Z,1,54.28,30.76,51.06947059267189,3.21052940732811,lightgbm,absolute,fold_3,6h,ppb
2026-08-19T23:30:00Z,1,62.87,30.18,52.84765939031423,10.02234060968577,lightgbm,absolute,fold_3,6h,ppb
2026-08-19T23:45:00Z,1,65.19,32.06,53.09635541357916,12.093644586420837,lightgbm,absolute,fold_3,6h,ppb
2026-08-16T00:00:00Z,1,47.07,55.7,72.25112601786762,-25.18112601786762,lightgbm,delta,fold_3,6h,ppb
2026-08-16T00:15:00Z,1,61.38,56.93,73.10375826888341,-11.723758268883408,lightgbm,delta,fold_3,6h,ppb
2026-08-16T00:30:00Z,1,57.16,62.43,76.53382720292197,-19.373827202921973,lightgbm,delta,fold_3,6h,ppb
2026-08-16T00:45:00Z,1,61.27,64.04,77.17640570749907,-15.906405707499069,lightgbm,delta,fold_3,6h,ppb
2026-08-16T01:00:00Z,1,67.67,57.13,77.22228876836202,-9.552288768362018,lightgbm,delta,fold_3,6h,ppb
2026-08-16T01:15:00Z,1,48.63,49.06,71.53015527066243,-22.90015527066243,lightgbm,delta,fold_3,6h,ppb
2026-08-16T01:30:00Z,1,60.25,45.1,74.2250757138857,-13.975075713885701,lightgbm,delta,fold_3,6h,ppb
2026-08-16T01:45:00Z,1,28.27,43.27,76.10753919160925,-47.83753919160925,lightgbm,delta,fold_3,6h,ppb
2026-08-16T02:00:00Z,1,41.84,41.52,77.36491396456691,-35.524913964566906,lightgbm,delta,fold_3,6h,ppb
2026-08-16T02:15:00Z,1,59.98,38.79,75.11712707891587,-15.137127078915874,lightgbm,delta,fold_3,6h,ppb
2026-08-16T02:30:00Z,1,61.3,31.45,70.16756161453227,-8.867561614532278,lightgbm,delta,fold_3,6h,ppb
2026-08-16T02:45:00Z,1,55.75,36.15,73.17801847323932,-17.42801847323932,lightgbm,delta,fold_3,6h,ppb
2026-08-16T03:00:00Z,1,23.87,36.31,72.18711326109381,-48.31711326109381,lightgbm,delta,fold_3,6h,ppb
2026-08-16T03:15:00Z,1,18.69,34.12,72.31236620297202,-53.62236620297202,lightgbm,delta,fold_3,6h,ppb
2026-08-16T03:30:00Z,1,8.86,28.27,65.54186129992124,-56.68186129992124,lightgbm,delta,fold_3,6h,ppb
2026-08-16T03:45:00Z,1,4.45,35.54,69.78243138719694,-65.33243138719693,lightgbm,delta,fold_3,6h,ppb
2026-08-16T04:00:00Z,1,7.66,39.04,71.84127815932851,-64.18127815932851,lightgbm,delta,fold_3,6h,ppb
2026-08-16T04:15:00Z,1,8.21,37.95,58.33954843851325,-50.12954843851325,lightgbm,delta,fold_3,6h,ppb
2026-08-16T04:30:00Z,1,11.97,38.09,56.824471834391325,-44.854471834391326,lightgbm,delta,fold_3,6h,ppb
2026-08-16T04:45:00Z,1,18.89,37.46,55.97943471295427,-37.08943471295427,lightgbm,delta,fold_3,6h,ppb
2026-08-16T05:00:00Z,1,36.48,59.29,57.68477781196462,-21.204777811964625,lightgbm,delta,fold_3,6h,ppb
2026-08-16T05:15:00Z,1,34.67,69.16,61.75720008240982,-27.087200082409815,lightgbm,delta,fold_3,6h,ppb
2026-08-16T05:30:00Z,1,18.72,65.11,58.95706580544351,-40.237065805443514,lightgbm,delta,fold_3,6h,ppb
2026-08-16T05:45:00Z,1,17.67,65.11,57.59104314237538,-39.92104314237538,lightgbm,delta,fold_3,6h,ppb
2026-08-16T06:00:00Z,1,11.8,47.07,56.25582161165523,-44.455821611655225,lightgbm,delta,fold_3,6h,ppb
2026-08-16T06:15:00Z,1,8.55,61.38,60.645015237105646,-52.09501523710564,lightgbm,delta,fold_3,6h,ppb
2026-08-16T06:30:00Z,1,26.43,57.16,60.14231643357479,-33.71231643357479,lightgbm,delta,fold_3,6h,ppb
2026-08-16T06:45:00Z,1,17.22,61.27,59.45263237264883,-42.23263237264883,lightgbm,delta,fold_3,6h,ppb
2026-08-16T07:00:00Z,1,17.48,67.67,53.52975664172611,-36.049756641726105,lightgbm,delta,fold_3,6h,ppb
2026-08-16T07:15:00Z,1,20.63,48.63,54.24317070254006,-33.61317070254006,lightgbm,delta,fold_3,6h,ppb
2026-08-16T07:30:00Z,1,7.98,60.25,51.97725287922622,-43.997252879226224,lightgbm,delta,fold_3,6h,ppb
2026-08-16T07:45:00Z,1,21.15,28.27,39.8563860778567,-18.7063860778567,lightgbm,delta,fold_3,6h,ppb
2026-08-16T08:00:00Z,1,17.21,41.84,51.94546169541173,-34.73546169541173,lightgbm,delta,fold_3,6h,ppb
2026-08-16T08:15:00Z,1,12.86,59.98,51.63037362894195,-38.770373628941954,lightgbm,delta,fold_3,6h,ppb
2026-08-16T08:30:00Z,1,4.93,61.3,56.13343046295261,-51.20343046295261,lightgbm,delta,fold_3,6h,ppb
2026-08-16T08:45:00Z,1,21.25,55.75,49.209482221204716,-27.959482221204716,lightgbm,delta,fold_3,6h,ppb
2026-08-16T09:00:00Z,1,0.96,23.87,34.19731489792986,-33.237314897929856,lightgbm,delta,fold_3,6h,ppb
2026-08-16T09:15:00Z,1,4.39,18.69,31.349399546918526,-26.959399546918526,lightgbm,delta,fold_3,6h,ppb
2026-08-16T09:30:00Z,1,11.5,8.86,19.724271785074897,-8.224271785074897,lightgbm,delta,fold_3,6h,ppb
2026-08-16T09:45:00Z,1,15.62,4.45,16.146891751305624,-0.5268917513056248,lightgbm,delta,fold_3,6h,ppb
2026-08-16T10:00:00Z,1,0.52,7.66,17.438535600503364,-16.918535600503365,lightgbm,delta,fold_3,6h,ppb
2026-08-16T11:00:00Z,1,14.32,36.48,38.567376776307015,-24.247376776307014,lightgbm,delta,fold_3,6h,ppb
2026-08-16T11:15:00Z,1,28.38,34.67,39.94424065838583,-11.564240658385831,lightgbm,delta,fold_3,6h,ppb
2026-08-16T11:30:00Z,1,39.09,18.72,28.370544620927653,10.71945537907235,lightgbm,delta,fold_3,6h,ppb
2026-08-16T11:45:00Z,1,46.57,17.67,25.456425066945926,21.113574933054075,lightgbm,delta,fold_3,6h,ppb
2026-08-16T12:00:00Z,1,50.93,11.8,21.372876275926647,29.557123724073353,lightgbm,delta,fold_3,6h,ppb
2026-08-16T12:15:00Z,1,51.46,8.55,17.389855604612016,34.070144395387985,lightgbm,delta,fold_3,6h,ppb
2026-08-16T12:30:00Z,1,54.12,26.43,31.094130413910293,23.025869586089705,lightgbm,delta,fold_3,6h,ppb
2026-08-16T12:45:00Z,1,57.15,17.22,24.30875258438693,32.84124741561307,lightgbm,delta,fold_3,6h,ppb
2026-08-16T13:00:00Z,1,58.37,17.48,22.46006762987271,35.90993237012729,lightgbm,delta,fold_3,6h,ppb
2026-08-16T13:15:00Z,1,56.36,20.63,24.35742268574266,32.00257731425734,lightgbm,delta,fold_3,6h,ppb
2026-08-16T13:30:00Z,1,57.84,7.98,15.575752371049528,42.26424762895047,lightgbm,delta,fold_3,6h,ppb
2026-08-16T13:45:00Z,1,58.56,21.15,26.494334052911526,32.065665947088476,lightgbm,delta,fold_3,6h,ppb
2026-08-16T14:00:00Z,1,60.03,17.21,27.591244383443204,32.4387556165568,lightgbm,delta,fold_3,6h,ppb
2026-08-16T14:15:00Z,1,58.29,12.86,24.78196838921201,33.50803161078799,lightgbm,delta,fold_3,6h,ppb
2026-08-16T14:30:00Z,1,56.39,4.93,14.860462662456465,41.52953733754354,lightgbm,delta,fold_3,6h,ppb
2026-08-16T14:45:00Z,1,56.04,21.25,28.222282627924635,27.817717372075364,lightgbm,delta,fold_3,6h,ppb
2026-08-16T15:00:00Z,1,57.18,0.96,10.339258486610689,46.84074151338931,lightgbm,delta,fold_3,6h,ppb
2026-08-16T15:15:00Z,1,57.72,4.39,11.64900570962902,46.070994290370976,lightgbm,delta,fold_3,6h,ppb
2026-08-16T15:30:00Z,1,64.02,11.5,17.10371869660109,46.916281303398904,lightgbm,delta,fold_3,6h,ppb
2026-08-16T15:45:00Z,1,62.19,15.62,22.999231705553534,39.190768294446464,lightgbm,delta,fold_3,6h,ppb
2026-08-16T16:00:00Z,1,63.58,0.52,7.534212734510531,56.045787265489466,lightgbm,delta,fold_3,6h,ppb
2026-08-16T17:00:00Z,1,51.31,14.32,12.227036628448618,39.082963371551386,lightgbm,delta,fold_3,6h,ppb
2026-08-16T17:15:00Z,1,51.92,28.38,27.803590546117594,24.116409453882408,lightgbm,delta,fold_3,6h,ppb
2026-08-16T17:30:00Z,1,52.8,39.09,35.91950826452542,16.88049173547458,lightgbm,delta,fold_3,6h,ppb
2026-08-16T17:45:00Z,1,52.26,46.57,40.167446868667426,12.092553131332572,lightgbm,delta,fold_3,6h,ppb
2026-08-16T18:00:00Z,1,52.54,50.93,34.88099645154872,17.65900354845128,lightgbm,delta,fold_3,6h,ppb
2026-08-16T18:15:00Z,1,54.8,51.46,34.96441276543261,19.835587234567384,lightgbm,delta,fold_3,6h,ppb
2026-08-16T18:30:00Z,1,47.92,54.12,37.70603464470044,10.213965355299564,lightgbm,delta,fold_3,6h,ppb
2026-08-16T18:45:00Z,1,40.51,57.15,39.28909973067326,1.2209002693267408,lightgbm,delta,fold_3,6h,ppb
2026-08-16T19:00:00Z,1,44.15,58.37,34.85965133596895,9.29034866403105,lightgbm,delta,fold_3,6h,ppb
2026-08-16T19:15:00Z,1,45.94,56.36,36.81688089152239,9.12311910847761,lightgbm,delta,fold_3,6h,ppb
2026-08-16T19:30:00Z,1,37.63,57.84,37.48760282468564,0.1423971753143647,lightgbm,delta,fold_3,6h,ppb
2026-08-16T19:45:00Z,1,32.08,58.56,38.848965500975496,-6.768965500975497,lightgbm,delta,fold_3,6h,ppb
2026-08-16T20:00:00Z,1,31.72,60.03,37.7659381836518,-6.045938183651799,lightgbm,delta,fold_3,6h,ppb
2026-08-16T20:15:00Z,1,30.25,58.29,39.81913050447097,-9.56913050447097,lightgbm,delta,fold_3,6h,ppb
2026-08-16T20:30:00Z,1,34.36,56.39,40.54395568759634,-6.183955687596338,lightgbm,delta,fold_3,6h,ppb
2026-08-16T20:45:00Z,1,29.57,56.04,40.709395527251445,-11.139395527251445,lightgbm,delta,fold_3,6h,ppb
2026-08-16T21:00:00Z,1,32.47,57.18,42.14361015084023,-9.673610150840233,lightgbm,delta,fold_3,6h,ppb
2026-08-16T21:15:00Z,1,33.9,57.72,44.78481865502541,-10.884818655025413,lightgbm,delta,fold_3,6h,ppb
2026-08-16T21:30:00Z,1,33.31,64.02,45.852795999248535,-12.542795999248533,lightgbm,delta,fold_3,6h,ppb
2026-08-16T21:45:00Z,1,33.6,62.19,48.87418439594905,-15.27418439594905,lightgbm,delta,fold_3,6h,ppb
2026-08-16T22:00:00Z,1,31.61,63.58,57.07819759184281,-25.46819759184281,lightgbm,delta,fold_3,6h,ppb
2026-08-16T22:15:00Z,1,39.44,59.94,50.982659520399594,-11.542659520399596,lightgbm,delta,fold_3,6h,ppb
2026-08-16T22:30:00Z,1,39.4,44.58,49.44089091485634,-10.040890914856341,lightgbm,delta,fold_3,6h,ppb
2026-08-16T22:45:00Z,1,38.16,43.54,47.07271220746653,-8.912712207466534,lightgbm,delta,fold_3,6h,ppb
2026-08-16T23:00:00Z,1,40.17,51.31,51.66495920329023,-11.494959203290229,lightgbm,delta,fold_3,6h,ppb
2026-08-16T23:15:00Z,1,45.46,51.92,52.57706487879831,-7.11706487879831,lightgbm,delta,fold_3,6h,ppb
2026-08-16T23:30:00Z,1,59.46,52.8,51.64340500379075,7.816594996209254,lightgbm,delta,fold_3,6h,ppb
2026-08-16T23:45:00Z,1,60.75,52.26,51.984870310297644,8.765129689702356,lightgbm,delta,fold_3,6h,ppb
2026-08-17T00:00:00Z,1,58.1,52.54,65.38309380220171,-7.283093802201712,lightgbm,delta,fold_3,6h,ppb
2026-08-17T00:15:00Z,1,66.47,54.8,67.06226371138561,-0.5922637113856126,lightgbm,delta,fold_3,6h,ppb
2026-08-17T00:30:00Z,1,62.6,47.92,68.4915399210011,-5.891539921001105,lightgbm,delta,fold_3,6h,ppb
2026-08-17T00:45:00Z,1,67.1,40.51,70.68297479312908,-3.5829747931290825,lightgbm,delta,fold_3,6h,ppb
2026-08-17T01:00:00Z,1,68.85,44.15,70.40934391116787,-1.559343911167872,lightgbm,delta,fold_3,6h,ppb
2026-08-17T01:15:00Z,1,74.06,45.94,71.01006515312709,3.0499348468729153,lightgbm,delta,fold_3,6h,ppb
2026-08-17T01:30:00Z,1,72.18,37.63,72.4692872250825,-0.2892872250824894,lightgbm,delta,fold_3,6h,ppb
2026-08-17T01:45:00Z,1,72.53,32.08,70.3310452607733,2.198954739226707,lightgbm,delta,fold_3,6h,ppb
2026-08-17T02:00:00Z,1,68.54,31.72,69.90856364986891,-1.3685636498689036,lightgbm,delta,fold_3,6h,ppb
2026-08-17T02:15:00Z,1,67.83,30.25,69.8499609539281,-2.0199609539281056,lightgbm,delta,fold_3,6h,ppb
2026-08-17T02:30:00Z,1,70.38,34.36,74.57849920170713,-4.198499201707136,lightgbm,delta,fold_3,6h,ppb
2026-08-17T02:45:00Z,1,67.48,29.57,73.488688394945,-6.008688394944997,lightgbm,delta,fold_3,6h,ppb
2026-08-17T03:00:00Z,1,65.85,32.47,75.38589293669301,-9.535892936693017,lightgbm,delta,fold_3,6h,ppb
2026-08-17T03:15:00Z,1,60.87,33.9,77.51920128235172,-16.64920128235172,lightgbm,delta,fold_3,6h,ppb
2026-08-17T03:30:00Z,1,62.57,33.31,74.98556584438492,-12.415565844384922,lightgbm,delta,fold_3,6h,ppb
2026-08-17T03:45:00Z,1,60.92,33.6,74.81495142973665,-13.89495142973665,lightgbm,delta,fold_3,6h,ppb
2026-08-17T04:00:00Z,1,63.41,31.61,69.4839724609665,-6.073972460966502,lightgbm,delta,fold_3,6h,ppb
2026-08-17T04:15:00Z,1,56.51,39.44,72.47677758642419,-15.966777586424193,lightgbm,delta,fold_3,6h,ppb
2026-08-17T04:30:00Z,1,54.75,39.4,57.35912975466322,-2.609129754663222,lightgbm,delta,fold_3,6h,ppb
2026-08-17T04:45:00Z,1,56.22,38.16,56.560065083724425,-0.3400650837244257,lightgbm,delta,fold_3,6h,ppb
2026-08-17T05:00:00Z,1,55.77,40.17,47.34603347795108,8.423966522048921,lightgbm,delta,fold_3,6h,ppb
2026-08-17T05:15:00Z,1,51.6,45.46,52.02684868767071,-0.42684868767070583,lightgbm,delta,fold_3,6h,ppb
2026-08-17T05:30:00Z,1,48.56,59.46,59.29874460061561,-10.738744600615611,lightgbm,delta,fold_3,6h,ppb
2026-08-17T05:45:00Z,1,52.35,60.75,60.325528375045,-7.975528375045002,lightgbm,delta,fold_3,6h,ppb
2026-08-17T06:00:00Z,1,49.02,58.1,58.61486537513747,-9.594865375137466,lightgbm,delta,fold_3,6h,ppb
2026-08-17T06:15:00Z,1,50.85,66.47,57.41953642019807,-6.5695364201980695,lightgbm,delta,fold_3,6h,ppb
2026-08-17T06:30:00Z,1,54.93,62.6,56.630845975791004,-1.7008459757910046,lightgbm,delta,fold_3,6h,ppb
2026-08-17T06:45:00Z,1,53.95,67.1,57.26449507462767,-3.314495074627665,lightgbm,delta,fold_3,6h,ppb
2026-08-17T07:00:00Z,1,55.04,68.85,57.59314488801731,-2.5531448880173073,lightgbm,delta,fold_3,6h,ppb
2026-08-17T07:15:00Z,1,56.82,74.06,51.77983117313103,5.040168826868971,lightgbm,delta,fold_3,6h,ppb
2026-08-17T07:30:00Z,1,58.42,72.18,49.896303879598555,8.523696120401446,lightgbm,delta,fold_3,6h,ppb
2026-08-17T07:45:00Z,1,60.23,72.53,50.59513943993481,9.634860560065185,lightgbm,delta,fold_3,6h,ppb
2026-08-17T08:00:00Z,1,59.57,68.54,49.46653923147937,10.103460768520627,lightgbm,delta,fold_3,6h,ppb
2026-08-17T08:15:00Z,1,57.78,67.83,57.03792521575328,0.7420747842467179,lightgbm,delta,fold_3,6h,ppb
2026-08-17T08:30:00Z,1,56.05,70.38,57.18227560506661,-1.13227560506661,lightgbm,delta,fold_3,6h,ppb
2026-08-17T08:45:00Z,1,63.33,67.48,56.29039962930261,7.039600370697386,lightgbm,delta,fold_3,6h,ppb
2026-08-17T09:00:00Z,1,59.6,65.85,53.99611183668095,5.6038881633190485,lightgbm,delta,fold_3,6h,ppb
2026-08-17T09:15:00Z,1,61.07,60.87,52.9139168479678,8.156083152032203,lightgbm,delta,fold_3,6h,ppb
2026-08-17T09:30:00Z,1,58.75,62.57,52.770532079408994,5.979467920591006,lightgbm,delta,fold_3,6h,ppb
2026-08-17T09:45:00Z,1,50.93,60.92,50.838436899502824,0.09156310049717575,lightgbm,delta,fold_3,6h,ppb
2026-08-17T10:00:00Z,1,57.08,63.41,49.25274746401048,7.8272525359895155,lightgbm,delta,fold_3,6h,ppb
2026-08-17T10:15:00Z,1,53.49,56.51,49.04483155454013,4.4451684454598706,lightgbm,delta,fold_3,6h,ppb
2026-08-17T10:30:00Z,1,51.64,54.75,48.148572896202644,3.4914271037973563,lightgbm,delta,fold_3,6h,ppb
2026-08-17T10:45:00Z,1,53.74,56.22,51.87350375511436,1.8664962448856386,lightgbm,delta,fold_3,6h,ppb
2026-08-17T11:00:00Z,1,50.62,55.77,51.90725586122802,-1.2872558612280258,lightgbm,delta,fold_3,6h,ppb
2026-08-17T11:15:00Z,1,49.94,51.6,51.37203727770079,-1.4320372777007933,lightgbm,delta,fold_3,6h,ppb
2026-08-17T11:30:00Z,1,51.32,48.56,58.88335598554884,-7.563355985548839,lightgbm,delta,fold_3,6h,ppb
2026-08-17T11:45:00Z,1,52.08,52.35,51.83565365791712,0.24434634208287775,lightgbm,delta,fold_3,6h,ppb
2026-08-17T12:00:00Z,1,51.75,49.02,60.67225168362302,-8.922251683623017,lightgbm,delta,fold_3,6h,ppb
2026-08-17T12:15:00Z,1,54.27,50.85,56.35644684165518,-2.0864468416551745,lightgbm,delta,fold_3,6h,ppb
2026-08-17T12:30:00Z,1,51.23,54.93,54.76913320902931,-3.539133209029316,lightgbm,delta,fold_3,6h,ppb
2026-08-17T12:45:00Z,1,53.26,53.95,55.53246211236981,-2.2724621123698086,lightgbm,delta,fold_3,6h,ppb
2026-08-17T13:00:00Z,1,49.34,55.04,56.899133903190425,-7.559133903190421,lightgbm,delta,fold_3,6h,ppb
2026-08-17T13:15:00Z,1,40.68,56.82,58.20431447941282,-17.524314479412823,lightgbm,delta,fold_3,6h,ppb
2026-08-17T13:30:00Z,1,47.79,58.42,56.3880281778061,-8.5980281778061,lightgbm,delta,fold_3,6h,ppb
2026-08-17T13:45:00Z,1,46.47,60.23,55.989847720002096,-9.519847720002097,lightgbm,delta,fold_3,6h,ppb
2026-08-17T14:00:00Z,1,48.72,59.57,56.616945866221435,-7.8969458662214365,lightgbm,delta,fold_3,6h,ppb
2026-08-17T14:15:00Z,1,51.92,57.78,56.998690999114736,-5.078690999114734,lightgbm,delta,fold_3,6h,ppb
2026-08-17T14:30:00Z,1,59.56,56.05,55.67027068871299,3.889729311287013,lightgbm,delta,fold_3,6h,ppb
2026-08-17T14:45:00Z,1,52.54,63.33,54.00072345726751,-1.4607234572675125,lightgbm,delta,fold_3,6h,ppb
2026-08-17T15:00:00Z,1,58.33,59.6,52.70688858202296,5.623111417977036,lightgbm,delta,fold_3,6h,ppb
2026-08-17T15:15:00Z,1,47.32,61.07,53.720873487627806,-6.4008734876278055,lightgbm,delta,fold_3,6h,ppb
2026-08-17T15:30:00Z,1,39.53,58.75,56.33787123549256,-16.807871235492556,lightgbm,delta,fold_3,6h,ppb
2026-08-17T15:45:00Z,1,40.26,50.93,56.35310762489033,-16.09310762489033,lightgbm,delta,fold_3,6h,ppb
2026-08-17T16:00:00Z,1,40.5,57.08,54.45669738939289,-13.956697389392893,lightgbm,delta,fold_3,6h,ppb
2026-08-17T16:15:00Z,1,38.44,53.49,54.21695979501696,-15.776959795016964,lightgbm,delta,fold_3,6h,ppb
2026-08-17T16:30:00Z,1,30.5,51.64,52.72656392298879,-22.226563922988788,lightgbm,delta,fold_3,6h,ppb
2026-08-17T16:45:00Z,1,39.56,53.74,51.23742673867952,-11.677426738679515,lightgbm,delta,fold_3,6h,ppb
2026-08-17T17:00:00Z,1,46.41,50.62,50.767726155018906,-4.357726155018909,lightgbm,delta,fold_3,6h,ppb
2026-08-17T17:15:00Z,1,44.85,49.94,49.85743864071735,-5.007438640717346,lightgbm,delta,fold_3,6h,ppb
2026-08-17T17:30:00Z,1,47.57,51.32,50.24810492664047,-2.678104926640472,lightgbm,delta,fold_3,6h,ppb
2026-08-17T17:45:00Z,1,43.26,52.08,49.60451853647538,-6.344518536475384,lightgbm,delta,fold_3,6h,ppb
2026-08-17T18:00:00Z,1,35.82,51.75,46.297312689121696,-10.477312689121696,lightgbm,delta,fold_3,6h,ppb
2026-08-17T18:15:00Z,1,44.24,54.27,49.22560412569184,-4.985604125691836,lightgbm,delta,fold_3,6h,ppb
2026-08-17T18:30:00Z,1,48.06,51.23,45.224626476078164,2.835373523921838,lightgbm,delta,fold_3,6h,ppb
2026-08-17T18:45:00Z,1,45.72,53.26,50.63232315917517,-4.912323159175173,lightgbm,delta,fold_3,6h,ppb
2026-08-17T19:00:00Z,1,43.33,49.34,50.04245893338372,-6.712458933383722,lightgbm,delta,fold_3,6h,ppb
2026-08-17T19:15:00Z,1,44.85,40.68,47.043305128624155,-2.1933051286241536,lightgbm,delta,fold_3,6h,ppb
2026-08-17T19:30:00Z,1,46.76,47.79,40.02909685080931,6.730903149190688,lightgbm,delta,fold_3,6h,ppb
2026-08-17T19:45:00Z,1,48.85,46.47,41.20510128920252,7.644898710797484,lightgbm,delta,fold_3,6h,ppb
2026-08-17T20:00:00Z,1,44.3,48.72,40.09076027174193,4.209239728258069,lightgbm,delta,fold_3,6h,ppb
2026-08-17T20:15:00Z,1,45.94,51.92,42.23680969425389,3.703190305746105,lightgbm,delta,fold_3,6h,ppb
2026-08-17T20:30:00Z,1,46.02,59.56,45.63716100471743,0.3828389952825759,lightgbm,delta,fold_3,6h,ppb
2026-08-17T20:45:00Z,1,47.94,52.54,42.68308942460745,5.256910575392546,lightgbm,delta,fold_3,6h,ppb
2026-08-17T21:00:00Z,1,46.43,58.33,45.9070826814262,0.5229173185737963,lightgbm,delta,fold_3,6h,ppb
2026-08-17T21:15:00Z,1,47.12,47.32,43.01972571448656,4.100274285513436,lightgbm,delta,fold_3,6h,ppb
2026-08-17T21:30:00Z,1,46.55,39.53,38.58095984542965,7.969040154570344,lightgbm,delta,fold_3,6h,ppb
2026-08-17T21:45:00Z,1,45.15,40.26,38.96183299579993,6.188167004200068,lightgbm,delta,fold_3,6h,ppb
2026-08-17T22:00:00Z,1,44.08,40.5,47.49439348880601,-3.414393488806013,lightgbm,delta,fold_3,6h,ppb
2026-08-17T22:15:00Z,1,39.74,38.44,50.76832750209103,-11.028327502091031,lightgbm,delta,fold_3,6h,ppb
2026-08-17T22:30:00Z,1,39.79,30.5,46.38969512266121,-6.59969512266121,lightgbm,delta,fold_3,6h,ppb
2026-08-17T22:45:00Z,1,51.59,39.56,53.18768183356622,-1.597681833566213,lightgbm,delta,fold_3,6h,ppb
2026-08-17T23:00:00Z,1,55.56,46.41,57.097181134798355,-1.5371811347983524,lightgbm,delta,fold_3,6h,ppb
2026-08-17T23:15:00Z,1,64.97,44.85,58.27272593510694,6.697274064893058,lightgbm,delta,fold_3,6h,ppb
2026-08-17T23:30:00Z,1,61.08,47.57,54.10661398241692,6.973386017583081,lightgbm,delta,fold_3,6h,ppb
2026-08-17T23:45:00Z,1,59.17,43.26,58.1516905970012,1.0183094029988027,lightgbm,delta,fold_3,6h,ppb
2026-08-18T00:00:00Z,1,68.61,35.82,70.92588407768338,-2.3158840776833785,lightgbm,delta,fold_3,6h,ppb
2026-08-18T00:15:00Z,1,71.53,44.24,74.6446357688271,-3.1146357688270996,lightgbm,delta,fold_3,6h,ppb
2026-08-18T00:30:00Z,1,69.74,48.06,70.8915469024579,-1.151546902457909,lightgbm,delta,fold_3,6h,ppb
2026-08-18T00:45:00Z,1,70.35,45.72,75.27367044654632,-4.923670446546325,lightgbm,delta,fold_3,6h,ppb
2026-08-18T01:00:00Z,1,69.55,43.33,79.93584890731934,-10.385848907319343,lightgbm,delta,fold_3,6h,ppb
2026-08-18T01:15:00Z,1,72.52,44.85,77.37967822079338,-4.859678220793384,lightgbm,delta,fold_3,6h,ppb
2026-08-18T01:30:00Z,1,80.75,46.76,74.8193360257782,5.930663974221801,lightgbm,delta,fold_3,6h,ppb
2026-08-18T01:45:00Z,1,70.84,48.85,71.3471310908076,-0.5071310908075901,lightgbm,delta,fold_3,6h,ppb
2026-08-18T02:00:00Z,1,75.18,44.3,73.19400308599985,1.9859969140001539,lightgbm,delta,fold_3,6h,ppb
2026-08-18T02:15:00Z,1,79.4,45.94,73.42188218016261,5.978117819837394,lightgbm,delta,fold_3,6h,ppb
2026-08-18T02:30:00Z,1,74.38,46.02,73.55274209776624,0.8272579022337538,lightgbm,delta,fold_3,6h,ppb
2026-08-18T02:45:00Z,1,77.97,47.94,69.60393206075591,8.36606793924409,lightgbm,delta,fold_3,6h,ppb
2026-08-18T03:00:00Z,1,80.06,46.43,71.20474318232738,8.855256817672625,lightgbm,delta,fold_3,6h,ppb
2026-08-18T03:15:00Z,1,82.23,47.12,68.06646181685204,14.163538183147963,lightgbm,delta,fold_3,6h,ppb
2026-08-18T03:30:00Z,1,78.6,46.55,69.70285002568664,8.89714997431335,lightgbm,delta,fold_3,6h,ppb
2026-08-18T03:45:00Z,1,72.26,45.15,69.01515733762236,3.24484266237765,lightgbm,delta,fold_3,6h,ppb
2026-08-18T04:00:00Z,1,69.66,44.08,64.5747917030803,5.085208296919703,lightgbm,delta,fold_3,6h,ppb
2026-08-18T04:15:00Z,1,65.31,39.74,68.64696122572241,-3.336961225722405,lightgbm,delta,fold_3,6h,ppb
2026-08-18T04:30:00Z,1,71.0,39.79,67.79705660830278,3.202943391697218,lightgbm,delta,fold_3,6h,ppb
2026-08-18T04:45:00Z,1,70.31,51.59,60.882491330890346,9.427508669109656,lightgbm,delta,fold_3,6h,ppb
2026-08-18T05:00:00Z,1,68.27,55.56,53.096889908018994,15.173110091981002,lightgbm,delta,fold_3,6h,ppb
2026-08-18T05:15:00Z,1,65.5,64.97,58.75817849191591,6.741821508084087,lightgbm,delta,fold_3,6h,ppb
2026-08-18T05:30:00Z,1,69.62,61.08,56.486466566739594,13.13353343326041,lightgbm,delta,fold_3,6h,ppb
2026-08-18T05:45:00Z,1,63.77,59.17,56.08048264577155,7.68951735422845,lightgbm,delta,fold_3,6h,ppb
2026-08-18T06:00:00Z,1,66.61,68.61,61.78024426413745,4.829755735862548,lightgbm,delta,fold_3,6h,ppb
2026-08-18T06:15:00Z,1,67.7,71.53,63.99758969691038,3.7024103030896214,lightgbm,delta,fold_3,6h,ppb
2026-08-18T06:30:00Z,1,66.0,69.74,61.648439898480774,4.351560101519226,lightgbm,delta,fold_3,6h,ppb
2026-08-18T06:45:00Z,1,67.14,70.35,60.860750787272835,6.279249212727166,lightgbm,delta,fold_3,6h,ppb
2026-08-18T07:00:00Z,1,67.39,69.55,58.69058313304484,8.699416866955161,lightgbm,delta,fold_3,6h,ppb
2026-08-18T07:15:00Z,1,65.3,72.52,56.400510395495445,8.899489604504552,lightgbm,delta,fold_3,6h,ppb
2026-08-18T07:30:00Z,1,67.31,80.75,56.70359421388229,10.606405786117712,lightgbm,delta,fold_3,6h,ppb
2026-08-18T07:45:00Z,1,64.29,70.84,54.26945056991276,10.020549430087243,lightgbm,delta,fold_3,6h,ppb
2026-08-18T08:00:00Z,1,62.36,75.18,53.068648605472774,9.291351394527226,lightgbm,delta,fold_3,6h,ppb
2026-08-18T08:15:00Z,1,61.89,79.4,54.537823490446115,7.352176509553885,lightgbm,delta,fold_3,6h,ppb
2026-08-18T08:30:00Z,1,64.11,74.38,56.58135307080328,7.528646929196718,lightgbm,delta,fold_3,6h,ppb
2026-08-18T08:45:00Z,1,69.18,77.97,57.80382544059099,11.376174559409016,lightgbm,delta,fold_3,6h,ppb
2026-08-18T09:00:00Z,1,61.67,80.06,57.30367134027679,4.366328659723209,lightgbm,delta,fold_3,6h,ppb
2026-08-18T09:15:00Z,1,61.3,82.23,58.568373450030975,2.7316265499690218,lightgbm,delta,fold_3,6h,ppb
2026-08-18T09:30:00Z,1,59.61,78.6,54.48998487359833,5.120015126401668,lightgbm,delta,fold_3,6h,ppb
2026-08-18T09:45:00Z,1,53.82,72.26,54.76567893084964,-0.9456789308496383,lightgbm,delta,fold_3,6h,ppb
2026-08-18T10:00:00Z,1,51.38,69.66,51.00035433456883,0.37964566543116973,lightgbm,delta,fold_3,6h,ppb
2026-08-18T10:15:00Z,1,50.06,65.31,48.736359186291516,1.3236408137084865,lightgbm,delta,fold_3,6h,ppb
2026-08-18T10:30:00Z,1,52.68,71.0,50.7560511255255,1.9239488744744975,lightgbm,delta,fold_3,6h,ppb
2026-08-18T10:45:00Z,1,50.89,70.31,52.11521236174649,-1.225212361746486,lightgbm,delta,fold_3,6h,ppb
2026-08-18T11:00:00Z,1,53.68,68.27,51.77432164974419,1.905678350255812,lightgbm,delta,fold_3,6h,ppb
2026-08-18T11:15:00Z,1,51.95,65.5,49.23140123567094,2.718598764329066,lightgbm,delta,fold_3,6h,ppb
2026-08-18T11:30:00Z,1,56.49,69.62,51.92475633816086,4.5652436618391405,lightgbm,delta,fold_3,6h,ppb
2026-08-18T11:45:00Z,1,56.46,63.77,50.98812809624918,5.471871903750824,lightgbm,delta,fold_3,6h,ppb
2026-08-18T12:00:00Z,1,45.17,66.61,50.15110859124133,-4.98110859124133,lightgbm,delta,fold_3,6h,ppb
2026-08-18T12:15:00Z,1,53.78,67.7,52.777952830078064,1.002047169921937,lightgbm,delta,fold_3,6h,ppb
2026-08-18T12:30:00Z,1,57.86,66.0,56.256493332466675,1.603506667533324,lightgbm,delta,fold_3,6h,ppb
2026-08-18T12:45:00Z,1,56.68,67.14,54.381125854539974,2.298874145460026,lightgbm,delta,fold_3,6h,ppb
2026-08-18T13:00:00Z,1,53.19,67.39,54.79316019089917,-1.6031601908991746,lightgbm,delta,fold_3,6h,ppb
2026-08-18T13:15:00Z,1,53.94,65.3,56.49935371104985,-2.5593537110498517,lightgbm,delta,fold_3,6h,ppb
2026-08-18T13:30:00Z,1,51.3,67.31,56.30773501640837,-5.007735016408375,lightgbm,delta,fold_3,6h,ppb
2026-08-18T13:45:00Z,1,56.13,64.29,57.8466339678223,-1.7166339678222968,lightgbm,delta,fold_3,6h,ppb
2026-08-18T14:00:00Z,1,58.02,62.36,56.59359870833466,1.4264012916653428,lightgbm,delta,fold_3,6h,ppb
2026-08-18T14:15:00Z,1,59.13,61.89,55.57433863294611,3.5556613670538937,lightgbm,delta,fold_3,6h,ppb
2026-08-18T14:30:00Z,1,64.47,64.11,55.5847675199106,8.8852324800894,lightgbm,delta,fold_3,6h,ppb
2026-08-18T14:45:00Z,1,66.4,69.18,56.52215675354773,9.877843246452272,lightgbm,delta,fold_3,6h,ppb
2026-08-18T15:00:00Z,1,64.15,61.67,54.25667447894481,9.893325521055196,lightgbm,delta,fold_3,6h,ppb
2026-08-18T15:15:00Z,1,64.78,61.3,56.28046408474919,8.49953591525081,lightgbm,delta,fold_3,6h,ppb
2026-08-18T15:30:00Z,1,64.88,59.61,56.12634890899493,8.753651091005068,lightgbm,delta,fold_3,6h,ppb
2026-08-18T15:45:00Z,1,65.11,53.82,53.47866333889141,11.631336661108591,lightgbm,delta,fold_3,6h,ppb
2026-08-18T16:00:00Z,1,66.62,51.38,48.168310510787045,18.45168948921296,lightgbm,delta,fold_3,6h,ppb
2026-08-18T16:15:00Z,1,62.61,50.06,48.65175419112958,13.958245808870423,lightgbm,delta,fold_3,6h,ppb
2026-08-18T16:30:00Z,1,62.07,52.68,48.71631353694302,13.353686463056981,lightgbm,delta,fold_3,6h,ppb
2026-08-18T16:45:00Z,1,54.47,50.89,47.678425017736814,6.791574982263185,lightgbm,delta,fold_3,6h,ppb
2026-08-18T17:00:00Z,1,42.34,53.68,48.77064146446943,-6.430641464469424,lightgbm,delta,fold_3,6h,ppb
2026-08-18T17:15:00Z,1,44.55,51.95,47.94843969143791,-3.3984396914379147,lightgbm,delta,fold_3,6h,ppb
2026-08-18T17:30:00Z,1,44.43,56.49,48.34206670735733,-3.912066707357333,lightgbm,delta,fold_3,6h,ppb
2026-08-18T17:45:00Z,1,43.34,56.46,50.76242644924238,-7.42242644924238,lightgbm,delta,fold_3,6h,ppb
2026-08-18T18:00:00Z,1,35.37,45.17,43.76173185445604,-8.39173185445604,lightgbm,delta,fold_3,6h,ppb
2026-08-18T18:15:00Z,1,45.7,53.78,48.31707297867582,-2.6170729786758145,lightgbm,delta,fold_3,6h,ppb
2026-08-18T18:30:00Z,1,50.02,57.86,48.629050252656555,1.3909497473434485,lightgbm,delta,fold_3,6h,ppb
2026-08-18T18:45:00Z,1,39.43,56.68,45.61731703053,-6.187317030530004,lightgbm,delta,fold_3,6h,ppb
2026-08-18T19:00:00Z,1,36.91,53.19,40.209295711036205,-3.2992957110362084,lightgbm,delta,fold_3,6h,ppb
2026-08-18T19:15:00Z,1,35.09,53.94,39.06850799949978,-3.978507999499776,lightgbm,delta,fold_3,6h,ppb
2026-08-18T19:30:00Z,1,37.5,51.3,37.86948410281848,-0.36948410281848254,lightgbm,delta,fold_3,6h,ppb
2026-08-18T19:45:00Z,1,38.81,56.13,40.227374813048776,-1.4173748130487738,lightgbm,delta,fold_3,6h,ppb
2026-08-18T20:00:00Z,1,47.16,58.02,48.17408651103743,-1.0140865110374335,lightgbm,delta,fold_3,6h,ppb
2026-08-18T20:15:00Z,1,45.19,59.13,52.13485727196927,-6.944857271969269,lightgbm,delta,fold_3,6h,ppb
2026-08-18T20:30:00Z,1,36.38,64.47,54.74982358283449,-18.369823582834485,lightgbm,delta,fold_3,6h,ppb
2026-08-18T20:45:00Z,1,39.92,66.4,55.48819416959603,-15.568194169596026,lightgbm,delta,fold_3,6h,ppb
2026-08-18T21:00:00Z,1,39.31,64.15,55.08817922373394,-15.778179223733936,lightgbm,delta,fold_3,6h,ppb
2026-08-18T21:15:00Z,1,36.1,64.78,56.93308540087049,-20.833085400870488,lightgbm,delta,fold_3,6h,ppb
2026-08-18T21:30:00Z,1,37.44,64.88,56.468110788268575,-19.028110788268577,lightgbm,delta,fold_3,6h,ppb
2026-08-18T21:45:00Z,1,38.27,65.11,56.522825590211944,-18.25282559021194,lightgbm,delta,fold_3,6h,ppb
2026-08-18T22:00:00Z,1,38.98,66.62,62.14582741318391,-23.165827413183912,lightgbm,delta,fold_3,6h,ppb
2026-08-18T22:15:00Z,1,38.21,62.61,60.88926168455297,-22.67926168455297,lightgbm,delta,fold_3,6h,ppb
2026-08-18T22:30:00Z,1,43.3,62.07,61.39506251872568,-18.095062518725683,lightgbm,delta,fold_3,6h,ppb
2026-08-18T22:45:00Z,1,34.96,54.47,56.66487724402814,-21.70487724402814,lightgbm,delta,fold_3,6h,ppb
2026-08-18T23:00:00Z,1,51.52,42.34,60.40707061287793,-8.887070612877928,lightgbm,delta,fold_3,6h,ppb
2026-08-18T23:15:00Z,1,51.99,44.55,60.266453136176125,-8.276453136176123,lightgbm,delta,fold_3,6h,ppb
2026-08-18T23:30:00Z,1,58.04,44.43,60.843499218512505,-2.8034992185125063,lightgbm,delta,fold_3,6h,ppb
2026-08-18T23:45:00Z,1,61.42,43.34,61.99373420359056,-0.5737342035905613,lightgbm,delta,fold_3,6h,ppb
2026-08-19T00:00:00Z,1,66.83,35.37,71.0139138305806,-4.183913830580607,lightgbm,delta,fold_3,6h,ppb
2026-08-19T00:15:00Z,1,70.47,45.7,74.77268875361328,-4.302688753613282,lightgbm,delta,fold_3,6h,ppb
2026-08-19T00:30:00Z,1,72.11,50.02,72.30645194341969,-0.19645194341968875,lightgbm,delta,fold_3,6h,ppb
2026-08-19T00:45:00Z,1,71.34,39.43,78.15148442152699,-6.811484421526984,lightgbm,delta,fold_3,6h,ppb
2026-08-19T01:00:00Z,1,74.61,36.91,80.31774915912348,-5.70774915912348,lightgbm,delta,fold_3,6h,ppb
2026-08-19T01:15:00Z,1,70.72,35.09,79.53965497489838,-8.819654974898384,lightgbm,delta,fold_3,6h,ppb
2026-08-19T01:30:00Z,1,75.92,37.5,79.83090085725631,-3.9109008572563084,lightgbm,delta,fold_3,6h,ppb
2026-08-19T01:45:00Z,1,76.97,38.81,79.29643216778605,-2.326432167786052,lightgbm,delta,fold_3,6h,ppb
2026-08-19T02:00:00Z,1,77.04,47.16,77.48224835153447,-0.4422483515344595,lightgbm,delta,fold_3,6h,ppb
2026-08-19T02:15:00Z,1,78.08,45.19,77.81889892990517,0.2611010700948242,lightgbm,delta,fold_3,6h,ppb
2026-08-19T02:30:00Z,1,80.2,36.38,75.70435763132289,4.49564236867711,lightgbm,delta,fold_3,6h,ppb
2026-08-19T02:45:00Z,1,80.11,39.92,78.99362736749814,1.1163726325018644,lightgbm,delta,fold_3,6h,ppb
2026-08-19T03:00:00Z,1,78.76,39.31,75.12172943144162,3.638270568558383,lightgbm,delta,fold_3,6h,ppb
2026-08-19T03:15:00Z,1,78.47,36.1,74.06442433802673,4.405575661973273,lightgbm,delta,fold_3,6h,ppb
2026-08-19T03:30:00Z,1,72.2,37.44,71.57297908426466,0.6270209157353435,lightgbm,delta,fold_3,6h,ppb
2026-08-19T03:45:00Z,1,68.15,38.27,72.68169692786282,-4.531696927862811,lightgbm,delta,fold_3,6h,ppb
2026-08-19T04:00:00Z,1,66.55,38.98,70.6279586873065,-4.077958687306506,lightgbm,delta,fold_3,6h,ppb
2026-08-19T04:15:00Z,1,61.59,38.21,69.81521204389321,-8.225212043893208,lightgbm,delta,fold_3,6h,ppb
2026-08-19T04:30:00Z,1,60.61,43.3,68.7652501918385,-8.155250191838505,lightgbm,delta,fold_3,6h,ppb
2026-08-19T04:45:00Z,1,62.48,34.96,62.28419800934858,0.19580199065141812,lightgbm,delta,fold_3,6h,ppb
2026-08-19T05:00:00Z,1,57.59,51.52,51.65125105000784,5.93874894999216,lightgbm,delta,fold_3,6h,ppb
2026-08-19T05:15:00Z,1,55.9,51.99,52.16586627854747,3.7341337214525296,lightgbm,delta,fold_3,6h,ppb
2026-08-19T05:30:00Z,1,55.35,58.04,58.656923254329925,-3.3069232543299236,lightgbm,delta,fold_3,6h,ppb
2026-08-19T05:45:00Z,1,56.43,61.42,59.00787973378157,-2.5778797337815718,lightgbm,delta,fold_3,6h,ppb
2026-08-19T06:00:00Z,1,56.04,66.83,60.72490200142273,-4.684902001422728,lightgbm,delta,fold_3,6h,ppb
2026-08-19T06:15:00Z,1,55.24,70.47,62.011278516965326,-6.7712785169653245,lightgbm,delta,fold_3,6h,ppb
2026-08-19T06:30:00Z,1,56.0,72.11,60.06086726417103,-4.06086726417103,lightgbm,delta,fold_3,6h,ppb
2026-08-19T06:45:00Z,1,52.93,71.34,58.15980750855559,-5.229807508555588,lightgbm,delta,fold_3,6h,ppb
2026-08-19T07:00:00Z,1,49.7,74.61,54.367504898174445,-4.6675048981744425,lightgbm,delta,fold_3,6h,ppb
2026-08-19T07:15:00Z,1,48.84,70.72,53.53932660719251,-4.6993266071925035,lightgbm,delta,fold_3,6h,ppb
2026-08-19T07:30:00Z,1,48.37,75.92,55.31519534468689,-6.945195344686894,lightgbm,delta,fold_3,6h,ppb
2026-08-19T07:45:00Z,1,50.11,76.97,55.85921182824851,-5.749211828248512,lightgbm,delta,fold_3,6h,ppb
2026-08-19T08:00:00Z,1,54.23,77.04,54.70952770057472,-0.47952770057472094,lightgbm,delta,fold_3,6h,ppb
2026-08-19T08:15:00Z,1,50.71,78.08,54.87855281148559,-4.16855281148559,lightgbm,delta,fold_3,6h,ppb
2026-08-19T08:30:00Z,1,51.31,80.2,55.3240491296701,-4.014049129670099,lightgbm,delta,fold_3,6h,ppb
2026-08-19T08:45:00Z,1,56.56,80.11,58.22739164838555,-1.6673916483855464,lightgbm,delta,fold_3,6h,ppb
2026-08-19T09:00:00Z,1,52.84,78.76,58.95991151673054,-6.119911516730539,lightgbm,delta,fold_3,6h,ppb
2026-08-19T09:15:00Z,1,48.59,78.47,57.05184620785542,-8.461846207855416,lightgbm,delta,fold_3,6h,ppb
2026-08-19T09:30:00Z,1,45.5,72.2,55.768190218895576,-10.268190218895576,lightgbm,delta,fold_3,6h,ppb
2026-08-19T09:45:00Z,1,45.0,68.15,50.86004946624094,-5.8600494662409375,lightgbm,delta,fold_3,6h,ppb
2026-08-19T10:15:00Z,1,46.24,61.59,44.37149311523689,1.8685068847631143,lightgbm,delta,fold_3,6h,ppb
2026-08-19T10:30:00Z,1,50.5,60.61,44.945137639804244,5.554862360195756,lightgbm,delta,fold_3,6h,ppb
2026-08-19T10:45:00Z,1,50.06,62.48,44.19910661878258,5.860893381217423,lightgbm,delta,fold_3,6h,ppb
2026-08-19T11:00:00Z,1,51.71,57.59,46.393099186725635,5.316900813274366,lightgbm,delta,fold_3,6h,ppb
2026-08-19T11:15:00Z,1,47.2,55.9,44.9022878609782,2.2977121390218045,lightgbm,delta,fold_3,6h,ppb
2026-08-19T11:30:00Z,1,49.82,55.35,43.90680467283111,5.913195327168893,lightgbm,delta,fold_3,6h,ppb
2026-08-19T11:45:00Z,1,48.3,56.43,44.78693720415106,3.5130627958489384,lightgbm,delta,fold_3,6h,ppb
2026-08-19T12:00:00Z,1,48.54,56.04,43.83720276636625,4.702797233633753,lightgbm,delta,fold_3,6h,ppb
2026-08-19T12:15:00Z,1,45.92,55.24,46.55893213707927,-0.6389321370792658,lightgbm,delta,fold_3,6h,ppb
2026-08-19T12:30:00Z,1,47.87,56.0,52.115875356277044,-4.245875356277047,lightgbm,delta,fold_3,6h,ppb
2026-08-19T12:45:00Z,1,50.06,52.93,52.89124630288585,-2.8312463028858446,lightgbm,delta,fold_3,6h,ppb
2026-08-19T13:00:00Z,1,46.31,49.7,57.312536420576166,-11.002536420576163,lightgbm,delta,fold_3,6h,ppb
2026-08-19T13:15:00Z,1,44.9,48.84,57.08115226224984,-12.181152262249839,lightgbm,delta,fold_3,6h,ppb
2026-08-19T13:30:00Z,1,36.86,48.37,59.69433186115059,-22.834331861150588,lightgbm,delta,fold_3,6h,ppb
2026-08-19T13:45:00Z,1,44.22,50.11,61.125874960811295,-16.905874960811296,lightgbm,delta,fold_3,6h,ppb
2026-08-19T14:00:00Z,1,43.04,54.23,59.569040178637444,-16.529040178637445,lightgbm,delta,fold_3,6h,ppb
2026-08-19T14:15:00Z,1,47.06,50.71,60.96859138268324,-13.908591382683241,lightgbm,delta,fold_3,6h,ppb
2026-08-19T14:30:00Z,1,41.08,51.31,58.27679310262257,-17.19679310262257,lightgbm,delta,fold_3,6h,ppb
2026-08-19T14:45:00Z,1,42.21,56.56,59.32362947676675,-17.113629476766747,lightgbm,delta,fold_3,6h,ppb
2026-08-19T15:00:00Z,1,49.78,52.84,59.8761668791805,-10.096166879180501,lightgbm,delta,fold_3,6h,ppb
2026-08-19T15:15:00Z,1,49.97,48.59,58.896497565437215,-8.926497565437217,lightgbm,delta,fold_3,6h,ppb
2026-08-19T15:30:00Z,1,49.43,45.5,57.529693896111965,-8.099693896111965,lightgbm,delta,fold_3,6h,ppb
2026-08-19T15:45:00Z,1,48.33,45.0,54.07781216532064,-5.747812165320639,lightgbm,delta,fold_3,6h,ppb
2026-08-19T16:15:00Z,1,43.43,46.24,51.231573436050375,-7.801573436050376,lightgbm,delta,fold_3,6h,ppb
2026-08-19T16:30:00Z,1,34.33,50.5,52.8616786061766,-18.531678606176605,lightgbm,delta,fold_3,6h,ppb
2026-08-19T16:45:00Z,1,31.49,50.06,52.532905122211154,-21.042905122211156,lightgbm,delta,fold_3,6h,ppb
2026-08-19T17:00:00Z,1,30.18,51.71,53.13487321778073,-22.95487321778073,lightgbm,delta,fold_3,6h,ppb
2026-08-19T17:15:00Z,1,30.76,47.2,51.80477948790758,-21.04477948790758,lightgbm,delta,fold_3,6h,ppb
2026-08-19T17:30:00Z,1,30.18,49.82,53.621612233974496,-23.441612233974496,lightgbm,delta,fold_3,6h,ppb
2026-08-19T17:45:00Z,1,32.06,48.3,54.60723976994477,-22.547239769944767,lightgbm,delta,fold_3,6h,ppb
2026-08-19T18:00:00Z,1,32.78,48.54,51.71261317935,-18.93261317935,lightgbm,delta,fold_3,6h,ppb
2026-08-19T18:15:00Z,1,36.8,45.92,49.57468557212441,-12.774685572124412,lightgbm,delta,fold_3,6h,ppb
2026-08-19T18:30:00Z,1,36.6,47.87,49.47455105955603,-12.874551059556026,lightgbm,delta,fold_3,6h,ppb
2026-08-19T18:45:00Z,1,36.41,50.06,51.86594767109674,-15.455947671096745,lightgbm,delta,fold_3,6h,ppb
2026-08-19T19:00:00Z,1,37.35,46.31,49.909473764009945,-12.559473764009944,lightgbm,delta,fold_3,6h,ppb
2026-08-19T19:15:00Z,1,34.68,44.9,51.6385150628134,-16.958515062813397,lightgbm,delta,fold_3,6h,ppb
2026-08-19T19:30:00Z,1,35.39,36.86,50.06758027836724,-14.677580278367238,lightgbm,delta,fold_3,6h,ppb
2026-08-19T19:45:00Z,1,37.99,44.22,50.88349194636231,-12.89349194636231,lightgbm,delta,fold_3,6h,ppb
2026-08-19T20:00:00Z,1,34.65,43.04,49.34403700447436,-14.69403700447436,lightgbm,delta,fold_3,6h,ppb
2026-08-19T20:15:00Z,1,31.27,47.06,49.955200994515195,-18.685200994515196,lightgbm,delta,fold_3,6h,ppb
2026-08-19T20:30:00Z,1,30.31,41.08,51.84263573936096,-21.53263573936096,lightgbm,delta,fold_3,6h,ppb
2026-08-19T20:45:00Z,1,28.44,42.21,53.86855163326899,-25.42855163326899,lightgbm,delta,fold_3,6h,ppb
2026-08-19T21:00:00Z,1,32.07,49.78,50.23105134449468,-18.16105134449468,lightgbm,delta,fold_3,6h,ppb
2026-08-19T21:15:00Z,1,29.36,49.97,49.89909734926205,-20.53909734926205,lightgbm,delta,fold_3,6h,ppb
2026-08-19T21:30:00Z,1,18.31,49.43,49.314943723940594,-31.004943723940595,lightgbm,delta,fold_3,6h,ppb
2026-08-19T21:45:00Z,1,33.32,48.33,50.40799976395432,-17.087999763954322,lightgbm,delta,fold_3,6h,ppb
2026-08-19T22:00:00Z,1,31.28,48.91,55.54207311286773,-24.262073112867732,lightgbm,delta,fold_3,6h,ppb
2026-08-19T22:15:00Z,1,36.45,43.43,59.064521825958934,-22.61452182595893,lightgbm,delta,fold_3,6h,ppb
2026-08-19T22:30:00Z,1,40.68,34.33,55.262921793080544,-14.582921793080544,lightgbm,delta,fold_3,6h,ppb
2026-08-19T22:45:00Z,1,41.64,31.49,53.05647148863443,-11.416471488634429,lightgbm,delta,fold_3,6h,ppb
2026-08-19T23:00:00Z,1,52.31,30.18,52.551549380533515,-0.24154938053351316,lightgbm,delta,fold_3,6h,ppb
2026-08-19T23:15:00Z,1,54.28,30.76,54.67257535100383,-0.3925753510038277,lightgbm,delta,fold_3,6h,ppb
2026-08-19T23:30:00Z,1,62.87,30.18,54.58363592002112,8.286364079978874,lightgbm,delta,fold_3,6h,ppb
2026-08-19T23:45:00Z,1,65.19,32.06,55.35228809589822,9.83771190410178,lightgbm,delta,fold_3,6h,ppb
