timestamp,sensor_id,actual,current_o3,predicted,residual,model,target_formulation,fold,horizon,unit
2026-08-12T00:00:00Z,1,32.64,47.08,47.08,-14.439999999999998,persistence,absolute,fold_1,1h,ppb
2026-08-12T00:15:00Z,1,35.4,44.22,44.22,-8.82,persistence,absolute,fold_1,1h,ppb
2026-08-12T00:30:00Z,1,34.74,35.77,35.77,-1.0300000000000011,persistence,absolute,fold_1,1h,ppb
2026-08-12T00:45:00Z,1,34.24,37.34,37.34,-3.1000000000000014,persistence,absolute,fold_1,1h,ppb
2026-08-12T01:00:00Z,1,37.19,32.64,32.64,4.549999999999997,persistence,absolute,fold_1,1h,ppb
2026-08-12T01:15:00Z,1,38.13,35.4,35.4,2.730000000000004,persistence,absolute,fold_1,1h,ppb
2026-08-12T01:30:00Z,1,33.37,34.74,34.74,-1.3700000000000045,persistence,absolute,fold_1,1h,ppb
2026-08-12T01:45:00Z,1,34.01,34.24,34.24,-0.23000000000000398,persistence,absolute,fold_1,1h,ppb
2026-08-12T02:00:00Z,1,35.12,37.19,37.19,-2.0700000000000003,persistence,absolute,fold_1,1h,ppb
2026-08-12T02:15:00Z,1,39.77,38.13,38.13,1.6400000000000006,persistence,absolute,fold_1,1h,ppb
2026-08-12T02:30:00Z,1,43.28,33.37,33.37,9.910000000000004,persistence,absolute,fold_1,1h,ppb
2026-08-12T02:45:00Z,1,41.04,34.01,34.01,7.030000000000001,persistence,absolute,fold_1,1h,ppb
2026-08-12T03:00:00Z,1,40.81,35.12,35.12,5.690000000000005,persistence,absolute,fold_1,1h,ppb
2026-08-12T03:15:00Z,1,42.67,39.77,39.77,2.8999999999999986,persistence,absolute,fold_1,1h,ppb
2026-08-12T03:30:00Z,1,46.46,43.28,43.28,3.1799999999999997,persistence,absolute,fold_1,1h,ppb
2026-08-12T03:45:00Z,1,48.44,41.04,41.04,7.399999999999999,persistence,absolute,fold_1,1h,ppb
2026-08-12T04:00:00Z,1,50.21,40.81,40.81,9.399999999999999,persistence,absolute,fold_1,1h,ppb
2026-08-12T04:15:00Z,1,56.1,42.67,42.67,13.43,persistence,absolute,fold_1,1h,ppb
2026-08-12T04:30:00Z,1,51.21,46.46,46.46,4.75,persistence,absolute,fold_1,1h,ppb
2026-08-12T04:45:00Z,1,44.89,48.44,48.44,-3.549999999999997,persistence,absolute,fold_1,1h,ppb
2026-08-12T05:00:00Z,1,54.08,50.21,50.21,3.8699999999999974,persistence,absolute,fold_1,1h,ppb
2026-08-12T05:15:00Z,1,56.82,56.1,56.1,0.7199999999999989,persistence,absolute,fold_1,1h,ppb
2026-08-12T05:30:00Z,1,59.59,51.21,51.21,8.380000000000003,persistence,absolute,fold_1,1h,ppb
2026-08-12T05:45:00Z,1,65.27,44.89,44.89,20.379999999999995,persistence,absolute,fold_1,1h,ppb
2026-08-12T06:00:00Z,1,70.77,54.08,54.08,16.689999999999998,persistence,absolute,fold_1,1h,ppb
2026-08-12T06:15:00Z,1,72.32,56.82,56.82,15.499999999999993,persistence,absolute,fold_1,1h,ppb
2026-08-12T06:30:00Z,1,75.31,59.59,59.59,15.719999999999999,persistence,absolute,fold_1,1h,ppb
2026-08-12T06:45:00Z,1,77.95,65.27,65.27,12.680000000000007,persistence,absolute,fold_1,1h,ppb
2026-08-12T07:00:00Z,1,81.07,70.77,70.77,10.299999999999997,persistence,absolute,fold_1,1h,ppb
2026-08-12T07:15:00Z,1,84.91,72.32,72.32,12.590000000000003,persistence,absolute,fold_1,1h,ppb
2026-08-12T07:30:00Z,1,78.43,75.31,75.31,3.1200000000000045,persistence,absolute,fold_1,1h,ppb
2026-08-12T07:45:00Z,1,73.67,77.95,77.95,-4.280000000000001,persistence,absolute,fold_1,1h,ppb
2026-08-12T08:00:00Z,1,64.5,81.07,81.07,-16.569999999999993,persistence,absolute,fold_1,1h,ppb
2026-08-12T08:15:00Z,1,69.02,84.91,84.91,-15.89,persistence,absolute,fold_1,1h,ppb
2026-08-12T08:30:00Z,1,73.63,78.43,78.43,-4.800000000000011,persistence,absolute,fold_1,1h,ppb
2026-08-12T08:45:00Z,1,73.43,73.67,73.67,-0.23999999999999488,persistence,absolute,fold_1,1h,ppb
2026-08-12T09:00:00Z,1,66.12,64.5,64.5,1.6200000000000045,persistence,absolute,fold_1,1h,ppb
2026-08-12T09:15:00Z,1,67.49,69.02,69.02,-1.5300000000000011,persistence,absolute,fold_1,1h,ppb
2026-08-12T09:30:00Z,1,63.54,73.63,73.63,-10.089999999999996,persistence,absolute,fold_1,1h,ppb
2026-08-12T09:45:00Z,1,61.53,73.43,73.43,-11.900000000000006,persistence,absolute,fold_1,1h,ppb
2026-08-12T10:00:00Z,1,57.0,66.12,66.12,-9.120000000000005,persistence,absolute,fold_1,1h,ppb
2026-08-12T10:15:00Z,1,56.76,67.49,67.49,-10.729999999999997,persistence,absolute,fold_1,1h,ppb
2026-08-12T10:30:00Z,1,52.05,63.54,63.54,-11.490000000000002,persistence,absolute,fold_1,1h,ppb
2026-08-12T10:45:00Z,1,57.83,61.53,61.53,-3.700000000000003,persistence,absolute,fold_1,1h,ppb
2026-08-12T11:00:00Z,1,55.33,57.0,57.0,-1.6700000000000017,persistence,absolute,fold_1,1h,ppb
2026-08-12T11:15:00Z,1,58.96,56.76,56.76,2.200000000000003,persistence,absolute,fold_1,1h,ppb
2026-08-12T11:30:00Z,1,57.94,52.05,52.05,5.890000000000001,persistence,absolute,fold_1,1h,ppb
2026-08-12T11:45:00Z,1,58.82,57.83,57.83,0.990000000000002,persistence,absolute,fold_1,1h,ppb
2026-08-12T12:00:00Z,1,52.0,55.33,55.33,-3.3299999999999983,persistence,absolute,fold_1,1h,ppb
2026-08-12T12:15:00Z,1,55.61,58.96,58.96,-3.3500000000000014,persistence,absolute,fold_1,1h,ppb
2026-08-12T12:30:00Z,1,51.77,57.94,57.94,-6.169999999999995,persistence,absolute,fold_1,1h,ppb
2026-08-12T12:45:00Z,1,50.68,58.82,58.82,-8.14,persistence,absolute,fold_1,1h,ppb
2026-08-12T13:00:00Z,1,49.51,52.0,52.0,-2.490000000000002,persistence,absolute,fold_1,1h,ppb
2026-08-12T13:15:00Z,1,51.24,55.61,55.61,-4.369999999999997,persistence,absolute,fold_1,1h,ppb
2026-08-12T13:30:00Z,1,48.43,51.77,51.77,-3.3400000000000034,persistence,absolute,fold_1,1h,ppb
2026-08-12T13:45:00Z,1,50.92,50.68,50.68,0.240000000000002,persistence,absolute,fold_1,1h,ppb
2026-08-12T14:00:00Z,1,50.82,49.51,49.51,1.3100000000000023,persistence,absolute,fold_1,1h,ppb
2026-08-12T14:15:00Z,1,46.78,51.24,51.24,-4.460000000000001,persistence,absolute,fold_1,1h,ppb
2026-08-12T14:30:00Z,1,45.23,48.43,48.43,-3.200000000000003,persistence,absolute,fold_1,1h,ppb
2026-08-12T14:45:00Z,1,38.04,50.92,50.92,-12.880000000000003,persistence,absolute,fold_1,1h,ppb
2026-08-12T15:00:00Z,1,30.59,50.82,50.82,-20.23,persistence,absolute,fold_1,1h,ppb
2026-08-12T15:15:00Z,1,31.0,46.78,46.78,-15.780000000000001,persistence,absolute,fold_1,1h,ppb
2026-08-12T15:30:00Z,1,36.23,45.23,45.23,-9.0,persistence,absolute,fold_1,1h,ppb
2026-08-12T15:45:00Z,1,37.55,38.04,38.04,-0.490000000000002,persistence,absolute,fold_1,1h,ppb
2026-08-12T16:00:00Z,1,35.98,30.59,30.59,5.389999999999997,persistence,absolute,fold_1,1h,ppb
2026-08-12T16:15:00Z,1,31.94,31.0,31.0,0.9400000000000013,persistence,absolute,fold_1,1h,ppb
2026-08-12T16:30:00Z,1,39.85,36.23,36.23,3.6200000000000045,persistence,absolute,fold_1,1h,ppb
2026-08-12T16:45:00Z,1,35.92,37.55,37.55,-1.6299999999999955,persistence,absolute,fold_1,1h,ppb
2026-08-12T17:00:00Z,1,38.65,35.98,35.98,2.6700000000000017,persistence,absolute,fold_1,1h,ppb
2026-08-12T17:15:00Z,1,43.76,31.94,31.94,11.819999999999997,persistence,absolute,fold_1,1h,ppb
2026-08-12T17:30:00Z,1,47.57,39.85,39.85,7.719999999999999,persistence,absolute,fold_1,1h,ppb
2026-08-12T17:45:00Z,1,55.19,35.92,35.92,19.269999999999996,persistence,absolute,fold_1,1h,ppb
2026-08-12T18:00:00Z,1,49.42,38.65,38.65,10.770000000000003,persistence,absolute,fold_1,1h,ppb
2026-08-12T18:15:00Z,1,52.45,43.76,43.76,8.690000000000005,persistence,absolute,fold_1,1h,ppb
2026-08-12T18:30:00Z,1,60.41,47.57,47.57,12.839999999999996,persistence,absolute,fold_1,1h,ppb
2026-08-12T18:45:00Z,1,61.45,55.19,55.19,6.260000000000005,persistence,absolute,fold_1,1h,ppb
2026-08-12T19:00:00Z,1,62.96,49.42,49.42,13.54,persistence,absolute,fold_1,1h,ppb
2026-08-12T19:15:00Z,1,57.93,52.45,52.45,5.479999999999997,persistence,absolute,fold_1,1h,ppb
2026-08-12T19:30:00Z,1,63.46,60.41,60.41,3.0500000000000043,persistence,absolute,fold_1,1h,ppb
2026-08-12T19:45:00Z,1,51.85,61.45,61.45,-9.600000000000001,persistence,absolute,fold_1,1h,ppb
2026-08-12T20:00:00Z,1,40.77,62.96,62.96,-22.189999999999998,persistence,absolute,fold_1,1h,ppb
2026-08-12T20:15:00Z,1,41.7,57.93,57.93,-16.229999999999997,persistence,absolute,fold_1,1h,ppb
2026-08-12T20:30:00Z,1,35.25,63.46,63.46,-28.21,persistence,absolute,fold_1,1h,ppb
2026-08-12T20:45:00Z,1,33.45,51.85,51.85,-18.4,persistence,absolute,fold_1,1h,ppb
2026-08-12T21:00:00Z,1,27.83,40.77,40.77,-12.940000000000005,persistence,absolute,fold_1,1h,ppb
2026-08-12T21:15:00Z,1,27.71,41.7,41.7,-13.990000000000002,persistence,absolute,fold_1,1h,ppb
2026-08-12T21:30:00Z,1,34.59,35.25,35.25,-0.6599999999999966,persistence,absolute,fold_1,1h,ppb
2026-08-12T21:45:00Z,1,35.57,33.45,33.45,2.1199999999999974,persistence,absolute,fold_1,1h,ppb
2026-08-12T22:00:00Z,1,37.6,27.83,27.83,9.770000000000003,persistence,absolute,fold_1,1h,ppb
2026-08-12T22:15:00Z,1,35.92,27.71,27.71,8.21,persistence,absolute,fold_1,1h,ppb
2026-08-12T22:30:00Z,1,35.36,34.59,34.59,0.769999999999996,persistence,absolute,fold_1,1h,ppb
2026-08-12T22:45:00Z,1,30.86,35.57,35.57,-4.710000000000001,persistence,absolute,fold_1,1h,ppb
2026-08-12T23:00:00Z,1,32.22,37.6,37.6,-5.380000000000003,persistence,absolute,fold_1,1h,ppb
2026-08-12T23:15:00Z,1,32.08,35.92,35.92,-3.8400000000000034,persistence,absolute,fold_1,1h,ppb
2026-08-12T23:30:00Z,1,31.32,35.36,35.36,-4.039999999999999,persistence,absolute,fold_1,1h,ppb
2026-08-12T23:45:00Z,1,33.29,30.86,30.86,2.4299999999999997,persistence,absolute,fold_1,1h,ppb
2026-08-13T00:00:00Z,1,29.48,32.22,32.22,-2.7399999999999984,persistence,absolute,fold_1,1h,ppb
2026-08-13T00:15:00Z,1,30.99,32.08,32.08,-1.0899999999999999,persistence,absolute,fold_1,1h,ppb
2026-08-13T00:30:00Z,1,32.33,31.32,31.32,1.009999999999998,persistence,absolute,fold_1,1h,ppb
2026-08-13T00:45:00Z,1,33.85,33.29,33.29,0.5600000000000023,persistence,absolute,fold_1,1h,ppb
2026-08-13T01:00:00Z,1,32.97,29.48,29.48,3.4899999999999984,persistence,absolute,fold_1,1h,ppb
2026-08-13T01:15:00Z,1,35.41,30.99,30.99,4.419999999999998,persistence,absolute,fold_1,1h,ppb
2026-08-13T01:30:00Z,1,34.11,32.33,32.33,1.7800000000000011,persistence,absolute,fold_1,1h,ppb
2026-08-13T01:45:00Z,1,32.79,33.85,33.85,-1.0600000000000023,persistence,absolute,fold_1,1h,ppb
2026-08-13T02:00:00Z,1,29.76,32.97,32.97,-3.2099999999999973,persistence,absolute,fold_1,1h,ppb
2026-08-13T02:15:00Z,1,31.51,35.41,35.41,-3.899999999999995,persistence,absolute,fold_1,1h,ppb
2026-08-13T02:30:00Z,1,31.94,34.11,34.11,-2.169999999999998,persistence,absolute,fold_1,1h,ppb
2026-08-13T02:45:00Z,1,29.44,32.79,32.79,-3.349999999999998,persistence,absolute,fold_1,1h,ppb
2026-08-13T03:00:00Z,1,27.72,29.76,29.76,-2.0400000000000027,persistence,absolute,fold_1,1h,ppb
2026-08-13T03:15:00Z,1,27.23,31.51,31.51,-4.280000000000001,persistence,absolute,fold_1,1h,ppb
2026-08-13T03:30:00Z,1,27.79,31.94,31.94,-4.150000000000002,persistence,absolute,fold_1,1h,ppb
2026-08-13T03:45:00Z,1,34.52,29.44,29.44,5.080000000000002,persistence,absolute,fold_1,1h,ppb
2026-08-13T04:00:00Z,1,45.66,27.72,27.72,17.939999999999998,persistence,absolute,fold_1,1h,ppb
2026-08-13T04:15:00Z,1,49.3,27.23,27.23,22.069999999999997,persistence,absolute,fold_1,1h,ppb
2026-08-13T04:30:00Z,1,51.36,27.79,27.79,23.57,persistence,absolute,fold_1,1h,ppb
2026-08-13T04:45:00Z,1,54.21,34.52,34.52,19.689999999999998,persistence,absolute,fold_1,1h,ppb
2026-08-13T05:00:00Z,1,51.38,45.66,45.66,5.720000000000006,persistence,absolute,fold_1,1h,ppb
2026-08-13T05:15:00Z,1,48.44,49.3,49.3,-0.8599999999999994,persistence,absolute,fold_1,1h,ppb
2026-08-13T05:30:00Z,1,54.98,51.36,51.36,3.6199999999999974,persistence,absolute,fold_1,1h,ppb
2026-08-13T05:45:00Z,1,59.72,54.21,54.21,5.509999999999998,persistence,absolute,fold_1,1h,ppb
2026-08-13T06:00:00Z,1,62.92,51.38,51.38,11.54,persistence,absolute,fold_1,1h,ppb
2026-08-13T06:15:00Z,1,64.11,48.44,48.44,15.670000000000002,persistence,absolute,fold_1,1h,ppb
2026-08-13T06:30:00Z,1,67.42,54.98,54.98,12.440000000000005,persistence,absolute,fold_1,1h,ppb
2026-08-13T06:45:00Z,1,71.78,59.72,59.72,12.060000000000002,persistence,absolute,fold_1,1h,ppb
2026-08-13T07:00:00Z,1,76.37,62.92,62.92,13.450000000000003,persistence,absolute,fold_1,1h,ppb
2026-08-13T07:15:00Z,1,82.5,64.11,64.11,18.39,persistence,absolute,fold_1,1h,ppb
2026-08-13T07:30:00Z,1,65.1,67.42,67.42,-2.3200000000000074,persistence,absolute,fold_1,1h,ppb
2026-08-13T07:45:00Z,1,71.16,71.78,71.78,-0.6200000000000045,persistence,absolute,fold_1,1h,ppb
2026-08-13T08:00:00Z,1,76.94,76.37,76.37,0.5699999999999932,persistence,absolute,fold_1,1h,ppb
2026-08-13T08:30:00Z,1,94.02,65.1,65.1,28.92,persistence,absolute,fold_1,1h,ppb
2026-08-13T08:45:00Z,1,63.41,71.16,71.16,-7.75,persistence,absolute,fold_1,1h,ppb
2026-08-13T09:00:00Z,1,61.62,76.94,76.94,-15.32,persistence,absolute,fold_1,1h,ppb
2026-08-13T09:30:00Z,1,59.35,94.02,94.02,-34.669999999999995,persistence,absolute,fold_1,1h,ppb
2026-08-13T09:45:00Z,1,55.26,63.41,63.41,-8.149999999999999,persistence,absolute,fold_1,1h,ppb
2026-08-13T10:00:00Z,1,50.94,61.62,61.62,-10.68,persistence,absolute,fold_1,1h,ppb
2026-08-13T10:15:00Z,1,51.29,58.73,58.73,-7.439999999999998,persistence,absolute,fold_1,1h,ppb
2026-08-13T10:30:00Z,1,56.26,59.35,59.35,-3.0900000000000034,persistence,absolute,fold_1,1h,ppb
2026-08-13T10:45:00Z,1,57.56,55.26,55.26,2.3000000000000043,persistence,absolute,fold_1,1h,ppb
2026-08-13T11:00:00Z,1,58.59,50.94,50.94,7.650000000000006,persistence,absolute,fold_1,1h,ppb
2026-08-13T11:15:00Z,1,56.19,51.29,51.29,4.899999999999999,persistence,absolute,fold_1,1h,ppb
2026-08-13T11:30:00Z,1,57.22,56.26,56.26,0.9600000000000009,persistence,absolute,fold_1,1h,ppb
2026-08-13T11:45:00Z,1,56.7,57.56,57.56,-0.8599999999999994,persistence,absolute,fold_1,1h,ppb
2026-08-13T12:00:00Z,1,55.79,58.59,58.59,-2.8000000000000043,persistence,absolute,fold_1,1h,ppb
2026-08-13T12:15:00Z,1,58.16,56.19,56.19,1.9699999999999989,persistence,absolute,fold_1,1h,ppb
2026-08-13T12:30:00Z,1,56.51,57.22,57.22,-0.7100000000000009,persistence,absolute,fold_1,1h,ppb
2026-08-13T12:45:00Z,1,51.79,56.7,56.7,-4.910000000000004,persistence,absolute,fold_1,1h,ppb
2026-08-13T13:00:00Z,1,54.33,55.79,55.79,-1.4600000000000009,persistence,absolute,fold_1,1h,ppb
2026-08-13T13:15:00Z,1,55.45,58.16,58.16,-2.7099999999999937,persistence,absolute,fold_1,1h,ppb
2026-08-13T13:30:00Z,1,62.14,56.51,56.51,5.630000000000003,persistence,absolute,fold_1,1h,ppb
2026-08-13T13:45:00Z,1,62.84,51.79,51.79,11.050000000000004,persistence,absolute,fold_1,1h,ppb
2026-08-13T14:00:00Z,1,56.07,54.33,54.33,1.740000000000002,persistence,absolute,fold_1,1h,ppb
2026-08-13T14:15:00Z,1,53.58,55.45,55.45,-1.8700000000000045,persistence,absolute,fold_1,1h,ppb
2026-08-13T14:30:00Z,1,48.71,62.14,62.14,-13.43,persistence,absolute,fold_1,1h,ppb
2026-08-13T14:45:00Z,1,44.93,62.84,62.84,-17.910000000000004,persistence,absolute,fold_1,1h,ppb
2026-08-13T15:00:00Z,1,44.03,56.07,56.07,-12.04,persistence,absolute,fold_1,1h,ppb
2026-08-13T15:15:00Z,1,42.06,53.58,53.58,-11.519999999999996,persistence,absolute,fold_1,1h,ppb
2026-08-13T15:30:00Z,1,41.08,48.71,48.71,-7.630000000000003,persistence,absolute,fold_1,1h,ppb
2026-08-13T15:45:00Z,1,45.3,44.93,44.93,0.36999999999999744,persistence,absolute,fold_1,1h,ppb
2026-08-13T16:00:00Z,1,44.81,44.03,44.03,0.7800000000000011,persistence,absolute,fold_1,1h,ppb
2026-08-13T16:15:00Z,1,42.61,42.06,42.06,0.5499999999999972,persistence,absolute,fold_1,1h,ppb
2026-08-13T16:30:00Z,1,44.56,41.08,41.08,3.480000000000004,persistence,absolute,fold_1,1h,ppb
2026-08-13T16:45:00Z,1,49.31,45.3,45.3,4.010000000000005,persistence,absolute,fold_1,1h,ppb
2026-08-13T17:00:00Z,1,49.88,44.81,44.81,5.07,persistence,absolute,fold_1,1h,ppb
2026-08-13T17:15:00Z,1,50.85,42.61,42.61,8.240000000000002,persistence,absolute,fold_1,1h,ppb
2026-08-13T17:30:00Z,1,47.39,44.56,44.56,2.8299999999999983,persistence,absolute,fold_1,1h,ppb
2026-08-13T17:45:00Z,1,46.57,49.31,49.31,-2.740000000000002,persistence,absolute,fold_1,1h,ppb
2026-08-13T18:00:00Z,1,44.97,49.88,49.88,-4.910000000000004,persistence,absolute,fold_1,1h,ppb
2026-08-13T18:15:00Z,1,43.49,50.85,50.85,-7.359999999999999,persistence,absolute,fold_1,1h,ppb
2026-08-13T18:30:00Z,1,46.27,47.39,47.39,-1.1199999999999974,persistence,absolute,fold_1,1h,ppb
2026-08-13T18:45:00Z,1,43.35,46.57,46.57,-3.219999999999999,persistence,absolute,fold_1,1h,ppb
2026-08-13T19:00:00Z,1,47.04,44.97,44.97,2.0700000000000003,persistence,absolute,fold_1,1h,ppb
2026-08-13T19:15:00Z,1,43.97,43.49,43.49,0.4799999999999969,persistence,absolute,fold_1,1h,ppb
2026-08-13T19:30:00Z,1,49.85,46.27,46.27,3.5799999999999983,persistence,absolute,fold_1,1h,ppb
2026-08-13T19:45:00Z,1,55.18,43.35,43.35,11.829999999999998,persistence,absolute,fold_1,1h,ppb
2026-08-13T20:00:00Z,1,56.96,47.04,47.04,9.920000000000002,persistence,absolute,fold_1,1h,ppb
2026-08-13T20:15:00Z,1,52.79,43.97,43.97,8.82,persistence,absolute,fold_1,1h,ppb
2026-08-13T20:30:00Z,1,53.75,49.85,49.85,3.8999999999999986,persistence,absolute,fold_1,1h,ppb
2026-08-13T20:45:00Z,1,51.27,55.18,55.18,-3.9099999999999966,persistence,absolute,fold_1,1h,ppb
2026-08-13T21:00:00Z,1,48.66,56.96,56.96,-8.300000000000004,persistence,absolute,fold_1,1h,ppb
2026-08-13T21:15:00Z,1,47.56,52.79,52.79,-5.229999999999997,persistence,absolute,fold_1,1h,ppb
2026-08-13T21:30:00Z,1,48.87,53.75,53.75,-4.880000000000003,persistence,absolute,fold_1,1h,ppb
2026-08-13T21:45:00Z,1,51.22,51.27,51.27,-0.05000000000000426,persistence,absolute,fold_1,1h,ppb
2026-08-13T22:00:00Z,1,55.39,48.66,48.66,6.730000000000004,persistence,absolute,fold_1,1h,ppb
2026-08-13T22:15:00Z,1,56.84,47.56,47.56,9.280000000000001,persistence,absolute,fold_1,1h,ppb
2026-08-13T22:30:00Z,1,52.78,48.87,48.87,3.9100000000000037,persistence,absolute,fold_1,1h,ppb
2026-08-13T22:45:00Z,1,50.54,51.22,51.22,-0.6799999999999997,persistence,absolute,fold_1,1h,ppb
2026-08-13T23:00:00Z,1,51.84,55.39,55.39,-3.549999999999997,persistence,absolute,fold_1,1h,ppb
2026-08-13T23:15:00Z,1,50.6,56.84,56.84,-6.240000000000002,persistence,absolute,fold_1,1h,ppb
2026-08-13T23:30:00Z,1,46.86,52.78,52.78,-5.920000000000002,persistence,absolute,fold_1,1h,ppb
2026-08-13T23:45:00Z,1,46.9,50.54,50.54,-3.6400000000000006,persistence,absolute,fold_1,1h,ppb
2026-08-12T00:00:00Z,1,32.64,47.08,41.10732787868332,-8.46732787868332,random_forest,absolute,fold_1,1h,ppb
2026-08-12T00:15:00Z,1,35.4,44.22,41.62215698653197,-6.222156986531971,random_forest,absolute,fold_1,1h,ppb
2026-08-12T00:30:00Z,1,34.74,35.77,36.11590528499278,-1.3759052849927755,random_forest,absolute,fold_1,1h,ppb
2026-08-12T00:45:00Z,1,34.24,37.34,36.607809716209694,-2.367809716209692,random_forest,absolute,fold_1,1h,ppb
2026-08-12T01:00:00Z,1,37.19,32.64,34.36921390492223,2.8207860950777643,random_forest,absolute,fold_1,1h,ppb
2026-08-12T01:15:00Z,1,38.13,35.4,32.731770562770556,5.398229437229446,random_forest,absolute,fold_1,1h,ppb
2026-08-12T01:30:00Z,1,33.37,34.74,32.811067718855206,0.5589322811447914,random_forest,absolute,fold_1,1h,ppb
2026-08-12T01:45:00Z,1,34.01,34.24,32.760225390812884,1.2497746091871136,random_forest,absolute,fold_1,1h,ppb
2026-08-12T02:00:00Z,1,35.12,37.19,34.213042454304926,0.9069575456950716,random_forest,absolute,fold_1,1h,ppb
2026-08-12T02:15:00Z,1,39.77,38.13,37.35319312169312,2.416806878306886,random_forest,absolute,fold_1,1h,ppb
2026-08-12T02:30:00Z,1,43.28,33.37,34.44201262626261,8.837987373737391,random_forest,absolute,fold_1,1h,ppb
2026-08-12T02:45:00Z,1,41.04,34.01,35.52466249398749,5.515337506012507,random_forest,absolute,fold_1,1h,ppb
2026-08-12T03:00:00Z,1,40.81,35.12,46.61472129629627,-5.804721296296265,random_forest,absolute,fold_1,1h,ppb
2026-08-12T03:15:00Z,1,42.67,39.77,50.11544133597882,-7.4454413359788205,random_forest,absolute,fold_1,1h,ppb
2026-08-12T03:30:00Z,1,46.46,43.28,51.39850930335096,-4.938509303350962,random_forest,absolute,fold_1,1h,ppb
2026-08-12T03:45:00Z,1,48.44,41.04,51.12931937830686,-2.6893193783068625,random_forest,absolute,fold_1,1h,ppb
2026-08-12T04:00:00Z,1,50.21,40.81,51.9347596340388,-1.7247596340387972,random_forest,absolute,fold_1,1h,ppb
2026-08-12T04:15:00Z,1,56.1,42.67,50.50669772927688,5.593302270723122,random_forest,absolute,fold_1,1h,ppb
2026-08-12T04:30:00Z,1,51.21,46.46,54.05181082451499,-2.8418108245149867,random_forest,absolute,fold_1,1h,ppb
2026-08-12T04:45:00Z,1,44.89,48.44,56.615837147266284,-11.725837147266283,random_forest,absolute,fold_1,1h,ppb
2026-08-12T05:00:00Z,1,54.08,50.21,60.38520868606702,-6.305208686067019,random_forest,absolute,fold_1,1h,ppb
2026-08-12T05:15:00Z,1,56.82,56.1,63.99533571428573,-7.17533571428573,random_forest,absolute,fold_1,1h,ppb
2026-08-12T05:30:00Z,1,59.59,51.21,61.56022354497358,-1.970223544973578,random_forest,absolute,fold_1,1h,ppb
2026-08-12T05:45:00Z,1,65.27,44.89,58.26813046906799,7.001869530932005,random_forest,absolute,fold_1,1h,ppb
2026-08-12T06:00:00Z,1,70.77,54.08,62.558387852733674,8.211612147266322,random_forest,absolute,fold_1,1h,ppb
2026-08-12T06:15:00Z,1,72.32,56.82,63.455428969949814,8.864571030050179,random_forest,absolute,fold_1,1h,ppb
2026-08-12T06:30:00Z,1,75.31,59.59,64.89495182980605,10.415048170193955,random_forest,absolute,fold_1,1h,ppb
2026-08-12T06:45:00Z,1,77.95,65.27,72.68274459876541,5.267255401234593,random_forest,absolute,fold_1,1h,ppb
2026-08-12T07:00:00Z,1,81.07,70.77,74.56521342592592,6.504786574074075,random_forest,absolute,fold_1,1h,ppb
2026-08-12T07:15:00Z,1,84.91,72.32,75.37556911375663,9.53443088624337,random_forest,absolute,fold_1,1h,ppb
2026-08-12T07:30:00Z,1,78.43,75.31,72.545696506734,5.884303493266003,random_forest,absolute,fold_1,1h,ppb
2026-08-12T07:45:00Z,1,73.67,77.95,71.39241776094278,2.2775822390572245,random_forest,absolute,fold_1,1h,ppb
2026-08-12T08:00:00Z,1,64.5,81.07,69.89191666793246,-5.391916667932463,random_forest,absolute,fold_1,1h,ppb
2026-08-12T08:15:00Z,1,69.02,84.91,70.93397324561407,-1.9139732456140734,random_forest,absolute,fold_1,1h,ppb
2026-08-12T08:30:00Z,1,73.63,78.43,69.82036117724873,3.8096388227512676,random_forest,absolute,fold_1,1h,ppb
2026-08-12T08:45:00Z,1,73.43,73.67,68.4723962962963,4.957603703703711,random_forest,absolute,fold_1,1h,ppb
2026-08-12T09:00:00Z,1,66.12,64.5,62.04246749706056,4.077532502939448,random_forest,absolute,fold_1,1h,ppb
2026-08-12T09:15:00Z,1,67.49,69.02,61.98295318930039,5.507046810699606,random_forest,absolute,fold_1,1h,ppb
2026-08-12T09:30:00Z,1,63.54,73.63,61.357400551146355,2.1825994488536438,random_forest,absolute,fold_1,1h,ppb
2026-08-12T09:45:00Z,1,61.53,73.43,60.77889283509697,0.7511071649030328,random_forest,absolute,fold_1,1h,ppb
2026-08-12T10:00:00Z,1,57.0,66.12,59.25410670194002,-2.2541067019400174,random_forest,absolute,fold_1,1h,ppb
2026-08-12T10:15:00Z,1,56.76,67.49,59.61200947971781,-2.8520094797178146,random_forest,absolute,fold_1,1h,ppb
2026-08-12T10:30:00Z,1,52.05,63.54,58.725248478835965,-6.675248478835968,random_forest,absolute,fold_1,1h,ppb
2026-08-12T10:45:00Z,1,57.83,61.53,58.883692935305426,-1.0536929353054276,random_forest,absolute,fold_1,1h,ppb
2026-08-12T11:00:00Z,1,55.33,57.0,57.52280592595377,-2.1928059259537704,random_forest,absolute,fold_1,1h,ppb
2026-08-12T11:15:00Z,1,58.96,56.76,56.95176205672839,2.0082379432716095,random_forest,absolute,fold_1,1h,ppb
2026-08-12T11:30:00Z,1,57.94,52.05,55.64622314548907,2.2937768545109307,random_forest,absolute,fold_1,1h,ppb
2026-08-12T11:45:00Z,1,58.82,57.83,57.436303511800766,1.3836964881992344,random_forest,absolute,fold_1,1h,ppb
2026-08-12T12:00:00Z,1,52.0,55.33,57.26383915193022,-5.26383915193022,random_forest,absolute,fold_1,1h,ppb
2026-08-12T12:15:00Z,1,55.61,58.96,55.59759494450016,0.0124050554998405,random_forest,absolute,fold_1,1h,ppb
2026-08-12T12:30:00Z,1,51.77,57.94,54.98347399307804,-3.21347399307804,random_forest,absolute,fold_1,1h,ppb
2026-08-12T12:45:00Z,1,50.68,58.82,55.24746806783085,-4.567468067830852,random_forest,absolute,fold_1,1h,ppb
2026-08-12T13:00:00Z,1,49.51,52.0,53.87814264314883,-4.368142643148829,random_forest,absolute,fold_1,1h,ppb
2026-08-12T13:15:00Z,1,51.24,55.61,55.84109379482351,-4.601093794823505,random_forest,absolute,fold_1,1h,ppb
2026-08-12T13:30:00Z,1,48.43,51.77,54.962779973968466,-6.532779973968466,random_forest,absolute,fold_1,1h,ppb
2026-08-12T13:45:00Z,1,50.92,50.68,52.82198470009809,-1.9019847000980903,random_forest,absolute,fold_1,1h,ppb
2026-08-12T14:00:00Z,1,50.82,49.51,51.58579955759042,-0.7657995575904195,random_forest,absolute,fold_1,1h,ppb
2026-08-12T14:15:00Z,1,46.78,51.24,52.564976324802736,-5.784976324802734,random_forest,absolute,fold_1,1h,ppb
2026-08-12T14:30:00Z,1,45.23,48.43,51.02922292634061,-5.799222926340612,random_forest,absolute,fold_1,1h,ppb
2026-08-12T14:45:00Z,1,38.04,50.92,44.156085606513614,-6.116085606513614,random_forest,absolute,fold_1,1h,ppb
2026-08-12T15:00:00Z,1,30.59,50.82,42.61645438712522,-12.026454387125224,random_forest,absolute,fold_1,1h,ppb
2026-08-12T15:15:00Z,1,31.0,46.78,42.93835074980678,-11.93835074980678,random_forest,absolute,fold_1,1h,ppb
2026-08-12T15:30:00Z,1,36.23,45.23,42.41615571376697,-6.186155713766972,random_forest,absolute,fold_1,1h,ppb
2026-08-12T15:45:00Z,1,37.55,38.04,42.532332186948835,-4.982332186948838,random_forest,absolute,fold_1,1h,ppb
2026-08-12T16:00:00Z,1,35.98,30.59,39.59027067901233,-3.6102706790123307,random_forest,absolute,fold_1,1h,ppb
2026-08-12T16:15:00Z,1,31.94,31.0,39.06224016754851,-7.122240167548508,random_forest,absolute,fold_1,1h,ppb
2026-08-12T16:30:00Z,1,39.85,36.23,39.37680667989418,0.47319332010582116,random_forest,absolute,fold_1,1h,ppb
2026-08-12T16:45:00Z,1,35.92,37.55,41.04192433862434,-5.121924338624339,random_forest,absolute,fold_1,1h,ppb
2026-08-12T17:00:00Z,1,38.65,35.98,40.708110846560835,-2.0581108465608366,random_forest,absolute,fold_1,1h,ppb
2026-08-12T17:15:00Z,1,43.76,31.94,40.99225019841269,2.767749801587307,random_forest,absolute,fold_1,1h,ppb
2026-08-12T17:30:00Z,1,47.57,39.85,45.03069556878308,2.5393044312169195,random_forest,absolute,fold_1,1h,ppb
2026-08-12T17:45:00Z,1,55.19,35.92,45.69125718694884,9.498742813051159,random_forest,absolute,fold_1,1h,ppb
2026-08-12T18:00:00Z,1,49.42,38.65,50.4816576058201,-1.0616576058200948,random_forest,absolute,fold_1,1h,ppb
2026-08-12T18:15:00Z,1,52.45,43.76,52.35321951058198,0.09678048941802331,random_forest,absolute,fold_1,1h,ppb
2026-08-12T18:30:00Z,1,60.41,47.57,53.54002782740233,6.86997217259767,random_forest,absolute,fold_1,1h,ppb
2026-08-12T18:45:00Z,1,61.45,55.19,55.89281114918532,5.557188850814683,random_forest,absolute,fold_1,1h,ppb
2026-08-12T19:00:00Z,1,62.96,49.42,56.561985940262204,6.398014059737797,random_forest,absolute,fold_1,1h,ppb
2026-08-12T19:15:00Z,1,57.93,52.45,56.55187321617264,1.378126783827362,random_forest,absolute,fold_1,1h,ppb
2026-08-12T19:30:00Z,1,63.46,60.41,57.72781270399585,5.732187296004149,random_forest,absolute,fold_1,1h,ppb
2026-08-12T19:45:00Z,1,51.85,61.45,58.244507617157716,-6.394507617157714,random_forest,absolute,fold_1,1h,ppb
2026-08-12T20:00:00Z,1,40.77,62.96,58.65424776266036,-17.884247762660358,random_forest,absolute,fold_1,1h,ppb
2026-08-12T20:15:00Z,1,41.7,57.93,53.68215359933194,-11.982153599331937,random_forest,absolute,fold_1,1h,ppb
2026-08-12T20:30:00Z,1,35.25,63.46,57.27509621527378,-22.025096215273777,random_forest,absolute,fold_1,1h,ppb
2026-08-12T20:45:00Z,1,33.45,51.85,53.083492660579324,-19.63349266057932,random_forest,absolute,fold_1,1h,ppb
2026-08-12T21:00:00Z,1,27.83,40.77,48.10525711961963,-20.27525711961963,random_forest,absolute,fold_1,1h,ppb
2026-08-12T21:15:00Z,1,27.71,41.7,47.916296957671946,-20.206296957671945,random_forest,absolute,fold_1,1h,ppb
2026-08-12T21:30:00Z,1,34.59,35.25,43.75880901675484,-9.168809016754835,random_forest,absolute,fold_1,1h,ppb
2026-08-12T21:45:00Z,1,35.57,33.45,43.23393692680775,-7.66393692680775,random_forest,absolute,fold_1,1h,ppb
2026-08-12T22:00:00Z,1,37.6,27.83,36.537830158730145,1.0621698412698564,random_forest,absolute,fold_1,1h,ppb
2026-08-12T22:15:00Z,1,35.92,27.71,36.368794312169314,-0.4487943121693121,random_forest,absolute,fold_1,1h,ppb
2026-08-12T22:30:00Z,1,35.36,34.59,36.010908664021166,-0.6509086640211663,random_forest,absolute,fold_1,1h,ppb
2026-08-12T22:45:00Z,1,30.86,35.57,36.34237552910053,-5.48237552910053,random_forest,absolute,fold_1,1h,ppb
2026-08-12T23:00:00Z,1,32.22,37.6,38.9723941919192,-6.752394191919201,random_forest,absolute,fold_1,1h,ppb
2026-08-12T23:15:00Z,1,32.08,35.92,40.6351163580247,-8.555116358024705,random_forest,absolute,fold_1,1h,ppb
2026-08-12T23:30:00Z,1,31.32,35.36,41.03452341269845,-9.714523412698448,random_forest,absolute,fold_1,1h,ppb
2026-08-12T23:45:00Z,1,33.29,30.86,39.40069457671961,-6.1106945767196095,random_forest,absolute,fold_1,1h,ppb
2026-08-13T00:00:00Z,1,29.48,32.22,37.40875059523811,-7.92875059523811,random_forest,absolute,fold_1,1h,ppb
2026-08-13T00:15:00Z,1,30.99,32.08,36.25179160052911,-5.261791600529111,random_forest,absolute,fold_1,1h,ppb
2026-08-13T00:30:00Z,1,32.33,31.32,35.90681983525734,-3.5768198352573393,random_forest,absolute,fold_1,1h,ppb
2026-08-13T00:45:00Z,1,33.85,33.29,35.702052837902826,-1.852052837902825,random_forest,absolute,fold_1,1h,ppb
2026-08-13T01:00:00Z,1,32.97,29.48,34.17874212361713,-1.208742123617128,random_forest,absolute,fold_1,1h,ppb
2026-08-13T01:15:00Z,1,35.41,30.99,33.93665931938432,1.473340680615678,random_forest,absolute,fold_1,1h,ppb
2026-08-13T01:30:00Z,1,34.11,32.33,33.42863484848485,0.681365151515152,random_forest,absolute,fold_1,1h,ppb
2026-08-13T01:45:00Z,1,32.79,33.85,32.802710509860496,-0.012710509860497154,random_forest,absolute,fold_1,1h,ppb
2026-08-13T02:00:00Z,1,29.76,32.97,33.78335151515151,-4.023351515151507,random_forest,absolute,fold_1,1h,ppb
2026-08-13T02:15:00Z,1,31.51,35.41,33.88041037758536,-2.3704103775853618,random_forest,absolute,fold_1,1h,ppb
2026-08-13T02:30:00Z,1,31.94,34.11,34.601262758537736,-2.6612627585377346,random_forest,absolute,fold_1,1h,ppb
2026-08-13T02:45:00Z,1,29.44,32.79,36.57745098605099,-7.13745098605099,random_forest,absolute,fold_1,1h,ppb
2026-08-13T03:00:00Z,1,27.72,29.76,46.89660736331569,-19.17660736331569,random_forest,absolute,fold_1,1h,ppb
2026-08-13T03:15:00Z,1,27.23,31.51,46.47145171957673,-19.241451719576727,random_forest,absolute,fold_1,1h,ppb
2026-08-13T03:30:00Z,1,27.79,31.94,45.63266164021167,-17.842661640211674,random_forest,absolute,fold_1,1h,ppb
2026-08-13T03:45:00Z,1,34.52,29.44,46.41487619047621,-11.894876190476204,random_forest,absolute,fold_1,1h,ppb
2026-08-13T04:00:00Z,1,45.66,27.72,46.30336863876866,-0.6433686387686635,random_forest,absolute,fold_1,1h,ppb
2026-08-13T04:15:00Z,1,49.3,27.23,46.32405091390094,2.9759490860990567,random_forest,absolute,fold_1,1h,ppb
2026-08-13T04:30:00Z,1,51.36,27.79,47.37679363876865,3.983206361231346,random_forest,absolute,fold_1,1h,ppb
2026-08-13T04:45:00Z,1,54.21,34.52,49.05247328042331,5.157526719576694,random_forest,absolute,fold_1,1h,ppb
2026-08-13T05:00:00Z,1,51.38,45.66,53.51819514991181,-2.138195149911809,random_forest,absolute,fold_1,1h,ppb
2026-08-13T05:15:00Z,1,48.44,49.3,56.83734381513547,-8.397343815135471,random_forest,absolute,fold_1,1h,ppb
2026-08-13T05:30:00Z,1,54.98,51.36,59.4415597763348,-4.461559776334802,random_forest,absolute,fold_1,1h,ppb
2026-08-13T05:45:00Z,1,59.72,54.21,65.89233814935066,-6.172338149350665,random_forest,absolute,fold_1,1h,ppb
2026-08-13T06:00:00Z,1,62.92,51.38,63.63678100649347,-0.7167810064934699,random_forest,absolute,fold_1,1h,ppb
2026-08-13T06:15:00Z,1,64.11,48.44,62.2303913900914,1.8796086099086011,random_forest,absolute,fold_1,1h,ppb
2026-08-13T06:30:00Z,1,67.42,54.98,65.58108265993263,1.8389173400673684,random_forest,absolute,fold_1,1h,ppb
2026-08-13T06:45:00Z,1,71.78,59.72,66.40077017195767,5.379229828042327,random_forest,absolute,fold_1,1h,ppb
2026-08-13T07:00:00Z,1,76.37,62.92,70.8494927910053,5.520507208994701,random_forest,absolute,fold_1,1h,ppb
2026-08-13T07:15:00Z,1,82.5,64.11,73.296642526455,9.203357473544997,random_forest,absolute,fold_1,1h,ppb
2026-08-13T07:30:00Z,1,65.1,67.42,74.13314656084653,-9.033146560846532,random_forest,absolute,fold_1,1h,ppb
2026-08-13T07:45:00Z,1,71.16,71.78,76.4294798941799,-5.269479894179909,random_forest,absolute,fold_1,1h,ppb
2026-08-13T08:00:00Z,1,76.94,76.37,75.23128214285711,1.7087178571428865,random_forest,absolute,fold_1,1h,ppb
2026-08-13T08:30:00Z,1,94.02,65.1,72.75316236772485,21.26683763227514,random_forest,absolute,fold_1,1h,ppb
2026-08-13T08:45:00Z,1,63.41,71.16,71.17949188712518,-7.769491887125184,random_forest,absolute,fold_1,1h,ppb
2026-08-13T09:00:00Z,1,61.62,76.94,66.3760450764256,-4.7560450764256,random_forest,absolute,fold_1,1h,ppb
2026-08-13T09:30:00Z,1,59.35,94.02,68.00280460023514,-8.652804600235136,random_forest,absolute,fold_1,1h,ppb
2026-08-13T09:45:00Z,1,55.26,63.41,63.84673256239648,-8.586732562396485,random_forest,absolute,fold_1,1h,ppb
2026-08-13T10:00:00Z,1,50.94,61.62,60.614842316052496,-9.674842316052498,random_forest,absolute,fold_1,1h,ppb
2026-08-13T10:15:00Z,1,51.29,58.73,56.968612105213985,-5.678612105213986,random_forest,absolute,fold_1,1h,ppb
2026-08-13T10:30:00Z,1,56.26,59.35,55.19942192296821,1.060578077031785,random_forest,absolute,fold_1,1h,ppb
2026-08-13T10:45:00Z,1,57.56,55.26,53.85543377606181,3.704566223938194,random_forest,absolute,fold_1,1h,ppb
2026-08-13T11:00:00Z,1,58.59,50.94,53.15236394169106,5.4376360583089465,random_forest,absolute,fold_1,1h,ppb
2026-08-13T11:15:00Z,1,56.19,51.29,54.28961246313685,1.9003875368631498,random_forest,absolute,fold_1,1h,ppb
2026-08-13T11:30:00Z,1,57.22,56.26,57.5461856027491,-0.32618560274909925,random_forest,absolute,fold_1,1h,ppb
2026-08-13T11:45:00Z,1,56.7,57.56,53.97803828484582,2.7219617151541797,random_forest,absolute,fold_1,1h,ppb
2026-08-13T12:00:00Z,1,55.79,58.59,57.55160527075699,-1.7616052707569878,random_forest,absolute,fold_1,1h,ppb
2026-08-13T12:15:00Z,1,58.16,56.19,56.61732269459523,1.5426773054047658,random_forest,absolute,fold_1,1h,ppb
2026-08-13T12:30:00Z,1,56.51,57.22,55.46723559130561,1.0427644086943886,random_forest,absolute,fold_1,1h,ppb
2026-08-13T12:45:00Z,1,51.79,56.7,55.68228918623883,-3.892289186238834,random_forest,absolute,fold_1,1h,ppb
2026-08-13T13:00:00Z,1,54.33,55.79,55.62655129193783,-1.2965512919378313,random_forest,absolute,fold_1,1h,ppb
2026-08-13T13:15:00Z,1,55.45,58.16,55.93131049818591,-0.48131049818590554,random_forest,absolute,fold_1,1h,ppb
2026-08-13T13:30:00Z,1,62.14,56.51,55.60665287483339,6.533347125166614,random_forest,absolute,fold_1,1h,ppb
2026-08-13T13:45:00Z,1,62.84,51.79,52.93255571473552,9.907444285264482,random_forest,absolute,fold_1,1h,ppb
2026-08-13T14:00:00Z,1,56.07,54.33,55.020833599434546,1.0491664005654542,random_forest,absolute,fold_1,1h,ppb
2026-08-13T14:15:00Z,1,53.58,55.45,56.11310534001866,-2.5331053400186647,random_forest,absolute,fold_1,1h,ppb
2026-08-13T14:30:00Z,1,48.71,62.14,57.93701164270836,-9.227011642708362,random_forest,absolute,fold_1,1h,ppb
2026-08-13T14:45:00Z,1,44.93,62.84,54.95614860007943,-10.02614860007943,random_forest,absolute,fold_1,1h,ppb
2026-08-13T15:00:00Z,1,44.03,56.07,47.10015491915206,-3.07015491915206,random_forest,absolute,fold_1,1h,ppb
2026-08-13T15:15:00Z,1,42.06,53.58,45.305330238268155,-3.245330238268153,random_forest,absolute,fold_1,1h,ppb
2026-08-13T15:30:00Z,1,41.08,48.71,48.7806518728135,-7.700651872813502,random_forest,absolute,fold_1,1h,ppb
2026-08-13T15:45:00Z,1,45.3,44.93,47.134898893018395,-1.8348988930183978,random_forest,absolute,fold_1,1h,ppb
2026-08-13T16:00:00Z,1,44.81,44.03,46.82456920286505,-2.0145692028650473,random_forest,absolute,fold_1,1h,ppb
2026-08-13T16:15:00Z,1,42.61,42.06,45.710862913783764,-3.1008629137837644,random_forest,absolute,fold_1,1h,ppb
2026-08-13T16:30:00Z,1,44.56,41.08,46.470988492063476,-1.910988492063474,random_forest,absolute,fold_1,1h,ppb
2026-08-13T16:45:00Z,1,49.31,45.3,48.030882958553775,1.2791170414462272,random_forest,absolute,fold_1,1h,ppb
2026-08-13T17:00:00Z,1,49.88,44.81,48.045608700096174,1.834391299903828,random_forest,absolute,fold_1,1h,ppb
2026-08-13T17:15:00Z,1,50.85,42.61,47.257334391534386,3.592665608465616,random_forest,absolute,fold_1,1h,ppb
2026-08-13T17:30:00Z,1,47.39,44.56,49.30583043129708,-1.9158304312970813,random_forest,absolute,fold_1,1h,ppb
2026-08-13T17:45:00Z,1,46.57,49.31,52.90523346193414,-6.335233461934138,random_forest,absolute,fold_1,1h,ppb
2026-08-13T18:00:00Z,1,44.97,49.88,54.89785168452946,-9.927851684529465,random_forest,absolute,fold_1,1h,ppb
2026-08-13T18:15:00Z,1,43.49,50.85,54.87564113657479,-11.38564113657479,random_forest,absolute,fold_1,1h,ppb
2026-08-13T18:30:00Z,1,46.27,47.39,53.34843240785679,-7.078432407856788,random_forest,absolute,fold_1,1h,ppb
2026-08-13T18:45:00Z,1,43.35,46.57,53.54230413328207,-10.192304133282072,random_forest,absolute,fold_1,1h,ppb
2026-08-13T19:00:00Z,1,47.04,44.97,53.319688022928766,-6.279688022928767,random_forest,absolute,fold_1,1h,ppb
2026-08-13T19:15:00Z,1,43.97,43.49,52.33470462962961,-8.364704629629614,random_forest,absolute,fold_1,1h,ppb
2026-08-13T19:30:00Z,1,49.85,46.27,53.98328274318271,-4.133282743182711,random_forest,absolute,fold_1,1h,ppb
2026-08-13T19:45:00Z,1,55.18,43.35,52.2122792328042,2.9677207671958,random_forest,absolute,fold_1,1h,ppb
2026-08-13T20:00:00Z,1,56.96,47.04,54.17036067620647,2.78963932379353,random_forest,absolute,fold_1,1h,ppb
2026-08-13T20:15:00Z,1,52.79,43.97,53.05031243386242,-0.2603124338624241,random_forest,absolute,fold_1,1h,ppb
2026-08-13T20:30:00Z,1,53.75,49.85,56.513852420807844,-2.7638524208078437,random_forest,absolute,fold_1,1h,ppb
2026-08-13T20:45:00Z,1,51.27,55.18,57.51806153767714,-6.248061537677138,random_forest,absolute,fold_1,1h,ppb
2026-08-13T21:00:00Z,1,48.66,56.96,58.39251563977136,-9.732515639771364,random_forest,absolute,fold_1,1h,ppb
2026-08-13T21:15:00Z,1,47.56,52.79,57.945299965440206,-10.385299965440204,random_forest,absolute,fold_1,1h,ppb
2026-08-13T21:30:00Z,1,48.87,53.75,57.48920855553278,-8.61920855553278,random_forest,absolute,fold_1,1h,ppb
2026-08-13T21:45:00Z,1,51.22,51.27,53.340337604464466,-2.120337604464467,random_forest,absolute,fold_1,1h,ppb
2026-08-13T22:00:00Z,1,55.39,48.66,49.67602539506894,5.71397460493106,random_forest,absolute,fold_1,1h,ppb
2026-08-13T22:15:00Z,1,56.84,47.56,47.62296848874633,9.217031511253673,random_forest,absolute,fold_1,1h,ppb
2026-08-13T22:30:00Z,1,52.78,48.87,47.49027366727047,5.289726332729529,random_forest,absolute,fold_1,1h,ppb
2026-08-13T22:45:00Z,1,50.54,51.22,50.06511991423309,0.47488008576691243,random_forest,absolute,fold_1,1h,ppb
2026-08-13T23:00:00Z,1,51.84,55.39,56.55626204677496,-4.716262046774958,random_forest,absolute,fold_1,1h,ppb
2026-08-13T23:15:00Z,1,50.6,56.84,51.575611925543335,-0.9756119255433333,random_forest,absolute,fold_1,1h,ppb
2026-08-13T23:30:00Z,1,46.86,52.78,54.82457382401167,-7.964573824011673,random_forest,absolute,fold_1,1h,ppb
2026-08-13T23:45:00Z,1,46.9,50.54,49.16040458211323,-2.2604045821132317,random_forest,absolute,fold_1,1h,ppb
2026-08-12T00:00:00Z,1,32.64,47.08,44.136978545374376,-11.496978545374375,random_forest,delta,fold_1,1h,ppb
2026-08-12T00:15:00Z,1,35.4,44.22,45.081157220975896,-9.681157220975898,random_forest,delta,fold_1,1h,ppb
2026-08-12T00:30:00Z,1,34.74,35.77,36.69775221762573,-1.9577522176257247,random_forest,delta,fold_1,1h,ppb
2026-08-12T00:45:00Z,1,34.24,37.34,38.465982788348654,-4.225982788348652,random_forest,delta,fold_1,1h,ppb
2026-08-12T01:00:00Z,1,37.19,32.64,34.59503697136643,2.5949630286335648,random_forest,delta,fold_1,1h,ppb
2026-08-12T01:15:00Z,1,38.13,35.4,37.26214506080592,0.867854939194082,random_forest,delta,fold_1,1h,ppb
2026-08-12T01:30:00Z,1,33.37,34.74,36.89334029147841,-3.523340291478412,random_forest,delta,fold_1,1h,ppb
2026-08-12T01:45:00Z,1,34.01,34.24,36.16776702859438,-2.1577670285943853,random_forest,delta,fold_1,1h,ppb
2026-08-12T02:00:00Z,1,35.12,37.19,37.41492140977778,-2.2949214097777855,random_forest,delta,fold_1,1h,ppb
2026-08-12T02:15:00Z,1,39.77,38.13,38.332453245221316,1.4375467547786869,random_forest,delta,fold_1,1h,ppb
2026-08-12T02:30:00Z,1,43.28,33.37,35.39054969873958,7.889450301260425,random_forest,delta,fold_1,1h,ppb
2026-08-12T02:45:00Z,1,41.04,34.01,35.839739391298174,5.200260608701825,random_forest,delta,fold_1,1h,ppb
2026-08-12T03:00:00Z,1,40.81,35.12,42.548335783018764,-1.738335783018762,random_forest,delta,fold_1,1h,ppb
2026-08-12T03:15:00Z,1,42.67,39.77,48.94204857359736,-6.27204857359736,random_forest,delta,fold_1,1h,ppb
2026-08-12T03:30:00Z,1,46.46,43.28,51.685555298600036,-5.225555298600035,random_forest,delta,fold_1,1h,ppb
2026-08-12T03:45:00Z,1,48.44,41.04,52.1961623015873,-3.7561623015873025,random_forest,delta,fold_1,1h,ppb
2026-08-12T04:00:00Z,1,50.21,40.81,51.70035608465609,-1.4903560846560922,random_forest,delta,fold_1,1h,ppb
2026-08-12T04:15:00Z,1,56.1,42.67,53.58884761904763,2.5111523809523746,random_forest,delta,fold_1,1h,ppb
2026-08-12T04:30:00Z,1,51.21,46.46,56.88838875661376,-5.6783887566137565,random_forest,delta,fold_1,1h,ppb
2026-08-12T04:45:00Z,1,44.89,48.44,59.474707186948855,-14.584707186948854,random_forest,delta,fold_1,1h,ppb
2026-08-12T05:00:00Z,1,54.08,50.21,59.7912287037037,-5.7112287037037035,random_forest,delta,fold_1,1h,ppb
2026-08-12T05:15:00Z,1,56.82,56.1,62.96049365079365,-6.140493650793651,random_forest,delta,fold_1,1h,ppb
2026-08-12T05:30:00Z,1,59.59,51.21,60.77115674603174,-1.1811567460317391,random_forest,delta,fold_1,1h,ppb
2026-08-12T05:45:00Z,1,65.27,44.89,56.69858055555557,8.571419444444423,random_forest,delta,fold_1,1h,ppb
2026-08-12T06:00:00Z,1,70.77,54.08,61.099278306878304,9.670721693121692,random_forest,delta,fold_1,1h,ppb
2026-08-12T06:15:00Z,1,72.32,56.82,65.63231816578484,6.687681834215155,random_forest,delta,fold_1,1h,ppb
2026-08-12T06:30:00Z,1,75.31,59.59,69.41345410052911,5.896545899470894,random_forest,delta,fold_1,1h,ppb
2026-08-12T06:45:00Z,1,77.95,65.27,71.96090284391533,5.989097156084668,random_forest,delta,fold_1,1h,ppb
2026-08-12T07:00:00Z,1,81.07,70.77,77.05860112433862,4.011398875661371,random_forest,delta,fold_1,1h,ppb
2026-08-12T07:15:00Z,1,84.91,72.32,76.60728908730158,8.302710912698416,random_forest,delta,fold_1,1h,ppb
2026-08-12T07:30:00Z,1,78.43,75.31,74.80300191798942,3.626998082010587,random_forest,delta,fold_1,1h,ppb
2026-08-12T07:45:00Z,1,73.67,77.95,67.86883255422102,5.801167445778987,random_forest,delta,fold_1,1h,ppb
2026-08-12T08:00:00Z,1,64.5,81.07,71.50765694053372,-7.007656940533721,random_forest,delta,fold_1,1h,ppb
2026-08-12T08:15:00Z,1,69.02,84.91,74.74578554833111,-5.7257855483311175,random_forest,delta,fold_1,1h,ppb
2026-08-12T08:30:00Z,1,73.63,78.43,70.79885590438526,2.8311440956147322,random_forest,delta,fold_1,1h,ppb
2026-08-12T08:45:00Z,1,73.43,73.67,65.87870109499724,7.551298905002767,random_forest,delta,fold_1,1h,ppb
2026-08-12T09:00:00Z,1,66.12,64.5,60.27842601735748,5.841573982642522,random_forest,delta,fold_1,1h,ppb
2026-08-12T09:15:00Z,1,67.49,69.02,62.79115856283803,4.698841437161967,random_forest,delta,fold_1,1h,ppb
2026-08-12T09:30:00Z,1,63.54,73.63,65.48378556198269,-1.9437855619826863,random_forest,delta,fold_1,1h,ppb
2026-08-12T09:45:00Z,1,61.53,73.43,64.5874753885338,-3.0574753885338026,random_forest,delta,fold_1,1h,ppb
2026-08-12T10:00:00Z,1,57.0,66.12,59.06786078046661,-2.06786078046661,random_forest,delta,fold_1,1h,ppb
2026-08-12T10:15:00Z,1,56.76,67.49,59.354744600060336,-2.594744600060338,random_forest,delta,fold_1,1h,ppb
2026-08-12T10:30:00Z,1,52.05,63.54,58.44869222990703,-6.398692229907034,random_forest,delta,fold_1,1h,ppb
2026-08-12T10:45:00Z,1,57.83,61.53,57.2968161127658,0.5331838872341947,random_forest,delta,fold_1,1h,ppb
2026-08-12T11:00:00Z,1,55.33,57.0,56.39032415674603,-1.0603241567460344,random_forest,delta,fold_1,1h,ppb
2026-08-12T11:15:00Z,1,58.96,56.76,56.86244342865769,2.0975565713423094,random_forest,delta,fold_1,1h,ppb
2026-08-12T11:30:00Z,1,57.94,52.05,54.82914880878653,3.11085119121347,random_forest,delta,fold_1,1h,ppb
2026-08-12T11:45:00Z,1,58.82,57.83,59.172806619459685,-0.3528066194596846,random_forest,delta,fold_1,1h,ppb
2026-08-12T12:00:00Z,1,52.0,55.33,56.74760702703612,-4.747607027036118,random_forest,delta,fold_1,1h,ppb
2026-08-12T12:15:00Z,1,55.61,58.96,57.59172664894157,-1.9817266489415672,random_forest,delta,fold_1,1h,ppb
2026-08-12T12:30:00Z,1,51.77,57.94,55.38709977900346,-3.6170997790034534,random_forest,delta,fold_1,1h,ppb
2026-08-12T12:45:00Z,1,50.68,58.82,56.490543901338505,-5.810543901338505,random_forest,delta,fold_1,1h,ppb
2026-08-12T13:00:00Z,1,49.51,52.0,54.41585439442707,-4.905854394427074,random_forest,delta,fold_1,1h,ppb
2026-08-12T13:15:00Z,1,51.24,55.61,57.13814757324217,-5.89814757324217,random_forest,delta,fold_1,1h,ppb
2026-08-12T13:30:00Z,1,48.43,51.77,55.20802462264935,-6.7780246226493475,random_forest,delta,fold_1,1h,ppb
2026-08-12T13:45:00Z,1,50.92,50.68,54.130078441256614,-3.210078441256613,random_forest,delta,fold_1,1h,ppb
2026-08-12T14:00:00Z,1,50.82,49.51,52.84408005119117,-2.02408005119117,random_forest,delta,fold_1,1h,ppb
2026-08-12T14:15:00Z,1,46.78,51.24,53.37842017889408,-6.598420178894081,random_forest,delta,fold_1,1h,ppb
2026-08-12T14:30:00Z,1,45.23,48.43,49.42314883722826,-4.193148837228264,random_forest,delta,fold_1,1h,ppb
2026-08-12T14:45:00Z,1,38.04,50.92,40.82035020843354,-2.780350208433539,random_forest,delta,fold_1,1h,ppb
2026-08-12T15:00:00Z,1,30.59,50.82,40.03003150352734,-9.44003150352734,random_forest,delta,fold_1,1h,ppb
2026-08-12T15:15:00Z,1,31.0,46.78,40.307762160873565,-9.307762160873565,random_forest,delta,fold_1,1h,ppb
2026-08-12T15:30:00Z,1,36.23,45.23,41.31476794367101,-5.084767943671011,random_forest,delta,fold_1,1h,ppb
2026-08-12T15:45:00Z,1,37.55,38.04,40.84663298780246,-3.296632987802461,random_forest,delta,fold_1,1h,ppb
2026-08-12T16:00:00Z,1,35.98,30.59,34.242071376519476,1.7379286234805207,random_forest,delta,fold_1,1h,ppb
2026-08-12T16:15:00Z,1,31.94,31.0,34.18362633154522,-2.2436263315452187,random_forest,delta,fold_1,1h,ppb
2026-08-12T16:30:00Z,1,39.85,36.23,38.1905241990645,1.6594758009355033,random_forest,delta,fold_1,1h,ppb
2026-08-12T16:45:00Z,1,35.92,37.55,39.52017554671591,-3.60017554671591,random_forest,delta,fold_1,1h,ppb
2026-08-12T17:00:00Z,1,38.65,35.98,38.43965656783556,0.21034343216443574,random_forest,delta,fold_1,1h,ppb
2026-08-12T17:15:00Z,1,43.76,31.94,36.85326555435306,6.90673444564694,random_forest,delta,fold_1,1h,ppb
2026-08-12T17:30:00Z,1,47.57,39.85,45.198875440105226,2.371124559894774,random_forest,delta,fold_1,1h,ppb
2026-08-12T17:45:00Z,1,55.19,35.92,43.41829513095785,11.771704869042146,random_forest,delta,fold_1,1h,ppb
2026-08-12T18:00:00Z,1,49.42,38.65,46.49401700537117,2.925982994628832,random_forest,delta,fold_1,1h,ppb
2026-08-12T18:15:00Z,1,52.45,43.76,49.411211876253695,3.0387881237463077,random_forest,delta,fold_1,1h,ppb
2026-08-12T18:30:00Z,1,60.41,47.57,54.00841155549349,6.401588444506508,random_forest,delta,fold_1,1h,ppb
2026-08-12T18:45:00Z,1,61.45,55.19,59.7539898180443,1.6960101819556996,random_forest,delta,fold_1,1h,ppb
2026-08-12T19:00:00Z,1,62.96,49.42,53.83654053188527,9.123459468114731,random_forest,delta,fold_1,1h,ppb
2026-08-12T19:15:00Z,1,57.93,52.45,55.691764911014914,2.2382350889850855,random_forest,delta,fold_1,1h,ppb
2026-08-12T19:30:00Z,1,63.46,60.41,62.27491315736732,1.1850868426326784,random_forest,delta,fold_1,1h,ppb
2026-08-12T19:45:00Z,1,51.85,61.45,62.813083545775214,-10.963083545775213,random_forest,delta,fold_1,1h,ppb
2026-08-12T20:00:00Z,1,40.77,62.96,61.324572552910055,-20.554572552910052,random_forest,delta,fold_1,1h,ppb
2026-08-12T20:15:00Z,1,41.7,57.93,56.44172484907068,-14.741724849070678,random_forest,delta,fold_1,1h,ppb
2026-08-12T20:30:00Z,1,35.25,63.46,57.375074367453536,-22.125074367453536,random_forest,delta,fold_1,1h,ppb
2026-08-12T20:45:00Z,1,33.45,51.85,48.187396362433866,-14.737396362433863,random_forest,delta,fold_1,1h,ppb
2026-08-12T21:00:00Z,1,27.83,40.77,39.1173468036724,-11.2873468036724,random_forest,delta,fold_1,1h,ppb
2026-08-12T21:15:00Z,1,27.71,41.7,41.15915662057555,-13.44915662057555,random_forest,delta,fold_1,1h,ppb
2026-08-12T21:30:00Z,1,34.59,35.25,37.706900386259896,-3.1169003862598927,random_forest,delta,fold_1,1h,ppb
2026-08-12T21:45:00Z,1,35.57,33.45,35.21263193400167,0.3573680659983296,random_forest,delta,fold_1,1h,ppb
2026-08-12T22:00:00Z,1,37.6,27.83,28.45492946356905,9.14507053643095,random_forest,delta,fold_1,1h,ppb
2026-08-12T22:15:00Z,1,35.92,27.71,27.849474378757353,8.070525621242648,random_forest,delta,fold_1,1h,ppb
2026-08-12T22:30:00Z,1,35.36,34.59,33.5965057279637,1.7634942720362972,random_forest,delta,fold_1,1h,ppb
2026-08-12T22:45:00Z,1,30.86,35.57,35.16408535759333,-4.30408535759333,random_forest,delta,fold_1,1h,ppb
2026-08-12T23:00:00Z,1,32.22,37.6,36.46573280157092,-4.245732801570924,random_forest,delta,fold_1,1h,ppb
2026-08-12T23:15:00Z,1,32.08,35.92,35.71114514724994,-3.6311451472499385,random_forest,delta,fold_1,1h,ppb
2026-08-12T23:30:00Z,1,31.32,35.36,36.94352147409121,-5.623521474091213,random_forest,delta,fold_1,1h,ppb
2026-08-12T23:45:00Z,1,33.29,30.86,31.36327314874624,1.9267268512537576,random_forest,delta,fold_1,1h,ppb
2026-08-13T00:00:00Z,1,29.48,32.22,32.33260845759179,-2.8526084575917885,random_forest,delta,fold_1,1h,ppb
2026-08-13T00:15:00Z,1,30.99,32.08,34.030740357944524,-3.040740357944525,random_forest,delta,fold_1,1h,ppb
2026-08-13T00:30:00Z,1,32.33,31.32,33.73500214979232,-1.405002149792324,random_forest,delta,fold_1,1h,ppb
2026-08-13T00:45:00Z,1,33.85,33.29,35.45303044933461,-1.6030304493346108,random_forest,delta,fold_1,1h,ppb
2026-08-13T01:00:00Z,1,32.97,29.48,31.608811292102445,1.3611887078975542,random_forest,delta,fold_1,1h,ppb
2026-08-13T01:15:00Z,1,35.41,30.99,33.51739341748484,1.8926065825151568,random_forest,delta,fold_1,1h,ppb
2026-08-13T01:30:00Z,1,34.11,32.33,34.226196451796206,-0.11619645179620619,random_forest,delta,fold_1,1h,ppb
2026-08-13T01:45:00Z,1,32.79,33.85,35.38526375260542,-2.595263752605419,random_forest,delta,fold_1,1h,ppb
2026-08-13T02:00:00Z,1,29.76,32.97,34.060937136142876,-4.300937136142874,random_forest,delta,fold_1,1h,ppb
2026-08-13T02:15:00Z,1,31.51,35.41,35.988595598423665,-4.478595598423663,random_forest,delta,fold_1,1h,ppb
2026-08-13T02:30:00Z,1,31.94,34.11,36.60649864068772,-4.666498640687717,random_forest,delta,fold_1,1h,ppb
2026-08-13T02:45:00Z,1,29.44,32.79,36.896124350163426,-7.4561243501634245,random_forest,delta,fold_1,1h,ppb
2026-08-13T03:00:00Z,1,27.72,29.76,38.83404391091365,-11.11404391091365,random_forest,delta,fold_1,1h,ppb
2026-08-13T03:15:00Z,1,27.23,31.51,41.10500953140427,-13.87500953140427,random_forest,delta,fold_1,1h,ppb
2026-08-13T03:30:00Z,1,27.79,31.94,42.77959925803567,-14.989599258035668,random_forest,delta,fold_1,1h,ppb
2026-08-13T03:45:00Z,1,34.52,29.44,41.480637754107484,-6.960637754107481,random_forest,delta,fold_1,1h,ppb
2026-08-13T04:00:00Z,1,45.66,27.72,40.00516923400673,5.6548307659932675,random_forest,delta,fold_1,1h,ppb
2026-08-13T04:15:00Z,1,49.3,27.23,40.25976329365079,9.040236706349205,random_forest,delta,fold_1,1h,ppb
2026-08-13T04:30:00Z,1,51.36,27.79,41.16940645943562,10.190593540564379,random_forest,delta,fold_1,1h,ppb
2026-08-13T04:45:00Z,1,54.21,34.52,46.15435641534391,8.055643584656089,random_forest,delta,fold_1,1h,ppb
2026-08-13T05:00:00Z,1,51.38,45.66,53.8859166005291,-2.5059166005290976,random_forest,delta,fold_1,1h,ppb
2026-08-13T05:15:00Z,1,48.44,49.3,57.86556541005291,-9.425565410052911,random_forest,delta,fold_1,1h,ppb
2026-08-13T05:30:00Z,1,54.98,51.36,59.45125026455027,-4.471250264550271,random_forest,delta,fold_1,1h,ppb
2026-08-13T05:45:00Z,1,59.72,54.21,61.540756018518515,-1.8207560185185159,random_forest,delta,fold_1,1h,ppb
2026-08-13T06:00:00Z,1,62.92,51.38,61.40663179012346,1.513368209876539,random_forest,delta,fold_1,1h,ppb
2026-08-13T06:15:00Z,1,64.11,48.44,60.641198633156975,3.4688013668430244,random_forest,delta,fold_1,1h,ppb
2026-08-13T06:30:00Z,1,67.42,54.98,63.38066785714285,4.039332142857148,random_forest,delta,fold_1,1h,ppb
2026-08-13T06:45:00Z,1,71.78,59.72,66.85206441798941,4.927935582010591,random_forest,delta,fold_1,1h,ppb
2026-08-13T07:00:00Z,1,76.37,62.92,70.34294186507937,6.027058134920637,random_forest,delta,fold_1,1h,ppb
2026-08-13T07:15:00Z,1,82.5,64.11,69.60272352292769,12.89727647707231,random_forest,delta,fold_1,1h,ppb
2026-08-13T07:30:00Z,1,65.1,67.42,65.58158366710285,-0.4815836671028535,random_forest,delta,fold_1,1h,ppb
2026-08-13T07:45:00Z,1,71.16,71.78,66.96660391989532,4.193396080104677,random_forest,delta,fold_1,1h,ppb
2026-08-13T08:00:00Z,1,76.94,76.37,70.31367330246914,6.626326697530857,random_forest,delta,fold_1,1h,ppb
2026-08-13T08:30:00Z,1,94.02,65.1,63.41550541456999,30.604494585430004,random_forest,delta,fold_1,1h,ppb
2026-08-13T08:45:00Z,1,63.41,71.16,67.16186094076106,-3.7518609407610626,random_forest,delta,fold_1,1h,ppb
2026-08-13T09:00:00Z,1,61.62,76.94,71.57818546906007,-9.958185469060076,random_forest,delta,fold_1,1h,ppb
2026-08-13T09:30:00Z,1,59.35,94.02,87.11069489789215,-27.760694897892144,random_forest,delta,fold_1,1h,ppb
2026-08-13T09:45:00Z,1,55.26,63.41,59.68964716009299,-4.4296471600929905,random_forest,delta,fold_1,1h,ppb
2026-08-13T10:00:00Z,1,50.94,61.62,56.81841927585658,-5.878419275856579,random_forest,delta,fold_1,1h,ppb
2026-08-13T10:15:00Z,1,51.29,58.73,53.31448919047899,-2.024489190478988,random_forest,delta,fold_1,1h,ppb
2026-08-13T10:30:00Z,1,56.26,59.35,56.74142160815938,-0.48142160815937984,random_forest,delta,fold_1,1h,ppb
2026-08-13T10:45:00Z,1,57.56,55.26,54.40203397258172,3.157966027418283,random_forest,delta,fold_1,1h,ppb
2026-08-13T11:00:00Z,1,58.59,50.94,52.98483686001825,5.605163139981755,random_forest,delta,fold_1,1h,ppb
2026-08-13T11:15:00Z,1,56.19,51.29,54.04333516568421,2.1466648343157857,random_forest,delta,fold_1,1h,ppb
2026-08-13T11:30:00Z,1,57.22,56.26,56.61086830551806,0.6091316944819383,random_forest,delta,fold_1,1h,ppb
2026-08-13T11:45:00Z,1,56.7,57.56,54.99159516918721,1.7084048308127961,random_forest,delta,fold_1,1h,ppb
2026-08-13T12:00:00Z,1,55.79,58.59,57.16067463292956,-1.370674632929564,random_forest,delta,fold_1,1h,ppb
2026-08-13T12:15:00Z,1,58.16,56.19,53.46510035911008,4.694899640889915,random_forest,delta,fold_1,1h,ppb
2026-08-13T12:30:00Z,1,56.51,57.22,55.43526937933906,1.0747306206609366,random_forest,delta,fold_1,1h,ppb
2026-08-13T12:45:00Z,1,51.79,56.7,56.04940563194826,-4.259405631948262,random_forest,delta,fold_1,1h,ppb
2026-08-13T13:00:00Z,1,54.33,55.79,56.386199366455855,-2.056199366455857,random_forest,delta,fold_1,1h,ppb
2026-08-13T13:15:00Z,1,55.45,58.16,57.26776618964897,-1.8177661896489639,random_forest,delta,fold_1,1h,ppb
2026-08-13T13:30:00Z,1,62.14,56.51,56.36468020869896,5.775319791301044,random_forest,delta,fold_1,1h,ppb
2026-08-13T13:45:00Z,1,62.84,51.79,52.733541986016476,10.106458013983527,random_forest,delta,fold_1,1h,ppb
2026-08-13T14:00:00Z,1,56.07,54.33,53.864530034511056,2.2054699654889447,random_forest,delta,fold_1,1h,ppb
2026-08-13T14:15:00Z,1,53.58,55.45,54.37293731292564,-0.7929373129256447,random_forest,delta,fold_1,1h,ppb
2026-08-13T14:30:00Z,1,48.71,62.14,59.13656778130281,-10.426567781302808,random_forest,delta,fold_1,1h,ppb
2026-08-13T14:45:00Z,1,44.93,62.84,58.17182221067785,-13.241822210677853,random_forest,delta,fold_1,1h,ppb
2026-08-13T15:00:00Z,1,44.03,56.07,48.18400706234961,-4.154007062349606,random_forest,delta,fold_1,1h,ppb
2026-08-13T15:15:00Z,1,42.06,53.58,46.11824874177967,-4.058248741779664,random_forest,delta,fold_1,1h,ppb
2026-08-13T15:30:00Z,1,41.08,48.71,48.59063741495725,-7.510637414957252,random_forest,delta,fold_1,1h,ppb
2026-08-13T15:45:00Z,1,45.3,44.93,45.963119043719594,-0.6631190437195968,random_forest,delta,fold_1,1h,ppb
2026-08-13T16:00:00Z,1,44.81,44.03,46.624572963424704,-1.8145729634247019,random_forest,delta,fold_1,1h,ppb
2026-08-13T16:15:00Z,1,42.61,42.06,45.34503190040219,-2.7350319004021912,random_forest,delta,fold_1,1h,ppb
2026-08-13T16:30:00Z,1,44.56,41.08,44.80066471723548,-0.24066471723547522,random_forest,delta,fold_1,1h,ppb
2026-08-13T16:45:00Z,1,49.31,45.3,48.20890903376336,1.1010909662366402,random_forest,delta,fold_1,1h,ppb
2026-08-13T17:00:00Z,1,49.88,44.81,49.519269439445395,0.3607305605546074,random_forest,delta,fold_1,1h,ppb
2026-08-13T17:15:00Z,1,50.85,42.61,47.67642743614135,3.1735725638586487,random_forest,delta,fold_1,1h,ppb
2026-08-13T17:30:00Z,1,47.39,44.56,48.676250254114564,-1.286250254114563,random_forest,delta,fold_1,1h,ppb
2026-08-13T17:45:00Z,1,46.57,49.31,53.741338254345116,-7.171338254345116,random_forest,delta,fold_1,1h,ppb
2026-08-13T18:00:00Z,1,44.97,49.88,55.51329037795709,-10.543290377957092,random_forest,delta,fold_1,1h,ppb
2026-08-13T18:15:00Z,1,43.49,50.85,57.13111576605736,-13.64111576605736,random_forest,delta,fold_1,1h,ppb
2026-08-13T18:30:00Z,1,46.27,47.39,53.98748128782857,-7.717481287828569,random_forest,delta,fold_1,1h,ppb
2026-08-13T18:45:00Z,1,43.35,46.57,52.58343015945817,-9.233430159458166,random_forest,delta,fold_1,1h,ppb
2026-08-13T19:00:00Z,1,47.04,44.97,50.91103567784024,-3.87103567784024,random_forest,delta,fold_1,1h,ppb
2026-08-13T19:15:00Z,1,43.97,43.49,49.53548716535533,-5.565487165355329,random_forest,delta,fold_1,1h,ppb
2026-08-13T19:30:00Z,1,49.85,46.27,51.97008603099599,-2.120086030995985,random_forest,delta,fold_1,1h,ppb
2026-08-13T19:45:00Z,1,55.18,43.35,49.63732495627079,5.542675043729211,random_forest,delta,fold_1,1h,ppb
2026-08-13T20:00:00Z,1,56.96,47.04,51.650776083270664,5.309223916729337,random_forest,delta,fold_1,1h,ppb
2026-08-13T20:15:00Z,1,52.79,43.97,49.43586846474488,3.354131535255121,random_forest,delta,fold_1,1h,ppb
2026-08-13T20:30:00Z,1,53.75,49.85,54.27213433162724,-0.5221343316272424,random_forest,delta,fold_1,1h,ppb
2026-08-13T20:45:00Z,1,51.27,55.18,59.10117830983242,-7.831178309832417,random_forest,delta,fold_1,1h,ppb
2026-08-13T21:00:00Z,1,48.66,56.96,60.809598523723466,-12.14959852372347,random_forest,delta,fold_1,1h,ppb
2026-08-13T21:15:00Z,1,47.56,52.79,56.44402577171702,-8.88402577171702,random_forest,delta,fold_1,1h,ppb
2026-08-13T21:30:00Z,1,48.87,53.75,57.09954735647205,-8.229547356472054,random_forest,delta,fold_1,1h,ppb
2026-08-13T21:45:00Z,1,51.22,51.27,54.336173930328435,-3.1161739303284364,random_forest,delta,fold_1,1h,ppb
2026-08-13T22:00:00Z,1,55.39,48.66,50.751050706774095,4.638949293225906,random_forest,delta,fold_1,1h,ppb
2026-08-13T22:15:00Z,1,56.84,47.56,48.93911364687089,7.900886353129117,random_forest,delta,fold_1,1h,ppb
2026-08-13T22:30:00Z,1,52.78,48.87,50.1286095716999,2.651390428300104,random_forest,delta,fold_1,1h,ppb
2026-08-13T22:45:00Z,1,50.54,51.22,53.47430667683578,-2.9343066768357815,random_forest,delta,fold_1,1h,ppb
2026-08-13T23:00:00Z,1,51.84,55.39,56.52343746397653,-4.683437463976524,random_forest,delta,fold_1,1h,ppb
2026-08-13T23:15:00Z,1,50.6,56.84,54.433263954758694,-3.833263954758692,random_forest,delta,fold_1,1h,ppb
2026-08-13T23:30:00Z,1,46.86,52.78,52.140631522289006,-5.280631522289006,random_forest,delta,fold_1,1h,ppb
2026-08-13T23:45:00Z,1,46.9,50.54,51.98862679964237,-5.08862679964237,random_forest,delta,fold_1,1h,ppb
2026-08-12T00:00:00Z,1,32.64,47.08,41.045963287353516,-8.405963287353515,xgboost,absolute,fold_1,1h,ppb
2026-08-12T00:15:00Z,1,35.4,44.22,44.06669998168945,-8.666699981689455,xgboost,absolute,fold_1,1h,ppb
2026-08-12T00:30:00Z,1,34.74,35.77,33.66498947143555,1.0750105285644551,xgboost,absolute,fold_1,1h,ppb
2026-08-12T00:45:00Z,1,34.24,37.34,33.46419143676758,0.7758085632324239,xgboost,absolute,fold_1,1h,ppb
2026-08-12T01:00:00Z,1,37.19,32.64,31.316822052001953,5.873177947998045,xgboost,absolute,fold_1,1h,ppb
2026-08-12T01:15:00Z,1,38.13,35.4,30.54758644104004,7.5824135589599635,xgboost,absolute,fold_1,1h,ppb
2026-08-12T01:30:00Z,1,33.37,34.74,30.852996826171875,2.5170031738281224,xgboost,absolute,fold_1,1h,ppb
2026-08-12T01:45:00Z,1,34.01,34.24,32.864925384521484,1.1450746154785136,xgboost,absolute,fold_1,1h,ppb
2026-08-12T02:00:00Z,1,35.12,37.19,33.368316650390625,1.7516833496093724,xgboost,absolute,fold_1,1h,ppb
2026-08-12T02:15:00Z,1,39.77,38.13,34.61767578125,5.152324218750003,xgboost,absolute,fold_1,1h,ppb
2026-08-12T02:30:00Z,1,43.28,33.37,31.327816009521484,11.952183990478517,xgboost,absolute,fold_1,1h,ppb
2026-08-12T02:45:00Z,1,41.04,34.01,32.92622756958008,8.113772430419921,xgboost,absolute,fold_1,1h,ppb
2026-08-12T03:00:00Z,1,40.81,35.12,44.79966735839844,-3.9896673583984352,xgboost,absolute,fold_1,1h,ppb
2026-08-12T03:15:00Z,1,42.67,39.77,50.034297943115234,-7.364297943115233,xgboost,absolute,fold_1,1h,ppb
2026-08-12T03:30:00Z,1,46.46,43.28,50.05581283569336,-3.5958128356933585,xgboost,absolute,fold_1,1h,ppb
2026-08-12T03:45:00Z,1,48.44,41.04,50.680877685546875,-2.2408776855468773,xgboost,absolute,fold_1,1h,ppb
2026-08-12T04:00:00Z,1,50.21,40.81,52.622833251953125,-2.412833251953124,xgboost,absolute,fold_1,1h,ppb
2026-08-12T04:15:00Z,1,56.1,42.67,51.17823028564453,4.92176971435547,xgboost,absolute,fold_1,1h,ppb
2026-08-12T04:30:00Z,1,51.21,46.46,55.13700866699219,-3.9270086669921866,xgboost,absolute,fold_1,1h,ppb
2026-08-12T04:45:00Z,1,44.89,48.44,57.928829193115234,-13.038829193115234,xgboost,absolute,fold_1,1h,ppb
2026-08-12T05:00:00Z,1,54.08,50.21,62.673309326171875,-8.593309326171877,xgboost,absolute,fold_1,1h,ppb
2026-08-12T05:15:00Z,1,56.82,56.1,64.10823059082031,-7.288230590820312,xgboost,absolute,fold_1,1h,ppb
2026-08-12T05:30:00Z,1,59.59,51.21,61.47730255126953,-1.8873025512695278,xgboost,absolute,fold_1,1h,ppb
2026-08-12T05:45:00Z,1,65.27,44.89,57.37895584106445,7.891044158935543,xgboost,absolute,fold_1,1h,ppb
2026-08-12T06:00:00Z,1,70.77,54.08,63.46765899658203,7.302341003417965,xgboost,absolute,fold_1,1h,ppb
2026-08-12T06:15:00Z,1,72.32,56.82,63.49558639526367,8.824413604736321,xgboost,absolute,fold_1,1h,ppb
2026-08-12T06:30:00Z,1,75.31,59.59,65.81251525878906,9.49748474121094,xgboost,absolute,fold_1,1h,ppb
2026-08-12T06:45:00Z,1,77.95,65.27,70.3669662475586,7.583033752441409,xgboost,absolute,fold_1,1h,ppb
2026-08-12T07:00:00Z,1,81.07,70.77,74.1993179321289,6.870682067871087,xgboost,absolute,fold_1,1h,ppb
2026-08-12T07:15:00Z,1,84.91,72.32,73.55052947998047,11.359470520019528,xgboost,absolute,fold_1,1h,ppb
2026-08-12T07:30:00Z,1,78.43,75.31,69.5355224609375,8.894477539062507,xgboost,absolute,fold_1,1h,ppb
2026-08-12T07:45:00Z,1,73.67,77.95,66.916259765625,6.753740234375002,xgboost,absolute,fold_1,1h,ppb
2026-08-12T08:00:00Z,1,64.5,81.07,66.56159973144531,-2.0615997314453125,xgboost,absolute,fold_1,1h,ppb
2026-08-12T08:15:00Z,1,69.02,84.91,67.34282684326172,1.6771731567382773,xgboost,absolute,fold_1,1h,ppb
2026-08-12T08:30:00Z,1,73.63,78.43,68.6294174194336,5.000582580566402,xgboost,absolute,fold_1,1h,ppb
2026-08-12T08:45:00Z,1,73.43,73.67,65.90310668945312,7.526893310546882,xgboost,absolute,fold_1,1h,ppb
2026-08-12T09:00:00Z,1,66.12,64.5,62.5699462890625,3.5500537109375045,xgboost,absolute,fold_1,1h,ppb
2026-08-12T09:15:00Z,1,67.49,69.02,62.95547103881836,4.5345289611816355,xgboost,absolute,fold_1,1h,ppb
2026-08-12T09:30:00Z,1,63.54,73.63,61.01485061645508,2.525149383544921,xgboost,absolute,fold_1,1h,ppb
2026-08-12T09:45:00Z,1,61.53,73.43,60.39958572387695,1.130414276123048,xgboost,absolute,fold_1,1h,ppb
2026-08-12T10:00:00Z,1,57.0,66.12,59.455989837646484,-2.4559898376464844,xgboost,absolute,fold_1,1h,ppb
2026-08-12T10:15:00Z,1,56.76,67.49,58.73796844482422,-1.9779684448242207,xgboost,absolute,fold_1,1h,ppb
2026-08-12T10:30:00Z,1,52.05,63.54,60.00188064575195,-7.951880645751956,xgboost,absolute,fold_1,1h,ppb
2026-08-12T10:45:00Z,1,57.83,61.53,60.405967712402344,-2.5759677124023455,xgboost,absolute,fold_1,1h,ppb
2026-08-12T11:00:00Z,1,55.33,57.0,59.106719970703125,-3.7767199707031267,xgboost,absolute,fold_1,1h,ppb
2026-08-12T11:15:00Z,1,58.96,56.76,58.643558502197266,0.3164414978027352,xgboost,absolute,fold_1,1h,ppb
2026-08-12T11:30:00Z,1,57.94,52.05,58.394046783447266,-0.4540467834472679,xgboost,absolute,fold_1,1h,ppb
2026-08-12T11:45:00Z,1,58.82,57.83,58.888240814208984,-0.06824081420898409,xgboost,absolute,fold_1,1h,ppb
2026-08-12T12:00:00Z,1,52.0,55.33,57.10456848144531,-5.1045684814453125,xgboost,absolute,fold_1,1h,ppb
2026-08-12T12:15:00Z,1,55.61,58.96,57.683067321777344,-2.0730673217773443,xgboost,absolute,fold_1,1h,ppb
2026-08-12T12:30:00Z,1,51.77,57.94,55.79816436767578,-4.028164367675778,xgboost,absolute,fold_1,1h,ppb
2026-08-12T12:45:00Z,1,50.68,58.82,56.428001403808594,-5.748001403808594,xgboost,absolute,fold_1,1h,ppb
2026-08-12T13:00:00Z,1,49.51,52.0,55.03174591064453,-5.521745910644533,xgboost,absolute,fold_1,1h,ppb
2026-08-12T13:15:00Z,1,51.24,55.61,55.5722541809082,-4.332254180908201,xgboost,absolute,fold_1,1h,ppb
2026-08-12T13:30:00Z,1,48.43,51.77,55.270179748535156,-6.8401797485351565,xgboost,absolute,fold_1,1h,ppb
2026-08-12T13:45:00Z,1,50.92,50.68,56.5240592956543,-5.604059295654295,xgboost,absolute,fold_1,1h,ppb
2026-08-12T14:00:00Z,1,50.82,49.51,50.799896240234375,0.020103759765625284,xgboost,absolute,fold_1,1h,ppb
2026-08-12T14:15:00Z,1,46.78,51.24,50.865657806396484,-4.085657806396483,xgboost,absolute,fold_1,1h,ppb
2026-08-12T14:30:00Z,1,45.23,48.43,49.60184860229492,-4.371848602294925,xgboost,absolute,fold_1,1h,ppb
2026-08-12T14:45:00Z,1,38.04,50.92,41.02427291870117,-2.9842729187011727,xgboost,absolute,fold_1,1h,ppb
2026-08-12T15:00:00Z,1,30.59,50.82,40.35617446899414,-9.76617446899414,xgboost,absolute,fold_1,1h,ppb
2026-08-12T15:15:00Z,1,31.0,46.78,41.72386932373047,-10.723869323730469,xgboost,absolute,fold_1,1h,ppb
2026-08-12T15:30:00Z,1,36.23,45.23,42.636924743652344,-6.406924743652347,xgboost,absolute,fold_1,1h,ppb
2026-08-12T15:45:00Z,1,37.55,38.04,42.50298309326172,-4.952983093261722,xgboost,absolute,fold_1,1h,ppb
2026-08-12T16:00:00Z,1,35.98,30.59,41.102352142333984,-5.1223521423339875,xgboost,absolute,fold_1,1h,ppb
2026-08-12T16:15:00Z,1,31.94,31.0,41.268333435058594,-9.328333435058592,xgboost,absolute,fold_1,1h,ppb
2026-08-12T16:30:00Z,1,39.85,36.23,39.44192886352539,0.4080711364746108,xgboost,absolute,fold_1,1h,ppb
2026-08-12T16:45:00Z,1,35.92,37.55,39.53683090209961,-3.6168309020996077,xgboost,absolute,fold_1,1h,ppb
2026-08-12T17:00:00Z,1,38.65,35.98,38.93861770629883,-0.28861770629882955,xgboost,absolute,fold_1,1h,ppb
2026-08-12T17:15:00Z,1,43.76,31.94,40.392822265625,3.367177734374998,xgboost,absolute,fold_1,1h,ppb
2026-08-12T17:30:00Z,1,47.57,39.85,45.72304916381836,1.846950836181641,xgboost,absolute,fold_1,1h,ppb
2026-08-12T17:45:00Z,1,55.19,35.92,45.25846481323242,9.931535186767576,xgboost,absolute,fold_1,1h,ppb
2026-08-12T18:00:00Z,1,49.42,38.65,50.12110137939453,-0.7011013793945295,xgboost,absolute,fold_1,1h,ppb
2026-08-12T18:15:00Z,1,52.45,43.76,51.45766067504883,0.9923393249511747,xgboost,absolute,fold_1,1h,ppb
2026-08-12T18:30:00Z,1,60.41,47.57,51.726348876953125,8.683651123046872,xgboost,absolute,fold_1,1h,ppb
2026-08-12T18:45:00Z,1,61.45,55.19,53.39512252807617,8.054877471923831,xgboost,absolute,fold_1,1h,ppb
2026-08-12T19:00:00Z,1,62.96,49.42,56.161190032958984,6.7988099670410165,xgboost,absolute,fold_1,1h,ppb
2026-08-12T19:15:00Z,1,57.93,52.45,56.63224792480469,1.2977520751953122,xgboost,absolute,fold_1,1h,ppb
2026-08-12T19:30:00Z,1,63.46,60.41,57.0711555480957,6.388844451904298,xgboost,absolute,fold_1,1h,ppb
2026-08-12T19:45:00Z,1,51.85,61.45,58.801963806152344,-6.951963806152342,xgboost,absolute,fold_1,1h,ppb
2026-08-12T20:00:00Z,1,40.77,62.96,59.115325927734375,-18.345325927734372,xgboost,absolute,fold_1,1h,ppb
2026-08-12T20:15:00Z,1,41.7,57.93,53.974613189697266,-12.274613189697263,xgboost,absolute,fold_1,1h,ppb
2026-08-12T20:30:00Z,1,35.25,63.46,58.60026550292969,-23.350265502929688,xgboost,absolute,fold_1,1h,ppb
2026-08-12T20:45:00Z,1,33.45,51.85,53.54447937011719,-20.094479370117185,xgboost,absolute,fold_1,1h,ppb
2026-08-12T21:00:00Z,1,27.83,40.77,50.76256561279297,-22.93256561279297,xgboost,absolute,fold_1,1h,ppb
2026-08-12T21:15:00Z,1,27.71,41.7,50.782440185546875,-23.072440185546874,xgboost,absolute,fold_1,1h,ppb
2026-08-12T21:30:00Z,1,34.59,35.25,44.05559158325195,-9.46559158325195,xgboost,absolute,fold_1,1h,ppb
2026-08-12T21:45:00Z,1,35.57,33.45,43.7393684387207,-8.169368438720703,xgboost,absolute,fold_1,1h,ppb
2026-08-12T22:00:00Z,1,37.6,27.83,38.37653350830078,-0.7765335083007798,xgboost,absolute,fold_1,1h,ppb
2026-08-12T22:15:00Z,1,35.92,27.71,38.76540756225586,-2.8454075622558577,xgboost,absolute,fold_1,1h,ppb
2026-08-12T22:30:00Z,1,35.36,34.59,37.7998161315918,-2.4398161315917974,xgboost,absolute,fold_1,1h,ppb
2026-08-12T22:45:00Z,1,30.86,35.57,39.19172668457031,-8.331726684570313,xgboost,absolute,fold_1,1h,ppb
2026-08-12T23:00:00Z,1,32.22,37.6,41.13906478881836,-8.91906478881836,xgboost,absolute,fold_1,1h,ppb
2026-08-12T23:15:00Z,1,32.08,35.92,41.18789291381836,-9.107892913818361,xgboost,absolute,fold_1,1h,ppb
2026-08-12T23:30:00Z,1,31.32,35.36,43.113460540771484,-11.793460540771484,xgboost,absolute,fold_1,1h,ppb
2026-08-12T23:45:00Z,1,33.29,30.86,42.83799743652344,-9.547997436523438,xgboost,absolute,fold_1,1h,ppb
2026-08-13T00:00:00Z,1,29.48,32.22,39.13028335571289,-9.65028335571289,xgboost,absolute,fold_1,1h,ppb
2026-08-13T00:15:00Z,1,30.99,32.08,39.68700408935547,-8.69700408935547,xgboost,absolute,fold_1,1h,ppb
2026-08-13T00:30:00Z,1,32.33,31.32,37.131038665771484,-4.801038665771486,xgboost,absolute,fold_1,1h,ppb
2026-08-13T00:45:00Z,1,33.85,33.29,38.50734329223633,-4.657343292236327,xgboost,absolute,fold_1,1h,ppb
2026-08-13T01:00:00Z,1,32.97,29.48,36.02323532104492,-3.053235321044923,xgboost,absolute,fold_1,1h,ppb
2026-08-13T01:15:00Z,1,35.41,30.99,36.430416107177734,-1.0204161071777378,xgboost,absolute,fold_1,1h,ppb
2026-08-13T01:30:00Z,1,34.11,32.33,37.06884002685547,-2.9588400268554693,xgboost,absolute,fold_1,1h,ppb
2026-08-13T01:45:00Z,1,32.79,33.85,37.434295654296875,-4.644295654296876,xgboost,absolute,fold_1,1h,ppb
2026-08-13T02:00:00Z,1,29.76,32.97,41.18352508544922,-11.423525085449217,xgboost,absolute,fold_1,1h,ppb
2026-08-13T02:15:00Z,1,31.51,35.41,37.828086853027344,-6.318086853027342,xgboost,absolute,fold_1,1h,ppb
2026-08-13T02:30:00Z,1,31.94,34.11,39.83218002319336,-7.892180023193358,xgboost,absolute,fold_1,1h,ppb
2026-08-13T02:45:00Z,1,29.44,32.79,40.95539855957031,-11.515398559570311,xgboost,absolute,fold_1,1h,ppb
2026-08-13T03:00:00Z,1,27.72,29.76,52.57403564453125,-24.85403564453125,xgboost,absolute,fold_1,1h,ppb
2026-08-13T03:15:00Z,1,27.23,31.51,52.353511810302734,-25.123511810302734,xgboost,absolute,fold_1,1h,ppb
2026-08-13T03:30:00Z,1,27.79,31.94,49.558616638183594,-21.768616638183595,xgboost,absolute,fold_1,1h,ppb
2026-08-13T03:45:00Z,1,34.52,29.44,50.56967544555664,-16.049675445556637,xgboost,absolute,fold_1,1h,ppb
2026-08-13T04:00:00Z,1,45.66,27.72,50.47704315185547,-4.817043151855472,xgboost,absolute,fold_1,1h,ppb
2026-08-13T04:15:00Z,1,49.3,27.23,49.570369720458984,-0.2703697204589872,xgboost,absolute,fold_1,1h,ppb
2026-08-13T04:30:00Z,1,51.36,27.79,50.448883056640625,0.9111169433593744,xgboost,absolute,fold_1,1h,ppb
2026-08-13T04:45:00Z,1,54.21,34.52,51.07289505004883,3.1371049499511727,xgboost,absolute,fold_1,1h,ppb
2026-08-13T05:00:00Z,1,51.38,45.66,54.61189270019531,-3.23189270019531,xgboost,absolute,fold_1,1h,ppb
2026-08-13T05:15:00Z,1,48.44,49.3,57.65958786010742,-9.219587860107424,xgboost,absolute,fold_1,1h,ppb
2026-08-13T05:30:00Z,1,54.98,51.36,60.33711624145508,-5.357116241455081,xgboost,absolute,fold_1,1h,ppb
2026-08-13T05:45:00Z,1,59.72,54.21,66.41265869140625,-6.692658691406251,xgboost,absolute,fold_1,1h,ppb
2026-08-13T06:00:00Z,1,62.92,51.38,64.67627716064453,-1.7562771606445295,xgboost,absolute,fold_1,1h,ppb
2026-08-13T06:15:00Z,1,64.11,48.44,63.798728942871094,0.3112710571289057,xgboost,absolute,fold_1,1h,ppb
2026-08-13T06:30:00Z,1,67.42,54.98,65.17701721191406,2.242982788085939,xgboost,absolute,fold_1,1h,ppb
2026-08-13T06:45:00Z,1,71.78,59.72,66.97996520996094,4.800034790039064,xgboost,absolute,fold_1,1h,ppb
2026-08-13T07:00:00Z,1,76.37,62.92,67.4952621459961,8.87473785400391,xgboost,absolute,fold_1,1h,ppb
2026-08-13T07:15:00Z,1,82.5,64.11,71.24423217773438,11.255767822265625,xgboost,absolute,fold_1,1h,ppb
2026-08-13T07:30:00Z,1,65.1,67.42,71.87635040283203,-6.776350402832037,xgboost,absolute,fold_1,1h,ppb
2026-08-13T07:45:00Z,1,71.16,71.78,75.57603454589844,-4.416034545898441,xgboost,absolute,fold_1,1h,ppb
2026-08-13T08:00:00Z,1,76.94,76.37,75.57594299316406,1.3640570068359352,xgboost,absolute,fold_1,1h,ppb
2026-08-13T08:30:00Z,1,94.02,65.1,68.97124481201172,25.048755187988277,xgboost,absolute,fold_1,1h,ppb
2026-08-13T08:45:00Z,1,63.41,71.16,70.99598693847656,-7.585986938476566,xgboost,absolute,fold_1,1h,ppb
2026-08-13T09:00:00Z,1,61.62,76.94,68.15079498291016,-6.530794982910159,xgboost,absolute,fold_1,1h,ppb
2026-08-13T09:30:00Z,1,59.35,94.02,70.553955078125,-11.203955078124999,xgboost,absolute,fold_1,1h,ppb
2026-08-13T09:45:00Z,1,55.26,63.41,65.97925567626953,-10.719255676269533,xgboost,absolute,fold_1,1h,ppb
2026-08-13T10:00:00Z,1,50.94,61.62,64.57086944580078,-13.630869445800784,xgboost,absolute,fold_1,1h,ppb
2026-08-13T10:15:00Z,1,51.29,58.73,60.519439697265625,-9.229439697265626,xgboost,absolute,fold_1,1h,ppb
2026-08-13T10:30:00Z,1,56.26,59.35,59.08884811401367,-2.828848114013674,xgboost,absolute,fold_1,1h,ppb
2026-08-13T10:45:00Z,1,57.56,55.26,55.61119842529297,1.9488015747070335,xgboost,absolute,fold_1,1h,ppb
2026-08-13T11:00:00Z,1,58.59,50.94,56.193050384521484,2.396949615478519,xgboost,absolute,fold_1,1h,ppb
2026-08-13T11:15:00Z,1,56.19,51.29,56.876766204833984,-0.6867662048339866,xgboost,absolute,fold_1,1h,ppb
2026-08-13T11:30:00Z,1,57.22,56.26,58.65155029296875,-1.4315502929687511,xgboost,absolute,fold_1,1h,ppb
2026-08-13T11:45:00Z,1,56.7,57.56,54.68701171875,2.012988281250003,xgboost,absolute,fold_1,1h,ppb
2026-08-13T12:00:00Z,1,55.79,58.59,57.085906982421875,-1.2959069824218759,xgboost,absolute,fold_1,1h,ppb
2026-08-13T12:15:00Z,1,58.16,56.19,57.80567169189453,0.35432830810546534,xgboost,absolute,fold_1,1h,ppb
2026-08-13T12:30:00Z,1,56.51,57.22,55.41765594482422,1.0923440551757793,xgboost,absolute,fold_1,1h,ppb
2026-08-13T12:45:00Z,1,51.79,56.7,54.97887420654297,-3.1888742065429696,xgboost,absolute,fold_1,1h,ppb
2026-08-13T13:00:00Z,1,54.33,55.79,56.8571662902832,-2.527166290283205,xgboost,absolute,fold_1,1h,ppb
2026-08-13T13:15:00Z,1,55.45,58.16,57.356849670410156,-1.9068496704101534,xgboost,absolute,fold_1,1h,ppb
2026-08-13T13:30:00Z,1,62.14,56.51,57.40378952026367,4.736210479736329,xgboost,absolute,fold_1,1h,ppb
2026-08-13T13:45:00Z,1,62.84,51.79,52.92821502685547,9.911784973144535,xgboost,absolute,fold_1,1h,ppb
2026-08-13T14:00:00Z,1,56.07,54.33,53.4483528137207,2.621647186279297,xgboost,absolute,fold_1,1h,ppb
2026-08-13T14:15:00Z,1,53.58,55.45,54.839900970458984,-1.259900970458986,xgboost,absolute,fold_1,1h,ppb
2026-08-13T14:30:00Z,1,48.71,62.14,56.97923278808594,-8.269232788085937,xgboost,absolute,fold_1,1h,ppb
2026-08-13T14:45:00Z,1,44.93,62.84,56.04182052612305,-11.111820526123047,xgboost,absolute,fold_1,1h,ppb
2026-08-13T15:00:00Z,1,44.03,56.07,44.69106674194336,-0.6610667419433582,xgboost,absolute,fold_1,1h,ppb
2026-08-13T15:15:00Z,1,42.06,53.58,42.92888641357422,-0.8688864135742165,xgboost,absolute,fold_1,1h,ppb
2026-08-13T15:30:00Z,1,41.08,48.71,47.504695892333984,-6.424695892333986,xgboost,absolute,fold_1,1h,ppb
2026-08-13T15:45:00Z,1,45.3,44.93,47.671749114990234,-2.371749114990237,xgboost,absolute,fold_1,1h,ppb
2026-08-13T16:00:00Z,1,44.81,44.03,48.50992202758789,-3.6999220275878884,xgboost,absolute,fold_1,1h,ppb
2026-08-13T16:15:00Z,1,42.61,42.06,47.712711334228516,-5.102711334228516,xgboost,absolute,fold_1,1h,ppb
2026-08-13T16:30:00Z,1,44.56,41.08,47.50400924682617,-2.9440092468261696,xgboost,absolute,fold_1,1h,ppb
2026-08-13T16:45:00Z,1,49.31,45.3,48.43765640258789,0.8723435974121116,xgboost,absolute,fold_1,1h,ppb
2026-08-13T17:00:00Z,1,49.88,44.81,48.79081344604492,1.0891865539550807,xgboost,absolute,fold_1,1h,ppb
2026-08-13T17:15:00Z,1,50.85,42.61,49.424991607666016,1.4250083923339858,xgboost,absolute,fold_1,1h,ppb
2026-08-13T17:30:00Z,1,47.39,44.56,50.0655403137207,-2.6755403137207026,xgboost,absolute,fold_1,1h,ppb
2026-08-13T17:45:00Z,1,46.57,49.31,54.53077697753906,-7.960776977539062,xgboost,absolute,fold_1,1h,ppb
2026-08-13T18:00:00Z,1,44.97,49.88,54.38275909423828,-9.412759094238282,xgboost,absolute,fold_1,1h,ppb
2026-08-13T18:15:00Z,1,43.49,50.85,54.81179428100586,-11.321794281005857,xgboost,absolute,fold_1,1h,ppb
2026-08-13T18:30:00Z,1,46.27,47.39,56.17576217651367,-9.905762176513669,xgboost,absolute,fold_1,1h,ppb
2026-08-13T18:45:00Z,1,43.35,46.57,55.14836883544922,-11.798368835449217,xgboost,absolute,fold_1,1h,ppb
2026-08-13T19:00:00Z,1,47.04,44.97,53.97138977050781,-6.931389770507813,xgboost,absolute,fold_1,1h,ppb
2026-08-13T19:15:00Z,1,43.97,43.49,54.63163375854492,-10.661633758544923,xgboost,absolute,fold_1,1h,ppb
2026-08-13T19:30:00Z,1,49.85,46.27,54.97224807739258,-5.122248077392577,xgboost,absolute,fold_1,1h,ppb
2026-08-13T19:45:00Z,1,55.18,43.35,54.81809616088867,0.36190383911132784,xgboost,absolute,fold_1,1h,ppb
2026-08-13T20:00:00Z,1,56.96,47.04,55.94741439819336,1.0125856018066415,xgboost,absolute,fold_1,1h,ppb
2026-08-13T20:15:00Z,1,52.79,43.97,55.685672760009766,-2.8956727600097665,xgboost,absolute,fold_1,1h,ppb
2026-08-13T20:30:00Z,1,53.75,49.85,56.843414306640625,-3.093414306640625,xgboost,absolute,fold_1,1h,ppb
2026-08-13T20:45:00Z,1,51.27,55.18,58.142364501953125,-6.872364501953122,xgboost,absolute,fold_1,1h,ppb
2026-08-13T21:00:00Z,1,48.66,56.96,59.06537628173828,-10.405376281738285,xgboost,absolute,fold_1,1h,ppb
2026-08-13T21:15:00Z,1,47.56,52.79,58.959129333496094,-11.399129333496091,xgboost,absolute,fold_1,1h,ppb
2026-08-13T21:30:00Z,1,48.87,53.75,58.540061950683594,-9.670061950683596,xgboost,absolute,fold_1,1h,ppb
2026-08-13T21:45:00Z,1,51.22,51.27,55.01020812988281,-3.7902081298828136,xgboost,absolute,fold_1,1h,ppb
2026-08-13T22:00:00Z,1,55.39,48.66,51.09721374511719,4.292786254882813,xgboost,absolute,fold_1,1h,ppb
2026-08-13T22:15:00Z,1,56.84,47.56,48.970088958740234,7.869911041259769,xgboost,absolute,fold_1,1h,ppb
2026-08-13T22:30:00Z,1,52.78,48.87,49.191131591796875,3.588868408203126,xgboost,absolute,fold_1,1h,ppb
2026-08-13T22:45:00Z,1,50.54,51.22,50.760433197021484,-0.22043319702148523,xgboost,absolute,fold_1,1h,ppb
2026-08-13T23:00:00Z,1,51.84,55.39,56.36276626586914,-4.522766265869137,xgboost,absolute,fold_1,1h,ppb
2026-08-13T23:15:00Z,1,50.6,56.84,51.69984436035156,-1.099844360351561,xgboost,absolute,fold_1,1h,ppb
2026-08-13T23:30:00Z,1,46.86,52.78,50.68874740600586,-3.82874740600586,xgboost,absolute,fold_1,1h,ppb
2026-08-13T23:45:00Z,1,46.9,50.54,47.50031280517578,-0.6003128051757827,xgboost,absolute,fold_1,1h,ppb
2026-08-12T00:00:00Z,1,32.64,47.08,41.97479351043701,-9.33479351043701,xgboost,delta,fold_1,1h,ppb
2026-08-12T00:15:00Z,1,35.4,44.22,44.07320574045181,-8.673205740451813,xgboost,delta,fold_1,1h,ppb
2026-08-12T00:30:00Z,1,34.74,35.77,36.43867578029633,-1.6986757802963268,xgboost,delta,fold_1,1h,ppb
2026-08-12T00:45:00Z,1,34.24,37.34,34.78245290756226,-0.5424529075622573,xgboost,delta,fold_1,1h,ppb
2026-08-12T01:00:00Z,1,37.19,32.64,33.196525111198426,3.993474888801572,xgboost,delta,fold_1,1h,ppb
2026-08-12T01:15:00Z,1,38.13,35.4,34.493323588371275,3.636676411628727,xgboost,delta,fold_1,1h,ppb
2026-08-12T01:30:00Z,1,33.37,34.74,35.458311309814455,-2.0883113098144577,xgboost,delta,fold_1,1h,ppb
2026-08-12T01:45:00Z,1,34.01,34.24,36.69700812339783,-2.687008123397831,xgboost,delta,fold_1,1h,ppb
2026-08-12T02:00:00Z,1,35.12,37.19,37.21752095274627,-2.0975209527462724,xgboost,delta,fold_1,1h,ppb
2026-08-12T02:15:00Z,1,39.77,38.13,38.175754428952935,1.5942455710470682,xgboost,delta,fold_1,1h,ppb
2026-08-12T02:30:00Z,1,43.28,33.37,36.10341107368469,7.176588926315311,xgboost,delta,fold_1,1h,ppb
2026-08-12T02:45:00Z,1,41.04,34.01,36.306183347702024,4.733816652297975,xgboost,delta,fold_1,1h,ppb
2026-08-12T03:00:00Z,1,40.81,35.12,44.54109680175781,-3.7310968017578077,xgboost,delta,fold_1,1h,ppb
2026-08-12T03:15:00Z,1,42.67,39.77,52.53804256439209,-9.868042564392091,xgboost,delta,fold_1,1h,ppb
2026-08-12T03:30:00Z,1,46.46,43.28,51.046284465789796,-4.586284465789795,xgboost,delta,fold_1,1h,ppb
2026-08-12T03:45:00Z,1,48.44,41.04,55.40811256408691,-6.9681125640869155,xgboost,delta,fold_1,1h,ppb
2026-08-12T04:00:00Z,1,50.21,40.81,54.75872093200684,-4.548720932006837,xgboost,delta,fold_1,1h,ppb
2026-08-12T04:15:00Z,1,56.1,42.67,54.86634437561035,1.2336556243896482,xgboost,delta,fold_1,1h,ppb
2026-08-12T04:30:00Z,1,51.21,46.46,57.020386657714845,-5.810386657714844,xgboost,delta,fold_1,1h,ppb
2026-08-12T04:45:00Z,1,44.89,48.44,63.01401371002197,-18.12401371002197,xgboost,delta,fold_1,1h,ppb
2026-08-12T05:00:00Z,1,54.08,50.21,61.703492126464845,-7.623492126464846,xgboost,delta,fold_1,1h,ppb
2026-08-12T05:15:00Z,1,56.82,56.1,62.410895919799806,-5.590895919799806,xgboost,delta,fold_1,1h,ppb
2026-08-12T05:30:00Z,1,59.59,51.21,63.0950040435791,-3.505004043579099,xgboost,delta,fold_1,1h,ppb
2026-08-12T05:45:00Z,1,65.27,44.89,58.55520404815674,6.714795951843257,xgboost,delta,fold_1,1h,ppb
2026-08-12T06:00:00Z,1,70.77,54.08,60.41216667175293,10.357833328247068,xgboost,delta,fold_1,1h,ppb
2026-08-12T06:15:00Z,1,72.32,56.82,65.31091815948486,7.009081840515137,xgboost,delta,fold_1,1h,ppb
2026-08-12T06:30:00Z,1,75.31,59.59,70.85542949676514,4.454570503234862,xgboost,delta,fold_1,1h,ppb
2026-08-12T06:45:00Z,1,77.95,65.27,70.64717342376709,7.302826576232917,xgboost,delta,fold_1,1h,ppb
2026-08-12T07:00:00Z,1,81.07,70.77,75.41883279800415,5.651167201995847,xgboost,delta,fold_1,1h,ppb
2026-08-12T07:15:00Z,1,84.91,72.32,75.58870942115783,9.321290578842166,xgboost,delta,fold_1,1h,ppb
2026-08-12T07:30:00Z,1,78.43,75.31,71.35058074951172,7.079419250488286,xgboost,delta,fold_1,1h,ppb
2026-08-12T07:45:00Z,1,73.67,77.95,64.59275932312012,9.077240676879882,xgboost,delta,fold_1,1h,ppb
2026-08-12T08:00:00Z,1,64.5,81.07,69.02915794372558,-4.529157943725579,xgboost,delta,fold_1,1h,ppb
2026-08-12T08:15:00Z,1,69.02,84.91,72.51543823242187,-3.4954382324218756,xgboost,delta,fold_1,1h,ppb
2026-08-12T08:30:00Z,1,73.63,78.43,70.94007747650147,2.689922523498524,xgboost,delta,fold_1,1h,ppb
2026-08-12T08:45:00Z,1,73.43,73.67,67.10792963027954,6.322070369720464,xgboost,delta,fold_1,1h,ppb
2026-08-12T09:00:00Z,1,66.12,64.5,63.03715622425079,3.082843775749211,xgboost,delta,fold_1,1h,ppb
2026-08-12T09:15:00Z,1,67.49,69.02,62.57485916137695,4.915140838623046,xgboost,delta,fold_1,1h,ppb
2026-08-12T09:30:00Z,1,63.54,73.63,64.58661735534668,-1.046617355346676,xgboost,delta,fold_1,1h,ppb
2026-08-12T09:45:00Z,1,61.53,73.43,62.84159915924073,-1.3115991592407283,xgboost,delta,fold_1,1h,ppb
2026-08-12T10:00:00Z,1,57.0,66.12,58.918931121826176,-1.9189311218261764,xgboost,delta,fold_1,1h,ppb
2026-08-12T10:15:00Z,1,56.76,67.49,57.68922351837158,-0.9292235183715789,xgboost,delta,fold_1,1h,ppb
2026-08-12T10:30:00Z,1,52.05,63.54,58.70575241088867,-6.655752410888674,xgboost,delta,fold_1,1h,ppb
2026-08-12T10:45:00Z,1,57.83,61.53,58.25325658798218,-0.4232565879821806,xgboost,delta,fold_1,1h,ppb
2026-08-12T11:00:00Z,1,55.33,57.0,57.8312224149704,-2.5012224149703997,xgboost,delta,fold_1,1h,ppb
2026-08-12T11:15:00Z,1,58.96,56.76,57.84490788936615,1.115092110633853,xgboost,delta,fold_1,1h,ppb
2026-08-12T11:30:00Z,1,57.94,52.05,56.3817232131958,1.5582767868041998,xgboost,delta,fold_1,1h,ppb
2026-08-12T11:45:00Z,1,58.82,57.83,58.67888255596161,0.1411174440383931,xgboost,delta,fold_1,1h,ppb
2026-08-12T12:00:00Z,1,52.0,55.33,56.930549697875975,-4.930549697875975,xgboost,delta,fold_1,1h,ppb
2026-08-12T12:15:00Z,1,55.61,58.96,57.45572253227234,-1.8457225322723403,xgboost,delta,fold_1,1h,ppb
2026-08-12T12:30:00Z,1,51.77,57.94,51.23497718811035,0.5350228118896538,xgboost,delta,fold_1,1h,ppb
2026-08-12T12:45:00Z,1,50.68,58.82,55.39766389846802,-4.717663898468018,xgboost,delta,fold_1,1h,ppb
2026-08-12T13:00:00Z,1,49.51,52.0,55.42383074760437,-5.913830747604372,xgboost,delta,fold_1,1h,ppb
2026-08-12T13:15:00Z,1,51.24,55.61,55.824039012789726,-4.584039012789724,xgboost,delta,fold_1,1h,ppb
2026-08-12T13:30:00Z,1,48.43,51.77,56.4797396850586,-8.049739685058597,xgboost,delta,fold_1,1h,ppb
2026-08-12T13:45:00Z,1,50.92,50.68,56.72703855514526,-5.807038555145262,xgboost,delta,fold_1,1h,ppb
2026-08-12T14:00:00Z,1,50.82,49.51,50.90327871799469,-0.08327871799468767,xgboost,delta,fold_1,1h,ppb
2026-08-12T14:15:00Z,1,46.78,51.24,53.36695550918579,-6.586955509185792,xgboost,delta,fold_1,1h,ppb
2026-08-12T14:30:00Z,1,45.23,48.43,50.03990738868713,-4.809907388687137,xgboost,delta,fold_1,1h,ppb
2026-08-12T14:45:00Z,1,38.04,50.92,36.820108337402345,1.2198916625976537,xgboost,delta,fold_1,1h,ppb
2026-08-12T15:00:00Z,1,30.59,50.82,36.6705220413208,-6.080522041320801,xgboost,delta,fold_1,1h,ppb
2026-08-12T15:15:00Z,1,31.0,46.78,42.35760715484619,-11.357607154846193,xgboost,delta,fold_1,1h,ppb
2026-08-12T15:30:00Z,1,36.23,45.23,44.264577071666714,-8.034577071666718,xgboost,delta,fold_1,1h,ppb
2026-08-12T15:45:00Z,1,37.55,38.04,44.17475704193115,-6.624757041931154,xgboost,delta,fold_1,1h,ppb
2026-08-12T16:00:00Z,1,35.98,30.59,39.36107620239258,-3.3810762023925847,xgboost,delta,fold_1,1h,ppb
2026-08-12T16:15:00Z,1,31.94,31.0,38.85987329483032,-6.919873294830321,xgboost,delta,fold_1,1h,ppb
2026-08-12T16:30:00Z,1,39.85,36.23,39.12757513999939,0.7224248600006149,xgboost,delta,fold_1,1h,ppb
2026-08-12T16:45:00Z,1,35.92,37.55,39.33031253814697,-3.410312538146968,xgboost,delta,fold_1,1h,ppb
2026-08-12T17:00:00Z,1,38.65,35.98,39.771307926177975,-1.1213079261779768,xgboost,delta,fold_1,1h,ppb
2026-08-12T17:15:00Z,1,43.76,31.94,38.34416622161865,5.415833778381348,xgboost,delta,fold_1,1h,ppb
2026-08-12T17:30:00Z,1,47.57,39.85,45.88295660018921,1.6870433998107899,xgboost,delta,fold_1,1h,ppb
2026-08-12T17:45:00Z,1,55.19,35.92,45.34603874206543,9.843961257934566,xgboost,delta,fold_1,1h,ppb
2026-08-12T18:00:00Z,1,49.42,38.65,49.40646495819092,0.013535041809085158,xgboost,delta,fold_1,1h,ppb
2026-08-12T18:15:00Z,1,52.45,43.76,52.046545753479,0.4034542465210009,xgboost,delta,fold_1,1h,ppb
2026-08-12T18:30:00Z,1,60.41,47.57,53.85071641921997,6.559283580780026,xgboost,delta,fold_1,1h,ppb
2026-08-12T18:45:00Z,1,61.45,55.19,58.42183679580688,3.0281632041931204,xgboost,delta,fold_1,1h,ppb
2026-08-12T19:00:00Z,1,62.96,49.42,55.15787117004395,7.802128829956054,xgboost,delta,fold_1,1h,ppb
2026-08-12T19:15:00Z,1,57.93,52.45,55.89710469245911,2.0328953075408904,xgboost,delta,fold_1,1h,ppb
2026-08-12T19:30:00Z,1,63.46,60.41,60.998862419128415,2.4611375808715863,xgboost,delta,fold_1,1h,ppb
2026-08-12T19:45:00Z,1,51.85,61.45,61.66145741641522,-9.811457416415216,xgboost,delta,fold_1,1h,ppb
2026-08-12T20:00:00Z,1,40.77,62.96,61.91882332324982,-21.148823323249815,xgboost,delta,fold_1,1h,ppb
2026-08-12T20:15:00Z,1,41.7,57.93,57.381174199581146,-15.681174199581143,xgboost,delta,fold_1,1h,ppb
2026-08-12T20:30:00Z,1,35.25,63.46,57.58718152999878,-22.33718152999878,xgboost,delta,fold_1,1h,ppb
2026-08-12T20:45:00Z,1,33.45,51.85,51.55608776807785,-18.10608776807785,xgboost,delta,fold_1,1h,ppb
2026-08-12T21:00:00Z,1,27.83,40.77,40.39508907914162,-12.565089079141622,xgboost,delta,fold_1,1h,ppb
2026-08-12T21:15:00Z,1,27.71,41.7,40.33782250881195,-12.627822508811953,xgboost,delta,fold_1,1h,ppb
2026-08-12T21:30:00Z,1,34.59,35.25,39.498459339141846,-4.908459339141842,xgboost,delta,fold_1,1h,ppb
2026-08-12T21:45:00Z,1,35.57,33.45,39.135570240020755,-3.5655702400207545,xgboost,delta,fold_1,1h,ppb
2026-08-12T22:00:00Z,1,37.6,27.83,31.374150352478026,6.225849647521976,xgboost,delta,fold_1,1h,ppb
2026-08-12T22:15:00Z,1,35.92,27.71,31.012738428115846,4.907261571884156,xgboost,delta,fold_1,1h,ppb
2026-08-12T22:30:00Z,1,35.36,34.59,34.58133088253439,0.7786691174656113,xgboost,delta,fold_1,1h,ppb
2026-08-12T22:45:00Z,1,30.86,35.57,37.498109765052796,-6.638109765052796,xgboost,delta,fold_1,1h,ppb
2026-08-12T23:00:00Z,1,32.22,37.6,38.148692107200624,-5.928692107200625,xgboost,delta,fold_1,1h,ppb
2026-08-12T23:15:00Z,1,32.08,35.92,37.72685865879059,-5.646858658790592,xgboost,delta,fold_1,1h,ppb
2026-08-12T23:30:00Z,1,31.32,35.36,39.42702375411987,-8.107023754119872,xgboost,delta,fold_1,1h,ppb
2026-08-12T23:45:00Z,1,33.29,30.86,33.08142791748047,0.20857208251953097,xgboost,delta,fold_1,1h,ppb
2026-08-13T00:00:00Z,1,29.48,32.22,33.793073267936705,-4.313073267936705,xgboost,delta,fold_1,1h,ppb
2026-08-13T00:15:00Z,1,30.99,32.08,31.96056081533432,-0.9705608153343199,xgboost,delta,fold_1,1h,ppb
2026-08-13T00:30:00Z,1,32.33,31.32,33.429976053237915,-1.099976053237917,xgboost,delta,fold_1,1h,ppb
2026-08-13T00:45:00Z,1,33.85,33.29,36.48077754020691,-2.630777540206907,xgboost,delta,fold_1,1h,ppb
2026-08-13T01:00:00Z,1,32.97,29.48,32.90188882827759,0.068111171722407,xgboost,delta,fold_1,1h,ppb
2026-08-13T01:15:00Z,1,35.41,30.99,33.674920549392695,1.7350794506073015,xgboost,delta,fold_1,1h,ppb
2026-08-13T01:30:00Z,1,34.11,32.33,34.87220843315124,-0.762208433151244,xgboost,delta,fold_1,1h,ppb
2026-08-13T01:45:00Z,1,32.79,33.85,34.948912835121156,-2.158912835121157,xgboost,delta,fold_1,1h,ppb
2026-08-13T02:00:00Z,1,29.76,32.97,37.44151279449463,-7.681512794494626,xgboost,delta,fold_1,1h,ppb
2026-08-13T02:15:00Z,1,31.51,35.41,39.51478782653808,-8.004787826538081,xgboost,delta,fold_1,1h,ppb
2026-08-13T02:30:00Z,1,31.94,34.11,40.028983936309814,-8.088983936309813,xgboost,delta,fold_1,1h,ppb
2026-08-13T02:45:00Z,1,29.44,32.79,40.12548259735107,-10.685482597351072,xgboost,delta,fold_1,1h,ppb
2026-08-13T03:00:00Z,1,27.72,29.76,44.01059318542481,-16.29059318542481,xgboost,delta,fold_1,1h,ppb
2026-08-13T03:15:00Z,1,27.23,31.51,45.19055438995362,-17.960554389953618,xgboost,delta,fold_1,1h,ppb
2026-08-13T03:30:00Z,1,27.79,31.94,44.739799919128416,-16.949799919128417,xgboost,delta,fold_1,1h,ppb
2026-08-13T03:45:00Z,1,34.52,29.44,43.50060218811035,-8.980602188110346,xgboost,delta,fold_1,1h,ppb
2026-08-13T04:00:00Z,1,45.66,27.72,38.7667004776001,6.8932995223999,xgboost,delta,fold_1,1h,ppb
2026-08-13T04:15:00Z,1,49.3,27.23,39.424967269897465,9.875032730102532,xgboost,delta,fold_1,1h,ppb
2026-08-13T04:30:00Z,1,51.36,27.79,41.67307857513428,9.686921424865723,xgboost,delta,fold_1,1h,ppb
2026-08-13T04:45:00Z,1,54.21,34.52,44.44333221435547,9.766667785644529,xgboost,delta,fold_1,1h,ppb
2026-08-13T05:00:00Z,1,51.38,45.66,54.65117851257324,-3.271178512573236,xgboost,delta,fold_1,1h,ppb
2026-08-13T05:15:00Z,1,48.44,49.3,58.90138320922851,-10.461383209228515,xgboost,delta,fold_1,1h,ppb
2026-08-13T05:30:00Z,1,54.98,51.36,60.9577201461792,-5.977720146179202,xgboost,delta,fold_1,1h,ppb
2026-08-13T05:45:00Z,1,59.72,54.21,62.60892673492432,-2.8889267349243184,xgboost,delta,fold_1,1h,ppb
2026-08-13T06:00:00Z,1,62.92,51.38,64.81484020233154,-1.8948402023315367,xgboost,delta,fold_1,1h,ppb
2026-08-13T06:15:00Z,1,64.11,48.44,62.67441696166992,1.4355830383300798,xgboost,delta,fold_1,1h,ppb
2026-08-13T06:30:00Z,1,67.42,54.98,63.4032006072998,4.0167993927002,xgboost,delta,fold_1,1h,ppb
2026-08-13T06:45:00Z,1,71.78,59.72,66.68558284759521,5.094417152404787,xgboost,delta,fold_1,1h,ppb
2026-08-13T07:00:00Z,1,76.37,62.92,68.64680950164795,7.723190498352054,xgboost,delta,fold_1,1h,ppb
2026-08-13T07:15:00Z,1,82.5,64.11,70.98176895141602,11.518231048583985,xgboost,delta,fold_1,1h,ppb
2026-08-13T07:30:00Z,1,65.1,67.42,65.74283389568329,-0.642833895683296,xgboost,delta,fold_1,1h,ppb
2026-08-13T07:45:00Z,1,71.16,71.78,66.69352558135986,4.466474418640132,xgboost,delta,fold_1,1h,ppb
2026-08-13T08:00:00Z,1,76.94,76.37,69.57092153549195,7.36907846450805,xgboost,delta,fold_1,1h,ppb
2026-08-13T08:30:00Z,1,94.02,65.1,63.794624662399286,30.22537533760071,xgboost,delta,fold_1,1h,ppb
2026-08-13T08:45:00Z,1,63.41,71.16,67.40173069000244,-3.9917306900024414,xgboost,delta,fold_1,1h,ppb
2026-08-13T09:00:00Z,1,61.62,76.94,69.21162742614746,-7.591627426147461,xgboost,delta,fold_1,1h,ppb
2026-08-13T09:30:00Z,1,59.35,94.02,86.92638160705566,-27.57638160705566,xgboost,delta,fold_1,1h,ppb
2026-08-13T09:45:00Z,1,55.26,63.41,62.95356831312179,-7.693568313121794,xgboost,delta,fold_1,1h,ppb
2026-08-13T10:00:00Z,1,50.94,61.62,58.039368028640745,-7.099368028640747,xgboost,delta,fold_1,1h,ppb
2026-08-13T10:15:00Z,1,51.29,58.73,55.587944965362546,-4.2979449653625466,xgboost,delta,fold_1,1h,ppb
2026-08-13T10:30:00Z,1,56.26,59.35,58.72720489501953,-2.4672048950195347,xgboost,delta,fold_1,1h,ppb
2026-08-13T10:45:00Z,1,57.56,55.26,54.09313989639282,3.466860103607182,xgboost,delta,fold_1,1h,ppb
2026-08-13T11:00:00Z,1,58.59,50.94,55.91282457351684,2.67717542648316,xgboost,delta,fold_1,1h,ppb
2026-08-13T11:15:00Z,1,56.19,51.29,54.965442934036254,1.2245570659637437,xgboost,delta,fold_1,1h,ppb
2026-08-13T11:30:00Z,1,57.22,56.26,56.4169916754961,0.8030083245038995,xgboost,delta,fold_1,1h,ppb
2026-08-13T11:45:00Z,1,56.7,57.56,55.09598165512085,1.604018344879151,xgboost,delta,fold_1,1h,ppb
2026-08-13T12:00:00Z,1,55.79,58.59,56.10114344596863,-0.3111434459686322,xgboost,delta,fold_1,1h,ppb
2026-08-13T12:15:00Z,1,58.16,56.19,56.05686915159225,2.1031308484077442,xgboost,delta,fold_1,1h,ppb
2026-08-13T12:30:00Z,1,56.51,57.22,54.390361042022704,2.119638957977294,xgboost,delta,fold_1,1h,ppb
2026-08-13T12:45:00Z,1,51.79,56.7,54.849827122688296,-3.059827122688297,xgboost,delta,fold_1,1h,ppb
2026-08-13T13:00:00Z,1,54.33,55.79,56.03642765522003,-1.7064276552200326,xgboost,delta,fold_1,1h,ppb
2026-08-13T13:15:00Z,1,55.45,58.16,57.41933355093002,-1.969333550930017,xgboost,delta,fold_1,1h,ppb
2026-08-13T13:30:00Z,1,62.14,56.51,58.730751762390135,3.409248237609866,xgboost,delta,fold_1,1h,ppb
2026-08-13T13:45:00Z,1,62.84,51.79,56.3805647277832,6.459435272216801,xgboost,delta,fold_1,1h,ppb
2026-08-13T14:00:00Z,1,56.07,54.33,54.85923876047134,1.210761239528658,xgboost,delta,fold_1,1h,ppb
2026-08-13T14:15:00Z,1,53.58,55.45,55.35010140836239,-1.7701014083623932,xgboost,delta,fold_1,1h,ppb
2026-08-13T14:30:00Z,1,48.71,62.14,57.338710918426514,-8.628710918426513,xgboost,delta,fold_1,1h,ppb
2026-08-13T14:45:00Z,1,44.93,62.84,55.78010066986084,-10.850100669860844,xgboost,delta,fold_1,1h,ppb
2026-08-13T15:00:00Z,1,44.03,56.07,46.54553253173828,-2.5155325317382804,xgboost,delta,fold_1,1h,ppb
2026-08-13T15:15:00Z,1,42.06,53.58,43.9386368560791,-1.8786368560790976,xgboost,delta,fold_1,1h,ppb
2026-08-13T15:30:00Z,1,41.08,48.71,49.98659523487091,-8.906595234870913,xgboost,delta,fold_1,1h,ppb
2026-08-13T15:45:00Z,1,45.3,44.93,47.83672826766968,-2.5367282676696803,xgboost,delta,fold_1,1h,ppb
2026-08-13T16:00:00Z,1,44.81,44.03,49.01408269882202,-4.20408269882202,xgboost,delta,fold_1,1h,ppb
2026-08-13T16:15:00Z,1,42.61,42.06,48.76647764205933,-6.156477642059329,xgboost,delta,fold_1,1h,ppb
2026-08-13T16:30:00Z,1,44.56,41.08,47.2182360458374,-2.6582360458373984,xgboost,delta,fold_1,1h,ppb
2026-08-13T16:45:00Z,1,49.31,45.3,47.924196767807004,1.3858032321929983,xgboost,delta,fold_1,1h,ppb
2026-08-13T17:00:00Z,1,49.88,44.81,52.19027572631836,-2.310275726318359,xgboost,delta,fold_1,1h,ppb
2026-08-13T17:15:00Z,1,50.85,42.61,50.775016174316406,0.07498382568359574,xgboost,delta,fold_1,1h,ppb
2026-08-13T17:30:00Z,1,47.39,44.56,51.00733428955078,-3.617334289550783,xgboost,delta,fold_1,1h,ppb
2026-08-13T17:45:00Z,1,46.57,49.31,54.221474704742434,-7.651474704742434,xgboost,delta,fold_1,1h,ppb
2026-08-13T18:00:00Z,1,44.97,49.88,56.459231262207034,-11.489231262207035,xgboost,delta,fold_1,1h,ppb
2026-08-13T18:15:00Z,1,43.49,50.85,57.882639503479005,-14.392639503479003,xgboost,delta,fold_1,1h,ppb
2026-08-13T18:30:00Z,1,46.27,47.39,57.45730270385742,-11.18730270385742,xgboost,delta,fold_1,1h,ppb
2026-08-13T18:45:00Z,1,43.35,46.57,55.598923988342285,-12.248923988342284,xgboost,delta,fold_1,1h,ppb
2026-08-13T19:00:00Z,1,47.04,44.97,56.01764461517334,-8.97764461517334,xgboost,delta,fold_1,1h,ppb
2026-08-13T19:15:00Z,1,43.97,43.49,54.828730812072756,-10.858730812072757,xgboost,delta,fold_1,1h,ppb
2026-08-13T19:30:00Z,1,49.85,46.27,55.47004940032959,-5.6200494003295915,xgboost,delta,fold_1,1h,ppb
2026-08-13T19:45:00Z,1,55.18,43.35,54.9953800201416,0.18461997985839673,xgboost,delta,fold_1,1h,ppb
2026-08-13T20:00:00Z,1,56.96,47.04,56.03166488647461,0.9283351135253923,xgboost,delta,fold_1,1h,ppb
2026-08-13T20:15:00Z,1,52.79,43.97,54.85686752319336,-2.066867523193359,xgboost,delta,fold_1,1h,ppb
2026-08-13T20:30:00Z,1,53.75,49.85,58.5320650100708,-4.782065010070802,xgboost,delta,fold_1,1h,ppb
2026-08-13T20:45:00Z,1,51.27,55.18,61.147846393585205,-9.877846393585202,xgboost,delta,fold_1,1h,ppb
2026-08-13T21:00:00Z,1,48.66,56.96,62.693147621154786,-14.03314762115479,xgboost,delta,fold_1,1h,ppb
2026-08-13T21:15:00Z,1,47.56,52.79,58.31697467803955,-10.756974678039548,xgboost,delta,fold_1,1h,ppb
2026-08-13T21:30:00Z,1,48.87,53.75,58.01975059509277,-9.149750595092776,xgboost,delta,fold_1,1h,ppb
2026-08-13T21:45:00Z,1,51.22,51.27,56.75960018157959,-5.539600181579594,xgboost,delta,fold_1,1h,ppb
2026-08-13T22:00:00Z,1,55.39,48.66,52.444227848052975,2.9457721519470255,xgboost,delta,fold_1,1h,ppb
2026-08-13T22:15:00Z,1,56.84,47.56,50.403183755874636,6.436816244125367,xgboost,delta,fold_1,1h,ppb
2026-08-13T22:30:00Z,1,52.78,48.87,50.295768971443174,2.4842310285568274,xgboost,delta,fold_1,1h,ppb
2026-08-13T22:45:00Z,1,50.54,51.22,53.79447052001953,-3.254470520019531,xgboost,delta,fold_1,1h,ppb
2026-08-13T23:00:00Z,1,51.84,55.39,58.09339846611023,-6.253398466110227,xgboost,delta,fold_1,1h,ppb
2026-08-13T23:15:00Z,1,50.6,56.84,51.868908729553226,-1.2689087295532246,xgboost,delta,fold_1,1h,ppb
2026-08-13T23:30:00Z,1,46.86,52.78,48.88395622253418,-2.0239562225341814,xgboost,delta,fold_1,1h,ppb
2026-08-13T23:45:00Z,1,46.9,50.54,49.983508207798,-3.0835082077980047,xgboost,delta,fold_1,1h,ppb
2026-08-12T00:00:00Z,1,32.64,47.08,40.49397911682055,-7.853979116820547,lightgbm,absolute,fold_1,1h,ppb
2026-08-12T00:15:00Z,1,35.4,44.22,43.98440335895052,-8.584403358950524,lightgbm,absolute,fold_1,1h,ppb
2026-08-12T00:30:00Z,1,34.74,35.77,33.87957543674005,0.8604245632599543,lightgbm,absolute,fold_1,1h,ppb
2026-08-12T00:45:00Z,1,34.24,37.34,32.51528207368894,1.7247179263110652,lightgbm,absolute,fold_1,1h,ppb
2026-08-12T01:00:00Z,1,37.19,32.64,31.89910953197776,5.290890468022237,lightgbm,absolute,fold_1,1h,ppb
2026-08-12T01:15:00Z,1,38.13,35.4,30.606428551441727,7.523571448558275,lightgbm,absolute,fold_1,1h,ppb
2026-08-12T01:30:00Z,1,33.37,34.74,32.0674217454363,1.3025782545636986,lightgbm,absolute,fold_1,1h,ppb
2026-08-12T01:45:00Z,1,34.01,34.24,33.112934822030184,0.8970651779698144,lightgbm,absolute,fold_1,1h,ppb
2026-08-12T02:00:00Z,1,35.12,37.19,33.67292024220918,1.4470797577908172,lightgbm,absolute,fold_1,1h,ppb
2026-08-12T02:15:00Z,1,39.77,38.13,35.16573937598624,4.604260624013762,lightgbm,absolute,fold_1,1h,ppb
2026-08-12T02:30:00Z,1,43.28,33.37,32.032875753256036,11.247124246743965,lightgbm,absolute,fold_1,1h,ppb
2026-08-12T02:45:00Z,1,41.04,34.01,32.01747011777187,9.022529882228127,lightgbm,absolute,fold_1,1h,ppb
2026-08-12T03:00:00Z,1,40.81,35.12,42.46927995111189,-1.6592799511118912,lightgbm,absolute,fold_1,1h,ppb
2026-08-12T03:15:00Z,1,42.67,39.77,45.29276635578425,-2.6227663557842504,lightgbm,absolute,fold_1,1h,ppb
2026-08-12T03:30:00Z,1,46.46,43.28,46.44250604013066,0.017493959869341325,lightgbm,absolute,fold_1,1h,ppb
2026-08-12T03:45:00Z,1,48.44,41.04,48.80184494910089,-0.3618449491008917,lightgbm,absolute,fold_1,1h,ppb
2026-08-12T04:00:00Z,1,50.21,40.81,50.95458213319048,-0.7445821331904767,lightgbm,absolute,fold_1,1h,ppb
2026-08-12T04:15:00Z,1,56.1,42.67,49.2669180361608,6.833081963839199,lightgbm,absolute,fold_1,1h,ppb
2026-08-12T04:30:00Z,1,51.21,46.46,52.71000487482669,-1.5000048748266863,lightgbm,absolute,fold_1,1h,ppb
2026-08-12T04:45:00Z,1,44.89,48.44,56.70798950458173,-11.817989504581732,lightgbm,absolute,fold_1,1h,ppb
2026-08-12T05:00:00Z,1,54.08,50.21,61.30515113226707,-7.225151132267072,lightgbm,absolute,fold_1,1h,ppb
2026-08-12T05:15:00Z,1,56.82,56.1,62.54059791411523,-5.720597914115231,lightgbm,absolute,fold_1,1h,ppb
2026-08-12T05:30:00Z,1,59.59,51.21,60.39328724081487,-0.8032872408148677,lightgbm,absolute,fold_1,1h,ppb
2026-08-12T05:45:00Z,1,65.27,44.89,60.32944468314266,4.940555316857335,lightgbm,absolute,fold_1,1h,ppb
2026-08-12T06:00:00Z,1,70.77,54.08,62.815242580416545,7.954757419583451,lightgbm,absolute,fold_1,1h,ppb
2026-08-12T06:15:00Z,1,72.32,56.82,65.04783468397571,7.272165316024285,lightgbm,absolute,fold_1,1h,ppb
2026-08-12T06:30:00Z,1,75.31,59.59,66.91697990048225,8.393020099517756,lightgbm,absolute,fold_1,1h,ppb
2026-08-12T06:45:00Z,1,77.95,65.27,69.9154454802414,8.0345545197586,lightgbm,absolute,fold_1,1h,ppb
2026-08-12T07:00:00Z,1,81.07,70.77,74.6971923503602,6.372807649639796,lightgbm,absolute,fold_1,1h,ppb
2026-08-12T07:15:00Z,1,84.91,72.32,75.5933183351302,9.31668166486979,lightgbm,absolute,fold_1,1h,ppb
2026-08-12T07:30:00Z,1,78.43,75.31,70.57314518163724,7.856854818362763,lightgbm,absolute,fold_1,1h,ppb
2026-08-12T07:45:00Z,1,73.67,77.95,69.56610471537174,4.1038952846282655,lightgbm,absolute,fold_1,1h,ppb
2026-08-12T08:00:00Z,1,64.5,81.07,68.3738055259408,-3.8738055259407957,lightgbm,absolute,fold_1,1h,ppb
2026-08-12T08:15:00Z,1,69.02,84.91,68.0479234498599,0.9720765501401019,lightgbm,absolute,fold_1,1h,ppb
2026-08-12T08:30:00Z,1,73.63,78.43,69.08152875851016,4.548471241489835,lightgbm,absolute,fold_1,1h,ppb
2026-08-12T08:45:00Z,1,73.43,73.67,68.10487467592358,5.325125324076424,lightgbm,absolute,fold_1,1h,ppb
2026-08-12T09:00:00Z,1,66.12,64.5,65.01285952013025,1.1071404798697557,lightgbm,absolute,fold_1,1h,ppb
2026-08-12T09:15:00Z,1,67.49,69.02,64.20071990657357,3.2892800934264272,lightgbm,absolute,fold_1,1h,ppb
2026-08-12T09:30:00Z,1,63.54,73.63,62.426467209454685,1.1135327905453138,lightgbm,absolute,fold_1,1h,ppb
2026-08-12T09:45:00Z,1,61.53,73.43,61.73295763231529,-0.20295763231528952,lightgbm,absolute,fold_1,1h,ppb
2026-08-12T10:00:00Z,1,57.0,66.12,58.74016511099225,-1.7401651109922511,lightgbm,absolute,fold_1,1h,ppb
2026-08-12T10:15:00Z,1,56.76,67.49,58.22497719013364,-1.464977190133645,lightgbm,absolute,fold_1,1h,ppb
2026-08-12T10:30:00Z,1,52.05,63.54,60.135001004464286,-8.085001004464289,lightgbm,absolute,fold_1,1h,ppb
2026-08-12T10:45:00Z,1,57.83,61.53,61.818781666229846,-3.9887816662298476,lightgbm,absolute,fold_1,1h,ppb
2026-08-12T11:00:00Z,1,55.33,57.0,61.96588694375704,-6.635886943757043,lightgbm,absolute,fold_1,1h,ppb
2026-08-12T11:15:00Z,1,58.96,56.76,61.61532306810321,-2.6553230681032076,lightgbm,absolute,fold_1,1h,ppb
2026-08-12T11:30:00Z,1,57.94,52.05,56.74231939686571,1.1976806031342875,lightgbm,absolute,fold_1,1h,ppb
2026-08-12T11:45:00Z,1,58.82,57.83,60.18338394946586,-1.363383949465863,lightgbm,absolute,fold_1,1h,ppb
2026-08-12T12:00:00Z,1,52.0,55.33,56.87063675851976,-4.870636758519758,lightgbm,absolute,fold_1,1h,ppb
2026-08-12T12:15:00Z,1,55.61,58.96,55.70730852546577,-0.0973085254657704,lightgbm,absolute,fold_1,1h,ppb
2026-08-12T12:30:00Z,1,51.77,57.94,53.59569287478589,-1.8256928747858865,lightgbm,absolute,fold_1,1h,ppb
2026-08-12T12:45:00Z,1,50.68,58.82,55.01022256483359,-4.330222564833591,lightgbm,absolute,fold_1,1h,ppb
2026-08-12T13:00:00Z,1,49.51,52.0,52.07318565445147,-2.5631856544514733,lightgbm,absolute,fold_1,1h,ppb
2026-08-12T13:15:00Z,1,51.24,55.61,56.965147995081416,-5.725147995081414,lightgbm,absolute,fold_1,1h,ppb
2026-08-12T13:30:00Z,1,48.43,51.77,55.80292666021194,-7.372926660211938,lightgbm,absolute,fold_1,1h,ppb
2026-08-12T13:45:00Z,1,50.92,50.68,55.79061876202155,-4.87061876202155,lightgbm,absolute,fold_1,1h,ppb
2026-08-12T14:00:00Z,1,50.82,49.51,49.925142738509386,0.8948572614906141,lightgbm,absolute,fold_1,1h,ppb
2026-08-12T14:15:00Z,1,46.78,51.24,49.84980125741493,-3.0698012574149303,lightgbm,absolute,fold_1,1h,ppb
2026-08-12T14:30:00Z,1,45.23,48.43,48.57082933906173,-3.3408293390617345,lightgbm,absolute,fold_1,1h,ppb
2026-08-12T14:45:00Z,1,38.04,50.92,42.855605178850006,-4.8156051788500065,lightgbm,absolute,fold_1,1h,ppb
2026-08-12T15:00:00Z,1,30.59,50.82,42.74794994851738,-12.15794994851738,lightgbm,absolute,fold_1,1h,ppb
2026-08-12T15:15:00Z,1,31.0,46.78,42.540896544910076,-11.540896544910076,lightgbm,absolute,fold_1,1h,ppb
2026-08-12T15:30:00Z,1,36.23,45.23,41.40504870805643,-5.17504870805643,lightgbm,absolute,fold_1,1h,ppb
2026-08-12T15:45:00Z,1,37.55,38.04,43.19275226917751,-5.642752269177514,lightgbm,absolute,fold_1,1h,ppb
2026-08-12T16:00:00Z,1,35.98,30.59,42.59927119392481,-6.61927119392481,lightgbm,absolute,fold_1,1h,ppb
2026-08-12T16:15:00Z,1,31.94,31.0,41.20951669175631,-9.269516691756312,lightgbm,absolute,fold_1,1h,ppb
2026-08-12T16:30:00Z,1,39.85,36.23,39.40750548525415,0.442494514745853,lightgbm,absolute,fold_1,1h,ppb
2026-08-12T16:45:00Z,1,35.92,37.55,40.66592647722571,-4.745926477225709,lightgbm,absolute,fold_1,1h,ppb
2026-08-12T17:00:00Z,1,38.65,35.98,39.01362866592105,-0.36362866592104837,lightgbm,absolute,fold_1,1h,ppb
2026-08-12T17:15:00Z,1,43.76,31.94,41.25399146979536,2.506008530204639,lightgbm,absolute,fold_1,1h,ppb
2026-08-12T17:30:00Z,1,47.57,39.85,45.38258419190135,2.187415808098649,lightgbm,absolute,fold_1,1h,ppb
2026-08-12T17:45:00Z,1,55.19,35.92,45.042063370013075,10.147936629986923,lightgbm,absolute,fold_1,1h,ppb
2026-08-12T18:00:00Z,1,49.42,38.65,50.37200991359274,-0.9520099135927396,lightgbm,absolute,fold_1,1h,ppb
2026-08-12T18:15:00Z,1,52.45,43.76,51.255891618100414,1.1941083818995892,lightgbm,absolute,fold_1,1h,ppb
2026-08-12T18:30:00Z,1,60.41,47.57,53.419976976773285,6.990023023226712,lightgbm,absolute,fold_1,1h,ppb
2026-08-12T18:45:00Z,1,61.45,55.19,53.1812196811418,8.268780318858205,lightgbm,absolute,fold_1,1h,ppb
2026-08-12T19:00:00Z,1,62.96,49.42,55.284464003577824,7.675535996422177,lightgbm,absolute,fold_1,1h,ppb
2026-08-12T19:15:00Z,1,57.93,52.45,56.12914237770743,1.8008576222925683,lightgbm,absolute,fold_1,1h,ppb
2026-08-12T19:30:00Z,1,63.46,60.41,56.29202908273798,7.167970917262018,lightgbm,absolute,fold_1,1h,ppb
2026-08-12T19:45:00Z,1,51.85,61.45,58.06937314040196,-6.219373140401956,lightgbm,absolute,fold_1,1h,ppb
2026-08-12T20:00:00Z,1,40.77,62.96,58.38161733273359,-17.611617332733587,lightgbm,absolute,fold_1,1h,ppb
2026-08-12T20:15:00Z,1,41.7,57.93,55.4772836479164,-13.777283647916398,lightgbm,absolute,fold_1,1h,ppb
2026-08-12T20:30:00Z,1,35.25,63.46,54.69667269334413,-19.446672693344127,lightgbm,absolute,fold_1,1h,ppb
2026-08-12T20:45:00Z,1,33.45,51.85,52.71954691445259,-19.26954691445259,lightgbm,absolute,fold_1,1h,ppb
2026-08-12T21:00:00Z,1,27.83,40.77,48.6847225530203,-20.854722553020302,lightgbm,absolute,fold_1,1h,ppb
2026-08-12T21:15:00Z,1,27.71,41.7,48.363302105924035,-20.653302105924034,lightgbm,absolute,fold_1,1h,ppb
2026-08-12T21:30:00Z,1,34.59,35.25,44.722160819707575,-10.132160819707572,lightgbm,absolute,fold_1,1h,ppb
2026-08-12T21:45:00Z,1,35.57,33.45,42.85859002371194,-7.28859002371194,lightgbm,absolute,fold_1,1h,ppb
2026-08-12T22:00:00Z,1,37.6,27.83,36.18945720049226,1.4105427995077449,lightgbm,absolute,fold_1,1h,ppb
2026-08-12T22:15:00Z,1,35.92,27.71,36.614143719688585,-0.6941437196885829,lightgbm,absolute,fold_1,1h,ppb
2026-08-12T22:30:00Z,1,35.36,34.59,37.15031171599932,-1.790311715999323,lightgbm,absolute,fold_1,1h,ppb
2026-08-12T22:45:00Z,1,30.86,35.57,36.629992854543055,-5.769992854543055,lightgbm,absolute,fold_1,1h,ppb
2026-08-12T23:00:00Z,1,32.22,37.6,40.405821785477855,-8.185821785477856,lightgbm,absolute,fold_1,1h,ppb
2026-08-12T23:15:00Z,1,32.08,35.92,40.73147523424108,-8.651475234241083,lightgbm,absolute,fold_1,1h,ppb
2026-08-12T23:30:00Z,1,31.32,35.36,43.88786012791186,-12.567860127911857,lightgbm,absolute,fold_1,1h,ppb
2026-08-12T23:45:00Z,1,33.29,30.86,42.359892636494976,-9.069892636494977,lightgbm,absolute,fold_1,1h,ppb
2026-08-13T00:00:00Z,1,29.48,32.22,38.93519884315801,-9.455198843158012,lightgbm,absolute,fold_1,1h,ppb
2026-08-13T00:15:00Z,1,30.99,32.08,37.04526206516817,-6.055262065168169,lightgbm,absolute,fold_1,1h,ppb
2026-08-13T00:30:00Z,1,32.33,31.32,35.055267683185036,-2.725267683185038,lightgbm,absolute,fold_1,1h,ppb
2026-08-13T00:45:00Z,1,33.85,33.29,33.69550682618081,0.1544931738191906,lightgbm,absolute,fold_1,1h,ppb
2026-08-13T01:00:00Z,1,32.97,29.48,31.690695723017278,1.279304276982721,lightgbm,absolute,fold_1,1h,ppb
2026-08-13T01:15:00Z,1,35.41,30.99,29.86696100734291,5.543038992657088,lightgbm,absolute,fold_1,1h,ppb
2026-08-13T01:30:00Z,1,34.11,32.33,30.716494492197743,3.3935055078022565,lightgbm,absolute,fold_1,1h,ppb
2026-08-13T01:45:00Z,1,32.79,33.85,30.664140643062204,2.125859356937795,lightgbm,absolute,fold_1,1h,ppb
2026-08-13T02:00:00Z,1,29.76,32.97,34.203527971756486,-4.443527971756485,lightgbm,absolute,fold_1,1h,ppb
2026-08-13T02:15:00Z,1,31.51,35.41,32.84979594004136,-1.339795940041359,lightgbm,absolute,fold_1,1h,ppb
2026-08-13T02:30:00Z,1,31.94,34.11,33.81765055369877,-1.8776505536987678,lightgbm,absolute,fold_1,1h,ppb
2026-08-13T02:45:00Z,1,29.44,32.79,34.68051713477369,-5.240517134773686,lightgbm,absolute,fold_1,1h,ppb
2026-08-13T03:00:00Z,1,27.72,29.76,44.731734589264725,-17.011734589264726,lightgbm,absolute,fold_1,1h,ppb
2026-08-13T03:15:00Z,1,27.23,31.51,44.816580531688224,-17.586580531688224,lightgbm,absolute,fold_1,1h,ppb
2026-08-13T03:30:00Z,1,27.79,31.94,45.749305962574546,-17.959305962574547,lightgbm,absolute,fold_1,1h,ppb
2026-08-13T03:45:00Z,1,34.52,29.44,46.01743213086428,-11.497432130864276,lightgbm,absolute,fold_1,1h,ppb
2026-08-13T04:00:00Z,1,45.66,27.72,48.37880401767831,-2.718804017678316,lightgbm,absolute,fold_1,1h,ppb
2026-08-13T04:15:00Z,1,49.3,27.23,48.91448556654778,0.38551443345221514,lightgbm,absolute,fold_1,1h,ppb
2026-08-13T04:30:00Z,1,51.36,27.79,50.7341837035568,0.6258162964431975,lightgbm,absolute,fold_1,1h,ppb
2026-08-13T04:45:00Z,1,54.21,34.52,50.98343598108629,3.226564018913713,lightgbm,absolute,fold_1,1h,ppb
2026-08-13T05:00:00Z,1,51.38,45.66,54.7756656927669,-3.3956656927668973,lightgbm,absolute,fold_1,1h,ppb
2026-08-13T05:15:00Z,1,48.44,49.3,56.65848456527975,-8.218484565279752,lightgbm,absolute,fold_1,1h,ppb
2026-08-13T05:30:00Z,1,54.98,51.36,59.251867731741605,-4.271867731741608,lightgbm,absolute,fold_1,1h,ppb
2026-08-13T05:45:00Z,1,59.72,54.21,65.62154445131495,-5.9015444513149475,lightgbm,absolute,fold_1,1h,ppb
2026-08-13T06:00:00Z,1,62.92,51.38,64.38495297432709,-1.4649529743270904,lightgbm,absolute,fold_1,1h,ppb
2026-08-13T06:15:00Z,1,64.11,48.44,62.57464772808903,1.5353522719109662,lightgbm,absolute,fold_1,1h,ppb
2026-08-13T06:30:00Z,1,67.42,54.98,64.48616964035583,2.933830359644176,lightgbm,absolute,fold_1,1h,ppb
2026-08-13T06:45:00Z,1,71.78,59.72,66.67295001833338,5.10704998166662,lightgbm,absolute,fold_1,1h,ppb
2026-08-13T07:00:00Z,1,76.37,62.92,71.67243379030047,4.697566209699531,lightgbm,absolute,fold_1,1h,ppb
2026-08-13T07:15:00Z,1,82.5,64.11,73.29565495312346,9.20434504687654,lightgbm,absolute,fold_1,1h,ppb
2026-08-13T07:30:00Z,1,65.1,67.42,73.80141914634017,-8.701419146340172,lightgbm,absolute,fold_1,1h,ppb
2026-08-13T07:45:00Z,1,71.16,71.78,74.28375061389285,-3.1237506138928524,lightgbm,absolute,fold_1,1h,ppb
2026-08-13T08:00:00Z,1,76.94,76.37,75.4084321605529,1.5315678394470922,lightgbm,absolute,fold_1,1h,ppb
2026-08-13T08:30:00Z,1,94.02,65.1,74.6116309112719,19.408369088728094,lightgbm,absolute,fold_1,1h,ppb
2026-08-13T08:45:00Z,1,63.41,71.16,74.38717955142832,-10.977179551428321,lightgbm,absolute,fold_1,1h,ppb
2026-08-13T09:00:00Z,1,61.62,76.94,71.30411513347352,-9.684115133473519,lightgbm,absolute,fold_1,1h,ppb
2026-08-13T09:30:00Z,1,59.35,94.02,70.22434293231147,-10.874342932311471,lightgbm,absolute,fold_1,1h,ppb
2026-08-13T09:45:00Z,1,55.26,63.41,67.23297184139992,-11.972971841399918,lightgbm,absolute,fold_1,1h,ppb
2026-08-13T10:00:00Z,1,50.94,61.62,62.90879686192188,-11.96879686192188,lightgbm,absolute,fold_1,1h,ppb
2026-08-13T10:15:00Z,1,51.29,58.73,60.13539232493974,-8.845392324939738,lightgbm,absolute,fold_1,1h,ppb
2026-08-13T10:30:00Z,1,56.26,59.35,60.448942659025164,-4.188942659025166,lightgbm,absolute,fold_1,1h,ppb
2026-08-13T10:45:00Z,1,57.56,55.26,58.85834472351742,-1.2983447235174168,lightgbm,absolute,fold_1,1h,ppb
2026-08-13T11:00:00Z,1,58.59,50.94,56.84879436190605,1.7412056380939518,lightgbm,absolute,fold_1,1h,ppb
2026-08-13T11:15:00Z,1,56.19,51.29,56.09993960803694,0.09006039196305693,lightgbm,absolute,fold_1,1h,ppb
2026-08-13T11:30:00Z,1,57.22,56.26,60.65047770879406,-3.430477708794058,lightgbm,absolute,fold_1,1h,ppb
2026-08-13T11:45:00Z,1,56.7,57.56,59.15054267930728,-2.4505426793072758,lightgbm,absolute,fold_1,1h,ppb
2026-08-13T12:00:00Z,1,55.79,58.59,56.58145917252654,-0.7914591725265439,lightgbm,absolute,fold_1,1h,ppb
2026-08-13T12:15:00Z,1,58.16,56.19,56.597874614878776,1.5621253851212202,lightgbm,absolute,fold_1,1h,ppb
2026-08-13T12:30:00Z,1,56.51,57.22,54.767673951103724,1.742326048896274,lightgbm,absolute,fold_1,1h,ppb
2026-08-13T12:45:00Z,1,51.79,56.7,57.62860839791222,-5.838608397912218,lightgbm,absolute,fold_1,1h,ppb
2026-08-13T13:00:00Z,1,54.33,55.79,57.42600845432633,-3.0960084543263307,lightgbm,absolute,fold_1,1h,ppb
2026-08-13T13:15:00Z,1,55.45,58.16,58.22842688399244,-2.778426883992438,lightgbm,absolute,fold_1,1h,ppb
2026-08-13T13:30:00Z,1,62.14,56.51,58.3705234403997,3.7694765596002995,lightgbm,absolute,fold_1,1h,ppb
2026-08-13T13:45:00Z,1,62.84,51.79,53.89008360572018,8.949916394279825,lightgbm,absolute,fold_1,1h,ppb
2026-08-13T14:00:00Z,1,56.07,54.33,52.97303359750874,3.0969664024912618,lightgbm,absolute,fold_1,1h,ppb
2026-08-13T14:15:00Z,1,53.58,55.45,55.04335694850549,-1.463356948505492,lightgbm,absolute,fold_1,1h,ppb
2026-08-13T14:30:00Z,1,48.71,62.14,56.037312932398194,-7.327312932398193,lightgbm,absolute,fold_1,1h,ppb
2026-08-13T14:45:00Z,1,44.93,62.84,53.856497938032355,-8.926497938032355,lightgbm,absolute,fold_1,1h,ppb
2026-08-13T15:00:00Z,1,44.03,56.07,48.65814520154279,-4.628145201542786,lightgbm,absolute,fold_1,1h,ppb
2026-08-13T15:15:00Z,1,42.06,53.58,46.67812328001472,-4.618123280014714,lightgbm,absolute,fold_1,1h,ppb
2026-08-13T15:30:00Z,1,41.08,48.71,45.0837746623452,-4.003774662345201,lightgbm,absolute,fold_1,1h,ppb
2026-08-13T15:45:00Z,1,45.3,44.93,46.53372821263072,-1.233728212630723,lightgbm,absolute,fold_1,1h,ppb
2026-08-13T16:00:00Z,1,44.81,44.03,47.27788609272984,-2.4678860927298345,lightgbm,absolute,fold_1,1h,ppb
2026-08-13T16:15:00Z,1,42.61,42.06,47.0256111633246,-4.4156111633245985,lightgbm,absolute,fold_1,1h,ppb
2026-08-13T16:30:00Z,1,44.56,41.08,46.55776443998579,-1.9977644399857866,lightgbm,absolute,fold_1,1h,ppb
2026-08-13T16:45:00Z,1,49.31,45.3,47.88808566931014,1.4219143306898587,lightgbm,absolute,fold_1,1h,ppb
2026-08-13T17:00:00Z,1,49.88,44.81,49.31170347026861,0.5682965297313913,lightgbm,absolute,fold_1,1h,ppb
2026-08-13T17:15:00Z,1,50.85,42.61,48.00508173481834,2.8449182651816614,lightgbm,absolute,fold_1,1h,ppb
2026-08-13T17:30:00Z,1,47.39,44.56,53.46117533754864,-6.071175337548638,lightgbm,absolute,fold_1,1h,ppb
2026-08-13T17:45:00Z,1,46.57,49.31,55.08173110321262,-8.511731103212618,lightgbm,absolute,fold_1,1h,ppb
2026-08-13T18:00:00Z,1,44.97,49.88,56.40685380202364,-11.436853802023641,lightgbm,absolute,fold_1,1h,ppb
2026-08-13T18:15:00Z,1,43.49,50.85,56.95971075755181,-13.469710757551809,lightgbm,absolute,fold_1,1h,ppb
2026-08-13T18:30:00Z,1,46.27,47.39,57.39562019575722,-11.125620195757215,lightgbm,absolute,fold_1,1h,ppb
2026-08-13T18:45:00Z,1,43.35,46.57,55.67531384823768,-12.325313848237677,lightgbm,absolute,fold_1,1h,ppb
2026-08-13T19:00:00Z,1,47.04,44.97,55.924828619132725,-8.884828619132726,lightgbm,absolute,fold_1,1h,ppb
2026-08-13T19:15:00Z,1,43.97,43.49,54.9305306069891,-10.960530606989103,lightgbm,absolute,fold_1,1h,ppb
2026-08-13T19:30:00Z,1,49.85,46.27,55.82358833472909,-5.973588334729087,lightgbm,absolute,fold_1,1h,ppb
2026-08-13T19:45:00Z,1,55.18,43.35,54.95720600421148,0.22279399578852122,lightgbm,absolute,fold_1,1h,ppb
2026-08-13T20:00:00Z,1,56.96,47.04,56.561806298170076,0.39819370182992486,lightgbm,absolute,fold_1,1h,ppb
2026-08-13T20:15:00Z,1,52.79,43.97,55.46665616577855,-2.676656165778553,lightgbm,absolute,fold_1,1h,ppb
2026-08-13T20:30:00Z,1,53.75,49.85,57.93099568640872,-4.180995686408721,lightgbm,absolute,fold_1,1h,ppb
2026-08-13T20:45:00Z,1,51.27,55.18,59.5699219865321,-8.299921986532098,lightgbm,absolute,fold_1,1h,ppb
2026-08-13T21:00:00Z,1,48.66,56.96,61.30636316428754,-12.646363164287543,lightgbm,absolute,fold_1,1h,ppb
2026-08-13T21:15:00Z,1,47.56,52.79,60.463938055963126,-12.903938055963124,lightgbm,absolute,fold_1,1h,ppb
2026-08-13T21:30:00Z,1,48.87,53.75,59.61476922830705,-10.74476922830705,lightgbm,absolute,fold_1,1h,ppb
2026-08-13T21:45:00Z,1,51.22,51.27,53.97027729522223,-2.750277295222233,lightgbm,absolute,fold_1,1h,ppb
2026-08-13T22:00:00Z,1,55.39,48.66,49.61770071834933,5.7722992816506675,lightgbm,absolute,fold_1,1h,ppb
2026-08-13T22:15:00Z,1,56.84,47.56,48.1380373878575,8.701962612142502,lightgbm,absolute,fold_1,1h,ppb
2026-08-13T22:30:00Z,1,52.78,48.87,47.39811997997839,5.381880020021612,lightgbm,absolute,fold_1,1h,ppb
2026-08-13T22:45:00Z,1,50.54,51.22,49.339318417287224,1.2006815827127753,lightgbm,absolute,fold_1,1h,ppb
2026-08-13T23:00:00Z,1,51.84,55.39,56.24319374472464,-4.403193744724639,lightgbm,absolute,fold_1,1h,ppb
2026-08-13T23:15:00Z,1,50.6,56.84,53.22235680819458,-2.6223568081945814,lightgbm,absolute,fold_1,1h,ppb
2026-08-13T23:30:00Z,1,46.86,52.78,51.955724716399814,-5.095724716399815,lightgbm,absolute,fold_1,1h,ppb
2026-08-13T23:45:00Z,1,46.9,50.54,46.44966680142162,0.4503331985783774,lightgbm,absolute,fold_1,1h,ppb
2026-08-12T00:00:00Z,1,32.64,47.08,44.162030349552545,-11.522030349552544,lightgbm,delta,fold_1,1h,ppb
2026-08-12T00:15:00Z,1,35.4,44.22,46.601580438603065,-11.201580438603067,lightgbm,delta,fold_1,1h,ppb
2026-08-12T00:30:00Z,1,34.74,35.77,38.946270726662,-4.206270726661998,lightgbm,delta,fold_1,1h,ppb
2026-08-12T00:45:00Z,1,34.24,37.34,34.84405417600122,-0.6040541760012204,lightgbm,delta,fold_1,1h,ppb
2026-08-12T01:00:00Z,1,37.19,32.64,33.18409047730831,4.005909522691688,lightgbm,delta,fold_1,1h,ppb
2026-08-12T01:15:00Z,1,38.13,35.4,32.775428319508805,5.354571680491198,lightgbm,delta,fold_1,1h,ppb
2026-08-12T01:30:00Z,1,33.37,34.74,35.91516365089664,-2.54516365089664,lightgbm,delta,fold_1,1h,ppb
2026-08-12T01:45:00Z,1,34.01,34.24,35.83871737086179,-1.8287173708617885,lightgbm,delta,fold_1,1h,ppb
2026-08-12T02:00:00Z,1,35.12,37.19,36.31274356994031,-1.192743569940312,lightgbm,delta,fold_1,1h,ppb
2026-08-12T02:15:00Z,1,39.77,38.13,37.34169397186336,2.428306028136646,lightgbm,delta,fold_1,1h,ppb
2026-08-12T02:30:00Z,1,43.28,33.37,36.02437853030627,7.255621469693729,lightgbm,delta,fold_1,1h,ppb
2026-08-12T02:45:00Z,1,41.04,34.01,35.48779017083261,5.5522098291673885,lightgbm,delta,fold_1,1h,ppb
2026-08-12T03:00:00Z,1,40.81,35.12,39.89829148318528,0.9117085168147199,lightgbm,delta,fold_1,1h,ppb
2026-08-12T03:15:00Z,1,42.67,39.77,45.693490434763575,-3.0234904347635734,lightgbm,delta,fold_1,1h,ppb
2026-08-12T03:30:00Z,1,46.46,43.28,46.24825858069973,0.21174141930026735,lightgbm,delta,fold_1,1h,ppb
2026-08-12T03:45:00Z,1,48.44,41.04,51.784674940888436,-3.3446749408884386,lightgbm,delta,fold_1,1h,ppb
2026-08-12T04:00:00Z,1,50.21,40.81,51.5601759218409,-1.3501759218409006,lightgbm,delta,fold_1,1h,ppb
2026-08-12T04:15:00Z,1,56.1,42.67,51.68777583314863,4.412224166851374,lightgbm,delta,fold_1,1h,ppb
2026-08-12T04:30:00Z,1,51.21,46.46,52.66313129838231,-1.45313129838231,lightgbm,delta,fold_1,1h,ppb
2026-08-12T04:45:00Z,1,44.89,48.44,61.47850997682818,-16.588509976828178,lightgbm,delta,fold_1,1h,ppb
2026-08-12T05:00:00Z,1,54.08,50.21,61.72113358412035,-7.641133584120354,lightgbm,delta,fold_1,1h,ppb
2026-08-12T05:15:00Z,1,56.82,56.1,60.9192189575796,-4.099218957579602,lightgbm,delta,fold_1,1h,ppb
2026-08-12T05:30:00Z,1,59.59,51.21,61.15439367022494,-1.5643936702249377,lightgbm,delta,fold_1,1h,ppb
2026-08-12T05:45:00Z,1,65.27,44.89,58.55180773589521,6.718192264104786,lightgbm,delta,fold_1,1h,ppb
2026-08-12T06:00:00Z,1,70.77,54.08,60.89087996205623,9.879120037943764,lightgbm,delta,fold_1,1h,ppb
2026-08-12T06:15:00Z,1,72.32,56.82,66.03612801327321,6.28387198672678,lightgbm,delta,fold_1,1h,ppb
2026-08-12T06:30:00Z,1,75.31,59.59,72.06995347725318,3.240046522746823,lightgbm,delta,fold_1,1h,ppb
2026-08-12T06:45:00Z,1,77.95,65.27,71.05019024701384,6.899809752986158,lightgbm,delta,fold_1,1h,ppb
2026-08-12T07:00:00Z,1,81.07,70.77,75.07537148860692,5.994628511393074,lightgbm,delta,fold_1,1h,ppb
2026-08-12T07:15:00Z,1,84.91,72.32,74.28673811355,10.623261886449995,lightgbm,delta,fold_1,1h,ppb
2026-08-12T07:30:00Z,1,78.43,75.31,68.42057047340526,10.009429526594744,lightgbm,delta,fold_1,1h,ppb
2026-08-12T07:45:00Z,1,73.67,77.95,65.73543792516215,7.9345620748378565,lightgbm,delta,fold_1,1h,ppb
2026-08-12T08:00:00Z,1,64.5,81.07,69.12017728105418,-4.620177281054183,lightgbm,delta,fold_1,1h,ppb
2026-08-12T08:15:00Z,1,69.02,84.91,71.07033338159806,-2.0503333815980653,lightgbm,delta,fold_1,1h,ppb
2026-08-12T08:30:00Z,1,73.63,78.43,69.28149574171016,4.348504258289836,lightgbm,delta,fold_1,1h,ppb
2026-08-12T08:45:00Z,1,73.43,73.67,66.32110248926519,7.1088975107348205,lightgbm,delta,fold_1,1h,ppb
2026-08-12T09:00:00Z,1,66.12,64.5,62.45317349662663,3.666826503373372,lightgbm,delta,fold_1,1h,ppb
2026-08-12T09:15:00Z,1,67.49,69.02,62.79126778890923,4.698732211090764,lightgbm,delta,fold_1,1h,ppb
2026-08-12T09:30:00Z,1,63.54,73.63,64.13140473235963,-0.5914047323596279,lightgbm,delta,fold_1,1h,ppb
2026-08-12T09:45:00Z,1,61.53,73.43,62.04113541812542,-0.51113541812542,lightgbm,delta,fold_1,1h,ppb
2026-08-12T10:00:00Z,1,57.0,66.12,58.86415820847698,-1.8641582084769794,lightgbm,delta,fold_1,1h,ppb
2026-08-12T10:15:00Z,1,56.76,67.49,57.45020699340655,-0.6902069934065551,lightgbm,delta,fold_1,1h,ppb
2026-08-12T10:30:00Z,1,52.05,63.54,60.57154148575817,-8.52154148575817,lightgbm,delta,fold_1,1h,ppb
2026-08-12T10:45:00Z,1,57.83,61.53,59.62369122528713,-1.7936912252871338,lightgbm,delta,fold_1,1h,ppb
2026-08-12T11:00:00Z,1,55.33,57.0,59.42064012024245,-4.090640120242455,lightgbm,delta,fold_1,1h,ppb
2026-08-12T11:15:00Z,1,58.96,56.76,59.21826397131643,-0.2582639713164312,lightgbm,delta,fold_1,1h,ppb
2026-08-12T11:30:00Z,1,57.94,52.05,56.36091698143595,1.5790830185640488,lightgbm,delta,fold_1,1h,ppb
2026-08-12T11:45:00Z,1,58.82,57.83,59.21639173895841,-0.39639173895840685,lightgbm,delta,fold_1,1h,ppb
2026-08-12T12:00:00Z,1,52.0,55.33,56.013228237009976,-4.013228237009976,lightgbm,delta,fold_1,1h,ppb
2026-08-12T12:15:00Z,1,55.61,58.96,54.26414525655638,1.345854743443617,lightgbm,delta,fold_1,1h,ppb
2026-08-12T12:30:00Z,1,51.77,57.94,52.74993059417849,-0.9799305941784837,lightgbm,delta,fold_1,1h,ppb
2026-08-12T12:45:00Z,1,50.68,58.82,53.528768082009606,-2.848768082009606,lightgbm,delta,fold_1,1h,ppb
2026-08-12T13:00:00Z,1,49.51,52.0,55.770244251140575,-6.260244251140577,lightgbm,delta,fold_1,1h,ppb
2026-08-12T13:15:00Z,1,51.24,55.61,56.014713099319245,-4.774713099319243,lightgbm,delta,fold_1,1h,ppb
2026-08-12T13:30:00Z,1,48.43,51.77,55.09887729679637,-6.668877296796367,lightgbm,delta,fold_1,1h,ppb
2026-08-12T13:45:00Z,1,50.92,50.68,56.57877880455391,-5.658778804553911,lightgbm,delta,fold_1,1h,ppb
2026-08-12T14:00:00Z,1,50.82,49.51,50.514261787434556,0.3057382125654442,lightgbm,delta,fold_1,1h,ppb
2026-08-12T14:15:00Z,1,46.78,51.24,51.31077088057911,-4.530770880579112,lightgbm,delta,fold_1,1h,ppb
2026-08-12T14:30:00Z,1,45.23,48.43,50.03531242873549,-4.8053124287354905,lightgbm,delta,fold_1,1h,ppb
2026-08-12T14:45:00Z,1,38.04,50.92,40.80207774164715,-2.762077741647154,lightgbm,delta,fold_1,1h,ppb
2026-08-12T15:00:00Z,1,30.59,50.82,38.46674988805881,-7.876749888058807,lightgbm,delta,fold_1,1h,ppb
2026-08-12T15:15:00Z,1,31.0,46.78,40.54809651415881,-9.548096514158807,lightgbm,delta,fold_1,1h,ppb
2026-08-12T15:30:00Z,1,36.23,45.23,40.87745573446936,-4.647455734469361,lightgbm,delta,fold_1,1h,ppb
2026-08-12T15:45:00Z,1,37.55,38.04,42.68113985948904,-5.131139859489046,lightgbm,delta,fold_1,1h,ppb
2026-08-12T16:00:00Z,1,35.98,30.59,39.191574320156434,-3.211574320156437,lightgbm,delta,fold_1,1h,ppb
2026-08-12T16:15:00Z,1,31.94,31.0,39.49490526081922,-7.554905260819222,lightgbm,delta,fold_1,1h,ppb
2026-08-12T16:30:00Z,1,39.85,36.23,39.74490370740318,0.1050962925968193,lightgbm,delta,fold_1,1h,ppb
2026-08-12T16:45:00Z,1,35.92,37.55,41.71560191778881,-5.795601917788808,lightgbm,delta,fold_1,1h,ppb
2026-08-12T17:00:00Z,1,38.65,35.98,41.12703284263537,-2.4770328426353743,lightgbm,delta,fold_1,1h,ppb
2026-08-12T17:15:00Z,1,43.76,31.94,40.663779535420886,3.096220464579112,lightgbm,delta,fold_1,1h,ppb
2026-08-12T17:30:00Z,1,47.57,39.85,45.403080029486404,2.1669199705135966,lightgbm,delta,fold_1,1h,ppb
2026-08-12T17:45:00Z,1,55.19,35.92,46.85176379648416,8.33823620351584,lightgbm,delta,fold_1,1h,ppb
2026-08-12T18:00:00Z,1,49.42,38.65,48.347224380483205,1.072775619516797,lightgbm,delta,fold_1,1h,ppb
2026-08-12T18:15:00Z,1,52.45,43.76,50.16266940836272,2.2873305916372857,lightgbm,delta,fold_1,1h,ppb
2026-08-12T18:30:00Z,1,60.41,47.57,52.521867508523215,7.888132491476782,lightgbm,delta,fold_1,1h,ppb
2026-08-12T18:45:00Z,1,61.45,55.19,57.313391409282325,4.136608590717678,lightgbm,delta,fold_1,1h,ppb
2026-08-12T19:00:00Z,1,62.96,49.42,54.0357175959683,8.9242824040317,lightgbm,delta,fold_1,1h,ppb
2026-08-12T19:15:00Z,1,57.93,52.45,54.5130536170157,3.4169463829842996,lightgbm,delta,fold_1,1h,ppb
2026-08-12T19:30:00Z,1,63.46,60.41,60.516325069006704,2.9436749309932964,lightgbm,delta,fold_1,1h,ppb
2026-08-12T19:45:00Z,1,51.85,61.45,61.10790154381293,-9.257901543812928,lightgbm,delta,fold_1,1h,ppb
2026-08-12T20:00:00Z,1,40.77,62.96,60.033139631764044,-19.26313963176404,lightgbm,delta,fold_1,1h,ppb
2026-08-12T20:15:00Z,1,41.7,57.93,57.81497925320221,-16.114979253202208,lightgbm,delta,fold_1,1h,ppb
2026-08-12T20:30:00Z,1,35.25,63.46,58.50236843726603,-23.25236843726603,lightgbm,delta,fold_1,1h,ppb
2026-08-12T20:45:00Z,1,33.45,51.85,51.58840051067021,-18.13840051067021,lightgbm,delta,fold_1,1h,ppb
2026-08-12T21:00:00Z,1,27.83,40.77,42.23285465085396,-14.40285465085396,lightgbm,delta,fold_1,1h,ppb
2026-08-12T21:15:00Z,1,27.71,41.7,42.51577892364313,-14.805778923643132,lightgbm,delta,fold_1,1h,ppb
2026-08-12T21:30:00Z,1,34.59,35.25,41.86466145355758,-7.274661453557577,lightgbm,delta,fold_1,1h,ppb
2026-08-12T21:45:00Z,1,35.57,33.45,38.80334319383149,-3.2333431938314874,lightgbm,delta,fold_1,1h,ppb
2026-08-12T22:00:00Z,1,37.6,27.83,30.6058436206367,6.9941563793633,lightgbm,delta,fold_1,1h,ppb
2026-08-12T22:15:00Z,1,35.92,27.71,30.214950459451934,5.7050495405480675,lightgbm,delta,fold_1,1h,ppb
2026-08-12T22:30:00Z,1,35.36,34.59,35.068754579413714,0.2912454205862858,lightgbm,delta,fold_1,1h,ppb
2026-08-12T22:45:00Z,1,30.86,35.57,36.82377259716863,-5.963772597168628,lightgbm,delta,fold_1,1h,ppb
2026-08-12T23:00:00Z,1,32.22,37.6,38.28798508714851,-6.067985087148514,lightgbm,delta,fold_1,1h,ppb
2026-08-12T23:15:00Z,1,32.08,35.92,39.99459432361702,-7.914594323617024,lightgbm,delta,fold_1,1h,ppb
2026-08-12T23:30:00Z,1,31.32,35.36,41.15901210712236,-9.839012107122358,lightgbm,delta,fold_1,1h,ppb
2026-08-12T23:45:00Z,1,33.29,30.86,36.668185729481664,-3.3781857294816646,lightgbm,delta,fold_1,1h,ppb
2026-08-13T00:00:00Z,1,29.48,32.22,35.18934591148782,-5.709345911487819,lightgbm,delta,fold_1,1h,ppb
2026-08-13T00:15:00Z,1,30.99,32.08,35.37112376023535,-4.381123760235351,lightgbm,delta,fold_1,1h,ppb
2026-08-13T00:30:00Z,1,32.33,31.32,36.13928177213219,-3.809281772132195,lightgbm,delta,fold_1,1h,ppb
2026-08-13T00:45:00Z,1,33.85,33.29,35.51139867165548,-1.6613986716554763,lightgbm,delta,fold_1,1h,ppb
2026-08-13T01:00:00Z,1,32.97,29.48,32.879059327761304,0.09094067223869473,lightgbm,delta,fold_1,1h,ppb
2026-08-13T01:15:00Z,1,35.41,30.99,31.382466416948994,4.027533583051003,lightgbm,delta,fold_1,1h,ppb
2026-08-13T01:30:00Z,1,34.11,32.33,32.60517543413318,1.5048245658668193,lightgbm,delta,fold_1,1h,ppb
2026-08-13T01:45:00Z,1,32.79,33.85,33.614176549508485,-0.8241765495084863,lightgbm,delta,fold_1,1h,ppb
2026-08-13T02:00:00Z,1,29.76,32.97,36.60965118806011,-6.849651188060111,lightgbm,delta,fold_1,1h,ppb
2026-08-13T02:15:00Z,1,31.51,35.41,37.977002249547745,-6.467002249547743,lightgbm,delta,fold_1,1h,ppb
2026-08-13T02:30:00Z,1,31.94,34.11,39.84994746744519,-7.909947467445189,lightgbm,delta,fold_1,1h,ppb
2026-08-13T02:45:00Z,1,29.44,32.79,38.51413543470352,-9.074135434703518,lightgbm,delta,fold_1,1h,ppb
2026-08-13T03:00:00Z,1,27.72,29.76,39.207919235192726,-11.487919235192727,lightgbm,delta,fold_1,1h,ppb
2026-08-13T03:15:00Z,1,27.23,31.51,38.633866050805665,-11.403866050805664,lightgbm,delta,fold_1,1h,ppb
2026-08-13T03:30:00Z,1,27.79,31.94,41.84449403576782,-14.054494035767824,lightgbm,delta,fold_1,1h,ppb
2026-08-13T03:45:00Z,1,34.52,29.44,41.46968374344925,-6.949683743449249,lightgbm,delta,fold_1,1h,ppb
2026-08-13T04:00:00Z,1,45.66,27.72,39.61353159053133,6.046468409468666,lightgbm,delta,fold_1,1h,ppb
2026-08-13T04:15:00Z,1,49.3,27.23,42.03561595005255,7.264384049947445,lightgbm,delta,fold_1,1h,ppb
2026-08-13T04:30:00Z,1,51.36,27.79,43.71260378152232,7.647396218477681,lightgbm,delta,fold_1,1h,ppb
2026-08-13T04:45:00Z,1,54.21,34.52,49.20305355303781,5.006946446962189,lightgbm,delta,fold_1,1h,ppb
2026-08-13T05:00:00Z,1,51.38,45.66,54.32812847256697,-2.948128472566971,lightgbm,delta,fold_1,1h,ppb
2026-08-13T05:15:00Z,1,48.44,49.3,59.143749423150915,-10.703749423150917,lightgbm,delta,fold_1,1h,ppb
2026-08-13T05:30:00Z,1,54.98,51.36,60.49810159870643,-5.51810159870643,lightgbm,delta,fold_1,1h,ppb
2026-08-13T05:45:00Z,1,59.72,54.21,62.89000638680603,-3.1700063868060298,lightgbm,delta,fold_1,1h,ppb
2026-08-13T06:00:00Z,1,62.92,51.38,63.98085214263763,-1.0608521426376285,lightgbm,delta,fold_1,1h,ppb
2026-08-13T06:15:00Z,1,64.11,48.44,61.145052894789174,2.9649471052108254,lightgbm,delta,fold_1,1h,ppb
2026-08-13T06:30:00Z,1,67.42,54.98,63.31552601547774,4.104473984522265,lightgbm,delta,fold_1,1h,ppb
2026-08-13T06:45:00Z,1,71.78,59.72,68.4652931668549,3.3147068331450953,lightgbm,delta,fold_1,1h,ppb
2026-08-13T07:00:00Z,1,76.37,62.92,70.11639766112883,6.2536023388711754,lightgbm,delta,fold_1,1h,ppb
2026-08-13T07:15:00Z,1,82.5,64.11,70.52071479198106,11.979285208018936,lightgbm,delta,fold_1,1h,ppb
2026-08-13T07:30:00Z,1,65.1,67.42,68.21520136151658,-3.115201361516583,lightgbm,delta,fold_1,1h,ppb
2026-08-13T07:45:00Z,1,71.16,71.78,67.41662504639363,3.743374953606363,lightgbm,delta,fold_1,1h,ppb
2026-08-13T08:00:00Z,1,76.94,76.37,70.50625605187453,6.433743948125468,lightgbm,delta,fold_1,1h,ppb
2026-08-13T08:30:00Z,1,94.02,65.1,66.30546468907133,27.714535310928667,lightgbm,delta,fold_1,1h,ppb
2026-08-13T08:45:00Z,1,63.41,71.16,66.61682668558217,-3.206826685582172,lightgbm,delta,fold_1,1h,ppb
2026-08-13T09:00:00Z,1,61.62,76.94,71.02712560720614,-9.407125607206147,lightgbm,delta,fold_1,1h,ppb
2026-08-13T09:30:00Z,1,59.35,94.02,85.01384317591378,-25.663843175913776,lightgbm,delta,fold_1,1h,ppb
2026-08-13T09:45:00Z,1,55.26,63.41,60.07709391690234,-4.817093916902344,lightgbm,delta,fold_1,1h,ppb
2026-08-13T10:00:00Z,1,50.94,61.62,58.435456453681105,-7.495456453681108,lightgbm,delta,fold_1,1h,ppb
2026-08-13T10:15:00Z,1,51.29,58.73,55.352081840096325,-4.062081840096326,lightgbm,delta,fold_1,1h,ppb
2026-08-13T10:30:00Z,1,56.26,59.35,59.30062114873496,-3.0406211487349637,lightgbm,delta,fold_1,1h,ppb
2026-08-13T10:45:00Z,1,57.56,55.26,56.67314233973629,0.8868576602637148,lightgbm,delta,fold_1,1h,ppb
2026-08-13T11:00:00Z,1,58.59,50.94,57.02174587772683,1.5682541222731743,lightgbm,delta,fold_1,1h,ppb
2026-08-13T11:15:00Z,1,56.19,51.29,54.71137932605348,1.4786206739465158,lightgbm,delta,fold_1,1h,ppb
2026-08-13T11:30:00Z,1,57.22,56.26,56.515829417244746,0.7041705827552533,lightgbm,delta,fold_1,1h,ppb
2026-08-13T11:45:00Z,1,56.7,57.56,53.79996669801365,2.9000333019863547,lightgbm,delta,fold_1,1h,ppb
2026-08-13T12:00:00Z,1,55.79,58.59,55.72775471709165,0.062245282908349964,lightgbm,delta,fold_1,1h,ppb
2026-08-13T12:15:00Z,1,58.16,56.19,54.899525828567775,3.2604741714322216,lightgbm,delta,fold_1,1h,ppb
2026-08-13T12:30:00Z,1,56.51,57.22,55.175811780087194,1.3341882199128037,lightgbm,delta,fold_1,1h,ppb
2026-08-13T12:45:00Z,1,51.79,56.7,58.10979816189353,-6.31979816189353,lightgbm,delta,fold_1,1h,ppb
2026-08-13T13:00:00Z,1,54.33,55.79,58.898410806060376,-4.568410806060378,lightgbm,delta,fold_1,1h,ppb
2026-08-13T13:15:00Z,1,55.45,58.16,58.713250599089356,-3.2632505990893534,lightgbm,delta,fold_1,1h,ppb
2026-08-13T13:30:00Z,1,62.14,56.51,59.64745717747902,2.4925428225209814,lightgbm,delta,fold_1,1h,ppb
2026-08-13T13:45:00Z,1,62.84,51.79,55.893492892524506,6.946507107475497,lightgbm,delta,fold_1,1h,ppb
2026-08-13T14:00:00Z,1,56.07,54.33,52.93113375538418,3.1388662446158193,lightgbm,delta,fold_1,1h,ppb
2026-08-13T14:15:00Z,1,53.58,55.45,55.85963627844859,-2.279636278448592,lightgbm,delta,fold_1,1h,ppb
2026-08-13T14:30:00Z,1,48.71,62.14,56.65157413135032,-7.941574131350322,lightgbm,delta,fold_1,1h,ppb
2026-08-13T14:45:00Z,1,44.93,62.84,54.731805491431416,-9.801805491431416,lightgbm,delta,fold_1,1h,ppb
2026-08-13T15:00:00Z,1,44.03,56.07,48.69212032414819,-4.662120324148191,lightgbm,delta,fold_1,1h,ppb
2026-08-13T15:15:00Z,1,42.06,53.58,44.920802590303786,-2.860802590303784,lightgbm,delta,fold_1,1h,ppb
2026-08-13T15:30:00Z,1,41.08,48.71,49.00628257252351,-7.926282572523512,lightgbm,delta,fold_1,1h,ppb
2026-08-13T15:45:00Z,1,45.3,44.93,47.57152736214452,-2.271527362144525,lightgbm,delta,fold_1,1h,ppb
2026-08-13T16:00:00Z,1,44.81,44.03,47.88213714048693,-3.07213714048693,lightgbm,delta,fold_1,1h,ppb
2026-08-13T16:15:00Z,1,42.61,42.06,47.99845429182272,-5.388454291822718,lightgbm,delta,fold_1,1h,ppb
2026-08-13T16:30:00Z,1,44.56,41.08,47.108943749349336,-2.548943749349334,lightgbm,delta,fold_1,1h,ppb
2026-08-13T16:45:00Z,1,49.31,45.3,48.31738462373729,0.9926153762627123,lightgbm,delta,fold_1,1h,ppb
2026-08-13T17:00:00Z,1,49.88,44.81,51.11092217102579,-1.2309221710257887,lightgbm,delta,fold_1,1h,ppb
2026-08-13T17:15:00Z,1,50.85,42.61,50.19758627709391,0.6524137229060898,lightgbm,delta,fold_1,1h,ppb
2026-08-13T17:30:00Z,1,47.39,44.56,50.7954275099171,-3.4054275099170965,lightgbm,delta,fold_1,1h,ppb
2026-08-13T17:45:00Z,1,46.57,49.31,54.412637512183316,-7.842637512183316,lightgbm,delta,fold_1,1h,ppb
2026-08-13T18:00:00Z,1,44.97,49.88,56.47453755252487,-11.504537552524873,lightgbm,delta,fold_1,1h,ppb
2026-08-13T18:15:00Z,1,43.49,50.85,57.26885248850735,-13.778852488507347,lightgbm,delta,fold_1,1h,ppb
2026-08-13T18:30:00Z,1,46.27,47.39,57.091581475206816,-10.821581475206813,lightgbm,delta,fold_1,1h,ppb
2026-08-13T18:45:00Z,1,43.35,46.57,56.22997979884366,-12.879979798843657,lightgbm,delta,fold_1,1h,ppb
2026-08-13T19:00:00Z,1,47.04,44.97,56.38752145726988,-9.347521457269877,lightgbm,delta,fold_1,1h,ppb
2026-08-13T19:15:00Z,1,43.97,43.49,54.94389289641673,-10.973892896416729,lightgbm,delta,fold_1,1h,ppb
2026-08-13T19:30:00Z,1,49.85,46.27,55.49597711498566,-5.645977114985662,lightgbm,delta,fold_1,1h,ppb
2026-08-13T19:45:00Z,1,55.18,43.35,55.6650816146868,-0.48508161468679845,lightgbm,delta,fold_1,1h,ppb
2026-08-13T20:00:00Z,1,56.96,47.04,55.971561823350854,0.9884381766491472,lightgbm,delta,fold_1,1h,ppb
2026-08-13T20:15:00Z,1,52.79,43.97,54.71280916534084,-1.9228091653408441,lightgbm,delta,fold_1,1h,ppb
2026-08-13T20:30:00Z,1,53.75,49.85,57.73576560712321,-3.985765607123213,lightgbm,delta,fold_1,1h,ppb
2026-08-13T20:45:00Z,1,51.27,55.18,60.152081830703395,-8.882081830703392,lightgbm,delta,fold_1,1h,ppb
2026-08-13T21:00:00Z,1,48.66,56.96,62.04709586301635,-13.387095863016356,lightgbm,delta,fold_1,1h,ppb
2026-08-13T21:15:00Z,1,47.56,52.79,58.27151148836608,-10.711511488366078,lightgbm,delta,fold_1,1h,ppb
2026-08-13T21:30:00Z,1,48.87,53.75,58.84977883204377,-9.97977883204377,lightgbm,delta,fold_1,1h,ppb
2026-08-13T21:45:00Z,1,51.22,51.27,56.14804933924798,-4.928049339247984,lightgbm,delta,fold_1,1h,ppb
2026-08-13T22:00:00Z,1,55.39,48.66,52.08844509379417,3.30155490620583,lightgbm,delta,fold_1,1h,ppb
2026-08-13T22:15:00Z,1,56.84,47.56,51.10180804897,5.738191951030004,lightgbm,delta,fold_1,1h,ppb
2026-08-13T22:30:00Z,1,52.78,48.87,52.306830587853554,0.47316941214644714,lightgbm,delta,fold_1,1h,ppb
2026-08-13T22:45:00Z,1,50.54,51.22,53.835912034039325,-3.2959120340393255,lightgbm,delta,fold_1,1h,ppb
2026-08-13T23:00:00Z,1,51.84,55.39,57.280714368714555,-5.440714368714552,lightgbm,delta,fold_1,1h,ppb
2026-08-13T23:15:00Z,1,50.6,56.84,51.50287858619838,-0.9028785861983764,lightgbm,delta,fold_1,1h,ppb
2026-08-13T23:30:00Z,1,46.86,52.78,51.35567861851312,-4.495678618513118,lightgbm,delta,fold_1,1h,ppb
2026-08-13T23:45:00Z,1,46.9,50.54,51.33707017052399,-4.437070170523988,lightgbm,delta,fold_1,1h,ppb
2026-08-14T00:00:00Z,1,50.73,51.84,51.84,-1.1100000000000065,persistence,absolute,fold_2,1h,ppb
2026-08-14T00:15:00Z,1,54.17,50.6,50.6,3.5700000000000003,persistence,absolute,fold_2,1h,ppb
2026-08-14T00:30:00Z,1,52.26,46.86,46.86,5.399999999999999,persistence,absolute,fold_2,1h,ppb
2026-08-14T00:45:00Z,1,55.75,46.9,46.9,8.850000000000001,persistence,absolute,fold_2,1h,ppb
2026-08-14T01:00:00Z,1,55.64,50.73,50.73,4.910000000000004,persistence,absolute,fold_2,1h,ppb
2026-08-14T01:15:00Z,1,55.45,54.17,54.17,1.2800000000000011,persistence,absolute,fold_2,1h,ppb
2026-08-14T01:30:00Z,1,55.32,52.26,52.26,3.0600000000000023,persistence,absolute,fold_2,1h,ppb
2026-08-14T01:45:00Z,1,56.2,55.75,55.75,0.45000000000000284,persistence,absolute,fold_2,1h,ppb
2026-08-14T02:00:00Z,1,59.28,55.64,55.64,3.6400000000000006,persistence,absolute,fold_2,1h,ppb
2026-08-14T02:15:00Z,1,58.89,55.45,55.45,3.4399999999999977,persistence,absolute,fold_2,1h,ppb
2026-08-14T02:30:00Z,1,58.46,55.32,55.32,3.1400000000000006,persistence,absolute,fold_2,1h,ppb
2026-08-14T02:45:00Z,1,56.52,56.2,56.2,0.3200000000000003,persistence,absolute,fold_2,1h,ppb
2026-08-14T03:00:00Z,1,59.14,59.28,59.28,-0.14000000000000057,persistence,absolute,fold_2,1h,ppb
2026-08-14T03:15:00Z,1,61.44,58.89,58.89,2.549999999999997,persistence,absolute,fold_2,1h,ppb
2026-08-14T03:30:00Z,1,63.72,58.46,58.46,5.259999999999998,persistence,absolute,fold_2,1h,ppb
2026-08-14T03:45:00Z,1,65.94,56.52,56.52,9.419999999999995,persistence,absolute,fold_2,1h,ppb
2026-08-14T04:00:00Z,1,65.1,59.14,59.14,5.959999999999994,persistence,absolute,fold_2,1h,ppb
2026-08-14T04:15:00Z,1,68.51,61.44,61.44,7.070000000000007,persistence,absolute,fold_2,1h,ppb
2026-08-14T04:30:00Z,1,69.36,63.72,63.72,5.640000000000001,persistence,absolute,fold_2,1h,ppb
2026-08-14T04:45:00Z,1,71.93,65.94,65.94,5.990000000000009,persistence,absolute,fold_2,1h,ppb
2026-08-14T05:00:00Z,1,70.96,65.1,65.1,5.859999999999999,persistence,absolute,fold_2,1h,ppb
2026-08-14T05:15:00Z,1,72.37,68.51,68.51,3.8599999999999994,persistence,absolute,fold_2,1h,ppb
2026-08-14T05:30:00Z,1,75.49,69.36,69.36,6.1299999999999955,persistence,absolute,fold_2,1h,ppb
2026-08-14T05:45:00Z,1,77.66,71.93,71.93,5.72999999999999,persistence,absolute,fold_2,1h,ppb
2026-08-14T06:00:00Z,1,76.59,70.96,70.96,5.63000000000001,persistence,absolute,fold_2,1h,ppb
2026-08-14T06:15:00Z,1,82.2,72.37,72.37,9.829999999999998,persistence,absolute,fold_2,1h,ppb
2026-08-14T06:30:00Z,1,84.8,75.49,75.49,9.310000000000002,persistence,absolute,fold_2,1h,ppb
2026-08-14T06:45:00Z,1,81.27,77.66,77.66,3.6099999999999994,persistence,absolute,fold_2,1h,ppb
2026-08-14T07:00:00Z,1,85.15,76.59,76.59,8.560000000000002,persistence,absolute,fold_2,1h,ppb
2026-08-14T07:15:00Z,1,85.09,82.2,82.2,2.8900000000000006,persistence,absolute,fold_2,1h,ppb
2026-08-14T07:30:00Z,1,81.1,84.8,84.8,-3.700000000000003,persistence,absolute,fold_2,1h,ppb
2026-08-14T07:45:00Z,1,75.37,81.27,81.27,-5.8999999999999915,persistence,absolute,fold_2,1h,ppb
2026-08-14T08:00:00Z,1,76.54,85.15,85.15,-8.61,persistence,absolute,fold_2,1h,ppb
2026-08-14T08:15:00Z,1,70.15,85.09,85.09,-14.939999999999998,persistence,absolute,fold_2,1h,ppb
2026-08-14T08:30:00Z,1,70.49,81.1,81.1,-10.61,persistence,absolute,fold_2,1h,ppb
2026-08-14T08:45:00Z,1,73.01,75.37,75.37,-2.3599999999999994,persistence,absolute,fold_2,1h,ppb
2026-08-14T09:00:00Z,1,71.21,76.54,76.54,-5.3300000000000125,persistence,absolute,fold_2,1h,ppb
2026-08-14T09:15:00Z,1,69.34,70.15,70.15,-0.8100000000000023,persistence,absolute,fold_2,1h,ppb
2026-08-14T09:30:00Z,1,69.63,70.49,70.49,-0.8599999999999994,persistence,absolute,fold_2,1h,ppb
2026-08-14T09:45:00Z,1,66.46,73.01,73.01,-6.550000000000011,persistence,absolute,fold_2,1h,ppb
2026-08-14T10:00:00Z,1,68.05,71.21,71.21,-3.1599999999999966,persistence,absolute,fold_2,1h,ppb
2026-08-14T10:15:00Z,1,72.85,69.34,69.34,3.509999999999991,persistence,absolute,fold_2,1h,ppb
2026-08-14T10:30:00Z,1,72.55,69.63,69.63,2.9200000000000017,persistence,absolute,fold_2,1h,ppb
2026-08-14T10:45:00Z,1,72.41,66.46,66.46,5.950000000000003,persistence,absolute,fold_2,1h,ppb
2026-08-14T11:00:00Z,1,69.86,68.05,68.05,1.8100000000000023,persistence,absolute,fold_2,1h,ppb
2026-08-14T11:15:00Z,1,67.39,72.85,72.85,-5.459999999999994,persistence,absolute,fold_2,1h,ppb
2026-08-14T11:30:00Z,1,67.0,72.55,72.55,-5.549999999999997,persistence,absolute,fold_2,1h,ppb
2026-08-14T11:45:00Z,1,71.15,72.41,72.41,-1.259999999999991,persistence,absolute,fold_2,1h,ppb
2026-08-14T12:00:00Z,1,73.54,69.86,69.86,3.680000000000007,persistence,absolute,fold_2,1h,ppb
2026-08-14T12:15:00Z,1,68.46,67.39,67.39,1.0699999999999932,persistence,absolute,fold_2,1h,ppb
2026-08-14T12:30:00Z,1,71.74,67.0,67.0,4.739999999999995,persistence,absolute,fold_2,1h,ppb
2026-08-14T12:45:00Z,1,68.38,71.15,71.15,-2.7700000000000102,persistence,absolute,fold_2,1h,ppb
2026-08-14T13:00:00Z,1,71.66,73.54,73.54,-1.8800000000000097,persistence,absolute,fold_2,1h,ppb
2026-08-14T13:15:00Z,1,65.99,68.46,68.46,-2.469999999999999,persistence,absolute,fold_2,1h,ppb
2026-08-14T13:30:00Z,1,72.39,71.74,71.74,0.6500000000000057,persistence,absolute,fold_2,1h,ppb
2026-08-14T13:45:00Z,1,72.06,68.38,68.38,3.680000000000007,persistence,absolute,fold_2,1h,ppb
2026-08-14T14:00:00Z,1,71.62,71.66,71.66,-0.03999999999999204,persistence,absolute,fold_2,1h,ppb
2026-08-14T14:15:00Z,1,68.08,65.99,65.99,2.0900000000000034,persistence,absolute,fold_2,1h,ppb
2026-08-14T14:30:00Z,1,69.28,72.39,72.39,-3.1099999999999994,persistence,absolute,fold_2,1h,ppb
2026-08-14T14:45:00Z,1,65.11,72.06,72.06,-6.950000000000003,persistence,absolute,fold_2,1h,ppb
2026-08-14T15:00:00Z,1,61.9,71.62,71.62,-9.720000000000006,persistence,absolute,fold_2,1h,ppb
2026-08-14T15:15:00Z,1,70.95,68.08,68.08,2.8700000000000045,persistence,absolute,fold_2,1h,ppb
2026-08-14T15:30:00Z,1,72.11,69.28,69.28,2.8299999999999983,persistence,absolute,fold_2,1h,ppb
2026-08-14T15:45:00Z,1,70.63,65.11,65.11,5.519999999999996,persistence,absolute,fold_2,1h,ppb
2026-08-14T16:00:00Z,1,70.88,61.9,61.9,8.979999999999997,persistence,absolute,fold_2,1h,ppb
2026-08-14T16:15:00Z,1,66.28,70.95,70.95,-4.670000000000002,persistence,absolute,fold_2,1h,ppb
2026-08-14T16:30:00Z,1,61.48,72.11,72.11,-10.630000000000003,persistence,absolute,fold_2,1h,ppb
2026-08-14T16:45:00Z,1,61.2,70.63,70.63,-9.429999999999993,persistence,absolute,fold_2,1h,ppb
2026-08-14T17:00:00Z,1,60.82,70.88,70.88,-10.059999999999995,persistence,absolute,fold_2,1h,ppb
2026-08-14T17:15:00Z,1,60.26,66.28,66.28,-6.020000000000003,persistence,absolute,fold_2,1h,ppb
2026-08-14T17:30:00Z,1,66.46,61.48,61.48,4.979999999999997,persistence,absolute,fold_2,1h,ppb
2026-08-14T17:45:00Z,1,66.83,61.2,61.2,5.6299999999999955,persistence,absolute,fold_2,1h,ppb
2026-08-14T18:00:00Z,1,65.55,60.82,60.82,4.729999999999997,persistence,absolute,fold_2,1h,ppb
2026-08-14T18:15:00Z,1,61.92,60.26,60.26,1.6600000000000037,persistence,absolute,fold_2,1h,ppb
2026-08-14T18:30:00Z,1,62.59,66.46,66.46,-3.8699999999999903,persistence,absolute,fold_2,1h,ppb
2026-08-14T18:45:00Z,1,60.11,66.83,66.83,-6.719999999999999,persistence,absolute,fold_2,1h,ppb
2026-08-14T19:00:00Z,1,64.79,65.55,65.55,-0.7599999999999909,persistence,absolute,fold_2,1h,ppb
2026-08-14T19:15:00Z,1,67.05,61.92,61.92,5.1299999999999955,persistence,absolute,fold_2,1h,ppb
2026-08-14T19:30:00Z,1,60.82,62.59,62.59,-1.7700000000000031,persistence,absolute,fold_2,1h,ppb
2026-08-14T19:45:00Z,1,60.86,60.11,60.11,0.75,persistence,absolute,fold_2,1h,ppb
2026-08-14T20:00:00Z,1,60.92,64.79,64.79,-3.8700000000000045,persistence,absolute,fold_2,1h,ppb
2026-08-14T20:15:00Z,1,61.03,67.05,67.05,-6.019999999999996,persistence,absolute,fold_2,1h,ppb
2026-08-14T20:30:00Z,1,62.01,60.82,60.82,1.1899999999999977,persistence,absolute,fold_2,1h,ppb
2026-08-14T20:45:00Z,1,56.74,60.86,60.86,-4.119999999999997,persistence,absolute,fold_2,1h,ppb
2026-08-14T21:00:00Z,1,53.71,60.92,60.92,-7.210000000000001,persistence,absolute,fold_2,1h,ppb
2026-08-14T21:15:00Z,1,55.06,61.03,61.03,-5.969999999999999,persistence,absolute,fold_2,1h,ppb
2026-08-14T21:30:00Z,1,58.08,62.01,62.01,-3.9299999999999997,persistence,absolute,fold_2,1h,ppb
2026-08-14T21:45:00Z,1,61.06,56.74,56.74,4.32,persistence,absolute,fold_2,1h,ppb
2026-08-14T22:00:00Z,1,63.26,53.71,53.71,9.549999999999997,persistence,absolute,fold_2,1h,ppb
2026-08-14T22:15:00Z,1,66.64,55.06,55.06,11.579999999999998,persistence,absolute,fold_2,1h,ppb
2026-08-14T22:30:00Z,1,67.18,58.08,58.08,9.100000000000009,persistence,absolute,fold_2,1h,ppb
2026-08-14T22:45:00Z,1,63.89,61.06,61.06,2.8299999999999983,persistence,absolute,fold_2,1h,ppb
2026-08-14T23:00:00Z,1,65.95,63.26,63.26,2.690000000000005,persistence,absolute,fold_2,1h,ppb
2026-08-14T23:15:00Z,1,64.55,66.64,66.64,-2.0900000000000034,persistence,absolute,fold_2,1h,ppb
2026-08-14T23:30:00Z,1,65.7,67.18,67.18,-1.480000000000004,persistence,absolute,fold_2,1h,ppb
2026-08-14T23:45:00Z,1,64.64,63.89,63.89,0.75,persistence,absolute,fold_2,1h,ppb
2026-08-15T00:00:00Z,1,66.1,65.95,65.95,0.14999999999999147,persistence,absolute,fold_2,1h,ppb
2026-08-15T00:15:00Z,1,68.39,64.55,64.55,3.8400000000000034,persistence,absolute,fold_2,1h,ppb
2026-08-15T00:30:00Z,1,64.9,65.7,65.7,-0.7999999999999972,persistence,absolute,fold_2,1h,ppb
2026-08-15T00:45:00Z,1,66.53,64.64,64.64,1.8900000000000006,persistence,absolute,fold_2,1h,ppb
2026-08-15T01:00:00Z,1,66.02,66.1,66.1,-0.0799999999999983,persistence,absolute,fold_2,1h,ppb
2026-08-15T01:15:00Z,1,62.3,68.39,68.39,-6.090000000000003,persistence,absolute,fold_2,1h,ppb
2026-08-15T01:30:00Z,1,62.53,64.9,64.9,-2.3700000000000045,persistence,absolute,fold_2,1h,ppb
2026-08-15T01:45:00Z,1,61.58,66.53,66.53,-4.950000000000003,persistence,absolute,fold_2,1h,ppb
2026-08-15T02:00:00Z,1,62.34,66.02,66.02,-3.6799999999999926,persistence,absolute,fold_2,1h,ppb
2026-08-15T02:15:00Z,1,62.61,62.3,62.3,0.3100000000000023,persistence,absolute,fold_2,1h,ppb
2026-08-15T02:30:00Z,1,58.56,62.53,62.53,-3.969999999999999,persistence,absolute,fold_2,1h,ppb
2026-08-15T02:45:00Z,1,61.81,61.58,61.58,0.23000000000000398,persistence,absolute,fold_2,1h,ppb
2026-08-15T03:00:00Z,1,61.24,62.34,62.34,-1.1000000000000014,persistence,absolute,fold_2,1h,ppb
2026-08-15T03:15:00Z,1,62.41,62.61,62.61,-0.20000000000000284,persistence,absolute,fold_2,1h,ppb
2026-08-15T03:30:00Z,1,63.72,58.56,58.56,5.159999999999997,persistence,absolute,fold_2,1h,ppb
2026-08-15T03:45:00Z,1,63.52,61.81,61.81,1.7100000000000009,persistence,absolute,fold_2,1h,ppb
2026-08-15T04:00:00Z,1,67.33,61.24,61.24,6.089999999999996,persistence,absolute,fold_2,1h,ppb
2026-08-15T04:15:00Z,1,71.46,62.41,62.41,9.049999999999997,persistence,absolute,fold_2,1h,ppb
2026-08-15T04:30:00Z,1,75.36,63.72,63.72,11.64,persistence,absolute,fold_2,1h,ppb
2026-08-15T04:45:00Z,1,75.47,63.52,63.52,11.949999999999996,persistence,absolute,fold_2,1h,ppb
2026-08-15T05:00:00Z,1,78.47,67.33,67.33,11.14,persistence,absolute,fold_2,1h,ppb
2026-08-15T05:15:00Z,1,79.02,71.46,71.46,7.560000000000002,persistence,absolute,fold_2,1h,ppb
2026-08-15T05:30:00Z,1,78.87,75.36,75.36,3.510000000000005,persistence,absolute,fold_2,1h,ppb
2026-08-15T05:45:00Z,1,83.35,75.47,75.47,7.8799999999999955,persistence,absolute,fold_2,1h,ppb
2026-08-15T06:00:00Z,1,77.87,78.47,78.47,-0.5999999999999943,persistence,absolute,fold_2,1h,ppb
2026-08-15T06:15:00Z,1,77.36,79.02,79.02,-1.6599999999999966,persistence,absolute,fold_2,1h,ppb
2026-08-15T06:30:00Z,1,79.84,78.87,78.87,0.9699999999999989,persistence,absolute,fold_2,1h,ppb
2026-08-15T06:45:00Z,1,73.52,83.35,83.35,-9.829999999999998,persistence,absolute,fold_2,1h,ppb
2026-08-15T07:00:00Z,1,77.61,77.87,77.87,-0.2600000000000051,persistence,absolute,fold_2,1h,ppb
2026-08-15T07:15:00Z,1,89.18,77.36,77.36,11.820000000000007,persistence,absolute,fold_2,1h,ppb
2026-08-15T07:30:00Z,1,75.48,79.84,79.84,-4.359999999999999,persistence,absolute,fold_2,1h,ppb
2026-08-15T07:45:00Z,1,76.89,73.52,73.52,3.3700000000000045,persistence,absolute,fold_2,1h,ppb
2026-08-15T08:00:00Z,1,70.72,77.61,77.61,-6.890000000000001,persistence,absolute,fold_2,1h,ppb
2026-08-15T08:15:00Z,1,68.61,89.18,89.18,-20.570000000000007,persistence,absolute,fold_2,1h,ppb
2026-08-15T08:30:00Z,1,67.63,75.48,75.48,-7.8500000000000085,persistence,absolute,fold_2,1h,ppb
2026-08-15T08:45:00Z,1,67.46,76.89,76.89,-9.430000000000007,persistence,absolute,fold_2,1h,ppb
2026-08-15T09:00:00Z,1,63.91,70.72,70.72,-6.810000000000002,persistence,absolute,fold_2,1h,ppb
2026-08-15T09:15:00Z,1,64.94,68.61,68.61,-3.6700000000000017,persistence,absolute,fold_2,1h,ppb
2026-08-15T09:30:00Z,1,67.96,67.63,67.63,0.3299999999999983,persistence,absolute,fold_2,1h,ppb
2026-08-15T09:45:00Z,1,60.45,67.46,67.46,-7.009999999999991,persistence,absolute,fold_2,1h,ppb
2026-08-15T10:00:00Z,1,59.92,63.91,63.91,-3.989999999999995,persistence,absolute,fold_2,1h,ppb
2026-08-15T10:15:00Z,1,62.83,64.94,64.94,-2.1099999999999994,persistence,absolute,fold_2,1h,ppb
2026-08-15T10:30:00Z,1,61.5,67.96,67.96,-6.459999999999994,persistence,absolute,fold_2,1h,ppb
2026-08-15T10:45:00Z,1,58.06,60.45,60.45,-2.3900000000000006,persistence,absolute,fold_2,1h,ppb
2026-08-15T11:00:00Z,1,58.67,59.92,59.92,-1.25,persistence,absolute,fold_2,1h,ppb
2026-08-15T11:15:00Z,1,60.33,62.83,62.83,-2.5,persistence,absolute,fold_2,1h,ppb
2026-08-15T11:30:00Z,1,58.11,61.5,61.5,-3.3900000000000006,persistence,absolute,fold_2,1h,ppb
2026-08-15T11:45:00Z,1,60.08,58.06,58.06,2.019999999999996,persistence,absolute,fold_2,1h,ppb
2026-08-15T12:00:00Z,1,56.55,58.67,58.67,-2.1200000000000045,persistence,absolute,fold_2,1h,ppb
2026-08-15T12:15:00Z,1,58.75,60.33,60.33,-1.5799999999999983,persistence,absolute,fold_2,1h,ppb
2026-08-15T12:30:00Z,1,62.14,58.11,58.11,4.030000000000001,persistence,absolute,fold_2,1h,ppb
2026-08-15T12:45:00Z,1,60.59,60.08,60.08,0.5100000000000051,persistence,absolute,fold_2,1h,ppb
2026-08-15T13:00:00Z,1,61.66,56.55,56.55,5.109999999999999,persistence,absolute,fold_2,1h,ppb
2026-08-15T13:15:00Z,1,59.57,58.75,58.75,0.8200000000000003,persistence,absolute,fold_2,1h,ppb
2026-08-15T13:30:00Z,1,59.96,62.14,62.14,-2.1799999999999997,persistence,absolute,fold_2,1h,ppb
2026-08-15T13:45:00Z,1,58.57,60.59,60.59,-2.020000000000003,persistence,absolute,fold_2,1h,ppb
2026-08-15T14:00:00Z,1,55.1,61.66,61.66,-6.559999999999995,persistence,absolute,fold_2,1h,ppb
2026-08-15T14:15:00Z,1,50.0,59.57,59.57,-9.57,persistence,absolute,fold_2,1h,ppb
2026-08-15T14:30:00Z,1,50.28,59.96,59.96,-9.68,persistence,absolute,fold_2,1h,ppb
2026-08-15T14:45:00Z,1,44.35,58.57,58.57,-14.219999999999999,persistence,absolute,fold_2,1h,ppb
2026-08-15T15:00:00Z,1,38.79,55.1,55.1,-16.310000000000002,persistence,absolute,fold_2,1h,ppb
2026-08-15T15:15:00Z,1,42.36,50.0,50.0,-7.640000000000001,persistence,absolute,fold_2,1h,ppb
2026-08-15T15:30:00Z,1,46.28,50.28,50.28,-4.0,persistence,absolute,fold_2,1h,ppb
2026-08-15T15:45:00Z,1,43.04,44.35,44.35,-1.3100000000000023,persistence,absolute,fold_2,1h,ppb
2026-08-15T16:00:00Z,1,42.59,38.79,38.79,3.8000000000000043,persistence,absolute,fold_2,1h,ppb
2026-08-15T16:15:00Z,1,42.11,42.36,42.36,-0.25,persistence,absolute,fold_2,1h,ppb
2026-08-15T16:30:00Z,1,39.44,46.28,46.28,-6.840000000000003,persistence,absolute,fold_2,1h,ppb
2026-08-15T16:45:00Z,1,42.47,43.04,43.04,-0.5700000000000003,persistence,absolute,fold_2,1h,ppb
2026-08-15T17:00:00Z,1,52.16,42.59,42.59,9.569999999999993,persistence,absolute,fold_2,1h,ppb
2026-08-15T17:15:00Z,1,48.38,42.11,42.11,6.270000000000003,persistence,absolute,fold_2,1h,ppb
2026-08-15T17:30:00Z,1,45.7,39.44,39.44,6.260000000000005,persistence,absolute,fold_2,1h,ppb
2026-08-15T17:45:00Z,1,49.64,42.47,42.47,7.170000000000002,persistence,absolute,fold_2,1h,ppb
2026-08-15T18:00:00Z,1,56.96,52.16,52.16,4.800000000000004,persistence,absolute,fold_2,1h,ppb
2026-08-15T18:15:00Z,1,56.06,48.38,48.38,7.68,persistence,absolute,fold_2,1h,ppb
2026-08-15T18:30:00Z,1,54.96,45.7,45.7,9.259999999999998,persistence,absolute,fold_2,1h,ppb
2026-08-15T18:45:00Z,1,58.35,49.64,49.64,8.71,persistence,absolute,fold_2,1h,ppb
2026-08-15T19:00:00Z,1,60.68,56.96,56.96,3.719999999999999,persistence,absolute,fold_2,1h,ppb
2026-08-15T19:15:00Z,1,52.01,56.06,56.06,-4.050000000000004,persistence,absolute,fold_2,1h,ppb
2026-08-15T19:30:00Z,1,51.98,54.96,54.96,-2.980000000000004,persistence,absolute,fold_2,1h,ppb
2026-08-15T19:45:00Z,1,59.29,58.35,58.35,0.9399999999999977,persistence,absolute,fold_2,1h,ppb
2026-08-15T20:00:00Z,1,58.24,60.68,60.68,-2.4399999999999977,persistence,absolute,fold_2,1h,ppb
2026-08-15T20:15:00Z,1,58.81,52.01,52.01,6.800000000000004,persistence,absolute,fold_2,1h,ppb
2026-08-15T20:30:00Z,1,52.45,51.98,51.98,0.47000000000000597,persistence,absolute,fold_2,1h,ppb
2026-08-15T20:45:00Z,1,51.19,59.29,59.29,-8.100000000000001,persistence,absolute,fold_2,1h,ppb
2026-08-15T21:00:00Z,1,55.02,58.24,58.24,-3.219999999999999,persistence,absolute,fold_2,1h,ppb
2026-08-15T21:15:00Z,1,56.93,58.81,58.81,-1.8800000000000026,persistence,absolute,fold_2,1h,ppb
2026-08-15T21:30:00Z,1,56.08,52.45,52.45,3.6299999999999955,persistence,absolute,fold_2,1h,ppb
2026-08-15T21:45:00Z,1,56.68,51.19,51.19,5.490000000000002,persistence,absolute,fold_2,1h,ppb
2026-08-15T22:00:00Z,1,54.6,55.02,55.02,-0.4200000000000017,persistence,absolute,fold_2,1h,ppb
2026-08-15T22:15:00Z,1,53.13,56.93,56.93,-3.799999999999997,persistence,absolute,fold_2,1h,ppb
2026-08-15T22:30:00Z,1,54.81,56.08,56.08,-1.269999999999996,persistence,absolute,fold_2,1h,ppb
2026-08-15T22:45:00Z,1,52.71,56.68,56.68,-3.969999999999999,persistence,absolute,fold_2,1h,ppb
2026-08-15T23:00:00Z,1,55.7,54.6,54.6,1.1000000000000014,persistence,absolute,fold_2,1h,ppb
2026-08-15T23:15:00Z,1,56.93,53.13,53.13,3.799999999999997,persistence,absolute,fold_2,1h,ppb
2026-08-15T23:30:00Z,1,62.43,54.81,54.81,7.619999999999997,persistence,absolute,fold_2,1h,ppb
2026-08-15T23:45:00Z,1,64.04,52.71,52.71,11.330000000000005,persistence,absolute,fold_2,1h,ppb
2026-08-14T00:00:00Z,1,50.73,51.84,51.60045771257467,-0.8704577125746766,random_forest,absolute,fold_2,1h,ppb
2026-08-14T00:15:00Z,1,54.17,50.6,49.98108903641209,4.188910963587915,random_forest,absolute,fold_2,1h,ppb
2026-08-14T00:30:00Z,1,52.26,46.86,48.205132214583074,4.054867785416924,random_forest,absolute,fold_2,1h,ppb
2026-08-14T00:45:00Z,1,55.75,46.9,48.641397557611114,7.108602442388886,random_forest,absolute,fold_2,1h,ppb
2026-08-14T01:00:00Z,1,55.64,50.73,50.22649183831061,5.413508161689393,random_forest,absolute,fold_2,1h,ppb
2026-08-14T01:15:00Z,1,55.45,54.17,53.33768772281825,2.1123122771817506,random_forest,absolute,fold_2,1h,ppb
2026-08-14T01:30:00Z,1,55.32,52.26,51.47898436725848,3.8410156327415237,random_forest,absolute,fold_2,1h,ppb
2026-08-14T01:45:00Z,1,56.2,55.75,53.319574083036535,2.8804259169634676,random_forest,absolute,fold_2,1h,ppb
2026-08-14T02:00:00Z,1,59.28,55.64,53.69152564113036,5.5884743588696395,random_forest,absolute,fold_2,1h,ppb
2026-08-14T02:15:00Z,1,58.89,55.45,51.80733376464798,7.082666235352022,random_forest,absolute,fold_2,1h,ppb
2026-08-14T02:30:00Z,1,58.46,55.32,52.381773265160774,6.078226734839227,random_forest,absolute,fold_2,1h,ppb
2026-08-14T02:45:00Z,1,56.52,56.2,51.77812751322751,4.741872486772493,random_forest,absolute,fold_2,1h,ppb
2026-08-14T03:00:00Z,1,59.14,59.28,58.91977257959718,0.2202274204028214,random_forest,absolute,fold_2,1h,ppb
2026-08-14T03:15:00Z,1,61.44,58.89,58.735653796528375,2.704346203471623,random_forest,absolute,fold_2,1h,ppb
2026-08-14T03:30:00Z,1,63.72,58.46,58.09990079365082,5.620099206349181,random_forest,absolute,fold_2,1h,ppb
2026-08-14T03:45:00Z,1,65.94,56.52,58.06374088693958,7.876259113060421,random_forest,absolute,fold_2,1h,ppb
2026-08-14T04:00:00Z,1,65.1,59.14,65.91232976190477,-0.8123297619047776,random_forest,absolute,fold_2,1h,ppb
2026-08-14T04:15:00Z,1,68.51,61.44,66.45297916666665,2.057020833333354,random_forest,absolute,fold_2,1h,ppb
2026-08-14T04:30:00Z,1,69.36,63.72,69.28768538359785,0.07231461640215286,random_forest,absolute,fold_2,1h,ppb
2026-08-14T04:45:00Z,1,71.93,65.94,69.7462287698413,2.1837712301587118,random_forest,absolute,fold_2,1h,ppb
2026-08-14T05:00:00Z,1,70.96,65.1,70.65610522486773,0.3038947751322638,random_forest,absolute,fold_2,1h,ppb
2026-08-14T05:15:00Z,1,72.37,68.51,71.25208412297579,1.1179158770242168,random_forest,absolute,fold_2,1h,ppb
2026-08-14T05:30:00Z,1,75.49,69.36,72.75967894620808,2.7303210537919114,random_forest,absolute,fold_2,1h,ppb
2026-08-14T05:45:00Z,1,77.66,71.93,74.22095747354494,3.4390425264550544,random_forest,absolute,fold_2,1h,ppb
2026-08-14T06:00:00Z,1,76.59,70.96,74.68181236772487,1.9081876322751299,random_forest,absolute,fold_2,1h,ppb
2026-08-14T06:15:00Z,1,82.2,72.37,76.33708763227513,5.862912367724874,random_forest,absolute,fold_2,1h,ppb
2026-08-14T06:30:00Z,1,84.8,75.49,77.51183895502646,7.288161044973535,random_forest,absolute,fold_2,1h,ppb
2026-08-14T06:45:00Z,1,81.27,77.66,78.81822109788361,2.451778902116388,random_forest,absolute,fold_2,1h,ppb
2026-08-14T07:00:00Z,1,85.15,76.59,78.38446805555556,6.765531944444447,random_forest,absolute,fold_2,1h,ppb
2026-08-14T07:15:00Z,1,85.09,82.2,79.33358661816584,5.7564133818341645,random_forest,absolute,fold_2,1h,ppb
2026-08-14T07:30:00Z,1,81.1,84.8,78.93083086419755,2.1691691358024485,random_forest,absolute,fold_2,1h,ppb
2026-08-14T07:45:00Z,1,75.37,81.27,78.45549210758381,-3.0854921075838035,random_forest,absolute,fold_2,1h,ppb
2026-08-14T08:00:00Z,1,76.54,85.15,79.05944733245147,-2.5194473324514632,random_forest,absolute,fold_2,1h,ppb
2026-08-14T08:15:00Z,1,70.15,85.09,76.41337235449735,-6.263372354497349,random_forest,absolute,fold_2,1h,ppb
2026-08-14T08:30:00Z,1,70.49,81.1,74.69188260582014,-4.2018826058201455,random_forest,absolute,fold_2,1h,ppb
2026-08-14T08:45:00Z,1,73.01,75.37,73.06398584656083,-0.053985846560820505,random_forest,absolute,fold_2,1h,ppb
2026-08-14T09:00:00Z,1,71.21,76.54,71.09525145502644,0.11474854497355125,random_forest,absolute,fold_2,1h,ppb
2026-08-14T09:15:00Z,1,69.34,70.15,70.2084859126984,-0.8684859126984037,random_forest,absolute,fold_2,1h,ppb
2026-08-14T09:30:00Z,1,69.63,70.49,68.8620496693122,0.7679503306877962,random_forest,absolute,fold_2,1h,ppb
2026-08-14T09:45:00Z,1,66.46,73.01,65.60703948412697,0.852960515873022,random_forest,absolute,fold_2,1h,ppb
2026-08-14T10:00:00Z,1,68.05,71.21,63.60170979672957,4.448290203270425,random_forest,absolute,fold_2,1h,ppb
2026-08-14T10:15:00Z,1,72.85,69.34,62.59349201173678,10.256507988263216,random_forest,absolute,fold_2,1h,ppb
2026-08-14T10:30:00Z,1,72.55,69.63,63.27108327659997,9.27891672340003,random_forest,absolute,fold_2,1h,ppb
2026-08-14T10:45:00Z,1,72.41,66.46,61.205740267456754,11.204259732543242,random_forest,absolute,fold_2,1h,ppb
2026-08-14T11:00:00Z,1,69.86,68.05,61.491914093314115,8.368085906685884,random_forest,absolute,fold_2,1h,ppb
2026-08-14T11:15:00Z,1,67.39,72.85,62.02639151835819,5.363608481641812,random_forest,absolute,fold_2,1h,ppb
2026-08-14T11:30:00Z,1,67.0,72.55,60.83636825998079,6.163631740019213,random_forest,absolute,fold_2,1h,ppb
2026-08-14T11:45:00Z,1,71.15,72.41,60.889125006012506,10.2608749939875,random_forest,absolute,fold_2,1h,ppb
2026-08-14T12:00:00Z,1,73.54,69.86,60.78369910552409,12.756300894475913,random_forest,absolute,fold_2,1h,ppb
2026-08-14T12:15:00Z,1,68.46,67.39,61.86615750499497,6.5938424950050205,random_forest,absolute,fold_2,1h,ppb
2026-08-14T12:30:00Z,1,71.74,67.0,61.85288940693413,9.887110593065863,random_forest,absolute,fold_2,1h,ppb
2026-08-14T12:45:00Z,1,68.38,71.15,62.33684833550557,6.043151664494424,random_forest,absolute,fold_2,1h,ppb
2026-08-14T13:00:00Z,1,71.66,73.54,62.657184446616675,9.002815553383321,random_forest,absolute,fold_2,1h,ppb
2026-08-14T13:15:00Z,1,65.99,68.46,62.77652150072144,3.2134784992785583,random_forest,absolute,fold_2,1h,ppb
2026-08-14T13:30:00Z,1,72.39,71.74,62.01335287536537,10.37664712463463,random_forest,absolute,fold_2,1h,ppb
2026-08-14T13:45:00Z,1,72.06,68.38,61.46283038859291,10.59716961140709,random_forest,absolute,fold_2,1h,ppb
2026-08-14T14:00:00Z,1,71.62,71.66,61.86038276954524,9.759617230454765,random_forest,absolute,fold_2,1h,ppb
2026-08-14T14:15:00Z,1,68.08,65.99,61.06043439754691,7.019565602453085,random_forest,absolute,fold_2,1h,ppb
2026-08-14T14:30:00Z,1,69.28,72.39,61.03809453601954,8.241905463980459,random_forest,absolute,fold_2,1h,ppb
2026-08-14T14:45:00Z,1,65.11,72.06,60.717338980463985,4.392661019536014,random_forest,absolute,fold_2,1h,ppb
2026-08-14T15:00:00Z,1,61.9,71.62,61.48625234025236,0.41374765974763505,random_forest,absolute,fold_2,1h,ppb
2026-08-14T15:15:00Z,1,70.95,68.08,61.728735846560845,9.221264153439158,random_forest,absolute,fold_2,1h,ppb
2026-08-14T15:30:00Z,1,72.11,69.28,61.41537923280425,10.694620767195751,random_forest,absolute,fold_2,1h,ppb
2026-08-14T15:45:00Z,1,70.63,65.11,61.361520258980754,9.268479741019242,random_forest,absolute,fold_2,1h,ppb
2026-08-14T16:00:00Z,1,70.88,61.9,59.3643492012296,11.515650798770395,random_forest,absolute,fold_2,1h,ppb
2026-08-14T16:15:00Z,1,66.28,70.95,61.259714848950345,5.020285151049656,random_forest,absolute,fold_2,1h,ppb
2026-08-14T16:30:00Z,1,61.48,72.11,60.77426110454659,0.7057388954534076,random_forest,absolute,fold_2,1h,ppb
2026-08-14T16:45:00Z,1,61.2,70.63,60.795080060590536,0.40491993940946713,random_forest,absolute,fold_2,1h,ppb
2026-08-14T17:00:00Z,1,60.82,70.88,61.58890714508847,-0.7689071450884697,random_forest,absolute,fold_2,1h,ppb
2026-08-14T17:15:00Z,1,60.26,66.28,60.971593044439054,-0.7115930444390557,random_forest,absolute,fold_2,1h,ppb
2026-08-14T17:30:00Z,1,66.46,61.48,58.59577918325215,7.864220816747846,random_forest,absolute,fold_2,1h,ppb
2026-08-14T17:45:00Z,1,66.83,61.2,57.64100211207954,9.188997887920458,random_forest,absolute,fold_2,1h,ppb
2026-08-14T18:00:00Z,1,65.55,60.82,57.66176472695007,7.888235273049929,random_forest,absolute,fold_2,1h,ppb
2026-08-14T18:15:00Z,1,61.92,60.26,55.19277931041058,6.727220689589423,random_forest,absolute,fold_2,1h,ppb
2026-08-14T18:30:00Z,1,62.59,66.46,60.45070868530406,2.139291314695946,random_forest,absolute,fold_2,1h,ppb
2026-08-14T18:45:00Z,1,60.11,66.83,60.9728946978782,-0.8628946978782039,random_forest,absolute,fold_2,1h,ppb
2026-08-14T19:00:00Z,1,64.79,65.55,60.83139430105279,3.958605698947217,random_forest,absolute,fold_2,1h,ppb
2026-08-14T19:15:00Z,1,67.05,61.92,58.18978816028,8.860211839719994,random_forest,absolute,fold_2,1h,ppb
2026-08-14T19:30:00Z,1,60.82,62.59,57.97690345979531,2.843096540204691,random_forest,absolute,fold_2,1h,ppb
2026-08-14T19:45:00Z,1,60.86,60.11,57.23323329054471,3.626766709455289,random_forest,absolute,fold_2,1h,ppb
2026-08-14T20:00:00Z,1,60.92,64.79,59.11800872103628,1.801991278963719,random_forest,absolute,fold_2,1h,ppb
2026-08-14T20:15:00Z,1,61.03,67.05,59.85163015873015,1.1783698412698485,random_forest,absolute,fold_2,1h,ppb
2026-08-14T20:30:00Z,1,62.01,60.82,57.368423123437495,4.641576876562503,random_forest,absolute,fold_2,1h,ppb
2026-08-14T20:45:00Z,1,56.74,60.86,57.256090078704446,-0.516090078704444,random_forest,absolute,fold_2,1h,ppb
2026-08-14T21:00:00Z,1,53.71,60.92,56.943971758598636,-3.233971758598635,random_forest,absolute,fold_2,1h,ppb
2026-08-14T21:15:00Z,1,55.06,61.03,53.266355756029135,1.793644243970867,random_forest,absolute,fold_2,1h,ppb
2026-08-14T21:30:00Z,1,58.08,62.01,53.48581840579811,4.594181594201885,random_forest,absolute,fold_2,1h,ppb
2026-08-14T21:45:00Z,1,61.06,56.74,52.63243472430412,8.427565275695883,random_forest,absolute,fold_2,1h,ppb
2026-08-14T22:00:00Z,1,63.26,53.71,53.10622064612495,10.153779353875045,random_forest,absolute,fold_2,1h,ppb
2026-08-14T22:15:00Z,1,66.64,55.06,52.236357096403054,14.403642903596946,random_forest,absolute,fold_2,1h,ppb
2026-08-14T22:30:00Z,1,67.18,58.08,51.70600133925295,15.473998660747057,random_forest,absolute,fold_2,1h,ppb
2026-08-14T22:45:00Z,1,63.89,61.06,51.63851604267817,12.251483957321831,random_forest,absolute,fold_2,1h,ppb
2026-08-14T23:00:00Z,1,65.95,63.26,51.48819372341198,14.461806276588021,random_forest,absolute,fold_2,1h,ppb
2026-08-14T23:15:00Z,1,64.55,66.64,57.45567926993409,7.09432073006591,random_forest,absolute,fold_2,1h,ppb
2026-08-14T23:30:00Z,1,65.7,67.18,57.92104223289705,7.778957767102952,random_forest,absolute,fold_2,1h,ppb
2026-08-14T23:45:00Z,1,64.64,63.89,55.0194733836907,9.620526616309299,random_forest,absolute,fold_2,1h,ppb
2026-08-15T00:00:00Z,1,66.1,65.95,59.79460264550263,6.305397354497366,random_forest,absolute,fold_2,1h,ppb
2026-08-15T00:15:00Z,1,68.39,64.55,60.15234166666666,8.237658333333343,random_forest,absolute,fold_2,1h,ppb
2026-08-15T00:30:00Z,1,64.9,65.7,60.34836296296295,4.551637037037054,random_forest,absolute,fold_2,1h,ppb
2026-08-15T00:45:00Z,1,66.53,64.64,60.52139193121694,6.008608068783062,random_forest,absolute,fold_2,1h,ppb
2026-08-15T01:00:00Z,1,66.02,66.1,60.286690343915375,5.7333096560846215,random_forest,absolute,fold_2,1h,ppb
2026-08-15T01:15:00Z,1,62.3,68.39,60.38472989417989,1.915270105820106,random_forest,absolute,fold_2,1h,ppb
2026-08-15T01:30:00Z,1,62.53,64.9,60.051676940035314,2.478323059964687,random_forest,absolute,fold_2,1h,ppb
2026-08-15T01:45:00Z,1,61.58,66.53,59.18942978395063,2.390570216049369,random_forest,absolute,fold_2,1h,ppb
2026-08-15T02:00:00Z,1,62.34,66.02,58.99842303791889,3.3415769620811133,random_forest,absolute,fold_2,1h,ppb
2026-08-15T02:15:00Z,1,62.61,62.3,56.31057089643007,6.299429103569928,random_forest,absolute,fold_2,1h,ppb
2026-08-15T02:30:00Z,1,58.56,62.53,56.34752870066288,2.2124712993371247,random_forest,absolute,fold_2,1h,ppb
2026-08-15T02:45:00Z,1,61.81,61.58,56.1993547519021,5.610645248097903,random_forest,absolute,fold_2,1h,ppb
2026-08-15T03:00:00Z,1,61.24,62.34,60.33147367420784,0.9085263257921596,random_forest,absolute,fold_2,1h,ppb
2026-08-15T03:15:00Z,1,62.41,62.61,60.053734256218426,2.35626574378157,random_forest,absolute,fold_2,1h,ppb
2026-08-15T03:30:00Z,1,63.72,58.56,59.71305036261633,4.00694963738367,random_forest,absolute,fold_2,1h,ppb
2026-08-15T03:45:00Z,1,63.52,61.81,60.023186672140085,3.4968133278599183,random_forest,absolute,fold_2,1h,ppb
2026-08-15T04:00:00Z,1,67.33,61.24,67.19991772486773,0.130082275132267,random_forest,absolute,fold_2,1h,ppb
2026-08-15T04:15:00Z,1,71.46,62.41,67.35091646825397,4.109083531746023,random_forest,absolute,fold_2,1h,ppb
2026-08-15T04:30:00Z,1,75.36,63.72,67.51117453703704,7.848825462962964,random_forest,absolute,fold_2,1h,ppb
2026-08-15T04:45:00Z,1,75.47,63.52,67.61855965608467,7.851440343915328,random_forest,absolute,fold_2,1h,ppb
2026-08-15T05:00:00Z,1,78.47,67.33,69.04059212962964,9.429407870370355,random_forest,absolute,fold_2,1h,ppb
2026-08-15T05:15:00Z,1,79.02,71.46,70.12925945767195,8.890740542328047,random_forest,absolute,fold_2,1h,ppb
2026-08-15T05:30:00Z,1,78.87,75.36,70.60394543650793,8.266054563492077,random_forest,absolute,fold_2,1h,ppb
2026-08-15T05:45:00Z,1,83.35,75.47,70.46383895502645,12.886161044973548,random_forest,absolute,fold_2,1h,ppb
2026-08-15T06:00:00Z,1,77.87,78.47,72.84979759700178,5.020202402998223,random_forest,absolute,fold_2,1h,ppb
2026-08-15T06:15:00Z,1,77.36,79.02,74.14228403880068,3.2177159611993176,random_forest,absolute,fold_2,1h,ppb
2026-08-15T06:30:00Z,1,79.84,78.87,74.30301693121692,5.536983068783087,random_forest,absolute,fold_2,1h,ppb
2026-08-15T06:45:00Z,1,73.52,83.35,75.68102120811287,-2.161021208112871,random_forest,absolute,fold_2,1h,ppb
2026-08-15T07:00:00Z,1,77.61,77.87,75.18435072751323,2.4256492724867655,random_forest,absolute,fold_2,1h,ppb
2026-08-15T07:15:00Z,1,89.18,77.36,73.4932445767196,15.686755423280403,random_forest,absolute,fold_2,1h,ppb
2026-08-15T07:30:00Z,1,75.48,79.84,73.2394481261023,2.240551873897701,random_forest,absolute,fold_2,1h,ppb
2026-08-15T07:45:00Z,1,76.89,73.52,72.95915469576723,3.9308453042327756,random_forest,absolute,fold_2,1h,ppb
2026-08-15T08:00:00Z,1,70.72,77.61,70.83044503968256,-0.11044503968255981,random_forest,absolute,fold_2,1h,ppb
2026-08-15T08:15:00Z,1,68.61,89.18,71.70951792328043,-3.0995179232804304,random_forest,absolute,fold_2,1h,ppb
2026-08-15T08:30:00Z,1,67.63,75.48,72.63607136243385,-5.0060713624338575,random_forest,absolute,fold_2,1h,ppb
2026-08-15T08:45:00Z,1,67.46,76.89,70.40558670634921,-2.945586706349218,random_forest,absolute,fold_2,1h,ppb
2026-08-15T09:00:00Z,1,63.91,70.72,66.83206084656088,-2.922060846560882,random_forest,absolute,fold_2,1h,ppb
2026-08-15T09:15:00Z,1,64.94,68.61,66.72142572751324,-1.7814257275132377,random_forest,absolute,fold_2,1h,ppb
2026-08-15T09:30:00Z,1,67.96,67.63,63.384265079365115,4.575734920634879,random_forest,absolute,fold_2,1h,ppb
2026-08-15T09:45:00Z,1,60.45,67.46,61.79506627924547,-1.345066279245465,random_forest,absolute,fold_2,1h,ppb
2026-08-15T10:00:00Z,1,59.92,63.91,58.98489487164881,0.9351051283511893,random_forest,absolute,fold_2,1h,ppb
2026-08-15T10:15:00Z,1,62.83,64.94,59.19136061578125,3.6386393842187488,random_forest,absolute,fold_2,1h,ppb
2026-08-15T10:30:00Z,1,61.5,67.96,59.23257858083276,2.267421419167242,random_forest,absolute,fold_2,1h,ppb
2026-08-15T10:45:00Z,1,58.06,60.45,58.78549991782906,-0.7254999178290547,random_forest,absolute,fold_2,1h,ppb
2026-08-15T11:00:00Z,1,58.67,59.92,58.70074999244583,-0.03074999244582699,random_forest,absolute,fold_2,1h,ppb
2026-08-15T11:15:00Z,1,60.33,62.83,55.12297341269839,5.2070265873016055,random_forest,absolute,fold_2,1h,ppb
2026-08-15T11:30:00Z,1,58.11,61.5,55.56940480457557,2.54059519542443,random_forest,absolute,fold_2,1h,ppb
2026-08-15T11:45:00Z,1,60.08,58.06,56.837624227007765,3.242375772992233,random_forest,absolute,fold_2,1h,ppb
2026-08-15T12:00:00Z,1,56.55,58.67,57.403952454128586,-0.8539524541285886,random_forest,absolute,fold_2,1h,ppb
2026-08-15T12:15:00Z,1,58.75,60.33,57.51517700371974,1.2348229962802577,random_forest,absolute,fold_2,1h,ppb
2026-08-15T12:30:00Z,1,62.14,58.11,55.972627981560045,6.167372018439956,random_forest,absolute,fold_2,1h,ppb
2026-08-15T12:45:00Z,1,60.59,60.08,56.157233012640134,4.432766987359869,random_forest,absolute,fold_2,1h,ppb
2026-08-15T13:00:00Z,1,61.66,56.55,55.09053610839252,6.569463891607477,random_forest,absolute,fold_2,1h,ppb
2026-08-15T13:15:00Z,1,59.57,58.75,55.761421328097406,3.8085786719025947,random_forest,absolute,fold_2,1h,ppb
2026-08-15T13:30:00Z,1,59.96,62.14,56.62200626034619,3.337993739653811,random_forest,absolute,fold_2,1h,ppb
2026-08-15T13:45:00Z,1,58.57,60.59,56.184805791699716,2.385194208300284,random_forest,absolute,fold_2,1h,ppb
2026-08-15T14:00:00Z,1,55.1,61.66,56.77613929354692,-1.6761392935469175,random_forest,absolute,fold_2,1h,ppb
2026-08-15T14:15:00Z,1,50.0,59.57,56.069860846868785,-6.069860846868785,random_forest,absolute,fold_2,1h,ppb
2026-08-15T14:30:00Z,1,50.28,59.96,54.05382718809295,-3.7738271880929517,random_forest,absolute,fold_2,1h,ppb
2026-08-15T14:45:00Z,1,44.35,58.57,50.19247245786327,-5.842472457863266,random_forest,absolute,fold_2,1h,ppb
2026-08-15T15:00:00Z,1,38.79,55.1,43.07404793971459,-4.28404793971459,random_forest,absolute,fold_2,1h,ppb
2026-08-15T15:15:00Z,1,42.36,50.0,42.45562056878305,-0.09562056878304759,random_forest,absolute,fold_2,1h,ppb
2026-08-15T15:30:00Z,1,46.28,50.28,42.70986410934744,3.5701358906525584,random_forest,absolute,fold_2,1h,ppb
2026-08-15T15:45:00Z,1,43.04,44.35,45.13185942205941,-2.0918594220594073,random_forest,absolute,fold_2,1h,ppb
2026-08-15T16:00:00Z,1,42.59,38.79,41.97939695767197,0.6106030423280302,random_forest,absolute,fold_2,1h,ppb
2026-08-15T16:15:00Z,1,42.11,42.36,44.15375018037519,-2.0437501803751914,random_forest,absolute,fold_2,1h,ppb
2026-08-15T16:30:00Z,1,39.44,46.28,45.40091457476713,-5.960914574767131,random_forest,absolute,fold_2,1h,ppb
2026-08-15T16:45:00Z,1,42.47,43.04,44.42170440917106,-1.9517044091710645,random_forest,absolute,fold_2,1h,ppb
2026-08-15T17:00:00Z,1,52.16,42.59,46.43353751909236,5.726462480907635,random_forest,absolute,fold_2,1h,ppb
2026-08-15T17:15:00Z,1,48.38,42.11,47.70858624043273,0.6714137595672725,random_forest,absolute,fold_2,1h,ppb
2026-08-15T17:30:00Z,1,45.7,39.44,48.00869959621275,-2.3086995962127475,random_forest,absolute,fold_2,1h,ppb
2026-08-15T17:45:00Z,1,49.64,42.47,49.56675091896408,0.0732490810359181,random_forest,absolute,fold_2,1h,ppb
2026-08-15T18:00:00Z,1,56.96,52.16,53.9769354081253,2.983064591874701,random_forest,absolute,fold_2,1h,ppb
2026-08-15T18:15:00Z,1,56.06,48.38,53.378455266692065,2.6815447333079376,random_forest,absolute,fold_2,1h,ppb
2026-08-15T18:30:00Z,1,54.96,45.7,53.23690663704113,1.7230933629588705,random_forest,absolute,fold_2,1h,ppb
2026-08-15T18:45:00Z,1,58.35,49.64,56.83052681813978,1.5194731818602207,random_forest,absolute,fold_2,1h,ppb
2026-08-15T19:00:00Z,1,60.68,56.96,60.40789524967874,0.2721047503212617,random_forest,absolute,fold_2,1h,ppb
2026-08-15T19:15:00Z,1,52.01,56.06,59.8202719223238,-7.8102719223238,random_forest,absolute,fold_2,1h,ppb
2026-08-15T19:30:00Z,1,51.98,54.96,57.94622197207549,-5.966221972075495,random_forest,absolute,fold_2,1h,ppb
2026-08-15T19:45:00Z,1,59.29,58.35,57.51229938409824,1.7777006159017574,random_forest,absolute,fold_2,1h,ppb
2026-08-15T20:00:00Z,1,58.24,60.68,58.32823672564097,-0.08823672564096796,random_forest,absolute,fold_2,1h,ppb
2026-08-15T20:15:00Z,1,58.81,52.01,51.51058334247429,7.299416657525711,random_forest,absolute,fold_2,1h,ppb
2026-08-15T20:30:00Z,1,52.45,51.98,54.01559558589557,-1.565595585895565,random_forest,absolute,fold_2,1h,ppb
2026-08-15T20:45:00Z,1,51.19,59.29,55.98678247354495,-4.796782473544951,random_forest,absolute,fold_2,1h,ppb
2026-08-15T21:00:00Z,1,55.02,58.24,54.65670165027508,0.36329834972492137,random_forest,absolute,fold_2,1h,ppb
2026-08-15T21:15:00Z,1,56.93,58.81,52.041757918047715,4.888242081952285,random_forest,absolute,fold_2,1h,ppb
2026-08-15T21:30:00Z,1,56.08,52.45,51.05756702052462,5.022432979475376,random_forest,absolute,fold_2,1h,ppb
2026-08-15T21:45:00Z,1,56.68,51.19,49.58612082980538,7.093879170194619,random_forest,absolute,fold_2,1h,ppb
2026-08-15T22:00:00Z,1,54.6,55.02,51.59301333002364,3.0069866699763637,random_forest,absolute,fold_2,1h,ppb
2026-08-15T22:15:00Z,1,53.13,56.93,52.67867495984705,0.45132504015295183,random_forest,absolute,fold_2,1h,ppb
2026-08-15T22:30:00Z,1,54.81,56.08,54.708718195959094,0.1012818040409087,random_forest,absolute,fold_2,1h,ppb
2026-08-15T22:45:00Z,1,52.71,56.68,52.69487370182148,0.01512629817852229,random_forest,absolute,fold_2,1h,ppb
2026-08-15T23:00:00Z,1,55.7,54.6,51.43670965250172,4.263290347498284,random_forest,absolute,fold_2,1h,ppb
2026-08-15T23:15:00Z,1,56.93,53.13,49.851741448746715,7.078258551253285,random_forest,absolute,fold_2,1h,ppb
2026-08-15T23:30:00Z,1,62.43,54.81,49.33294630083909,13.09705369916091,random_forest,absolute,fold_2,1h,ppb
2026-08-15T23:45:00Z,1,64.04,52.71,49.92305626422331,14.116943735776694,random_forest,absolute,fold_2,1h,ppb
2026-08-14T00:00:00Z,1,50.73,51.84,50.938187314981306,-0.20818731498130916,random_forest,delta,fold_2,1h,ppb
2026-08-14T00:15:00Z,1,54.17,50.6,51.25579519421364,2.914204805786362,random_forest,delta,fold_2,1h,ppb
2026-08-14T00:30:00Z,1,52.26,46.86,46.94503242734334,5.314967572656656,random_forest,delta,fold_2,1h,ppb
2026-08-14T00:45:00Z,1,55.75,46.9,46.81798727782272,8.932012722177276,random_forest,delta,fold_2,1h,ppb
2026-08-14T01:00:00Z,1,55.64,50.73,50.78923205398926,4.850767946010741,random_forest,delta,fold_2,1h,ppb
2026-08-14T01:15:00Z,1,55.45,54.17,53.076051645094324,2.3739483549056786,random_forest,delta,fold_2,1h,ppb
2026-08-14T01:30:00Z,1,55.32,52.26,51.938789576770006,3.3812104232299944,random_forest,delta,fold_2,1h,ppb
2026-08-14T01:45:00Z,1,56.2,55.75,52.26453327015698,3.9354667298430215,random_forest,delta,fold_2,1h,ppb
2026-08-14T02:00:00Z,1,59.28,55.64,53.108712678476884,6.171287321523117,random_forest,delta,fold_2,1h,ppb
2026-08-14T02:15:00Z,1,58.89,55.45,52.90887463056539,5.981125369434608,random_forest,delta,fold_2,1h,ppb
2026-08-14T02:30:00Z,1,58.46,55.32,51.67831917038446,6.781680829615539,random_forest,delta,fold_2,1h,ppb
2026-08-14T02:45:00Z,1,56.52,56.2,52.32950159567024,4.190498404329766,random_forest,delta,fold_2,1h,ppb
2026-08-14T03:00:00Z,1,59.14,59.28,55.1729109061725,3.9670890938275036,random_forest,delta,fold_2,1h,ppb
2026-08-14T03:15:00Z,1,61.44,58.89,53.02185868606702,8.418141313932978,random_forest,delta,fold_2,1h,ppb
2026-08-14T03:30:00Z,1,63.72,58.46,52.72757960758378,10.992420392416221,random_forest,delta,fold_2,1h,ppb
2026-08-14T03:45:00Z,1,65.94,56.52,51.81413592472343,14.125864075276567,random_forest,delta,fold_2,1h,ppb
2026-08-14T04:00:00Z,1,65.1,59.14,56.01240452448786,9.087595475512131,random_forest,delta,fold_2,1h,ppb
2026-08-14T04:15:00Z,1,68.51,61.44,56.363296690807914,12.146703309192091,random_forest,delta,fold_2,1h,ppb
2026-08-14T04:30:00Z,1,69.36,63.72,63.68572786657659,5.674272133423408,random_forest,delta,fold_2,1h,ppb
2026-08-14T04:45:00Z,1,71.93,65.94,67.33767891620663,4.592321083793379,random_forest,delta,fold_2,1h,ppb
2026-08-14T05:00:00Z,1,70.96,65.1,66.91305484639025,4.046945153609741,random_forest,delta,fold_2,1h,ppb
2026-08-14T05:15:00Z,1,72.37,68.51,71.8085885491823,0.561411450817701,random_forest,delta,fold_2,1h,ppb
2026-08-14T05:30:00Z,1,75.49,69.36,75.17317385762385,0.3168261423761436,random_forest,delta,fold_2,1h,ppb
2026-08-14T05:45:00Z,1,77.66,71.93,78.53040654761905,-0.870406547619055,random_forest,delta,fold_2,1h,ppb
2026-08-14T06:00:00Z,1,76.59,70.96,78.2247822089947,-1.634782208994693,random_forest,delta,fold_2,1h,ppb
2026-08-14T06:15:00Z,1,82.2,72.37,78.82235814694565,3.3776418530543566,random_forest,delta,fold_2,1h,ppb
2026-08-14T06:30:00Z,1,84.8,75.49,80.80229993386243,3.9977000661375683,random_forest,delta,fold_2,1h,ppb
2026-08-14T06:45:00Z,1,81.27,77.66,82.68003928571429,-1.4100392857142907,random_forest,delta,fold_2,1h,ppb
2026-08-14T07:00:00Z,1,85.15,76.59,80.31254744268078,4.837452557319224,random_forest,delta,fold_2,1h,ppb
2026-08-14T07:15:00Z,1,85.09,82.2,83.60003097442682,1.4899690255731883,random_forest,delta,fold_2,1h,ppb
2026-08-14T07:30:00Z,1,81.1,84.8,78.54730502235552,2.552694977644478,random_forest,delta,fold_2,1h,ppb
2026-08-14T07:45:00Z,1,75.37,81.27,75.37119221183785,-0.0011922118378464575,random_forest,delta,fold_2,1h,ppb
2026-08-14T08:00:00Z,1,76.54,85.15,78.3298098880151,-1.7898098880150997,random_forest,delta,fold_2,1h,ppb
2026-08-14T08:15:00Z,1,70.15,85.09,76.94800639853068,-6.798006398530674,random_forest,delta,fold_2,1h,ppb
2026-08-14T08:30:00Z,1,70.49,81.1,75.00672541244197,-4.516725412441971,random_forest,delta,fold_2,1h,ppb
2026-08-14T08:45:00Z,1,73.01,75.37,70.77322487657489,2.2367751234251187,random_forest,delta,fold_2,1h,ppb
2026-08-14T09:00:00Z,1,71.21,76.54,71.29234139386013,-0.0823413938601334,random_forest,delta,fold_2,1h,ppb
2026-08-14T09:15:00Z,1,69.34,70.15,66.84747250855335,2.4925274914466513,random_forest,delta,fold_2,1h,ppb
2026-08-14T09:30:00Z,1,69.63,70.49,66.6682563717591,2.961743628240896,random_forest,delta,fold_2,1h,ppb
2026-08-14T09:45:00Z,1,66.46,73.01,66.99373882609414,-0.5337388260941509,random_forest,delta,fold_2,1h,ppb
2026-08-14T10:00:00Z,1,68.05,71.21,64.9337528710683,3.116247128931704,random_forest,delta,fold_2,1h,ppb
2026-08-14T10:15:00Z,1,72.85,69.34,63.56464156268819,9.285358437311807,random_forest,delta,fold_2,1h,ppb
2026-08-14T10:30:00Z,1,72.55,69.63,64.17879087093043,8.37120912906957,random_forest,delta,fold_2,1h,ppb
2026-08-14T10:45:00Z,1,72.41,66.46,62.20467722394956,10.205322776050437,random_forest,delta,fold_2,1h,ppb
2026-08-14T11:00:00Z,1,69.86,68.05,64.10371293241116,5.756287067588843,random_forest,delta,fold_2,1h,ppb
2026-08-14T11:15:00Z,1,67.39,72.85,67.84924870402861,-0.4592487040286102,random_forest,delta,fold_2,1h,ppb
2026-08-14T11:30:00Z,1,67.0,72.55,67.268667942451,-0.2686679424510032,random_forest,delta,fold_2,1h,ppb
2026-08-14T11:45:00Z,1,71.15,72.41,66.10167462141396,5.048325378586043,random_forest,delta,fold_2,1h,ppb
2026-08-14T12:00:00Z,1,73.54,69.86,64.6979111060848,8.842088893915204,random_forest,delta,fold_2,1h,ppb
2026-08-14T12:15:00Z,1,68.46,67.39,64.31209198581772,4.147908014182278,random_forest,delta,fold_2,1h,ppb
2026-08-14T12:30:00Z,1,71.74,67.0,64.0281928342009,7.711807165799101,random_forest,delta,fold_2,1h,ppb
2026-08-14T12:45:00Z,1,68.38,71.15,66.43682811761765,1.9431718823823445,random_forest,delta,fold_2,1h,ppb
2026-08-14T13:00:00Z,1,71.66,73.54,67.97656234983285,3.68343765016715,random_forest,delta,fold_2,1h,ppb
2026-08-14T13:15:00Z,1,65.99,68.46,64.9599382793039,1.0300617206960965,random_forest,delta,fold_2,1h,ppb
2026-08-14T13:30:00Z,1,72.39,71.74,67.41189204305371,4.978107956946289,random_forest,delta,fold_2,1h,ppb
2026-08-14T13:45:00Z,1,72.06,68.38,64.99751193920127,7.062488060798728,random_forest,delta,fold_2,1h,ppb
2026-08-14T14:00:00Z,1,71.62,71.66,66.76375469829705,4.856245301702955,random_forest,delta,fold_2,1h,ppb
2026-08-14T14:15:00Z,1,68.08,65.99,62.71993706795418,5.360062932045821,random_forest,delta,fold_2,1h,ppb
2026-08-14T14:30:00Z,1,69.28,72.39,66.85706082443666,2.422939175563343,random_forest,delta,fold_2,1h,ppb
2026-08-14T14:45:00Z,1,65.11,72.06,64.93992390231917,0.17007609768083398,random_forest,delta,fold_2,1h,ppb
2026-08-14T15:00:00Z,1,61.9,71.62,67.03616208049385,-5.136162080493854,random_forest,delta,fold_2,1h,ppb
2026-08-14T15:15:00Z,1,70.95,68.08,63.11736791048208,7.832632089517922,random_forest,delta,fold_2,1h,ppb
2026-08-14T15:30:00Z,1,72.11,69.28,63.60537463321845,8.504625366781546,random_forest,delta,fold_2,1h,ppb
2026-08-14T15:45:00Z,1,70.63,65.11,62.508320161870856,8.12167983812914,random_forest,delta,fold_2,1h,ppb
2026-08-14T16:00:00Z,1,70.88,61.9,59.946424216669705,10.93357578333029,random_forest,delta,fold_2,1h,ppb
2026-08-14T16:15:00Z,1,66.28,70.95,66.11932309142604,0.16067690857396144,random_forest,delta,fold_2,1h,ppb
2026-08-14T16:30:00Z,1,61.48,72.11,67.46660186034947,-5.986601860349474,random_forest,delta,fold_2,1h,ppb
2026-08-14T16:45:00Z,1,61.2,70.63,66.20333604225152,-5.003336042251519,random_forest,delta,fold_2,1h,ppb
2026-08-14T17:00:00Z,1,60.82,70.88,66.1256563759347,-5.305656375934696,random_forest,delta,fold_2,1h,ppb
2026-08-14T17:15:00Z,1,60.26,66.28,63.176313885946115,-2.916313885946117,random_forest,delta,fold_2,1h,ppb
2026-08-14T17:30:00Z,1,66.46,61.48,60.94260844199476,5.517391558005237,random_forest,delta,fold_2,1h,ppb
2026-08-14T17:45:00Z,1,66.83,61.2,60.05981308289164,6.7701869171083615,random_forest,delta,fold_2,1h,ppb
2026-08-14T18:00:00Z,1,65.55,60.82,60.168084480938276,5.381915519061721,random_forest,delta,fold_2,1h,ppb
2026-08-14T18:15:00Z,1,61.92,60.26,58.97755876599105,2.942441234008953,random_forest,delta,fold_2,1h,ppb
2026-08-14T18:30:00Z,1,62.59,66.46,63.707939867568946,-1.1179398675689427,random_forest,delta,fold_2,1h,ppb
2026-08-14T18:45:00Z,1,60.11,66.83,64.8114140368203,-4.701414036820296,random_forest,delta,fold_2,1h,ppb
2026-08-14T19:00:00Z,1,64.79,65.55,64.5087802265699,0.2812197734301094,random_forest,delta,fold_2,1h,ppb
2026-08-14T19:15:00Z,1,67.05,61.92,60.984887587762245,6.065112412237752,random_forest,delta,fold_2,1h,ppb
2026-08-14T19:30:00Z,1,60.82,62.59,61.03871003639696,-0.2187100363969563,random_forest,delta,fold_2,1h,ppb
2026-08-14T19:45:00Z,1,60.86,60.11,59.78976561849587,1.0702343815041289,random_forest,delta,fold_2,1h,ppb
2026-08-14T20:00:00Z,1,60.92,64.79,63.15694540608237,-2.23694540608237,random_forest,delta,fold_2,1h,ppb
2026-08-14T20:15:00Z,1,61.03,67.05,65.81270859079244,-4.7827085907924385,random_forest,delta,fold_2,1h,ppb
2026-08-14T20:30:00Z,1,62.01,60.82,60.70489138042658,1.3051086195734172,random_forest,delta,fold_2,1h,ppb
2026-08-14T20:45:00Z,1,56.74,60.86,59.82996471363649,-3.0899647136364905,random_forest,delta,fold_2,1h,ppb
2026-08-14T21:00:00Z,1,53.71,60.92,59.655196137574556,-5.9451961375745555,random_forest,delta,fold_2,1h,ppb
2026-08-14T21:15:00Z,1,55.06,61.03,59.77238342756146,-4.712383427561456,random_forest,delta,fold_2,1h,ppb
2026-08-14T21:30:00Z,1,58.08,62.01,59.677819232188924,-1.5978192321889253,random_forest,delta,fold_2,1h,ppb
2026-08-14T21:45:00Z,1,61.06,56.74,57.876319797211565,3.1836802027884374,random_forest,delta,fold_2,1h,ppb
2026-08-14T22:00:00Z,1,63.26,53.71,55.418111759740334,7.841888240259664,random_forest,delta,fold_2,1h,ppb
2026-08-14T22:15:00Z,1,66.64,55.06,55.431464214695474,11.208535785304527,random_forest,delta,fold_2,1h,ppb
2026-08-14T22:30:00Z,1,67.18,58.08,59.353443163282705,7.826556836717302,random_forest,delta,fold_2,1h,ppb
2026-08-14T22:45:00Z,1,63.89,61.06,59.664756341453476,4.225243658546525,random_forest,delta,fold_2,1h,ppb
2026-08-14T23:00:00Z,1,65.95,63.26,59.726788183113705,6.223211816886298,random_forest,delta,fold_2,1h,ppb
2026-08-14T23:15:00Z,1,64.55,66.64,62.34335727282029,2.2066427271797053,random_forest,delta,fold_2,1h,ppb
2026-08-14T23:30:00Z,1,65.7,67.18,61.76748358253521,3.9325164174647895,random_forest,delta,fold_2,1h,ppb
2026-08-14T23:45:00Z,1,64.64,63.89,59.95444361412634,4.68555638587366,random_forest,delta,fold_2,1h,ppb
2026-08-15T00:00:00Z,1,66.1,65.95,62.057836984460735,4.042163015539259,random_forest,delta,fold_2,1h,ppb
2026-08-15T00:15:00Z,1,68.39,64.55,61.709830205545416,6.680169794454585,random_forest,delta,fold_2,1h,ppb
2026-08-15T00:30:00Z,1,64.9,65.7,62.564573763145226,2.3354262368547793,random_forest,delta,fold_2,1h,ppb
2026-08-15T00:45:00Z,1,66.53,64.64,61.961761341567254,4.5682386584327475,random_forest,delta,fold_2,1h,ppb
2026-08-15T01:00:00Z,1,66.02,66.1,63.20435298299078,2.815647017009219,random_forest,delta,fold_2,1h,ppb
2026-08-15T01:15:00Z,1,62.3,68.39,65.3722453935695,-3.072245393569503,random_forest,delta,fold_2,1h,ppb
2026-08-15T01:30:00Z,1,62.53,64.9,62.32429372664435,0.20570627335565206,random_forest,delta,fold_2,1h,ppb
2026-08-15T01:45:00Z,1,61.58,66.53,62.957024748190875,-1.3770247481908768,random_forest,delta,fold_2,1h,ppb
2026-08-15T02:00:00Z,1,62.34,66.02,63.1780664773876,-0.8380664773875992,random_forest,delta,fold_2,1h,ppb
2026-08-15T02:15:00Z,1,62.61,62.3,58.58220779010468,4.027792209895317,random_forest,delta,fold_2,1h,ppb
2026-08-15T02:30:00Z,1,58.56,62.53,58.54214161738851,0.017858382611493084,random_forest,delta,fold_2,1h,ppb
2026-08-15T02:45:00Z,1,61.81,61.58,58.546170378211016,3.263829621788986,random_forest,delta,fold_2,1h,ppb
2026-08-15T03:00:00Z,1,61.24,62.34,58.520425157459556,2.719574842540446,random_forest,delta,fold_2,1h,ppb
2026-08-15T03:15:00Z,1,62.41,62.61,58.88973946290719,3.5202605370928097,random_forest,delta,fold_2,1h,ppb
2026-08-15T03:30:00Z,1,63.72,58.56,57.00040139441122,6.719598605588779,random_forest,delta,fold_2,1h,ppb
2026-08-15T03:45:00Z,1,63.52,61.81,58.95945998590271,4.560540014097292,random_forest,delta,fold_2,1h,ppb
2026-08-15T04:00:00Z,1,67.33,61.24,58.7840358106952,8.545964189304797,random_forest,delta,fold_2,1h,ppb
2026-08-15T04:15:00Z,1,71.46,62.41,59.07740433923456,12.382595660765432,random_forest,delta,fold_2,1h,ppb
2026-08-15T04:30:00Z,1,75.36,63.72,60.97806359561827,14.381936404381726,random_forest,delta,fold_2,1h,ppb
2026-08-15T04:45:00Z,1,75.47,63.52,61.00450411081296,14.46549588918704,random_forest,delta,fold_2,1h,ppb
2026-08-15T05:00:00Z,1,78.47,67.33,64.53427942533513,13.93572057466487,random_forest,delta,fold_2,1h,ppb
2026-08-15T05:15:00Z,1,79.02,71.46,68.72773842349294,10.292261576507059,random_forest,delta,fold_2,1h,ppb
2026-08-15T05:30:00Z,1,78.87,75.36,73.08630038486491,5.783699615135092,random_forest,delta,fold_2,1h,ppb
2026-08-15T05:45:00Z,1,83.35,75.47,73.51279546694332,9.837204533056678,random_forest,delta,fold_2,1h,ppb
2026-08-15T06:00:00Z,1,77.87,78.47,75.91036692257103,1.9596330774289754,random_forest,delta,fold_2,1h,ppb
2026-08-15T06:15:00Z,1,77.36,79.02,76.44997735195645,0.9100226480435509,random_forest,delta,fold_2,1h,ppb
2026-08-15T06:30:00Z,1,79.84,78.87,75.7893025826671,4.0506974173328985,random_forest,delta,fold_2,1h,ppb
2026-08-15T06:45:00Z,1,73.52,83.35,78.87847830114816,-5.358478301148168,random_forest,delta,fold_2,1h,ppb
2026-08-15T07:00:00Z,1,77.61,77.87,74.35512522024759,3.254874779752413,random_forest,delta,fold_2,1h,ppb
2026-08-15T07:15:00Z,1,89.18,77.36,73.14267359184431,16.037326408155693,random_forest,delta,fold_2,1h,ppb
2026-08-15T07:30:00Z,1,75.48,79.84,74.48167886028493,0.998321139715074,random_forest,delta,fold_2,1h,ppb
2026-08-15T07:45:00Z,1,76.89,73.52,70.33541286131262,6.554587138687381,random_forest,delta,fold_2,1h,ppb
2026-08-15T08:00:00Z,1,70.72,77.61,72.22750871262667,-1.5075087126266737,random_forest,delta,fold_2,1h,ppb
2026-08-15T08:15:00Z,1,68.61,89.18,83.38532333062487,-14.775323330624872,random_forest,delta,fold_2,1h,ppb
2026-08-15T08:30:00Z,1,67.63,75.48,76.18392243657902,-8.553922436579029,random_forest,delta,fold_2,1h,ppb
2026-08-15T08:45:00Z,1,67.46,76.89,71.5700667871653,-4.110066787165309,random_forest,delta,fold_2,1h,ppb
2026-08-15T09:00:00Z,1,63.91,70.72,67.45602407374649,-3.5460240737464943,random_forest,delta,fold_2,1h,ppb
2026-08-15T09:15:00Z,1,64.94,68.61,65.55696373926673,-0.6169637392667369,random_forest,delta,fold_2,1h,ppb
2026-08-15T09:30:00Z,1,67.96,67.63,63.195054480007464,4.76494551999253,random_forest,delta,fold_2,1h,ppb
2026-08-15T09:45:00Z,1,60.45,67.46,62.84135749656721,-2.3913574965672098,random_forest,delta,fold_2,1h,ppb
2026-08-15T10:00:00Z,1,59.92,63.91,59.089204297299105,0.8307957027008968,random_forest,delta,fold_2,1h,ppb
2026-08-15T10:15:00Z,1,62.83,64.94,59.1737307192576,3.6562692807424,random_forest,delta,fold_2,1h,ppb
2026-08-15T10:30:00Z,1,61.5,67.96,61.29590999762423,0.20409000237577146,random_forest,delta,fold_2,1h,ppb
2026-08-15T10:45:00Z,1,58.06,60.45,57.96250791673981,0.09749208326019243,random_forest,delta,fold_2,1h,ppb
2026-08-15T11:00:00Z,1,58.67,59.92,58.45416727660616,0.21583272339384507,random_forest,delta,fold_2,1h,ppb
2026-08-15T11:15:00Z,1,60.33,62.83,57.005496038991865,3.3245039610081335,random_forest,delta,fold_2,1h,ppb
2026-08-15T11:30:00Z,1,58.11,61.5,58.498101896395305,-0.38810189639530535,random_forest,delta,fold_2,1h,ppb
2026-08-15T11:45:00Z,1,60.08,58.06,56.48745946936972,3.5925405306302807,random_forest,delta,fold_2,1h,ppb
2026-08-15T12:00:00Z,1,56.55,58.67,56.317654711864044,0.2323452881359529,random_forest,delta,fold_2,1h,ppb
2026-08-15T12:15:00Z,1,58.75,60.33,58.93838554385298,-0.18838554385298067,random_forest,delta,fold_2,1h,ppb
2026-08-15T12:30:00Z,1,62.14,58.11,57.079066209261576,5.060933790738424,random_forest,delta,fold_2,1h,ppb
2026-08-15T12:45:00Z,1,60.59,60.08,57.80716979261581,2.782830207384194,random_forest,delta,fold_2,1h,ppb
2026-08-15T13:00:00Z,1,61.66,56.55,55.85780317885374,5.802196821146254,random_forest,delta,fold_2,1h,ppb
2026-08-15T13:15:00Z,1,59.57,58.75,57.195609757532566,2.3743902424674346,random_forest,delta,fold_2,1h,ppb
2026-08-15T13:30:00Z,1,59.96,62.14,59.87005745859417,0.0899425414058328,random_forest,delta,fold_2,1h,ppb
2026-08-15T13:45:00Z,1,58.57,60.59,58.833836423223566,-0.26383642322356593,random_forest,delta,fold_2,1h,ppb
2026-08-15T14:00:00Z,1,55.1,61.66,58.136731981563706,-3.0367319815637046,random_forest,delta,fold_2,1h,ppb
2026-08-15T14:15:00Z,1,50.0,59.57,56.362468324140885,-6.362468324140885,random_forest,delta,fold_2,1h,ppb
2026-08-15T14:30:00Z,1,50.28,59.96,55.14977483059447,-4.869774830594466,random_forest,delta,fold_2,1h,ppb
2026-08-15T14:45:00Z,1,44.35,58.57,48.965019561066725,-4.615019561066724,random_forest,delta,fold_2,1h,ppb
2026-08-15T15:00:00Z,1,38.79,55.1,43.06017991822992,-4.270179918229921,random_forest,delta,fold_2,1h,ppb
2026-08-15T15:15:00Z,1,42.36,50.0,40.682575090187584,1.6774249098124159,random_forest,delta,fold_2,1h,ppb
2026-08-15T15:30:00Z,1,46.28,50.28,44.37675122876315,1.9032487712368535,random_forest,delta,fold_2,1h,ppb
2026-08-15T15:45:00Z,1,43.04,44.35,45.961293284242736,-2.9212932842427364,random_forest,delta,fold_2,1h,ppb
2026-08-15T16:00:00Z,1,42.59,38.79,41.83772713795054,0.7522728620494661,random_forest,delta,fold_2,1h,ppb
2026-08-15T16:15:00Z,1,42.11,42.36,44.56257168194937,-2.4525716819493724,random_forest,delta,fold_2,1h,ppb
2026-08-15T16:30:00Z,1,39.44,46.28,48.47019285251099,-9.030192852510993,random_forest,delta,fold_2,1h,ppb
2026-08-15T16:45:00Z,1,42.47,43.04,45.16488769793127,-2.6948876979312715,random_forest,delta,fold_2,1h,ppb
2026-08-15T17:00:00Z,1,52.16,42.59,46.29193184631772,5.868068153682273,random_forest,delta,fold_2,1h,ppb
2026-08-15T17:15:00Z,1,48.38,42.11,47.57693870024821,0.8030612997517892,random_forest,delta,fold_2,1h,ppb
2026-08-15T17:30:00Z,1,45.7,39.44,45.06458068192087,0.6354193180791299,random_forest,delta,fold_2,1h,ppb
2026-08-15T17:45:00Z,1,49.64,42.47,48.14153437992553,1.4984656200744695,random_forest,delta,fold_2,1h,ppb
2026-08-15T18:00:00Z,1,56.96,52.16,56.22969895393667,0.7303010460633317,random_forest,delta,fold_2,1h,ppb
2026-08-15T18:15:00Z,1,56.06,48.38,52.00580600021576,4.054193999784239,random_forest,delta,fold_2,1h,ppb
2026-08-15T18:30:00Z,1,54.96,45.7,50.09470654990786,4.865293450092139,random_forest,delta,fold_2,1h,ppb
2026-08-15T18:45:00Z,1,58.35,49.64,50.78496368645833,7.565036313541668,random_forest,delta,fold_2,1h,ppb
2026-08-15T19:00:00Z,1,60.68,56.96,57.60999478040008,3.0700052195999206,random_forest,delta,fold_2,1h,ppb
2026-08-15T19:15:00Z,1,52.01,56.06,56.1682179385478,-4.1582179385478,random_forest,delta,fold_2,1h,ppb
2026-08-15T19:30:00Z,1,51.98,54.96,54.838386142526765,-2.8583861425267685,random_forest,delta,fold_2,1h,ppb
2026-08-15T19:45:00Z,1,59.29,58.35,57.21166519435521,2.0783348056447863,random_forest,delta,fold_2,1h,ppb
2026-08-15T20:00:00Z,1,58.24,60.68,59.355703546338574,-1.1157035463385725,random_forest,delta,fold_2,1h,ppb
2026-08-15T20:15:00Z,1,58.81,52.01,50.75380963322677,8.05619036677323,random_forest,delta,fold_2,1h,ppb
2026-08-15T20:30:00Z,1,52.45,51.98,49.868288915690044,2.5817110843099584,random_forest,delta,fold_2,1h,ppb
2026-08-15T20:45:00Z,1,51.19,59.29,54.307453828158685,-3.1174538281586877,random_forest,delta,fold_2,1h,ppb
2026-08-15T21:00:00Z,1,55.02,58.24,55.83722495321495,-0.8172249532149465,random_forest,delta,fold_2,1h,ppb
2026-08-15T21:15:00Z,1,56.93,58.81,55.490195476631285,1.4398045233687142,random_forest,delta,fold_2,1h,ppb
2026-08-15T21:30:00Z,1,56.08,52.45,50.48878217502441,5.591217824975587,random_forest,delta,fold_2,1h,ppb
2026-08-15T21:45:00Z,1,56.68,51.19,50.6004460163111,6.079553983688896,random_forest,delta,fold_2,1h,ppb
2026-08-15T22:00:00Z,1,54.6,55.02,52.42173789359835,2.178262106401654,random_forest,delta,fold_2,1h,ppb
2026-08-15T22:15:00Z,1,53.13,56.93,55.24017743825605,-2.110177438256045,random_forest,delta,fold_2,1h,ppb
2026-08-15T22:30:00Z,1,54.81,56.08,54.776384355285536,0.033615644714465986,random_forest,delta,fold_2,1h,ppb
2026-08-15T22:45:00Z,1,52.71,56.68,54.431655237963874,-1.7216552379638728,random_forest,delta,fold_2,1h,ppb
2026-08-15T23:00:00Z,1,55.7,54.6,53.90178156399799,1.79821843600201,random_forest,delta,fold_2,1h,ppb
2026-08-15T23:15:00Z,1,56.93,53.13,51.891268513294136,5.0387314867058635,random_forest,delta,fold_2,1h,ppb
2026-08-15T23:30:00Z,1,62.43,54.81,52.50040677671203,9.929593223287966,random_forest,delta,fold_2,1h,ppb
2026-08-15T23:45:00Z,1,64.04,52.71,52.202966996070124,11.837033003929882,random_forest,delta,fold_2,1h,ppb
2026-08-14T00:00:00Z,1,50.73,51.84,47.29155349731445,3.4384465026855437,xgboost,absolute,fold_2,1h,ppb
2026-08-14T00:15:00Z,1,54.17,50.6,46.74853515625,7.421464843750002,xgboost,absolute,fold_2,1h,ppb
2026-08-14T00:30:00Z,1,52.26,46.86,46.583656311035156,5.676343688964842,xgboost,absolute,fold_2,1h,ppb
2026-08-14T00:45:00Z,1,55.75,46.9,46.004756927490234,9.745243072509766,xgboost,absolute,fold_2,1h,ppb
2026-08-14T01:00:00Z,1,55.64,50.73,47.86559295654297,7.774407043457032,xgboost,absolute,fold_2,1h,ppb
2026-08-14T01:15:00Z,1,55.45,54.17,55.674015045166016,-0.22401504516601278,xgboost,absolute,fold_2,1h,ppb
2026-08-14T01:30:00Z,1,55.32,52.26,51.011192321777344,4.3088076782226565,xgboost,absolute,fold_2,1h,ppb
2026-08-14T01:45:00Z,1,56.2,55.75,54.52942657470703,1.6705734252929716,xgboost,absolute,fold_2,1h,ppb
2026-08-14T02:00:00Z,1,59.28,55.64,54.606449127197266,4.6735508728027355,xgboost,absolute,fold_2,1h,ppb
2026-08-14T02:15:00Z,1,58.89,55.45,52.51894760131836,6.371052398681641,xgboost,absolute,fold_2,1h,ppb
2026-08-14T02:30:00Z,1,58.46,55.32,52.16595458984375,6.294045410156251,xgboost,absolute,fold_2,1h,ppb
2026-08-14T02:45:00Z,1,56.52,56.2,50.73414611816406,5.785853881835941,xgboost,absolute,fold_2,1h,ppb
2026-08-14T03:00:00Z,1,59.14,59.28,58.631500244140625,0.5084997558593756,xgboost,absolute,fold_2,1h,ppb
2026-08-14T03:15:00Z,1,61.44,58.89,58.54402160644531,2.8959783935546852,xgboost,absolute,fold_2,1h,ppb
2026-08-14T03:30:00Z,1,63.72,58.46,56.55178451538086,7.1682154846191395,xgboost,absolute,fold_2,1h,ppb
2026-08-14T03:45:00Z,1,65.94,56.52,56.196903228759766,9.743096771240232,xgboost,absolute,fold_2,1h,ppb
2026-08-14T04:00:00Z,1,65.1,59.14,64.29102325439453,0.8089767456054631,xgboost,absolute,fold_2,1h,ppb
2026-08-14T04:15:00Z,1,68.51,61.44,64.9774169921875,3.532583007812505,xgboost,absolute,fold_2,1h,ppb
2026-08-14T04:30:00Z,1,69.36,63.72,66.31379699707031,3.046203002929687,xgboost,absolute,fold_2,1h,ppb
2026-08-14T04:45:00Z,1,71.93,65.94,67.2851791381836,4.644820861816413,xgboost,absolute,fold_2,1h,ppb
2026-08-14T05:00:00Z,1,70.96,65.1,67.54998779296875,3.4100122070312437,xgboost,absolute,fold_2,1h,ppb
2026-08-14T05:15:00Z,1,72.37,68.51,70.28741455078125,2.0825854492187545,xgboost,absolute,fold_2,1h,ppb
2026-08-14T05:30:00Z,1,75.49,69.36,70.644775390625,4.845224609374995,xgboost,absolute,fold_2,1h,ppb
2026-08-14T05:45:00Z,1,77.66,71.93,71.5177001953125,6.142299804687497,xgboost,absolute,fold_2,1h,ppb
2026-08-14T06:00:00Z,1,76.59,70.96,74.04383850097656,2.546161499023441,xgboost,absolute,fold_2,1h,ppb
2026-08-14T06:15:00Z,1,82.2,72.37,75.59194946289062,6.608050537109378,xgboost,absolute,fold_2,1h,ppb
2026-08-14T06:30:00Z,1,84.8,75.49,76.78671264648438,8.013287353515622,xgboost,absolute,fold_2,1h,ppb
2026-08-14T06:45:00Z,1,81.27,77.66,78.48353576660156,2.7864642333984335,xgboost,absolute,fold_2,1h,ppb
2026-08-14T07:00:00Z,1,85.15,76.59,79.47357177734375,5.676428222656256,xgboost,absolute,fold_2,1h,ppb
2026-08-14T07:15:00Z,1,85.09,82.2,80.58738708496094,4.502612915039066,xgboost,absolute,fold_2,1h,ppb
2026-08-14T07:30:00Z,1,81.1,84.8,80.13107299804688,0.9689270019531193,xgboost,absolute,fold_2,1h,ppb
2026-08-14T07:45:00Z,1,75.37,81.27,79.85798645019531,-4.487986450195308,xgboost,absolute,fold_2,1h,ppb
2026-08-14T08:00:00Z,1,76.54,85.15,80.47494506835938,-3.9349450683593687,xgboost,absolute,fold_2,1h,ppb
2026-08-14T08:15:00Z,1,70.15,85.09,76.83100128173828,-6.681001281738276,xgboost,absolute,fold_2,1h,ppb
2026-08-14T08:30:00Z,1,70.49,81.1,76.44412231445312,-5.95412231445313,xgboost,absolute,fold_2,1h,ppb
2026-08-14T08:45:00Z,1,73.01,75.37,75.18370819091797,-2.1737081909179636,xgboost,absolute,fold_2,1h,ppb
2026-08-14T09:00:00Z,1,71.21,76.54,70.11249542236328,1.0975045776367125,xgboost,absolute,fold_2,1h,ppb
2026-08-14T09:15:00Z,1,69.34,70.15,70.56444549560547,-1.2244454956054653,xgboost,absolute,fold_2,1h,ppb
2026-08-14T09:30:00Z,1,69.63,70.49,68.65198516845703,0.9780148315429642,xgboost,absolute,fold_2,1h,ppb
2026-08-14T09:45:00Z,1,66.46,73.01,66.08496856689453,0.3750314331054625,xgboost,absolute,fold_2,1h,ppb
2026-08-14T10:00:00Z,1,68.05,71.21,65.23715209960938,2.812847900390622,xgboost,absolute,fold_2,1h,ppb
2026-08-14T10:15:00Z,1,72.85,69.34,64.17080688476562,8.67919311523437,xgboost,absolute,fold_2,1h,ppb
2026-08-14T10:30:00Z,1,72.55,69.63,64.32189178466797,8.228108215332028,xgboost,absolute,fold_2,1h,ppb
2026-08-14T10:45:00Z,1,72.41,66.46,61.13234329223633,11.277656707763668,xgboost,absolute,fold_2,1h,ppb
2026-08-14T11:00:00Z,1,69.86,68.05,63.210384368896484,6.649615631103515,xgboost,absolute,fold_2,1h,ppb
2026-08-14T11:15:00Z,1,67.39,72.85,63.509315490722656,3.8806845092773443,xgboost,absolute,fold_2,1h,ppb
2026-08-14T11:30:00Z,1,67.0,72.55,62.43027114868164,4.569728851318359,xgboost,absolute,fold_2,1h,ppb
2026-08-14T11:45:00Z,1,71.15,72.41,62.85170364379883,8.298296356201178,xgboost,absolute,fold_2,1h,ppb
2026-08-14T12:00:00Z,1,73.54,69.86,64.59493255615234,8.945067443847663,xgboost,absolute,fold_2,1h,ppb
2026-08-14T12:15:00Z,1,68.46,67.39,65.376708984375,3.0832910156249937,xgboost,absolute,fold_2,1h,ppb
2026-08-14T12:30:00Z,1,71.74,67.0,65.94966125488281,5.790338745117182,xgboost,absolute,fold_2,1h,ppb
2026-08-14T12:45:00Z,1,68.38,71.15,65.65709686279297,2.7229031372070267,xgboost,absolute,fold_2,1h,ppb
2026-08-14T13:00:00Z,1,71.66,73.54,66.2103500366211,5.449649963378903,xgboost,absolute,fold_2,1h,ppb
2026-08-14T13:15:00Z,1,65.99,68.46,66.994384765625,-1.0043847656250051,xgboost,absolute,fold_2,1h,ppb
2026-08-14T13:30:00Z,1,72.39,71.74,66.9363784790039,5.453621520996094,xgboost,absolute,fold_2,1h,ppb
2026-08-14T13:45:00Z,1,72.06,68.38,66.96597290039062,5.094027099609377,xgboost,absolute,fold_2,1h,ppb
2026-08-14T14:00:00Z,1,71.62,71.66,63.788631439208984,7.83136856079102,xgboost,absolute,fold_2,1h,ppb
2026-08-14T14:15:00Z,1,68.08,65.99,64.179443359375,3.9005566406249983,xgboost,absolute,fold_2,1h,ppb
2026-08-14T14:30:00Z,1,69.28,72.39,62.5103759765625,6.769624023437501,xgboost,absolute,fold_2,1h,ppb
2026-08-14T14:45:00Z,1,65.11,72.06,63.1462287902832,1.9637712097167963,xgboost,absolute,fold_2,1h,ppb
2026-08-14T15:00:00Z,1,61.9,71.62,63.58418273925781,-1.684182739257814,xgboost,absolute,fold_2,1h,ppb
2026-08-14T15:15:00Z,1,70.95,68.08,63.73244094848633,7.217559051513675,xgboost,absolute,fold_2,1h,ppb
2026-08-14T15:30:00Z,1,72.11,69.28,62.90531539916992,9.204684600830078,xgboost,absolute,fold_2,1h,ppb
2026-08-14T15:45:00Z,1,70.63,65.11,63.65361785888672,6.976382141113277,xgboost,absolute,fold_2,1h,ppb
2026-08-14T16:00:00Z,1,70.88,61.9,60.24300003051758,10.636999969482417,xgboost,absolute,fold_2,1h,ppb
2026-08-14T16:15:00Z,1,66.28,70.95,63.2002067565918,3.0797932434082043,xgboost,absolute,fold_2,1h,ppb
2026-08-14T16:30:00Z,1,61.48,72.11,63.667118072509766,-2.1871180725097688,xgboost,absolute,fold_2,1h,ppb
2026-08-14T16:45:00Z,1,61.2,70.63,63.601314544677734,-2.4013145446777315,xgboost,absolute,fold_2,1h,ppb
2026-08-14T17:00:00Z,1,60.82,70.88,63.74613571166992,-2.9261357116699216,xgboost,absolute,fold_2,1h,ppb
2026-08-14T17:15:00Z,1,60.26,66.28,64.13280487060547,-3.8728048706054707,xgboost,absolute,fold_2,1h,ppb
2026-08-14T17:30:00Z,1,66.46,61.48,60.75716781616211,5.702832183837884,xgboost,absolute,fold_2,1h,ppb
2026-08-14T17:45:00Z,1,66.83,61.2,58.84421157836914,7.985788421630858,xgboost,absolute,fold_2,1h,ppb
2026-08-14T18:00:00Z,1,65.55,60.82,59.472999572753906,6.077000427246091,xgboost,absolute,fold_2,1h,ppb
2026-08-14T18:15:00Z,1,61.92,60.26,55.47288131713867,6.44711868286133,xgboost,absolute,fold_2,1h,ppb
2026-08-14T18:30:00Z,1,62.59,66.46,61.4054069519043,1.1845930480957065,xgboost,absolute,fold_2,1h,ppb
2026-08-14T18:45:00Z,1,60.11,66.83,62.39975357055664,-2.289753570556641,xgboost,absolute,fold_2,1h,ppb
2026-08-14T19:00:00Z,1,64.79,65.55,63.50250244140625,1.2874975585937563,xgboost,absolute,fold_2,1h,ppb
2026-08-14T19:15:00Z,1,67.05,61.92,61.87427520751953,5.175724792480466,xgboost,absolute,fold_2,1h,ppb
2026-08-14T19:30:00Z,1,60.82,62.59,61.9090461730957,-1.0890461730957028,xgboost,absolute,fold_2,1h,ppb
2026-08-14T19:45:00Z,1,60.86,60.11,61.76712417602539,-0.9071241760253912,xgboost,absolute,fold_2,1h,ppb
2026-08-14T20:00:00Z,1,60.92,64.79,63.134521484375,-2.2145214843749983,xgboost,absolute,fold_2,1h,ppb
2026-08-14T20:15:00Z,1,61.03,67.05,63.1571044921875,-2.127104492187499,xgboost,absolute,fold_2,1h,ppb
2026-08-14T20:30:00Z,1,62.01,60.82,62.02497100830078,-0.01497100830078324,xgboost,absolute,fold_2,1h,ppb
2026-08-14T20:45:00Z,1,56.74,60.86,61.33600997924805,-4.596009979248045,xgboost,absolute,fold_2,1h,ppb
2026-08-14T21:00:00Z,1,53.71,60.92,59.99274444580078,-6.28274444580078,xgboost,absolute,fold_2,1h,ppb
2026-08-14T21:15:00Z,1,55.06,61.03,55.998680114746094,-0.9386801147460915,xgboost,absolute,fold_2,1h,ppb
2026-08-14T21:30:00Z,1,58.08,62.01,56.68104553222656,1.3989544677734358,xgboost,absolute,fold_2,1h,ppb
2026-08-14T21:45:00Z,1,61.06,56.74,55.95923614501953,5.100763854980471,xgboost,absolute,fold_2,1h,ppb
2026-08-14T22:00:00Z,1,63.26,53.71,55.1817626953125,8.078237304687498,xgboost,absolute,fold_2,1h,ppb
2026-08-14T22:15:00Z,1,66.64,55.06,54.72199630737305,11.918003692626954,xgboost,absolute,fold_2,1h,ppb
2026-08-14T22:30:00Z,1,67.18,58.08,52.327789306640625,14.852210693359382,xgboost,absolute,fold_2,1h,ppb
2026-08-14T22:45:00Z,1,63.89,61.06,52.25457000732422,11.635429992675782,xgboost,absolute,fold_2,1h,ppb
2026-08-14T23:00:00Z,1,65.95,63.26,52.72246551513672,13.227534484863284,xgboost,absolute,fold_2,1h,ppb
2026-08-14T23:15:00Z,1,64.55,66.64,55.0008544921875,9.549145507812497,xgboost,absolute,fold_2,1h,ppb
2026-08-14T23:30:00Z,1,65.7,67.18,51.1461296081543,14.553870391845706,xgboost,absolute,fold_2,1h,ppb
2026-08-14T23:45:00Z,1,64.64,63.89,52.85993576049805,11.780064239501954,xgboost,absolute,fold_2,1h,ppb
2026-08-15T00:00:00Z,1,66.1,65.95,56.55828857421875,9.541711425781244,xgboost,absolute,fold_2,1h,ppb
2026-08-15T00:15:00Z,1,68.39,64.55,57.513545989990234,10.876454010009766,xgboost,absolute,fold_2,1h,ppb
2026-08-15T00:30:00Z,1,64.9,65.7,58.30946350097656,6.590536499023443,xgboost,absolute,fold_2,1h,ppb
2026-08-15T00:45:00Z,1,66.53,64.64,58.54443359375,7.985566406250001,xgboost,absolute,fold_2,1h,ppb
2026-08-15T01:00:00Z,1,66.02,66.1,58.74214553833008,7.277854461669918,xgboost,absolute,fold_2,1h,ppb
2026-08-15T01:15:00Z,1,62.3,68.39,61.064605712890625,1.2353942871093722,xgboost,absolute,fold_2,1h,ppb
2026-08-15T01:30:00Z,1,62.53,64.9,60.54026794433594,1.9897320556640636,xgboost,absolute,fold_2,1h,ppb
2026-08-15T01:45:00Z,1,61.58,66.53,58.984275817871094,2.5957241821289045,xgboost,absolute,fold_2,1h,ppb
2026-08-15T02:00:00Z,1,62.34,66.02,59.699188232421875,2.6408117675781284,xgboost,absolute,fold_2,1h,ppb
2026-08-15T02:15:00Z,1,62.61,62.3,58.45304870605469,4.156951293945312,xgboost,absolute,fold_2,1h,ppb
2026-08-15T02:30:00Z,1,58.56,62.53,58.91563034057617,-0.3556303405761696,xgboost,absolute,fold_2,1h,ppb
2026-08-15T02:45:00Z,1,61.81,61.58,58.23249053955078,3.577509460449221,xgboost,absolute,fold_2,1h,ppb
2026-08-15T03:00:00Z,1,61.24,62.34,63.20642852783203,-1.9664285278320293,xgboost,absolute,fold_2,1h,ppb
2026-08-15T03:15:00Z,1,62.41,62.61,62.44119644165039,-0.031196441650394036,xgboost,absolute,fold_2,1h,ppb
2026-08-15T03:30:00Z,1,63.72,58.56,62.12226486206055,1.597735137939452,xgboost,absolute,fold_2,1h,ppb
2026-08-15T03:45:00Z,1,63.52,61.81,61.72243881225586,1.7975611877441438,xgboost,absolute,fold_2,1h,ppb
2026-08-15T04:00:00Z,1,67.33,61.24,66.63094329833984,0.6990567016601545,xgboost,absolute,fold_2,1h,ppb
2026-08-15T04:15:00Z,1,71.46,62.41,64.39203643798828,7.0679635620117125,xgboost,absolute,fold_2,1h,ppb
2026-08-15T04:30:00Z,1,75.36,63.72,65.39488983154297,9.96511016845703,xgboost,absolute,fold_2,1h,ppb
2026-08-15T04:45:00Z,1,75.47,63.52,66.15970611572266,9.310293884277343,xgboost,absolute,fold_2,1h,ppb
2026-08-15T05:00:00Z,1,78.47,67.33,69.63203430175781,8.837965698242186,xgboost,absolute,fold_2,1h,ppb
2026-08-15T05:15:00Z,1,79.02,71.46,72.35425567626953,6.665744323730465,xgboost,absolute,fold_2,1h,ppb
2026-08-15T05:30:00Z,1,78.87,75.36,75.9134750366211,2.956524963378911,xgboost,absolute,fold_2,1h,ppb
2026-08-15T05:45:00Z,1,83.35,75.47,76.1542739868164,7.195726013183588,xgboost,absolute,fold_2,1h,ppb
2026-08-15T06:00:00Z,1,77.87,78.47,77.62278747558594,0.24721252441406705,xgboost,absolute,fold_2,1h,ppb
2026-08-15T06:15:00Z,1,77.36,79.02,78.49072265625,-1.1307226562500006,xgboost,absolute,fold_2,1h,ppb
2026-08-15T06:30:00Z,1,79.84,78.87,79.2816162109375,0.5583837890625034,xgboost,absolute,fold_2,1h,ppb
2026-08-15T06:45:00Z,1,73.52,83.35,78.46916961669922,-4.949169616699223,xgboost,absolute,fold_2,1h,ppb
2026-08-15T07:00:00Z,1,77.61,77.87,78.39936065673828,-0.7893606567382818,xgboost,absolute,fold_2,1h,ppb
2026-08-15T07:15:00Z,1,89.18,77.36,73.61585998535156,15.564140014648444,xgboost,absolute,fold_2,1h,ppb
2026-08-15T07:30:00Z,1,75.48,79.84,72.25995635986328,3.2200436401367227,xgboost,absolute,fold_2,1h,ppb
2026-08-15T07:45:00Z,1,76.89,73.52,72.69940185546875,4.190598144531251,xgboost,absolute,fold_2,1h,ppb
2026-08-15T08:00:00Z,1,70.72,77.61,69.35076141357422,1.3692385864257801,xgboost,absolute,fold_2,1h,ppb
2026-08-15T08:15:00Z,1,68.61,89.18,71.83684539794922,-3.2268453979492193,xgboost,absolute,fold_2,1h,ppb
2026-08-15T08:30:00Z,1,67.63,75.48,74.16690063476562,-6.5369006347656295,xgboost,absolute,fold_2,1h,ppb
2026-08-15T08:45:00Z,1,67.46,76.89,69.89312744140625,-2.4331274414062563,xgboost,absolute,fold_2,1h,ppb
2026-08-15T09:00:00Z,1,63.91,70.72,68.4449234008789,-4.53492340087891,xgboost,absolute,fold_2,1h,ppb
2026-08-15T09:15:00Z,1,64.94,68.61,69.21002197265625,-4.270021972656252,xgboost,absolute,fold_2,1h,ppb
2026-08-15T09:30:00Z,1,67.96,67.63,63.31849670410156,4.641503295898431,xgboost,absolute,fold_2,1h,ppb
2026-08-15T09:45:00Z,1,60.45,67.46,62.265262603759766,-1.8152626037597628,xgboost,absolute,fold_2,1h,ppb
2026-08-15T10:00:00Z,1,59.92,63.91,59.53762435913086,0.38237564086914233,xgboost,absolute,fold_2,1h,ppb
2026-08-15T10:15:00Z,1,62.83,64.94,60.29472732543945,2.535272674560545,xgboost,absolute,fold_2,1h,ppb
2026-08-15T10:30:00Z,1,61.5,67.96,59.7568359375,1.7431640625,xgboost,absolute,fold_2,1h,ppb
2026-08-15T10:45:00Z,1,58.06,60.45,60.015411376953125,-1.9554113769531227,xgboost,absolute,fold_2,1h,ppb
2026-08-15T11:00:00Z,1,58.67,59.92,59.39354705810547,-0.723547058105467,xgboost,absolute,fold_2,1h,ppb
2026-08-15T11:15:00Z,1,60.33,62.83,58.32535171508789,2.0046482849121077,xgboost,absolute,fold_2,1h,ppb
2026-08-15T11:30:00Z,1,58.11,61.5,59.07378005981445,-0.9637800598144537,xgboost,absolute,fold_2,1h,ppb
2026-08-15T11:45:00Z,1,60.08,58.06,59.65839767456055,0.4216023254394514,xgboost,absolute,fold_2,1h,ppb
2026-08-15T12:00:00Z,1,56.55,58.67,57.31490707397461,-0.7649070739746122,xgboost,absolute,fold_2,1h,ppb
2026-08-15T12:15:00Z,1,58.75,60.33,56.25516891479492,2.494831085205078,xgboost,absolute,fold_2,1h,ppb
2026-08-15T12:30:00Z,1,62.14,58.11,56.25669479370117,5.883305206298829,xgboost,absolute,fold_2,1h,ppb
2026-08-15T12:45:00Z,1,60.59,60.08,57.61818313598633,2.9718168640136753,xgboost,absolute,fold_2,1h,ppb
2026-08-15T13:00:00Z,1,61.66,56.55,57.27275848388672,4.387241516113278,xgboost,absolute,fold_2,1h,ppb
2026-08-15T13:15:00Z,1,59.57,58.75,57.630489349365234,1.939510650634766,xgboost,absolute,fold_2,1h,ppb
2026-08-15T13:30:00Z,1,59.96,62.14,59.18668746948242,0.773312530517579,xgboost,absolute,fold_2,1h,ppb
2026-08-15T13:45:00Z,1,58.57,60.59,60.19140625,-1.6214062499999997,xgboost,absolute,fold_2,1h,ppb
2026-08-15T14:00:00Z,1,55.1,61.66,57.33428192138672,-2.2342819213867173,xgboost,absolute,fold_2,1h,ppb
2026-08-15T14:15:00Z,1,50.0,59.57,57.25429916381836,-7.254299163818359,xgboost,absolute,fold_2,1h,ppb
2026-08-15T14:30:00Z,1,50.28,59.96,50.971290588378906,-0.6912905883789051,xgboost,absolute,fold_2,1h,ppb
2026-08-15T14:45:00Z,1,44.35,58.57,49.10995101928711,-4.759951019287108,xgboost,absolute,fold_2,1h,ppb
2026-08-15T15:00:00Z,1,38.79,55.1,44.0842399597168,-5.294239959716798,xgboost,absolute,fold_2,1h,ppb
2026-08-15T15:15:00Z,1,42.36,50.0,45.931522369384766,-3.571522369384766,xgboost,absolute,fold_2,1h,ppb
2026-08-15T15:30:00Z,1,46.28,50.28,44.473751068115234,1.8062489318847668,xgboost,absolute,fold_2,1h,ppb
2026-08-15T15:45:00Z,1,43.04,44.35,45.81698226928711,-2.7769822692871102,xgboost,absolute,fold_2,1h,ppb
2026-08-15T16:00:00Z,1,42.59,38.79,43.03053665161133,-0.4405366516113247,xgboost,absolute,fold_2,1h,ppb
2026-08-15T16:15:00Z,1,42.11,42.36,46.10966873168945,-3.9996687316894537,xgboost,absolute,fold_2,1h,ppb
2026-08-15T16:30:00Z,1,39.44,46.28,46.41281509399414,-6.972815093994143,xgboost,absolute,fold_2,1h,ppb
2026-08-15T16:45:00Z,1,42.47,43.04,43.96699905395508,-1.4969990539550793,xgboost,absolute,fold_2,1h,ppb
2026-08-15T17:00:00Z,1,52.16,42.59,48.945213317871094,3.214786682128903,xgboost,absolute,fold_2,1h,ppb
2026-08-15T17:15:00Z,1,48.38,42.11,50.385345458984375,-2.0053454589843724,xgboost,absolute,fold_2,1h,ppb
2026-08-15T17:30:00Z,1,45.7,39.44,50.826988220214844,-5.126988220214841,xgboost,absolute,fold_2,1h,ppb
2026-08-15T17:45:00Z,1,49.64,42.47,49.56599426269531,0.07400573730468807,xgboost,absolute,fold_2,1h,ppb
2026-08-15T18:00:00Z,1,56.96,52.16,53.48824691772461,3.4717530822753915,xgboost,absolute,fold_2,1h,ppb
2026-08-15T18:15:00Z,1,56.06,48.38,53.218238830566406,2.841761169433596,xgboost,absolute,fold_2,1h,ppb
2026-08-15T18:30:00Z,1,54.96,45.7,54.983036041259766,-0.023036041259764772,xgboost,absolute,fold_2,1h,ppb
2026-08-15T18:45:00Z,1,58.35,49.64,58.931549072265625,-0.5815490722656236,xgboost,absolute,fold_2,1h,ppb
2026-08-15T19:00:00Z,1,60.68,56.96,63.40568161010742,-2.725681610107422,xgboost,absolute,fold_2,1h,ppb
2026-08-15T19:15:00Z,1,52.01,56.06,62.1640739440918,-10.154073944091799,xgboost,absolute,fold_2,1h,ppb
2026-08-15T19:30:00Z,1,51.98,54.96,59.18968200683594,-7.209682006835941,xgboost,absolute,fold_2,1h,ppb
2026-08-15T19:45:00Z,1,59.29,58.35,59.06330108642578,0.2266989135742179,xgboost,absolute,fold_2,1h,ppb
2026-08-15T20:00:00Z,1,58.24,60.68,58.904605865478516,-0.6646058654785136,xgboost,absolute,fold_2,1h,ppb
2026-08-15T20:15:00Z,1,58.81,52.01,54.59125900268555,4.218740997314455,xgboost,absolute,fold_2,1h,ppb
2026-08-15T20:30:00Z,1,52.45,51.98,56.58961486816406,-4.13961486816406,xgboost,absolute,fold_2,1h,ppb
2026-08-15T20:45:00Z,1,51.19,59.29,56.1754035949707,-4.985403594970705,xgboost,absolute,fold_2,1h,ppb
2026-08-15T21:00:00Z,1,55.02,58.24,52.22614669799805,2.7938533020019563,xgboost,absolute,fold_2,1h,ppb
2026-08-15T21:15:00Z,1,56.93,58.81,52.21581268310547,4.714187316894531,xgboost,absolute,fold_2,1h,ppb
2026-08-15T21:30:00Z,1,56.08,52.45,53.46907043457031,2.610929565429686,xgboost,absolute,fold_2,1h,ppb
2026-08-15T21:45:00Z,1,56.68,51.19,48.71318435668945,7.966815643310547,xgboost,absolute,fold_2,1h,ppb
2026-08-15T22:00:00Z,1,54.6,55.02,49.81782913208008,4.782170867919923,xgboost,absolute,fold_2,1h,ppb
2026-08-15T22:15:00Z,1,53.13,56.93,50.49211120605469,2.637888793945315,xgboost,absolute,fold_2,1h,ppb
2026-08-15T22:30:00Z,1,54.81,56.08,54.675697326660156,0.13430267333984602,xgboost,absolute,fold_2,1h,ppb
2026-08-15T22:45:00Z,1,52.71,56.68,53.08416748046875,-0.37416748046874915,xgboost,absolute,fold_2,1h,ppb
2026-08-15T23:00:00Z,1,55.7,54.6,51.821807861328125,3.878192138671878,xgboost,absolute,fold_2,1h,ppb
2026-08-15T23:15:00Z,1,56.93,53.13,49.18018341064453,7.7498165893554685,xgboost,absolute,fold_2,1h,ppb
2026-08-15T23:30:00Z,1,62.43,54.81,48.79866409301758,13.631335906982422,xgboost,absolute,fold_2,1h,ppb
2026-08-15T23:45:00Z,1,64.04,52.71,49.31383514404297,14.726164855957038,xgboost,absolute,fold_2,1h,ppb
2026-08-14T00:00:00Z,1,50.73,51.84,50.32954474925995,0.40045525074004473,xgboost,delta,fold_2,1h,ppb
2026-08-14T00:15:00Z,1,54.17,50.6,50.92295948266983,3.24704051733017,xgboost,delta,fold_2,1h,ppb
2026-08-14T00:30:00Z,1,52.26,46.86,47.127847031354904,5.132152968645094,xgboost,delta,fold_2,1h,ppb
2026-08-14T00:45:00Z,1,55.75,46.9,45.17414286136627,10.57585713863373,xgboost,delta,fold_2,1h,ppb
2026-08-14T01:00:00Z,1,55.64,50.73,47.810112934112546,7.829887065887455,xgboost,delta,fold_2,1h,ppb
2026-08-14T01:15:00Z,1,55.45,54.17,49.42758790969849,6.022412090301515,xgboost,delta,fold_2,1h,ppb
2026-08-14T01:30:00Z,1,55.32,52.26,52.74695620894432,2.5730437910556816,xgboost,delta,fold_2,1h,ppb
2026-08-14T01:45:00Z,1,56.2,55.75,51.90997076034546,4.290029239654544,xgboost,delta,fold_2,1h,ppb
2026-08-14T02:00:00Z,1,59.28,55.64,55.320166989564896,3.959833010435105,xgboost,delta,fold_2,1h,ppb
2026-08-14T02:15:00Z,1,58.89,55.45,51.63562150001526,7.254378499984739,xgboost,delta,fold_2,1h,ppb
2026-08-14T02:30:00Z,1,58.46,55.32,51.874619789123535,6.585380210876465,xgboost,delta,fold_2,1h,ppb
2026-08-14T02:45:00Z,1,56.52,56.2,49.390907001495364,7.129092998504639,xgboost,delta,fold_2,1h,ppb
2026-08-14T03:00:00Z,1,59.14,59.28,52.43642261505127,6.70357738494873,xgboost,delta,fold_2,1h,ppb
2026-08-14T03:15:00Z,1,61.44,58.89,51.19665969848633,10.243340301513669,xgboost,delta,fold_2,1h,ppb
2026-08-14T03:30:00Z,1,63.72,58.46,51.16752477645874,12.552475223541258,xgboost,delta,fold_2,1h,ppb
2026-08-14T03:45:00Z,1,65.94,56.52,50.66643144607544,15.273568553924555,xgboost,delta,fold_2,1h,ppb
2026-08-14T04:00:00Z,1,65.1,59.14,57.43075384140015,7.669246158599847,xgboost,delta,fold_2,1h,ppb
2026-08-14T04:15:00Z,1,68.51,61.44,59.52433747291565,8.985662527084358,xgboost,delta,fold_2,1h,ppb
2026-08-14T04:30:00Z,1,69.36,63.72,65.69182190418243,3.6681780958175665,xgboost,delta,fold_2,1h,ppb
2026-08-14T04:45:00Z,1,71.93,65.94,65.9728100323677,5.957189967632303,xgboost,delta,fold_2,1h,ppb
2026-08-14T05:00:00Z,1,70.96,65.1,67.10184655189514,3.858153448104858,xgboost,delta,fold_2,1h,ppb
2026-08-14T05:15:00Z,1,72.37,68.51,71.03833271026612,1.3316672897338862,xgboost,delta,fold_2,1h,ppb
2026-08-14T05:30:00Z,1,75.49,69.36,73.99690853118896,1.4930914688110306,xgboost,delta,fold_2,1h,ppb
2026-08-14T05:45:00Z,1,77.66,71.93,77.44950788497925,0.21049211502074172,xgboost,delta,fold_2,1h,ppb
2026-08-14T06:00:00Z,1,76.59,70.96,78.53023811340331,-1.9402381134033106,xgboost,delta,fold_2,1h,ppb
2026-08-14T06:15:00Z,1,82.2,72.37,78.42660724639893,3.7733927536010725,xgboost,delta,fold_2,1h,ppb
2026-08-14T06:30:00Z,1,84.8,75.49,81.30045293807983,3.4995470619201683,xgboost,delta,fold_2,1h,ppb
2026-08-14T06:45:00Z,1,81.27,77.66,82.41900936126709,-1.1490093612670904,xgboost,delta,fold_2,1h,ppb
2026-08-14T07:00:00Z,1,85.15,76.59,81.95255073547364,3.1974492645263695,xgboost,delta,fold_2,1h,ppb
2026-08-14T07:15:00Z,1,85.09,82.2,84.196502161026,0.8934978389739996,xgboost,delta,fold_2,1h,ppb
2026-08-14T07:30:00Z,1,81.1,84.8,81.72028522491455,-0.6202852249145536,xgboost,delta,fold_2,1h,ppb
2026-08-14T07:45:00Z,1,75.37,81.27,75.88566495895385,-0.5156649589538489,xgboost,delta,fold_2,1h,ppb
2026-08-14T08:00:00Z,1,76.54,85.15,78.62047519683838,-2.0804751968383783,xgboost,delta,fold_2,1h,ppb
2026-08-14T08:15:00Z,1,70.15,85.09,77.49248727798462,-7.342487277984617,xgboost,delta,fold_2,1h,ppb
2026-08-14T08:30:00Z,1,70.49,81.1,75.72783002853393,-5.237830028533935,xgboost,delta,fold_2,1h,ppb
2026-08-14T08:45:00Z,1,73.01,75.37,72.82044946670533,0.1895505332946783,xgboost,delta,fold_2,1h,ppb
2026-08-14T09:00:00Z,1,71.21,76.54,71.41937784194947,-0.2093778419494754,xgboost,delta,fold_2,1h,ppb
2026-08-14T09:15:00Z,1,69.34,70.15,68.59659173488618,0.7434082651138283,xgboost,delta,fold_2,1h,ppb
2026-08-14T09:30:00Z,1,69.63,70.49,66.95006488800048,2.6799351119995123,xgboost,delta,fold_2,1h,ppb
2026-08-14T09:45:00Z,1,66.46,73.01,66.5313327407837,-0.07133274078370277,xgboost,delta,fold_2,1h,ppb
2026-08-14T10:00:00Z,1,68.05,71.21,63.51211973190307,4.537880268096927,xgboost,delta,fold_2,1h,ppb
2026-08-14T10:15:00Z,1,72.85,69.34,63.38955291748047,9.460447082519522,xgboost,delta,fold_2,1h,ppb
2026-08-14T10:30:00Z,1,72.55,69.63,64.26693141937255,8.283068580627443,xgboost,delta,fold_2,1h,ppb
2026-08-14T10:45:00Z,1,72.41,66.46,61.16878553390502,11.241214466094974,xgboost,delta,fold_2,1h,ppb
2026-08-14T11:00:00Z,1,69.86,68.05,65.07261328697204,4.787386713027956,xgboost,delta,fold_2,1h,ppb
2026-08-14T11:15:00Z,1,67.39,72.85,66.9137125968933,0.4762874031066957,xgboost,delta,fold_2,1h,ppb
2026-08-14T11:30:00Z,1,67.0,72.55,67.68223361968994,-0.6822336196899386,xgboost,delta,fold_2,1h,ppb
2026-08-14T11:45:00Z,1,71.15,72.41,67.31207242965698,3.8379275703430267,xgboost,delta,fold_2,1h,ppb
2026-08-14T12:00:00Z,1,73.54,69.86,67.53048907279968,6.009510927200324,xgboost,delta,fold_2,1h,ppb
2026-08-14T12:15:00Z,1,68.46,67.39,67.18879751801491,1.2712024819850853,xgboost,delta,fold_2,1h,ppb
2026-08-14T12:30:00Z,1,71.74,67.0,66.46303582191467,5.276964178085322,xgboost,delta,fold_2,1h,ppb
2026-08-14T12:45:00Z,1,68.38,71.15,68.39926447868348,-0.01926447868348191,xgboost,delta,fold_2,1h,ppb
2026-08-14T13:00:00Z,1,71.66,73.54,68.414258518219,3.245741481780996,xgboost,delta,fold_2,1h,ppb
2026-08-14T13:15:00Z,1,65.99,68.46,68.38799204587936,-2.397992045879363,xgboost,delta,fold_2,1h,ppb
2026-08-14T13:30:00Z,1,72.39,71.74,69.52699231147766,2.8630076885223446,xgboost,delta,fold_2,1h,ppb
2026-08-14T13:45:00Z,1,72.06,68.38,67.12293410778045,4.93706589221955,xgboost,delta,fold_2,1h,ppb
2026-08-14T14:00:00Z,1,71.62,71.66,66.01394239425659,5.606057605743416,xgboost,delta,fold_2,1h,ppb
2026-08-14T14:15:00Z,1,68.08,65.99,63.43722270965576,4.642777290344242,xgboost,delta,fold_2,1h,ppb
2026-08-14T14:30:00Z,1,69.28,72.39,64.1411739730835,5.1388260269165045,xgboost,delta,fold_2,1h,ppb
2026-08-14T14:45:00Z,1,65.11,72.06,62.65553337097168,2.4544666290283175,xgboost,delta,fold_2,1h,ppb
2026-08-14T15:00:00Z,1,61.9,71.62,65.05086957931519,-3.1508695793151915,xgboost,delta,fold_2,1h,ppb
2026-08-14T15:15:00Z,1,70.95,68.08,62.417406158447264,8.532593841552739,xgboost,delta,fold_2,1h,ppb
2026-08-14T15:30:00Z,1,72.11,69.28,62.482611446380616,9.627388553619383,xgboost,delta,fold_2,1h,ppb
2026-08-14T15:45:00Z,1,70.63,65.11,62.59831844329834,8.031681556701656,xgboost,delta,fold_2,1h,ppb
2026-08-14T16:00:00Z,1,70.88,61.9,58.42311086654663,12.456889133453366,xgboost,delta,fold_2,1h,ppb
2026-08-14T16:15:00Z,1,66.28,70.95,66.49356145858765,-0.2135614585876482,xgboost,delta,fold_2,1h,ppb
2026-08-14T16:30:00Z,1,61.48,72.11,66.62386499404907,-5.143864994049075,xgboost,delta,fold_2,1h,ppb
2026-08-14T16:45:00Z,1,61.2,70.63,66.84041321754455,-5.640413217544548,xgboost,delta,fold_2,1h,ppb
2026-08-14T17:00:00Z,1,60.82,70.88,66.1688102531433,-5.348810253143306,xgboost,delta,fold_2,1h,ppb
2026-08-14T17:15:00Z,1,60.26,66.28,64.90531113624573,-4.645311136245731,xgboost,delta,fold_2,1h,ppb
2026-08-14T17:30:00Z,1,66.46,61.48,63.43395302772522,3.026046972274777,xgboost,delta,fold_2,1h,ppb
2026-08-14T17:45:00Z,1,66.83,61.2,58.457201194763186,8.372798805236812,xgboost,delta,fold_2,1h,ppb
2026-08-14T18:00:00Z,1,65.55,60.82,59.215578384399414,6.334421615600583,xgboost,delta,fold_2,1h,ppb
2026-08-14T18:15:00Z,1,61.92,60.26,59.13742853164673,2.782571468353275,xgboost,delta,fold_2,1h,ppb
2026-08-14T18:30:00Z,1,62.59,66.46,64.28098460197448,-1.6909846019744776,xgboost,delta,fold_2,1h,ppb
2026-08-14T18:45:00Z,1,60.11,66.83,66.49916897892952,-6.3891689789295185,xgboost,delta,fold_2,1h,ppb
2026-08-14T19:00:00Z,1,64.79,65.55,66.63899021148681,-1.8489902114868073,xgboost,delta,fold_2,1h,ppb
2026-08-14T19:15:00Z,1,67.05,61.92,64.08558694839478,2.96441305160522,xgboost,delta,fold_2,1h,ppb
2026-08-14T19:30:00Z,1,60.82,62.59,64.44575914382935,-3.625759143829349,xgboost,delta,fold_2,1h,ppb
2026-08-14T19:45:00Z,1,60.86,60.11,63.03689895629883,-2.176898956298828,xgboost,delta,fold_2,1h,ppb
2026-08-14T20:00:00Z,1,60.92,64.79,64.53093762040139,-3.610937620401387,xgboost,delta,fold_2,1h,ppb
2026-08-14T20:15:00Z,1,61.03,67.05,68.31278007030487,-7.282780070304867,xgboost,delta,fold_2,1h,ppb
2026-08-14T20:30:00Z,1,62.01,60.82,66.21898824691772,-4.20898824691772,xgboost,delta,fold_2,1h,ppb
2026-08-14T20:45:00Z,1,56.74,60.86,61.98159478664398,-5.241594786643979,xgboost,delta,fold_2,1h,ppb
2026-08-14T21:00:00Z,1,53.71,60.92,61.03092195659876,-7.3209219565987596,xgboost,delta,fold_2,1h,ppb
2026-08-14T21:15:00Z,1,55.06,61.03,60.0273326921463,-4.9673326921463,xgboost,delta,fold_2,1h,ppb
2026-08-14T21:30:00Z,1,58.08,62.01,61.4194186425209,-3.3394186425209043,xgboost,delta,fold_2,1h,ppb
2026-08-14T21:45:00Z,1,61.06,56.74,61.7823378944397,-0.722337894439697,xgboost,delta,fold_2,1h,ppb
2026-08-14T22:00:00Z,1,63.26,53.71,58.13296075820923,5.127039241790769,xgboost,delta,fold_2,1h,ppb
2026-08-14T22:15:00Z,1,66.64,55.06,55.14495350927115,11.495046490728853,xgboost,delta,fold_2,1h,ppb
2026-08-14T22:30:00Z,1,67.18,58.08,57.45967449426651,9.720325505733499,xgboost,delta,fold_2,1h,ppb
2026-08-14T22:45:00Z,1,63.89,61.06,56.025904235839846,7.8640957641601545,xgboost,delta,fold_2,1h,ppb
2026-08-14T23:00:00Z,1,65.95,63.26,58.20089603424072,7.749103965759282,xgboost,delta,fold_2,1h,ppb
2026-08-14T23:15:00Z,1,64.55,66.64,61.61582721710205,2.934172782897946,xgboost,delta,fold_2,1h,ppb
2026-08-14T23:30:00Z,1,65.7,67.18,60.43285482406617,5.267145175933834,xgboost,delta,fold_2,1h,ppb
2026-08-14T23:45:00Z,1,64.64,63.89,59.52926982879639,5.110730171203613,xgboost,delta,fold_2,1h,ppb
2026-08-15T00:00:00Z,1,66.1,65.95,61.474580955505374,4.62541904449462,xgboost,delta,fold_2,1h,ppb
2026-08-15T00:15:00Z,1,68.39,64.55,62.49237232208252,5.897627677917484,xgboost,delta,fold_2,1h,ppb
2026-08-15T00:30:00Z,1,64.9,65.7,64.48536665439606,0.4146333456039457,xgboost,delta,fold_2,1h,ppb
2026-08-15T00:45:00Z,1,66.53,64.64,62.47986282348633,4.050137176513672,xgboost,delta,fold_2,1h,ppb
2026-08-15T01:00:00Z,1,66.02,66.1,63.66348395347595,2.3565160465240496,xgboost,delta,fold_2,1h,ppb
2026-08-15T01:15:00Z,1,62.3,68.39,65.9122589969635,-3.6122589969635044,xgboost,delta,fold_2,1h,ppb
2026-08-15T01:30:00Z,1,62.53,64.9,63.55913820266724,-1.0291382026672409,xgboost,delta,fold_2,1h,ppb
2026-08-15T01:45:00Z,1,61.58,66.53,63.784776000976564,-2.2047760009765653,xgboost,delta,fold_2,1h,ppb
2026-08-15T02:00:00Z,1,62.34,66.02,65.17198171138763,-2.831981711387627,xgboost,delta,fold_2,1h,ppb
2026-08-15T02:15:00Z,1,62.61,62.3,60.40013914108276,2.2098608589172386,xgboost,delta,fold_2,1h,ppb
2026-08-15T02:30:00Z,1,58.56,62.53,59.466562538146974,-0.9065625381469715,xgboost,delta,fold_2,1h,ppb
2026-08-15T02:45:00Z,1,61.81,61.58,59.31454904556274,2.49545095443726,xgboost,delta,fold_2,1h,ppb
2026-08-15T03:00:00Z,1,61.24,62.34,59.729820814132694,1.5101791858673081,xgboost,delta,fold_2,1h,ppb
2026-08-15T03:15:00Z,1,62.41,62.61,60.87789045333862,1.532109546661374,xgboost,delta,fold_2,1h,ppb
2026-08-15T03:30:00Z,1,63.72,58.56,59.32054549217224,4.399454507827755,xgboost,delta,fold_2,1h,ppb
2026-08-15T03:45:00Z,1,63.52,61.81,60.64365678787232,2.8763432121276864,xgboost,delta,fold_2,1h,ppb
2026-08-15T04:00:00Z,1,67.33,61.24,62.21545099258423,5.114549007415768,xgboost,delta,fold_2,1h,ppb
2026-08-15T04:15:00Z,1,71.46,62.41,60.59853092193603,10.861469078063962,xgboost,delta,fold_2,1h,ppb
2026-08-15T04:30:00Z,1,75.36,63.72,62.348726482391356,13.011273517608643,xgboost,delta,fold_2,1h,ppb
2026-08-15T04:45:00Z,1,75.47,63.52,62.54600771188736,12.923992288112636,xgboost,delta,fold_2,1h,ppb
2026-08-15T05:00:00Z,1,78.47,67.33,66.40966810464859,12.06033189535141,xgboost,delta,fold_2,1h,ppb
2026-08-15T05:15:00Z,1,79.02,71.46,70.40503343105316,8.61496656894684,xgboost,delta,fold_2,1h,ppb
2026-08-15T05:30:00Z,1,78.87,75.36,73.60388217926025,5.266117820739751,xgboost,delta,fold_2,1h,ppb
2026-08-15T05:45:00Z,1,83.35,75.47,73.07580444335937,10.27419555664062,xgboost,delta,fold_2,1h,ppb
2026-08-15T06:00:00Z,1,77.87,78.47,78.15082463741302,-0.2808246374130192,xgboost,delta,fold_2,1h,ppb
2026-08-15T06:15:00Z,1,77.36,79.02,79.55825801610946,-2.198258016109463,xgboost,delta,fold_2,1h,ppb
2026-08-15T06:30:00Z,1,79.84,78.87,77.30523526191712,2.5347647380828846,xgboost,delta,fold_2,1h,ppb
2026-08-15T06:45:00Z,1,73.52,83.35,81.3208912372589,-7.800891237258909,xgboost,delta,fold_2,1h,ppb
2026-08-15T07:00:00Z,1,77.61,77.87,78.49479174137116,-0.8847917413711599,xgboost,delta,fold_2,1h,ppb
2026-08-15T07:15:00Z,1,89.18,77.36,73.78684507369995,15.393154926300056,xgboost,delta,fold_2,1h,ppb
2026-08-15T07:30:00Z,1,75.48,79.84,75.59263929367066,-0.11263929367065373,xgboost,delta,fold_2,1h,ppb
2026-08-15T07:45:00Z,1,76.89,73.52,72.76265974760055,4.127340252399449,xgboost,delta,fold_2,1h,ppb
2026-08-15T08:00:00Z,1,70.72,77.61,74.05306397438049,-3.3330639743804937,xgboost,delta,fold_2,1h,ppb
2026-08-15T08:15:00Z,1,68.61,89.18,82.6446053314209,-14.034605331420906,xgboost,delta,fold_2,1h,ppb
2026-08-15T08:30:00Z,1,67.63,75.48,78.14606855392456,-10.516068553924569,xgboost,delta,fold_2,1h,ppb
2026-08-15T08:45:00Z,1,67.46,76.89,72.07116521835327,-4.611165218353278,xgboost,delta,fold_2,1h,ppb
2026-08-15T09:00:00Z,1,63.91,70.72,71.5250736784935,-7.615073678493502,xgboost,delta,fold_2,1h,ppb
2026-08-15T09:15:00Z,1,64.94,68.61,69.95239900112152,-5.012399001121523,xgboost,delta,fold_2,1h,ppb
2026-08-15T09:30:00Z,1,67.96,67.63,64.80680621147155,3.1531937885284407,xgboost,delta,fold_2,1h,ppb
2026-08-15T09:45:00Z,1,60.45,67.46,64.98003645896911,-4.530036458969107,xgboost,delta,fold_2,1h,ppb
2026-08-15T10:00:00Z,1,59.92,63.91,60.16945448875427,-0.24945448875426735,xgboost,delta,fold_2,1h,ppb
2026-08-15T10:15:00Z,1,62.83,64.94,59.7260312461853,3.103968753814698,xgboost,delta,fold_2,1h,ppb
2026-08-15T10:30:00Z,1,61.5,67.96,59.90520473480224,1.5947952651977602,xgboost,delta,fold_2,1h,ppb
2026-08-15T10:45:00Z,1,58.06,60.45,61.507622194290164,-3.4476221942901617,xgboost,delta,fold_2,1h,ppb
2026-08-15T11:00:00Z,1,58.67,59.92,60.19963125705719,-1.52963125705719,xgboost,delta,fold_2,1h,ppb
2026-08-15T11:15:00Z,1,60.33,62.83,59.67775710105896,0.65224289894104,xgboost,delta,fold_2,1h,ppb
2026-08-15T11:30:00Z,1,58.11,61.5,58.479681968688965,-0.3696819686889654,xgboost,delta,fold_2,1h,ppb
2026-08-15T11:45:00Z,1,60.08,58.06,56.99825423717499,3.0817457628250082,xgboost,delta,fold_2,1h,ppb
2026-08-15T12:00:00Z,1,56.55,58.67,56.17876832008362,0.3712316799163773,xgboost,delta,fold_2,1h,ppb
2026-08-15T12:15:00Z,1,58.75,60.33,58.06787832260132,0.6821216773986833,xgboost,delta,fold_2,1h,ppb
2026-08-15T12:30:00Z,1,62.14,58.11,58.80356566667557,3.3364343333244335,xgboost,delta,fold_2,1h,ppb
2026-08-15T12:45:00Z,1,60.59,60.08,59.21554739952087,1.374452600479131,xgboost,delta,fold_2,1h,ppb
2026-08-15T13:00:00Z,1,61.66,56.55,57.088287997245786,4.571712002754211,xgboost,delta,fold_2,1h,ppb
2026-08-15T13:15:00Z,1,59.57,58.75,57.729864716529846,1.840135283470154,xgboost,delta,fold_2,1h,ppb
2026-08-15T13:30:00Z,1,59.96,62.14,59.692916526794434,0.2670834732055667,xgboost,delta,fold_2,1h,ppb
2026-08-15T13:45:00Z,1,58.57,60.59,61.29443052053452,-2.7244305205345185,xgboost,delta,fold_2,1h,ppb
2026-08-15T14:00:00Z,1,55.1,61.66,57.078431282043454,-1.9784312820434522,xgboost,delta,fold_2,1h,ppb
2026-08-15T14:15:00Z,1,50.0,59.57,58.238132305145264,-8.238132305145264,xgboost,delta,fold_2,1h,ppb
2026-08-15T14:30:00Z,1,50.28,59.96,54.52824111938477,-4.248241119384765,xgboost,delta,fold_2,1h,ppb
2026-08-15T14:45:00Z,1,44.35,58.57,50.302123374938965,-5.952123374938964,xgboost,delta,fold_2,1h,ppb
2026-08-15T15:00:00Z,1,38.79,55.1,45.09362087249756,-6.303620872497561,xgboost,delta,fold_2,1h,ppb
2026-08-15T15:15:00Z,1,42.36,50.0,40.79821968078613,1.5617803192138666,xgboost,delta,fold_2,1h,ppb
2026-08-15T15:30:00Z,1,46.28,50.28,42.28989818572998,3.9901018142700195,xgboost,delta,fold_2,1h,ppb
2026-08-15T15:45:00Z,1,43.04,44.35,46.543663597106935,-3.503663597106936,xgboost,delta,fold_2,1h,ppb
2026-08-15T16:00:00Z,1,42.59,38.79,43.50082258224487,-0.9108225822448688,xgboost,delta,fold_2,1h,ppb
2026-08-15T16:15:00Z,1,42.11,42.36,43.490810141563415,-1.3808101415634155,xgboost,delta,fold_2,1h,ppb
2026-08-15T16:30:00Z,1,39.44,46.28,47.68512573719025,-8.24512573719025,xgboost,delta,fold_2,1h,ppb
2026-08-15T16:45:00Z,1,42.47,43.04,45.228923120498656,-2.7589231204986575,xgboost,delta,fold_2,1h,ppb
2026-08-15T17:00:00Z,1,52.16,42.59,46.929065551757816,5.230934448242181,xgboost,delta,fold_2,1h,ppb
2026-08-15T17:15:00Z,1,48.38,42.11,48.11367021560669,0.2663297843933137,xgboost,delta,fold_2,1h,ppb
2026-08-15T17:30:00Z,1,45.7,39.44,45.0854758644104,0.6145241355896047,xgboost,delta,fold_2,1h,ppb
2026-08-15T17:45:00Z,1,49.64,42.47,48.325434894561766,1.3145651054382341,xgboost,delta,fold_2,1h,ppb
2026-08-15T18:00:00Z,1,56.96,52.16,58.284924659729,-1.3249246597289996,xgboost,delta,fold_2,1h,ppb
2026-08-15T18:15:00Z,1,56.06,48.38,53.52623212814331,2.533767871856689,xgboost,delta,fold_2,1h,ppb
2026-08-15T18:30:00Z,1,54.96,45.7,51.48436803817749,3.4756319618225078,xgboost,delta,fold_2,1h,ppb
2026-08-15T18:45:00Z,1,58.35,49.64,53.58087767601013,4.769122323989869,xgboost,delta,fold_2,1h,ppb
2026-08-15T19:00:00Z,1,60.68,56.96,59.429751834869386,1.250248165130614,xgboost,delta,fold_2,1h,ppb
2026-08-15T19:15:00Z,1,52.01,56.06,58.26258951187134,-6.252589511871342,xgboost,delta,fold_2,1h,ppb
2026-08-15T19:30:00Z,1,51.98,54.96,57.248196563720704,-5.268196563720707,xgboost,delta,fold_2,1h,ppb
2026-08-15T19:45:00Z,1,59.29,58.35,56.39957592487335,2.8904240751266457,xgboost,delta,fold_2,1h,ppb
2026-08-15T20:00:00Z,1,58.24,60.68,58.09571235656738,0.14428764343261946,xgboost,delta,fold_2,1h,ppb
2026-08-15T20:15:00Z,1,58.81,52.01,53.3013498878479,5.508650112152104,xgboost,delta,fold_2,1h,ppb
2026-08-15T20:30:00Z,1,52.45,51.98,52.91704932928085,-0.4670493292808473,xgboost,delta,fold_2,1h,ppb
2026-08-15T20:45:00Z,1,51.19,59.29,56.54570583343506,-5.35570583343506,xgboost,delta,fold_2,1h,ppb
2026-08-15T21:00:00Z,1,55.02,58.24,57.09918939113617,-2.0791893911361683,xgboost,delta,fold_2,1h,ppb
2026-08-15T21:15:00Z,1,56.93,58.81,56.03674536705017,0.8932546329498265,xgboost,delta,fold_2,1h,ppb
2026-08-15T21:30:00Z,1,56.08,52.45,53.11313767433167,2.9668623256683304,xgboost,delta,fold_2,1h,ppb
2026-08-15T21:45:00Z,1,56.68,51.19,51.28864870458841,5.391351295411589,xgboost,delta,fold_2,1h,ppb
2026-08-15T22:00:00Z,1,54.6,55.02,52.29629017829895,2.303709821701048,xgboost,delta,fold_2,1h,ppb
2026-08-15T22:15:00Z,1,53.13,56.93,53.160084896087646,-0.030084896087643642,xgboost,delta,fold_2,1h,ppb
2026-08-15T22:30:00Z,1,54.81,56.08,55.94322337388992,-1.1332233738899191,xgboost,delta,fold_2,1h,ppb
2026-08-15T22:45:00Z,1,52.71,56.68,53.644603185653686,-0.9346031856536854,xgboost,delta,fold_2,1h,ppb
2026-08-15T23:00:00Z,1,55.7,54.6,53.73080579042435,1.9691942095756545,xgboost,delta,fold_2,1h,ppb
2026-08-15T23:15:00Z,1,56.93,53.13,49.935740118026736,6.994259881973264,xgboost,delta,fold_2,1h,ppb
2026-08-15T23:30:00Z,1,62.43,54.81,49.72182947158814,12.708170528411863,xgboost,delta,fold_2,1h,ppb
2026-08-15T23:45:00Z,1,64.04,52.71,50.12355633735657,13.916443662643438,xgboost,delta,fold_2,1h,ppb
2026-08-14T00:00:00Z,1,50.73,51.84,48.05597161694435,2.6740283830556493,lightgbm,absolute,fold_2,1h,ppb
2026-08-14T00:15:00Z,1,54.17,50.6,48.62321051787384,5.546789482126165,lightgbm,absolute,fold_2,1h,ppb
2026-08-14T00:30:00Z,1,52.26,46.86,46.476302411461056,5.783697588538942,lightgbm,absolute,fold_2,1h,ppb
2026-08-14T00:45:00Z,1,55.75,46.9,46.54687071243914,9.203129287560863,lightgbm,absolute,fold_2,1h,ppb
2026-08-14T01:00:00Z,1,55.64,50.73,47.94706959316375,7.692930406836254,lightgbm,absolute,fold_2,1h,ppb
2026-08-14T01:15:00Z,1,55.45,54.17,54.05235002079472,1.3976499792052834,lightgbm,absolute,fold_2,1h,ppb
2026-08-14T01:30:00Z,1,55.32,52.26,49.89812702012504,5.421872979874962,lightgbm,absolute,fold_2,1h,ppb
2026-08-14T01:45:00Z,1,56.2,55.75,52.246175267801966,3.9538247321980364,lightgbm,absolute,fold_2,1h,ppb
2026-08-14T02:00:00Z,1,59.28,55.64,54.985025766741565,4.294974233258436,lightgbm,absolute,fold_2,1h,ppb
2026-08-14T02:15:00Z,1,58.89,55.45,52.50325685885014,6.386743141149857,lightgbm,absolute,fold_2,1h,ppb
2026-08-14T02:30:00Z,1,58.46,55.32,52.67546971786374,5.784530282136259,lightgbm,absolute,fold_2,1h,ppb
2026-08-14T02:45:00Z,1,56.52,56.2,55.19708553875952,1.3229144612404866,lightgbm,absolute,fold_2,1h,ppb
2026-08-14T03:00:00Z,1,59.14,59.28,55.92046026368368,3.219539736316321,lightgbm,absolute,fold_2,1h,ppb
2026-08-14T03:15:00Z,1,61.44,58.89,56.99312266697284,4.44687733302716,lightgbm,absolute,fold_2,1h,ppb
2026-08-14T03:30:00Z,1,63.72,58.46,58.059727024869915,5.660272975130084,lightgbm,absolute,fold_2,1h,ppb
2026-08-14T03:45:00Z,1,65.94,56.52,58.71776015328892,7.222239846711076,lightgbm,absolute,fold_2,1h,ppb
2026-08-14T04:00:00Z,1,65.1,59.14,66.15240693760595,-1.0524069376059515,lightgbm,absolute,fold_2,1h,ppb
2026-08-14T04:15:00Z,1,68.51,61.44,67.4964128300187,1.0135871699813066,lightgbm,absolute,fold_2,1h,ppb
2026-08-14T04:30:00Z,1,69.36,63.72,69.42897802681932,-0.06897802681932319,lightgbm,absolute,fold_2,1h,ppb
2026-08-14T04:45:00Z,1,71.93,65.94,69.49368984805386,2.436310151946145,lightgbm,absolute,fold_2,1h,ppb
2026-08-14T05:00:00Z,1,70.96,65.1,71.29467088375016,-0.33467088375016374,lightgbm,absolute,fold_2,1h,ppb
2026-08-14T05:15:00Z,1,72.37,68.51,70.77804553320813,1.5919544667918757,lightgbm,absolute,fold_2,1h,ppb
2026-08-14T05:30:00Z,1,75.49,69.36,73.00437268001735,2.4856273199826404,lightgbm,absolute,fold_2,1h,ppb
2026-08-14T05:45:00Z,1,77.66,71.93,76.06923457730122,1.5907654226987802,lightgbm,absolute,fold_2,1h,ppb
2026-08-14T06:00:00Z,1,76.59,70.96,78.31658590571811,-1.7265859057181103,lightgbm,absolute,fold_2,1h,ppb
2026-08-14T06:15:00Z,1,82.2,72.37,78.96875885644508,3.231241143554925,lightgbm,absolute,fold_2,1h,ppb
2026-08-14T06:30:00Z,1,84.8,75.49,79.07603939502593,5.723960604974067,lightgbm,absolute,fold_2,1h,ppb
2026-08-14T06:45:00Z,1,81.27,77.66,78.90113443128155,2.368865568718448,lightgbm,absolute,fold_2,1h,ppb
2026-08-14T07:00:00Z,1,85.15,76.59,79.69696650533827,5.453033494661739,lightgbm,absolute,fold_2,1h,ppb
2026-08-14T07:15:00Z,1,85.09,82.2,80.38280091892598,4.707199081074023,lightgbm,absolute,fold_2,1h,ppb
2026-08-14T07:30:00Z,1,81.1,84.8,79.15572660246082,1.9442733975391775,lightgbm,absolute,fold_2,1h,ppb
2026-08-14T07:45:00Z,1,75.37,81.27,79.54772165453463,-4.177721654534622,lightgbm,absolute,fold_2,1h,ppb
2026-08-14T08:00:00Z,1,76.54,85.15,80.40326529622921,-3.8632652962292013,lightgbm,absolute,fold_2,1h,ppb
2026-08-14T08:15:00Z,1,70.15,85.09,79.2291762668853,-9.079176266885298,lightgbm,absolute,fold_2,1h,ppb
2026-08-14T08:30:00Z,1,70.49,81.1,77.00706615366464,-6.5170661536646435,lightgbm,absolute,fold_2,1h,ppb
2026-08-14T08:45:00Z,1,73.01,75.37,75.36406458324306,-2.3540645832430585,lightgbm,absolute,fold_2,1h,ppb
2026-08-14T09:00:00Z,1,71.21,76.54,70.29345967910969,0.9165403208903058,lightgbm,absolute,fold_2,1h,ppb
2026-08-14T09:15:00Z,1,69.34,70.15,69.58253928690256,-0.24253928690255577,lightgbm,absolute,fold_2,1h,ppb
2026-08-14T09:30:00Z,1,69.63,70.49,67.25990333100738,2.370096668992616,lightgbm,absolute,fold_2,1h,ppb
2026-08-14T09:45:00Z,1,66.46,73.01,65.08096132868599,1.3790386713140066,lightgbm,absolute,fold_2,1h,ppb
2026-08-14T10:00:00Z,1,68.05,71.21,64.12040891292769,3.9295910870723105,lightgbm,absolute,fold_2,1h,ppb
2026-08-14T10:15:00Z,1,72.85,69.34,64.34935806133562,8.500641938664373,lightgbm,absolute,fold_2,1h,ppb
2026-08-14T10:30:00Z,1,72.55,69.63,63.46933796320712,9.08066203679288,lightgbm,absolute,fold_2,1h,ppb
2026-08-14T10:45:00Z,1,72.41,66.46,61.64855708247656,10.76144291752344,lightgbm,absolute,fold_2,1h,ppb
2026-08-14T11:00:00Z,1,69.86,68.05,61.756992938168416,8.103007061831583,lightgbm,absolute,fold_2,1h,ppb
2026-08-14T11:15:00Z,1,67.39,72.85,61.89923229753202,5.490767702467977,lightgbm,absolute,fold_2,1h,ppb
2026-08-14T11:30:00Z,1,67.0,72.55,62.32819034452025,4.671809655479748,lightgbm,absolute,fold_2,1h,ppb
2026-08-14T11:45:00Z,1,71.15,72.41,64.2931974422065,6.8568025577935,lightgbm,absolute,fold_2,1h,ppb
2026-08-14T12:00:00Z,1,73.54,69.86,63.5148837279842,10.025116272015808,lightgbm,absolute,fold_2,1h,ppb
2026-08-14T12:15:00Z,1,68.46,67.39,64.4123427474373,4.047657252562701,lightgbm,absolute,fold_2,1h,ppb
2026-08-14T12:30:00Z,1,71.74,67.0,64.07831350603949,7.661686493960502,lightgbm,absolute,fold_2,1h,ppb
2026-08-14T12:45:00Z,1,68.38,71.15,63.20076985288559,5.179230147114403,lightgbm,absolute,fold_2,1h,ppb
2026-08-14T13:00:00Z,1,71.66,73.54,63.65678271663818,8.003217283361813,lightgbm,absolute,fold_2,1h,ppb
2026-08-14T13:15:00Z,1,65.99,68.46,65.17265769635395,0.8173423036460434,lightgbm,absolute,fold_2,1h,ppb
2026-08-14T13:30:00Z,1,72.39,71.74,64.5748247754648,7.815175224535196,lightgbm,absolute,fold_2,1h,ppb
2026-08-14T13:45:00Z,1,72.06,68.38,64.38326732159312,7.676732678406879,lightgbm,absolute,fold_2,1h,ppb
2026-08-14T14:00:00Z,1,71.62,71.66,63.1760470280061,8.443952971993902,lightgbm,absolute,fold_2,1h,ppb
2026-08-14T14:15:00Z,1,68.08,65.99,62.92652147342489,5.153478526575107,lightgbm,absolute,fold_2,1h,ppb
2026-08-14T14:30:00Z,1,69.28,72.39,61.50562090240416,7.7743790975958404,lightgbm,absolute,fold_2,1h,ppb
2026-08-14T14:45:00Z,1,65.11,72.06,60.67082458484855,4.439175415151446,lightgbm,absolute,fold_2,1h,ppb
2026-08-14T15:00:00Z,1,61.9,71.62,63.26178104743697,-1.3617810474369705,lightgbm,absolute,fold_2,1h,ppb
2026-08-14T15:15:00Z,1,70.95,68.08,63.469017251302795,7.480982748697208,lightgbm,absolute,fold_2,1h,ppb
2026-08-14T15:30:00Z,1,72.11,69.28,61.902966153765604,10.207033846234395,lightgbm,absolute,fold_2,1h,ppb
2026-08-14T15:45:00Z,1,70.63,65.11,62.28840901174603,8.341590988253962,lightgbm,absolute,fold_2,1h,ppb
2026-08-14T16:00:00Z,1,70.88,61.9,59.56750491495043,11.312495085049562,lightgbm,absolute,fold_2,1h,ppb
2026-08-14T16:15:00Z,1,66.28,70.95,62.74731799457213,3.5326820054278727,lightgbm,absolute,fold_2,1h,ppb
2026-08-14T16:30:00Z,1,61.48,72.11,62.42920285952784,-0.9492028595278441,lightgbm,absolute,fold_2,1h,ppb
2026-08-14T16:45:00Z,1,61.2,70.63,63.265228045841035,-2.0652280458410317,lightgbm,absolute,fold_2,1h,ppb
2026-08-14T17:00:00Z,1,60.82,70.88,63.50999381805629,-2.689993818056287,lightgbm,absolute,fold_2,1h,ppb
2026-08-14T17:15:00Z,1,60.26,66.28,63.040884911494565,-2.7808849114945673,lightgbm,absolute,fold_2,1h,ppb
2026-08-14T17:30:00Z,1,66.46,61.48,59.666896153572246,6.793103846427748,lightgbm,absolute,fold_2,1h,ppb
2026-08-14T17:45:00Z,1,66.83,61.2,58.10188667497708,8.728113325022917,lightgbm,absolute,fold_2,1h,ppb
2026-08-14T18:00:00Z,1,65.55,60.82,58.98912529130521,6.56087470869479,lightgbm,absolute,fold_2,1h,ppb
2026-08-14T18:15:00Z,1,61.92,60.26,56.249139623606744,5.670860376393257,lightgbm,absolute,fold_2,1h,ppb
2026-08-14T18:30:00Z,1,62.59,66.46,61.41233015061126,1.1776698493887423,lightgbm,absolute,fold_2,1h,ppb
2026-08-14T18:45:00Z,1,60.11,66.83,62.9434347647282,-2.833434764728203,lightgbm,absolute,fold_2,1h,ppb
2026-08-14T19:00:00Z,1,64.79,65.55,64.31522328106696,0.4747767189330432,lightgbm,absolute,fold_2,1h,ppb
2026-08-14T19:15:00Z,1,67.05,61.92,62.349594490328215,4.700405509671782,lightgbm,absolute,fold_2,1h,ppb
2026-08-14T19:30:00Z,1,60.82,62.59,61.04417550021667,-0.224175500216667,lightgbm,absolute,fold_2,1h,ppb
2026-08-14T19:45:00Z,1,60.86,60.11,60.19838562005806,0.6616143799419376,lightgbm,absolute,fold_2,1h,ppb
2026-08-14T20:00:00Z,1,60.92,64.79,62.374580066609,-1.4545800666089974,lightgbm,absolute,fold_2,1h,ppb
2026-08-14T20:15:00Z,1,61.03,67.05,62.91027267888805,-1.8802726788880477,lightgbm,absolute,fold_2,1h,ppb
2026-08-14T20:30:00Z,1,62.01,60.82,60.68009225344291,1.3299077465570903,lightgbm,absolute,fold_2,1h,ppb
2026-08-14T20:45:00Z,1,56.74,60.86,60.26000561511402,-3.520005615114016,lightgbm,absolute,fold_2,1h,ppb
2026-08-14T21:00:00Z,1,53.71,60.92,58.99952126207941,-5.289521262079411,lightgbm,absolute,fold_2,1h,ppb
2026-08-14T21:15:00Z,1,55.06,61.03,56.948086992709996,-1.8880869927099937,lightgbm,absolute,fold_2,1h,ppb
2026-08-14T21:30:00Z,1,58.08,62.01,57.74117767300015,0.33882232699984627,lightgbm,absolute,fold_2,1h,ppb
2026-08-14T21:45:00Z,1,61.06,56.74,56.32464490061062,4.7353550993893805,lightgbm,absolute,fold_2,1h,ppb
2026-08-14T22:00:00Z,1,63.26,53.71,55.554136711170216,7.705863288829782,lightgbm,absolute,fold_2,1h,ppb
2026-08-14T22:15:00Z,1,66.64,55.06,54.05593922579386,12.584060774206144,lightgbm,absolute,fold_2,1h,ppb
2026-08-14T22:30:00Z,1,67.18,58.08,55.053776925220774,12.126223074779233,lightgbm,absolute,fold_2,1h,ppb
2026-08-14T22:45:00Z,1,63.89,61.06,54.77540314119579,9.114596858804212,lightgbm,absolute,fold_2,1h,ppb
2026-08-14T23:00:00Z,1,65.95,63.26,53.8050115747265,12.144988425273503,lightgbm,absolute,fold_2,1h,ppb
2026-08-14T23:15:00Z,1,64.55,66.64,58.10884596478088,6.441154035219114,lightgbm,absolute,fold_2,1h,ppb
2026-08-14T23:30:00Z,1,65.7,67.18,56.961795317809205,8.738204682190798,lightgbm,absolute,fold_2,1h,ppb
2026-08-14T23:45:00Z,1,64.64,63.89,55.898634197505935,8.741365802494066,lightgbm,absolute,fold_2,1h,ppb
2026-08-15T00:00:00Z,1,66.1,65.95,62.22619375810937,3.8738062418906267,lightgbm,absolute,fold_2,1h,ppb
2026-08-15T00:15:00Z,1,68.39,64.55,60.65178139612981,7.7382186038701875,lightgbm,absolute,fold_2,1h,ppb
2026-08-15T00:30:00Z,1,64.9,65.7,61.207597608987165,3.692402391012841,lightgbm,absolute,fold_2,1h,ppb
2026-08-15T00:45:00Z,1,66.53,64.64,62.695766885018614,3.8342331149813873,lightgbm,absolute,fold_2,1h,ppb
2026-08-15T01:00:00Z,1,66.02,66.1,62.55884134458117,3.461158655418828,lightgbm,absolute,fold_2,1h,ppb
2026-08-15T01:15:00Z,1,62.3,68.39,63.892603078971334,-1.5926030789713366,lightgbm,absolute,fold_2,1h,ppb
2026-08-15T01:30:00Z,1,62.53,64.9,62.90626616011413,-0.3762661601141275,lightgbm,absolute,fold_2,1h,ppb
2026-08-15T01:45:00Z,1,61.58,66.53,62.21896812329131,-0.6389681232913134,lightgbm,absolute,fold_2,1h,ppb
2026-08-15T02:00:00Z,1,62.34,66.02,61.44510016340336,0.8948998365966432,lightgbm,absolute,fold_2,1h,ppb
2026-08-15T02:15:00Z,1,62.61,62.3,58.93331257084776,3.6766874291522385,lightgbm,absolute,fold_2,1h,ppb
2026-08-15T02:30:00Z,1,58.56,62.53,58.75163589650673,-0.19163589650672463,lightgbm,absolute,fold_2,1h,ppb
2026-08-15T02:45:00Z,1,61.81,61.58,57.99220395371658,3.8177960462834193,lightgbm,absolute,fold_2,1h,ppb
2026-08-15T03:00:00Z,1,61.24,62.34,60.81486324406719,0.42513675593281164,lightgbm,absolute,fold_2,1h,ppb
2026-08-15T03:15:00Z,1,62.41,62.61,60.69107476773923,1.7189252322607658,lightgbm,absolute,fold_2,1h,ppb
2026-08-15T03:30:00Z,1,63.72,58.56,59.427469743165254,4.292530256834745,lightgbm,absolute,fold_2,1h,ppb
2026-08-15T03:45:00Z,1,63.52,61.81,59.4487193366833,4.071280663316706,lightgbm,absolute,fold_2,1h,ppb
2026-08-15T04:00:00Z,1,67.33,61.24,66.16246238024289,1.1675376197571126,lightgbm,absolute,fold_2,1h,ppb
2026-08-15T04:15:00Z,1,71.46,62.41,67.56054496986023,3.8994550301397624,lightgbm,absolute,fold_2,1h,ppb
2026-08-15T04:30:00Z,1,75.36,63.72,69.31419333330946,6.045806666690538,lightgbm,absolute,fold_2,1h,ppb
2026-08-15T04:45:00Z,1,75.47,63.52,69.00625603633186,6.463743963668136,lightgbm,absolute,fold_2,1h,ppb
2026-08-15T05:00:00Z,1,78.47,67.33,70.05134684285261,8.41865315714739,lightgbm,absolute,fold_2,1h,ppb
2026-08-15T05:15:00Z,1,79.02,71.46,72.55153026004892,6.468469739951075,lightgbm,absolute,fold_2,1h,ppb
2026-08-15T05:30:00Z,1,78.87,75.36,73.81180904468091,5.058190955319091,lightgbm,absolute,fold_2,1h,ppb
2026-08-15T05:45:00Z,1,83.35,75.47,74.75264114963299,8.597358850367002,lightgbm,absolute,fold_2,1h,ppb
2026-08-15T06:00:00Z,1,77.87,78.47,76.45118290930817,1.4188170906918316,lightgbm,absolute,fold_2,1h,ppb
2026-08-15T06:15:00Z,1,77.36,79.02,77.11990084447802,0.2400991555219747,lightgbm,absolute,fold_2,1h,ppb
2026-08-15T06:30:00Z,1,79.84,78.87,77.40684766298688,2.4331523370131265,lightgbm,absolute,fold_2,1h,ppb
2026-08-15T06:45:00Z,1,73.52,83.35,78.0444409795327,-4.524440979532699,lightgbm,absolute,fold_2,1h,ppb
2026-08-15T07:00:00Z,1,77.61,77.87,78.91591529157297,-1.3059152915729726,lightgbm,absolute,fold_2,1h,ppb
2026-08-15T07:15:00Z,1,89.18,77.36,76.54301241777698,12.636987582223028,lightgbm,absolute,fold_2,1h,ppb
2026-08-15T07:30:00Z,1,75.48,79.84,75.6952639313271,-0.21526393132710098,lightgbm,absolute,fold_2,1h,ppb
2026-08-15T07:45:00Z,1,76.89,73.52,76.20417681286872,0.6858231871312768,lightgbm,absolute,fold_2,1h,ppb
2026-08-15T08:00:00Z,1,70.72,77.61,72.27242658321806,-1.5524265832180646,lightgbm,absolute,fold_2,1h,ppb
2026-08-15T08:15:00Z,1,68.61,89.18,71.93871007853366,-3.3287100785336605,lightgbm,absolute,fold_2,1h,ppb
2026-08-15T08:30:00Z,1,67.63,75.48,74.09995118210733,-6.469951182107337,lightgbm,absolute,fold_2,1h,ppb
2026-08-15T08:45:00Z,1,67.46,76.89,70.86986174582167,-3.4098617458216722,lightgbm,absolute,fold_2,1h,ppb
2026-08-15T09:00:00Z,1,63.91,70.72,68.8248416632015,-4.9148416632015,lightgbm,absolute,fold_2,1h,ppb
2026-08-15T09:15:00Z,1,64.94,68.61,67.78491480090722,-2.844914800907219,lightgbm,absolute,fold_2,1h,ppb
2026-08-15T09:30:00Z,1,67.96,67.63,63.68956756796069,4.270432432039307,lightgbm,absolute,fold_2,1h,ppb
2026-08-15T09:45:00Z,1,60.45,67.46,63.453219372000106,-3.0032193720001032,lightgbm,absolute,fold_2,1h,ppb
2026-08-15T10:00:00Z,1,59.92,63.91,59.92804321402182,-0.008043214021817846,lightgbm,absolute,fold_2,1h,ppb
2026-08-15T10:15:00Z,1,62.83,64.94,59.74604146577632,3.083958534223676,lightgbm,absolute,fold_2,1h,ppb
2026-08-15T10:30:00Z,1,61.5,67.96,59.97549433478152,1.5245056652184772,lightgbm,absolute,fold_2,1h,ppb
2026-08-15T10:45:00Z,1,58.06,60.45,58.62864617365526,-0.5686461736552602,lightgbm,absolute,fold_2,1h,ppb
2026-08-15T11:00:00Z,1,58.67,59.92,60.34651244969902,-1.6765124496990182,lightgbm,absolute,fold_2,1h,ppb
2026-08-15T11:15:00Z,1,60.33,62.83,57.892171188726024,2.437828811273974,lightgbm,absolute,fold_2,1h,ppb
2026-08-15T11:30:00Z,1,58.11,61.5,57.92352827545384,0.18647172454615912,lightgbm,absolute,fold_2,1h,ppb
2026-08-15T11:45:00Z,1,60.08,58.06,60.194020525641974,-0.11402052564197618,lightgbm,absolute,fold_2,1h,ppb
2026-08-15T12:00:00Z,1,56.55,58.67,56.95599064389138,-0.4059906438913856,lightgbm,absolute,fold_2,1h,ppb
2026-08-15T12:15:00Z,1,58.75,60.33,58.658617861939085,0.091382138060915,lightgbm,absolute,fold_2,1h,ppb
2026-08-15T12:30:00Z,1,62.14,58.11,58.54320583620861,3.596794163791394,lightgbm,absolute,fold_2,1h,ppb
2026-08-15T12:45:00Z,1,60.59,60.08,59.93621304681215,0.6537869531878542,lightgbm,absolute,fold_2,1h,ppb
2026-08-15T13:00:00Z,1,61.66,56.55,58.013928042969255,3.646071957030742,lightgbm,absolute,fold_2,1h,ppb
2026-08-15T13:15:00Z,1,59.57,58.75,57.985913861955446,1.5840861380445546,lightgbm,absolute,fold_2,1h,ppb
2026-08-15T13:30:00Z,1,59.96,62.14,58.0458821019591,1.9141178980408995,lightgbm,absolute,fold_2,1h,ppb
2026-08-15T13:45:00Z,1,58.57,60.59,58.64125279498311,-0.07125279498310988,lightgbm,absolute,fold_2,1h,ppb
2026-08-15T14:00:00Z,1,55.1,61.66,56.647641144399564,-1.547641144399563,lightgbm,absolute,fold_2,1h,ppb
2026-08-15T14:15:00Z,1,50.0,59.57,55.17943207022523,-5.179432070225232,lightgbm,absolute,fold_2,1h,ppb
2026-08-15T14:30:00Z,1,50.28,59.96,51.4437054138827,-1.1637054138826954,lightgbm,absolute,fold_2,1h,ppb
2026-08-15T14:45:00Z,1,44.35,58.57,46.91164915482653,-2.561649154826526,lightgbm,absolute,fold_2,1h,ppb
2026-08-15T15:00:00Z,1,38.79,55.1,44.78855429253761,-5.998554292537612,lightgbm,absolute,fold_2,1h,ppb
2026-08-15T15:15:00Z,1,42.36,50.0,45.488079173611446,-3.1280791736114466,lightgbm,absolute,fold_2,1h,ppb
2026-08-15T15:30:00Z,1,46.28,50.28,45.617799847554785,0.6622001524452159,lightgbm,absolute,fold_2,1h,ppb
2026-08-15T15:45:00Z,1,43.04,44.35,43.71790946931578,-0.6779094693157788,lightgbm,absolute,fold_2,1h,ppb
2026-08-15T16:00:00Z,1,42.59,38.79,40.709627440208436,1.8803725597915673,lightgbm,absolute,fold_2,1h,ppb
2026-08-15T16:15:00Z,1,42.11,42.36,43.2107188542624,-1.1007188542624036,lightgbm,absolute,fold_2,1h,ppb
2026-08-15T16:30:00Z,1,39.44,46.28,44.38035719855846,-4.940357198558459,lightgbm,absolute,fold_2,1h,ppb
2026-08-15T16:45:00Z,1,42.47,43.04,44.48420649270192,-2.0142064927019234,lightgbm,absolute,fold_2,1h,ppb
2026-08-15T17:00:00Z,1,52.16,42.59,46.6776433810442,5.482356618955798,lightgbm,absolute,fold_2,1h,ppb
2026-08-15T17:15:00Z,1,48.38,42.11,49.18142400275224,-0.8014240027522348,lightgbm,absolute,fold_2,1h,ppb
2026-08-15T17:30:00Z,1,45.7,39.44,48.07779090165675,-2.377790901656745,lightgbm,absolute,fold_2,1h,ppb
2026-08-15T17:45:00Z,1,49.64,42.47,48.38759431250666,1.2524056874933436,lightgbm,absolute,fold_2,1h,ppb
2026-08-15T18:00:00Z,1,56.96,52.16,52.29694456341789,4.663055436582113,lightgbm,absolute,fold_2,1h,ppb
2026-08-15T18:15:00Z,1,56.06,48.38,53.629689331357454,2.430310668642548,lightgbm,absolute,fold_2,1h,ppb
2026-08-15T18:30:00Z,1,54.96,45.7,55.75329581968983,-0.7932958196898312,lightgbm,absolute,fold_2,1h,ppb
2026-08-15T18:45:00Z,1,58.35,49.64,57.44634326843566,0.9036567315643396,lightgbm,absolute,fold_2,1h,ppb
2026-08-15T19:00:00Z,1,60.68,56.96,59.64858663526495,1.0314133647350516,lightgbm,absolute,fold_2,1h,ppb
2026-08-15T19:15:00Z,1,52.01,56.06,58.64824231531348,-6.638242315313484,lightgbm,absolute,fold_2,1h,ppb
2026-08-15T19:30:00Z,1,51.98,54.96,57.65407251289691,-5.674072512896913,lightgbm,absolute,fold_2,1h,ppb
2026-08-15T19:45:00Z,1,59.29,58.35,56.10910193048069,3.1808980695193085,lightgbm,absolute,fold_2,1h,ppb
2026-08-15T20:00:00Z,1,58.24,60.68,57.96156456064977,0.2784354393502326,lightgbm,absolute,fold_2,1h,ppb
2026-08-15T20:15:00Z,1,58.81,52.01,52.34625945456671,6.463740545433289,lightgbm,absolute,fold_2,1h,ppb
2026-08-15T20:30:00Z,1,52.45,51.98,52.11224451872435,0.33775548127565,lightgbm,absolute,fold_2,1h,ppb
2026-08-15T20:45:00Z,1,51.19,59.29,52.468486660330285,-1.2784866603302874,lightgbm,absolute,fold_2,1h,ppb
2026-08-15T21:00:00Z,1,55.02,58.24,53.148505308995084,1.8714946910049193,lightgbm,absolute,fold_2,1h,ppb
2026-08-15T21:15:00Z,1,56.93,58.81,52.360137189035036,4.569862810964963,lightgbm,absolute,fold_2,1h,ppb
2026-08-15T21:30:00Z,1,56.08,52.45,52.41725559459909,3.6627444054009075,lightgbm,absolute,fold_2,1h,ppb
2026-08-15T21:45:00Z,1,56.68,51.19,47.09875568913072,9.58124431086928,lightgbm,absolute,fold_2,1h,ppb
2026-08-15T22:00:00Z,1,54.6,55.02,51.89399003405469,2.706009965945313,lightgbm,absolute,fold_2,1h,ppb
2026-08-15T22:15:00Z,1,53.13,56.93,53.89583517034287,-0.7658351703428679,lightgbm,absolute,fold_2,1h,ppb
2026-08-15T22:30:00Z,1,54.81,56.08,53.96260604989339,0.8473939501066141,lightgbm,absolute,fold_2,1h,ppb
2026-08-15T22:45:00Z,1,52.71,56.68,55.36897707008498,-2.6589770700849797,lightgbm,absolute,fold_2,1h,ppb
2026-08-15T23:00:00Z,1,55.7,54.6,51.325291266120544,4.374708733879459,lightgbm,absolute,fold_2,1h,ppb
2026-08-15T23:15:00Z,1,56.93,53.13,50.40722155509974,6.522778444900261,lightgbm,absolute,fold_2,1h,ppb
2026-08-15T23:30:00Z,1,62.43,54.81,48.77538131233211,13.654618687667892,lightgbm,absolute,fold_2,1h,ppb
2026-08-15T23:45:00Z,1,64.04,52.71,49.84512193423137,14.194878065768634,lightgbm,absolute,fold_2,1h,ppb
2026-08-14T00:00:00Z,1,50.73,51.84,51.821378642447335,-1.0913786424473386,lightgbm,delta,fold_2,1h,ppb
2026-08-14T00:15:00Z,1,54.17,50.6,52.30624780798931,1.8637521920106934,lightgbm,delta,fold_2,1h,ppb
2026-08-14T00:30:00Z,1,52.26,46.86,48.4246544453217,3.835345554678298,lightgbm,delta,fold_2,1h,ppb
2026-08-14T00:45:00Z,1,55.75,46.9,47.19482051016227,8.555179489837727,lightgbm,delta,fold_2,1h,ppb
2026-08-14T01:00:00Z,1,55.64,50.73,49.83941214929561,5.800587850704389,lightgbm,delta,fold_2,1h,ppb
2026-08-14T01:15:00Z,1,55.45,54.17,52.751614320801416,2.698385679198587,lightgbm,delta,fold_2,1h,ppb
2026-08-14T01:30:00Z,1,55.32,52.26,54.69491148509481,0.6250885149051868,lightgbm,delta,fold_2,1h,ppb
2026-08-14T01:45:00Z,1,56.2,55.75,53.07145418837233,3.1285458116276743,lightgbm,delta,fold_2,1h,ppb
2026-08-14T02:00:00Z,1,59.28,55.64,53.221680238813015,6.058319761186986,lightgbm,delta,fold_2,1h,ppb
2026-08-14T02:15:00Z,1,58.89,55.45,51.457059554315975,7.432940445684025,lightgbm,delta,fold_2,1h,ppb
2026-08-14T02:30:00Z,1,58.46,55.32,49.902718274136944,8.557281725863056,lightgbm,delta,fold_2,1h,ppb
2026-08-14T02:45:00Z,1,56.52,56.2,51.261919625374134,5.2580803746258695,lightgbm,delta,fold_2,1h,ppb
2026-08-14T03:00:00Z,1,59.14,59.28,53.55895696609477,5.581043033905232,lightgbm,delta,fold_2,1h,ppb
2026-08-14T03:15:00Z,1,61.44,58.89,53.380427353740515,8.059572646259483,lightgbm,delta,fold_2,1h,ppb
2026-08-14T03:30:00Z,1,63.72,58.46,54.7718157874202,8.948184212579797,lightgbm,delta,fold_2,1h,ppb
2026-08-14T03:45:00Z,1,65.94,56.52,54.31859821106883,11.621401788931166,lightgbm,delta,fold_2,1h,ppb
2026-08-14T04:00:00Z,1,65.1,59.14,58.46517008993482,6.6348299100651715,lightgbm,delta,fold_2,1h,ppb
2026-08-14T04:15:00Z,1,68.51,61.44,59.402884960462735,9.10711503953727,lightgbm,delta,fold_2,1h,ppb
2026-08-14T04:30:00Z,1,69.36,63.72,66.4534584091494,2.906541590850594,lightgbm,delta,fold_2,1h,ppb
2026-08-14T04:45:00Z,1,71.93,65.94,67.33291238157773,4.597087618422279,lightgbm,delta,fold_2,1h,ppb
2026-08-14T05:00:00Z,1,70.96,65.1,69.28941516764618,1.6705848323538106,lightgbm,delta,fold_2,1h,ppb
2026-08-14T05:15:00Z,1,72.37,68.51,72.54878459095238,-0.1787845909523753,lightgbm,delta,fold_2,1h,ppb
2026-08-14T05:30:00Z,1,75.49,69.36,76.04538408805867,-0.5553840880586733,lightgbm,delta,fold_2,1h,ppb
2026-08-14T05:45:00Z,1,77.66,71.93,79.0926471232784,-1.4326471232784002,lightgbm,delta,fold_2,1h,ppb
2026-08-14T06:00:00Z,1,76.59,70.96,80.06377795772521,-3.473777957725204,lightgbm,delta,fold_2,1h,ppb
2026-08-14T06:15:00Z,1,82.2,72.37,80.72341525209795,1.4765847479020522,lightgbm,delta,fold_2,1h,ppb
2026-08-14T06:30:00Z,1,84.8,75.49,81.5669028707726,3.233097129227403,lightgbm,delta,fold_2,1h,ppb
2026-08-14T06:45:00Z,1,81.27,77.66,82.91429370177897,-1.6442937017789774,lightgbm,delta,fold_2,1h,ppb
2026-08-14T07:00:00Z,1,85.15,76.59,83.33098248859321,1.8190175114067983,lightgbm,delta,fold_2,1h,ppb
2026-08-14T07:15:00Z,1,85.09,82.2,84.21181620879767,0.878183791202332,lightgbm,delta,fold_2,1h,ppb
2026-08-14T07:30:00Z,1,81.1,84.8,80.85169898551368,0.2483010144863158,lightgbm,delta,fold_2,1h,ppb
2026-08-14T07:45:00Z,1,75.37,81.27,73.04394114361659,2.326058856383412,lightgbm,delta,fold_2,1h,ppb
2026-08-14T08:00:00Z,1,76.54,85.15,79.34228917571976,-2.80228917571975,lightgbm,delta,fold_2,1h,ppb
2026-08-14T08:15:00Z,1,70.15,85.09,75.96298530609552,-5.812985306095513,lightgbm,delta,fold_2,1h,ppb
2026-08-14T08:30:00Z,1,70.49,81.1,74.7595170973821,-4.269517097382106,lightgbm,delta,fold_2,1h,ppb
2026-08-14T08:45:00Z,1,73.01,75.37,74.35857812677995,-1.348578126779941,lightgbm,delta,fold_2,1h,ppb
2026-08-14T09:00:00Z,1,71.21,76.54,70.77844267150442,0.4315573284955718,lightgbm,delta,fold_2,1h,ppb
2026-08-14T09:15:00Z,1,69.34,70.15,69.5232999287795,-0.18329992877949053,lightgbm,delta,fold_2,1h,ppb
2026-08-14T09:30:00Z,1,69.63,70.49,65.32352314723822,4.306476852761776,lightgbm,delta,fold_2,1h,ppb
2026-08-14T09:45:00Z,1,66.46,73.01,66.73277216845628,-0.27277216845628516,lightgbm,delta,fold_2,1h,ppb
2026-08-14T10:00:00Z,1,68.05,71.21,61.760399302653035,6.2896006973469625,lightgbm,delta,fold_2,1h,ppb
2026-08-14T10:15:00Z,1,72.85,69.34,64.4467404366616,8.403259563338395,lightgbm,delta,fold_2,1h,ppb
2026-08-14T10:30:00Z,1,72.55,69.63,63.4262549941528,9.123745005847198,lightgbm,delta,fold_2,1h,ppb
2026-08-14T10:45:00Z,1,72.41,66.46,62.117633912652764,10.292366087347233,lightgbm,delta,fold_2,1h,ppb
2026-08-14T11:00:00Z,1,69.86,68.05,64.21219901601414,5.64780098398586,lightgbm,delta,fold_2,1h,ppb
2026-08-14T11:15:00Z,1,67.39,72.85,66.73879445415335,0.6512055458466506,lightgbm,delta,fold_2,1h,ppb
2026-08-14T11:30:00Z,1,67.0,72.55,66.12089019342017,0.8791098065798337,lightgbm,delta,fold_2,1h,ppb
2026-08-14T11:45:00Z,1,71.15,72.41,66.34600967883804,4.803990321161962,lightgbm,delta,fold_2,1h,ppb
2026-08-14T12:00:00Z,1,73.54,69.86,66.58516515300214,6.954834846997869,lightgbm,delta,fold_2,1h,ppb
2026-08-14T12:15:00Z,1,68.46,67.39,66.23972434152606,2.2202756584739376,lightgbm,delta,fold_2,1h,ppb
2026-08-14T12:30:00Z,1,71.74,67.0,64.39783728753712,7.34216271246288,lightgbm,delta,fold_2,1h,ppb
2026-08-14T12:45:00Z,1,68.38,71.15,66.50548163668589,1.8745183633141096,lightgbm,delta,fold_2,1h,ppb
2026-08-14T13:00:00Z,1,71.66,73.54,65.8955030819795,5.764496918020498,lightgbm,delta,fold_2,1h,ppb
2026-08-14T13:15:00Z,1,65.99,68.46,67.7812861546521,-1.7912861546520986,lightgbm,delta,fold_2,1h,ppb
2026-08-14T13:30:00Z,1,72.39,71.74,68.30317909628066,4.086820903719342,lightgbm,delta,fold_2,1h,ppb
2026-08-14T13:45:00Z,1,72.06,68.38,66.27227493888999,5.7877250611100095,lightgbm,delta,fold_2,1h,ppb
2026-08-14T14:00:00Z,1,71.62,71.66,66.13883700639649,5.481162993603519,lightgbm,delta,fold_2,1h,ppb
2026-08-14T14:15:00Z,1,68.08,65.99,64.31547149178314,3.7645285082168556,lightgbm,delta,fold_2,1h,ppb
2026-08-14T14:30:00Z,1,69.28,72.39,65.36284237588364,3.9171576241163564,lightgbm,delta,fold_2,1h,ppb
2026-08-14T14:45:00Z,1,65.11,72.06,62.298766499279196,2.811233500720803,lightgbm,delta,fold_2,1h,ppb
2026-08-14T15:00:00Z,1,61.9,71.62,66.776342637557,-4.876342637556995,lightgbm,delta,fold_2,1h,ppb
2026-08-14T15:15:00Z,1,70.95,68.08,63.90165894066949,7.048341059330511,lightgbm,delta,fold_2,1h,ppb
2026-08-14T15:30:00Z,1,72.11,69.28,63.52401902650866,8.585980973491338,lightgbm,delta,fold_2,1h,ppb
2026-08-14T15:45:00Z,1,70.63,65.11,62.765132547516636,7.8648674524833595,lightgbm,delta,fold_2,1h,ppb
2026-08-14T16:00:00Z,1,70.88,61.9,59.76059534940236,11.119404650597637,lightgbm,delta,fold_2,1h,ppb
2026-08-14T16:15:00Z,1,66.28,70.95,65.39532950561248,0.884670494387521,lightgbm,delta,fold_2,1h,ppb
2026-08-14T16:30:00Z,1,61.48,72.11,67.8894849060572,-6.409484906057209,lightgbm,delta,fold_2,1h,ppb
2026-08-14T16:45:00Z,1,61.2,70.63,67.76427128725138,-6.564271287251373,lightgbm,delta,fold_2,1h,ppb
2026-08-14T17:00:00Z,1,60.82,70.88,67.4914188856329,-6.671418885632896,lightgbm,delta,fold_2,1h,ppb
2026-08-14T17:15:00Z,1,60.26,66.28,66.24912154705686,-5.989121547056861,lightgbm,delta,fold_2,1h,ppb
2026-08-14T17:30:00Z,1,66.46,61.48,65.47166417577044,0.9883358242295515,lightgbm,delta,fold_2,1h,ppb
2026-08-14T17:45:00Z,1,66.83,61.2,61.32195752047661,5.5080424795233895,lightgbm,delta,fold_2,1h,ppb
2026-08-14T18:00:00Z,1,65.55,60.82,61.5949876505092,3.9550123494907936,lightgbm,delta,fold_2,1h,ppb
2026-08-14T18:15:00Z,1,61.92,60.26,60.24572914146886,1.6742708585311448,lightgbm,delta,fold_2,1h,ppb
2026-08-14T18:30:00Z,1,62.59,66.46,64.32275697232208,-1.732756972322079,lightgbm,delta,fold_2,1h,ppb
2026-08-14T18:45:00Z,1,60.11,66.83,66.26985927556967,-6.159859275569673,lightgbm,delta,fold_2,1h,ppb
2026-08-14T19:00:00Z,1,64.79,65.55,66.79953977911863,-2.009539779118626,lightgbm,delta,fold_2,1h,ppb
2026-08-14T19:15:00Z,1,67.05,61.92,65.73410865956157,1.3158913404384265,lightgbm,delta,fold_2,1h,ppb
2026-08-14T19:30:00Z,1,60.82,62.59,64.83387877484782,-4.013878774847818,lightgbm,delta,fold_2,1h,ppb
2026-08-14T19:45:00Z,1,60.86,60.11,63.47128244300016,-2.6112824430001638,lightgbm,delta,fold_2,1h,ppb
2026-08-14T20:00:00Z,1,60.92,64.79,66.04952346209117,-5.129523462091171,lightgbm,delta,fold_2,1h,ppb
2026-08-14T20:15:00Z,1,61.03,67.05,67.43764639119408,-6.407646391194078,lightgbm,delta,fold_2,1h,ppb
2026-08-14T20:30:00Z,1,62.01,60.82,63.647538679843635,-1.6375386798436367,lightgbm,delta,fold_2,1h,ppb
2026-08-14T20:45:00Z,1,56.74,60.86,62.60923616105816,-5.869236161058161,lightgbm,delta,fold_2,1h,ppb
2026-08-14T21:00:00Z,1,53.71,60.92,62.542053011572825,-8.832053011572825,lightgbm,delta,fold_2,1h,ppb
2026-08-14T21:15:00Z,1,55.06,61.03,61.07248872344163,-6.012488723441628,lightgbm,delta,fold_2,1h,ppb
2026-08-14T21:30:00Z,1,58.08,62.01,60.54467630544643,-2.4646763054464316,lightgbm,delta,fold_2,1h,ppb
2026-08-14T21:45:00Z,1,61.06,56.74,59.92816067955634,1.1318393204436603,lightgbm,delta,fold_2,1h,ppb
2026-08-14T22:00:00Z,1,63.26,53.71,54.707289798004915,8.552710201995083,lightgbm,delta,fold_2,1h,ppb
2026-08-14T22:15:00Z,1,66.64,55.06,53.85822160779012,12.78177839220988,lightgbm,delta,fold_2,1h,ppb
2026-08-14T22:30:00Z,1,67.18,58.08,60.363247027275484,6.816752972724522,lightgbm,delta,fold_2,1h,ppb
2026-08-14T22:45:00Z,1,63.89,61.06,59.39579185494804,4.494208145051964,lightgbm,delta,fold_2,1h,ppb
2026-08-14T23:00:00Z,1,65.95,63.26,59.97688324920438,5.973116750795626,lightgbm,delta,fold_2,1h,ppb
2026-08-14T23:15:00Z,1,64.55,66.64,62.48728994468549,2.062710055314504,lightgbm,delta,fold_2,1h,ppb
2026-08-14T23:30:00Z,1,65.7,67.18,61.46886463792073,4.2311353620792715,lightgbm,delta,fold_2,1h,ppb
2026-08-14T23:45:00Z,1,64.64,63.89,60.27475713032894,4.365242869671057,lightgbm,delta,fold_2,1h,ppb
2026-08-15T00:00:00Z,1,66.1,65.95,61.910255238614454,4.1897447613855405,lightgbm,delta,fold_2,1h,ppb
2026-08-15T00:15:00Z,1,68.39,64.55,60.72801090410925,7.661989095890753,lightgbm,delta,fold_2,1h,ppb
2026-08-15T00:30:00Z,1,64.9,65.7,62.30355757448973,2.5964424255102756,lightgbm,delta,fold_2,1h,ppb
2026-08-15T00:45:00Z,1,66.53,64.64,60.745959332037614,5.784040667962387,lightgbm,delta,fold_2,1h,ppb
2026-08-15T01:00:00Z,1,66.02,66.1,59.61432706385939,6.405672936140604,lightgbm,delta,fold_2,1h,ppb
2026-08-15T01:15:00Z,1,62.3,68.39,62.3147822210235,-0.014782221023502018,lightgbm,delta,fold_2,1h,ppb
2026-08-15T01:30:00Z,1,62.53,64.9,60.701504777046054,1.828495222953947,lightgbm,delta,fold_2,1h,ppb
2026-08-15T01:45:00Z,1,61.58,66.53,60.808926255081516,0.7710737449184819,lightgbm,delta,fold_2,1h,ppb
2026-08-15T02:00:00Z,1,62.34,66.02,59.66404431572868,2.6759556842713224,lightgbm,delta,fold_2,1h,ppb
2026-08-15T02:15:00Z,1,62.61,62.3,57.33388536146469,5.2761146385353115,lightgbm,delta,fold_2,1h,ppb
2026-08-15T02:30:00Z,1,58.56,62.53,57.054959715382175,1.5050402846178272,lightgbm,delta,fold_2,1h,ppb
2026-08-15T02:45:00Z,1,61.81,61.58,58.357755480701925,3.452244519298077,lightgbm,delta,fold_2,1h,ppb
2026-08-15T03:00:00Z,1,61.24,62.34,57.68322407739025,3.556775922609752,lightgbm,delta,fold_2,1h,ppb
2026-08-15T03:15:00Z,1,62.41,62.61,57.11405467425185,5.29594532574815,lightgbm,delta,fold_2,1h,ppb
2026-08-15T03:30:00Z,1,63.72,58.56,56.30022822381942,7.419771776180582,lightgbm,delta,fold_2,1h,ppb
2026-08-15T03:45:00Z,1,63.52,61.81,55.85158167638614,7.668418323613864,lightgbm,delta,fold_2,1h,ppb
2026-08-15T04:00:00Z,1,67.33,61.24,60.862572728020766,6.467427271979233,lightgbm,delta,fold_2,1h,ppb
2026-08-15T04:15:00Z,1,71.46,62.41,60.00465919118677,11.455340808813226,lightgbm,delta,fold_2,1h,ppb
2026-08-15T04:30:00Z,1,75.36,63.72,63.46952151933122,11.890478480668783,lightgbm,delta,fold_2,1h,ppb
2026-08-15T04:45:00Z,1,75.47,63.52,63.284975841116854,12.185024158883145,lightgbm,delta,fold_2,1h,ppb
2026-08-15T05:00:00Z,1,78.47,67.33,66.94436649451198,11.525633505488017,lightgbm,delta,fold_2,1h,ppb
2026-08-15T05:15:00Z,1,79.02,71.46,70.93619796702531,8.083802032974688,lightgbm,delta,fold_2,1h,ppb
2026-08-15T05:30:00Z,1,78.87,75.36,74.89587887175811,3.9741211282418902,lightgbm,delta,fold_2,1h,ppb
2026-08-15T05:45:00Z,1,83.35,75.47,76.10028861081686,7.249711389183133,lightgbm,delta,fold_2,1h,ppb
2026-08-15T06:00:00Z,1,77.87,78.47,78.82716688819528,-0.9571668881952746,lightgbm,delta,fold_2,1h,ppb
2026-08-15T06:15:00Z,1,77.36,79.02,78.81333295279781,-1.4533329527978083,lightgbm,delta,fold_2,1h,ppb
2026-08-15T06:30:00Z,1,79.84,78.87,78.63031186929487,1.209688130705132,lightgbm,delta,fold_2,1h,ppb
2026-08-15T06:45:00Z,1,73.52,83.35,78.40059711437324,-4.880597114373245,lightgbm,delta,fold_2,1h,ppb
2026-08-15T07:00:00Z,1,77.61,77.87,79.13063380773463,-1.520633807734626,lightgbm,delta,fold_2,1h,ppb
2026-08-15T07:15:00Z,1,89.18,77.36,76.5071867648278,12.672813235172214,lightgbm,delta,fold_2,1h,ppb
2026-08-15T07:30:00Z,1,75.48,79.84,77.69827276126419,-2.2182727612641884,lightgbm,delta,fold_2,1h,ppb
2026-08-15T07:45:00Z,1,76.89,73.52,77.22872295730478,-0.33872295730478186,lightgbm,delta,fold_2,1h,ppb
2026-08-15T08:00:00Z,1,70.72,77.61,74.94118244122025,-4.22118244122025,lightgbm,delta,fold_2,1h,ppb
2026-08-15T08:15:00Z,1,68.61,89.18,80.01258418422914,-11.402584184229141,lightgbm,delta,fold_2,1h,ppb
2026-08-15T08:30:00Z,1,67.63,75.48,76.748742187049,-9.118742187049008,lightgbm,delta,fold_2,1h,ppb
2026-08-15T08:45:00Z,1,67.46,76.89,73.95104599137774,-6.491045991377746,lightgbm,delta,fold_2,1h,ppb
2026-08-15T09:00:00Z,1,63.91,70.72,70.81166887721558,-6.9016688772155845,lightgbm,delta,fold_2,1h,ppb
2026-08-15T09:15:00Z,1,64.94,68.61,66.79228970643753,-1.8522897064375314,lightgbm,delta,fold_2,1h,ppb
2026-08-15T09:30:00Z,1,67.96,67.63,63.453486533354265,4.506513466645728,lightgbm,delta,fold_2,1h,ppb
2026-08-15T09:45:00Z,1,60.45,67.46,63.752794235823686,-3.302794235823683,lightgbm,delta,fold_2,1h,ppb
2026-08-15T10:00:00Z,1,59.92,63.91,59.55415519576758,0.3658448042324238,lightgbm,delta,fold_2,1h,ppb
2026-08-15T10:15:00Z,1,62.83,64.94,58.89834573150717,3.931654268492828,lightgbm,delta,fold_2,1h,ppb
2026-08-15T10:30:00Z,1,61.5,67.96,58.12827862539365,3.371721374606352,lightgbm,delta,fold_2,1h,ppb
2026-08-15T10:45:00Z,1,58.06,60.45,59.37204615828941,-1.3120461582894052,lightgbm,delta,fold_2,1h,ppb
2026-08-15T11:00:00Z,1,58.67,59.92,59.75487841014968,-1.0848784101496776,lightgbm,delta,fold_2,1h,ppb
2026-08-15T11:15:00Z,1,60.33,62.83,55.65764453048374,4.672355469516255,lightgbm,delta,fold_2,1h,ppb
2026-08-15T11:30:00Z,1,58.11,61.5,59.441525536372374,-1.331525536372375,lightgbm,delta,fold_2,1h,ppb
2026-08-15T11:45:00Z,1,60.08,58.06,56.105957587108065,3.974042412891933,lightgbm,delta,fold_2,1h,ppb
2026-08-15T12:00:00Z,1,56.55,58.67,56.32030226781179,0.22969773218820677,lightgbm,delta,fold_2,1h,ppb
2026-08-15T12:15:00Z,1,58.75,60.33,59.59422801767347,-0.8442280176734727,lightgbm,delta,fold_2,1h,ppb
2026-08-15T12:30:00Z,1,62.14,58.11,59.42169851550744,2.7183014844925637,lightgbm,delta,fold_2,1h,ppb
2026-08-15T12:45:00Z,1,60.59,60.08,59.24326596770345,1.3467340322965526,lightgbm,delta,fold_2,1h,ppb
2026-08-15T13:00:00Z,1,61.66,56.55,58.037875922808304,3.6221240771916925,lightgbm,delta,fold_2,1h,ppb
2026-08-15T13:15:00Z,1,59.57,58.75,56.75381126830113,2.8161887316988725,lightgbm,delta,fold_2,1h,ppb
2026-08-15T13:30:00Z,1,59.96,62.14,56.22993737070888,3.730062629291119,lightgbm,delta,fold_2,1h,ppb
2026-08-15T13:45:00Z,1,58.57,60.59,57.345527183809864,1.2244728161901364,lightgbm,delta,fold_2,1h,ppb
2026-08-15T14:00:00Z,1,55.1,61.66,56.944970234004806,-1.8449702340048049,lightgbm,delta,fold_2,1h,ppb
2026-08-15T14:15:00Z,1,50.0,59.57,54.51543072319922,-4.5154307231992235,lightgbm,delta,fold_2,1h,ppb
2026-08-15T14:30:00Z,1,50.28,59.96,52.65722096949754,-2.377220969497536,lightgbm,delta,fold_2,1h,ppb
2026-08-15T14:45:00Z,1,44.35,58.57,47.586048497270454,-3.2360484972704526,lightgbm,delta,fold_2,1h,ppb
2026-08-15T15:00:00Z,1,38.79,55.1,43.93275064625781,-5.142750646257809,lightgbm,delta,fold_2,1h,ppb
2026-08-15T15:15:00Z,1,42.36,50.0,40.305604317691184,2.054395682308815,lightgbm,delta,fold_2,1h,ppb
2026-08-15T15:30:00Z,1,46.28,50.28,42.75013295726425,3.529867042735752,lightgbm,delta,fold_2,1h,ppb
2026-08-15T15:45:00Z,1,43.04,44.35,45.02970180620407,-1.9897018062040743,lightgbm,delta,fold_2,1h,ppb
2026-08-15T16:00:00Z,1,42.59,38.79,43.48664176052845,-0.8966417605284462,lightgbm,delta,fold_2,1h,ppb
2026-08-15T16:15:00Z,1,42.11,42.36,43.528097158238275,-1.4180971582382753,lightgbm,delta,fold_2,1h,ppb
2026-08-15T16:30:00Z,1,39.44,46.28,47.04190669102592,-7.601906691025924,lightgbm,delta,fold_2,1h,ppb
2026-08-15T16:45:00Z,1,42.47,43.04,47.36404712680958,-4.894047126809582,lightgbm,delta,fold_2,1h,ppb
2026-08-15T17:00:00Z,1,52.16,42.59,45.897511280899565,6.262488719100432,lightgbm,delta,fold_2,1h,ppb
2026-08-15T17:15:00Z,1,48.38,42.11,47.83968914960374,0.5403108503962599,lightgbm,delta,fold_2,1h,ppb
2026-08-15T17:30:00Z,1,45.7,39.44,46.331386023240434,-0.6313860232404309,lightgbm,delta,fold_2,1h,ppb
2026-08-15T17:45:00Z,1,49.64,42.47,47.94875490404415,1.6912450959558498,lightgbm,delta,fold_2,1h,ppb
2026-08-15T18:00:00Z,1,56.96,52.16,54.388610802059624,2.571389197940377,lightgbm,delta,fold_2,1h,ppb
2026-08-15T18:15:00Z,1,56.06,48.38,53.940318141996826,2.119681858003176,lightgbm,delta,fold_2,1h,ppb
2026-08-15T18:30:00Z,1,54.96,45.7,52.205939096334994,2.7540609036650068,lightgbm,delta,fold_2,1h,ppb
2026-08-15T18:45:00Z,1,58.35,49.64,56.03176620716684,2.318233792833162,lightgbm,delta,fold_2,1h,ppb
2026-08-15T19:00:00Z,1,60.68,56.96,62.49131708523568,-1.8113170852356788,lightgbm,delta,fold_2,1h,ppb
2026-08-15T19:15:00Z,1,52.01,56.06,61.35716772550876,-9.347167725508761,lightgbm,delta,fold_2,1h,ppb
2026-08-15T19:30:00Z,1,51.98,54.96,59.00165303906808,-7.0216530390680845,lightgbm,delta,fold_2,1h,ppb
2026-08-15T19:45:00Z,1,59.29,58.35,59.84708726847877,-0.5570872684787673,lightgbm,delta,fold_2,1h,ppb
2026-08-15T20:00:00Z,1,58.24,60.68,60.944086512695144,-2.7040865126951417,lightgbm,delta,fold_2,1h,ppb
2026-08-15T20:15:00Z,1,58.81,52.01,53.59815075870383,5.211849241296171,lightgbm,delta,fold_2,1h,ppb
2026-08-15T20:30:00Z,1,52.45,51.98,53.05630097732841,-0.6063009773284094,lightgbm,delta,fold_2,1h,ppb
2026-08-15T20:45:00Z,1,51.19,59.29,57.27148572579936,-6.081485725799361,lightgbm,delta,fold_2,1h,ppb
2026-08-15T21:00:00Z,1,55.02,58.24,57.135296088740716,-2.1152960887407133,lightgbm,delta,fold_2,1h,ppb
2026-08-15T21:15:00Z,1,56.93,58.81,56.46919297251384,0.46080702748616176,lightgbm,delta,fold_2,1h,ppb
2026-08-15T21:30:00Z,1,56.08,52.45,54.27959281804706,1.8004071819529415,lightgbm,delta,fold_2,1h,ppb
2026-08-15T21:45:00Z,1,56.68,51.19,51.90293772954952,4.777062270450479,lightgbm,delta,fold_2,1h,ppb
2026-08-15T22:00:00Z,1,54.6,55.02,52.045656202320714,2.5543437976792873,lightgbm,delta,fold_2,1h,ppb
2026-08-15T22:15:00Z,1,53.13,56.93,55.026265210093825,-1.8962652100938229,lightgbm,delta,fold_2,1h,ppb
2026-08-15T22:30:00Z,1,54.81,56.08,57.5933497575009,-2.7833497575009005,lightgbm,delta,fold_2,1h,ppb
2026-08-15T22:45:00Z,1,52.71,56.68,56.90674404543647,-4.196744045436468,lightgbm,delta,fold_2,1h,ppb
2026-08-15T23:00:00Z,1,55.7,54.6,53.35084247828311,2.34915752171689,lightgbm,delta,fold_2,1h,ppb
2026-08-15T23:15:00Z,1,56.93,53.13,51.451293023571274,5.478706976428725,lightgbm,delta,fold_2,1h,ppb
2026-08-15T23:30:00Z,1,62.43,54.81,50.26386816217777,12.166131837822228,lightgbm,delta,fold_2,1h,ppb
2026-08-15T23:45:00Z,1,64.04,52.71,51.49826402469362,12.541735975306388,lightgbm,delta,fold_2,1h,ppb
2026-08-16T00:00:00Z,1,57.13,55.7,55.7,1.4299999999999997,persistence,absolute,fold_3,1h,ppb
2026-08-16T00:15:00Z,1,49.06,56.93,56.93,-7.869999999999997,persistence,absolute,fold_3,1h,ppb
2026-08-16T00:30:00Z,1,45.1,62.43,62.43,-17.33,persistence,absolute,fold_3,1h,ppb
2026-08-16T00:45:00Z,1,43.27,64.04,64.04,-20.770000000000003,persistence,absolute,fold_3,1h,ppb
2026-08-16T01:00:00Z,1,41.52,57.13,57.13,-15.61,persistence,absolute,fold_3,1h,ppb
2026-08-16T01:15:00Z,1,38.79,49.06,49.06,-10.270000000000003,persistence,absolute,fold_3,1h,ppb
2026-08-16T01:30:00Z,1,31.45,45.1,45.1,-13.650000000000002,persistence,absolute,fold_3,1h,ppb
2026-08-16T01:45:00Z,1,36.15,43.27,43.27,-7.1200000000000045,persistence,absolute,fold_3,1h,ppb
2026-08-16T02:00:00Z,1,36.31,41.52,41.52,-5.210000000000001,persistence,absolute,fold_3,1h,ppb
2026-08-16T02:15:00Z,1,34.12,38.79,38.79,-4.670000000000002,persistence,absolute,fold_3,1h,ppb
2026-08-16T02:30:00Z,1,28.27,31.45,31.45,-3.1799999999999997,persistence,absolute,fold_3,1h,ppb
2026-08-16T02:45:00Z,1,35.54,36.15,36.15,-0.6099999999999994,persistence,absolute,fold_3,1h,ppb
2026-08-16T03:00:00Z,1,39.04,36.31,36.31,2.729999999999997,persistence,absolute,fold_3,1h,ppb
2026-08-16T03:15:00Z,1,37.95,34.12,34.12,3.8300000000000054,persistence,absolute,fold_3,1h,ppb
2026-08-16T03:30:00Z,1,38.09,28.27,28.27,9.820000000000004,persistence,absolute,fold_3,1h,ppb
2026-08-16T03:45:00Z,1,37.46,35.54,35.54,1.9200000000000017,persistence,absolute,fold_3,1h,ppb
2026-08-16T04:00:00Z,1,59.29,39.04,39.04,20.25,persistence,absolute,fold_3,1h,ppb
2026-08-16T04:15:00Z,1,69.16,37.95,37.95,31.209999999999994,persistence,absolute,fold_3,1h,ppb
2026-08-16T04:30:00Z,1,65.11,38.09,38.09,27.019999999999996,persistence,absolute,fold_3,1h,ppb
2026-08-16T04:45:00Z,1,65.11,37.46,37.46,27.65,persistence,absolute,fold_3,1h,ppb
2026-08-16T05:00:00Z,1,47.07,59.29,59.29,-12.219999999999999,persistence,absolute,fold_3,1h,ppb
2026-08-16T05:15:00Z,1,61.38,69.16,69.16,-7.779999999999994,persistence,absolute,fold_3,1h,ppb
2026-08-16T05:30:00Z,1,57.16,65.11,65.11,-7.950000000000003,persistence,absolute,fold_3,1h,ppb
2026-08-16T05:45:00Z,1,61.27,65.11,65.11,-3.8399999999999963,persistence,absolute,fold_3,1h,ppb
2026-08-16T06:00:00Z,1,67.67,47.07,47.07,20.6,persistence,absolute,fold_3,1h,ppb
2026-08-16T06:15:00Z,1,48.63,61.38,61.38,-12.75,persistence,absolute,fold_3,1h,ppb
2026-08-16T06:30:00Z,1,60.25,57.16,57.16,3.0900000000000034,persistence,absolute,fold_3,1h,ppb
2026-08-16T06:45:00Z,1,28.27,61.27,61.27,-33.0,persistence,absolute,fold_3,1h,ppb
2026-08-16T07:00:00Z,1,41.84,67.67,67.67,-25.83,persistence,absolute,fold_3,1h,ppb
2026-08-16T07:15:00Z,1,59.98,48.63,48.63,11.349999999999994,persistence,absolute,fold_3,1h,ppb
2026-08-16T07:30:00Z,1,61.3,60.25,60.25,1.0499999999999972,persistence,absolute,fold_3,1h,ppb
2026-08-16T07:45:00Z,1,55.75,28.27,28.27,27.48,persistence,absolute,fold_3,1h,ppb
2026-08-16T08:00:00Z,1,23.87,41.84,41.84,-17.970000000000002,persistence,absolute,fold_3,1h,ppb
2026-08-16T08:15:00Z,1,18.69,59.98,59.98,-41.28999999999999,persistence,absolute,fold_3,1h,ppb
2026-08-16T08:30:00Z,1,8.86,61.3,61.3,-52.44,persistence,absolute,fold_3,1h,ppb
2026-08-16T08:45:00Z,1,4.45,55.75,55.75,-51.3,persistence,absolute,fold_3,1h,ppb
2026-08-16T09:00:00Z,1,7.66,23.87,23.87,-16.21,persistence,absolute,fold_3,1h,ppb
2026-08-16T09:15:00Z,1,8.21,18.69,18.69,-10.48,persistence,absolute,fold_3,1h,ppb
2026-08-16T09:30:00Z,1,11.97,8.86,8.86,3.110000000000001,persistence,absolute,fold_3,1h,ppb
2026-08-16T09:45:00Z,1,18.89,4.45,4.45,14.440000000000001,persistence,absolute,fold_3,1h,ppb
2026-08-16T10:00:00Z,1,36.48,7.66,7.66,28.819999999999997,persistence,absolute,fold_3,1h,ppb
2026-08-16T10:15:00Z,1,34.67,8.21,8.21,26.46,persistence,absolute,fold_3,1h,ppb
2026-08-16T10:30:00Z,1,18.72,11.97,11.97,6.749999999999998,persistence,absolute,fold_3,1h,ppb
2026-08-16T10:45:00Z,1,17.67,18.89,18.89,-1.2199999999999989,persistence,absolute,fold_3,1h,ppb
2026-08-16T11:00:00Z,1,11.8,36.48,36.48,-24.679999999999996,persistence,absolute,fold_3,1h,ppb
2026-08-16T11:15:00Z,1,8.55,34.67,34.67,-26.12,persistence,absolute,fold_3,1h,ppb
2026-08-16T11:30:00Z,1,26.43,18.72,18.72,7.710000000000001,persistence,absolute,fold_3,1h,ppb
2026-08-16T11:45:00Z,1,17.22,17.67,17.67,-0.45000000000000284,persistence,absolute,fold_3,1h,ppb
2026-08-16T12:00:00Z,1,17.48,11.8,11.8,5.68,persistence,absolute,fold_3,1h,ppb
2026-08-16T12:15:00Z,1,20.63,8.55,8.55,12.079999999999998,persistence,absolute,fold_3,1h,ppb
2026-08-16T12:30:00Z,1,7.98,26.43,26.43,-18.45,persistence,absolute,fold_3,1h,ppb
2026-08-16T12:45:00Z,1,21.15,17.22,17.22,3.9299999999999997,persistence,absolute,fold_3,1h,ppb
2026-08-16T13:00:00Z,1,17.21,17.48,17.48,-0.2699999999999996,persistence,absolute,fold_3,1h,ppb
2026-08-16T13:15:00Z,1,12.86,20.63,20.63,-7.77,persistence,absolute,fold_3,1h,ppb
2026-08-16T13:30:00Z,1,4.93,7.98,7.98,-3.0500000000000007,persistence,absolute,fold_3,1h,ppb
2026-08-16T13:45:00Z,1,21.25,21.15,21.15,0.10000000000000142,persistence,absolute,fold_3,1h,ppb
2026-08-16T14:00:00Z,1,0.96,17.21,17.21,-16.25,persistence,absolute,fold_3,1h,ppb
2026-08-16T14:15:00Z,1,4.39,12.86,12.86,-8.469999999999999,persistence,absolute,fold_3,1h,ppb
2026-08-16T14:30:00Z,1,11.5,4.93,4.93,6.57,persistence,absolute,fold_3,1h,ppb
2026-08-16T14:45:00Z,1,15.62,21.25,21.25,-5.630000000000001,persistence,absolute,fold_3,1h,ppb
2026-08-16T15:00:00Z,1,0.52,0.96,0.96,-0.43999999999999995,persistence,absolute,fold_3,1h,ppb
2026-08-16T16:00:00Z,1,14.32,0.52,0.52,13.8,persistence,absolute,fold_3,1h,ppb
2026-08-16T17:00:00Z,1,50.93,14.32,14.32,36.61,persistence,absolute,fold_3,1h,ppb
2026-08-16T17:15:00Z,1,51.46,28.38,28.38,23.080000000000002,persistence,absolute,fold_3,1h,ppb
2026-08-16T17:30:00Z,1,54.12,39.09,39.09,15.029999999999994,persistence,absolute,fold_3,1h,ppb
2026-08-16T17:45:00Z,1,57.15,46.57,46.57,10.579999999999998,persistence,absolute,fold_3,1h,ppb
2026-08-16T18:00:00Z,1,58.37,50.93,50.93,7.439999999999998,persistence,absolute,fold_3,1h,ppb
2026-08-16T18:15:00Z,1,56.36,51.46,51.46,4.899999999999999,persistence,absolute,fold_3,1h,ppb
2026-08-16T18:30:00Z,1,57.84,54.12,54.12,3.720000000000006,persistence,absolute,fold_3,1h,ppb
2026-08-16T18:45:00Z,1,58.56,57.15,57.15,1.4100000000000037,persistence,absolute,fold_3,1h,ppb
2026-08-16T19:00:00Z,1,60.03,58.37,58.37,1.6600000000000037,persistence,absolute,fold_3,1h,ppb
2026-08-16T19:15:00Z,1,58.29,56.36,56.36,1.9299999999999997,persistence,absolute,fold_3,1h,ppb
2026-08-16T19:30:00Z,1,56.39,57.84,57.84,-1.4500000000000028,persistence,absolute,fold_3,1h,ppb
2026-08-16T19:45:00Z,1,56.04,58.56,58.56,-2.520000000000003,persistence,absolute,fold_3,1h,ppb
2026-08-16T20:00:00Z,1,57.18,60.03,60.03,-2.8500000000000014,persistence,absolute,fold_3,1h,ppb
2026-08-16T20:15:00Z,1,57.72,58.29,58.29,-0.5700000000000003,persistence,absolute,fold_3,1h,ppb
2026-08-16T20:30:00Z,1,64.02,56.39,56.39,7.6299999999999955,persistence,absolute,fold_3,1h,ppb
2026-08-16T20:45:00Z,1,62.19,56.04,56.04,6.149999999999999,persistence,absolute,fold_3,1h,ppb
2026-08-16T21:00:00Z,1,63.58,57.18,57.18,6.399999999999999,persistence,absolute,fold_3,1h,ppb
2026-08-16T21:15:00Z,1,59.94,57.72,57.72,2.219999999999999,persistence,absolute,fold_3,1h,ppb
2026-08-16T21:30:00Z,1,44.58,64.02,64.02,-19.439999999999998,persistence,absolute,fold_3,1h,ppb
2026-08-16T21:45:00Z,1,43.54,62.19,62.19,-18.65,persistence,absolute,fold_3,1h,ppb
2026-08-16T22:00:00Z,1,51.31,63.58,63.58,-12.269999999999996,persistence,absolute,fold_3,1h,ppb
2026-08-16T22:15:00Z,1,51.92,59.94,59.94,-8.019999999999996,persistence,absolute,fold_3,1h,ppb
2026-08-16T22:30:00Z,1,52.8,44.58,44.58,8.219999999999999,persistence,absolute,fold_3,1h,ppb
2026-08-16T22:45:00Z,1,52.26,43.54,43.54,8.719999999999999,persistence,absolute,fold_3,1h,ppb
2026-08-16T23:00:00Z,1,52.54,51.31,51.31,1.2299999999999969,persistence,absolute,fold_3,1h,ppb
2026-08-16T23:15:00Z,1,54.8,51.92,51.92,2.8799999999999955,persistence,absolute,fold_3,1h,ppb
2026-08-16T23:30:00Z,1,47.92,52.8,52.8,-4.8799999999999955,persistence,absolute,fold_3,1h,ppb
2026-08-16T23:45:00Z,1,40.51,52.26,52.26,-11.75,persistence,absolute,fold_3,1h,ppb
2026-08-17T00:00:00Z,1,44.15,52.54,52.54,-8.39,persistence,absolute,fold_3,1h,ppb
2026-08-17T00:15:00Z,1,45.94,54.8,54.8,-8.86,persistence,absolute,fold_3,1h,ppb
2026-08-17T00:30:00Z,1,37.63,47.92,47.92,-10.29,persistence,absolute,fold_3,1h,ppb
2026-08-17T00:45:00Z,1,32.08,40.51,40.51,-8.43,persistence,absolute,fold_3,1h,ppb
2026-08-17T01:00:00Z,1,31.72,44.15,44.15,-12.43,persistence,absolute,fold_3,1h,ppb
2026-08-17T01:15:00Z,1,30.25,45.94,45.94,-15.689999999999998,persistence,absolute,fold_3,1h,ppb
2026-08-17T01:30:00Z,1,34.36,37.63,37.63,-3.270000000000003,persistence,absolute,fold_3,1h,ppb
2026-08-17T01:45:00Z,1,29.57,32.08,32.08,-2.509999999999998,persistence,absolute,fold_3,1h,ppb
2026-08-17T02:00:00Z,1,32.47,31.72,31.72,0.75,persistence,absolute,fold_3,1h,ppb
2026-08-17T02:15:00Z,1,33.9,30.25,30.25,3.6499999999999986,persistence,absolute,fold_3,1h,ppb
2026-08-17T02:30:00Z,1,33.31,34.36,34.36,-1.0499999999999972,persistence,absolute,fold_3,1h,ppb
2026-08-17T02:45:00Z,1,33.6,29.57,29.57,4.030000000000001,persistence,absolute,fold_3,1h,ppb
2026-08-17T03:00:00Z,1,31.61,32.47,32.47,-0.8599999999999994,persistence,absolute,fold_3,1h,ppb
2026-08-17T03:15:00Z,1,39.44,33.9,33.9,5.539999999999999,persistence,absolute,fold_3,1h,ppb
2026-08-17T03:30:00Z,1,39.4,33.31,33.31,6.089999999999996,persistence,absolute,fold_3,1h,ppb
2026-08-17T03:45:00Z,1,38.16,33.6,33.6,4.559999999999995,persistence,absolute,fold_3,1h,ppb
2026-08-17T04:00:00Z,1,40.17,31.61,31.61,8.560000000000002,persistence,absolute,fold_3,1h,ppb
2026-08-17T04:15:00Z,1,45.46,39.44,39.44,6.020000000000003,persistence,absolute,fold_3,1h,ppb
2026-08-17T04:30:00Z,1,59.46,39.4,39.4,20.060000000000002,persistence,absolute,fold_3,1h,ppb
2026-08-17T04:45:00Z,1,60.75,38.16,38.16,22.590000000000003,persistence,absolute,fold_3,1h,ppb
2026-08-17T05:00:00Z,1,58.1,40.17,40.17,17.93,persistence,absolute,fold_3,1h,ppb
2026-08-17T05:15:00Z,1,66.47,45.46,45.46,21.009999999999998,persistence,absolute,fold_3,1h,ppb
2026-08-17T05:30:00Z,1,62.6,59.46,59.46,3.1400000000000006,persistence,absolute,fold_3,1h,ppb
2026-08-17T05:45:00Z,1,67.1,60.75,60.75,6.349999999999994,persistence,absolute,fold_3,1h,ppb
2026-08-17T06:00:00Z,1,68.85,58.1,58.1,10.749999999999993,persistence,absolute,fold_3,1h,ppb
2026-08-17T06:15:00Z,1,74.06,66.47,66.47,7.590000000000003,persistence,absolute,fold_3,1h,ppb
2026-08-17T06:30:00Z,1,72.18,62.6,62.6,9.580000000000005,persistence,absolute,fold_3,1h,ppb
2026-08-17T06:45:00Z,1,72.53,67.1,67.1,5.430000000000007,persistence,absolute,fold_3,1h,ppb
2026-08-17T07:00:00Z,1,68.54,68.85,68.85,-0.30999999999998806,persistence,absolute,fold_3,1h,ppb
2026-08-17T07:15:00Z,1,67.83,74.06,74.06,-6.230000000000004,persistence,absolute,fold_3,1h,ppb
2026-08-17T07:30:00Z,1,70.38,72.18,72.18,-1.8000000000000114,persistence,absolute,fold_3,1h,ppb
2026-08-17T07:45:00Z,1,67.48,72.53,72.53,-5.049999999999997,persistence,absolute,fold_3,1h,ppb
2026-08-17T08:00:00Z,1,65.85,68.54,68.54,-2.690000000000012,persistence,absolute,fold_3,1h,ppb
2026-08-17T08:15:00Z,1,60.87,67.83,67.83,-6.960000000000001,persistence,absolute,fold_3,1h,ppb
2026-08-17T08:30:00Z,1,62.57,70.38,70.38,-7.809999999999995,persistence,absolute,fold_3,1h,ppb
2026-08-17T08:45:00Z,1,60.92,67.48,67.48,-6.560000000000002,persistence,absolute,fold_3,1h,ppb
2026-08-17T09:00:00Z,1,63.41,65.85,65.85,-2.4399999999999977,persistence,absolute,fold_3,1h,ppb
2026-08-17T09:15:00Z,1,56.51,60.87,60.87,-4.359999999999999,persistence,absolute,fold_3,1h,ppb
2026-08-17T09:30:00Z,1,54.75,62.57,62.57,-7.82,persistence,absolute,fold_3,1h,ppb
2026-08-17T09:45:00Z,1,56.22,60.92,60.92,-4.700000000000003,persistence,absolute,fold_3,1h,ppb
2026-08-17T10:00:00Z,1,55.77,63.41,63.41,-7.6399999999999935,persistence,absolute,fold_3,1h,ppb
2026-08-17T10:15:00Z,1,51.6,56.51,56.51,-4.909999999999997,persistence,absolute,fold_3,1h,ppb
2026-08-17T10:30:00Z,1,48.56,54.75,54.75,-6.189999999999998,persistence,absolute,fold_3,1h,ppb
2026-08-17T10:45:00Z,1,52.35,56.22,56.22,-3.8699999999999974,persistence,absolute,fold_3,1h,ppb
2026-08-17T11:00:00Z,1,49.02,55.77,55.77,-6.75,persistence,absolute,fold_3,1h,ppb
2026-08-17T11:15:00Z,1,50.85,51.6,51.6,-0.75,persistence,absolute,fold_3,1h,ppb
2026-08-17T11:30:00Z,1,54.93,48.56,48.56,6.369999999999997,persistence,absolute,fold_3,1h,ppb
2026-08-17T11:45:00Z,1,53.95,52.35,52.35,1.6000000000000014,persistence,absolute,fold_3,1h,ppb
2026-08-17T12:00:00Z,1,55.04,49.02,49.02,6.019999999999996,persistence,absolute,fold_3,1h,ppb
2026-08-17T12:15:00Z,1,56.82,50.85,50.85,5.969999999999999,persistence,absolute,fold_3,1h,ppb
2026-08-17T12:30:00Z,1,58.42,54.93,54.93,3.490000000000002,persistence,absolute,fold_3,1h,ppb
2026-08-17T12:45:00Z,1,60.23,53.95,53.95,6.279999999999994,persistence,absolute,fold_3,1h,ppb
2026-08-17T13:00:00Z,1,59.57,55.04,55.04,4.530000000000001,persistence,absolute,fold_3,1h,ppb
2026-08-17T13:15:00Z,1,57.78,56.82,56.82,0.9600000000000009,persistence,absolute,fold_3,1h,ppb
2026-08-17T13:30:00Z,1,56.05,58.42,58.42,-2.3700000000000045,persistence,absolute,fold_3,1h,ppb
2026-08-17T13:45:00Z,1,63.33,60.23,60.23,3.1000000000000014,persistence,absolute,fold_3,1h,ppb
2026-08-17T14:00:00Z,1,59.6,59.57,59.57,0.030000000000001137,persistence,absolute,fold_3,1h,ppb
2026-08-17T14:15:00Z,1,61.07,57.78,57.78,3.289999999999999,persistence,absolute,fold_3,1h,ppb
2026-08-17T14:30:00Z,1,58.75,56.05,56.05,2.700000000000003,persistence,absolute,fold_3,1h,ppb
2026-08-17T14:45:00Z,1,50.93,63.33,63.33,-12.399999999999999,persistence,absolute,fold_3,1h,ppb
2026-08-17T15:00:00Z,1,57.08,59.6,59.6,-2.520000000000003,persistence,absolute,fold_3,1h,ppb
2026-08-17T15:15:00Z,1,53.49,61.07,61.07,-7.579999999999998,persistence,absolute,fold_3,1h,ppb
2026-08-17T15:30:00Z,1,51.64,58.75,58.75,-7.109999999999999,persistence,absolute,fold_3,1h,ppb
2026-08-17T15:45:00Z,1,53.74,50.93,50.93,2.8100000000000023,persistence,absolute,fold_3,1h,ppb
2026-08-17T16:00:00Z,1,50.62,57.08,57.08,-6.460000000000001,persistence,absolute,fold_3,1h,ppb
2026-08-17T16:15:00Z,1,49.94,53.49,53.49,-3.5500000000000043,persistence,absolute,fold_3,1h,ppb
2026-08-17T16:30:00Z,1,51.32,51.64,51.64,-0.3200000000000003,persistence,absolute,fold_3,1h,ppb
2026-08-17T16:45:00Z,1,52.08,53.74,53.74,-1.6600000000000037,persistence,absolute,fold_3,1h,ppb
2026-08-17T17:00:00Z,1,51.75,50.62,50.62,1.1300000000000026,persistence,absolute,fold_3,1h,ppb
2026-08-17T17:15:00Z,1,54.27,49.94,49.94,4.330000000000005,persistence,absolute,fold_3,1h,ppb
2026-08-17T17:30:00Z,1,51.23,51.32,51.32,-0.09000000000000341,persistence,absolute,fold_3,1h,ppb
2026-08-17T17:45:00Z,1,53.26,52.08,52.08,1.1799999999999997,persistence,absolute,fold_3,1h,ppb
2026-08-17T18:00:00Z,1,49.34,51.75,51.75,-2.4099999999999966,persistence,absolute,fold_3,1h,ppb
2026-08-17T18:15:00Z,1,40.68,54.27,54.27,-13.590000000000003,persistence,absolute,fold_3,1h,ppb
2026-08-17T18:30:00Z,1,47.79,51.23,51.23,-3.4399999999999977,persistence,absolute,fold_3,1h,ppb
2026-08-17T18:45:00Z,1,46.47,53.26,53.26,-6.789999999999999,persistence,absolute,fold_3,1h,ppb
2026-08-17T19:00:00Z,1,48.72,49.34,49.34,-0.6200000000000045,persistence,absolute,fold_3,1h,ppb
2026-08-17T19:15:00Z,1,51.92,40.68,40.68,11.240000000000002,persistence,absolute,fold_3,1h,ppb
2026-08-17T19:30:00Z,1,59.56,47.79,47.79,11.770000000000003,persistence,absolute,fold_3,1h,ppb
2026-08-17T19:45:00Z,1,52.54,46.47,46.47,6.07,persistence,absolute,fold_3,1h,ppb
2026-08-17T20:00:00Z,1,58.33,48.72,48.72,9.61,persistence,absolute,fold_3,1h,ppb
2026-08-17T20:15:00Z,1,47.32,51.92,51.92,-4.600000000000001,persistence,absolute,fold_3,1h,ppb
2026-08-17T20:30:00Z,1,39.53,59.56,59.56,-20.03,persistence,absolute,fold_3,1h,ppb
2026-08-17T20:45:00Z,1,40.26,52.54,52.54,-12.280000000000001,persistence,absolute,fold_3,1h,ppb
2026-08-17T21:00:00Z,1,40.5,58.33,58.33,-17.83,persistence,absolute,fold_3,1h,ppb
2026-08-17T21:15:00Z,1,38.44,47.32,47.32,-8.880000000000003,persistence,absolute,fold_3,1h,ppb
2026-08-17T21:30:00Z,1,30.5,39.53,39.53,-9.030000000000001,persistence,absolute,fold_3,1h,ppb
2026-08-17T21:45:00Z,1,39.56,40.26,40.26,-0.6999999999999957,persistence,absolute,fold_3,1h,ppb
2026-08-17T22:00:00Z,1,46.41,40.5,40.5,5.909999999999997,persistence,absolute,fold_3,1h,ppb
2026-08-17T22:15:00Z,1,44.85,38.44,38.44,6.410000000000004,persistence,absolute,fold_3,1h,ppb
2026-08-17T22:30:00Z,1,47.57,30.5,30.5,17.07,persistence,absolute,fold_3,1h,ppb
2026-08-17T22:45:00Z,1,43.26,39.56,39.56,3.6999999999999957,persistence,absolute,fold_3,1h,ppb
2026-08-17T23:00:00Z,1,35.82,46.41,46.41,-10.589999999999996,persistence,absolute,fold_3,1h,ppb
2026-08-17T23:15:00Z,1,44.24,44.85,44.85,-0.6099999999999994,persistence,absolute,fold_3,1h,ppb
2026-08-17T23:30:00Z,1,48.06,47.57,47.57,0.490000000000002,persistence,absolute,fold_3,1h,ppb
2026-08-17T23:45:00Z,1,45.72,43.26,43.26,2.460000000000001,persistence,absolute,fold_3,1h,ppb
2026-08-18T00:00:00Z,1,43.33,35.82,35.82,7.509999999999998,persistence,absolute,fold_3,1h,ppb
2026-08-18T00:15:00Z,1,44.85,44.24,44.24,0.6099999999999994,persistence,absolute,fold_3,1h,ppb
2026-08-18T00:30:00Z,1,46.76,48.06,48.06,-1.3000000000000043,persistence,absolute,fold_3,1h,ppb
2026-08-18T00:45:00Z,1,48.85,45.72,45.72,3.1300000000000026,persistence,absolute,fold_3,1h,ppb
2026-08-18T01:00:00Z,1,44.3,43.33,43.33,0.9699999999999989,persistence,absolute,fold_3,1h,ppb
2026-08-18T01:15:00Z,1,45.94,44.85,44.85,1.0899999999999963,persistence,absolute,fold_3,1h,ppb
2026-08-18T01:30:00Z,1,46.02,46.76,46.76,-0.7399999999999949,persistence,absolute,fold_3,1h,ppb
2026-08-18T01:45:00Z,1,47.94,48.85,48.85,-0.9100000000000037,persistence,absolute,fold_3,1h,ppb
2026-08-18T02:00:00Z,1,46.43,44.3,44.3,2.1300000000000026,persistence,absolute,fold_3,1h,ppb
2026-08-18T02:15:00Z,1,47.12,45.94,45.94,1.1799999999999997,persistence,absolute,fold_3,1h,ppb
2026-08-18T02:30:00Z,1,46.55,46.02,46.02,0.529999999999994,persistence,absolute,fold_3,1h,ppb
2026-08-18T02:45:00Z,1,45.15,47.94,47.94,-2.789999999999999,persistence,absolute,fold_3,1h,ppb
2026-08-18T03:00:00Z,1,44.08,46.43,46.43,-2.3500000000000014,persistence,absolute,fold_3,1h,ppb
2026-08-18T03:15:00Z,1,39.74,47.12,47.12,-7.3799999999999955,persistence,absolute,fold_3,1h,ppb
2026-08-18T03:30:00Z,1,39.79,46.55,46.55,-6.759999999999998,persistence,absolute,fold_3,1h,ppb
2026-08-18T03:45:00Z,1,51.59,45.15,45.15,6.440000000000005,persistence,absolute,fold_3,1h,ppb
2026-08-18T04:00:00Z,1,55.56,44.08,44.08,11.480000000000004,persistence,absolute,fold_3,1h,ppb
2026-08-18T04:15:00Z,1,64.97,39.74,39.74,25.229999999999997,persistence,absolute,fold_3,1h,ppb
2026-08-18T04:30:00Z,1,61.08,39.79,39.79,21.29,persistence,absolute,fold_3,1h,ppb
2026-08-18T04:45:00Z,1,59.17,51.59,51.59,7.579999999999998,persistence,absolute,fold_3,1h,ppb
2026-08-18T05:00:00Z,1,68.61,55.56,55.56,13.049999999999997,persistence,absolute,fold_3,1h,ppb
2026-08-18T05:15:00Z,1,71.53,64.97,64.97,6.560000000000002,persistence,absolute,fold_3,1h,ppb
2026-08-18T05:30:00Z,1,69.74,61.08,61.08,8.659999999999997,persistence,absolute,fold_3,1h,ppb
2026-08-18T05:45:00Z,1,70.35,59.17,59.17,11.179999999999993,persistence,absolute,fold_3,1h,ppb
2026-08-18T06:00:00Z,1,69.55,68.61,68.61,0.9399999999999977,persistence,absolute,fold_3,1h,ppb
2026-08-18T06:15:00Z,1,72.52,71.53,71.53,0.9899999999999949,persistence,absolute,fold_3,1h,ppb
2026-08-18T06:30:00Z,1,80.75,69.74,69.74,11.010000000000005,persistence,absolute,fold_3,1h,ppb
2026-08-18T06:45:00Z,1,70.84,70.35,70.35,0.4900000000000091,persistence,absolute,fold_3,1h,ppb
2026-08-18T07:00:00Z,1,75.18,69.55,69.55,5.63000000000001,persistence,absolute,fold_3,1h,ppb
2026-08-18T07:15:00Z,1,79.4,72.52,72.52,6.88000000000001,persistence,absolute,fold_3,1h,ppb
2026-08-18T07:30:00Z,1,74.38,80.75,80.75,-6.3700000000000045,persistence,absolute,fold_3,1h,ppb
2026-08-18T07:45:00Z,1,77.97,70.84,70.84,7.1299999999999955,persistence,absolute,fold_3,1h,ppb
2026-08-18T08:00:00Z,1,80.06,75.18,75.18,4.8799999999999955,persistence,absolute,fold_3,1h,ppb
2026-08-18T08:15:00Z,1,82.23,79.4,79.4,2.8299999999999983,persistence,absolute,fold_3,1h,ppb
2026-08-18T08:30:00Z,1,78.6,74.38,74.38,4.219999999999999,persistence,absolute,fold_3,1h,ppb
2026-08-18T08:45:00Z,1,72.26,77.97,77.97,-5.709999999999994,persistence,absolute,fold_3,1h,ppb
2026-08-18T09:00:00Z,1,69.66,80.06,80.06,-10.400000000000006,persistence,absolute,fold_3,1h,ppb
2026-08-18T09:15:00Z,1,65.31,82.23,82.23,-16.92,persistence,absolute,fold_3,1h,ppb
2026-08-18T09:30:00Z,1,71.0,78.6,78.6,-7.599999999999994,persistence,absolute,fold_3,1h,ppb
2026-08-18T09:45:00Z,1,70.31,72.26,72.26,-1.9500000000000028,persistence,absolute,fold_3,1h,ppb
2026-08-18T10:00:00Z,1,68.27,69.66,69.66,-1.3900000000000006,persistence,absolute,fold_3,1h,ppb
2026-08-18T10:15:00Z,1,65.5,65.31,65.31,0.18999999999999773,persistence,absolute,fold_3,1h,ppb
2026-08-18T10:30:00Z,1,69.62,71.0,71.0,-1.3799999999999955,persistence,absolute,fold_3,1h,ppb
2026-08-18T10:45:00Z,1,63.77,70.31,70.31,-6.539999999999999,persistence,absolute,fold_3,1h,ppb
2026-08-18T11:00:00Z,1,66.61,68.27,68.27,-1.6599999999999966,persistence,absolute,fold_3,1h,ppb
2026-08-18T11:15:00Z,1,67.7,65.5,65.5,2.200000000000003,persistence,absolute,fold_3,1h,ppb
2026-08-18T11:30:00Z,1,66.0,69.62,69.62,-3.6200000000000045,persistence,absolute,fold_3,1h,ppb
2026-08-18T11:45:00Z,1,67.14,63.77,63.77,3.3699999999999974,persistence,absolute,fold_3,1h,ppb
2026-08-18T12:00:00Z,1,67.39,66.61,66.61,0.7800000000000011,persistence,absolute,fold_3,1h,ppb
2026-08-18T12:15:00Z,1,65.3,67.7,67.7,-2.4000000000000057,persistence,absolute,fold_3,1h,ppb
2026-08-18T12:30:00Z,1,67.31,66.0,66.0,1.3100000000000023,persistence,absolute,fold_3,1h,ppb
2026-08-18T12:45:00Z,1,64.29,67.14,67.14,-2.8499999999999943,persistence,absolute,fold_3,1h,ppb
2026-08-18T13:00:00Z,1,62.36,67.39,67.39,-5.030000000000001,persistence,absolute,fold_3,1h,ppb
2026-08-18T13:15:00Z,1,61.89,65.3,65.3,-3.4099999999999966,persistence,absolute,fold_3,1h,ppb
2026-08-18T13:30:00Z,1,64.11,67.31,67.31,-3.200000000000003,persistence,absolute,fold_3,1h,ppb
2026-08-18T13:45:00Z,1,69.18,64.29,64.29,4.890000000000001,persistence,absolute,fold_3,1h,ppb
2026-08-18T14:00:00Z,1,61.67,62.36,62.36,-0.6899999999999977,persistence,absolute,fold_3,1h,ppb
2026-08-18T14:15:00Z,1,61.3,61.89,61.89,-0.5900000000000034,persistence,absolute,fold_3,1h,ppb
2026-08-18T14:30:00Z,1,59.61,64.11,64.11,-4.5,persistence,absolute,fold_3,1h,ppb
2026-08-18T14:45:00Z,1,53.82,69.18,69.18,-15.360000000000007,persistence,absolute,fold_3,1h,ppb
2026-08-18T15:00:00Z,1,51.38,61.67,61.67,-10.29,persistence,absolute,fold_3,1h,ppb
2026-08-18T15:15:00Z,1,50.06,61.3,61.3,-11.239999999999995,persistence,absolute,fold_3,1h,ppb
2026-08-18T15:30:00Z,1,52.68,59.61,59.61,-6.93,persistence,absolute,fold_3,1h,ppb
2026-08-18T15:45:00Z,1,50.89,53.82,53.82,-2.9299999999999997,persistence,absolute,fold_3,1h,ppb
2026-08-18T16:00:00Z,1,53.68,51.38,51.38,2.299999999999997,persistence,absolute,fold_3,1h,ppb
2026-08-18T16:15:00Z,1,51.95,50.06,50.06,1.8900000000000006,persistence,absolute,fold_3,1h,ppb
2026-08-18T16:30:00Z,1,56.49,52.68,52.68,3.8100000000000023,persistence,absolute,fold_3,1h,ppb
2026-08-18T16:45:00Z,1,56.46,50.89,50.89,5.57,persistence,absolute,fold_3,1h,ppb
2026-08-18T17:00:00Z,1,45.17,53.68,53.68,-8.509999999999998,persistence,absolute,fold_3,1h,ppb
2026-08-18T17:15:00Z,1,53.78,51.95,51.95,1.8299999999999983,persistence,absolute,fold_3,1h,ppb
2026-08-18T17:30:00Z,1,57.86,56.49,56.49,1.3699999999999974,persistence,absolute,fold_3,1h,ppb
2026-08-18T17:45:00Z,1,56.68,56.46,56.46,0.21999999999999886,persistence,absolute,fold_3,1h,ppb
2026-08-18T18:00:00Z,1,53.19,45.17,45.17,8.019999999999996,persistence,absolute,fold_3,1h,ppb
2026-08-18T18:15:00Z,1,53.94,53.78,53.78,0.1599999999999966,persistence,absolute,fold_3,1h,ppb
2026-08-18T18:30:00Z,1,51.3,57.86,57.86,-6.560000000000002,persistence,absolute,fold_3,1h,ppb
2026-08-18T18:45:00Z,1,56.13,56.68,56.68,-0.5499999999999972,persistence,absolute,fold_3,1h,ppb
2026-08-18T19:00:00Z,1,58.02,53.19,53.19,4.830000000000005,persistence,absolute,fold_3,1h,ppb
2026-08-18T19:15:00Z,1,59.13,53.94,53.94,5.190000000000005,persistence,absolute,fold_3,1h,ppb
2026-08-18T19:30:00Z,1,64.47,51.3,51.3,13.170000000000002,persistence,absolute,fold_3,1h,ppb
2026-08-18T19:45:00Z,1,66.4,56.13,56.13,10.270000000000003,persistence,absolute,fold_3,1h,ppb
2026-08-18T20:00:00Z,1,64.15,58.02,58.02,6.130000000000003,persistence,absolute,fold_3,1h,ppb
2026-08-18T20:15:00Z,1,64.78,59.13,59.13,5.649999999999999,persistence,absolute,fold_3,1h,ppb
2026-08-18T20:30:00Z,1,64.88,64.47,64.47,0.4099999999999966,persistence,absolute,fold_3,1h,ppb
2026-08-18T20:45:00Z,1,65.11,66.4,66.4,-1.2900000000000063,persistence,absolute,fold_3,1h,ppb
2026-08-18T21:00:00Z,1,66.62,64.15,64.15,2.469999999999999,persistence,absolute,fold_3,1h,ppb
2026-08-18T21:15:00Z,1,62.61,64.78,64.78,-2.1700000000000017,persistence,absolute,fold_3,1h,ppb
2026-08-18T21:30:00Z,1,62.07,64.88,64.88,-2.809999999999995,persistence,absolute,fold_3,1h,ppb
2026-08-18T21:45:00Z,1,54.47,65.11,65.11,-10.64,persistence,absolute,fold_3,1h,ppb
2026-08-18T22:00:00Z,1,42.34,66.62,66.62,-24.28,persistence,absolute,fold_3,1h,ppb
2026-08-18T22:15:00Z,1,44.55,62.61,62.61,-18.060000000000002,persistence,absolute,fold_3,1h,ppb
2026-08-18T22:30:00Z,1,44.43,62.07,62.07,-17.64,persistence,absolute,fold_3,1h,ppb
2026-08-18T22:45:00Z,1,43.34,54.47,54.47,-11.129999999999995,persistence,absolute,fold_3,1h,ppb
2026-08-18T23:00:00Z,1,35.37,42.34,42.34,-6.970000000000006,persistence,absolute,fold_3,1h,ppb
2026-08-18T23:15:00Z,1,45.7,44.55,44.55,1.1500000000000057,persistence,absolute,fold_3,1h,ppb
2026-08-18T23:30:00Z,1,50.02,44.43,44.43,5.590000000000003,persistence,absolute,fold_3,1h,ppb
2026-08-18T23:45:00Z,1,39.43,43.34,43.34,-3.9100000000000037,persistence,absolute,fold_3,1h,ppb
2026-08-19T00:00:00Z,1,36.91,35.37,35.37,1.5399999999999991,persistence,absolute,fold_3,1h,ppb
2026-08-19T00:15:00Z,1,35.09,45.7,45.7,-10.61,persistence,absolute,fold_3,1h,ppb
2026-08-19T00:30:00Z,1,37.5,50.02,50.02,-12.520000000000003,persistence,absolute,fold_3,1h,ppb
2026-08-19T00:45:00Z,1,38.81,39.43,39.43,-0.6199999999999974,persistence,absolute,fold_3,1h,ppb
2026-08-19T01:00:00Z,1,47.16,36.91,36.91,10.25,persistence,absolute,fold_3,1h,ppb
2026-08-19T01:15:00Z,1,45.19,35.09,35.09,10.099999999999994,persistence,absolute,fold_3,1h,ppb
2026-08-19T01:30:00Z,1,36.38,37.5,37.5,-1.1199999999999974,persistence,absolute,fold_3,1h,ppb
2026-08-19T01:45:00Z,1,39.92,38.81,38.81,1.1099999999999994,persistence,absolute,fold_3,1h,ppb
2026-08-19T02:00:00Z,1,39.31,47.16,47.16,-7.849999999999994,persistence,absolute,fold_3,1h,ppb
2026-08-19T02:15:00Z,1,36.1,45.19,45.19,-9.089999999999996,persistence,absolute,fold_3,1h,ppb
2026-08-19T02:30:00Z,1,37.44,36.38,36.38,1.0599999999999952,persistence,absolute,fold_3,1h,ppb
2026-08-19T02:45:00Z,1,38.27,39.92,39.92,-1.6499999999999986,persistence,absolute,fold_3,1h,ppb
2026-08-19T03:00:00Z,1,38.98,39.31,39.31,-0.3300000000000054,persistence,absolute,fold_3,1h,ppb
2026-08-19T03:15:00Z,1,38.21,36.1,36.1,2.1099999999999994,persistence,absolute,fold_3,1h,ppb
2026-08-19T03:30:00Z,1,43.3,37.44,37.44,5.859999999999999,persistence,absolute,fold_3,1h,ppb
2026-08-19T03:45:00Z,1,34.96,38.27,38.27,-3.3100000000000023,persistence,absolute,fold_3,1h,ppb
2026-08-19T04:00:00Z,1,51.52,38.98,38.98,12.540000000000006,persistence,absolute,fold_3,1h,ppb
2026-08-19T04:15:00Z,1,51.99,38.21,38.21,13.780000000000001,persistence,absolute,fold_3,1h,ppb
2026-08-19T04:30:00Z,1,58.04,43.3,43.3,14.740000000000002,persistence,absolute,fold_3,1h,ppb
2026-08-19T04:45:00Z,1,61.42,34.96,34.96,26.46,persistence,absolute,fold_3,1h,ppb
2026-08-19T05:00:00Z,1,66.83,51.52,51.52,15.309999999999995,persistence,absolute,fold_3,1h,ppb
2026-08-19T05:15:00Z,1,70.47,51.99,51.99,18.479999999999997,persistence,absolute,fold_3,1h,ppb
2026-08-19T05:30:00Z,1,72.11,58.04,58.04,14.07,persistence,absolute,fold_3,1h,ppb
2026-08-19T05:45:00Z,1,71.34,61.42,61.42,9.920000000000002,persistence,absolute,fold_3,1h,ppb
2026-08-19T06:00:00Z,1,74.61,66.83,66.83,7.780000000000001,persistence,absolute,fold_3,1h,ppb
2026-08-19T06:15:00Z,1,70.72,70.47,70.47,0.25,persistence,absolute,fold_3,1h,ppb
2026-08-19T06:30:00Z,1,75.92,72.11,72.11,3.8100000000000023,persistence,absolute,fold_3,1h,ppb
2026-08-19T06:45:00Z,1,76.97,71.34,71.34,5.6299999999999955,persistence,absolute,fold_3,1h,ppb
2026-08-19T07:00:00Z,1,77.04,74.61,74.61,2.430000000000007,persistence,absolute,fold_3,1h,ppb
2026-08-19T07:15:00Z,1,78.08,70.72,70.72,7.359999999999999,persistence,absolute,fold_3,1h,ppb
2026-08-19T07:30:00Z,1,80.2,75.92,75.92,4.280000000000001,persistence,absolute,fold_3,1h,ppb
2026-08-19T07:45:00Z,1,80.11,76.97,76.97,3.1400000000000006,persistence,absolute,fold_3,1h,ppb
2026-08-19T08:00:00Z,1,78.76,77.04,77.04,1.7199999999999989,persistence,absolute,fold_3,1h,ppb
2026-08-19T08:15:00Z,1,78.47,78.08,78.08,0.39000000000000057,persistence,absolute,fold_3,1h,ppb
2026-08-19T08:30:00Z,1,72.2,80.2,80.2,-8.0,persistence,absolute,fold_3,1h,ppb
2026-08-19T08:45:00Z,1,68.15,80.11,80.11,-11.959999999999994,persistence,absolute,fold_3,1h,ppb
2026-08-19T09:00:00Z,1,66.55,78.76,78.76,-12.210000000000008,persistence,absolute,fold_3,1h,ppb
2026-08-19T09:15:00Z,1,61.59,78.47,78.47,-16.879999999999995,persistence,absolute,fold_3,1h,ppb
2026-08-19T09:30:00Z,1,60.61,72.2,72.2,-11.590000000000003,persistence,absolute,fold_3,1h,ppb
2026-08-19T09:45:00Z,1,62.48,68.15,68.15,-5.670000000000009,persistence,absolute,fold_3,1h,ppb
2026-08-19T10:00:00Z,1,57.59,66.55,66.55,-8.959999999999994,persistence,absolute,fold_3,1h,ppb
2026-08-19T10:15:00Z,1,55.9,61.59,61.59,-5.690000000000005,persistence,absolute,fold_3,1h,ppb
2026-08-19T10:30:00Z,1,55.35,60.61,60.61,-5.259999999999998,persistence,absolute,fold_3,1h,ppb
2026-08-19T10:45:00Z,1,56.43,62.48,62.48,-6.049999999999997,persistence,absolute,fold_3,1h,ppb
2026-08-19T11:00:00Z,1,56.04,57.59,57.59,-1.5500000000000043,persistence,absolute,fold_3,1h,ppb
2026-08-19T11:15:00Z,1,55.24,55.9,55.9,-0.6599999999999966,persistence,absolute,fold_3,1h,ppb
2026-08-19T11:30:00Z,1,56.0,55.35,55.35,0.6499999999999986,persistence,absolute,fold_3,1h,ppb
2026-08-19T11:45:00Z,1,52.93,56.43,56.43,-3.5,persistence,absolute,fold_3,1h,ppb
2026-08-19T12:00:00Z,1,49.7,56.04,56.04,-6.339999999999996,persistence,absolute,fold_3,1h,ppb
2026-08-19T12:15:00Z,1,48.84,55.24,55.24,-6.399999999999999,persistence,absolute,fold_3,1h,ppb
2026-08-19T12:30:00Z,1,48.37,56.0,56.0,-7.630000000000003,persistence,absolute,fold_3,1h,ppb
2026-08-19T12:45:00Z,1,50.11,52.93,52.93,-2.8200000000000003,persistence,absolute,fold_3,1h,ppb
2026-08-19T13:00:00Z,1,54.23,49.7,49.7,4.529999999999994,persistence,absolute,fold_3,1h,ppb
2026-08-19T13:15:00Z,1,50.71,48.84,48.84,1.8699999999999974,persistence,absolute,fold_3,1h,ppb
2026-08-19T13:30:00Z,1,51.31,48.37,48.37,2.940000000000005,persistence,absolute,fold_3,1h,ppb
2026-08-19T13:45:00Z,1,56.56,50.11,50.11,6.450000000000003,persistence,absolute,fold_3,1h,ppb
2026-08-19T14:00:00Z,1,52.84,54.23,54.23,-1.3899999999999935,persistence,absolute,fold_3,1h,ppb
2026-08-19T14:15:00Z,1,48.59,50.71,50.71,-2.1199999999999974,persistence,absolute,fold_3,1h,ppb
2026-08-19T14:30:00Z,1,45.5,51.31,51.31,-5.810000000000002,persistence,absolute,fold_3,1h,ppb
2026-08-19T14:45:00Z,1,45.0,56.56,56.56,-11.560000000000002,persistence,absolute,fold_3,1h,ppb
2026-08-19T15:15:00Z,1,46.24,48.59,48.59,-2.3500000000000014,persistence,absolute,fold_3,1h,ppb
2026-08-19T15:30:00Z,1,50.5,45.5,45.5,5.0,persistence,absolute,fold_3,1h,ppb
2026-08-19T15:45:00Z,1,50.06,45.0,45.0,5.060000000000002,persistence,absolute,fold_3,1h,ppb
2026-08-19T16:15:00Z,1,47.2,46.24,46.24,0.9600000000000009,persistence,absolute,fold_3,1h,ppb
2026-08-19T16:30:00Z,1,49.82,50.5,50.5,-0.6799999999999997,persistence,absolute,fold_3,1h,ppb
2026-08-19T16:45:00Z,1,48.3,50.06,50.06,-1.7600000000000051,persistence,absolute,fold_3,1h,ppb
2026-08-19T17:00:00Z,1,48.54,51.71,51.71,-3.1700000000000017,persistence,absolute,fold_3,1h,ppb
2026-08-19T17:15:00Z,1,45.92,47.2,47.2,-1.2800000000000011,persistence,absolute,fold_3,1h,ppb
2026-08-19T17:30:00Z,1,47.87,49.82,49.82,-1.9500000000000028,persistence,absolute,fold_3,1h,ppb
2026-08-19T17:45:00Z,1,50.06,48.3,48.3,1.7600000000000051,persistence,absolute,fold_3,1h,ppb
2026-08-19T18:00:00Z,1,46.31,48.54,48.54,-2.229999999999997,persistence,absolute,fold_3,1h,ppb
2026-08-19T18:15:00Z,1,44.9,45.92,45.92,-1.0200000000000031,persistence,absolute,fold_3,1h,ppb
2026-08-19T18:30:00Z,1,36.86,47.87,47.87,-11.009999999999998,persistence,absolute,fold_3,1h,ppb
2026-08-19T18:45:00Z,1,44.22,50.06,50.06,-5.840000000000003,persistence,absolute,fold_3,1h,ppb
2026-08-19T19:00:00Z,1,43.04,46.31,46.31,-3.270000000000003,persistence,absolute,fold_3,1h,ppb
2026-08-19T19:15:00Z,1,47.06,44.9,44.9,2.1600000000000037,persistence,absolute,fold_3,1h,ppb
2026-08-19T19:30:00Z,1,41.08,36.86,36.86,4.219999999999999,persistence,absolute,fold_3,1h,ppb
2026-08-19T19:45:00Z,1,42.21,44.22,44.22,-2.009999999999998,persistence,absolute,fold_3,1h,ppb
2026-08-19T20:00:00Z,1,49.78,43.04,43.04,6.740000000000002,persistence,absolute,fold_3,1h,ppb
2026-08-19T20:15:00Z,1,49.97,47.06,47.06,2.9099999999999966,persistence,absolute,fold_3,1h,ppb
2026-08-19T20:30:00Z,1,49.43,41.08,41.08,8.350000000000001,persistence,absolute,fold_3,1h,ppb
2026-08-19T20:45:00Z,1,48.33,42.21,42.21,6.119999999999997,persistence,absolute,fold_3,1h,ppb
2026-08-19T21:00:00Z,1,48.91,49.78,49.78,-0.8700000000000045,persistence,absolute,fold_3,1h,ppb
2026-08-19T21:15:00Z,1,43.43,49.97,49.97,-6.539999999999999,persistence,absolute,fold_3,1h,ppb
2026-08-19T21:30:00Z,1,34.33,49.43,49.43,-15.100000000000001,persistence,absolute,fold_3,1h,ppb
2026-08-19T21:45:00Z,1,31.49,48.33,48.33,-16.84,persistence,absolute,fold_3,1h,ppb
2026-08-19T22:00:00Z,1,30.18,48.91,48.91,-18.729999999999997,persistence,absolute,fold_3,1h,ppb
2026-08-19T22:15:00Z,1,30.76,43.43,43.43,-12.669999999999998,persistence,absolute,fold_3,1h,ppb
2026-08-19T22:30:00Z,1,30.18,34.33,34.33,-4.149999999999999,persistence,absolute,fold_3,1h,ppb
2026-08-19T22:45:00Z,1,32.06,31.49,31.49,0.5700000000000038,persistence,absolute,fold_3,1h,ppb
2026-08-19T23:00:00Z,1,32.78,30.18,30.18,2.6000000000000014,persistence,absolute,fold_3,1h,ppb
2026-08-19T23:15:00Z,1,36.8,30.76,30.76,6.039999999999996,persistence,absolute,fold_3,1h,ppb
2026-08-19T23:30:00Z,1,36.6,30.18,30.18,6.420000000000002,persistence,absolute,fold_3,1h,ppb
2026-08-19T23:45:00Z,1,36.41,32.06,32.06,4.349999999999994,persistence,absolute,fold_3,1h,ppb
2026-08-16T00:00:00Z,1,57.13,55.7,57.322148567330856,-0.19214856733085384,random_forest,absolute,fold_3,1h,ppb
2026-08-16T00:15:00Z,1,49.06,56.93,56.76176034347293,-7.701760343472927,random_forest,absolute,fold_3,1h,ppb
2026-08-16T00:30:00Z,1,45.1,62.43,56.04745637299922,-10.94745637299922,random_forest,absolute,fold_3,1h,ppb
2026-08-16T00:45:00Z,1,43.27,64.04,56.91888617534481,-13.648886175344806,random_forest,absolute,fold_3,1h,ppb
2026-08-16T01:00:00Z,1,41.52,57.13,55.17744727321384,-13.65744727321384,random_forest,absolute,fold_3,1h,ppb
2026-08-16T01:15:00Z,1,38.79,49.06,48.88785535730312,-10.097855357303118,random_forest,absolute,fold_3,1h,ppb
2026-08-16T01:30:00Z,1,31.45,45.1,47.22989867724869,-15.779898677248692,random_forest,absolute,fold_3,1h,ppb
2026-08-16T01:45:00Z,1,36.15,43.27,44.71907142857143,-8.569071428571434,random_forest,absolute,fold_3,1h,ppb
2026-08-16T02:00:00Z,1,36.31,41.52,44.122085978836,-7.812085978835995,random_forest,absolute,fold_3,1h,ppb
2026-08-16T02:15:00Z,1,34.12,38.79,41.34198302469135,-7.221983024691355,random_forest,absolute,fold_3,1h,ppb
2026-08-16T02:30:00Z,1,28.27,31.45,35.1717075617284,-6.901707561728397,random_forest,absolute,fold_3,1h,ppb
2026-08-16T02:45:00Z,1,35.54,36.15,34.322860119047604,1.217139880952395,random_forest,absolute,fold_3,1h,ppb
2026-08-16T03:00:00Z,1,39.04,36.31,37.86326091269842,1.176739087301577,random_forest,absolute,fold_3,1h,ppb
2026-08-16T03:15:00Z,1,37.95,34.12,36.86179195326279,1.0882080467372148,random_forest,absolute,fold_3,1h,ppb
2026-08-16T03:30:00Z,1,38.09,28.27,35.62560079365078,2.4643992063492206,random_forest,absolute,fold_3,1h,ppb
2026-08-16T03:45:00Z,1,37.46,35.54,35.61840615079363,1.8415938492063688,random_forest,absolute,fold_3,1h,ppb
2026-08-16T04:00:00Z,1,59.29,39.04,44.45427153880072,14.835728461199281,random_forest,absolute,fold_3,1h,ppb
2026-08-16T04:15:00Z,1,69.16,37.95,44.98125870811288,24.178741291887114,random_forest,absolute,fold_3,1h,ppb
2026-08-16T04:30:00Z,1,65.11,38.09,45.04099223985891,20.06900776014109,random_forest,absolute,fold_3,1h,ppb
2026-08-16T04:45:00Z,1,65.11,37.46,43.61671642416226,21.493283575837737,random_forest,absolute,fold_3,1h,ppb
2026-08-16T05:00:00Z,1,47.07,59.29,58.60493160774406,-11.534931607744056,random_forest,absolute,fold_3,1h,ppb
2026-08-16T05:15:00Z,1,61.38,69.16,67.71794133597882,-6.337941335978819,random_forest,absolute,fold_3,1h,ppb
2026-08-16T05:30:00Z,1,57.16,65.11,69.913106487494,-12.753106487494009,random_forest,absolute,fold_3,1h,ppb
2026-08-16T05:45:00Z,1,61.27,65.11,72.58858084215166,-11.318580842151654,random_forest,absolute,fold_3,1h,ppb
2026-08-16T06:00:00Z,1,67.67,47.07,58.65085000000001,9.01914999999999,random_forest,absolute,fold_3,1h,ppb
2026-08-16T06:15:00Z,1,48.63,61.38,72.77017433862436,-24.140174338624355,random_forest,absolute,fold_3,1h,ppb
2026-08-16T06:30:00Z,1,60.25,57.16,71.59217063492065,-11.342170634920649,random_forest,absolute,fold_3,1h,ppb
2026-08-16T06:45:00Z,1,28.27,61.27,71.22156159010741,-42.95156159010742,random_forest,absolute,fold_3,1h,ppb
2026-08-16T07:00:00Z,1,41.84,67.67,75.34002314814816,-33.50002314814816,random_forest,absolute,fold_3,1h,ppb
2026-08-16T07:15:00Z,1,59.98,48.63,59.54100846560847,0.4389915343915263,random_forest,absolute,fold_3,1h,ppb
2026-08-16T07:30:00Z,1,61.3,60.25,71.35769238555325,-10.057692385553253,random_forest,absolute,fold_3,1h,ppb
2026-08-16T07:45:00Z,1,55.75,28.27,43.98680802469138,11.763191975308622,random_forest,absolute,fold_3,1h,ppb
2026-08-16T08:00:00Z,1,23.87,41.84,42.523593518518524,-18.653593518518523,random_forest,absolute,fold_3,1h,ppb
2026-08-16T08:15:00Z,1,18.69,59.98,62.96317280189854,-44.27317280189854,random_forest,absolute,fold_3,1h,ppb
2026-08-16T08:30:00Z,1,8.86,61.3,63.78890738167059,-54.92890738167059,random_forest,absolute,fold_3,1h,ppb
2026-08-16T08:45:00Z,1,4.45,55.75,64.4742488600996,-60.024248860099604,random_forest,absolute,fold_3,1h,ppb
2026-08-16T09:00:00Z,1,7.66,23.87,41.434912786596136,-33.77491278659613,random_forest,absolute,fold_3,1h,ppb
2026-08-16T09:15:00Z,1,8.21,18.69,38.56707799823634,-30.357077998236342,random_forest,absolute,fold_3,1h,ppb
2026-08-16T09:30:00Z,1,11.97,8.86,38.502340873015896,-26.532340873015897,random_forest,absolute,fold_3,1h,ppb
2026-08-16T09:45:00Z,1,18.89,4.45,38.435677910052924,-19.545677910052923,random_forest,absolute,fold_3,1h,ppb
2026-08-16T10:00:00Z,1,36.48,7.66,39.08375423280426,-2.6037542328042633,random_forest,absolute,fold_3,1h,ppb
2026-08-16T10:15:00Z,1,34.67,8.21,39.511863029100546,-4.841863029100544,random_forest,absolute,fold_3,1h,ppb
2026-08-16T10:30:00Z,1,18.72,11.97,39.62034883156968,-20.90034883156968,random_forest,absolute,fold_3,1h,ppb
2026-08-16T10:45:00Z,1,17.67,18.89,39.507515299823645,-21.837515299823643,random_forest,absolute,fold_3,1h,ppb
2026-08-16T11:00:00Z,1,11.8,36.48,40.279523633156984,-28.479523633156983,random_forest,absolute,fold_3,1h,ppb
2026-08-16T11:15:00Z,1,8.55,34.67,39.421894274090114,-30.871894274090113,random_forest,absolute,fold_3,1h,ppb
2026-08-16T11:30:00Z,1,26.43,18.72,39.008093744989594,-12.578093744989594,random_forest,absolute,fold_3,1h,ppb
2026-08-16T11:45:00Z,1,17.22,17.67,39.14218294252044,-21.922182942520443,random_forest,absolute,fold_3,1h,ppb
2026-08-16T12:00:00Z,1,17.48,11.8,37.40647724867727,-19.92647724867727,random_forest,absolute,fold_3,1h,ppb
2026-08-16T12:15:00Z,1,20.63,8.55,37.73087851130352,-17.100878511303524,random_forest,absolute,fold_3,1h,ppb
2026-08-16T12:30:00Z,1,7.98,26.43,39.654469472502804,-31.674469472502803,random_forest,absolute,fold_3,1h,ppb
2026-08-16T12:45:00Z,1,21.15,17.22,39.728936580086575,-18.578936580086577,random_forest,absolute,fold_3,1h,ppb
2026-08-16T13:00:00Z,1,17.21,17.48,39.68975373176207,-22.479753731762067,random_forest,absolute,fold_3,1h,ppb
2026-08-16T13:15:00Z,1,12.86,20.63,39.73614466490301,-26.87614466490301,random_forest,absolute,fold_3,1h,ppb
2026-08-16T13:30:00Z,1,4.93,7.98,38.80475139490141,-33.87475139490141,random_forest,absolute,fold_3,1h,ppb
2026-08-16T13:45:00Z,1,21.25,21.15,39.876408201058226,-18.626408201058226,random_forest,absolute,fold_3,1h,ppb
2026-08-16T14:00:00Z,1,0.96,17.21,39.36248736772488,-38.40248736772488,random_forest,absolute,fold_3,1h,ppb
2026-08-16T14:15:00Z,1,4.39,12.86,39.53173294252046,-35.14173294252046,random_forest,absolute,fold_3,1h,ppb
2026-08-16T14:30:00Z,1,11.5,4.93,39.80865337902839,-28.308653379028392,random_forest,absolute,fold_3,1h,ppb
2026-08-16T14:45:00Z,1,15.62,21.25,40.34834387125221,-24.728343871252214,random_forest,absolute,fold_3,1h,ppb
2026-08-16T15:00:00Z,1,0.52,0.96,39.50311904761907,-38.98311904761907,random_forest,absolute,fold_3,1h,ppb
2026-08-16T16:00:00Z,1,14.32,0.52,41.18867277336863,-26.86867277336863,random_forest,absolute,fold_3,1h,ppb
2026-08-16T17:00:00Z,1,50.93,14.32,45.48635318477819,5.443646815221811,random_forest,absolute,fold_3,1h,ppb
2026-08-16T17:15:00Z,1,51.46,28.38,42.0393554453263,9.4206445546737,random_forest,absolute,fold_3,1h,ppb
2026-08-16T17:30:00Z,1,54.12,39.09,47.234304629629655,6.8856953703703425,random_forest,absolute,fold_3,1h,ppb
2026-08-16T17:45:00Z,1,57.15,46.57,51.3557886243386,5.794211375661398,random_forest,absolute,fold_3,1h,ppb
2026-08-16T18:00:00Z,1,58.37,50.93,53.39554647266311,4.974453527336884,random_forest,absolute,fold_3,1h,ppb
2026-08-16T18:15:00Z,1,56.36,51.46,55.45996814702229,0.9000318529777118,random_forest,absolute,fold_3,1h,ppb
2026-08-16T18:30:00Z,1,57.84,54.12,56.643322454193886,1.1966775458061178,random_forest,absolute,fold_3,1h,ppb
2026-08-16T18:45:00Z,1,58.56,57.15,56.512814081956094,2.0471859180439083,random_forest,absolute,fold_3,1h,ppb
2026-08-16T19:00:00Z,1,60.03,58.37,56.09014301115545,3.9398569888445536,random_forest,absolute,fold_3,1h,ppb
2026-08-16T19:15:00Z,1,58.29,56.36,56.33212893915873,1.9578710608412706,random_forest,absolute,fold_3,1h,ppb
2026-08-16T19:30:00Z,1,56.39,57.84,55.91362260597529,0.47637739402470913,random_forest,absolute,fold_3,1h,ppb
2026-08-16T19:45:00Z,1,56.04,58.56,55.439721635908114,0.600278364091885,random_forest,absolute,fold_3,1h,ppb
2026-08-16T20:00:00Z,1,57.18,60.03,53.70283856257542,3.477161437424577,random_forest,absolute,fold_3,1h,ppb
2026-08-16T20:15:00Z,1,57.72,58.29,53.778499852293294,3.941500147706705,random_forest,absolute,fold_3,1h,ppb
2026-08-16T20:30:00Z,1,64.02,56.39,53.18728321388407,10.832716786115924,random_forest,absolute,fold_3,1h,ppb
2026-08-16T20:45:00Z,1,62.19,56.04,53.007294449683116,9.182705550316882,random_forest,absolute,fold_3,1h,ppb
2026-08-16T21:00:00Z,1,63.58,57.18,53.85352128466127,9.726478715338729,random_forest,absolute,fold_3,1h,ppb
2026-08-16T21:15:00Z,1,59.94,57.72,53.00535712264458,6.934642877355415,random_forest,absolute,fold_3,1h,ppb
2026-08-16T21:30:00Z,1,44.58,64.02,53.99836125662471,-9.418361256624713,random_forest,absolute,fold_3,1h,ppb
2026-08-16T21:45:00Z,1,43.54,62.19,52.68312898432008,-9.143128984320079,random_forest,absolute,fold_3,1h,ppb
2026-08-16T22:00:00Z,1,51.31,63.58,53.08324962697894,-1.773249626978938,random_forest,absolute,fold_3,1h,ppb
2026-08-16T22:15:00Z,1,51.92,59.94,53.830178306242296,-1.910178306242294,random_forest,absolute,fold_3,1h,ppb
2026-08-16T22:30:00Z,1,52.8,44.58,42.64738368298368,10.152616317016317,random_forest,absolute,fold_3,1h,ppb
2026-08-16T22:45:00Z,1,52.26,43.54,41.09307019530035,11.166929804699649,random_forest,absolute,fold_3,1h,ppb
2026-08-16T23:00:00Z,1,52.54,51.31,46.28990725323686,6.250092746763137,random_forest,absolute,fold_3,1h,ppb
2026-08-16T23:15:00Z,1,54.8,51.92,47.98046819977291,6.8195318002270895,random_forest,absolute,fold_3,1h,ppb
2026-08-16T23:30:00Z,1,47.92,52.8,52.83332127158943,-4.913321271589432,random_forest,absolute,fold_3,1h,ppb
2026-08-16T23:45:00Z,1,40.51,52.26,51.53402801317706,-11.024028013177059,random_forest,absolute,fold_3,1h,ppb
2026-08-17T00:00:00Z,1,44.15,52.54,51.79664710440029,-7.646647104400294,random_forest,absolute,fold_3,1h,ppb
2026-08-17T00:15:00Z,1,45.94,54.8,53.75030112270935,-7.810301122709355,random_forest,absolute,fold_3,1h,ppb
2026-08-17T00:30:00Z,1,37.63,47.92,45.857279685261275,-8.227279685261273,random_forest,absolute,fold_3,1h,ppb
2026-08-17T00:45:00Z,1,32.08,40.51,39.969231172839514,-7.889231172839516,random_forest,absolute,fold_3,1h,ppb
2026-08-17T01:00:00Z,1,31.72,44.15,40.93102649911816,-9.211026499118162,random_forest,absolute,fold_3,1h,ppb
2026-08-17T01:15:00Z,1,30.25,45.94,42.157576656436454,-11.907576656436454,random_forest,absolute,fold_3,1h,ppb
2026-08-17T01:30:00Z,1,34.36,37.63,38.318366005291,-3.9583660052909977,random_forest,absolute,fold_3,1h,ppb
2026-08-17T01:45:00Z,1,29.57,32.08,36.27177297178132,-6.701772971781317,random_forest,absolute,fold_3,1h,ppb
2026-08-17T02:00:00Z,1,32.47,31.72,35.286493562610254,-2.8164935626102547,random_forest,absolute,fold_3,1h,ppb
2026-08-17T02:15:00Z,1,33.9,30.25,34.93055764991184,-1.0305576499118416,random_forest,absolute,fold_3,1h,ppb
2026-08-17T02:30:00Z,1,33.31,34.36,35.839794091710765,-2.5297940917107624,random_forest,absolute,fold_3,1h,ppb
2026-08-17T02:45:00Z,1,33.6,29.57,35.266138205467385,-1.6661382054673837,random_forest,absolute,fold_3,1h,ppb
2026-08-17T03:00:00Z,1,31.61,32.47,39.15613747795415,-7.546137477954147,random_forest,absolute,fold_3,1h,ppb
2026-08-17T03:15:00Z,1,39.44,33.9,39.77711095679014,-0.33711095679014136,random_forest,absolute,fold_3,1h,ppb
2026-08-17T03:30:00Z,1,39.4,33.31,39.90310535714287,-0.5031053571428714,random_forest,absolute,fold_3,1h,ppb
2026-08-17T03:45:00Z,1,38.16,33.6,39.845316931216956,-1.6853169312169598,random_forest,absolute,fold_3,1h,ppb
2026-08-17T04:00:00Z,1,40.17,31.61,41.740670039682556,-1.570670039682554,random_forest,absolute,fold_3,1h,ppb
2026-08-17T04:15:00Z,1,45.46,39.44,46.82102751322751,-1.361027513227512,random_forest,absolute,fold_3,1h,ppb
2026-08-17T04:30:00Z,1,59.46,39.4,47.57394880952384,11.88605119047616,random_forest,absolute,fold_3,1h,ppb
2026-08-17T04:45:00Z,1,60.75,38.16,47.033870105820114,13.716129894179886,random_forest,absolute,fold_3,1h,ppb
2026-08-17T05:00:00Z,1,58.1,40.17,49.76728333333334,8.332716666666663,random_forest,absolute,fold_3,1h,ppb
2026-08-17T05:15:00Z,1,66.47,45.46,52.792498478835974,13.677501521164025,random_forest,absolute,fold_3,1h,ppb
2026-08-17T05:30:00Z,1,62.6,59.46,59.16333036315535,3.4366696368446483,random_forest,absolute,fold_3,1h,ppb
2026-08-17T05:45:00Z,1,67.1,60.75,64.37296078042326,2.7270392195767386,random_forest,absolute,fold_3,1h,ppb
2026-08-17T06:00:00Z,1,68.85,58.1,65.95920839947091,2.8907916005290843,random_forest,absolute,fold_3,1h,ppb
2026-08-17T06:15:00Z,1,74.06,66.47,73.56642870370369,0.49357129629630947,random_forest,absolute,fold_3,1h,ppb
2026-08-17T06:30:00Z,1,72.18,62.6,73.08027248677247,-0.9002724867724652,random_forest,absolute,fold_3,1h,ppb
2026-08-17T06:45:00Z,1,72.53,67.1,74.38907447089949,-1.8590744708994862,random_forest,absolute,fold_3,1h,ppb
2026-08-17T07:00:00Z,1,68.54,68.85,75.74894069664906,-7.2089406966490515,random_forest,absolute,fold_3,1h,ppb
2026-08-17T07:15:00Z,1,67.83,74.06,80.30184067460318,-12.471840674603186,random_forest,absolute,fold_3,1h,ppb
2026-08-17T07:30:00Z,1,70.38,72.18,79.6669999559083,-9.2869999559083,random_forest,absolute,fold_3,1h,ppb
2026-08-17T07:45:00Z,1,67.48,72.53,78.59721395502646,-11.117213955026457,random_forest,absolute,fold_3,1h,ppb
2026-08-17T08:00:00Z,1,65.85,68.54,75.28709781746032,-9.437097817460327,random_forest,absolute,fold_3,1h,ppb
2026-08-17T08:15:00Z,1,60.87,67.83,73.05023961640212,-12.180239616402126,random_forest,absolute,fold_3,1h,ppb
2026-08-17T08:30:00Z,1,62.57,70.38,70.3372547398589,-7.767254739858906,random_forest,absolute,fold_3,1h,ppb
2026-08-17T08:45:00Z,1,60.92,67.48,68.79810112433861,-7.878101124338613,random_forest,absolute,fold_3,1h,ppb
2026-08-17T09:00:00Z,1,63.41,65.85,58.68323381834212,4.726766181657879,random_forest,absolute,fold_3,1h,ppb
2026-08-17T09:15:00Z,1,56.51,60.87,57.36306601419415,-0.8530660141941553,random_forest,absolute,fold_3,1h,ppb
2026-08-17T09:30:00Z,1,54.75,62.57,57.063900029297784,-2.313900029297784,random_forest,absolute,fold_3,1h,ppb
2026-08-17T09:45:00Z,1,56.22,60.92,56.72799075128523,-0.5079907512852344,random_forest,absolute,fold_3,1h,ppb
2026-08-17T10:00:00Z,1,55.77,63.41,56.6150128786718,-0.8450128786717954,random_forest,absolute,fold_3,1h,ppb
2026-08-17T10:15:00Z,1,51.6,56.51,56.25363096318522,-4.653630963185222,random_forest,absolute,fold_3,1h,ppb
2026-08-17T10:30:00Z,1,48.56,54.75,56.760011043359,-8.200011043358998,random_forest,absolute,fold_3,1h,ppb
2026-08-17T10:45:00Z,1,52.35,56.22,56.816670376081824,-4.466670376081822,random_forest,absolute,fold_3,1h,ppb
2026-08-17T11:00:00Z,1,49.02,55.77,53.98970770864311,-4.9697077086431065,random_forest,absolute,fold_3,1h,ppb
2026-08-17T11:15:00Z,1,50.85,51.6,55.11855491712721,-4.2685549171272115,random_forest,absolute,fold_3,1h,ppb
2026-08-17T11:30:00Z,1,54.93,48.56,50.73353789293264,4.196462107067362,random_forest,absolute,fold_3,1h,ppb
2026-08-17T11:45:00Z,1,53.95,52.35,51.54370893852817,2.4062910614718334,random_forest,absolute,fold_3,1h,ppb
2026-08-17T12:00:00Z,1,55.04,49.02,50.494437038806105,4.545562961193895,random_forest,absolute,fold_3,1h,ppb
2026-08-17T12:15:00Z,1,56.82,50.85,50.4399963928682,6.380003607131798,random_forest,absolute,fold_3,1h,ppb
2026-08-17T12:30:00Z,1,58.42,54.93,55.21193919074184,3.208060809258164,random_forest,absolute,fold_3,1h,ppb
2026-08-17T12:45:00Z,1,60.23,53.95,55.371128795603624,4.858871204396372,random_forest,absolute,fold_3,1h,ppb
2026-08-17T13:00:00Z,1,59.57,55.04,55.95352873938356,3.616471260616443,random_forest,absolute,fold_3,1h,ppb
2026-08-17T13:15:00Z,1,57.78,56.82,55.79298828344126,1.9870117165587402,random_forest,absolute,fold_3,1h,ppb
2026-08-17T13:30:00Z,1,56.05,58.42,55.55395050367895,0.49604949632104933,random_forest,absolute,fold_3,1h,ppb
2026-08-17T13:45:00Z,1,63.33,60.23,57.45358116348213,5.876418836517871,random_forest,absolute,fold_3,1h,ppb
2026-08-17T14:00:00Z,1,59.6,59.57,56.79602944081577,2.803970559184229,random_forest,absolute,fold_3,1h,ppb
2026-08-17T14:15:00Z,1,61.07,57.78,56.43116618462115,4.638833815378852,random_forest,absolute,fold_3,1h,ppb
2026-08-17T14:30:00Z,1,58.75,56.05,55.99202902883714,2.7579709711628624,random_forest,absolute,fold_3,1h,ppb
2026-08-17T14:45:00Z,1,50.93,63.33,54.3659585649886,-3.435958564988603,random_forest,absolute,fold_3,1h,ppb
2026-08-17T15:00:00Z,1,57.08,59.6,52.49374337345123,4.586256626548767,random_forest,absolute,fold_3,1h,ppb
2026-08-17T15:15:00Z,1,53.49,61.07,52.83214544027721,0.6578545597227929,random_forest,absolute,fold_3,1h,ppb
2026-08-17T15:30:00Z,1,51.64,58.75,52.45798649591168,-0.8179864959116827,random_forest,absolute,fold_3,1h,ppb
2026-08-17T15:45:00Z,1,53.74,50.93,48.27830262678698,5.4616973732130205,random_forest,absolute,fold_3,1h,ppb
2026-08-17T16:00:00Z,1,50.62,57.08,53.37614548265255,-2.756145482652549,random_forest,absolute,fold_3,1h,ppb
2026-08-17T16:15:00Z,1,49.94,53.49,53.80408492763843,-3.86408492763843,random_forest,absolute,fold_3,1h,ppb
2026-08-17T16:30:00Z,1,51.32,51.64,51.99090010087148,-0.6709001008714779,random_forest,absolute,fold_3,1h,ppb
2026-08-17T16:45:00Z,1,52.08,53.74,54.70324009418345,-2.6232400941834513,random_forest,absolute,fold_3,1h,ppb
2026-08-17T17:00:00Z,1,51.75,50.62,51.26893551565862,0.48106448434138116,random_forest,absolute,fold_3,1h,ppb
2026-08-17T17:15:00Z,1,54.27,49.94,51.53042440370362,2.7395755962963833,random_forest,absolute,fold_3,1h,ppb
2026-08-17T17:30:00Z,1,51.23,51.32,51.63219141325235,-0.4021914132523534,random_forest,absolute,fold_3,1h,ppb
2026-08-17T17:45:00Z,1,53.26,52.08,52.58377295312122,0.676227046878779,random_forest,absolute,fold_3,1h,ppb
2026-08-17T18:00:00Z,1,49.34,51.75,52.36225526801612,-3.022255268016117,random_forest,absolute,fold_3,1h,ppb
2026-08-17T18:15:00Z,1,40.68,54.27,55.940257994898445,-15.260257994898446,random_forest,absolute,fold_3,1h,ppb
2026-08-17T18:30:00Z,1,47.79,51.23,52.14920056143383,-4.3592005614338305,random_forest,absolute,fold_3,1h,ppb
2026-08-17T18:45:00Z,1,46.47,53.26,54.93967742118288,-8.46967742118288,random_forest,absolute,fold_3,1h,ppb
2026-08-17T19:00:00Z,1,48.72,49.34,49.31908952138362,-0.5990895213836183,random_forest,absolute,fold_3,1h,ppb
2026-08-17T19:15:00Z,1,51.92,40.68,48.06502987213406,3.85497012786594,random_forest,absolute,fold_3,1h,ppb
2026-08-17T19:30:00Z,1,59.56,47.79,50.20452382846615,9.355476171533851,random_forest,absolute,fold_3,1h,ppb
2026-08-17T19:45:00Z,1,52.54,46.47,49.515129629235254,3.024870370764745,random_forest,absolute,fold_3,1h,ppb
2026-08-17T20:00:00Z,1,58.33,48.72,49.87530676199719,8.454693238002811,random_forest,absolute,fold_3,1h,ppb
2026-08-17T20:15:00Z,1,47.32,51.92,52.7131534334105,-5.393153433410497,random_forest,absolute,fold_3,1h,ppb
2026-08-17T20:30:00Z,1,39.53,59.56,55.809405543514345,-16.279405543514343,random_forest,absolute,fold_3,1h,ppb
2026-08-17T20:45:00Z,1,40.26,52.54,54.47283952422906,-14.21283952422906,random_forest,absolute,fold_3,1h,ppb
2026-08-17T21:00:00Z,1,40.5,58.33,55.68600664596112,-15.186006645961122,random_forest,absolute,fold_3,1h,ppb
2026-08-17T21:15:00Z,1,38.44,47.32,49.583794651313866,-11.143794651313868,random_forest,absolute,fold_3,1h,ppb
2026-08-17T21:30:00Z,1,30.5,39.53,44.10925262345681,-13.609252623456811,random_forest,absolute,fold_3,1h,ppb
2026-08-17T21:45:00Z,1,39.56,40.26,45.17693335877088,-5.616933358770879,random_forest,absolute,fold_3,1h,ppb
2026-08-17T22:00:00Z,1,46.41,40.5,42.50874014550264,3.9012598544973542,random_forest,absolute,fold_3,1h,ppb
2026-08-17T22:15:00Z,1,44.85,38.44,43.40673783068781,1.4432621693121916,random_forest,absolute,fold_3,1h,ppb
2026-08-17T22:30:00Z,1,47.57,30.5,38.19695396825397,9.373046031746028,random_forest,absolute,fold_3,1h,ppb
2026-08-17T22:45:00Z,1,43.26,39.56,40.380765542328064,2.8792344576719344,random_forest,absolute,fold_3,1h,ppb
2026-08-17T23:00:00Z,1,35.82,46.41,43.48460780022446,-7.664607800224459,random_forest,absolute,fold_3,1h,ppb
2026-08-17T23:15:00Z,1,44.24,44.85,42.49216541005291,1.7478345899470895,random_forest,absolute,fold_3,1h,ppb
2026-08-17T23:30:00Z,1,48.06,47.57,43.645902777777785,4.4140972222222175,random_forest,absolute,fold_3,1h,ppb
2026-08-17T23:45:00Z,1,45.72,43.26,42.82388600088182,2.896113999118178,random_forest,absolute,fold_3,1h,ppb
2026-08-18T00:00:00Z,1,43.33,35.82,38.260467702821884,5.069532297178114,random_forest,absolute,fold_3,1h,ppb
2026-08-18T00:15:00Z,1,44.85,44.24,40.32110515873016,4.528894841269839,random_forest,absolute,fold_3,1h,ppb
2026-08-18T00:30:00Z,1,46.76,48.06,45.970050892857145,0.7899491071428528,random_forest,absolute,fold_3,1h,ppb
2026-08-18T00:45:00Z,1,48.85,45.72,45.05236018518518,3.797639814814822,random_forest,absolute,fold_3,1h,ppb
2026-08-18T01:00:00Z,1,44.3,43.33,44.25231061207309,0.047689387926908466,random_forest,absolute,fold_3,1h,ppb
2026-08-18T01:15:00Z,1,45.94,44.85,46.09537568342151,-0.15537568342151076,random_forest,absolute,fold_3,1h,ppb
2026-08-18T01:30:00Z,1,46.02,46.76,46.41396258818342,-0.39396258818342034,random_forest,absolute,fold_3,1h,ppb
2026-08-18T01:45:00Z,1,47.94,48.85,47.16558356651064,0.7744164334893568,random_forest,absolute,fold_3,1h,ppb
2026-08-18T02:00:00Z,1,46.43,44.3,44.44929238315695,1.9807076168430484,random_forest,absolute,fold_3,1h,ppb
2026-08-18T02:15:00Z,1,47.12,45.94,46.306529137443086,0.8134708625569118,random_forest,absolute,fold_3,1h,ppb
2026-08-18T02:30:00Z,1,46.55,46.02,46.172803476067415,0.3771965239325823,random_forest,absolute,fold_3,1h,ppb
2026-08-18T02:45:00Z,1,45.15,47.94,47.64872439758418,-2.4987243975841835,random_forest,absolute,fold_3,1h,ppb
2026-08-18T03:00:00Z,1,44.08,46.43,52.25263339947086,-8.172633399470861,random_forest,absolute,fold_3,1h,ppb
2026-08-18T03:15:00Z,1,39.74,47.12,52.39789764109343,-12.657897641093427,random_forest,absolute,fold_3,1h,ppb
2026-08-18T03:30:00Z,1,39.79,46.55,51.3355673941799,-11.545567394179898,random_forest,absolute,fold_3,1h,ppb
2026-08-18T03:45:00Z,1,51.59,45.15,51.648516600529135,-0.058516600529131324,random_forest,absolute,fold_3,1h,ppb
2026-08-18T04:00:00Z,1,55.56,44.08,51.597469907407415,3.962530092592587,random_forest,absolute,fold_3,1h,ppb
2026-08-18T04:15:00Z,1,64.97,39.74,51.049657641895124,13.920342358104875,random_forest,absolute,fold_3,1h,ppb
2026-08-18T04:30:00Z,1,61.08,39.79,51.578130459355485,9.501869540644513,random_forest,absolute,fold_3,1h,ppb
2026-08-18T04:45:00Z,1,59.17,51.59,54.773289770723096,4.396710229276906,random_forest,absolute,fold_3,1h,ppb
2026-08-18T05:00:00Z,1,68.61,55.56,60.32834239417983,8.281657605820172,random_forest,absolute,fold_3,1h,ppb
2026-08-18T05:15:00Z,1,71.53,64.97,72.26730897867567,-0.7373089786756708,random_forest,absolute,fold_3,1h,ppb
2026-08-18T05:30:00Z,1,69.74,61.08,71.97013631553635,-2.230136315536356,random_forest,absolute,fold_3,1h,ppb
2026-08-18T05:45:00Z,1,70.35,59.17,71.13450224867726,-0.7845022486772706,random_forest,absolute,fold_3,1h,ppb
2026-08-18T06:00:00Z,1,69.55,68.61,75.14853670634925,-5.59853670634925,random_forest,absolute,fold_3,1h,ppb
2026-08-18T06:15:00Z,1,72.52,71.53,77.8142093253968,-5.294209325396807,random_forest,absolute,fold_3,1h,ppb
2026-08-18T06:30:00Z,1,80.75,69.74,77.96909907407408,2.78090092592592,random_forest,absolute,fold_3,1h,ppb
2026-08-18T06:45:00Z,1,70.84,70.35,78.38822799823632,-7.548227998236314,random_forest,absolute,fold_3,1h,ppb
2026-08-18T07:00:00Z,1,75.18,69.55,79.02789332010583,-3.8478933201058254,random_forest,absolute,fold_3,1h,ppb
2026-08-18T07:15:00Z,1,79.4,72.52,81.05708112874777,-1.6570811287477625,random_forest,absolute,fold_3,1h,ppb
2026-08-18T07:30:00Z,1,74.38,80.75,82.89116629188716,-8.511166291887164,random_forest,absolute,fold_3,1h,ppb
2026-08-18T07:45:00Z,1,77.97,70.84,80.03040595238092,-2.0604059523809184,random_forest,absolute,fold_3,1h,ppb
2026-08-18T08:00:00Z,1,80.06,75.18,79.2003602513227,0.8596397486772958,random_forest,absolute,fold_3,1h,ppb
2026-08-18T08:15:00Z,1,82.23,79.4,78.13350145502645,4.0964985449735565,random_forest,absolute,fold_3,1h,ppb
2026-08-18T08:30:00Z,1,78.6,74.38,77.39874907407406,1.2012509259259332,random_forest,absolute,fold_3,1h,ppb
2026-08-18T08:45:00Z,1,72.26,77.97,77.2966843253968,-5.0366843253967915,random_forest,absolute,fold_3,1h,ppb
2026-08-18T09:00:00Z,1,69.66,80.06,66.14214184303351,3.517858156966483,random_forest,absolute,fold_3,1h,ppb
2026-08-18T09:15:00Z,1,65.31,82.23,67.72610623897707,-2.416106238977065,random_forest,absolute,fold_3,1h,ppb
2026-08-18T09:30:00Z,1,71.0,78.6,68.26962958553791,2.7303704144620866,random_forest,absolute,fold_3,1h,ppb
2026-08-18T09:45:00Z,1,70.31,72.26,66.68597592592594,3.6240240740740575,random_forest,absolute,fold_3,1h,ppb
2026-08-18T10:00:00Z,1,68.27,69.66,65.72570756003257,2.544292439967421,random_forest,absolute,fold_3,1h,ppb
2026-08-18T10:15:00Z,1,65.5,65.31,63.068405820105795,2.431594179894205,random_forest,absolute,fold_3,1h,ppb
2026-08-18T10:30:00Z,1,69.62,71.0,63.09548241172406,6.524517588275941,random_forest,absolute,fold_3,1h,ppb
2026-08-18T10:45:00Z,1,63.77,70.31,62.20399285714283,1.566007142857174,random_forest,absolute,fold_3,1h,ppb
2026-08-18T11:00:00Z,1,66.61,68.27,61.89708437389771,4.712915626102287,random_forest,absolute,fold_3,1h,ppb
2026-08-18T11:15:00Z,1,67.7,65.5,61.56651333245729,6.133486667542712,random_forest,absolute,fold_3,1h,ppb
2026-08-18T11:30:00Z,1,66.0,69.62,62.219969615199645,3.780030384800355,random_forest,absolute,fold_3,1h,ppb
2026-08-18T11:45:00Z,1,67.14,63.77,60.55836328894868,6.581636711051324,random_forest,absolute,fold_3,1h,ppb
2026-08-18T12:00:00Z,1,67.39,66.61,60.900350810470385,6.489649189529615,random_forest,absolute,fold_3,1h,ppb
2026-08-18T12:15:00Z,1,65.3,67.7,61.073537847756796,4.226462152243201,random_forest,absolute,fold_3,1h,ppb
2026-08-18T12:30:00Z,1,67.31,66.0,60.61957383723029,6.690426162769711,random_forest,absolute,fold_3,1h,ppb
2026-08-18T12:45:00Z,1,64.29,67.14,60.751993824940506,3.5380061750595004,random_forest,absolute,fold_3,1h,ppb
2026-08-18T13:00:00Z,1,62.36,67.39,60.98203441136021,1.377965588639789,random_forest,absolute,fold_3,1h,ppb
2026-08-18T13:15:00Z,1,61.89,65.3,60.75513613093692,1.1348638690630821,random_forest,absolute,fold_3,1h,ppb
2026-08-18T13:30:00Z,1,64.11,67.31,61.101503616463255,3.0084963835367446,random_forest,absolute,fold_3,1h,ppb
2026-08-18T13:45:00Z,1,69.18,64.29,60.103515380226014,9.076484619773993,random_forest,absolute,fold_3,1h,ppb
2026-08-18T14:00:00Z,1,61.67,62.36,60.6148680237789,1.055131976221105,random_forest,absolute,fold_3,1h,ppb
2026-08-18T14:15:00Z,1,61.3,61.89,60.83197458840773,0.4680254115922651,random_forest,absolute,fold_3,1h,ppb
2026-08-18T14:30:00Z,1,59.61,64.11,60.15705594355184,-0.5470559435518396,random_forest,absolute,fold_3,1h,ppb
2026-08-18T14:45:00Z,1,53.82,69.18,62.18772193553686,-8.367721935536856,random_forest,absolute,fold_3,1h,ppb
2026-08-18T15:00:00Z,1,51.38,61.67,56.722775955988446,-5.342775955988444,random_forest,absolute,fold_3,1h,ppb
2026-08-18T15:15:00Z,1,50.06,61.3,56.856185761101045,-6.796185761101043,random_forest,absolute,fold_3,1h,ppb
2026-08-18T15:30:00Z,1,52.68,59.61,57.05618219298548,-4.376182192985482,random_forest,absolute,fold_3,1h,ppb
2026-08-18T15:45:00Z,1,50.89,53.82,54.03319521625288,-3.1431952162528773,random_forest,absolute,fold_3,1h,ppb
2026-08-18T16:00:00Z,1,53.68,51.38,51.997559015852936,1.682440984147064,random_forest,absolute,fold_3,1h,ppb
2026-08-18T16:15:00Z,1,51.95,50.06,51.496142778084284,0.45385722191571887,random_forest,absolute,fold_3,1h,ppb
2026-08-18T16:30:00Z,1,56.49,52.68,54.59638788004714,1.8936121199528628,random_forest,absolute,fold_3,1h,ppb
2026-08-18T16:45:00Z,1,56.46,50.89,51.973269377863005,4.486730622136996,random_forest,absolute,fold_3,1h,ppb
2026-08-18T17:00:00Z,1,45.17,53.68,55.04375622587362,-9.87375622587362,random_forest,absolute,fold_3,1h,ppb
2026-08-18T17:15:00Z,1,53.78,51.95,53.603580652633454,0.17641934736654719,random_forest,absolute,fold_3,1h,ppb
2026-08-18T17:30:00Z,1,57.86,56.49,55.15055936137435,2.709440638625651,random_forest,absolute,fold_3,1h,ppb
2026-08-18T17:45:00Z,1,56.68,56.46,53.875873005176075,2.8041269948239247,random_forest,absolute,fold_3,1h,ppb
2026-08-18T18:00:00Z,1,53.19,45.17,51.02708979767313,2.16291020232687,random_forest,absolute,fold_3,1h,ppb
2026-08-18T18:15:00Z,1,53.94,53.78,55.39171407092679,-1.4517140709267906,random_forest,absolute,fold_3,1h,ppb
2026-08-18T18:30:00Z,1,51.3,57.86,54.62738729311253,-3.3273872931125297,random_forest,absolute,fold_3,1h,ppb
2026-08-18T18:45:00Z,1,56.13,56.68,54.072290295624256,2.057709704375746,random_forest,absolute,fold_3,1h,ppb
2026-08-18T19:00:00Z,1,58.02,53.19,53.05600096342404,4.963999036575963,random_forest,absolute,fold_3,1h,ppb
2026-08-18T19:15:00Z,1,59.13,53.94,52.61069573229185,6.519304267708151,random_forest,absolute,fold_3,1h,ppb
2026-08-18T19:30:00Z,1,64.47,51.3,51.19198458546026,13.278015414539738,random_forest,absolute,fold_3,1h,ppb
2026-08-18T19:45:00Z,1,66.4,56.13,53.35005327531759,13.049946724682414,random_forest,absolute,fold_3,1h,ppb
2026-08-18T20:00:00Z,1,64.15,58.02,54.59644692522022,9.553553074779785,random_forest,absolute,fold_3,1h,ppb
2026-08-18T20:15:00Z,1,64.78,59.13,55.23977176560337,9.54022823439663,random_forest,absolute,fold_3,1h,ppb
2026-08-18T20:30:00Z,1,64.88,64.47,57.96160695674665,6.918393043253346,random_forest,absolute,fold_3,1h,ppb
2026-08-18T20:45:00Z,1,65.11,66.4,59.912066096876394,5.197933903123605,random_forest,absolute,fold_3,1h,ppb
2026-08-18T21:00:00Z,1,66.62,64.15,57.489679948380164,9.13032005161984,random_forest,absolute,fold_3,1h,ppb
2026-08-18T21:15:00Z,1,62.61,64.78,61.05160162902047,1.558398370979532,random_forest,absolute,fold_3,1h,ppb
2026-08-18T21:30:00Z,1,62.07,64.88,60.797554072718775,1.2724459272812254,random_forest,absolute,fold_3,1h,ppb
2026-08-18T21:45:00Z,1,54.47,65.11,61.22515039856588,-6.755150398565881,random_forest,absolute,fold_3,1h,ppb
2026-08-18T22:00:00Z,1,42.34,66.62,61.308507783927425,-18.96850778392742,random_forest,absolute,fold_3,1h,ppb
2026-08-18T22:15:00Z,1,44.55,62.61,56.97093485596876,-12.42093485596876,random_forest,absolute,fold_3,1h,ppb
2026-08-18T22:30:00Z,1,44.43,62.07,55.91174211056056,-11.48174211056056,random_forest,absolute,fold_3,1h,ppb
2026-08-18T22:45:00Z,1,43.34,54.47,53.89020022235654,-10.550200222356537,random_forest,absolute,fold_3,1h,ppb
2026-08-18T23:00:00Z,1,35.37,42.34,40.2591609126984,-4.889160912698401,random_forest,absolute,fold_3,1h,ppb
2026-08-18T23:15:00Z,1,45.7,44.55,41.91172601410934,3.7882739858906618,random_forest,absolute,fold_3,1h,ppb
2026-08-18T23:30:00Z,1,50.02,44.43,42.05667257495591,7.963327425044092,random_forest,absolute,fold_3,1h,ppb
2026-08-18T23:45:00Z,1,39.43,43.34,42.46658818342151,-3.0365881834215074,random_forest,absolute,fold_3,1h,ppb
2026-08-19T00:00:00Z,1,36.91,35.37,36.292971186067014,0.6170288139329827,random_forest,absolute,fold_3,1h,ppb
2026-08-19T00:15:00Z,1,35.09,45.7,41.046469444444476,-5.956469444444473,random_forest,absolute,fold_3,1h,ppb
2026-08-19T00:30:00Z,1,37.5,50.02,42.579822056878356,-5.079822056878356,random_forest,absolute,fold_3,1h,ppb
2026-08-19T00:45:00Z,1,38.81,39.43,39.92260112433861,-1.1126011243386102,random_forest,absolute,fold_3,1h,ppb
2026-08-19T01:00:00Z,1,47.16,36.91,37.61593796296295,9.544062037037044,random_forest,absolute,fold_3,1h,ppb
2026-08-19T01:15:00Z,1,45.19,35.09,35.3032770723104,9.886722927689597,random_forest,absolute,fold_3,1h,ppb
2026-08-19T01:30:00Z,1,36.38,37.5,36.935210726310736,-0.5552107263107331,random_forest,absolute,fold_3,1h,ppb
2026-08-19T01:45:00Z,1,39.92,38.81,42.3949262906846,-2.4749262906846,random_forest,absolute,fold_3,1h,ppb
2026-08-19T02:00:00Z,1,39.31,47.16,45.92623644179895,-6.6162364417989465,random_forest,absolute,fold_3,1h,ppb
2026-08-19T02:15:00Z,1,36.1,45.19,45.89606448412702,-9.796064484127015,random_forest,absolute,fold_3,1h,ppb
2026-08-19T02:30:00Z,1,37.44,36.38,44.10923509700176,-6.66923509700176,random_forest,absolute,fold_3,1h,ppb
2026-08-19T02:45:00Z,1,38.27,39.92,45.173213690476196,-6.903213690476193,random_forest,absolute,fold_3,1h,ppb
2026-08-19T03:00:00Z,1,38.98,39.31,48.307216890516884,-9.327216890516887,random_forest,absolute,fold_3,1h,ppb
2026-08-19T03:15:00Z,1,38.21,36.1,48.58607513227514,-10.37607513227514,random_forest,absolute,fold_3,1h,ppb
2026-08-19T03:30:00Z,1,43.3,37.44,49.26324698310951,-5.963246983109514,random_forest,absolute,fold_3,1h,ppb
2026-08-19T03:45:00Z,1,34.96,38.27,49.71890507393843,-14.758905073938429,random_forest,absolute,fold_3,1h,ppb
2026-08-19T04:00:00Z,1,51.52,38.98,51.09834995929996,0.42165004070004386,random_forest,absolute,fold_3,1h,ppb
2026-08-19T04:15:00Z,1,51.99,38.21,51.48970802808305,0.5002919719169512,random_forest,absolute,fold_3,1h,ppb
2026-08-19T04:30:00Z,1,58.04,43.3,52.729659203142546,5.310340796857453,random_forest,absolute,fold_3,1h,ppb
2026-08-19T04:45:00Z,1,61.42,34.96,49.71344056776556,11.706559432234442,random_forest,absolute,fold_3,1h,ppb
2026-08-19T05:00:00Z,1,66.83,51.52,54.15317766754846,12.676822332451536,random_forest,absolute,fold_3,1h,ppb
2026-08-19T05:15:00Z,1,70.47,51.99,55.93117030222861,14.53882969777139,random_forest,absolute,fold_3,1h,ppb
2026-08-19T05:30:00Z,1,72.11,58.04,62.01943339947085,10.09056660052915,random_forest,absolute,fold_3,1h,ppb
2026-08-19T05:45:00Z,1,71.34,61.42,67.58677268518521,3.7532273148147937,random_forest,absolute,fold_3,1h,ppb
2026-08-19T06:00:00Z,1,74.61,66.83,73.85021168430336,0.759788315696639,random_forest,absolute,fold_3,1h,ppb
2026-08-19T06:15:00Z,1,70.72,70.47,76.77279938271606,-6.05279938271606,random_forest,absolute,fold_3,1h,ppb
2026-08-19T06:30:00Z,1,75.92,72.11,79.9627851851852,-4.0427851851851955,random_forest,absolute,fold_3,1h,ppb
2026-08-19T06:45:00Z,1,76.97,71.34,80.23492184744269,-3.264921847442693,random_forest,absolute,fold_3,1h,ppb
2026-08-19T07:00:00Z,1,77.04,74.61,82.73373811728393,-5.693738117283928,random_forest,absolute,fold_3,1h,ppb
2026-08-19T07:15:00Z,1,78.08,70.72,80.8089788580247,-2.7289788580247034,random_forest,absolute,fold_3,1h,ppb
2026-08-19T07:30:00Z,1,80.2,75.92,81.86624457671957,-1.6662445767195635,random_forest,absolute,fold_3,1h,ppb
2026-08-19T07:45:00Z,1,80.11,76.97,80.56956395502647,-0.45956395502646785,random_forest,absolute,fold_3,1h,ppb
2026-08-19T08:00:00Z,1,78.76,77.04,78.19577123015873,0.5642287698412787,random_forest,absolute,fold_3,1h,ppb
2026-08-19T08:15:00Z,1,78.47,78.08,76.82599702380955,1.6440029761904498,random_forest,absolute,fold_3,1h,ppb
2026-08-19T08:30:00Z,1,72.2,80.2,74.28922923280425,-2.089229232804243,random_forest,absolute,fold_3,1h,ppb
2026-08-19T08:45:00Z,1,68.15,80.11,73.7731282407407,-5.623128240740698,random_forest,absolute,fold_3,1h,ppb
2026-08-19T09:00:00Z,1,66.55,78.76,68.62065129870132,-2.0706512987013213,random_forest,absolute,fold_3,1h,ppb
2026-08-19T09:15:00Z,1,61.59,78.47,68.09868802910051,-6.508688029100512,random_forest,absolute,fold_3,1h,ppb
2026-08-19T09:30:00Z,1,60.61,72.2,64.76880714285714,-4.1588071428571425,random_forest,absolute,fold_3,1h,ppb
2026-08-19T09:45:00Z,1,62.48,68.15,63.690856283068804,-1.2108562830688072,random_forest,absolute,fold_3,1h,ppb
2026-08-19T10:00:00Z,1,57.59,66.55,60.47147310405642,-2.8814731040564183,random_forest,absolute,fold_3,1h,ppb
2026-08-19T10:15:00Z,1,55.9,61.59,57.549173375974966,-1.6491733759749678,random_forest,absolute,fold_3,1h,ppb
2026-08-19T10:30:00Z,1,55.35,60.61,57.34368435830427,-1.9936843583042716,random_forest,absolute,fold_3,1h,ppb
2026-08-19T10:45:00Z,1,56.43,62.48,57.59767709126233,-1.1676770912623269,random_forest,absolute,fold_3,1h,ppb
2026-08-19T11:00:00Z,1,56.04,57.59,58.15582629680016,-2.115826296800158,random_forest,absolute,fold_3,1h,ppb
2026-08-19T11:15:00Z,1,55.24,55.9,57.969321365651226,-2.7293213656512236,random_forest,absolute,fold_3,1h,ppb
2026-08-19T11:30:00Z,1,56.0,55.35,57.91189414516943,-1.911894145169427,random_forest,absolute,fold_3,1h,ppb
2026-08-19T11:45:00Z,1,52.93,56.43,57.88026397912218,-4.950263979122177,random_forest,absolute,fold_3,1h,ppb
2026-08-19T12:00:00Z,1,49.7,56.04,56.63833972991714,-6.938339729917139,random_forest,absolute,fold_3,1h,ppb
2026-08-19T12:15:00Z,1,48.84,55.24,55.732685042245926,-6.8926850422459225,random_forest,absolute,fold_3,1h,ppb
2026-08-19T12:30:00Z,1,48.37,56.0,54.976285727953616,-6.606285727953619,random_forest,absolute,fold_3,1h,ppb
2026-08-19T12:45:00Z,1,50.11,52.93,55.210039186160095,-5.100039186160096,random_forest,absolute,fold_3,1h,ppb
2026-08-19T13:00:00Z,1,54.23,49.7,50.639899893227394,3.590100106772603,random_forest,absolute,fold_3,1h,ppb
2026-08-19T13:15:00Z,1,50.71,48.84,50.997372459880346,-0.2873724598803449,random_forest,absolute,fold_3,1h,ppb
2026-08-19T13:30:00Z,1,51.31,48.37,50.68900505419826,0.6209949458017405,random_forest,absolute,fold_3,1h,ppb
2026-08-19T13:45:00Z,1,56.56,50.11,49.863270966905255,6.696729033094748,random_forest,absolute,fold_3,1h,ppb
2026-08-19T14:00:00Z,1,52.84,54.23,54.543227163028305,-1.703227163028302,random_forest,absolute,fold_3,1h,ppb
2026-08-19T14:15:00Z,1,48.59,50.71,50.12030027909587,-1.5303002790958686,random_forest,absolute,fold_3,1h,ppb
2026-08-19T14:30:00Z,1,45.5,51.31,50.12462059138367,-4.6246205913836675,random_forest,absolute,fold_3,1h,ppb
2026-08-19T14:45:00Z,1,45.0,56.56,52.849666765256785,-7.849666765256785,random_forest,absolute,fold_3,1h,ppb
2026-08-19T15:15:00Z,1,46.24,48.59,42.728084374884396,3.5119156251156056,random_forest,absolute,fold_3,1h,ppb
2026-08-19T15:30:00Z,1,50.5,45.5,42.9593072991823,7.540692700817701,random_forest,absolute,fold_3,1h,ppb
2026-08-19T15:45:00Z,1,50.06,45.0,43.587875499402216,6.472124500597786,random_forest,absolute,fold_3,1h,ppb
2026-08-19T16:15:00Z,1,47.2,46.24,46.12230615600787,1.0776938439921295,random_forest,absolute,fold_3,1h,ppb
2026-08-19T16:30:00Z,1,49.82,50.5,49.258866459199794,0.5611335408002063,random_forest,absolute,fold_3,1h,ppb
2026-08-19T16:45:00Z,1,48.3,50.06,50.13297324686111,-1.8329732468611155,random_forest,absolute,fold_3,1h,ppb
2026-08-19T17:00:00Z,1,48.54,51.71,51.7449233340589,-3.204923334058904,random_forest,absolute,fold_3,1h,ppb
2026-08-19T17:15:00Z,1,45.92,47.2,49.20269544759692,-3.2826954475969217,random_forest,absolute,fold_3,1h,ppb
2026-08-19T17:30:00Z,1,47.87,49.82,49.55113820443096,-1.6811382044309653,random_forest,absolute,fold_3,1h,ppb
2026-08-19T17:45:00Z,1,50.06,48.3,48.52215771523625,1.5378422847637552,random_forest,absolute,fold_3,1h,ppb
2026-08-19T18:00:00Z,1,46.31,48.54,48.17401315216668,-1.8640131521666774,random_forest,absolute,fold_3,1h,ppb
2026-08-19T18:15:00Z,1,44.9,45.92,49.009530994593476,-4.109530994593477,random_forest,absolute,fold_3,1h,ppb
2026-08-19T18:30:00Z,1,36.86,47.87,50.25424419013525,-13.394244190135254,random_forest,absolute,fold_3,1h,ppb
2026-08-19T18:45:00Z,1,44.22,50.06,48.90737751519353,-4.687377515193532,random_forest,absolute,fold_3,1h,ppb
2026-08-19T19:00:00Z,1,43.04,46.31,46.995796605602834,-3.955796605602835,random_forest,absolute,fold_3,1h,ppb
2026-08-19T19:15:00Z,1,47.06,44.9,47.24057302716614,-0.18057302716614032,random_forest,absolute,fold_3,1h,ppb
2026-08-19T19:30:00Z,1,41.08,36.86,46.34663201058203,-5.266632010582029,random_forest,absolute,fold_3,1h,ppb
2026-08-19T19:45:00Z,1,42.21,44.22,47.34572361796256,-5.135723617962562,random_forest,absolute,fold_3,1h,ppb
2026-08-19T20:00:00Z,1,49.78,43.04,47.16957690997273,2.6104230900272682,random_forest,absolute,fold_3,1h,ppb
2026-08-19T20:15:00Z,1,49.97,47.06,47.683620385238505,2.2863796147614934,random_forest,absolute,fold_3,1h,ppb
2026-08-19T20:30:00Z,1,49.43,41.08,47.47110798059963,1.9588920194003663,random_forest,absolute,fold_3,1h,ppb
2026-08-19T20:45:00Z,1,48.33,42.21,47.79304157848325,0.5369584215167507,random_forest,absolute,fold_3,1h,ppb
2026-08-19T21:00:00Z,1,48.91,49.78,48.87654521056749,0.03345478943250413,random_forest,absolute,fold_3,1h,ppb
2026-08-19T21:15:00Z,1,43.43,49.97,50.035131729526924,-6.605131729526924,random_forest,absolute,fold_3,1h,ppb
2026-08-19T21:30:00Z,1,34.33,49.43,48.97394971894494,-14.643949718944938,random_forest,absolute,fold_3,1h,ppb
2026-08-19T21:45:00Z,1,31.49,48.33,48.8960529367919,-17.406052936791898,random_forest,absolute,fold_3,1h,ppb
2026-08-19T22:00:00Z,1,30.18,48.91,48.79659427446656,-18.616594274466557,random_forest,absolute,fold_3,1h,ppb
2026-08-19T22:15:00Z,1,30.76,43.43,44.66062129629626,-13.900621296296261,random_forest,absolute,fold_3,1h,ppb
2026-08-19T22:30:00Z,1,30.18,34.33,39.51625335097,-9.336253350969997,random_forest,absolute,fold_3,1h,ppb
2026-08-19T22:45:00Z,1,32.06,31.49,38.887760185185165,-6.827760185185163,random_forest,absolute,fold_3,1h,ppb
2026-08-19T23:00:00Z,1,32.78,30.18,37.93817363315695,-5.158173633156949,random_forest,absolute,fold_3,1h,ppb
2026-08-19T23:15:00Z,1,36.8,30.76,41.70061362433861,-4.900613624338611,random_forest,absolute,fold_3,1h,ppb
2026-08-19T23:30:00Z,1,36.6,30.18,41.75013928571427,-5.150139285714268,random_forest,absolute,fold_3,1h,ppb
2026-08-19T23:45:00Z,1,36.41,32.06,41.575634391534365,-5.165634391534368,random_forest,absolute,fold_3,1h,ppb
2026-08-16T00:00:00Z,1,57.13,55.7,58.277977439584724,-1.1479774395847215,random_forest,delta,fold_3,1h,ppb
2026-08-16T00:15:00Z,1,49.06,56.93,58.4267964748781,-9.3667964748781,random_forest,delta,fold_3,1h,ppb
2026-08-16T00:30:00Z,1,45.1,62.43,58.49884996165621,-13.398849961656211,random_forest,delta,fold_3,1h,ppb
2026-08-16T00:45:00Z,1,43.27,64.04,60.24107110207807,-16.971071102078064,random_forest,delta,fold_3,1h,ppb
2026-08-16T01:00:00Z,1,41.52,57.13,57.1890574621495,-15.669057462149496,random_forest,delta,fold_3,1h,ppb
2026-08-16T01:15:00Z,1,38.79,49.06,49.4534034752397,-10.663403475239704,random_forest,delta,fold_3,1h,ppb
2026-08-16T01:30:00Z,1,31.45,45.1,44.76060277139557,-13.310602771395569,random_forest,delta,fold_3,1h,ppb
2026-08-16T01:45:00Z,1,36.15,43.27,45.97829139102217,-9.82829139102217,random_forest,delta,fold_3,1h,ppb
2026-08-16T02:00:00Z,1,36.31,41.52,44.57703300646125,-8.267033006461247,random_forest,delta,fold_3,1h,ppb
2026-08-16T02:15:00Z,1,34.12,38.79,42.35402703278964,-8.23402703278964,random_forest,delta,fold_3,1h,ppb
2026-08-16T02:30:00Z,1,28.27,31.45,35.62321287586736,-7.35321287586736,random_forest,delta,fold_3,1h,ppb
2026-08-16T02:45:00Z,1,35.54,36.15,39.56354939527958,-4.023549395279581,random_forest,delta,fold_3,1h,ppb
2026-08-16T03:00:00Z,1,39.04,36.31,42.70107793838753,-3.6610779383875283,random_forest,delta,fold_3,1h,ppb
2026-08-16T03:15:00Z,1,37.95,34.12,41.27307881730437,-3.3230788173043706,random_forest,delta,fold_3,1h,ppb
2026-08-16T03:30:00Z,1,38.09,28.27,35.99616663291751,2.093833367082496,random_forest,delta,fold_3,1h,ppb
2026-08-16T03:45:00Z,1,37.46,35.54,42.46940107154986,-5.00940107154986,random_forest,delta,fold_3,1h,ppb
2026-08-16T04:00:00Z,1,59.29,39.04,46.70264447341119,12.587355526588809,random_forest,delta,fold_3,1h,ppb
2026-08-16T04:15:00Z,1,69.16,37.95,45.41532588757875,23.744674112421244,random_forest,delta,fold_3,1h,ppb
2026-08-16T04:30:00Z,1,65.11,38.09,46.340066907876434,18.769933092123566,random_forest,delta,fold_3,1h,ppb
2026-08-16T04:45:00Z,1,65.11,37.46,45.97800653122164,19.13199346877836,random_forest,delta,fold_3,1h,ppb
2026-08-16T05:00:00Z,1,47.07,59.29,63.9588867971847,-16.888886797184696,random_forest,delta,fold_3,1h,ppb
2026-08-16T05:15:00Z,1,61.38,69.16,69.6809554985554,-8.300955498555403,random_forest,delta,fold_3,1h,ppb
2026-08-16T05:30:00Z,1,57.16,65.11,67.79970325949617,-10.639703259496173,random_forest,delta,fold_3,1h,ppb
2026-08-16T05:45:00Z,1,61.27,65.11,70.05863330393886,-8.788633303938859,random_forest,delta,fold_3,1h,ppb
2026-08-16T06:00:00Z,1,67.67,47.07,58.361223611111114,9.308776388888887,random_forest,delta,fold_3,1h,ppb
2026-08-16T06:15:00Z,1,48.63,61.38,71.2211621031746,-22.591162103174604,random_forest,delta,fold_3,1h,ppb
2026-08-16T06:30:00Z,1,60.25,57.16,67.93022117779982,-7.680221177799822,random_forest,delta,fold_3,1h,ppb
2026-08-16T06:45:00Z,1,28.27,61.27,66.00399421666557,-37.73399421666558,random_forest,delta,fold_3,1h,ppb
2026-08-16T07:00:00Z,1,41.84,67.67,70.39085098768761,-28.55085098768761,random_forest,delta,fold_3,1h,ppb
2026-08-16T07:15:00Z,1,59.98,48.63,53.25510098614811,6.724899013851889,random_forest,delta,fold_3,1h,ppb
2026-08-16T07:30:00Z,1,61.3,60.25,58.24522403091631,3.0547759690836855,random_forest,delta,fold_3,1h,ppb
2026-08-16T07:45:00Z,1,55.75,28.27,30.71511933385959,25.03488066614041,random_forest,delta,fold_3,1h,ppb
2026-08-16T08:00:00Z,1,23.87,41.84,42.039121141954844,-18.169121141954843,random_forest,delta,fold_3,1h,ppb
2026-08-16T08:15:00Z,1,18.69,59.98,56.880838766149715,-38.19083876614971,random_forest,delta,fold_3,1h,ppb
2026-08-16T08:30:00Z,1,8.86,61.3,58.073997965930424,-49.213997965930425,random_forest,delta,fold_3,1h,ppb
2026-08-16T08:45:00Z,1,4.45,55.75,53.256914694410526,-48.80691469441052,random_forest,delta,fold_3,1h,ppb
2026-08-16T09:00:00Z,1,7.66,23.87,24.530253665224773,-16.870253665224773,random_forest,delta,fold_3,1h,ppb
2026-08-16T09:15:00Z,1,8.21,18.69,21.60458571684005,-13.394585716840048,random_forest,delta,fold_3,1h,ppb
2026-08-16T09:30:00Z,1,11.97,8.86,14.424042342739558,-2.454042342739557,random_forest,delta,fold_3,1h,ppb
2026-08-16T09:45:00Z,1,18.89,4.45,10.335333485962202,8.554666514037798,random_forest,delta,fold_3,1h,ppb
2026-08-16T10:00:00Z,1,36.48,7.66,12.533450348140796,23.9465496518592,random_forest,delta,fold_3,1h,ppb
2026-08-16T10:15:00Z,1,34.67,8.21,14.089034816062146,20.580965183937856,random_forest,delta,fold_3,1h,ppb
2026-08-16T10:30:00Z,1,18.72,11.97,15.287800963725136,3.432199036274863,random_forest,delta,fold_3,1h,ppb
2026-08-16T10:45:00Z,1,17.67,18.89,22.240778607253088,-4.570778607253086,random_forest,delta,fold_3,1h,ppb
2026-08-16T11:00:00Z,1,11.8,36.48,40.04440432480469,-28.244404324804687,random_forest,delta,fold_3,1h,ppb
2026-08-16T11:15:00Z,1,8.55,34.67,37.559258935364,-29.009258935364,random_forest,delta,fold_3,1h,ppb
2026-08-16T11:30:00Z,1,26.43,18.72,23.003893703617255,3.426106296382745,random_forest,delta,fold_3,1h,ppb
2026-08-16T11:45:00Z,1,17.22,17.67,22.97869283876431,-5.758692838764311,random_forest,delta,fold_3,1h,ppb
2026-08-16T12:00:00Z,1,17.48,11.8,17.003649034621834,0.4763509653781668,random_forest,delta,fold_3,1h,ppb
2026-08-16T12:15:00Z,1,20.63,8.55,13.266919755511204,7.3630802444887955,random_forest,delta,fold_3,1h,ppb
2026-08-16T12:30:00Z,1,7.98,26.43,29.494179263147387,-21.514179263147387,random_forest,delta,fold_3,1h,ppb
2026-08-16T12:45:00Z,1,21.15,17.22,22.099798386147985,-0.949798386147986,random_forest,delta,fold_3,1h,ppb
2026-08-16T13:00:00Z,1,17.21,17.48,20.887159111164245,-3.6771591111642437,random_forest,delta,fold_3,1h,ppb
2026-08-16T13:15:00Z,1,12.86,20.63,23.80026510874131,-10.940265108741311,random_forest,delta,fold_3,1h,ppb
2026-08-16T13:30:00Z,1,4.93,7.98,13.024593766721736,-8.094593766721736,random_forest,delta,fold_3,1h,ppb
2026-08-16T13:45:00Z,1,21.25,21.15,24.40090286899382,-3.150902868993821,random_forest,delta,fold_3,1h,ppb
2026-08-16T14:00:00Z,1,0.96,17.21,22.216310530326552,-21.25631053032655,random_forest,delta,fold_3,1h,ppb
2026-08-16T14:15:00Z,1,4.39,12.86,18.363117597069927,-13.973117597069926,random_forest,delta,fold_3,1h,ppb
2026-08-16T14:30:00Z,1,11.5,4.93,10.000621730214792,1.4993782697852076,random_forest,delta,fold_3,1h,ppb
2026-08-16T14:45:00Z,1,15.62,21.25,25.10106077816441,-9.48106077816441,random_forest,delta,fold_3,1h,ppb
2026-08-16T15:00:00Z,1,0.52,0.96,5.598573645484344,-5.078573645484344,random_forest,delta,fold_3,1h,ppb
2026-08-16T16:00:00Z,1,14.32,0.52,5.325004201039899,8.994995798960101,random_forest,delta,fold_3,1h,ppb
2026-08-16T17:00:00Z,1,50.93,14.32,18.005766332206413,32.92423366779359,random_forest,delta,fold_3,1h,ppb
2026-08-16T17:15:00Z,1,51.46,28.38,34.66600389013496,16.79399610986504,random_forest,delta,fold_3,1h,ppb
2026-08-16T17:30:00Z,1,54.12,39.09,43.564164694564695,10.555835305435302,random_forest,delta,fold_3,1h,ppb
2026-08-16T17:45:00Z,1,57.15,46.57,51.117965929132595,6.032034070867404,random_forest,delta,fold_3,1h,ppb
2026-08-16T18:00:00Z,1,58.37,50.93,53.73175966894474,4.638240331055258,random_forest,delta,fold_3,1h,ppb
2026-08-16T18:15:00Z,1,56.36,51.46,53.893068929475874,2.466931070524126,random_forest,delta,fold_3,1h,ppb
2026-08-16T18:30:00Z,1,57.84,54.12,55.88478774555672,1.955212254443282,random_forest,delta,fold_3,1h,ppb
2026-08-16T18:45:00Z,1,58.56,57.15,56.605935750101004,1.9540642498989982,random_forest,delta,fold_3,1h,ppb
2026-08-16T19:00:00Z,1,60.03,58.37,55.391555814136176,4.6384441858638255,random_forest,delta,fold_3,1h,ppb
2026-08-16T19:15:00Z,1,58.29,56.36,54.85829437650784,3.4317056234921566,random_forest,delta,fold_3,1h,ppb
2026-08-16T19:30:00Z,1,56.39,57.84,53.985321318282125,2.4046786817178756,random_forest,delta,fold_3,1h,ppb
2026-08-16T19:45:00Z,1,56.04,58.56,54.431892712071075,1.6081072879289238,random_forest,delta,fold_3,1h,ppb
2026-08-16T20:00:00Z,1,57.18,60.03,52.46652247539038,4.7134775246096225,random_forest,delta,fold_3,1h,ppb
2026-08-16T20:15:00Z,1,57.72,58.29,50.01064560057578,7.709354399424221,random_forest,delta,fold_3,1h,ppb
2026-08-16T20:30:00Z,1,64.02,56.39,47.864724993871945,16.15527500612805,random_forest,delta,fold_3,1h,ppb
2026-08-16T20:45:00Z,1,62.19,56.04,48.99391630457918,13.196083695420818,random_forest,delta,fold_3,1h,ppb
2026-08-16T21:00:00Z,1,63.58,57.18,53.386317461938106,10.193682538061893,random_forest,delta,fold_3,1h,ppb
2026-08-16T21:15:00Z,1,59.94,57.72,52.55433098817814,7.385669011821861,random_forest,delta,fold_3,1h,ppb
2026-08-16T21:30:00Z,1,44.58,64.02,53.713025649147234,-9.133025649147235,random_forest,delta,fold_3,1h,ppb
2026-08-16T21:45:00Z,1,43.54,62.19,53.001648530435375,-9.461648530435376,random_forest,delta,fold_3,1h,ppb
2026-08-16T22:00:00Z,1,51.31,63.58,53.71711255851636,-2.40711255851636,random_forest,delta,fold_3,1h,ppb
2026-08-16T22:15:00Z,1,51.92,59.94,52.14484458627156,-0.22484458627155846,random_forest,delta,fold_3,1h,ppb
2026-08-16T22:30:00Z,1,52.8,44.58,42.16785793325605,10.632142066743945,random_forest,delta,fold_3,1h,ppb
2026-08-16T22:45:00Z,1,52.26,43.54,39.52217528562718,12.73782471437282,random_forest,delta,fold_3,1h,ppb
2026-08-16T23:00:00Z,1,52.54,51.31,48.77574854482676,3.7642514551732376,random_forest,delta,fold_3,1h,ppb
2026-08-16T23:15:00Z,1,54.8,51.92,50.42360396489472,4.37639603510528,random_forest,delta,fold_3,1h,ppb
2026-08-16T23:30:00Z,1,47.92,52.8,50.710617396324984,-2.7906173963249827,random_forest,delta,fold_3,1h,ppb
2026-08-16T23:45:00Z,1,40.51,52.26,52.04388699214034,-11.533886992140339,random_forest,delta,fold_3,1h,ppb
2026-08-17T00:00:00Z,1,44.15,52.54,51.70951094904741,-7.559510949047414,random_forest,delta,fold_3,1h,ppb
2026-08-17T00:15:00Z,1,45.94,54.8,53.75541545700006,-7.815415457000064,random_forest,delta,fold_3,1h,ppb
2026-08-17T00:30:00Z,1,37.63,47.92,48.29937395853437,-10.669373958534365,random_forest,delta,fold_3,1h,ppb
2026-08-17T00:45:00Z,1,32.08,40.51,40.670890986094285,-8.590890986094287,random_forest,delta,fold_3,1h,ppb
2026-08-17T01:00:00Z,1,31.72,44.15,45.65685402156238,-13.936854021562382,random_forest,delta,fold_3,1h,ppb
2026-08-17T01:15:00Z,1,30.25,45.94,46.695620665373724,-16.445620665373724,random_forest,delta,fold_3,1h,ppb
2026-08-17T01:30:00Z,1,34.36,37.63,39.367151203990204,-5.007151203990205,random_forest,delta,fold_3,1h,ppb
2026-08-17T01:45:00Z,1,29.57,32.08,34.002702197440456,-4.432702197440456,random_forest,delta,fold_3,1h,ppb
2026-08-17T02:00:00Z,1,32.47,31.72,33.648769601141005,-1.1787696011410063,random_forest,delta,fold_3,1h,ppb
2026-08-17T02:15:00Z,1,33.9,30.25,32.25345862495411,1.646541375045885,random_forest,delta,fold_3,1h,ppb
2026-08-17T02:30:00Z,1,33.31,34.36,35.498151560689024,-2.188151560689022,random_forest,delta,fold_3,1h,ppb
2026-08-17T02:45:00Z,1,33.6,29.57,31.904168196415668,1.6958318035843334,random_forest,delta,fold_3,1h,ppb
2026-08-17T03:00:00Z,1,31.61,32.47,36.02632042218896,-4.41632042218896,random_forest,delta,fold_3,1h,ppb
2026-08-17T03:15:00Z,1,39.44,33.9,36.90810436633302,2.531895633666977,random_forest,delta,fold_3,1h,ppb
2026-08-17T03:30:00Z,1,39.4,33.31,36.82787391125933,2.572126088740667,random_forest,delta,fold_3,1h,ppb
2026-08-17T03:45:00Z,1,38.16,33.6,37.06038975196046,1.0996102480395393,random_forest,delta,fold_3,1h,ppb
2026-08-17T04:00:00Z,1,40.17,31.61,36.6038240988792,3.5661759011208005,random_forest,delta,fold_3,1h,ppb
2026-08-17T04:15:00Z,1,45.46,39.44,43.74129519462688,1.7187048053731218,random_forest,delta,fold_3,1h,ppb
2026-08-17T04:30:00Z,1,59.46,39.4,43.655693307931124,15.804306692068877,random_forest,delta,fold_3,1h,ppb
2026-08-17T04:45:00Z,1,60.75,38.16,43.12198139203888,17.628018607961117,random_forest,delta,fold_3,1h,ppb
2026-08-17T05:00:00Z,1,58.1,40.17,46.51455552415691,11.58544447584309,random_forest,delta,fold_3,1h,ppb
2026-08-17T05:15:00Z,1,66.47,45.46,51.36291453464874,15.107085465351261,random_forest,delta,fold_3,1h,ppb
2026-08-17T05:30:00Z,1,62.6,59.46,63.14894618381233,-0.5489461838123262,random_forest,delta,fold_3,1h,ppb
2026-08-17T05:45:00Z,1,67.1,60.75,65.26787389637111,1.8321261036288803,random_forest,delta,fold_3,1h,ppb
2026-08-17T06:00:00Z,1,68.85,58.1,65.7871475308642,3.062852469135791,random_forest,delta,fold_3,1h,ppb
2026-08-17T06:15:00Z,1,74.06,66.47,72.36819541446208,1.6918045855379233,random_forest,delta,fold_3,1h,ppb
2026-08-17T06:30:00Z,1,72.18,62.6,71.4012311287478,0.7787688712522112,random_forest,delta,fold_3,1h,ppb
2026-08-17T06:45:00Z,1,72.53,67.1,73.51557449124948,-0.9855744912494799,random_forest,delta,fold_3,1h,ppb
2026-08-17T07:00:00Z,1,68.54,68.85,70.77536190000691,-2.2353619000069074,random_forest,delta,fold_3,1h,ppb
2026-08-17T07:15:00Z,1,67.83,74.06,76.02961377955741,-8.19961377955741,random_forest,delta,fold_3,1h,ppb
2026-08-17T07:30:00Z,1,70.38,72.18,68.64047954403985,1.7395204559601467,random_forest,delta,fold_3,1h,ppb
2026-08-17T07:45:00Z,1,67.48,72.53,67.29196113832562,0.18803886167438577,random_forest,delta,fold_3,1h,ppb
2026-08-17T08:00:00Z,1,65.85,68.54,63.09853692796808,2.7514630720319175,random_forest,delta,fold_3,1h,ppb
2026-08-17T08:15:00Z,1,60.87,67.83,61.60464141811898,-0.7346414181189829,random_forest,delta,fold_3,1h,ppb
2026-08-17T08:30:00Z,1,62.57,70.38,64.52782034554605,-1.9578203455460468,random_forest,delta,fold_3,1h,ppb
2026-08-17T08:45:00Z,1,60.92,67.48,61.423809492081396,-0.5038094920813947,random_forest,delta,fold_3,1h,ppb
2026-08-17T09:00:00Z,1,63.41,65.85,58.559034412555015,4.850965587444982,random_forest,delta,fold_3,1h,ppb
2026-08-17T09:15:00Z,1,56.51,60.87,56.263691853464685,0.24630814653531274,random_forest,delta,fold_3,1h,ppb
2026-08-17T09:30:00Z,1,54.75,62.57,56.49270748433153,-1.7427074843315324,random_forest,delta,fold_3,1h,ppb
2026-08-17T09:45:00Z,1,56.22,60.92,55.83914526504679,0.38085473495321054,random_forest,delta,fold_3,1h,ppb
2026-08-17T10:00:00Z,1,55.77,63.41,57.57752693495182,-1.8075269349518166,random_forest,delta,fold_3,1h,ppb
2026-08-17T10:15:00Z,1,51.6,56.51,54.0871359471724,-2.4871359471723977,random_forest,delta,fold_3,1h,ppb
2026-08-17T10:30:00Z,1,48.56,54.75,53.94914161993865,-5.389141619938648,random_forest,delta,fold_3,1h,ppb
2026-08-17T10:45:00Z,1,52.35,56.22,55.05323588401635,-2.703235884016351,random_forest,delta,fold_3,1h,ppb
2026-08-17T11:00:00Z,1,49.02,55.77,55.72917098495691,-6.709170984956906,random_forest,delta,fold_3,1h,ppb
2026-08-17T11:15:00Z,1,50.85,51.6,54.2203412650281,-3.3703412650280953,random_forest,delta,fold_3,1h,ppb
2026-08-17T11:30:00Z,1,54.93,48.56,51.53055710080448,3.3994428991955203,random_forest,delta,fold_3,1h,ppb
2026-08-17T11:45:00Z,1,53.95,52.35,53.52210841357897,0.4278915864210333,random_forest,delta,fold_3,1h,ppb
2026-08-17T12:00:00Z,1,55.04,49.02,51.84455426939467,3.1954457306053285,random_forest,delta,fold_3,1h,ppb
2026-08-17T12:15:00Z,1,56.82,50.85,52.398325333553544,4.421674666446457,random_forest,delta,fold_3,1h,ppb
2026-08-17T12:30:00Z,1,58.42,54.93,55.24641170615451,3.1735882938454907,random_forest,delta,fold_3,1h,ppb
2026-08-17T12:45:00Z,1,60.23,53.95,55.897178589995356,4.332821410004641,random_forest,delta,fold_3,1h,ppb
2026-08-17T13:00:00Z,1,59.57,55.04,54.181538033760255,5.3884619662397455,random_forest,delta,fold_3,1h,ppb
2026-08-17T13:15:00Z,1,57.78,56.82,53.90796187250114,3.872038127498861,random_forest,delta,fold_3,1h,ppb
2026-08-17T13:30:00Z,1,56.05,58.42,55.57673900329121,0.4732609967087882,random_forest,delta,fold_3,1h,ppb
2026-08-17T13:45:00Z,1,63.33,60.23,57.64552803757725,5.684471962422748,random_forest,delta,fold_3,1h,ppb
2026-08-17T14:00:00Z,1,59.6,59.57,56.95796661230593,2.6420333876940703,random_forest,delta,fold_3,1h,ppb
2026-08-17T14:15:00Z,1,61.07,57.78,57.13177173569027,3.9382282643097284,random_forest,delta,fold_3,1h,ppb
2026-08-17T14:30:00Z,1,58.75,56.05,56.10752098726569,2.642479012734313,random_forest,delta,fold_3,1h,ppb
2026-08-17T14:45:00Z,1,50.93,63.33,57.40295838583701,-6.4729583858370106,random_forest,delta,fold_3,1h,ppb
2026-08-17T15:00:00Z,1,57.08,59.6,53.173201663160405,3.906798336839593,random_forest,delta,fold_3,1h,ppb
2026-08-17T15:15:00Z,1,53.49,61.07,55.515142973643364,-2.025142973643362,random_forest,delta,fold_3,1h,ppb
2026-08-17T15:30:00Z,1,51.64,58.75,52.39651573736087,-0.7565157373608713,random_forest,delta,fold_3,1h,ppb
2026-08-17T15:45:00Z,1,53.74,50.93,48.77261118744912,4.96738881255088,random_forest,delta,fold_3,1h,ppb
2026-08-17T16:00:00Z,1,50.62,57.08,53.701490326436655,-3.0814903264366578,random_forest,delta,fold_3,1h,ppb
2026-08-17T16:15:00Z,1,49.94,53.49,53.52961115503085,-3.589611155030852,random_forest,delta,fold_3,1h,ppb
2026-08-17T16:30:00Z,1,51.32,51.64,53.69076622483625,-2.3707662248362524,random_forest,delta,fold_3,1h,ppb
2026-08-17T16:45:00Z,1,52.08,53.74,53.54926279374394,-1.469262793743944,random_forest,delta,fold_3,1h,ppb
2026-08-17T17:00:00Z,1,51.75,50.62,52.85072389385497,-1.100723893854969,random_forest,delta,fold_3,1h,ppb
2026-08-17T17:15:00Z,1,54.27,49.94,52.470390483175464,1.799609516824539,random_forest,delta,fold_3,1h,ppb
2026-08-17T17:30:00Z,1,51.23,51.32,51.61485868910234,-0.38485868910234444,random_forest,delta,fold_3,1h,ppb
2026-08-17T17:45:00Z,1,53.26,52.08,53.67094961181317,-0.410949611813173,random_forest,delta,fold_3,1h,ppb
2026-08-17T18:00:00Z,1,49.34,51.75,53.260700911063516,-3.9207009110635127,random_forest,delta,fold_3,1h,ppb
2026-08-17T18:15:00Z,1,40.68,54.27,54.40132094212401,-13.72132094212401,random_forest,delta,fold_3,1h,ppb
2026-08-17T18:30:00Z,1,47.79,51.23,52.64808651989507,-4.858086519895068,random_forest,delta,fold_3,1h,ppb
2026-08-17T18:45:00Z,1,46.47,53.26,52.65527320684316,-6.1852732068431635,random_forest,delta,fold_3,1h,ppb
2026-08-17T19:00:00Z,1,48.72,49.34,48.348145737387426,0.3718542626125725,random_forest,delta,fold_3,1h,ppb
2026-08-17T19:15:00Z,1,51.92,40.68,42.12841200760821,9.79158799239179,random_forest,delta,fold_3,1h,ppb
2026-08-17T19:30:00Z,1,59.56,47.79,48.41179810960159,11.148201890398411,random_forest,delta,fold_3,1h,ppb
2026-08-17T19:45:00Z,1,52.54,46.47,48.282925547602744,4.257074452397255,random_forest,delta,fold_3,1h,ppb
2026-08-17T20:00:00Z,1,58.33,48.72,50.149406968007725,8.180593031992274,random_forest,delta,fold_3,1h,ppb
2026-08-17T20:15:00Z,1,47.32,51.92,53.76712583910846,-6.447125839108459,random_forest,delta,fold_3,1h,ppb
2026-08-17T20:30:00Z,1,39.53,59.56,58.42735866988862,-18.897358669888618,random_forest,delta,fold_3,1h,ppb
2026-08-17T20:45:00Z,1,40.26,52.54,53.29283989696638,-13.03283989696638,random_forest,delta,fold_3,1h,ppb
2026-08-17T21:00:00Z,1,40.5,58.33,57.1307437362908,-16.630743736290803,random_forest,delta,fold_3,1h,ppb
2026-08-17T21:15:00Z,1,38.44,47.32,49.424357130404154,-10.984357130404156,random_forest,delta,fold_3,1h,ppb
2026-08-17T21:30:00Z,1,30.5,39.53,42.72443967989938,-12.224439679899383,random_forest,delta,fold_3,1h,ppb
2026-08-17T21:45:00Z,1,39.56,40.26,43.39628941260087,-3.8362894126008698,random_forest,delta,fold_3,1h,ppb
2026-08-17T22:00:00Z,1,46.41,40.5,43.70102045637107,2.708979543628928,random_forest,delta,fold_3,1h,ppb
2026-08-17T22:15:00Z,1,44.85,38.44,41.847921356344834,3.0020786436551674,random_forest,delta,fold_3,1h,ppb
2026-08-17T22:30:00Z,1,47.57,30.5,34.36911247432988,13.200887525670119,random_forest,delta,fold_3,1h,ppb
2026-08-17T22:45:00Z,1,43.26,39.56,42.04275745437728,1.2172425456227174,random_forest,delta,fold_3,1h,ppb
2026-08-17T23:00:00Z,1,35.82,46.41,47.46819581229033,-11.648195812290332,random_forest,delta,fold_3,1h,ppb
2026-08-17T23:15:00Z,1,44.24,44.85,46.181493620295804,-1.9414936202958017,random_forest,delta,fold_3,1h,ppb
2026-08-17T23:30:00Z,1,48.06,47.57,48.256362348338676,-0.19636234833867405,random_forest,delta,fold_3,1h,ppb
2026-08-17T23:45:00Z,1,45.72,43.26,45.48829769688522,0.2317023031147798,random_forest,delta,fold_3,1h,ppb
2026-08-18T00:00:00Z,1,43.33,35.82,38.057880474210755,5.272119525789243,random_forest,delta,fold_3,1h,ppb
2026-08-18T00:15:00Z,1,44.85,44.24,45.45855875628006,-0.6085587562800612,random_forest,delta,fold_3,1h,ppb
2026-08-18T00:30:00Z,1,46.76,48.06,47.998615263299435,-1.2386152632994367,random_forest,delta,fold_3,1h,ppb
2026-08-18T00:45:00Z,1,48.85,45.72,46.11089850632691,2.7391014936730897,random_forest,delta,fold_3,1h,ppb
2026-08-18T01:00:00Z,1,44.3,43.33,44.54253014316209,-0.24253014316209232,random_forest,delta,fold_3,1h,ppb
2026-08-18T01:15:00Z,1,45.94,44.85,45.39446664968917,0.5455333503108264,random_forest,delta,fold_3,1h,ppb
2026-08-18T01:30:00Z,1,46.02,46.76,48.70598428645576,-2.6859842864557564,random_forest,delta,fold_3,1h,ppb
2026-08-18T01:45:00Z,1,47.94,48.85,51.65754059442252,-3.7175405944225233,random_forest,delta,fold_3,1h,ppb
2026-08-18T02:00:00Z,1,46.43,44.3,52.90758189835859,-6.4775818983585935,random_forest,delta,fold_3,1h,ppb
2026-08-18T02:15:00Z,1,47.12,45.94,56.23595569800569,-9.115955698005692,random_forest,delta,fold_3,1h,ppb
2026-08-18T02:30:00Z,1,46.55,46.02,58.06394577737078,-11.513945777370786,random_forest,delta,fold_3,1h,ppb
2026-08-18T02:45:00Z,1,45.15,47.94,59.9491754070004,-14.799175407000405,random_forest,delta,fold_3,1h,ppb
2026-08-18T03:00:00Z,1,44.08,46.43,60.36800033068783,-16.28800033068783,random_forest,delta,fold_3,1h,ppb
2026-08-18T03:15:00Z,1,39.74,47.12,61.131812245624744,-21.39181224562474,random_forest,delta,fold_3,1h,ppb
2026-08-18T03:30:00Z,1,39.79,46.55,60.981395115995106,-21.191395115995107,random_forest,delta,fold_3,1h,ppb
2026-08-18T03:45:00Z,1,51.59,45.15,59.97890067155066,-8.388900671550658,random_forest,delta,fold_3,1h,ppb
2026-08-18T04:00:00Z,1,55.56,44.08,59.64176435185184,-4.081764351851838,random_forest,delta,fold_3,1h,ppb
2026-08-18T04:15:00Z,1,64.97,39.74,55.121315674603174,9.848684325396825,random_forest,delta,fold_3,1h,ppb
2026-08-18T04:30:00Z,1,61.08,39.79,56.06823492063492,5.011765079365077,random_forest,delta,fold_3,1h,ppb
2026-08-18T04:45:00Z,1,59.17,51.59,61.84721261022928,-2.677212610229276,random_forest,delta,fold_3,1h,ppb
2026-08-18T05:00:00Z,1,68.61,55.56,64.19357940917108,4.4164205908289205,random_forest,delta,fold_3,1h,ppb
2026-08-18T05:15:00Z,1,71.53,64.97,71.07966051587302,0.4503394841269852,random_forest,delta,fold_3,1h,ppb
2026-08-18T05:30:00Z,1,69.74,61.08,70.67465326278659,-0.9346532627865969,random_forest,delta,fold_3,1h,ppb
2026-08-18T05:45:00Z,1,70.35,59.17,68.60816385882636,1.7418361411736356,random_forest,delta,fold_3,1h,ppb
2026-08-18T06:00:00Z,1,69.55,68.61,76.65024015953182,-7.100240159531822,random_forest,delta,fold_3,1h,ppb
2026-08-18T06:15:00Z,1,72.52,71.53,78.67782956649832,-6.157829566498322,random_forest,delta,fold_3,1h,ppb
2026-08-18T06:30:00Z,1,80.75,69.74,77.37300542328042,3.376994576719582,random_forest,delta,fold_3,1h,ppb
2026-08-18T06:45:00Z,1,70.84,70.35,77.73495035273368,-6.894950352733673,random_forest,delta,fold_3,1h,ppb
2026-08-18T07:00:00Z,1,75.18,69.55,80.86606399911817,-5.686063999118161,random_forest,delta,fold_3,1h,ppb
2026-08-18T07:15:00Z,1,79.4,72.52,83.44575651455027,-4.045756514550263,random_forest,delta,fold_3,1h,ppb
2026-08-18T07:30:00Z,1,74.38,80.75,87.91659921737214,-13.536599217372142,random_forest,delta,fold_3,1h,ppb
2026-08-18T07:45:00Z,1,77.97,70.84,73.86888007194167,4.101119928058324,random_forest,delta,fold_3,1h,ppb
2026-08-18T08:00:00Z,1,80.06,75.18,69.66503157368372,10.394968426316282,random_forest,delta,fold_3,1h,ppb
2026-08-18T08:15:00Z,1,82.23,79.4,74.42052946250197,7.809470537498029,random_forest,delta,fold_3,1h,ppb
2026-08-18T08:30:00Z,1,78.6,74.38,70.48218396873766,8.117816031262336,random_forest,delta,fold_3,1h,ppb
2026-08-18T08:45:00Z,1,72.26,77.97,70.71739900543425,1.5426009945657597,random_forest,delta,fold_3,1h,ppb
2026-08-18T09:00:00Z,1,69.66,80.06,72.17593664731668,-2.5159366473166784,random_forest,delta,fold_3,1h,ppb
2026-08-18T09:15:00Z,1,65.31,82.23,75.45358243702009,-10.143582437020086,random_forest,delta,fold_3,1h,ppb
2026-08-18T09:30:00Z,1,71.0,78.6,70.75000342651533,0.24999657348466542,random_forest,delta,fold_3,1h,ppb
2026-08-18T09:45:00Z,1,70.31,72.26,65.96345027000196,4.346549729998046,random_forest,delta,fold_3,1h,ppb
2026-08-18T10:00:00Z,1,68.27,69.66,63.88182463440155,4.388175365598443,random_forest,delta,fold_3,1h,ppb
2026-08-18T10:15:00Z,1,65.5,65.31,61.78411125413142,3.7158887458685825,random_forest,delta,fold_3,1h,ppb
2026-08-18T10:30:00Z,1,69.62,71.0,64.974091772479,4.645908227521005,random_forest,delta,fold_3,1h,ppb
2026-08-18T10:45:00Z,1,63.77,70.31,65.00921356498962,-1.239213564989619,random_forest,delta,fold_3,1h,ppb
2026-08-18T11:00:00Z,1,66.61,68.27,64.02636864807067,2.583631351929327,random_forest,delta,fold_3,1h,ppb
2026-08-18T11:15:00Z,1,67.7,65.5,63.07757942637261,4.6224205736273944,random_forest,delta,fold_3,1h,ppb
2026-08-18T11:30:00Z,1,66.0,69.62,65.99737765771938,0.002622342280616863,random_forest,delta,fold_3,1h,ppb
2026-08-18T11:45:00Z,1,67.14,63.77,61.66496002456756,5.475039975432438,random_forest,delta,fold_3,1h,ppb
2026-08-18T12:00:00Z,1,67.39,66.61,63.24375279535578,4.146247204644219,random_forest,delta,fold_3,1h,ppb
2026-08-18T12:15:00Z,1,65.3,67.7,64.12162257116466,1.1783774288353328,random_forest,delta,fold_3,1h,ppb
2026-08-18T12:30:00Z,1,67.31,66.0,63.127659444212455,4.1823405557875475,random_forest,delta,fold_3,1h,ppb
2026-08-18T12:45:00Z,1,64.29,67.14,63.38749515774574,0.9025048422542667,random_forest,delta,fold_3,1h,ppb
2026-08-18T13:00:00Z,1,62.36,67.39,63.421098587582314,-1.0610985875823147,random_forest,delta,fold_3,1h,ppb
2026-08-18T13:15:00Z,1,61.89,65.3,62.458103641352864,-0.5681036413528631,random_forest,delta,fold_3,1h,ppb
2026-08-18T13:30:00Z,1,64.11,67.31,63.676455654241956,0.4335443457580439,random_forest,delta,fold_3,1h,ppb
2026-08-18T13:45:00Z,1,69.18,64.29,62.646255784067925,6.5337442159320815,random_forest,delta,fold_3,1h,ppb
2026-08-18T14:00:00Z,1,61.67,62.36,60.968173095184824,0.701826904815178,random_forest,delta,fold_3,1h,ppb
2026-08-18T14:15:00Z,1,61.3,61.89,59.79546068252997,1.5045393174700266,random_forest,delta,fold_3,1h,ppb
2026-08-18T14:30:00Z,1,59.61,64.11,60.89642986479357,-1.2864298647935684,random_forest,delta,fold_3,1h,ppb
2026-08-18T14:45:00Z,1,53.82,69.18,61.98499194207972,-8.164991942079723,random_forest,delta,fold_3,1h,ppb
2026-08-18T15:00:00Z,1,51.38,61.67,52.756601488625755,-1.3766014886257523,random_forest,delta,fold_3,1h,ppb
2026-08-18T15:15:00Z,1,50.06,61.3,57.31569452528834,-7.255694525288341,random_forest,delta,fold_3,1h,ppb
2026-08-18T15:30:00Z,1,52.68,59.61,56.20526269116801,-3.5252626911680096,random_forest,delta,fold_3,1h,ppb
2026-08-18T15:45:00Z,1,50.89,53.82,53.16655746040197,-2.2765574604019676,random_forest,delta,fold_3,1h,ppb
2026-08-18T16:00:00Z,1,53.68,51.38,52.757486140364264,0.9225138596357354,random_forest,delta,fold_3,1h,ppb
2026-08-18T16:15:00Z,1,51.95,50.06,51.63924233522514,0.31075766477486155,random_forest,delta,fold_3,1h,ppb
2026-08-18T16:30:00Z,1,56.49,52.68,54.46162650545616,2.0283734945438425,random_forest,delta,fold_3,1h,ppb
2026-08-18T16:45:00Z,1,56.46,50.89,52.99465547457259,3.465344525427412,random_forest,delta,fold_3,1h,ppb
2026-08-18T17:00:00Z,1,45.17,53.68,55.596910950460185,-10.426910950460183,random_forest,delta,fold_3,1h,ppb
2026-08-18T17:15:00Z,1,53.78,51.95,55.53159472536589,-1.7515947253658908,random_forest,delta,fold_3,1h,ppb
2026-08-18T17:30:00Z,1,57.86,56.49,58.5885969214513,-0.7285969214512988,random_forest,delta,fold_3,1h,ppb
2026-08-18T17:45:00Z,1,56.68,56.46,58.0171038917907,-1.3371038917906972,random_forest,delta,fold_3,1h,ppb
2026-08-18T18:00:00Z,1,53.19,45.17,48.636673216452856,4.553326783547142,random_forest,delta,fold_3,1h,ppb
2026-08-18T18:15:00Z,1,53.94,53.78,54.74645351268379,-0.8064535126837953,random_forest,delta,fold_3,1h,ppb
2026-08-18T18:30:00Z,1,51.3,57.86,55.88602955943919,-4.58602955943919,random_forest,delta,fold_3,1h,ppb
2026-08-18T18:45:00Z,1,56.13,56.68,54.98796196884307,1.142038031156936,random_forest,delta,fold_3,1h,ppb
2026-08-18T19:00:00Z,1,58.02,53.19,51.8560055811811,6.163994418818902,random_forest,delta,fold_3,1h,ppb
2026-08-18T19:15:00Z,1,59.13,53.94,53.49205651987881,5.637943480121194,random_forest,delta,fold_3,1h,ppb
2026-08-18T19:30:00Z,1,64.47,51.3,51.20051447206471,13.269485527935288,random_forest,delta,fold_3,1h,ppb
2026-08-18T19:45:00Z,1,66.4,56.13,54.68146862521337,11.718531374786636,random_forest,delta,fold_3,1h,ppb
2026-08-18T20:00:00Z,1,64.15,58.02,56.79905566386884,7.350944336131164,random_forest,delta,fold_3,1h,ppb
2026-08-18T20:15:00Z,1,64.78,59.13,56.163381804713424,8.616618195286577,random_forest,delta,fold_3,1h,ppb
2026-08-18T20:30:00Z,1,64.88,64.47,58.91084662809117,5.969153371908824,random_forest,delta,fold_3,1h,ppb
2026-08-18T20:45:00Z,1,65.11,66.4,60.22701406927273,4.882985930727273,random_forest,delta,fold_3,1h,ppb
2026-08-18T21:00:00Z,1,66.62,64.15,56.25043714980196,10.369562850198044,random_forest,delta,fold_3,1h,ppb
2026-08-18T21:15:00Z,1,62.61,64.78,58.005000293057435,4.604999706942564,random_forest,delta,fold_3,1h,ppb
2026-08-18T21:30:00Z,1,62.07,64.88,58.672529239006806,3.397470760993194,random_forest,delta,fold_3,1h,ppb
2026-08-18T21:45:00Z,1,54.47,65.11,57.710895545913516,-3.240895545913517,random_forest,delta,fold_3,1h,ppb
2026-08-18T22:00:00Z,1,42.34,66.62,57.204546313382934,-14.864546313382931,random_forest,delta,fold_3,1h,ppb
2026-08-18T22:15:00Z,1,44.55,62.61,54.69311138249296,-10.143111382492961,random_forest,delta,fold_3,1h,ppb
2026-08-18T22:30:00Z,1,44.43,62.07,54.056960012049224,-9.626960012049224,random_forest,delta,fold_3,1h,ppb
2026-08-18T22:45:00Z,1,43.34,54.47,49.78610817068775,-6.446108170687744,random_forest,delta,fold_3,1h,ppb
2026-08-18T23:00:00Z,1,35.37,42.34,43.08318968255782,-7.713189682557825,random_forest,delta,fold_3,1h,ppb
2026-08-18T23:15:00Z,1,45.7,44.55,44.72459332898296,0.9754066710170406,random_forest,delta,fold_3,1h,ppb
2026-08-18T23:30:00Z,1,50.02,44.43,46.35349309385788,3.666506906142125,random_forest,delta,fold_3,1h,ppb
2026-08-18T23:45:00Z,1,39.43,43.34,45.6718289120894,-6.241828912089403,random_forest,delta,fold_3,1h,ppb
2026-08-19T00:00:00Z,1,36.91,35.37,36.52430405249791,0.3856959475020858,random_forest,delta,fold_3,1h,ppb
2026-08-19T00:15:00Z,1,35.09,45.7,46.252287818764046,-11.162287818764042,random_forest,delta,fold_3,1h,ppb
2026-08-19T00:30:00Z,1,37.5,50.02,49.20991138940013,-11.709911389400133,random_forest,delta,fold_3,1h,ppb
2026-08-19T00:45:00Z,1,38.81,39.43,40.455856936016794,-1.6458569360167914,random_forest,delta,fold_3,1h,ppb
2026-08-19T01:00:00Z,1,47.16,36.91,38.800173397678094,8.359826602321903,random_forest,delta,fold_3,1h,ppb
2026-08-19T01:15:00Z,1,45.19,35.09,37.3595128795913,7.830487120408698,random_forest,delta,fold_3,1h,ppb
2026-08-19T01:30:00Z,1,36.38,37.5,40.68287667745314,-4.302876677453135,random_forest,delta,fold_3,1h,ppb
2026-08-19T01:45:00Z,1,39.92,38.81,42.01461498096913,-2.0946149809691263,random_forest,delta,fold_3,1h,ppb
2026-08-19T02:00:00Z,1,39.31,47.16,52.83832893730563,-13.52832893730563,random_forest,delta,fold_3,1h,ppb
2026-08-19T02:15:00Z,1,36.1,45.19,53.10355257802897,-17.003552578028966,random_forest,delta,fold_3,1h,ppb
2026-08-19T02:30:00Z,1,37.44,36.38,47.37909460678212,-9.93909460678212,random_forest,delta,fold_3,1h,ppb
2026-08-19T02:45:00Z,1,38.27,39.92,49.58449672318423,-11.314496723184227,random_forest,delta,fold_3,1h,ppb
2026-08-19T03:00:00Z,1,38.98,39.31,51.825573677248684,-12.845573677248687,random_forest,delta,fold_3,1h,ppb
2026-08-19T03:15:00Z,1,38.21,36.1,49.09847162698413,-10.888471626984128,random_forest,delta,fold_3,1h,ppb
2026-08-19T03:30:00Z,1,43.3,37.44,49.74054933862435,-6.440549338624351,random_forest,delta,fold_3,1h,ppb
2026-08-19T03:45:00Z,1,34.96,38.27,51.364693783068795,-16.404693783068794,random_forest,delta,fold_3,1h,ppb
2026-08-19T04:00:00Z,1,51.52,38.98,52.670290674603166,-1.1502906746031627,random_forest,delta,fold_3,1h,ppb
2026-08-19T04:15:00Z,1,51.99,38.21,52.113772817460315,-0.12377281746031343,random_forest,delta,fold_3,1h,ppb
2026-08-19T04:30:00Z,1,58.04,43.3,54.52121737213404,3.51878262786596,random_forest,delta,fold_3,1h,ppb
2026-08-19T04:45:00Z,1,61.42,34.96,49.3251971340388,12.0948028659612,random_forest,delta,fold_3,1h,ppb
2026-08-19T05:00:00Z,1,66.83,51.52,60.10383097442681,6.726169025573185,random_forest,delta,fold_3,1h,ppb
2026-08-19T05:15:00Z,1,70.47,51.99,61.14643046737214,9.323569532627857,random_forest,delta,fold_3,1h,ppb
2026-08-19T05:30:00Z,1,72.11,58.04,62.56853807920474,9.541461920795257,random_forest,delta,fold_3,1h,ppb
2026-08-19T05:45:00Z,1,71.34,61.42,68.36300730319064,2.9769926968093614,random_forest,delta,fold_3,1h,ppb
2026-08-19T06:00:00Z,1,74.61,66.83,74.33071639409971,0.27928360590028944,random_forest,delta,fold_3,1h,ppb
2026-08-19T06:15:00Z,1,70.72,70.47,77.48966345398429,-6.769663453984293,random_forest,delta,fold_3,1h,ppb
2026-08-19T06:30:00Z,1,75.92,72.11,78.89022616843033,-2.9702261684303295,random_forest,delta,fold_3,1h,ppb
2026-08-19T06:45:00Z,1,76.97,71.34,78.45481479276896,-1.4848147927689581,random_forest,delta,fold_3,1h,ppb
2026-08-19T07:00:00Z,1,77.04,74.61,80.89019417989418,-3.8501941798941743,random_forest,delta,fold_3,1h,ppb
2026-08-19T07:15:00Z,1,78.08,70.72,81.35467142857144,-3.2746714285714376,random_forest,delta,fold_3,1h,ppb
2026-08-19T07:30:00Z,1,80.2,75.92,83.55590687830689,-3.3559068783068824,random_forest,delta,fold_3,1h,ppb
2026-08-19T07:45:00Z,1,80.11,76.97,78.11219346741221,1.9978065325877878,random_forest,delta,fold_3,1h,ppb
2026-08-19T08:00:00Z,1,78.76,77.04,71.94506441698277,6.814935583017231,random_forest,delta,fold_3,1h,ppb
2026-08-19T08:15:00Z,1,78.47,78.08,72.04367013883194,6.426329861168057,random_forest,delta,fold_3,1h,ppb
2026-08-19T08:30:00Z,1,72.2,80.2,72.91929840929505,-0.7192984092950496,random_forest,delta,fold_3,1h,ppb
2026-08-19T08:45:00Z,1,68.15,80.11,73.35769084074376,-5.207690840743751,random_forest,delta,fold_3,1h,ppb
2026-08-19T09:00:00Z,1,66.55,78.76,71.47048192226686,-4.920481922266859,random_forest,delta,fold_3,1h,ppb
2026-08-19T09:15:00Z,1,61.59,78.47,70.18963117614064,-8.599631176140633,random_forest,delta,fold_3,1h,ppb
2026-08-19T09:30:00Z,1,60.61,72.2,64.72179336822926,-4.111793368229257,random_forest,delta,fold_3,1h,ppb
2026-08-19T09:45:00Z,1,62.48,68.15,61.767756087798375,0.7122439122016218,random_forest,delta,fold_3,1h,ppb
2026-08-19T10:00:00Z,1,57.59,66.55,59.42556567690548,-1.8355656769054747,random_forest,delta,fold_3,1h,ppb
2026-08-19T10:15:00Z,1,55.9,61.59,58.00490970513343,-2.10490970513343,random_forest,delta,fold_3,1h,ppb
2026-08-19T10:30:00Z,1,55.35,60.61,56.97942788249079,-1.6294278824907877,random_forest,delta,fold_3,1h,ppb
2026-08-19T10:45:00Z,1,56.43,62.48,57.90317403131195,-1.4731740313119488,random_forest,delta,fold_3,1h,ppb
2026-08-19T11:00:00Z,1,56.04,57.59,56.51926937305574,-0.47926937305574313,random_forest,delta,fold_3,1h,ppb
2026-08-19T11:15:00Z,1,55.24,55.9,55.72658550597663,-0.48658550597662753,random_forest,delta,fold_3,1h,ppb
2026-08-19T11:30:00Z,1,56.0,55.35,56.468847448579645,-0.4688474485796448,random_forest,delta,fold_3,1h,ppb
2026-08-19T11:45:00Z,1,52.93,56.43,57.69619097077803,-4.766190970778027,random_forest,delta,fold_3,1h,ppb
2026-08-19T12:00:00Z,1,49.7,56.04,56.440433978015264,-6.740433978015261,random_forest,delta,fold_3,1h,ppb
2026-08-19T12:15:00Z,1,48.84,55.24,55.517822492845156,-6.677822492845152,random_forest,delta,fold_3,1h,ppb
2026-08-19T12:30:00Z,1,48.37,56.0,54.32634700874599,-5.956347008745993,random_forest,delta,fold_3,1h,ppb
2026-08-19T12:45:00Z,1,50.11,52.93,54.24741701558816,-4.137417015588163,random_forest,delta,fold_3,1h,ppb
2026-08-19T13:00:00Z,1,54.23,49.7,51.54549069037864,2.6845093096213546,random_forest,delta,fold_3,1h,ppb
2026-08-19T13:15:00Z,1,50.71,48.84,50.8328772294736,-0.1228772294736018,random_forest,delta,fold_3,1h,ppb
2026-08-19T13:30:00Z,1,51.31,48.37,51.16871172760268,0.14128827239732544,random_forest,delta,fold_3,1h,ppb
2026-08-19T13:45:00Z,1,56.56,50.11,52.191798295455776,4.3682017045442265,random_forest,delta,fold_3,1h,ppb
2026-08-19T14:00:00Z,1,52.84,54.23,54.308887962103796,-1.4688879621037927,random_forest,delta,fold_3,1h,ppb
2026-08-19T14:15:00Z,1,48.59,50.71,51.498446974932214,-2.908446974932211,random_forest,delta,fold_3,1h,ppb
2026-08-19T14:30:00Z,1,45.5,51.31,51.1304554056363,-5.630455405636297,random_forest,delta,fold_3,1h,ppb
2026-08-19T14:45:00Z,1,45.0,56.56,51.83732927280314,-6.837329272803139,random_forest,delta,fold_3,1h,ppb
2026-08-19T15:15:00Z,1,46.24,48.59,42.454709446632435,3.7852905533675667,random_forest,delta,fold_3,1h,ppb
2026-08-19T15:30:00Z,1,50.5,45.5,45.145772307007746,5.354227692992254,random_forest,delta,fold_3,1h,ppb
2026-08-19T15:45:00Z,1,50.06,45.0,46.16322264974983,3.8967773502501757,random_forest,delta,fold_3,1h,ppb
2026-08-19T16:15:00Z,1,47.2,46.24,48.745234333093755,-1.5452343330937524,random_forest,delta,fold_3,1h,ppb
2026-08-19T16:30:00Z,1,49.82,50.5,51.41761723792942,-1.5976172379294198,random_forest,delta,fold_3,1h,ppb
2026-08-19T16:45:00Z,1,48.3,50.06,51.51908144176664,-3.2190814417666402,random_forest,delta,fold_3,1h,ppb
2026-08-19T17:00:00Z,1,48.54,51.71,52.75310281128509,-4.21310281128509,random_forest,delta,fold_3,1h,ppb
2026-08-19T17:15:00Z,1,45.92,47.2,50.708909925209625,-4.788909925209623,random_forest,delta,fold_3,1h,ppb
2026-08-19T17:30:00Z,1,47.87,49.82,53.18984471094571,-5.319844710945709,random_forest,delta,fold_3,1h,ppb
2026-08-19T17:45:00Z,1,50.06,48.3,52.167583134193016,-2.107583134193014,random_forest,delta,fold_3,1h,ppb
2026-08-19T18:00:00Z,1,46.31,48.54,51.76074651350013,-5.450746513500128,random_forest,delta,fold_3,1h,ppb
2026-08-19T18:15:00Z,1,44.9,45.92,48.849007796975734,-3.949007796975735,random_forest,delta,fold_3,1h,ppb
2026-08-19T18:30:00Z,1,36.86,47.87,50.313736993616764,-13.453736993616765,random_forest,delta,fold_3,1h,ppb
2026-08-19T18:45:00Z,1,44.22,50.06,49.95920837666248,-5.739208376662482,random_forest,delta,fold_3,1h,ppb
2026-08-19T19:00:00Z,1,43.04,46.31,46.14642916755257,-3.1064291675525695,random_forest,delta,fold_3,1h,ppb
2026-08-19T19:15:00Z,1,47.06,44.9,47.125371527415,-0.06537152741499597,random_forest,delta,fold_3,1h,ppb
2026-08-19T19:30:00Z,1,41.08,36.86,40.15785074675365,0.9221492532463458,random_forest,delta,fold_3,1h,ppb
2026-08-19T19:45:00Z,1,42.21,44.22,47.083693560309044,-4.873693560309043,random_forest,delta,fold_3,1h,ppb
2026-08-19T20:00:00Z,1,49.78,43.04,46.0771517780729,3.7028482219270984,random_forest,delta,fold_3,1h,ppb
2026-08-19T20:15:00Z,1,49.97,47.06,49.204360525130554,0.7656394748694453,random_forest,delta,fold_3,1h,ppb
2026-08-19T20:30:00Z,1,49.43,41.08,44.10579938640354,5.32420061359646,random_forest,delta,fold_3,1h,ppb
2026-08-19T20:45:00Z,1,48.33,42.21,45.58077227111945,2.7492277288805482,random_forest,delta,fold_3,1h,ppb
2026-08-19T21:00:00Z,1,48.91,49.78,52.28017325075131,-3.3701732507513142,random_forest,delta,fold_3,1h,ppb
2026-08-19T21:15:00Z,1,43.43,49.97,53.22537879163169,-9.795378791631691,random_forest,delta,fold_3,1h,ppb
2026-08-19T21:30:00Z,1,34.33,49.43,52.06131999495334,-17.73131999495334,random_forest,delta,fold_3,1h,ppb
2026-08-19T21:45:00Z,1,31.49,48.33,54.872617302276716,-23.382617302276717,random_forest,delta,fold_3,1h,ppb
2026-08-19T22:00:00Z,1,30.18,48.91,56.69204949909224,-26.512049499092242,random_forest,delta,fold_3,1h,ppb
2026-08-19T22:15:00Z,1,30.76,43.43,53.56454055614411,-22.804540556144108,random_forest,delta,fold_3,1h,ppb
2026-08-19T22:30:00Z,1,30.18,34.33,40.77457275426314,-10.59457275426314,random_forest,delta,fold_3,1h,ppb
2026-08-19T22:45:00Z,1,32.06,31.49,40.25736583618189,-8.197365836181888,random_forest,delta,fold_3,1h,ppb
2026-08-19T23:00:00Z,1,32.78,30.18,38.61730734172478,-5.837307341724781,random_forest,delta,fold_3,1h,ppb
2026-08-19T23:15:00Z,1,36.8,30.76,40.758337657396766,-3.9583376573967683,random_forest,delta,fold_3,1h,ppb
2026-08-19T23:30:00Z,1,36.6,30.18,40.40028324879097,-3.8002832487909686,random_forest,delta,fold_3,1h,ppb
2026-08-19T23:45:00Z,1,36.41,32.06,41.23422510652172,-4.824225106521723,random_forest,delta,fold_3,1h,ppb
2026-08-16T00:00:00Z,1,57.13,55.7,59.21903991699219,-2.089039916992185,xgboost,absolute,fold_3,1h,ppb
2026-08-16T00:15:00Z,1,49.06,56.93,57.91344451904297,-8.853444519042966,xgboost,absolute,fold_3,1h,ppb
2026-08-16T00:30:00Z,1,45.1,62.43,57.247310638427734,-12.147310638427733,xgboost,absolute,fold_3,1h,ppb
2026-08-16T00:45:00Z,1,43.27,64.04,56.109107971191406,-12.839107971191403,xgboost,absolute,fold_3,1h,ppb
2026-08-16T01:00:00Z,1,41.52,57.13,55.93312072753906,-14.41312072753906,xgboost,absolute,fold_3,1h,ppb
2026-08-16T01:15:00Z,1,38.79,49.06,48.81819534301758,-10.028195343017579,xgboost,absolute,fold_3,1h,ppb
2026-08-16T01:30:00Z,1,31.45,45.1,47.095088958740234,-15.645088958740235,xgboost,absolute,fold_3,1h,ppb
2026-08-16T01:45:00Z,1,36.15,43.27,45.34617233276367,-9.196172332763673,xgboost,absolute,fold_3,1h,ppb
2026-08-16T02:00:00Z,1,36.31,41.52,44.268585205078125,-7.958585205078123,xgboost,absolute,fold_3,1h,ppb
2026-08-16T02:15:00Z,1,34.12,38.79,42.059852600097656,-7.939852600097659,xgboost,absolute,fold_3,1h,ppb
2026-08-16T02:30:00Z,1,28.27,31.45,38.02650833129883,-9.756508331298829,xgboost,absolute,fold_3,1h,ppb
2026-08-16T02:45:00Z,1,35.54,36.15,37.50075912475586,-1.9607591247558602,xgboost,absolute,fold_3,1h,ppb
2026-08-16T03:00:00Z,1,39.04,36.31,38.769962310791016,0.2700376892089835,xgboost,absolute,fold_3,1h,ppb
2026-08-16T03:15:00Z,1,37.95,34.12,38.156246185302734,-0.20624618530273153,xgboost,absolute,fold_3,1h,ppb
2026-08-16T03:30:00Z,1,38.09,28.27,38.383644104003906,-0.29364410400390284,xgboost,absolute,fold_3,1h,ppb
2026-08-16T03:45:00Z,1,37.46,35.54,37.745811462402344,-0.2858114624023429,xgboost,absolute,fold_3,1h,ppb
2026-08-16T04:00:00Z,1,59.29,39.04,44.716190338134766,14.573809661865234,xgboost,absolute,fold_3,1h,ppb
2026-08-16T04:15:00Z,1,69.16,37.95,45.27814483642578,23.881855163574215,xgboost,absolute,fold_3,1h,ppb
2026-08-16T04:30:00Z,1,65.11,38.09,46.971107482910156,18.138892517089843,xgboost,absolute,fold_3,1h,ppb
2026-08-16T04:45:00Z,1,65.11,37.46,46.83542251586914,18.27457748413086,xgboost,absolute,fold_3,1h,ppb
2026-08-16T05:00:00Z,1,47.07,59.29,56.58366012573242,-9.513660125732422,xgboost,absolute,fold_3,1h,ppb
2026-08-16T05:15:00Z,1,61.38,69.16,67.58614349365234,-6.206143493652341,xgboost,absolute,fold_3,1h,ppb
2026-08-16T05:30:00Z,1,57.16,65.11,70.70303344726562,-13.543033447265628,xgboost,absolute,fold_3,1h,ppb
2026-08-16T05:45:00Z,1,61.27,65.11,72.68647766113281,-11.41647766113281,xgboost,absolute,fold_3,1h,ppb
2026-08-16T06:00:00Z,1,67.67,47.07,58.1587028503418,9.511297149658205,xgboost,absolute,fold_3,1h,ppb
2026-08-16T06:15:00Z,1,48.63,61.38,73.2623062133789,-24.632306213378904,xgboost,absolute,fold_3,1h,ppb
2026-08-16T06:30:00Z,1,60.25,57.16,74.99686431884766,-14.746864318847656,xgboost,absolute,fold_3,1h,ppb
2026-08-16T06:45:00Z,1,28.27,61.27,73.53144073486328,-45.261440734863285,xgboost,absolute,fold_3,1h,ppb
2026-08-16T07:00:00Z,1,41.84,67.67,77.95596313476562,-36.11596313476562,xgboost,absolute,fold_3,1h,ppb
2026-08-16T07:15:00Z,1,59.98,48.63,61.794864654541016,-1.8148646545410188,xgboost,absolute,fold_3,1h,ppb
2026-08-16T07:30:00Z,1,61.3,60.25,70.74561309814453,-9.445613098144534,xgboost,absolute,fold_3,1h,ppb
2026-08-16T07:45:00Z,1,55.75,28.27,49.946617126464844,5.803382873535156,xgboost,absolute,fold_3,1h,ppb
2026-08-16T08:00:00Z,1,23.87,41.84,44.81077194213867,-20.94077194213867,xgboost,absolute,fold_3,1h,ppb
2026-08-16T08:15:00Z,1,18.69,59.98,56.09503936767578,-37.40503936767578,xgboost,absolute,fold_3,1h,ppb
2026-08-16T08:30:00Z,1,8.86,61.3,60.24665069580078,-51.38665069580078,xgboost,absolute,fold_3,1h,ppb
2026-08-16T08:45:00Z,1,4.45,55.75,61.3652458190918,-56.915245819091794,xgboost,absolute,fold_3,1h,ppb
2026-08-16T09:00:00Z,1,7.66,23.87,45.6332893371582,-37.97328933715821,xgboost,absolute,fold_3,1h,ppb
2026-08-16T09:15:00Z,1,8.21,18.69,40.89901351928711,-32.68901351928711,xgboost,absolute,fold_3,1h,ppb
2026-08-16T09:30:00Z,1,11.97,8.86,40.59431457519531,-28.624314575195314,xgboost,absolute,fold_3,1h,ppb
2026-08-16T09:45:00Z,1,18.89,4.45,42.546024322509766,-23.656024322509765,xgboost,absolute,fold_3,1h,ppb
2026-08-16T10:00:00Z,1,36.48,7.66,43.609092712402344,-7.129092712402347,xgboost,absolute,fold_3,1h,ppb
2026-08-16T10:15:00Z,1,34.67,8.21,43.53527069091797,-8.865270690917967,xgboost,absolute,fold_3,1h,ppb
2026-08-16T10:30:00Z,1,18.72,11.97,43.06160354614258,-24.34160354614258,xgboost,absolute,fold_3,1h,ppb
2026-08-16T10:45:00Z,1,17.67,18.89,43.113983154296875,-25.443983154296873,xgboost,absolute,fold_3,1h,ppb
2026-08-16T11:00:00Z,1,11.8,36.48,43.62153244018555,-31.821532440185546,xgboost,absolute,fold_3,1h,ppb
2026-08-16T11:15:00Z,1,8.55,34.67,43.19036865234375,-34.64036865234375,xgboost,absolute,fold_3,1h,ppb
2026-08-16T11:30:00Z,1,26.43,18.72,44.30979537963867,-17.879795379638672,xgboost,absolute,fold_3,1h,ppb
2026-08-16T11:45:00Z,1,17.22,17.67,42.19169235229492,-24.971692352294923,xgboost,absolute,fold_3,1h,ppb
2026-08-16T12:00:00Z,1,17.48,11.8,40.830467224121094,-23.350467224121093,xgboost,absolute,fold_3,1h,ppb
2026-08-16T12:15:00Z,1,20.63,8.55,41.76598358154297,-21.13598358154297,xgboost,absolute,fold_3,1h,ppb
2026-08-16T12:30:00Z,1,7.98,26.43,43.64054489135742,-35.66054489135742,xgboost,absolute,fold_3,1h,ppb
2026-08-16T12:45:00Z,1,21.15,17.22,43.18141555786133,-22.03141555786133,xgboost,absolute,fold_3,1h,ppb
2026-08-16T13:00:00Z,1,17.21,17.48,43.45838165283203,-26.24838165283203,xgboost,absolute,fold_3,1h,ppb
2026-08-16T13:15:00Z,1,12.86,20.63,44.429046630859375,-31.569046630859376,xgboost,absolute,fold_3,1h,ppb
2026-08-16T13:30:00Z,1,4.93,7.98,43.92084884643555,-38.99084884643555,xgboost,absolute,fold_3,1h,ppb
2026-08-16T13:45:00Z,1,21.25,21.15,46.371341705322266,-25.121341705322266,xgboost,absolute,fold_3,1h,ppb
2026-08-16T14:00:00Z,1,0.96,17.21,44.59455108642578,-43.63455108642578,xgboost,absolute,fold_3,1h,ppb
2026-08-16T14:15:00Z,1,4.39,12.86,45.4804801940918,-41.090480194091796,xgboost,absolute,fold_3,1h,ppb
2026-08-16T14:30:00Z,1,11.5,4.93,43.20134353637695,-31.701343536376953,xgboost,absolute,fold_3,1h,ppb
2026-08-16T14:45:00Z,1,15.62,21.25,43.93708419799805,-28.31708419799805,xgboost,absolute,fold_3,1h,ppb
2026-08-16T15:00:00Z,1,0.52,0.96,44.82477951049805,-44.304779510498044,xgboost,absolute,fold_3,1h,ppb
2026-08-16T16:00:00Z,1,14.32,0.52,45.04489517211914,-30.72489517211914,xgboost,absolute,fold_3,1h,ppb
2026-08-16T17:00:00Z,1,50.93,14.32,49.8120002746582,1.1179997253417966,xgboost,absolute,fold_3,1h,ppb
2026-08-16T17:15:00Z,1,51.46,28.38,47.1885871887207,4.271412811279298,xgboost,absolute,fold_3,1h,ppb
2026-08-16T17:30:00Z,1,54.12,39.09,49.63854217529297,4.481457824707029,xgboost,absolute,fold_3,1h,ppb
2026-08-16T17:45:00Z,1,57.15,46.57,50.23387908935547,6.91612091064453,xgboost,absolute,fold_3,1h,ppb
2026-08-16T18:00:00Z,1,58.37,50.93,51.597076416015625,6.772923583984372,xgboost,absolute,fold_3,1h,ppb
2026-08-16T18:15:00Z,1,56.36,51.46,54.40639114379883,1.9536088562011713,xgboost,absolute,fold_3,1h,ppb
2026-08-16T18:30:00Z,1,57.84,54.12,58.68415451049805,-0.8441545104980435,xgboost,absolute,fold_3,1h,ppb
2026-08-16T18:45:00Z,1,58.56,57.15,60.435001373291016,-1.8750013732910134,xgboost,absolute,fold_3,1h,ppb
2026-08-16T19:00:00Z,1,60.03,58.37,58.78654861450195,1.243451385498048,xgboost,absolute,fold_3,1h,ppb
2026-08-16T19:15:00Z,1,58.29,56.36,56.551761627197266,1.7382383728027335,xgboost,absolute,fold_3,1h,ppb
2026-08-16T19:30:00Z,1,56.39,57.84,55.66042709350586,0.7295729064941412,xgboost,absolute,fold_3,1h,ppb
2026-08-16T19:45:00Z,1,56.04,58.56,56.264923095703125,-0.22492309570312585,xgboost,absolute,fold_3,1h,ppb
2026-08-16T20:00:00Z,1,57.18,60.03,54.181724548339844,2.998275451660156,xgboost,absolute,fold_3,1h,ppb
2026-08-16T20:15:00Z,1,57.72,58.29,56.46381759643555,1.256182403564452,xgboost,absolute,fold_3,1h,ppb
2026-08-16T20:30:00Z,1,64.02,56.39,53.95626449584961,10.063735504150387,xgboost,absolute,fold_3,1h,ppb
2026-08-16T20:45:00Z,1,62.19,56.04,53.90508270263672,8.284917297363279,xgboost,absolute,fold_3,1h,ppb
2026-08-16T21:00:00Z,1,63.58,57.18,53.744869232177734,9.835130767822264,xgboost,absolute,fold_3,1h,ppb
2026-08-16T21:15:00Z,1,59.94,57.72,53.18181610107422,6.758183898925779,xgboost,absolute,fold_3,1h,ppb
2026-08-16T21:30:00Z,1,44.58,64.02,53.96897506713867,-9.388975067138674,xgboost,absolute,fold_3,1h,ppb
2026-08-16T21:45:00Z,1,43.54,62.19,51.69598388671875,-8.15598388671875,xgboost,absolute,fold_3,1h,ppb
2026-08-16T22:00:00Z,1,51.31,63.58,49.961116790771484,1.348883209228518,xgboost,absolute,fold_3,1h,ppb
2026-08-16T22:15:00Z,1,51.92,59.94,51.56429672241211,0.35570327758789233,xgboost,absolute,fold_3,1h,ppb
2026-08-16T22:30:00Z,1,52.8,44.58,39.9150505065918,12.8849494934082,xgboost,absolute,fold_3,1h,ppb
2026-08-16T22:45:00Z,1,52.26,43.54,39.64030838012695,12.619691619873045,xgboost,absolute,fold_3,1h,ppb
2026-08-16T23:00:00Z,1,52.54,51.31,44.51408386230469,8.025916137695312,xgboost,absolute,fold_3,1h,ppb
2026-08-16T23:15:00Z,1,54.8,51.92,45.4733772277832,9.326622772216794,xgboost,absolute,fold_3,1h,ppb
2026-08-16T23:30:00Z,1,47.92,52.8,55.1688232421875,-7.248823242187498,xgboost,absolute,fold_3,1h,ppb
2026-08-16T23:45:00Z,1,40.51,52.26,46.807193756103516,-6.297193756103518,xgboost,absolute,fold_3,1h,ppb
2026-08-17T00:00:00Z,1,44.15,52.54,52.824031829833984,-8.674031829833986,xgboost,absolute,fold_3,1h,ppb
2026-08-17T00:15:00Z,1,45.94,54.8,55.858577728271484,-9.918577728271487,xgboost,absolute,fold_3,1h,ppb
2026-08-17T00:30:00Z,1,37.63,47.92,46.756507873535156,-9.126507873535154,xgboost,absolute,fold_3,1h,ppb
2026-08-17T00:45:00Z,1,32.08,40.51,39.92625427246094,-7.846254272460939,xgboost,absolute,fold_3,1h,ppb
2026-08-17T01:00:00Z,1,31.72,44.15,40.8736457824707,-9.153645782470704,xgboost,absolute,fold_3,1h,ppb
2026-08-17T01:15:00Z,1,30.25,45.94,42.477264404296875,-12.227264404296875,xgboost,absolute,fold_3,1h,ppb
2026-08-17T01:30:00Z,1,34.36,37.63,37.300270080566406,-2.940270080566407,xgboost,absolute,fold_3,1h,ppb
2026-08-17T01:45:00Z,1,29.57,32.08,34.9859504699707,-5.415950469970703,xgboost,absolute,fold_3,1h,ppb
2026-08-17T02:00:00Z,1,32.47,31.72,34.855098724365234,-2.3850987243652355,xgboost,absolute,fold_3,1h,ppb
2026-08-17T02:15:00Z,1,33.9,30.25,35.378395080566406,-1.4783950805664077,xgboost,absolute,fold_3,1h,ppb
2026-08-17T02:30:00Z,1,33.31,34.36,35.39890670776367,-2.0889067077636696,xgboost,absolute,fold_3,1h,ppb
2026-08-17T02:45:00Z,1,33.6,29.57,35.31681442260742,-1.7168144226074205,xgboost,absolute,fold_3,1h,ppb
2026-08-17T03:00:00Z,1,31.61,32.47,37.97340393066406,-6.363403930664063,xgboost,absolute,fold_3,1h,ppb
2026-08-17T03:15:00Z,1,39.44,33.9,37.38364791870117,2.056352081298826,xgboost,absolute,fold_3,1h,ppb
2026-08-17T03:30:00Z,1,39.4,33.31,38.24034118652344,1.159658813476561,xgboost,absolute,fold_3,1h,ppb
2026-08-17T03:45:00Z,1,38.16,33.6,39.71866989135742,-1.5586698913574253,xgboost,absolute,fold_3,1h,ppb
2026-08-17T04:00:00Z,1,40.17,31.61,44.28288269042969,-4.112882690429686,xgboost,absolute,fold_3,1h,ppb
2026-08-17T04:15:00Z,1,45.46,39.44,47.89522933959961,-2.4352293395996085,xgboost,absolute,fold_3,1h,ppb
2026-08-17T04:30:00Z,1,59.46,39.4,47.268165588378906,12.191834411621095,xgboost,absolute,fold_3,1h,ppb
2026-08-17T04:45:00Z,1,60.75,38.16,49.31968307495117,11.430316925048828,xgboost,absolute,fold_3,1h,ppb
2026-08-17T05:00:00Z,1,58.1,40.17,51.661407470703125,6.438592529296876,xgboost,absolute,fold_3,1h,ppb
2026-08-17T05:15:00Z,1,66.47,45.46,53.32587814331055,13.144121856689452,xgboost,absolute,fold_3,1h,ppb
2026-08-17T05:30:00Z,1,62.6,59.46,60.13469314575195,2.4653068542480483,xgboost,absolute,fold_3,1h,ppb
2026-08-17T05:45:00Z,1,67.1,60.75,63.11651611328125,3.9834838867187443,xgboost,absolute,fold_3,1h,ppb
2026-08-17T06:00:00Z,1,68.85,58.1,65.5451889038086,3.3048110961914006,xgboost,absolute,fold_3,1h,ppb
2026-08-17T06:15:00Z,1,74.06,66.47,72.09676361083984,1.9632363891601585,xgboost,absolute,fold_3,1h,ppb
2026-08-17T06:30:00Z,1,72.18,62.6,72.20948791503906,-0.02948791503905568,xgboost,absolute,fold_3,1h,ppb
2026-08-17T06:45:00Z,1,72.53,67.1,72.22882843017578,0.3011715698242199,xgboost,absolute,fold_3,1h,ppb
2026-08-17T07:00:00Z,1,68.54,68.85,74.87846374511719,-6.338463745117181,xgboost,absolute,fold_3,1h,ppb
2026-08-17T07:15:00Z,1,67.83,74.06,78.05077362060547,-10.22077362060547,xgboost,absolute,fold_3,1h,ppb
2026-08-17T07:30:00Z,1,70.38,72.18,78.4356689453125,-8.055668945312505,xgboost,absolute,fold_3,1h,ppb
2026-08-17T07:45:00Z,1,67.48,72.53,78.01788330078125,-10.537883300781246,xgboost,absolute,fold_3,1h,ppb
2026-08-17T08:00:00Z,1,65.85,68.54,74.56350708007812,-8.71350708007813,xgboost,absolute,fold_3,1h,ppb
2026-08-17T08:15:00Z,1,60.87,67.83,72.62174224853516,-11.751742248535159,xgboost,absolute,fold_3,1h,ppb
2026-08-17T08:30:00Z,1,62.57,70.38,69.61652374267578,-7.046523742675781,xgboost,absolute,fold_3,1h,ppb
2026-08-17T08:45:00Z,1,60.92,67.48,67.2781982421875,-6.358198242187498,xgboost,absolute,fold_3,1h,ppb
2026-08-17T09:00:00Z,1,63.41,65.85,61.08906555175781,2.320934448242184,xgboost,absolute,fold_3,1h,ppb
2026-08-17T09:15:00Z,1,56.51,60.87,59.6660270690918,-3.156027069091799,xgboost,absolute,fold_3,1h,ppb
2026-08-17T09:30:00Z,1,54.75,62.57,58.78695297241211,-4.036952972412109,xgboost,absolute,fold_3,1h,ppb
2026-08-17T09:45:00Z,1,56.22,60.92,58.74943161010742,-2.529431610107423,xgboost,absolute,fold_3,1h,ppb
2026-08-17T10:00:00Z,1,55.77,63.41,57.69051742553711,-1.9205174255371062,xgboost,absolute,fold_3,1h,ppb
2026-08-17T10:15:00Z,1,51.6,56.51,58.13780212402344,-6.537802124023436,xgboost,absolute,fold_3,1h,ppb
2026-08-17T10:30:00Z,1,48.56,54.75,58.675777435302734,-10.115777435302732,xgboost,absolute,fold_3,1h,ppb
2026-08-17T10:45:00Z,1,52.35,56.22,58.32695007324219,-5.976950073242186,xgboost,absolute,fold_3,1h,ppb
2026-08-17T11:00:00Z,1,49.02,55.77,57.60798645019531,-8.58798645019531,xgboost,absolute,fold_3,1h,ppb
2026-08-17T11:15:00Z,1,50.85,51.6,56.40119934082031,-5.551199340820311,xgboost,absolute,fold_3,1h,ppb
2026-08-17T11:30:00Z,1,54.93,48.56,53.90361404418945,1.0263859558105466,xgboost,absolute,fold_3,1h,ppb
2026-08-17T11:45:00Z,1,53.95,52.35,52.79309844970703,1.1569015502929716,xgboost,absolute,fold_3,1h,ppb
2026-08-17T12:00:00Z,1,55.04,49.02,51.88165283203125,3.158347167968749,xgboost,absolute,fold_3,1h,ppb
2026-08-17T12:15:00Z,1,56.82,50.85,52.33620071411133,4.483799285888672,xgboost,absolute,fold_3,1h,ppb
2026-08-17T12:30:00Z,1,58.42,54.93,56.23995590209961,2.1800440979003923,xgboost,absolute,fold_3,1h,ppb
2026-08-17T12:45:00Z,1,60.23,53.95,57.74620819091797,2.483791809082028,xgboost,absolute,fold_3,1h,ppb
2026-08-17T13:00:00Z,1,59.57,55.04,57.830108642578125,1.7398913574218753,xgboost,absolute,fold_3,1h,ppb
2026-08-17T13:15:00Z,1,57.78,56.82,57.97660446166992,-0.19660446166992074,xgboost,absolute,fold_3,1h,ppb
2026-08-17T13:30:00Z,1,56.05,58.42,56.8836555480957,-0.833655548095706,xgboost,absolute,fold_3,1h,ppb
2026-08-17T13:45:00Z,1,63.33,60.23,57.86673355102539,5.463266448974608,xgboost,absolute,fold_3,1h,ppb
2026-08-17T14:00:00Z,1,59.6,59.57,54.73991775512695,4.860082244873048,xgboost,absolute,fold_3,1h,ppb
2026-08-17T14:15:00Z,1,61.07,57.78,55.013587951660156,6.056412048339844,xgboost,absolute,fold_3,1h,ppb
2026-08-17T14:30:00Z,1,58.75,56.05,55.23892593383789,3.5110740661621094,xgboost,absolute,fold_3,1h,ppb
2026-08-17T14:45:00Z,1,50.93,63.33,54.75595474243164,-3.825954742431641,xgboost,absolute,fold_3,1h,ppb
2026-08-17T15:00:00Z,1,57.08,59.6,52.98741912841797,4.0925808715820295,xgboost,absolute,fold_3,1h,ppb
2026-08-17T15:15:00Z,1,53.49,61.07,53.29242706298828,0.19757293701172074,xgboost,absolute,fold_3,1h,ppb
2026-08-17T15:30:00Z,1,51.64,58.75,51.930545806884766,-0.29054580688476506,xgboost,absolute,fold_3,1h,ppb
2026-08-17T15:45:00Z,1,53.74,50.93,46.45054626464844,7.2894537353515645,xgboost,absolute,fold_3,1h,ppb
2026-08-17T16:00:00Z,1,50.62,57.08,52.58969497680664,-1.9696949768066432,xgboost,absolute,fold_3,1h,ppb
2026-08-17T16:15:00Z,1,49.94,53.49,52.8736457824707,-2.9336457824707054,xgboost,absolute,fold_3,1h,ppb
2026-08-17T16:30:00Z,1,51.32,51.64,46.74663543701172,4.5733645629882815,xgboost,absolute,fold_3,1h,ppb
2026-08-17T16:45:00Z,1,52.08,53.74,53.85013961791992,-1.7701396179199236,xgboost,absolute,fold_3,1h,ppb
2026-08-17T17:00:00Z,1,51.75,50.62,49.2666015625,2.4833984375,xgboost,absolute,fold_3,1h,ppb
2026-08-17T17:15:00Z,1,54.27,49.94,48.9798698425293,5.290130157470706,xgboost,absolute,fold_3,1h,ppb
2026-08-17T17:30:00Z,1,51.23,51.32,50.11832809448242,1.111671905517575,xgboost,absolute,fold_3,1h,ppb
2026-08-17T17:45:00Z,1,53.26,52.08,50.683258056640625,2.576741943359373,xgboost,absolute,fold_3,1h,ppb
2026-08-17T18:00:00Z,1,49.34,51.75,50.87305450439453,-1.5330545043945278,xgboost,absolute,fold_3,1h,ppb
2026-08-17T18:15:00Z,1,40.68,54.27,55.541805267333984,-14.861805267333985,xgboost,absolute,fold_3,1h,ppb
2026-08-17T18:30:00Z,1,47.79,51.23,51.59309768676758,-3.803097686767579,xgboost,absolute,fold_3,1h,ppb
2026-08-17T18:45:00Z,1,46.47,53.26,54.6735954284668,-8.203595428466798,xgboost,absolute,fold_3,1h,ppb
2026-08-17T19:00:00Z,1,48.72,49.34,49.131229400634766,-0.41122940063476676,xgboost,absolute,fold_3,1h,ppb
2026-08-17T19:15:00Z,1,51.92,40.68,47.58373260498047,4.336267395019533,xgboost,absolute,fold_3,1h,ppb
2026-08-17T19:30:00Z,1,59.56,47.79,47.843017578125,11.716982421875002,xgboost,absolute,fold_3,1h,ppb
2026-08-17T19:45:00Z,1,52.54,46.47,48.25086975097656,4.289130249023437,xgboost,absolute,fold_3,1h,ppb
2026-08-17T20:00:00Z,1,58.33,48.72,48.93312072753906,9.396879272460936,xgboost,absolute,fold_3,1h,ppb
2026-08-17T20:15:00Z,1,47.32,51.92,53.679962158203125,-6.359962158203125,xgboost,absolute,fold_3,1h,ppb
2026-08-17T20:30:00Z,1,39.53,59.56,57.77778244018555,-18.247782440185546,xgboost,absolute,fold_3,1h,ppb
2026-08-17T20:45:00Z,1,40.26,52.54,56.021907806396484,-15.761907806396486,xgboost,absolute,fold_3,1h,ppb
2026-08-17T21:00:00Z,1,40.5,58.33,58.298553466796875,-17.798553466796875,xgboost,absolute,fold_3,1h,ppb
2026-08-17T21:15:00Z,1,38.44,47.32,52.55466842651367,-14.114668426513674,xgboost,absolute,fold_3,1h,ppb
2026-08-17T21:30:00Z,1,30.5,39.53,43.635597229003906,-13.135597229003906,xgboost,absolute,fold_3,1h,ppb
2026-08-17T21:45:00Z,1,39.56,40.26,44.145137786865234,-4.585137786865232,xgboost,absolute,fold_3,1h,ppb
2026-08-17T22:00:00Z,1,46.41,40.5,42.75478744506836,3.655212554931637,xgboost,absolute,fold_3,1h,ppb
2026-08-17T22:15:00Z,1,44.85,38.44,44.522003173828125,0.3279968261718764,xgboost,absolute,fold_3,1h,ppb
2026-08-17T22:30:00Z,1,47.57,30.5,39.43730926513672,8.132690734863282,xgboost,absolute,fold_3,1h,ppb
2026-08-17T22:45:00Z,1,43.26,39.56,41.11637496948242,2.143625030517576,xgboost,absolute,fold_3,1h,ppb
2026-08-17T23:00:00Z,1,35.82,46.41,44.79182434082031,-8.971824340820312,xgboost,absolute,fold_3,1h,ppb
2026-08-17T23:15:00Z,1,44.24,44.85,44.55213928222656,-0.3121392822265605,xgboost,absolute,fold_3,1h,ppb
2026-08-17T23:30:00Z,1,48.06,47.57,44.656742095947266,3.4032579040527366,xgboost,absolute,fold_3,1h,ppb
2026-08-17T23:45:00Z,1,45.72,43.26,43.636959075927734,2.0830409240722645,xgboost,absolute,fold_3,1h,ppb
2026-08-18T00:00:00Z,1,43.33,35.82,36.95344543457031,6.376554565429686,xgboost,absolute,fold_3,1h,ppb
2026-08-18T00:15:00Z,1,44.85,44.24,41.16237258911133,3.6876274108886733,xgboost,absolute,fold_3,1h,ppb
2026-08-18T00:30:00Z,1,46.76,48.06,43.49629211425781,3.2637078857421855,xgboost,absolute,fold_3,1h,ppb
2026-08-18T00:45:00Z,1,48.85,45.72,44.03452682495117,4.8154731750488295,xgboost,absolute,fold_3,1h,ppb
2026-08-18T01:00:00Z,1,44.3,43.33,47.237762451171875,-2.937762451171878,xgboost,absolute,fold_3,1h,ppb
2026-08-18T01:15:00Z,1,45.94,44.85,47.359596252441406,-1.4195962524414085,xgboost,absolute,fold_3,1h,ppb
2026-08-18T01:30:00Z,1,46.02,46.76,46.593509674072266,-0.5735096740722625,xgboost,absolute,fold_3,1h,ppb
2026-08-18T01:45:00Z,1,47.94,48.85,47.39574432373047,0.544255676269529,xgboost,absolute,fold_3,1h,ppb
2026-08-18T02:00:00Z,1,46.43,44.3,46.54209518432617,-0.11209518432617216,xgboost,absolute,fold_3,1h,ppb
2026-08-18T02:15:00Z,1,47.12,45.94,48.128807067871094,-1.0088070678710963,xgboost,absolute,fold_3,1h,ppb
2026-08-18T02:30:00Z,1,46.55,46.02,48.09746170043945,-1.547461700439456,xgboost,absolute,fold_3,1h,ppb
2026-08-18T02:45:00Z,1,45.15,47.94,49.6490478515625,-4.499047851562501,xgboost,absolute,fold_3,1h,ppb
2026-08-18T03:00:00Z,1,44.08,46.43,56.4219970703125,-12.341997070312502,xgboost,absolute,fold_3,1h,ppb
2026-08-18T03:15:00Z,1,39.74,47.12,56.38972473144531,-16.64972473144531,xgboost,absolute,fold_3,1h,ppb
2026-08-18T03:30:00Z,1,39.79,46.55,53.309818267822266,-13.519818267822266,xgboost,absolute,fold_3,1h,ppb
2026-08-18T03:45:00Z,1,51.59,45.15,54.67919921875,-3.0891992187499966,xgboost,absolute,fold_3,1h,ppb
2026-08-18T04:00:00Z,1,55.56,44.08,54.12843704223633,1.4315629577636741,xgboost,absolute,fold_3,1h,ppb
2026-08-18T04:15:00Z,1,64.97,39.74,52.48981857299805,12.480181427001952,xgboost,absolute,fold_3,1h,ppb
2026-08-18T04:30:00Z,1,61.08,39.79,52.43220138549805,8.647798614501951,xgboost,absolute,fold_3,1h,ppb
2026-08-18T04:45:00Z,1,59.17,51.59,54.807796478271484,4.362203521728517,xgboost,absolute,fold_3,1h,ppb
2026-08-18T05:00:00Z,1,68.61,55.56,62.528446197509766,6.081553802490234,xgboost,absolute,fold_3,1h,ppb
2026-08-18T05:15:00Z,1,71.53,64.97,73.11419677734375,-1.5841967773437489,xgboost,absolute,fold_3,1h,ppb
2026-08-18T05:30:00Z,1,69.74,61.08,73.27810668945312,-3.53810668945313,xgboost,absolute,fold_3,1h,ppb
2026-08-18T05:45:00Z,1,70.35,59.17,70.97311401367188,-0.6231140136718807,xgboost,absolute,fold_3,1h,ppb
2026-08-18T06:00:00Z,1,69.55,68.61,75.5162582397461,-5.966258239746097,xgboost,absolute,fold_3,1h,ppb
2026-08-18T06:15:00Z,1,72.52,71.53,76.8692626953125,-4.349262695312504,xgboost,absolute,fold_3,1h,ppb
2026-08-18T06:30:00Z,1,80.75,69.74,79.04988098144531,1.7001190185546875,xgboost,absolute,fold_3,1h,ppb
2026-08-18T06:45:00Z,1,70.84,70.35,78.23535919189453,-7.395359191894528,xgboost,absolute,fold_3,1h,ppb
2026-08-18T07:00:00Z,1,75.18,69.55,80.21746826171875,-5.037468261718743,xgboost,absolute,fold_3,1h,ppb
2026-08-18T07:15:00Z,1,79.4,72.52,81.32263946533203,-1.9226394653320256,xgboost,absolute,fold_3,1h,ppb
2026-08-18T07:30:00Z,1,74.38,80.75,82.55001068115234,-8.170010681152348,xgboost,absolute,fold_3,1h,ppb
2026-08-18T07:45:00Z,1,77.97,70.84,79.16766357421875,-1.1976635742187511,xgboost,absolute,fold_3,1h,ppb
2026-08-18T08:00:00Z,1,80.06,75.18,78.19743347167969,1.8625665283203148,xgboost,absolute,fold_3,1h,ppb
2026-08-18T08:15:00Z,1,82.23,79.4,77.76860046386719,4.4613995361328165,xgboost,absolute,fold_3,1h,ppb
2026-08-18T08:30:00Z,1,78.6,74.38,76.92828369140625,1.6717163085937443,xgboost,absolute,fold_3,1h,ppb
2026-08-18T08:45:00Z,1,72.26,77.97,76.50446319580078,-4.244463195800776,xgboost,absolute,fold_3,1h,ppb
2026-08-18T09:00:00Z,1,69.66,80.06,65.84202575683594,3.817974243164059,xgboost,absolute,fold_3,1h,ppb
2026-08-18T09:15:00Z,1,65.31,82.23,66.62785339355469,-1.3178533935546852,xgboost,absolute,fold_3,1h,ppb
2026-08-18T09:30:00Z,1,71.0,78.6,65.25611877441406,5.7438812255859375,xgboost,absolute,fold_3,1h,ppb
2026-08-18T09:45:00Z,1,70.31,72.26,64.2749252319336,6.0350747680664085,xgboost,absolute,fold_3,1h,ppb
2026-08-18T10:00:00Z,1,68.27,69.66,62.85472869873047,5.415271301269527,xgboost,absolute,fold_3,1h,ppb
2026-08-18T10:15:00Z,1,65.5,65.31,63.01481246948242,2.485187530517578,xgboost,absolute,fold_3,1h,ppb
2026-08-18T10:30:00Z,1,69.62,71.0,62.63591766357422,6.984082336425786,xgboost,absolute,fold_3,1h,ppb
2026-08-18T10:45:00Z,1,63.77,70.31,62.12138366699219,1.6486163330078156,xgboost,absolute,fold_3,1h,ppb
2026-08-18T11:00:00Z,1,66.61,68.27,61.45244216918945,5.157557830810546,xgboost,absolute,fold_3,1h,ppb
2026-08-18T11:15:00Z,1,67.7,65.5,60.95785903930664,6.742140960693362,xgboost,absolute,fold_3,1h,ppb
2026-08-18T11:30:00Z,1,66.0,69.62,61.80708312988281,4.1929168701171875,xgboost,absolute,fold_3,1h,ppb
2026-08-18T11:45:00Z,1,67.14,63.77,59.49421691894531,7.645783081054688,xgboost,absolute,fold_3,1h,ppb
2026-08-18T12:00:00Z,1,67.39,66.61,60.3870735168457,7.002926483154297,xgboost,absolute,fold_3,1h,ppb
2026-08-18T12:15:00Z,1,65.3,67.7,59.92848587036133,5.371514129638669,xgboost,absolute,fold_3,1h,ppb
2026-08-18T12:30:00Z,1,67.31,66.0,61.106563568115234,6.203436431884768,xgboost,absolute,fold_3,1h,ppb
2026-08-18T12:45:00Z,1,64.29,67.14,62.4255485534668,1.8644514465332094,xgboost,absolute,fold_3,1h,ppb
2026-08-18T13:00:00Z,1,62.36,67.39,62.69233322143555,-0.33233322143554744,xgboost,absolute,fold_3,1h,ppb
2026-08-18T13:15:00Z,1,61.89,65.3,63.42144012451172,-1.5314401245117182,xgboost,absolute,fold_3,1h,ppb
2026-08-18T13:30:00Z,1,64.11,67.31,61.87728500366211,2.23271499633789,xgboost,absolute,fold_3,1h,ppb
2026-08-18T13:45:00Z,1,69.18,64.29,60.76948547363281,8.410514526367194,xgboost,absolute,fold_3,1h,ppb
2026-08-18T14:00:00Z,1,61.67,62.36,58.07561111450195,3.5943888854980486,xgboost,absolute,fold_3,1h,ppb
2026-08-18T14:15:00Z,1,61.3,61.89,57.98102951049805,3.3189704895019503,xgboost,absolute,fold_3,1h,ppb
2026-08-18T14:30:00Z,1,59.61,64.11,58.82308578491211,0.7869142150878901,xgboost,absolute,fold_3,1h,ppb
2026-08-18T14:45:00Z,1,53.82,69.18,60.0355110168457,-6.215511016845703,xgboost,absolute,fold_3,1h,ppb
2026-08-18T15:00:00Z,1,51.38,61.67,54.362308502197266,-2.982308502197263,xgboost,absolute,fold_3,1h,ppb
2026-08-18T15:15:00Z,1,50.06,61.3,53.79228210449219,-3.7322821044921852,xgboost,absolute,fold_3,1h,ppb
2026-08-18T15:30:00Z,1,52.68,59.61,52.28453063964844,0.3954693603515622,xgboost,absolute,fold_3,1h,ppb
2026-08-18T15:45:00Z,1,50.89,53.82,53.003116607666016,-2.113116607666015,xgboost,absolute,fold_3,1h,ppb
2026-08-18T16:00:00Z,1,53.68,51.38,50.57046127319336,3.1095387268066403,xgboost,absolute,fold_3,1h,ppb
2026-08-18T16:15:00Z,1,51.95,50.06,49.98710250854492,1.962897491455081,xgboost,absolute,fold_3,1h,ppb
2026-08-18T16:30:00Z,1,56.49,52.68,52.939239501953125,3.550760498046877,xgboost,absolute,fold_3,1h,ppb
2026-08-18T16:45:00Z,1,56.46,50.89,52.09010314941406,4.369896850585938,xgboost,absolute,fold_3,1h,ppb
2026-08-18T17:00:00Z,1,45.17,53.68,54.527244567871094,-9.357244567871092,xgboost,absolute,fold_3,1h,ppb
2026-08-18T17:15:00Z,1,53.78,51.95,53.22077178955078,0.5592282104492199,xgboost,absolute,fold_3,1h,ppb
2026-08-18T17:30:00Z,1,57.86,56.49,54.87628173828125,2.9837182617187494,xgboost,absolute,fold_3,1h,ppb
2026-08-18T17:45:00Z,1,56.68,56.46,53.88286590576172,2.797134094238281,xgboost,absolute,fold_3,1h,ppb
2026-08-18T18:00:00Z,1,53.19,45.17,52.34748458862305,0.8425154113769509,xgboost,absolute,fold_3,1h,ppb
2026-08-18T18:15:00Z,1,53.94,53.78,55.971534729003906,-2.0315347290039085,xgboost,absolute,fold_3,1h,ppb
2026-08-18T18:30:00Z,1,51.3,57.86,54.032691955566406,-2.732691955566409,xgboost,absolute,fold_3,1h,ppb
2026-08-18T18:45:00Z,1,56.13,56.68,52.95508575439453,3.1749142456054713,xgboost,absolute,fold_3,1h,ppb
2026-08-18T19:00:00Z,1,58.02,53.19,53.481929779052734,4.538070220947269,xgboost,absolute,fold_3,1h,ppb
2026-08-18T19:15:00Z,1,59.13,53.94,52.08232116699219,7.047678833007815,xgboost,absolute,fold_3,1h,ppb
2026-08-18T19:30:00Z,1,64.47,51.3,48.6477165222168,15.822283477783202,xgboost,absolute,fold_3,1h,ppb
2026-08-18T19:45:00Z,1,66.4,56.13,51.97529220581055,14.424707794189459,xgboost,absolute,fold_3,1h,ppb
2026-08-18T20:00:00Z,1,64.15,58.02,52.830955505371094,11.319044494628912,xgboost,absolute,fold_3,1h,ppb
2026-08-18T20:15:00Z,1,64.78,59.13,52.43749237060547,12.342507629394532,xgboost,absolute,fold_3,1h,ppb
2026-08-18T20:30:00Z,1,64.88,64.47,53.049869537353516,11.83013046264648,xgboost,absolute,fold_3,1h,ppb
2026-08-18T20:45:00Z,1,65.11,66.4,55.75687026977539,9.353129730224609,xgboost,absolute,fold_3,1h,ppb
2026-08-18T21:00:00Z,1,66.62,64.15,52.95967102050781,13.660328979492192,xgboost,absolute,fold_3,1h,ppb
2026-08-18T21:15:00Z,1,62.61,64.78,54.76978302001953,7.840216979980468,xgboost,absolute,fold_3,1h,ppb
2026-08-18T21:30:00Z,1,62.07,64.88,55.63937759399414,6.43062240600586,xgboost,absolute,fold_3,1h,ppb
2026-08-18T21:45:00Z,1,54.47,65.11,55.67955017089844,-1.2095501708984386,xgboost,absolute,fold_3,1h,ppb
2026-08-18T22:00:00Z,1,42.34,66.62,55.42201232910156,-13.082012329101559,xgboost,absolute,fold_3,1h,ppb
2026-08-18T22:15:00Z,1,44.55,62.61,51.56275177001953,-7.012751770019534,xgboost,absolute,fold_3,1h,ppb
2026-08-18T22:30:00Z,1,44.43,62.07,49.91685104370117,-5.486851043701172,xgboost,absolute,fold_3,1h,ppb
2026-08-18T22:45:00Z,1,43.34,54.47,52.00591278076172,-8.665912780761715,xgboost,absolute,fold_3,1h,ppb
2026-08-18T23:00:00Z,1,35.37,42.34,38.86893844604492,-3.4989384460449244,xgboost,absolute,fold_3,1h,ppb
2026-08-18T23:15:00Z,1,45.7,44.55,39.972190856933594,5.727809143066409,xgboost,absolute,fold_3,1h,ppb
2026-08-18T23:30:00Z,1,50.02,44.43,41.895084381103516,8.124915618896488,xgboost,absolute,fold_3,1h,ppb
2026-08-18T23:45:00Z,1,39.43,43.34,45.999122619628906,-6.5691226196289065,xgboost,absolute,fold_3,1h,ppb
2026-08-19T00:00:00Z,1,36.91,35.37,35.34801483154297,1.5619851684570278,xgboost,absolute,fold_3,1h,ppb
2026-08-19T00:15:00Z,1,35.09,45.7,42.0042724609375,-6.914272460937497,xgboost,absolute,fold_3,1h,ppb
2026-08-19T00:30:00Z,1,37.5,50.02,42.70850372314453,-5.208503723144531,xgboost,absolute,fold_3,1h,ppb
2026-08-19T00:45:00Z,1,38.81,39.43,38.31113815307617,0.4988618469238304,xgboost,absolute,fold_3,1h,ppb
2026-08-19T01:00:00Z,1,47.16,36.91,36.86539077758789,10.294609222412106,xgboost,absolute,fold_3,1h,ppb
2026-08-19T01:15:00Z,1,45.19,35.09,35.704742431640625,9.485257568359373,xgboost,absolute,fold_3,1h,ppb
2026-08-19T01:30:00Z,1,36.38,37.5,37.11772537231445,-0.7377253723144506,xgboost,absolute,fold_3,1h,ppb
2026-08-19T01:45:00Z,1,39.92,38.81,38.77409362792969,1.1459063720703142,xgboost,absolute,fold_3,1h,ppb
2026-08-19T02:00:00Z,1,39.31,47.16,44.448829650878906,-5.138829650878904,xgboost,absolute,fold_3,1h,ppb
2026-08-19T02:15:00Z,1,36.1,45.19,46.00261688232422,-9.902616882324217,xgboost,absolute,fold_3,1h,ppb
2026-08-19T02:30:00Z,1,37.44,36.38,44.87047576904297,-7.430475769042971,xgboost,absolute,fold_3,1h,ppb
2026-08-19T02:45:00Z,1,38.27,39.92,45.74375915527344,-7.473759155273434,xgboost,absolute,fold_3,1h,ppb
2026-08-19T03:00:00Z,1,38.98,39.31,47.808231353759766,-8.828231353759769,xgboost,absolute,fold_3,1h,ppb
2026-08-19T03:15:00Z,1,38.21,36.1,48.38705062866211,-10.177050628662109,xgboost,absolute,fold_3,1h,ppb
2026-08-19T03:30:00Z,1,43.3,37.44,47.837646484375,-4.537646484375003,xgboost,absolute,fold_3,1h,ppb
2026-08-19T03:45:00Z,1,34.96,38.27,48.875179290771484,-13.915179290771484,xgboost,absolute,fold_3,1h,ppb
2026-08-19T04:00:00Z,1,51.52,38.98,51.43731689453125,0.08268310546875313,xgboost,absolute,fold_3,1h,ppb
2026-08-19T04:15:00Z,1,51.99,38.21,51.610450744628906,0.37954925537109574,xgboost,absolute,fold_3,1h,ppb
2026-08-19T04:30:00Z,1,58.04,43.3,53.25282669067383,4.787173309326171,xgboost,absolute,fold_3,1h,ppb
2026-08-19T04:45:00Z,1,61.42,34.96,51.9931755065918,9.426824493408205,xgboost,absolute,fold_3,1h,ppb
2026-08-19T05:00:00Z,1,66.83,51.52,54.89015579223633,11.93984420776367,xgboost,absolute,fold_3,1h,ppb
2026-08-19T05:15:00Z,1,70.47,51.99,57.116024017333984,13.353975982666014,xgboost,absolute,fold_3,1h,ppb
2026-08-19T05:30:00Z,1,72.11,58.04,59.70913314819336,12.40086685180664,xgboost,absolute,fold_3,1h,ppb
2026-08-19T05:45:00Z,1,71.34,61.42,67.17242431640625,4.167575683593753,xgboost,absolute,fold_3,1h,ppb
2026-08-19T06:00:00Z,1,74.61,66.83,75.42819213867188,-0.8181921386718756,xgboost,absolute,fold_3,1h,ppb
2026-08-19T06:15:00Z,1,70.72,70.47,76.89599609375,-6.175996093750001,xgboost,absolute,fold_3,1h,ppb
2026-08-19T06:30:00Z,1,75.92,72.11,79.21393585205078,-3.2939358520507795,xgboost,absolute,fold_3,1h,ppb
2026-08-19T06:45:00Z,1,76.97,71.34,78.69894409179688,-1.7289440917968761,xgboost,absolute,fold_3,1h,ppb
2026-08-19T07:00:00Z,1,77.04,74.61,82.08419036865234,-5.0441903686523375,xgboost,absolute,fold_3,1h,ppb
2026-08-19T07:15:00Z,1,78.08,70.72,80.54936218261719,-2.469362182617189,xgboost,absolute,fold_3,1h,ppb
2026-08-19T07:30:00Z,1,80.2,75.92,80.59950256347656,-0.39950256347655966,xgboost,absolute,fold_3,1h,ppb
2026-08-19T07:45:00Z,1,80.11,76.97,79.32514190673828,0.7848580932617182,xgboost,absolute,fold_3,1h,ppb
2026-08-19T08:00:00Z,1,78.76,77.04,77.0695571899414,1.6904428100585989,xgboost,absolute,fold_3,1h,ppb
2026-08-19T08:15:00Z,1,78.47,78.08,77.2768783569336,1.1931216430664051,xgboost,absolute,fold_3,1h,ppb
2026-08-19T08:30:00Z,1,72.2,80.2,73.82420349121094,-1.6242034912109347,xgboost,absolute,fold_3,1h,ppb
2026-08-19T08:45:00Z,1,68.15,80.11,74.16944122314453,-6.019441223144526,xgboost,absolute,fold_3,1h,ppb
2026-08-19T09:00:00Z,1,66.55,78.76,68.11197662353516,-1.561976623535159,xgboost,absolute,fold_3,1h,ppb
2026-08-19T09:15:00Z,1,61.59,78.47,67.0947494506836,-5.50474945068359,xgboost,absolute,fold_3,1h,ppb
2026-08-19T09:30:00Z,1,60.61,72.2,66.31058502197266,-5.700585021972657,xgboost,absolute,fold_3,1h,ppb
2026-08-19T09:45:00Z,1,62.48,68.15,62.88022232055664,-0.40022232055664375,xgboost,absolute,fold_3,1h,ppb
2026-08-19T10:00:00Z,1,57.59,66.55,61.09562301635742,-3.5056230163574185,xgboost,absolute,fold_3,1h,ppb
2026-08-19T10:15:00Z,1,55.9,61.59,58.732505798339844,-2.832505798339845,xgboost,absolute,fold_3,1h,ppb
2026-08-19T10:30:00Z,1,55.35,60.61,58.65833282470703,-3.30833282470703,xgboost,absolute,fold_3,1h,ppb
2026-08-19T10:45:00Z,1,56.43,62.48,58.07210159301758,-1.6421015930175784,xgboost,absolute,fold_3,1h,ppb
2026-08-19T11:00:00Z,1,56.04,57.59,59.57725143432617,-3.5372514343261727,xgboost,absolute,fold_3,1h,ppb
2026-08-19T11:15:00Z,1,55.24,55.9,58.89719772338867,-3.65719772338867,xgboost,absolute,fold_3,1h,ppb
2026-08-19T11:30:00Z,1,56.0,55.35,59.27900314331055,-3.279003143310547,xgboost,absolute,fold_3,1h,ppb
2026-08-19T11:45:00Z,1,52.93,56.43,58.80124282836914,-5.871242828369141,xgboost,absolute,fold_3,1h,ppb
2026-08-19T12:00:00Z,1,49.7,56.04,56.8980827331543,-7.198082733154294,xgboost,absolute,fold_3,1h,ppb
2026-08-19T12:15:00Z,1,48.84,55.24,56.10700225830078,-7.267002258300778,xgboost,absolute,fold_3,1h,ppb
2026-08-19T12:30:00Z,1,48.37,56.0,55.34138107299805,-6.971381072998049,xgboost,absolute,fold_3,1h,ppb
2026-08-19T12:45:00Z,1,50.11,52.93,55.505916595458984,-5.395916595458985,xgboost,absolute,fold_3,1h,ppb
2026-08-19T13:00:00Z,1,54.23,49.7,53.06277847290039,1.1672215270996062,xgboost,absolute,fold_3,1h,ppb
2026-08-19T13:15:00Z,1,50.71,48.84,52.998775482177734,-2.2887754821777335,xgboost,absolute,fold_3,1h,ppb
2026-08-19T13:30:00Z,1,51.31,48.37,53.086463928222656,-1.776463928222654,xgboost,absolute,fold_3,1h,ppb
2026-08-19T13:45:00Z,1,56.56,50.11,52.26061248779297,4.2993875122070335,xgboost,absolute,fold_3,1h,ppb
2026-08-19T14:00:00Z,1,52.84,54.23,52.26694107055664,0.5730589294433628,xgboost,absolute,fold_3,1h,ppb
2026-08-19T14:15:00Z,1,48.59,50.71,49.80504608154297,-1.2150460815429653,xgboost,absolute,fold_3,1h,ppb
2026-08-19T14:30:00Z,1,45.5,51.31,50.17140579223633,-4.671405792236328,xgboost,absolute,fold_3,1h,ppb
2026-08-19T14:45:00Z,1,45.0,56.56,51.72518539428711,-6.725185394287109,xgboost,absolute,fold_3,1h,ppb
2026-08-19T15:15:00Z,1,46.24,48.59,39.56911849975586,6.670881500244143,xgboost,absolute,fold_3,1h,ppb
2026-08-19T15:30:00Z,1,50.5,45.5,43.909645080566406,6.590354919433594,xgboost,absolute,fold_3,1h,ppb
2026-08-19T15:45:00Z,1,50.06,45.0,44.50331497192383,5.556685028076174,xgboost,absolute,fold_3,1h,ppb
2026-08-19T16:15:00Z,1,47.2,46.24,46.594234466552734,0.6057655334472685,xgboost,absolute,fold_3,1h,ppb
2026-08-19T16:30:00Z,1,49.82,50.5,47.132911682128906,2.687088317871094,xgboost,absolute,fold_3,1h,ppb
2026-08-19T16:45:00Z,1,48.3,50.06,48.64507293701172,-0.3450729370117216,xgboost,absolute,fold_3,1h,ppb
2026-08-19T17:00:00Z,1,48.54,51.71,48.85498046875,-0.31498046875000085,xgboost,absolute,fold_3,1h,ppb
2026-08-19T17:15:00Z,1,45.92,47.2,49.388511657714844,-3.468511657714842,xgboost,absolute,fold_3,1h,ppb
2026-08-19T17:30:00Z,1,47.87,49.82,49.659542083740234,-1.789542083740237,xgboost,absolute,fold_3,1h,ppb
2026-08-19T17:45:00Z,1,50.06,48.3,50.53944778442383,-0.47944778442382585,xgboost,absolute,fold_3,1h,ppb
2026-08-19T18:00:00Z,1,46.31,48.54,49.35312271118164,-3.0431227111816384,xgboost,absolute,fold_3,1h,ppb
2026-08-19T18:15:00Z,1,44.9,45.92,50.063819885253906,-5.163819885253908,xgboost,absolute,fold_3,1h,ppb
2026-08-19T18:30:00Z,1,36.86,47.87,51.00044631958008,-14.140446319580079,xgboost,absolute,fold_3,1h,ppb
2026-08-19T18:45:00Z,1,44.22,50.06,49.88918685913086,-5.6691868591308605,xgboost,absolute,fold_3,1h,ppb
2026-08-19T19:00:00Z,1,43.04,46.31,46.042747497558594,-3.0027474975585946,xgboost,absolute,fold_3,1h,ppb
2026-08-19T19:15:00Z,1,47.06,44.9,49.34550476074219,-2.2855047607421852,xgboost,absolute,fold_3,1h,ppb
2026-08-19T19:30:00Z,1,41.08,36.86,46.291107177734375,-5.211107177734377,xgboost,absolute,fold_3,1h,ppb
2026-08-19T19:45:00Z,1,42.21,44.22,49.509944915771484,-7.2999449157714835,xgboost,absolute,fold_3,1h,ppb
2026-08-19T20:00:00Z,1,49.78,43.04,47.15302276611328,2.62697723388672,xgboost,absolute,fold_3,1h,ppb
2026-08-19T20:15:00Z,1,49.97,47.06,47.815147399902344,2.154852600097655,xgboost,absolute,fold_3,1h,ppb
2026-08-19T20:30:00Z,1,49.43,41.08,45.51900863647461,3.9109913635253903,xgboost,absolute,fold_3,1h,ppb
2026-08-19T20:45:00Z,1,48.33,42.21,48.014644622802734,0.3153553771972639,xgboost,absolute,fold_3,1h,ppb
2026-08-19T21:00:00Z,1,48.91,49.78,46.661949157714844,2.248050842285153,xgboost,absolute,fold_3,1h,ppb
2026-08-19T21:15:00Z,1,43.43,49.97,50.13894271850586,-6.70894271850586,xgboost,absolute,fold_3,1h,ppb
2026-08-19T21:30:00Z,1,34.33,49.43,48.31317901611328,-13.983179016113283,xgboost,absolute,fold_3,1h,ppb
2026-08-19T21:45:00Z,1,31.49,48.33,48.271209716796875,-16.781209716796877,xgboost,absolute,fold_3,1h,ppb
2026-08-19T22:00:00Z,1,30.18,48.91,47.871280670166016,-17.691280670166016,xgboost,absolute,fold_3,1h,ppb
2026-08-19T22:15:00Z,1,30.76,43.43,47.3017463684082,-16.5417463684082,xgboost,absolute,fold_3,1h,ppb
2026-08-19T22:30:00Z,1,30.18,34.33,40.53227615356445,-10.352276153564453,xgboost,absolute,fold_3,1h,ppb
2026-08-19T22:45:00Z,1,32.06,31.49,39.8182487487793,-7.758248748779295,xgboost,absolute,fold_3,1h,ppb
2026-08-19T23:00:00Z,1,32.78,30.18,40.209327697753906,-7.429327697753905,xgboost,absolute,fold_3,1h,ppb
2026-08-19T23:15:00Z,1,36.8,30.76,42.369606018066406,-5.569606018066409,xgboost,absolute,fold_3,1h,ppb
2026-08-19T23:30:00Z,1,36.6,30.18,43.66257858276367,-7.0625785827636705,xgboost,absolute,fold_3,1h,ppb
2026-08-19T23:45:00Z,1,36.41,32.06,42.47471618652344,-6.064716186523441,xgboost,absolute,fold_3,1h,ppb
2026-08-16T00:00:00Z,1,57.13,55.7,56.81721920967102,0.3127807903289792,xgboost,delta,fold_3,1h,ppb
2026-08-16T00:15:00Z,1,49.06,56.93,55.54298167705536,-6.482981677055356,xgboost,delta,fold_3,1h,ppb
2026-08-16T00:30:00Z,1,45.1,62.43,55.1806742477417,-10.080674247741698,xgboost,delta,fold_3,1h,ppb
2026-08-16T00:45:00Z,1,43.27,64.04,58.253936805725104,-14.9839368057251,xgboost,delta,fold_3,1h,ppb
2026-08-16T01:00:00Z,1,41.52,57.13,56.390943174362185,-14.870943174362182,xgboost,delta,fold_3,1h,ppb
2026-08-16T01:15:00Z,1,38.79,49.06,49.3723491704464,-10.582349170446399,xgboost,delta,fold_3,1h,ppb
2026-08-16T01:30:00Z,1,31.45,45.1,44.144821321964265,-12.694821321964266,xgboost,delta,fold_3,1h,ppb
2026-08-16T01:45:00Z,1,36.15,43.27,43.517320845723155,-7.367320845723157,xgboost,delta,fold_3,1h,ppb
2026-08-16T02:00:00Z,1,36.31,41.52,44.09191705703736,-7.781917057037354,xgboost,delta,fold_3,1h,ppb
2026-08-16T02:15:00Z,1,34.12,38.79,42.019668378829955,-7.899668378829958,xgboost,delta,fold_3,1h,ppb
2026-08-16T02:30:00Z,1,28.27,31.45,37.2015082359314,-8.9315082359314,xgboost,delta,fold_3,1h,ppb
2026-08-16T02:45:00Z,1,35.54,36.15,39.32276573181152,-3.782765731811523,xgboost,delta,fold_3,1h,ppb
2026-08-16T03:00:00Z,1,39.04,36.31,43.71768623352051,-4.677686233520511,xgboost,delta,fold_3,1h,ppb
2026-08-16T03:15:00Z,1,37.95,34.12,42.64615451812744,-4.696154518127436,xgboost,delta,fold_3,1h,ppb
2026-08-16T03:30:00Z,1,38.09,28.27,37.40006401062011,0.6899359893798902,xgboost,delta,fold_3,1h,ppb
2026-08-16T03:45:00Z,1,37.46,35.54,43.47235969543457,-6.012359695434569,xgboost,delta,fold_3,1h,ppb
2026-08-16T04:00:00Z,1,59.29,39.04,49.41275123596191,9.877248764038086,xgboost,delta,fold_3,1h,ppb
2026-08-16T04:15:00Z,1,69.16,37.95,48.963984680175784,20.196015319824212,xgboost,delta,fold_3,1h,ppb
2026-08-16T04:30:00Z,1,65.11,38.09,49.55692276000977,15.55307723999023,xgboost,delta,fold_3,1h,ppb
2026-08-16T04:45:00Z,1,65.11,37.46,50.05950256347656,15.050497436523436,xgboost,delta,fold_3,1h,ppb
2026-08-16T05:00:00Z,1,47.07,59.29,63.328511753082275,-16.258511753082274,xgboost,delta,fold_3,1h,ppb
2026-08-16T05:15:00Z,1,61.38,69.16,67.69550577163696,-6.315505771636957,xgboost,delta,fold_3,1h,ppb
2026-08-16T05:30:00Z,1,57.16,65.11,69.2673395729065,-12.107339572906497,xgboost,delta,fold_3,1h,ppb
2026-08-16T05:45:00Z,1,61.27,65.11,73.37108074188232,-12.10108074188232,xgboost,delta,fold_3,1h,ppb
2026-08-16T06:00:00Z,1,67.67,47.07,63.04862911224365,4.621370887756349,xgboost,delta,fold_3,1h,ppb
2026-08-16T06:15:00Z,1,48.63,61.38,70.9819344329834,-22.35193443298339,xgboost,delta,fold_3,1h,ppb
2026-08-16T06:30:00Z,1,60.25,57.16,72.76816097259521,-12.518160972595211,xgboost,delta,fold_3,1h,ppb
2026-08-16T06:45:00Z,1,28.27,61.27,70.96821643829347,-42.69821643829347,xgboost,delta,fold_3,1h,ppb
2026-08-16T07:00:00Z,1,41.84,67.67,72.70829288482666,-30.86829288482666,xgboost,delta,fold_3,1h,ppb
2026-08-16T07:15:00Z,1,59.98,48.63,62.38539493560791,-2.405394935607916,xgboost,delta,fold_3,1h,ppb
2026-08-16T07:30:00Z,1,61.3,60.25,60.00948344171047,1.290516558289525,xgboost,delta,fold_3,1h,ppb
2026-08-16T07:45:00Z,1,55.75,28.27,38.775044937133785,16.974955062866215,xgboost,delta,fold_3,1h,ppb
2026-08-16T08:00:00Z,1,23.87,41.84,43.63337000846863,-19.76337000846863,xgboost,delta,fold_3,1h,ppb
2026-08-16T08:15:00Z,1,18.69,59.98,55.56337879180908,-36.873378791809074,xgboost,delta,fold_3,1h,ppb
2026-08-16T08:30:00Z,1,8.86,61.3,56.111338424682614,-47.251338424682615,xgboost,delta,fold_3,1h,ppb
2026-08-16T08:45:00Z,1,4.45,55.75,55.76117145270109,-51.31117145270109,xgboost,delta,fold_3,1h,ppb
2026-08-16T09:00:00Z,1,7.66,23.87,28.226452465057374,-20.566452465057374,xgboost,delta,fold_3,1h,ppb
2026-08-16T09:15:00Z,1,8.21,18.69,24.15874284744263,-15.948742847442627,xgboost,delta,fold_3,1h,ppb
2026-08-16T09:30:00Z,1,11.97,8.86,14.822190628051757,-2.8521906280517566,xgboost,delta,fold_3,1h,ppb
2026-08-16T09:45:00Z,1,18.89,4.45,11.111376953125,7.778623046875001,xgboost,delta,fold_3,1h,ppb
2026-08-16T10:00:00Z,1,36.48,7.66,11.091005239486694,25.388994760513302,xgboost,delta,fold_3,1h,ppb
2026-08-16T10:15:00Z,1,34.67,8.21,13.346061668395997,21.323938331604005,xgboost,delta,fold_3,1h,ppb
2026-08-16T10:30:00Z,1,18.72,11.97,15.080294818878174,3.6397051811218244,xgboost,delta,fold_3,1h,ppb
2026-08-16T10:45:00Z,1,17.67,18.89,21.60422290802002,-3.9342229080200184,xgboost,delta,fold_3,1h,ppb
2026-08-16T11:00:00Z,1,11.8,36.48,37.56283233642578,-25.762832336425777,xgboost,delta,fold_3,1h,ppb
2026-08-16T11:15:00Z,1,8.55,34.67,35.48210845708847,-26.93210845708847,xgboost,delta,fold_3,1h,ppb
2026-08-16T11:30:00Z,1,26.43,18.72,24.009917945861815,2.4200820541381844,xgboost,delta,fold_3,1h,ppb
2026-08-16T11:45:00Z,1,17.22,17.67,22.064291400909426,-4.844291400909427,xgboost,delta,fold_3,1h,ppb
2026-08-16T12:00:00Z,1,17.48,11.8,15.894997882843018,1.5850021171569821,xgboost,delta,fold_3,1h,ppb
2026-08-16T12:15:00Z,1,20.63,8.55,12.85059814453125,7.779401855468748,xgboost,delta,fold_3,1h,ppb
2026-08-16T12:30:00Z,1,7.98,26.43,28.526982955932617,-20.546982955932616,xgboost,delta,fold_3,1h,ppb
2026-08-16T12:45:00Z,1,21.15,17.22,21.323962898254393,-0.17396289825439482,xgboost,delta,fold_3,1h,ppb
2026-08-16T13:00:00Z,1,17.21,17.48,20.330253582000733,-3.120253582000732,xgboost,delta,fold_3,1h,ppb
2026-08-16T13:15:00Z,1,12.86,20.63,24.80057991027832,-11.94057991027832,xgboost,delta,fold_3,1h,ppb
2026-08-16T13:30:00Z,1,4.93,7.98,13.520814399719239,-8.590814399719239,xgboost,delta,fold_3,1h,ppb
2026-08-16T13:45:00Z,1,21.25,21.15,23.599047327041625,-2.3490473270416246,xgboost,delta,fold_3,1h,ppb
2026-08-16T14:00:00Z,1,0.96,17.21,23.040223560333253,-22.080223560333252,xgboost,delta,fold_3,1h,ppb
2026-08-16T14:15:00Z,1,4.39,12.86,19.989064559936523,-15.599064559936522,xgboost,delta,fold_3,1h,ppb
2026-08-16T14:30:00Z,1,11.5,4.93,10.319898300170898,1.1801016998291018,xgboost,delta,fold_3,1h,ppb
2026-08-16T14:45:00Z,1,15.62,21.25,25.16906476020813,-9.54906476020813,xgboost,delta,fold_3,1h,ppb
2026-08-16T15:00:00Z,1,0.52,0.96,6.675855121612549,-6.155855121612548,xgboost,delta,fold_3,1h,ppb
2026-08-16T16:00:00Z,1,14.32,0.52,6.774407882690429,7.545592117309571,xgboost,delta,fold_3,1h,ppb
2026-08-16T17:00:00Z,1,50.93,14.32,18.613388843536377,32.31661115646362,xgboost,delta,fold_3,1h,ppb
2026-08-16T17:15:00Z,1,51.46,28.38,29.72545886516571,21.73454113483429,xgboost,delta,fold_3,1h,ppb
2026-08-16T17:30:00Z,1,54.12,39.09,38.836522873640064,15.283477126359934,xgboost,delta,fold_3,1h,ppb
2026-08-16T17:45:00Z,1,57.15,46.57,47.844673223495484,9.305326776504515,xgboost,delta,fold_3,1h,ppb
2026-08-16T18:00:00Z,1,58.37,50.93,52.36926453590393,6.000735464096067,xgboost,delta,fold_3,1h,ppb
2026-08-16T18:15:00Z,1,56.36,51.46,54.45133563041687,1.9086643695831285,xgboost,delta,fold_3,1h,ppb
2026-08-16T18:30:00Z,1,57.84,54.12,56.990186805725095,0.8498131942749083,xgboost,delta,fold_3,1h,ppb
2026-08-16T18:45:00Z,1,58.56,57.15,58.50760414600372,0.05239585399628055,xgboost,delta,fold_3,1h,ppb
2026-08-16T19:00:00Z,1,60.03,58.37,56.2095459651947,3.8204540348053015,xgboost,delta,fold_3,1h,ppb
2026-08-16T19:15:00Z,1,58.29,56.36,56.70668353199959,1.5833164680004117,xgboost,delta,fold_3,1h,ppb
2026-08-16T19:30:00Z,1,56.39,57.84,56.06242414951325,0.32757585048675253,xgboost,delta,fold_3,1h,ppb
2026-08-16T19:45:00Z,1,56.04,58.56,56.18333059310913,-0.14333059310913399,xgboost,delta,fold_3,1h,ppb
2026-08-16T20:00:00Z,1,57.18,60.03,54.328421382904054,2.851578617095946,xgboost,delta,fold_3,1h,ppb
2026-08-16T20:15:00Z,1,57.72,58.29,52.07223514556885,5.647764854431152,xgboost,delta,fold_3,1h,ppb
2026-08-16T20:30:00Z,1,64.02,56.39,50.34219373703003,13.677806262969966,xgboost,delta,fold_3,1h,ppb
2026-08-16T20:45:00Z,1,62.19,56.04,50.31589654922485,11.874103450775145,xgboost,delta,fold_3,1h,ppb
2026-08-16T21:00:00Z,1,63.58,57.18,51.690546684265136,11.889453315734862,xgboost,delta,fold_3,1h,ppb
2026-08-16T21:15:00Z,1,59.94,57.72,51.63833734512329,8.301662654876708,xgboost,delta,fold_3,1h,ppb
2026-08-16T21:30:00Z,1,44.58,64.02,54.51545764923095,-9.935457649230955,xgboost,delta,fold_3,1h,ppb
2026-08-16T21:45:00Z,1,43.54,62.19,54.198521556854246,-10.658521556854247,xgboost,delta,fold_3,1h,ppb
2026-08-16T22:00:00Z,1,51.31,63.58,52.94811923980713,-1.638119239807125,xgboost,delta,fold_3,1h,ppb
2026-08-16T22:15:00Z,1,51.92,59.94,52.376863899230955,-0.45686389923095305,xgboost,delta,fold_3,1h,ppb
2026-08-16T22:30:00Z,1,52.8,44.58,43.7710001039505,9.028999896049498,xgboost,delta,fold_3,1h,ppb
2026-08-16T22:45:00Z,1,52.26,43.54,41.481943168640136,10.778056831359862,xgboost,delta,fold_3,1h,ppb
2026-08-16T23:00:00Z,1,52.54,51.31,48.115843591690066,4.424156408309933,xgboost,delta,fold_3,1h,ppb
2026-08-16T23:15:00Z,1,54.8,51.92,48.82209412574768,5.977905874252315,xgboost,delta,fold_3,1h,ppb
2026-08-16T23:30:00Z,1,47.92,52.8,49.22261505126953,-1.3026150512695267,xgboost,delta,fold_3,1h,ppb
2026-08-16T23:45:00Z,1,40.51,52.26,51.99292627930641,-11.482926279306412,xgboost,delta,fold_3,1h,ppb
2026-08-17T00:00:00Z,1,44.15,52.54,51.72923711776733,-7.5792371177673346,xgboost,delta,fold_3,1h,ppb
2026-08-17T00:15:00Z,1,45.94,54.8,54.087875235080716,-8.147875235080718,xgboost,delta,fold_3,1h,ppb
2026-08-17T00:30:00Z,1,37.63,47.92,49.394165558815004,-11.764165558815002,xgboost,delta,fold_3,1h,ppb
2026-08-17T00:45:00Z,1,32.08,40.51,43.03047491073608,-10.950474910736084,xgboost,delta,fold_3,1h,ppb
2026-08-17T01:00:00Z,1,31.72,44.15,44.767500245571135,-13.047500245571136,xgboost,delta,fold_3,1h,ppb
2026-08-17T01:15:00Z,1,30.25,45.94,46.372358533143995,-16.122358533143995,xgboost,delta,fold_3,1h,ppb
2026-08-17T01:30:00Z,1,34.36,37.63,39.98865831375122,-5.628658313751224,xgboost,delta,fold_3,1h,ppb
2026-08-17T01:45:00Z,1,29.57,32.08,35.36207230567932,-5.792072305679319,xgboost,delta,fold_3,1h,ppb
2026-08-17T02:00:00Z,1,32.47,31.72,35.39130064964294,-2.9213006496429443,xgboost,delta,fold_3,1h,ppb
2026-08-17T02:15:00Z,1,33.9,30.25,34.069045543670654,-0.16904554367065572,xgboost,delta,fold_3,1h,ppb
2026-08-17T02:30:00Z,1,33.31,34.36,36.14812742233276,-2.838127422332761,xgboost,delta,fold_3,1h,ppb
2026-08-17T02:45:00Z,1,33.6,29.57,33.82817346572876,-0.22817346572875863,xgboost,delta,fold_3,1h,ppb
2026-08-17T03:00:00Z,1,31.61,32.47,38.10010740280151,-6.490107402801513,xgboost,delta,fold_3,1h,ppb
2026-08-17T03:15:00Z,1,39.44,33.9,37.86016836166382,1.5798316383361808,xgboost,delta,fold_3,1h,ppb
2026-08-17T03:30:00Z,1,39.4,33.31,39.79278856277466,-0.3927885627746619,xgboost,delta,fold_3,1h,ppb
2026-08-17T03:45:00Z,1,38.16,33.6,39.46401605606079,-1.3040160560607958,xgboost,delta,fold_3,1h,ppb
2026-08-17T04:00:00Z,1,40.17,31.61,39.4529479598999,0.7170520401000999,xgboost,delta,fold_3,1h,ppb
2026-08-17T04:15:00Z,1,45.46,39.44,47.53467315673828,-2.074673156738278,xgboost,delta,fold_3,1h,ppb
2026-08-17T04:30:00Z,1,59.46,39.4,44.531505489349364,14.928494510650637,xgboost,delta,fold_3,1h,ppb
2026-08-17T04:45:00Z,1,60.75,38.16,43.92409292221069,16.82590707778931,xgboost,delta,fold_3,1h,ppb
2026-08-17T05:00:00Z,1,58.1,40.17,46.72092477798462,11.37907522201538,xgboost,delta,fold_3,1h,ppb
2026-08-17T05:15:00Z,1,66.47,45.46,53.38675352096558,13.083246479034422,xgboost,delta,fold_3,1h,ppb
2026-08-17T05:30:00Z,1,62.6,59.46,63.23369713783264,-0.633697137832641,xgboost,delta,fold_3,1h,ppb
2026-08-17T05:45:00Z,1,67.1,60.75,62.70501506328583,4.394984936714167,xgboost,delta,fold_3,1h,ppb
2026-08-17T06:00:00Z,1,68.85,58.1,64.73135910034179,4.118640899658203,xgboost,delta,fold_3,1h,ppb
2026-08-17T06:15:00Z,1,74.06,66.47,72.46461269378662,1.5953873062133823,xgboost,delta,fold_3,1h,ppb
2026-08-17T06:30:00Z,1,72.18,62.6,70.73041973114013,1.4495802688598758,xgboost,delta,fold_3,1h,ppb
2026-08-17T06:45:00Z,1,72.53,67.1,73.72029266357421,-1.190292663574212,xgboost,delta,fold_3,1h,ppb
2026-08-17T07:00:00Z,1,68.54,68.85,72.95386657714843,-4.413866577148426,xgboost,delta,fold_3,1h,ppb
2026-08-17T07:15:00Z,1,67.83,74.06,78.41339975357056,-10.58339975357056,xgboost,delta,fold_3,1h,ppb
2026-08-17T07:30:00Z,1,70.38,72.18,73.42858832359315,-3.048588323593151,xgboost,delta,fold_3,1h,ppb
2026-08-17T07:45:00Z,1,67.48,72.53,72.71982270359993,-5.239822703599927,xgboost,delta,fold_3,1h,ppb
2026-08-17T08:00:00Z,1,65.85,68.54,64.95758751869202,0.8924124813079715,xgboost,delta,fold_3,1h,ppb
2026-08-17T08:15:00Z,1,60.87,67.83,62.11504133224487,-1.245041332244874,xgboost,delta,fold_3,1h,ppb
2026-08-17T08:30:00Z,1,62.57,70.38,64.52521646499633,-1.955216464996333,xgboost,delta,fold_3,1h,ppb
2026-08-17T08:45:00Z,1,60.92,67.48,62.13975618362427,-1.2197561836242699,xgboost,delta,fold_3,1h,ppb
2026-08-17T09:00:00Z,1,63.41,65.85,58.96261844635009,4.447381553649905,xgboost,delta,fold_3,1h,ppb
2026-08-17T09:15:00Z,1,56.51,60.87,57.69771039009094,-1.1877103900909418,xgboost,delta,fold_3,1h,ppb
2026-08-17T09:30:00Z,1,54.75,62.57,56.52028066635132,-1.7702806663513186,xgboost,delta,fold_3,1h,ppb
2026-08-17T09:45:00Z,1,56.22,60.92,56.64142601013184,-0.4214260101318388,xgboost,delta,fold_3,1h,ppb
2026-08-17T10:00:00Z,1,55.77,63.41,57.678318653106686,-1.908318653106683,xgboost,delta,fold_3,1h,ppb
2026-08-17T10:15:00Z,1,51.6,56.51,55.91237599611282,-4.31237599611282,xgboost,delta,fold_3,1h,ppb
2026-08-17T10:30:00Z,1,48.56,54.75,55.571567475795746,-7.011567475795744,xgboost,delta,fold_3,1h,ppb
2026-08-17T10:45:00Z,1,52.35,56.22,54.28215512752533,-1.932155127525327,xgboost,delta,fold_3,1h,ppb
2026-08-17T11:00:00Z,1,49.02,55.77,56.022312988042835,-7.002312988042831,xgboost,delta,fold_3,1h,ppb
2026-08-17T11:15:00Z,1,50.85,51.6,56.03452262878418,-5.18452262878418,xgboost,delta,fold_3,1h,ppb
2026-08-17T11:30:00Z,1,54.93,48.56,53.38150745391846,1.5484925460815404,xgboost,delta,fold_3,1h,ppb
2026-08-17T11:45:00Z,1,53.95,52.35,53.59563276767731,0.3543672323226943,xgboost,delta,fold_3,1h,ppb
2026-08-17T12:00:00Z,1,55.04,49.02,52.88204290390015,2.1579570960998495,xgboost,delta,fold_3,1h,ppb
2026-08-17T12:15:00Z,1,56.82,50.85,52.694327569007875,4.125672430992125,xgboost,delta,fold_3,1h,ppb
2026-08-17T12:30:00Z,1,58.42,54.93,53.976823382377624,4.4431766176223775,xgboost,delta,fold_3,1h,ppb
2026-08-17T12:45:00Z,1,60.23,53.95,56.834319305419925,3.395680694580072,xgboost,delta,fold_3,1h,ppb
2026-08-17T13:00:00Z,1,59.57,55.04,53.76830259799957,5.801697402000428,xgboost,delta,fold_3,1h,ppb
2026-08-17T13:15:00Z,1,57.78,56.82,54.814805812835694,2.9651941871643075,xgboost,delta,fold_3,1h,ppb
2026-08-17T13:30:00Z,1,56.05,58.42,55.524915857315065,0.525084142684932,xgboost,delta,fold_3,1h,ppb
2026-08-17T13:45:00Z,1,63.33,60.23,58.855040054321286,4.474959945678712,xgboost,delta,fold_3,1h,ppb
2026-08-17T14:00:00Z,1,59.6,59.57,56.55418426513672,3.0458157348632824,xgboost,delta,fold_3,1h,ppb
2026-08-17T14:15:00Z,1,61.07,57.78,56.89723625659943,4.172763743400573,xgboost,delta,fold_3,1h,ppb
2026-08-17T14:30:00Z,1,58.75,56.05,55.82245008945465,2.927549910545352,xgboost,delta,fold_3,1h,ppb
2026-08-17T14:45:00Z,1,50.93,63.33,53.98870666503906,-3.058706665039061,xgboost,delta,fold_3,1h,ppb
2026-08-17T15:00:00Z,1,57.08,59.6,49.96294460296631,7.117055397033688,xgboost,delta,fold_3,1h,ppb
2026-08-17T15:15:00Z,1,53.49,61.07,51.89329177856445,1.5967082214355486,xgboost,delta,fold_3,1h,ppb
2026-08-17T15:30:00Z,1,51.64,58.75,50.729135513305664,0.9108644866943365,xgboost,delta,fold_3,1h,ppb
2026-08-17T15:45:00Z,1,53.74,50.93,47.72018259048462,6.019817409515383,xgboost,delta,fold_3,1h,ppb
2026-08-17T16:00:00Z,1,50.62,57.08,49.54710634231567,1.0728936576843253,xgboost,delta,fold_3,1h,ppb
2026-08-17T16:15:00Z,1,49.94,53.49,51.05295871734619,-1.1129587173461957,xgboost,delta,fold_3,1h,ppb
2026-08-17T16:30:00Z,1,51.32,51.64,51.28986851811409,0.03013148188590975,xgboost,delta,fold_3,1h,ppb
2026-08-17T16:45:00Z,1,52.08,53.74,51.55268692016602,0.5273130798339807,xgboost,delta,fold_3,1h,ppb
2026-08-17T17:00:00Z,1,51.75,50.62,52.16349100589752,-0.4134910058975194,xgboost,delta,fold_3,1h,ppb
2026-08-17T17:15:00Z,1,54.27,49.94,52.02412647247314,2.245873527526861,xgboost,delta,fold_3,1h,ppb
2026-08-17T17:30:00Z,1,51.23,51.32,47.89747745513916,3.3325225448608364,xgboost,delta,fold_3,1h,ppb
2026-08-17T17:45:00Z,1,53.26,52.08,52.35061814069748,0.9093818593025205,xgboost,delta,fold_3,1h,ppb
2026-08-17T18:00:00Z,1,49.34,51.75,52.650952994823456,-3.3109529948234524,xgboost,delta,fold_3,1h,ppb
2026-08-17T18:15:00Z,1,40.68,54.27,52.76940049648285,-12.089400496482853,xgboost,delta,fold_3,1h,ppb
2026-08-17T18:30:00Z,1,47.79,51.23,51.6838100361824,-3.8938100361824013,xgboost,delta,fold_3,1h,ppb
2026-08-17T18:45:00Z,1,46.47,53.26,50.15239978790283,-3.682399787902831,xgboost,delta,fold_3,1h,ppb
2026-08-17T19:00:00Z,1,48.72,49.34,49.332957918904725,-0.6129579189047263,xgboost,delta,fold_3,1h,ppb
2026-08-17T19:15:00Z,1,51.92,40.68,43.08697264671326,8.833027353286745,xgboost,delta,fold_3,1h,ppb
2026-08-17T19:30:00Z,1,59.56,47.79,48.15986055970192,11.400139440298084,xgboost,delta,fold_3,1h,ppb
2026-08-17T19:45:00Z,1,52.54,46.47,48.80430218696594,3.735697813034058,xgboost,delta,fold_3,1h,ppb
2026-08-17T20:00:00Z,1,58.33,48.72,49.59433451414108,8.735665485858917,xgboost,delta,fold_3,1h,ppb
2026-08-17T20:15:00Z,1,47.32,51.92,52.37053178071976,-5.0505317807197585,xgboost,delta,fold_3,1h,ppb
2026-08-17T20:30:00Z,1,39.53,59.56,57.74776118755341,-18.217761187553407,xgboost,delta,fold_3,1h,ppb
2026-08-17T20:45:00Z,1,40.26,52.54,53.38325110912323,-13.123251109123231,xgboost,delta,fold_3,1h,ppb
2026-08-17T21:00:00Z,1,40.5,58.33,57.393380420207976,-16.893380420207976,xgboost,delta,fold_3,1h,ppb
2026-08-17T21:15:00Z,1,38.44,47.32,51.26570779800415,-12.825707798004153,xgboost,delta,fold_3,1h,ppb
2026-08-17T21:30:00Z,1,30.5,39.53,43.54047658920288,-13.040476589202882,xgboost,delta,fold_3,1h,ppb
2026-08-17T21:45:00Z,1,39.56,40.26,44.99267841339111,-5.432678413391109,xgboost,delta,fold_3,1h,ppb
2026-08-17T22:00:00Z,1,46.41,40.5,44.13527965545654,2.2747203445434536,xgboost,delta,fold_3,1h,ppb
2026-08-17T22:15:00Z,1,44.85,38.44,43.98602432250976,0.8639756774902381,xgboost,delta,fold_3,1h,ppb
2026-08-17T22:30:00Z,1,47.57,30.5,35.35325384140015,12.216746158599854,xgboost,delta,fold_3,1h,ppb
2026-08-17T22:45:00Z,1,43.26,39.56,41.76814108848572,1.491858911514278,xgboost,delta,fold_3,1h,ppb
2026-08-17T23:00:00Z,1,35.82,46.41,46.48372387498617,-10.663723874986168,xgboost,delta,fold_3,1h,ppb
2026-08-17T23:15:00Z,1,44.24,44.85,45.61004946231842,-1.3700494623184198,xgboost,delta,fold_3,1h,ppb
2026-08-17T23:30:00Z,1,48.06,47.57,47.05187208175659,1.0081279182434102,xgboost,delta,fold_3,1h,ppb
2026-08-17T23:45:00Z,1,45.72,43.26,44.80274570941925,0.9172542905807504,xgboost,delta,fold_3,1h,ppb
2026-08-18T00:00:00Z,1,43.33,35.82,38.49487668991089,4.835123310089109,xgboost,delta,fold_3,1h,ppb
2026-08-18T00:15:00Z,1,44.85,44.24,41.99940585136414,2.8505941486358637,xgboost,delta,fold_3,1h,ppb
2026-08-18T00:30:00Z,1,46.76,48.06,45.04458456993103,1.7154154300689655,xgboost,delta,fold_3,1h,ppb
2026-08-18T00:45:00Z,1,48.85,45.72,44.26164171218872,4.588358287811282,xgboost,delta,fold_3,1h,ppb
2026-08-18T01:00:00Z,1,44.3,43.33,44.857291178703306,-0.5572911787033092,xgboost,delta,fold_3,1h,ppb
2026-08-18T01:15:00Z,1,45.94,44.85,44.7729878783226,1.167012121677395,xgboost,delta,fold_3,1h,ppb
2026-08-18T01:30:00Z,1,46.02,46.76,45.982756683826445,0.03724331617355858,xgboost,delta,fold_3,1h,ppb
2026-08-18T01:45:00Z,1,47.94,48.85,49.062939858436586,-1.1229398584365882,xgboost,delta,fold_3,1h,ppb
2026-08-18T02:00:00Z,1,46.43,44.3,51.74110059738159,-5.311100597381589,xgboost,delta,fold_3,1h,ppb
2026-08-18T02:15:00Z,1,47.12,45.94,54.930582466125486,-7.810582466125489,xgboost,delta,fold_3,1h,ppb
2026-08-18T02:30:00Z,1,46.55,46.02,57.525983352661136,-10.975983352661139,xgboost,delta,fold_3,1h,ppb
2026-08-18T02:45:00Z,1,45.15,47.94,58.37619728088379,-13.226197280883788,xgboost,delta,fold_3,1h,ppb
2026-08-18T03:00:00Z,1,44.08,46.43,60.15005748748779,-16.070057487487794,xgboost,delta,fold_3,1h,ppb
2026-08-18T03:15:00Z,1,39.74,47.12,61.83965217590332,-22.099652175903316,xgboost,delta,fold_3,1h,ppb
2026-08-18T03:30:00Z,1,39.79,46.55,61.260925102233884,-21.470925102233885,xgboost,delta,fold_3,1h,ppb
2026-08-18T03:45:00Z,1,51.59,45.15,60.52085151672363,-8.930851516723628,xgboost,delta,fold_3,1h,ppb
2026-08-18T04:00:00Z,1,55.56,44.08,60.15953071594238,-4.599530715942379,xgboost,delta,fold_3,1h,ppb
2026-08-18T04:15:00Z,1,64.97,39.74,57.10495971679688,7.865040283203122,xgboost,delta,fold_3,1h,ppb
2026-08-18T04:30:00Z,1,61.08,39.79,58.9688215637207,2.111178436279296,xgboost,delta,fold_3,1h,ppb
2026-08-18T04:45:00Z,1,59.17,51.59,63.06764873504639,-3.8976487350463884,xgboost,delta,fold_3,1h,ppb
2026-08-18T05:00:00Z,1,68.61,55.56,64.68469387054444,3.9253061294555636,xgboost,delta,fold_3,1h,ppb
2026-08-18T05:15:00Z,1,71.53,64.97,70.1150138092041,1.4149861907959007,xgboost,delta,fold_3,1h,ppb
2026-08-18T05:30:00Z,1,69.74,61.08,70.22019203186035,-0.480192031860355,xgboost,delta,fold_3,1h,ppb
2026-08-18T05:45:00Z,1,70.35,59.17,69.10069553375244,1.2493044662475512,xgboost,delta,fold_3,1h,ppb
2026-08-18T06:00:00Z,1,69.55,68.61,74.28439031600952,-4.734390316009524,xgboost,delta,fold_3,1h,ppb
2026-08-18T06:15:00Z,1,72.52,71.53,76.7569778251648,-4.2369778251648,xgboost,delta,fold_3,1h,ppb
2026-08-18T06:30:00Z,1,80.75,69.74,76.97261356353759,3.7773864364624075,xgboost,delta,fold_3,1h,ppb
2026-08-18T06:45:00Z,1,70.84,70.35,77.63386068344116,-6.793860683441153,xgboost,delta,fold_3,1h,ppb
2026-08-18T07:00:00Z,1,75.18,69.55,80.18864517211914,-5.008645172119131,xgboost,delta,fold_3,1h,ppb
2026-08-18T07:15:00Z,1,79.4,72.52,80.8827233505249,-1.4827233505248927,xgboost,delta,fold_3,1h,ppb
2026-08-18T07:30:00Z,1,74.38,80.75,84.32990574836731,-9.949905748367314,xgboost,delta,fold_3,1h,ppb
2026-08-18T07:45:00Z,1,77.97,70.84,76.96191390991211,1.008086090087886,xgboost,delta,fold_3,1h,ppb
2026-08-18T08:00:00Z,1,80.06,75.18,69.2224337387085,10.8375662612915,xgboost,delta,fold_3,1h,ppb
2026-08-18T08:15:00Z,1,82.23,79.4,73.41258087158204,8.817419128417967,xgboost,delta,fold_3,1h,ppb
2026-08-18T08:30:00Z,1,78.6,74.38,71.16509902954101,7.434900970458983,xgboost,delta,fold_3,1h,ppb
2026-08-18T08:45:00Z,1,72.26,77.97,69.8181616973877,2.441838302612311,xgboost,delta,fold_3,1h,ppb
2026-08-18T09:00:00Z,1,69.66,80.06,71.46980911254883,-1.8098091125488338,xgboost,delta,fold_3,1h,ppb
2026-08-18T09:15:00Z,1,65.31,82.23,71.94834373474121,-6.638343734741213,xgboost,delta,fold_3,1h,ppb
2026-08-18T09:30:00Z,1,71.0,78.6,69.1929365158081,1.8070634841919002,xgboost,delta,fold_3,1h,ppb
2026-08-18T09:45:00Z,1,70.31,72.26,64.88618923187256,5.423810768127439,xgboost,delta,fold_3,1h,ppb
2026-08-18T10:00:00Z,1,68.27,69.66,64.18671861648559,4.083281383514404,xgboost,delta,fold_3,1h,ppb
2026-08-18T10:15:00Z,1,65.5,65.31,63.06150537490845,2.4384946250915505,xgboost,delta,fold_3,1h,ppb
2026-08-18T10:30:00Z,1,69.62,71.0,64.70625972747803,4.913740272521977,xgboost,delta,fold_3,1h,ppb
2026-08-18T10:45:00Z,1,63.77,70.31,65.28352695465088,-1.513526954650878,xgboost,delta,fold_3,1h,ppb
2026-08-18T11:00:00Z,1,66.61,68.27,64.62031867027282,1.9896813297271763,xgboost,delta,fold_3,1h,ppb
2026-08-18T11:15:00Z,1,67.7,65.5,62.47010040283203,5.229899597167972,xgboost,delta,fold_3,1h,ppb
2026-08-18T11:30:00Z,1,66.0,69.62,65.57615911483765,0.42384088516234897,xgboost,delta,fold_3,1h,ppb
2026-08-18T11:45:00Z,1,67.14,63.77,63.25374712467194,3.8862528753280614,xgboost,delta,fold_3,1h,ppb
2026-08-18T12:00:00Z,1,67.39,66.61,63.39568887710571,3.9943111228942882,xgboost,delta,fold_3,1h,ppb
2026-08-18T12:15:00Z,1,65.3,67.7,63.74605507850647,1.5539449214935246,xgboost,delta,fold_3,1h,ppb
2026-08-18T12:30:00Z,1,67.31,66.0,64.21925902366638,3.0907409763336204,xgboost,delta,fold_3,1h,ppb
2026-08-18T12:45:00Z,1,64.29,67.14,63.91234983444214,0.377650165557867,xgboost,delta,fold_3,1h,ppb
2026-08-18T13:00:00Z,1,62.36,67.39,63.96177710533142,-1.601777105331422,xgboost,delta,fold_3,1h,ppb
2026-08-18T13:15:00Z,1,61.89,65.3,64.48754285573959,-2.59754285573959,xgboost,delta,fold_3,1h,ppb
2026-08-18T13:30:00Z,1,64.11,67.31,65.17165046691895,-1.0616504669189482,xgboost,delta,fold_3,1h,ppb
2026-08-18T13:45:00Z,1,69.18,64.29,65.07263795375825,4.107362046241761,xgboost,delta,fold_3,1h,ppb
2026-08-18T14:00:00Z,1,61.67,62.36,60.8849205827713,0.785079417228701,xgboost,delta,fold_3,1h,ppb
2026-08-18T14:15:00Z,1,61.3,61.89,59.7331510925293,1.5668489074706997,xgboost,delta,fold_3,1h,ppb
2026-08-18T14:30:00Z,1,59.61,64.11,60.37594805717468,-0.7659480571746826,xgboost,delta,fold_3,1h,ppb
2026-08-18T14:45:00Z,1,53.82,69.18,60.855702095031745,-7.035702095031745,xgboost,delta,fold_3,1h,ppb
2026-08-18T15:00:00Z,1,51.38,61.67,54.79546825408936,-3.4154682540893546,xgboost,delta,fold_3,1h,ppb
2026-08-18T15:15:00Z,1,50.06,61.3,55.442332077026364,-5.382332077026362,xgboost,delta,fold_3,1h,ppb
2026-08-18T15:30:00Z,1,52.68,59.61,55.22005163192749,-2.54005163192749,xgboost,delta,fold_3,1h,ppb
2026-08-18T15:45:00Z,1,50.89,53.82,54.50882417678833,-3.61882417678833,xgboost,delta,fold_3,1h,ppb
2026-08-18T16:00:00Z,1,53.68,51.38,52.84612691879273,0.8338730812072725,xgboost,delta,fold_3,1h,ppb
2026-08-18T16:15:00Z,1,51.95,50.06,51.54893249034882,0.40106750965118465,xgboost,delta,fold_3,1h,ppb
2026-08-18T16:30:00Z,1,56.49,52.68,54.915134840011596,1.5748651599884056,xgboost,delta,fold_3,1h,ppb
2026-08-18T16:45:00Z,1,56.46,50.89,55.18234266281128,1.277657337188721,xgboost,delta,fold_3,1h,ppb
2026-08-18T17:00:00Z,1,45.17,53.68,54.77084618091583,-9.60084618091583,xgboost,delta,fold_3,1h,ppb
2026-08-18T17:15:00Z,1,53.78,51.95,55.70122857093811,-1.921228570938112,xgboost,delta,fold_3,1h,ppb
2026-08-18T17:30:00Z,1,57.86,56.49,55.905729343891146,1.9542706561088536,xgboost,delta,fold_3,1h,ppb
2026-08-18T17:45:00Z,1,56.68,56.46,55.67222048997879,1.0077795100212086,xgboost,delta,fold_3,1h,ppb
2026-08-18T18:00:00Z,1,53.19,45.17,51.10772792816162,2.082272071838375,xgboost,delta,fold_3,1h,ppb
2026-08-18T18:15:00Z,1,53.94,53.78,52.30407920360565,1.6359207963943447,xgboost,delta,fold_3,1h,ppb
2026-08-18T18:30:00Z,1,51.3,57.86,53.080812797546386,-1.780812797546389,xgboost,delta,fold_3,1h,ppb
2026-08-18T18:45:00Z,1,56.13,56.68,52.71850603103638,3.411493968963626,xgboost,delta,fold_3,1h,ppb
2026-08-18T19:00:00Z,1,58.02,53.19,51.78798669815063,6.232013301849371,xgboost,delta,fold_3,1h,ppb
2026-08-18T19:15:00Z,1,59.13,53.94,51.140376749038694,7.9896232509613085,xgboost,delta,fold_3,1h,ppb
2026-08-18T19:30:00Z,1,64.47,51.3,48.7407639503479,15.729236049652101,xgboost,delta,fold_3,1h,ppb
2026-08-18T19:45:00Z,1,66.4,56.13,52.20618856430054,14.193811435699466,xgboost,delta,fold_3,1h,ppb
2026-08-18T20:00:00Z,1,64.15,58.02,55.28489043235779,8.865109567642214,xgboost,delta,fold_3,1h,ppb
2026-08-18T20:15:00Z,1,64.78,59.13,55.357082014083865,9.422917985916136,xgboost,delta,fold_3,1h,ppb
2026-08-18T20:30:00Z,1,64.88,64.47,55.57585308074951,9.304146919250485,xgboost,delta,fold_3,1h,ppb
2026-08-18T20:45:00Z,1,65.11,66.4,58.33346786499024,6.776532135009759,xgboost,delta,fold_3,1h,ppb
2026-08-18T21:00:00Z,1,66.62,64.15,53.93967666625977,12.680323333740233,xgboost,delta,fold_3,1h,ppb
2026-08-18T21:15:00Z,1,62.61,64.78,55.51898983001709,7.0910101699829085,xgboost,delta,fold_3,1h,ppb
2026-08-18T21:30:00Z,1,62.07,64.88,56.197260742187495,5.872739257812505,xgboost,delta,fold_3,1h,ppb
2026-08-18T21:45:00Z,1,54.47,65.11,56.88258777618408,-2.4125877761840826,xgboost,delta,fold_3,1h,ppb
2026-08-18T22:00:00Z,1,42.34,66.62,56.66278469085694,-14.322784690856935,xgboost,delta,fold_3,1h,ppb
2026-08-18T22:15:00Z,1,44.55,62.61,54.069452629089355,-9.519452629089358,xgboost,delta,fold_3,1h,ppb
2026-08-18T22:30:00Z,1,44.43,62.07,53.9952405166626,-9.565240516662598,xgboost,delta,fold_3,1h,ppb
2026-08-18T22:45:00Z,1,43.34,54.47,49.41743537902832,-6.077435379028316,xgboost,delta,fold_3,1h,ppb
2026-08-18T23:00:00Z,1,35.37,42.34,43.25192883253098,-7.881928832530981,xgboost,delta,fold_3,1h,ppb
2026-08-18T23:15:00Z,1,45.7,44.55,43.56682740449905,2.1331725955009517,xgboost,delta,fold_3,1h,ppb
2026-08-18T23:30:00Z,1,50.02,44.43,45.50005500793457,4.519944992065433,xgboost,delta,fold_3,1h,ppb
2026-08-18T23:45:00Z,1,39.43,43.34,46.82852324485779,-7.398523244857792,xgboost,delta,fold_3,1h,ppb
2026-08-19T00:00:00Z,1,36.91,35.37,35.49836495041847,1.4116350495815269,xgboost,delta,fold_3,1h,ppb
2026-08-19T00:15:00Z,1,35.09,45.7,42.94826192855835,-7.858261928558349,xgboost,delta,fold_3,1h,ppb
2026-08-19T00:30:00Z,1,37.5,50.02,48.28371026039124,-10.783710260391238,xgboost,delta,fold_3,1h,ppb
2026-08-19T00:45:00Z,1,38.81,39.43,42.26832812309265,-3.458328123092649,xgboost,delta,fold_3,1h,ppb
2026-08-19T01:00:00Z,1,47.16,36.91,40.05591217041015,7.104087829589844,xgboost,delta,fold_3,1h,ppb
2026-08-19T01:15:00Z,1,45.19,35.09,39.058423366546634,6.1315766334533635,xgboost,delta,fold_3,1h,ppb
2026-08-19T01:30:00Z,1,36.38,37.5,41.319737672805786,-4.939737672805784,xgboost,delta,fold_3,1h,ppb
2026-08-19T01:45:00Z,1,39.92,38.81,41.961294469833376,-2.0412944698333746,xgboost,delta,fold_3,1h,ppb
2026-08-19T02:00:00Z,1,39.31,47.16,49.81294861793518,-10.502948617935175,xgboost,delta,fold_3,1h,ppb
2026-08-19T02:15:00Z,1,36.1,45.19,50.10257572174072,-14.002575721740719,xgboost,delta,fold_3,1h,ppb
2026-08-19T02:30:00Z,1,37.44,36.38,47.177513961791995,-9.737513961791997,xgboost,delta,fold_3,1h,ppb
2026-08-19T02:45:00Z,1,38.27,39.92,48.232729835510256,-9.962729835510252,xgboost,delta,fold_3,1h,ppb
2026-08-19T03:00:00Z,1,38.98,39.31,52.70269828796387,-13.722698287963873,xgboost,delta,fold_3,1h,ppb
2026-08-19T03:15:00Z,1,38.21,36.1,51.38387260437012,-13.173872604370118,xgboost,delta,fold_3,1h,ppb
2026-08-19T03:30:00Z,1,43.3,37.44,51.732664527893064,-8.432664527893067,xgboost,delta,fold_3,1h,ppb
2026-08-19T03:45:00Z,1,34.96,38.27,52.31854011535645,-17.358540115356448,xgboost,delta,fold_3,1h,ppb
2026-08-19T04:00:00Z,1,51.52,38.98,54.8320975112915,-3.3120975112914977,xgboost,delta,fold_3,1h,ppb
2026-08-19T04:15:00Z,1,51.99,38.21,53.76367469787598,-1.7736746978759754,xgboost,delta,fold_3,1h,ppb
2026-08-19T04:30:00Z,1,58.04,43.3,53.541846084594724,4.498153915405275,xgboost,delta,fold_3,1h,ppb
2026-08-19T04:45:00Z,1,61.42,34.96,51.86970802307129,9.550291976928712,xgboost,delta,fold_3,1h,ppb
2026-08-19T05:00:00Z,1,66.83,51.52,58.4178819847107,8.412118015289302,xgboost,delta,fold_3,1h,ppb
2026-08-19T05:15:00Z,1,70.47,51.99,60.300094833374025,10.169905166625973,xgboost,delta,fold_3,1h,ppb
2026-08-19T05:30:00Z,1,72.11,58.04,60.300698318481444,11.809301681518555,xgboost,delta,fold_3,1h,ppb
2026-08-19T05:45:00Z,1,71.34,61.42,67.05159847259522,4.288401527404787,xgboost,delta,fold_3,1h,ppb
2026-08-19T06:00:00Z,1,74.61,66.83,74.62527616500854,-0.015276165008543785,xgboost,delta,fold_3,1h,ppb
2026-08-19T06:15:00Z,1,70.72,70.47,76.89640161514282,-6.176401615142822,xgboost,delta,fold_3,1h,ppb
2026-08-19T06:30:00Z,1,75.92,72.11,78.3647812461853,-2.4447812461853005,xgboost,delta,fold_3,1h,ppb
2026-08-19T06:45:00Z,1,76.97,71.34,78.09919389724732,-1.129193897247319,xgboost,delta,fold_3,1h,ppb
2026-08-19T07:00:00Z,1,77.04,74.61,82.35721717834473,-5.31721717834472,xgboost,delta,fold_3,1h,ppb
2026-08-19T07:15:00Z,1,78.08,70.72,80.33886978149414,-2.258869781494141,xgboost,delta,fold_3,1h,ppb
2026-08-19T07:30:00Z,1,80.2,75.92,81.79779521942139,-1.5977952194213856,xgboost,delta,fold_3,1h,ppb
2026-08-19T07:45:00Z,1,80.11,76.97,76.39337155342102,3.71662844657898,xgboost,delta,fold_3,1h,ppb
2026-08-19T08:00:00Z,1,78.76,77.04,71.26075653076173,7.49924346923828,xgboost,delta,fold_3,1h,ppb
2026-08-19T08:15:00Z,1,78.47,78.08,70.71406991958618,7.755930080413819,xgboost,delta,fold_3,1h,ppb
2026-08-19T08:30:00Z,1,72.2,80.2,72.12908382415772,0.07091617584228516,xgboost,delta,fold_3,1h,ppb
2026-08-19T08:45:00Z,1,68.15,80.11,73.12907014846802,-4.979070148468011,xgboost,delta,fold_3,1h,ppb
2026-08-19T09:00:00Z,1,66.55,78.76,72.20336605072022,-5.653366050720223,xgboost,delta,fold_3,1h,ppb
2026-08-19T09:15:00Z,1,61.59,78.47,68.47940990447998,-6.889409904479976,xgboost,delta,fold_3,1h,ppb
2026-08-19T09:30:00Z,1,60.61,72.2,66.42681427001953,-5.816814270019535,xgboost,delta,fold_3,1h,ppb
2026-08-19T09:45:00Z,1,62.48,68.15,62.62282266616822,-0.1428226661682217,xgboost,delta,fold_3,1h,ppb
2026-08-19T10:00:00Z,1,57.59,66.55,61.04187898635864,-3.4518789863586363,xgboost,delta,fold_3,1h,ppb
2026-08-19T10:15:00Z,1,55.9,61.59,58.8965185546875,-2.996518554687505,xgboost,delta,fold_3,1h,ppb
2026-08-19T10:30:00Z,1,55.35,60.61,57.17762218475342,-1.827622184753416,xgboost,delta,fold_3,1h,ppb
2026-08-19T10:45:00Z,1,56.43,62.48,56.31969736099243,0.1103026390075712,xgboost,delta,fold_3,1h,ppb
2026-08-19T11:00:00Z,1,56.04,57.59,59.19677564144135,-3.1567756414413495,xgboost,delta,fold_3,1h,ppb
2026-08-19T11:15:00Z,1,55.24,55.9,57.285477900505064,-2.0454779005050625,xgboost,delta,fold_3,1h,ppb
2026-08-19T11:30:00Z,1,56.0,55.35,56.61604175567627,-0.616041755676271,xgboost,delta,fold_3,1h,ppb
2026-08-19T11:45:00Z,1,52.93,56.43,58.27741961956024,-5.347419619560242,xgboost,delta,fold_3,1h,ppb
2026-08-19T12:00:00Z,1,49.7,56.04,57.033278086185454,-7.333278086185452,xgboost,delta,fold_3,1h,ppb
2026-08-19T12:15:00Z,1,48.84,55.24,55.860314180850985,-7.020314180850981,xgboost,delta,fold_3,1h,ppb
2026-08-19T12:30:00Z,1,48.37,56.0,54.67951047420502,-6.30951047420502,xgboost,delta,fold_3,1h,ppb
2026-08-19T12:45:00Z,1,50.11,52.93,55.83910196304321,-5.729101963043213,xgboost,delta,fold_3,1h,ppb
2026-08-19T13:00:00Z,1,54.23,49.7,54.53097791671753,-0.30097791671753527,xgboost,delta,fold_3,1h,ppb
2026-08-19T13:15:00Z,1,50.71,48.84,53.54390319824219,-2.83390319824219,xgboost,delta,fold_3,1h,ppb
2026-08-19T13:30:00Z,1,51.31,48.37,52.73100912094116,-1.4210091209411573,xgboost,delta,fold_3,1h,ppb
2026-08-19T13:45:00Z,1,56.56,50.11,52.66307865142822,3.89692134857178,xgboost,delta,fold_3,1h,ppb
2026-08-19T14:00:00Z,1,52.84,54.23,50.352951984405514,2.487048015594489,xgboost,delta,fold_3,1h,ppb
2026-08-19T14:15:00Z,1,48.59,50.71,50.73024820074439,-2.140248200744388,xgboost,delta,fold_3,1h,ppb
2026-08-19T14:30:00Z,1,45.5,51.31,50.042418537139895,-4.542418537139895,xgboost,delta,fold_3,1h,ppb
2026-08-19T14:45:00Z,1,45.0,56.56,48.65631681442261,-3.6563168144226097,xgboost,delta,fold_3,1h,ppb
2026-08-19T15:15:00Z,1,46.24,48.59,43.04273542404175,3.1972645759582505,xgboost,delta,fold_3,1h,ppb
2026-08-19T15:30:00Z,1,50.5,45.5,44.65960621833801,5.840393781661987,xgboost,delta,fold_3,1h,ppb
2026-08-19T15:45:00Z,1,50.06,45.0,46.750704407691956,3.3092955923080467,xgboost,delta,fold_3,1h,ppb
2026-08-19T16:15:00Z,1,47.2,46.24,48.998655786514284,-1.7986557865142814,xgboost,delta,fold_3,1h,ppb
2026-08-19T16:30:00Z,1,49.82,50.5,51.07576048374176,-1.25576048374176,xgboost,delta,fold_3,1h,ppb
2026-08-19T16:45:00Z,1,48.3,50.06,52.28994947433472,-3.989949474334722,xgboost,delta,fold_3,1h,ppb
2026-08-19T17:00:00Z,1,48.54,51.71,51.288030824661256,-2.7480308246612566,xgboost,delta,fold_3,1h,ppb
2026-08-19T17:15:00Z,1,45.92,47.2,51.26795597076416,-5.347955970764161,xgboost,delta,fold_3,1h,ppb
2026-08-19T17:30:00Z,1,47.87,49.82,52.59815079689026,-4.728150796890262,xgboost,delta,fold_3,1h,ppb
2026-08-19T17:45:00Z,1,50.06,48.3,53.72487478256225,-3.6648747825622507,xgboost,delta,fold_3,1h,ppb
2026-08-19T18:00:00Z,1,46.31,48.54,52.0785308265686,-5.7685308265686,xgboost,delta,fold_3,1h,ppb
2026-08-19T18:15:00Z,1,44.9,45.92,49.12379066467285,-4.223790664672855,xgboost,delta,fold_3,1h,ppb
2026-08-19T18:30:00Z,1,36.86,47.87,49.9900680732727,-13.130068073272703,xgboost,delta,fold_3,1h,ppb
2026-08-19T18:45:00Z,1,44.22,50.06,49.96511602163315,-5.745116021633152,xgboost,delta,fold_3,1h,ppb
2026-08-19T19:00:00Z,1,43.04,46.31,47.24073832988739,-4.200738329887393,xgboost,delta,fold_3,1h,ppb
2026-08-19T19:15:00Z,1,47.06,44.9,47.580131673812865,-0.5201316738128625,xgboost,delta,fold_3,1h,ppb
2026-08-19T19:30:00Z,1,41.08,36.86,40.678763256073,0.4012367439270008,xgboost,delta,fold_3,1h,ppb
2026-08-19T19:45:00Z,1,42.21,44.22,46.194010586738585,-3.9840105867385844,xgboost,delta,fold_3,1h,ppb
2026-08-19T20:00:00Z,1,49.78,43.04,45.798487701416015,3.9815122985839864,xgboost,delta,fold_3,1h,ppb
2026-08-19T20:15:00Z,1,49.97,47.06,46.892625776529314,3.0773742234706845,xgboost,delta,fold_3,1h,ppb
2026-08-19T20:30:00Z,1,49.43,41.08,43.79399140357971,5.6360085964202895,xgboost,delta,fold_3,1h,ppb
2026-08-19T20:45:00Z,1,48.33,42.21,46.29239221572876,2.0376077842712377,xgboost,delta,fold_3,1h,ppb
2026-08-19T21:00:00Z,1,48.91,49.78,49.16741534948349,-0.25741534948349454,xgboost,delta,fold_3,1h,ppb
2026-08-19T21:15:00Z,1,43.43,49.97,51.83092364788055,-8.400923647880553,xgboost,delta,fold_3,1h,ppb
2026-08-19T21:30:00Z,1,34.33,49.43,50.56958013057709,-16.23958013057709,xgboost,delta,fold_3,1h,ppb
2026-08-19T21:45:00Z,1,31.49,48.33,52.18410213470459,-20.69410213470459,xgboost,delta,fold_3,1h,ppb
2026-08-19T22:00:00Z,1,30.18,48.91,55.58981481552124,-25.409814815521237,xgboost,delta,fold_3,1h,ppb
2026-08-19T22:15:00Z,1,30.76,43.43,54.51680248260498,-23.75680248260498,xgboost,delta,fold_3,1h,ppb
2026-08-19T22:30:00Z,1,30.18,34.33,41.1959029006958,-11.0159029006958,xgboost,delta,fold_3,1h,ppb
2026-08-19T22:45:00Z,1,32.06,31.49,41.54597019195556,-9.485970191955559,xgboost,delta,fold_3,1h,ppb
2026-08-19T23:00:00Z,1,32.78,30.18,39.90671413421631,-7.126714134216307,xgboost,delta,fold_3,1h,ppb
2026-08-19T23:15:00Z,1,36.8,30.76,42.23834777832032,-5.4383477783203205,xgboost,delta,fold_3,1h,ppb
2026-08-19T23:30:00Z,1,36.6,30.18,41.59476821899414,-4.994768218994139,xgboost,delta,fold_3,1h,ppb
2026-08-19T23:45:00Z,1,36.41,32.06,42.267277297973635,-5.8572772979736385,xgboost,delta,fold_3,1h,ppb
2026-08-16T00:00:00Z,1,57.13,55.7,58.95242856023441,-1.8224285602344068,lightgbm,absolute,fold_3,1h,ppb
2026-08-16T00:15:00Z,1,49.06,56.93,58.88474679319593,-9.824746793195928,lightgbm,absolute,fold_3,1h,ppb
2026-08-16T00:30:00Z,1,45.1,62.43,56.719003192798795,-11.619003192798793,lightgbm,absolute,fold_3,1h,ppb
2026-08-16T00:45:00Z,1,43.27,64.04,56.867845052620844,-13.59784505262084,lightgbm,absolute,fold_3,1h,ppb
2026-08-16T01:00:00Z,1,41.52,57.13,56.24548427184461,-14.725484271844607,lightgbm,absolute,fold_3,1h,ppb
2026-08-16T01:15:00Z,1,38.79,49.06,48.31370807624805,-9.523708076248049,lightgbm,absolute,fold_3,1h,ppb
2026-08-16T01:30:00Z,1,31.45,45.1,46.01451530422838,-14.564515304228383,lightgbm,absolute,fold_3,1h,ppb
2026-08-16T01:45:00Z,1,36.15,43.27,47.29925115210151,-11.149251152101513,lightgbm,absolute,fold_3,1h,ppb
2026-08-16T02:00:00Z,1,36.31,41.52,43.458280575856854,-7.148280575856852,lightgbm,absolute,fold_3,1h,ppb
2026-08-16T02:15:00Z,1,34.12,38.79,43.14451757626117,-9.024517576261175,lightgbm,absolute,fold_3,1h,ppb
2026-08-16T02:30:00Z,1,28.27,31.45,37.96624278729869,-9.69624278729869,lightgbm,absolute,fold_3,1h,ppb
2026-08-16T02:45:00Z,1,35.54,36.15,35.66587079476552,-0.1258707947655182,lightgbm,absolute,fold_3,1h,ppb
2026-08-16T03:00:00Z,1,39.04,36.31,37.3510589720947,1.688941027905301,lightgbm,absolute,fold_3,1h,ppb
2026-08-16T03:15:00Z,1,37.95,34.12,37.262946252311885,0.6870537476881182,lightgbm,absolute,fold_3,1h,ppb
2026-08-16T03:30:00Z,1,38.09,28.27,38.58426863805734,-0.4942686380573349,lightgbm,absolute,fold_3,1h,ppb
2026-08-16T03:45:00Z,1,37.46,35.54,37.15709046730541,0.3029095326945921,lightgbm,absolute,fold_3,1h,ppb
2026-08-16T04:00:00Z,1,59.29,39.04,45.587665215619225,13.702334784380774,lightgbm,absolute,fold_3,1h,ppb
2026-08-16T04:15:00Z,1,69.16,37.95,47.83421105427886,21.325788945721136,lightgbm,absolute,fold_3,1h,ppb
2026-08-16T04:30:00Z,1,65.11,38.09,49.37096323871922,15.73903676128078,lightgbm,absolute,fold_3,1h,ppb
2026-08-16T04:45:00Z,1,65.11,37.46,49.531281643542236,15.578718356457763,lightgbm,absolute,fold_3,1h,ppb
2026-08-16T05:00:00Z,1,47.07,59.29,59.19990187946237,-12.129901879462366,lightgbm,absolute,fold_3,1h,ppb
2026-08-16T05:15:00Z,1,61.38,69.16,68.1955178099358,-6.815517809935791,lightgbm,absolute,fold_3,1h,ppb
2026-08-16T05:30:00Z,1,57.16,65.11,69.485521619532,-12.325521619531997,lightgbm,absolute,fold_3,1h,ppb
2026-08-16T05:45:00Z,1,61.27,65.11,75.04208211021503,-13.772082110215031,lightgbm,absolute,fold_3,1h,ppb
2026-08-16T06:00:00Z,1,67.67,47.07,58.97803470112109,8.691965298878912,lightgbm,absolute,fold_3,1h,ppb
2026-08-16T06:15:00Z,1,48.63,61.38,71.81273941409007,-23.182739414090072,lightgbm,absolute,fold_3,1h,ppb
2026-08-16T06:30:00Z,1,60.25,57.16,72.50425864346951,-12.254258643469512,lightgbm,absolute,fold_3,1h,ppb
2026-08-16T06:45:00Z,1,28.27,61.27,71.46971268928267,-43.19971268928268,lightgbm,absolute,fold_3,1h,ppb
2026-08-16T07:00:00Z,1,41.84,67.67,77.08495937764111,-35.24495937764111,lightgbm,absolute,fold_3,1h,ppb
2026-08-16T07:15:00Z,1,59.98,48.63,60.64517470418553,-0.6651747041855316,lightgbm,absolute,fold_3,1h,ppb
2026-08-16T07:30:00Z,1,61.3,60.25,69.86959009778563,-8.569590097785635,lightgbm,absolute,fold_3,1h,ppb
2026-08-16T07:45:00Z,1,55.75,28.27,44.809685839466574,10.940314160533426,lightgbm,absolute,fold_3,1h,ppb
2026-08-16T08:00:00Z,1,23.87,41.84,42.37097037250596,-18.500970372505957,lightgbm,absolute,fold_3,1h,ppb
2026-08-16T08:15:00Z,1,18.69,59.98,60.02231692581795,-41.33231692581795,lightgbm,absolute,fold_3,1h,ppb
2026-08-16T08:30:00Z,1,8.86,61.3,59.912193515786264,-51.052193515786264,lightgbm,absolute,fold_3,1h,ppb
2026-08-16T08:45:00Z,1,4.45,55.75,63.13621572488257,-58.686215724882565,lightgbm,absolute,fold_3,1h,ppb
2026-08-16T09:00:00Z,1,7.66,23.87,44.32912027708154,-36.66912027708155,lightgbm,absolute,fold_3,1h,ppb
2026-08-16T09:15:00Z,1,8.21,18.69,42.03706219883445,-33.82706219883445,lightgbm,absolute,fold_3,1h,ppb
2026-08-16T09:30:00Z,1,11.97,8.86,41.05835844912028,-29.08835844912028,lightgbm,absolute,fold_3,1h,ppb
2026-08-16T09:45:00Z,1,18.89,4.45,42.20173771713271,-23.311737717132708,lightgbm,absolute,fold_3,1h,ppb
2026-08-16T10:00:00Z,1,36.48,7.66,42.54226611074176,-6.06226611074176,lightgbm,absolute,fold_3,1h,ppb
2026-08-16T10:15:00Z,1,34.67,8.21,43.854285002917905,-9.184285002917903,lightgbm,absolute,fold_3,1h,ppb
2026-08-16T10:30:00Z,1,18.72,11.97,43.020373372155376,-24.300373372155377,lightgbm,absolute,fold_3,1h,ppb
2026-08-16T10:45:00Z,1,17.67,18.89,42.4701358795494,-24.8001358795494,lightgbm,absolute,fold_3,1h,ppb
2026-08-16T11:00:00Z,1,11.8,36.48,42.4147062829801,-30.614706282980098,lightgbm,absolute,fold_3,1h,ppb
2026-08-16T11:15:00Z,1,8.55,34.67,42.2142384939523,-33.6642384939523,lightgbm,absolute,fold_3,1h,ppb
2026-08-16T11:30:00Z,1,26.43,18.72,42.35759843421618,-15.92759843421618,lightgbm,absolute,fold_3,1h,ppb
2026-08-16T11:45:00Z,1,17.22,17.67,41.916529021214075,-24.696529021214076,lightgbm,absolute,fold_3,1h,ppb
2026-08-16T12:00:00Z,1,17.48,11.8,41.22392723402386,-23.74392723402386,lightgbm,absolute,fold_3,1h,ppb
2026-08-16T12:15:00Z,1,20.63,8.55,42.71815639918115,-22.08815639918115,lightgbm,absolute,fold_3,1h,ppb
2026-08-16T12:30:00Z,1,7.98,26.43,42.45278794886011,-34.472787948860116,lightgbm,absolute,fold_3,1h,ppb
2026-08-16T12:45:00Z,1,21.15,17.22,42.33050726693899,-21.18050726693899,lightgbm,absolute,fold_3,1h,ppb
2026-08-16T13:00:00Z,1,17.21,17.48,42.38783996217616,-25.177839962176158,lightgbm,absolute,fold_3,1h,ppb
2026-08-16T13:15:00Z,1,12.86,20.63,42.43055290421208,-29.57055290421208,lightgbm,absolute,fold_3,1h,ppb
2026-08-16T13:30:00Z,1,4.93,7.98,43.21872127942704,-38.28872127942704,lightgbm,absolute,fold_3,1h,ppb
2026-08-16T13:45:00Z,1,21.25,21.15,43.29976104399332,-22.04976104399332,lightgbm,absolute,fold_3,1h,ppb
2026-08-16T14:00:00Z,1,0.96,17.21,43.21332952004287,-42.25332952004287,lightgbm,absolute,fold_3,1h,ppb
2026-08-16T14:15:00Z,1,4.39,12.86,43.53828553310399,-39.14828553310399,lightgbm,absolute,fold_3,1h,ppb
2026-08-16T14:30:00Z,1,11.5,4.93,43.33282335971826,-31.83282335971826,lightgbm,absolute,fold_3,1h,ppb
2026-08-16T14:45:00Z,1,15.62,21.25,43.6652883225161,-28.0452883225161,lightgbm,absolute,fold_3,1h,ppb
2026-08-16T15:00:00Z,1,0.52,0.96,43.00699586208837,-42.486995862088364,lightgbm,absolute,fold_3,1h,ppb
2026-08-16T16:00:00Z,1,14.32,0.52,44.71065449186525,-30.39065449186525,lightgbm,absolute,fold_3,1h,ppb
2026-08-16T17:00:00Z,1,50.93,14.32,47.77695294361954,3.1530470563804585,lightgbm,absolute,fold_3,1h,ppb
2026-08-16T17:15:00Z,1,51.46,28.38,45.74169358620152,5.71830641379848,lightgbm,absolute,fold_3,1h,ppb
2026-08-16T17:30:00Z,1,54.12,39.09,49.4367327000147,4.683267299985296,lightgbm,absolute,fold_3,1h,ppb
2026-08-16T17:45:00Z,1,57.15,46.57,52.335677177626614,4.814322822373384,lightgbm,absolute,fold_3,1h,ppb
2026-08-16T18:00:00Z,1,58.37,50.93,53.6083479607376,4.761652039262394,lightgbm,absolute,fold_3,1h,ppb
2026-08-16T18:15:00Z,1,56.36,51.46,57.387942215945316,-1.0279422159453162,lightgbm,absolute,fold_3,1h,ppb
2026-08-16T18:30:00Z,1,57.84,54.12,57.94849075790238,-0.1084907579023735,lightgbm,absolute,fold_3,1h,ppb
2026-08-16T18:45:00Z,1,58.56,57.15,57.848685988556795,0.711314011443207,lightgbm,absolute,fold_3,1h,ppb
2026-08-16T19:00:00Z,1,60.03,58.37,57.73026100396202,2.2997389960379806,lightgbm,absolute,fold_3,1h,ppb
2026-08-16T19:15:00Z,1,58.29,56.36,56.88829659115328,1.4017034088467213,lightgbm,absolute,fold_3,1h,ppb
2026-08-16T19:30:00Z,1,56.39,57.84,56.883326756238255,-0.49332675623825395,lightgbm,absolute,fold_3,1h,ppb
2026-08-16T19:45:00Z,1,56.04,58.56,56.950081423952746,-0.9100814239527466,lightgbm,absolute,fold_3,1h,ppb
2026-08-16T20:00:00Z,1,57.18,60.03,53.87054877860464,3.3094512213953564,lightgbm,absolute,fold_3,1h,ppb
2026-08-16T20:15:00Z,1,57.72,58.29,56.07818477052016,1.641815229479839,lightgbm,absolute,fold_3,1h,ppb
2026-08-16T20:30:00Z,1,64.02,56.39,50.43859912177978,13.581400878220215,lightgbm,absolute,fold_3,1h,ppb
2026-08-16T20:45:00Z,1,62.19,56.04,52.25889218183443,9.931107818165565,lightgbm,absolute,fold_3,1h,ppb
2026-08-16T21:00:00Z,1,63.58,57.18,52.72364555285649,10.85635444714351,lightgbm,absolute,fold_3,1h,ppb
2026-08-16T21:15:00Z,1,59.94,57.72,52.411454898018185,7.528545101981813,lightgbm,absolute,fold_3,1h,ppb
2026-08-16T21:30:00Z,1,44.58,64.02,51.70339587054917,-7.1233958705491744,lightgbm,absolute,fold_3,1h,ppb
2026-08-16T21:45:00Z,1,43.54,62.19,52.67754549981441,-9.137545499814408,lightgbm,absolute,fold_3,1h,ppb
2026-08-16T22:00:00Z,1,51.31,63.58,50.56865371437595,0.7413462856240542,lightgbm,absolute,fold_3,1h,ppb
2026-08-16T22:15:00Z,1,51.92,59.94,49.98593139385731,1.934068606142695,lightgbm,absolute,fold_3,1h,ppb
2026-08-16T22:30:00Z,1,52.8,44.58,41.7039097574186,11.096090242581397,lightgbm,absolute,fold_3,1h,ppb
2026-08-16T22:45:00Z,1,52.26,43.54,40.10191783859113,12.15808216140887,lightgbm,absolute,fold_3,1h,ppb
2026-08-16T23:00:00Z,1,52.54,51.31,44.02001357523041,8.519986424769591,lightgbm,absolute,fold_3,1h,ppb
2026-08-16T23:15:00Z,1,54.8,51.92,46.2934317480375,8.506568251962499,lightgbm,absolute,fold_3,1h,ppb
2026-08-16T23:30:00Z,1,47.92,52.8,51.58501150475731,-3.6650115047573095,lightgbm,absolute,fold_3,1h,ppb
2026-08-16T23:45:00Z,1,40.51,52.26,47.93975804752295,-7.429758047522952,lightgbm,absolute,fold_3,1h,ppb
2026-08-17T00:00:00Z,1,44.15,52.54,51.90308618723718,-7.75308618723718,lightgbm,absolute,fold_3,1h,ppb
2026-08-17T00:15:00Z,1,45.94,54.8,52.89843079242745,-6.95843079242745,lightgbm,absolute,fold_3,1h,ppb
2026-08-17T00:30:00Z,1,37.63,47.92,44.7345514066291,-7.104551406629099,lightgbm,absolute,fold_3,1h,ppb
2026-08-17T00:45:00Z,1,32.08,40.51,39.63546025798436,-7.555460257984365,lightgbm,absolute,fold_3,1h,ppb
2026-08-17T01:00:00Z,1,31.72,44.15,39.72862625583895,-8.008626255838948,lightgbm,absolute,fold_3,1h,ppb
2026-08-17T01:15:00Z,1,30.25,45.94,40.136116212573114,-9.886116212573114,lightgbm,absolute,fold_3,1h,ppb
2026-08-17T01:30:00Z,1,34.36,37.63,38.35369803836504,-3.9936980383650393,lightgbm,absolute,fold_3,1h,ppb
2026-08-17T01:45:00Z,1,29.57,32.08,37.14175468317979,-7.57175468317979,lightgbm,absolute,fold_3,1h,ppb
2026-08-17T02:00:00Z,1,32.47,31.72,36.475503709395156,-4.005503709395157,lightgbm,absolute,fold_3,1h,ppb
2026-08-17T02:15:00Z,1,33.9,30.25,35.66859907723606,-1.7685990772360611,lightgbm,absolute,fold_3,1h,ppb
2026-08-17T02:30:00Z,1,33.31,34.36,36.20866437449508,-2.898664374495077,lightgbm,absolute,fold_3,1h,ppb
2026-08-17T02:45:00Z,1,33.6,29.57,36.91891300481764,-3.318913004817638,lightgbm,absolute,fold_3,1h,ppb
2026-08-17T03:00:00Z,1,31.61,32.47,40.07088622606092,-8.460886226060921,lightgbm,absolute,fold_3,1h,ppb
2026-08-17T03:15:00Z,1,39.44,33.9,39.962163860708515,-0.5221638607085168,lightgbm,absolute,fold_3,1h,ppb
2026-08-17T03:30:00Z,1,39.4,33.31,40.67532031978668,-1.2753203197866796,lightgbm,absolute,fold_3,1h,ppb
2026-08-17T03:45:00Z,1,38.16,33.6,43.22592607304604,-5.065926073046043,lightgbm,absolute,fold_3,1h,ppb
2026-08-17T04:00:00Z,1,40.17,31.61,45.757037078673115,-5.587037078673113,lightgbm,absolute,fold_3,1h,ppb
2026-08-17T04:15:00Z,1,45.46,39.44,48.43812004464164,-2.978120044641642,lightgbm,absolute,fold_3,1h,ppb
2026-08-17T04:30:00Z,1,59.46,39.4,49.50077628493897,9.959223715061029,lightgbm,absolute,fold_3,1h,ppb
2026-08-17T04:45:00Z,1,60.75,38.16,49.693226676724784,11.056773323275216,lightgbm,absolute,fold_3,1h,ppb
2026-08-17T05:00:00Z,1,58.1,40.17,52.03591736706031,6.064082632939694,lightgbm,absolute,fold_3,1h,ppb
2026-08-17T05:15:00Z,1,66.47,45.46,55.709376401125546,10.760623598874453,lightgbm,absolute,fold_3,1h,ppb
2026-08-17T05:30:00Z,1,62.6,59.46,61.10157757389357,1.4984224261064298,lightgbm,absolute,fold_3,1h,ppb
2026-08-17T05:45:00Z,1,67.1,60.75,63.25907293494749,3.8409270650525045,lightgbm,absolute,fold_3,1h,ppb
2026-08-17T06:00:00Z,1,68.85,58.1,67.36386505990077,1.4861349400992196,lightgbm,absolute,fold_3,1h,ppb
2026-08-17T06:15:00Z,1,74.06,66.47,73.4096731247468,0.6503268752531994,lightgbm,absolute,fold_3,1h,ppb
2026-08-17T06:30:00Z,1,72.18,62.6,73.61873284648202,-1.4387328464820115,lightgbm,absolute,fold_3,1h,ppb
2026-08-17T06:45:00Z,1,72.53,67.1,74.40480617080802,-1.8748061708080144,lightgbm,absolute,fold_3,1h,ppb
2026-08-17T07:00:00Z,1,68.54,68.85,74.572885463463,-6.032885463462989,lightgbm,absolute,fold_3,1h,ppb
2026-08-17T07:15:00Z,1,67.83,74.06,78.23232392871051,-10.402323928710516,lightgbm,absolute,fold_3,1h,ppb
2026-08-17T07:30:00Z,1,70.38,72.18,77.6502614299647,-7.270261429964705,lightgbm,absolute,fold_3,1h,ppb
2026-08-17T07:45:00Z,1,67.48,72.53,77.47411117249031,-9.994111172490307,lightgbm,absolute,fold_3,1h,ppb
2026-08-17T08:00:00Z,1,65.85,68.54,75.11434737026579,-9.264347370265796,lightgbm,absolute,fold_3,1h,ppb
2026-08-17T08:15:00Z,1,60.87,67.83,70.47809931848823,-9.608099318488236,lightgbm,absolute,fold_3,1h,ppb
2026-08-17T08:30:00Z,1,62.57,70.38,68.61932948364951,-6.049329483649508,lightgbm,absolute,fold_3,1h,ppb
2026-08-17T08:45:00Z,1,60.92,67.48,66.36623915206364,-5.44623915206364,lightgbm,absolute,fold_3,1h,ppb
2026-08-17T09:00:00Z,1,63.41,65.85,58.52560359676769,4.884396403232309,lightgbm,absolute,fold_3,1h,ppb
2026-08-17T09:15:00Z,1,56.51,60.87,57.294202366520494,-0.7842023665204962,lightgbm,absolute,fold_3,1h,ppb
2026-08-17T09:30:00Z,1,54.75,62.57,56.577382733044715,-1.8273827330447148,lightgbm,absolute,fold_3,1h,ppb
2026-08-17T09:45:00Z,1,56.22,60.92,57.26179073523441,-1.0417907352344145,lightgbm,absolute,fold_3,1h,ppb
2026-08-17T10:00:00Z,1,55.77,63.41,56.474874739743214,-0.7048747397432109,lightgbm,absolute,fold_3,1h,ppb
2026-08-17T10:15:00Z,1,51.6,56.51,57.11516453175629,-5.515164531756291,lightgbm,absolute,fold_3,1h,ppb
2026-08-17T10:30:00Z,1,48.56,54.75,58.820271982805146,-10.260271982805143,lightgbm,absolute,fold_3,1h,ppb
2026-08-17T10:45:00Z,1,52.35,56.22,58.66274483089301,-6.31274483089301,lightgbm,absolute,fold_3,1h,ppb
2026-08-17T11:00:00Z,1,49.02,55.77,58.07214135654998,-9.052141356549974,lightgbm,absolute,fold_3,1h,ppb
2026-08-17T11:15:00Z,1,50.85,51.6,57.8045485790867,-6.954548579086698,lightgbm,absolute,fold_3,1h,ppb
2026-08-17T11:30:00Z,1,54.93,48.56,54.04167068796552,0.8883293120344788,lightgbm,absolute,fold_3,1h,ppb
2026-08-17T11:45:00Z,1,53.95,52.35,54.82767206991106,-0.877672069911057,lightgbm,absolute,fold_3,1h,ppb
2026-08-17T12:00:00Z,1,55.04,49.02,52.198564507552234,2.841435492447765,lightgbm,absolute,fold_3,1h,ppb
2026-08-17T12:15:00Z,1,56.82,50.85,50.782760002687034,6.037239997312966,lightgbm,absolute,fold_3,1h,ppb
2026-08-17T12:30:00Z,1,58.42,54.93,53.60329830452299,4.816701695477015,lightgbm,absolute,fold_3,1h,ppb
2026-08-17T12:45:00Z,1,60.23,53.95,54.43556660115848,5.7944333988415195,lightgbm,absolute,fold_3,1h,ppb
2026-08-17T13:00:00Z,1,59.57,55.04,55.259588335382176,4.310411664617824,lightgbm,absolute,fold_3,1h,ppb
2026-08-17T13:15:00Z,1,57.78,56.82,56.65155608372494,1.1284439162750601,lightgbm,absolute,fold_3,1h,ppb
2026-08-17T13:30:00Z,1,56.05,58.42,57.18359297499302,-1.1335929749930216,lightgbm,absolute,fold_3,1h,ppb
2026-08-17T13:45:00Z,1,63.33,60.23,56.12483776110786,7.205162238892136,lightgbm,absolute,fold_3,1h,ppb
2026-08-17T14:00:00Z,1,59.6,59.57,52.878051190206826,6.721948809793176,lightgbm,absolute,fold_3,1h,ppb
2026-08-17T14:15:00Z,1,61.07,57.78,53.62314034221934,7.446859657780664,lightgbm,absolute,fold_3,1h,ppb
2026-08-17T14:30:00Z,1,58.75,56.05,54.14517073397355,4.604829266026449,lightgbm,absolute,fold_3,1h,ppb
2026-08-17T14:45:00Z,1,50.93,63.33,53.84529163970119,-2.915291639701188,lightgbm,absolute,fold_3,1h,ppb
2026-08-17T15:00:00Z,1,57.08,59.6,50.74915513237915,6.330844867620847,lightgbm,absolute,fold_3,1h,ppb
2026-08-17T15:15:00Z,1,53.49,61.07,51.59476442389617,1.895235576103829,lightgbm,absolute,fold_3,1h,ppb
2026-08-17T15:30:00Z,1,51.64,58.75,48.35804817501997,3.281951824980034,lightgbm,absolute,fold_3,1h,ppb
2026-08-17T15:45:00Z,1,53.74,50.93,45.181634876945495,8.558365123054507,lightgbm,absolute,fold_3,1h,ppb
2026-08-17T16:00:00Z,1,50.62,57.08,50.235456371359795,0.384543628640202,lightgbm,absolute,fold_3,1h,ppb
2026-08-17T16:15:00Z,1,49.94,53.49,50.10697858727765,-0.16697858727765436,lightgbm,absolute,fold_3,1h,ppb
2026-08-17T16:30:00Z,1,51.32,51.64,46.83360826995922,4.486391730040779,lightgbm,absolute,fold_3,1h,ppb
2026-08-17T16:45:00Z,1,52.08,53.74,52.03774268806112,0.04225731193887583,lightgbm,absolute,fold_3,1h,ppb
2026-08-17T17:00:00Z,1,51.75,50.62,50.72599521042034,1.0240047895796565,lightgbm,absolute,fold_3,1h,ppb
2026-08-17T17:15:00Z,1,54.27,49.94,51.364747883193104,2.905252116806899,lightgbm,absolute,fold_3,1h,ppb
2026-08-17T17:30:00Z,1,51.23,51.32,49.75350787568804,1.4764921243119602,lightgbm,absolute,fold_3,1h,ppb
2026-08-17T17:45:00Z,1,53.26,52.08,52.70598610745316,0.5540138925468412,lightgbm,absolute,fold_3,1h,ppb
2026-08-17T18:00:00Z,1,49.34,51.75,51.06602970778499,-1.7260297077849884,lightgbm,absolute,fold_3,1h,ppb
2026-08-17T18:15:00Z,1,40.68,54.27,54.204140935352434,-13.524140935352435,lightgbm,absolute,fold_3,1h,ppb
2026-08-17T18:30:00Z,1,47.79,51.23,50.33447562464624,-2.544475624646239,lightgbm,absolute,fold_3,1h,ppb
2026-08-17T18:45:00Z,1,46.47,53.26,53.62273806281914,-7.1527380628191395,lightgbm,absolute,fold_3,1h,ppb
2026-08-17T19:00:00Z,1,48.72,49.34,48.623713209533136,0.09628679046686273,lightgbm,absolute,fold_3,1h,ppb
2026-08-17T19:15:00Z,1,51.92,40.68,48.56912898159532,3.350871018404682,lightgbm,absolute,fold_3,1h,ppb
2026-08-17T19:30:00Z,1,59.56,47.79,50.74300460473334,8.816995395266659,lightgbm,absolute,fold_3,1h,ppb
2026-08-17T19:45:00Z,1,52.54,46.47,50.63946153261898,1.9005384673810184,lightgbm,absolute,fold_3,1h,ppb
2026-08-17T20:00:00Z,1,58.33,48.72,50.205084200742554,8.124915799257444,lightgbm,absolute,fold_3,1h,ppb
2026-08-17T20:15:00Z,1,47.32,51.92,52.96469779821153,-5.644697798211531,lightgbm,absolute,fold_3,1h,ppb
2026-08-17T20:30:00Z,1,39.53,59.56,55.270260808618474,-15.740260808618473,lightgbm,absolute,fold_3,1h,ppb
2026-08-17T20:45:00Z,1,40.26,52.54,55.416525929955704,-15.156525929955706,lightgbm,absolute,fold_3,1h,ppb
2026-08-17T21:00:00Z,1,40.5,58.33,55.60529774241214,-15.10529774241214,lightgbm,absolute,fold_3,1h,ppb
2026-08-17T21:15:00Z,1,38.44,47.32,51.49614952209147,-13.056149522091474,lightgbm,absolute,fold_3,1h,ppb
2026-08-17T21:30:00Z,1,30.5,39.53,44.073593921808566,-13.573593921808566,lightgbm,absolute,fold_3,1h,ppb
2026-08-17T21:45:00Z,1,39.56,40.26,43.81441866954368,-4.254418669543675,lightgbm,absolute,fold_3,1h,ppb
2026-08-17T22:00:00Z,1,46.41,40.5,41.32116949852934,5.088830501470653,lightgbm,absolute,fold_3,1h,ppb
2026-08-17T22:15:00Z,1,44.85,38.44,44.08176425310027,0.7682357468997338,lightgbm,absolute,fold_3,1h,ppb
2026-08-17T22:30:00Z,1,47.57,30.5,38.99789766581231,8.57210233418769,lightgbm,absolute,fold_3,1h,ppb
2026-08-17T22:45:00Z,1,43.26,39.56,38.78267406724011,4.477325932759889,lightgbm,absolute,fold_3,1h,ppb
2026-08-17T23:00:00Z,1,35.82,46.41,40.034210144577074,-4.214210144577073,lightgbm,absolute,fold_3,1h,ppb
2026-08-17T23:15:00Z,1,44.24,44.85,39.487814899294754,4.752185100705248,lightgbm,absolute,fold_3,1h,ppb
2026-08-17T23:30:00Z,1,48.06,47.57,39.858085686461976,8.201914313538026,lightgbm,absolute,fold_3,1h,ppb
2026-08-17T23:45:00Z,1,45.72,43.26,42.04530345972732,3.6746965402726772,lightgbm,absolute,fold_3,1h,ppb
2026-08-18T00:00:00Z,1,43.33,35.82,37.751511889175596,5.578488110824402,lightgbm,absolute,fold_3,1h,ppb
2026-08-18T00:15:00Z,1,44.85,44.24,38.65201172865109,6.197988271348912,lightgbm,absolute,fold_3,1h,ppb
2026-08-18T00:30:00Z,1,46.76,48.06,43.29536503732114,3.4646349626788577,lightgbm,absolute,fold_3,1h,ppb
2026-08-18T00:45:00Z,1,48.85,45.72,43.497106702387995,5.352893297612006,lightgbm,absolute,fold_3,1h,ppb
2026-08-18T01:00:00Z,1,44.3,43.33,44.805333595736684,-0.5053335957366869,lightgbm,absolute,fold_3,1h,ppb
2026-08-18T01:15:00Z,1,45.94,44.85,46.3951628947869,-0.455162894786902,lightgbm,absolute,fold_3,1h,ppb
2026-08-18T01:30:00Z,1,46.02,46.76,45.96037969926673,0.05962030073327185,lightgbm,absolute,fold_3,1h,ppb
2026-08-18T01:45:00Z,1,47.94,48.85,46.9388457704383,1.001154229561699,lightgbm,absolute,fold_3,1h,ppb
2026-08-18T02:00:00Z,1,46.43,44.3,47.03414961422063,-0.6041496142206313,lightgbm,absolute,fold_3,1h,ppb
2026-08-18T02:15:00Z,1,47.12,45.94,48.62837002431524,-1.5083700243152407,lightgbm,absolute,fold_3,1h,ppb
2026-08-18T02:30:00Z,1,46.55,46.02,50.79925217220372,-4.249252172203725,lightgbm,absolute,fold_3,1h,ppb
2026-08-18T02:45:00Z,1,45.15,47.94,54.18278920757551,-9.032789207575512,lightgbm,absolute,fold_3,1h,ppb
2026-08-18T03:00:00Z,1,44.08,46.43,59.0284312898045,-14.948431289804503,lightgbm,absolute,fold_3,1h,ppb
2026-08-18T03:15:00Z,1,39.74,47.12,59.30236443098222,-19.56236443098222,lightgbm,absolute,fold_3,1h,ppb
2026-08-18T03:30:00Z,1,39.79,46.55,55.483786581715194,-15.693786581715194,lightgbm,absolute,fold_3,1h,ppb
2026-08-18T03:45:00Z,1,51.59,45.15,56.02377336013797,-4.43377336013797,lightgbm,absolute,fold_3,1h,ppb
2026-08-18T04:00:00Z,1,55.56,44.08,55.95680809117567,-0.3968080911756644,lightgbm,absolute,fold_3,1h,ppb
2026-08-18T04:15:00Z,1,64.97,39.74,52.692251668749094,12.277748331250905,lightgbm,absolute,fold_3,1h,ppb
2026-08-18T04:30:00Z,1,61.08,39.79,53.37434428080673,7.705655719193267,lightgbm,absolute,fold_3,1h,ppb
2026-08-18T04:45:00Z,1,59.17,51.59,56.23078600916794,2.9392139908320587,lightgbm,absolute,fold_3,1h,ppb
2026-08-18T05:00:00Z,1,68.61,55.56,61.146905107399604,7.463094892600395,lightgbm,absolute,fold_3,1h,ppb
2026-08-18T05:15:00Z,1,71.53,64.97,69.79358446255598,1.7364155374440173,lightgbm,absolute,fold_3,1h,ppb
2026-08-18T05:30:00Z,1,69.74,61.08,72.39455016204931,-2.6545501620493184,lightgbm,absolute,fold_3,1h,ppb
2026-08-18T05:45:00Z,1,70.35,59.17,70.14331987332538,0.20668012667461255,lightgbm,absolute,fold_3,1h,ppb
2026-08-18T06:00:00Z,1,69.55,68.61,75.10647670752347,-5.556476707523473,lightgbm,absolute,fold_3,1h,ppb
2026-08-18T06:15:00Z,1,72.52,71.53,76.36572350080807,-3.8457235008080772,lightgbm,absolute,fold_3,1h,ppb
2026-08-18T06:30:00Z,1,80.75,69.74,78.01439643001424,2.7356035699857557,lightgbm,absolute,fold_3,1h,ppb
2026-08-18T06:45:00Z,1,70.84,70.35,79.04627119693082,-8.206271196930814,lightgbm,absolute,fold_3,1h,ppb
2026-08-18T07:00:00Z,1,75.18,69.55,80.00989185852846,-4.829891858528455,lightgbm,absolute,fold_3,1h,ppb
2026-08-18T07:15:00Z,1,79.4,72.52,80.75713974210063,-1.3571397421006282,lightgbm,absolute,fold_3,1h,ppb
2026-08-18T07:30:00Z,1,74.38,80.75,81.82991706427836,-7.449917064278367,lightgbm,absolute,fold_3,1h,ppb
2026-08-18T07:45:00Z,1,77.97,70.84,76.15808113618307,1.8119188638169277,lightgbm,absolute,fold_3,1h,ppb
2026-08-18T08:00:00Z,1,80.06,75.18,74.08695597790553,5.97304402209447,lightgbm,absolute,fold_3,1h,ppb
2026-08-18T08:15:00Z,1,82.23,79.4,76.39400161596161,5.83599838403839,lightgbm,absolute,fold_3,1h,ppb
2026-08-18T08:30:00Z,1,78.6,74.38,75.32129625641507,3.278703743584927,lightgbm,absolute,fold_3,1h,ppb
2026-08-18T08:45:00Z,1,72.26,77.97,73.23794320251886,-0.9779432025188584,lightgbm,absolute,fold_3,1h,ppb
2026-08-18T09:00:00Z,1,69.66,80.06,63.961810196815854,5.6981898031841425,lightgbm,absolute,fold_3,1h,ppb
2026-08-18T09:15:00Z,1,65.31,82.23,65.85487436286616,-0.5448743628661532,lightgbm,absolute,fold_3,1h,ppb
2026-08-18T09:30:00Z,1,71.0,78.6,64.05794076168462,6.94205923831538,lightgbm,absolute,fold_3,1h,ppb
2026-08-18T09:45:00Z,1,70.31,72.26,63.842437541829696,6.467562458170306,lightgbm,absolute,fold_3,1h,ppb
2026-08-18T10:00:00Z,1,68.27,69.66,63.40139252202851,4.868607477971487,lightgbm,absolute,fold_3,1h,ppb
2026-08-18T10:15:00Z,1,65.5,65.31,60.740741559256136,4.759258440743864,lightgbm,absolute,fold_3,1h,ppb
2026-08-18T10:30:00Z,1,69.62,71.0,58.853679546700356,10.766320453299649,lightgbm,absolute,fold_3,1h,ppb
2026-08-18T10:45:00Z,1,63.77,70.31,58.896302005592226,4.873697994407777,lightgbm,absolute,fold_3,1h,ppb
2026-08-18T11:00:00Z,1,66.61,68.27,58.527912450876016,8.082087549123983,lightgbm,absolute,fold_3,1h,ppb
2026-08-18T11:15:00Z,1,67.7,65.5,58.91868096184851,8.781319038151494,lightgbm,absolute,fold_3,1h,ppb
2026-08-18T11:30:00Z,1,66.0,69.62,59.22162406752565,6.778375932474347,lightgbm,absolute,fold_3,1h,ppb
2026-08-18T11:45:00Z,1,67.14,63.77,58.006989054695744,9.133010945304257,lightgbm,absolute,fold_3,1h,ppb
2026-08-18T12:00:00Z,1,67.39,66.61,58.63877852089154,8.751221479108459,lightgbm,absolute,fold_3,1h,ppb
2026-08-18T12:15:00Z,1,65.3,67.7,57.31106112777065,7.9889388722293475,lightgbm,absolute,fold_3,1h,ppb
2026-08-18T12:30:00Z,1,67.31,66.0,57.89941156610531,9.410588433894695,lightgbm,absolute,fold_3,1h,ppb
2026-08-18T12:45:00Z,1,64.29,67.14,60.039899919932786,4.25010008006722,lightgbm,absolute,fold_3,1h,ppb
2026-08-18T13:00:00Z,1,62.36,67.39,59.925335262639,2.434664737360997,lightgbm,absolute,fold_3,1h,ppb
2026-08-18T13:15:00Z,1,61.89,65.3,60.40086634102856,1.48913365897144,lightgbm,absolute,fold_3,1h,ppb
2026-08-18T13:30:00Z,1,64.11,67.31,60.33191907480354,3.7780809251964627,lightgbm,absolute,fold_3,1h,ppb
2026-08-18T13:45:00Z,1,69.18,64.29,59.22853382407775,9.951466175922256,lightgbm,absolute,fold_3,1h,ppb
2026-08-18T14:00:00Z,1,61.67,62.36,58.15427520931345,3.515724790686555,lightgbm,absolute,fold_3,1h,ppb
2026-08-18T14:15:00Z,1,61.3,61.89,58.53990580763352,2.7600941923664806,lightgbm,absolute,fold_3,1h,ppb
2026-08-18T14:30:00Z,1,59.61,64.11,58.64931734913247,0.9606826508675326,lightgbm,absolute,fold_3,1h,ppb
2026-08-18T14:45:00Z,1,53.82,69.18,58.29459437695559,-4.4745943769555865,lightgbm,absolute,fold_3,1h,ppb
2026-08-18T15:00:00Z,1,51.38,61.67,54.405644794160594,-3.0256447941605913,lightgbm,absolute,fold_3,1h,ppb
2026-08-18T15:15:00Z,1,50.06,61.3,53.991133948299954,-3.9311339482999514,lightgbm,absolute,fold_3,1h,ppb
2026-08-18T15:30:00Z,1,52.68,59.61,53.70792824744511,-1.0279282474451108,lightgbm,absolute,fold_3,1h,ppb
2026-08-18T15:45:00Z,1,50.89,53.82,52.08156695724139,-1.1915669572413918,lightgbm,absolute,fold_3,1h,ppb
2026-08-18T16:00:00Z,1,53.68,51.38,52.08393960212951,1.5960603978704881,lightgbm,absolute,fold_3,1h,ppb
2026-08-18T16:15:00Z,1,51.95,50.06,50.79931677458456,1.1506832254154418,lightgbm,absolute,fold_3,1h,ppb
2026-08-18T16:30:00Z,1,56.49,52.68,53.51535703533225,2.9746429646677512,lightgbm,absolute,fold_3,1h,ppb
2026-08-18T16:45:00Z,1,56.46,50.89,52.53612240332292,3.9238775966770802,lightgbm,absolute,fold_3,1h,ppb
2026-08-18T17:00:00Z,1,45.17,53.68,54.65765178538384,-9.48765178538384,lightgbm,absolute,fold_3,1h,ppb
2026-08-18T17:15:00Z,1,53.78,51.95,53.48473577322994,0.29526422677005826,lightgbm,absolute,fold_3,1h,ppb
2026-08-18T17:30:00Z,1,57.86,56.49,53.67351612431407,4.18648387568593,lightgbm,absolute,fold_3,1h,ppb
2026-08-18T17:45:00Z,1,56.68,56.46,51.94056730717763,4.739432692822369,lightgbm,absolute,fold_3,1h,ppb
2026-08-18T18:00:00Z,1,53.19,45.17,53.059210987777774,0.13078901222222328,lightgbm,absolute,fold_3,1h,ppb
2026-08-18T18:15:00Z,1,53.94,53.78,54.21615674195853,-0.27615674195853046,lightgbm,absolute,fold_3,1h,ppb
2026-08-18T18:30:00Z,1,51.3,57.86,53.080816951061394,-1.7808169510613965,lightgbm,absolute,fold_3,1h,ppb
2026-08-18T18:45:00Z,1,56.13,56.68,50.90930473881231,5.220695261187693,lightgbm,absolute,fold_3,1h,ppb
2026-08-18T19:00:00Z,1,58.02,53.19,51.865442115371,6.154557884629,lightgbm,absolute,fold_3,1h,ppb
2026-08-18T19:15:00Z,1,59.13,53.94,50.93337581932926,8.196624180670746,lightgbm,absolute,fold_3,1h,ppb
2026-08-18T19:30:00Z,1,64.47,51.3,48.904921512950345,15.565078487049654,lightgbm,absolute,fold_3,1h,ppb
2026-08-18T19:45:00Z,1,66.4,56.13,50.76796799356344,15.632032006436567,lightgbm,absolute,fold_3,1h,ppb
2026-08-18T20:00:00Z,1,64.15,58.02,51.922576265500126,12.22742373449988,lightgbm,absolute,fold_3,1h,ppb
2026-08-18T20:15:00Z,1,64.78,59.13,51.19452217362047,13.585477826379531,lightgbm,absolute,fold_3,1h,ppb
2026-08-18T20:30:00Z,1,64.88,64.47,52.89946937192252,11.980530628077474,lightgbm,absolute,fold_3,1h,ppb
2026-08-18T20:45:00Z,1,65.11,66.4,56.361118449572544,8.748881550427456,lightgbm,absolute,fold_3,1h,ppb
2026-08-18T21:00:00Z,1,66.62,64.15,51.694362578174456,14.925637421825549,lightgbm,absolute,fold_3,1h,ppb
2026-08-18T21:15:00Z,1,62.61,64.78,56.47022804955912,6.139771950440881,lightgbm,absolute,fold_3,1h,ppb
2026-08-18T21:30:00Z,1,62.07,64.88,56.918500815323654,5.1514991846763465,lightgbm,absolute,fold_3,1h,ppb
2026-08-18T21:45:00Z,1,54.47,65.11,56.07505049270458,-1.605050492704578,lightgbm,absolute,fold_3,1h,ppb
2026-08-18T22:00:00Z,1,42.34,66.62,56.41837203895664,-14.078372038956637,lightgbm,absolute,fold_3,1h,ppb
2026-08-18T22:15:00Z,1,44.55,62.61,50.775257694997535,-6.225257694997538,lightgbm,absolute,fold_3,1h,ppb
2026-08-18T22:30:00Z,1,44.43,62.07,50.47830672520199,-6.048306725201989,lightgbm,absolute,fold_3,1h,ppb
2026-08-18T22:45:00Z,1,43.34,54.47,48.427415719889105,-5.087415719889101,lightgbm,absolute,fold_3,1h,ppb
2026-08-18T23:00:00Z,1,35.37,42.34,37.36138572750736,-1.9913857275073639,lightgbm,absolute,fold_3,1h,ppb
2026-08-18T23:15:00Z,1,45.7,44.55,37.47192485182481,8.228075148175193,lightgbm,absolute,fold_3,1h,ppb
2026-08-18T23:30:00Z,1,50.02,44.43,40.04888776347231,9.971112236527695,lightgbm,absolute,fold_3,1h,ppb
2026-08-18T23:45:00Z,1,39.43,43.34,43.98251218937155,-4.552512189371548,lightgbm,absolute,fold_3,1h,ppb
2026-08-19T00:00:00Z,1,36.91,35.37,37.17529668000962,-0.2652966800096266,lightgbm,absolute,fold_3,1h,ppb
2026-08-19T00:15:00Z,1,35.09,45.7,42.29118565863981,-7.201185658639808,lightgbm,absolute,fold_3,1h,ppb
2026-08-19T00:30:00Z,1,37.5,50.02,42.60086184042729,-5.100861840427292,lightgbm,absolute,fold_3,1h,ppb
2026-08-19T00:45:00Z,1,38.81,39.43,39.912447089218986,-1.102447089218984,lightgbm,absolute,fold_3,1h,ppb
2026-08-19T01:00:00Z,1,47.16,36.91,38.47228359234639,8.687716407653603,lightgbm,absolute,fold_3,1h,ppb
2026-08-19T01:15:00Z,1,45.19,35.09,37.149848116846236,8.040151883153762,lightgbm,absolute,fold_3,1h,ppb
2026-08-19T01:30:00Z,1,36.38,37.5,38.78465447131469,-2.404654471314686,lightgbm,absolute,fold_3,1h,ppb
2026-08-19T01:45:00Z,1,39.92,38.81,41.15574087083029,-1.2357408708302913,lightgbm,absolute,fold_3,1h,ppb
2026-08-19T02:00:00Z,1,39.31,47.16,44.40535384996774,-5.095353849967736,lightgbm,absolute,fold_3,1h,ppb
2026-08-19T02:15:00Z,1,36.1,45.19,45.352710363303416,-9.252710363303414,lightgbm,absolute,fold_3,1h,ppb
2026-08-19T02:30:00Z,1,37.44,36.38,45.19864730093023,-7.758647300930235,lightgbm,absolute,fold_3,1h,ppb
2026-08-19T02:45:00Z,1,38.27,39.92,45.77166371398468,-7.5016637139846765,lightgbm,absolute,fold_3,1h,ppb
2026-08-19T03:00:00Z,1,38.98,39.31,48.864798333813326,-9.884798333813329,lightgbm,absolute,fold_3,1h,ppb
2026-08-19T03:15:00Z,1,38.21,36.1,47.55007365381512,-9.340073653815118,lightgbm,absolute,fold_3,1h,ppb
2026-08-19T03:30:00Z,1,43.3,37.44,47.66261389772138,-4.362613897721381,lightgbm,absolute,fold_3,1h,ppb
2026-08-19T03:45:00Z,1,34.96,38.27,49.57039019062385,-14.610390190623846,lightgbm,absolute,fold_3,1h,ppb
2026-08-19T04:00:00Z,1,51.52,38.98,52.248797105293036,-0.7287971052930331,lightgbm,absolute,fold_3,1h,ppb
2026-08-19T04:15:00Z,1,51.99,38.21,52.17142282415911,-0.1814228241591067,lightgbm,absolute,fold_3,1h,ppb
2026-08-19T04:30:00Z,1,58.04,43.3,54.471740363815194,3.5682596361848056,lightgbm,absolute,fold_3,1h,ppb
2026-08-19T04:45:00Z,1,61.42,34.96,50.55170506134222,10.868294938657783,lightgbm,absolute,fold_3,1h,ppb
2026-08-19T05:00:00Z,1,66.83,51.52,52.9741726158151,13.855827384184899,lightgbm,absolute,fold_3,1h,ppb
2026-08-19T05:15:00Z,1,70.47,51.99,53.66942015578678,16.800579844213217,lightgbm,absolute,fold_3,1h,ppb
2026-08-19T05:30:00Z,1,72.11,58.04,59.06543208051842,13.04456791948158,lightgbm,absolute,fold_3,1h,ppb
2026-08-19T05:45:00Z,1,71.34,61.42,68.95044001297494,2.3895599870250663,lightgbm,absolute,fold_3,1h,ppb
2026-08-19T06:00:00Z,1,74.61,66.83,75.39632696725478,-0.7863269672547801,lightgbm,absolute,fold_3,1h,ppb
2026-08-19T06:15:00Z,1,70.72,70.47,75.42302497657974,-4.703024976579741,lightgbm,absolute,fold_3,1h,ppb
2026-08-19T06:30:00Z,1,75.92,72.11,78.45805239882179,-2.5380523988217902,lightgbm,absolute,fold_3,1h,ppb
2026-08-19T06:45:00Z,1,76.97,71.34,78.74036653974392,-1.770366539743918,lightgbm,absolute,fold_3,1h,ppb
2026-08-19T07:00:00Z,1,77.04,74.61,80.66529429704681,-3.625294297046807,lightgbm,absolute,fold_3,1h,ppb
2026-08-19T07:15:00Z,1,78.08,70.72,81.44047208069907,-3.3604720806990684,lightgbm,absolute,fold_3,1h,ppb
2026-08-19T07:30:00Z,1,80.2,75.92,80.05083802759121,0.14916197240879114,lightgbm,absolute,fold_3,1h,ppb
2026-08-19T07:45:00Z,1,80.11,76.97,77.56350565253446,2.54649434746554,lightgbm,absolute,fold_3,1h,ppb
2026-08-19T08:00:00Z,1,78.76,77.04,74.50703419854162,4.252965801458387,lightgbm,absolute,fold_3,1h,ppb
2026-08-19T08:15:00Z,1,78.47,78.08,74.5382213602472,3.9317786397527925,lightgbm,absolute,fold_3,1h,ppb
2026-08-19T08:30:00Z,1,72.2,80.2,73.11743952928623,-0.9174395292862272,lightgbm,absolute,fold_3,1h,ppb
2026-08-19T08:45:00Z,1,68.15,80.11,71.69969940657283,-3.5496994065728273,lightgbm,absolute,fold_3,1h,ppb
2026-08-19T09:00:00Z,1,66.55,78.76,66.79697047060715,-0.2469704706071525,lightgbm,absolute,fold_3,1h,ppb
2026-08-19T09:15:00Z,1,61.59,78.47,66.7729642438486,-5.182964243848602,lightgbm,absolute,fold_3,1h,ppb
2026-08-19T09:30:00Z,1,60.61,72.2,65.90591981311772,-5.29591981311772,lightgbm,absolute,fold_3,1h,ppb
2026-08-19T09:45:00Z,1,62.48,68.15,64.22207449510628,-1.7420744951062872,lightgbm,absolute,fold_3,1h,ppb
2026-08-19T10:00:00Z,1,57.59,66.55,60.16469590992247,-2.574695909922468,lightgbm,absolute,fold_3,1h,ppb
2026-08-19T10:15:00Z,1,55.9,61.59,58.37053851389907,-2.470538513899072,lightgbm,absolute,fold_3,1h,ppb
2026-08-19T10:30:00Z,1,55.35,60.61,57.43284403180563,-2.082844031805628,lightgbm,absolute,fold_3,1h,ppb
2026-08-19T10:45:00Z,1,56.43,62.48,58.767075465763135,-2.337075465763135,lightgbm,absolute,fold_3,1h,ppb
2026-08-19T11:00:00Z,1,56.04,57.59,60.04680336815691,-4.006803368156909,lightgbm,absolute,fold_3,1h,ppb
2026-08-19T11:15:00Z,1,55.24,55.9,59.60414876611126,-4.364148766111256,lightgbm,absolute,fold_3,1h,ppb
2026-08-19T11:30:00Z,1,56.0,55.35,59.509437281639016,-3.5094372816390162,lightgbm,absolute,fold_3,1h,ppb
2026-08-19T11:45:00Z,1,52.93,56.43,60.319680454018275,-7.389680454018276,lightgbm,absolute,fold_3,1h,ppb
2026-08-19T12:00:00Z,1,49.7,56.04,57.6991353936531,-7.9991353936530984,lightgbm,absolute,fold_3,1h,ppb
2026-08-19T12:15:00Z,1,48.84,55.24,58.09872500590141,-9.258725005901404,lightgbm,absolute,fold_3,1h,ppb
2026-08-19T12:30:00Z,1,48.37,56.0,57.38909362634372,-9.019093626343725,lightgbm,absolute,fold_3,1h,ppb
2026-08-19T12:45:00Z,1,50.11,52.93,57.45472753123588,-7.344727531235883,lightgbm,absolute,fold_3,1h,ppb
2026-08-19T13:00:00Z,1,54.23,49.7,52.95147694566991,1.278523054330087,lightgbm,absolute,fold_3,1h,ppb
2026-08-19T13:15:00Z,1,50.71,48.84,52.77112198721179,-2.0611219872117914,lightgbm,absolute,fold_3,1h,ppb
2026-08-19T13:30:00Z,1,51.31,48.37,52.07376172043466,-0.7637617204346583,lightgbm,absolute,fold_3,1h,ppb
2026-08-19T13:45:00Z,1,56.56,50.11,50.86051538991013,5.6994846100898755,lightgbm,absolute,fold_3,1h,ppb
2026-08-19T14:00:00Z,1,52.84,54.23,51.151066445930866,1.6889335540691377,lightgbm,absolute,fold_3,1h,ppb
2026-08-19T14:15:00Z,1,48.59,50.71,47.40594868920803,1.184051310791972,lightgbm,absolute,fold_3,1h,ppb
2026-08-19T14:30:00Z,1,45.5,51.31,48.894066995342044,-3.394066995342044,lightgbm,absolute,fold_3,1h,ppb
2026-08-19T14:45:00Z,1,45.0,56.56,50.7158621061803,-5.715862106180303,lightgbm,absolute,fold_3,1h,ppb
2026-08-19T15:15:00Z,1,46.24,48.59,39.012292994623024,7.227707005376978,lightgbm,absolute,fold_3,1h,ppb
2026-08-19T15:30:00Z,1,50.5,45.5,41.545183381474025,8.954816618525975,lightgbm,absolute,fold_3,1h,ppb
2026-08-19T15:45:00Z,1,50.06,45.0,43.257670910262995,6.8023290897370075,lightgbm,absolute,fold_3,1h,ppb
2026-08-19T16:15:00Z,1,47.2,46.24,45.86483833853883,1.3351616614611714,lightgbm,absolute,fold_3,1h,ppb
2026-08-19T16:30:00Z,1,49.82,50.5,46.76342379871919,3.056576201280812,lightgbm,absolute,fold_3,1h,ppb
2026-08-19T16:45:00Z,1,48.3,50.06,49.97483058526663,-1.6748305852666334,lightgbm,absolute,fold_3,1h,ppb
2026-08-19T17:00:00Z,1,48.54,51.71,49.21902827703799,-0.6790282770379932,lightgbm,absolute,fold_3,1h,ppb
2026-08-19T17:15:00Z,1,45.92,47.2,50.84645450085012,-4.92645450085012,lightgbm,absolute,fold_3,1h,ppb
2026-08-19T17:30:00Z,1,47.87,49.82,51.16436551794459,-3.294365517944591,lightgbm,absolute,fold_3,1h,ppb
2026-08-19T17:45:00Z,1,50.06,48.3,48.94996110920704,1.1100388907929641,lightgbm,absolute,fold_3,1h,ppb
2026-08-19T18:00:00Z,1,46.31,48.54,48.11497293832132,-1.8049729383213204,lightgbm,absolute,fold_3,1h,ppb
2026-08-19T18:15:00Z,1,44.9,45.92,47.60696468227553,-2.706964682275533,lightgbm,absolute,fold_3,1h,ppb
2026-08-19T18:30:00Z,1,36.86,47.87,50.82840505794877,-13.968405057948772,lightgbm,absolute,fold_3,1h,ppb
2026-08-19T18:45:00Z,1,44.22,50.06,49.86099791597152,-5.640997915971518,lightgbm,absolute,fold_3,1h,ppb
2026-08-19T19:00:00Z,1,43.04,46.31,45.96166039092534,-2.9216603909253394,lightgbm,absolute,fold_3,1h,ppb
2026-08-19T19:15:00Z,1,47.06,44.9,46.961801362406455,0.09819863759354774,lightgbm,absolute,fold_3,1h,ppb
2026-08-19T19:30:00Z,1,41.08,36.86,45.52730101339696,-4.4473010133969595,lightgbm,absolute,fold_3,1h,ppb
2026-08-19T19:45:00Z,1,42.21,44.22,46.93366235871369,-4.723662358713689,lightgbm,absolute,fold_3,1h,ppb
2026-08-19T20:00:00Z,1,49.78,43.04,46.55528805341674,3.2247119465832625,lightgbm,absolute,fold_3,1h,ppb
2026-08-19T20:15:00Z,1,49.97,47.06,46.24166917866257,3.7283308213374298,lightgbm,absolute,fold_3,1h,ppb
2026-08-19T20:30:00Z,1,49.43,41.08,46.242631606387356,3.187368393612644,lightgbm,absolute,fold_3,1h,ppb
2026-08-19T20:45:00Z,1,48.33,42.21,46.4016557438737,1.9283442561263016,lightgbm,absolute,fold_3,1h,ppb
2026-08-19T21:00:00Z,1,48.91,49.78,44.63603197910897,4.273968020891026,lightgbm,absolute,fold_3,1h,ppb
2026-08-19T21:15:00Z,1,43.43,49.97,46.57564057327523,-3.14564057327523,lightgbm,absolute,fold_3,1h,ppb
2026-08-19T21:30:00Z,1,34.33,49.43,45.71501935443114,-11.385019354431144,lightgbm,absolute,fold_3,1h,ppb
2026-08-19T21:45:00Z,1,31.49,48.33,46.3035479052937,-14.8135479052937,lightgbm,absolute,fold_3,1h,ppb
2026-08-19T22:00:00Z,1,30.18,48.91,47.98841296479409,-17.808412964794087,lightgbm,absolute,fold_3,1h,ppb
2026-08-19T22:15:00Z,1,30.76,43.43,46.869017582916506,-16.109017582916504,lightgbm,absolute,fold_3,1h,ppb
2026-08-19T22:30:00Z,1,30.18,34.33,37.96384552817872,-7.783845528178723,lightgbm,absolute,fold_3,1h,ppb
2026-08-19T22:45:00Z,1,32.06,31.49,35.68926816545446,-3.629268165454455,lightgbm,absolute,fold_3,1h,ppb
2026-08-19T23:00:00Z,1,32.78,30.18,36.581835757041304,-3.801835757041303,lightgbm,absolute,fold_3,1h,ppb
2026-08-19T23:15:00Z,1,36.8,30.76,40.45049310341868,-3.6504931034186825,lightgbm,absolute,fold_3,1h,ppb
2026-08-19T23:30:00Z,1,36.6,30.18,41.16556964962048,-4.565569649620478,lightgbm,absolute,fold_3,1h,ppb
2026-08-19T23:45:00Z,1,36.41,32.06,40.97145435683069,-4.561454356830694,lightgbm,absolute,fold_3,1h,ppb
2026-08-16T00:00:00Z,1,57.13,55.7,57.005763550770475,0.12423644922952803,lightgbm,delta,fold_3,1h,ppb
2026-08-16T00:15:00Z,1,49.06,56.93,55.98256169405552,-6.922561694055517,lightgbm,delta,fold_3,1h,ppb
2026-08-16T00:30:00Z,1,45.1,62.43,54.295302322028846,-9.195302322028844,lightgbm,delta,fold_3,1h,ppb
2026-08-16T00:45:00Z,1,43.27,64.04,55.74955640255811,-12.47955640255811,lightgbm,delta,fold_3,1h,ppb
2026-08-16T01:00:00Z,1,41.52,57.13,54.309272314995596,-12.789272314995593,lightgbm,delta,fold_3,1h,ppb
2026-08-16T01:15:00Z,1,38.79,49.06,48.78612194691114,-9.996121946911138,lightgbm,delta,fold_3,1h,ppb
2026-08-16T01:30:00Z,1,31.45,45.1,42.27287365565888,-10.822873655658878,lightgbm,delta,fold_3,1h,ppb
2026-08-16T01:45:00Z,1,36.15,43.27,44.024451357882946,-7.874451357882947,lightgbm,delta,fold_3,1h,ppb
2026-08-16T02:00:00Z,1,36.31,41.52,45.14073485220412,-8.830734852204117,lightgbm,delta,fold_3,1h,ppb
2026-08-16T02:15:00Z,1,34.12,38.79,43.630012971023596,-9.510012971023599,lightgbm,delta,fold_3,1h,ppb
2026-08-16T02:30:00Z,1,28.27,31.45,38.35841879886749,-10.08841879886749,lightgbm,delta,fold_3,1h,ppb
2026-08-16T02:45:00Z,1,35.54,36.15,40.734052730009445,-5.194052730009446,lightgbm,delta,fold_3,1h,ppb
2026-08-16T03:00:00Z,1,39.04,36.31,42.58189031700874,-3.5418903170087432,lightgbm,delta,fold_3,1h,ppb
2026-08-16T03:15:00Z,1,37.95,34.12,40.66621951001082,-2.7162195100108164,lightgbm,delta,fold_3,1h,ppb
2026-08-16T03:30:00Z,1,38.09,28.27,38.42747076756825,-0.3374707675682487,lightgbm,delta,fold_3,1h,ppb
2026-08-16T03:45:00Z,1,37.46,35.54,42.09641893689077,-4.63641893689077,lightgbm,delta,fold_3,1h,ppb
2026-08-16T04:00:00Z,1,59.29,39.04,49.095462170404986,10.194537829595014,lightgbm,delta,fold_3,1h,ppb
2026-08-16T04:15:00Z,1,69.16,37.95,49.778284335978455,19.38171566402154,lightgbm,delta,fold_3,1h,ppb
2026-08-16T04:30:00Z,1,65.11,38.09,49.87582711930667,15.234172880693329,lightgbm,delta,fold_3,1h,ppb
2026-08-16T04:45:00Z,1,65.11,37.46,51.1516789120394,13.958321087960599,lightgbm,delta,fold_3,1h,ppb
2026-08-16T05:00:00Z,1,47.07,59.29,60.46969386163879,-13.399693861638788,lightgbm,delta,fold_3,1h,ppb
2026-08-16T05:15:00Z,1,61.38,69.16,68.540583980109,-7.160583980109003,lightgbm,delta,fold_3,1h,ppb
2026-08-16T05:30:00Z,1,57.16,65.11,70.50386071959896,-13.343860719598965,lightgbm,delta,fold_3,1h,ppb
2026-08-16T05:45:00Z,1,61.27,65.11,74.73070212173846,-13.460702121738457,lightgbm,delta,fold_3,1h,ppb
2026-08-16T06:00:00Z,1,67.67,47.07,60.47495664446663,7.195043355533372,lightgbm,delta,fold_3,1h,ppb
2026-08-16T06:15:00Z,1,48.63,61.38,71.63923293267466,-23.009232932674657,lightgbm,delta,fold_3,1h,ppb
2026-08-16T06:30:00Z,1,60.25,57.16,71.43874355141702,-11.18874355141702,lightgbm,delta,fold_3,1h,ppb
2026-08-16T06:45:00Z,1,28.27,61.27,70.9260244057188,-42.65602440571881,lightgbm,delta,fold_3,1h,ppb
2026-08-16T07:00:00Z,1,41.84,67.67,73.21233952708911,-31.37233952708911,lightgbm,delta,fold_3,1h,ppb
2026-08-16T07:15:00Z,1,59.98,48.63,58.51581705659383,1.4641829434061648,lightgbm,delta,fold_3,1h,ppb
2026-08-16T07:30:00Z,1,61.3,60.25,59.497403471575204,1.8025965284247931,lightgbm,delta,fold_3,1h,ppb
2026-08-16T07:45:00Z,1,55.75,28.27,36.2715928179168,19.478407182083203,lightgbm,delta,fold_3,1h,ppb
2026-08-16T08:00:00Z,1,23.87,41.84,45.40739832825221,-21.537398328252205,lightgbm,delta,fold_3,1h,ppb
2026-08-16T08:15:00Z,1,18.69,59.98,57.071626862131986,-38.38162686213198,lightgbm,delta,fold_3,1h,ppb
2026-08-16T08:30:00Z,1,8.86,61.3,56.25644868689002,-47.39644868689002,lightgbm,delta,fold_3,1h,ppb
2026-08-16T08:45:00Z,1,4.45,55.75,54.868070739708955,-50.41807073970895,lightgbm,delta,fold_3,1h,ppb
2026-08-16T09:00:00Z,1,7.66,23.87,27.652567233535112,-19.992567233535112,lightgbm,delta,fold_3,1h,ppb
2026-08-16T09:15:00Z,1,8.21,18.69,24.50016402032557,-16.29016402032557,lightgbm,delta,fold_3,1h,ppb
2026-08-16T09:30:00Z,1,11.97,8.86,18.389307999608,-6.419307999608,lightgbm,delta,fold_3,1h,ppb
2026-08-16T09:45:00Z,1,18.89,4.45,13.28440800687164,5.60559199312836,lightgbm,delta,fold_3,1h,ppb
2026-08-16T10:00:00Z,1,36.48,7.66,14.813380029406517,21.66661997059348,lightgbm,delta,fold_3,1h,ppb
2026-08-16T10:15:00Z,1,34.67,8.21,17.221264702329012,17.44873529767099,lightgbm,delta,fold_3,1h,ppb
2026-08-16T10:30:00Z,1,18.72,11.97,17.935477976276225,0.784522023723774,lightgbm,delta,fold_3,1h,ppb
2026-08-16T10:45:00Z,1,17.67,18.89,22.779656973408112,-5.109656973408111,lightgbm,delta,fold_3,1h,ppb
2026-08-16T11:00:00Z,1,11.8,36.48,39.2247488701914,-27.424748870191397,lightgbm,delta,fold_3,1h,ppb
2026-08-16T11:15:00Z,1,8.55,34.67,38.775750131006475,-30.225750131006475,lightgbm,delta,fold_3,1h,ppb
2026-08-16T11:30:00Z,1,26.43,18.72,26.972309468298484,-0.5423094682984839,lightgbm,delta,fold_3,1h,ppb
2026-08-16T11:45:00Z,1,17.22,17.67,23.836329431987995,-6.616329431987996,lightgbm,delta,fold_3,1h,ppb
2026-08-16T12:00:00Z,1,17.48,11.8,18.768187130991432,-1.2881871309914317,lightgbm,delta,fold_3,1h,ppb
2026-08-16T12:15:00Z,1,20.63,8.55,16.631762792482306,3.9982372075176933,lightgbm,delta,fold_3,1h,ppb
2026-08-16T12:30:00Z,1,7.98,26.43,28.830068665950936,-20.850068665950936,lightgbm,delta,fold_3,1h,ppb
2026-08-16T12:45:00Z,1,21.15,17.22,25.05387857017067,-3.903878570170672,lightgbm,delta,fold_3,1h,ppb
2026-08-16T13:00:00Z,1,17.21,17.48,21.388957846338407,-4.178957846338406,lightgbm,delta,fold_3,1h,ppb
2026-08-16T13:15:00Z,1,12.86,20.63,24.06427666818476,-11.204276668184761,lightgbm,delta,fold_3,1h,ppb
2026-08-16T13:30:00Z,1,4.93,7.98,17.233739886936554,-12.303739886936555,lightgbm,delta,fold_3,1h,ppb
2026-08-16T13:45:00Z,1,21.25,21.15,24.80840476341517,-3.5584047634151688,lightgbm,delta,fold_3,1h,ppb
2026-08-16T14:00:00Z,1,0.96,17.21,25.553560391882108,-24.593560391882107,lightgbm,delta,fold_3,1h,ppb
2026-08-16T14:15:00Z,1,4.39,12.86,22.180371931012694,-17.790371931012693,lightgbm,delta,fold_3,1h,ppb
2026-08-16T14:30:00Z,1,11.5,4.93,14.530510030821375,-3.0305100308213753,lightgbm,delta,fold_3,1h,ppb
2026-08-16T14:45:00Z,1,15.62,21.25,26.375189390569474,-10.755189390569475,lightgbm,delta,fold_3,1h,ppb
2026-08-16T15:00:00Z,1,0.52,0.96,8.909751293495376,-8.389751293495376,lightgbm,delta,fold_3,1h,ppb
2026-08-16T16:00:00Z,1,14.32,0.52,9.866395854599753,4.453604145400247,lightgbm,delta,fold_3,1h,ppb
2026-08-16T17:00:00Z,1,50.93,14.32,18.35152101979097,32.57847898020903,lightgbm,delta,fold_3,1h,ppb
2026-08-16T17:15:00Z,1,51.46,28.38,32.79983938122203,18.660160618777972,lightgbm,delta,fold_3,1h,ppb
2026-08-16T17:30:00Z,1,54.12,39.09,42.358266573688276,11.761733426311721,lightgbm,delta,fold_3,1h,ppb
2026-08-16T17:45:00Z,1,57.15,46.57,49.73288388554691,7.417116114453087,lightgbm,delta,fold_3,1h,ppb
2026-08-16T18:00:00Z,1,58.37,50.93,52.39694895037354,5.973051049626456,lightgbm,delta,fold_3,1h,ppb
2026-08-16T18:15:00Z,1,56.36,51.46,55.867924809149656,0.49207519085034335,lightgbm,delta,fold_3,1h,ppb
2026-08-16T18:30:00Z,1,57.84,54.12,57.51467710604199,0.32532289395801683,lightgbm,delta,fold_3,1h,ppb
2026-08-16T18:45:00Z,1,58.56,57.15,59.431728722042216,-0.8717287220422136,lightgbm,delta,fold_3,1h,ppb
2026-08-16T19:00:00Z,1,60.03,58.37,57.90307687053264,2.1269231294673645,lightgbm,delta,fold_3,1h,ppb
2026-08-16T19:15:00Z,1,58.29,56.36,59.566090894625965,-1.2760908946259661,lightgbm,delta,fold_3,1h,ppb
2026-08-16T19:30:00Z,1,56.39,57.84,58.88900054082516,-2.4990005408251577,lightgbm,delta,fold_3,1h,ppb
2026-08-16T19:45:00Z,1,56.04,58.56,58.33615585769283,-2.296155857692831,lightgbm,delta,fold_3,1h,ppb
2026-08-16T20:00:00Z,1,57.18,60.03,54.00554900098245,3.1744509990175516,lightgbm,delta,fold_3,1h,ppb
2026-08-16T20:15:00Z,1,57.72,58.29,52.126005599619646,5.593994400380353,lightgbm,delta,fold_3,1h,ppb
2026-08-16T20:30:00Z,1,64.02,56.39,49.79340534893862,14.226594651061376,lightgbm,delta,fold_3,1h,ppb
2026-08-16T20:45:00Z,1,62.19,56.04,51.8290992368089,10.360900763191097,lightgbm,delta,fold_3,1h,ppb
2026-08-16T21:00:00Z,1,63.58,57.18,52.88448439206313,10.69551560793687,lightgbm,delta,fold_3,1h,ppb
2026-08-16T21:15:00Z,1,59.94,57.72,51.99659309105176,7.943406908948241,lightgbm,delta,fold_3,1h,ppb
2026-08-16T21:30:00Z,1,44.58,64.02,52.10403507909001,-7.524035079090012,lightgbm,delta,fold_3,1h,ppb
2026-08-16T21:45:00Z,1,43.54,62.19,53.212498846449854,-9.672498846449855,lightgbm,delta,fold_3,1h,ppb
2026-08-16T22:00:00Z,1,51.31,63.58,51.68182751184994,-0.37182751184993634,lightgbm,delta,fold_3,1h,ppb
2026-08-16T22:15:00Z,1,51.92,59.94,50.004190927642874,1.9158090723571277,lightgbm,delta,fold_3,1h,ppb
2026-08-16T22:30:00Z,1,52.8,44.58,40.68150375253582,12.11849624746418,lightgbm,delta,fold_3,1h,ppb
2026-08-16T22:45:00Z,1,52.26,43.54,39.25071150893409,13.00928849106591,lightgbm,delta,fold_3,1h,ppb
2026-08-16T23:00:00Z,1,52.54,51.31,45.310093131358094,7.229906868641905,lightgbm,delta,fold_3,1h,ppb
2026-08-16T23:15:00Z,1,54.8,51.92,47.45295755577473,7.347042444225266,lightgbm,delta,fold_3,1h,ppb
2026-08-16T23:30:00Z,1,47.92,52.8,47.66290747542648,0.2570925245735225,lightgbm,delta,fold_3,1h,ppb
2026-08-16T23:45:00Z,1,40.51,52.26,50.037338211902416,-9.527338211902418,lightgbm,delta,fold_3,1h,ppb
2026-08-17T00:00:00Z,1,44.15,52.54,49.23091979071273,-5.080919790712734,lightgbm,delta,fold_3,1h,ppb
2026-08-17T00:15:00Z,1,45.94,54.8,52.0443198193571,-6.1043198193571016,lightgbm,delta,fold_3,1h,ppb
2026-08-17T00:30:00Z,1,37.63,47.92,49.56142898948309,-11.931428989483088,lightgbm,delta,fold_3,1h,ppb
2026-08-17T00:45:00Z,1,32.08,40.51,44.78345017591029,-12.703450175910291,lightgbm,delta,fold_3,1h,ppb
2026-08-17T01:00:00Z,1,31.72,44.15,44.875750452337925,-13.155750452337927,lightgbm,delta,fold_3,1h,ppb
2026-08-17T01:15:00Z,1,30.25,45.94,45.69358971897535,-15.443589718975353,lightgbm,delta,fold_3,1h,ppb
2026-08-17T01:30:00Z,1,34.36,37.63,41.01887074098711,-6.658870740987112,lightgbm,delta,fold_3,1h,ppb
2026-08-17T01:45:00Z,1,29.57,32.08,34.32608421942549,-4.756084219425489,lightgbm,delta,fold_3,1h,ppb
2026-08-17T02:00:00Z,1,32.47,31.72,35.592329900324465,-3.1223299003244662,lightgbm,delta,fold_3,1h,ppb
2026-08-17T02:15:00Z,1,33.9,30.25,34.01888936946421,-0.11888936946421325,lightgbm,delta,fold_3,1h,ppb
2026-08-17T02:30:00Z,1,33.31,34.36,35.59789723885418,-2.2878972388541783,lightgbm,delta,fold_3,1h,ppb
2026-08-17T02:45:00Z,1,33.6,29.57,33.44916245280264,0.1508375471973622,lightgbm,delta,fold_3,1h,ppb
2026-08-17T03:00:00Z,1,31.61,32.47,35.93518606876785,-4.325186068767849,lightgbm,delta,fold_3,1h,ppb
2026-08-17T03:15:00Z,1,39.44,33.9,36.86714890940545,2.572851090594547,lightgbm,delta,fold_3,1h,ppb
2026-08-17T03:30:00Z,1,39.4,33.31,40.48057068042942,-1.0805706804294246,lightgbm,delta,fold_3,1h,ppb
2026-08-17T03:45:00Z,1,38.16,33.6,40.8176752106375,-2.657675210637507,lightgbm,delta,fold_3,1h,ppb
2026-08-17T04:00:00Z,1,40.17,31.61,42.85108621180774,-2.681086211807738,lightgbm,delta,fold_3,1h,ppb
2026-08-17T04:15:00Z,1,45.46,39.44,49.083821566017384,-3.6238215660173836,lightgbm,delta,fold_3,1h,ppb
2026-08-17T04:30:00Z,1,59.46,39.4,48.686532062915205,10.773467937084796,lightgbm,delta,fold_3,1h,ppb
2026-08-17T04:45:00Z,1,60.75,38.16,48.1778003799389,12.572199620061099,lightgbm,delta,fold_3,1h,ppb
2026-08-17T05:00:00Z,1,58.1,40.17,48.28528754939494,9.814712450605064,lightgbm,delta,fold_3,1h,ppb
2026-08-17T05:15:00Z,1,66.47,45.46,51.43344358301087,15.036556416989129,lightgbm,delta,fold_3,1h,ppb
2026-08-17T05:30:00Z,1,62.6,59.46,61.208901447691225,1.391098552308776,lightgbm,delta,fold_3,1h,ppb
2026-08-17T05:45:00Z,1,67.1,60.75,62.73817996872782,4.361820031272174,lightgbm,delta,fold_3,1h,ppb
2026-08-17T06:00:00Z,1,68.85,58.1,65.30649674247141,3.5435032575285845,lightgbm,delta,fold_3,1h,ppb
2026-08-17T06:15:00Z,1,74.06,66.47,71.49219919148332,2.5678008085166795,lightgbm,delta,fold_3,1h,ppb
2026-08-17T06:30:00Z,1,72.18,62.6,74.3945387874694,-2.214538787469394,lightgbm,delta,fold_3,1h,ppb
2026-08-17T06:45:00Z,1,72.53,67.1,73.10267130958333,-0.5726713095833276,lightgbm,delta,fold_3,1h,ppb
2026-08-17T07:00:00Z,1,68.54,68.85,73.39509996373832,-4.855099963738311,lightgbm,delta,fold_3,1h,ppb
2026-08-17T07:15:00Z,1,67.83,74.06,76.98730862181904,-9.157308621819041,lightgbm,delta,fold_3,1h,ppb
2026-08-17T07:30:00Z,1,70.38,72.18,71.21151618651017,-0.8315161865101715,lightgbm,delta,fold_3,1h,ppb
2026-08-17T07:45:00Z,1,67.48,72.53,70.35199973820383,-2.871999738203826,lightgbm,delta,fold_3,1h,ppb
2026-08-17T08:00:00Z,1,65.85,68.54,64.27715549992034,1.572844500079654,lightgbm,delta,fold_3,1h,ppb
2026-08-17T08:15:00Z,1,60.87,67.83,63.19232733446711,-2.3223273344671114,lightgbm,delta,fold_3,1h,ppb
2026-08-17T08:30:00Z,1,62.57,70.38,65.62302349006823,-3.0530234900682345,lightgbm,delta,fold_3,1h,ppb
2026-08-17T08:45:00Z,1,60.92,67.48,62.94546153041691,-2.025461530416905,lightgbm,delta,fold_3,1h,ppb
2026-08-17T09:00:00Z,1,63.41,65.85,60.23471763656485,3.1752823634351444,lightgbm,delta,fold_3,1h,ppb
2026-08-17T09:15:00Z,1,56.51,60.87,58.089256861891386,-1.5792568618913876,lightgbm,delta,fold_3,1h,ppb
2026-08-17T09:30:00Z,1,54.75,62.57,55.84876396050679,-1.098763960506787,lightgbm,delta,fold_3,1h,ppb
2026-08-17T09:45:00Z,1,56.22,60.92,56.68948943975625,-0.4694894397562521,lightgbm,delta,fold_3,1h,ppb
2026-08-17T10:00:00Z,1,55.77,63.41,58.264262837766196,-2.4942628377661933,lightgbm,delta,fold_3,1h,ppb
2026-08-17T10:15:00Z,1,51.6,56.51,55.24665650847205,-3.6466565084720486,lightgbm,delta,fold_3,1h,ppb
2026-08-17T10:30:00Z,1,48.56,54.75,55.55308825731901,-6.993088257319009,lightgbm,delta,fold_3,1h,ppb
2026-08-17T10:45:00Z,1,52.35,56.22,54.388950864693385,-2.0389508646933834,lightgbm,delta,fold_3,1h,ppb
2026-08-17T11:00:00Z,1,49.02,55.77,57.00991520181606,-7.9899152018160535,lightgbm,delta,fold_3,1h,ppb
2026-08-17T11:15:00Z,1,50.85,51.6,56.59312118350784,-5.743121183507839,lightgbm,delta,fold_3,1h,ppb
2026-08-17T11:30:00Z,1,54.93,48.56,54.32016182742808,0.6098381725719193,lightgbm,delta,fold_3,1h,ppb
2026-08-17T11:45:00Z,1,53.95,52.35,53.244761776409845,0.7052382235901575,lightgbm,delta,fold_3,1h,ppb
2026-08-17T12:00:00Z,1,55.04,49.02,52.16731171775887,2.8726882822411284,lightgbm,delta,fold_3,1h,ppb
2026-08-17T12:15:00Z,1,56.82,50.85,49.7385864633178,7.081413536682199,lightgbm,delta,fold_3,1h,ppb
2026-08-17T12:30:00Z,1,58.42,54.93,50.155070471656416,8.264929528343586,lightgbm,delta,fold_3,1h,ppb
2026-08-17T12:45:00Z,1,60.23,53.95,53.971995703681124,6.258004296318873,lightgbm,delta,fold_3,1h,ppb
2026-08-17T13:00:00Z,1,59.57,55.04,50.189437832974576,9.380562167025424,lightgbm,delta,fold_3,1h,ppb
2026-08-17T13:15:00Z,1,57.78,56.82,49.361135571063464,8.418864428936537,lightgbm,delta,fold_3,1h,ppb
2026-08-17T13:30:00Z,1,56.05,58.42,50.75937156193959,5.290628438060409,lightgbm,delta,fold_3,1h,ppb
2026-08-17T13:45:00Z,1,63.33,60.23,52.87587988442739,10.454120115572607,lightgbm,delta,fold_3,1h,ppb
2026-08-17T14:00:00Z,1,59.6,59.57,52.31591724024339,7.284082759756615,lightgbm,delta,fold_3,1h,ppb
2026-08-17T14:15:00Z,1,61.07,57.78,53.681260337497584,7.388739662502417,lightgbm,delta,fold_3,1h,ppb
2026-08-17T14:30:00Z,1,58.75,56.05,53.95424280396278,4.795757196037222,lightgbm,delta,fold_3,1h,ppb
2026-08-17T14:45:00Z,1,50.93,63.33,51.84390717548473,-0.9139071754847308,lightgbm,delta,fold_3,1h,ppb
2026-08-17T15:00:00Z,1,57.08,59.6,49.04095633984794,8.03904366015206,lightgbm,delta,fold_3,1h,ppb
2026-08-17T15:15:00Z,1,53.49,61.07,49.19456499108343,4.29543500891657,lightgbm,delta,fold_3,1h,ppb
2026-08-17T15:30:00Z,1,51.64,58.75,47.52671475021898,4.113285249781022,lightgbm,delta,fold_3,1h,ppb
2026-08-17T15:45:00Z,1,53.74,50.93,47.32716015620583,6.412839843794174,lightgbm,delta,fold_3,1h,ppb
2026-08-17T16:00:00Z,1,50.62,57.08,48.84198613681859,1.7780138631814069,lightgbm,delta,fold_3,1h,ppb
2026-08-17T16:15:00Z,1,49.94,53.49,50.11916397613301,-0.17916397613301172,lightgbm,delta,fold_3,1h,ppb
2026-08-17T16:30:00Z,1,51.32,51.64,51.94256645503313,-0.6225664550331302,lightgbm,delta,fold_3,1h,ppb
2026-08-17T16:45:00Z,1,52.08,53.74,48.55366220460234,3.5263377953976587,lightgbm,delta,fold_3,1h,ppb
2026-08-17T17:00:00Z,1,51.75,50.62,52.196166350604464,-0.4461663506044644,lightgbm,delta,fold_3,1h,ppb
2026-08-17T17:15:00Z,1,54.27,49.94,52.130122884987244,2.1398771150127587,lightgbm,delta,fold_3,1h,ppb
2026-08-17T17:30:00Z,1,51.23,51.32,48.057377181639104,3.1726228183608924,lightgbm,delta,fold_3,1h,ppb
2026-08-17T17:45:00Z,1,53.26,52.08,53.20080720371211,0.05919279628788843,lightgbm,delta,fold_3,1h,ppb
2026-08-17T18:00:00Z,1,49.34,51.75,52.165757146504326,-2.8257571465043227,lightgbm,delta,fold_3,1h,ppb
2026-08-17T18:15:00Z,1,40.68,54.27,51.7348907158757,-11.0548907158757,lightgbm,delta,fold_3,1h,ppb
2026-08-17T18:30:00Z,1,47.79,51.23,51.65949262538921,-3.8694926253892135,lightgbm,delta,fold_3,1h,ppb
2026-08-17T18:45:00Z,1,46.47,53.26,50.0778386984294,-3.607838698429404,lightgbm,delta,fold_3,1h,ppb
2026-08-17T19:00:00Z,1,48.72,49.34,49.062245657380394,-0.3422456573803956,lightgbm,delta,fold_3,1h,ppb
2026-08-17T19:15:00Z,1,51.92,40.68,44.548528597192345,7.371471402807657,lightgbm,delta,fold_3,1h,ppb
2026-08-17T19:30:00Z,1,59.56,47.79,47.20838910812774,12.351610891872262,lightgbm,delta,fold_3,1h,ppb
2026-08-17T19:45:00Z,1,52.54,46.47,48.90619127488574,3.633808725114257,lightgbm,delta,fold_3,1h,ppb
2026-08-17T20:00:00Z,1,58.33,48.72,47.452531741186796,10.877468258813202,lightgbm,delta,fold_3,1h,ppb
2026-08-17T20:15:00Z,1,47.32,51.92,50.71004041157814,-3.3900404115781413,lightgbm,delta,fold_3,1h,ppb
2026-08-17T20:30:00Z,1,39.53,59.56,55.82948452378055,-16.29948452378055,lightgbm,delta,fold_3,1h,ppb
2026-08-17T20:45:00Z,1,40.26,52.54,51.856372951645234,-11.596372951645236,lightgbm,delta,fold_3,1h,ppb
2026-08-17T21:00:00Z,1,40.5,58.33,55.75166677617717,-15.251666776177167,lightgbm,delta,fold_3,1h,ppb
2026-08-17T21:15:00Z,1,38.44,47.32,51.11066428545666,-12.67066428545666,lightgbm,delta,fold_3,1h,ppb
2026-08-17T21:30:00Z,1,30.5,39.53,42.70228211666561,-12.202282116665607,lightgbm,delta,fold_3,1h,ppb
2026-08-17T21:45:00Z,1,39.56,40.26,44.33663100518223,-4.7766310051822245,lightgbm,delta,fold_3,1h,ppb
2026-08-17T22:00:00Z,1,46.41,40.5,45.22641256767029,1.183587432329709,lightgbm,delta,fold_3,1h,ppb
2026-08-17T22:15:00Z,1,44.85,38.44,44.7121814502146,0.13781854978540053,lightgbm,delta,fold_3,1h,ppb
2026-08-17T22:30:00Z,1,47.57,30.5,36.747752818589824,10.822247181410177,lightgbm,delta,fold_3,1h,ppb
2026-08-17T22:45:00Z,1,43.26,39.56,40.85624941903303,2.403750580966971,lightgbm,delta,fold_3,1h,ppb
2026-08-17T23:00:00Z,1,35.82,46.41,44.6053750059751,-8.785375005975098,lightgbm,delta,fold_3,1h,ppb
2026-08-17T23:15:00Z,1,44.24,44.85,45.01613212325949,-0.7761321232594867,lightgbm,delta,fold_3,1h,ppb
2026-08-17T23:30:00Z,1,48.06,47.57,46.590479306038276,1.4695206939617265,lightgbm,delta,fold_3,1h,ppb
2026-08-17T23:45:00Z,1,45.72,43.26,44.83748981603298,0.8825101839670211,lightgbm,delta,fold_3,1h,ppb
2026-08-18T00:00:00Z,1,43.33,35.82,41.96897282105587,1.361027178944127,lightgbm,delta,fold_3,1h,ppb
2026-08-18T00:15:00Z,1,44.85,44.24,43.86881083008548,0.9811891699145221,lightgbm,delta,fold_3,1h,ppb
2026-08-18T00:30:00Z,1,46.76,48.06,46.009748344502945,0.7502516554970526,lightgbm,delta,fold_3,1h,ppb
2026-08-18T00:45:00Z,1,48.85,45.72,45.7210793322183,3.128920667781699,lightgbm,delta,fold_3,1h,ppb
2026-08-18T01:00:00Z,1,44.3,43.33,44.59596398249446,-0.2959639824944631,lightgbm,delta,fold_3,1h,ppb
2026-08-18T01:15:00Z,1,45.94,44.85,44.09903550023164,1.8409644997683543,lightgbm,delta,fold_3,1h,ppb
2026-08-18T01:30:00Z,1,46.02,46.76,48.297840152777056,-2.2778401527770527,lightgbm,delta,fold_3,1h,ppb
2026-08-18T01:45:00Z,1,47.94,48.85,50.84963975791394,-2.9096397579139435,lightgbm,delta,fold_3,1h,ppb
2026-08-18T02:00:00Z,1,46.43,44.3,51.56237292417969,-5.132372924179691,lightgbm,delta,fold_3,1h,ppb
2026-08-18T02:15:00Z,1,47.12,45.94,56.69750369146737,-9.57750369146737,lightgbm,delta,fold_3,1h,ppb
2026-08-18T02:30:00Z,1,46.55,46.02,59.32400110837641,-12.77400110837641,lightgbm,delta,fold_3,1h,ppb
2026-08-18T02:45:00Z,1,45.15,47.94,59.931163557223975,-14.781163557223977,lightgbm,delta,fold_3,1h,ppb
2026-08-18T03:00:00Z,1,44.08,46.43,60.82726591781438,-16.74726591781438,lightgbm,delta,fold_3,1h,ppb
2026-08-18T03:15:00Z,1,39.74,47.12,61.740324345897655,-22.000324345897653,lightgbm,delta,fold_3,1h,ppb
2026-08-18T03:30:00Z,1,39.79,46.55,59.62955088740272,-19.839550887402723,lightgbm,delta,fold_3,1h,ppb
2026-08-18T03:45:00Z,1,51.59,45.15,60.16484517058566,-8.574845170585654,lightgbm,delta,fold_3,1h,ppb
2026-08-18T04:00:00Z,1,55.56,44.08,61.66797319327816,-6.107973193278156,lightgbm,delta,fold_3,1h,ppb
2026-08-18T04:15:00Z,1,64.97,39.74,58.90112361465414,6.06887638534586,lightgbm,delta,fold_3,1h,ppb
2026-08-18T04:30:00Z,1,61.08,39.79,59.63263328807007,1.4473667119299307,lightgbm,delta,fold_3,1h,ppb
2026-08-18T04:45:00Z,1,59.17,51.59,61.83769656467017,-2.667696564670166,lightgbm,delta,fold_3,1h,ppb
2026-08-18T05:00:00Z,1,68.61,55.56,63.331425064515365,5.2785749354846345,lightgbm,delta,fold_3,1h,ppb
2026-08-18T05:15:00Z,1,71.53,64.97,71.37688193578697,0.1531180642130323,lightgbm,delta,fold_3,1h,ppb
2026-08-18T05:30:00Z,1,69.74,61.08,71.29529413889298,-1.5552941388929895,lightgbm,delta,fold_3,1h,ppb
2026-08-18T05:45:00Z,1,70.35,59.17,70.7415509621364,-0.3915509621364066,lightgbm,delta,fold_3,1h,ppb
2026-08-18T06:00:00Z,1,69.55,68.61,75.34564318834865,-5.795643188348649,lightgbm,delta,fold_3,1h,ppb
2026-08-18T06:15:00Z,1,72.52,71.53,78.71680641306602,-6.196806413066028,lightgbm,delta,fold_3,1h,ppb
2026-08-18T06:30:00Z,1,80.75,69.74,78.86636631054367,1.8836336894563317,lightgbm,delta,fold_3,1h,ppb
2026-08-18T06:45:00Z,1,70.84,70.35,79.0124611434571,-8.172461143457099,lightgbm,delta,fold_3,1h,ppb
2026-08-18T07:00:00Z,1,75.18,69.55,82.08456092297749,-6.904560922977481,lightgbm,delta,fold_3,1h,ppb
2026-08-18T07:15:00Z,1,79.4,72.52,82.2616685518055,-2.8616685518054936,lightgbm,delta,fold_3,1h,ppb
2026-08-18T07:30:00Z,1,74.38,80.75,82.74876610915543,-8.36876610915543,lightgbm,delta,fold_3,1h,ppb
2026-08-18T07:45:00Z,1,77.97,70.84,74.79923195650476,3.1707680434952437,lightgbm,delta,fold_3,1h,ppb
2026-08-18T08:00:00Z,1,80.06,75.18,68.66826251959607,11.391737480403933,lightgbm,delta,fold_3,1h,ppb
2026-08-18T08:15:00Z,1,82.23,79.4,71.28473748790768,10.945262512092327,lightgbm,delta,fold_3,1h,ppb
2026-08-18T08:30:00Z,1,78.6,74.38,71.31925126270627,7.28074873729372,lightgbm,delta,fold_3,1h,ppb
2026-08-18T08:45:00Z,1,72.26,77.97,68.59420189751232,3.6657981024876847,lightgbm,delta,fold_3,1h,ppb
2026-08-18T09:00:00Z,1,69.66,80.06,68.59866438112326,1.0613356188767398,lightgbm,delta,fold_3,1h,ppb
2026-08-18T09:15:00Z,1,65.31,82.23,71.55499574488766,-6.24499574488766,lightgbm,delta,fold_3,1h,ppb
2026-08-18T09:30:00Z,1,71.0,78.6,68.64637888060442,2.3536211193955836,lightgbm,delta,fold_3,1h,ppb
2026-08-18T09:45:00Z,1,70.31,72.26,64.2296303210788,6.080369678921201,lightgbm,delta,fold_3,1h,ppb
2026-08-18T10:00:00Z,1,68.27,69.66,63.40648339037626,4.863516609623737,lightgbm,delta,fold_3,1h,ppb
2026-08-18T10:15:00Z,1,65.5,65.31,60.9949255332723,4.505074466727699,lightgbm,delta,fold_3,1h,ppb
2026-08-18T10:30:00Z,1,69.62,71.0,62.79510887025681,6.824891129743193,lightgbm,delta,fold_3,1h,ppb
2026-08-18T10:45:00Z,1,63.77,70.31,63.66254054631827,0.10745945368173437,lightgbm,delta,fold_3,1h,ppb
2026-08-18T11:00:00Z,1,66.61,68.27,62.63616466394363,3.973835336056368,lightgbm,delta,fold_3,1h,ppb
2026-08-18T11:15:00Z,1,67.7,65.5,60.71806261596416,6.981937384035845,lightgbm,delta,fold_3,1h,ppb
2026-08-18T11:30:00Z,1,66.0,69.62,63.40815567766295,2.591844322337053,lightgbm,delta,fold_3,1h,ppb
2026-08-18T11:45:00Z,1,67.14,63.77,60.166118015641466,6.973881984358535,lightgbm,delta,fold_3,1h,ppb
2026-08-18T12:00:00Z,1,67.39,66.61,62.11379930964629,5.276200690353711,lightgbm,delta,fold_3,1h,ppb
2026-08-18T12:15:00Z,1,65.3,67.7,61.85340101841489,3.4465989815851046,lightgbm,delta,fold_3,1h,ppb
2026-08-18T12:30:00Z,1,67.31,66.0,61.885554725294966,5.424445274705036,lightgbm,delta,fold_3,1h,ppb
2026-08-18T12:45:00Z,1,64.29,67.14,61.44466562973335,2.845334370266656,lightgbm,delta,fold_3,1h,ppb
2026-08-18T13:00:00Z,1,62.36,67.39,61.15943485657194,1.200565143428058,lightgbm,delta,fold_3,1h,ppb
2026-08-18T13:15:00Z,1,61.89,65.3,61.291735896905905,0.5982641030940954,lightgbm,delta,fold_3,1h,ppb
2026-08-18T13:30:00Z,1,64.11,67.31,61.32080569668801,2.7891943033119873,lightgbm,delta,fold_3,1h,ppb
2026-08-18T13:45:00Z,1,69.18,64.29,62.154337096168575,7.0256629038314315,lightgbm,delta,fold_3,1h,ppb
2026-08-18T14:00:00Z,1,61.67,62.36,60.77856431253344,0.8914356874665614,lightgbm,delta,fold_3,1h,ppb
2026-08-18T14:15:00Z,1,61.3,61.89,60.00687558096216,1.293124419037838,lightgbm,delta,fold_3,1h,ppb
2026-08-18T14:30:00Z,1,59.61,64.11,60.19173454888351,-0.5817345488835102,lightgbm,delta,fold_3,1h,ppb
2026-08-18T14:45:00Z,1,53.82,69.18,60.51526760974983,-6.695267609749827,lightgbm,delta,fold_3,1h,ppb
2026-08-18T15:00:00Z,1,51.38,61.67,53.597404758589754,-2.217404758589751,lightgbm,delta,fold_3,1h,ppb
2026-08-18T15:15:00Z,1,50.06,61.3,56.181713233875726,-6.121713233875724,lightgbm,delta,fold_3,1h,ppb
2026-08-18T15:30:00Z,1,52.68,59.61,55.4332557579848,-2.753255757984803,lightgbm,delta,fold_3,1h,ppb
2026-08-18T15:45:00Z,1,50.89,53.82,52.30969908426094,-1.419699084260941,lightgbm,delta,fold_3,1h,ppb
2026-08-18T16:00:00Z,1,53.68,51.38,51.94509801167459,1.7349019883254115,lightgbm,delta,fold_3,1h,ppb
2026-08-18T16:15:00Z,1,51.95,50.06,52.72743694864393,-0.7774369486439241,lightgbm,delta,fold_3,1h,ppb
2026-08-18T16:30:00Z,1,56.49,52.68,53.3489559303104,3.141044069689599,lightgbm,delta,fold_3,1h,ppb
2026-08-18T16:45:00Z,1,56.46,50.89,54.250458635564044,2.2095413644359567,lightgbm,delta,fold_3,1h,ppb
2026-08-18T17:00:00Z,1,45.17,53.68,52.81340904247013,-7.643409042470125,lightgbm,delta,fold_3,1h,ppb
2026-08-18T17:15:00Z,1,53.78,51.95,55.00051371642528,-1.2205137164252804,lightgbm,delta,fold_3,1h,ppb
2026-08-18T17:30:00Z,1,57.86,56.49,54.675058841826264,3.1849411581737357,lightgbm,delta,fold_3,1h,ppb
2026-08-18T17:45:00Z,1,56.68,56.46,55.93326728999541,0.7467327100045864,lightgbm,delta,fold_3,1h,ppb
2026-08-18T18:00:00Z,1,53.19,45.17,52.26012150004932,0.9298784999506751,lightgbm,delta,fold_3,1h,ppb
2026-08-18T18:15:00Z,1,53.94,53.78,52.260890810189885,1.679109189810113,lightgbm,delta,fold_3,1h,ppb
2026-08-18T18:30:00Z,1,51.3,57.86,52.47902702027183,-1.1790270202718318,lightgbm,delta,fold_3,1h,ppb
2026-08-18T18:45:00Z,1,56.13,56.68,53.07919227203334,3.0508077279666637,lightgbm,delta,fold_3,1h,ppb
2026-08-18T19:00:00Z,1,58.02,53.19,50.82060311487761,7.19939688512239,lightgbm,delta,fold_3,1h,ppb
2026-08-18T19:15:00Z,1,59.13,53.94,49.714740352982105,9.415259647017898,lightgbm,delta,fold_3,1h,ppb
2026-08-18T19:30:00Z,1,64.47,51.3,47.816915270757285,16.653084729242714,lightgbm,delta,fold_3,1h,ppb
2026-08-18T19:45:00Z,1,66.4,56.13,51.13713057848838,15.262869421511624,lightgbm,delta,fold_3,1h,ppb
2026-08-18T20:00:00Z,1,64.15,58.02,52.615587182473114,11.534412817526892,lightgbm,delta,fold_3,1h,ppb
2026-08-18T20:15:00Z,1,64.78,59.13,53.841554234534705,10.938445765465296,lightgbm,delta,fold_3,1h,ppb
2026-08-18T20:30:00Z,1,64.88,64.47,54.485470240249384,10.394529759750611,lightgbm,delta,fold_3,1h,ppb
2026-08-18T20:45:00Z,1,65.11,66.4,57.386342948068325,7.723657051931674,lightgbm,delta,fold_3,1h,ppb
2026-08-18T21:00:00Z,1,66.62,64.15,52.84284839344141,13.777151606558597,lightgbm,delta,fold_3,1h,ppb
2026-08-18T21:15:00Z,1,62.61,64.78,53.911938820371766,8.698061179628233,lightgbm,delta,fold_3,1h,ppb
2026-08-18T21:30:00Z,1,62.07,64.88,55.03298375890465,7.037016241095351,lightgbm,delta,fold_3,1h,ppb
2026-08-18T21:45:00Z,1,54.47,65.11,54.72600946004491,-0.25600946004490766,lightgbm,delta,fold_3,1h,ppb
2026-08-18T22:00:00Z,1,42.34,66.62,54.04217156612153,-11.702171566121528,lightgbm,delta,fold_3,1h,ppb
2026-08-18T22:15:00Z,1,44.55,62.61,51.84267070001659,-7.292670700016593,lightgbm,delta,fold_3,1h,ppb
2026-08-18T22:30:00Z,1,44.43,62.07,49.581857797933836,-5.151857797933836,lightgbm,delta,fold_3,1h,ppb
2026-08-18T22:45:00Z,1,43.34,54.47,48.383314454199805,-5.043314454199802,lightgbm,delta,fold_3,1h,ppb
2026-08-18T23:00:00Z,1,35.37,42.34,42.61064295812407,-7.24064295812407,lightgbm,delta,fold_3,1h,ppb
2026-08-18T23:15:00Z,1,45.7,44.55,42.58550527728297,3.1144947227170334,lightgbm,delta,fold_3,1h,ppb
2026-08-18T23:30:00Z,1,50.02,44.43,46.57542725752629,3.44457274247371,lightgbm,delta,fold_3,1h,ppb
2026-08-18T23:45:00Z,1,39.43,43.34,47.19875442882133,-7.768754428821332,lightgbm,delta,fold_3,1h,ppb
2026-08-19T00:00:00Z,1,36.91,35.37,38.64255250724416,-1.732552507244165,lightgbm,delta,fold_3,1h,ppb
2026-08-19T00:15:00Z,1,35.09,45.7,44.496553820222296,-9.406553820222292,lightgbm,delta,fold_3,1h,ppb
2026-08-19T00:30:00Z,1,37.5,50.02,47.50983213025646,-10.009832130256463,lightgbm,delta,fold_3,1h,ppb
2026-08-19T00:45:00Z,1,38.81,39.43,41.8107315450425,-3.0007315450424983,lightgbm,delta,fold_3,1h,ppb
2026-08-19T01:00:00Z,1,47.16,36.91,37.73978934762592,9.420210652374074,lightgbm,delta,fold_3,1h,ppb
2026-08-19T01:15:00Z,1,45.19,35.09,38.31204747286683,6.877952527133168,lightgbm,delta,fold_3,1h,ppb
2026-08-19T01:30:00Z,1,36.38,37.5,40.48911484243997,-4.109114842439965,lightgbm,delta,fold_3,1h,ppb
2026-08-19T01:45:00Z,1,39.92,38.81,39.08450208063091,0.8354979193690895,lightgbm,delta,fold_3,1h,ppb
2026-08-19T02:00:00Z,1,39.31,47.16,47.039818635616655,-7.7298186356166525,lightgbm,delta,fold_3,1h,ppb
2026-08-19T02:15:00Z,1,36.1,45.19,48.65884810134976,-12.55884810134976,lightgbm,delta,fold_3,1h,ppb
2026-08-19T02:30:00Z,1,37.44,36.38,49.141019558053415,-11.701019558053417,lightgbm,delta,fold_3,1h,ppb
2026-08-19T02:45:00Z,1,38.27,39.92,47.36515837564866,-9.095158375648658,lightgbm,delta,fold_3,1h,ppb
2026-08-19T03:00:00Z,1,38.98,39.31,51.77082203500214,-12.790822035002144,lightgbm,delta,fold_3,1h,ppb
2026-08-19T03:15:00Z,1,38.21,36.1,50.585177002288205,-12.375177002288204,lightgbm,delta,fold_3,1h,ppb
2026-08-19T03:30:00Z,1,43.3,37.44,49.37211284538579,-6.072112845385796,lightgbm,delta,fold_3,1h,ppb
2026-08-19T03:45:00Z,1,34.96,38.27,52.14159155081703,-17.181591550817032,lightgbm,delta,fold_3,1h,ppb
2026-08-19T04:00:00Z,1,51.52,38.98,54.727250290627524,-3.2072502906275204,lightgbm,delta,fold_3,1h,ppb
2026-08-19T04:15:00Z,1,51.99,38.21,54.54083785090917,-2.5508378509091685,lightgbm,delta,fold_3,1h,ppb
2026-08-19T04:30:00Z,1,58.04,43.3,55.278892464236264,2.7611075357637347,lightgbm,delta,fold_3,1h,ppb
2026-08-19T04:45:00Z,1,61.42,34.96,53.38690978624132,8.033090213758683,lightgbm,delta,fold_3,1h,ppb
2026-08-19T05:00:00Z,1,66.83,51.52,57.08554121837644,9.744458781623557,lightgbm,delta,fold_3,1h,ppb
2026-08-19T05:15:00Z,1,70.47,51.99,59.1599852919574,11.310014708042601,lightgbm,delta,fold_3,1h,ppb
2026-08-19T05:30:00Z,1,72.11,58.04,59.3033788591469,12.806621140853096,lightgbm,delta,fold_3,1h,ppb
2026-08-19T05:45:00Z,1,71.34,61.42,67.25392643136502,4.086073568634987,lightgbm,delta,fold_3,1h,ppb
2026-08-19T06:00:00Z,1,74.61,66.83,73.33656584654628,1.2734341534537208,lightgbm,delta,fold_3,1h,ppb
2026-08-19T06:15:00Z,1,70.72,70.47,74.89826875667659,-4.178268756676587,lightgbm,delta,fold_3,1h,ppb
2026-08-19T06:30:00Z,1,75.92,72.11,78.36080459818874,-2.440804598188734,lightgbm,delta,fold_3,1h,ppb
2026-08-19T06:45:00Z,1,76.97,71.34,78.29061659110133,-1.3206165911013272,lightgbm,delta,fold_3,1h,ppb
2026-08-19T07:00:00Z,1,77.04,74.61,82.24716040494215,-5.207160404942144,lightgbm,delta,fold_3,1h,ppb
2026-08-19T07:15:00Z,1,78.08,70.72,84.22746824675549,-6.147468246755494,lightgbm,delta,fold_3,1h,ppb
2026-08-19T07:30:00Z,1,80.2,75.92,85.27665171186408,-5.0766517118640735,lightgbm,delta,fold_3,1h,ppb
2026-08-19T07:45:00Z,1,80.11,76.97,78.21768574455818,1.8923142554418177,lightgbm,delta,fold_3,1h,ppb
2026-08-19T08:00:00Z,1,78.76,77.04,70.59662705180413,8.163372948195871,lightgbm,delta,fold_3,1h,ppb
2026-08-19T08:15:00Z,1,78.47,78.08,69.49266805805492,8.977331941945081,lightgbm,delta,fold_3,1h,ppb
2026-08-19T08:30:00Z,1,72.2,80.2,72.0803952736681,0.11960472633190022,lightgbm,delta,fold_3,1h,ppb
2026-08-19T08:45:00Z,1,68.15,80.11,73.46936356563921,-5.3193635656392075,lightgbm,delta,fold_3,1h,ppb
2026-08-19T09:00:00Z,1,66.55,78.76,70.91054691627058,-4.360546916270579,lightgbm,delta,fold_3,1h,ppb
2026-08-19T09:15:00Z,1,61.59,78.47,70.30665646893787,-8.71665646893787,lightgbm,delta,fold_3,1h,ppb
2026-08-19T09:30:00Z,1,60.61,72.2,65.7538614352543,-5.143861435254294,lightgbm,delta,fold_3,1h,ppb
2026-08-19T09:45:00Z,1,62.48,68.15,62.891692786183334,-0.4116927861833375,lightgbm,delta,fold_3,1h,ppb
2026-08-19T10:00:00Z,1,57.59,66.55,60.63114699279101,-3.041146992791006,lightgbm,delta,fold_3,1h,ppb
2026-08-19T10:15:00Z,1,55.9,61.59,58.52091707555277,-2.620917075552768,lightgbm,delta,fold_3,1h,ppb
2026-08-19T10:30:00Z,1,55.35,60.61,56.19177485315892,-0.8417748531589169,lightgbm,delta,fold_3,1h,ppb
2026-08-19T10:45:00Z,1,56.43,62.48,55.28510716178702,1.1448928382129822,lightgbm,delta,fold_3,1h,ppb
2026-08-19T11:00:00Z,1,56.04,57.59,60.11817055832104,-4.078170558321041,lightgbm,delta,fold_3,1h,ppb
2026-08-19T11:15:00Z,1,55.24,55.9,56.95357059542456,-1.7135705954245566,lightgbm,delta,fold_3,1h,ppb
2026-08-19T11:30:00Z,1,56.0,55.35,57.23046398748589,-1.2304639874858907,lightgbm,delta,fold_3,1h,ppb
2026-08-19T11:45:00Z,1,52.93,56.43,58.67175735488073,-5.741757354880733,lightgbm,delta,fold_3,1h,ppb
2026-08-19T12:00:00Z,1,49.7,56.04,57.10122574825893,-7.4012257482589305,lightgbm,delta,fold_3,1h,ppb
2026-08-19T12:15:00Z,1,48.84,55.24,56.3243628980468,-7.484362898046797,lightgbm,delta,fold_3,1h,ppb
2026-08-19T12:30:00Z,1,48.37,56.0,53.41178358053337,-5.0417835805333695,lightgbm,delta,fold_3,1h,ppb
2026-08-19T12:45:00Z,1,50.11,52.93,55.79193629665489,-5.681936296654889,lightgbm,delta,fold_3,1h,ppb
2026-08-19T13:00:00Z,1,54.23,49.7,54.22911057544125,0.0008894245587498517,lightgbm,delta,fold_3,1h,ppb
2026-08-19T13:15:00Z,1,50.71,48.84,53.658430913171934,-2.948430913171933,lightgbm,delta,fold_3,1h,ppb
2026-08-19T13:30:00Z,1,51.31,48.37,53.613479343622515,-2.303479343622513,lightgbm,delta,fold_3,1h,ppb
2026-08-19T13:45:00Z,1,56.56,50.11,51.920627297757505,4.639372702242497,lightgbm,delta,fold_3,1h,ppb
2026-08-19T14:00:00Z,1,52.84,54.23,49.99255225425232,2.8474477457476866,lightgbm,delta,fold_3,1h,ppb
2026-08-19T14:15:00Z,1,48.59,50.71,50.72527349691762,-2.1352734969176197,lightgbm,delta,fold_3,1h,ppb
2026-08-19T14:30:00Z,1,45.5,51.31,49.44990154563631,-3.9499015456363082,lightgbm,delta,fold_3,1h,ppb
2026-08-19T14:45:00Z,1,45.0,56.56,46.768928341950456,-1.7689283419504562,lightgbm,delta,fold_3,1h,ppb
2026-08-19T15:15:00Z,1,46.24,48.59,43.08035417553973,3.15964582446027,lightgbm,delta,fold_3,1h,ppb
2026-08-19T15:30:00Z,1,50.5,45.5,45.59709331161891,4.902906688381087,lightgbm,delta,fold_3,1h,ppb
2026-08-19T15:45:00Z,1,50.06,45.0,47.505741816220535,2.554258183779467,lightgbm,delta,fold_3,1h,ppb
2026-08-19T16:15:00Z,1,47.2,46.24,49.132613923176265,-1.9326139231762625,lightgbm,delta,fold_3,1h,ppb
2026-08-19T16:30:00Z,1,49.82,50.5,48.4867492916875,1.333250708312498,lightgbm,delta,fold_3,1h,ppb
2026-08-19T16:45:00Z,1,48.3,50.06,50.03948159660831,-1.7394815966083144,lightgbm,delta,fold_3,1h,ppb
2026-08-19T17:00:00Z,1,48.54,51.71,50.24203215222338,-1.7020321522233814,lightgbm,delta,fold_3,1h,ppb
2026-08-19T17:15:00Z,1,45.92,47.2,52.13979566450158,-6.219795664501575,lightgbm,delta,fold_3,1h,ppb
2026-08-19T17:30:00Z,1,47.87,49.82,52.380912772449335,-4.510912772449338,lightgbm,delta,fold_3,1h,ppb
2026-08-19T17:45:00Z,1,50.06,48.3,54.34418773424707,-4.28418773424707,lightgbm,delta,fold_3,1h,ppb
2026-08-19T18:00:00Z,1,46.31,48.54,52.80784489234141,-6.497844892341405,lightgbm,delta,fold_3,1h,ppb
2026-08-19T18:15:00Z,1,44.9,45.92,51.53298112165851,-6.63298112165851,lightgbm,delta,fold_3,1h,ppb
2026-08-19T18:30:00Z,1,36.86,47.87,51.38245424387611,-14.522454243876112,lightgbm,delta,fold_3,1h,ppb
2026-08-19T18:45:00Z,1,44.22,50.06,50.02212786539048,-5.8021278653904815,lightgbm,delta,fold_3,1h,ppb
2026-08-19T19:00:00Z,1,43.04,46.31,46.12782117713332,-3.0878211771333213,lightgbm,delta,fold_3,1h,ppb
2026-08-19T19:15:00Z,1,47.06,44.9,47.8069011124122,-0.7469011124121963,lightgbm,delta,fold_3,1h,ppb
2026-08-19T19:30:00Z,1,41.08,36.86,42.527144697701225,-1.4471446977012263,lightgbm,delta,fold_3,1h,ppb
2026-08-19T19:45:00Z,1,42.21,44.22,46.25569652576742,-4.0456965257674184,lightgbm,delta,fold_3,1h,ppb
2026-08-19T20:00:00Z,1,49.78,43.04,46.68610498023726,3.0938950197627406,lightgbm,delta,fold_3,1h,ppb
2026-08-19T20:15:00Z,1,49.97,47.06,47.08404239771408,2.88595760228592,lightgbm,delta,fold_3,1h,ppb
2026-08-19T20:30:00Z,1,49.43,41.08,44.095927215809155,5.334072784190845,lightgbm,delta,fold_3,1h,ppb
2026-08-19T20:45:00Z,1,48.33,42.21,47.3633004084366,0.9666995915633976,lightgbm,delta,fold_3,1h,ppb
2026-08-19T21:00:00Z,1,48.91,49.78,51.01543374293777,-2.1054337429377767,lightgbm,delta,fold_3,1h,ppb
2026-08-19T21:15:00Z,1,43.43,49.97,52.74750711005692,-9.317507110056923,lightgbm,delta,fold_3,1h,ppb
2026-08-19T21:30:00Z,1,34.33,49.43,52.107121663001266,-17.777121663001267,lightgbm,delta,fold_3,1h,ppb
2026-08-19T21:45:00Z,1,31.49,48.33,51.652295891181396,-20.162295891181397,lightgbm,delta,fold_3,1h,ppb
2026-08-19T22:00:00Z,1,30.18,48.91,54.65397950504294,-24.47397950504294,lightgbm,delta,fold_3,1h,ppb
2026-08-19T22:15:00Z,1,30.76,43.43,55.690765644181766,-24.930765644181765,lightgbm,delta,fold_3,1h,ppb
2026-08-19T22:30:00Z,1,30.18,34.33,43.64265043635848,-13.46265043635848,lightgbm,delta,fold_3,1h,ppb
2026-08-19T22:45:00Z,1,32.06,31.49,40.14297224536354,-8.082972245363536,lightgbm,delta,fold_3,1h,ppb
2026-08-19T23:00:00Z,1,32.78,30.18,38.591855444909946,-5.811855444909945,lightgbm,delta,fold_3,1h,ppb
2026-08-19T23:15:00Z,1,36.8,30.76,40.70397606621963,-3.9039760662196343,lightgbm,delta,fold_3,1h,ppb
2026-08-19T23:30:00Z,1,36.6,30.18,41.3973071800029,-4.797307180002896,lightgbm,delta,fold_3,1h,ppb
2026-08-19T23:45:00Z,1,36.41,32.06,41.24959420745781,-4.839594207457814,lightgbm,delta,fold_3,1h,ppb
