timestamp,sensor_id,status,health_score,missing_count,gap_flag,flatline_flag,jump_flag,noise_flag,possible_drift_flag,suspicious_value_flag,cross_sensor_inconsistency_flag,issue_count,critical_issue_count,minutes_since_last_reading,issues_json,source_row_present,existing_jump_flag,existing_flatline_flag,existing_possible_drift_flag,existing_sampling_gap_flag,existing_suspicious_value_flag
2026-08-06T09:15:00+00:00,5,Healthy,100,0,0,0,0,0,0,0,0,0,0,0.0,[],1,0,0,0,0,0
2026-08-06T09:30:00+00:00,5,Healthy,100,0,0,0,0,0,0,0,0,0,0,0.0,[],1,0,0,0,0,0
2026-08-06T09:45:00+00:00,5,Healthy,100,0,0,0,0,0,0,0,0,0,0,0.0,[],1,0,0,0,0,0
2026-08-06T10:00:00+00:00,5,Healthy,100,0,0,0,0,0,0,0,0,0,0,0.0,[],1,0,0,0,0,0
2026-08-06T10:15:00+00:00,5,Healthy,100,0,0,0,0,0,0,0,0,0,0,0.0,[],1,0,0,0,0,0
2026-08-06T10:30:00+00:00,5,Healthy,100,0,0,0,0,0,0,0,0,0,0,0.0,[],1,0,0,0,0,0
2026-08-06T10:45:00+00:00,5,Healthy,100,0,0,0,0,0,0,0,0,0,0,0.0,[],1,0,0,0,0,0
2026-08-06T11:00:00+00:00,5,Healthy,100,0,0,0,0,0,0,0,0,0,0,0.0,[],1,0,0,0,0,0
2026-08-06T11:15:00+00:00,5,Healthy,100,0,0,0,0,0,0,0,0,0,0,0.0,[],1,0,0,0,0,0
2026-08-06T11:30:00+00:00,5,Healthy,100,0,0,0,0,0,0,0,0,0,0,0.0,[],1,0,0,0,0,0
2026-08-06T11:45:00+00:00,5,Healthy,100,0,0,0,0,0,0,0,0,0,0,0.0,[],1,0,0,0,0,0
2026-08-06T12:00:00+00:00,5,Healthy,100,0,0,0,0,0,0,0,0,0,0,0.0,[],1,0,0,0,0,0
2026-08-06T12:15:00+00:00,5,Healthy,100,0,0,0,0,0,0,0,0,0,0,0.0,[],1,0,0,0,0,0
2026-08-06T12:30:00+00:00,5,Healthy,100,0,0,0,0,0,0,0,0,0,0,0.0,[],1,0,0,0,0,0
2026-08-06T12:45:00+00:00,5,Healthy,100,0,0,0,0,0,0,0,0,0,0,0.0,[],1,0,0,0,0,0
2026-08-06T13:00:00+00:00,5,Healthy,100,0,0,0,0,0,0,0,0,0,0,0.0,[],1,0,0,0,0,0
2026-08-06T13:15:00+00:00,5,Healthy,100,0,0,0,0,0,0,0,0,0,0,0.0,[],1,0,0,0,0,0
2026-08-06T13:30:00+00:00,5,Healthy,100,0,0,0,0,0,0,0,0,0,0,0.0,[],1,0,0,0,0,0
2026-08-06T13:45:00+00:00,5,Healthy,100,0,0,0,0,0,0,0,0,0,0,0.0,[],1,0,0,0,0,0
2026-08-06T14:00:00+00:00,5,Healthy,100,0,0,0,0,0,0,0,0,0,0,0.0,[],1,0,0,0,0,0
2026-08-06T14:15:00+00:00,5,Healthy,100,0,0,0,0,0,0,0,0,0,0,0.0,[],1,0,0,0,0,0
2026-08-06T14:30:00+00:00,5,Healthy,100,0,0,0,0,0,0,0,0,0,0,0.0,[],1,0,0,0,0,0
2026-08-06T14:45:00+00:00,5,Healthy,100,0,0,0,0,0,0,0,0,0,0,0.0,[],1,0,0,0,0,0
2026-08-06T15:00:00+00:00,5,Healthy,100,0,0,0,0,0,0,0,0,0,0,0.0,[],1,0,0,0,0,0
2026-08-06T15:15:00+00:00,5,Healthy,100,0,0,0,0,0,0,0,0,0,0,0.0,[],1,0,0,0,0,0
2026-08-06T15:30:00+00:00,5,Healthy,100,0,0,0,0,0,0,0,0,0,0,0.0,[],1,0,0,0,0,0
2026-08-06T15:45:00+00:00,5,Healthy,100,0,0,0,0,0,0,0,0,0,0,0.0,[],1,0,0,0,0,0
2026-08-06T16:00:00+00:00,5,Healthy,100,0,0,0,0,0,0,0,0,0,0,0.0,[],1,0,0,0,0,0
2026-08-06T16:15:00+00:00,5,Healthy,100,0,0,0,0,0,0,0,0,0,0,0.0,[],1,0,0,0,0,0
2026-08-06T16:30:00+00:00,5,Healthy,100,0,0,0,0,0,0,0,0,0,0,0.0,[],1,0,0,0,0,0
2026-08-06T16:45:00+00:00,5,Healthy,100,0,0,0,0,0,0,0,0,0,0,0.0,[],1,0,0,0,0,0
2026-08-06T17:00:00+00:00,5,Healthy,100,0,0,0,0,0,0,0,0,0,0,0.0,[],1,0,0,0,0,0
2026-08-06T17:15:00+00:00,5,Healthy,100,0,0,0,0,0,0,0,0,0,0,0.0,[],1,0,0,0,0,0
2026-08-06T17:30:00+00:00,5,Healthy,100,0,0,0,0,0,0,0,0,0,0,0.0,[],1,0,0,0,0,0
2026-08-06T17:45:00+00:00,5,Healthy,100,0,0,0,0,0,0,0,0,0,0,0.0,[],1,0,0,0,0,0
2026-08-06T18:00:00+00:00,5,Healthy,100,0,0,0,0,0,0,0,0,0,0,0.0,[],1,0,0,0,0,0
2026-08-06T18:15:00+00:00,5,Healthy,100,0,0,0,0,0,0,0,0,0,0,0.0,[],1,0,0,0,0,0
2026-08-06T18:30:00+00:00,5,Healthy,100,0,0,0,0,0,0,0,0,0,0,0.0,[],1,0,0,0,0,0
2026-08-06T18:45:00+00:00,5,Healthy,100,0,0,0,0,0,0,0,0,0,0,0.0,[],1,0,0,0,0,0
2026-08-06T19:00:00+00:00,5,Healthy,100,0,0,0,0,0,0,0,0,0,0,0.0,[],1,0,0,0,0,0
2026-08-06T19:15:00+00:00,5,Healthy,100,0,0,0,0,0,0,0,0,0,0,0.0,[],1,0,0,0,0,0
2026-08-06T19:30:00+00:00,5,Healthy,100,0,0,0,0,0,0,0,0,0,0,0.0,[],1,0,0,0,0,0
2026-08-06T19:45:00+00:00,5,Healthy,100,0,0,0,0,0,0,0,0,0,0,0.0,[],1,0,0,0,0,0
2026-08-06T20:00:00+00:00,5,Healthy,100,0,0,0,0,0,0,0,0,0,0,0.0,[],1,0,0,0,0,0
2026-08-06T20:15:00+00:00,5,Healthy,100,0,0,0,0,0,0,0,0,0,0,0.0,[],1,0,0,0,0,0
2026-08-06T20:30:00+00:00,5,Healthy,100,0,0,0,0,0,0,0,0,0,0,0.0,[],1,0,0,0,0,0
2026-08-06T20:45:00+00:00,5,Healthy,100,0,0,0,0,0,0,0,0,0,0,0.0,[],1,0,0,0,0,0
2026-08-06T21:00:00+00:00,5,Healthy,100,0,0,0,0,0,0,0,0,0,0,0.0,[],1,0,0,0,0,0
2026-08-06T21:15:00+00:00,5,Healthy,100,0,0,0,0,0,0,0,0,0,0,0.0,[],1,0,0,0,0,0
2026-08-06T21:30:00+00:00,5,Warning,98,0,0,0,1,0,0,0,0,1,0,0.0,"[{""type"":""jump"",""severity"":""warning"",""channel"":""pm25"",""timestamp"":""2026-08-06T21:30:00+00:00"",""evidence"":{""absolute_change"":14.749999999999996,""threshold"":5.29710400000001,""reference_differences"":48,""method"":""max(median+8*MAD, Q3+3*IQR, resolution)""},""message"":""pm25 changed by 14.75, above its causal robust threshold 5.30."",""alert_recommended"":true}]",1,1,0,0,0,0
2026-08-06T21:45:00+00:00,5,Warning,98,0,0,0,1,0,0,0,0,1,0,0.0,"[{""type"":""jump"",""severity"":""warning"",""channel"":""pm25"",""timestamp"":""2026-08-06T21:45:00+00:00"",""evidence"":{""absolute_change"":12.409999999999997,""threshold"":5.6929280000000455,""reference_differences"":49,""method"":""max(median+8*MAD, Q3+3*IQR, resolution)""},""message"":""pm25 changed by 12.41, above its causal robust threshold 5.69."",""alert_recommended"":true}]",1,1,0,0,0,0
2026-08-06T22:00:00+00:00,5,Healthy,100,0,0,0,0,0,0,0,0,0,0,0.0,[],1,0,0,0,0,0
2026-08-06T22:15:00+00:00,5,Healthy,100,0,0,0,0,0,0,0,0,0,0,0.0,[],1,0,0,0,0,0
2026-08-06T22:30:00+00:00,5,Healthy,100,0,0,0,0,0,0,0,0,0,0,0.0,[],1,0,0,0,0,0
2026-08-06T22:45:00+00:00,5,Healthy,100,0,0,0,0,0,0,0,0,0,0,0.0,[],1,0,0,0,0,0
2026-08-06T23:00:00+00:00,5,Healthy,100,0,0,0,0,0,0,0,0,0,0,0.0,[],1,0,0,0,0,0
2026-08-06T23:15:00+00:00,5,Healthy,100,0,0,0,0,0,0,0,0,0,0,0.0,[],1,0,0,0,0,0
2026-08-06T23:30:00+00:00,5,Healthy,100,0,0,0,0,0,0,0,0,0,0,0.0,[],1,0,0,0,0,0
2026-08-06T23:45:00+00:00,5,Healthy,100,0,0,0,0,0,0,0,0,0,0,0.0,[],1,0,0,0,0,0
2026-08-07T00:00:00+00:00,5,Healthy,100,0,0,0,0,0,0,0,0,0,0,0.0,[],1,0,0,0,0,0
2026-08-07T00:15:00+00:00,5,Healthy,100,0,0,0,0,0,0,0,0,0,0,0.0,[],1,0,0,0,0,0
2026-08-07T00:30:00+00:00,5,Healthy,100,0,0,0,0,0,0,0,0,0,0,0.0,[],1,0,0,0,0,0
2026-08-07T00:45:00+00:00,5,Healthy,100,0,0,0,0,0,0,0,0,0,0,0.0,[],1,0,0,0,0,0
2026-08-07T01:00:00+00:00,5,Healthy,100,0,0,0,0,0,0,0,0,0,0,0.0,[],1,0,0,0,0,0
2026-08-07T01:15:00+00:00,5,Healthy,100,0,0,0,0,0,0,0,0,0,0,15.0,[],0,0,0,0,0,0
2026-08-07T01:30:00+00:00,5,Warning,95,0,1,0,0,0,0,0,0,1,0,0.0,"[{""type"":""sampling_gap"",""severity"":""warning"",""channel"":null,""timestamp"":""2026-08-07T01:30:00+00:00"",""evidence"":{""gap_minutes"":30.0,""missed_intervals"":1},""message"":""Sensor missed 1 expected reporting interval(s)."",""alert_recommended"":true}]",1,0,0,0,1,0
2026-08-07T01:45:00+00:00,5,Healthy,100,0,0,0,0,0,0,0,0,0,0,0.0,[],1,0,0,0,0,0
2026-08-07T02:00:00+00:00,5,Healthy,100,0,0,0,0,0,0,0,0,0,0,0.0,[],1,0,0,0,0,0
2026-08-07T02:15:00+00:00,5,Healthy,100,0,0,0,0,0,0,0,0,0,0,0.0,[],1,0,0,0,0,0
2026-08-07T02:30:00+00:00,5,Healthy,100,0,0,0,0,0,0,0,0,0,0,0.0,[],1,0,0,0,0,0
2026-08-07T02:45:00+00:00,5,Healthy,100,0,0,0,0,0,0,0,0,0,0,0.0,[],1,0,0,0,0,0
2026-08-07T03:00:00+00:00,5,Healthy,100,0,0,0,0,0,0,0,0,0,0,0.0,[],1,0,0,0,0,0
2026-08-07T03:15:00+00:00,5,Healthy,100,0,0,0,0,0,0,0,0,0,0,0.0,[],1,0,0,0,0,0
2026-08-07T03:30:00+00:00,5,Healthy,100,0,0,0,0,0,0,0,0,0,0,0.0,[],1,0,0,0,0,0
2026-08-07T03:45:00+00:00,5,Healthy,100,0,0,0,0,0,0,0,0,0,0,0.0,[],1,0,0,0,0,0
2026-08-07T04:00:00+00:00,5,Healthy,100,0,0,0,0,0,0,0,0,0,0,0.0,[],1,0,0,0,0,0
2026-08-07T04:15:00+00:00,5,Healthy,100,0,0,0,0,0,0,0,0,0,0,0.0,[],1,0,0,0,0,0
2026-08-07T04:30:00+00:00,5,Healthy,100,0,0,0,0,0,0,0,0,0,0,0.0,[],1,0,0,0,0,0
2026-08-07T04:45:00+00:00,5,Healthy,100,0,0,0,0,0,0,0,0,0,0,0.0,[],1,0,0,0,0,0
2026-08-07T05:00:00+00:00,5,Healthy,100,0,0,0,0,0,0,0,0,0,0,0.0,[],1,0,0,0,0,0
2026-08-07T05:15:00+00:00,5,Healthy,100,0,0,0,0,0,0,0,0,0,0,0.0,[],1,0,0,0,0,0
2026-08-07T05:30:00+00:00,5,Healthy,100,0,0,0,0,0,0,0,0,0,0,0.0,[],1,0,0,0,0,0
2026-08-07T05:45:00+00:00,5,Healthy,100,0,0,0,0,0,0,0,0,0,0,0.0,[],1,0,0,0,0,0
2026-08-07T06:00:00+00:00,5,Healthy,100,0,0,0,0,0,0,0,0,0,0,0.0,[],1,0,0,0,0,0
2026-08-07T06:15:00+00:00,5,Healthy,100,0,0,0,0,0,0,0,0,0,0,0.0,[],1,0,0,0,0,0
2026-08-07T06:30:00+00:00,5,Healthy,100,0,0,0,0,0,0,0,0,0,0,0.0,[],1,0,0,0,0,0
2026-08-07T06:45:00+00:00,5,Healthy,100,0,0,0,0,0,0,0,0,0,0,0.0,[],1,0,0,0,0,0
2026-08-07T07:00:00+00:00,5,Healthy,100,0,0,0,0,0,0,0,0,0,0,0.0,[],1,0,0,0,0,0
2026-08-07T07:15:00+00:00,5,Healthy,100,0,0,0,0,0,0,0,0,0,0,0.0,[],1,0,0,0,0,0
2026-08-07T07:30:00+00:00,5,Healthy,100,0,0,0,0,0,0,0,0,0,0,0.0,[],1,0,0,0,0,0
2026-08-07T07:45:00+00:00,5,Healthy,100,0,0,0,0,0,0,0,0,0,0,0.0,[],1,0,0,0,0,0
2026-08-07T08:00:00+00:00,5,Healthy,100,0,0,0,0,0,0,0,0,0,0,0.0,[],1,0,0,0,0,0
2026-08-07T08:15:00+00:00,5,Healthy,100,0,0,0,0,0,0,0,0,0,0,0.0,[],1,0,0,0,0,0
2026-08-07T08:30:00+00:00,5,Healthy,100,0,0,0,0,0,0,0,0,0,0,0.0,[],1,0,0,0,0,0
2026-08-07T08:45:00+00:00,5,Healthy,100,0,0,0,0,0,0,0,0,0,0,0.0,[],1,0,0,0,0,0
2026-08-07T09:00:00+00:00,5,Healthy,100,0,0,0,0,0,0,0,0,0,0,0.0,[],1,0,0,0,0,0
2026-08-07T09:15:00+00:00,5,Healthy,100,0,0,0,0,0,0,0,0,0,0,0.0,[],1,0,0,0,0,0
2026-08-07T09:30:00+00:00,5,Healthy,100,0,0,0,0,0,0,0,0,0,0,0.0,[],1,0,0,0,0,0
2026-08-07T09:45:00+00:00,5,Healthy,100,0,0,0,0,0,0,0,0,0,0,0.0,[],1,0,0,0,0,0
2026-08-07T10:00:00+00:00,5,Healthy,100,0,0,0,0,0,0,0,0,0,0,0.0,[],1,0,0,0,0,0
2026-08-07T10:15:00+00:00,5,Healthy,100,0,0,0,0,0,0,0,0,0,0,0.0,[],1,0,0,0,0,0
2026-08-07T10:30:00+00:00,5,Healthy,100,0,0,0,0,0,0,0,0,0,0,0.0,[],1,0,0,0,0,0
2026-08-07T10:45:00+00:00,5,Healthy,100,0,0,0,0,0,0,0,0,0,0,0.0,[],1,0,0,0,0,0
2026-08-07T11:00:00+00:00,5,Healthy,100,0,0,0,0,0,0,0,0,0,0,0.0,[],1,0,0,0,0,0
2026-08-07T11:15:00+00:00,5,Healthy,100,0,0,0,0,0,0,0,0,0,0,0.0,[],1,0,0,0,0,0
2026-08-07T11:30:00+00:00,5,Healthy,100,0,0,0,0,0,0,0,0,0,0,0.0,[],1,0,0,0,0,0
2026-08-07T11:45:00+00:00,5,Healthy,100,0,0,0,0,0,0,0,0,0,0,0.0,[],1,0,0,0,0,0
2026-08-07T12:00:00+00:00,5,Healthy,100,0,0,0,0,0,0,0,0,0,0,0.0,[],1,0,0,0,0,0
2026-08-07T12:15:00+00:00,5,Healthy,100,0,0,0,0,0,0,0,0,0,0,0.0,[],1,0,0,0,0,0
2026-08-07T12:30:00+00:00,5,Healthy,100,0,0,0,0,0,0,0,0,0,0,0.0,[],1,0,0,0,0,0
2026-08-07T12:45:00+00:00,5,Healthy,100,0,0,0,0,0,0,0,0,0,0,0.0,[],1,0,0,0,0,0
2026-08-07T13:00:00+00:00,5,Healthy,100,0,0,0,0,0,0,0,0,0,0,0.0,[],1,0,0,0,0,0
2026-08-07T13:15:00+00:00,5,Healthy,100,0,0,0,0,0,0,0,0,0,0,0.0,[],1,0,0,0,0,0
2026-08-07T13:30:00+00:00,5,Healthy,100,0,0,0,0,0,0,0,0,0,0,0.0,[],1,0,0,0,0,0
2026-08-07T13:45:00+00:00,5,Healthy,100,0,0,0,0,0,0,0,0,0,0,0.0,[],1,0,0,0,0,0
2026-08-07T14:00:00+00:00,5,Healthy,100,0,0,0,0,0,0,0,0,0,0,0.0,[],1,0,0,0,0,0
2026-08-07T14:15:00+00:00,5,Healthy,100,0,0,0,0,0,0,0,0,0,0,0.0,[],1,0,0,0,0,0
2026-08-07T14:30:00+00:00,5,Healthy,100,0,0,0,0,0,0,0,0,0,0,0.0,[],1,0,0,0,0,0
2026-08-07T14:45:00+00:00,5,Healthy,100,0,0,0,0,0,0,0,0,0,0,0.0,[],1,0,0,0,0,0
2026-08-07T15:00:00+00:00,5,Healthy,100,0,0,0,0,0,0,0,0,0,0,0.0,[],1,0,0,0,0,0
2026-08-07T15:15:00+00:00,5,Healthy,100,0,0,0,0,0,0,0,0,0,0,0.0,[],1,0,0,0,0,0
2026-08-07T15:30:00+00:00,5,Healthy,100,0,0,0,0,0,0,0,0,0,0,0.0,[],1,0,0,0,0,0
2026-08-07T15:45:00+00:00,5,Healthy,100,0,0,0,0,0,0,0,0,0,0,0.0,[],1,0,0,0,0,0
2026-08-07T16:00:00+00:00,5,Healthy,100,0,0,0,0,0,0,0,0,0,0,0.0,[],1,0,0,0,0,0
2026-08-07T16:15:00+00:00,5,Healthy,100,0,0,0,0,0,0,0,0,0,0,0.0,[],1,0,0,0,0,0
2026-08-07T16:30:00+00:00,5,Healthy,100,0,0,0,0,0,0,0,0,0,0,0.0,[],1,0,0,0,0,0
2026-08-07T16:45:00+00:00,5,Healthy,100,0,0,0,0,0,0,0,0,0,0,0.0,[],1,0,0,0,0,0
2026-08-07T17:00:00+00:00,5,Healthy,100,0,0,0,0,0,0,0,0,0,0,0.0,[],1,0,0,0,0,0
2026-08-07T17:15:00+00:00,5,Healthy,100,0,0,0,0,0,0,0,0,0,0,0.0,[],1,0,0,0,0,0
2026-08-07T17:30:00+00:00,5,Healthy,100,0,0,0,0,0,0,0,0,0,0,0.0,[],1,0,0,0,0,0
2026-08-07T17:45:00+00:00,5,Healthy,100,0,0,0,0,0,0,0,0,0,0,0.0,[],1,0,0,0,0,0
2026-08-07T18:00:00+00:00,5,Healthy,100,0,0,0,0,0,0,0,0,0,0,0.0,[],1,0,0,0,0,0
2026-08-07T18:15:00+00:00,5,Healthy,100,0,0,0,0,0,0,0,0,0,0,0.0,[],1,0,0,0,0,0
2026-08-07T18:30:00+00:00,5,Healthy,100,0,0,0,0,0,0,0,0,0,0,0.0,[],1,0,0,0,0,0
2026-08-07T18:45:00+00:00,5,Healthy,100,0,0,0,0,0,0,0,0,0,0,0.0,[],1,0,0,0,0,0
2026-08-07T19:00:00+00:00,5,Healthy,100,0,0,0,0,0,0,0,0,0,0,0.0,[],1,0,0,0,0,0
2026-08-07T19:15:00+00:00,5,Healthy,100,0,0,0,0,0,0,0,0,0,0,0.0,[],1,0,0,0,0,0
2026-08-07T19:30:00+00:00,5,Healthy,100,0,0,0,0,0,0,0,0,0,0,0.0,[],1,0,0,0,0,0
2026-08-07T19:45:00+00:00,5,Healthy,100,0,0,0,0,0,0,0,0,0,0,0.0,[],1,0,0,0,0,0
2026-08-07T20:00:00+00:00,5,Healthy,100,0,0,0,0,0,0,0,0,0,0,0.0,[],1,0,0,0,0,0
2026-08-07T20:15:00+00:00,5,Healthy,100,0,0,0,0,0,0,0,0,0,0,0.0,[],1,0,0,0,0,0
2026-08-07T20:30:00+00:00,5,Healthy,100,0,0,0,0,0,0,0,0,0,0,0.0,[],1,0,0,0,0,0
2026-08-07T20:45:00+00:00,5,Healthy,100,0,0,0,0,0,0,0,0,0,0,0.0,[],1,0,0,0,0,0
2026-08-07T21:00:00+00:00,5,Healthy,100,0,0,0,0,0,0,0,0,0,0,0.0,[],1,0,0,0,0,0
2026-08-07T21:15:00+00:00,5,Healthy,100,0,0,0,0,0,0,0,0,0,0,0.0,[],1,0,0,0,0,0
2026-08-07T21:30:00+00:00,5,Healthy,100,0,0,0,0,0,0,0,0,0,0,0.0,[],1,0,0,0,0,0
2026-08-07T21:45:00+00:00,5,Healthy,100,0,0,0,0,0,0,0,0,0,0,0.0,[],1,0,0,0,0,0
2026-08-07T22:00:00+00:00,5,Healthy,100,0,0,0,0,0,0,0,0,0,0,0.0,[],1,0,0,0,0,0
2026-08-07T22:15:00+00:00,5,Healthy,100,0,0,0,0,0,0,0,0,0,0,0.0,[],1,0,0,0,0,0
2026-08-07T22:30:00+00:00,5,Healthy,100,0,0,0,0,0,0,0,0,0,0,0.0,[],1,0,0,0,0,0
2026-08-07T22:45:00+00:00,5,Healthy,100,0,0,0,0,0,0,0,0,0,0,0.0,[],1,0,0,0,0,0
2026-08-07T23:00:00+00:00,5,Healthy,100,0,0,0,0,0,0,0,0,0,0,0.0,[],1,0,0,0,0,0
2026-08-07T23:15:00+00:00,5,Healthy,100,0,0,0,0,0,0,0,0,0,0,0.0,[],1,0,0,0,0,0
2026-08-07T23:30:00+00:00,5,Healthy,100,0,0,0,0,0,0,0,0,0,0,0.0,[],1,0,0,0,0,0
2026-08-07T23:45:00+00:00,5,Healthy,100,0,0,0,0,0,0,0,0,0,0,0.0,[],1,0,0,0,0,0
2026-08-08T00:00:00+00:00,5,Healthy,100,0,0,0,0,0,0,0,0,0,0,0.0,[],1,0,0,0,0,0
2026-08-08T00:15:00+00:00,5,Healthy,100,0,0,0,0,0,0,0,0,0,0,0.0,[],1,0,0,0,0,0
2026-08-08T00:30:00+00:00,5,Healthy,100,0,0,0,0,0,0,0,0,0,0,0.0,[],1,0,0,0,0,0
2026-08-08T00:45:00+00:00,5,Healthy,100,0,0,0,0,0,0,0,0,0,0,0.0,[],1,0,0,0,0,0
2026-08-08T01:00:00+00:00,5,Healthy,100,0,0,0,0,0,0,0,0,0,0,0.0,[],1,0,0,0,0,0
2026-08-08T01:15:00+00:00,5,Healthy,100,0,0,0,0,0,0,0,0,0,0,0.0,[],1,0,0,0,0,0
2026-08-08T01:30:00+00:00,5,Healthy,100,0,0,0,0,0,0,0,0,0,0,0.0,[],1,0,0,0,0,0
2026-08-08T01:45:00+00:00,5,Healthy,100,0,0,0,0,0,0,0,0,0,0,0.0,[],1,0,0,0,0,0
2026-08-08T02:00:00+00:00,5,Healthy,100,0,0,0,0,0,0,0,0,0,0,0.0,[],1,0,0,0,0,0
2026-08-08T02:15:00+00:00,5,Healthy,100,0,0,0,0,0,0,0,0,0,0,0.0,[],1,0,0,0,0,0
2026-08-08T02:30:00+00:00,5,Healthy,100,0,0,0,0,0,0,0,0,0,0,0.0,[],1,0,0,0,0,0
2026-08-08T02:45:00+00:00,5,Healthy,100,0,0,0,0,0,0,0,0,0,0,0.0,[],1,0,0,0,0,0
2026-08-08T03:00:00+00:00,5,Healthy,100,0,0,0,0,0,0,0,0,0,0,0.0,[],1,0,0,0,0,0
2026-08-08T03:15:00+00:00,5,Healthy,100,0,0,0,0,0,0,0,0,0,0,0.0,[],1,0,0,0,0,0
2026-08-08T03:30:00+00:00,5,Healthy,100,0,0,0,0,0,0,0,0,0,0,0.0,[],1,0,0,0,0,0
2026-08-08T03:45:00+00:00,5,Healthy,100,0,0,0,0,0,0,0,0,0,0,0.0,[],1,0,0,0,0,0
2026-08-08T04:00:00+00:00,5,Healthy,100,0,0,0,0,0,0,0,0,0,0,0.0,[],1,0,0,0,0,0
2026-08-08T04:15:00+00:00,5,Healthy,100,0,0,0,0,0,0,0,0,0,0,0.0,[],1,0,0,0,0,0
2026-08-08T04:30:00+00:00,5,Healthy,100,0,0,0,0,0,0,0,0,0,0,0.0,[],1,0,0,0,0,0
2026-08-08T04:45:00+00:00,5,Healthy,100,0,0,0,0,0,0,0,0,0,0,0.0,[],1,0,0,0,0,0
2026-08-08T05:00:00+00:00,5,Healthy,100,0,0,0,0,0,0,0,0,0,0,0.0,[],1,0,0,0,0,0
2026-08-08T05:15:00+00:00,5,Healthy,100,0,0,0,0,0,0,0,0,0,0,0.0,[],1,0,0,0,0,0
2026-08-08T05:30:00+00:00,5,Healthy,100,0,0,0,0,0,0,0,0,0,0,0.0,[],1,0,0,0,0,0
2026-08-08T05:45:00+00:00,5,Healthy,100,0,0,0,0,0,0,0,0,0,0,0.0,[],1,0,0,0,0,0
2026-08-08T06:00:00+00:00,5,Healthy,100,0,0,0,0,0,0,0,0,0,0,0.0,[],1,0,0,0,0,0
2026-08-08T06:15:00+00:00,5,Healthy,100,0,0,0,0,0,0,0,0,0,0,0.0,[],1,0,0,0,0,0
2026-08-08T06:30:00+00:00,5,Healthy,100,0,0,0,0,0,0,0,0,0,0,0.0,[],1,0,0,0,0,0
2026-08-08T06:45:00+00:00,5,Healthy,100,0,0,0,0,0,0,0,0,0,0,0.0,[],1,0,0,0,0,0
2026-08-08T07:00:00+00:00,5,Healthy,100,0,0,0,0,0,0,0,0,0,0,0.0,[],1,0,0,0,0,0
2026-08-08T07:15:00+00:00,5,Healthy,100,0,0,0,0,0,0,0,0,0,0,0.0,[],1,0,0,0,0,0
2026-08-08T07:30:00+00:00,5,Healthy,100,0,0,0,0,0,0,0,0,0,0,0.0,[],1,0,0,0,0,0
2026-08-08T07:45:00+00:00,5,Healthy,100,0,0,0,0,0,0,0,0,0,0,0.0,[],1,0,0,0,0,0
2026-08-08T08:00:00+00:00,5,Healthy,100,0,0,0,0,0,0,0,0,0,0,0.0,[],1,0,0,0,0,0
2026-08-08T08:15:00+00:00,5,Healthy,100,0,0,0,0,0,0,0,0,0,0,0.0,[],1,0,0,0,0,0
2026-08-08T08:30:00+00:00,5,Healthy,100,0,0,0,0,0,0,0,0,0,0,0.0,[],1,0,0,0,0,0
2026-08-08T08:45:00+00:00,5,Healthy,100,0,0,0,0,0,0,0,0,0,0,0.0,[],1,0,0,0,0,0
2026-08-08T09:00:00+00:00,5,Healthy,100,0,0,0,0,0,0,0,0,0,0,0.0,[],1,0,0,0,0,0
2026-08-08T09:15:00+00:00,5,Healthy,100,0,0,0,0,0,0,0,0,0,0,0.0,[],1,0,0,0,0,0
2026-08-08T09:30:00+00:00,5,Healthy,100,0,0,0,0,0,0,0,0,0,0,0.0,[],1,0,0,0,0,0
2026-08-08T09:45:00+00:00,5,Healthy,100,0,0,0,0,0,0,0,0,0,0,0.0,[],1,0,0,0,0,0
2026-08-08T10:00:00+00:00,5,Healthy,100,0,0,0,0,0,0,0,0,0,0,0.0,[],1,0,0,0,0,0
2026-08-08T10:15:00+00:00,5,Healthy,100,0,0,0,0,0,0,0,0,0,0,0.0,[],1,0,0,0,0,0
2026-08-08T10:30:00+00:00,5,Healthy,100,0,0,0,0,0,0,0,0,0,0,0.0,[],1,0,0,0,0,0
2026-08-08T10:45:00+00:00,5,Healthy,100,0,0,0,0,0,0,0,0,0,0,0.0,[],1,0,0,0,0,0
2026-08-08T11:00:00+00:00,5,Healthy,100,0,0,0,0,0,0,0,0,0,0,0.0,[],1,0,0,0,0,0
2026-08-08T11:15:00+00:00,5,Healthy,100,0,0,0,0,0,0,0,0,0,0,0.0,[],1,0,0,0,0,0
2026-08-08T11:30:00+00:00,5,Healthy,100,0,0,0,0,0,0,0,0,0,0,0.0,[],1,0,0,0,0,0
2026-08-08T11:45:00+00:00,5,Healthy,100,0,0,0,0,0,0,0,0,0,0,0.0,[],1,0,0,0,0,0
2026-08-08T12:00:00+00:00,5,Healthy,100,0,0,0,0,0,0,0,0,0,0,0.0,[],1,0,0,0,0,0
2026-08-08T12:15:00+00:00,5,Healthy,100,0,0,0,0,0,0,0,0,0,0,0.0,[],1,0,0,0,0,0
2026-08-08T12:30:00+00:00,5,Healthy,100,0,0,0,0,0,0,0,0,0,0,0.0,[],1,0,0,0,0,0
2026-08-08T12:45:00+00:00,5,Healthy,100,0,0,0,0,0,0,0,0,0,0,0.0,[],1,0,0,0,0,0
2026-08-08T13:00:00+00:00,5,Healthy,100,0,0,0,0,0,0,0,0,0,0,0.0,[],1,0,0,0,0,0
2026-08-08T13:15:00+00:00,5,Healthy,100,0,0,0,0,0,0,0,0,0,0,0.0,[],1,0,0,0,0,0
2026-08-08T13:30:00+00:00,5,Healthy,100,0,0,0,0,0,0,0,0,0,0,0.0,[],1,0,0,0,0,0
2026-08-08T13:45:00+00:00,5,Warning,98,0,0,0,1,0,0,0,0,1,0,0.0,"[{""type"":""jump"",""severity"":""warning"",""channel"":""pm25"",""timestamp"":""2026-08-08T13:45:00+00:00"",""evidence"":{""absolute_change"":4.59,""threshold"":3.474503999999987,""reference_differences"":144,""method"":""max(median+8*MAD, Q3+3*IQR, resolution)""},""message"":""pm25 changed by 4.59, above its causal robust threshold 3.47."",""alert_recommended"":true}]",1,0,0,0,0,0
2026-08-08T14:00:00+00:00,5,Warning,98,0,0,0,1,0,0,0,0,1,0,0.0,"[{""type"":""jump"",""severity"":""warning"",""channel"":""pm25"",""timestamp"":""2026-08-08T14:00:00+00:00"",""evidence"":{""absolute_change"":3.59,""threshold"":3.5338079999999756,""reference_differences"":145,""method"":""max(median+8*MAD, Q3+3*IQR, resolution)""},""message"":""pm25 changed by 3.59, above its causal robust threshold 3.53."",""alert_recommended"":true}]",1,0,0,0,0,0
2026-08-08T14:15:00+00:00,5,Healthy,100,0,0,0,0,0,0,0,0,0,0,0.0,[],1,0,0,0,0,0
2026-08-08T14:30:00+00:00,5,Healthy,100,0,0,0,0,0,0,0,0,0,0,0.0,[],1,0,0,0,0,0
2026-08-08T14:45:00+00:00,5,Healthy,100,0,0,0,0,0,0,0,0,0,0,0.0,[],1,0,0,0,0,0
2026-08-08T15:00:00+00:00,5,Healthy,100,0,0,0,0,0,0,0,0,0,0,0.0,[],1,0,0,0,0,0
2026-08-08T15:15:00+00:00,5,Healthy,100,0,0,0,0,0,0,0,0,0,0,0.0,[],1,0,0,0,0,0
2026-08-08T15:30:00+00:00,5,Healthy,100,0,0,0,0,0,0,0,0,0,0,0.0,[],1,0,0,0,0,0
2026-08-08T15:45:00+00:00,5,Healthy,100,0,0,0,0,0,0,0,0,0,0,0.0,[],1,0,0,0,0,0
2026-08-08T16:00:00+00:00,5,Healthy,100,0,0,0,0,0,0,0,0,0,0,0.0,[],1,0,0,0,0,0
2026-08-08T16:15:00+00:00,5,Healthy,100,0,0,0,0,0,0,0,0,0,0,0.0,[],1,0,0,0,0,0
2026-08-08T16:30:00+00:00,5,Healthy,100,0,0,0,0,0,0,0,0,0,0,0.0,[],1,0,0,0,0,0
2026-08-08T16:45:00+00:00,5,Healthy,100,0,0,0,0,0,0,0,0,0,0,0.0,[],1,0,0,0,0,0
2026-08-08T17:00:00+00:00,5,Healthy,100,0,0,0,0,0,0,0,0,0,0,0.0,[],1,0,0,0,0,0
2026-08-08T17:15:00+00:00,5,Healthy,100,0,0,0,0,0,0,0,0,0,0,0.0,[],1,0,0,0,0,0
2026-08-08T17:30:00+00:00,5,Healthy,100,0,0,0,0,0,0,0,0,0,0,0.0,[],1,0,0,0,0,0
2026-08-08T17:45:00+00:00,5,Healthy,100,0,0,0,0,0,0,0,0,0,0,0.0,[],1,0,0,0,0,0
2026-08-08T18:00:00+00:00,5,Healthy,100,0,0,0,0,0,0,0,0,0,0,15.0,[],0,0,0,0,0,0
2026-08-08T18:15:00+00:00,5,Warning,95,0,1,0,0,0,0,0,0,1,0,0.0,"[{""type"":""sampling_gap"",""severity"":""warning"",""channel"":null,""timestamp"":""2026-08-08T18:15:00+00:00"",""evidence"":{""gap_minutes"":30.0,""missed_intervals"":1},""message"":""Sensor missed 1 expected reporting interval(s)."",""alert_recommended"":true}]",1,0,0,0,1,0
2026-08-08T18:30:00+00:00,5,Healthy,100,0,0,0,0,0,0,0,0,0,0,0.0,[],1,0,0,0,0,0
2026-08-08T18:45:00+00:00,5,Healthy,100,0,0,0,0,0,0,0,0,0,0,0.0,[],1,0,0,0,0,0
2026-08-08T19:00:00+00:00,5,Healthy,100,0,0,0,0,0,0,0,0,0,0,0.0,[],1,0,0,0,0,0
2026-08-08T19:15:00+00:00,5,Healthy,100,0,0,0,0,0,0,0,0,0,0,0.0,[],1,0,0,0,0,0
2026-08-08T19:30:00+00:00,5,Healthy,100,0,0,0,0,0,0,0,0,0,0,0.0,[],1,0,0,0,0,0
2026-08-08T19:45:00+00:00,5,Healthy,100,0,0,0,0,0,0,0,0,0,0,0.0,[],1,0,0,0,0,0
2026-08-08T20:00:00+00:00,5,Healthy,100,0,0,0,0,0,0,0,0,0,0,0.0,[],1,0,0,0,0,0
2026-08-08T20:15:00+00:00,5,Healthy,100,0,0,0,0,0,0,0,0,0,0,0.0,[],1,0,0,0,0,0
2026-08-08T20:30:00+00:00,5,Healthy,100,0,0,0,0,0,0,0,0,0,0,0.0,[],1,0,0,0,0,0
2026-08-08T20:45:00+00:00,5,Healthy,100,0,0,0,0,0,0,0,0,0,0,0.0,[],1,1,0,0,0,0
2026-08-08T21:00:00+00:00,5,Healthy,100,0,0,0,0,0,0,0,0,0,0,0.0,[],1,0,0,0,0,0
2026-08-08T21:15:00+00:00,5,Healthy,100,0,0,0,0,0,0,0,0,0,0,0.0,[],1,0,0,0,0,0
2026-08-08T21:30:00+00:00,5,Healthy,100,0,0,0,0,0,0,0,0,0,0,0.0,[],1,0,0,0,0,0
2026-08-08T21:45:00+00:00,5,Healthy,100,0,0,0,0,0,0,0,0,0,0,0.0,[],1,0,0,0,0,0
2026-08-08T22:00:00+00:00,5,Healthy,100,0,0,0,0,0,0,0,0,0,0,0.0,[],1,0,0,0,0,0
2026-08-08T22:15:00+00:00,5,Healthy,100,0,0,0,0,0,0,0,0,0,0,0.0,[],1,1,0,0,0,0
2026-08-08T22:30:00+00:00,5,Healthy,100,0,0,0,0,0,0,0,0,0,0,0.0,[],1,0,0,0,0,0
2026-08-08T22:45:00+00:00,5,Healthy,100,0,0,0,0,0,0,0,0,0,0,0.0,[],1,0,0,0,0,0
2026-08-08T23:00:00+00:00,5,Healthy,100,0,0,0,0,0,0,0,0,0,0,0.0,[],1,0,0,0,0,0
2026-08-08T23:15:00+00:00,5,Healthy,100,0,0,0,0,0,0,0,0,0,0,0.0,[],1,0,0,0,0,0
2026-08-08T23:30:00+00:00,5,Healthy,100,0,0,0,0,0,0,0,0,0,0,0.0,[],1,0,0,0,0,0
2026-08-08T23:45:00+00:00,5,Healthy,100,0,0,0,0,0,0,0,0,0,0,0.0,[],1,1,0,0,0,0
2026-08-09T00:00:00+00:00,5,Healthy,100,0,0,0,0,0,0,0,0,0,0,15.0,[],0,0,0,0,0,0
2026-08-09T00:15:00+00:00,5,Warning,95,0,1,0,0,0,0,0,0,1,0,0.0,"[{""type"":""sampling_gap"",""severity"":""warning"",""channel"":null,""timestamp"":""2026-08-09T00:15:00+00:00"",""evidence"":{""gap_minutes"":30.0,""missed_intervals"":1},""message"":""Sensor missed 1 expected reporting interval(s)."",""alert_recommended"":true}]",1,0,0,0,1,0
2026-08-09T00:30:00+00:00,5,Healthy,100,0,0,0,0,0,0,0,0,0,0,0.0,[],1,0,0,0,0,0
2026-08-09T00:45:00+00:00,5,Healthy,100,0,0,0,0,0,0,0,0,0,0,0.0,[],1,1,0,0,0,0
2026-08-09T01:00:00+00:00,5,Healthy,100,0,0,0,0,0,0,0,0,0,0,0.0,[],1,0,0,0,0,0
2026-08-09T01:15:00+00:00,5,Healthy,100,0,0,0,0,0,0,0,0,0,0,0.0,[],1,0,0,0,0,0
2026-08-09T01:30:00+00:00,5,Healthy,100,0,0,0,0,0,0,0,0,0,0,0.0,[],1,0,0,0,0,0
2026-08-09T01:45:00+00:00,5,Healthy,100,0,0,0,0,0,0,0,0,0,0,0.0,[],1,0,0,0,0,0
2026-08-09T02:00:00+00:00,5,Healthy,100,0,0,0,0,0,0,0,0,0,0,0.0,[],1,0,0,0,0,0
2026-08-09T02:15:00+00:00,5,Healthy,100,0,0,0,0,0,0,0,0,0,0,0.0,[],1,0,0,0,0,0
2026-08-09T02:30:00+00:00,5,Healthy,100,0,0,0,0,0,0,0,0,0,0,0.0,[],1,0,0,0,0,0
2026-08-09T02:45:00+00:00,5,Healthy,100,0,0,0,0,0,0,0,0,0,0,0.0,[],1,0,0,0,0,0
2026-08-09T03:00:00+00:00,5,Healthy,100,0,0,0,0,0,0,0,0,0,0,0.0,[],1,0,0,0,0,0
2026-08-09T03:15:00+00:00,5,Healthy,100,0,0,0,0,0,0,0,0,0,0,0.0,[],1,0,0,0,0,0
2026-08-09T03:30:00+00:00,5,Healthy,100,0,0,0,0,0,0,0,0,0,0,0.0,[],1,0,0,0,0,0
2026-08-09T03:45:00+00:00,5,Healthy,100,0,0,0,0,0,0,0,0,0,0,0.0,[],1,0,0,0,0,0
2026-08-09T04:00:00+00:00,5,Healthy,100,0,0,0,0,0,0,0,0,0,0,0.0,[],1,0,0,0,0,0
2026-08-09T04:15:00+00:00,5,Healthy,100,0,0,0,0,0,0,0,0,0,0,0.0,[],1,0,0,0,0,0
2026-08-09T04:30:00+00:00,5,Healthy,100,0,0,0,0,0,0,0,0,0,0,0.0,[],1,0,0,0,0,0
2026-08-09T04:45:00+00:00,5,Healthy,100,0,0,0,0,0,0,0,0,0,0,0.0,[],1,0,0,0,0,0
2026-08-09T05:00:00+00:00,5,Healthy,100,0,0,0,0,0,0,0,0,0,0,0.0,[],1,0,0,0,0,0
2026-08-09T05:15:00+00:00,5,Healthy,100,0,0,0,0,0,0,0,0,0,0,0.0,[],1,0,0,0,0,0
2026-08-09T05:30:00+00:00,5,Healthy,100,0,0,0,0,0,0,0,0,0,0,0.0,[],1,0,0,0,0,0
2026-08-09T05:45:00+00:00,5,Healthy,100,0,0,0,0,0,0,0,0,0,0,0.0,[],1,0,0,0,0,0
2026-08-09T06:00:00+00:00,5,Healthy,100,0,0,0,0,0,0,0,0,0,0,0.0,[],1,0,0,0,0,0
2026-08-09T06:15:00+00:00,5,Healthy,100,0,0,0,0,0,0,0,0,0,0,0.0,[],1,0,0,0,0,0
2026-08-09T06:30:00+00:00,5,Healthy,100,0,0,0,0,0,0,0,0,0,0,0.0,[],1,0,0,0,0,0
2026-08-09T06:45:00+00:00,5,Healthy,100,0,0,0,0,0,0,0,0,0,0,0.0,[],1,0,0,0,0,0
2026-08-09T07:00:00+00:00,5,Healthy,100,0,0,0,0,0,0,0,0,0,0,0.0,[],1,0,0,0,0,0
2026-08-09T07:15:00+00:00,5,Healthy,100,0,0,0,0,0,0,0,0,0,0,0.0,[],1,0,0,0,0,0
2026-08-09T07:30:00+00:00,5,Healthy,100,0,0,0,0,0,0,0,0,0,0,0.0,[],1,0,0,0,0,0
2026-08-09T07:45:00+00:00,5,Healthy,100,0,0,0,0,0,0,0,0,0,0,0.0,[],1,0,0,0,0,0
2026-08-09T08:00:00+00:00,5,Healthy,100,0,0,0,0,0,0,0,0,0,0,0.0,[],1,0,0,0,0,0
2026-08-09T08:15:00+00:00,5,Healthy,100,0,0,0,0,0,0,0,0,0,0,0.0,[],1,0,0,0,0,0
2026-08-09T08:30:00+00:00,5,Healthy,100,0,0,0,0,0,0,0,0,0,0,0.0,[],1,0,0,0,0,0
2026-08-09T08:45:00+00:00,5,Healthy,100,0,0,0,0,0,0,0,0,0,0,0.0,[],1,0,0,0,0,0
2026-08-09T09:00:00+00:00,5,Healthy,100,0,0,0,0,0,0,0,0,0,0,0.0,[],1,0,0,0,0,0
2026-08-09T09:15:00+00:00,5,Healthy,100,0,0,0,0,0,0,0,0,0,0,0.0,[],1,0,0,0,0,0
2026-08-09T09:30:00+00:00,5,Healthy,100,0,0,0,0,0,0,0,0,0,0,0.0,[],1,0,0,0,0,0
2026-08-09T09:45:00+00:00,5,Healthy,100,0,0,0,0,0,0,0,0,0,0,0.0,[],1,0,0,0,0,0
2026-08-09T10:00:00+00:00,5,Healthy,100,0,0,0,0,0,0,0,0,0,0,0.0,[],1,0,0,0,0,0
2026-08-09T10:15:00+00:00,5,Healthy,100,0,0,0,0,0,0,0,0,0,0,0.0,[],1,0,0,0,0,0
2026-08-09T10:30:00+00:00,5,Healthy,100,0,0,0,0,0,0,0,0,0,0,0.0,[],1,0,0,0,0,0
2026-08-09T10:45:00+00:00,5,Healthy,100,0,0,0,0,0,0,0,0,0,0,0.0,[],1,0,0,0,0,0
2026-08-09T11:00:00+00:00,5,Healthy,100,0,0,0,0,0,0,0,0,0,0,0.0,[],1,0,0,0,0,0
2026-08-09T11:15:00+00:00,5,Healthy,100,0,0,0,0,0,0,0,0,0,0,15.0,[],0,0,0,0,0,0
2026-08-09T11:30:00+00:00,5,Warning,95,1,0,0,0,0,0,0,0,1,0,30.0,"[{""type"":""missing_timestamp"",""severity"":""warning"",""channel"":null,""timestamp"":""2026-08-09T11:30:00+00:00"",""evidence"":{""gap_minutes"":30.0,""missed_intervals"":2},""message"":""No sensor row arrived at the expected timestamp; 2 interval(s) are missing."",""alert_recommended"":true}]",0,0,0,0,0,0
2026-08-09T11:45:00+00:00,5,Warning,95,1,0,0,0,0,0,0,0,1,0,45.0,"[{""type"":""missing_timestamp"",""severity"":""warning"",""channel"":null,""timestamp"":""2026-08-09T11:45:00+00:00"",""evidence"":{""gap_minutes"":45.0,""missed_intervals"":3},""message"":""No sensor row arrived at the expected timestamp; 3 interval(s) are missing."",""alert_recommended"":true}]",0,0,0,0,0,0
2026-08-09T12:00:00+00:00,5,Warning,95,1,0,0,0,0,0,0,0,1,0,60.0,"[{""type"":""missing_timestamp"",""severity"":""warning"",""channel"":null,""timestamp"":""2026-08-09T12:00:00+00:00"",""evidence"":{""gap_minutes"":60.0,""missed_intervals"":4},""message"":""No sensor row arrived at the expected timestamp; 4 interval(s) are missing."",""alert_recommended"":true}]",0,0,0,0,0,0
2026-08-09T12:15:00+00:00,5,Warning,95,1,0,0,0,0,0,0,0,1,0,75.0,"[{""type"":""missing_timestamp"",""severity"":""warning"",""channel"":null,""timestamp"":""2026-08-09T12:15:00+00:00"",""evidence"":{""gap_minutes"":75.0,""missed_intervals"":5},""message"":""No sensor row arrived at the expected timestamp; 5 interval(s) are missing."",""alert_recommended"":true}]",0,0,0,0,0,0
2026-08-09T12:30:00+00:00,5,Critical,84,0,1,0,0,0,0,0,0,1,1,90.0,"[{""type"":""major_sampling_gap"",""severity"":""critical"",""channel"":null,""timestamp"":""2026-08-09T12:30:00+00:00"",""evidence"":{""gap_minutes"":90.0,""missed_intervals"":6,""major_gap_threshold_minutes"":90},""message"":""Sensor has a major reporting gap of 90 minutes."",""alert_recommended"":true}]",0,0,0,0,0,0
2026-08-09T12:45:00+00:00,5,Critical,84,0,1,0,0,0,0,0,0,1,1,105.0,"[{""type"":""major_sampling_gap"",""severity"":""critical"",""channel"":null,""timestamp"":""2026-08-09T12:45:00+00:00"",""evidence"":{""gap_minutes"":105.0,""missed_intervals"":7,""major_gap_threshold_minutes"":90},""message"":""Sensor has a major reporting gap of 105 minutes."",""alert_recommended"":true}]",0,0,0,0,0,0
2026-08-09T13:00:00+00:00,5,Critical,84,0,1,0,0,0,0,0,0,1,1,120.0,"[{""type"":""major_sampling_gap"",""severity"":""critical"",""channel"":null,""timestamp"":""2026-08-09T13:00:00+00:00"",""evidence"":{""gap_minutes"":120.0,""missed_intervals"":8,""major_gap_threshold_minutes"":90},""message"":""Sensor has a major reporting gap of 120 minutes."",""alert_recommended"":true}]",0,0,0,0,0,0
2026-08-09T13:15:00+00:00,5,Critical,84,0,1,0,0,0,0,0,0,1,1,135.0,"[{""type"":""major_sampling_gap"",""severity"":""critical"",""channel"":null,""timestamp"":""2026-08-09T13:15:00+00:00"",""evidence"":{""gap_minutes"":135.0,""missed_intervals"":9,""major_gap_threshold_minutes"":90},""message"":""Sensor has a major reporting gap of 135 minutes."",""alert_recommended"":true}]",0,0,0,0,0,0
2026-08-09T13:30:00+00:00,5,Critical,84,0,1,0,0,0,0,0,0,1,1,150.0,"[{""type"":""major_sampling_gap"",""severity"":""critical"",""channel"":null,""timestamp"":""2026-08-09T13:30:00+00:00"",""evidence"":{""gap_minutes"":150.0,""missed_intervals"":10,""major_gap_threshold_minutes"":90},""message"":""Sensor has a major reporting gap of 150 minutes."",""alert_recommended"":true}]",0,0,0,0,0,0
2026-08-09T13:45:00+00:00,5,Critical,84,0,1,0,0,0,0,0,0,1,1,165.0,"[{""type"":""major_sampling_gap"",""severity"":""critical"",""channel"":null,""timestamp"":""2026-08-09T13:45:00+00:00"",""evidence"":{""gap_minutes"":165.0,""missed_intervals"":11,""major_gap_threshold_minutes"":90},""message"":""Sensor has a major reporting gap of 165 minutes."",""alert_recommended"":true}]",0,0,0,0,0,0
2026-08-09T14:00:00+00:00,5,Offline,0,0,1,0,0,0,0,0,0,1,1,180.0,"[{""type"":""offline"",""severity"":""critical"",""channel"":null,""timestamp"":""2026-08-09T14:00:00+00:00"",""evidence"":{""gap_minutes"":180.0,""missed_intervals"":12,""offline_threshold_minutes"":180},""message"":""Sensor has not reported for 180 minutes."",""alert_recommended"":true}]",0,0,0,0,0,0
2026-08-09T14:15:00+00:00,5,Offline,0,0,1,0,0,0,0,0,0,1,1,195.0,"[{""type"":""offline"",""severity"":""critical"",""channel"":null,""timestamp"":""2026-08-09T14:15:00+00:00"",""evidence"":{""gap_minutes"":195.0,""missed_intervals"":13,""offline_threshold_minutes"":180},""message"":""Sensor has not reported for 195 minutes."",""alert_recommended"":true}]",0,0,0,0,0,0
2026-08-09T14:30:00+00:00,5,Offline,0,0,1,0,0,0,0,0,0,1,1,210.0,"[{""type"":""offline"",""severity"":""critical"",""channel"":null,""timestamp"":""2026-08-09T14:30:00+00:00"",""evidence"":{""gap_minutes"":210.0,""missed_intervals"":14,""offline_threshold_minutes"":180},""message"":""Sensor has not reported for 210 minutes."",""alert_recommended"":true}]",0,0,0,0,0,0
2026-08-09T14:45:00+00:00,5,Offline,0,0,1,0,0,0,0,0,0,1,1,225.0,"[{""type"":""offline"",""severity"":""critical"",""channel"":null,""timestamp"":""2026-08-09T14:45:00+00:00"",""evidence"":{""gap_minutes"":225.0,""missed_intervals"":15,""offline_threshold_minutes"":180},""message"":""Sensor has not reported for 225 minutes."",""alert_recommended"":true}]",0,0,0,0,0,0
2026-08-09T15:00:00+00:00,5,Offline,0,0,1,0,0,0,0,0,0,1,1,240.0,"[{""type"":""offline"",""severity"":""critical"",""channel"":null,""timestamp"":""2026-08-09T15:00:00+00:00"",""evidence"":{""gap_minutes"":240.0,""missed_intervals"":16,""offline_threshold_minutes"":180},""message"":""Sensor has not reported for 240 minutes."",""alert_recommended"":true}]",0,0,0,0,0,0
2026-08-09T15:15:00+00:00,5,Offline,0,0,1,0,0,0,0,0,0,1,1,255.0,"[{""type"":""offline"",""severity"":""critical"",""channel"":null,""timestamp"":""2026-08-09T15:15:00+00:00"",""evidence"":{""gap_minutes"":255.0,""missed_intervals"":17,""offline_threshold_minutes"":180},""message"":""Sensor has not reported for 255 minutes."",""alert_recommended"":true}]",0,0,0,0,0,0
2026-08-09T15:30:00+00:00,5,Offline,0,0,1,0,0,0,0,0,0,1,1,270.0,"[{""type"":""offline"",""severity"":""critical"",""channel"":null,""timestamp"":""2026-08-09T15:30:00+00:00"",""evidence"":{""gap_minutes"":270.0,""missed_intervals"":18,""offline_threshold_minutes"":180},""message"":""Sensor has not reported for 270 minutes."",""alert_recommended"":true}]",0,0,0,0,0,0
2026-08-09T15:45:00+00:00,5,Offline,0,0,1,0,0,0,0,0,0,1,1,285.0,"[{""type"":""offline"",""severity"":""critical"",""channel"":null,""timestamp"":""2026-08-09T15:45:00+00:00"",""evidence"":{""gap_minutes"":285.0,""missed_intervals"":19,""offline_threshold_minutes"":180},""message"":""Sensor has not reported for 285 minutes."",""alert_recommended"":true}]",0,0,0,0,0,0
2026-08-09T16:00:00+00:00,5,Offline,0,0,1,0,0,0,0,0,0,1,1,300.0,"[{""type"":""offline"",""severity"":""critical"",""channel"":null,""timestamp"":""2026-08-09T16:00:00+00:00"",""evidence"":{""gap_minutes"":300.0,""missed_intervals"":20,""offline_threshold_minutes"":180},""message"":""Sensor has not reported for 300 minutes."",""alert_recommended"":true}]",0,0,0,0,0,0
2026-08-09T16:15:00+00:00,5,Offline,0,0,1,0,0,0,0,0,0,1,1,315.0,"[{""type"":""offline"",""severity"":""critical"",""channel"":null,""timestamp"":""2026-08-09T16:15:00+00:00"",""evidence"":{""gap_minutes"":315.0,""missed_intervals"":21,""offline_threshold_minutes"":180},""message"":""Sensor has not reported for 315 minutes."",""alert_recommended"":true}]",0,0,0,0,0,0
2026-08-09T16:30:00+00:00,5,Offline,0,0,1,0,0,0,0,0,0,1,1,330.0,"[{""type"":""offline"",""severity"":""critical"",""channel"":null,""timestamp"":""2026-08-09T16:30:00+00:00"",""evidence"":{""gap_minutes"":330.0,""missed_intervals"":22,""offline_threshold_minutes"":180},""message"":""Sensor has not reported for 330 minutes."",""alert_recommended"":true}]",0,0,0,0,0,0
2026-08-09T16:45:00+00:00,5,Offline,0,0,1,0,0,0,0,0,0,1,1,345.0,"[{""type"":""offline"",""severity"":""critical"",""channel"":null,""timestamp"":""2026-08-09T16:45:00+00:00"",""evidence"":{""gap_minutes"":345.0,""missed_intervals"":23,""offline_threshold_minutes"":180},""message"":""Sensor has not reported for 345 minutes."",""alert_recommended"":true}]",0,0,0,0,0,0
2026-08-09T17:00:00+00:00,5,Offline,0,0,1,0,0,0,0,0,0,1,1,360.0,"[{""type"":""offline"",""severity"":""critical"",""channel"":null,""timestamp"":""2026-08-09T17:00:00+00:00"",""evidence"":{""gap_minutes"":360.0,""missed_intervals"":24,""offline_threshold_minutes"":180},""message"":""Sensor has not reported for 360 minutes."",""alert_recommended"":true}]",0,0,0,0,0,0
2026-08-09T17:15:00+00:00,5,Offline,0,0,1,0,0,0,0,0,0,1,1,375.0,"[{""type"":""offline"",""severity"":""critical"",""channel"":null,""timestamp"":""2026-08-09T17:15:00+00:00"",""evidence"":{""gap_minutes"":375.0,""missed_intervals"":25,""offline_threshold_minutes"":180},""message"":""Sensor has not reported for 375 minutes."",""alert_recommended"":true}]",0,0,0,0,0,0
2026-08-09T17:30:00+00:00,5,Offline,0,0,1,0,0,0,0,0,0,1,1,390.0,"[{""type"":""offline"",""severity"":""critical"",""channel"":null,""timestamp"":""2026-08-09T17:30:00+00:00"",""evidence"":{""gap_minutes"":390.0,""missed_intervals"":26,""offline_threshold_minutes"":180},""message"":""Sensor has not reported for 390 minutes."",""alert_recommended"":true}]",0,0,0,0,0,0
2026-08-09T17:45:00+00:00,5,Offline,0,0,1,0,0,0,0,0,0,1,1,405.0,"[{""type"":""offline"",""severity"":""critical"",""channel"":null,""timestamp"":""2026-08-09T17:45:00+00:00"",""evidence"":{""gap_minutes"":405.0,""missed_intervals"":27,""offline_threshold_minutes"":180},""message"":""Sensor has not reported for 405 minutes."",""alert_recommended"":true}]",0,0,0,0,0,0
2026-08-09T18:00:00+00:00,5,Offline,0,0,1,0,0,0,0,0,0,1,1,420.0,"[{""type"":""offline"",""severity"":""critical"",""channel"":null,""timestamp"":""2026-08-09T18:00:00+00:00"",""evidence"":{""gap_minutes"":420.0,""missed_intervals"":28,""offline_threshold_minutes"":180},""message"":""Sensor has not reported for 420 minutes."",""alert_recommended"":true}]",0,0,0,0,0,0
2026-08-09T18:15:00+00:00,5,Offline,0,0,1,0,0,0,0,0,0,1,1,435.0,"[{""type"":""offline"",""severity"":""critical"",""channel"":null,""timestamp"":""2026-08-09T18:15:00+00:00"",""evidence"":{""gap_minutes"":435.0,""missed_intervals"":29,""offline_threshold_minutes"":180},""message"":""Sensor has not reported for 435 minutes."",""alert_recommended"":true}]",0,0,0,0,0,0
2026-08-09T18:30:00+00:00,5,Offline,0,0,1,0,0,0,0,0,0,1,1,450.0,"[{""type"":""offline"",""severity"":""critical"",""channel"":null,""timestamp"":""2026-08-09T18:30:00+00:00"",""evidence"":{""gap_minutes"":450.0,""missed_intervals"":30,""offline_threshold_minutes"":180},""message"":""Sensor has not reported for 450 minutes."",""alert_recommended"":true}]",0,0,0,0,0,0
2026-08-09T18:45:00+00:00,5,Offline,0,0,1,0,0,0,0,0,0,1,1,465.0,"[{""type"":""offline"",""severity"":""critical"",""channel"":null,""timestamp"":""2026-08-09T18:45:00+00:00"",""evidence"":{""gap_minutes"":465.0,""missed_intervals"":31,""offline_threshold_minutes"":180},""message"":""Sensor has not reported for 465 minutes."",""alert_recommended"":true}]",0,0,0,0,0,0
2026-08-09T19:00:00+00:00,5,Offline,0,0,1,0,0,0,0,0,0,1,1,480.0,"[{""type"":""offline"",""severity"":""critical"",""channel"":null,""timestamp"":""2026-08-09T19:00:00+00:00"",""evidence"":{""gap_minutes"":480.0,""missed_intervals"":32,""offline_threshold_minutes"":180},""message"":""Sensor has not reported for 480 minutes."",""alert_recommended"":true}]",0,0,0,0,0,0
2026-08-09T19:15:00+00:00,5,Offline,0,0,1,0,0,0,0,0,0,1,1,495.0,"[{""type"":""offline"",""severity"":""critical"",""channel"":null,""timestamp"":""2026-08-09T19:15:00+00:00"",""evidence"":{""gap_minutes"":495.0,""missed_intervals"":33,""offline_threshold_minutes"":180},""message"":""Sensor has not reported for 495 minutes."",""alert_recommended"":true}]",0,0,0,0,0,0
2026-08-09T19:30:00+00:00,5,Offline,0,0,1,0,0,0,0,0,0,1,1,510.0,"[{""type"":""offline"",""severity"":""critical"",""channel"":null,""timestamp"":""2026-08-09T19:30:00+00:00"",""evidence"":{""gap_minutes"":510.0,""missed_intervals"":34,""offline_threshold_minutes"":180},""message"":""Sensor has not reported for 510 minutes."",""alert_recommended"":true}]",0,0,0,0,0,0
2026-08-09T19:45:00+00:00,5,Offline,0,0,1,0,0,0,0,0,0,1,1,525.0,"[{""type"":""offline"",""severity"":""critical"",""channel"":null,""timestamp"":""2026-08-09T19:45:00+00:00"",""evidence"":{""gap_minutes"":525.0,""missed_intervals"":35,""offline_threshold_minutes"":180},""message"":""Sensor has not reported for 525 minutes."",""alert_recommended"":true}]",0,0,0,0,0,0
2026-08-09T20:00:00+00:00,5,Offline,0,0,1,0,0,0,0,0,0,1,1,540.0,"[{""type"":""offline"",""severity"":""critical"",""channel"":null,""timestamp"":""2026-08-09T20:00:00+00:00"",""evidence"":{""gap_minutes"":540.0,""missed_intervals"":36,""offline_threshold_minutes"":180},""message"":""Sensor has not reported for 540 minutes."",""alert_recommended"":true}]",0,0,0,0,0,0
2026-08-09T20:15:00+00:00,5,Offline,0,0,1,0,0,0,0,0,0,1,1,555.0,"[{""type"":""offline"",""severity"":""critical"",""channel"":null,""timestamp"":""2026-08-09T20:15:00+00:00"",""evidence"":{""gap_minutes"":555.0,""missed_intervals"":37,""offline_threshold_minutes"":180},""message"":""Sensor has not reported for 555 minutes."",""alert_recommended"":true}]",0,0,0,0,0,0
2026-08-09T20:30:00+00:00,5,Offline,0,0,1,0,0,0,0,0,0,1,1,570.0,"[{""type"":""offline"",""severity"":""critical"",""channel"":null,""timestamp"":""2026-08-09T20:30:00+00:00"",""evidence"":{""gap_minutes"":570.0,""missed_intervals"":38,""offline_threshold_minutes"":180},""message"":""Sensor has not reported for 570 minutes."",""alert_recommended"":true}]",0,0,0,0,0,0
2026-08-09T20:45:00+00:00,5,Offline,0,0,1,0,0,0,0,0,0,1,1,585.0,"[{""type"":""offline"",""severity"":""critical"",""channel"":null,""timestamp"":""2026-08-09T20:45:00+00:00"",""evidence"":{""gap_minutes"":585.0,""missed_intervals"":39,""offline_threshold_minutes"":180},""message"":""Sensor has not reported for 585 minutes."",""alert_recommended"":true}]",0,0,0,0,0,0
2026-08-09T21:00:00+00:00,5,Offline,0,0,1,0,0,0,0,0,0,1,1,600.0,"[{""type"":""offline"",""severity"":""critical"",""channel"":null,""timestamp"":""2026-08-09T21:00:00+00:00"",""evidence"":{""gap_minutes"":600.0,""missed_intervals"":40,""offline_threshold_minutes"":180},""message"":""Sensor has not reported for 600 minutes."",""alert_recommended"":true}]",0,0,0,0,0,0
2026-08-09T21:15:00+00:00,5,Offline,0,0,1,0,0,0,0,0,0,1,1,615.0,"[{""type"":""offline"",""severity"":""critical"",""channel"":null,""timestamp"":""2026-08-09T21:15:00+00:00"",""evidence"":{""gap_minutes"":615.0,""missed_intervals"":41,""offline_threshold_minutes"":180},""message"":""Sensor has not reported for 615 minutes."",""alert_recommended"":true}]",0,0,0,0,0,0
2026-08-09T21:30:00+00:00,5,Offline,0,0,1,0,0,0,0,0,0,1,1,630.0,"[{""type"":""offline"",""severity"":""critical"",""channel"":null,""timestamp"":""2026-08-09T21:30:00+00:00"",""evidence"":{""gap_minutes"":630.0,""missed_intervals"":42,""offline_threshold_minutes"":180},""message"":""Sensor has not reported for 630 minutes."",""alert_recommended"":true}]",0,0,0,0,0,0
2026-08-09T21:45:00+00:00,5,Offline,0,0,1,0,0,0,0,0,0,1,1,645.0,"[{""type"":""offline"",""severity"":""critical"",""channel"":null,""timestamp"":""2026-08-09T21:45:00+00:00"",""evidence"":{""gap_minutes"":645.0,""missed_intervals"":43,""offline_threshold_minutes"":180},""message"":""Sensor has not reported for 645 minutes."",""alert_recommended"":true}]",0,0,0,0,0,0
2026-08-09T22:00:00+00:00,5,Offline,0,0,1,0,0,0,0,0,0,1,1,660.0,"[{""type"":""offline"",""severity"":""critical"",""channel"":null,""timestamp"":""2026-08-09T22:00:00+00:00"",""evidence"":{""gap_minutes"":660.0,""missed_intervals"":44,""offline_threshold_minutes"":180},""message"":""Sensor has not reported for 660 minutes."",""alert_recommended"":true}]",0,0,0,0,0,0
2026-08-09T22:15:00+00:00,5,Offline,0,0,1,0,0,0,0,0,0,1,1,675.0,"[{""type"":""offline"",""severity"":""critical"",""channel"":null,""timestamp"":""2026-08-09T22:15:00+00:00"",""evidence"":{""gap_minutes"":675.0,""missed_intervals"":45,""offline_threshold_minutes"":180},""message"":""Sensor has not reported for 675 minutes."",""alert_recommended"":true}]",0,0,0,0,0,0
2026-08-09T22:30:00+00:00,5,Offline,0,0,1,0,0,0,0,0,0,1,1,690.0,"[{""type"":""offline"",""severity"":""critical"",""channel"":null,""timestamp"":""2026-08-09T22:30:00+00:00"",""evidence"":{""gap_minutes"":690.0,""missed_intervals"":46,""offline_threshold_minutes"":180},""message"":""Sensor has not reported for 690 minutes."",""alert_recommended"":true}]",0,0,0,0,0,0
2026-08-09T22:45:00+00:00,5,Offline,0,0,1,0,0,0,0,0,0,1,1,705.0,"[{""type"":""offline"",""severity"":""critical"",""channel"":null,""timestamp"":""2026-08-09T22:45:00+00:00"",""evidence"":{""gap_minutes"":705.0,""missed_intervals"":47,""offline_threshold_minutes"":180},""message"":""Sensor has not reported for 705 minutes."",""alert_recommended"":true}]",0,0,0,0,0,0
2026-08-09T23:00:00+00:00,5,Offline,0,0,1,0,0,0,0,0,0,1,1,720.0,"[{""type"":""offline"",""severity"":""critical"",""channel"":null,""timestamp"":""2026-08-09T23:00:00+00:00"",""evidence"":{""gap_minutes"":720.0,""missed_intervals"":48,""offline_threshold_minutes"":180},""message"":""Sensor has not reported for 720 minutes."",""alert_recommended"":true}]",0,0,0,0,0,0
2026-08-09T23:15:00+00:00,5,Offline,0,0,1,0,0,0,0,0,0,1,1,735.0,"[{""type"":""offline"",""severity"":""critical"",""channel"":null,""timestamp"":""2026-08-09T23:15:00+00:00"",""evidence"":{""gap_minutes"":735.0,""missed_intervals"":49,""offline_threshold_minutes"":180},""message"":""Sensor has not reported for 735 minutes."",""alert_recommended"":true}]",0,0,0,0,0,0
2026-08-09T23:30:00+00:00,5,Offline,0,0,1,0,0,0,0,0,0,1,1,750.0,"[{""type"":""offline"",""severity"":""critical"",""channel"":null,""timestamp"":""2026-08-09T23:30:00+00:00"",""evidence"":{""gap_minutes"":750.0,""missed_intervals"":50,""offline_threshold_minutes"":180},""message"":""Sensor has not reported for 750 minutes."",""alert_recommended"":true}]",0,0,0,0,0,0
2026-08-09T23:45:00+00:00,5,Offline,0,0,1,0,0,0,0,0,0,1,1,765.0,"[{""type"":""offline"",""severity"":""critical"",""channel"":null,""timestamp"":""2026-08-09T23:45:00+00:00"",""evidence"":{""gap_minutes"":765.0,""missed_intervals"":51,""offline_threshold_minutes"":180},""message"":""Sensor has not reported for 765 minutes."",""alert_recommended"":true}]",0,0,0,0,0,0
2026-08-10T00:00:00+00:00,5,Offline,0,0,1,0,0,0,0,0,0,1,1,780.0,"[{""type"":""offline"",""severity"":""critical"",""channel"":null,""timestamp"":""2026-08-10T00:00:00+00:00"",""evidence"":{""gap_minutes"":780.0,""missed_intervals"":52,""offline_threshold_minutes"":180},""message"":""Sensor has not reported for 780 minutes."",""alert_recommended"":true}]",0,0,0,0,0,0
2026-08-10T00:15:00+00:00,5,Offline,0,0,1,0,0,0,0,0,0,1,1,795.0,"[{""type"":""offline"",""severity"":""critical"",""channel"":null,""timestamp"":""2026-08-10T00:15:00+00:00"",""evidence"":{""gap_minutes"":795.0,""missed_intervals"":53,""offline_threshold_minutes"":180},""message"":""Sensor has not reported for 795 minutes."",""alert_recommended"":true}]",0,0,0,0,0,0
2026-08-10T00:30:00+00:00,5,Offline,0,0,1,0,0,0,0,0,0,1,1,810.0,"[{""type"":""offline"",""severity"":""critical"",""channel"":null,""timestamp"":""2026-08-10T00:30:00+00:00"",""evidence"":{""gap_minutes"":810.0,""missed_intervals"":54,""offline_threshold_minutes"":180},""message"":""Sensor has not reported for 810 minutes."",""alert_recommended"":true}]",0,0,0,0,0,0
2026-08-10T00:45:00+00:00,5,Offline,0,0,1,0,0,0,0,0,0,1,1,825.0,"[{""type"":""offline"",""severity"":""critical"",""channel"":null,""timestamp"":""2026-08-10T00:45:00+00:00"",""evidence"":{""gap_minutes"":825.0,""missed_intervals"":55,""offline_threshold_minutes"":180},""message"":""Sensor has not reported for 825 minutes."",""alert_recommended"":true}]",0,0,0,0,0,0
2026-08-10T01:00:00+00:00,5,Offline,0,0,1,0,0,0,0,0,0,1,1,840.0,"[{""type"":""offline"",""severity"":""critical"",""channel"":null,""timestamp"":""2026-08-10T01:00:00+00:00"",""evidence"":{""gap_minutes"":840.0,""missed_intervals"":56,""offline_threshold_minutes"":180},""message"":""Sensor has not reported for 840 minutes."",""alert_recommended"":true}]",0,0,0,0,0,0
2026-08-10T01:15:00+00:00,5,Offline,0,0,1,0,0,0,0,0,0,1,1,855.0,"[{""type"":""offline"",""severity"":""critical"",""channel"":null,""timestamp"":""2026-08-10T01:15:00+00:00"",""evidence"":{""gap_minutes"":855.0,""missed_intervals"":57,""offline_threshold_minutes"":180},""message"":""Sensor has not reported for 855 minutes."",""alert_recommended"":true}]",0,0,0,0,0,0
2026-08-10T01:30:00+00:00,5,Offline,0,0,1,0,0,0,0,0,0,1,1,870.0,"[{""type"":""offline"",""severity"":""critical"",""channel"":null,""timestamp"":""2026-08-10T01:30:00+00:00"",""evidence"":{""gap_minutes"":870.0,""missed_intervals"":58,""offline_threshold_minutes"":180},""message"":""Sensor has not reported for 870 minutes."",""alert_recommended"":true}]",0,0,0,0,0,0
2026-08-10T01:45:00+00:00,5,Offline,0,0,1,0,0,0,0,0,0,1,1,885.0,"[{""type"":""offline"",""severity"":""critical"",""channel"":null,""timestamp"":""2026-08-10T01:45:00+00:00"",""evidence"":{""gap_minutes"":885.0,""missed_intervals"":59,""offline_threshold_minutes"":180},""message"":""Sensor has not reported for 885 minutes."",""alert_recommended"":true}]",0,0,0,0,0,0
2026-08-10T02:00:00+00:00,5,Offline,0,0,1,0,0,0,0,0,0,1,1,900.0,"[{""type"":""offline"",""severity"":""critical"",""channel"":null,""timestamp"":""2026-08-10T02:00:00+00:00"",""evidence"":{""gap_minutes"":900.0,""missed_intervals"":60,""offline_threshold_minutes"":180},""message"":""Sensor has not reported for 900 minutes."",""alert_recommended"":true}]",0,0,0,0,0,0
2026-08-10T02:15:00+00:00,5,Offline,0,0,1,0,0,0,0,0,0,1,1,915.0,"[{""type"":""offline"",""severity"":""critical"",""channel"":null,""timestamp"":""2026-08-10T02:15:00+00:00"",""evidence"":{""gap_minutes"":915.0,""missed_intervals"":61,""offline_threshold_minutes"":180},""message"":""Sensor has not reported for 915 minutes."",""alert_recommended"":true}]",0,0,0,0,0,0
2026-08-10T02:30:00+00:00,5,Offline,0,0,1,0,0,0,0,0,0,1,1,930.0,"[{""type"":""offline"",""severity"":""critical"",""channel"":null,""timestamp"":""2026-08-10T02:30:00+00:00"",""evidence"":{""gap_minutes"":930.0,""missed_intervals"":62,""offline_threshold_minutes"":180},""message"":""Sensor has not reported for 930 minutes."",""alert_recommended"":true}]",0,0,0,0,0,0
2026-08-10T02:45:00+00:00,5,Offline,0,0,1,0,0,0,0,0,0,1,1,945.0,"[{""type"":""offline"",""severity"":""critical"",""channel"":null,""timestamp"":""2026-08-10T02:45:00+00:00"",""evidence"":{""gap_minutes"":945.0,""missed_intervals"":63,""offline_threshold_minutes"":180},""message"":""Sensor has not reported for 945 minutes."",""alert_recommended"":true}]",0,0,0,0,0,0
2026-08-10T03:00:00+00:00,5,Offline,0,0,1,0,0,0,0,0,0,1,1,960.0,"[{""type"":""offline"",""severity"":""critical"",""channel"":null,""timestamp"":""2026-08-10T03:00:00+00:00"",""evidence"":{""gap_minutes"":960.0,""missed_intervals"":64,""offline_threshold_minutes"":180},""message"":""Sensor has not reported for 960 minutes."",""alert_recommended"":true}]",0,0,0,0,0,0
2026-08-10T03:15:00+00:00,5,Offline,0,0,1,0,0,0,0,0,0,1,1,975.0,"[{""type"":""offline"",""severity"":""critical"",""channel"":null,""timestamp"":""2026-08-10T03:15:00+00:00"",""evidence"":{""gap_minutes"":975.0,""missed_intervals"":65,""offline_threshold_minutes"":180},""message"":""Sensor has not reported for 975 minutes."",""alert_recommended"":true}]",0,0,0,0,0,0
2026-08-10T03:30:00+00:00,5,Offline,0,0,1,0,0,0,0,0,0,1,1,990.0,"[{""type"":""offline"",""severity"":""critical"",""channel"":null,""timestamp"":""2026-08-10T03:30:00+00:00"",""evidence"":{""gap_minutes"":990.0,""missed_intervals"":66,""offline_threshold_minutes"":180},""message"":""Sensor has not reported for 990 minutes."",""alert_recommended"":true}]",0,0,0,0,0,0
2026-08-10T03:45:00+00:00,5,Offline,0,0,1,0,0,0,0,0,0,1,1,1005.0,"[{""type"":""offline"",""severity"":""critical"",""channel"":null,""timestamp"":""2026-08-10T03:45:00+00:00"",""evidence"":{""gap_minutes"":1005.0,""missed_intervals"":67,""offline_threshold_minutes"":180},""message"":""Sensor has not reported for 1005 minutes."",""alert_recommended"":true}]",0,0,0,0,0,0
2026-08-10T04:00:00+00:00,5,Offline,0,0,1,0,0,0,0,0,0,1,1,1020.0,"[{""type"":""offline"",""severity"":""critical"",""channel"":null,""timestamp"":""2026-08-10T04:00:00+00:00"",""evidence"":{""gap_minutes"":1020.0,""missed_intervals"":68,""offline_threshold_minutes"":180},""message"":""Sensor has not reported for 1020 minutes."",""alert_recommended"":true}]",0,0,0,0,0,0
2026-08-10T04:15:00+00:00,5,Offline,0,0,1,0,0,0,0,0,0,1,1,1035.0,"[{""type"":""offline"",""severity"":""critical"",""channel"":null,""timestamp"":""2026-08-10T04:15:00+00:00"",""evidence"":{""gap_minutes"":1035.0,""missed_intervals"":69,""offline_threshold_minutes"":180},""message"":""Sensor has not reported for 1035 minutes."",""alert_recommended"":true}]",0,0,0,0,0,0
2026-08-10T04:30:00+00:00,5,Offline,0,0,1,0,0,0,0,0,0,1,1,1050.0,"[{""type"":""offline"",""severity"":""critical"",""channel"":null,""timestamp"":""2026-08-10T04:30:00+00:00"",""evidence"":{""gap_minutes"":1050.0,""missed_intervals"":70,""offline_threshold_minutes"":180},""message"":""Sensor has not reported for 1050 minutes."",""alert_recommended"":true}]",0,0,0,0,0,0
2026-08-10T04:45:00+00:00,5,Offline,0,0,1,0,0,0,0,0,0,1,1,1065.0,"[{""type"":""offline"",""severity"":""critical"",""channel"":null,""timestamp"":""2026-08-10T04:45:00+00:00"",""evidence"":{""gap_minutes"":1065.0,""missed_intervals"":71,""offline_threshold_minutes"":180},""message"":""Sensor has not reported for 1065 minutes."",""alert_recommended"":true}]",0,0,0,0,0,0
2026-08-10T05:00:00+00:00,5,Offline,0,0,1,0,0,0,0,0,0,1,1,1080.0,"[{""type"":""offline"",""severity"":""critical"",""channel"":null,""timestamp"":""2026-08-10T05:00:00+00:00"",""evidence"":{""gap_minutes"":1080.0,""missed_intervals"":72,""offline_threshold_minutes"":180},""message"":""Sensor has not reported for 1080 minutes."",""alert_recommended"":true}]",0,0,0,0,0,0
2026-08-10T05:15:00+00:00,5,Offline,0,0,1,0,0,0,0,0,0,1,1,1095.0,"[{""type"":""offline"",""severity"":""critical"",""channel"":null,""timestamp"":""2026-08-10T05:15:00+00:00"",""evidence"":{""gap_minutes"":1095.0,""missed_intervals"":73,""offline_threshold_minutes"":180},""message"":""Sensor has not reported for 1095 minutes."",""alert_recommended"":true}]",0,0,0,0,0,0
2026-08-10T05:30:00+00:00,5,Offline,0,0,1,0,0,0,0,0,0,1,1,1110.0,"[{""type"":""offline"",""severity"":""critical"",""channel"":null,""timestamp"":""2026-08-10T05:30:00+00:00"",""evidence"":{""gap_minutes"":1110.0,""missed_intervals"":74,""offline_threshold_minutes"":180},""message"":""Sensor has not reported for 1110 minutes."",""alert_recommended"":true}]",0,0,0,0,0,0
2026-08-10T05:45:00+00:00,5,Offline,0,0,1,0,0,0,0,0,0,1,1,1125.0,"[{""type"":""offline"",""severity"":""critical"",""channel"":null,""timestamp"":""2026-08-10T05:45:00+00:00"",""evidence"":{""gap_minutes"":1125.0,""missed_intervals"":75,""offline_threshold_minutes"":180},""message"":""Sensor has not reported for 1125 minutes."",""alert_recommended"":true}]",0,0,0,0,0,0
2026-08-10T06:00:00+00:00,5,Offline,0,0,1,0,0,0,0,0,0,1,1,1140.0,"[{""type"":""offline"",""severity"":""critical"",""channel"":null,""timestamp"":""2026-08-10T06:00:00+00:00"",""evidence"":{""gap_minutes"":1140.0,""missed_intervals"":76,""offline_threshold_minutes"":180},""message"":""Sensor has not reported for 1140 minutes."",""alert_recommended"":true}]",0,0,0,0,0,0
2026-08-10T06:15:00+00:00,5,Offline,0,0,1,0,0,0,0,0,0,1,1,1155.0,"[{""type"":""offline"",""severity"":""critical"",""channel"":null,""timestamp"":""2026-08-10T06:15:00+00:00"",""evidence"":{""gap_minutes"":1155.0,""missed_intervals"":77,""offline_threshold_minutes"":180},""message"":""Sensor has not reported for 1155 minutes."",""alert_recommended"":true}]",0,0,0,0,0,0
2026-08-10T06:30:00+00:00,5,Offline,0,0,1,0,0,0,0,0,0,1,1,1170.0,"[{""type"":""offline"",""severity"":""critical"",""channel"":null,""timestamp"":""2026-08-10T06:30:00+00:00"",""evidence"":{""gap_minutes"":1170.0,""missed_intervals"":78,""offline_threshold_minutes"":180},""message"":""Sensor has not reported for 1170 minutes."",""alert_recommended"":true}]",0,0,0,0,0,0
2026-08-10T06:45:00+00:00,5,Offline,0,0,1,0,0,0,0,0,0,1,1,1185.0,"[{""type"":""offline"",""severity"":""critical"",""channel"":null,""timestamp"":""2026-08-10T06:45:00+00:00"",""evidence"":{""gap_minutes"":1185.0,""missed_intervals"":79,""offline_threshold_minutes"":180},""message"":""Sensor has not reported for 1185 minutes."",""alert_recommended"":true}]",0,0,0,0,0,0
2026-08-10T07:00:00+00:00,5,Offline,0,0,1,0,0,0,0,0,0,1,1,1200.0,"[{""type"":""offline"",""severity"":""critical"",""channel"":null,""timestamp"":""2026-08-10T07:00:00+00:00"",""evidence"":{""gap_minutes"":1200.0,""missed_intervals"":80,""offline_threshold_minutes"":180},""message"":""Sensor has not reported for 1200 minutes."",""alert_recommended"":true}]",0,0,0,0,0,0
2026-08-10T07:15:00+00:00,5,Offline,0,0,1,0,0,0,0,0,0,1,1,1215.0,"[{""type"":""offline"",""severity"":""critical"",""channel"":null,""timestamp"":""2026-08-10T07:15:00+00:00"",""evidence"":{""gap_minutes"":1215.0,""missed_intervals"":81,""offline_threshold_minutes"":180},""message"":""Sensor has not reported for 1215 minutes."",""alert_recommended"":true}]",0,0,0,0,0,0
2026-08-10T07:30:00+00:00,5,Offline,0,0,1,0,0,0,0,0,0,1,1,1230.0,"[{""type"":""offline"",""severity"":""critical"",""channel"":null,""timestamp"":""2026-08-10T07:30:00+00:00"",""evidence"":{""gap_minutes"":1230.0,""missed_intervals"":82,""offline_threshold_minutes"":180},""message"":""Sensor has not reported for 1230 minutes."",""alert_recommended"":true}]",0,0,0,0,0,0
2026-08-10T07:45:00+00:00,5,Offline,0,0,1,0,0,0,0,0,0,1,1,1245.0,"[{""type"":""offline"",""severity"":""critical"",""channel"":null,""timestamp"":""2026-08-10T07:45:00+00:00"",""evidence"":{""gap_minutes"":1245.0,""missed_intervals"":83,""offline_threshold_minutes"":180},""message"":""Sensor has not reported for 1245 minutes."",""alert_recommended"":true}]",0,0,0,0,0,0
2026-08-10T08:00:00+00:00,5,Offline,0,0,1,0,0,0,0,0,0,1,1,1260.0,"[{""type"":""offline"",""severity"":""critical"",""channel"":null,""timestamp"":""2026-08-10T08:00:00+00:00"",""evidence"":{""gap_minutes"":1260.0,""missed_intervals"":84,""offline_threshold_minutes"":180},""message"":""Sensor has not reported for 1260 minutes."",""alert_recommended"":true}]",0,0,0,0,0,0
2026-08-10T08:15:00+00:00,5,Offline,0,0,1,0,0,0,0,0,0,1,1,1275.0,"[{""type"":""offline"",""severity"":""critical"",""channel"":null,""timestamp"":""2026-08-10T08:15:00+00:00"",""evidence"":{""gap_minutes"":1275.0,""missed_intervals"":85,""offline_threshold_minutes"":180},""message"":""Sensor has not reported for 1275 minutes."",""alert_recommended"":true}]",0,0,0,0,0,0
2026-08-10T08:30:00+00:00,5,Offline,0,0,1,0,0,0,0,0,0,1,1,1290.0,"[{""type"":""offline"",""severity"":""critical"",""channel"":null,""timestamp"":""2026-08-10T08:30:00+00:00"",""evidence"":{""gap_minutes"":1290.0,""missed_intervals"":86,""offline_threshold_minutes"":180},""message"":""Sensor has not reported for 1290 minutes."",""alert_recommended"":true}]",0,0,0,0,0,0
2026-08-10T08:45:00+00:00,5,Offline,0,0,1,0,0,0,0,0,0,1,1,1305.0,"[{""type"":""offline"",""severity"":""critical"",""channel"":null,""timestamp"":""2026-08-10T08:45:00+00:00"",""evidence"":{""gap_minutes"":1305.0,""missed_intervals"":87,""offline_threshold_minutes"":180},""message"":""Sensor has not reported for 1305 minutes."",""alert_recommended"":true}]",0,0,0,0,0,0
2026-08-10T09:00:00+00:00,5,Offline,0,0,1,0,0,0,0,0,0,1,1,1320.0,"[{""type"":""offline"",""severity"":""critical"",""channel"":null,""timestamp"":""2026-08-10T09:00:00+00:00"",""evidence"":{""gap_minutes"":1320.0,""missed_intervals"":88,""offline_threshold_minutes"":180},""message"":""Sensor has not reported for 1320 minutes."",""alert_recommended"":true}]",0,0,0,0,0,0
2026-08-10T09:15:00+00:00,5,Offline,0,0,1,0,0,0,0,0,0,1,1,1335.0,"[{""type"":""offline"",""severity"":""critical"",""channel"":null,""timestamp"":""2026-08-10T09:15:00+00:00"",""evidence"":{""gap_minutes"":1335.0,""missed_intervals"":89,""offline_threshold_minutes"":180},""message"":""Sensor has not reported for 1335 minutes."",""alert_recommended"":true}]",0,0,0,0,0,0
2026-08-10T09:30:00+00:00,5,Offline,0,0,1,0,0,0,0,0,0,1,1,1350.0,"[{""type"":""offline"",""severity"":""critical"",""channel"":null,""timestamp"":""2026-08-10T09:30:00+00:00"",""evidence"":{""gap_minutes"":1350.0,""missed_intervals"":90,""offline_threshold_minutes"":180},""message"":""Sensor has not reported for 1350 minutes."",""alert_recommended"":true}]",0,0,0,0,0,0
2026-08-10T09:45:00+00:00,5,Offline,0,0,1,0,0,0,0,0,0,1,1,1365.0,"[{""type"":""offline"",""severity"":""critical"",""channel"":null,""timestamp"":""2026-08-10T09:45:00+00:00"",""evidence"":{""gap_minutes"":1365.0,""missed_intervals"":91,""offline_threshold_minutes"":180},""message"":""Sensor has not reported for 1365 minutes."",""alert_recommended"":true}]",0,0,0,0,0,0
2026-08-10T10:00:00+00:00,5,Offline,0,0,1,0,0,0,0,0,0,1,1,1380.0,"[{""type"":""offline"",""severity"":""critical"",""channel"":null,""timestamp"":""2026-08-10T10:00:00+00:00"",""evidence"":{""gap_minutes"":1380.0,""missed_intervals"":92,""offline_threshold_minutes"":180},""message"":""Sensor has not reported for 1380 minutes."",""alert_recommended"":true}]",0,0,0,0,0,0
2026-08-10T10:15:00+00:00,5,Offline,0,0,1,0,0,0,0,0,0,1,1,1395.0,"[{""type"":""offline"",""severity"":""critical"",""channel"":null,""timestamp"":""2026-08-10T10:15:00+00:00"",""evidence"":{""gap_minutes"":1395.0,""missed_intervals"":93,""offline_threshold_minutes"":180},""message"":""Sensor has not reported for 1395 minutes."",""alert_recommended"":true}]",0,0,0,0,0,0
2026-08-10T10:30:00+00:00,5,Offline,0,0,1,0,0,0,0,0,0,1,1,1410.0,"[{""type"":""offline"",""severity"":""critical"",""channel"":null,""timestamp"":""2026-08-10T10:30:00+00:00"",""evidence"":{""gap_minutes"":1410.0,""missed_intervals"":94,""offline_threshold_minutes"":180},""message"":""Sensor has not reported for 1410 minutes."",""alert_recommended"":true}]",0,0,0,0,0,0
2026-08-10T10:45:00+00:00,5,Offline,0,0,1,0,0,0,0,0,0,1,1,1425.0,"[{""type"":""offline"",""severity"":""critical"",""channel"":null,""timestamp"":""2026-08-10T10:45:00+00:00"",""evidence"":{""gap_minutes"":1425.0,""missed_intervals"":95,""offline_threshold_minutes"":180},""message"":""Sensor has not reported for 1425 minutes."",""alert_recommended"":true}]",0,0,0,0,0,0
2026-08-10T11:00:00+00:00,5,Offline,0,0,1,0,0,0,0,0,0,1,1,1440.0,"[{""type"":""offline"",""severity"":""critical"",""channel"":null,""timestamp"":""2026-08-10T11:00:00+00:00"",""evidence"":{""gap_minutes"":1440.0,""missed_intervals"":96,""offline_threshold_minutes"":180},""message"":""Sensor has not reported for 1440 minutes."",""alert_recommended"":true}]",0,0,0,0,0,0
2026-08-10T11:15:00+00:00,5,Offline,0,0,1,0,0,0,0,0,0,1,1,1455.0,"[{""type"":""offline"",""severity"":""critical"",""channel"":null,""timestamp"":""2026-08-10T11:15:00+00:00"",""evidence"":{""gap_minutes"":1455.0,""missed_intervals"":97,""offline_threshold_minutes"":180},""message"":""Sensor has not reported for 1455 minutes."",""alert_recommended"":true}]",0,0,0,0,0,0
2026-08-10T11:30:00+00:00,5,Offline,0,0,1,0,0,0,0,0,0,1,1,1470.0,"[{""type"":""offline"",""severity"":""critical"",""channel"":null,""timestamp"":""2026-08-10T11:30:00+00:00"",""evidence"":{""gap_minutes"":1470.0,""missed_intervals"":98,""offline_threshold_minutes"":180},""message"":""Sensor has not reported for 1470 minutes."",""alert_recommended"":true}]",0,0,0,0,0,0
2026-08-10T11:45:00+00:00,5,Offline,0,0,1,0,0,0,0,0,0,1,1,1485.0,"[{""type"":""offline"",""severity"":""critical"",""channel"":null,""timestamp"":""2026-08-10T11:45:00+00:00"",""evidence"":{""gap_minutes"":1485.0,""missed_intervals"":99,""offline_threshold_minutes"":180},""message"":""Sensor has not reported for 1485 minutes."",""alert_recommended"":true}]",0,0,0,0,0,0
2026-08-10T12:00:00+00:00,5,Offline,0,0,1,0,0,0,0,0,0,1,1,1500.0,"[{""type"":""offline"",""severity"":""critical"",""channel"":null,""timestamp"":""2026-08-10T12:00:00+00:00"",""evidence"":{""gap_minutes"":1500.0,""missed_intervals"":100,""offline_threshold_minutes"":180},""message"":""Sensor has not reported for 1500 minutes."",""alert_recommended"":true}]",0,0,0,0,0,0
2026-08-10T12:15:00+00:00,5,Offline,0,0,1,0,0,0,0,0,0,1,1,1515.0,"[{""type"":""offline"",""severity"":""critical"",""channel"":null,""timestamp"":""2026-08-10T12:15:00+00:00"",""evidence"":{""gap_minutes"":1515.0,""missed_intervals"":101,""offline_threshold_minutes"":180},""message"":""Sensor has not reported for 1515 minutes."",""alert_recommended"":true}]",0,0,0,0,0,0
2026-08-10T12:30:00+00:00,5,Offline,0,0,1,0,0,0,0,0,0,1,1,1530.0,"[{""type"":""offline"",""severity"":""critical"",""channel"":null,""timestamp"":""2026-08-10T12:30:00+00:00"",""evidence"":{""gap_minutes"":1530.0,""missed_intervals"":102,""offline_threshold_minutes"":180},""message"":""Sensor has not reported for 1530 minutes."",""alert_recommended"":true}]",0,0,0,0,0,0
2026-08-10T12:45:00+00:00,5,Offline,0,0,1,0,0,0,0,0,0,1,1,1545.0,"[{""type"":""offline"",""severity"":""critical"",""channel"":null,""timestamp"":""2026-08-10T12:45:00+00:00"",""evidence"":{""gap_minutes"":1545.0,""missed_intervals"":103,""offline_threshold_minutes"":180},""message"":""Sensor has not reported for 1545 minutes."",""alert_recommended"":true}]",0,0,0,0,0,0
2026-08-10T13:00:00+00:00,5,Offline,0,0,1,0,0,0,0,0,0,1,1,1560.0,"[{""type"":""offline"",""severity"":""critical"",""channel"":null,""timestamp"":""2026-08-10T13:00:00+00:00"",""evidence"":{""gap_minutes"":1560.0,""missed_intervals"":104,""offline_threshold_minutes"":180},""message"":""Sensor has not reported for 1560 minutes."",""alert_recommended"":true}]",0,0,0,0,0,0
2026-08-10T13:15:00+00:00,5,Offline,0,0,1,0,0,0,0,0,0,1,1,1575.0,"[{""type"":""offline"",""severity"":""critical"",""channel"":null,""timestamp"":""2026-08-10T13:15:00+00:00"",""evidence"":{""gap_minutes"":1575.0,""missed_intervals"":105,""offline_threshold_minutes"":180},""message"":""Sensor has not reported for 1575 minutes."",""alert_recommended"":true}]",0,0,0,0,0,0
2026-08-10T13:30:00+00:00,5,Offline,0,0,1,0,0,0,0,0,0,1,1,1590.0,"[{""type"":""offline"",""severity"":""critical"",""channel"":null,""timestamp"":""2026-08-10T13:30:00+00:00"",""evidence"":{""gap_minutes"":1590.0,""missed_intervals"":106,""offline_threshold_minutes"":180},""message"":""Sensor has not reported for 1590 minutes."",""alert_recommended"":true}]",0,0,0,0,0,0
2026-08-10T13:45:00+00:00,5,Offline,0,0,1,0,0,0,0,0,0,1,1,1605.0,"[{""type"":""offline"",""severity"":""critical"",""channel"":null,""timestamp"":""2026-08-10T13:45:00+00:00"",""evidence"":{""gap_minutes"":1605.0,""missed_intervals"":107,""offline_threshold_minutes"":180},""message"":""Sensor has not reported for 1605 minutes."",""alert_recommended"":true}]",0,0,0,0,0,0
2026-08-10T14:00:00+00:00,5,Offline,0,0,1,0,0,0,0,0,0,1,1,1620.0,"[{""type"":""offline"",""severity"":""critical"",""channel"":null,""timestamp"":""2026-08-10T14:00:00+00:00"",""evidence"":{""gap_minutes"":1620.0,""missed_intervals"":108,""offline_threshold_minutes"":180},""message"":""Sensor has not reported for 1620 minutes."",""alert_recommended"":true}]",0,0,0,0,0,0
2026-08-10T14:15:00+00:00,5,Offline,0,0,1,0,0,0,0,0,0,1,1,1635.0,"[{""type"":""offline"",""severity"":""critical"",""channel"":null,""timestamp"":""2026-08-10T14:15:00+00:00"",""evidence"":{""gap_minutes"":1635.0,""missed_intervals"":109,""offline_threshold_minutes"":180},""message"":""Sensor has not reported for 1635 minutes."",""alert_recommended"":true}]",0,0,0,0,0,0
2026-08-10T14:30:00+00:00,5,Offline,0,0,1,0,0,0,0,0,0,1,1,1650.0,"[{""type"":""offline"",""severity"":""critical"",""channel"":null,""timestamp"":""2026-08-10T14:30:00+00:00"",""evidence"":{""gap_minutes"":1650.0,""missed_intervals"":110,""offline_threshold_minutes"":180},""message"":""Sensor has not reported for 1650 minutes."",""alert_recommended"":true}]",0,0,0,0,0,0
2026-08-10T14:45:00+00:00,5,Offline,0,0,1,0,0,0,0,0,0,1,1,1665.0,"[{""type"":""offline"",""severity"":""critical"",""channel"":null,""timestamp"":""2026-08-10T14:45:00+00:00"",""evidence"":{""gap_minutes"":1665.0,""missed_intervals"":111,""offline_threshold_minutes"":180},""message"":""Sensor has not reported for 1665 minutes."",""alert_recommended"":true}]",0,0,0,0,0,0
2026-08-10T15:00:00+00:00,5,Offline,0,0,1,0,0,0,0,0,0,1,1,1680.0,"[{""type"":""offline"",""severity"":""critical"",""channel"":null,""timestamp"":""2026-08-10T15:00:00+00:00"",""evidence"":{""gap_minutes"":1680.0,""missed_intervals"":112,""offline_threshold_minutes"":180},""message"":""Sensor has not reported for 1680 minutes."",""alert_recommended"":true}]",0,0,0,0,0,0
2026-08-10T15:15:00+00:00,5,Offline,0,0,1,0,0,0,0,0,0,1,1,1695.0,"[{""type"":""offline"",""severity"":""critical"",""channel"":null,""timestamp"":""2026-08-10T15:15:00+00:00"",""evidence"":{""gap_minutes"":1695.0,""missed_intervals"":113,""offline_threshold_minutes"":180},""message"":""Sensor has not reported for 1695 minutes."",""alert_recommended"":true}]",0,0,0,0,0,0
2026-08-10T15:30:00+00:00,5,Offline,0,0,1,0,0,0,0,0,0,1,1,1710.0,"[{""type"":""offline"",""severity"":""critical"",""channel"":null,""timestamp"":""2026-08-10T15:30:00+00:00"",""evidence"":{""gap_minutes"":1710.0,""missed_intervals"":114,""offline_threshold_minutes"":180},""message"":""Sensor has not reported for 1710 minutes."",""alert_recommended"":true}]",0,0,0,0,0,0
2026-08-10T15:45:00+00:00,5,Offline,0,0,1,0,0,0,0,0,0,1,1,1725.0,"[{""type"":""offline"",""severity"":""critical"",""channel"":null,""timestamp"":""2026-08-10T15:45:00+00:00"",""evidence"":{""gap_minutes"":1725.0,""missed_intervals"":115,""offline_threshold_minutes"":180},""message"":""Sensor has not reported for 1725 minutes."",""alert_recommended"":true}]",0,0,0,0,0,0
2026-08-10T16:00:00+00:00,5,Offline,0,0,1,0,0,0,0,0,0,1,1,1740.0,"[{""type"":""offline"",""severity"":""critical"",""channel"":null,""timestamp"":""2026-08-10T16:00:00+00:00"",""evidence"":{""gap_minutes"":1740.0,""missed_intervals"":116,""offline_threshold_minutes"":180},""message"":""Sensor has not reported for 1740 minutes."",""alert_recommended"":true}]",0,0,0,0,0,0
2026-08-10T16:15:00+00:00,5,Offline,0,0,1,0,0,0,0,0,0,1,1,1755.0,"[{""type"":""offline"",""severity"":""critical"",""channel"":null,""timestamp"":""2026-08-10T16:15:00+00:00"",""evidence"":{""gap_minutes"":1755.0,""missed_intervals"":117,""offline_threshold_minutes"":180},""message"":""Sensor has not reported for 1755 minutes."",""alert_recommended"":true}]",0,0,0,0,0,0
2026-08-10T16:30:00+00:00,5,Offline,0,0,1,0,0,0,0,0,0,1,1,1770.0,"[{""type"":""offline"",""severity"":""critical"",""channel"":null,""timestamp"":""2026-08-10T16:30:00+00:00"",""evidence"":{""gap_minutes"":1770.0,""missed_intervals"":118,""offline_threshold_minutes"":180},""message"":""Sensor has not reported for 1770 minutes."",""alert_recommended"":true}]",0,0,0,0,0,0
2026-08-10T16:45:00+00:00,5,Offline,0,0,1,0,0,0,0,0,0,1,1,1785.0,"[{""type"":""offline"",""severity"":""critical"",""channel"":null,""timestamp"":""2026-08-10T16:45:00+00:00"",""evidence"":{""gap_minutes"":1785.0,""missed_intervals"":119,""offline_threshold_minutes"":180},""message"":""Sensor has not reported for 1785 minutes."",""alert_recommended"":true}]",0,0,0,0,0,0
2026-08-10T17:00:00+00:00,5,Offline,0,0,1,0,0,0,0,0,0,1,1,1800.0,"[{""type"":""offline"",""severity"":""critical"",""channel"":null,""timestamp"":""2026-08-10T17:00:00+00:00"",""evidence"":{""gap_minutes"":1800.0,""missed_intervals"":120,""offline_threshold_minutes"":180},""message"":""Sensor has not reported for 1800 minutes."",""alert_recommended"":true}]",0,0,0,0,0,0
2026-08-10T17:15:00+00:00,5,Offline,0,0,1,0,0,0,0,0,0,1,1,1815.0,"[{""type"":""offline"",""severity"":""critical"",""channel"":null,""timestamp"":""2026-08-10T17:15:00+00:00"",""evidence"":{""gap_minutes"":1815.0,""missed_intervals"":121,""offline_threshold_minutes"":180},""message"":""Sensor has not reported for 1815 minutes."",""alert_recommended"":true}]",0,0,0,0,0,0
2026-08-10T17:30:00+00:00,5,Offline,0,0,1,0,0,0,0,0,0,1,1,1830.0,"[{""type"":""offline"",""severity"":""critical"",""channel"":null,""timestamp"":""2026-08-10T17:30:00+00:00"",""evidence"":{""gap_minutes"":1830.0,""missed_intervals"":122,""offline_threshold_minutes"":180},""message"":""Sensor has not reported for 1830 minutes."",""alert_recommended"":true}]",0,0,0,0,0,0
2026-08-10T17:45:00+00:00,5,Offline,0,0,1,0,0,0,0,0,0,1,1,1845.0,"[{""type"":""offline"",""severity"":""critical"",""channel"":null,""timestamp"":""2026-08-10T17:45:00+00:00"",""evidence"":{""gap_minutes"":1845.0,""missed_intervals"":123,""offline_threshold_minutes"":180},""message"":""Sensor has not reported for 1845 minutes."",""alert_recommended"":true}]",0,0,0,0,0,0
2026-08-10T18:00:00+00:00,5,Offline,0,0,1,0,0,0,0,0,0,1,1,1860.0,"[{""type"":""offline"",""severity"":""critical"",""channel"":null,""timestamp"":""2026-08-10T18:00:00+00:00"",""evidence"":{""gap_minutes"":1860.0,""missed_intervals"":124,""offline_threshold_minutes"":180},""message"":""Sensor has not reported for 1860 minutes."",""alert_recommended"":true}]",0,0,0,0,0,0
2026-08-10T18:15:00+00:00,5,Offline,0,0,1,0,0,0,0,0,0,1,1,1875.0,"[{""type"":""offline"",""severity"":""critical"",""channel"":null,""timestamp"":""2026-08-10T18:15:00+00:00"",""evidence"":{""gap_minutes"":1875.0,""missed_intervals"":125,""offline_threshold_minutes"":180},""message"":""Sensor has not reported for 1875 minutes."",""alert_recommended"":true}]",0,0,0,0,0,0
2026-08-10T18:30:00+00:00,5,Offline,0,0,1,0,0,0,0,0,0,1,1,1890.0,"[{""type"":""offline"",""severity"":""critical"",""channel"":null,""timestamp"":""2026-08-10T18:30:00+00:00"",""evidence"":{""gap_minutes"":1890.0,""missed_intervals"":126,""offline_threshold_minutes"":180},""message"":""Sensor has not reported for 1890 minutes."",""alert_recommended"":true}]",0,0,0,0,0,0
2026-08-10T18:45:00+00:00,5,Offline,0,0,1,0,0,0,0,0,0,1,1,1905.0,"[{""type"":""offline"",""severity"":""critical"",""channel"":null,""timestamp"":""2026-08-10T18:45:00+00:00"",""evidence"":{""gap_minutes"":1905.0,""missed_intervals"":127,""offline_threshold_minutes"":180},""message"":""Sensor has not reported for 1905 minutes."",""alert_recommended"":true}]",0,0,0,0,0,0
2026-08-10T19:00:00+00:00,5,Offline,0,0,1,0,0,0,0,0,0,1,1,1920.0,"[{""type"":""offline"",""severity"":""critical"",""channel"":null,""timestamp"":""2026-08-10T19:00:00+00:00"",""evidence"":{""gap_minutes"":1920.0,""missed_intervals"":128,""offline_threshold_minutes"":180},""message"":""Sensor has not reported for 1920 minutes."",""alert_recommended"":true}]",0,0,0,0,0,0
2026-08-10T19:15:00+00:00,5,Offline,0,0,1,0,0,0,0,0,0,1,1,1935.0,"[{""type"":""offline"",""severity"":""critical"",""channel"":null,""timestamp"":""2026-08-10T19:15:00+00:00"",""evidence"":{""gap_minutes"":1935.0,""missed_intervals"":129,""offline_threshold_minutes"":180},""message"":""Sensor has not reported for 1935 minutes."",""alert_recommended"":true}]",0,0,0,0,0,0
2026-08-10T19:30:00+00:00,5,Offline,0,0,1,0,0,0,0,0,0,1,1,1950.0,"[{""type"":""offline"",""severity"":""critical"",""channel"":null,""timestamp"":""2026-08-10T19:30:00+00:00"",""evidence"":{""gap_minutes"":1950.0,""missed_intervals"":130,""offline_threshold_minutes"":180},""message"":""Sensor has not reported for 1950 minutes."",""alert_recommended"":true}]",0,0,0,0,0,0
2026-08-10T19:45:00+00:00,5,Offline,0,0,1,0,0,0,0,0,0,1,1,1965.0,"[{""type"":""offline"",""severity"":""critical"",""channel"":null,""timestamp"":""2026-08-10T19:45:00+00:00"",""evidence"":{""gap_minutes"":1965.0,""missed_intervals"":131,""offline_threshold_minutes"":180},""message"":""Sensor has not reported for 1965 minutes."",""alert_recommended"":true}]",0,0,0,0,0,0
2026-08-10T20:00:00+00:00,5,Offline,0,0,1,0,0,0,0,0,0,1,1,1980.0,"[{""type"":""offline"",""severity"":""critical"",""channel"":null,""timestamp"":""2026-08-10T20:00:00+00:00"",""evidence"":{""gap_minutes"":1980.0,""missed_intervals"":132,""offline_threshold_minutes"":180},""message"":""Sensor has not reported for 1980 minutes."",""alert_recommended"":true}]",0,0,0,0,0,0
2026-08-10T20:15:00+00:00,5,Offline,0,0,1,0,0,0,0,0,0,1,1,1995.0,"[{""type"":""offline"",""severity"":""critical"",""channel"":null,""timestamp"":""2026-08-10T20:15:00+00:00"",""evidence"":{""gap_minutes"":1995.0,""missed_intervals"":133,""offline_threshold_minutes"":180},""message"":""Sensor has not reported for 1995 minutes."",""alert_recommended"":true}]",0,0,0,0,0,0
2026-08-10T20:30:00+00:00,5,Offline,0,0,1,0,0,0,0,0,0,1,1,2010.0,"[{""type"":""offline"",""severity"":""critical"",""channel"":null,""timestamp"":""2026-08-10T20:30:00+00:00"",""evidence"":{""gap_minutes"":2010.0,""missed_intervals"":134,""offline_threshold_minutes"":180},""message"":""Sensor has not reported for 2010 minutes."",""alert_recommended"":true}]",0,0,0,0,0,0
2026-08-10T20:45:00+00:00,5,Offline,0,0,1,0,0,0,0,0,0,1,1,2025.0,"[{""type"":""offline"",""severity"":""critical"",""channel"":null,""timestamp"":""2026-08-10T20:45:00+00:00"",""evidence"":{""gap_minutes"":2025.0,""missed_intervals"":135,""offline_threshold_minutes"":180},""message"":""Sensor has not reported for 2025 minutes."",""alert_recommended"":true}]",0,0,0,0,0,0
2026-08-10T21:00:00+00:00,5,Offline,0,0,1,0,0,0,0,0,0,1,1,2040.0,"[{""type"":""offline"",""severity"":""critical"",""channel"":null,""timestamp"":""2026-08-10T21:00:00+00:00"",""evidence"":{""gap_minutes"":2040.0,""missed_intervals"":136,""offline_threshold_minutes"":180},""message"":""Sensor has not reported for 2040 minutes."",""alert_recommended"":true}]",0,0,0,0,0,0
2026-08-10T21:15:00+00:00,5,Offline,0,0,1,0,0,0,0,0,0,1,1,2055.0,"[{""type"":""offline"",""severity"":""critical"",""channel"":null,""timestamp"":""2026-08-10T21:15:00+00:00"",""evidence"":{""gap_minutes"":2055.0,""missed_intervals"":137,""offline_threshold_minutes"":180},""message"":""Sensor has not reported for 2055 minutes."",""alert_recommended"":true}]",0,0,0,0,0,0
2026-08-10T21:30:00+00:00,5,Offline,0,0,1,0,0,0,0,0,0,1,1,2070.0,"[{""type"":""offline"",""severity"":""critical"",""channel"":null,""timestamp"":""2026-08-10T21:30:00+00:00"",""evidence"":{""gap_minutes"":2070.0,""missed_intervals"":138,""offline_threshold_minutes"":180},""message"":""Sensor has not reported for 2070 minutes."",""alert_recommended"":true}]",0,0,0,0,0,0
2026-08-10T21:45:00+00:00,5,Offline,0,0,1,0,0,0,0,0,0,1,1,2085.0,"[{""type"":""offline"",""severity"":""critical"",""channel"":null,""timestamp"":""2026-08-10T21:45:00+00:00"",""evidence"":{""gap_minutes"":2085.0,""missed_intervals"":139,""offline_threshold_minutes"":180},""message"":""Sensor has not reported for 2085 minutes."",""alert_recommended"":true}]",0,0,0,0,0,0
2026-08-10T22:00:00+00:00,5,Offline,0,0,1,0,0,0,0,0,0,1,1,2100.0,"[{""type"":""offline"",""severity"":""critical"",""channel"":null,""timestamp"":""2026-08-10T22:00:00+00:00"",""evidence"":{""gap_minutes"":2100.0,""missed_intervals"":140,""offline_threshold_minutes"":180},""message"":""Sensor has not reported for 2100 minutes."",""alert_recommended"":true}]",0,0,0,0,0,0
2026-08-10T22:15:00+00:00,5,Offline,0,0,1,0,0,0,0,0,0,1,1,2115.0,"[{""type"":""offline"",""severity"":""critical"",""channel"":null,""timestamp"":""2026-08-10T22:15:00+00:00"",""evidence"":{""gap_minutes"":2115.0,""missed_intervals"":141,""offline_threshold_minutes"":180},""message"":""Sensor has not reported for 2115 minutes."",""alert_recommended"":true}]",0,0,0,0,0,0
2026-08-10T22:30:00+00:00,5,Offline,0,0,1,0,0,0,0,0,0,1,1,2130.0,"[{""type"":""offline"",""severity"":""critical"",""channel"":null,""timestamp"":""2026-08-10T22:30:00+00:00"",""evidence"":{""gap_minutes"":2130.0,""missed_intervals"":142,""offline_threshold_minutes"":180},""message"":""Sensor has not reported for 2130 minutes."",""alert_recommended"":true}]",0,0,0,0,0,0
2026-08-10T22:45:00+00:00,5,Offline,0,0,1,0,0,0,0,0,0,1,1,2145.0,"[{""type"":""offline"",""severity"":""critical"",""channel"":null,""timestamp"":""2026-08-10T22:45:00+00:00"",""evidence"":{""gap_minutes"":2145.0,""missed_intervals"":143,""offline_threshold_minutes"":180},""message"":""Sensor has not reported for 2145 minutes."",""alert_recommended"":true}]",0,0,0,0,0,0
2026-08-10T23:00:00+00:00,5,Offline,0,0,1,0,0,0,0,0,0,1,1,2160.0,"[{""type"":""offline"",""severity"":""critical"",""channel"":null,""timestamp"":""2026-08-10T23:00:00+00:00"",""evidence"":{""gap_minutes"":2160.0,""missed_intervals"":144,""offline_threshold_minutes"":180},""message"":""Sensor has not reported for 2160 minutes."",""alert_recommended"":true}]",0,0,0,0,0,0
2026-08-10T23:15:00+00:00,5,Offline,0,0,1,0,0,0,0,0,0,1,1,2175.0,"[{""type"":""offline"",""severity"":""critical"",""channel"":null,""timestamp"":""2026-08-10T23:15:00+00:00"",""evidence"":{""gap_minutes"":2175.0,""missed_intervals"":145,""offline_threshold_minutes"":180},""message"":""Sensor has not reported for 2175 minutes."",""alert_recommended"":true}]",0,0,0,0,0,0
2026-08-10T23:30:00+00:00,5,Offline,0,0,1,0,0,0,0,0,0,1,1,2190.0,"[{""type"":""offline"",""severity"":""critical"",""channel"":null,""timestamp"":""2026-08-10T23:30:00+00:00"",""evidence"":{""gap_minutes"":2190.0,""missed_intervals"":146,""offline_threshold_minutes"":180},""message"":""Sensor has not reported for 2190 minutes."",""alert_recommended"":true}]",0,0,0,0,0,0
2026-08-10T23:45:00+00:00,5,Offline,0,0,1,0,0,0,0,0,0,1,1,2205.0,"[{""type"":""offline"",""severity"":""critical"",""channel"":null,""timestamp"":""2026-08-10T23:45:00+00:00"",""evidence"":{""gap_minutes"":2205.0,""missed_intervals"":147,""offline_threshold_minutes"":180},""message"":""Sensor has not reported for 2205 minutes."",""alert_recommended"":true}]",0,0,0,0,0,0
2026-08-11T00:00:00+00:00,5,Offline,0,0,1,0,0,0,0,0,0,1,1,2220.0,"[{""type"":""offline"",""severity"":""critical"",""channel"":null,""timestamp"":""2026-08-11T00:00:00+00:00"",""evidence"":{""gap_minutes"":2220.0,""missed_intervals"":148,""offline_threshold_minutes"":180},""message"":""Sensor has not reported for 2220 minutes."",""alert_recommended"":true}]",0,0,0,0,0,0
2026-08-11T00:15:00+00:00,5,Offline,0,0,1,0,0,0,0,0,0,1,1,2235.0,"[{""type"":""offline"",""severity"":""critical"",""channel"":null,""timestamp"":""2026-08-11T00:15:00+00:00"",""evidence"":{""gap_minutes"":2235.0,""missed_intervals"":149,""offline_threshold_minutes"":180},""message"":""Sensor has not reported for 2235 minutes."",""alert_recommended"":true}]",0,0,0,0,0,0
2026-08-11T00:30:00+00:00,5,Offline,0,0,1,0,0,0,0,0,0,1,1,2250.0,"[{""type"":""offline"",""severity"":""critical"",""channel"":null,""timestamp"":""2026-08-11T00:30:00+00:00"",""evidence"":{""gap_minutes"":2250.0,""missed_intervals"":150,""offline_threshold_minutes"":180},""message"":""Sensor has not reported for 2250 minutes."",""alert_recommended"":true}]",0,0,0,0,0,0
2026-08-11T00:45:00+00:00,5,Offline,0,0,1,0,0,0,0,0,0,1,1,2265.0,"[{""type"":""offline"",""severity"":""critical"",""channel"":null,""timestamp"":""2026-08-11T00:45:00+00:00"",""evidence"":{""gap_minutes"":2265.0,""missed_intervals"":151,""offline_threshold_minutes"":180},""message"":""Sensor has not reported for 2265 minutes."",""alert_recommended"":true}]",0,0,0,0,0,0
2026-08-11T01:00:00+00:00,5,Offline,0,0,1,0,0,0,0,0,0,1,1,2280.0,"[{""type"":""offline"",""severity"":""critical"",""channel"":null,""timestamp"":""2026-08-11T01:00:00+00:00"",""evidence"":{""gap_minutes"":2280.0,""missed_intervals"":152,""offline_threshold_minutes"":180},""message"":""Sensor has not reported for 2280 minutes."",""alert_recommended"":true}]",0,0,0,0,0,0
2026-08-11T01:15:00+00:00,5,Offline,0,0,1,0,0,0,0,0,0,1,1,2295.0,"[{""type"":""offline"",""severity"":""critical"",""channel"":null,""timestamp"":""2026-08-11T01:15:00+00:00"",""evidence"":{""gap_minutes"":2295.0,""missed_intervals"":153,""offline_threshold_minutes"":180},""message"":""Sensor has not reported for 2295 minutes."",""alert_recommended"":true}]",0,0,0,0,0,0
2026-08-11T01:30:00+00:00,5,Offline,0,0,1,0,0,0,0,0,0,1,1,2310.0,"[{""type"":""offline"",""severity"":""critical"",""channel"":null,""timestamp"":""2026-08-11T01:30:00+00:00"",""evidence"":{""gap_minutes"":2310.0,""missed_intervals"":154,""offline_threshold_minutes"":180},""message"":""Sensor has not reported for 2310 minutes."",""alert_recommended"":true}]",0,0,0,0,0,0
2026-08-11T01:45:00+00:00,5,Offline,0,0,1,0,0,0,0,0,0,1,1,2325.0,"[{""type"":""offline"",""severity"":""critical"",""channel"":null,""timestamp"":""2026-08-11T01:45:00+00:00"",""evidence"":{""gap_minutes"":2325.0,""missed_intervals"":155,""offline_threshold_minutes"":180},""message"":""Sensor has not reported for 2325 minutes."",""alert_recommended"":true}]",0,0,0,0,0,0
2026-08-11T02:00:00+00:00,5,Offline,0,0,1,0,0,0,0,0,0,1,1,2340.0,"[{""type"":""offline"",""severity"":""critical"",""channel"":null,""timestamp"":""2026-08-11T02:00:00+00:00"",""evidence"":{""gap_minutes"":2340.0,""missed_intervals"":156,""offline_threshold_minutes"":180},""message"":""Sensor has not reported for 2340 minutes."",""alert_recommended"":true}]",0,0,0,0,0,0
2026-08-11T02:15:00+00:00,5,Offline,0,0,1,0,0,0,0,0,0,1,1,2355.0,"[{""type"":""offline"",""severity"":""critical"",""channel"":null,""timestamp"":""2026-08-11T02:15:00+00:00"",""evidence"":{""gap_minutes"":2355.0,""missed_intervals"":157,""offline_threshold_minutes"":180},""message"":""Sensor has not reported for 2355 minutes."",""alert_recommended"":true}]",0,0,0,0,0,0
2026-08-11T02:30:00+00:00,5,Offline,0,0,1,0,0,0,0,0,0,1,1,2370.0,"[{""type"":""offline"",""severity"":""critical"",""channel"":null,""timestamp"":""2026-08-11T02:30:00+00:00"",""evidence"":{""gap_minutes"":2370.0,""missed_intervals"":158,""offline_threshold_minutes"":180},""message"":""Sensor has not reported for 2370 minutes."",""alert_recommended"":true}]",0,0,0,0,0,0
2026-08-11T02:45:00+00:00,5,Offline,0,0,1,0,0,0,0,0,0,1,1,2385.0,"[{""type"":""offline"",""severity"":""critical"",""channel"":null,""timestamp"":""2026-08-11T02:45:00+00:00"",""evidence"":{""gap_minutes"":2385.0,""missed_intervals"":159,""offline_threshold_minutes"":180},""message"":""Sensor has not reported for 2385 minutes."",""alert_recommended"":true}]",0,0,0,0,0,0
2026-08-11T03:00:00+00:00,5,Offline,0,0,1,0,0,0,0,0,0,1,1,2400.0,"[{""type"":""offline"",""severity"":""critical"",""channel"":null,""timestamp"":""2026-08-11T03:00:00+00:00"",""evidence"":{""gap_minutes"":2400.0,""missed_intervals"":160,""offline_threshold_minutes"":180},""message"":""Sensor has not reported for 2400 minutes."",""alert_recommended"":true}]",0,0,0,0,0,0
2026-08-11T03:15:00+00:00,5,Offline,0,0,1,0,0,0,0,0,0,1,1,2415.0,"[{""type"":""offline"",""severity"":""critical"",""channel"":null,""timestamp"":""2026-08-11T03:15:00+00:00"",""evidence"":{""gap_minutes"":2415.0,""missed_intervals"":161,""offline_threshold_minutes"":180},""message"":""Sensor has not reported for 2415 minutes."",""alert_recommended"":true}]",0,0,0,0,0,0
2026-08-11T03:30:00+00:00,5,Offline,0,0,1,0,0,0,0,0,0,1,1,2430.0,"[{""type"":""offline"",""severity"":""critical"",""channel"":null,""timestamp"":""2026-08-11T03:30:00+00:00"",""evidence"":{""gap_minutes"":2430.0,""missed_intervals"":162,""offline_threshold_minutes"":180},""message"":""Sensor has not reported for 2430 minutes."",""alert_recommended"":true}]",0,0,0,0,0,0
2026-08-11T03:45:00+00:00,5,Offline,0,0,1,0,0,0,0,0,0,1,1,2445.0,"[{""type"":""offline"",""severity"":""critical"",""channel"":null,""timestamp"":""2026-08-11T03:45:00+00:00"",""evidence"":{""gap_minutes"":2445.0,""missed_intervals"":163,""offline_threshold_minutes"":180},""message"":""Sensor has not reported for 2445 minutes."",""alert_recommended"":true}]",0,0,0,0,0,0
2026-08-11T04:00:00+00:00,5,Offline,0,0,1,0,0,0,0,0,0,1,1,2460.0,"[{""type"":""offline"",""severity"":""critical"",""channel"":null,""timestamp"":""2026-08-11T04:00:00+00:00"",""evidence"":{""gap_minutes"":2460.0,""missed_intervals"":164,""offline_threshold_minutes"":180},""message"":""Sensor has not reported for 2460 minutes."",""alert_recommended"":true}]",0,0,0,0,0,0
2026-08-11T04:15:00+00:00,5,Offline,0,0,1,0,0,0,0,0,0,1,1,2475.0,"[{""type"":""offline"",""severity"":""critical"",""channel"":null,""timestamp"":""2026-08-11T04:15:00+00:00"",""evidence"":{""gap_minutes"":2475.0,""missed_intervals"":165,""offline_threshold_minutes"":180},""message"":""Sensor has not reported for 2475 minutes."",""alert_recommended"":true}]",0,0,0,0,0,0
2026-08-11T04:30:00+00:00,5,Offline,0,0,1,0,0,0,0,0,0,1,1,2490.0,"[{""type"":""offline"",""severity"":""critical"",""channel"":null,""timestamp"":""2026-08-11T04:30:00+00:00"",""evidence"":{""gap_minutes"":2490.0,""missed_intervals"":166,""offline_threshold_minutes"":180},""message"":""Sensor has not reported for 2490 minutes."",""alert_recommended"":true}]",0,0,0,0,0,0
2026-08-11T04:45:00+00:00,5,Offline,0,0,1,0,0,0,0,0,0,1,1,2505.0,"[{""type"":""offline"",""severity"":""critical"",""channel"":null,""timestamp"":""2026-08-11T04:45:00+00:00"",""evidence"":{""gap_minutes"":2505.0,""missed_intervals"":167,""offline_threshold_minutes"":180},""message"":""Sensor has not reported for 2505 minutes."",""alert_recommended"":true}]",0,0,0,0,0,0
2026-08-11T05:00:00+00:00,5,Offline,0,0,1,0,0,0,0,0,0,1,1,2520.0,"[{""type"":""offline"",""severity"":""critical"",""channel"":null,""timestamp"":""2026-08-11T05:00:00+00:00"",""evidence"":{""gap_minutes"":2520.0,""missed_intervals"":168,""offline_threshold_minutes"":180},""message"":""Sensor has not reported for 2520 minutes."",""alert_recommended"":true}]",0,0,0,0,0,0
2026-08-11T05:15:00+00:00,5,Offline,0,0,1,0,0,0,0,0,0,1,1,2535.0,"[{""type"":""offline"",""severity"":""critical"",""channel"":null,""timestamp"":""2026-08-11T05:15:00+00:00"",""evidence"":{""gap_minutes"":2535.0,""missed_intervals"":169,""offline_threshold_minutes"":180},""message"":""Sensor has not reported for 2535 minutes."",""alert_recommended"":true}]",0,0,0,0,0,0
2026-08-11T05:30:00+00:00,5,Offline,0,0,1,0,0,0,0,0,0,1,1,2550.0,"[{""type"":""offline"",""severity"":""critical"",""channel"":null,""timestamp"":""2026-08-11T05:30:00+00:00"",""evidence"":{""gap_minutes"":2550.0,""missed_intervals"":170,""offline_threshold_minutes"":180},""message"":""Sensor has not reported for 2550 minutes."",""alert_recommended"":true}]",0,0,0,0,0,0
2026-08-11T05:45:00+00:00,5,Offline,0,0,1,0,0,0,0,0,0,1,1,2565.0,"[{""type"":""offline"",""severity"":""critical"",""channel"":null,""timestamp"":""2026-08-11T05:45:00+00:00"",""evidence"":{""gap_minutes"":2565.0,""missed_intervals"":171,""offline_threshold_minutes"":180},""message"":""Sensor has not reported for 2565 minutes."",""alert_recommended"":true}]",0,0,0,0,0,0
2026-08-11T06:00:00+00:00,5,Offline,0,0,1,0,0,0,0,0,0,1,1,2580.0,"[{""type"":""offline"",""severity"":""critical"",""channel"":null,""timestamp"":""2026-08-11T06:00:00+00:00"",""evidence"":{""gap_minutes"":2580.0,""missed_intervals"":172,""offline_threshold_minutes"":180},""message"":""Sensor has not reported for 2580 minutes."",""alert_recommended"":true}]",0,0,0,0,0,0
2026-08-11T06:15:00+00:00,5,Offline,0,0,1,0,0,0,0,0,0,1,1,2595.0,"[{""type"":""offline"",""severity"":""critical"",""channel"":null,""timestamp"":""2026-08-11T06:15:00+00:00"",""evidence"":{""gap_minutes"":2595.0,""missed_intervals"":173,""offline_threshold_minutes"":180},""message"":""Sensor has not reported for 2595 minutes."",""alert_recommended"":true}]",0,0,0,0,0,0
2026-08-11T06:30:00+00:00,5,Offline,0,0,1,0,0,0,0,0,0,1,1,2610.0,"[{""type"":""offline"",""severity"":""critical"",""channel"":null,""timestamp"":""2026-08-11T06:30:00+00:00"",""evidence"":{""gap_minutes"":2610.0,""missed_intervals"":174,""offline_threshold_minutes"":180},""message"":""Sensor has not reported for 2610 minutes."",""alert_recommended"":true}]",0,0,0,0,0,0
2026-08-11T06:45:00+00:00,5,Offline,0,0,1,0,0,0,0,0,0,1,1,2625.0,"[{""type"":""offline"",""severity"":""critical"",""channel"":null,""timestamp"":""2026-08-11T06:45:00+00:00"",""evidence"":{""gap_minutes"":2625.0,""missed_intervals"":175,""offline_threshold_minutes"":180},""message"":""Sensor has not reported for 2625 minutes."",""alert_recommended"":true}]",0,0,0,0,0,0
2026-08-11T07:00:00+00:00,5,Offline,0,0,1,0,0,0,0,0,0,1,1,2640.0,"[{""type"":""offline"",""severity"":""critical"",""channel"":null,""timestamp"":""2026-08-11T07:00:00+00:00"",""evidence"":{""gap_minutes"":2640.0,""missed_intervals"":176,""offline_threshold_minutes"":180},""message"":""Sensor has not reported for 2640 minutes."",""alert_recommended"":true}]",0,0,0,0,0,0
2026-08-11T07:15:00+00:00,5,Offline,0,0,1,0,0,0,0,0,0,1,1,2655.0,"[{""type"":""offline"",""severity"":""critical"",""channel"":null,""timestamp"":""2026-08-11T07:15:00+00:00"",""evidence"":{""gap_minutes"":2655.0,""missed_intervals"":177,""offline_threshold_minutes"":180},""message"":""Sensor has not reported for 2655 minutes."",""alert_recommended"":true}]",0,0,0,0,0,0
2026-08-11T07:30:00+00:00,5,Offline,0,0,1,0,0,0,0,0,0,1,1,2670.0,"[{""type"":""offline"",""severity"":""critical"",""channel"":null,""timestamp"":""2026-08-11T07:30:00+00:00"",""evidence"":{""gap_minutes"":2670.0,""missed_intervals"":178,""offline_threshold_minutes"":180},""message"":""Sensor has not reported for 2670 minutes."",""alert_recommended"":true}]",0,0,0,0,0,0
2026-08-11T07:45:00+00:00,5,Offline,0,0,1,0,0,0,0,0,0,1,1,2685.0,"[{""type"":""offline"",""severity"":""critical"",""channel"":null,""timestamp"":""2026-08-11T07:45:00+00:00"",""evidence"":{""gap_minutes"":2685.0,""missed_intervals"":179,""offline_threshold_minutes"":180},""message"":""Sensor has not reported for 2685 minutes."",""alert_recommended"":true}]",0,0,0,0,0,0
2026-08-11T08:00:00+00:00,5,Offline,0,0,1,0,0,0,0,0,0,1,1,2700.0,"[{""type"":""offline"",""severity"":""critical"",""channel"":null,""timestamp"":""2026-08-11T08:00:00+00:00"",""evidence"":{""gap_minutes"":2700.0,""missed_intervals"":180,""offline_threshold_minutes"":180},""message"":""Sensor has not reported for 2700 minutes."",""alert_recommended"":true}]",0,0,0,0,0,0
2026-08-11T08:15:00+00:00,5,Offline,0,0,1,0,0,0,0,0,0,1,1,2715.0,"[{""type"":""offline"",""severity"":""critical"",""channel"":null,""timestamp"":""2026-08-11T08:15:00+00:00"",""evidence"":{""gap_minutes"":2715.0,""missed_intervals"":181,""offline_threshold_minutes"":180},""message"":""Sensor has not reported for 2715 minutes."",""alert_recommended"":true}]",0,0,0,0,0,0
2026-08-11T08:30:00+00:00,5,Offline,0,0,1,0,0,0,0,0,0,1,1,2730.0,"[{""type"":""offline"",""severity"":""critical"",""channel"":null,""timestamp"":""2026-08-11T08:30:00+00:00"",""evidence"":{""gap_minutes"":2730.0,""missed_intervals"":182,""offline_threshold_minutes"":180},""message"":""Sensor has not reported for 2730 minutes."",""alert_recommended"":true}]",0,0,0,0,0,0
2026-08-11T08:45:00+00:00,5,Offline,0,0,1,0,0,0,0,0,0,1,1,2745.0,"[{""type"":""offline"",""severity"":""critical"",""channel"":null,""timestamp"":""2026-08-11T08:45:00+00:00"",""evidence"":{""gap_minutes"":2745.0,""missed_intervals"":183,""offline_threshold_minutes"":180},""message"":""Sensor has not reported for 2745 minutes."",""alert_recommended"":true}]",0,0,0,0,0,0
2026-08-11T09:00:00+00:00,5,Offline,0,0,1,0,0,0,0,0,0,1,1,2760.0,"[{""type"":""offline"",""severity"":""critical"",""channel"":null,""timestamp"":""2026-08-11T09:00:00+00:00"",""evidence"":{""gap_minutes"":2760.0,""missed_intervals"":184,""offline_threshold_minutes"":180},""message"":""Sensor has not reported for 2760 minutes."",""alert_recommended"":true}]",0,0,0,0,0,0
2026-08-11T09:15:00+00:00,5,Offline,0,0,1,0,0,0,0,0,0,1,1,2775.0,"[{""type"":""offline"",""severity"":""critical"",""channel"":null,""timestamp"":""2026-08-11T09:15:00+00:00"",""evidence"":{""gap_minutes"":2775.0,""missed_intervals"":185,""offline_threshold_minutes"":180},""message"":""Sensor has not reported for 2775 minutes."",""alert_recommended"":true}]",0,0,0,0,0,0
2026-08-11T09:30:00+00:00,5,Offline,0,0,1,0,0,0,0,0,0,1,1,2790.0,"[{""type"":""offline"",""severity"":""critical"",""channel"":null,""timestamp"":""2026-08-11T09:30:00+00:00"",""evidence"":{""gap_minutes"":2790.0,""missed_intervals"":186,""offline_threshold_minutes"":180},""message"":""Sensor has not reported for 2790 minutes."",""alert_recommended"":true}]",0,0,0,0,0,0
2026-08-11T09:45:00+00:00,5,Offline,0,0,1,0,0,0,0,0,0,1,1,2805.0,"[{""type"":""offline"",""severity"":""critical"",""channel"":null,""timestamp"":""2026-08-11T09:45:00+00:00"",""evidence"":{""gap_minutes"":2805.0,""missed_intervals"":187,""offline_threshold_minutes"":180},""message"":""Sensor has not reported for 2805 minutes."",""alert_recommended"":true}]",0,0,0,0,0,0
2026-08-11T10:00:00+00:00,5,Offline,0,0,1,0,0,0,0,0,0,1,1,2820.0,"[{""type"":""offline"",""severity"":""critical"",""channel"":null,""timestamp"":""2026-08-11T10:00:00+00:00"",""evidence"":{""gap_minutes"":2820.0,""missed_intervals"":188,""offline_threshold_minutes"":180},""message"":""Sensor has not reported for 2820 minutes."",""alert_recommended"":true}]",0,0,0,0,0,0
2026-08-11T10:15:00+00:00,5,Offline,0,0,1,0,0,0,0,0,0,1,1,2835.0,"[{""type"":""offline"",""severity"":""critical"",""channel"":null,""timestamp"":""2026-08-11T10:15:00+00:00"",""evidence"":{""gap_minutes"":2835.0,""missed_intervals"":189,""offline_threshold_minutes"":180},""message"":""Sensor has not reported for 2835 minutes."",""alert_recommended"":true}]",0,0,0,0,0,0
2026-08-11T10:30:00+00:00,5,Offline,0,0,1,0,0,0,0,0,0,1,1,2850.0,"[{""type"":""offline"",""severity"":""critical"",""channel"":null,""timestamp"":""2026-08-11T10:30:00+00:00"",""evidence"":{""gap_minutes"":2850.0,""missed_intervals"":190,""offline_threshold_minutes"":180},""message"":""Sensor has not reported for 2850 minutes."",""alert_recommended"":true}]",0,0,0,0,0,0
2026-08-11T10:45:00+00:00,5,Offline,0,0,1,0,0,0,0,0,0,1,1,2865.0,"[{""type"":""offline"",""severity"":""critical"",""channel"":null,""timestamp"":""2026-08-11T10:45:00+00:00"",""evidence"":{""gap_minutes"":2865.0,""missed_intervals"":191,""offline_threshold_minutes"":180},""message"":""Sensor has not reported for 2865 minutes."",""alert_recommended"":true}]",0,0,0,0,0,0
2026-08-11T11:00:00+00:00,5,Offline,0,0,1,0,0,0,0,0,0,1,1,2880.0,"[{""type"":""offline"",""severity"":""critical"",""channel"":null,""timestamp"":""2026-08-11T11:00:00+00:00"",""evidence"":{""gap_minutes"":2880.0,""missed_intervals"":192,""offline_threshold_minutes"":180},""message"":""Sensor has not reported for 2880 minutes."",""alert_recommended"":true}]",0,0,0,0,0,0
2026-08-11T11:15:00+00:00,5,Offline,0,0,1,0,0,0,0,0,0,1,1,2895.0,"[{""type"":""offline"",""severity"":""critical"",""channel"":null,""timestamp"":""2026-08-11T11:15:00+00:00"",""evidence"":{""gap_minutes"":2895.0,""missed_intervals"":193,""offline_threshold_minutes"":180},""message"":""Sensor has not reported for 2895 minutes."",""alert_recommended"":true}]",0,0,0,0,0,0
2026-08-11T11:30:00+00:00,5,Offline,0,0,1,0,0,0,0,0,0,1,1,2910.0,"[{""type"":""offline"",""severity"":""critical"",""channel"":null,""timestamp"":""2026-08-11T11:30:00+00:00"",""evidence"":{""gap_minutes"":2910.0,""missed_intervals"":194,""offline_threshold_minutes"":180},""message"":""Sensor has not reported for 2910 minutes."",""alert_recommended"":true}]",0,0,0,0,0,0
2026-08-11T11:45:00+00:00,5,Offline,0,0,1,0,0,0,0,0,0,1,1,2925.0,"[{""type"":""offline"",""severity"":""critical"",""channel"":null,""timestamp"":""2026-08-11T11:45:00+00:00"",""evidence"":{""gap_minutes"":2925.0,""missed_intervals"":195,""offline_threshold_minutes"":180},""message"":""Sensor has not reported for 2925 minutes."",""alert_recommended"":true}]",0,0,0,0,0,0
2026-08-11T12:00:00+00:00,5,Offline,0,0,1,0,0,0,0,0,0,1,1,2940.0,"[{""type"":""offline"",""severity"":""critical"",""channel"":null,""timestamp"":""2026-08-11T12:00:00+00:00"",""evidence"":{""gap_minutes"":2940.0,""missed_intervals"":196,""offline_threshold_minutes"":180},""message"":""Sensor has not reported for 2940 minutes."",""alert_recommended"":true}]",0,0,0,0,0,0
2026-08-11T12:15:00+00:00,5,Offline,0,0,1,0,0,0,0,0,0,1,1,2955.0,"[{""type"":""offline"",""severity"":""critical"",""channel"":null,""timestamp"":""2026-08-11T12:15:00+00:00"",""evidence"":{""gap_minutes"":2955.0,""missed_intervals"":197,""offline_threshold_minutes"":180},""message"":""Sensor has not reported for 2955 minutes."",""alert_recommended"":true}]",0,0,0,0,0,0
2026-08-11T12:30:00+00:00,5,Offline,0,0,1,0,0,0,0,0,0,1,1,2970.0,"[{""type"":""offline"",""severity"":""critical"",""channel"":null,""timestamp"":""2026-08-11T12:30:00+00:00"",""evidence"":{""gap_minutes"":2970.0,""missed_intervals"":198,""offline_threshold_minutes"":180},""message"":""Sensor has not reported for 2970 minutes."",""alert_recommended"":true}]",0,0,0,0,0,0
2026-08-11T12:45:00+00:00,5,Offline,0,0,1,0,0,0,0,0,0,1,1,2985.0,"[{""type"":""offline"",""severity"":""critical"",""channel"":null,""timestamp"":""2026-08-11T12:45:00+00:00"",""evidence"":{""gap_minutes"":2985.0,""missed_intervals"":199,""offline_threshold_minutes"":180},""message"":""Sensor has not reported for 2985 minutes."",""alert_recommended"":true}]",0,0,0,0,0,0
2026-08-11T13:00:00+00:00,5,Offline,0,0,1,0,0,0,0,0,0,1,1,3000.0,"[{""type"":""offline"",""severity"":""critical"",""channel"":null,""timestamp"":""2026-08-11T13:00:00+00:00"",""evidence"":{""gap_minutes"":3000.0,""missed_intervals"":200,""offline_threshold_minutes"":180},""message"":""Sensor has not reported for 3000 minutes."",""alert_recommended"":true}]",0,0,0,0,0,0
2026-08-11T13:15:00+00:00,5,Offline,0,0,1,0,0,0,0,0,0,1,1,3015.0,"[{""type"":""offline"",""severity"":""critical"",""channel"":null,""timestamp"":""2026-08-11T13:15:00+00:00"",""evidence"":{""gap_minutes"":3015.0,""missed_intervals"":201,""offline_threshold_minutes"":180},""message"":""Sensor has not reported for 3015 minutes."",""alert_recommended"":true}]",0,0,0,0,0,0
2026-08-11T13:30:00+00:00,5,Offline,0,0,1,0,0,0,0,0,0,1,1,3030.0,"[{""type"":""offline"",""severity"":""critical"",""channel"":null,""timestamp"":""2026-08-11T13:30:00+00:00"",""evidence"":{""gap_minutes"":3030.0,""missed_intervals"":202,""offline_threshold_minutes"":180},""message"":""Sensor has not reported for 3030 minutes."",""alert_recommended"":true}]",0,0,0,0,0,0
2026-08-11T13:45:00+00:00,5,Offline,0,0,1,0,0,0,0,0,0,1,1,3045.0,"[{""type"":""offline"",""severity"":""critical"",""channel"":null,""timestamp"":""2026-08-11T13:45:00+00:00"",""evidence"":{""gap_minutes"":3045.0,""missed_intervals"":203,""offline_threshold_minutes"":180},""message"":""Sensor has not reported for 3045 minutes."",""alert_recommended"":true}]",0,0,0,0,0,0
2026-08-11T14:00:00+00:00,5,Offline,0,0,1,0,0,0,0,0,0,1,1,3060.0,"[{""type"":""offline"",""severity"":""critical"",""channel"":null,""timestamp"":""2026-08-11T14:00:00+00:00"",""evidence"":{""gap_minutes"":3060.0,""missed_intervals"":204,""offline_threshold_minutes"":180},""message"":""Sensor has not reported for 3060 minutes."",""alert_recommended"":true}]",0,0,0,0,0,0
2026-08-11T14:15:00+00:00,5,Offline,0,0,1,0,0,0,0,0,0,1,1,3075.0,"[{""type"":""offline"",""severity"":""critical"",""channel"":null,""timestamp"":""2026-08-11T14:15:00+00:00"",""evidence"":{""gap_minutes"":3075.0,""missed_intervals"":205,""offline_threshold_minutes"":180},""message"":""Sensor has not reported for 3075 minutes."",""alert_recommended"":true}]",0,0,0,0,0,0
2026-08-11T14:30:00+00:00,5,Offline,0,0,1,0,0,0,0,0,0,1,1,3090.0,"[{""type"":""offline"",""severity"":""critical"",""channel"":null,""timestamp"":""2026-08-11T14:30:00+00:00"",""evidence"":{""gap_minutes"":3090.0,""missed_intervals"":206,""offline_threshold_minutes"":180},""message"":""Sensor has not reported for 3090 minutes."",""alert_recommended"":true}]",0,0,0,0,0,0
2026-08-11T14:45:00+00:00,5,Offline,0,0,1,0,0,0,0,0,0,1,1,3105.0,"[{""type"":""offline"",""severity"":""critical"",""channel"":null,""timestamp"":""2026-08-11T14:45:00+00:00"",""evidence"":{""gap_minutes"":3105.0,""missed_intervals"":207,""offline_threshold_minutes"":180},""message"":""Sensor has not reported for 3105 minutes."",""alert_recommended"":true}]",0,0,0,0,0,0
2026-08-11T15:00:00+00:00,5,Offline,0,0,1,0,0,0,0,0,0,1,1,3120.0,"[{""type"":""offline"",""severity"":""critical"",""channel"":null,""timestamp"":""2026-08-11T15:00:00+00:00"",""evidence"":{""gap_minutes"":3120.0,""missed_intervals"":208,""offline_threshold_minutes"":180},""message"":""Sensor has not reported for 3120 minutes."",""alert_recommended"":true}]",0,0,0,0,0,0
2026-08-11T15:15:00+00:00,5,Offline,0,0,1,0,0,0,0,0,0,1,1,3135.0,"[{""type"":""offline"",""severity"":""critical"",""channel"":null,""timestamp"":""2026-08-11T15:15:00+00:00"",""evidence"":{""gap_minutes"":3135.0,""missed_intervals"":209,""offline_threshold_minutes"":180},""message"":""Sensor has not reported for 3135 minutes."",""alert_recommended"":true}]",0,0,0,0,0,0
2026-08-11T15:30:00+00:00,5,Offline,0,0,1,0,0,0,0,0,0,1,1,3150.0,"[{""type"":""offline"",""severity"":""critical"",""channel"":null,""timestamp"":""2026-08-11T15:30:00+00:00"",""evidence"":{""gap_minutes"":3150.0,""missed_intervals"":210,""offline_threshold_minutes"":180},""message"":""Sensor has not reported for 3150 minutes."",""alert_recommended"":true}]",0,0,0,0,0,0
2026-08-11T15:45:00+00:00,5,Offline,0,0,1,0,0,0,0,0,0,1,1,3165.0,"[{""type"":""offline"",""severity"":""critical"",""channel"":null,""timestamp"":""2026-08-11T15:45:00+00:00"",""evidence"":{""gap_minutes"":3165.0,""missed_intervals"":211,""offline_threshold_minutes"":180},""message"":""Sensor has not reported for 3165 minutes."",""alert_recommended"":true}]",0,0,0,0,0,0
2026-08-11T16:00:00+00:00,5,Offline,0,0,1,0,0,0,0,0,0,1,1,3180.0,"[{""type"":""offline"",""severity"":""critical"",""channel"":null,""timestamp"":""2026-08-11T16:00:00+00:00"",""evidence"":{""gap_minutes"":3180.0,""missed_intervals"":212,""offline_threshold_minutes"":180},""message"":""Sensor has not reported for 3180 minutes."",""alert_recommended"":true}]",0,0,0,0,0,0
2026-08-11T16:15:00+00:00,5,Offline,0,0,1,0,0,0,0,0,0,1,1,3195.0,"[{""type"":""offline"",""severity"":""critical"",""channel"":null,""timestamp"":""2026-08-11T16:15:00+00:00"",""evidence"":{""gap_minutes"":3195.0,""missed_intervals"":213,""offline_threshold_minutes"":180},""message"":""Sensor has not reported for 3195 minutes."",""alert_recommended"":true}]",0,0,0,0,0,0
2026-08-11T16:30:00+00:00,5,Offline,0,0,1,0,0,0,0,0,0,1,1,3210.0,"[{""type"":""offline"",""severity"":""critical"",""channel"":null,""timestamp"":""2026-08-11T16:30:00+00:00"",""evidence"":{""gap_minutes"":3210.0,""missed_intervals"":214,""offline_threshold_minutes"":180},""message"":""Sensor has not reported for 3210 minutes."",""alert_recommended"":true}]",0,0,0,0,0,0
2026-08-11T16:45:00+00:00,5,Offline,0,0,1,0,0,0,0,0,0,1,1,3225.0,"[{""type"":""offline"",""severity"":""critical"",""channel"":null,""timestamp"":""2026-08-11T16:45:00+00:00"",""evidence"":{""gap_minutes"":3225.0,""missed_intervals"":215,""offline_threshold_minutes"":180},""message"":""Sensor has not reported for 3225 minutes."",""alert_recommended"":true}]",0,0,0,0,0,0
2026-08-11T17:00:00+00:00,5,Offline,0,0,1,0,0,0,0,0,0,1,1,3240.0,"[{""type"":""offline"",""severity"":""critical"",""channel"":null,""timestamp"":""2026-08-11T17:00:00+00:00"",""evidence"":{""gap_minutes"":3240.0,""missed_intervals"":216,""offline_threshold_minutes"":180},""message"":""Sensor has not reported for 3240 minutes."",""alert_recommended"":true}]",0,0,0,0,0,0
2026-08-11T17:15:00+00:00,5,Offline,0,0,1,0,0,0,0,0,0,1,1,3255.0,"[{""type"":""offline"",""severity"":""critical"",""channel"":null,""timestamp"":""2026-08-11T17:15:00+00:00"",""evidence"":{""gap_minutes"":3255.0,""missed_intervals"":217,""offline_threshold_minutes"":180},""message"":""Sensor has not reported for 3255 minutes."",""alert_recommended"":true}]",0,0,0,0,0,0
2026-08-11T17:30:00+00:00,5,Offline,0,0,1,0,0,0,0,0,0,1,1,3270.0,"[{""type"":""offline"",""severity"":""critical"",""channel"":null,""timestamp"":""2026-08-11T17:30:00+00:00"",""evidence"":{""gap_minutes"":3270.0,""missed_intervals"":218,""offline_threshold_minutes"":180},""message"":""Sensor has not reported for 3270 minutes."",""alert_recommended"":true}]",0,0,0,0,0,0
2026-08-11T17:45:00+00:00,5,Offline,0,0,1,0,0,0,0,0,0,1,1,3285.0,"[{""type"":""offline"",""severity"":""critical"",""channel"":null,""timestamp"":""2026-08-11T17:45:00+00:00"",""evidence"":{""gap_minutes"":3285.0,""missed_intervals"":219,""offline_threshold_minutes"":180},""message"":""Sensor has not reported for 3285 minutes."",""alert_recommended"":true}]",0,0,0,0,0,0
2026-08-11T18:00:00+00:00,5,Offline,0,0,1,0,0,0,0,0,0,1,1,3300.0,"[{""type"":""offline"",""severity"":""critical"",""channel"":null,""timestamp"":""2026-08-11T18:00:00+00:00"",""evidence"":{""gap_minutes"":3300.0,""missed_intervals"":220,""offline_threshold_minutes"":180},""message"":""Sensor has not reported for 3300 minutes."",""alert_recommended"":true}]",0,0,0,0,0,0
2026-08-11T18:15:00+00:00,5,Offline,0,0,1,0,0,0,0,0,0,1,1,3315.0,"[{""type"":""offline"",""severity"":""critical"",""channel"":null,""timestamp"":""2026-08-11T18:15:00+00:00"",""evidence"":{""gap_minutes"":3315.0,""missed_intervals"":221,""offline_threshold_minutes"":180},""message"":""Sensor has not reported for 3315 minutes."",""alert_recommended"":true}]",0,0,0,0,0,0
2026-08-11T18:30:00+00:00,5,Offline,0,0,1,0,0,0,0,0,0,1,1,3330.0,"[{""type"":""offline"",""severity"":""critical"",""channel"":null,""timestamp"":""2026-08-11T18:30:00+00:00"",""evidence"":{""gap_minutes"":3330.0,""missed_intervals"":222,""offline_threshold_minutes"":180},""message"":""Sensor has not reported for 3330 minutes."",""alert_recommended"":true}]",0,0,0,0,0,0
2026-08-11T18:45:00+00:00,5,Offline,0,0,1,0,0,0,0,0,0,1,1,3345.0,"[{""type"":""offline"",""severity"":""critical"",""channel"":null,""timestamp"":""2026-08-11T18:45:00+00:00"",""evidence"":{""gap_minutes"":3345.0,""missed_intervals"":223,""offline_threshold_minutes"":180},""message"":""Sensor has not reported for 3345 minutes."",""alert_recommended"":true}]",0,0,0,0,0,0
2026-08-11T19:00:00+00:00,5,Offline,0,0,1,0,0,0,0,0,0,1,1,3360.0,"[{""type"":""offline"",""severity"":""critical"",""channel"":null,""timestamp"":""2026-08-11T19:00:00+00:00"",""evidence"":{""gap_minutes"":3360.0,""missed_intervals"":224,""offline_threshold_minutes"":180},""message"":""Sensor has not reported for 3360 minutes."",""alert_recommended"":true}]",0,0,0,0,0,0
2026-08-11T19:15:00+00:00,5,Offline,0,0,1,0,0,0,0,0,0,1,1,3375.0,"[{""type"":""offline"",""severity"":""critical"",""channel"":null,""timestamp"":""2026-08-11T19:15:00+00:00"",""evidence"":{""gap_minutes"":3375.0,""missed_intervals"":225,""offline_threshold_minutes"":180},""message"":""Sensor has not reported for 3375 minutes."",""alert_recommended"":true}]",0,0,0,0,0,0
2026-08-11T19:30:00+00:00,5,Offline,0,0,1,0,0,0,0,0,0,1,1,3390.0,"[{""type"":""offline"",""severity"":""critical"",""channel"":null,""timestamp"":""2026-08-11T19:30:00+00:00"",""evidence"":{""gap_minutes"":3390.0,""missed_intervals"":226,""offline_threshold_minutes"":180},""message"":""Sensor has not reported for 3390 minutes."",""alert_recommended"":true}]",0,0,0,0,0,0
2026-08-11T19:45:00+00:00,5,Offline,0,0,1,0,0,0,0,0,0,1,1,3405.0,"[{""type"":""offline"",""severity"":""critical"",""channel"":null,""timestamp"":""2026-08-11T19:45:00+00:00"",""evidence"":{""gap_minutes"":3405.0,""missed_intervals"":227,""offline_threshold_minutes"":180},""message"":""Sensor has not reported for 3405 minutes."",""alert_recommended"":true}]",0,0,0,0,0,0
2026-08-11T20:00:00+00:00,5,Offline,0,0,1,0,0,0,0,0,0,1,1,3420.0,"[{""type"":""offline"",""severity"":""critical"",""channel"":null,""timestamp"":""2026-08-11T20:00:00+00:00"",""evidence"":{""gap_minutes"":3420.0,""missed_intervals"":228,""offline_threshold_minutes"":180},""message"":""Sensor has not reported for 3420 minutes."",""alert_recommended"":true}]",0,0,0,0,0,0
2026-08-11T20:15:00+00:00,5,Offline,0,0,1,0,0,0,0,0,0,1,1,3435.0,"[{""type"":""offline"",""severity"":""critical"",""channel"":null,""timestamp"":""2026-08-11T20:15:00+00:00"",""evidence"":{""gap_minutes"":3435.0,""missed_intervals"":229,""offline_threshold_minutes"":180},""message"":""Sensor has not reported for 3435 minutes."",""alert_recommended"":true}]",0,0,0,0,0,0
2026-08-11T20:30:00+00:00,5,Offline,0,0,1,0,0,0,0,0,0,1,1,3450.0,"[{""type"":""offline"",""severity"":""critical"",""channel"":null,""timestamp"":""2026-08-11T20:30:00+00:00"",""evidence"":{""gap_minutes"":3450.0,""missed_intervals"":230,""offline_threshold_minutes"":180},""message"":""Sensor has not reported for 3450 minutes."",""alert_recommended"":true}]",0,0,0,0,0,0
2026-08-11T20:45:00+00:00,5,Offline,0,0,1,0,0,0,0,0,0,1,1,3465.0,"[{""type"":""offline"",""severity"":""critical"",""channel"":null,""timestamp"":""2026-08-11T20:45:00+00:00"",""evidence"":{""gap_minutes"":3465.0,""missed_intervals"":231,""offline_threshold_minutes"":180},""message"":""Sensor has not reported for 3465 minutes."",""alert_recommended"":true}]",0,0,0,0,0,0
2026-08-11T21:00:00+00:00,5,Offline,0,0,1,0,0,0,0,0,0,1,1,3480.0,"[{""type"":""offline"",""severity"":""critical"",""channel"":null,""timestamp"":""2026-08-11T21:00:00+00:00"",""evidence"":{""gap_minutes"":3480.0,""missed_intervals"":232,""offline_threshold_minutes"":180},""message"":""Sensor has not reported for 3480 minutes."",""alert_recommended"":true}]",0,0,0,0,0,0
2026-08-11T21:15:00+00:00,5,Offline,0,0,1,0,0,0,0,0,0,1,1,3495.0,"[{""type"":""offline"",""severity"":""critical"",""channel"":null,""timestamp"":""2026-08-11T21:15:00+00:00"",""evidence"":{""gap_minutes"":3495.0,""missed_intervals"":233,""offline_threshold_minutes"":180},""message"":""Sensor has not reported for 3495 minutes."",""alert_recommended"":true}]",0,0,0,0,0,0
2026-08-11T21:30:00+00:00,5,Offline,0,0,1,0,0,0,0,0,0,1,1,3510.0,"[{""type"":""offline"",""severity"":""critical"",""channel"":null,""timestamp"":""2026-08-11T21:30:00+00:00"",""evidence"":{""gap_minutes"":3510.0,""missed_intervals"":234,""offline_threshold_minutes"":180},""message"":""Sensor has not reported for 3510 minutes."",""alert_recommended"":true}]",0,0,0,0,0,0
2026-08-11T21:45:00+00:00,5,Offline,0,0,1,0,0,0,0,0,0,1,1,3525.0,"[{""type"":""offline"",""severity"":""critical"",""channel"":null,""timestamp"":""2026-08-11T21:45:00+00:00"",""evidence"":{""gap_minutes"":3525.0,""missed_intervals"":235,""offline_threshold_minutes"":180},""message"":""Sensor has not reported for 3525 minutes."",""alert_recommended"":true}]",0,0,0,0,0,0
2026-08-11T22:00:00+00:00,5,Offline,0,0,1,0,0,0,0,0,0,1,1,3540.0,"[{""type"":""offline"",""severity"":""critical"",""channel"":null,""timestamp"":""2026-08-11T22:00:00+00:00"",""evidence"":{""gap_minutes"":3540.0,""missed_intervals"":236,""offline_threshold_minutes"":180},""message"":""Sensor has not reported for 3540 minutes."",""alert_recommended"":true}]",0,0,0,0,0,0
2026-08-11T22:15:00+00:00,5,Offline,0,0,1,0,0,0,0,0,0,1,1,3555.0,"[{""type"":""offline"",""severity"":""critical"",""channel"":null,""timestamp"":""2026-08-11T22:15:00+00:00"",""evidence"":{""gap_minutes"":3555.0,""missed_intervals"":237,""offline_threshold_minutes"":180},""message"":""Sensor has not reported for 3555 minutes."",""alert_recommended"":true}]",0,0,0,0,0,0
2026-08-11T22:30:00+00:00,5,Offline,0,0,1,0,0,0,0,0,0,1,1,3570.0,"[{""type"":""offline"",""severity"":""critical"",""channel"":null,""timestamp"":""2026-08-11T22:30:00+00:00"",""evidence"":{""gap_minutes"":3570.0,""missed_intervals"":238,""offline_threshold_minutes"":180},""message"":""Sensor has not reported for 3570 minutes."",""alert_recommended"":true}]",0,0,0,0,0,0
2026-08-11T22:45:00+00:00,5,Offline,0,0,1,0,0,0,0,0,0,1,1,3585.0,"[{""type"":""offline"",""severity"":""critical"",""channel"":null,""timestamp"":""2026-08-11T22:45:00+00:00"",""evidence"":{""gap_minutes"":3585.0,""missed_intervals"":239,""offline_threshold_minutes"":180},""message"":""Sensor has not reported for 3585 minutes."",""alert_recommended"":true}]",0,0,0,0,0,0
2026-08-11T23:00:00+00:00,5,Offline,0,0,1,0,0,0,0,0,0,1,1,3600.0,"[{""type"":""offline"",""severity"":""critical"",""channel"":null,""timestamp"":""2026-08-11T23:00:00+00:00"",""evidence"":{""gap_minutes"":3600.0,""missed_intervals"":240,""offline_threshold_minutes"":180},""message"":""Sensor has not reported for 3600 minutes."",""alert_recommended"":true}]",0,0,0,0,0,0
2026-08-11T23:15:00+00:00,5,Offline,0,0,1,0,0,0,0,0,0,1,1,3615.0,"[{""type"":""offline"",""severity"":""critical"",""channel"":null,""timestamp"":""2026-08-11T23:15:00+00:00"",""evidence"":{""gap_minutes"":3615.0,""missed_intervals"":241,""offline_threshold_minutes"":180},""message"":""Sensor has not reported for 3615 minutes."",""alert_recommended"":true}]",0,0,0,0,0,0
2026-08-11T23:30:00+00:00,5,Offline,0,0,1,0,0,0,0,0,0,1,1,3630.0,"[{""type"":""offline"",""severity"":""critical"",""channel"":null,""timestamp"":""2026-08-11T23:30:00+00:00"",""evidence"":{""gap_minutes"":3630.0,""missed_intervals"":242,""offline_threshold_minutes"":180},""message"":""Sensor has not reported for 3630 minutes."",""alert_recommended"":true}]",0,0,0,0,0,0
2026-08-11T23:45:00+00:00,5,Offline,0,0,1,0,0,0,0,0,0,1,1,3645.0,"[{""type"":""offline"",""severity"":""critical"",""channel"":null,""timestamp"":""2026-08-11T23:45:00+00:00"",""evidence"":{""gap_minutes"":3645.0,""missed_intervals"":243,""offline_threshold_minutes"":180},""message"":""Sensor has not reported for 3645 minutes."",""alert_recommended"":true}]",0,0,0,0,0,0
2026-08-12T00:00:00+00:00,5,Offline,0,0,1,0,0,0,0,0,0,1,1,3660.0,"[{""type"":""offline"",""severity"":""critical"",""channel"":null,""timestamp"":""2026-08-12T00:00:00+00:00"",""evidence"":{""gap_minutes"":3660.0,""missed_intervals"":244,""offline_threshold_minutes"":180},""message"":""Sensor has not reported for 3660 minutes."",""alert_recommended"":true}]",0,0,0,0,0,0
2026-08-12T00:15:00+00:00,5,Offline,0,0,1,0,0,0,0,0,0,1,1,3675.0,"[{""type"":""offline"",""severity"":""critical"",""channel"":null,""timestamp"":""2026-08-12T00:15:00+00:00"",""evidence"":{""gap_minutes"":3675.0,""missed_intervals"":245,""offline_threshold_minutes"":180},""message"":""Sensor has not reported for 3675 minutes."",""alert_recommended"":true}]",0,0,0,0,0,0
2026-08-12T00:30:00+00:00,5,Offline,0,0,1,0,0,0,0,0,0,1,1,3690.0,"[{""type"":""offline"",""severity"":""critical"",""channel"":null,""timestamp"":""2026-08-12T00:30:00+00:00"",""evidence"":{""gap_minutes"":3690.0,""missed_intervals"":246,""offline_threshold_minutes"":180},""message"":""Sensor has not reported for 3690 minutes."",""alert_recommended"":true}]",0,0,0,0,0,0
2026-08-12T00:45:00+00:00,5,Offline,0,0,1,0,0,0,0,0,0,1,1,3705.0,"[{""type"":""offline"",""severity"":""critical"",""channel"":null,""timestamp"":""2026-08-12T00:45:00+00:00"",""evidence"":{""gap_minutes"":3705.0,""missed_intervals"":247,""offline_threshold_minutes"":180},""message"":""Sensor has not reported for 3705 minutes."",""alert_recommended"":true}]",0,0,0,0,0,0
2026-08-12T01:00:00+00:00,5,Offline,0,0,1,0,0,0,0,0,0,1,1,3720.0,"[{""type"":""offline"",""severity"":""critical"",""channel"":null,""timestamp"":""2026-08-12T01:00:00+00:00"",""evidence"":{""gap_minutes"":3720.0,""missed_intervals"":248,""offline_threshold_minutes"":180},""message"":""Sensor has not reported for 3720 minutes."",""alert_recommended"":true}]",0,0,0,0,0,0
2026-08-12T01:15:00+00:00,5,Offline,0,0,1,0,0,0,0,0,0,1,1,3735.0,"[{""type"":""offline"",""severity"":""critical"",""channel"":null,""timestamp"":""2026-08-12T01:15:00+00:00"",""evidence"":{""gap_minutes"":3735.0,""missed_intervals"":249,""offline_threshold_minutes"":180},""message"":""Sensor has not reported for 3735 minutes."",""alert_recommended"":true}]",0,0,0,0,0,0
2026-08-12T01:30:00+00:00,5,Offline,0,0,1,0,0,0,0,0,0,1,1,3750.0,"[{""type"":""offline"",""severity"":""critical"",""channel"":null,""timestamp"":""2026-08-12T01:30:00+00:00"",""evidence"":{""gap_minutes"":3750.0,""missed_intervals"":250,""offline_threshold_minutes"":180},""message"":""Sensor has not reported for 3750 minutes."",""alert_recommended"":true}]",0,0,0,0,0,0
2026-08-12T01:45:00+00:00,5,Offline,0,0,1,0,0,0,0,0,0,1,1,3765.0,"[{""type"":""offline"",""severity"":""critical"",""channel"":null,""timestamp"":""2026-08-12T01:45:00+00:00"",""evidence"":{""gap_minutes"":3765.0,""missed_intervals"":251,""offline_threshold_minutes"":180},""message"":""Sensor has not reported for 3765 minutes."",""alert_recommended"":true}]",0,0,0,0,0,0
2026-08-12T02:00:00+00:00,5,Offline,0,0,1,0,0,0,0,0,0,1,1,3780.0,"[{""type"":""offline"",""severity"":""critical"",""channel"":null,""timestamp"":""2026-08-12T02:00:00+00:00"",""evidence"":{""gap_minutes"":3780.0,""missed_intervals"":252,""offline_threshold_minutes"":180},""message"":""Sensor has not reported for 3780 minutes."",""alert_recommended"":true}]",0,0,0,0,0,0
2026-08-12T02:15:00+00:00,5,Offline,0,0,1,0,0,0,0,0,0,1,1,3795.0,"[{""type"":""offline"",""severity"":""critical"",""channel"":null,""timestamp"":""2026-08-12T02:15:00+00:00"",""evidence"":{""gap_minutes"":3795.0,""missed_intervals"":253,""offline_threshold_minutes"":180},""message"":""Sensor has not reported for 3795 minutes."",""alert_recommended"":true}]",0,0,0,0,0,0
2026-08-12T02:30:00+00:00,5,Offline,0,0,1,0,0,0,0,0,0,1,1,3810.0,"[{""type"":""offline"",""severity"":""critical"",""channel"":null,""timestamp"":""2026-08-12T02:30:00+00:00"",""evidence"":{""gap_minutes"":3810.0,""missed_intervals"":254,""offline_threshold_minutes"":180},""message"":""Sensor has not reported for 3810 minutes."",""alert_recommended"":true}]",0,0,0,0,0,0
2026-08-12T02:45:00+00:00,5,Offline,0,0,1,0,0,0,0,0,0,1,1,3825.0,"[{""type"":""offline"",""severity"":""critical"",""channel"":null,""timestamp"":""2026-08-12T02:45:00+00:00"",""evidence"":{""gap_minutes"":3825.0,""missed_intervals"":255,""offline_threshold_minutes"":180},""message"":""Sensor has not reported for 3825 minutes."",""alert_recommended"":true}]",0,0,0,0,0,0
2026-08-12T03:00:00+00:00,5,Offline,0,0,1,0,0,0,0,0,0,1,1,3840.0,"[{""type"":""offline"",""severity"":""critical"",""channel"":null,""timestamp"":""2026-08-12T03:00:00+00:00"",""evidence"":{""gap_minutes"":3840.0,""missed_intervals"":256,""offline_threshold_minutes"":180},""message"":""Sensor has not reported for 3840 minutes."",""alert_recommended"":true}]",0,0,0,0,0,0
2026-08-12T03:15:00+00:00,5,Offline,0,0,1,0,0,0,0,0,0,1,1,3855.0,"[{""type"":""offline"",""severity"":""critical"",""channel"":null,""timestamp"":""2026-08-12T03:15:00+00:00"",""evidence"":{""gap_minutes"":3855.0,""missed_intervals"":257,""offline_threshold_minutes"":180},""message"":""Sensor has not reported for 3855 minutes."",""alert_recommended"":true}]",0,0,0,0,0,0
2026-08-12T03:30:00+00:00,5,Offline,0,0,1,0,0,0,0,0,0,1,1,3870.0,"[{""type"":""offline"",""severity"":""critical"",""channel"":null,""timestamp"":""2026-08-12T03:30:00+00:00"",""evidence"":{""gap_minutes"":3870.0,""missed_intervals"":258,""offline_threshold_minutes"":180},""message"":""Sensor has not reported for 3870 minutes."",""alert_recommended"":true}]",0,0,0,0,0,0
2026-08-12T03:45:00+00:00,5,Offline,0,0,1,0,0,0,0,0,0,1,1,3885.0,"[{""type"":""offline"",""severity"":""critical"",""channel"":null,""timestamp"":""2026-08-12T03:45:00+00:00"",""evidence"":{""gap_minutes"":3885.0,""missed_intervals"":259,""offline_threshold_minutes"":180},""message"":""Sensor has not reported for 3885 minutes."",""alert_recommended"":true}]",0,0,0,0,0,0
2026-08-12T04:00:00+00:00,5,Offline,0,0,1,0,0,0,0,0,0,1,1,3900.0,"[{""type"":""offline"",""severity"":""critical"",""channel"":null,""timestamp"":""2026-08-12T04:00:00+00:00"",""evidence"":{""gap_minutes"":3900.0,""missed_intervals"":260,""offline_threshold_minutes"":180},""message"":""Sensor has not reported for 3900 minutes."",""alert_recommended"":true}]",0,0,0,0,0,0
2026-08-12T04:15:00+00:00,5,Offline,0,0,1,0,0,0,0,0,0,1,1,3915.0,"[{""type"":""offline"",""severity"":""critical"",""channel"":null,""timestamp"":""2026-08-12T04:15:00+00:00"",""evidence"":{""gap_minutes"":3915.0,""missed_intervals"":261,""offline_threshold_minutes"":180},""message"":""Sensor has not reported for 3915 minutes."",""alert_recommended"":true}]",0,0,0,0,0,0
2026-08-12T04:30:00+00:00,5,Offline,0,0,1,0,0,0,0,0,0,1,1,3930.0,"[{""type"":""offline"",""severity"":""critical"",""channel"":null,""timestamp"":""2026-08-12T04:30:00+00:00"",""evidence"":{""gap_minutes"":3930.0,""missed_intervals"":262,""offline_threshold_minutes"":180},""message"":""Sensor has not reported for 3930 minutes."",""alert_recommended"":true}]",0,0,0,0,0,0
2026-08-12T04:45:00+00:00,5,Offline,0,0,1,0,0,0,0,0,0,1,1,3945.0,"[{""type"":""offline"",""severity"":""critical"",""channel"":null,""timestamp"":""2026-08-12T04:45:00+00:00"",""evidence"":{""gap_minutes"":3945.0,""missed_intervals"":263,""offline_threshold_minutes"":180},""message"":""Sensor has not reported for 3945 minutes."",""alert_recommended"":true}]",0,0,0,0,0,0
2026-08-12T05:00:00+00:00,5,Offline,0,0,1,0,0,0,0,0,0,1,1,3960.0,"[{""type"":""offline"",""severity"":""critical"",""channel"":null,""timestamp"":""2026-08-12T05:00:00+00:00"",""evidence"":{""gap_minutes"":3960.0,""missed_intervals"":264,""offline_threshold_minutes"":180},""message"":""Sensor has not reported for 3960 minutes."",""alert_recommended"":true}]",0,0,0,0,0,0
2026-08-12T05:15:00+00:00,5,Offline,0,0,1,0,0,0,0,0,0,1,1,3975.0,"[{""type"":""offline"",""severity"":""critical"",""channel"":null,""timestamp"":""2026-08-12T05:15:00+00:00"",""evidence"":{""gap_minutes"":3975.0,""missed_intervals"":265,""offline_threshold_minutes"":180},""message"":""Sensor has not reported for 3975 minutes."",""alert_recommended"":true}]",0,0,0,0,0,0
2026-08-12T05:30:00+00:00,5,Offline,0,0,1,0,0,0,0,0,0,1,1,3990.0,"[{""type"":""offline"",""severity"":""critical"",""channel"":null,""timestamp"":""2026-08-12T05:30:00+00:00"",""evidence"":{""gap_minutes"":3990.0,""missed_intervals"":266,""offline_threshold_minutes"":180},""message"":""Sensor has not reported for 3990 minutes."",""alert_recommended"":true}]",0,0,0,0,0,0
2026-08-12T05:45:00+00:00,5,Offline,0,0,1,0,0,0,0,0,0,1,1,4005.0,"[{""type"":""offline"",""severity"":""critical"",""channel"":null,""timestamp"":""2026-08-12T05:45:00+00:00"",""evidence"":{""gap_minutes"":4005.0,""missed_intervals"":267,""offline_threshold_minutes"":180},""message"":""Sensor has not reported for 4005 minutes."",""alert_recommended"":true}]",0,0,0,0,0,0
2026-08-12T06:00:00+00:00,5,Offline,0,0,1,0,0,0,0,0,0,1,1,4020.0,"[{""type"":""offline"",""severity"":""critical"",""channel"":null,""timestamp"":""2026-08-12T06:00:00+00:00"",""evidence"":{""gap_minutes"":4020.0,""missed_intervals"":268,""offline_threshold_minutes"":180},""message"":""Sensor has not reported for 4020 minutes."",""alert_recommended"":true}]",0,0,0,0,0,0
2026-08-12T06:15:00+00:00,5,Offline,0,0,1,0,0,0,0,0,0,1,1,4035.0,"[{""type"":""offline"",""severity"":""critical"",""channel"":null,""timestamp"":""2026-08-12T06:15:00+00:00"",""evidence"":{""gap_minutes"":4035.0,""missed_intervals"":269,""offline_threshold_minutes"":180},""message"":""Sensor has not reported for 4035 minutes."",""alert_recommended"":true}]",0,0,0,0,0,0
2026-08-12T06:30:00+00:00,5,Offline,0,0,1,0,0,0,0,0,0,1,1,4050.0,"[{""type"":""offline"",""severity"":""critical"",""channel"":null,""timestamp"":""2026-08-12T06:30:00+00:00"",""evidence"":{""gap_minutes"":4050.0,""missed_intervals"":270,""offline_threshold_minutes"":180},""message"":""Sensor has not reported for 4050 minutes."",""alert_recommended"":true}]",0,0,0,0,0,0
2026-08-12T06:45:00+00:00,5,Offline,0,0,1,0,0,0,0,0,0,1,1,4065.0,"[{""type"":""offline"",""severity"":""critical"",""channel"":null,""timestamp"":""2026-08-12T06:45:00+00:00"",""evidence"":{""gap_minutes"":4065.0,""missed_intervals"":271,""offline_threshold_minutes"":180},""message"":""Sensor has not reported for 4065 minutes."",""alert_recommended"":true}]",0,0,0,0,0,0
2026-08-12T07:00:00+00:00,5,Offline,0,0,1,0,0,0,0,0,0,1,1,4080.0,"[{""type"":""offline"",""severity"":""critical"",""channel"":null,""timestamp"":""2026-08-12T07:00:00+00:00"",""evidence"":{""gap_minutes"":4080.0,""missed_intervals"":272,""offline_threshold_minutes"":180},""message"":""Sensor has not reported for 4080 minutes."",""alert_recommended"":true}]",0,0,0,0,0,0
2026-08-12T07:15:00+00:00,5,Offline,0,0,1,0,0,0,0,0,0,1,1,4095.0,"[{""type"":""offline"",""severity"":""critical"",""channel"":null,""timestamp"":""2026-08-12T07:15:00+00:00"",""evidence"":{""gap_minutes"":4095.0,""missed_intervals"":273,""offline_threshold_minutes"":180},""message"":""Sensor has not reported for 4095 minutes."",""alert_recommended"":true}]",0,0,0,0,0,0
2026-08-12T07:30:00+00:00,5,Offline,0,0,1,0,0,0,0,0,0,1,1,4110.0,"[{""type"":""offline"",""severity"":""critical"",""channel"":null,""timestamp"":""2026-08-12T07:30:00+00:00"",""evidence"":{""gap_minutes"":4110.0,""missed_intervals"":274,""offline_threshold_minutes"":180},""message"":""Sensor has not reported for 4110 minutes."",""alert_recommended"":true}]",0,0,0,0,0,0
2026-08-12T07:45:00+00:00,5,Offline,0,0,1,0,0,0,0,0,0,1,1,4125.0,"[{""type"":""offline"",""severity"":""critical"",""channel"":null,""timestamp"":""2026-08-12T07:45:00+00:00"",""evidence"":{""gap_minutes"":4125.0,""missed_intervals"":275,""offline_threshold_minutes"":180},""message"":""Sensor has not reported for 4125 minutes."",""alert_recommended"":true}]",0,0,0,0,0,0
2026-08-12T08:00:00+00:00,5,Offline,0,0,1,0,0,0,0,0,0,1,1,4140.0,"[{""type"":""offline"",""severity"":""critical"",""channel"":null,""timestamp"":""2026-08-12T08:00:00+00:00"",""evidence"":{""gap_minutes"":4140.0,""missed_intervals"":276,""offline_threshold_minutes"":180},""message"":""Sensor has not reported for 4140 minutes."",""alert_recommended"":true}]",0,0,0,0,0,0
2026-08-12T08:15:00+00:00,5,Offline,0,0,1,0,0,0,0,0,0,1,1,4155.0,"[{""type"":""offline"",""severity"":""critical"",""channel"":null,""timestamp"":""2026-08-12T08:15:00+00:00"",""evidence"":{""gap_minutes"":4155.0,""missed_intervals"":277,""offline_threshold_minutes"":180},""message"":""Sensor has not reported for 4155 minutes."",""alert_recommended"":true}]",0,0,0,0,0,0
2026-08-12T08:30:00+00:00,5,Offline,0,0,1,0,0,0,0,0,0,1,1,4170.0,"[{""type"":""offline"",""severity"":""critical"",""channel"":null,""timestamp"":""2026-08-12T08:30:00+00:00"",""evidence"":{""gap_minutes"":4170.0,""missed_intervals"":278,""offline_threshold_minutes"":180},""message"":""Sensor has not reported for 4170 minutes."",""alert_recommended"":true}]",0,0,0,0,0,0
2026-08-12T08:45:00+00:00,5,Offline,0,0,1,0,0,0,0,0,0,1,1,4185.0,"[{""type"":""offline"",""severity"":""critical"",""channel"":null,""timestamp"":""2026-08-12T08:45:00+00:00"",""evidence"":{""gap_minutes"":4185.0,""missed_intervals"":279,""offline_threshold_minutes"":180},""message"":""Sensor has not reported for 4185 minutes."",""alert_recommended"":true}]",0,0,0,0,0,0
2026-08-12T09:00:00+00:00,5,Offline,0,0,1,0,0,0,0,0,0,1,1,4200.0,"[{""type"":""offline"",""severity"":""critical"",""channel"":null,""timestamp"":""2026-08-12T09:00:00+00:00"",""evidence"":{""gap_minutes"":4200.0,""missed_intervals"":280,""offline_threshold_minutes"":180},""message"":""Sensor has not reported for 4200 minutes."",""alert_recommended"":true}]",0,0,0,0,0,0
2026-08-12T09:15:00+00:00,5,Offline,0,0,1,0,0,0,0,0,0,1,1,4215.0,"[{""type"":""offline"",""severity"":""critical"",""channel"":null,""timestamp"":""2026-08-12T09:15:00+00:00"",""evidence"":{""gap_minutes"":4215.0,""missed_intervals"":281,""offline_threshold_minutes"":180},""message"":""Sensor has not reported for 4215 minutes."",""alert_recommended"":true}]",0,0,0,0,0,0
2026-08-12T09:30:00+00:00,5,Offline,0,0,1,0,0,0,0,0,0,1,1,4230.0,"[{""type"":""offline"",""severity"":""critical"",""channel"":null,""timestamp"":""2026-08-12T09:30:00+00:00"",""evidence"":{""gap_minutes"":4230.0,""missed_intervals"":282,""offline_threshold_minutes"":180},""message"":""Sensor has not reported for 4230 minutes."",""alert_recommended"":true}]",0,0,0,0,0,0
2026-08-12T09:45:00+00:00,5,Offline,0,0,1,0,0,0,0,0,0,1,1,4245.0,"[{""type"":""offline"",""severity"":""critical"",""channel"":null,""timestamp"":""2026-08-12T09:45:00+00:00"",""evidence"":{""gap_minutes"":4245.0,""missed_intervals"":283,""offline_threshold_minutes"":180},""message"":""Sensor has not reported for 4245 minutes."",""alert_recommended"":true}]",0,0,0,0,0,0
2026-08-12T10:00:00+00:00,5,Offline,0,0,1,0,0,0,0,0,0,1,1,4260.0,"[{""type"":""offline"",""severity"":""critical"",""channel"":null,""timestamp"":""2026-08-12T10:00:00+00:00"",""evidence"":{""gap_minutes"":4260.0,""missed_intervals"":284,""offline_threshold_minutes"":180},""message"":""Sensor has not reported for 4260 minutes."",""alert_recommended"":true}]",0,0,0,0,0,0
2026-08-12T10:15:00+00:00,5,Offline,0,0,1,0,0,0,0,0,0,1,1,4275.0,"[{""type"":""offline"",""severity"":""critical"",""channel"":null,""timestamp"":""2026-08-12T10:15:00+00:00"",""evidence"":{""gap_minutes"":4275.0,""missed_intervals"":285,""offline_threshold_minutes"":180},""message"":""Sensor has not reported for 4275 minutes."",""alert_recommended"":true}]",0,0,0,0,0,0
2026-08-12T10:30:00+00:00,5,Offline,0,0,1,0,0,0,0,0,0,1,1,4290.0,"[{""type"":""offline"",""severity"":""critical"",""channel"":null,""timestamp"":""2026-08-12T10:30:00+00:00"",""evidence"":{""gap_minutes"":4290.0,""missed_intervals"":286,""offline_threshold_minutes"":180},""message"":""Sensor has not reported for 4290 minutes."",""alert_recommended"":true}]",0,0,0,0,0,0
2026-08-12T10:45:00+00:00,5,Offline,0,0,1,0,0,0,0,0,0,1,1,4305.0,"[{""type"":""offline"",""severity"":""critical"",""channel"":null,""timestamp"":""2026-08-12T10:45:00+00:00"",""evidence"":{""gap_minutes"":4305.0,""missed_intervals"":287,""offline_threshold_minutes"":180},""message"":""Sensor has not reported for 4305 minutes."",""alert_recommended"":true}]",0,0,0,0,0,0
2026-08-12T11:00:00+00:00,5,Offline,0,0,1,0,0,0,0,0,0,1,1,4320.0,"[{""type"":""offline"",""severity"":""critical"",""channel"":null,""timestamp"":""2026-08-12T11:00:00+00:00"",""evidence"":{""gap_minutes"":4320.0,""missed_intervals"":288,""offline_threshold_minutes"":180},""message"":""Sensor has not reported for 4320 minutes."",""alert_recommended"":true}]",0,0,0,0,0,0
2026-08-12T11:15:00+00:00,5,Offline,0,0,1,0,0,0,0,0,0,1,1,4335.0,"[{""type"":""offline"",""severity"":""critical"",""channel"":null,""timestamp"":""2026-08-12T11:15:00+00:00"",""evidence"":{""gap_minutes"":4335.0,""missed_intervals"":289,""offline_threshold_minutes"":180},""message"":""Sensor has not reported for 4335 minutes."",""alert_recommended"":true}]",0,0,0,0,0,0
2026-08-12T11:30:00+00:00,5,Offline,0,0,1,0,0,0,0,0,0,1,1,4350.0,"[{""type"":""offline"",""severity"":""critical"",""channel"":null,""timestamp"":""2026-08-12T11:30:00+00:00"",""evidence"":{""gap_minutes"":4350.0,""missed_intervals"":290,""offline_threshold_minutes"":180},""message"":""Sensor has not reported for 4350 minutes."",""alert_recommended"":true}]",0,0,0,0,0,0
2026-08-12T11:45:00+00:00,5,Offline,0,0,1,0,0,0,0,0,0,1,1,4365.0,"[{""type"":""offline"",""severity"":""critical"",""channel"":null,""timestamp"":""2026-08-12T11:45:00+00:00"",""evidence"":{""gap_minutes"":4365.0,""missed_intervals"":291,""offline_threshold_minutes"":180},""message"":""Sensor has not reported for 4365 minutes."",""alert_recommended"":true}]",0,0,0,0,0,0
2026-08-12T12:00:00+00:00,5,Offline,0,0,1,0,0,0,0,0,0,1,1,4380.0,"[{""type"":""offline"",""severity"":""critical"",""channel"":null,""timestamp"":""2026-08-12T12:00:00+00:00"",""evidence"":{""gap_minutes"":4380.0,""missed_intervals"":292,""offline_threshold_minutes"":180},""message"":""Sensor has not reported for 4380 minutes."",""alert_recommended"":true}]",0,0,0,0,0,0
2026-08-12T12:15:00+00:00,5,Offline,0,0,1,0,0,0,0,0,0,1,1,4395.0,"[{""type"":""offline"",""severity"":""critical"",""channel"":null,""timestamp"":""2026-08-12T12:15:00+00:00"",""evidence"":{""gap_minutes"":4395.0,""missed_intervals"":293,""offline_threshold_minutes"":180},""message"":""Sensor has not reported for 4395 minutes."",""alert_recommended"":true}]",0,0,0,0,0,0
2026-08-12T12:30:00+00:00,5,Offline,0,0,1,0,0,0,0,0,0,1,1,4410.0,"[{""type"":""offline"",""severity"":""critical"",""channel"":null,""timestamp"":""2026-08-12T12:30:00+00:00"",""evidence"":{""gap_minutes"":4410.0,""missed_intervals"":294,""offline_threshold_minutes"":180},""message"":""Sensor has not reported for 4410 minutes."",""alert_recommended"":true}]",0,0,0,0,0,0
2026-08-12T12:45:00+00:00,5,Offline,0,0,1,0,0,0,0,0,0,1,1,4425.0,"[{""type"":""offline"",""severity"":""critical"",""channel"":null,""timestamp"":""2026-08-12T12:45:00+00:00"",""evidence"":{""gap_minutes"":4425.0,""missed_intervals"":295,""offline_threshold_minutes"":180},""message"":""Sensor has not reported for 4425 minutes."",""alert_recommended"":true}]",0,0,0,0,0,0
2026-08-12T13:00:00+00:00,5,Offline,0,0,1,0,0,0,0,0,0,1,1,4440.0,"[{""type"":""offline"",""severity"":""critical"",""channel"":null,""timestamp"":""2026-08-12T13:00:00+00:00"",""evidence"":{""gap_minutes"":4440.0,""missed_intervals"":296,""offline_threshold_minutes"":180},""message"":""Sensor has not reported for 4440 minutes."",""alert_recommended"":true}]",0,0,0,0,0,0
2026-08-12T13:15:00+00:00,5,Offline,0,0,1,0,0,0,0,0,0,1,1,4455.0,"[{""type"":""offline"",""severity"":""critical"",""channel"":null,""timestamp"":""2026-08-12T13:15:00+00:00"",""evidence"":{""gap_minutes"":4455.0,""missed_intervals"":297,""offline_threshold_minutes"":180},""message"":""Sensor has not reported for 4455 minutes."",""alert_recommended"":true}]",0,0,0,0,0,0
2026-08-12T13:30:00+00:00,5,Offline,0,0,1,0,0,0,0,0,0,1,1,4470.0,"[{""type"":""offline"",""severity"":""critical"",""channel"":null,""timestamp"":""2026-08-12T13:30:00+00:00"",""evidence"":{""gap_minutes"":4470.0,""missed_intervals"":298,""offline_threshold_minutes"":180},""message"":""Sensor has not reported for 4470 minutes."",""alert_recommended"":true}]",0,0,0,0,0,0
2026-08-12T13:45:00+00:00,5,Offline,0,0,1,0,0,0,0,0,0,1,1,4485.0,"[{""type"":""offline"",""severity"":""critical"",""channel"":null,""timestamp"":""2026-08-12T13:45:00+00:00"",""evidence"":{""gap_minutes"":4485.0,""missed_intervals"":299,""offline_threshold_minutes"":180},""message"":""Sensor has not reported for 4485 minutes."",""alert_recommended"":true}]",0,0,0,0,0,0
2026-08-12T14:00:00+00:00,5,Offline,0,0,1,0,0,0,0,0,0,1,1,4500.0,"[{""type"":""offline"",""severity"":""critical"",""channel"":null,""timestamp"":""2026-08-12T14:00:00+00:00"",""evidence"":{""gap_minutes"":4500.0,""missed_intervals"":300,""offline_threshold_minutes"":180},""message"":""Sensor has not reported for 4500 minutes."",""alert_recommended"":true}]",0,0,0,0,0,0
2026-08-12T14:15:00+00:00,5,Offline,0,0,1,0,0,0,0,0,0,1,1,4515.0,"[{""type"":""offline"",""severity"":""critical"",""channel"":null,""timestamp"":""2026-08-12T14:15:00+00:00"",""evidence"":{""gap_minutes"":4515.0,""missed_intervals"":301,""offline_threshold_minutes"":180},""message"":""Sensor has not reported for 4515 minutes."",""alert_recommended"":true}]",0,0,0,0,0,0
2026-08-12T14:30:00+00:00,5,Offline,0,0,1,0,0,0,0,0,0,1,1,4530.0,"[{""type"":""offline"",""severity"":""critical"",""channel"":null,""timestamp"":""2026-08-12T14:30:00+00:00"",""evidence"":{""gap_minutes"":4530.0,""missed_intervals"":302,""offline_threshold_minutes"":180},""message"":""Sensor has not reported for 4530 minutes."",""alert_recommended"":true}]",0,0,0,0,0,0
2026-08-12T14:45:00+00:00,5,Offline,0,0,1,0,0,0,0,0,0,1,1,4545.0,"[{""type"":""offline"",""severity"":""critical"",""channel"":null,""timestamp"":""2026-08-12T14:45:00+00:00"",""evidence"":{""gap_minutes"":4545.0,""missed_intervals"":303,""offline_threshold_minutes"":180},""message"":""Sensor has not reported for 4545 minutes."",""alert_recommended"":true}]",0,0,0,0,0,0
2026-08-12T15:00:00+00:00,5,Offline,0,0,1,0,0,0,0,0,0,1,1,4560.0,"[{""type"":""offline"",""severity"":""critical"",""channel"":null,""timestamp"":""2026-08-12T15:00:00+00:00"",""evidence"":{""gap_minutes"":4560.0,""missed_intervals"":304,""offline_threshold_minutes"":180},""message"":""Sensor has not reported for 4560 minutes."",""alert_recommended"":true}]",0,0,0,0,0,0
2026-08-12T15:15:00+00:00,5,Offline,0,0,1,0,0,0,0,0,0,1,1,4575.0,"[{""type"":""offline"",""severity"":""critical"",""channel"":null,""timestamp"":""2026-08-12T15:15:00+00:00"",""evidence"":{""gap_minutes"":4575.0,""missed_intervals"":305,""offline_threshold_minutes"":180},""message"":""Sensor has not reported for 4575 minutes."",""alert_recommended"":true}]",0,0,0,0,0,0
2026-08-12T15:30:00+00:00,5,Offline,0,0,1,0,0,0,0,0,0,1,1,4590.0,"[{""type"":""offline"",""severity"":""critical"",""channel"":null,""timestamp"":""2026-08-12T15:30:00+00:00"",""evidence"":{""gap_minutes"":4590.0,""missed_intervals"":306,""offline_threshold_minutes"":180},""message"":""Sensor has not reported for 4590 minutes."",""alert_recommended"":true}]",0,0,0,0,0,0
2026-08-12T15:45:00+00:00,5,Offline,0,0,1,0,0,0,0,0,0,1,1,4605.0,"[{""type"":""offline"",""severity"":""critical"",""channel"":null,""timestamp"":""2026-08-12T15:45:00+00:00"",""evidence"":{""gap_minutes"":4605.0,""missed_intervals"":307,""offline_threshold_minutes"":180},""message"":""Sensor has not reported for 4605 minutes."",""alert_recommended"":true}]",0,0,0,0,0,0
2026-08-12T16:00:00+00:00,5,Offline,0,0,1,0,0,0,0,0,0,1,1,4620.0,"[{""type"":""offline"",""severity"":""critical"",""channel"":null,""timestamp"":""2026-08-12T16:00:00+00:00"",""evidence"":{""gap_minutes"":4620.0,""missed_intervals"":308,""offline_threshold_minutes"":180},""message"":""Sensor has not reported for 4620 minutes."",""alert_recommended"":true}]",0,0,0,0,0,0
2026-08-12T16:15:00+00:00,5,Offline,0,0,1,0,0,0,0,0,0,1,1,4635.0,"[{""type"":""offline"",""severity"":""critical"",""channel"":null,""timestamp"":""2026-08-12T16:15:00+00:00"",""evidence"":{""gap_minutes"":4635.0,""missed_intervals"":309,""offline_threshold_minutes"":180},""message"":""Sensor has not reported for 4635 minutes."",""alert_recommended"":true}]",0,0,0,0,0,0
2026-08-12T16:30:00+00:00,5,Offline,0,0,1,0,0,0,0,0,0,1,1,4650.0,"[{""type"":""offline"",""severity"":""critical"",""channel"":null,""timestamp"":""2026-08-12T16:30:00+00:00"",""evidence"":{""gap_minutes"":4650.0,""missed_intervals"":310,""offline_threshold_minutes"":180},""message"":""Sensor has not reported for 4650 minutes."",""alert_recommended"":true}]",0,0,0,0,0,0
2026-08-12T16:45:00+00:00,5,Offline,0,0,1,0,0,0,0,0,0,1,1,4665.0,"[{""type"":""offline"",""severity"":""critical"",""channel"":null,""timestamp"":""2026-08-12T16:45:00+00:00"",""evidence"":{""gap_minutes"":4665.0,""missed_intervals"":311,""offline_threshold_minutes"":180},""message"":""Sensor has not reported for 4665 minutes."",""alert_recommended"":true}]",0,0,0,0,0,0
2026-08-12T17:00:00+00:00,5,Offline,0,0,1,0,0,0,0,0,0,1,1,4680.0,"[{""type"":""offline"",""severity"":""critical"",""channel"":null,""timestamp"":""2026-08-12T17:00:00+00:00"",""evidence"":{""gap_minutes"":4680.0,""missed_intervals"":312,""offline_threshold_minutes"":180},""message"":""Sensor has not reported for 4680 minutes."",""alert_recommended"":true}]",0,0,0,0,0,0
2026-08-12T17:15:00+00:00,5,Offline,0,0,1,0,0,0,0,0,0,1,1,4695.0,"[{""type"":""offline"",""severity"":""critical"",""channel"":null,""timestamp"":""2026-08-12T17:15:00+00:00"",""evidence"":{""gap_minutes"":4695.0,""missed_intervals"":313,""offline_threshold_minutes"":180},""message"":""Sensor has not reported for 4695 minutes."",""alert_recommended"":true}]",0,0,0,0,0,0
2026-08-12T17:30:00+00:00,5,Offline,0,0,1,0,0,0,0,0,0,1,1,4710.0,"[{""type"":""offline"",""severity"":""critical"",""channel"":null,""timestamp"":""2026-08-12T17:30:00+00:00"",""evidence"":{""gap_minutes"":4710.0,""missed_intervals"":314,""offline_threshold_minutes"":180},""message"":""Sensor has not reported for 4710 minutes."",""alert_recommended"":true}]",0,0,0,0,0,0
2026-08-12T17:45:00+00:00,5,Offline,0,0,1,0,0,0,0,0,0,1,1,4725.0,"[{""type"":""offline"",""severity"":""critical"",""channel"":null,""timestamp"":""2026-08-12T17:45:00+00:00"",""evidence"":{""gap_minutes"":4725.0,""missed_intervals"":315,""offline_threshold_minutes"":180},""message"":""Sensor has not reported for 4725 minutes."",""alert_recommended"":true}]",0,0,0,0,0,0
2026-08-12T18:00:00+00:00,5,Offline,0,0,1,0,0,0,0,0,0,1,1,4740.0,"[{""type"":""offline"",""severity"":""critical"",""channel"":null,""timestamp"":""2026-08-12T18:00:00+00:00"",""evidence"":{""gap_minutes"":4740.0,""missed_intervals"":316,""offline_threshold_minutes"":180},""message"":""Sensor has not reported for 4740 minutes."",""alert_recommended"":true}]",0,0,0,0,0,0
2026-08-12T18:15:00+00:00,5,Offline,0,0,1,0,0,0,0,0,0,1,1,4755.0,"[{""type"":""offline"",""severity"":""critical"",""channel"":null,""timestamp"":""2026-08-12T18:15:00+00:00"",""evidence"":{""gap_minutes"":4755.0,""missed_intervals"":317,""offline_threshold_minutes"":180},""message"":""Sensor has not reported for 4755 minutes."",""alert_recommended"":true}]",0,0,0,0,0,0
2026-08-12T18:30:00+00:00,5,Offline,0,0,1,0,0,0,0,0,0,1,1,4770.0,"[{""type"":""offline"",""severity"":""critical"",""channel"":null,""timestamp"":""2026-08-12T18:30:00+00:00"",""evidence"":{""gap_minutes"":4770.0,""missed_intervals"":318,""offline_threshold_minutes"":180},""message"":""Sensor has not reported for 4770 minutes."",""alert_recommended"":true}]",0,0,0,0,0,0
2026-08-12T18:45:00+00:00,5,Offline,0,0,1,0,0,0,0,0,0,1,1,4785.0,"[{""type"":""offline"",""severity"":""critical"",""channel"":null,""timestamp"":""2026-08-12T18:45:00+00:00"",""evidence"":{""gap_minutes"":4785.0,""missed_intervals"":319,""offline_threshold_minutes"":180},""message"":""Sensor has not reported for 4785 minutes."",""alert_recommended"":true}]",0,0,0,0,0,0
2026-08-12T19:00:00+00:00,5,Offline,0,0,1,0,0,0,0,0,0,1,1,4800.0,"[{""type"":""offline"",""severity"":""critical"",""channel"":null,""timestamp"":""2026-08-12T19:00:00+00:00"",""evidence"":{""gap_minutes"":4800.0,""missed_intervals"":320,""offline_threshold_minutes"":180},""message"":""Sensor has not reported for 4800 minutes."",""alert_recommended"":true}]",0,0,0,0,0,0
2026-08-12T19:15:00+00:00,5,Offline,0,0,1,0,0,0,0,0,0,1,1,4815.0,"[{""type"":""offline"",""severity"":""critical"",""channel"":null,""timestamp"":""2026-08-12T19:15:00+00:00"",""evidence"":{""gap_minutes"":4815.0,""missed_intervals"":321,""offline_threshold_minutes"":180},""message"":""Sensor has not reported for 4815 minutes."",""alert_recommended"":true}]",0,0,0,0,0,0
2026-08-12T19:30:00+00:00,5,Offline,0,0,1,0,0,0,0,0,0,1,1,4830.0,"[{""type"":""offline"",""severity"":""critical"",""channel"":null,""timestamp"":""2026-08-12T19:30:00+00:00"",""evidence"":{""gap_minutes"":4830.0,""missed_intervals"":322,""offline_threshold_minutes"":180},""message"":""Sensor has not reported for 4830 minutes."",""alert_recommended"":true}]",0,0,0,0,0,0
2026-08-12T19:45:00+00:00,5,Offline,0,0,1,0,0,0,0,0,0,1,1,4845.0,"[{""type"":""offline"",""severity"":""critical"",""channel"":null,""timestamp"":""2026-08-12T19:45:00+00:00"",""evidence"":{""gap_minutes"":4845.0,""missed_intervals"":323,""offline_threshold_minutes"":180},""message"":""Sensor has not reported for 4845 minutes."",""alert_recommended"":true}]",0,0,0,0,0,0
2026-08-12T20:00:00+00:00,5,Offline,0,0,1,0,0,0,0,0,0,1,1,4860.0,"[{""type"":""offline"",""severity"":""critical"",""channel"":null,""timestamp"":""2026-08-12T20:00:00+00:00"",""evidence"":{""gap_minutes"":4860.0,""missed_intervals"":324,""offline_threshold_minutes"":180},""message"":""Sensor has not reported for 4860 minutes."",""alert_recommended"":true}]",0,0,0,0,0,0
2026-08-12T20:15:00+00:00,5,Offline,0,0,1,0,0,0,0,0,0,1,1,4875.0,"[{""type"":""offline"",""severity"":""critical"",""channel"":null,""timestamp"":""2026-08-12T20:15:00+00:00"",""evidence"":{""gap_minutes"":4875.0,""missed_intervals"":325,""offline_threshold_minutes"":180},""message"":""Sensor has not reported for 4875 minutes."",""alert_recommended"":true}]",0,0,0,0,0,0
2026-08-12T20:30:00+00:00,5,Offline,0,0,1,0,0,0,0,0,0,1,1,4890.0,"[{""type"":""offline"",""severity"":""critical"",""channel"":null,""timestamp"":""2026-08-12T20:30:00+00:00"",""evidence"":{""gap_minutes"":4890.0,""missed_intervals"":326,""offline_threshold_minutes"":180},""message"":""Sensor has not reported for 4890 minutes."",""alert_recommended"":true}]",0,0,0,0,0,0
2026-08-12T20:45:00+00:00,5,Offline,0,0,1,0,0,0,0,0,0,1,1,4905.0,"[{""type"":""offline"",""severity"":""critical"",""channel"":null,""timestamp"":""2026-08-12T20:45:00+00:00"",""evidence"":{""gap_minutes"":4905.0,""missed_intervals"":327,""offline_threshold_minutes"":180},""message"":""Sensor has not reported for 4905 minutes."",""alert_recommended"":true}]",0,0,0,0,0,0
2026-08-12T21:00:00+00:00,5,Offline,0,0,1,0,0,0,0,0,0,1,1,4920.0,"[{""type"":""offline"",""severity"":""critical"",""channel"":null,""timestamp"":""2026-08-12T21:00:00+00:00"",""evidence"":{""gap_minutes"":4920.0,""missed_intervals"":328,""offline_threshold_minutes"":180},""message"":""Sensor has not reported for 4920 minutes."",""alert_recommended"":true}]",0,0,0,0,0,0
2026-08-12T21:15:00+00:00,5,Offline,0,0,1,0,0,0,0,0,0,1,1,4935.0,"[{""type"":""offline"",""severity"":""critical"",""channel"":null,""timestamp"":""2026-08-12T21:15:00+00:00"",""evidence"":{""gap_minutes"":4935.0,""missed_intervals"":329,""offline_threshold_minutes"":180},""message"":""Sensor has not reported for 4935 minutes."",""alert_recommended"":true}]",0,0,0,0,0,0
2026-08-12T21:30:00+00:00,5,Offline,0,0,1,0,0,0,0,0,0,1,1,4950.0,"[{""type"":""offline"",""severity"":""critical"",""channel"":null,""timestamp"":""2026-08-12T21:30:00+00:00"",""evidence"":{""gap_minutes"":4950.0,""missed_intervals"":330,""offline_threshold_minutes"":180},""message"":""Sensor has not reported for 4950 minutes."",""alert_recommended"":true}]",0,0,0,0,0,0
2026-08-12T21:45:00+00:00,5,Offline,0,0,1,0,0,0,0,0,0,1,1,4965.0,"[{""type"":""offline"",""severity"":""critical"",""channel"":null,""timestamp"":""2026-08-12T21:45:00+00:00"",""evidence"":{""gap_minutes"":4965.0,""missed_intervals"":331,""offline_threshold_minutes"":180},""message"":""Sensor has not reported for 4965 minutes."",""alert_recommended"":true}]",0,0,0,0,0,0
2026-08-12T22:00:00+00:00,5,Offline,0,0,1,0,0,0,0,0,0,1,1,4980.0,"[{""type"":""offline"",""severity"":""critical"",""channel"":null,""timestamp"":""2026-08-12T22:00:00+00:00"",""evidence"":{""gap_minutes"":4980.0,""missed_intervals"":332,""offline_threshold_minutes"":180},""message"":""Sensor has not reported for 4980 minutes."",""alert_recommended"":true}]",0,0,0,0,0,0
2026-08-12T22:15:00+00:00,5,Offline,0,0,1,0,0,0,0,0,0,1,1,4995.0,"[{""type"":""offline"",""severity"":""critical"",""channel"":null,""timestamp"":""2026-08-12T22:15:00+00:00"",""evidence"":{""gap_minutes"":4995.0,""missed_intervals"":333,""offline_threshold_minutes"":180},""message"":""Sensor has not reported for 4995 minutes."",""alert_recommended"":true}]",0,0,0,0,0,0
2026-08-12T22:30:00+00:00,5,Offline,0,0,1,0,0,0,0,0,0,1,1,5010.0,"[{""type"":""offline"",""severity"":""critical"",""channel"":null,""timestamp"":""2026-08-12T22:30:00+00:00"",""evidence"":{""gap_minutes"":5010.0,""missed_intervals"":334,""offline_threshold_minutes"":180},""message"":""Sensor has not reported for 5010 minutes."",""alert_recommended"":true}]",0,0,0,0,0,0
2026-08-12T22:45:00+00:00,5,Offline,0,0,1,0,0,0,0,0,0,1,1,5025.0,"[{""type"":""offline"",""severity"":""critical"",""channel"":null,""timestamp"":""2026-08-12T22:45:00+00:00"",""evidence"":{""gap_minutes"":5025.0,""missed_intervals"":335,""offline_threshold_minutes"":180},""message"":""Sensor has not reported for 5025 minutes."",""alert_recommended"":true}]",0,0,0,0,0,0
2026-08-12T23:00:00+00:00,5,Offline,0,0,1,0,0,0,0,0,0,1,1,5040.0,"[{""type"":""offline"",""severity"":""critical"",""channel"":null,""timestamp"":""2026-08-12T23:00:00+00:00"",""evidence"":{""gap_minutes"":5040.0,""missed_intervals"":336,""offline_threshold_minutes"":180},""message"":""Sensor has not reported for 5040 minutes."",""alert_recommended"":true}]",0,0,0,0,0,0
2026-08-12T23:15:00+00:00,5,Offline,0,0,1,0,0,0,0,0,0,1,1,5055.0,"[{""type"":""offline"",""severity"":""critical"",""channel"":null,""timestamp"":""2026-08-12T23:15:00+00:00"",""evidence"":{""gap_minutes"":5055.0,""missed_intervals"":337,""offline_threshold_minutes"":180},""message"":""Sensor has not reported for 5055 minutes."",""alert_recommended"":true}]",0,0,0,0,0,0
2026-08-12T23:30:00+00:00,5,Offline,0,0,1,0,0,0,0,0,0,1,1,5070.0,"[{""type"":""offline"",""severity"":""critical"",""channel"":null,""timestamp"":""2026-08-12T23:30:00+00:00"",""evidence"":{""gap_minutes"":5070.0,""missed_intervals"":338,""offline_threshold_minutes"":180},""message"":""Sensor has not reported for 5070 minutes."",""alert_recommended"":true}]",0,0,0,0,0,0
2026-08-12T23:45:00+00:00,5,Offline,0,0,1,0,0,0,0,0,0,1,1,5085.0,"[{""type"":""offline"",""severity"":""critical"",""channel"":null,""timestamp"":""2026-08-12T23:45:00+00:00"",""evidence"":{""gap_minutes"":5085.0,""missed_intervals"":339,""offline_threshold_minutes"":180},""message"":""Sensor has not reported for 5085 minutes."",""alert_recommended"":true}]",0,0,0,0,0,0
2026-08-13T00:00:00+00:00,5,Offline,0,0,1,0,0,0,0,0,0,1,1,5100.0,"[{""type"":""offline"",""severity"":""critical"",""channel"":null,""timestamp"":""2026-08-13T00:00:00+00:00"",""evidence"":{""gap_minutes"":5100.0,""missed_intervals"":340,""offline_threshold_minutes"":180},""message"":""Sensor has not reported for 5100 minutes."",""alert_recommended"":true}]",0,0,0,0,0,0
2026-08-13T00:15:00+00:00,5,Offline,0,0,1,0,0,0,0,0,0,1,1,5115.0,"[{""type"":""offline"",""severity"":""critical"",""channel"":null,""timestamp"":""2026-08-13T00:15:00+00:00"",""evidence"":{""gap_minutes"":5115.0,""missed_intervals"":341,""offline_threshold_minutes"":180},""message"":""Sensor has not reported for 5115 minutes."",""alert_recommended"":true}]",0,0,0,0,0,0
2026-08-13T00:30:00+00:00,5,Offline,0,0,1,0,0,0,0,0,0,1,1,5130.0,"[{""type"":""offline"",""severity"":""critical"",""channel"":null,""timestamp"":""2026-08-13T00:30:00+00:00"",""evidence"":{""gap_minutes"":5130.0,""missed_intervals"":342,""offline_threshold_minutes"":180},""message"":""Sensor has not reported for 5130 minutes."",""alert_recommended"":true}]",0,0,0,0,0,0
2026-08-13T00:45:00+00:00,5,Offline,0,0,1,0,0,0,0,0,0,1,1,5145.0,"[{""type"":""offline"",""severity"":""critical"",""channel"":null,""timestamp"":""2026-08-13T00:45:00+00:00"",""evidence"":{""gap_minutes"":5145.0,""missed_intervals"":343,""offline_threshold_minutes"":180},""message"":""Sensor has not reported for 5145 minutes."",""alert_recommended"":true}]",0,0,0,0,0,0
2026-08-13T01:00:00+00:00,5,Offline,0,0,1,0,0,0,0,0,0,1,1,5160.0,"[{""type"":""offline"",""severity"":""critical"",""channel"":null,""timestamp"":""2026-08-13T01:00:00+00:00"",""evidence"":{""gap_minutes"":5160.0,""missed_intervals"":344,""offline_threshold_minutes"":180},""message"":""Sensor has not reported for 5160 minutes."",""alert_recommended"":true}]",0,0,0,0,0,0
2026-08-13T01:15:00+00:00,5,Offline,0,0,1,0,0,0,0,0,0,1,1,5175.0,"[{""type"":""offline"",""severity"":""critical"",""channel"":null,""timestamp"":""2026-08-13T01:15:00+00:00"",""evidence"":{""gap_minutes"":5175.0,""missed_intervals"":345,""offline_threshold_minutes"":180},""message"":""Sensor has not reported for 5175 minutes."",""alert_recommended"":true}]",0,0,0,0,0,0
2026-08-13T01:30:00+00:00,5,Offline,0,0,1,0,0,0,0,0,0,1,1,5190.0,"[{""type"":""offline"",""severity"":""critical"",""channel"":null,""timestamp"":""2026-08-13T01:30:00+00:00"",""evidence"":{""gap_minutes"":5190.0,""missed_intervals"":346,""offline_threshold_minutes"":180},""message"":""Sensor has not reported for 5190 minutes."",""alert_recommended"":true}]",0,0,0,0,0,0
2026-08-13T01:45:00+00:00,5,Offline,0,0,1,0,0,0,0,0,0,1,1,5205.0,"[{""type"":""offline"",""severity"":""critical"",""channel"":null,""timestamp"":""2026-08-13T01:45:00+00:00"",""evidence"":{""gap_minutes"":5205.0,""missed_intervals"":347,""offline_threshold_minutes"":180},""message"":""Sensor has not reported for 5205 minutes."",""alert_recommended"":true}]",0,0,0,0,0,0
2026-08-13T02:00:00+00:00,5,Offline,0,0,1,0,0,0,0,0,0,1,1,5220.0,"[{""type"":""offline"",""severity"":""critical"",""channel"":null,""timestamp"":""2026-08-13T02:00:00+00:00"",""evidence"":{""gap_minutes"":5220.0,""missed_intervals"":348,""offline_threshold_minutes"":180},""message"":""Sensor has not reported for 5220 minutes."",""alert_recommended"":true}]",0,0,0,0,0,0
2026-08-13T02:15:00+00:00,5,Offline,0,0,1,0,0,0,0,0,0,1,1,5235.0,"[{""type"":""offline"",""severity"":""critical"",""channel"":null,""timestamp"":""2026-08-13T02:15:00+00:00"",""evidence"":{""gap_minutes"":5235.0,""missed_intervals"":349,""offline_threshold_minutes"":180},""message"":""Sensor has not reported for 5235 minutes."",""alert_recommended"":true}]",0,0,0,0,0,0
2026-08-13T02:30:00+00:00,5,Offline,0,0,1,0,0,0,0,0,0,1,1,5250.0,"[{""type"":""offline"",""severity"":""critical"",""channel"":null,""timestamp"":""2026-08-13T02:30:00+00:00"",""evidence"":{""gap_minutes"":5250.0,""missed_intervals"":350,""offline_threshold_minutes"":180},""message"":""Sensor has not reported for 5250 minutes."",""alert_recommended"":true}]",0,0,0,0,0,0
2026-08-13T02:45:00+00:00,5,Offline,0,0,1,0,0,0,0,0,0,1,1,5265.0,"[{""type"":""offline"",""severity"":""critical"",""channel"":null,""timestamp"":""2026-08-13T02:45:00+00:00"",""evidence"":{""gap_minutes"":5265.0,""missed_intervals"":351,""offline_threshold_minutes"":180},""message"":""Sensor has not reported for 5265 minutes."",""alert_recommended"":true}]",0,0,0,0,0,0
2026-08-13T03:00:00+00:00,5,Offline,0,0,1,0,0,0,0,0,0,1,1,5280.0,"[{""type"":""offline"",""severity"":""critical"",""channel"":null,""timestamp"":""2026-08-13T03:00:00+00:00"",""evidence"":{""gap_minutes"":5280.0,""missed_intervals"":352,""offline_threshold_minutes"":180},""message"":""Sensor has not reported for 5280 minutes."",""alert_recommended"":true}]",0,0,0,0,0,0
2026-08-13T03:15:00+00:00,5,Offline,0,0,1,0,0,0,0,0,0,1,1,5295.0,"[{""type"":""offline"",""severity"":""critical"",""channel"":null,""timestamp"":""2026-08-13T03:15:00+00:00"",""evidence"":{""gap_minutes"":5295.0,""missed_intervals"":353,""offline_threshold_minutes"":180},""message"":""Sensor has not reported for 5295 minutes."",""alert_recommended"":true}]",0,0,0,0,0,0
2026-08-13T03:30:00+00:00,5,Offline,0,0,1,0,0,0,0,0,0,1,1,5310.0,"[{""type"":""offline"",""severity"":""critical"",""channel"":null,""timestamp"":""2026-08-13T03:30:00+00:00"",""evidence"":{""gap_minutes"":5310.0,""missed_intervals"":354,""offline_threshold_minutes"":180},""message"":""Sensor has not reported for 5310 minutes."",""alert_recommended"":true}]",0,0,0,0,0,0
2026-08-13T03:45:00+00:00,5,Offline,0,0,1,0,0,0,0,0,0,1,1,5325.0,"[{""type"":""offline"",""severity"":""critical"",""channel"":null,""timestamp"":""2026-08-13T03:45:00+00:00"",""evidence"":{""gap_minutes"":5325.0,""missed_intervals"":355,""offline_threshold_minutes"":180},""message"":""Sensor has not reported for 5325 minutes."",""alert_recommended"":true}]",0,0,0,0,0,0
2026-08-13T04:00:00+00:00,5,Offline,0,0,1,0,0,0,0,0,0,1,1,5340.0,"[{""type"":""offline"",""severity"":""critical"",""channel"":null,""timestamp"":""2026-08-13T04:00:00+00:00"",""evidence"":{""gap_minutes"":5340.0,""missed_intervals"":356,""offline_threshold_minutes"":180},""message"":""Sensor has not reported for 5340 minutes."",""alert_recommended"":true}]",0,0,0,0,0,0
2026-08-13T04:15:00+00:00,5,Offline,0,0,1,0,0,0,0,0,0,1,1,5355.0,"[{""type"":""offline"",""severity"":""critical"",""channel"":null,""timestamp"":""2026-08-13T04:15:00+00:00"",""evidence"":{""gap_minutes"":5355.0,""missed_intervals"":357,""offline_threshold_minutes"":180},""message"":""Sensor has not reported for 5355 minutes."",""alert_recommended"":true}]",0,0,0,0,0,0
2026-08-13T04:30:00+00:00,5,Offline,0,0,1,0,0,0,0,0,0,1,1,5370.0,"[{""type"":""offline"",""severity"":""critical"",""channel"":null,""timestamp"":""2026-08-13T04:30:00+00:00"",""evidence"":{""gap_minutes"":5370.0,""missed_intervals"":358,""offline_threshold_minutes"":180},""message"":""Sensor has not reported for 5370 minutes."",""alert_recommended"":true}]",0,0,0,0,0,0
2026-08-13T04:45:00+00:00,5,Offline,0,0,1,0,0,0,0,0,0,1,1,5385.0,"[{""type"":""offline"",""severity"":""critical"",""channel"":null,""timestamp"":""2026-08-13T04:45:00+00:00"",""evidence"":{""gap_minutes"":5385.0,""missed_intervals"":359,""offline_threshold_minutes"":180},""message"":""Sensor has not reported for 5385 minutes."",""alert_recommended"":true}]",0,0,0,0,0,0
2026-08-13T05:00:00+00:00,5,Offline,0,0,1,0,0,0,0,0,0,1,1,5400.0,"[{""type"":""offline"",""severity"":""critical"",""channel"":null,""timestamp"":""2026-08-13T05:00:00+00:00"",""evidence"":{""gap_minutes"":5400.0,""missed_intervals"":360,""offline_threshold_minutes"":180},""message"":""Sensor has not reported for 5400 minutes."",""alert_recommended"":true}]",0,0,0,0,0,0
2026-08-13T05:15:00+00:00,5,Offline,0,0,1,0,0,0,0,0,0,1,1,5415.0,"[{""type"":""offline"",""severity"":""critical"",""channel"":null,""timestamp"":""2026-08-13T05:15:00+00:00"",""evidence"":{""gap_minutes"":5415.0,""missed_intervals"":361,""offline_threshold_minutes"":180},""message"":""Sensor has not reported for 5415 minutes."",""alert_recommended"":true}]",0,0,0,0,0,0
2026-08-13T05:30:00+00:00,5,Offline,0,0,1,0,0,0,0,0,0,1,1,5430.0,"[{""type"":""offline"",""severity"":""critical"",""channel"":null,""timestamp"":""2026-08-13T05:30:00+00:00"",""evidence"":{""gap_minutes"":5430.0,""missed_intervals"":362,""offline_threshold_minutes"":180},""message"":""Sensor has not reported for 5430 minutes."",""alert_recommended"":true}]",0,0,0,0,0,0
2026-08-13T05:45:00+00:00,5,Offline,0,0,1,0,0,0,0,0,0,1,1,5445.0,"[{""type"":""offline"",""severity"":""critical"",""channel"":null,""timestamp"":""2026-08-13T05:45:00+00:00"",""evidence"":{""gap_minutes"":5445.0,""missed_intervals"":363,""offline_threshold_minutes"":180},""message"":""Sensor has not reported for 5445 minutes."",""alert_recommended"":true}]",0,0,0,0,0,0
2026-08-13T06:00:00+00:00,5,Offline,0,0,1,0,0,0,0,0,0,1,1,5460.0,"[{""type"":""offline"",""severity"":""critical"",""channel"":null,""timestamp"":""2026-08-13T06:00:00+00:00"",""evidence"":{""gap_minutes"":5460.0,""missed_intervals"":364,""offline_threshold_minutes"":180},""message"":""Sensor has not reported for 5460 minutes."",""alert_recommended"":true}]",0,0,0,0,0,0
2026-08-13T06:15:00+00:00,5,Offline,0,0,1,0,0,0,0,0,0,1,1,5475.0,"[{""type"":""offline"",""severity"":""critical"",""channel"":null,""timestamp"":""2026-08-13T06:15:00+00:00"",""evidence"":{""gap_minutes"":5475.0,""missed_intervals"":365,""offline_threshold_minutes"":180},""message"":""Sensor has not reported for 5475 minutes."",""alert_recommended"":true}]",0,0,0,0,0,0
2026-08-13T06:30:00+00:00,5,Offline,0,0,1,0,0,0,0,0,0,1,1,5490.0,"[{""type"":""offline"",""severity"":""critical"",""channel"":null,""timestamp"":""2026-08-13T06:30:00+00:00"",""evidence"":{""gap_minutes"":5490.0,""missed_intervals"":366,""offline_threshold_minutes"":180},""message"":""Sensor has not reported for 5490 minutes."",""alert_recommended"":true}]",0,0,0,0,0,0
2026-08-13T06:45:00+00:00,5,Offline,0,0,1,0,0,0,0,0,0,1,1,5505.0,"[{""type"":""offline"",""severity"":""critical"",""channel"":null,""timestamp"":""2026-08-13T06:45:00+00:00"",""evidence"":{""gap_minutes"":5505.0,""missed_intervals"":367,""offline_threshold_minutes"":180},""message"":""Sensor has not reported for 5505 minutes."",""alert_recommended"":true}]",0,0,0,0,0,0
2026-08-13T07:00:00+00:00,5,Offline,0,0,1,0,0,0,0,0,0,1,1,5520.0,"[{""type"":""offline"",""severity"":""critical"",""channel"":null,""timestamp"":""2026-08-13T07:00:00+00:00"",""evidence"":{""gap_minutes"":5520.0,""missed_intervals"":368,""offline_threshold_minutes"":180},""message"":""Sensor has not reported for 5520 minutes."",""alert_recommended"":true}]",0,0,0,0,0,0
2026-08-13T07:15:00+00:00,5,Offline,0,0,1,0,0,0,0,0,0,1,1,5535.0,"[{""type"":""offline"",""severity"":""critical"",""channel"":null,""timestamp"":""2026-08-13T07:15:00+00:00"",""evidence"":{""gap_minutes"":5535.0,""missed_intervals"":369,""offline_threshold_minutes"":180},""message"":""Sensor has not reported for 5535 minutes."",""alert_recommended"":true}]",0,0,0,0,0,0
2026-08-13T07:30:00+00:00,5,Offline,0,0,1,0,0,0,0,0,0,1,1,5550.0,"[{""type"":""offline"",""severity"":""critical"",""channel"":null,""timestamp"":""2026-08-13T07:30:00+00:00"",""evidence"":{""gap_minutes"":5550.0,""missed_intervals"":370,""offline_threshold_minutes"":180},""message"":""Sensor has not reported for 5550 minutes."",""alert_recommended"":true}]",0,0,0,0,0,0
2026-08-13T07:45:00+00:00,5,Offline,0,0,1,0,0,0,0,0,0,1,1,5565.0,"[{""type"":""offline"",""severity"":""critical"",""channel"":null,""timestamp"":""2026-08-13T07:45:00+00:00"",""evidence"":{""gap_minutes"":5565.0,""missed_intervals"":371,""offline_threshold_minutes"":180},""message"":""Sensor has not reported for 5565 minutes."",""alert_recommended"":true}]",0,0,0,0,0,0
2026-08-13T08:00:00+00:00,5,Offline,0,0,1,0,0,0,0,0,0,1,1,5580.0,"[{""type"":""offline"",""severity"":""critical"",""channel"":null,""timestamp"":""2026-08-13T08:00:00+00:00"",""evidence"":{""gap_minutes"":5580.0,""missed_intervals"":372,""offline_threshold_minutes"":180},""message"":""Sensor has not reported for 5580 minutes."",""alert_recommended"":true}]",0,0,0,0,0,0
2026-08-13T08:15:00+00:00,5,Offline,0,0,1,0,0,0,0,0,0,1,1,5595.0,"[{""type"":""offline"",""severity"":""critical"",""channel"":null,""timestamp"":""2026-08-13T08:15:00+00:00"",""evidence"":{""gap_minutes"":5595.0,""missed_intervals"":373,""offline_threshold_minutes"":180},""message"":""Sensor has not reported for 5595 minutes."",""alert_recommended"":true}]",0,0,0,0,0,0
2026-08-13T08:30:00+00:00,5,Offline,0,0,1,0,0,0,0,0,0,1,1,5610.0,"[{""type"":""offline"",""severity"":""critical"",""channel"":null,""timestamp"":""2026-08-13T08:30:00+00:00"",""evidence"":{""gap_minutes"":5610.0,""missed_intervals"":374,""offline_threshold_minutes"":180},""message"":""Sensor has not reported for 5610 minutes."",""alert_recommended"":true}]",0,0,0,0,0,0
2026-08-13T08:45:00+00:00,5,Offline,0,0,1,0,0,0,0,0,0,1,1,5625.0,"[{""type"":""offline"",""severity"":""critical"",""channel"":null,""timestamp"":""2026-08-13T08:45:00+00:00"",""evidence"":{""gap_minutes"":5625.0,""missed_intervals"":375,""offline_threshold_minutes"":180},""message"":""Sensor has not reported for 5625 minutes."",""alert_recommended"":true}]",0,0,0,0,0,0
2026-08-13T09:00:00+00:00,5,Offline,0,0,1,0,0,0,0,0,0,1,1,5640.0,"[{""type"":""offline"",""severity"":""critical"",""channel"":null,""timestamp"":""2026-08-13T09:00:00+00:00"",""evidence"":{""gap_minutes"":5640.0,""missed_intervals"":376,""offline_threshold_minutes"":180},""message"":""Sensor has not reported for 5640 minutes."",""alert_recommended"":true}]",0,0,0,0,0,0
2026-08-13T09:15:00+00:00,5,Offline,0,0,1,0,0,0,0,0,0,1,1,5655.0,"[{""type"":""offline"",""severity"":""critical"",""channel"":null,""timestamp"":""2026-08-13T09:15:00+00:00"",""evidence"":{""gap_minutes"":5655.0,""missed_intervals"":377,""offline_threshold_minutes"":180},""message"":""Sensor has not reported for 5655 minutes."",""alert_recommended"":true}]",0,0,0,0,0,0
2026-08-13T09:30:00+00:00,5,Offline,0,0,1,0,0,0,0,0,0,1,1,5670.0,"[{""type"":""offline"",""severity"":""critical"",""channel"":null,""timestamp"":""2026-08-13T09:30:00+00:00"",""evidence"":{""gap_minutes"":5670.0,""missed_intervals"":378,""offline_threshold_minutes"":180},""message"":""Sensor has not reported for 5670 minutes."",""alert_recommended"":true}]",0,0,0,0,0,0
2026-08-13T09:45:00+00:00,5,Offline,0,0,1,0,0,0,0,0,0,1,1,5685.0,"[{""type"":""offline"",""severity"":""critical"",""channel"":null,""timestamp"":""2026-08-13T09:45:00+00:00"",""evidence"":{""gap_minutes"":5685.0,""missed_intervals"":379,""offline_threshold_minutes"":180},""message"":""Sensor has not reported for 5685 minutes."",""alert_recommended"":true}]",0,0,0,0,0,0
2026-08-13T10:00:00+00:00,5,Offline,0,0,1,0,0,0,0,0,0,1,1,5700.0,"[{""type"":""offline"",""severity"":""critical"",""channel"":null,""timestamp"":""2026-08-13T10:00:00+00:00"",""evidence"":{""gap_minutes"":5700.0,""missed_intervals"":380,""offline_threshold_minutes"":180},""message"":""Sensor has not reported for 5700 minutes."",""alert_recommended"":true}]",0,0,0,0,0,0
2026-08-13T10:15:00+00:00,5,Offline,0,0,1,0,0,0,0,0,0,1,1,5715.0,"[{""type"":""offline"",""severity"":""critical"",""channel"":null,""timestamp"":""2026-08-13T10:15:00+00:00"",""evidence"":{""gap_minutes"":5715.0,""missed_intervals"":381,""offline_threshold_minutes"":180},""message"":""Sensor has not reported for 5715 minutes."",""alert_recommended"":true}]",0,0,0,0,0,0
2026-08-13T10:30:00+00:00,5,Offline,0,0,1,0,0,0,0,0,0,1,1,5730.0,"[{""type"":""offline"",""severity"":""critical"",""channel"":null,""timestamp"":""2026-08-13T10:30:00+00:00"",""evidence"":{""gap_minutes"":5730.0,""missed_intervals"":382,""offline_threshold_minutes"":180},""message"":""Sensor has not reported for 5730 minutes."",""alert_recommended"":true}]",0,0,0,0,0,0
2026-08-13T10:45:00+00:00,5,Offline,0,0,1,0,0,0,0,0,0,1,1,5745.0,"[{""type"":""offline"",""severity"":""critical"",""channel"":null,""timestamp"":""2026-08-13T10:45:00+00:00"",""evidence"":{""gap_minutes"":5745.0,""missed_intervals"":383,""offline_threshold_minutes"":180},""message"":""Sensor has not reported for 5745 minutes."",""alert_recommended"":true}]",0,0,0,0,0,0
2026-08-13T11:00:00+00:00,5,Offline,0,0,1,0,0,0,0,0,0,1,1,5760.0,"[{""type"":""offline"",""severity"":""critical"",""channel"":null,""timestamp"":""2026-08-13T11:00:00+00:00"",""evidence"":{""gap_minutes"":5760.0,""missed_intervals"":384,""offline_threshold_minutes"":180},""message"":""Sensor has not reported for 5760 minutes."",""alert_recommended"":true}]",0,0,0,0,0,0
2026-08-13T11:15:00+00:00,5,Offline,0,0,1,0,0,0,0,0,0,1,1,5775.0,"[{""type"":""offline"",""severity"":""critical"",""channel"":null,""timestamp"":""2026-08-13T11:15:00+00:00"",""evidence"":{""gap_minutes"":5775.0,""missed_intervals"":385,""offline_threshold_minutes"":180},""message"":""Sensor has not reported for 5775 minutes."",""alert_recommended"":true}]",0,0,0,0,0,0
2026-08-13T11:30:00+00:00,5,Offline,0,0,1,0,0,0,0,0,0,1,1,5790.0,"[{""type"":""offline"",""severity"":""critical"",""channel"":null,""timestamp"":""2026-08-13T11:30:00+00:00"",""evidence"":{""gap_minutes"":5790.0,""missed_intervals"":386,""offline_threshold_minutes"":180},""message"":""Sensor has not reported for 5790 minutes."",""alert_recommended"":true}]",0,0,0,0,0,0
2026-08-13T11:45:00+00:00,5,Offline,0,0,1,0,0,0,0,0,0,1,1,5805.0,"[{""type"":""offline"",""severity"":""critical"",""channel"":null,""timestamp"":""2026-08-13T11:45:00+00:00"",""evidence"":{""gap_minutes"":5805.0,""missed_intervals"":387,""offline_threshold_minutes"":180},""message"":""Sensor has not reported for 5805 minutes."",""alert_recommended"":true}]",0,0,0,0,0,0
2026-08-13T12:00:00+00:00,5,Offline,0,0,1,0,0,0,0,0,0,1,1,5820.0,"[{""type"":""offline"",""severity"":""critical"",""channel"":null,""timestamp"":""2026-08-13T12:00:00+00:00"",""evidence"":{""gap_minutes"":5820.0,""missed_intervals"":388,""offline_threshold_minutes"":180},""message"":""Sensor has not reported for 5820 minutes."",""alert_recommended"":true}]",0,0,0,0,0,0
2026-08-13T12:15:00+00:00,5,Offline,0,0,1,0,0,0,0,0,0,1,1,5835.0,"[{""type"":""offline"",""severity"":""critical"",""channel"":null,""timestamp"":""2026-08-13T12:15:00+00:00"",""evidence"":{""gap_minutes"":5835.0,""missed_intervals"":389,""offline_threshold_minutes"":180},""message"":""Sensor has not reported for 5835 minutes."",""alert_recommended"":true}]",0,0,0,0,0,0
2026-08-13T12:30:00+00:00,5,Offline,0,0,1,0,0,0,0,0,0,1,1,5850.0,"[{""type"":""offline"",""severity"":""critical"",""channel"":null,""timestamp"":""2026-08-13T12:30:00+00:00"",""evidence"":{""gap_minutes"":5850.0,""missed_intervals"":390,""offline_threshold_minutes"":180},""message"":""Sensor has not reported for 5850 minutes."",""alert_recommended"":true}]",0,0,0,0,0,0
2026-08-13T12:45:00+00:00,5,Offline,0,0,1,0,0,0,0,0,0,1,1,5865.0,"[{""type"":""offline"",""severity"":""critical"",""channel"":null,""timestamp"":""2026-08-13T12:45:00+00:00"",""evidence"":{""gap_minutes"":5865.0,""missed_intervals"":391,""offline_threshold_minutes"":180},""message"":""Sensor has not reported for 5865 minutes."",""alert_recommended"":true}]",0,0,0,0,0,0
2026-08-13T13:00:00+00:00,5,Offline,0,0,1,0,0,0,0,0,0,1,1,5880.0,"[{""type"":""offline"",""severity"":""critical"",""channel"":null,""timestamp"":""2026-08-13T13:00:00+00:00"",""evidence"":{""gap_minutes"":5880.0,""missed_intervals"":392,""offline_threshold_minutes"":180},""message"":""Sensor has not reported for 5880 minutes."",""alert_recommended"":true}]",0,0,0,0,0,0
2026-08-13T13:15:00+00:00,5,Offline,0,0,1,0,0,0,0,0,0,1,1,5895.0,"[{""type"":""offline"",""severity"":""critical"",""channel"":null,""timestamp"":""2026-08-13T13:15:00+00:00"",""evidence"":{""gap_minutes"":5895.0,""missed_intervals"":393,""offline_threshold_minutes"":180},""message"":""Sensor has not reported for 5895 minutes."",""alert_recommended"":true}]",0,0,0,0,0,0
2026-08-13T13:30:00+00:00,5,Offline,0,0,1,0,0,0,0,0,0,1,1,5910.0,"[{""type"":""offline"",""severity"":""critical"",""channel"":null,""timestamp"":""2026-08-13T13:30:00+00:00"",""evidence"":{""gap_minutes"":5910.0,""missed_intervals"":394,""offline_threshold_minutes"":180},""message"":""Sensor has not reported for 5910 minutes."",""alert_recommended"":true}]",0,0,0,0,0,0
2026-08-13T13:45:00+00:00,5,Offline,0,0,1,0,0,0,0,0,0,1,1,5925.0,"[{""type"":""offline"",""severity"":""critical"",""channel"":null,""timestamp"":""2026-08-13T13:45:00+00:00"",""evidence"":{""gap_minutes"":5925.0,""missed_intervals"":395,""offline_threshold_minutes"":180},""message"":""Sensor has not reported for 5925 minutes."",""alert_recommended"":true}]",0,0,0,0,0,0
2026-08-13T14:00:00+00:00,5,Offline,0,0,1,0,0,0,0,0,0,1,1,5940.0,"[{""type"":""offline"",""severity"":""critical"",""channel"":null,""timestamp"":""2026-08-13T14:00:00+00:00"",""evidence"":{""gap_minutes"":5940.0,""missed_intervals"":396,""offline_threshold_minutes"":180},""message"":""Sensor has not reported for 5940 minutes."",""alert_recommended"":true}]",0,0,0,0,0,0
2026-08-13T14:15:00+00:00,5,Offline,0,0,1,0,0,0,0,0,0,1,1,5955.0,"[{""type"":""offline"",""severity"":""critical"",""channel"":null,""timestamp"":""2026-08-13T14:15:00+00:00"",""evidence"":{""gap_minutes"":5955.0,""missed_intervals"":397,""offline_threshold_minutes"":180},""message"":""Sensor has not reported for 5955 minutes."",""alert_recommended"":true}]",0,0,0,0,0,0
2026-08-13T14:30:00+00:00,5,Offline,0,0,1,0,0,0,0,0,0,1,1,5970.0,"[{""type"":""offline"",""severity"":""critical"",""channel"":null,""timestamp"":""2026-08-13T14:30:00+00:00"",""evidence"":{""gap_minutes"":5970.0,""missed_intervals"":398,""offline_threshold_minutes"":180},""message"":""Sensor has not reported for 5970 minutes."",""alert_recommended"":true}]",0,0,0,0,0,0
2026-08-13T14:45:00+00:00,5,Offline,0,0,1,0,0,0,0,0,0,1,1,5985.0,"[{""type"":""offline"",""severity"":""critical"",""channel"":null,""timestamp"":""2026-08-13T14:45:00+00:00"",""evidence"":{""gap_minutes"":5985.0,""missed_intervals"":399,""offline_threshold_minutes"":180},""message"":""Sensor has not reported for 5985 minutes."",""alert_recommended"":true}]",0,0,0,0,0,0
2026-08-13T15:00:00+00:00,5,Offline,0,0,1,0,0,0,0,0,0,1,1,6000.0,"[{""type"":""offline"",""severity"":""critical"",""channel"":null,""timestamp"":""2026-08-13T15:00:00+00:00"",""evidence"":{""gap_minutes"":6000.0,""missed_intervals"":400,""offline_threshold_minutes"":180},""message"":""Sensor has not reported for 6000 minutes."",""alert_recommended"":true}]",0,0,0,0,0,0
2026-08-13T15:15:00+00:00,5,Offline,0,0,1,0,0,0,0,0,0,1,1,6015.0,"[{""type"":""offline"",""severity"":""critical"",""channel"":null,""timestamp"":""2026-08-13T15:15:00+00:00"",""evidence"":{""gap_minutes"":6015.0,""missed_intervals"":401,""offline_threshold_minutes"":180},""message"":""Sensor has not reported for 6015 minutes."",""alert_recommended"":true}]",0,0,0,0,0,0
2026-08-13T15:30:00+00:00,5,Offline,0,0,1,0,0,0,0,0,0,1,1,6030.0,"[{""type"":""offline"",""severity"":""critical"",""channel"":null,""timestamp"":""2026-08-13T15:30:00+00:00"",""evidence"":{""gap_minutes"":6030.0,""missed_intervals"":402,""offline_threshold_minutes"":180},""message"":""Sensor has not reported for 6030 minutes."",""alert_recommended"":true}]",0,0,0,0,0,0
2026-08-13T15:45:00+00:00,5,Offline,0,0,1,0,0,0,0,0,0,1,1,6045.0,"[{""type"":""offline"",""severity"":""critical"",""channel"":null,""timestamp"":""2026-08-13T15:45:00+00:00"",""evidence"":{""gap_minutes"":6045.0,""missed_intervals"":403,""offline_threshold_minutes"":180},""message"":""Sensor has not reported for 6045 minutes."",""alert_recommended"":true}]",0,0,0,0,0,0
2026-08-13T16:00:00+00:00,5,Offline,0,0,1,0,0,0,0,0,0,1,1,6060.0,"[{""type"":""offline"",""severity"":""critical"",""channel"":null,""timestamp"":""2026-08-13T16:00:00+00:00"",""evidence"":{""gap_minutes"":6060.0,""missed_intervals"":404,""offline_threshold_minutes"":180},""message"":""Sensor has not reported for 6060 minutes."",""alert_recommended"":true}]",0,0,0,0,0,0
2026-08-13T16:15:00+00:00,5,Offline,0,0,1,0,0,0,0,0,0,1,1,6075.0,"[{""type"":""offline"",""severity"":""critical"",""channel"":null,""timestamp"":""2026-08-13T16:15:00+00:00"",""evidence"":{""gap_minutes"":6075.0,""missed_intervals"":405,""offline_threshold_minutes"":180},""message"":""Sensor has not reported for 6075 minutes."",""alert_recommended"":true}]",0,0,0,0,0,0
2026-08-13T16:30:00+00:00,5,Offline,0,0,1,0,0,0,0,0,0,1,1,6090.0,"[{""type"":""offline"",""severity"":""critical"",""channel"":null,""timestamp"":""2026-08-13T16:30:00+00:00"",""evidence"":{""gap_minutes"":6090.0,""missed_intervals"":406,""offline_threshold_minutes"":180},""message"":""Sensor has not reported for 6090 minutes."",""alert_recommended"":true}]",0,0,0,0,0,0
2026-08-13T16:45:00+00:00,5,Offline,0,0,1,0,0,0,0,0,0,1,1,6105.0,"[{""type"":""offline"",""severity"":""critical"",""channel"":null,""timestamp"":""2026-08-13T16:45:00+00:00"",""evidence"":{""gap_minutes"":6105.0,""missed_intervals"":407,""offline_threshold_minutes"":180},""message"":""Sensor has not reported for 6105 minutes."",""alert_recommended"":true}]",0,0,0,0,0,0
2026-08-13T17:00:00+00:00,5,Offline,0,0,1,0,0,0,0,0,0,1,1,6120.0,"[{""type"":""offline"",""severity"":""critical"",""channel"":null,""timestamp"":""2026-08-13T17:00:00+00:00"",""evidence"":{""gap_minutes"":6120.0,""missed_intervals"":408,""offline_threshold_minutes"":180},""message"":""Sensor has not reported for 6120 minutes."",""alert_recommended"":true}]",0,0,0,0,0,0
2026-08-13T17:15:00+00:00,5,Offline,0,0,1,0,0,0,0,0,0,1,1,6135.0,"[{""type"":""offline"",""severity"":""critical"",""channel"":null,""timestamp"":""2026-08-13T17:15:00+00:00"",""evidence"":{""gap_minutes"":6135.0,""missed_intervals"":409,""offline_threshold_minutes"":180},""message"":""Sensor has not reported for 6135 minutes."",""alert_recommended"":true}]",0,0,0,0,0,0
2026-08-13T17:30:00+00:00,5,Offline,0,0,1,0,0,0,0,0,0,1,1,6150.0,"[{""type"":""offline"",""severity"":""critical"",""channel"":null,""timestamp"":""2026-08-13T17:30:00+00:00"",""evidence"":{""gap_minutes"":6150.0,""missed_intervals"":410,""offline_threshold_minutes"":180},""message"":""Sensor has not reported for 6150 minutes."",""alert_recommended"":true}]",0,0,0,0,0,0
2026-08-13T17:45:00+00:00,5,Offline,0,0,1,0,0,0,0,0,0,1,1,6165.0,"[{""type"":""offline"",""severity"":""critical"",""channel"":null,""timestamp"":""2026-08-13T17:45:00+00:00"",""evidence"":{""gap_minutes"":6165.0,""missed_intervals"":411,""offline_threshold_minutes"":180},""message"":""Sensor has not reported for 6165 minutes."",""alert_recommended"":true}]",0,0,0,0,0,0
2026-08-13T18:00:00+00:00,5,Offline,0,0,1,0,0,0,0,0,0,1,1,6180.0,"[{""type"":""offline"",""severity"":""critical"",""channel"":null,""timestamp"":""2026-08-13T18:00:00+00:00"",""evidence"":{""gap_minutes"":6180.0,""missed_intervals"":412,""offline_threshold_minutes"":180},""message"":""Sensor has not reported for 6180 minutes."",""alert_recommended"":true}]",0,0,0,0,0,0
2026-08-13T18:15:00+00:00,5,Offline,0,0,1,0,0,0,0,0,0,1,1,6195.0,"[{""type"":""offline"",""severity"":""critical"",""channel"":null,""timestamp"":""2026-08-13T18:15:00+00:00"",""evidence"":{""gap_minutes"":6195.0,""missed_intervals"":413,""offline_threshold_minutes"":180},""message"":""Sensor has not reported for 6195 minutes."",""alert_recommended"":true}]",0,0,0,0,0,0
2026-08-13T18:30:00+00:00,5,Offline,0,0,1,0,0,0,0,0,0,1,1,6210.0,"[{""type"":""offline"",""severity"":""critical"",""channel"":null,""timestamp"":""2026-08-13T18:30:00+00:00"",""evidence"":{""gap_minutes"":6210.0,""missed_intervals"":414,""offline_threshold_minutes"":180},""message"":""Sensor has not reported for 6210 minutes."",""alert_recommended"":true}]",0,0,0,0,0,0
2026-08-13T18:45:00+00:00,5,Offline,0,0,1,0,0,0,0,0,0,1,1,6225.0,"[{""type"":""offline"",""severity"":""critical"",""channel"":null,""timestamp"":""2026-08-13T18:45:00+00:00"",""evidence"":{""gap_minutes"":6225.0,""missed_intervals"":415,""offline_threshold_minutes"":180},""message"":""Sensor has not reported for 6225 minutes."",""alert_recommended"":true}]",0,0,0,0,0,0
2026-08-13T19:00:00+00:00,5,Offline,0,0,1,0,0,0,0,0,0,1,1,6240.0,"[{""type"":""offline"",""severity"":""critical"",""channel"":null,""timestamp"":""2026-08-13T19:00:00+00:00"",""evidence"":{""gap_minutes"":6240.0,""missed_intervals"":416,""offline_threshold_minutes"":180},""message"":""Sensor has not reported for 6240 minutes."",""alert_recommended"":true}]",0,0,0,0,0,0
2026-08-13T19:15:00+00:00,5,Offline,0,0,1,0,0,0,0,0,0,1,1,6255.0,"[{""type"":""offline"",""severity"":""critical"",""channel"":null,""timestamp"":""2026-08-13T19:15:00+00:00"",""evidence"":{""gap_minutes"":6255.0,""missed_intervals"":417,""offline_threshold_minutes"":180},""message"":""Sensor has not reported for 6255 minutes."",""alert_recommended"":true}]",0,0,0,0,0,0
2026-08-13T19:30:00+00:00,5,Offline,0,0,1,0,0,0,0,0,0,1,1,6270.0,"[{""type"":""offline"",""severity"":""critical"",""channel"":null,""timestamp"":""2026-08-13T19:30:00+00:00"",""evidence"":{""gap_minutes"":6270.0,""missed_intervals"":418,""offline_threshold_minutes"":180},""message"":""Sensor has not reported for 6270 minutes."",""alert_recommended"":true}]",0,0,0,0,0,0
2026-08-13T19:45:00+00:00,5,Offline,0,0,1,0,0,0,0,0,0,1,1,6285.0,"[{""type"":""offline"",""severity"":""critical"",""channel"":null,""timestamp"":""2026-08-13T19:45:00+00:00"",""evidence"":{""gap_minutes"":6285.0,""missed_intervals"":419,""offline_threshold_minutes"":180},""message"":""Sensor has not reported for 6285 minutes."",""alert_recommended"":true}]",0,0,0,0,0,0
2026-08-13T20:00:00+00:00,5,Offline,0,0,1,0,0,0,0,0,0,1,1,6300.0,"[{""type"":""offline"",""severity"":""critical"",""channel"":null,""timestamp"":""2026-08-13T20:00:00+00:00"",""evidence"":{""gap_minutes"":6300.0,""missed_intervals"":420,""offline_threshold_minutes"":180},""message"":""Sensor has not reported for 6300 minutes."",""alert_recommended"":true}]",0,0,0,0,0,0
2026-08-13T20:15:00+00:00,5,Offline,0,0,1,0,0,0,0,0,0,1,1,6315.0,"[{""type"":""offline"",""severity"":""critical"",""channel"":null,""timestamp"":""2026-08-13T20:15:00+00:00"",""evidence"":{""gap_minutes"":6315.0,""missed_intervals"":421,""offline_threshold_minutes"":180},""message"":""Sensor has not reported for 6315 minutes."",""alert_recommended"":true}]",0,0,0,0,0,0
2026-08-13T20:30:00+00:00,5,Offline,0,0,1,0,0,0,0,0,0,1,1,6330.0,"[{""type"":""offline"",""severity"":""critical"",""channel"":null,""timestamp"":""2026-08-13T20:30:00+00:00"",""evidence"":{""gap_minutes"":6330.0,""missed_intervals"":422,""offline_threshold_minutes"":180},""message"":""Sensor has not reported for 6330 minutes."",""alert_recommended"":true}]",0,0,0,0,0,0
2026-08-13T20:45:00+00:00,5,Offline,0,0,1,0,0,0,0,0,0,1,1,6345.0,"[{""type"":""offline"",""severity"":""critical"",""channel"":null,""timestamp"":""2026-08-13T20:45:00+00:00"",""evidence"":{""gap_minutes"":6345.0,""missed_intervals"":423,""offline_threshold_minutes"":180},""message"":""Sensor has not reported for 6345 minutes."",""alert_recommended"":true}]",0,0,0,0,0,0
2026-08-13T21:00:00+00:00,5,Offline,0,0,1,0,0,0,0,0,0,1,1,6360.0,"[{""type"":""offline"",""severity"":""critical"",""channel"":null,""timestamp"":""2026-08-13T21:00:00+00:00"",""evidence"":{""gap_minutes"":6360.0,""missed_intervals"":424,""offline_threshold_minutes"":180},""message"":""Sensor has not reported for 6360 minutes."",""alert_recommended"":true}]",0,0,0,0,0,0
2026-08-13T21:15:00+00:00,5,Offline,0,0,1,0,0,0,0,0,0,1,1,6375.0,"[{""type"":""offline"",""severity"":""critical"",""channel"":null,""timestamp"":""2026-08-13T21:15:00+00:00"",""evidence"":{""gap_minutes"":6375.0,""missed_intervals"":425,""offline_threshold_minutes"":180},""message"":""Sensor has not reported for 6375 minutes."",""alert_recommended"":true}]",0,0,0,0,0,0
2026-08-13T21:30:00+00:00,5,Offline,0,0,1,0,0,0,0,0,0,1,1,6390.0,"[{""type"":""offline"",""severity"":""critical"",""channel"":null,""timestamp"":""2026-08-13T21:30:00+00:00"",""evidence"":{""gap_minutes"":6390.0,""missed_intervals"":426,""offline_threshold_minutes"":180},""message"":""Sensor has not reported for 6390 minutes."",""alert_recommended"":true}]",0,0,0,0,0,0
2026-08-13T21:45:00+00:00,5,Offline,0,0,1,0,0,0,0,0,0,1,1,6405.0,"[{""type"":""offline"",""severity"":""critical"",""channel"":null,""timestamp"":""2026-08-13T21:45:00+00:00"",""evidence"":{""gap_minutes"":6405.0,""missed_intervals"":427,""offline_threshold_minutes"":180},""message"":""Sensor has not reported for 6405 minutes."",""alert_recommended"":true}]",0,0,0,0,0,0
2026-08-13T22:00:00+00:00,5,Offline,0,0,1,0,0,0,0,0,0,1,1,6420.0,"[{""type"":""offline"",""severity"":""critical"",""channel"":null,""timestamp"":""2026-08-13T22:00:00+00:00"",""evidence"":{""gap_minutes"":6420.0,""missed_intervals"":428,""offline_threshold_minutes"":180},""message"":""Sensor has not reported for 6420 minutes."",""alert_recommended"":true}]",0,0,0,0,0,0
2026-08-13T22:15:00+00:00,5,Offline,0,0,1,0,0,0,0,0,0,1,1,6435.0,"[{""type"":""offline"",""severity"":""critical"",""channel"":null,""timestamp"":""2026-08-13T22:15:00+00:00"",""evidence"":{""gap_minutes"":6435.0,""missed_intervals"":429,""offline_threshold_minutes"":180},""message"":""Sensor has not reported for 6435 minutes."",""alert_recommended"":true}]",0,0,0,0,0,0
2026-08-13T22:30:00+00:00,5,Offline,0,0,1,0,0,0,0,0,0,1,1,6450.0,"[{""type"":""offline"",""severity"":""critical"",""channel"":null,""timestamp"":""2026-08-13T22:30:00+00:00"",""evidence"":{""gap_minutes"":6450.0,""missed_intervals"":430,""offline_threshold_minutes"":180},""message"":""Sensor has not reported for 6450 minutes."",""alert_recommended"":true}]",0,0,0,0,0,0
2026-08-13T22:45:00+00:00,5,Offline,0,0,1,0,0,0,0,0,0,1,1,6465.0,"[{""type"":""offline"",""severity"":""critical"",""channel"":null,""timestamp"":""2026-08-13T22:45:00+00:00"",""evidence"":{""gap_minutes"":6465.0,""missed_intervals"":431,""offline_threshold_minutes"":180},""message"":""Sensor has not reported for 6465 minutes."",""alert_recommended"":true}]",0,0,0,0,0,0
2026-08-13T23:00:00+00:00,5,Offline,0,0,1,0,0,0,0,0,0,1,1,6480.0,"[{""type"":""offline"",""severity"":""critical"",""channel"":null,""timestamp"":""2026-08-13T23:00:00+00:00"",""evidence"":{""gap_minutes"":6480.0,""missed_intervals"":432,""offline_threshold_minutes"":180},""message"":""Sensor has not reported for 6480 minutes."",""alert_recommended"":true}]",0,0,0,0,0,0
2026-08-13T23:15:00+00:00,5,Offline,0,0,1,0,0,0,0,0,0,1,1,6495.0,"[{""type"":""offline"",""severity"":""critical"",""channel"":null,""timestamp"":""2026-08-13T23:15:00+00:00"",""evidence"":{""gap_minutes"":6495.0,""missed_intervals"":433,""offline_threshold_minutes"":180},""message"":""Sensor has not reported for 6495 minutes."",""alert_recommended"":true}]",0,0,0,0,0,0
2026-08-13T23:30:00+00:00,5,Offline,0,0,1,0,0,0,0,0,0,1,1,6510.0,"[{""type"":""offline"",""severity"":""critical"",""channel"":null,""timestamp"":""2026-08-13T23:30:00+00:00"",""evidence"":{""gap_minutes"":6510.0,""missed_intervals"":434,""offline_threshold_minutes"":180},""message"":""Sensor has not reported for 6510 minutes."",""alert_recommended"":true}]",0,0,0,0,0,0
2026-08-13T23:45:00+00:00,5,Offline,0,0,1,0,0,0,0,0,0,1,1,6525.0,"[{""type"":""offline"",""severity"":""critical"",""channel"":null,""timestamp"":""2026-08-13T23:45:00+00:00"",""evidence"":{""gap_minutes"":6525.0,""missed_intervals"":435,""offline_threshold_minutes"":180},""message"":""Sensor has not reported for 6525 minutes."",""alert_recommended"":true}]",0,0,0,0,0,0
2026-08-14T00:00:00+00:00,5,Offline,0,0,1,0,0,0,0,0,0,1,1,6540.0,"[{""type"":""offline"",""severity"":""critical"",""channel"":null,""timestamp"":""2026-08-14T00:00:00+00:00"",""evidence"":{""gap_minutes"":6540.0,""missed_intervals"":436,""offline_threshold_minutes"":180},""message"":""Sensor has not reported for 6540 minutes."",""alert_recommended"":true}]",0,0,0,0,0,0
2026-08-14T00:15:00+00:00,5,Offline,0,0,1,0,0,0,0,0,0,1,1,6555.0,"[{""type"":""offline"",""severity"":""critical"",""channel"":null,""timestamp"":""2026-08-14T00:15:00+00:00"",""evidence"":{""gap_minutes"":6555.0,""missed_intervals"":437,""offline_threshold_minutes"":180},""message"":""Sensor has not reported for 6555 minutes."",""alert_recommended"":true}]",0,0,0,0,0,0
2026-08-14T00:30:00+00:00,5,Offline,0,0,1,0,0,0,0,0,0,1,1,6570.0,"[{""type"":""offline"",""severity"":""critical"",""channel"":null,""timestamp"":""2026-08-14T00:30:00+00:00"",""evidence"":{""gap_minutes"":6570.0,""missed_intervals"":438,""offline_threshold_minutes"":180},""message"":""Sensor has not reported for 6570 minutes."",""alert_recommended"":true}]",0,0,0,0,0,0
2026-08-14T00:45:00+00:00,5,Offline,0,0,1,0,0,0,0,0,0,1,1,6585.0,"[{""type"":""offline"",""severity"":""critical"",""channel"":null,""timestamp"":""2026-08-14T00:45:00+00:00"",""evidence"":{""gap_minutes"":6585.0,""missed_intervals"":439,""offline_threshold_minutes"":180},""message"":""Sensor has not reported for 6585 minutes."",""alert_recommended"":true}]",0,0,0,0,0,0
2026-08-14T01:00:00+00:00,5,Offline,0,0,1,0,0,0,0,0,0,1,1,6600.0,"[{""type"":""offline"",""severity"":""critical"",""channel"":null,""timestamp"":""2026-08-14T01:00:00+00:00"",""evidence"":{""gap_minutes"":6600.0,""missed_intervals"":440,""offline_threshold_minutes"":180},""message"":""Sensor has not reported for 6600 minutes."",""alert_recommended"":true}]",0,0,0,0,0,0
2026-08-14T01:15:00+00:00,5,Offline,0,0,1,0,0,0,0,0,0,1,1,6615.0,"[{""type"":""offline"",""severity"":""critical"",""channel"":null,""timestamp"":""2026-08-14T01:15:00+00:00"",""evidence"":{""gap_minutes"":6615.0,""missed_intervals"":441,""offline_threshold_minutes"":180},""message"":""Sensor has not reported for 6615 minutes."",""alert_recommended"":true}]",0,0,0,0,0,0
2026-08-14T01:30:00+00:00,5,Offline,0,0,1,0,0,0,0,0,0,1,1,6630.0,"[{""type"":""offline"",""severity"":""critical"",""channel"":null,""timestamp"":""2026-08-14T01:30:00+00:00"",""evidence"":{""gap_minutes"":6630.0,""missed_intervals"":442,""offline_threshold_minutes"":180},""message"":""Sensor has not reported for 6630 minutes."",""alert_recommended"":true}]",0,0,0,0,0,0
2026-08-14T01:45:00+00:00,5,Offline,0,0,1,0,0,0,0,0,0,1,1,6645.0,"[{""type"":""offline"",""severity"":""critical"",""channel"":null,""timestamp"":""2026-08-14T01:45:00+00:00"",""evidence"":{""gap_minutes"":6645.0,""missed_intervals"":443,""offline_threshold_minutes"":180},""message"":""Sensor has not reported for 6645 minutes."",""alert_recommended"":true}]",0,0,0,0,0,0
2026-08-14T02:00:00+00:00,5,Offline,0,0,1,0,0,0,0,0,0,1,1,6660.0,"[{""type"":""offline"",""severity"":""critical"",""channel"":null,""timestamp"":""2026-08-14T02:00:00+00:00"",""evidence"":{""gap_minutes"":6660.0,""missed_intervals"":444,""offline_threshold_minutes"":180},""message"":""Sensor has not reported for 6660 minutes."",""alert_recommended"":true}]",0,0,0,0,0,0
2026-08-14T02:15:00+00:00,5,Offline,0,0,1,0,0,0,0,0,0,1,1,6675.0,"[{""type"":""offline"",""severity"":""critical"",""channel"":null,""timestamp"":""2026-08-14T02:15:00+00:00"",""evidence"":{""gap_minutes"":6675.0,""missed_intervals"":445,""offline_threshold_minutes"":180},""message"":""Sensor has not reported for 6675 minutes."",""alert_recommended"":true}]",0,0,0,0,0,0
2026-08-14T02:30:00+00:00,5,Offline,0,0,1,0,0,0,0,0,0,1,1,6690.0,"[{""type"":""offline"",""severity"":""critical"",""channel"":null,""timestamp"":""2026-08-14T02:30:00+00:00"",""evidence"":{""gap_minutes"":6690.0,""missed_intervals"":446,""offline_threshold_minutes"":180},""message"":""Sensor has not reported for 6690 minutes."",""alert_recommended"":true}]",0,0,0,0,0,0
2026-08-14T02:45:00+00:00,5,Offline,0,0,1,0,0,0,0,0,0,1,1,6705.0,"[{""type"":""offline"",""severity"":""critical"",""channel"":null,""timestamp"":""2026-08-14T02:45:00+00:00"",""evidence"":{""gap_minutes"":6705.0,""missed_intervals"":447,""offline_threshold_minutes"":180},""message"":""Sensor has not reported for 6705 minutes."",""alert_recommended"":true}]",0,0,0,0,0,0
2026-08-14T03:00:00+00:00,5,Offline,0,0,1,0,0,0,0,0,0,1,1,6720.0,"[{""type"":""offline"",""severity"":""critical"",""channel"":null,""timestamp"":""2026-08-14T03:00:00+00:00"",""evidence"":{""gap_minutes"":6720.0,""missed_intervals"":448,""offline_threshold_minutes"":180},""message"":""Sensor has not reported for 6720 minutes."",""alert_recommended"":true}]",0,0,0,0,0,0
2026-08-14T03:15:00+00:00,5,Offline,0,0,1,0,0,0,0,0,0,1,1,6735.0,"[{""type"":""offline"",""severity"":""critical"",""channel"":null,""timestamp"":""2026-08-14T03:15:00+00:00"",""evidence"":{""gap_minutes"":6735.0,""missed_intervals"":449,""offline_threshold_minutes"":180},""message"":""Sensor has not reported for 6735 minutes."",""alert_recommended"":true}]",0,0,0,0,0,0
2026-08-14T03:30:00+00:00,5,Offline,0,0,1,0,0,0,0,0,0,1,1,6750.0,"[{""type"":""offline"",""severity"":""critical"",""channel"":null,""timestamp"":""2026-08-14T03:30:00+00:00"",""evidence"":{""gap_minutes"":6750.0,""missed_intervals"":450,""offline_threshold_minutes"":180},""message"":""Sensor has not reported for 6750 minutes."",""alert_recommended"":true}]",0,0,0,0,0,0
2026-08-14T03:45:00+00:00,5,Offline,0,0,1,0,0,0,0,0,0,1,1,6765.0,"[{""type"":""offline"",""severity"":""critical"",""channel"":null,""timestamp"":""2026-08-14T03:45:00+00:00"",""evidence"":{""gap_minutes"":6765.0,""missed_intervals"":451,""offline_threshold_minutes"":180},""message"":""Sensor has not reported for 6765 minutes."",""alert_recommended"":true}]",0,0,0,0,0,0
2026-08-14T04:00:00+00:00,5,Offline,0,0,1,0,0,0,0,0,0,1,1,6780.0,"[{""type"":""offline"",""severity"":""critical"",""channel"":null,""timestamp"":""2026-08-14T04:00:00+00:00"",""evidence"":{""gap_minutes"":6780.0,""missed_intervals"":452,""offline_threshold_minutes"":180},""message"":""Sensor has not reported for 6780 minutes."",""alert_recommended"":true}]",0,0,0,0,0,0
2026-08-14T04:15:00+00:00,5,Offline,0,0,1,0,0,0,0,0,0,1,1,6795.0,"[{""type"":""offline"",""severity"":""critical"",""channel"":null,""timestamp"":""2026-08-14T04:15:00+00:00"",""evidence"":{""gap_minutes"":6795.0,""missed_intervals"":453,""offline_threshold_minutes"":180},""message"":""Sensor has not reported for 6795 minutes."",""alert_recommended"":true}]",0,0,0,0,0,0
2026-08-14T04:30:00+00:00,5,Offline,0,0,1,0,0,0,0,0,0,1,1,6810.0,"[{""type"":""offline"",""severity"":""critical"",""channel"":null,""timestamp"":""2026-08-14T04:30:00+00:00"",""evidence"":{""gap_minutes"":6810.0,""missed_intervals"":454,""offline_threshold_minutes"":180},""message"":""Sensor has not reported for 6810 minutes."",""alert_recommended"":true}]",0,0,0,0,0,0
2026-08-14T04:45:00+00:00,5,Offline,0,0,1,0,0,0,0,0,0,1,1,6825.0,"[{""type"":""offline"",""severity"":""critical"",""channel"":null,""timestamp"":""2026-08-14T04:45:00+00:00"",""evidence"":{""gap_minutes"":6825.0,""missed_intervals"":455,""offline_threshold_minutes"":180},""message"":""Sensor has not reported for 6825 minutes."",""alert_recommended"":true}]",0,0,0,0,0,0
2026-08-14T05:00:00+00:00,5,Offline,0,0,1,0,0,0,0,0,0,1,1,6840.0,"[{""type"":""offline"",""severity"":""critical"",""channel"":null,""timestamp"":""2026-08-14T05:00:00+00:00"",""evidence"":{""gap_minutes"":6840.0,""missed_intervals"":456,""offline_threshold_minutes"":180},""message"":""Sensor has not reported for 6840 minutes."",""alert_recommended"":true}]",0,0,0,0,0,0
2026-08-14T05:15:00+00:00,5,Offline,0,0,1,0,0,0,0,0,0,1,1,6855.0,"[{""type"":""offline"",""severity"":""critical"",""channel"":null,""timestamp"":""2026-08-14T05:15:00+00:00"",""evidence"":{""gap_minutes"":6855.0,""missed_intervals"":457,""offline_threshold_minutes"":180},""message"":""Sensor has not reported for 6855 minutes."",""alert_recommended"":true}]",0,0,0,0,0,0
2026-08-14T05:30:00+00:00,5,Offline,0,0,1,0,0,0,0,0,0,1,1,6870.0,"[{""type"":""offline"",""severity"":""critical"",""channel"":null,""timestamp"":""2026-08-14T05:30:00+00:00"",""evidence"":{""gap_minutes"":6870.0,""missed_intervals"":458,""offline_threshold_minutes"":180},""message"":""Sensor has not reported for 6870 minutes."",""alert_recommended"":true}]",0,0,0,0,0,0
2026-08-14T05:45:00+00:00,5,Offline,0,0,1,0,0,0,0,0,0,1,1,6885.0,"[{""type"":""offline"",""severity"":""critical"",""channel"":null,""timestamp"":""2026-08-14T05:45:00+00:00"",""evidence"":{""gap_minutes"":6885.0,""missed_intervals"":459,""offline_threshold_minutes"":180},""message"":""Sensor has not reported for 6885 minutes."",""alert_recommended"":true}]",0,0,0,0,0,0
2026-08-14T06:00:00+00:00,5,Offline,0,0,1,0,0,0,0,0,0,1,1,6900.0,"[{""type"":""offline"",""severity"":""critical"",""channel"":null,""timestamp"":""2026-08-14T06:00:00+00:00"",""evidence"":{""gap_minutes"":6900.0,""missed_intervals"":460,""offline_threshold_minutes"":180},""message"":""Sensor has not reported for 6900 minutes."",""alert_recommended"":true}]",0,0,0,0,0,0
2026-08-14T06:15:00+00:00,5,Offline,0,0,1,0,0,0,0,0,0,1,1,6915.0,"[{""type"":""offline"",""severity"":""critical"",""channel"":null,""timestamp"":""2026-08-14T06:15:00+00:00"",""evidence"":{""gap_minutes"":6915.0,""missed_intervals"":461,""offline_threshold_minutes"":180},""message"":""Sensor has not reported for 6915 minutes."",""alert_recommended"":true}]",0,0,0,0,0,0
2026-08-14T06:30:00+00:00,5,Offline,0,0,1,0,0,0,0,0,0,1,1,6930.0,"[{""type"":""offline"",""severity"":""critical"",""channel"":null,""timestamp"":""2026-08-14T06:30:00+00:00"",""evidence"":{""gap_minutes"":6930.0,""missed_intervals"":462,""offline_threshold_minutes"":180},""message"":""Sensor has not reported for 6930 minutes."",""alert_recommended"":true}]",0,0,0,0,0,0
2026-08-14T06:45:00+00:00,5,Offline,0,0,1,0,0,0,0,0,0,1,1,6945.0,"[{""type"":""offline"",""severity"":""critical"",""channel"":null,""timestamp"":""2026-08-14T06:45:00+00:00"",""evidence"":{""gap_minutes"":6945.0,""missed_intervals"":463,""offline_threshold_minutes"":180},""message"":""Sensor has not reported for 6945 minutes."",""alert_recommended"":true}]",0,0,0,0,0,0
2026-08-14T07:00:00+00:00,5,Offline,0,0,1,0,0,0,0,0,0,1,1,6960.0,"[{""type"":""offline"",""severity"":""critical"",""channel"":null,""timestamp"":""2026-08-14T07:00:00+00:00"",""evidence"":{""gap_minutes"":6960.0,""missed_intervals"":464,""offline_threshold_minutes"":180},""message"":""Sensor has not reported for 6960 minutes."",""alert_recommended"":true}]",0,0,0,0,0,0
2026-08-14T07:15:00+00:00,5,Offline,0,0,1,0,0,0,0,0,0,1,1,6975.0,"[{""type"":""offline"",""severity"":""critical"",""channel"":null,""timestamp"":""2026-08-14T07:15:00+00:00"",""evidence"":{""gap_minutes"":6975.0,""missed_intervals"":465,""offline_threshold_minutes"":180},""message"":""Sensor has not reported for 6975 minutes."",""alert_recommended"":true}]",0,0,0,0,0,0
2026-08-14T07:30:00+00:00,5,Offline,0,0,1,0,0,0,0,0,0,1,1,6990.0,"[{""type"":""offline"",""severity"":""critical"",""channel"":null,""timestamp"":""2026-08-14T07:30:00+00:00"",""evidence"":{""gap_minutes"":6990.0,""missed_intervals"":466,""offline_threshold_minutes"":180},""message"":""Sensor has not reported for 6990 minutes."",""alert_recommended"":true}]",0,0,0,0,0,0
2026-08-14T07:45:00+00:00,5,Offline,0,0,1,0,0,0,0,0,0,1,1,7005.0,"[{""type"":""offline"",""severity"":""critical"",""channel"":null,""timestamp"":""2026-08-14T07:45:00+00:00"",""evidence"":{""gap_minutes"":7005.0,""missed_intervals"":467,""offline_threshold_minutes"":180},""message"":""Sensor has not reported for 7005 minutes."",""alert_recommended"":true}]",0,0,0,0,0,0
2026-08-14T08:00:00+00:00,5,Offline,0,0,1,0,0,0,0,0,0,1,1,7020.0,"[{""type"":""offline"",""severity"":""critical"",""channel"":null,""timestamp"":""2026-08-14T08:00:00+00:00"",""evidence"":{""gap_minutes"":7020.0,""missed_intervals"":468,""offline_threshold_minutes"":180},""message"":""Sensor has not reported for 7020 minutes."",""alert_recommended"":true}]",0,0,0,0,0,0
2026-08-14T08:15:00+00:00,5,Offline,0,0,1,0,0,0,0,0,0,1,1,7035.0,"[{""type"":""offline"",""severity"":""critical"",""channel"":null,""timestamp"":""2026-08-14T08:15:00+00:00"",""evidence"":{""gap_minutes"":7035.0,""missed_intervals"":469,""offline_threshold_minutes"":180},""message"":""Sensor has not reported for 7035 minutes."",""alert_recommended"":true}]",0,0,0,0,0,0
2026-08-14T08:30:00+00:00,5,Offline,0,0,1,0,0,0,0,0,0,1,1,7050.0,"[{""type"":""offline"",""severity"":""critical"",""channel"":null,""timestamp"":""2026-08-14T08:30:00+00:00"",""evidence"":{""gap_minutes"":7050.0,""missed_intervals"":470,""offline_threshold_minutes"":180},""message"":""Sensor has not reported for 7050 minutes."",""alert_recommended"":true}]",0,0,0,0,0,0
2026-08-14T08:45:00+00:00,5,Offline,0,0,1,0,0,0,0,0,0,1,1,7065.0,"[{""type"":""offline"",""severity"":""critical"",""channel"":null,""timestamp"":""2026-08-14T08:45:00+00:00"",""evidence"":{""gap_minutes"":7065.0,""missed_intervals"":471,""offline_threshold_minutes"":180},""message"":""Sensor has not reported for 7065 minutes."",""alert_recommended"":true}]",0,0,0,0,0,0
2026-08-14T09:00:00+00:00,5,Offline,0,0,1,0,0,0,0,0,0,1,1,7080.0,"[{""type"":""offline"",""severity"":""critical"",""channel"":null,""timestamp"":""2026-08-14T09:00:00+00:00"",""evidence"":{""gap_minutes"":7080.0,""missed_intervals"":472,""offline_threshold_minutes"":180},""message"":""Sensor has not reported for 7080 minutes."",""alert_recommended"":true}]",0,0,0,0,0,0
2026-08-14T09:15:00+00:00,5,Offline,0,0,1,0,0,0,0,0,0,1,1,7095.0,"[{""type"":""offline"",""severity"":""critical"",""channel"":null,""timestamp"":""2026-08-14T09:15:00+00:00"",""evidence"":{""gap_minutes"":7095.0,""missed_intervals"":473,""offline_threshold_minutes"":180},""message"":""Sensor has not reported for 7095 minutes."",""alert_recommended"":true}]",0,0,0,0,0,0
2026-08-14T09:30:00+00:00,5,Offline,0,0,1,0,0,0,0,0,0,1,1,7110.0,"[{""type"":""offline"",""severity"":""critical"",""channel"":null,""timestamp"":""2026-08-14T09:30:00+00:00"",""evidence"":{""gap_minutes"":7110.0,""missed_intervals"":474,""offline_threshold_minutes"":180},""message"":""Sensor has not reported for 7110 minutes."",""alert_recommended"":true}]",0,0,0,0,0,0
2026-08-14T09:45:00+00:00,5,Offline,0,0,1,0,0,0,0,0,0,1,1,7125.0,"[{""type"":""offline"",""severity"":""critical"",""channel"":null,""timestamp"":""2026-08-14T09:45:00+00:00"",""evidence"":{""gap_minutes"":7125.0,""missed_intervals"":475,""offline_threshold_minutes"":180},""message"":""Sensor has not reported for 7125 minutes."",""alert_recommended"":true}]",0,0,0,0,0,0
2026-08-14T10:00:00+00:00,5,Offline,0,0,1,0,0,0,0,0,0,1,1,7140.0,"[{""type"":""offline"",""severity"":""critical"",""channel"":null,""timestamp"":""2026-08-14T10:00:00+00:00"",""evidence"":{""gap_minutes"":7140.0,""missed_intervals"":476,""offline_threshold_minutes"":180},""message"":""Sensor has not reported for 7140 minutes."",""alert_recommended"":true}]",0,0,0,0,0,0
2026-08-14T10:15:00+00:00,5,Offline,0,0,1,0,0,0,0,0,0,1,1,7155.0,"[{""type"":""offline"",""severity"":""critical"",""channel"":null,""timestamp"":""2026-08-14T10:15:00+00:00"",""evidence"":{""gap_minutes"":7155.0,""missed_intervals"":477,""offline_threshold_minutes"":180},""message"":""Sensor has not reported for 7155 minutes."",""alert_recommended"":true}]",0,0,0,0,0,0
2026-08-14T10:30:00+00:00,5,Offline,0,0,1,0,0,0,0,0,0,1,1,7170.0,"[{""type"":""offline"",""severity"":""critical"",""channel"":null,""timestamp"":""2026-08-14T10:30:00+00:00"",""evidence"":{""gap_minutes"":7170.0,""missed_intervals"":478,""offline_threshold_minutes"":180},""message"":""Sensor has not reported for 7170 minutes."",""alert_recommended"":true}]",0,0,0,0,0,0
2026-08-14T10:45:00+00:00,5,Offline,0,0,1,0,0,0,0,0,0,1,1,7185.0,"[{""type"":""offline"",""severity"":""critical"",""channel"":null,""timestamp"":""2026-08-14T10:45:00+00:00"",""evidence"":{""gap_minutes"":7185.0,""missed_intervals"":479,""offline_threshold_minutes"":180},""message"":""Sensor has not reported for 7185 minutes."",""alert_recommended"":true}]",0,0,0,0,0,0
2026-08-14T11:00:00+00:00,5,Offline,0,0,1,0,0,0,0,0,0,1,1,7200.0,"[{""type"":""offline"",""severity"":""critical"",""channel"":null,""timestamp"":""2026-08-14T11:00:00+00:00"",""evidence"":{""gap_minutes"":7200.0,""missed_intervals"":480,""offline_threshold_minutes"":180},""message"":""Sensor has not reported for 7200 minutes."",""alert_recommended"":true}]",0,0,0,0,0,0
2026-08-14T11:15:00+00:00,5,Offline,0,0,1,0,0,0,0,0,0,1,1,7215.0,"[{""type"":""offline"",""severity"":""critical"",""channel"":null,""timestamp"":""2026-08-14T11:15:00+00:00"",""evidence"":{""gap_minutes"":7215.0,""missed_intervals"":481,""offline_threshold_minutes"":180},""message"":""Sensor has not reported for 7215 minutes."",""alert_recommended"":true}]",0,0,0,0,0,0
2026-08-14T11:30:00+00:00,5,Offline,0,0,1,0,0,0,0,0,0,1,1,7230.0,"[{""type"":""offline"",""severity"":""critical"",""channel"":null,""timestamp"":""2026-08-14T11:30:00+00:00"",""evidence"":{""gap_minutes"":7230.0,""missed_intervals"":482,""offline_threshold_minutes"":180},""message"":""Sensor has not reported for 7230 minutes."",""alert_recommended"":true}]",0,0,0,0,0,0
2026-08-14T11:45:00+00:00,5,Offline,0,0,1,0,0,0,0,0,0,1,1,7245.0,"[{""type"":""offline"",""severity"":""critical"",""channel"":null,""timestamp"":""2026-08-14T11:45:00+00:00"",""evidence"":{""gap_minutes"":7245.0,""missed_intervals"":483,""offline_threshold_minutes"":180},""message"":""Sensor has not reported for 7245 minutes."",""alert_recommended"":true}]",0,0,0,0,0,0
2026-08-14T12:00:00+00:00,5,Offline,0,0,1,0,0,0,0,0,0,1,1,7260.0,"[{""type"":""offline"",""severity"":""critical"",""channel"":null,""timestamp"":""2026-08-14T12:00:00+00:00"",""evidence"":{""gap_minutes"":7260.0,""missed_intervals"":484,""offline_threshold_minutes"":180},""message"":""Sensor has not reported for 7260 minutes."",""alert_recommended"":true}]",0,0,0,0,0,0
2026-08-14T12:15:00+00:00,5,Offline,0,0,1,0,0,0,0,0,0,1,1,7275.0,"[{""type"":""offline"",""severity"":""critical"",""channel"":null,""timestamp"":""2026-08-14T12:15:00+00:00"",""evidence"":{""gap_minutes"":7275.0,""missed_intervals"":485,""offline_threshold_minutes"":180},""message"":""Sensor has not reported for 7275 minutes."",""alert_recommended"":true}]",0,0,0,0,0,0
2026-08-14T12:30:00+00:00,5,Offline,0,0,1,0,0,0,0,0,0,1,1,7290.0,"[{""type"":""offline"",""severity"":""critical"",""channel"":null,""timestamp"":""2026-08-14T12:30:00+00:00"",""evidence"":{""gap_minutes"":7290.0,""missed_intervals"":486,""offline_threshold_minutes"":180},""message"":""Sensor has not reported for 7290 minutes."",""alert_recommended"":true}]",0,0,0,0,0,0
2026-08-14T12:45:00+00:00,5,Offline,0,0,1,0,0,0,0,0,0,1,1,7305.0,"[{""type"":""offline"",""severity"":""critical"",""channel"":null,""timestamp"":""2026-08-14T12:45:00+00:00"",""evidence"":{""gap_minutes"":7305.0,""missed_intervals"":487,""offline_threshold_minutes"":180},""message"":""Sensor has not reported for 7305 minutes."",""alert_recommended"":true}]",0,0,0,0,0,0
2026-08-14T13:00:00+00:00,5,Offline,0,0,1,0,0,0,0,0,0,1,1,7320.0,"[{""type"":""offline"",""severity"":""critical"",""channel"":null,""timestamp"":""2026-08-14T13:00:00+00:00"",""evidence"":{""gap_minutes"":7320.0,""missed_intervals"":488,""offline_threshold_minutes"":180},""message"":""Sensor has not reported for 7320 minutes."",""alert_recommended"":true}]",0,0,0,0,0,0
2026-08-14T13:15:00+00:00,5,Offline,0,0,1,0,0,0,0,0,0,1,1,7335.0,"[{""type"":""offline"",""severity"":""critical"",""channel"":null,""timestamp"":""2026-08-14T13:15:00+00:00"",""evidence"":{""gap_minutes"":7335.0,""missed_intervals"":489,""offline_threshold_minutes"":180},""message"":""Sensor has not reported for 7335 minutes."",""alert_recommended"":true}]",0,0,0,0,0,0
2026-08-14T13:30:00+00:00,5,Offline,0,0,1,0,0,0,0,0,0,1,1,7350.0,"[{""type"":""offline"",""severity"":""critical"",""channel"":null,""timestamp"":""2026-08-14T13:30:00+00:00"",""evidence"":{""gap_minutes"":7350.0,""missed_intervals"":490,""offline_threshold_minutes"":180},""message"":""Sensor has not reported for 7350 minutes."",""alert_recommended"":true}]",0,0,0,0,0,0
2026-08-14T13:45:00+00:00,5,Offline,0,0,1,0,0,0,0,0,0,1,1,7365.0,"[{""type"":""offline"",""severity"":""critical"",""channel"":null,""timestamp"":""2026-08-14T13:45:00+00:00"",""evidence"":{""gap_minutes"":7365.0,""missed_intervals"":491,""offline_threshold_minutes"":180},""message"":""Sensor has not reported for 7365 minutes."",""alert_recommended"":true}]",0,0,0,0,0,0
2026-08-14T14:00:00+00:00,5,Offline,0,0,1,0,0,0,0,0,0,1,1,7380.0,"[{""type"":""offline"",""severity"":""critical"",""channel"":null,""timestamp"":""2026-08-14T14:00:00+00:00"",""evidence"":{""gap_minutes"":7380.0,""missed_intervals"":492,""offline_threshold_minutes"":180},""message"":""Sensor has not reported for 7380 minutes."",""alert_recommended"":true}]",0,0,0,0,0,0
2026-08-14T14:15:00+00:00,5,Offline,0,0,1,0,0,0,0,0,0,1,1,7395.0,"[{""type"":""offline"",""severity"":""critical"",""channel"":null,""timestamp"":""2026-08-14T14:15:00+00:00"",""evidence"":{""gap_minutes"":7395.0,""missed_intervals"":493,""offline_threshold_minutes"":180},""message"":""Sensor has not reported for 7395 minutes."",""alert_recommended"":true}]",0,0,0,0,0,0
2026-08-14T14:30:00+00:00,5,Offline,0,0,1,0,0,0,0,0,0,1,1,7410.0,"[{""type"":""offline"",""severity"":""critical"",""channel"":null,""timestamp"":""2026-08-14T14:30:00+00:00"",""evidence"":{""gap_minutes"":7410.0,""missed_intervals"":494,""offline_threshold_minutes"":180},""message"":""Sensor has not reported for 7410 minutes."",""alert_recommended"":true}]",0,0,0,0,0,0
2026-08-14T14:45:00+00:00,5,Offline,0,0,1,0,0,0,0,0,0,1,1,7425.0,"[{""type"":""offline"",""severity"":""critical"",""channel"":null,""timestamp"":""2026-08-14T14:45:00+00:00"",""evidence"":{""gap_minutes"":7425.0,""missed_intervals"":495,""offline_threshold_minutes"":180},""message"":""Sensor has not reported for 7425 minutes."",""alert_recommended"":true}]",0,0,0,0,0,0
2026-08-14T15:00:00+00:00,5,Offline,0,0,1,0,0,0,0,0,0,1,1,7440.0,"[{""type"":""offline"",""severity"":""critical"",""channel"":null,""timestamp"":""2026-08-14T15:00:00+00:00"",""evidence"":{""gap_minutes"":7440.0,""missed_intervals"":496,""offline_threshold_minutes"":180},""message"":""Sensor has not reported for 7440 minutes."",""alert_recommended"":true}]",0,0,0,0,0,0
2026-08-14T15:15:00+00:00,5,Offline,0,0,1,0,0,0,0,0,0,1,1,7455.0,"[{""type"":""offline"",""severity"":""critical"",""channel"":null,""timestamp"":""2026-08-14T15:15:00+00:00"",""evidence"":{""gap_minutes"":7455.0,""missed_intervals"":497,""offline_threshold_minutes"":180},""message"":""Sensor has not reported for 7455 minutes."",""alert_recommended"":true}]",0,0,0,0,0,0
2026-08-14T15:30:00+00:00,5,Offline,0,0,1,0,0,0,0,0,0,1,1,7470.0,"[{""type"":""offline"",""severity"":""critical"",""channel"":null,""timestamp"":""2026-08-14T15:30:00+00:00"",""evidence"":{""gap_minutes"":7470.0,""missed_intervals"":498,""offline_threshold_minutes"":180},""message"":""Sensor has not reported for 7470 minutes."",""alert_recommended"":true}]",0,0,0,0,0,0
2026-08-14T15:45:00+00:00,5,Offline,0,0,1,0,0,0,0,0,0,1,1,7485.0,"[{""type"":""offline"",""severity"":""critical"",""channel"":null,""timestamp"":""2026-08-14T15:45:00+00:00"",""evidence"":{""gap_minutes"":7485.0,""missed_intervals"":499,""offline_threshold_minutes"":180},""message"":""Sensor has not reported for 7485 minutes."",""alert_recommended"":true}]",0,0,0,0,0,0
2026-08-14T16:00:00+00:00,5,Offline,0,0,1,0,0,0,0,0,0,1,1,7500.0,"[{""type"":""offline"",""severity"":""critical"",""channel"":null,""timestamp"":""2026-08-14T16:00:00+00:00"",""evidence"":{""gap_minutes"":7500.0,""missed_intervals"":500,""offline_threshold_minutes"":180},""message"":""Sensor has not reported for 7500 minutes."",""alert_recommended"":true}]",0,0,0,0,0,0
2026-08-14T16:15:00+00:00,5,Offline,0,0,1,0,0,0,0,0,0,1,1,7515.0,"[{""type"":""offline"",""severity"":""critical"",""channel"":null,""timestamp"":""2026-08-14T16:15:00+00:00"",""evidence"":{""gap_minutes"":7515.0,""missed_intervals"":501,""offline_threshold_minutes"":180},""message"":""Sensor has not reported for 7515 minutes."",""alert_recommended"":true}]",0,0,0,0,0,0
2026-08-14T16:30:00+00:00,5,Offline,0,0,1,0,0,0,0,0,0,1,1,7530.0,"[{""type"":""offline"",""severity"":""critical"",""channel"":null,""timestamp"":""2026-08-14T16:30:00+00:00"",""evidence"":{""gap_minutes"":7530.0,""missed_intervals"":502,""offline_threshold_minutes"":180},""message"":""Sensor has not reported for 7530 minutes."",""alert_recommended"":true}]",0,0,0,0,0,0
2026-08-14T16:45:00+00:00,5,Offline,0,0,1,0,0,0,0,0,0,1,1,7545.0,"[{""type"":""offline"",""severity"":""critical"",""channel"":null,""timestamp"":""2026-08-14T16:45:00+00:00"",""evidence"":{""gap_minutes"":7545.0,""missed_intervals"":503,""offline_threshold_minutes"":180},""message"":""Sensor has not reported for 7545 minutes."",""alert_recommended"":true}]",0,0,0,0,0,0
2026-08-14T17:00:00+00:00,5,Offline,0,0,1,0,0,0,0,0,0,1,1,7560.0,"[{""type"":""offline"",""severity"":""critical"",""channel"":null,""timestamp"":""2026-08-14T17:00:00+00:00"",""evidence"":{""gap_minutes"":7560.0,""missed_intervals"":504,""offline_threshold_minutes"":180},""message"":""Sensor has not reported for 7560 minutes."",""alert_recommended"":true}]",0,0,0,0,0,0
2026-08-14T17:15:00+00:00,5,Offline,0,0,1,0,0,0,0,0,0,1,1,7575.0,"[{""type"":""offline"",""severity"":""critical"",""channel"":null,""timestamp"":""2026-08-14T17:15:00+00:00"",""evidence"":{""gap_minutes"":7575.0,""missed_intervals"":505,""offline_threshold_minutes"":180},""message"":""Sensor has not reported for 7575 minutes."",""alert_recommended"":true}]",0,0,0,0,0,0
2026-08-14T17:30:00+00:00,5,Offline,0,0,1,0,0,0,0,0,0,1,1,7590.0,"[{""type"":""offline"",""severity"":""critical"",""channel"":null,""timestamp"":""2026-08-14T17:30:00+00:00"",""evidence"":{""gap_minutes"":7590.0,""missed_intervals"":506,""offline_threshold_minutes"":180},""message"":""Sensor has not reported for 7590 minutes."",""alert_recommended"":true}]",0,0,0,0,0,0
2026-08-14T17:45:00+00:00,5,Offline,0,0,1,0,0,0,0,0,0,1,1,7605.0,"[{""type"":""offline"",""severity"":""critical"",""channel"":null,""timestamp"":""2026-08-14T17:45:00+00:00"",""evidence"":{""gap_minutes"":7605.0,""missed_intervals"":507,""offline_threshold_minutes"":180},""message"":""Sensor has not reported for 7605 minutes."",""alert_recommended"":true}]",0,0,0,0,0,0
2026-08-14T18:00:00+00:00,5,Offline,0,0,1,0,0,0,0,0,0,1,1,7620.0,"[{""type"":""offline"",""severity"":""critical"",""channel"":null,""timestamp"":""2026-08-14T18:00:00+00:00"",""evidence"":{""gap_minutes"":7620.0,""missed_intervals"":508,""offline_threshold_minutes"":180},""message"":""Sensor has not reported for 7620 minutes."",""alert_recommended"":true}]",0,0,0,0,0,0
2026-08-14T18:15:00+00:00,5,Offline,0,0,1,0,0,0,0,0,0,1,1,7635.0,"[{""type"":""offline"",""severity"":""critical"",""channel"":null,""timestamp"":""2026-08-14T18:15:00+00:00"",""evidence"":{""gap_minutes"":7635.0,""missed_intervals"":509,""offline_threshold_minutes"":180},""message"":""Sensor has not reported for 7635 minutes."",""alert_recommended"":true}]",0,0,0,0,0,0
2026-08-14T18:30:00+00:00,5,Offline,0,0,1,0,0,0,0,0,0,1,1,7650.0,"[{""type"":""offline"",""severity"":""critical"",""channel"":null,""timestamp"":""2026-08-14T18:30:00+00:00"",""evidence"":{""gap_minutes"":7650.0,""missed_intervals"":510,""offline_threshold_minutes"":180},""message"":""Sensor has not reported for 7650 minutes."",""alert_recommended"":true}]",0,0,0,0,0,0
2026-08-14T18:45:00+00:00,5,Offline,0,0,1,0,0,0,0,0,0,1,1,7665.0,"[{""type"":""offline"",""severity"":""critical"",""channel"":null,""timestamp"":""2026-08-14T18:45:00+00:00"",""evidence"":{""gap_minutes"":7665.0,""missed_intervals"":511,""offline_threshold_minutes"":180},""message"":""Sensor has not reported for 7665 minutes."",""alert_recommended"":true}]",0,0,0,0,0,0
2026-08-14T19:00:00+00:00,5,Offline,0,0,1,0,0,0,0,0,0,1,1,7680.0,"[{""type"":""offline"",""severity"":""critical"",""channel"":null,""timestamp"":""2026-08-14T19:00:00+00:00"",""evidence"":{""gap_minutes"":7680.0,""missed_intervals"":512,""offline_threshold_minutes"":180},""message"":""Sensor has not reported for 7680 minutes."",""alert_recommended"":true}]",0,0,0,0,0,0
2026-08-14T19:15:00+00:00,5,Offline,0,0,1,0,0,0,0,0,0,1,1,7695.0,"[{""type"":""offline"",""severity"":""critical"",""channel"":null,""timestamp"":""2026-08-14T19:15:00+00:00"",""evidence"":{""gap_minutes"":7695.0,""missed_intervals"":513,""offline_threshold_minutes"":180},""message"":""Sensor has not reported for 7695 minutes."",""alert_recommended"":true}]",0,0,0,0,0,0
2026-08-14T19:30:00+00:00,5,Offline,0,0,1,0,0,0,0,0,0,1,1,7710.0,"[{""type"":""offline"",""severity"":""critical"",""channel"":null,""timestamp"":""2026-08-14T19:30:00+00:00"",""evidence"":{""gap_minutes"":7710.0,""missed_intervals"":514,""offline_threshold_minutes"":180},""message"":""Sensor has not reported for 7710 minutes."",""alert_recommended"":true}]",0,0,0,0,0,0
2026-08-14T19:45:00+00:00,5,Offline,0,0,1,0,0,0,0,0,0,1,1,7725.0,"[{""type"":""offline"",""severity"":""critical"",""channel"":null,""timestamp"":""2026-08-14T19:45:00+00:00"",""evidence"":{""gap_minutes"":7725.0,""missed_intervals"":515,""offline_threshold_minutes"":180},""message"":""Sensor has not reported for 7725 minutes."",""alert_recommended"":true}]",0,0,0,0,0,0
2026-08-14T20:00:00+00:00,5,Offline,0,0,1,0,0,0,0,0,0,1,1,7740.0,"[{""type"":""offline"",""severity"":""critical"",""channel"":null,""timestamp"":""2026-08-14T20:00:00+00:00"",""evidence"":{""gap_minutes"":7740.0,""missed_intervals"":516,""offline_threshold_minutes"":180},""message"":""Sensor has not reported for 7740 minutes."",""alert_recommended"":true}]",0,0,0,0,0,0
2026-08-14T20:15:00+00:00,5,Offline,0,0,1,0,0,0,0,0,0,1,1,7755.0,"[{""type"":""offline"",""severity"":""critical"",""channel"":null,""timestamp"":""2026-08-14T20:15:00+00:00"",""evidence"":{""gap_minutes"":7755.0,""missed_intervals"":517,""offline_threshold_minutes"":180},""message"":""Sensor has not reported for 7755 minutes."",""alert_recommended"":true}]",0,0,0,0,0,0
2026-08-14T20:30:00+00:00,5,Offline,0,0,1,0,0,0,0,0,0,1,1,7770.0,"[{""type"":""offline"",""severity"":""critical"",""channel"":null,""timestamp"":""2026-08-14T20:30:00+00:00"",""evidence"":{""gap_minutes"":7770.0,""missed_intervals"":518,""offline_threshold_minutes"":180},""message"":""Sensor has not reported for 7770 minutes."",""alert_recommended"":true}]",0,0,0,0,0,0
2026-08-14T20:45:00+00:00,5,Offline,0,0,1,0,0,0,0,0,0,1,1,7785.0,"[{""type"":""offline"",""severity"":""critical"",""channel"":null,""timestamp"":""2026-08-14T20:45:00+00:00"",""evidence"":{""gap_minutes"":7785.0,""missed_intervals"":519,""offline_threshold_minutes"":180},""message"":""Sensor has not reported for 7785 minutes."",""alert_recommended"":true}]",0,0,0,0,0,0
2026-08-14T21:00:00+00:00,5,Offline,0,0,1,0,0,0,0,0,0,1,1,7800.0,"[{""type"":""offline"",""severity"":""critical"",""channel"":null,""timestamp"":""2026-08-14T21:00:00+00:00"",""evidence"":{""gap_minutes"":7800.0,""missed_intervals"":520,""offline_threshold_minutes"":180},""message"":""Sensor has not reported for 7800 minutes."",""alert_recommended"":true}]",0,0,0,0,0,0
2026-08-14T21:15:00+00:00,5,Offline,0,0,1,0,0,0,0,0,0,1,1,7815.0,"[{""type"":""offline"",""severity"":""critical"",""channel"":null,""timestamp"":""2026-08-14T21:15:00+00:00"",""evidence"":{""gap_minutes"":7815.0,""missed_intervals"":521,""offline_threshold_minutes"":180},""message"":""Sensor has not reported for 7815 minutes."",""alert_recommended"":true}]",0,0,0,0,0,0
2026-08-14T21:30:00+00:00,5,Offline,0,0,1,0,0,0,0,0,0,1,1,7830.0,"[{""type"":""offline"",""severity"":""critical"",""channel"":null,""timestamp"":""2026-08-14T21:30:00+00:00"",""evidence"":{""gap_minutes"":7830.0,""missed_intervals"":522,""offline_threshold_minutes"":180},""message"":""Sensor has not reported for 7830 minutes."",""alert_recommended"":true}]",0,0,0,0,0,0
2026-08-14T21:45:00+00:00,5,Offline,0,0,1,0,0,0,0,0,0,1,1,7845.0,"[{""type"":""offline"",""severity"":""critical"",""channel"":null,""timestamp"":""2026-08-14T21:45:00+00:00"",""evidence"":{""gap_minutes"":7845.0,""missed_intervals"":523,""offline_threshold_minutes"":180},""message"":""Sensor has not reported for 7845 minutes."",""alert_recommended"":true}]",0,0,0,0,0,0
2026-08-14T22:00:00+00:00,5,Offline,0,0,1,0,0,0,0,0,0,1,1,7860.0,"[{""type"":""offline"",""severity"":""critical"",""channel"":null,""timestamp"":""2026-08-14T22:00:00+00:00"",""evidence"":{""gap_minutes"":7860.0,""missed_intervals"":524,""offline_threshold_minutes"":180},""message"":""Sensor has not reported for 7860 minutes."",""alert_recommended"":true}]",0,0,0,0,0,0
2026-08-14T22:15:00+00:00,5,Offline,0,0,1,0,0,0,0,0,0,1,1,7875.0,"[{""type"":""offline"",""severity"":""critical"",""channel"":null,""timestamp"":""2026-08-14T22:15:00+00:00"",""evidence"":{""gap_minutes"":7875.0,""missed_intervals"":525,""offline_threshold_minutes"":180},""message"":""Sensor has not reported for 7875 minutes."",""alert_recommended"":true}]",0,0,0,0,0,0
2026-08-14T22:30:00+00:00,5,Offline,0,0,1,0,0,0,0,0,0,1,1,7890.0,"[{""type"":""offline"",""severity"":""critical"",""channel"":null,""timestamp"":""2026-08-14T22:30:00+00:00"",""evidence"":{""gap_minutes"":7890.0,""missed_intervals"":526,""offline_threshold_minutes"":180},""message"":""Sensor has not reported for 7890 minutes."",""alert_recommended"":true}]",0,0,0,0,0,0
2026-08-14T22:45:00+00:00,5,Offline,0,0,1,0,0,0,0,0,0,1,1,7905.0,"[{""type"":""offline"",""severity"":""critical"",""channel"":null,""timestamp"":""2026-08-14T22:45:00+00:00"",""evidence"":{""gap_minutes"":7905.0,""missed_intervals"":527,""offline_threshold_minutes"":180},""message"":""Sensor has not reported for 7905 minutes."",""alert_recommended"":true}]",0,0,0,0,0,0
2026-08-14T23:00:00+00:00,5,Offline,0,0,1,0,0,0,0,0,0,1,1,7920.0,"[{""type"":""offline"",""severity"":""critical"",""channel"":null,""timestamp"":""2026-08-14T23:00:00+00:00"",""evidence"":{""gap_minutes"":7920.0,""missed_intervals"":528,""offline_threshold_minutes"":180},""message"":""Sensor has not reported for 7920 minutes."",""alert_recommended"":true}]",0,0,0,0,0,0
2026-08-14T23:15:00+00:00,5,Offline,0,0,1,0,0,0,0,0,0,1,1,7935.0,"[{""type"":""offline"",""severity"":""critical"",""channel"":null,""timestamp"":""2026-08-14T23:15:00+00:00"",""evidence"":{""gap_minutes"":7935.0,""missed_intervals"":529,""offline_threshold_minutes"":180},""message"":""Sensor has not reported for 7935 minutes."",""alert_recommended"":true}]",0,0,0,0,0,0
2026-08-14T23:30:00+00:00,5,Offline,0,0,1,0,0,0,0,0,0,1,1,7950.0,"[{""type"":""offline"",""severity"":""critical"",""channel"":null,""timestamp"":""2026-08-14T23:30:00+00:00"",""evidence"":{""gap_minutes"":7950.0,""missed_intervals"":530,""offline_threshold_minutes"":180},""message"":""Sensor has not reported for 7950 minutes."",""alert_recommended"":true}]",0,0,0,0,0,0
2026-08-14T23:45:00+00:00,5,Offline,0,0,1,0,0,0,0,0,0,1,1,7965.0,"[{""type"":""offline"",""severity"":""critical"",""channel"":null,""timestamp"":""2026-08-14T23:45:00+00:00"",""evidence"":{""gap_minutes"":7965.0,""missed_intervals"":531,""offline_threshold_minutes"":180},""message"":""Sensor has not reported for 7965 minutes."",""alert_recommended"":true}]",0,0,0,0,0,0
2026-08-15T00:00:00+00:00,5,Offline,0,0,1,0,0,0,0,0,0,1,1,7980.0,"[{""type"":""offline"",""severity"":""critical"",""channel"":null,""timestamp"":""2026-08-15T00:00:00+00:00"",""evidence"":{""gap_minutes"":7980.0,""missed_intervals"":532,""offline_threshold_minutes"":180},""message"":""Sensor has not reported for 7980 minutes."",""alert_recommended"":true}]",0,0,0,0,0,0
2026-08-15T00:15:00+00:00,5,Offline,0,0,1,0,0,0,0,0,0,1,1,7995.0,"[{""type"":""offline"",""severity"":""critical"",""channel"":null,""timestamp"":""2026-08-15T00:15:00+00:00"",""evidence"":{""gap_minutes"":7995.0,""missed_intervals"":533,""offline_threshold_minutes"":180},""message"":""Sensor has not reported for 7995 minutes."",""alert_recommended"":true}]",0,0,0,0,0,0
2026-08-15T00:30:00+00:00,5,Offline,0,0,1,0,0,0,0,0,0,1,1,8010.0,"[{""type"":""offline"",""severity"":""critical"",""channel"":null,""timestamp"":""2026-08-15T00:30:00+00:00"",""evidence"":{""gap_minutes"":8010.0,""missed_intervals"":534,""offline_threshold_minutes"":180},""message"":""Sensor has not reported for 8010 minutes."",""alert_recommended"":true}]",0,0,0,0,0,0
2026-08-15T00:45:00+00:00,5,Offline,0,0,1,0,0,0,0,0,0,1,1,8025.0,"[{""type"":""offline"",""severity"":""critical"",""channel"":null,""timestamp"":""2026-08-15T00:45:00+00:00"",""evidence"":{""gap_minutes"":8025.0,""missed_intervals"":535,""offline_threshold_minutes"":180},""message"":""Sensor has not reported for 8025 minutes."",""alert_recommended"":true}]",0,0,0,0,0,0
2026-08-15T01:00:00+00:00,5,Offline,0,0,1,0,0,0,0,0,0,1,1,8040.0,"[{""type"":""offline"",""severity"":""critical"",""channel"":null,""timestamp"":""2026-08-15T01:00:00+00:00"",""evidence"":{""gap_minutes"":8040.0,""missed_intervals"":536,""offline_threshold_minutes"":180},""message"":""Sensor has not reported for 8040 minutes."",""alert_recommended"":true}]",0,0,0,0,0,0
2026-08-15T01:15:00+00:00,5,Offline,0,0,1,0,0,0,0,0,0,1,1,8055.0,"[{""type"":""offline"",""severity"":""critical"",""channel"":null,""timestamp"":""2026-08-15T01:15:00+00:00"",""evidence"":{""gap_minutes"":8055.0,""missed_intervals"":537,""offline_threshold_minutes"":180},""message"":""Sensor has not reported for 8055 minutes."",""alert_recommended"":true}]",0,0,0,0,0,0
2026-08-15T01:30:00+00:00,5,Offline,0,0,1,0,0,0,0,0,0,1,1,8070.0,"[{""type"":""offline"",""severity"":""critical"",""channel"":null,""timestamp"":""2026-08-15T01:30:00+00:00"",""evidence"":{""gap_minutes"":8070.0,""missed_intervals"":538,""offline_threshold_minutes"":180},""message"":""Sensor has not reported for 8070 minutes."",""alert_recommended"":true}]",0,0,0,0,0,0
2026-08-15T01:45:00+00:00,5,Offline,0,0,1,0,0,0,0,0,0,1,1,8085.0,"[{""type"":""offline"",""severity"":""critical"",""channel"":null,""timestamp"":""2026-08-15T01:45:00+00:00"",""evidence"":{""gap_minutes"":8085.0,""missed_intervals"":539,""offline_threshold_minutes"":180},""message"":""Sensor has not reported for 8085 minutes."",""alert_recommended"":true}]",0,0,0,0,0,0
2026-08-15T02:00:00+00:00,5,Offline,0,0,1,0,0,0,0,0,0,1,1,8100.0,"[{""type"":""offline"",""severity"":""critical"",""channel"":null,""timestamp"":""2026-08-15T02:00:00+00:00"",""evidence"":{""gap_minutes"":8100.0,""missed_intervals"":540,""offline_threshold_minutes"":180},""message"":""Sensor has not reported for 8100 minutes."",""alert_recommended"":true}]",0,0,0,0,0,0
2026-08-15T02:15:00+00:00,5,Offline,0,0,1,0,0,0,0,0,0,1,1,8115.0,"[{""type"":""offline"",""severity"":""critical"",""channel"":null,""timestamp"":""2026-08-15T02:15:00+00:00"",""evidence"":{""gap_minutes"":8115.0,""missed_intervals"":541,""offline_threshold_minutes"":180},""message"":""Sensor has not reported for 8115 minutes."",""alert_recommended"":true}]",0,0,0,0,0,0
2026-08-15T02:30:00+00:00,5,Offline,0,0,1,0,0,0,0,0,0,1,1,8130.0,"[{""type"":""offline"",""severity"":""critical"",""channel"":null,""timestamp"":""2026-08-15T02:30:00+00:00"",""evidence"":{""gap_minutes"":8130.0,""missed_intervals"":542,""offline_threshold_minutes"":180},""message"":""Sensor has not reported for 8130 minutes."",""alert_recommended"":true}]",0,0,0,0,0,0
2026-08-15T02:45:00+00:00,5,Offline,0,0,1,0,0,0,0,0,0,1,1,8145.0,"[{""type"":""offline"",""severity"":""critical"",""channel"":null,""timestamp"":""2026-08-15T02:45:00+00:00"",""evidence"":{""gap_minutes"":8145.0,""missed_intervals"":543,""offline_threshold_minutes"":180},""message"":""Sensor has not reported for 8145 minutes."",""alert_recommended"":true}]",0,0,0,0,0,0
2026-08-15T03:00:00+00:00,5,Offline,0,0,1,0,0,0,0,0,0,1,1,8160.0,"[{""type"":""offline"",""severity"":""critical"",""channel"":null,""timestamp"":""2026-08-15T03:00:00+00:00"",""evidence"":{""gap_minutes"":8160.0,""missed_intervals"":544,""offline_threshold_minutes"":180},""message"":""Sensor has not reported for 8160 minutes."",""alert_recommended"":true}]",0,0,0,0,0,0
2026-08-15T03:15:00+00:00,5,Offline,0,0,1,0,0,0,0,0,0,1,1,8175.0,"[{""type"":""offline"",""severity"":""critical"",""channel"":null,""timestamp"":""2026-08-15T03:15:00+00:00"",""evidence"":{""gap_minutes"":8175.0,""missed_intervals"":545,""offline_threshold_minutes"":180},""message"":""Sensor has not reported for 8175 minutes."",""alert_recommended"":true}]",0,0,0,0,0,0
2026-08-15T03:30:00+00:00,5,Offline,0,0,1,0,0,0,0,0,0,1,1,8190.0,"[{""type"":""offline"",""severity"":""critical"",""channel"":null,""timestamp"":""2026-08-15T03:30:00+00:00"",""evidence"":{""gap_minutes"":8190.0,""missed_intervals"":546,""offline_threshold_minutes"":180},""message"":""Sensor has not reported for 8190 minutes."",""alert_recommended"":true}]",0,0,0,0,0,0
2026-08-15T03:45:00+00:00,5,Offline,0,0,1,0,0,0,0,0,0,1,1,8205.0,"[{""type"":""offline"",""severity"":""critical"",""channel"":null,""timestamp"":""2026-08-15T03:45:00+00:00"",""evidence"":{""gap_minutes"":8205.0,""missed_intervals"":547,""offline_threshold_minutes"":180},""message"":""Sensor has not reported for 8205 minutes."",""alert_recommended"":true}]",0,0,0,0,0,0
2026-08-15T04:00:00+00:00,5,Offline,0,0,1,0,0,0,0,0,0,1,1,8220.0,"[{""type"":""offline"",""severity"":""critical"",""channel"":null,""timestamp"":""2026-08-15T04:00:00+00:00"",""evidence"":{""gap_minutes"":8220.0,""missed_intervals"":548,""offline_threshold_minutes"":180},""message"":""Sensor has not reported for 8220 minutes."",""alert_recommended"":true}]",0,0,0,0,0,0
2026-08-15T04:15:00+00:00,5,Offline,0,0,1,0,0,0,0,0,0,1,1,8235.0,"[{""type"":""offline"",""severity"":""critical"",""channel"":null,""timestamp"":""2026-08-15T04:15:00+00:00"",""evidence"":{""gap_minutes"":8235.0,""missed_intervals"":549,""offline_threshold_minutes"":180},""message"":""Sensor has not reported for 8235 minutes."",""alert_recommended"":true}]",0,0,0,0,0,0
2026-08-15T04:30:00+00:00,5,Offline,0,0,1,0,0,0,0,0,0,1,1,8250.0,"[{""type"":""offline"",""severity"":""critical"",""channel"":null,""timestamp"":""2026-08-15T04:30:00+00:00"",""evidence"":{""gap_minutes"":8250.0,""missed_intervals"":550,""offline_threshold_minutes"":180},""message"":""Sensor has not reported for 8250 minutes."",""alert_recommended"":true}]",0,0,0,0,0,0
2026-08-15T04:45:00+00:00,5,Offline,0,0,1,0,0,0,0,0,0,1,1,8265.0,"[{""type"":""offline"",""severity"":""critical"",""channel"":null,""timestamp"":""2026-08-15T04:45:00+00:00"",""evidence"":{""gap_minutes"":8265.0,""missed_intervals"":551,""offline_threshold_minutes"":180},""message"":""Sensor has not reported for 8265 minutes."",""alert_recommended"":true}]",0,0,0,0,0,0
2026-08-15T05:00:00+00:00,5,Offline,0,0,1,0,0,0,0,0,0,1,1,8280.0,"[{""type"":""offline"",""severity"":""critical"",""channel"":null,""timestamp"":""2026-08-15T05:00:00+00:00"",""evidence"":{""gap_minutes"":8280.0,""missed_intervals"":552,""offline_threshold_minutes"":180},""message"":""Sensor has not reported for 8280 minutes."",""alert_recommended"":true}]",0,0,0,0,0,0
2026-08-15T05:15:00+00:00,5,Offline,0,0,1,0,0,0,0,0,0,1,1,8295.0,"[{""type"":""offline"",""severity"":""critical"",""channel"":null,""timestamp"":""2026-08-15T05:15:00+00:00"",""evidence"":{""gap_minutes"":8295.0,""missed_intervals"":553,""offline_threshold_minutes"":180},""message"":""Sensor has not reported for 8295 minutes."",""alert_recommended"":true}]",0,0,0,0,0,0
2026-08-15T05:30:00+00:00,5,Offline,0,0,1,0,0,0,0,0,0,1,1,8310.0,"[{""type"":""offline"",""severity"":""critical"",""channel"":null,""timestamp"":""2026-08-15T05:30:00+00:00"",""evidence"":{""gap_minutes"":8310.0,""missed_intervals"":554,""offline_threshold_minutes"":180},""message"":""Sensor has not reported for 8310 minutes."",""alert_recommended"":true}]",0,0,0,0,0,0
2026-08-15T05:45:00+00:00,5,Offline,0,0,1,0,0,0,0,0,0,1,1,8325.0,"[{""type"":""offline"",""severity"":""critical"",""channel"":null,""timestamp"":""2026-08-15T05:45:00+00:00"",""evidence"":{""gap_minutes"":8325.0,""missed_intervals"":555,""offline_threshold_minutes"":180},""message"":""Sensor has not reported for 8325 minutes."",""alert_recommended"":true}]",0,0,0,0,0,0
2026-08-15T06:00:00+00:00,5,Offline,0,0,1,0,0,0,0,0,0,1,1,8340.0,"[{""type"":""offline"",""severity"":""critical"",""channel"":null,""timestamp"":""2026-08-15T06:00:00+00:00"",""evidence"":{""gap_minutes"":8340.0,""missed_intervals"":556,""offline_threshold_minutes"":180},""message"":""Sensor has not reported for 8340 minutes."",""alert_recommended"":true}]",0,0,0,0,0,0
2026-08-15T06:15:00+00:00,5,Offline,0,0,1,0,0,0,0,0,0,1,1,8355.0,"[{""type"":""offline"",""severity"":""critical"",""channel"":null,""timestamp"":""2026-08-15T06:15:00+00:00"",""evidence"":{""gap_minutes"":8355.0,""missed_intervals"":557,""offline_threshold_minutes"":180},""message"":""Sensor has not reported for 8355 minutes."",""alert_recommended"":true}]",0,0,0,0,0,0
2026-08-15T06:30:00+00:00,5,Offline,0,0,1,0,0,0,0,0,0,1,1,8370.0,"[{""type"":""offline"",""severity"":""critical"",""channel"":null,""timestamp"":""2026-08-15T06:30:00+00:00"",""evidence"":{""gap_minutes"":8370.0,""missed_intervals"":558,""offline_threshold_minutes"":180},""message"":""Sensor has not reported for 8370 minutes."",""alert_recommended"":true}]",0,0,0,0,0,0
2026-08-15T06:45:00+00:00,5,Offline,0,0,1,0,0,0,0,0,0,1,1,8385.0,"[{""type"":""offline"",""severity"":""critical"",""channel"":null,""timestamp"":""2026-08-15T06:45:00+00:00"",""evidence"":{""gap_minutes"":8385.0,""missed_intervals"":559,""offline_threshold_minutes"":180},""message"":""Sensor has not reported for 8385 minutes."",""alert_recommended"":true}]",0,0,0,0,0,0
2026-08-15T07:00:00+00:00,5,Offline,0,0,1,0,0,0,0,0,0,1,1,8400.0,"[{""type"":""offline"",""severity"":""critical"",""channel"":null,""timestamp"":""2026-08-15T07:00:00+00:00"",""evidence"":{""gap_minutes"":8400.0,""missed_intervals"":560,""offline_threshold_minutes"":180},""message"":""Sensor has not reported for 8400 minutes."",""alert_recommended"":true}]",0,0,0,0,0,0
2026-08-15T07:15:00+00:00,5,Offline,0,0,1,0,0,0,0,0,0,1,1,8415.0,"[{""type"":""offline"",""severity"":""critical"",""channel"":null,""timestamp"":""2026-08-15T07:15:00+00:00"",""evidence"":{""gap_minutes"":8415.0,""missed_intervals"":561,""offline_threshold_minutes"":180},""message"":""Sensor has not reported for 8415 minutes."",""alert_recommended"":true}]",0,0,0,0,0,0
2026-08-15T07:30:00+00:00,5,Offline,0,0,1,0,0,0,0,0,0,1,1,8430.0,"[{""type"":""offline"",""severity"":""critical"",""channel"":null,""timestamp"":""2026-08-15T07:30:00+00:00"",""evidence"":{""gap_minutes"":8430.0,""missed_intervals"":562,""offline_threshold_minutes"":180},""message"":""Sensor has not reported for 8430 minutes."",""alert_recommended"":true}]",0,0,0,0,0,0
2026-08-15T07:45:00+00:00,5,Offline,0,0,1,0,0,0,0,0,0,1,1,8445.0,"[{""type"":""offline"",""severity"":""critical"",""channel"":null,""timestamp"":""2026-08-15T07:45:00+00:00"",""evidence"":{""gap_minutes"":8445.0,""missed_intervals"":563,""offline_threshold_minutes"":180},""message"":""Sensor has not reported for 8445 minutes."",""alert_recommended"":true}]",0,0,0,0,0,0
2026-08-15T08:00:00+00:00,5,Offline,0,0,1,0,0,0,0,0,0,1,1,8460.0,"[{""type"":""offline"",""severity"":""critical"",""channel"":null,""timestamp"":""2026-08-15T08:00:00+00:00"",""evidence"":{""gap_minutes"":8460.0,""missed_intervals"":564,""offline_threshold_minutes"":180},""message"":""Sensor has not reported for 8460 minutes."",""alert_recommended"":true}]",0,0,0,0,0,0
2026-08-15T08:15:00+00:00,5,Offline,0,0,1,0,0,0,0,0,0,1,1,8475.0,"[{""type"":""offline"",""severity"":""critical"",""channel"":null,""timestamp"":""2026-08-15T08:15:00+00:00"",""evidence"":{""gap_minutes"":8475.0,""missed_intervals"":565,""offline_threshold_minutes"":180},""message"":""Sensor has not reported for 8475 minutes."",""alert_recommended"":true}]",0,0,0,0,0,0
2026-08-15T08:30:00+00:00,5,Offline,0,0,1,0,0,0,0,0,0,1,1,8490.0,"[{""type"":""offline"",""severity"":""critical"",""channel"":null,""timestamp"":""2026-08-15T08:30:00+00:00"",""evidence"":{""gap_minutes"":8490.0,""missed_intervals"":566,""offline_threshold_minutes"":180},""message"":""Sensor has not reported for 8490 minutes."",""alert_recommended"":true}]",0,0,0,0,0,0
2026-08-15T08:45:00+00:00,5,Offline,0,0,1,0,0,0,0,0,0,1,1,8505.0,"[{""type"":""offline"",""severity"":""critical"",""channel"":null,""timestamp"":""2026-08-15T08:45:00+00:00"",""evidence"":{""gap_minutes"":8505.0,""missed_intervals"":567,""offline_threshold_minutes"":180},""message"":""Sensor has not reported for 8505 minutes."",""alert_recommended"":true}]",0,0,0,0,0,0
2026-08-15T09:00:00+00:00,5,Offline,0,0,1,0,0,0,0,0,0,1,1,8520.0,"[{""type"":""offline"",""severity"":""critical"",""channel"":null,""timestamp"":""2026-08-15T09:00:00+00:00"",""evidence"":{""gap_minutes"":8520.0,""missed_intervals"":568,""offline_threshold_minutes"":180},""message"":""Sensor has not reported for 8520 minutes."",""alert_recommended"":true}]",0,0,0,0,0,0
2026-08-15T09:15:00+00:00,5,Offline,0,0,1,0,0,0,0,0,0,1,1,8535.0,"[{""type"":""offline"",""severity"":""critical"",""channel"":null,""timestamp"":""2026-08-15T09:15:00+00:00"",""evidence"":{""gap_minutes"":8535.0,""missed_intervals"":569,""offline_threshold_minutes"":180},""message"":""Sensor has not reported for 8535 minutes."",""alert_recommended"":true}]",0,0,0,0,0,0
2026-08-15T09:30:00+00:00,5,Offline,0,0,1,0,0,0,0,0,0,1,1,8550.0,"[{""type"":""offline"",""severity"":""critical"",""channel"":null,""timestamp"":""2026-08-15T09:30:00+00:00"",""evidence"":{""gap_minutes"":8550.0,""missed_intervals"":570,""offline_threshold_minutes"":180},""message"":""Sensor has not reported for 8550 minutes."",""alert_recommended"":true}]",0,0,0,0,0,0
2026-08-15T09:45:00+00:00,5,Offline,0,0,1,0,0,0,0,0,0,1,1,8565.0,"[{""type"":""offline"",""severity"":""critical"",""channel"":null,""timestamp"":""2026-08-15T09:45:00+00:00"",""evidence"":{""gap_minutes"":8565.0,""missed_intervals"":571,""offline_threshold_minutes"":180},""message"":""Sensor has not reported for 8565 minutes."",""alert_recommended"":true}]",0,0,0,0,0,0
2026-08-15T10:00:00+00:00,5,Offline,0,0,1,0,0,0,0,0,0,1,1,8580.0,"[{""type"":""offline"",""severity"":""critical"",""channel"":null,""timestamp"":""2026-08-15T10:00:00+00:00"",""evidence"":{""gap_minutes"":8580.0,""missed_intervals"":572,""offline_threshold_minutes"":180},""message"":""Sensor has not reported for 8580 minutes."",""alert_recommended"":true}]",0,0,0,0,0,0
2026-08-15T10:15:00+00:00,5,Offline,0,0,1,0,0,0,0,0,0,1,1,8595.0,"[{""type"":""offline"",""severity"":""critical"",""channel"":null,""timestamp"":""2026-08-15T10:15:00+00:00"",""evidence"":{""gap_minutes"":8595.0,""missed_intervals"":573,""offline_threshold_minutes"":180},""message"":""Sensor has not reported for 8595 minutes."",""alert_recommended"":true}]",0,0,0,0,0,0
2026-08-15T10:30:00+00:00,5,Offline,0,0,1,0,0,0,0,0,0,1,1,8610.0,"[{""type"":""offline"",""severity"":""critical"",""channel"":null,""timestamp"":""2026-08-15T10:30:00+00:00"",""evidence"":{""gap_minutes"":8610.0,""missed_intervals"":574,""offline_threshold_minutes"":180},""message"":""Sensor has not reported for 8610 minutes."",""alert_recommended"":true}]",0,0,0,0,0,0
2026-08-15T10:45:00+00:00,5,Offline,0,0,1,0,0,0,0,0,0,1,1,8625.0,"[{""type"":""offline"",""severity"":""critical"",""channel"":null,""timestamp"":""2026-08-15T10:45:00+00:00"",""evidence"":{""gap_minutes"":8625.0,""missed_intervals"":575,""offline_threshold_minutes"":180},""message"":""Sensor has not reported for 8625 minutes."",""alert_recommended"":true}]",0,0,0,0,0,0
2026-08-15T11:00:00+00:00,5,Offline,0,0,1,0,0,0,0,0,0,1,1,8640.0,"[{""type"":""offline"",""severity"":""critical"",""channel"":null,""timestamp"":""2026-08-15T11:00:00+00:00"",""evidence"":{""gap_minutes"":8640.0,""missed_intervals"":576,""offline_threshold_minutes"":180},""message"":""Sensor has not reported for 8640 minutes."",""alert_recommended"":true}]",0,0,0,0,0,0
2026-08-15T11:15:00+00:00,5,Offline,0,0,1,0,0,0,0,0,0,1,1,8655.0,"[{""type"":""offline"",""severity"":""critical"",""channel"":null,""timestamp"":""2026-08-15T11:15:00+00:00"",""evidence"":{""gap_minutes"":8655.0,""missed_intervals"":577,""offline_threshold_minutes"":180},""message"":""Sensor has not reported for 8655 minutes."",""alert_recommended"":true}]",0,0,0,0,0,0
2026-08-15T11:30:00+00:00,5,Offline,0,0,1,0,0,0,0,0,0,1,1,8670.0,"[{""type"":""offline"",""severity"":""critical"",""channel"":null,""timestamp"":""2026-08-15T11:30:00+00:00"",""evidence"":{""gap_minutes"":8670.0,""missed_intervals"":578,""offline_threshold_minutes"":180},""message"":""Sensor has not reported for 8670 minutes."",""alert_recommended"":true}]",0,0,0,0,0,0
2026-08-15T11:45:00+00:00,5,Offline,0,0,1,0,0,0,0,0,0,1,1,8685.0,"[{""type"":""offline"",""severity"":""critical"",""channel"":null,""timestamp"":""2026-08-15T11:45:00+00:00"",""evidence"":{""gap_minutes"":8685.0,""missed_intervals"":579,""offline_threshold_minutes"":180},""message"":""Sensor has not reported for 8685 minutes."",""alert_recommended"":true}]",0,0,0,0,0,0
2026-08-15T12:00:00+00:00,5,Offline,0,0,1,0,0,0,0,0,0,1,1,8700.0,"[{""type"":""offline"",""severity"":""critical"",""channel"":null,""timestamp"":""2026-08-15T12:00:00+00:00"",""evidence"":{""gap_minutes"":8700.0,""missed_intervals"":580,""offline_threshold_minutes"":180},""message"":""Sensor has not reported for 8700 minutes."",""alert_recommended"":true}]",0,0,0,0,0,0
2026-08-15T12:15:00+00:00,5,Offline,0,0,1,0,0,0,0,0,0,1,1,8715.0,"[{""type"":""offline"",""severity"":""critical"",""channel"":null,""timestamp"":""2026-08-15T12:15:00+00:00"",""evidence"":{""gap_minutes"":8715.0,""missed_intervals"":581,""offline_threshold_minutes"":180},""message"":""Sensor has not reported for 8715 minutes."",""alert_recommended"":true}]",0,0,0,0,0,0
2026-08-15T12:30:00+00:00,5,Offline,0,0,1,0,0,0,0,0,0,1,1,8730.0,"[{""type"":""offline"",""severity"":""critical"",""channel"":null,""timestamp"":""2026-08-15T12:30:00+00:00"",""evidence"":{""gap_minutes"":8730.0,""missed_intervals"":582,""offline_threshold_minutes"":180},""message"":""Sensor has not reported for 8730 minutes."",""alert_recommended"":true}]",0,0,0,0,0,0
2026-08-15T12:45:00+00:00,5,Offline,0,0,1,0,0,0,0,0,0,1,1,8745.0,"[{""type"":""offline"",""severity"":""critical"",""channel"":null,""timestamp"":""2026-08-15T12:45:00+00:00"",""evidence"":{""gap_minutes"":8745.0,""missed_intervals"":583,""offline_threshold_minutes"":180},""message"":""Sensor has not reported for 8745 minutes."",""alert_recommended"":true}]",0,0,0,0,0,0
2026-08-15T13:00:00+00:00,5,Offline,0,0,1,0,0,0,0,0,0,1,1,8760.0,"[{""type"":""offline"",""severity"":""critical"",""channel"":null,""timestamp"":""2026-08-15T13:00:00+00:00"",""evidence"":{""gap_minutes"":8760.0,""missed_intervals"":584,""offline_threshold_minutes"":180},""message"":""Sensor has not reported for 8760 minutes."",""alert_recommended"":true}]",0,0,0,0,0,0
2026-08-15T13:15:00+00:00,5,Offline,0,0,1,0,0,0,0,0,0,1,1,8775.0,"[{""type"":""offline"",""severity"":""critical"",""channel"":null,""timestamp"":""2026-08-15T13:15:00+00:00"",""evidence"":{""gap_minutes"":8775.0,""missed_intervals"":585,""offline_threshold_minutes"":180},""message"":""Sensor has not reported for 8775 minutes."",""alert_recommended"":true}]",0,0,0,0,0,0
2026-08-15T13:30:00+00:00,5,Offline,0,0,1,0,0,0,0,0,0,1,1,8790.0,"[{""type"":""offline"",""severity"":""critical"",""channel"":null,""timestamp"":""2026-08-15T13:30:00+00:00"",""evidence"":{""gap_minutes"":8790.0,""missed_intervals"":586,""offline_threshold_minutes"":180},""message"":""Sensor has not reported for 8790 minutes."",""alert_recommended"":true}]",0,0,0,0,0,0
2026-08-15T13:45:00+00:00,5,Offline,0,0,1,0,0,0,0,0,0,1,1,8805.0,"[{""type"":""offline"",""severity"":""critical"",""channel"":null,""timestamp"":""2026-08-15T13:45:00+00:00"",""evidence"":{""gap_minutes"":8805.0,""missed_intervals"":587,""offline_threshold_minutes"":180},""message"":""Sensor has not reported for 8805 minutes."",""alert_recommended"":true}]",0,0,0,0,0,0
2026-08-15T14:00:00+00:00,5,Offline,0,0,1,0,0,0,0,0,0,1,1,8820.0,"[{""type"":""offline"",""severity"":""critical"",""channel"":null,""timestamp"":""2026-08-15T14:00:00+00:00"",""evidence"":{""gap_minutes"":8820.0,""missed_intervals"":588,""offline_threshold_minutes"":180},""message"":""Sensor has not reported for 8820 minutes."",""alert_recommended"":true}]",0,0,0,0,0,0
2026-08-15T14:15:00+00:00,5,Offline,0,0,1,0,0,0,0,0,0,1,1,8835.0,"[{""type"":""offline"",""severity"":""critical"",""channel"":null,""timestamp"":""2026-08-15T14:15:00+00:00"",""evidence"":{""gap_minutes"":8835.0,""missed_intervals"":589,""offline_threshold_minutes"":180},""message"":""Sensor has not reported for 8835 minutes."",""alert_recommended"":true}]",0,0,0,0,0,0
2026-08-15T14:30:00+00:00,5,Offline,0,0,1,0,0,0,0,0,0,1,1,8850.0,"[{""type"":""offline"",""severity"":""critical"",""channel"":null,""timestamp"":""2026-08-15T14:30:00+00:00"",""evidence"":{""gap_minutes"":8850.0,""missed_intervals"":590,""offline_threshold_minutes"":180},""message"":""Sensor has not reported for 8850 minutes."",""alert_recommended"":true}]",0,0,0,0,0,0
2026-08-15T14:45:00+00:00,5,Offline,0,0,1,0,0,0,0,0,0,1,1,8865.0,"[{""type"":""offline"",""severity"":""critical"",""channel"":null,""timestamp"":""2026-08-15T14:45:00+00:00"",""evidence"":{""gap_minutes"":8865.0,""missed_intervals"":591,""offline_threshold_minutes"":180},""message"":""Sensor has not reported for 8865 minutes."",""alert_recommended"":true}]",0,0,0,0,0,0
2026-08-15T15:00:00+00:00,5,Offline,0,0,1,0,0,0,0,0,0,1,1,8880.0,"[{""type"":""offline"",""severity"":""critical"",""channel"":null,""timestamp"":""2026-08-15T15:00:00+00:00"",""evidence"":{""gap_minutes"":8880.0,""missed_intervals"":592,""offline_threshold_minutes"":180},""message"":""Sensor has not reported for 8880 minutes."",""alert_recommended"":true}]",0,0,0,0,0,0
2026-08-15T15:15:00+00:00,5,Offline,0,0,1,0,0,0,0,0,0,1,1,8895.0,"[{""type"":""offline"",""severity"":""critical"",""channel"":null,""timestamp"":""2026-08-15T15:15:00+00:00"",""evidence"":{""gap_minutes"":8895.0,""missed_intervals"":593,""offline_threshold_minutes"":180},""message"":""Sensor has not reported for 8895 minutes."",""alert_recommended"":true}]",0,0,0,0,0,0
2026-08-15T15:30:00+00:00,5,Offline,0,0,1,0,0,0,0,0,0,1,1,8910.0,"[{""type"":""offline"",""severity"":""critical"",""channel"":null,""timestamp"":""2026-08-15T15:30:00+00:00"",""evidence"":{""gap_minutes"":8910.0,""missed_intervals"":594,""offline_threshold_minutes"":180},""message"":""Sensor has not reported for 8910 minutes."",""alert_recommended"":true}]",0,0,0,0,0,0
2026-08-15T15:45:00+00:00,5,Offline,0,0,1,0,0,0,0,0,0,1,1,8925.0,"[{""type"":""offline"",""severity"":""critical"",""channel"":null,""timestamp"":""2026-08-15T15:45:00+00:00"",""evidence"":{""gap_minutes"":8925.0,""missed_intervals"":595,""offline_threshold_minutes"":180},""message"":""Sensor has not reported for 8925 minutes."",""alert_recommended"":true}]",0,0,0,0,0,0
2026-08-15T16:00:00+00:00,5,Offline,0,0,1,0,0,0,0,0,0,1,1,8940.0,"[{""type"":""offline"",""severity"":""critical"",""channel"":null,""timestamp"":""2026-08-15T16:00:00+00:00"",""evidence"":{""gap_minutes"":8940.0,""missed_intervals"":596,""offline_threshold_minutes"":180},""message"":""Sensor has not reported for 8940 minutes."",""alert_recommended"":true}]",0,0,0,0,0,0
2026-08-15T16:15:00+00:00,5,Offline,0,0,1,0,0,0,0,0,0,1,1,8955.0,"[{""type"":""offline"",""severity"":""critical"",""channel"":null,""timestamp"":""2026-08-15T16:15:00+00:00"",""evidence"":{""gap_minutes"":8955.0,""missed_intervals"":597,""offline_threshold_minutes"":180},""message"":""Sensor has not reported for 8955 minutes."",""alert_recommended"":true}]",0,0,0,0,0,0
2026-08-15T16:30:00+00:00,5,Offline,0,0,1,0,0,0,0,0,0,1,1,8970.0,"[{""type"":""offline"",""severity"":""critical"",""channel"":null,""timestamp"":""2026-08-15T16:30:00+00:00"",""evidence"":{""gap_minutes"":8970.0,""missed_intervals"":598,""offline_threshold_minutes"":180},""message"":""Sensor has not reported for 8970 minutes."",""alert_recommended"":true}]",0,0,0,0,0,0
2026-08-15T16:45:00+00:00,5,Offline,0,0,1,0,0,0,0,0,0,1,1,8985.0,"[{""type"":""offline"",""severity"":""critical"",""channel"":null,""timestamp"":""2026-08-15T16:45:00+00:00"",""evidence"":{""gap_minutes"":8985.0,""missed_intervals"":599,""offline_threshold_minutes"":180},""message"":""Sensor has not reported for 8985 minutes."",""alert_recommended"":true}]",0,0,0,0,0,0
2026-08-15T17:00:00+00:00,5,Offline,0,0,1,0,0,0,0,0,0,1,1,9000.0,"[{""type"":""offline"",""severity"":""critical"",""channel"":null,""timestamp"":""2026-08-15T17:00:00+00:00"",""evidence"":{""gap_minutes"":9000.0,""missed_intervals"":600,""offline_threshold_minutes"":180},""message"":""Sensor has not reported for 9000 minutes."",""alert_recommended"":true}]",0,0,0,0,0,0
2026-08-15T17:15:00+00:00,5,Offline,0,0,1,0,0,0,0,0,0,1,1,9015.0,"[{""type"":""offline"",""severity"":""critical"",""channel"":null,""timestamp"":""2026-08-15T17:15:00+00:00"",""evidence"":{""gap_minutes"":9015.0,""missed_intervals"":601,""offline_threshold_minutes"":180},""message"":""Sensor has not reported for 9015 minutes."",""alert_recommended"":true}]",0,0,0,0,0,0
2026-08-15T17:30:00+00:00,5,Offline,0,0,1,0,0,0,0,0,0,1,1,9030.0,"[{""type"":""offline"",""severity"":""critical"",""channel"":null,""timestamp"":""2026-08-15T17:30:00+00:00"",""evidence"":{""gap_minutes"":9030.0,""missed_intervals"":602,""offline_threshold_minutes"":180},""message"":""Sensor has not reported for 9030 minutes."",""alert_recommended"":true}]",0,0,0,0,0,0
2026-08-15T17:45:00+00:00,5,Offline,0,0,1,0,0,0,0,0,0,1,1,9045.0,"[{""type"":""offline"",""severity"":""critical"",""channel"":null,""timestamp"":""2026-08-15T17:45:00+00:00"",""evidence"":{""gap_minutes"":9045.0,""missed_intervals"":603,""offline_threshold_minutes"":180},""message"":""Sensor has not reported for 9045 minutes."",""alert_recommended"":true}]",0,0,0,0,0,0
2026-08-15T18:00:00+00:00,5,Offline,0,0,1,0,0,0,0,0,0,1,1,9060.0,"[{""type"":""offline"",""severity"":""critical"",""channel"":null,""timestamp"":""2026-08-15T18:00:00+00:00"",""evidence"":{""gap_minutes"":9060.0,""missed_intervals"":604,""offline_threshold_minutes"":180},""message"":""Sensor has not reported for 9060 minutes."",""alert_recommended"":true}]",0,0,0,0,0,0
2026-08-15T18:15:00+00:00,5,Offline,0,0,1,0,0,0,0,0,0,1,1,9075.0,"[{""type"":""offline"",""severity"":""critical"",""channel"":null,""timestamp"":""2026-08-15T18:15:00+00:00"",""evidence"":{""gap_minutes"":9075.0,""missed_intervals"":605,""offline_threshold_minutes"":180},""message"":""Sensor has not reported for 9075 minutes."",""alert_recommended"":true}]",0,0,0,0,0,0
2026-08-15T18:30:00+00:00,5,Offline,0,0,1,0,0,0,0,0,0,1,1,9090.0,"[{""type"":""offline"",""severity"":""critical"",""channel"":null,""timestamp"":""2026-08-15T18:30:00+00:00"",""evidence"":{""gap_minutes"":9090.0,""missed_intervals"":606,""offline_threshold_minutes"":180},""message"":""Sensor has not reported for 9090 minutes."",""alert_recommended"":true}]",0,0,0,0,0,0
2026-08-15T18:45:00+00:00,5,Offline,0,0,1,0,0,0,0,0,0,1,1,9105.0,"[{""type"":""offline"",""severity"":""critical"",""channel"":null,""timestamp"":""2026-08-15T18:45:00+00:00"",""evidence"":{""gap_minutes"":9105.0,""missed_intervals"":607,""offline_threshold_minutes"":180},""message"":""Sensor has not reported for 9105 minutes."",""alert_recommended"":true}]",0,0,0,0,0,0
2026-08-15T19:00:00+00:00,5,Offline,0,0,1,0,0,0,0,0,0,1,1,9120.0,"[{""type"":""offline"",""severity"":""critical"",""channel"":null,""timestamp"":""2026-08-15T19:00:00+00:00"",""evidence"":{""gap_minutes"":9120.0,""missed_intervals"":608,""offline_threshold_minutes"":180},""message"":""Sensor has not reported for 9120 minutes."",""alert_recommended"":true}]",0,0,0,0,0,0
2026-08-15T19:15:00+00:00,5,Offline,0,0,1,0,0,0,0,0,0,1,1,9135.0,"[{""type"":""offline"",""severity"":""critical"",""channel"":null,""timestamp"":""2026-08-15T19:15:00+00:00"",""evidence"":{""gap_minutes"":9135.0,""missed_intervals"":609,""offline_threshold_minutes"":180},""message"":""Sensor has not reported for 9135 minutes."",""alert_recommended"":true}]",0,0,0,0,0,0
2026-08-15T19:30:00+00:00,5,Offline,0,0,1,0,0,0,0,0,0,1,1,9150.0,"[{""type"":""offline"",""severity"":""critical"",""channel"":null,""timestamp"":""2026-08-15T19:30:00+00:00"",""evidence"":{""gap_minutes"":9150.0,""missed_intervals"":610,""offline_threshold_minutes"":180},""message"":""Sensor has not reported for 9150 minutes."",""alert_recommended"":true}]",0,0,0,0,0,0
2026-08-15T19:45:00+00:00,5,Offline,0,0,1,0,0,0,0,0,0,1,1,9165.0,"[{""type"":""offline"",""severity"":""critical"",""channel"":null,""timestamp"":""2026-08-15T19:45:00+00:00"",""evidence"":{""gap_minutes"":9165.0,""missed_intervals"":611,""offline_threshold_minutes"":180},""message"":""Sensor has not reported for 9165 minutes."",""alert_recommended"":true}]",0,0,0,0,0,0
2026-08-15T20:00:00+00:00,5,Offline,0,0,1,0,0,0,0,0,0,1,1,9180.0,"[{""type"":""offline"",""severity"":""critical"",""channel"":null,""timestamp"":""2026-08-15T20:00:00+00:00"",""evidence"":{""gap_minutes"":9180.0,""missed_intervals"":612,""offline_threshold_minutes"":180},""message"":""Sensor has not reported for 9180 minutes."",""alert_recommended"":true}]",0,0,0,0,0,0
2026-08-15T20:15:00+00:00,5,Offline,0,0,1,0,0,0,0,0,0,1,1,9195.0,"[{""type"":""offline"",""severity"":""critical"",""channel"":null,""timestamp"":""2026-08-15T20:15:00+00:00"",""evidence"":{""gap_minutes"":9195.0,""missed_intervals"":613,""offline_threshold_minutes"":180},""message"":""Sensor has not reported for 9195 minutes."",""alert_recommended"":true}]",0,0,0,0,0,0
2026-08-15T20:30:00+00:00,5,Offline,0,0,1,0,0,0,0,0,0,1,1,9210.0,"[{""type"":""offline"",""severity"":""critical"",""channel"":null,""timestamp"":""2026-08-15T20:30:00+00:00"",""evidence"":{""gap_minutes"":9210.0,""missed_intervals"":614,""offline_threshold_minutes"":180},""message"":""Sensor has not reported for 9210 minutes."",""alert_recommended"":true}]",0,0,0,0,0,0
2026-08-15T20:45:00+00:00,5,Offline,0,0,1,0,0,0,0,0,0,1,1,9225.0,"[{""type"":""offline"",""severity"":""critical"",""channel"":null,""timestamp"":""2026-08-15T20:45:00+00:00"",""evidence"":{""gap_minutes"":9225.0,""missed_intervals"":615,""offline_threshold_minutes"":180},""message"":""Sensor has not reported for 9225 minutes."",""alert_recommended"":true}]",0,0,0,0,0,0
2026-08-15T21:00:00+00:00,5,Offline,0,0,1,0,0,0,0,0,0,1,1,9240.0,"[{""type"":""offline"",""severity"":""critical"",""channel"":null,""timestamp"":""2026-08-15T21:00:00+00:00"",""evidence"":{""gap_minutes"":9240.0,""missed_intervals"":616,""offline_threshold_minutes"":180},""message"":""Sensor has not reported for 9240 minutes."",""alert_recommended"":true}]",0,0,0,0,0,0
2026-08-15T21:15:00+00:00,5,Offline,0,0,1,0,0,0,0,0,0,1,1,9255.0,"[{""type"":""offline"",""severity"":""critical"",""channel"":null,""timestamp"":""2026-08-15T21:15:00+00:00"",""evidence"":{""gap_minutes"":9255.0,""missed_intervals"":617,""offline_threshold_minutes"":180},""message"":""Sensor has not reported for 9255 minutes."",""alert_recommended"":true}]",0,0,0,0,0,0
2026-08-15T21:30:00+00:00,5,Offline,0,0,1,0,0,0,0,0,0,1,1,9270.0,"[{""type"":""offline"",""severity"":""critical"",""channel"":null,""timestamp"":""2026-08-15T21:30:00+00:00"",""evidence"":{""gap_minutes"":9270.0,""missed_intervals"":618,""offline_threshold_minutes"":180},""message"":""Sensor has not reported for 9270 minutes."",""alert_recommended"":true}]",0,0,0,0,0,0
2026-08-15T21:45:00+00:00,5,Offline,0,0,1,0,0,0,0,0,0,1,1,9285.0,"[{""type"":""offline"",""severity"":""critical"",""channel"":null,""timestamp"":""2026-08-15T21:45:00+00:00"",""evidence"":{""gap_minutes"":9285.0,""missed_intervals"":619,""offline_threshold_minutes"":180},""message"":""Sensor has not reported for 9285 minutes."",""alert_recommended"":true}]",0,0,0,0,0,0
2026-08-15T22:00:00+00:00,5,Offline,0,0,1,0,0,0,0,0,0,1,1,9300.0,"[{""type"":""offline"",""severity"":""critical"",""channel"":null,""timestamp"":""2026-08-15T22:00:00+00:00"",""evidence"":{""gap_minutes"":9300.0,""missed_intervals"":620,""offline_threshold_minutes"":180},""message"":""Sensor has not reported for 9300 minutes."",""alert_recommended"":true}]",0,0,0,0,0,0
2026-08-15T22:15:00+00:00,5,Offline,0,0,1,0,0,0,0,0,0,1,1,9315.0,"[{""type"":""offline"",""severity"":""critical"",""channel"":null,""timestamp"":""2026-08-15T22:15:00+00:00"",""evidence"":{""gap_minutes"":9315.0,""missed_intervals"":621,""offline_threshold_minutes"":180},""message"":""Sensor has not reported for 9315 minutes."",""alert_recommended"":true}]",0,0,0,0,0,0
2026-08-15T22:30:00+00:00,5,Offline,0,0,1,0,0,0,0,0,0,1,1,9330.0,"[{""type"":""offline"",""severity"":""critical"",""channel"":null,""timestamp"":""2026-08-15T22:30:00+00:00"",""evidence"":{""gap_minutes"":9330.0,""missed_intervals"":622,""offline_threshold_minutes"":180},""message"":""Sensor has not reported for 9330 minutes."",""alert_recommended"":true}]",0,0,0,0,0,0
2026-08-15T22:45:00+00:00,5,Offline,0,0,1,0,0,0,0,0,0,1,1,9345.0,"[{""type"":""offline"",""severity"":""critical"",""channel"":null,""timestamp"":""2026-08-15T22:45:00+00:00"",""evidence"":{""gap_minutes"":9345.0,""missed_intervals"":623,""offline_threshold_minutes"":180},""message"":""Sensor has not reported for 9345 minutes."",""alert_recommended"":true}]",0,0,0,0,0,0
2026-08-15T23:00:00+00:00,5,Offline,0,0,1,0,0,0,0,0,0,1,1,9360.0,"[{""type"":""offline"",""severity"":""critical"",""channel"":null,""timestamp"":""2026-08-15T23:00:00+00:00"",""evidence"":{""gap_minutes"":9360.0,""missed_intervals"":624,""offline_threshold_minutes"":180},""message"":""Sensor has not reported for 9360 minutes."",""alert_recommended"":true}]",0,0,0,0,0,0
2026-08-15T23:15:00+00:00,5,Offline,0,0,1,0,0,0,0,0,0,1,1,9375.0,"[{""type"":""offline"",""severity"":""critical"",""channel"":null,""timestamp"":""2026-08-15T23:15:00+00:00"",""evidence"":{""gap_minutes"":9375.0,""missed_intervals"":625,""offline_threshold_minutes"":180},""message"":""Sensor has not reported for 9375 minutes."",""alert_recommended"":true}]",0,0,0,0,0,0
2026-08-15T23:30:00+00:00,5,Offline,0,0,1,0,0,0,0,0,0,1,1,9390.0,"[{""type"":""offline"",""severity"":""critical"",""channel"":null,""timestamp"":""2026-08-15T23:30:00+00:00"",""evidence"":{""gap_minutes"":9390.0,""missed_intervals"":626,""offline_threshold_minutes"":180},""message"":""Sensor has not reported for 9390 minutes."",""alert_recommended"":true}]",0,0,0,0,0,0
2026-08-15T23:45:00+00:00,5,Offline,0,0,1,0,0,0,0,0,0,1,1,9405.0,"[{""type"":""offline"",""severity"":""critical"",""channel"":null,""timestamp"":""2026-08-15T23:45:00+00:00"",""evidence"":{""gap_minutes"":9405.0,""missed_intervals"":627,""offline_threshold_minutes"":180},""message"":""Sensor has not reported for 9405 minutes."",""alert_recommended"":true}]",0,0,0,0,0,0
2026-08-16T00:00:00+00:00,5,Offline,0,0,1,0,0,0,0,0,0,1,1,9420.0,"[{""type"":""offline"",""severity"":""critical"",""channel"":null,""timestamp"":""2026-08-16T00:00:00+00:00"",""evidence"":{""gap_minutes"":9420.0,""missed_intervals"":628,""offline_threshold_minutes"":180},""message"":""Sensor has not reported for 9420 minutes."",""alert_recommended"":true}]",0,0,0,0,0,0
2026-08-16T00:15:00+00:00,5,Offline,0,0,1,0,0,0,0,0,0,1,1,9435.0,"[{""type"":""offline"",""severity"":""critical"",""channel"":null,""timestamp"":""2026-08-16T00:15:00+00:00"",""evidence"":{""gap_minutes"":9435.0,""missed_intervals"":629,""offline_threshold_minutes"":180},""message"":""Sensor has not reported for 9435 minutes."",""alert_recommended"":true}]",0,0,0,0,0,0
2026-08-16T00:30:00+00:00,5,Offline,0,0,1,0,0,0,0,0,0,1,1,9450.0,"[{""type"":""offline"",""severity"":""critical"",""channel"":null,""timestamp"":""2026-08-16T00:30:00+00:00"",""evidence"":{""gap_minutes"":9450.0,""missed_intervals"":630,""offline_threshold_minutes"":180},""message"":""Sensor has not reported for 9450 minutes."",""alert_recommended"":true}]",0,0,0,0,0,0
2026-08-16T00:45:00+00:00,5,Offline,0,0,1,0,0,0,0,0,0,1,1,9465.0,"[{""type"":""offline"",""severity"":""critical"",""channel"":null,""timestamp"":""2026-08-16T00:45:00+00:00"",""evidence"":{""gap_minutes"":9465.0,""missed_intervals"":631,""offline_threshold_minutes"":180},""message"":""Sensor has not reported for 9465 minutes."",""alert_recommended"":true}]",0,0,0,0,0,0
2026-08-16T01:00:00+00:00,5,Offline,0,0,1,0,0,0,0,0,0,1,1,9480.0,"[{""type"":""offline"",""severity"":""critical"",""channel"":null,""timestamp"":""2026-08-16T01:00:00+00:00"",""evidence"":{""gap_minutes"":9480.0,""missed_intervals"":632,""offline_threshold_minutes"":180},""message"":""Sensor has not reported for 9480 minutes."",""alert_recommended"":true}]",0,0,0,0,0,0
2026-08-16T01:15:00+00:00,5,Offline,0,0,1,0,0,0,0,0,0,1,1,9495.0,"[{""type"":""offline"",""severity"":""critical"",""channel"":null,""timestamp"":""2026-08-16T01:15:00+00:00"",""evidence"":{""gap_minutes"":9495.0,""missed_intervals"":633,""offline_threshold_minutes"":180},""message"":""Sensor has not reported for 9495 minutes."",""alert_recommended"":true}]",0,0,0,0,0,0
2026-08-16T01:30:00+00:00,5,Offline,0,0,1,0,0,0,0,0,0,1,1,9510.0,"[{""type"":""offline"",""severity"":""critical"",""channel"":null,""timestamp"":""2026-08-16T01:30:00+00:00"",""evidence"":{""gap_minutes"":9510.0,""missed_intervals"":634,""offline_threshold_minutes"":180},""message"":""Sensor has not reported for 9510 minutes."",""alert_recommended"":true}]",0,0,0,0,0,0
2026-08-16T01:45:00+00:00,5,Offline,0,0,1,0,0,0,0,0,0,1,1,9525.0,"[{""type"":""offline"",""severity"":""critical"",""channel"":null,""timestamp"":""2026-08-16T01:45:00+00:00"",""evidence"":{""gap_minutes"":9525.0,""missed_intervals"":635,""offline_threshold_minutes"":180},""message"":""Sensor has not reported for 9525 minutes."",""alert_recommended"":true}]",0,0,0,0,0,0
2026-08-16T02:00:00+00:00,5,Offline,0,0,1,0,0,0,0,0,0,1,1,9540.0,"[{""type"":""offline"",""severity"":""critical"",""channel"":null,""timestamp"":""2026-08-16T02:00:00+00:00"",""evidence"":{""gap_minutes"":9540.0,""missed_intervals"":636,""offline_threshold_minutes"":180},""message"":""Sensor has not reported for 9540 minutes."",""alert_recommended"":true}]",0,0,0,0,0,0
2026-08-16T02:15:00+00:00,5,Offline,0,0,1,0,0,0,0,0,0,1,1,9555.0,"[{""type"":""offline"",""severity"":""critical"",""channel"":null,""timestamp"":""2026-08-16T02:15:00+00:00"",""evidence"":{""gap_minutes"":9555.0,""missed_intervals"":637,""offline_threshold_minutes"":180},""message"":""Sensor has not reported for 9555 minutes."",""alert_recommended"":true}]",0,0,0,0,0,0
2026-08-16T02:30:00+00:00,5,Offline,0,0,1,0,0,0,0,0,0,1,1,9570.0,"[{""type"":""offline"",""severity"":""critical"",""channel"":null,""timestamp"":""2026-08-16T02:30:00+00:00"",""evidence"":{""gap_minutes"":9570.0,""missed_intervals"":638,""offline_threshold_minutes"":180},""message"":""Sensor has not reported for 9570 minutes."",""alert_recommended"":true}]",0,0,0,0,0,0
2026-08-16T02:45:00+00:00,5,Offline,0,0,1,0,0,0,0,0,0,1,1,9585.0,"[{""type"":""offline"",""severity"":""critical"",""channel"":null,""timestamp"":""2026-08-16T02:45:00+00:00"",""evidence"":{""gap_minutes"":9585.0,""missed_intervals"":639,""offline_threshold_minutes"":180},""message"":""Sensor has not reported for 9585 minutes."",""alert_recommended"":true}]",0,0,0,0,0,0
2026-08-16T03:00:00+00:00,5,Offline,0,0,1,0,0,0,0,0,0,1,1,9600.0,"[{""type"":""offline"",""severity"":""critical"",""channel"":null,""timestamp"":""2026-08-16T03:00:00+00:00"",""evidence"":{""gap_minutes"":9600.0,""missed_intervals"":640,""offline_threshold_minutes"":180},""message"":""Sensor has not reported for 9600 minutes."",""alert_recommended"":true}]",0,0,0,0,0,0
2026-08-16T03:15:00+00:00,5,Offline,0,0,1,0,0,0,0,0,0,1,1,9615.0,"[{""type"":""offline"",""severity"":""critical"",""channel"":null,""timestamp"":""2026-08-16T03:15:00+00:00"",""evidence"":{""gap_minutes"":9615.0,""missed_intervals"":641,""offline_threshold_minutes"":180},""message"":""Sensor has not reported for 9615 minutes."",""alert_recommended"":true}]",0,0,0,0,0,0
2026-08-16T03:30:00+00:00,5,Offline,0,0,1,0,0,0,0,0,0,1,1,9630.0,"[{""type"":""offline"",""severity"":""critical"",""channel"":null,""timestamp"":""2026-08-16T03:30:00+00:00"",""evidence"":{""gap_minutes"":9630.0,""missed_intervals"":642,""offline_threshold_minutes"":180},""message"":""Sensor has not reported for 9630 minutes."",""alert_recommended"":true}]",0,0,0,0,0,0
2026-08-16T03:45:00+00:00,5,Offline,0,0,1,0,0,0,0,0,0,1,1,9645.0,"[{""type"":""offline"",""severity"":""critical"",""channel"":null,""timestamp"":""2026-08-16T03:45:00+00:00"",""evidence"":{""gap_minutes"":9645.0,""missed_intervals"":643,""offline_threshold_minutes"":180},""message"":""Sensor has not reported for 9645 minutes."",""alert_recommended"":true}]",0,0,0,0,0,0
2026-08-16T04:00:00+00:00,5,Offline,0,0,1,0,0,0,0,0,0,1,1,9660.0,"[{""type"":""offline"",""severity"":""critical"",""channel"":null,""timestamp"":""2026-08-16T04:00:00+00:00"",""evidence"":{""gap_minutes"":9660.0,""missed_intervals"":644,""offline_threshold_minutes"":180},""message"":""Sensor has not reported for 9660 minutes."",""alert_recommended"":true}]",0,0,0,0,0,0
2026-08-16T04:15:00+00:00,5,Offline,0,0,1,0,0,0,0,0,0,1,1,9675.0,"[{""type"":""offline"",""severity"":""critical"",""channel"":null,""timestamp"":""2026-08-16T04:15:00+00:00"",""evidence"":{""gap_minutes"":9675.0,""missed_intervals"":645,""offline_threshold_minutes"":180},""message"":""Sensor has not reported for 9675 minutes."",""alert_recommended"":true}]",0,0,0,0,0,0
2026-08-16T04:30:00+00:00,5,Offline,0,0,1,0,0,0,0,0,0,1,1,9690.0,"[{""type"":""offline"",""severity"":""critical"",""channel"":null,""timestamp"":""2026-08-16T04:30:00+00:00"",""evidence"":{""gap_minutes"":9690.0,""missed_intervals"":646,""offline_threshold_minutes"":180},""message"":""Sensor has not reported for 9690 minutes."",""alert_recommended"":true}]",0,0,0,0,0,0
2026-08-16T04:45:00+00:00,5,Offline,0,0,1,0,0,0,0,0,0,1,1,9705.0,"[{""type"":""offline"",""severity"":""critical"",""channel"":null,""timestamp"":""2026-08-16T04:45:00+00:00"",""evidence"":{""gap_minutes"":9705.0,""missed_intervals"":647,""offline_threshold_minutes"":180},""message"":""Sensor has not reported for 9705 minutes."",""alert_recommended"":true}]",0,0,0,0,0,0
2026-08-16T05:00:00+00:00,5,Offline,0,0,1,0,0,0,0,0,0,1,1,9720.0,"[{""type"":""offline"",""severity"":""critical"",""channel"":null,""timestamp"":""2026-08-16T05:00:00+00:00"",""evidence"":{""gap_minutes"":9720.0,""missed_intervals"":648,""offline_threshold_minutes"":180},""message"":""Sensor has not reported for 9720 minutes."",""alert_recommended"":true}]",0,0,0,0,0,0
2026-08-16T05:15:00+00:00,5,Offline,0,0,1,0,0,0,0,0,0,1,1,9735.0,"[{""type"":""offline"",""severity"":""critical"",""channel"":null,""timestamp"":""2026-08-16T05:15:00+00:00"",""evidence"":{""gap_minutes"":9735.0,""missed_intervals"":649,""offline_threshold_minutes"":180},""message"":""Sensor has not reported for 9735 minutes."",""alert_recommended"":true}]",0,0,0,0,0,0
2026-08-16T05:30:00+00:00,5,Offline,0,0,1,0,0,0,0,0,0,1,1,9750.0,"[{""type"":""offline"",""severity"":""critical"",""channel"":null,""timestamp"":""2026-08-16T05:30:00+00:00"",""evidence"":{""gap_minutes"":9750.0,""missed_intervals"":650,""offline_threshold_minutes"":180},""message"":""Sensor has not reported for 9750 minutes."",""alert_recommended"":true}]",0,0,0,0,0,0
2026-08-16T05:45:00+00:00,5,Offline,0,0,1,0,0,0,0,0,0,1,1,9765.0,"[{""type"":""offline"",""severity"":""critical"",""channel"":null,""timestamp"":""2026-08-16T05:45:00+00:00"",""evidence"":{""gap_minutes"":9765.0,""missed_intervals"":651,""offline_threshold_minutes"":180},""message"":""Sensor has not reported for 9765 minutes."",""alert_recommended"":true}]",0,0,0,0,0,0
2026-08-16T06:00:00+00:00,5,Offline,0,0,1,0,0,0,0,0,0,1,1,9780.0,"[{""type"":""offline"",""severity"":""critical"",""channel"":null,""timestamp"":""2026-08-16T06:00:00+00:00"",""evidence"":{""gap_minutes"":9780.0,""missed_intervals"":652,""offline_threshold_minutes"":180},""message"":""Sensor has not reported for 9780 minutes."",""alert_recommended"":true}]",0,0,0,0,0,0
2026-08-16T06:15:00+00:00,5,Offline,0,0,1,0,0,0,0,0,0,1,1,9795.0,"[{""type"":""offline"",""severity"":""critical"",""channel"":null,""timestamp"":""2026-08-16T06:15:00+00:00"",""evidence"":{""gap_minutes"":9795.0,""missed_intervals"":653,""offline_threshold_minutes"":180},""message"":""Sensor has not reported for 9795 minutes."",""alert_recommended"":true}]",0,0,0,0,0,0
2026-08-16T06:30:00+00:00,5,Offline,0,0,1,0,0,0,0,0,0,1,1,9810.0,"[{""type"":""offline"",""severity"":""critical"",""channel"":null,""timestamp"":""2026-08-16T06:30:00+00:00"",""evidence"":{""gap_minutes"":9810.0,""missed_intervals"":654,""offline_threshold_minutes"":180},""message"":""Sensor has not reported for 9810 minutes."",""alert_recommended"":true}]",0,0,0,0,0,0
2026-08-16T06:45:00+00:00,5,Offline,0,0,1,0,0,0,0,0,0,1,1,9825.0,"[{""type"":""offline"",""severity"":""critical"",""channel"":null,""timestamp"":""2026-08-16T06:45:00+00:00"",""evidence"":{""gap_minutes"":9825.0,""missed_intervals"":655,""offline_threshold_minutes"":180},""message"":""Sensor has not reported for 9825 minutes."",""alert_recommended"":true}]",0,0,0,0,0,0
2026-08-16T07:00:00+00:00,5,Offline,0,0,1,0,0,0,0,0,0,1,1,9840.0,"[{""type"":""offline"",""severity"":""critical"",""channel"":null,""timestamp"":""2026-08-16T07:00:00+00:00"",""evidence"":{""gap_minutes"":9840.0,""missed_intervals"":656,""offline_threshold_minutes"":180},""message"":""Sensor has not reported for 9840 minutes."",""alert_recommended"":true}]",0,0,0,0,0,0
2026-08-16T07:15:00+00:00,5,Offline,0,0,1,0,0,0,0,0,0,1,1,9855.0,"[{""type"":""offline"",""severity"":""critical"",""channel"":null,""timestamp"":""2026-08-16T07:15:00+00:00"",""evidence"":{""gap_minutes"":9855.0,""missed_intervals"":657,""offline_threshold_minutes"":180},""message"":""Sensor has not reported for 9855 minutes."",""alert_recommended"":true}]",0,0,0,0,0,0
2026-08-16T07:30:00+00:00,5,Offline,0,0,1,0,0,0,0,0,0,1,1,9870.0,"[{""type"":""offline"",""severity"":""critical"",""channel"":null,""timestamp"":""2026-08-16T07:30:00+00:00"",""evidence"":{""gap_minutes"":9870.0,""missed_intervals"":658,""offline_threshold_minutes"":180},""message"":""Sensor has not reported for 9870 minutes."",""alert_recommended"":true}]",0,0,0,0,0,0
2026-08-16T07:45:00+00:00,5,Offline,0,0,1,0,0,0,0,0,0,1,1,9885.0,"[{""type"":""offline"",""severity"":""critical"",""channel"":null,""timestamp"":""2026-08-16T07:45:00+00:00"",""evidence"":{""gap_minutes"":9885.0,""missed_intervals"":659,""offline_threshold_minutes"":180},""message"":""Sensor has not reported for 9885 minutes."",""alert_recommended"":true}]",0,0,0,0,0,0
2026-08-16T08:00:00+00:00,5,Offline,0,0,1,0,0,0,0,0,0,1,1,9900.0,"[{""type"":""offline"",""severity"":""critical"",""channel"":null,""timestamp"":""2026-08-16T08:00:00+00:00"",""evidence"":{""gap_minutes"":9900.0,""missed_intervals"":660,""offline_threshold_minutes"":180},""message"":""Sensor has not reported for 9900 minutes."",""alert_recommended"":true}]",0,0,0,0,0,0
2026-08-16T08:15:00+00:00,5,Offline,0,0,1,0,0,0,0,0,0,1,1,9915.0,"[{""type"":""offline"",""severity"":""critical"",""channel"":null,""timestamp"":""2026-08-16T08:15:00+00:00"",""evidence"":{""gap_minutes"":9915.0,""missed_intervals"":661,""offline_threshold_minutes"":180},""message"":""Sensor has not reported for 9915 minutes."",""alert_recommended"":true}]",0,0,0,0,0,0
2026-08-16T08:30:00+00:00,5,Offline,0,0,1,0,0,0,0,0,0,1,1,9930.0,"[{""type"":""offline"",""severity"":""critical"",""channel"":null,""timestamp"":""2026-08-16T08:30:00+00:00"",""evidence"":{""gap_minutes"":9930.0,""missed_intervals"":662,""offline_threshold_minutes"":180},""message"":""Sensor has not reported for 9930 minutes."",""alert_recommended"":true}]",0,0,0,0,0,0
2026-08-16T08:45:00+00:00,5,Offline,0,0,1,0,0,0,0,0,0,1,1,9945.0,"[{""type"":""offline"",""severity"":""critical"",""channel"":null,""timestamp"":""2026-08-16T08:45:00+00:00"",""evidence"":{""gap_minutes"":9945.0,""missed_intervals"":663,""offline_threshold_minutes"":180},""message"":""Sensor has not reported for 9945 minutes."",""alert_recommended"":true}]",0,0,0,0,0,0
2026-08-16T09:00:00+00:00,5,Offline,0,0,1,0,0,0,0,0,0,1,1,9960.0,"[{""type"":""offline"",""severity"":""critical"",""channel"":null,""timestamp"":""2026-08-16T09:00:00+00:00"",""evidence"":{""gap_minutes"":9960.0,""missed_intervals"":664,""offline_threshold_minutes"":180},""message"":""Sensor has not reported for 9960 minutes."",""alert_recommended"":true}]",0,0,0,0,0,0
2026-08-16T09:15:00+00:00,5,Offline,0,0,1,0,0,0,0,0,0,1,1,9975.0,"[{""type"":""offline"",""severity"":""critical"",""channel"":null,""timestamp"":""2026-08-16T09:15:00+00:00"",""evidence"":{""gap_minutes"":9975.0,""missed_intervals"":665,""offline_threshold_minutes"":180},""message"":""Sensor has not reported for 9975 minutes."",""alert_recommended"":true}]",0,0,0,0,0,0
2026-08-16T09:30:00+00:00,5,Offline,0,0,1,0,0,0,0,0,0,1,1,9990.0,"[{""type"":""offline"",""severity"":""critical"",""channel"":null,""timestamp"":""2026-08-16T09:30:00+00:00"",""evidence"":{""gap_minutes"":9990.0,""missed_intervals"":666,""offline_threshold_minutes"":180},""message"":""Sensor has not reported for 9990 minutes."",""alert_recommended"":true}]",0,0,0,0,0,0
2026-08-16T09:45:00+00:00,5,Offline,0,0,1,0,0,0,0,0,0,1,1,10005.0,"[{""type"":""offline"",""severity"":""critical"",""channel"":null,""timestamp"":""2026-08-16T09:45:00+00:00"",""evidence"":{""gap_minutes"":10005.0,""missed_intervals"":667,""offline_threshold_minutes"":180},""message"":""Sensor has not reported for 10005 minutes."",""alert_recommended"":true}]",0,0,0,0,0,0
2026-08-16T10:00:00+00:00,5,Offline,0,0,1,0,0,0,0,0,0,1,1,10020.0,"[{""type"":""offline"",""severity"":""critical"",""channel"":null,""timestamp"":""2026-08-16T10:00:00+00:00"",""evidence"":{""gap_minutes"":10020.0,""missed_intervals"":668,""offline_threshold_minutes"":180},""message"":""Sensor has not reported for 10020 minutes."",""alert_recommended"":true}]",0,0,0,0,0,0
2026-08-16T10:15:00+00:00,5,Offline,0,0,1,0,0,0,0,0,0,1,1,10035.0,"[{""type"":""offline"",""severity"":""critical"",""channel"":null,""timestamp"":""2026-08-16T10:15:00+00:00"",""evidence"":{""gap_minutes"":10035.0,""missed_intervals"":669,""offline_threshold_minutes"":180},""message"":""Sensor has not reported for 10035 minutes."",""alert_recommended"":true}]",0,0,0,0,0,0
2026-08-16T10:30:00+00:00,5,Offline,0,0,1,0,0,0,0,0,0,1,1,10050.0,"[{""type"":""offline"",""severity"":""critical"",""channel"":null,""timestamp"":""2026-08-16T10:30:00+00:00"",""evidence"":{""gap_minutes"":10050.0,""missed_intervals"":670,""offline_threshold_minutes"":180},""message"":""Sensor has not reported for 10050 minutes."",""alert_recommended"":true}]",0,0,0,0,0,0
2026-08-16T10:45:00+00:00,5,Offline,0,0,1,0,0,0,0,0,0,1,1,10065.0,"[{""type"":""offline"",""severity"":""critical"",""channel"":null,""timestamp"":""2026-08-16T10:45:00+00:00"",""evidence"":{""gap_minutes"":10065.0,""missed_intervals"":671,""offline_threshold_minutes"":180},""message"":""Sensor has not reported for 10065 minutes."",""alert_recommended"":true}]",0,0,0,0,0,0
2026-08-16T11:00:00+00:00,5,Offline,0,0,1,0,0,0,0,0,0,1,1,10080.0,"[{""type"":""offline"",""severity"":""critical"",""channel"":null,""timestamp"":""2026-08-16T11:00:00+00:00"",""evidence"":{""gap_minutes"":10080.0,""missed_intervals"":672,""offline_threshold_minutes"":180},""message"":""Sensor has not reported for 10080 minutes."",""alert_recommended"":true}]",0,0,0,0,0,0
2026-08-16T11:15:00+00:00,5,Offline,0,0,1,0,0,0,0,0,0,1,1,10095.0,"[{""type"":""offline"",""severity"":""critical"",""channel"":null,""timestamp"":""2026-08-16T11:15:00+00:00"",""evidence"":{""gap_minutes"":10095.0,""missed_intervals"":673,""offline_threshold_minutes"":180},""message"":""Sensor has not reported for 10095 minutes."",""alert_recommended"":true}]",0,0,0,0,0,0
2026-08-16T11:30:00+00:00,5,Offline,0,0,1,0,0,0,0,0,0,1,1,10110.0,"[{""type"":""offline"",""severity"":""critical"",""channel"":null,""timestamp"":""2026-08-16T11:30:00+00:00"",""evidence"":{""gap_minutes"":10110.0,""missed_intervals"":674,""offline_threshold_minutes"":180},""message"":""Sensor has not reported for 10110 minutes."",""alert_recommended"":true}]",0,0,0,0,0,0
2026-08-16T11:45:00+00:00,5,Offline,0,0,1,0,0,0,0,0,0,1,1,10125.0,"[{""type"":""offline"",""severity"":""critical"",""channel"":null,""timestamp"":""2026-08-16T11:45:00+00:00"",""evidence"":{""gap_minutes"":10125.0,""missed_intervals"":675,""offline_threshold_minutes"":180},""message"":""Sensor has not reported for 10125 minutes."",""alert_recommended"":true}]",0,0,0,0,0,0
2026-08-16T12:00:00+00:00,5,Offline,0,0,1,0,0,0,0,0,0,1,1,10140.0,"[{""type"":""offline"",""severity"":""critical"",""channel"":null,""timestamp"":""2026-08-16T12:00:00+00:00"",""evidence"":{""gap_minutes"":10140.0,""missed_intervals"":676,""offline_threshold_minutes"":180},""message"":""Sensor has not reported for 10140 minutes."",""alert_recommended"":true}]",0,0,0,0,0,0
2026-08-16T12:15:00+00:00,5,Offline,0,0,1,0,0,0,0,0,0,1,1,10155.0,"[{""type"":""offline"",""severity"":""critical"",""channel"":null,""timestamp"":""2026-08-16T12:15:00+00:00"",""evidence"":{""gap_minutes"":10155.0,""missed_intervals"":677,""offline_threshold_minutes"":180},""message"":""Sensor has not reported for 10155 minutes."",""alert_recommended"":true}]",0,0,0,0,0,0
2026-08-16T12:30:00+00:00,5,Offline,0,0,1,0,0,0,0,0,0,1,1,10170.0,"[{""type"":""offline"",""severity"":""critical"",""channel"":null,""timestamp"":""2026-08-16T12:30:00+00:00"",""evidence"":{""gap_minutes"":10170.0,""missed_intervals"":678,""offline_threshold_minutes"":180},""message"":""Sensor has not reported for 10170 minutes."",""alert_recommended"":true}]",0,0,0,0,0,0
2026-08-16T12:45:00+00:00,5,Offline,0,0,1,0,0,0,0,0,0,1,1,10185.0,"[{""type"":""offline"",""severity"":""critical"",""channel"":null,""timestamp"":""2026-08-16T12:45:00+00:00"",""evidence"":{""gap_minutes"":10185.0,""missed_intervals"":679,""offline_threshold_minutes"":180},""message"":""Sensor has not reported for 10185 minutes."",""alert_recommended"":true}]",0,0,0,0,0,0
2026-08-16T13:00:00+00:00,5,Offline,0,0,1,0,0,0,0,0,0,1,1,10200.0,"[{""type"":""offline"",""severity"":""critical"",""channel"":null,""timestamp"":""2026-08-16T13:00:00+00:00"",""evidence"":{""gap_minutes"":10200.0,""missed_intervals"":680,""offline_threshold_minutes"":180},""message"":""Sensor has not reported for 10200 minutes."",""alert_recommended"":true}]",0,0,0,0,0,0
2026-08-16T13:15:00+00:00,5,Offline,0,0,1,0,0,0,0,0,0,1,1,10215.0,"[{""type"":""offline"",""severity"":""critical"",""channel"":null,""timestamp"":""2026-08-16T13:15:00+00:00"",""evidence"":{""gap_minutes"":10215.0,""missed_intervals"":681,""offline_threshold_minutes"":180},""message"":""Sensor has not reported for 10215 minutes."",""alert_recommended"":true}]",0,0,0,0,0,0
2026-08-16T13:30:00+00:00,5,Offline,0,0,1,0,0,0,0,0,0,1,1,10230.0,"[{""type"":""offline"",""severity"":""critical"",""channel"":null,""timestamp"":""2026-08-16T13:30:00+00:00"",""evidence"":{""gap_minutes"":10230.0,""missed_intervals"":682,""offline_threshold_minutes"":180},""message"":""Sensor has not reported for 10230 minutes."",""alert_recommended"":true}]",0,0,0,0,0,0
2026-08-16T13:45:00+00:00,5,Offline,0,0,1,0,0,0,0,0,0,1,1,10245.0,"[{""type"":""offline"",""severity"":""critical"",""channel"":null,""timestamp"":""2026-08-16T13:45:00+00:00"",""evidence"":{""gap_minutes"":10245.0,""missed_intervals"":683,""offline_threshold_minutes"":180},""message"":""Sensor has not reported for 10245 minutes."",""alert_recommended"":true}]",0,0,0,0,0,0
2026-08-16T14:00:00+00:00,5,Offline,0,0,1,0,0,0,0,0,0,1,1,10260.0,"[{""type"":""offline"",""severity"":""critical"",""channel"":null,""timestamp"":""2026-08-16T14:00:00+00:00"",""evidence"":{""gap_minutes"":10260.0,""missed_intervals"":684,""offline_threshold_minutes"":180},""message"":""Sensor has not reported for 10260 minutes."",""alert_recommended"":true}]",0,0,0,0,0,0
2026-08-16T14:15:00+00:00,5,Offline,0,0,1,0,0,0,0,0,0,1,1,10275.0,"[{""type"":""offline"",""severity"":""critical"",""channel"":null,""timestamp"":""2026-08-16T14:15:00+00:00"",""evidence"":{""gap_minutes"":10275.0,""missed_intervals"":685,""offline_threshold_minutes"":180},""message"":""Sensor has not reported for 10275 minutes."",""alert_recommended"":true}]",0,0,0,0,0,0
2026-08-16T14:30:00+00:00,5,Offline,0,0,1,0,0,0,0,0,0,1,1,10290.0,"[{""type"":""offline"",""severity"":""critical"",""channel"":null,""timestamp"":""2026-08-16T14:30:00+00:00"",""evidence"":{""gap_minutes"":10290.0,""missed_intervals"":686,""offline_threshold_minutes"":180},""message"":""Sensor has not reported for 10290 minutes."",""alert_recommended"":true}]",0,0,0,0,0,0
2026-08-16T14:45:00+00:00,5,Offline,0,0,1,0,0,0,0,0,0,1,1,10305.0,"[{""type"":""offline"",""severity"":""critical"",""channel"":null,""timestamp"":""2026-08-16T14:45:00+00:00"",""evidence"":{""gap_minutes"":10305.0,""missed_intervals"":687,""offline_threshold_minutes"":180},""message"":""Sensor has not reported for 10305 minutes."",""alert_recommended"":true}]",0,0,0,0,0,0
2026-08-16T15:00:00+00:00,5,Offline,0,0,1,0,0,0,0,0,0,1,1,10320.0,"[{""type"":""offline"",""severity"":""critical"",""channel"":null,""timestamp"":""2026-08-16T15:00:00+00:00"",""evidence"":{""gap_minutes"":10320.0,""missed_intervals"":688,""offline_threshold_minutes"":180},""message"":""Sensor has not reported for 10320 minutes."",""alert_recommended"":true}]",0,0,0,0,0,0
2026-08-16T15:15:00+00:00,5,Offline,0,0,1,0,0,0,0,0,0,1,1,10335.0,"[{""type"":""offline"",""severity"":""critical"",""channel"":null,""timestamp"":""2026-08-16T15:15:00+00:00"",""evidence"":{""gap_minutes"":10335.0,""missed_intervals"":689,""offline_threshold_minutes"":180},""message"":""Sensor has not reported for 10335 minutes."",""alert_recommended"":true}]",0,0,0,0,0,0
2026-08-16T15:30:00+00:00,5,Offline,0,0,1,0,0,0,0,0,0,1,1,10350.0,"[{""type"":""offline"",""severity"":""critical"",""channel"":null,""timestamp"":""2026-08-16T15:30:00+00:00"",""evidence"":{""gap_minutes"":10350.0,""missed_intervals"":690,""offline_threshold_minutes"":180},""message"":""Sensor has not reported for 10350 minutes."",""alert_recommended"":true}]",0,0,0,0,0,0
2026-08-16T15:45:00+00:00,5,Offline,0,0,1,0,0,0,0,0,0,1,1,10365.0,"[{""type"":""offline"",""severity"":""critical"",""channel"":null,""timestamp"":""2026-08-16T15:45:00+00:00"",""evidence"":{""gap_minutes"":10365.0,""missed_intervals"":691,""offline_threshold_minutes"":180},""message"":""Sensor has not reported for 10365 minutes."",""alert_recommended"":true}]",0,0,0,0,0,0
2026-08-16T16:00:00+00:00,5,Offline,0,0,1,0,0,0,0,0,0,1,1,10380.0,"[{""type"":""offline"",""severity"":""critical"",""channel"":null,""timestamp"":""2026-08-16T16:00:00+00:00"",""evidence"":{""gap_minutes"":10380.0,""missed_intervals"":692,""offline_threshold_minutes"":180},""message"":""Sensor has not reported for 10380 minutes."",""alert_recommended"":true}]",0,0,0,0,0,0
2026-08-16T16:15:00+00:00,5,Offline,0,0,1,0,0,0,0,0,0,1,1,10395.0,"[{""type"":""offline"",""severity"":""critical"",""channel"":null,""timestamp"":""2026-08-16T16:15:00+00:00"",""evidence"":{""gap_minutes"":10395.0,""missed_intervals"":693,""offline_threshold_minutes"":180},""message"":""Sensor has not reported for 10395 minutes."",""alert_recommended"":true}]",0,0,0,0,0,0
2026-08-16T16:30:00+00:00,5,Offline,0,0,1,0,0,0,0,0,0,1,1,10410.0,"[{""type"":""offline"",""severity"":""critical"",""channel"":null,""timestamp"":""2026-08-16T16:30:00+00:00"",""evidence"":{""gap_minutes"":10410.0,""missed_intervals"":694,""offline_threshold_minutes"":180},""message"":""Sensor has not reported for 10410 minutes."",""alert_recommended"":true}]",0,0,0,0,0,0
2026-08-16T16:45:00+00:00,5,Offline,0,0,1,0,0,0,0,0,0,1,1,10425.0,"[{""type"":""offline"",""severity"":""critical"",""channel"":null,""timestamp"":""2026-08-16T16:45:00+00:00"",""evidence"":{""gap_minutes"":10425.0,""missed_intervals"":695,""offline_threshold_minutes"":180},""message"":""Sensor has not reported for 10425 minutes."",""alert_recommended"":true}]",0,0,0,0,0,0
2026-08-16T17:00:00+00:00,5,Offline,0,0,1,0,0,0,0,0,0,1,1,10440.0,"[{""type"":""offline"",""severity"":""critical"",""channel"":null,""timestamp"":""2026-08-16T17:00:00+00:00"",""evidence"":{""gap_minutes"":10440.0,""missed_intervals"":696,""offline_threshold_minutes"":180},""message"":""Sensor has not reported for 10440 minutes."",""alert_recommended"":true}]",0,0,0,0,0,0
2026-08-16T17:15:00+00:00,5,Offline,0,0,1,0,0,0,0,0,0,1,1,10455.0,"[{""type"":""offline"",""severity"":""critical"",""channel"":null,""timestamp"":""2026-08-16T17:15:00+00:00"",""evidence"":{""gap_minutes"":10455.0,""missed_intervals"":697,""offline_threshold_minutes"":180},""message"":""Sensor has not reported for 10455 minutes."",""alert_recommended"":true}]",0,0,0,0,0,0
2026-08-16T17:30:00+00:00,5,Offline,0,0,1,0,0,0,0,0,0,1,1,10470.0,"[{""type"":""offline"",""severity"":""critical"",""channel"":null,""timestamp"":""2026-08-16T17:30:00+00:00"",""evidence"":{""gap_minutes"":10470.0,""missed_intervals"":698,""offline_threshold_minutes"":180},""message"":""Sensor has not reported for 10470 minutes."",""alert_recommended"":true}]",0,0,0,0,0,0
2026-08-16T17:45:00+00:00,5,Offline,0,0,1,0,0,0,0,0,0,1,1,10485.0,"[{""type"":""offline"",""severity"":""critical"",""channel"":null,""timestamp"":""2026-08-16T17:45:00+00:00"",""evidence"":{""gap_minutes"":10485.0,""missed_intervals"":699,""offline_threshold_minutes"":180},""message"":""Sensor has not reported for 10485 minutes."",""alert_recommended"":true}]",0,0,0,0,0,0
2026-08-16T18:00:00+00:00,5,Offline,0,0,1,0,0,0,0,0,0,1,1,10500.0,"[{""type"":""offline"",""severity"":""critical"",""channel"":null,""timestamp"":""2026-08-16T18:00:00+00:00"",""evidence"":{""gap_minutes"":10500.0,""missed_intervals"":700,""offline_threshold_minutes"":180},""message"":""Sensor has not reported for 10500 minutes."",""alert_recommended"":true}]",0,0,0,0,0,0
2026-08-16T18:15:00+00:00,5,Offline,0,0,1,0,0,0,0,0,0,1,1,10515.0,"[{""type"":""offline"",""severity"":""critical"",""channel"":null,""timestamp"":""2026-08-16T18:15:00+00:00"",""evidence"":{""gap_minutes"":10515.0,""missed_intervals"":701,""offline_threshold_minutes"":180},""message"":""Sensor has not reported for 10515 minutes."",""alert_recommended"":true}]",0,0,0,0,0,0
2026-08-16T18:30:00+00:00,5,Offline,0,0,1,0,0,0,0,0,0,1,1,10530.0,"[{""type"":""offline"",""severity"":""critical"",""channel"":null,""timestamp"":""2026-08-16T18:30:00+00:00"",""evidence"":{""gap_minutes"":10530.0,""missed_intervals"":702,""offline_threshold_minutes"":180},""message"":""Sensor has not reported for 10530 minutes."",""alert_recommended"":true}]",0,0,0,0,0,0
2026-08-16T18:45:00+00:00,5,Offline,0,0,1,0,0,0,0,0,0,1,1,10545.0,"[{""type"":""offline"",""severity"":""critical"",""channel"":null,""timestamp"":""2026-08-16T18:45:00+00:00"",""evidence"":{""gap_minutes"":10545.0,""missed_intervals"":703,""offline_threshold_minutes"":180},""message"":""Sensor has not reported for 10545 minutes."",""alert_recommended"":true}]",0,0,0,0,0,0
2026-08-16T19:00:00+00:00,5,Offline,0,0,1,0,0,0,0,0,0,1,1,10560.0,"[{""type"":""offline"",""severity"":""critical"",""channel"":null,""timestamp"":""2026-08-16T19:00:00+00:00"",""evidence"":{""gap_minutes"":10560.0,""missed_intervals"":704,""offline_threshold_minutes"":180},""message"":""Sensor has not reported for 10560 minutes."",""alert_recommended"":true}]",0,0,0,0,0,0
2026-08-16T19:15:00+00:00,5,Offline,0,0,1,0,0,0,0,0,0,1,1,10575.0,"[{""type"":""offline"",""severity"":""critical"",""channel"":null,""timestamp"":""2026-08-16T19:15:00+00:00"",""evidence"":{""gap_minutes"":10575.0,""missed_intervals"":705,""offline_threshold_minutes"":180},""message"":""Sensor has not reported for 10575 minutes."",""alert_recommended"":true}]",0,0,0,0,0,0
2026-08-16T19:30:00+00:00,5,Offline,0,0,1,0,0,0,0,0,0,1,1,10590.0,"[{""type"":""offline"",""severity"":""critical"",""channel"":null,""timestamp"":""2026-08-16T19:30:00+00:00"",""evidence"":{""gap_minutes"":10590.0,""missed_intervals"":706,""offline_threshold_minutes"":180},""message"":""Sensor has not reported for 10590 minutes."",""alert_recommended"":true}]",0,0,0,0,0,0
2026-08-16T19:45:00+00:00,5,Offline,0,0,1,0,0,0,0,0,0,1,1,10605.0,"[{""type"":""offline"",""severity"":""critical"",""channel"":null,""timestamp"":""2026-08-16T19:45:00+00:00"",""evidence"":{""gap_minutes"":10605.0,""missed_intervals"":707,""offline_threshold_minutes"":180},""message"":""Sensor has not reported for 10605 minutes."",""alert_recommended"":true}]",0,0,0,0,0,0
2026-08-16T20:00:00+00:00,5,Offline,0,0,1,0,0,0,0,0,0,1,1,10620.0,"[{""type"":""offline"",""severity"":""critical"",""channel"":null,""timestamp"":""2026-08-16T20:00:00+00:00"",""evidence"":{""gap_minutes"":10620.0,""missed_intervals"":708,""offline_threshold_minutes"":180},""message"":""Sensor has not reported for 10620 minutes."",""alert_recommended"":true}]",0,0,0,0,0,0
2026-08-16T20:15:00+00:00,5,Offline,0,0,1,0,0,0,0,0,0,1,1,10635.0,"[{""type"":""offline"",""severity"":""critical"",""channel"":null,""timestamp"":""2026-08-16T20:15:00+00:00"",""evidence"":{""gap_minutes"":10635.0,""missed_intervals"":709,""offline_threshold_minutes"":180},""message"":""Sensor has not reported for 10635 minutes."",""alert_recommended"":true}]",0,0,0,0,0,0
2026-08-16T20:30:00+00:00,5,Offline,0,0,1,0,0,0,0,0,0,1,1,10650.0,"[{""type"":""offline"",""severity"":""critical"",""channel"":null,""timestamp"":""2026-08-16T20:30:00+00:00"",""evidence"":{""gap_minutes"":10650.0,""missed_intervals"":710,""offline_threshold_minutes"":180},""message"":""Sensor has not reported for 10650 minutes."",""alert_recommended"":true}]",0,0,0,0,0,0
2026-08-16T20:45:00+00:00,5,Offline,0,0,1,0,0,0,0,0,0,1,1,10665.0,"[{""type"":""offline"",""severity"":""critical"",""channel"":null,""timestamp"":""2026-08-16T20:45:00+00:00"",""evidence"":{""gap_minutes"":10665.0,""missed_intervals"":711,""offline_threshold_minutes"":180},""message"":""Sensor has not reported for 10665 minutes."",""alert_recommended"":true}]",0,0,0,0,0,0
2026-08-16T21:00:00+00:00,5,Offline,0,0,1,0,0,0,0,0,0,1,1,10680.0,"[{""type"":""offline"",""severity"":""critical"",""channel"":null,""timestamp"":""2026-08-16T21:00:00+00:00"",""evidence"":{""gap_minutes"":10680.0,""missed_intervals"":712,""offline_threshold_minutes"":180},""message"":""Sensor has not reported for 10680 minutes."",""alert_recommended"":true}]",0,0,0,0,0,0
2026-08-16T21:15:00+00:00,5,Offline,0,0,1,0,0,0,0,0,0,1,1,10695.0,"[{""type"":""offline"",""severity"":""critical"",""channel"":null,""timestamp"":""2026-08-16T21:15:00+00:00"",""evidence"":{""gap_minutes"":10695.0,""missed_intervals"":713,""offline_threshold_minutes"":180},""message"":""Sensor has not reported for 10695 minutes."",""alert_recommended"":true}]",0,0,0,0,0,0
2026-08-16T21:30:00+00:00,5,Offline,0,0,1,0,0,0,0,0,0,1,1,10710.0,"[{""type"":""offline"",""severity"":""critical"",""channel"":null,""timestamp"":""2026-08-16T21:30:00+00:00"",""evidence"":{""gap_minutes"":10710.0,""missed_intervals"":714,""offline_threshold_minutes"":180},""message"":""Sensor has not reported for 10710 minutes."",""alert_recommended"":true}]",0,0,0,0,0,0
2026-08-16T21:45:00+00:00,5,Offline,0,0,1,0,0,0,0,0,0,1,1,10725.0,"[{""type"":""offline"",""severity"":""critical"",""channel"":null,""timestamp"":""2026-08-16T21:45:00+00:00"",""evidence"":{""gap_minutes"":10725.0,""missed_intervals"":715,""offline_threshold_minutes"":180},""message"":""Sensor has not reported for 10725 minutes."",""alert_recommended"":true}]",0,0,0,0,0,0
2026-08-16T22:00:00+00:00,5,Offline,0,0,1,0,0,0,0,0,0,1,1,10740.0,"[{""type"":""offline"",""severity"":""critical"",""channel"":null,""timestamp"":""2026-08-16T22:00:00+00:00"",""evidence"":{""gap_minutes"":10740.0,""missed_intervals"":716,""offline_threshold_minutes"":180},""message"":""Sensor has not reported for 10740 minutes."",""alert_recommended"":true}]",0,0,0,0,0,0
2026-08-16T22:15:00+00:00,5,Offline,0,0,1,0,0,0,0,0,0,1,1,10755.0,"[{""type"":""offline"",""severity"":""critical"",""channel"":null,""timestamp"":""2026-08-16T22:15:00+00:00"",""evidence"":{""gap_minutes"":10755.0,""missed_intervals"":717,""offline_threshold_minutes"":180},""message"":""Sensor has not reported for 10755 minutes."",""alert_recommended"":true}]",0,0,0,0,0,0
2026-08-16T22:30:00+00:00,5,Offline,0,0,1,0,0,0,0,0,0,1,1,10770.0,"[{""type"":""offline"",""severity"":""critical"",""channel"":null,""timestamp"":""2026-08-16T22:30:00+00:00"",""evidence"":{""gap_minutes"":10770.0,""missed_intervals"":718,""offline_threshold_minutes"":180},""message"":""Sensor has not reported for 10770 minutes."",""alert_recommended"":true}]",0,0,0,0,0,0
2026-08-16T22:45:00+00:00,5,Offline,0,0,1,0,0,0,0,0,0,1,1,10785.0,"[{""type"":""offline"",""severity"":""critical"",""channel"":null,""timestamp"":""2026-08-16T22:45:00+00:00"",""evidence"":{""gap_minutes"":10785.0,""missed_intervals"":719,""offline_threshold_minutes"":180},""message"":""Sensor has not reported for 10785 minutes."",""alert_recommended"":true}]",0,0,0,0,0,0
2026-08-16T23:00:00+00:00,5,Offline,0,0,1,0,0,0,0,0,0,1,1,10800.0,"[{""type"":""offline"",""severity"":""critical"",""channel"":null,""timestamp"":""2026-08-16T23:00:00+00:00"",""evidence"":{""gap_minutes"":10800.0,""missed_intervals"":720,""offline_threshold_minutes"":180},""message"":""Sensor has not reported for 10800 minutes."",""alert_recommended"":true}]",0,0,0,0,0,0
2026-08-16T23:15:00+00:00,5,Offline,0,0,1,0,0,0,0,0,0,1,1,10815.0,"[{""type"":""offline"",""severity"":""critical"",""channel"":null,""timestamp"":""2026-08-16T23:15:00+00:00"",""evidence"":{""gap_minutes"":10815.0,""missed_intervals"":721,""offline_threshold_minutes"":180},""message"":""Sensor has not reported for 10815 minutes."",""alert_recommended"":true}]",0,0,0,0,0,0
2026-08-16T23:30:00+00:00,5,Offline,0,0,1,0,0,0,0,0,0,1,1,10830.0,"[{""type"":""offline"",""severity"":""critical"",""channel"":null,""timestamp"":""2026-08-16T23:30:00+00:00"",""evidence"":{""gap_minutes"":10830.0,""missed_intervals"":722,""offline_threshold_minutes"":180},""message"":""Sensor has not reported for 10830 minutes."",""alert_recommended"":true}]",0,0,0,0,0,0
2026-08-16T23:45:00+00:00,5,Offline,0,0,1,0,0,0,0,0,0,1,1,10845.0,"[{""type"":""offline"",""severity"":""critical"",""channel"":null,""timestamp"":""2026-08-16T23:45:00+00:00"",""evidence"":{""gap_minutes"":10845.0,""missed_intervals"":723,""offline_threshold_minutes"":180},""message"":""Sensor has not reported for 10845 minutes."",""alert_recommended"":true}]",0,0,0,0,0,0
2026-08-17T00:00:00+00:00,5,Offline,0,0,1,0,0,0,0,0,0,1,1,10860.0,"[{""type"":""offline"",""severity"":""critical"",""channel"":null,""timestamp"":""2026-08-17T00:00:00+00:00"",""evidence"":{""gap_minutes"":10860.0,""missed_intervals"":724,""offline_threshold_minutes"":180},""message"":""Sensor has not reported for 10860 minutes."",""alert_recommended"":true}]",0,0,0,0,0,0
2026-08-17T00:15:00+00:00,5,Offline,0,0,1,0,0,0,0,0,0,1,1,10875.0,"[{""type"":""offline"",""severity"":""critical"",""channel"":null,""timestamp"":""2026-08-17T00:15:00+00:00"",""evidence"":{""gap_minutes"":10875.0,""missed_intervals"":725,""offline_threshold_minutes"":180},""message"":""Sensor has not reported for 10875 minutes."",""alert_recommended"":true}]",0,0,0,0,0,0
2026-08-17T00:30:00+00:00,5,Offline,0,0,1,0,0,0,0,0,0,1,1,10890.0,"[{""type"":""offline"",""severity"":""critical"",""channel"":null,""timestamp"":""2026-08-17T00:30:00+00:00"",""evidence"":{""gap_minutes"":10890.0,""missed_intervals"":726,""offline_threshold_minutes"":180},""message"":""Sensor has not reported for 10890 minutes."",""alert_recommended"":true}]",0,0,0,0,0,0
2026-08-17T00:45:00+00:00,5,Offline,0,0,1,0,0,0,0,0,0,1,1,10905.0,"[{""type"":""offline"",""severity"":""critical"",""channel"":null,""timestamp"":""2026-08-17T00:45:00+00:00"",""evidence"":{""gap_minutes"":10905.0,""missed_intervals"":727,""offline_threshold_minutes"":180},""message"":""Sensor has not reported for 10905 minutes."",""alert_recommended"":true}]",0,0,0,0,0,0
2026-08-17T01:00:00+00:00,5,Offline,0,0,1,0,0,0,0,0,0,1,1,10920.0,"[{""type"":""offline"",""severity"":""critical"",""channel"":null,""timestamp"":""2026-08-17T01:00:00+00:00"",""evidence"":{""gap_minutes"":10920.0,""missed_intervals"":728,""offline_threshold_minutes"":180},""message"":""Sensor has not reported for 10920 minutes."",""alert_recommended"":true}]",0,0,0,0,0,0
2026-08-17T01:15:00+00:00,5,Offline,0,0,1,0,0,0,0,0,0,1,1,10935.0,"[{""type"":""offline"",""severity"":""critical"",""channel"":null,""timestamp"":""2026-08-17T01:15:00+00:00"",""evidence"":{""gap_minutes"":10935.0,""missed_intervals"":729,""offline_threshold_minutes"":180},""message"":""Sensor has not reported for 10935 minutes."",""alert_recommended"":true}]",0,0,0,0,0,0
2026-08-17T01:30:00+00:00,5,Offline,0,0,1,0,0,0,0,0,0,1,1,10950.0,"[{""type"":""offline"",""severity"":""critical"",""channel"":null,""timestamp"":""2026-08-17T01:30:00+00:00"",""evidence"":{""gap_minutes"":10950.0,""missed_intervals"":730,""offline_threshold_minutes"":180},""message"":""Sensor has not reported for 10950 minutes."",""alert_recommended"":true}]",0,0,0,0,0,0
2026-08-17T01:45:00+00:00,5,Offline,0,0,1,0,0,0,0,0,0,1,1,10965.0,"[{""type"":""offline"",""severity"":""critical"",""channel"":null,""timestamp"":""2026-08-17T01:45:00+00:00"",""evidence"":{""gap_minutes"":10965.0,""missed_intervals"":731,""offline_threshold_minutes"":180},""message"":""Sensor has not reported for 10965 minutes."",""alert_recommended"":true}]",0,0,0,0,0,0
2026-08-17T02:00:00+00:00,5,Offline,0,0,1,0,0,0,0,0,0,1,1,10980.0,"[{""type"":""offline"",""severity"":""critical"",""channel"":null,""timestamp"":""2026-08-17T02:00:00+00:00"",""evidence"":{""gap_minutes"":10980.0,""missed_intervals"":732,""offline_threshold_minutes"":180},""message"":""Sensor has not reported for 10980 minutes."",""alert_recommended"":true}]",0,0,0,0,0,0
2026-08-17T02:15:00+00:00,5,Offline,0,0,1,0,0,0,0,0,0,1,1,10995.0,"[{""type"":""offline"",""severity"":""critical"",""channel"":null,""timestamp"":""2026-08-17T02:15:00+00:00"",""evidence"":{""gap_minutes"":10995.0,""missed_intervals"":733,""offline_threshold_minutes"":180},""message"":""Sensor has not reported for 10995 minutes."",""alert_recommended"":true}]",0,0,0,0,0,0
2026-08-17T02:30:00+00:00,5,Offline,0,0,1,0,0,0,0,0,0,1,1,11010.0,"[{""type"":""offline"",""severity"":""critical"",""channel"":null,""timestamp"":""2026-08-17T02:30:00+00:00"",""evidence"":{""gap_minutes"":11010.0,""missed_intervals"":734,""offline_threshold_minutes"":180},""message"":""Sensor has not reported for 11010 minutes."",""alert_recommended"":true}]",0,0,0,0,0,0
2026-08-17T02:45:00+00:00,5,Offline,0,0,1,0,0,0,0,0,0,1,1,11025.0,"[{""type"":""offline"",""severity"":""critical"",""channel"":null,""timestamp"":""2026-08-17T02:45:00+00:00"",""evidence"":{""gap_minutes"":11025.0,""missed_intervals"":735,""offline_threshold_minutes"":180},""message"":""Sensor has not reported for 11025 minutes."",""alert_recommended"":true}]",0,0,0,0,0,0
2026-08-17T03:00:00+00:00,5,Offline,0,0,1,0,0,0,0,0,0,1,1,11040.0,"[{""type"":""offline"",""severity"":""critical"",""channel"":null,""timestamp"":""2026-08-17T03:00:00+00:00"",""evidence"":{""gap_minutes"":11040.0,""missed_intervals"":736,""offline_threshold_minutes"":180},""message"":""Sensor has not reported for 11040 minutes."",""alert_recommended"":true}]",0,0,0,0,0,0
2026-08-17T03:15:00+00:00,5,Offline,0,0,1,0,0,0,0,0,0,1,1,11055.0,"[{""type"":""offline"",""severity"":""critical"",""channel"":null,""timestamp"":""2026-08-17T03:15:00+00:00"",""evidence"":{""gap_minutes"":11055.0,""missed_intervals"":737,""offline_threshold_minutes"":180},""message"":""Sensor has not reported for 11055 minutes."",""alert_recommended"":true}]",0,0,0,0,0,0
2026-08-17T03:30:00+00:00,5,Offline,0,0,1,0,0,0,0,0,0,1,1,11070.0,"[{""type"":""offline"",""severity"":""critical"",""channel"":null,""timestamp"":""2026-08-17T03:30:00+00:00"",""evidence"":{""gap_minutes"":11070.0,""missed_intervals"":738,""offline_threshold_minutes"":180},""message"":""Sensor has not reported for 11070 minutes."",""alert_recommended"":true}]",0,0,0,0,0,0
2026-08-17T03:45:00+00:00,5,Offline,0,0,1,0,0,0,0,0,0,1,1,11085.0,"[{""type"":""offline"",""severity"":""critical"",""channel"":null,""timestamp"":""2026-08-17T03:45:00+00:00"",""evidence"":{""gap_minutes"":11085.0,""missed_intervals"":739,""offline_threshold_minutes"":180},""message"":""Sensor has not reported for 11085 minutes."",""alert_recommended"":true}]",0,0,0,0,0,0
2026-08-17T04:00:00+00:00,5,Offline,0,0,1,0,0,0,0,0,0,1,1,11100.0,"[{""type"":""offline"",""severity"":""critical"",""channel"":null,""timestamp"":""2026-08-17T04:00:00+00:00"",""evidence"":{""gap_minutes"":11100.0,""missed_intervals"":740,""offline_threshold_minutes"":180},""message"":""Sensor has not reported for 11100 minutes."",""alert_recommended"":true}]",0,0,0,0,0,0
2026-08-17T04:15:00+00:00,5,Offline,0,0,1,0,0,0,0,0,0,1,1,11115.0,"[{""type"":""offline"",""severity"":""critical"",""channel"":null,""timestamp"":""2026-08-17T04:15:00+00:00"",""evidence"":{""gap_minutes"":11115.0,""missed_intervals"":741,""offline_threshold_minutes"":180},""message"":""Sensor has not reported for 11115 minutes."",""alert_recommended"":true}]",0,0,0,0,0,0
2026-08-17T04:30:00+00:00,5,Offline,0,0,1,0,0,0,0,0,0,1,1,11130.0,"[{""type"":""offline"",""severity"":""critical"",""channel"":null,""timestamp"":""2026-08-17T04:30:00+00:00"",""evidence"":{""gap_minutes"":11130.0,""missed_intervals"":742,""offline_threshold_minutes"":180},""message"":""Sensor has not reported for 11130 minutes."",""alert_recommended"":true}]",0,0,0,0,0,0
2026-08-17T04:45:00+00:00,5,Offline,0,0,1,0,0,0,0,0,0,1,1,11145.0,"[{""type"":""offline"",""severity"":""critical"",""channel"":null,""timestamp"":""2026-08-17T04:45:00+00:00"",""evidence"":{""gap_minutes"":11145.0,""missed_intervals"":743,""offline_threshold_minutes"":180},""message"":""Sensor has not reported for 11145 minutes."",""alert_recommended"":true}]",0,0,0,0,0,0
2026-08-17T05:00:00+00:00,5,Offline,0,0,1,0,0,0,0,0,0,1,1,11160.0,"[{""type"":""offline"",""severity"":""critical"",""channel"":null,""timestamp"":""2026-08-17T05:00:00+00:00"",""evidence"":{""gap_minutes"":11160.0,""missed_intervals"":744,""offline_threshold_minutes"":180},""message"":""Sensor has not reported for 11160 minutes."",""alert_recommended"":true}]",0,0,0,0,0,0
2026-08-17T05:15:00+00:00,5,Offline,0,0,1,0,0,0,0,0,0,1,1,11175.0,"[{""type"":""offline"",""severity"":""critical"",""channel"":null,""timestamp"":""2026-08-17T05:15:00+00:00"",""evidence"":{""gap_minutes"":11175.0,""missed_intervals"":745,""offline_threshold_minutes"":180},""message"":""Sensor has not reported for 11175 minutes."",""alert_recommended"":true}]",0,0,0,0,0,0
2026-08-17T05:30:00+00:00,5,Offline,0,0,1,0,0,0,0,0,0,1,1,11190.0,"[{""type"":""offline"",""severity"":""critical"",""channel"":null,""timestamp"":""2026-08-17T05:30:00+00:00"",""evidence"":{""gap_minutes"":11190.0,""missed_intervals"":746,""offline_threshold_minutes"":180},""message"":""Sensor has not reported for 11190 minutes."",""alert_recommended"":true}]",0,0,0,0,0,0
2026-08-17T05:45:00+00:00,5,Offline,0,0,1,0,0,0,0,0,0,1,1,11205.0,"[{""type"":""offline"",""severity"":""critical"",""channel"":null,""timestamp"":""2026-08-17T05:45:00+00:00"",""evidence"":{""gap_minutes"":11205.0,""missed_intervals"":747,""offline_threshold_minutes"":180},""message"":""Sensor has not reported for 11205 minutes."",""alert_recommended"":true}]",0,0,0,0,0,0
2026-08-17T06:00:00+00:00,5,Offline,0,0,1,0,0,0,0,0,0,1,1,11220.0,"[{""type"":""offline"",""severity"":""critical"",""channel"":null,""timestamp"":""2026-08-17T06:00:00+00:00"",""evidence"":{""gap_minutes"":11220.0,""missed_intervals"":748,""offline_threshold_minutes"":180},""message"":""Sensor has not reported for 11220 minutes."",""alert_recommended"":true}]",0,0,0,0,0,0
2026-08-17T06:15:00+00:00,5,Offline,0,0,1,0,0,0,0,0,0,1,1,11235.0,"[{""type"":""offline"",""severity"":""critical"",""channel"":null,""timestamp"":""2026-08-17T06:15:00+00:00"",""evidence"":{""gap_minutes"":11235.0,""missed_intervals"":749,""offline_threshold_minutes"":180},""message"":""Sensor has not reported for 11235 minutes."",""alert_recommended"":true}]",0,0,0,0,0,0
2026-08-17T06:30:00+00:00,5,Offline,0,0,1,0,0,0,0,0,0,1,1,11250.0,"[{""type"":""offline"",""severity"":""critical"",""channel"":null,""timestamp"":""2026-08-17T06:30:00+00:00"",""evidence"":{""gap_minutes"":11250.0,""missed_intervals"":750,""offline_threshold_minutes"":180},""message"":""Sensor has not reported for 11250 minutes."",""alert_recommended"":true}]",0,0,0,0,0,0
2026-08-17T06:45:00+00:00,5,Offline,0,0,1,0,0,0,0,0,0,1,1,11265.0,"[{""type"":""offline"",""severity"":""critical"",""channel"":null,""timestamp"":""2026-08-17T06:45:00+00:00"",""evidence"":{""gap_minutes"":11265.0,""missed_intervals"":751,""offline_threshold_minutes"":180},""message"":""Sensor has not reported for 11265 minutes."",""alert_recommended"":true}]",0,0,0,0,0,0
2026-08-17T07:00:00+00:00,5,Offline,0,0,1,0,0,0,0,0,0,1,1,11280.0,"[{""type"":""offline"",""severity"":""critical"",""channel"":null,""timestamp"":""2026-08-17T07:00:00+00:00"",""evidence"":{""gap_minutes"":11280.0,""missed_intervals"":752,""offline_threshold_minutes"":180},""message"":""Sensor has not reported for 11280 minutes."",""alert_recommended"":true}]",0,0,0,0,0,0
2026-08-17T07:15:00+00:00,5,Offline,0,0,1,0,0,0,0,0,0,1,1,11295.0,"[{""type"":""offline"",""severity"":""critical"",""channel"":null,""timestamp"":""2026-08-17T07:15:00+00:00"",""evidence"":{""gap_minutes"":11295.0,""missed_intervals"":753,""offline_threshold_minutes"":180},""message"":""Sensor has not reported for 11295 minutes."",""alert_recommended"":true}]",0,0,0,0,0,0
2026-08-17T07:30:00+00:00,5,Offline,0,0,1,0,0,0,0,0,0,1,1,11310.0,"[{""type"":""offline"",""severity"":""critical"",""channel"":null,""timestamp"":""2026-08-17T07:30:00+00:00"",""evidence"":{""gap_minutes"":11310.0,""missed_intervals"":754,""offline_threshold_minutes"":180},""message"":""Sensor has not reported for 11310 minutes."",""alert_recommended"":true}]",0,0,0,0,0,0
2026-08-17T07:45:00+00:00,5,Offline,0,0,1,0,0,0,0,0,0,1,1,11325.0,"[{""type"":""offline"",""severity"":""critical"",""channel"":null,""timestamp"":""2026-08-17T07:45:00+00:00"",""evidence"":{""gap_minutes"":11325.0,""missed_intervals"":755,""offline_threshold_minutes"":180},""message"":""Sensor has not reported for 11325 minutes."",""alert_recommended"":true}]",0,0,0,0,0,0
2026-08-17T08:00:00+00:00,5,Offline,0,0,1,0,0,0,0,0,0,1,1,11340.0,"[{""type"":""offline"",""severity"":""critical"",""channel"":null,""timestamp"":""2026-08-17T08:00:00+00:00"",""evidence"":{""gap_minutes"":11340.0,""missed_intervals"":756,""offline_threshold_minutes"":180},""message"":""Sensor has not reported for 11340 minutes."",""alert_recommended"":true}]",0,0,0,0,0,0
2026-08-17T08:15:00+00:00,5,Offline,0,0,1,0,0,0,0,0,0,1,1,11355.0,"[{""type"":""offline"",""severity"":""critical"",""channel"":null,""timestamp"":""2026-08-17T08:15:00+00:00"",""evidence"":{""gap_minutes"":11355.0,""missed_intervals"":757,""offline_threshold_minutes"":180},""message"":""Sensor has not reported for 11355 minutes."",""alert_recommended"":true}]",0,0,0,0,0,0
2026-08-17T08:30:00+00:00,5,Offline,0,0,1,0,0,0,0,0,0,1,1,11370.0,"[{""type"":""offline"",""severity"":""critical"",""channel"":null,""timestamp"":""2026-08-17T08:30:00+00:00"",""evidence"":{""gap_minutes"":11370.0,""missed_intervals"":758,""offline_threshold_minutes"":180},""message"":""Sensor has not reported for 11370 minutes."",""alert_recommended"":true}]",0,0,0,0,0,0
2026-08-17T08:45:00+00:00,5,Offline,0,0,1,0,0,0,0,0,0,1,1,11385.0,"[{""type"":""offline"",""severity"":""critical"",""channel"":null,""timestamp"":""2026-08-17T08:45:00+00:00"",""evidence"":{""gap_minutes"":11385.0,""missed_intervals"":759,""offline_threshold_minutes"":180},""message"":""Sensor has not reported for 11385 minutes."",""alert_recommended"":true}]",0,0,0,0,0,0
2026-08-17T09:00:00+00:00,5,Offline,0,0,1,0,0,0,0,0,0,1,1,11400.0,"[{""type"":""offline"",""severity"":""critical"",""channel"":null,""timestamp"":""2026-08-17T09:00:00+00:00"",""evidence"":{""gap_minutes"":11400.0,""missed_intervals"":760,""offline_threshold_minutes"":180},""message"":""Sensor has not reported for 11400 minutes."",""alert_recommended"":true}]",0,0,0,0,0,0
2026-08-17T09:15:00+00:00,5,Offline,0,0,1,0,0,0,0,0,0,1,1,11415.0,"[{""type"":""offline"",""severity"":""critical"",""channel"":null,""timestamp"":""2026-08-17T09:15:00+00:00"",""evidence"":{""gap_minutes"":11415.0,""missed_intervals"":761,""offline_threshold_minutes"":180},""message"":""Sensor has not reported for 11415 minutes."",""alert_recommended"":true}]",0,0,0,0,0,0
2026-08-17T09:30:00+00:00,5,Offline,0,0,1,0,0,0,0,0,0,1,1,11430.0,"[{""type"":""offline"",""severity"":""critical"",""channel"":null,""timestamp"":""2026-08-17T09:30:00+00:00"",""evidence"":{""gap_minutes"":11430.0,""missed_intervals"":762,""offline_threshold_minutes"":180},""message"":""Sensor has not reported for 11430 minutes."",""alert_recommended"":true}]",0,0,0,0,0,0
2026-08-17T09:45:00+00:00,5,Offline,0,0,1,0,0,0,0,0,0,1,1,11445.0,"[{""type"":""offline"",""severity"":""critical"",""channel"":null,""timestamp"":""2026-08-17T09:45:00+00:00"",""evidence"":{""gap_minutes"":11445.0,""missed_intervals"":763,""offline_threshold_minutes"":180},""message"":""Sensor has not reported for 11445 minutes."",""alert_recommended"":true}]",0,0,0,0,0,0
2026-08-17T10:00:00+00:00,5,Offline,0,0,1,0,0,0,0,0,0,1,1,11460.0,"[{""type"":""offline"",""severity"":""critical"",""channel"":null,""timestamp"":""2026-08-17T10:00:00+00:00"",""evidence"":{""gap_minutes"":11460.0,""missed_intervals"":764,""offline_threshold_minutes"":180},""message"":""Sensor has not reported for 11460 minutes."",""alert_recommended"":true}]",0,0,0,0,0,0
2026-08-17T10:15:00+00:00,5,Critical,84,0,1,0,0,0,0,0,0,1,1,0.0,"[{""type"":""major_sampling_gap"",""severity"":""critical"",""channel"":null,""timestamp"":""2026-08-17T10:15:00+00:00"",""evidence"":{""gap_minutes"":11475.0,""missed_intervals"":764},""message"":""Reporting resumed after a 11475-minute major gap."",""alert_recommended"":true}]",1,1,0,0,1,0
2026-08-17T10:30:00+00:00,5,Healthy,100,0,0,0,0,0,0,0,0,0,0,0.0,[],1,0,0,0,0,0
2026-08-17T10:45:00+00:00,5,Healthy,100,0,0,0,0,0,0,0,0,0,0,0.0,[],1,0,0,0,0,0
2026-08-17T11:00:00+00:00,5,Healthy,100,0,0,0,0,0,0,0,0,0,0,0.0,[],1,0,0,0,0,0
2026-08-17T11:15:00+00:00,5,Healthy,100,0,0,0,0,0,0,0,0,0,0,0.0,[],1,0,0,0,0,0
2026-08-17T11:30:00+00:00,5,Healthy,100,0,0,0,0,0,0,0,0,0,0,0.0,[],1,0,0,0,0,0
2026-08-17T11:45:00+00:00,5,Healthy,100,0,0,0,0,0,0,0,0,0,0,0.0,[],1,0,0,0,0,0
2026-08-17T12:00:00+00:00,5,Healthy,100,0,0,0,0,0,0,0,0,0,0,0.0,[],1,0,0,0,0,0
2026-08-17T12:15:00+00:00,5,Healthy,100,0,0,0,0,0,0,0,0,0,0,0.0,[],1,0,0,0,0,0
2026-08-17T12:30:00+00:00,5,Healthy,100,0,0,0,0,0,0,0,0,0,0,0.0,[],1,0,0,0,0,0
2026-08-17T12:45:00+00:00,5,Healthy,100,0,0,0,0,0,0,0,0,0,0,0.0,[],1,0,0,0,0,0
2026-08-17T13:00:00+00:00,5,Healthy,100,0,0,0,0,0,0,0,0,0,0,0.0,[],1,0,0,0,0,0
2026-08-17T13:15:00+00:00,5,Healthy,100,0,0,0,0,0,0,0,0,0,0,0.0,[],1,0,0,0,0,0
2026-08-17T13:30:00+00:00,5,Healthy,100,0,0,0,0,0,0,0,0,0,0,0.0,[],1,0,0,0,0,0
2026-08-17T13:45:00+00:00,5,Healthy,100,0,0,0,0,0,0,0,0,0,0,0.0,[],1,0,0,0,0,0
2026-08-17T14:00:00+00:00,5,Healthy,100,0,0,0,0,0,0,0,0,0,0,0.0,[],1,0,0,0,0,0
2026-08-17T14:15:00+00:00,5,Healthy,100,0,0,0,0,0,0,0,0,0,0,0.0,[],1,0,0,0,0,0
2026-08-17T14:30:00+00:00,5,Healthy,100,0,0,0,0,0,0,0,0,0,0,0.0,[],1,0,0,0,0,0
2026-08-17T14:45:00+00:00,5,Healthy,100,0,0,0,0,0,0,0,0,0,0,0.0,[],1,0,0,0,0,0
2026-08-17T15:00:00+00:00,5,Healthy,100,0,0,0,0,0,0,0,0,0,0,0.0,[],1,0,0,0,0,0
2026-08-17T15:15:00+00:00,5,Healthy,100,0,0,0,0,0,0,0,0,0,0,0.0,[],1,0,0,0,0,0
2026-08-17T15:30:00+00:00,5,Healthy,100,0,0,0,0,0,0,0,0,0,0,0.0,[],1,0,0,0,0,0
2026-08-17T15:45:00+00:00,5,Healthy,100,0,0,0,0,0,0,0,0,0,0,0.0,[],1,0,0,0,0,0
2026-08-17T16:00:00+00:00,5,Healthy,100,0,0,0,0,0,0,0,0,0,0,0.0,[],1,0,0,0,0,0
2026-08-17T16:15:00+00:00,5,Healthy,100,0,0,0,0,0,0,0,0,0,0,0.0,[],1,0,0,0,0,0
2026-08-17T16:30:00+00:00,5,Healthy,100,0,0,0,0,0,0,0,0,0,0,0.0,[],1,0,0,0,0,0
2026-08-17T16:45:00+00:00,5,Healthy,100,0,0,0,0,0,0,0,0,0,0,0.0,[],1,0,0,0,0,0
2026-08-17T17:00:00+00:00,5,Healthy,100,0,0,0,0,0,0,0,0,0,0,0.0,[],1,0,0,0,0,0
2026-08-17T17:15:00+00:00,5,Healthy,100,0,0,0,0,0,0,0,0,0,0,0.0,[],1,0,0,0,0,0
2026-08-17T17:30:00+00:00,5,Healthy,100,0,0,0,0,0,0,0,0,0,0,0.0,[],1,0,0,0,0,0
2026-08-17T17:45:00+00:00,5,Healthy,100,0,0,0,0,0,0,0,0,0,0,0.0,[],1,0,0,0,0,0
2026-08-17T18:00:00+00:00,5,Healthy,100,0,0,0,0,0,0,0,0,0,0,0.0,[],1,0,0,0,0,0
2026-08-17T18:15:00+00:00,5,Healthy,100,0,0,0,0,0,0,0,0,0,0,0.0,[],1,0,0,0,0,0
2026-08-17T18:30:00+00:00,5,Healthy,100,0,0,0,0,0,0,0,0,0,0,0.0,[],1,0,0,0,0,0
2026-08-17T18:45:00+00:00,5,Healthy,100,0,0,0,0,0,0,0,0,0,0,0.0,[],1,0,0,0,0,0
2026-08-17T19:00:00+00:00,5,Healthy,100,0,0,0,0,0,0,0,0,0,0,0.0,[],1,0,0,0,0,0
2026-08-17T19:15:00+00:00,5,Healthy,100,0,0,0,0,0,0,0,0,0,0,0.0,[],1,0,0,0,0,0
2026-08-17T19:30:00+00:00,5,Healthy,100,0,0,0,0,0,0,0,0,0,0,0.0,[],1,0,0,0,0,0
2026-08-17T19:45:00+00:00,5,Healthy,100,0,0,0,0,0,0,0,0,0,0,0.0,[],1,0,0,0,0,0
2026-08-17T20:00:00+00:00,5,Healthy,100,0,0,0,0,0,0,0,0,0,0,0.0,[],1,0,0,0,0,0
2026-08-17T20:15:00+00:00,5,Healthy,100,0,0,0,0,0,0,0,0,0,0,0.0,[],1,0,0,0,0,0
2026-08-17T20:30:00+00:00,5,Healthy,100,0,0,0,0,0,0,0,0,0,0,0.0,[],1,0,0,0,0,0
2026-08-17T20:45:00+00:00,5,Healthy,100,0,0,0,0,0,0,0,0,0,0,0.0,[],1,0,0,0,0,0
2026-08-17T21:00:00+00:00,5,Healthy,100,0,0,0,0,0,0,0,0,0,0,0.0,[],1,0,0,0,0,0
2026-08-17T21:15:00+00:00,5,Warning,98,0,0,0,1,0,0,0,0,1,0,0.0,"[{""type"":""jump"",""severity"":""warning"",""channel"":""pm25"",""timestamp"":""2026-08-17T21:15:00+00:00"",""evidence"":{""absolute_change"":3.8900000000000006,""threshold"":3.097983999999983,""reference_differences"":43,""method"":""max(median+8*MAD, Q3+3*IQR, resolution)""},""message"":""pm25 changed by 3.89, above its causal robust threshold 3.10."",""alert_recommended"":true}]",1,0,0,0,0,0
2026-08-17T21:30:00+00:00,5,Healthy,100,0,0,0,0,0,0,0,0,0,0,0.0,[],1,0,0,0,0,0
2026-08-17T21:45:00+00:00,5,Healthy,100,0,0,0,0,0,0,0,0,0,0,0.0,[],1,0,0,0,0,0
2026-08-17T22:00:00+00:00,5,Healthy,100,0,0,0,0,0,0,0,0,0,0,0.0,[],1,0,0,0,0,0
2026-08-17T22:15:00+00:00,5,Healthy,100,0,0,0,0,0,0,0,0,0,0,0.0,[],1,0,0,0,0,0
2026-08-17T22:30:00+00:00,5,Healthy,100,0,0,0,0,0,0,0,0,0,0,0.0,[],1,0,0,0,0,0
2026-08-17T22:45:00+00:00,5,Healthy,100,0,0,0,0,0,0,0,0,0,0,0.0,[],1,0,0,0,0,0
2026-08-17T23:00:00+00:00,5,Healthy,100,0,0,0,0,0,0,0,0,0,0,0.0,[],1,0,0,0,0,0
2026-08-17T23:15:00+00:00,5,Healthy,100,0,0,0,0,0,0,0,0,0,0,0.0,[],1,0,0,0,0,0
2026-08-17T23:30:00+00:00,5,Healthy,100,0,0,0,0,0,0,0,0,0,0,0.0,[],1,0,0,0,0,0
2026-08-17T23:45:00+00:00,5,Healthy,100,0,0,0,0,0,0,0,0,0,0,0.0,[],1,0,0,0,0,0
2026-08-18T00:00:00+00:00,5,Healthy,100,0,0,0,0,0,0,0,0,0,0,0.0,[],1,0,0,0,0,0
2026-08-18T00:15:00+00:00,5,Healthy,100,0,0,0,0,0,0,0,0,0,0,0.0,[],1,0,0,0,0,0
2026-08-18T00:30:00+00:00,5,Healthy,100,0,0,0,0,0,0,0,0,0,0,0.0,[],1,0,0,0,0,0
2026-08-18T00:45:00+00:00,5,Healthy,100,0,0,0,0,0,0,0,0,0,0,0.0,[],1,0,0,0,0,0
2026-08-18T01:00:00+00:00,5,Healthy,100,0,0,0,0,0,0,0,0,0,0,0.0,[],1,0,0,0,0,0
2026-08-18T01:15:00+00:00,5,Healthy,100,0,0,0,0,0,0,0,0,0,0,0.0,[],1,0,0,0,0,0
2026-08-18T01:30:00+00:00,5,Healthy,100,0,0,0,0,0,0,0,0,0,0,0.0,[],1,0,0,0,0,0
2026-08-18T01:45:00+00:00,5,Healthy,100,0,0,0,0,0,0,0,0,0,0,0.0,[],1,0,0,0,0,0
2026-08-18T02:00:00+00:00,5,Healthy,100,0,0,0,0,0,0,0,0,0,0,0.0,[],1,0,0,0,0,0
2026-08-18T02:15:00+00:00,5,Healthy,100,0,0,0,0,0,0,0,0,0,0,0.0,[],1,0,0,0,0,0
2026-08-18T02:30:00+00:00,5,Healthy,100,0,0,0,0,0,0,0,0,0,0,0.0,[],1,0,0,0,0,0
2026-08-18T02:45:00+00:00,5,Healthy,100,0,0,0,0,0,0,0,0,0,0,0.0,[],1,0,0,0,0,0
2026-08-18T03:00:00+00:00,5,Healthy,100,0,0,0,0,0,0,0,0,0,0,0.0,[],1,0,0,0,0,0
2026-08-18T03:15:00+00:00,5,Healthy,100,0,0,0,0,0,0,0,0,0,0,0.0,[],1,0,0,0,0,0
2026-08-18T03:30:00+00:00,5,Healthy,100,0,0,0,0,0,0,0,0,0,0,0.0,[],1,0,0,0,0,0
2026-08-18T03:45:00+00:00,5,Healthy,100,0,0,0,0,0,0,0,0,0,0,0.0,[],1,0,0,0,0,0
2026-08-18T04:00:00+00:00,5,Healthy,100,0,0,0,0,0,0,0,0,0,0,0.0,[],1,0,0,0,0,0
2026-08-18T04:15:00+00:00,5,Healthy,100,0,0,0,0,0,0,0,0,0,0,0.0,[],1,0,0,0,0,0
2026-08-18T04:30:00+00:00,5,Healthy,100,0,0,0,0,0,0,0,0,0,0,0.0,[],1,0,0,0,0,0
2026-08-18T04:45:00+00:00,5,Healthy,100,0,0,0,0,0,0,0,0,0,0,0.0,[],1,0,0,0,0,0
2026-08-18T05:00:00+00:00,5,Healthy,100,0,0,0,0,0,0,0,0,0,0,0.0,[],1,0,0,0,0,0
2026-08-18T05:15:00+00:00,5,Healthy,100,0,0,0,0,0,0,0,0,0,0,0.0,[],1,0,0,0,0,0
2026-08-18T05:30:00+00:00,5,Healthy,100,0,0,0,0,0,0,0,0,0,0,0.0,[],1,0,0,0,0,0
2026-08-18T05:45:00+00:00,5,Healthy,100,0,0,0,0,0,0,0,0,0,0,0.0,[],1,0,0,0,0,0
2026-08-18T06:00:00+00:00,5,Healthy,100,0,0,0,0,0,0,0,0,0,0,0.0,[],1,0,0,0,0,0
2026-08-18T06:15:00+00:00,5,Healthy,100,0,0,0,0,0,0,0,0,0,0,0.0,[],1,0,0,0,0,0
2026-08-18T06:30:00+00:00,5,Healthy,100,0,0,0,0,0,0,0,0,0,0,0.0,[],1,0,0,0,0,0
2026-08-18T06:45:00+00:00,5,Healthy,100,0,0,0,0,0,0,0,0,0,0,0.0,[],1,0,0,0,0,0
2026-08-18T07:00:00+00:00,5,Healthy,100,0,0,0,0,0,0,0,0,0,0,0.0,[],1,0,0,0,0,0
2026-08-18T07:15:00+00:00,5,Healthy,100,0,0,0,0,0,0,0,0,0,0,0.0,[],1,0,0,0,0,0
2026-08-18T07:30:00+00:00,5,Healthy,100,0,0,0,0,0,0,0,0,0,0,0.0,[],1,0,0,0,0,0
2026-08-18T07:45:00+00:00,5,Healthy,100,0,0,0,0,0,0,0,0,0,0,0.0,[],1,0,0,0,0,0
2026-08-18T08:00:00+00:00,5,Healthy,100,0,0,0,0,0,0,0,0,0,0,0.0,[],1,0,0,0,0,0
2026-08-18T08:15:00+00:00,5,Healthy,100,0,0,0,0,0,0,0,0,0,0,0.0,[],1,0,0,0,0,0
2026-08-18T08:30:00+00:00,5,Healthy,100,0,0,0,0,0,0,0,0,0,0,0.0,[],1,0,0,0,0,0
2026-08-18T08:45:00+00:00,5,Healthy,100,0,0,0,0,0,0,0,0,0,0,0.0,[],1,0,0,0,0,0
2026-08-18T09:00:00+00:00,5,Healthy,100,0,0,0,0,0,0,0,0,0,0,0.0,[],1,0,0,0,0,0
2026-08-18T09:15:00+00:00,5,Healthy,100,0,0,0,0,0,0,0,0,0,0,0.0,[],1,0,0,0,0,0
2026-08-18T09:30:00+00:00,5,Healthy,100,0,0,0,0,0,0,0,0,0,0,0.0,[],1,0,0,0,0,0
2026-08-18T09:45:00+00:00,5,Healthy,100,0,0,0,0,0,0,0,0,0,0,0.0,[],1,0,0,0,0,0
2026-08-18T10:00:00+00:00,5,Healthy,100,0,0,0,0,0,0,0,0,0,0,0.0,[],1,0,0,0,0,0
2026-08-18T10:15:00+00:00,5,Healthy,100,0,0,0,0,0,0,0,0,0,0,0.0,[],1,0,0,0,0,0
2026-08-18T10:30:00+00:00,5,Healthy,100,0,0,0,0,0,0,0,0,0,0,0.0,[],1,0,0,0,0,0
2026-08-18T10:45:00+00:00,5,Healthy,100,0,0,0,0,0,0,0,0,0,0,0.0,[],1,0,0,0,0,0
2026-08-18T11:00:00+00:00,5,Healthy,100,0,0,0,0,0,0,0,0,0,0,0.0,[],1,0,0,0,0,0
2026-08-18T11:15:00+00:00,5,Warning,98,0,0,0,1,0,0,0,0,1,0,0.0,"[{""type"":""jump"",""severity"":""warning"",""channel"":""pm25"",""timestamp"":""2026-08-18T11:15:00+00:00"",""evidence"":{""absolute_change"":3.3100000000000005,""threshold"":3.0593759999999857,""reference_differences"":99,""method"":""max(median+8*MAD, Q3+3*IQR, resolution)""},""message"":""pm25 changed by 3.31, above its causal robust threshold 3.06."",""alert_recommended"":true}]",1,0,0,0,0,0
2026-08-18T11:30:00+00:00,5,Healthy,100,0,0,0,0,0,0,0,0,0,0,0.0,[],1,0,0,0,0,0
2026-08-18T11:45:00+00:00,5,Healthy,100,0,0,0,0,0,0,0,0,0,0,0.0,[],1,0,0,0,0,0
2026-08-18T12:00:00+00:00,5,Healthy,100,0,0,0,0,0,0,0,0,0,0,0.0,[],1,0,0,0,0,0
2026-08-18T12:15:00+00:00,5,Healthy,100,0,0,0,0,0,0,0,0,0,0,0.0,[],1,0,0,0,0,0
2026-08-18T12:30:00+00:00,5,Healthy,100,0,0,0,0,0,0,0,0,0,0,0.0,[],1,0,0,0,0,0
2026-08-18T12:45:00+00:00,5,Healthy,100,0,0,0,0,0,0,0,0,0,0,0.0,[],1,0,0,0,0,0
2026-08-18T13:00:00+00:00,5,Healthy,100,0,0,0,0,0,0,0,0,0,0,0.0,[],1,0,0,0,0,0
2026-08-18T13:15:00+00:00,5,Healthy,100,0,0,0,0,0,0,0,0,0,0,0.0,[],1,0,0,0,0,0
2026-08-18T13:30:00+00:00,5,Healthy,100,0,0,0,0,0,0,0,0,0,0,0.0,[],1,0,0,0,0,0
2026-08-18T13:45:00+00:00,5,Healthy,100,0,0,0,0,0,0,0,0,0,0,0.0,[],1,0,0,0,0,0
2026-08-18T14:00:00+00:00,5,Healthy,100,0,0,0,0,0,0,0,0,0,0,0.0,[],1,0,0,0,0,0
2026-08-18T14:15:00+00:00,5,Healthy,100,0,0,0,0,0,0,0,0,0,0,0.0,[],1,0,0,0,0,0
2026-08-18T14:30:00+00:00,5,Healthy,100,0,0,0,0,0,0,0,0,0,0,0.0,[],1,0,0,0,0,0
2026-08-18T14:45:00+00:00,5,Healthy,100,0,0,0,0,0,0,0,0,0,0,0.0,[],1,0,0,0,0,0
2026-08-18T15:00:00+00:00,5,Healthy,100,0,0,0,0,0,0,0,0,0,0,0.0,[],1,0,0,0,0,0
2026-08-18T15:15:00+00:00,5,Healthy,100,0,0,0,0,0,0,0,0,0,0,0.0,[],1,0,0,0,0,0
2026-08-18T15:30:00+00:00,5,Healthy,100,0,0,0,0,0,0,0,0,0,0,0.0,[],1,0,0,0,0,0
2026-08-18T15:45:00+00:00,5,Healthy,100,0,0,0,0,0,0,0,0,0,0,0.0,[],1,0,0,0,0,0
2026-08-18T16:00:00+00:00,5,Healthy,100,0,0,0,0,0,0,0,0,0,0,0.0,[],1,0,0,0,0,0
2026-08-18T16:15:00+00:00,5,Healthy,100,0,0,0,0,0,0,0,0,0,0,0.0,[],1,0,0,0,0,0
2026-08-18T16:30:00+00:00,5,Healthy,100,0,0,0,0,0,0,0,0,0,0,0.0,[],1,0,0,0,0,0
2026-08-18T16:45:00+00:00,5,Healthy,100,0,0,0,0,0,0,0,0,0,0,0.0,[],1,0,0,0,0,0
2026-08-18T17:00:00+00:00,5,Healthy,100,0,0,0,0,0,0,0,0,0,0,0.0,[],1,0,0,0,0,0
2026-08-18T17:15:00+00:00,5,Healthy,100,0,0,0,0,0,0,0,0,0,0,0.0,[],1,0,0,0,0,0
2026-08-18T17:30:00+00:00,5,Healthy,100,0,0,0,0,0,0,0,0,0,0,0.0,[],1,0,0,0,0,0
2026-08-18T17:45:00+00:00,5,Healthy,100,0,0,0,0,0,0,0,0,0,0,0.0,[],1,0,0,0,0,0
2026-08-18T18:00:00+00:00,5,Healthy,100,0,0,0,0,0,0,0,0,0,0,0.0,[],1,0,0,0,0,0
2026-08-18T18:15:00+00:00,5,Healthy,100,0,0,0,0,0,0,0,0,0,0,0.0,[],1,0,0,0,0,0
2026-08-18T18:30:00+00:00,5,Healthy,100,0,0,0,0,0,0,0,0,0,0,0.0,[],1,0,0,0,0,0
2026-08-18T18:45:00+00:00,5,Healthy,100,0,0,0,0,0,0,0,0,0,0,0.0,[],1,0,0,0,0,0
2026-08-18T19:00:00+00:00,5,Healthy,100,0,0,0,0,0,0,0,0,0,0,0.0,[],1,0,0,0,0,0
2026-08-18T19:15:00+00:00,5,Healthy,100,0,0,0,0,0,0,0,0,0,0,0.0,[],1,0,0,0,0,0
2026-08-18T19:30:00+00:00,5,Healthy,100,0,0,0,0,0,0,0,0,0,0,0.0,[],1,0,0,0,0,0
2026-08-18T19:45:00+00:00,5,Healthy,100,0,0,0,0,0,0,0,0,0,0,0.0,[],1,0,0,0,0,0
2026-08-18T20:00:00+00:00,5,Healthy,100,0,0,0,0,0,0,0,0,0,0,0.0,[],1,0,0,0,0,0
2026-08-18T20:15:00+00:00,5,Healthy,100,0,0,0,0,0,0,0,0,0,0,0.0,[],1,0,0,0,0,0
2026-08-18T20:30:00+00:00,5,Healthy,100,0,0,0,0,0,0,0,0,0,0,0.0,[],1,0,0,0,0,0
2026-08-18T20:45:00+00:00,5,Healthy,100,0,0,0,0,0,0,0,0,0,0,0.0,[],1,0,0,0,0,0
2026-08-18T21:00:00+00:00,5,Healthy,100,0,0,0,0,0,0,0,0,0,0,0.0,[],1,0,0,0,0,0
2026-08-18T21:15:00+00:00,5,Healthy,100,0,0,0,0,0,0,0,0,0,0,0.0,[],1,0,0,0,0,0
2026-08-18T21:30:00+00:00,5,Healthy,100,0,0,0,0,0,0,0,0,0,0,0.0,[],1,0,0,0,0,0
2026-08-18T21:45:00+00:00,5,Healthy,100,0,0,0,0,0,0,0,0,0,0,0.0,[],1,0,0,0,0,0
2026-08-18T22:00:00+00:00,5,Healthy,100,0,0,0,0,0,0,0,0,0,0,0.0,[],1,0,0,0,0,0
2026-08-18T22:15:00+00:00,5,Healthy,100,0,0,0,0,0,0,0,0,0,0,0.0,[],1,0,0,0,0,0
2026-08-18T22:30:00+00:00,5,Warning,98,0,0,0,1,0,0,0,0,1,0,0.0,"[{""type"":""jump"",""severity"":""warning"",""channel"":""pm25"",""timestamp"":""2026-08-18T22:30:00+00:00"",""evidence"":{""absolute_change"":3.8200000000000003,""threshold"":3.4945039999999983,""reference_differences"":144,""method"":""max(median+8*MAD, Q3+3*IQR, resolution)""},""message"":""pm25 changed by 3.82, above its causal robust threshold 3.49."",""alert_recommended"":true}]",1,0,0,0,0,0
2026-08-18T22:45:00+00:00,5,Warning,98,0,0,0,1,0,0,0,0,1,0,0.0,"[{""type"":""jump"",""severity"":""warning"",""channel"":""pm25"",""timestamp"":""2026-08-18T22:45:00+00:00"",""evidence"":{""absolute_change"":4.07,""threshold"":3.553807999999998,""reference_differences"":145,""method"":""max(median+8*MAD, Q3+3*IQR, resolution)""},""message"":""pm25 changed by 4.07, above its causal robust threshold 3.55."",""alert_recommended"":true}]",1,0,0,0,0,0
2026-08-18T23:00:00+00:00,5,Healthy,100,0,0,0,0,0,0,0,0,0,0,0.0,[],1,0,0,0,0,0
2026-08-18T23:15:00+00:00,5,Healthy,100,0,0,0,0,0,0,0,0,0,0,0.0,[],1,0,0,0,0,0
2026-08-18T23:30:00+00:00,5,Healthy,100,0,0,0,0,0,0,0,0,0,0,0.0,[],1,0,0,0,0,0
2026-08-18T23:45:00+00:00,5,Healthy,100,0,0,0,0,0,0,0,0,0,0,0.0,[],1,0,0,0,0,0
2026-08-19T00:00:00+00:00,5,Healthy,100,0,0,0,0,0,0,0,0,0,0,0.0,[],1,0,0,0,0,0
2026-08-19T00:15:00+00:00,5,Healthy,100,0,0,0,0,0,0,0,0,0,0,0.0,[],1,0,0,0,0,0
2026-08-19T00:30:00+00:00,5,Healthy,100,0,0,0,0,0,0,0,0,0,0,0.0,[],1,0,0,0,0,0
2026-08-19T00:45:00+00:00,5,Healthy,100,0,0,0,0,0,0,0,0,0,0,0.0,[],1,0,0,0,0,0
2026-08-19T01:00:00+00:00,5,Healthy,100,0,0,0,0,0,0,0,0,0,0,0.0,[],1,0,0,0,0,0
2026-08-19T01:15:00+00:00,5,Healthy,100,0,0,0,0,0,0,0,0,0,0,0.0,[],1,0,0,0,0,0
2026-08-19T01:30:00+00:00,5,Healthy,100,0,0,0,0,0,0,0,0,0,0,0.0,[],1,0,0,0,0,0
2026-08-19T01:45:00+00:00,5,Healthy,100,0,0,0,0,0,0,0,0,0,0,0.0,[],1,0,0,0,0,0
2026-08-19T02:00:00+00:00,5,Healthy,100,0,0,0,0,0,0,0,0,0,0,0.0,[],1,0,0,0,0,0
2026-08-19T02:15:00+00:00,5,Warning,98,0,0,0,1,0,0,0,0,1,0,0.0,"[{""type"":""jump"",""severity"":""warning"",""channel"":""pm25"",""timestamp"":""2026-08-19T02:15:00+00:00"",""evidence"":{""absolute_change"":5.649999999999999,""threshold"":3.831024000000015,""reference_differences"":159,""method"":""max(median+8*MAD, Q3+3*IQR, resolution)""},""message"":""pm25 changed by 5.65, above its causal robust threshold 3.83."",""alert_recommended"":true}]",1,1,0,0,0,0
2026-08-19T02:30:00+00:00,5,Healthy,100,0,0,0,0,0,0,0,0,0,0,0.0,[],1,0,0,0,0,0
2026-08-19T02:45:00+00:00,5,Warning,98,0,0,0,1,0,0,0,0,1,0,0.0,"[{""type"":""jump"",""severity"":""warning"",""channel"":""pm25"",""timestamp"":""2026-08-19T02:45:00+00:00"",""evidence"":{""absolute_change"":5.399999999999999,""threshold"":4.078239999999964,""reference_differences"":161,""method"":""max(median+8*MAD, Q3+3*IQR, resolution)""},""message"":""pm25 changed by 5.4, above its causal robust threshold 4.08."",""alert_recommended"":true}]",1,1,0,0,0,0
2026-08-19T03:00:00+00:00,5,Warning,98,0,0,0,1,0,0,0,0,1,0,0.0,"[{""type"":""jump"",""severity"":""warning"",""channel"":""pm25"",""timestamp"":""2026-08-19T03:00:00+00:00"",""evidence"":{""absolute_change"":7.059999999999999,""threshold"":4.023936000000009,""reference_differences"":162,""method"":""max(median+8*MAD, Q3+3*IQR, resolution)""},""message"":""pm25 changed by 7.06, above its causal robust threshold 4.02."",""alert_recommended"":true}]",1,1,0,0,0,0
2026-08-19T03:15:00+00:00,5,Healthy,100,0,0,0,0,0,0,0,0,0,0,0.0,[],1,0,0,0,0,0
2026-08-19T03:30:00+00:00,5,Healthy,100,0,0,0,0,0,0,0,0,0,0,0.0,[],1,0,0,0,0,0
2026-08-19T03:45:00+00:00,5,Healthy,100,0,0,0,0,0,0,0,0,0,0,0.0,[],1,0,0,0,0,0
2026-08-19T04:00:00+00:00,5,Healthy,100,0,0,0,0,0,0,0,0,0,0,0.0,[],1,0,0,0,0,0
2026-08-19T04:15:00+00:00,5,Warning,98,0,0,0,1,0,0,0,0,1,0,0.0,"[{""type"":""jump"",""severity"":""warning"",""channel"":""pm25"",""timestamp"":""2026-08-19T04:15:00+00:00"",""evidence"":{""absolute_change"":5.360000000000001,""threshold"":3.979631999999989,""reference_differences"":167,""method"":""max(median+8*MAD, Q3+3*IQR, resolution)""},""message"":""pm25 changed by 5.36, above its causal robust threshold 3.98."",""alert_recommended"":true}]",1,1,0,0,0,0
2026-08-19T04:30:00+00:00,5,Healthy,100,0,0,0,0,0,0,0,0,0,0,0.0,[],1,0,0,0,0,0
2026-08-19T04:45:00+00:00,5,Healthy,100,0,0,0,0,0,0,0,0,0,0,0.0,[],1,0,0,0,0,0
2026-08-19T05:00:00+00:00,5,Healthy,100,0,0,0,0,0,0,0,0,0,0,0.0,[],1,0,0,0,0,0
2026-08-19T05:15:00+00:00,5,Healthy,100,0,0,0,0,0,0,0,0,0,0,0.0,[],1,0,0,0,0,0
2026-08-19T05:30:00+00:00,5,Healthy,100,0,0,0,0,0,0,0,0,0,0,0.0,[],1,0,0,0,0,0
2026-08-19T05:45:00+00:00,5,Healthy,100,0,0,0,0,0,0,0,0,0,0,0.0,[],1,0,0,0,0,0
2026-08-19T06:00:00+00:00,5,Healthy,100,0,0,0,0,0,0,0,0,0,0,0.0,[],1,0,0,0,0,0
2026-08-19T06:15:00+00:00,5,Healthy,100,0,0,0,0,0,0,0,0,0,0,0.0,[],1,0,0,0,0,0
2026-08-19T06:30:00+00:00,5,Healthy,100,0,0,0,0,0,0,0,0,0,0,0.0,[],1,0,0,0,0,0
2026-08-19T06:45:00+00:00,5,Healthy,100,0,0,0,0,0,0,0,0,0,0,0.0,[],1,0,0,0,0,0
2026-08-19T07:00:00+00:00,5,Healthy,100,0,0,0,0,0,0,0,0,0,0,0.0,[],1,0,0,0,0,0
2026-08-19T07:15:00+00:00,5,Healthy,100,0,0,0,0,0,0,0,0,0,0,0.0,[],1,0,0,0,0,0
2026-08-19T07:30:00+00:00,5,Healthy,100,0,0,0,0,0,0,0,0,0,0,0.0,[],1,0,0,0,0,0
2026-08-19T07:45:00+00:00,5,Healthy,100,0,0,0,0,0,0,0,0,0,0,0.0,[],1,0,0,0,0,0
2026-08-19T08:00:00+00:00,5,Healthy,100,0,0,0,0,0,0,0,0,0,0,0.0,[],1,0,0,0,0,0
2026-08-19T08:15:00+00:00,5,Healthy,100,0,0,0,0,0,0,0,0,0,0,0.0,[],1,0,0,0,0,0
2026-08-19T08:30:00+00:00,5,Healthy,100,0,0,0,0,0,0,0,0,0,0,0.0,[],1,0,0,0,0,0
2026-08-19T08:45:00+00:00,5,Healthy,100,0,0,0,0,0,0,0,0,0,0,0.0,[],1,0,0,0,0,0
2026-08-19T09:00:00+00:00,5,Healthy,100,0,0,0,0,0,0,0,0,0,0,0.0,[],1,0,0,0,0,0
2026-08-19T09:15:00+00:00,5,Healthy,100,0,0,0,0,0,0,0,0,0,0,0.0,[],1,0,0,0,0,0
2026-08-19T09:30:00+00:00,5,Healthy,100,0,0,0,0,0,0,0,0,0,0,0.0,[],1,0,0,0,0,0
2026-08-19T09:45:00+00:00,5,Healthy,100,0,0,0,0,0,0,0,0,0,0,0.0,[],1,0,0,0,0,0
2026-08-19T10:00:00+00:00,5,Healthy,100,0,0,0,0,0,0,0,0,0,0,0.0,[],1,0,0,0,0,0
2026-08-19T10:15:00+00:00,5,Healthy,100,0,0,0,0,0,0,0,0,0,0,0.0,[],1,0,0,0,0,0
2026-08-19T10:30:00+00:00,5,Healthy,100,0,0,0,0,0,0,0,0,0,0,0.0,[],1,0,0,0,0,0
2026-08-19T10:45:00+00:00,5,Healthy,100,0,0,0,0,0,0,0,0,0,0,0.0,[],1,0,0,0,0,0
2026-08-19T11:00:00+00:00,5,Healthy,100,0,0,0,0,0,0,0,0,0,0,0.0,[],1,0,0,0,0,0
2026-08-19T11:15:00+00:00,5,Healthy,100,0,0,0,0,0,0,0,0,0,0,0.0,[],1,0,0,0,0,0
2026-08-19T11:30:00+00:00,5,Healthy,100,0,0,0,0,0,0,0,0,0,0,0.0,[],1,0,0,0,0,0
2026-08-19T11:45:00+00:00,5,Healthy,100,0,0,0,0,0,0,0,0,0,0,0.0,[],1,0,0,0,0,0
2026-08-19T12:00:00+00:00,5,Warning,98,0,0,0,1,0,0,0,0,1,0,0.0,"[{""type"":""jump"",""severity"":""warning"",""channel"":""pm25"",""timestamp"":""2026-08-19T12:00:00+00:00"",""evidence"":{""absolute_change"":5.009999999999998,""threshold"":4.241848000000005,""reference_differences"":198,""method"":""max(median+8*MAD, Q3+3*IQR, resolution)""},""message"":""pm25 changed by 5.01, above its causal robust threshold 4.24."",""alert_recommended"":true}]",1,1,0,0,0,0
2026-08-19T12:15:00+00:00,5,Healthy,100,0,0,0,0,0,0,0,0,0,0,0.0,[],1,0,0,0,0,0
2026-08-19T12:30:00+00:00,5,Healthy,100,0,0,0,0,0,0,0,0,0,0,0.0,[],1,0,0,0,0,0
2026-08-19T12:45:00+00:00,5,Healthy,100,0,0,0,0,0,0,0,0,0,0,0.0,[],1,0,0,0,0,0
2026-08-19T13:00:00+00:00,5,Healthy,100,0,0,0,0,0,0,0,0,0,0,0.0,[],1,0,0,0,0,0
2026-08-19T13:15:00+00:00,5,Healthy,100,0,0,0,0,0,0,0,0,0,0,0.0,[],1,0,0,0,0,0
2026-08-19T13:30:00+00:00,5,Healthy,100,0,0,0,0,0,0,0,0,0,0,0.0,[],1,0,0,0,0,0
2026-08-19T13:45:00+00:00,5,Healthy,100,0,0,0,0,0,0,0,0,0,0,0.0,[],1,0,0,0,0,0
2026-08-19T14:00:00+00:00,5,Healthy,100,0,0,0,0,0,0,0,0,0,0,0.0,[],1,0,0,0,0,0
2026-08-19T14:15:00+00:00,5,Healthy,100,0,0,0,0,0,0,0,0,0,0,0.0,[],1,0,0,0,0,0
2026-08-19T14:30:00+00:00,5,Healthy,100,0,0,0,0,0,0,0,0,0,0,0.0,[],1,0,0,0,0,0
2026-08-19T14:45:00+00:00,5,Healthy,100,0,0,0,0,0,0,0,0,0,0,0.0,[],1,0,0,0,0,0
2026-08-19T15:00:00+00:00,5,Healthy,100,0,0,0,0,0,0,0,0,0,0,0.0,[],1,0,0,0,0,0
2026-08-19T15:15:00+00:00,5,Healthy,100,0,0,0,0,0,0,0,0,0,0,0.0,[],1,0,0,0,0,0
2026-08-19T15:30:00+00:00,5,Healthy,100,0,0,0,0,0,0,0,0,0,0,0.0,[],1,0,0,0,0,0
2026-08-19T15:45:00+00:00,5,Healthy,100,0,0,0,0,0,0,0,0,0,0,0.0,[],1,0,0,0,0,0
2026-08-19T16:00:00+00:00,5,Healthy,100,0,0,0,0,0,0,0,0,0,0,15.0,[],0,0,0,0,0,0
2026-08-19T16:15:00+00:00,5,Warning,95,0,1,0,0,0,0,0,0,1,0,0.0,"[{""type"":""sampling_gap"",""severity"":""warning"",""channel"":null,""timestamp"":""2026-08-19T16:15:00+00:00"",""evidence"":{""gap_minutes"":30.0,""missed_intervals"":1},""message"":""Sensor missed 1 expected reporting interval(s)."",""alert_recommended"":true}]",1,0,0,0,1,0
2026-08-19T16:30:00+00:00,5,Healthy,100,0,0,0,0,0,0,0,0,0,0,0.0,[],1,0,0,0,0,0
2026-08-19T16:45:00+00:00,5,Healthy,100,0,0,0,0,0,0,0,0,0,0,0.0,[],1,0,0,0,0,0
2026-08-19T17:00:00+00:00,5,Healthy,100,0,0,0,0,0,0,0,0,0,0,0.0,[],1,0,0,0,0,0
2026-08-19T17:15:00+00:00,5,Healthy,100,0,0,0,0,0,0,0,0,0,0,0.0,[],1,0,0,0,0,0
2026-08-19T17:30:00+00:00,5,Healthy,100,0,0,0,0,0,0,0,0,0,0,0.0,[],1,1,0,0,0,0
2026-08-19T17:45:00+00:00,5,Healthy,100,0,0,0,0,0,0,0,0,0,0,0.0,[],1,1,0,0,0,0
2026-08-19T18:00:00+00:00,5,Healthy,100,0,0,0,0,0,0,0,0,0,0,0.0,[],1,0,0,0,0,0
2026-08-19T18:15:00+00:00,5,Healthy,100,0,0,0,0,0,0,0,0,0,0,0.0,[],1,0,0,0,0,0
2026-08-19T18:30:00+00:00,5,Healthy,100,0,0,0,0,0,0,0,0,0,0,0.0,[],1,0,0,0,0,0
2026-08-19T18:45:00+00:00,5,Healthy,100,0,0,0,0,0,0,0,0,0,0,0.0,[],1,0,0,0,0,0
2026-08-19T19:00:00+00:00,5,Healthy,100,0,0,0,0,0,0,0,0,0,0,0.0,[],1,0,0,0,0,0
2026-08-19T19:15:00+00:00,5,Healthy,100,0,0,0,0,0,0,0,0,0,0,0.0,[],1,0,0,0,0,0
2026-08-19T19:30:00+00:00,5,Healthy,100,0,0,0,0,0,0,0,0,0,0,0.0,[],1,0,0,0,0,0
2026-08-19T19:45:00+00:00,5,Healthy,100,0,0,0,0,0,0,0,0,0,0,0.0,[],1,0,0,0,0,0
2026-08-19T20:00:00+00:00,5,Healthy,100,0,0,0,0,0,0,0,0,0,0,0.0,[],1,0,0,0,0,0
2026-08-19T20:15:00+00:00,5,Healthy,100,0,0,0,0,0,0,0,0,0,0,0.0,[],1,0,0,0,0,0
2026-08-19T20:30:00+00:00,5,Healthy,100,0,0,0,0,0,0,0,0,0,0,0.0,[],1,0,0,0,0,0
2026-08-19T20:45:00+00:00,5,Healthy,100,0,0,0,0,0,0,0,0,0,0,0.0,[],1,0,0,0,0,0
2026-08-19T21:00:00+00:00,5,Healthy,100,0,0,0,0,0,0,0,0,0,0,0.0,[],1,0,0,0,0,0
2026-08-19T21:15:00+00:00,5,Healthy,100,0,0,0,0,0,0,0,0,0,0,0.0,[],1,0,0,0,0,0
2026-08-19T21:30:00+00:00,5,Healthy,100,0,0,0,0,0,0,0,0,0,0,0.0,[],1,0,0,0,0,0
2026-08-19T21:45:00+00:00,5,Healthy,100,0,0,0,0,0,0,0,0,0,0,0.0,[],1,0,0,0,0,0
2026-08-19T22:00:00+00:00,5,Healthy,100,0,0,0,0,0,0,0,0,0,0,0.0,[],1,0,0,0,0,0
2026-08-19T22:15:00+00:00,5,Healthy,100,0,0,0,0,0,0,0,0,0,0,0.0,[],1,0,0,0,0,0
2026-08-19T22:30:00+00:00,5,Healthy,100,0,0,0,0,0,0,0,0,0,0,0.0,[],1,0,0,0,0,0
2026-08-19T22:45:00+00:00,5,Healthy,100,0,0,0,0,0,0,0,0,0,0,0.0,[],1,0,0,0,0,0
2026-08-19T23:00:00+00:00,5,Healthy,100,0,0,0,0,0,0,0,0,0,0,0.0,[],1,0,0,0,0,0
2026-08-19T23:15:00+00:00,5,Healthy,100,0,0,0,0,0,0,0,0,0,0,0.0,[],1,0,0,0,0,0
2026-08-19T23:30:00+00:00,5,Healthy,100,0,0,0,0,0,0,0,0,0,0,0.0,[],1,0,0,0,0,0
2026-08-19T23:45:00+00:00,5,Healthy,100,0,0,0,0,0,0,0,0,0,0,0.0,[],1,0,0,0,0,0
2026-08-20T00:00:00+00:00,5,Healthy,100,0,0,0,0,0,0,0,0,0,0,0.0,[],1,0,0,0,0,0
2026-08-20T00:15:00+00:00,5,Healthy,100,0,0,0,0,0,0,0,0,0,0,0.0,[],1,0,0,0,0,0
2026-08-20T00:30:00+00:00,5,Healthy,100,0,0,0,0,0,0,0,0,0,0,0.0,[],1,0,0,0,0,0
2026-08-20T00:45:00+00:00,5,Warning,98,0,0,0,1,0,0,0,0,1,0,0.0,"[{""type"":""jump"",""severity"":""warning"",""channel"":""pm25"",""timestamp"":""2026-08-20T00:45:00+00:00"",""evidence"":{""absolute_change"":3.24,""threshold"":3.187984000000006,""reference_differences"":33,""method"":""max(median+8*MAD, Q3+3*IQR, resolution)""},""message"":""pm25 changed by 3.24, above its causal robust threshold 3.19."",""alert_recommended"":true}]",1,0,0,0,0,0
2026-08-20T01:00:00+00:00,5,Warning,98,0,0,0,1,0,0,0,0,1,0,0.0,"[{""type"":""jump"",""severity"":""warning"",""channel"":""pm25"",""timestamp"":""2026-08-20T01:00:00+00:00"",""evidence"":{""absolute_change"":25.250000000000004,""threshold"":3.4302000000000006,""reference_differences"":34,""method"":""max(median+8*MAD, Q3+3*IQR, resolution)""},""message"":""pm25 changed by 25.25, above its causal robust threshold 3.43."",""alert_recommended"":true}]",1,1,0,0,0,0
2026-08-20T01:15:00+00:00,5,Warning,98,0,0,0,1,0,0,0,0,1,0,0.0,"[{""type"":""jump"",""severity"":""warning"",""channel"":""pm25"",""timestamp"":""2026-08-20T01:15:00+00:00"",""evidence"":{""absolute_change"":7.550000000000004,""threshold"":3.8900000000000023,""reference_differences"":35,""method"":""max(median+8*MAD, Q3+3*IQR, resolution)""},""message"":""pm25 changed by 7.55, above its causal robust threshold 3.89."",""alert_recommended"":true}]",1,1,0,0,0,0
2026-08-20T01:30:00+00:00,5,Healthy,100,0,0,0,0,0,0,0,0,0,0,0.0,[],1,0,0,0,0,0
2026-08-20T01:45:00+00:00,5,Warning,98,0,0,0,1,0,0,0,0,1,0,0.0,"[{""type"":""jump"",""severity"":""warning"",""channel"":""pm25"",""timestamp"":""2026-08-20T01:45:00+00:00"",""evidence"":{""absolute_change"":16.42,""threshold"":4.910000000000002,""reference_differences"":37,""method"":""max(median+8*MAD, Q3+3*IQR, resolution)""},""message"":""pm25 changed by 16.42, above its causal robust threshold 4.91."",""alert_recommended"":true}]",1,1,0,0,0,0
2026-08-20T02:00:00+00:00,5,Healthy,100,0,0,0,0,0,0,0,0,0,0,0.0,[],1,0,0,0,0,0
2026-08-20T02:15:00+00:00,5,Healthy,100,0,0,0,0,0,0,0,0,0,0,0.0,[],1,0,0,0,0,0
2026-08-20T02:30:00+00:00,5,Healthy,100,0,0,0,0,0,0,0,0,0,0,0.0,[],1,0,0,0,0,0
2026-08-20T02:45:00+00:00,5,Healthy,100,0,0,0,0,0,0,0,0,0,0,0.0,[],1,0,0,0,0,0
2026-08-20T03:00:00+00:00,5,Healthy,100,0,0,0,0,0,0,0,0,0,0,0.0,[],1,0,0,0,0,0
2026-08-20T03:15:00+00:00,5,Warning,98,0,0,0,1,0,0,0,0,1,0,0.0,"[{""type"":""jump"",""severity"":""warning"",""channel"":""pm25"",""timestamp"":""2026-08-20T03:15:00+00:00"",""evidence"":{""absolute_change"":23.93,""threshold"":6.449999999999998,""reference_differences"":43,""method"":""max(median+8*MAD, Q3+3*IQR, resolution)""},""message"":""pm25 changed by 23.93, above its causal robust threshold 6.45."",""alert_recommended"":true}]",1,1,0,0,0,0
2026-08-20T03:30:00+00:00,5,Warning,98,0,0,0,1,0,0,0,0,1,0,0.0,"[{""type"":""jump"",""severity"":""warning"",""channel"":""pm25"",""timestamp"":""2026-08-20T03:30:00+00:00"",""evidence"":{""absolute_change"":21.46,""threshold"":7.079999999999997,""reference_differences"":44,""method"":""max(median+8*MAD, Q3+3*IQR, resolution)""},""message"":""pm25 changed by 21.46, above its causal robust threshold 7.08."",""alert_recommended"":true}]",1,1,0,0,0,0
2026-08-20T03:45:00+00:00,5,Warning,98,0,0,0,1,0,0,0,0,1,0,0.0,"[{""type"":""jump"",""severity"":""warning"",""channel"":""pm25"",""timestamp"":""2026-08-20T03:45:00+00:00"",""evidence"":{""absolute_change"":12.79,""threshold"":7.649999999999995,""reference_differences"":45,""method"":""max(median+8*MAD, Q3+3*IQR, resolution)""},""message"":""pm25 changed by 12.79, above its causal robust threshold 7.65."",""alert_recommended"":true}]",1,1,0,0,0,0
2026-08-20T04:00:00+00:00,5,Warning,98,0,0,0,1,0,0,0,0,1,0,0.0,"[{""type"":""jump"",""severity"":""warning"",""channel"":""pm25"",""timestamp"":""2026-08-20T04:00:00+00:00"",""evidence"":{""absolute_change"":17.309999999999995,""threshold"":8.490000000000004,""reference_differences"":46,""method"":""max(median+8*MAD, Q3+3*IQR, resolution)""},""message"":""pm25 changed by 17.31, above its causal robust threshold 8.49."",""alert_recommended"":true}]",1,1,0,0,0,0
2026-08-20T04:15:00+00:00,5,Healthy,100,0,0,0,0,0,0,0,0,0,0,0.0,[],1,0,0,0,0,0
2026-08-20T04:30:00+00:00,5,Healthy,100,0,0,0,0,0,0,0,0,0,0,0.0,[],1,0,0,0,0,0
2026-08-20T04:45:00+00:00,5,Healthy,100,0,0,0,0,0,0,0,0,0,0,0.0,[],1,0,0,0,0,0
2026-08-20T05:00:00+00:00,5,Healthy,100,0,0,0,0,0,0,0,0,0,0,0.0,[],1,0,0,0,0,0
2026-08-20T05:15:00+00:00,5,Healthy,100,0,0,0,0,0,0,0,0,0,0,0.0,[],1,0,0,0,0,0
2026-08-20T05:30:00+00:00,5,Healthy,100,0,0,0,0,0,0,0,0,0,0,0.0,[],1,0,0,0,0,0
2026-08-20T05:45:00+00:00,5,Healthy,100,0,0,0,0,0,0,0,0,0,0,0.0,[],1,0,0,0,0,0
2026-08-20T06:00:00+00:00,5,Healthy,100,0,0,0,0,0,0,0,0,0,0,0.0,[],1,0,0,0,0,0
2026-08-20T06:15:00+00:00,5,Healthy,100,0,0,0,0,0,0,0,0,0,0,0.0,[],1,0,0,0,0,0
2026-08-20T06:30:00+00:00,5,Healthy,100,0,0,0,0,0,0,0,0,0,0,0.0,[],1,0,0,0,0,0
2026-08-20T06:45:00+00:00,5,Healthy,100,0,0,0,0,0,0,0,0,0,0,0.0,[],1,0,0,0,0,0
2026-08-20T07:00:00+00:00,5,Healthy,100,0,0,0,0,0,0,0,0,0,0,0.0,[],1,0,0,0,0,0
2026-08-20T07:15:00+00:00,5,Healthy,100,0,0,0,0,0,0,0,0,0,0,0.0,[],1,0,0,0,0,0
2026-08-20T07:30:00+00:00,5,Healthy,100,0,0,0,0,0,0,0,0,0,0,0.0,[],1,0,0,0,0,0
2026-08-20T07:45:00+00:00,5,Healthy,100,0,0,0,0,0,0,0,0,0,0,0.0,[],1,0,0,0,0,0
2026-08-20T08:00:00+00:00,5,Healthy,100,0,0,0,0,0,0,0,0,0,0,0.0,[],1,0,0,0,0,0
2026-08-20T08:15:00+00:00,5,Healthy,100,0,0,0,0,0,0,0,0,0,0,0.0,[],1,0,0,0,0,0
2026-08-20T08:30:00+00:00,5,Healthy,100,0,0,0,0,0,0,0,0,0,0,0.0,[],1,0,0,0,0,0
2026-08-20T08:45:00+00:00,5,Healthy,100,0,0,0,0,0,0,0,0,0,0,0.0,[],1,0,0,0,0,0
2026-08-20T09:00:00+00:00,5,Healthy,100,0,0,0,0,0,0,0,0,0,0,0.0,[],1,0,0,0,0,0
2026-08-20T09:15:00+00:00,5,Healthy,100,0,0,0,0,0,0,0,0,0,0,0.0,[],1,0,0,0,0,0
2026-08-20T09:30:00+00:00,5,Healthy,100,0,0,0,0,0,0,0,0,0,0,0.0,[],1,0,0,0,0,0
2026-08-20T09:45:00+00:00,5,Healthy,100,0,0,0,0,0,0,0,0,0,0,0.0,[],1,0,0,0,0,0
2026-08-20T10:00:00+00:00,5,Healthy,100,0,0,0,0,0,0,0,0,0,0,0.0,[],1,0,0,0,0,0
2026-08-20T10:15:00+00:00,5,Healthy,100,0,0,0,0,0,0,0,0,0,0,0.0,[],1,0,0,0,0,0
2026-08-20T10:30:00+00:00,5,Healthy,100,0,0,0,0,0,0,0,0,0,0,0.0,[],1,0,0,0,0,0
2026-08-20T10:45:00+00:00,5,Healthy,100,0,0,0,0,0,0,0,0,0,0,0.0,[],1,0,0,0,0,0
2026-08-20T11:00:00+00:00,5,Healthy,100,0,0,0,0,0,0,0,0,0,0,0.0,[],1,0,0,0,0,0
2026-08-20T11:15:00+00:00,5,Healthy,100,0,0,0,0,0,0,0,0,0,0,0.0,[],1,1,0,0,0,0
2026-08-20T11:30:00+00:00,5,Healthy,100,0,0,0,0,0,0,0,0,0,0,0.0,[],1,0,0,0,0,0
2026-08-20T11:45:00+00:00,5,Healthy,100,0,0,0,0,0,0,0,0,0,0,0.0,[],1,0,0,0,0,0
2026-08-20T12:00:00+00:00,5,Healthy,100,0,0,0,0,0,0,0,0,0,0,0.0,[],1,0,0,0,0,0
2026-08-20T12:15:00+00:00,5,Healthy,100,0,0,0,0,0,0,0,0,0,0,0.0,[],1,0,0,0,0,0
2026-08-20T12:30:00+00:00,5,Healthy,100,0,0,0,0,0,0,0,0,0,0,0.0,[],1,0,0,0,0,0
2026-08-20T12:45:00+00:00,5,Healthy,100,0,0,0,0,0,0,0,0,0,0,0.0,[],1,0,0,0,0,0
2026-08-20T13:00:00+00:00,5,Healthy,100,0,0,0,0,0,0,0,0,0,0,0.0,[],1,0,0,0,0,0
2026-08-20T13:15:00+00:00,5,Healthy,100,0,0,0,0,0,0,0,0,0,0,0.0,[],1,0,0,0,0,0
2026-08-20T13:30:00+00:00,5,Healthy,100,0,0,0,0,0,0,0,0,0,0,0.0,[],1,0,0,0,0,0
2026-08-20T13:45:00+00:00,5,Healthy,100,0,0,0,0,0,0,0,0,0,0,0.0,[],1,0,0,0,0,0
2026-08-20T14:00:00+00:00,5,Healthy,100,0,0,0,0,0,0,0,0,0,0,0.0,[],1,0,0,0,0,0
2026-08-20T14:15:00+00:00,5,Healthy,100,0,0,0,0,0,0,0,0,0,0,0.0,[],1,0,0,0,0,0
2026-08-20T14:30:00+00:00,5,Healthy,100,0,0,0,0,0,0,0,0,0,0,0.0,[],1,0,0,0,0,0
2026-08-20T14:45:00+00:00,5,Healthy,100,0,0,0,0,0,0,0,0,0,0,0.0,[],1,0,0,0,0,0
2026-08-20T15:00:00+00:00,5,Healthy,100,0,0,0,0,0,0,0,0,0,0,0.0,[],1,0,0,0,0,0
2026-08-20T15:15:00+00:00,5,Healthy,100,0,0,0,0,0,0,0,0,0,0,0.0,[],1,0,0,0,0,0
2026-08-20T15:30:00+00:00,5,Healthy,100,0,0,0,0,0,0,0,0,0,0,0.0,[],1,0,0,0,0,0
2026-08-20T15:45:00+00:00,5,Healthy,100,0,0,0,0,0,0,0,0,0,0,0.0,[],1,0,0,0,0,0
2026-08-20T16:00:00+00:00,5,Healthy,100,0,0,0,0,0,0,0,0,0,0,0.0,[],1,0,0,0,0,0
2026-08-20T16:15:00+00:00,5,Healthy,100,0,0,0,0,0,0,0,0,0,0,0.0,[],1,0,0,0,0,0
2026-08-20T16:30:00+00:00,5,Healthy,100,0,0,0,0,0,0,0,0,0,0,0.0,[],1,0,0,0,0,0
2026-08-20T16:45:00+00:00,5,Healthy,100,0,0,0,0,0,0,0,0,0,0,0.0,[],1,0,0,0,0,0
2026-08-20T17:00:00+00:00,5,Healthy,100,0,0,0,0,0,0,0,0,0,0,0.0,[],1,0,0,0,0,0
2026-08-20T17:15:00+00:00,5,Healthy,100,0,0,0,0,0,0,0,0,0,0,0.0,[],1,0,0,0,0,0
2026-08-20T17:30:00+00:00,5,Healthy,100,0,0,0,0,0,0,0,0,0,0,0.0,[],1,0,0,0,0,0
2026-08-20T17:45:00+00:00,5,Healthy,100,0,0,0,0,0,0,0,0,0,0,0.0,[],1,0,0,0,0,0
2026-08-20T18:00:00+00:00,5,Healthy,100,0,0,0,0,0,0,0,0,0,0,0.0,[],1,0,0,0,0,0
2026-08-20T18:15:00+00:00,5,Healthy,100,0,0,0,0,0,0,0,0,0,0,0.0,[],1,0,0,0,0,0
2026-08-20T18:30:00+00:00,5,Healthy,100,0,0,0,0,0,0,0,0,0,0,0.0,[],1,0,0,0,0,0
2026-08-20T18:45:00+00:00,5,Healthy,100,0,0,0,0,0,0,0,0,0,0,0.0,[],1,1,0,0,0,0
2026-08-20T19:00:00+00:00,5,Healthy,100,0,0,0,0,0,0,0,0,0,0,0.0,[],1,1,0,0,0,0
2026-08-20T19:15:00+00:00,5,Healthy,100,0,0,0,0,0,0,0,0,0,0,0.0,[],1,0,0,0,0,0
2026-08-20T19:30:00+00:00,5,Healthy,100,0,0,0,0,0,0,0,0,0,0,0.0,[],1,1,0,0,0,0
2026-08-20T19:45:00+00:00,5,Healthy,100,0,0,0,0,0,0,0,0,0,0,0.0,[],1,0,0,0,0,0
2026-08-20T20:00:00+00:00,5,Healthy,100,0,0,0,0,0,0,0,0,0,0,0.0,[],1,0,0,0,0,0
2026-08-20T20:15:00+00:00,5,Healthy,100,0,0,0,0,0,0,0,0,0,0,0.0,[],1,0,0,0,0,0
2026-08-20T20:30:00+00:00,5,Warning,96,0,0,0,0,1,0,0,0,1,0,0.0,"[{""type"":""abnormal_noise"",""severity"":""warning"",""channel"":""pm25"",""timestamp"":""2026-08-20T20:30:00+00:00"",""evidence"":{""recent_difference_mad"":5.9674650000000025,""reference_difference_mad"":1.0674719999999982,""variability_ratio"":5.590277777777789,""sign_changes"":5,""window_samples"":8},""message"":""pm25 is rapidly oscillating above its historical variability."",""alert_recommended"":true}]",1,1,0,0,0,0
2026-08-20T20:45:00+00:00,5,Healthy,100,0,0,0,0,0,0,0,0,0,0,0.0,[],1,1,0,0,0,0
2026-08-20T21:00:00+00:00,5,Healthy,100,0,0,0,0,0,0,0,0,0,0,0.0,[],1,0,0,0,0,0
2026-08-20T21:15:00+00:00,5,Healthy,100,0,0,0,0,0,0,0,0,0,0,0.0,[],1,0,0,0,0,0
2026-08-20T21:30:00+00:00,5,Healthy,100,0,0,0,0,0,0,0,0,0,0,0.0,[],1,0,0,0,0,0
2026-08-20T21:45:00+00:00,5,Healthy,100,0,0,0,0,0,0,0,0,0,0,0.0,[],1,0,0,0,0,0
2026-08-20T22:00:00+00:00,5,Healthy,100,0,0,0,0,0,0,0,0,0,0,0.0,[],1,0,0,0,0,0
2026-08-20T22:15:00+00:00,5,Healthy,100,0,0,0,0,0,0,0,0,0,0,0.0,[],1,0,0,0,0,0
2026-08-20T22:30:00+00:00,5,Healthy,100,0,0,0,0,0,0,0,0,0,0,0.0,[],1,0,0,0,0,0
2026-08-20T22:45:00+00:00,5,Healthy,100,0,0,0,0,0,0,0,0,0,0,0.0,[],1,0,0,0,0,0
2026-08-20T23:00:00+00:00,5,Healthy,100,0,0,0,0,0,0,0,0,0,0,0.0,[],1,0,0,0,0,0
2026-08-20T23:15:00+00:00,5,Healthy,100,0,0,0,0,0,0,0,0,0,0,0.0,[],1,0,0,0,0,0
2026-08-20T23:30:00+00:00,5,Healthy,100,0,0,0,0,0,0,0,0,0,0,0.0,[],1,0,0,0,0,0
2026-08-20T23:45:00+00:00,5,Healthy,100,0,0,0,0,0,0,0,0,0,0,0.0,[],1,1,0,0,0,0
2026-08-21T00:00:00+00:00,5,Healthy,100,0,0,0,0,0,0,0,0,0,0,0.0,[],1,0,0,0,0,0
2026-08-21T00:15:00+00:00,5,Healthy,100,0,0,0,0,0,0,0,0,0,0,0.0,[],1,0,0,0,0,0
2026-08-21T00:30:00+00:00,5,Healthy,100,0,0,0,0,0,0,0,0,0,0,0.0,[],1,0,0,0,0,0
2026-08-21T00:45:00+00:00,5,Healthy,100,0,0,0,0,0,0,0,0,0,0,0.0,[],1,0,0,0,0,0
2026-08-21T01:00:00+00:00,5,Healthy,100,0,0,0,0,0,0,0,0,0,0,0.0,[],1,0,0,0,0,0
2026-08-21T01:15:00+00:00,5,Healthy,100,0,0,0,0,0,0,0,0,0,0,0.0,[],1,0,0,0,0,0
2026-08-21T01:30:00+00:00,5,Healthy,100,0,0,0,0,0,0,0,0,0,0,0.0,[],1,1,0,0,0,0
2026-08-21T01:45:00+00:00,5,Healthy,100,0,0,0,0,0,0,0,0,0,0,0.0,[],1,0,0,0,0,0
2026-08-21T02:00:00+00:00,5,Healthy,100,0,0,0,0,0,0,0,0,0,0,0.0,[],1,0,0,0,0,0
2026-08-21T02:15:00+00:00,5,Healthy,100,0,0,0,0,0,0,0,0,0,0,0.0,[],1,0,0,0,0,0
2026-08-21T02:30:00+00:00,5,Healthy,100,0,0,0,0,0,0,0,0,0,0,0.0,[],1,1,0,0,0,0
2026-08-21T02:45:00+00:00,5,Healthy,100,0,0,0,0,0,0,0,0,0,0,0.0,[],1,0,0,0,0,0
2026-08-21T03:00:00+00:00,5,Healthy,100,0,0,0,0,0,0,0,0,0,0,0.0,[],1,0,0,0,0,0
2026-08-21T03:15:00+00:00,5,Healthy,100,0,0,0,0,0,0,0,0,0,0,0.0,[],1,1,0,0,0,0
2026-08-21T03:30:00+00:00,5,Healthy,100,0,0,0,0,0,0,0,0,0,0,0.0,[],1,1,0,0,0,0
2026-08-21T03:45:00+00:00,5,Healthy,100,0,0,0,0,0,0,0,0,0,0,0.0,[],1,0,0,0,0,0
2026-08-21T04:00:00+00:00,5,Healthy,100,0,0,0,0,0,0,0,0,0,0,0.0,[],1,0,0,0,0,0
2026-08-21T04:15:00+00:00,5,Warning,98,0,0,0,0,0,0,0,1,1,0,0.0,"[{""type"":""cross_sensor_inconsistency"",""severity"":""warning"",""channel"":""pm25"",""timestamp"":""2026-08-21T04:15:00+00:00"",""evidence"":{""recent_samples"":4,""median_residual"":20.052499999999995,""reference_center"":0.4049999999999976,""robust_scale"":2.031162000000007,""peer_sensor_ids"":[2,4]},""message"":""PM2.5 differs persistently from both other Nablus sensors; this is supporting review evidence only."",""alert_recommended"":true}]",1,0,0,0,0,0
2026-08-21T04:30:00+00:00,5,Warning,98,0,0,0,0,0,0,0,1,1,0,0.0,"[{""type"":""cross_sensor_inconsistency"",""severity"":""warning"",""channel"":""pm25"",""timestamp"":""2026-08-21T04:30:00+00:00"",""evidence"":{""recent_samples"":4,""median_residual"":21.3925,""reference_center"":0.40999999999999837,""robust_scale"":2.038575,""peer_sensor_ids"":[2,4]},""message"":""PM2.5 differs persistently from both other Nablus sensors; this is supporting review evidence only."",""alert_recommended"":true}]",1,0,0,0,0,0
2026-08-21T04:45:00+00:00,5,Warning,98,0,0,0,0,0,0,0,1,1,0,0.0,"[{""type"":""cross_sensor_inconsistency"",""severity"":""warning"",""channel"":""pm25"",""timestamp"":""2026-08-21T04:45:00+00:00"",""evidence"":{""recent_samples"":4,""median_residual"":21.3925,""reference_center"":0.41499999999999915,""robust_scale"":2.031162000000007,""peer_sensor_ids"":[2,4]},""message"":""PM2.5 differs persistently from both other Nablus sensors; this is supporting review evidence only."",""alert_recommended"":true}]",1,0,0,0,0,0
2026-08-21T05:00:00+00:00,5,Warning,98,0,0,0,0,0,0,0,1,1,0,0.0,"[{""type"":""cross_sensor_inconsistency"",""severity"":""warning"",""channel"":""pm25"",""timestamp"":""2026-08-21T05:00:00+00:00"",""evidence"":{""recent_samples"":4,""median_residual"":20.380000000000003,""reference_center"":0.41749999999999954,""robust_scale"":2.034868500000003,""peer_sensor_ids"":[2,4]},""message"":""PM2.5 differs persistently from both other Nablus sensors; this is supporting review evidence only."",""alert_recommended"":true}]",1,0,0,0,0,0
2026-08-21T05:15:00+00:00,5,Healthy,100,0,0,0,0,0,0,0,0,0,0,0.0,[],1,1,0,0,0,0
2026-08-21T05:30:00+00:00,5,Healthy,100,0,0,0,0,0,0,0,0,0,0,0.0,[],1,0,0,0,0,0
2026-08-21T05:45:00+00:00,5,Healthy,100,0,0,0,0,0,0,0,0,0,0,0.0,[],1,0,0,0,0,0
2026-08-21T06:00:00+00:00,5,Healthy,100,0,0,0,0,0,0,0,0,0,0,0.0,[],1,0,0,0,0,0
2026-08-21T06:15:00+00:00,5,Healthy,100,0,0,0,0,0,0,0,0,0,0,0.0,[],1,0,0,0,0,0
2026-08-21T06:30:00+00:00,5,Healthy,100,0,0,0,0,0,0,0,0,0,0,0.0,[],1,0,0,0,0,0
2026-08-21T06:45:00+00:00,5,Healthy,100,0,0,0,0,0,0,0,0,0,0,0.0,[],1,0,0,0,0,0
2026-08-21T07:00:00+00:00,5,Healthy,100,0,0,0,0,0,0,0,0,0,0,0.0,[],1,0,0,0,0,0
2026-08-21T07:15:00+00:00,5,Healthy,100,0,0,0,0,0,0,0,0,0,0,0.0,[],1,0,0,0,0,0
2026-08-21T07:30:00+00:00,5,Healthy,100,0,0,0,0,0,0,0,0,0,0,0.0,[],1,0,0,0,0,0
2026-08-21T07:45:00+00:00,5,Healthy,100,0,0,0,0,0,0,0,0,0,0,0.0,[],1,0,0,0,0,0
2026-08-21T08:00:00+00:00,5,Healthy,100,0,0,0,0,0,0,0,0,0,0,0.0,[],1,0,0,0,0,0
2026-08-21T08:15:00+00:00,5,Healthy,100,0,0,0,0,0,0,0,0,0,0,0.0,[],1,0,0,0,0,0
2026-08-21T08:30:00+00:00,5,Healthy,100,0,0,0,0,0,0,0,0,0,0,0.0,[],1,0,0,0,0,0
2026-08-21T08:45:00+00:00,5,Healthy,100,0,0,0,0,0,0,0,0,0,0,0.0,[],1,0,0,0,0,0
2026-08-21T09:00:00+00:00,5,Healthy,100,0,0,0,0,0,0,0,0,0,0,0.0,[],1,0,0,0,0,0
2026-08-21T09:15:00+00:00,5,Healthy,100,0,0,0,0,0,0,0,0,0,0,0.0,[],1,0,0,0,0,0
2026-08-21T09:30:00+00:00,5,Healthy,100,0,0,0,0,0,0,0,0,0,0,0.0,[],1,0,0,0,0,0
2026-08-21T09:45:00+00:00,5,Healthy,100,0,0,0,0,0,0,0,0,0,0,0.0,[],1,0,0,0,0,0
2026-08-21T10:00:00+00:00,5,Healthy,100,0,0,0,0,0,0,0,0,0,0,0.0,[],1,0,0,0,0,0
2026-08-21T10:15:00+00:00,5,Healthy,100,0,0,0,0,0,0,0,0,0,0,0.0,[],1,0,0,0,0,0
2026-08-21T10:30:00+00:00,5,Healthy,100,0,0,0,0,0,0,0,0,0,0,0.0,[],1,0,0,0,0,0
2026-08-21T10:45:00+00:00,5,Healthy,100,0,0,0,0,0,0,0,0,0,0,0.0,[],1,0,0,0,0,0
2026-08-21T11:00:00+00:00,5,Healthy,100,0,0,0,0,0,0,0,0,0,0,0.0,[],1,0,0,0,0,0
2026-08-21T11:15:00+00:00,5,Healthy,100,0,0,0,0,0,0,0,0,0,0,0.0,[],1,0,0,0,0,0
2026-08-21T11:30:00+00:00,5,Healthy,100,0,0,0,0,0,0,0,0,0,0,0.0,[],1,0,0,0,0,0
2026-08-21T11:45:00+00:00,5,Healthy,100,0,0,0,0,0,0,0,0,0,0,0.0,[],1,0,0,0,0,0
2026-08-21T12:00:00+00:00,5,Healthy,100,0,0,0,0,0,0,0,0,0,0,0.0,[],1,0,0,0,0,0
2026-08-21T12:15:00+00:00,5,Healthy,100,0,0,0,0,0,0,0,0,0,0,0.0,[],1,0,0,0,0,0
2026-08-21T12:30:00+00:00,5,Healthy,100,0,0,0,0,0,0,0,0,0,0,0.0,[],1,0,0,0,0,0
2026-08-21T12:45:00+00:00,5,Healthy,100,0,0,0,0,0,0,0,0,0,0,0.0,[],1,0,0,0,0,0
2026-08-21T13:00:00+00:00,5,Healthy,100,0,0,0,0,0,0,0,0,0,0,0.0,[],1,0,0,0,0,0
2026-08-21T13:15:00+00:00,5,Healthy,100,0,0,0,0,0,0,0,0,0,0,0.0,[],1,0,0,0,0,0
2026-08-21T13:30:00+00:00,5,Healthy,100,0,0,0,0,0,0,0,0,0,0,0.0,[],1,0,0,0,0,0
2026-08-21T13:45:00+00:00,5,Healthy,100,0,0,0,0,0,0,0,0,0,0,0.0,[],1,0,0,0,0,0
2026-08-21T14:00:00+00:00,5,Healthy,100,0,0,0,0,0,0,0,0,0,0,0.0,[],1,0,0,0,0,0
2026-08-21T14:15:00+00:00,5,Healthy,100,0,0,0,0,0,0,0,0,0,0,0.0,[],1,0,0,0,0,0
2026-08-21T14:30:00+00:00,5,Healthy,100,0,0,0,0,0,0,0,0,0,0,0.0,[],1,0,0,0,0,0
2026-08-21T14:45:00+00:00,5,Healthy,100,0,0,0,0,0,0,0,0,0,0,0.0,[],1,0,0,0,0,0
2026-08-21T15:00:00+00:00,5,Healthy,100,0,0,0,0,0,0,0,0,0,0,0.0,[],1,0,0,0,0,0
2026-08-21T15:15:00+00:00,5,Healthy,100,0,0,0,0,0,0,0,0,0,0,15.0,[],0,0,0,0,0,0
2026-08-21T15:30:00+00:00,5,Warning,95,0,1,0,0,0,0,0,0,1,0,0.0,"[{""type"":""sampling_gap"",""severity"":""warning"",""channel"":null,""timestamp"":""2026-08-21T15:30:00+00:00"",""evidence"":{""gap_minutes"":30.0,""missed_intervals"":1},""message"":""Sensor missed 1 expected reporting interval(s)."",""alert_recommended"":true}]",1,0,0,0,1,0
2026-08-21T15:45:00+00:00,5,Healthy,100,0,0,0,0,0,0,0,0,0,0,0.0,[],1,0,0,0,0,0
2026-08-21T16:00:00+00:00,5,Healthy,100,0,0,0,0,0,0,0,0,0,0,0.0,[],1,0,0,0,0,0
2026-08-21T16:15:00+00:00,5,Healthy,100,0,0,0,0,0,0,0,0,0,0,0.0,[],1,0,0,0,0,0
2026-08-21T16:30:00+00:00,5,Healthy,100,0,0,0,0,0,0,0,0,0,0,0.0,[],1,0,0,0,0,0
2026-08-21T16:45:00+00:00,5,Healthy,100,0,0,0,0,0,0,0,0,0,0,0.0,[],1,0,0,0,0,0
2026-08-21T17:00:00+00:00,5,Healthy,100,0,0,0,0,0,0,0,0,0,0,0.0,[],1,0,0,0,0,0
2026-08-21T17:15:00+00:00,5,Healthy,100,0,0,0,0,0,0,0,0,0,0,0.0,[],1,0,0,0,0,0
2026-08-21T17:30:00+00:00,5,Healthy,100,0,0,0,0,0,0,0,0,0,0,0.0,[],1,0,0,0,0,0
2026-08-21T17:45:00+00:00,5,Healthy,100,0,0,0,0,0,0,0,0,0,0,0.0,[],1,1,0,0,0,1
2026-08-21T18:00:00+00:00,5,Healthy,100,0,0,0,0,0,0,0,0,0,0,0.0,[],1,1,0,0,0,0
2026-08-21T18:15:00+00:00,5,Healthy,100,0,0,0,0,0,0,0,0,0,0,0.0,[],1,1,0,0,0,0
2026-08-21T18:30:00+00:00,5,Healthy,100,0,0,0,0,0,0,0,0,0,0,0.0,[],1,0,0,0,0,0
2026-08-21T18:45:00+00:00,5,Healthy,100,0,0,0,0,0,0,0,0,0,0,0.0,[],1,1,0,0,0,0
2026-08-21T19:00:00+00:00,5,Healthy,100,0,0,0,0,0,0,0,0,0,0,0.0,[],1,0,0,0,0,0
2026-08-21T19:15:00+00:00,5,Healthy,100,0,0,0,0,0,0,0,0,0,0,0.0,[],1,0,0,0,0,0
2026-08-21T19:30:00+00:00,5,Healthy,100,0,0,0,0,0,0,0,0,0,0,0.0,[],1,0,0,0,0,0
2026-08-21T19:45:00+00:00,5,Healthy,100,0,0,0,0,0,0,0,0,0,0,0.0,[],1,1,0,0,0,0
2026-08-21T20:00:00+00:00,5,Healthy,100,0,0,0,0,0,0,0,0,0,0,0.0,[],1,0,0,0,0,0
2026-08-21T20:15:00+00:00,5,Healthy,100,0,0,0,0,0,0,0,0,0,0,0.0,[],1,0,0,0,0,0
2026-08-21T20:30:00+00:00,5,Healthy,100,0,0,0,0,0,0,0,0,0,0,0.0,[],1,0,0,0,0,0
2026-08-21T20:45:00+00:00,5,Healthy,100,0,0,0,0,0,0,0,0,0,0,0.0,[],1,0,0,0,0,0
2026-08-21T21:00:00+00:00,5,Healthy,100,0,0,0,0,0,0,0,0,0,0,0.0,[],1,0,0,0,0,0
2026-08-21T21:15:00+00:00,5,Healthy,100,0,0,0,0,0,0,0,0,0,0,0.0,[],1,0,0,0,0,0
2026-08-21T21:30:00+00:00,5,Healthy,100,0,0,0,0,0,0,0,0,0,0,0.0,[],1,0,0,0,0,0
2026-08-21T21:45:00+00:00,5,Healthy,100,0,0,0,0,0,0,0,0,0,0,0.0,[],1,0,0,0,0,0
2026-08-21T22:00:00+00:00,5,Healthy,100,0,0,0,0,0,0,0,0,0,0,0.0,[],1,0,0,0,0,0
2026-08-21T22:15:00+00:00,5,Healthy,100,0,0,0,0,0,0,0,0,0,0,0.0,[],1,0,0,0,0,0
2026-08-21T22:30:00+00:00,5,Healthy,100,0,0,0,0,0,0,0,0,0,0,0.0,[],1,0,0,0,0,0
2026-08-21T22:45:00+00:00,5,Healthy,100,0,0,0,0,0,0,0,0,0,0,0.0,[],1,0,0,0,0,0
2026-08-21T23:00:00+00:00,5,Healthy,100,0,0,0,0,0,0,0,0,0,0,0.0,[],1,0,0,0,0,0
2026-08-21T23:15:00+00:00,5,Healthy,100,0,0,0,0,0,0,0,0,0,0,0.0,[],1,0,0,0,0,0
2026-08-21T23:30:00+00:00,5,Healthy,100,0,0,0,0,0,0,0,0,0,0,0.0,[],1,0,0,0,0,0
2026-08-21T23:45:00+00:00,5,Healthy,100,0,0,0,0,0,0,0,0,0,0,0.0,[],1,0,0,0,0,0
2026-08-22T00:00:00+00:00,5,Healthy,100,0,0,0,0,0,0,0,0,0,0,0.0,[],1,0,0,0,0,0
2026-08-22T00:15:00+00:00,5,Healthy,100,0,0,0,0,0,0,0,0,0,0,0.0,[],1,0,0,0,0,0
2026-08-22T00:30:00+00:00,5,Healthy,100,0,0,0,0,0,0,0,0,0,0,0.0,[],1,1,0,0,0,0
2026-08-22T00:45:00+00:00,5,Healthy,100,0,0,0,0,0,0,0,0,0,0,0.0,[],1,0,0,0,0,0
2026-08-22T01:00:00+00:00,5,Healthy,100,0,0,0,0,0,0,0,0,0,0,0.0,[],1,0,0,0,0,0
2026-08-22T01:15:00+00:00,5,Healthy,100,0,0,0,0,0,0,0,0,0,0,0.0,[],1,1,0,0,0,0
2026-08-22T01:30:00+00:00,5,Healthy,100,0,0,0,0,0,0,0,0,0,0,0.0,[],1,0,0,0,0,0
2026-08-22T01:45:00+00:00,5,Healthy,100,0,0,0,0,0,0,0,0,0,0,0.0,[],1,0,0,0,0,0
2026-08-22T02:00:00+00:00,5,Healthy,100,0,0,0,0,0,0,0,0,0,0,0.0,[],1,0,0,0,0,0
2026-08-22T02:15:00+00:00,5,Healthy,100,0,0,0,0,0,0,0,0,0,0,0.0,[],1,1,0,0,0,0
2026-08-22T02:30:00+00:00,5,Healthy,100,0,0,0,0,0,0,0,0,0,0,0.0,[],1,0,0,0,0,0
2026-08-22T02:45:00+00:00,5,Healthy,100,0,0,0,0,0,0,0,0,0,0,0.0,[],1,1,0,0,0,0
2026-08-22T03:00:00+00:00,5,Healthy,100,0,0,0,0,0,0,0,0,0,0,0.0,[],1,0,0,0,0,0
2026-08-22T03:15:00+00:00,5,Healthy,100,0,0,0,0,0,0,0,0,0,0,0.0,[],1,0,0,0,0,0
2026-08-22T03:30:00+00:00,5,Healthy,100,0,0,0,0,0,0,0,0,0,0,0.0,[],1,0,0,0,0,0
2026-08-22T03:45:00+00:00,5,Healthy,100,0,0,0,0,0,0,0,0,0,0,0.0,[],1,0,0,0,0,0
2026-08-22T04:00:00+00:00,5,Healthy,100,0,0,0,0,0,0,0,0,0,0,0.0,[],1,0,0,0,0,0
2026-08-22T04:15:00+00:00,5,Healthy,100,0,0,0,0,0,0,0,0,0,0,0.0,[],1,1,0,0,0,0
2026-08-22T04:30:00+00:00,5,Healthy,100,0,0,0,0,0,0,0,0,0,0,0.0,[],1,0,0,0,0,0
2026-08-22T04:45:00+00:00,5,Healthy,100,0,0,0,0,0,0,0,0,0,0,0.0,[],1,0,0,0,0,0
2026-08-22T05:00:00+00:00,5,Healthy,100,0,0,0,0,0,0,0,0,0,0,0.0,[],1,0,0,0,0,0
2026-08-22T05:15:00+00:00,5,Healthy,100,0,0,0,0,0,0,0,0,0,0,0.0,[],1,0,0,0,0,0
2026-08-22T05:30:00+00:00,5,Healthy,100,0,0,0,0,0,0,0,0,0,0,0.0,[],1,0,0,0,0,0
2026-08-22T05:45:00+00:00,5,Healthy,100,0,0,0,0,0,0,0,0,0,0,0.0,[],1,0,0,0,0,0
2026-08-22T06:00:00+00:00,5,Healthy,100,0,0,0,0,0,0,0,0,0,0,0.0,[],1,0,0,0,0,0
2026-08-22T06:15:00+00:00,5,Healthy,100,0,0,0,0,0,0,0,0,0,0,0.0,[],1,0,0,0,0,0
2026-08-22T06:30:00+00:00,5,Healthy,100,0,0,0,0,0,0,0,0,0,0,0.0,[],1,0,0,0,0,0
2026-08-22T06:45:00+00:00,5,Healthy,100,0,0,0,0,0,0,0,0,0,0,0.0,[],1,0,0,0,0,0
2026-08-22T07:00:00+00:00,5,Healthy,100,0,0,0,0,0,0,0,0,0,0,0.0,[],1,0,0,0,0,0
2026-08-22T07:15:00+00:00,5,Healthy,100,0,0,0,0,0,0,0,0,0,0,0.0,[],1,0,0,0,0,0
2026-08-22T07:30:00+00:00,5,Healthy,100,0,0,0,0,0,0,0,0,0,0,0.0,[],1,0,0,0,0,0
2026-08-22T07:45:00+00:00,5,Healthy,100,0,0,0,0,0,0,0,0,0,0,0.0,[],1,0,0,0,0,0
2026-08-22T08:00:00+00:00,5,Healthy,100,0,0,0,0,0,0,0,0,0,0,0.0,[],1,0,0,0,0,0
2026-08-22T08:15:00+00:00,5,Healthy,100,0,0,0,0,0,0,0,0,0,0,0.0,[],1,0,0,0,0,0
2026-08-22T08:30:00+00:00,5,Healthy,100,0,0,0,0,0,0,0,0,0,0,0.0,[],1,0,0,0,0,0
2026-08-22T08:45:00+00:00,5,Healthy,100,0,0,0,0,0,0,0,0,0,0,0.0,[],1,0,0,0,0,0
2026-08-22T09:00:00+00:00,5,Healthy,100,0,0,0,0,0,0,0,0,0,0,0.0,[],1,0,0,0,0,0
2026-08-22T09:15:00+00:00,5,Healthy,100,0,0,0,0,0,0,0,0,0,0,0.0,[],1,0,0,0,0,0
2026-08-22T09:30:00+00:00,5,Healthy,100,0,0,0,0,0,0,0,0,0,0,0.0,[],1,0,0,0,0,0
2026-08-22T09:45:00+00:00,5,Healthy,100,0,0,0,0,0,0,0,0,0,0,0.0,[],1,0,0,0,0,0
2026-08-22T10:00:00+00:00,5,Healthy,100,0,0,0,0,0,0,0,0,0,0,0.0,[],1,0,0,0,0,0
2026-08-22T10:15:00+00:00,5,Healthy,100,0,0,0,0,0,0,0,0,0,0,0.0,[],1,0,0,0,0,0
2026-08-22T10:30:00+00:00,5,Healthy,100,0,0,0,0,0,0,0,0,0,0,0.0,[],1,0,0,0,0,0
2026-08-22T10:45:00+00:00,5,Healthy,100,0,0,0,0,0,0,0,0,0,0,0.0,[],1,0,0,0,0,0
2026-08-22T11:00:00+00:00,5,Healthy,100,0,0,0,0,0,0,0,0,0,0,0.0,[],1,0,0,0,0,0
2026-08-22T11:15:00+00:00,5,Healthy,100,0,0,0,0,0,0,0,0,0,0,0.0,[],1,0,0,0,0,0
2026-08-22T11:30:00+00:00,5,Healthy,100,0,0,0,0,0,0,0,0,0,0,0.0,[],1,0,0,0,0,0
2026-08-22T11:45:00+00:00,5,Healthy,100,0,0,0,0,0,0,0,0,0,0,0.0,[],1,0,0,0,0,0
2026-08-22T12:00:00+00:00,5,Healthy,100,0,0,0,0,0,0,0,0,0,0,0.0,[],1,0,0,0,0,0
2026-08-22T12:15:00+00:00,5,Healthy,100,0,0,0,0,0,0,0,0,0,0,0.0,[],1,0,0,0,0,0
2026-08-22T12:30:00+00:00,5,Healthy,100,0,0,0,0,0,0,0,0,0,0,0.0,[],1,0,0,0,0,0
2026-08-22T12:45:00+00:00,5,Healthy,100,0,0,0,0,0,0,0,0,0,0,0.0,[],1,0,0,0,0,0
2026-08-22T13:00:00+00:00,5,Healthy,100,0,0,0,0,0,0,0,0,0,0,0.0,[],1,0,0,0,0,0
2026-08-22T13:15:00+00:00,5,Healthy,100,0,0,0,0,0,0,0,0,0,0,0.0,[],1,0,0,0,0,0
2026-08-22T13:30:00+00:00,5,Healthy,100,0,0,0,0,0,0,0,0,0,0,0.0,[],1,0,0,0,0,0
2026-08-22T13:45:00+00:00,5,Healthy,100,0,0,0,0,0,0,0,0,0,0,0.0,[],1,0,0,0,0,0
2026-08-22T14:00:00+00:00,5,Healthy,100,0,0,0,0,0,0,0,0,0,0,0.0,[],1,0,0,0,0,0
2026-08-22T14:15:00+00:00,5,Healthy,100,0,0,0,0,0,0,0,0,0,0,0.0,[],1,0,0,0,0,0
2026-08-22T14:30:00+00:00,5,Healthy,100,0,0,0,0,0,0,0,0,0,0,0.0,[],1,0,0,0,0,0
2026-08-22T14:45:00+00:00,5,Healthy,100,0,0,0,0,0,0,0,0,0,0,0.0,[],1,0,0,0,0,0
2026-08-22T15:00:00+00:00,5,Healthy,100,0,0,0,0,0,0,0,0,0,0,0.0,[],1,0,0,0,0,0
2026-08-22T15:15:00+00:00,5,Healthy,100,0,0,0,0,0,0,0,0,0,0,0.0,[],1,0,0,0,0,0
2026-08-22T15:30:00+00:00,5,Healthy,100,0,0,0,0,0,0,0,0,0,0,0.0,[],1,0,0,0,0,0
2026-08-22T15:45:00+00:00,5,Healthy,100,0,0,0,0,0,0,0,0,0,0,0.0,[],1,0,0,0,0,0
2026-08-22T16:00:00+00:00,5,Healthy,100,0,0,0,0,0,0,0,0,0,0,0.0,[],1,0,0,0,0,0
2026-08-22T16:15:00+00:00,5,Healthy,100,0,0,0,0,0,0,0,0,0,0,0.0,[],1,0,0,0,0,0
2026-08-22T16:30:00+00:00,5,Healthy,100,0,0,0,0,0,0,0,0,0,0,0.0,[],1,0,0,0,0,0
2026-08-22T16:45:00+00:00,5,Healthy,100,0,0,0,0,0,0,0,0,0,0,0.0,[],1,0,0,0,0,0
2026-08-22T17:00:00+00:00,5,Healthy,100,0,0,0,0,0,0,0,0,0,0,0.0,[],1,0,0,0,0,0
2026-08-22T17:15:00+00:00,5,Healthy,100,0,0,0,0,0,0,0,0,0,0,0.0,[],1,0,0,0,0,0
2026-08-22T17:30:00+00:00,5,Healthy,100,0,0,0,0,0,0,0,0,0,0,0.0,[],1,0,0,0,0,0
2026-08-22T17:45:00+00:00,5,Healthy,100,0,0,0,0,0,0,0,0,0,0,0.0,[],1,0,0,0,0,0
2026-08-22T18:00:00+00:00,5,Healthy,100,0,0,0,0,0,0,0,0,0,0,0.0,[],1,0,0,0,0,0
2026-08-22T18:15:00+00:00,5,Healthy,100,0,0,0,0,0,0,0,0,0,0,0.0,[],1,0,0,0,0,0
2026-08-22T18:30:00+00:00,5,Healthy,100,0,0,0,0,0,0,0,0,0,0,0.0,[],1,0,0,0,0,0
2026-08-22T18:45:00+00:00,5,Healthy,100,0,0,0,0,0,0,0,0,0,0,0.0,[],1,0,0,0,0,0
2026-08-22T19:00:00+00:00,5,Healthy,100,0,0,0,0,0,0,0,0,0,0,0.0,[],1,0,0,0,0,0
2026-08-22T19:15:00+00:00,5,Healthy,100,0,0,0,0,0,0,0,0,0,0,0.0,[],1,0,0,0,0,0
2026-08-22T19:30:00+00:00,5,Healthy,100,0,0,0,0,0,0,0,0,0,0,0.0,[],1,0,0,0,0,0
2026-08-22T19:45:00+00:00,5,Healthy,100,0,0,0,0,0,0,0,0,0,0,0.0,[],1,0,0,0,0,0
2026-08-22T20:00:00+00:00,5,Healthy,100,0,0,0,0,0,0,0,0,0,0,0.0,[],1,0,0,0,0,0
2026-08-22T20:15:00+00:00,5,Healthy,100,0,0,0,0,0,0,0,0,0,0,0.0,[],1,0,0,0,0,0
2026-08-22T20:30:00+00:00,5,Healthy,100,0,0,0,0,0,0,0,0,0,0,0.0,[],1,0,0,0,0,0
2026-08-22T20:45:00+00:00,5,Healthy,100,0,0,0,0,0,0,0,0,0,0,0.0,[],1,0,0,0,0,0
2026-08-22T21:00:00+00:00,5,Healthy,100,0,0,0,0,0,0,0,0,0,0,0.0,[],1,0,0,0,0,0
2026-08-22T21:15:00+00:00,5,Healthy,100,0,0,0,0,0,0,0,0,0,0,0.0,[],1,0,0,0,0,0
2026-08-22T21:30:00+00:00,5,Healthy,100,0,0,0,0,0,0,0,0,0,0,0.0,[],1,0,0,0,0,0
2026-08-22T21:45:00+00:00,5,Healthy,100,0,0,0,0,0,0,0,0,0,0,0.0,[],1,0,0,0,0,0
2026-08-22T22:00:00+00:00,5,Healthy,100,0,0,0,0,0,0,0,0,0,0,0.0,[],1,0,0,0,0,0
2026-08-22T22:15:00+00:00,5,Healthy,100,0,0,0,0,0,0,0,0,0,0,0.0,[],1,0,0,0,0,0
2026-08-22T22:30:00+00:00,5,Healthy,100,0,0,0,0,0,0,0,0,0,0,0.0,[],1,0,0,0,0,0
2026-08-22T22:45:00+00:00,5,Healthy,100,0,0,0,0,0,0,0,0,0,0,0.0,[],1,0,0,0,0,0
2026-08-22T23:00:00+00:00,5,Healthy,100,0,0,0,0,0,0,0,0,0,0,0.0,[],1,0,0,0,0,0
2026-08-22T23:15:00+00:00,5,Healthy,100,0,0,0,0,0,0,0,0,0,0,0.0,[],1,0,0,0,0,0
2026-08-22T23:30:00+00:00,5,Healthy,100,0,0,0,0,0,0,0,0,0,0,0.0,[],1,0,0,0,0,0
2026-08-22T23:45:00+00:00,5,Healthy,100,0,0,0,0,0,0,0,0,0,0,0.0,[],1,0,0,0,0,0
2026-08-23T00:00:00+00:00,5,Healthy,100,0,0,0,0,0,0,0,0,0,0,0.0,[],1,0,0,0,0,0
2026-08-23T00:15:00+00:00,5,Healthy,100,0,0,0,0,0,0,0,0,0,0,0.0,[],1,0,0,0,0,0
2026-08-23T00:30:00+00:00,5,Healthy,100,0,0,0,0,0,0,0,0,0,0,0.0,[],1,0,0,0,0,0
