timestamp,sensor_id,status,health_score,missing_count,gap_flag,flatline_flag,jump_flag,noise_flag,possible_drift_flag,suspicious_value_flag,cross_sensor_inconsistency_flag,issue_count,critical_issue_count,minutes_since_last_reading,issues_json,source_row_present,existing_jump_flag,existing_flatline_flag,existing_possible_drift_flag,existing_sampling_gap_flag,existing_suspicious_value_flag
2026-08-06T00:00:00+00:00,1,Healthy,100,0,0,0,0,0,0,0,0,0,0,0.0,[],1,0,0,0,0,0
2026-08-06T00:15:00+00:00,1,Healthy,100,0,0,0,0,0,0,0,0,0,0,0.0,[],1,0,0,0,0,0
2026-08-06T00:30:00+00:00,1,Healthy,100,0,0,0,0,0,0,0,0,0,0,0.0,[],1,0,0,0,0,0
2026-08-06T00:45:00+00:00,1,Healthy,100,0,0,0,0,0,0,0,0,0,0,0.0,[],1,0,0,0,0,0
2026-08-06T01:00:00+00:00,1,Healthy,100,0,0,0,0,0,0,0,0,0,0,0.0,[],1,0,0,0,0,0
2026-08-06T01:15:00+00:00,1,Healthy,100,0,0,0,0,0,0,0,0,0,0,0.0,[],1,0,0,0,0,0
2026-08-06T01:30:00+00:00,1,Healthy,100,0,0,0,0,0,0,0,0,0,0,0.0,[],1,0,0,0,0,0
2026-08-06T01:45:00+00:00,1,Healthy,100,0,0,0,0,0,0,0,0,0,0,0.0,[],1,0,0,0,0,0
2026-08-06T02:00:00+00:00,1,Healthy,100,0,0,0,0,0,0,0,0,0,0,0.0,[],1,0,0,0,0,0
2026-08-06T02:15:00+00:00,1,Healthy,100,0,0,0,0,0,0,0,0,0,0,0.0,[],1,0,0,0,0,0
2026-08-06T02:30:00+00:00,1,Healthy,100,0,0,0,0,0,0,0,0,0,0,0.0,[],1,0,0,0,0,0
2026-08-06T02:45:00+00:00,1,Healthy,100,0,0,0,0,0,0,0,0,0,0,0.0,[],1,0,0,0,0,0
2026-08-06T03:00:00+00:00,1,Healthy,100,0,0,0,0,0,0,0,0,0,0,0.0,[],1,0,0,0,0,0
2026-08-06T03:15:00+00:00,1,Healthy,100,0,0,0,0,0,0,0,0,0,0,0.0,[],1,0,0,0,0,0
2026-08-06T03:30:00+00:00,1,Healthy,100,0,0,0,0,0,0,0,0,0,0,0.0,[],1,0,0,0,0,0
2026-08-06T03:45:00+00:00,1,Healthy,100,0,0,0,0,0,0,0,0,0,0,0.0,[],1,0,0,0,0,0
2026-08-06T04:00:00+00:00,1,Healthy,100,0,0,0,0,0,0,0,0,0,0,0.0,[],1,0,0,0,0,0
2026-08-06T04:15:00+00:00,1,Healthy,100,0,0,0,0,0,0,0,0,0,0,0.0,[],1,0,0,0,0,0
2026-08-06T04:30:00+00:00,1,Healthy,100,0,0,0,0,0,0,0,0,0,0,0.0,[],1,0,0,0,0,0
2026-08-06T04:45:00+00:00,1,Healthy,100,0,0,0,0,0,0,0,0,0,0,0.0,[],1,0,0,0,0,0
2026-08-06T05:00:00+00:00,1,Healthy,100,0,0,0,0,0,0,0,0,0,0,0.0,[],1,0,0,0,0,0
2026-08-06T05:15:00+00:00,1,Healthy,100,0,0,0,0,0,0,0,0,0,0,0.0,[],1,0,0,0,0,0
2026-08-06T05:30:00+00:00,1,Healthy,100,0,0,0,0,0,0,0,0,0,0,0.0,[],1,0,0,0,0,0
2026-08-06T05:45:00+00:00,1,Healthy,100,0,0,0,0,0,0,0,0,0,0,0.0,[],1,0,0,0,0,0
2026-08-06T06:00:00+00:00,1,Healthy,100,0,0,0,0,0,0,0,0,0,0,0.0,[],1,0,0,0,0,0
2026-08-06T06:15:00+00:00,1,Healthy,100,0,0,0,0,0,0,0,0,0,0,0.0,[],1,0,0,0,0,0
2026-08-06T06:30:00+00:00,1,Healthy,100,0,0,0,0,0,0,0,0,0,0,0.0,[],1,0,0,0,0,0
2026-08-06T06:45:00+00:00,1,Healthy,100,0,0,0,0,0,0,0,0,0,0,0.0,[],1,0,0,0,0,0
2026-08-06T07:00:00+00:00,1,Warning,98,0,0,0,1,0,0,0,0,1,0,0.0,"[{""type"":""jump"",""severity"":""warning"",""channel"":""pm25"",""timestamp"":""2026-08-06T07:00:00+00:00"",""evidence"":{""absolute_change"":3.4800000000000004,""threshold"":2.7521599999999484,""reference_differences"":27,""method"":""max(median+8*MAD, Q3+3*IQR, resolution)""},""message"":""pm25 changed by 3.48, above its causal robust threshold 2.75."",""alert_recommended"":true}]",1,0,0,0,0,0
2026-08-06T07:15:00+00:00,1,Healthy,100,0,0,0,0,0,0,0,0,0,0,0.0,[],1,0,0,0,0,0
2026-08-06T07:30:00+00:00,1,Healthy,100,0,0,0,0,0,0,0,0,0,0,0.0,[],1,0,0,0,0,0
2026-08-06T07:45:00+00:00,1,Healthy,100,0,0,0,0,0,0,0,0,0,0,0.0,[],1,0,0,0,0,0
2026-08-06T08:00:00+00:00,1,Healthy,100,0,0,0,0,0,0,0,0,0,0,0.0,[],1,0,0,0,0,0
2026-08-06T08:15:00+00:00,1,Healthy,100,0,0,0,0,0,0,0,0,0,0,0.0,[],1,0,0,0,0,0
2026-08-06T08:30:00+00:00,1,Healthy,100,0,0,0,0,0,0,0,0,0,0,0.0,[],1,0,0,0,0,0
2026-08-06T08:45:00+00:00,1,Healthy,100,0,0,0,0,0,0,0,0,0,0,0.0,[],1,0,0,0,0,0
2026-08-06T09:00:00+00:00,1,Healthy,100,0,0,0,0,0,0,0,0,0,0,0.0,[],1,0,0,0,0,0
2026-08-06T09:15:00+00:00,1,Healthy,100,0,0,0,0,0,0,0,0,0,0,0.0,[],1,0,0,0,0,0
2026-08-06T09:30:00+00:00,1,Healthy,100,0,0,0,0,0,0,0,0,0,0,0.0,[],1,0,0,0,0,0
2026-08-06T09:45:00+00:00,1,Healthy,100,0,0,0,0,0,0,0,0,0,0,0.0,[],1,0,0,0,0,0
2026-08-06T10:00:00+00:00,1,Healthy,100,0,0,0,0,0,0,0,0,0,0,0.0,[],1,0,0,0,0,0
2026-08-06T10:15:00+00:00,1,Healthy,100,0,0,0,0,0,0,0,0,0,0,0.0,[],1,0,0,0,0,0
2026-08-06T10:30:00+00:00,1,Healthy,100,0,0,0,0,0,0,0,0,0,0,0.0,[],1,0,0,0,0,0
2026-08-06T10:45:00+00:00,1,Healthy,100,0,0,0,0,0,0,0,0,0,0,0.0,[],1,0,0,0,0,0
2026-08-06T11:00:00+00:00,1,Healthy,100,0,0,0,0,0,0,0,0,0,0,0.0,[],1,0,0,0,0,0
2026-08-06T11:15:00+00:00,1,Healthy,100,0,0,0,0,0,0,0,0,0,0,0.0,[],1,0,0,0,0,0
2026-08-06T11:30:00+00:00,1,Healthy,100,0,0,0,0,0,0,0,0,0,0,0.0,[],1,0,0,0,0,0
2026-08-06T11:45:00+00:00,1,Healthy,100,0,0,0,0,0,0,0,0,0,0,0.0,[],1,0,0,0,0,0
2026-08-06T12:00:00+00:00,1,Healthy,100,0,0,0,0,0,0,0,0,0,0,0.0,[],1,0,0,0,0,0
2026-08-06T12:15:00+00:00,1,Healthy,100,0,0,0,0,0,0,0,0,0,0,0.0,[],1,0,0,0,0,0
2026-08-06T12:30:00+00:00,1,Healthy,100,0,0,0,0,0,0,0,0,0,0,0.0,[],1,0,0,0,0,0
2026-08-06T12:45:00+00:00,1,Healthy,100,0,0,0,0,0,0,0,0,0,0,0.0,[],1,0,0,0,0,0
2026-08-06T13:00:00+00:00,1,Healthy,100,0,0,0,0,0,0,0,0,0,0,0.0,[],1,0,0,0,0,0
2026-08-06T13:15:00+00:00,1,Healthy,100,0,0,0,0,0,0,0,0,0,0,0.0,[],1,0,0,0,0,0
2026-08-06T13:30:00+00:00,1,Healthy,100,0,0,0,0,0,0,0,0,0,0,0.0,[],1,0,0,0,0,0
2026-08-06T13:45:00+00:00,1,Healthy,100,0,0,0,0,0,0,0,0,0,0,0.0,[],1,0,0,0,0,0
2026-08-06T14:00:00+00:00,1,Healthy,100,0,0,0,0,0,0,0,0,0,0,0.0,[],1,0,0,0,0,0
2026-08-06T14:15:00+00:00,1,Healthy,100,0,0,0,0,0,0,0,0,0,0,0.0,[],1,0,0,0,0,0
2026-08-06T14:30:00+00:00,1,Healthy,100,0,0,0,0,0,0,0,0,0,0,0.0,[],1,0,0,0,0,0
2026-08-06T14:45:00+00:00,1,Healthy,100,0,0,0,0,0,0,0,0,0,0,0.0,[],1,0,0,0,0,0
2026-08-06T15:00:00+00:00,1,Healthy,100,0,0,0,0,0,0,0,0,0,0,0.0,[],1,0,0,0,0,0
2026-08-06T15:15:00+00:00,1,Healthy,100,0,0,0,0,0,0,0,0,0,0,0.0,[],1,0,0,0,0,0
2026-08-06T15:30:00+00:00,1,Healthy,100,0,0,0,0,0,0,0,0,0,0,0.0,[],1,0,0,0,0,0
2026-08-06T15:45:00+00:00,1,Healthy,100,0,0,0,0,0,0,0,0,0,0,0.0,[],1,0,0,0,0,0
2026-08-06T16:00:00+00:00,1,Healthy,100,0,0,0,0,0,0,0,0,0,0,0.0,[],1,0,0,0,0,0
2026-08-06T16:15:00+00:00,1,Warning,98,0,0,0,1,0,0,0,0,1,0,0.0,"[{""type"":""jump"",""severity"":""warning"",""channel"":""temperature"",""timestamp"":""2026-08-06T16:15:00+00:00"",""evidence"":{""absolute_change"":1.9899999999999984,""threshold"":1.9148159999999952,""reference_differences"":64,""method"":""max(median+8*MAD, Q3+3*IQR, resolution)""},""message"":""temperature changed by 1.99, above its causal robust threshold 1.91."",""alert_recommended"":true}]",1,1,0,0,0,0
2026-08-06T16:30:00+00:00,1,Healthy,100,0,0,0,0,0,0,0,0,0,0,0.0,[],1,0,0,0,0,0
2026-08-06T16:45:00+00:00,1,Healthy,100,0,0,0,0,0,0,0,0,0,0,0.0,[],1,0,0,0,0,0
2026-08-06T17:00:00+00:00,1,Healthy,100,0,0,0,0,0,0,0,0,0,0,0.0,[],1,0,0,0,0,0
2026-08-06T17:15:00+00:00,1,Healthy,100,0,0,0,0,0,0,0,0,0,0,0.0,[],1,0,0,0,0,0
2026-08-06T17:30:00+00:00,1,Healthy,100,0,0,0,0,0,0,0,0,0,0,0.0,[],1,0,0,0,0,0
2026-08-06T17:45:00+00:00,1,Healthy,100,0,0,0,0,0,0,0,0,0,0,0.0,[],1,0,0,0,0,0
2026-08-06T18:00:00+00:00,1,Healthy,100,0,0,0,0,0,0,0,0,0,0,0.0,[],1,0,0,0,0,0
2026-08-06T18:15:00+00:00,1,Healthy,100,0,0,0,0,0,0,0,0,0,0,0.0,[],1,0,0,0,0,0
2026-08-06T18:30:00+00:00,1,Healthy,100,0,0,0,0,0,0,0,0,0,0,0.0,[],1,0,0,0,0,0
2026-08-06T18:45:00+00:00,1,Healthy,100,0,0,0,0,0,0,0,0,0,0,0.0,[],1,0,0,0,0,0
2026-08-06T19:00:00+00:00,1,Healthy,100,0,0,0,0,0,0,0,0,0,0,0.0,[],1,0,0,0,0,0
2026-08-06T19:15:00+00:00,1,Healthy,100,0,0,0,0,0,0,0,0,0,0,0.0,[],1,0,0,0,0,0
2026-08-06T19:30:00+00:00,1,Healthy,100,0,0,0,0,0,0,0,0,0,0,0.0,[],1,0,0,0,0,0
2026-08-06T19:45:00+00:00,1,Healthy,100,0,0,0,0,0,0,0,0,0,0,0.0,[],1,0,0,0,0,0
2026-08-06T20:00:00+00:00,1,Healthy,100,0,0,0,0,0,0,0,0,0,0,0.0,[],1,0,0,0,0,0
2026-08-06T20:15:00+00:00,1,Healthy,100,0,0,0,0,0,0,0,0,0,0,0.0,[],1,0,0,0,0,0
2026-08-06T20:30:00+00:00,1,Healthy,100,0,0,0,0,0,0,0,0,0,0,0.0,[],1,0,0,0,0,0
2026-08-06T20:45:00+00:00,1,Healthy,100,0,0,0,0,0,0,0,0,0,0,0.0,[],1,0,0,0,0,0
2026-08-06T21:00:00+00:00,1,Healthy,100,0,0,0,0,0,0,0,0,0,0,0.0,[],1,0,0,0,0,0
2026-08-06T21:15:00+00:00,1,Healthy,100,0,0,0,0,0,0,0,0,0,0,0.0,[],1,0,0,0,0,0
2026-08-06T21:30:00+00:00,1,Healthy,100,0,0,0,0,0,0,0,0,0,0,0.0,[],1,0,0,0,0,0
2026-08-06T21:45:00+00:00,1,Healthy,100,0,0,0,0,0,0,0,0,0,0,0.0,[],1,0,0,0,0,0
2026-08-06T22:00:00+00:00,1,Healthy,100,0,0,0,0,0,0,0,0,0,0,0.0,[],1,0,0,0,0,0
2026-08-06T22:15:00+00:00,1,Healthy,100,0,0,0,0,0,0,0,0,0,0,0.0,[],1,0,0,0,0,0
2026-08-06T22:30:00+00:00,1,Healthy,100,0,0,0,0,0,0,0,0,0,0,0.0,[],1,0,0,0,0,0
2026-08-06T22:45:00+00:00,1,Healthy,100,0,0,0,0,0,0,0,0,0,0,0.0,[],1,0,0,0,0,0
2026-08-06T23:00:00+00:00,1,Healthy,100,0,0,0,0,0,0,0,0,0,0,0.0,[],1,0,0,0,0,0
2026-08-06T23:15:00+00:00,1,Healthy,100,0,0,0,0,0,0,0,0,0,0,0.0,[],1,0,0,0,0,0
2026-08-06T23:30:00+00:00,1,Healthy,100,0,0,0,0,0,0,0,0,0,0,0.0,[],1,0,0,0,0,0
2026-08-06T23:45:00+00:00,1,Healthy,100,0,0,0,0,0,0,0,0,0,0,0.0,[],1,0,0,0,0,0
2026-08-07T00:00:00+00:00,1,Healthy,100,0,0,0,0,0,0,0,0,0,0,0.0,[],1,0,0,0,0,0
2026-08-07T00:15:00+00:00,1,Healthy,100,0,0,0,0,0,0,0,0,0,0,0.0,[],1,0,0,0,0,0
2026-08-07T00:30:00+00:00,1,Healthy,100,0,0,0,0,0,0,0,0,0,0,0.0,[],1,0,0,0,0,0
2026-08-07T00:45:00+00:00,1,Healthy,100,0,0,0,0,0,0,0,0,0,0,0.0,[],1,0,0,0,0,0
2026-08-07T01:00:00+00:00,1,Warning,98,0,0,0,1,0,0,0,0,1,0,0.0,"[{""type"":""jump"",""severity"":""warning"",""channel"":""pm25"",""timestamp"":""2026-08-07T01:00:00+00:00"",""evidence"":{""absolute_change"":9.580000000000002,""threshold"":3.216591999999982,""reference_differences"":99,""method"":""max(median+8*MAD, Q3+3*IQR, resolution)""},""message"":""pm25 changed by 9.58, above its causal robust threshold 3.22."",""alert_recommended"":true}]",1,1,0,0,0,0
2026-08-07T01:15:00+00:00,1,Healthy,100,0,0,0,0,0,0,0,0,0,0,15.0,[],0,0,0,0,0,0
2026-08-07T01:30:00+00:00,1,Warning,95,0,1,0,0,0,0,0,0,1,0,0.0,"[{""type"":""sampling_gap"",""severity"":""warning"",""channel"":null,""timestamp"":""2026-08-07T01:30:00+00:00"",""evidence"":{""gap_minutes"":30.0,""missed_intervals"":1},""message"":""Sensor missed 1 expected reporting interval(s)."",""alert_recommended"":true}]",1,1,0,0,1,0
2026-08-07T01:45:00+00:00,1,Healthy,100,0,0,0,0,0,0,0,0,0,0,0.0,[],1,0,0,0,0,0
2026-08-07T02:00:00+00:00,1,Healthy,100,0,0,0,0,0,0,0,0,0,0,0.0,[],1,0,0,0,0,0
2026-08-07T02:15:00+00:00,1,Healthy,100,0,0,0,0,0,0,0,0,0,0,0.0,[],1,0,0,0,0,0
2026-08-07T02:30:00+00:00,1,Healthy,100,0,0,0,0,0,0,0,0,0,0,0.0,[],1,0,0,0,0,0
2026-08-07T02:45:00+00:00,1,Healthy,100,0,0,0,0,0,0,0,0,0,0,0.0,[],1,0,0,0,0,0
2026-08-07T03:00:00+00:00,1,Healthy,100,0,0,0,0,0,0,0,0,0,0,0.0,[],1,0,0,0,0,0
2026-08-07T03:15:00+00:00,1,Healthy,100,0,0,0,0,0,0,0,0,0,0,0.0,[],1,0,0,0,0,0
2026-08-07T03:30:00+00:00,1,Healthy,100,0,0,0,0,0,0,0,0,0,0,0.0,[],1,0,0,0,0,0
2026-08-07T03:45:00+00:00,1,Healthy,100,0,0,0,0,0,0,0,0,0,0,0.0,[],1,0,0,0,0,0
2026-08-07T04:00:00+00:00,1,Healthy,100,0,0,0,0,0,0,0,0,0,0,0.0,[],1,0,0,0,0,0
2026-08-07T04:15:00+00:00,1,Healthy,100,0,0,0,0,0,0,0,0,0,0,0.0,[],1,0,0,0,0,0
2026-08-07T04:30:00+00:00,1,Healthy,100,0,0,0,0,0,0,0,0,0,0,0.0,[],1,0,0,0,0,0
2026-08-07T04:45:00+00:00,1,Healthy,100,0,0,0,0,0,0,0,0,0,0,0.0,[],1,0,0,0,0,0
2026-08-07T05:00:00+00:00,1,Healthy,100,0,0,0,0,0,0,0,0,0,0,0.0,[],1,0,0,0,0,0
2026-08-07T05:15:00+00:00,1,Healthy,100,0,0,0,0,0,0,0,0,0,0,0.0,[],1,0,0,0,0,0
2026-08-07T05:30:00+00:00,1,Healthy,100,0,0,0,0,0,0,0,0,0,0,0.0,[],1,0,0,0,0,0
2026-08-07T05:45:00+00:00,1,Healthy,100,0,0,0,0,0,0,0,0,0,0,0.0,[],1,0,0,0,0,0
2026-08-07T06:00:00+00:00,1,Healthy,100,0,0,0,0,0,0,0,0,0,0,0.0,[],1,0,0,0,0,0
2026-08-07T06:15:00+00:00,1,Healthy,100,0,0,0,0,0,0,0,0,0,0,0.0,[],1,0,0,0,0,0
2026-08-07T06:30:00+00:00,1,Healthy,100,0,0,0,0,0,0,0,0,0,0,0.0,[],1,0,0,0,0,0
2026-08-07T06:45:00+00:00,1,Healthy,100,0,0,0,0,0,0,0,0,0,0,0.0,[],1,0,0,0,0,0
2026-08-07T07:00:00+00:00,1,Healthy,100,0,0,0,0,0,0,0,0,0,0,0.0,[],1,0,0,0,0,0
2026-08-07T07:15:00+00:00,1,Healthy,100,0,0,0,0,0,0,0,0,0,0,0.0,[],1,0,0,0,0,0
2026-08-07T07:30:00+00:00,1,Healthy,100,0,0,0,0,0,0,0,0,0,0,0.0,[],1,0,0,0,0,0
2026-08-07T07:45:00+00:00,1,Healthy,100,0,0,0,0,0,0,0,0,0,0,0.0,[],1,0,0,0,0,0
2026-08-07T08:00:00+00:00,1,Healthy,100,0,0,0,0,0,0,0,0,0,0,0.0,[],1,0,0,0,0,0
2026-08-07T08:15:00+00:00,1,Healthy,100,0,0,0,0,0,0,0,0,0,0,0.0,[],1,0,0,0,0,0
2026-08-07T08:30:00+00:00,1,Healthy,100,0,0,0,0,0,0,0,0,0,0,0.0,[],1,0,0,0,0,0
2026-08-07T08:45:00+00:00,1,Healthy,100,0,0,0,0,0,0,0,0,0,0,0.0,[],1,0,0,0,0,0
2026-08-07T09:00:00+00:00,1,Healthy,100,0,0,0,0,0,0,0,0,0,0,0.0,[],1,0,0,0,0,0
2026-08-07T09:15:00+00:00,1,Healthy,100,0,0,0,0,0,0,0,0,0,0,0.0,[],1,0,0,0,0,0
2026-08-07T09:30:00+00:00,1,Healthy,100,0,0,0,0,0,0,0,0,0,0,0.0,[],1,0,0,0,0,0
2026-08-07T09:45:00+00:00,1,Healthy,100,0,0,0,0,0,0,0,0,0,0,0.0,[],1,0,0,0,0,0
2026-08-07T10:00:00+00:00,1,Healthy,100,0,0,0,0,0,0,0,0,0,0,0.0,[],1,0,0,0,0,0
2026-08-07T10:15:00+00:00,1,Healthy,100,0,0,0,0,0,0,0,0,0,0,0.0,[],1,0,0,0,0,0
2026-08-07T10:30:00+00:00,1,Healthy,100,0,0,0,0,0,0,0,0,0,0,0.0,[],1,0,0,0,0,0
2026-08-07T10:45:00+00:00,1,Healthy,100,0,0,0,0,0,0,0,0,0,0,0.0,[],1,0,0,0,0,0
2026-08-07T11:00:00+00:00,1,Healthy,100,0,0,0,0,0,0,0,0,0,0,0.0,[],1,0,0,0,0,0
2026-08-07T11:15:00+00:00,1,Healthy,100,0,0,0,0,0,0,0,0,0,0,0.0,[],1,0,0,0,0,0
2026-08-07T11:30:00+00:00,1,Healthy,100,0,0,0,0,0,0,0,0,0,0,0.0,[],1,0,0,0,0,0
2026-08-07T11:45:00+00:00,1,Healthy,100,0,0,0,0,0,0,0,0,0,0,0.0,[],1,0,0,0,0,0
2026-08-07T12:00:00+00:00,1,Healthy,100,0,0,0,0,0,0,0,0,0,0,0.0,[],1,0,0,0,0,0
2026-08-07T12:15:00+00:00,1,Healthy,100,0,0,0,0,0,0,0,0,0,0,0.0,[],1,0,0,0,0,0
2026-08-07T12:30:00+00:00,1,Healthy,100,0,0,0,0,0,0,0,0,0,0,0.0,[],1,0,0,0,0,0
2026-08-07T12:45:00+00:00,1,Healthy,100,0,0,0,0,0,0,0,0,0,0,0.0,[],1,0,0,0,0,0
2026-08-07T13:00:00+00:00,1,Healthy,100,0,0,0,0,0,0,0,0,0,0,0.0,[],1,0,0,0,0,0
2026-08-07T13:15:00+00:00,1,Healthy,100,0,0,0,0,0,0,0,0,0,0,0.0,[],1,0,0,0,0,0
2026-08-07T13:30:00+00:00,1,Healthy,100,0,0,0,0,0,0,0,0,0,0,0.0,[],1,0,0,0,0,0
2026-08-07T13:45:00+00:00,1,Healthy,100,0,0,0,0,0,0,0,0,0,0,0.0,[],1,0,0,0,0,0
2026-08-07T14:00:00+00:00,1,Healthy,100,0,0,0,0,0,0,0,0,0,0,0.0,[],1,0,0,0,0,0
2026-08-07T14:15:00+00:00,1,Healthy,100,0,0,0,0,0,0,0,0,0,0,0.0,[],1,0,0,0,0,0
2026-08-07T14:30:00+00:00,1,Warning,98,0,0,0,1,0,0,0,0,1,0,0.0,"[{""type"":""jump"",""severity"":""warning"",""channel"":""pm25"",""timestamp"":""2026-08-07T14:30:00+00:00"",""evidence"":{""absolute_change"":4.949999999999999,""threshold"":4.286848000000026,""reference_differences"":51,""method"":""max(median+8*MAD, Q3+3*IQR, resolution)""},""message"":""pm25 changed by 4.95, above its causal robust threshold 4.29."",""alert_recommended"":true}]",1,1,0,0,0,0
2026-08-07T14:45:00+00:00,1,Healthy,100,0,0,0,0,0,0,0,0,0,0,0.0,[],1,0,0,0,0,0
2026-08-07T15:00:00+00:00,1,Healthy,100,0,0,0,0,0,0,0,0,0,0,0.0,[],1,0,0,0,0,0
2026-08-07T15:15:00+00:00,1,Healthy,100,0,0,0,0,0,0,0,0,0,0,0.0,[],1,0,0,0,0,0
2026-08-07T15:30:00+00:00,1,Warning,98,0,0,0,1,0,0,0,0,1,0,0.0,"[{""type"":""jump"",""severity"":""warning"",""channel"":""no2"",""timestamp"":""2026-08-07T15:30:00+00:00"",""evidence"":{""absolute_change"":0.16000000000000014,""threshold"":0.1286080000000201,""reference_differences"":55,""method"":""max(median+8*MAD, Q3+3*IQR, resolution)""},""message"":""no2 changed by 0.16, above its causal robust threshold 0.13."",""alert_recommended"":true}]",1,1,0,0,0,0
2026-08-07T15:45:00+00:00,1,Healthy,100,0,0,0,0,0,0,0,0,0,0,0.0,[],1,0,0,0,0,0
2026-08-07T16:00:00+00:00,1,Warning,96,0,0,0,0,1,0,0,0,1,0,0.0,"[{""type"":""abnormal_noise"",""severity"":""warning"",""channel"":""no2"",""timestamp"":""2026-08-07T16:00:00+00:00"",""evidence"":{""recent_difference_mad"":0.06671699999999989,""reference_difference_mad"":0.014825999999999683,""variability_ratio"":4.500000000000089,""sign_changes"":5,""window_samples"":8},""message"":""no2 is rapidly oscillating above its historical variability."",""alert_recommended"":true}]",1,1,0,0,0,0
2026-08-07T16:15:00+00:00,1,Healthy,100,0,0,0,0,0,0,0,0,0,0,0.0,[],1,0,0,0,0,0
2026-08-07T16:30:00+00:00,1,Healthy,100,0,0,0,0,0,0,0,0,0,0,0.0,[],1,0,0,0,0,0
2026-08-07T16:45:00+00:00,1,Healthy,100,0,0,0,0,0,0,0,0,0,0,0.0,[],1,0,0,0,0,0
2026-08-07T17:00:00+00:00,1,Healthy,100,0,0,0,0,0,0,0,0,0,0,0.0,[],1,0,0,0,0,0
2026-08-07T17:15:00+00:00,1,Healthy,100,0,0,0,0,0,0,0,0,0,0,0.0,[],1,0,0,0,0,0
2026-08-07T17:30:00+00:00,1,Healthy,100,0,0,0,0,0,0,0,0,0,0,0.0,[],1,0,0,0,0,0
2026-08-07T17:45:00+00:00,1,Healthy,100,0,0,0,0,0,0,0,0,0,0,0.0,[],1,0,0,0,0,0
2026-08-07T18:00:00+00:00,1,Healthy,100,0,0,0,0,0,0,0,0,0,0,0.0,[],1,0,0,0,0,0
2026-08-07T18:15:00+00:00,1,Healthy,100,0,0,0,0,0,0,0,0,0,0,0.0,[],1,0,0,0,0,0
2026-08-07T18:30:00+00:00,1,Healthy,100,0,0,0,0,0,0,0,0,0,0,0.0,[],1,0,0,0,0,0
2026-08-07T18:45:00+00:00,1,Healthy,100,0,0,0,0,0,0,0,0,0,0,0.0,[],1,0,0,0,0,0
2026-08-07T19:00:00+00:00,1,Healthy,100,0,0,0,0,0,0,0,0,0,0,0.0,[],1,0,0,0,0,0
2026-08-07T19:15:00+00:00,1,Healthy,100,0,0,0,0,0,0,0,0,0,0,0.0,[],1,0,0,0,0,0
2026-08-07T19:30:00+00:00,1,Healthy,100,0,0,0,0,0,0,0,0,0,0,0.0,[],1,0,0,0,0,0
2026-08-07T19:45:00+00:00,1,Healthy,100,0,0,0,0,0,0,0,0,0,0,0.0,[],1,0,0,0,0,0
2026-08-07T20:00:00+00:00,1,Healthy,100,0,0,0,0,0,0,0,0,0,0,0.0,[],1,0,0,0,0,0
2026-08-07T20:15:00+00:00,1,Healthy,100,0,0,0,0,0,0,0,0,0,0,0.0,[],1,0,0,0,0,0
2026-08-07T20:30:00+00:00,1,Healthy,100,0,0,0,0,0,0,0,0,0,0,0.0,[],1,0,0,0,0,0
2026-08-07T20:45:00+00:00,1,Healthy,100,0,0,0,0,0,0,0,0,0,0,0.0,[],1,0,0,0,0,0
2026-08-07T21:00:00+00:00,1,Healthy,100,0,0,0,0,0,0,0,0,0,0,0.0,[],1,0,0,0,0,0
2026-08-07T21:15:00+00:00,1,Healthy,100,0,0,0,0,0,0,0,0,0,0,0.0,[],1,0,0,0,0,0
2026-08-07T21:30:00+00:00,1,Healthy,100,0,0,0,0,0,0,0,0,0,0,0.0,[],1,0,0,0,0,0
2026-08-07T21:45:00+00:00,1,Healthy,100,0,0,0,0,0,0,0,0,0,0,0.0,[],1,0,0,0,0,0
2026-08-07T22:00:00+00:00,1,Healthy,100,0,0,0,0,0,0,0,0,0,0,0.0,[],1,0,0,0,0,0
2026-08-07T22:15:00+00:00,1,Healthy,100,0,0,0,0,0,0,0,0,0,0,0.0,[],1,0,0,0,0,0
2026-08-07T22:30:00+00:00,1,Healthy,100,0,0,0,0,0,0,0,0,0,0,0.0,[],1,0,0,0,0,0
2026-08-07T22:45:00+00:00,1,Healthy,100,0,0,0,0,0,0,0,0,0,0,0.0,[],1,0,0,0,0,0
2026-08-07T23:00:00+00:00,1,Healthy,100,0,0,0,0,0,0,0,0,0,0,0.0,[],1,0,0,0,0,0
2026-08-07T23:15:00+00:00,1,Healthy,100,0,0,0,0,0,0,0,0,0,0,0.0,[],1,0,0,0,0,0
2026-08-07T23:30:00+00:00,1,Healthy,100,0,0,0,0,0,0,0,0,0,0,0.0,[],1,0,0,0,0,0
2026-08-07T23:45:00+00:00,1,Healthy,100,0,0,0,0,0,0,0,0,0,0,0.0,[],1,0,0,0,0,0
2026-08-08T00:00:00+00:00,1,Healthy,100,0,0,0,0,0,0,0,0,0,0,0.0,[],1,0,0,0,0,0
2026-08-08T00:15:00+00:00,1,Healthy,100,0,0,0,0,0,0,0,0,0,0,0.0,[],1,0,0,0,0,0
2026-08-08T00:30:00+00:00,1,Healthy,100,0,0,0,0,0,0,0,0,0,0,0.0,[],1,0,0,0,0,0
2026-08-08T00:45:00+00:00,1,Healthy,100,0,0,0,0,0,0,0,0,0,0,0.0,[],1,0,0,0,0,0
2026-08-08T01:00:00+00:00,1,Healthy,100,0,0,0,0,0,0,0,0,0,0,0.0,[],1,0,0,0,0,0
2026-08-08T01:15:00+00:00,1,Healthy,100,0,0,0,0,0,0,0,0,0,0,0.0,[],1,0,0,0,0,0
2026-08-08T01:30:00+00:00,1,Healthy,100,0,0,0,0,0,0,0,0,0,0,0.0,[],1,0,0,0,0,0
2026-08-08T01:45:00+00:00,1,Healthy,100,0,0,0,0,0,0,0,0,0,0,0.0,[],1,0,0,0,0,0
2026-08-08T02:00:00+00:00,1,Healthy,100,0,0,0,0,0,0,0,0,0,0,0.0,[],1,0,0,0,0,0
2026-08-08T02:15:00+00:00,1,Healthy,100,0,0,0,0,0,0,0,0,0,0,0.0,[],1,0,0,0,0,0
2026-08-08T02:30:00+00:00,1,Healthy,100,0,0,0,0,0,0,0,0,0,0,0.0,[],1,0,0,0,0,0
2026-08-08T02:45:00+00:00,1,Healthy,100,0,0,0,0,0,0,0,0,0,0,0.0,[],1,0,0,0,0,0
2026-08-08T03:00:00+00:00,1,Healthy,100,0,0,0,0,0,0,0,0,0,0,0.0,[],1,0,0,0,0,0
2026-08-08T03:15:00+00:00,1,Healthy,100,0,0,0,0,0,0,0,0,0,0,0.0,[],1,0,0,0,0,0
2026-08-08T03:30:00+00:00,1,Healthy,100,0,0,0,0,0,0,0,0,0,0,0.0,[],1,0,0,0,0,0
2026-08-08T03:45:00+00:00,1,Healthy,100,0,0,0,0,0,0,0,0,0,0,0.0,[],1,0,0,0,0,0
2026-08-08T04:00:00+00:00,1,Healthy,100,0,0,0,0,0,0,0,0,0,0,0.0,[],1,0,0,0,0,0
2026-08-08T04:15:00+00:00,1,Healthy,100,0,0,0,0,0,0,0,0,0,0,0.0,[],1,0,0,0,0,0
2026-08-08T04:30:00+00:00,1,Healthy,100,0,0,0,0,0,0,0,0,0,0,0.0,[],1,0,0,0,0,0
2026-08-08T04:45:00+00:00,1,Healthy,100,0,0,0,0,0,0,0,0,0,0,0.0,[],1,0,0,0,0,0
2026-08-08T05:00:00+00:00,1,Healthy,100,0,0,0,0,0,0,0,0,0,0,0.0,[],1,0,0,0,0,0
2026-08-08T05:15:00+00:00,1,Warning,98,0,0,0,1,0,0,0,0,1,0,0.0,"[{""type"":""jump"",""severity"":""warning"",""channel"":""pm25"",""timestamp"":""2026-08-08T05:15:00+00:00"",""evidence"":{""absolute_change"":6.370000000000001,""threshold"":3.4988079999999973,""reference_differences"":110,""method"":""max(median+8*MAD, Q3+3*IQR, resolution)""},""message"":""pm25 changed by 6.37, above its causal robust threshold 3.50."",""alert_recommended"":true}]",1,1,0,0,0,0
2026-08-08T05:30:00+00:00,1,Healthy,100,0,0,0,0,0,0,0,0,0,0,0.0,[],1,0,0,0,0,0
2026-08-08T05:45:00+00:00,1,Warning,98,0,0,0,1,0,0,0,0,1,0,0.0,"[{""type"":""jump"",""severity"":""warning"",""channel"":""pm25"",""timestamp"":""2026-08-08T05:45:00+00:00"",""evidence"":{""absolute_change"":3.830000000000002,""threshold"":3.4988079999999973,""reference_differences"":112,""method"":""max(median+8*MAD, Q3+3*IQR, resolution)""},""message"":""pm25 changed by 3.83, above its causal robust threshold 3.50."",""alert_recommended"":true}]",1,0,0,0,0,0
2026-08-08T06:00:00+00:00,1,Healthy,100,0,0,0,0,0,0,0,0,0,0,0.0,[],1,0,0,0,0,0
2026-08-08T06:15:00+00:00,1,Healthy,100,0,0,0,0,0,0,0,0,0,0,0.0,[],1,0,0,0,0,0
2026-08-08T06:30:00+00:00,1,Healthy,100,0,0,0,0,0,0,0,0,0,0,0.0,[],1,0,0,0,0,0
2026-08-08T06:45:00+00:00,1,Healthy,100,0,0,0,0,0,0,0,0,0,0,0.0,[],1,0,0,0,0,0
2026-08-08T07:00:00+00:00,1,Healthy,100,0,0,0,0,0,0,0,0,0,0,0.0,[],1,0,0,0,0,0
2026-08-08T07:15:00+00:00,1,Healthy,100,0,0,0,0,0,0,0,0,0,0,0.0,[],1,0,0,0,0,0
2026-08-08T07:30:00+00:00,1,Healthy,100,0,0,0,0,0,0,0,0,0,0,0.0,[],1,0,0,0,0,0
2026-08-08T07:45:00+00:00,1,Healthy,100,0,0,0,0,0,0,0,0,0,0,0.0,[],1,0,0,0,0,0
2026-08-08T08:00:00+00:00,1,Healthy,100,0,0,0,0,0,0,0,0,0,0,0.0,[],1,0,0,0,0,0
2026-08-08T08:15:00+00:00,1,Healthy,100,0,0,0,0,0,0,0,0,0,0,0.0,[],1,0,0,0,0,0
2026-08-08T08:30:00+00:00,1,Healthy,100,0,0,0,0,0,0,0,0,0,0,0.0,[],1,0,0,0,0,0
2026-08-08T08:45:00+00:00,1,Healthy,100,0,0,0,0,0,0,0,0,0,0,0.0,[],1,0,0,0,0,0
2026-08-08T09:00:00+00:00,1,Healthy,100,0,0,0,0,0,0,0,0,0,0,0.0,[],1,0,0,0,0,0
2026-08-08T09:15:00+00:00,1,Healthy,100,0,0,0,0,0,0,0,0,0,0,0.0,[],1,0,0,0,0,0
2026-08-08T09:30:00+00:00,1,Healthy,100,0,0,0,0,0,0,0,0,0,0,0.0,[],1,0,0,0,0,0
2026-08-08T09:45:00+00:00,1,Healthy,100,0,0,0,0,0,0,0,0,0,0,0.0,[],1,0,0,0,0,0
2026-08-08T10:00:00+00:00,1,Healthy,100,0,0,0,0,0,0,0,0,0,0,0.0,[],1,0,0,0,0,0
2026-08-08T10:15:00+00:00,1,Healthy,100,0,0,0,0,0,0,0,0,0,0,0.0,[],1,0,0,0,0,0
2026-08-08T10:30:00+00:00,1,Healthy,100,0,0,0,0,0,0,0,0,0,0,0.0,[],1,0,0,0,0,0
2026-08-08T10:45:00+00:00,1,Healthy,100,0,0,0,0,0,0,0,0,0,0,0.0,[],1,0,0,0,0,0
2026-08-08T11:00:00+00:00,1,Healthy,100,0,0,0,0,0,0,0,0,0,0,0.0,[],1,0,0,0,0,0
2026-08-08T11:15:00+00:00,1,Healthy,100,0,0,0,0,0,0,0,0,0,0,0.0,[],1,0,0,0,0,0
2026-08-08T11:30:00+00:00,1,Healthy,100,0,0,0,0,0,0,0,0,0,0,0.0,[],1,0,0,0,0,0
2026-08-08T11:45:00+00:00,1,Warning,96,0,0,0,0,1,0,0,0,1,0,0.0,"[{""type"":""abnormal_noise"",""severity"":""warning"",""channel"":""no2"",""timestamp"":""2026-08-08T11:45:00+00:00"",""evidence"":{""recent_difference_mad"":0.06671699999999857,""reference_difference_mad"":0.014825999999999683,""variability_ratio"":4.5,""sign_changes"":6,""window_samples"":8},""message"":""no2 is rapidly oscillating above its historical variability."",""alert_recommended"":true}]",1,0,0,0,0,0
2026-08-08T12:00:00+00:00,1,Healthy,100,0,0,0,0,0,0,0,0,0,0,0.0,[],1,0,0,0,0,0
2026-08-08T12:15:00+00:00,1,Healthy,100,0,0,0,0,0,0,0,0,0,0,0.0,[],1,0,0,0,0,0
2026-08-08T12:30:00+00:00,1,Healthy,100,0,0,0,0,0,0,0,0,0,0,0.0,[],1,0,0,0,0,0
2026-08-08T12:45:00+00:00,1,Healthy,100,0,0,0,0,0,0,0,0,0,0,0.0,[],1,0,0,0,0,0
2026-08-08T13:00:00+00:00,1,Healthy,100,0,0,0,0,0,0,0,0,0,0,0.0,[],1,0,0,0,0,0
2026-08-08T13:15:00+00:00,1,Healthy,100,0,0,0,0,0,0,0,0,0,0,0.0,[],1,0,0,0,0,0
2026-08-08T13:30:00+00:00,1,Healthy,100,0,0,0,0,0,0,0,0,0,0,0.0,[],1,0,0,0,0,0
2026-08-08T13:45:00+00:00,1,Healthy,100,0,0,0,0,0,0,0,0,0,0,0.0,[],1,0,0,0,0,0
2026-08-08T14:00:00+00:00,1,Healthy,100,0,0,0,0,0,0,0,0,0,0,0.0,[],1,0,0,0,0,0
2026-08-08T14:15:00+00:00,1,Healthy,100,0,0,0,0,0,0,0,0,0,0,0.0,[],1,0,0,0,0,0
2026-08-08T14:30:00+00:00,1,Healthy,100,0,0,0,0,0,0,0,0,0,0,0.0,[],1,0,0,0,0,0
2026-08-08T14:45:00+00:00,1,Warning,98,0,0,0,1,0,0,0,0,1,0,0.0,"[{""type"":""jump"",""severity"":""warning"",""channel"":""temperature"",""timestamp"":""2026-08-08T14:45:00+00:00"",""evidence"":{""absolute_change"":1.4499999999999993,""threshold"":1.4003839999999832,""reference_differences"":148,""method"":""max(median+8*MAD, Q3+3*IQR, resolution)""},""message"":""temperature changed by 1.45, above its causal robust threshold 1.40."",""alert_recommended"":true}]",1,1,0,0,0,0
2026-08-08T15:00:00+00:00,1,Warning,96,0,0,0,1,0,0,0,0,2,0,0.0,"[{""type"":""jump"",""severity"":""warning"",""channel"":""temperature"",""timestamp"":""2026-08-08T15:00:00+00:00"",""evidence"":{""absolute_change"":1.5,""threshold"":1.4646879999999933,""reference_differences"":149,""method"":""max(median+8*MAD, Q3+3*IQR, resolution)""},""message"":""temperature changed by 1.5, above its causal robust threshold 1.46."",""alert_recommended"":true},{""type"":""jump"",""severity"":""warning"",""channel"":""no2"",""timestamp"":""2026-08-08T15:00:00+00:00"",""evidence"":{""absolute_change"":0.16999999999999993,""threshold"":0.12860799999999725,""reference_differences"":149,""method"":""max(median+8*MAD, Q3+3*IQR, resolution)""},""message"":""no2 changed by 0.17, above its causal robust threshold 0.13."",""alert_recommended"":true}]",1,1,0,0,0,0
2026-08-08T15:15:00+00:00,1,Healthy,100,0,0,0,0,0,0,0,0,0,0,0.0,[],1,0,0,0,0,0
2026-08-08T15:30:00+00:00,1,Healthy,100,0,0,0,0,0,0,0,0,0,0,0.0,[],1,0,0,0,0,0
2026-08-08T15:45:00+00:00,1,Healthy,100,0,0,0,0,0,0,0,0,0,0,0.0,[],1,0,0,0,0,0
2026-08-08T16:00:00+00:00,1,Healthy,100,0,0,0,0,0,0,0,0,0,0,0.0,[],1,0,0,0,0,0
2026-08-08T16:15:00+00:00,1,Healthy,100,0,0,0,0,0,0,0,0,0,0,0.0,[],1,0,0,0,0,0
2026-08-08T16:30:00+00:00,1,Healthy,100,0,0,0,0,0,0,0,0,0,0,0.0,[],1,0,0,0,0,0
2026-08-08T16:45:00+00:00,1,Healthy,100,0,0,0,0,0,0,0,0,0,0,0.0,[],1,0,0,0,0,0
2026-08-08T17:00:00+00:00,1,Healthy,100,0,0,0,0,0,0,0,0,0,0,0.0,[],1,0,0,0,0,0
2026-08-08T17:15:00+00:00,1,Healthy,100,0,0,0,0,0,0,0,0,0,0,0.0,[],1,0,0,0,0,0
2026-08-08T17:30:00+00:00,1,Healthy,100,0,0,0,0,0,0,0,0,0,0,0.0,[],1,0,0,0,0,0
2026-08-08T17:45:00+00:00,1,Healthy,100,0,0,0,0,0,0,0,0,0,0,0.0,[],1,0,0,0,0,0
2026-08-08T18:00:00+00:00,1,Healthy,100,0,0,0,0,0,0,0,0,0,0,15.0,[],0,0,0,0,0,0
2026-08-08T18:15:00+00:00,1,Warning,95,0,1,0,0,0,0,0,0,1,0,0.0,"[{""type"":""sampling_gap"",""severity"":""warning"",""channel"":null,""timestamp"":""2026-08-08T18:15:00+00:00"",""evidence"":{""gap_minutes"":30.0,""missed_intervals"":1},""message"":""Sensor missed 1 expected reporting interval(s)."",""alert_recommended"":true}]",1,0,0,0,1,0
2026-08-08T18:30:00+00:00,1,Healthy,100,0,0,0,0,0,0,0,0,0,0,0.0,[],1,0,0,0,0,0
2026-08-08T18:45:00+00:00,1,Healthy,100,0,0,0,0,0,0,0,0,0,0,0.0,[],1,0,0,0,0,0
2026-08-08T19:00:00+00:00,1,Healthy,100,0,0,0,0,0,0,0,0,0,0,0.0,[],1,0,0,0,0,0
2026-08-08T19:15:00+00:00,1,Healthy,100,0,0,0,0,0,0,0,0,0,0,0.0,[],1,0,0,0,0,0
2026-08-08T19:30:00+00:00,1,Healthy,100,0,0,0,0,0,0,0,0,0,0,0.0,[],1,0,0,0,0,0
2026-08-08T19:45:00+00:00,1,Healthy,100,0,0,0,0,0,0,0,0,0,0,0.0,[],1,0,0,0,0,0
2026-08-08T20:00:00+00:00,1,Healthy,100,0,0,0,0,0,0,0,0,0,0,0.0,[],1,0,0,0,0,0
2026-08-08T20:15:00+00:00,1,Healthy,100,0,0,0,0,0,0,0,0,0,0,0.0,[],1,0,0,0,0,0
2026-08-08T20:30:00+00:00,1,Healthy,100,0,0,0,0,0,0,0,0,0,0,0.0,[],1,0,0,0,0,0
2026-08-08T20:45:00+00:00,1,Healthy,100,0,0,0,0,0,0,0,0,0,0,0.0,[],1,0,0,0,0,0
2026-08-08T21:00:00+00:00,1,Healthy,100,0,0,0,0,0,0,0,0,0,0,0.0,[],1,0,0,0,0,0
2026-08-08T21:15:00+00:00,1,Healthy,100,0,0,0,0,0,0,0,0,0,0,0.0,[],1,0,0,0,0,0
2026-08-08T21:30:00+00:00,1,Healthy,100,0,0,0,0,0,0,0,0,0,0,0.0,[],1,0,0,0,0,0
2026-08-08T21:45:00+00:00,1,Healthy,100,0,0,0,0,0,0,0,0,0,0,0.0,[],1,0,0,0,0,0
2026-08-08T22:00:00+00:00,1,Healthy,100,0,0,0,0,0,0,0,0,0,0,0.0,[],1,0,0,0,0,0
2026-08-08T22:15:00+00:00,1,Healthy,100,0,0,0,0,0,0,0,0,0,0,0.0,[],1,0,0,0,0,0
2026-08-08T22:30:00+00:00,1,Healthy,100,0,0,0,0,0,0,0,0,0,0,0.0,[],1,0,0,0,0,0
2026-08-08T22:45:00+00:00,1,Healthy,100,0,0,0,0,0,0,0,0,0,0,0.0,[],1,0,0,0,0,0
2026-08-08T23:00:00+00:00,1,Healthy,100,0,0,0,0,0,0,0,0,0,0,0.0,[],1,0,0,0,0,0
2026-08-08T23:15:00+00:00,1,Healthy,100,0,0,0,0,0,0,0,0,0,0,0.0,[],1,0,0,0,0,0
2026-08-08T23:30:00+00:00,1,Healthy,100,0,0,0,0,0,0,0,0,0,0,0.0,[],1,0,0,0,0,0
2026-08-08T23:45:00+00:00,1,Healthy,100,0,0,0,0,0,0,0,0,0,0,0.0,[],1,0,0,0,0,0
2026-08-09T00:00:00+00:00,1,Healthy,100,0,0,0,0,0,0,0,0,0,0,15.0,[],0,0,0,0,0,0
2026-08-09T00:15:00+00:00,1,Warning,95,0,1,0,0,0,0,0,0,1,0,0.0,"[{""type"":""sampling_gap"",""severity"":""warning"",""channel"":null,""timestamp"":""2026-08-09T00:15:00+00:00"",""evidence"":{""gap_minutes"":30.0,""missed_intervals"":1},""message"":""Sensor missed 1 expected reporting interval(s)."",""alert_recommended"":true}]",1,0,0,0,1,0
2026-08-09T00:30:00+00:00,1,Healthy,100,0,0,0,0,0,0,0,0,0,0,0.0,[],1,0,0,0,0,0
2026-08-09T00:45:00+00:00,1,Healthy,100,0,0,0,0,0,0,0,0,0,0,0.0,[],1,0,0,0,0,0
2026-08-09T01:00:00+00:00,1,Healthy,100,0,0,0,0,0,0,0,0,0,0,0.0,[],1,0,0,0,0,0
2026-08-09T01:15:00+00:00,1,Healthy,100,0,0,0,0,0,0,0,0,0,0,0.0,[],1,0,0,0,0,0
2026-08-09T01:30:00+00:00,1,Healthy,100,0,0,0,0,0,0,0,0,0,0,0.0,[],1,0,0,0,0,0
2026-08-09T01:45:00+00:00,1,Healthy,100,0,0,0,0,0,0,0,0,0,0,0.0,[],1,0,0,0,0,0
2026-08-09T02:00:00+00:00,1,Healthy,100,0,0,0,0,0,0,0,0,0,0,0.0,[],1,0,0,0,0,0
2026-08-09T02:15:00+00:00,1,Healthy,100,0,0,0,0,0,0,0,0,0,0,0.0,[],1,0,0,0,0,0
2026-08-09T02:30:00+00:00,1,Healthy,100,0,0,0,0,0,0,0,0,0,0,0.0,[],1,0,0,0,0,0
2026-08-09T02:45:00+00:00,1,Healthy,100,0,0,0,0,0,0,0,0,0,0,0.0,[],1,0,0,0,0,0
2026-08-09T03:00:00+00:00,1,Healthy,100,0,0,0,0,0,0,0,0,0,0,0.0,[],1,0,0,0,0,0
2026-08-09T03:15:00+00:00,1,Healthy,100,0,0,0,0,0,0,0,0,0,0,0.0,[],1,0,0,0,0,0
2026-08-09T03:30:00+00:00,1,Healthy,100,0,0,0,0,0,0,0,0,0,0,0.0,[],1,0,0,0,0,0
2026-08-09T03:45:00+00:00,1,Healthy,100,0,0,0,0,0,0,0,0,0,0,0.0,[],1,0,0,0,0,0
2026-08-09T04:00:00+00:00,1,Healthy,100,0,0,0,0,0,0,0,0,0,0,0.0,[],1,0,0,0,0,0
2026-08-09T04:15:00+00:00,1,Healthy,100,0,0,0,0,0,0,0,0,0,0,0.0,[],1,0,0,0,0,0
2026-08-09T04:30:00+00:00,1,Healthy,100,0,0,0,0,0,0,0,0,0,0,0.0,[],1,0,0,0,0,0
2026-08-09T04:45:00+00:00,1,Healthy,100,0,0,0,0,0,0,0,0,0,0,0.0,[],1,0,0,0,0,0
2026-08-09T05:00:00+00:00,1,Healthy,100,0,0,0,0,0,0,0,0,0,0,0.0,[],1,0,0,0,0,0
2026-08-09T05:15:00+00:00,1,Healthy,100,0,0,0,0,0,0,0,0,0,0,0.0,[],1,1,0,0,0,0
2026-08-09T05:30:00+00:00,1,Healthy,100,0,0,0,0,0,0,0,0,0,0,0.0,[],1,1,0,0,0,0
2026-08-09T05:45:00+00:00,1,Healthy,100,0,0,0,0,0,0,0,0,0,0,0.0,[],1,0,0,0,0,0
2026-08-09T06:00:00+00:00,1,Healthy,100,0,0,0,0,0,0,0,0,0,0,0.0,[],1,1,0,0,0,0
2026-08-09T06:15:00+00:00,1,Healthy,100,0,0,0,0,0,0,0,0,0,0,0.0,[],1,0,0,0,0,0
2026-08-09T06:30:00+00:00,1,Healthy,100,0,0,0,0,0,0,0,0,0,0,0.0,[],1,0,0,0,0,0
2026-08-09T06:45:00+00:00,1,Healthy,100,0,0,0,0,0,0,0,0,0,0,0.0,[],1,0,0,0,0,0
2026-08-09T07:00:00+00:00,1,Healthy,100,0,0,0,0,0,0,0,0,0,0,0.0,[],1,0,0,0,0,0
2026-08-09T07:15:00+00:00,1,Healthy,100,0,0,0,0,0,0,0,0,0,0,0.0,[],1,0,0,0,0,0
2026-08-09T07:30:00+00:00,1,Healthy,100,0,0,0,0,0,0,0,0,0,0,0.0,[],1,0,0,0,0,0
2026-08-09T07:45:00+00:00,1,Healthy,100,0,0,0,0,0,0,0,0,0,0,0.0,[],1,0,0,0,0,0
2026-08-09T08:00:00+00:00,1,Healthy,100,0,0,0,0,0,0,0,0,0,0,0.0,[],1,0,0,0,0,0
2026-08-09T08:15:00+00:00,1,Healthy,100,0,0,0,0,0,0,0,0,0,0,0.0,[],1,0,0,0,0,0
2026-08-09T08:30:00+00:00,1,Healthy,100,0,0,0,0,0,0,0,0,0,0,0.0,[],1,0,0,0,0,0
2026-08-09T08:45:00+00:00,1,Healthy,100,0,0,0,0,0,0,0,0,0,0,0.0,[],1,0,0,0,0,0
2026-08-09T09:00:00+00:00,1,Healthy,100,0,0,0,0,0,0,0,0,0,0,0.0,[],1,0,0,0,0,0
2026-08-09T09:15:00+00:00,1,Healthy,100,0,0,0,0,0,0,0,0,0,0,0.0,[],1,0,0,0,0,0
2026-08-09T09:30:00+00:00,1,Healthy,100,0,0,0,0,0,0,0,0,0,0,0.0,[],1,0,0,0,0,0
2026-08-09T09:45:00+00:00,1,Healthy,100,0,0,0,0,0,0,0,0,0,0,0.0,[],1,0,0,0,0,0
2026-08-09T10:00:00+00:00,1,Healthy,100,0,0,0,0,0,0,0,0,0,0,0.0,[],1,0,0,0,0,0
2026-08-09T10:15:00+00:00,1,Healthy,100,0,0,0,0,0,0,0,0,0,0,0.0,[],1,0,0,0,0,0
2026-08-09T10:30:00+00:00,1,Healthy,100,0,0,0,0,0,0,0,0,0,0,0.0,[],1,0,0,0,0,0
2026-08-09T10:45:00+00:00,1,Healthy,100,0,0,0,0,0,0,0,0,0,0,0.0,[],1,0,0,0,0,0
2026-08-09T11:00:00+00:00,1,Healthy,100,0,0,0,0,0,0,0,0,0,0,0.0,[],1,0,0,0,0,0
2026-08-09T11:15:00+00:00,1,Healthy,100,0,0,0,0,0,0,0,0,0,0,0.0,[],1,0,0,0,0,0
2026-08-09T11:30:00+00:00,1,Healthy,100,0,0,0,0,0,0,0,0,0,0,0.0,[],1,0,0,0,0,0
2026-08-09T11:45:00+00:00,1,Healthy,100,0,0,0,0,0,0,0,0,0,0,0.0,[],1,0,0,0,0,0
2026-08-09T12:00:00+00:00,1,Healthy,100,0,0,0,0,0,0,0,0,0,0,0.0,[],1,0,0,0,0,0
2026-08-09T12:15:00+00:00,1,Healthy,100,0,0,0,0,0,0,0,0,0,0,0.0,[],1,0,0,0,0,0
2026-08-09T12:30:00+00:00,1,Healthy,100,0,0,0,0,0,0,0,0,0,0,0.0,[],1,0,0,0,0,0
2026-08-09T12:45:00+00:00,1,Healthy,100,0,0,0,0,0,0,0,0,0,0,0.0,[],1,0,0,0,0,0
2026-08-09T13:00:00+00:00,1,Healthy,100,0,0,0,0,0,0,0,0,0,0,0.0,[],1,0,0,0,0,0
2026-08-09T13:15:00+00:00,1,Healthy,100,0,0,0,0,0,0,0,0,0,0,0.0,[],1,0,0,0,0,0
2026-08-09T13:30:00+00:00,1,Healthy,100,0,0,0,0,0,0,0,0,0,0,0.0,[],1,0,0,0,0,0
2026-08-09T13:45:00+00:00,1,Healthy,100,0,0,0,0,0,0,0,0,0,0,0.0,[],1,0,0,0,0,0
2026-08-09T14:00:00+00:00,1,Healthy,100,0,0,0,0,0,0,0,0,0,0,0.0,[],1,0,0,0,0,0
2026-08-09T14:15:00+00:00,1,Healthy,100,0,0,0,0,0,0,0,0,0,0,0.0,[],1,0,0,0,0,0
2026-08-09T14:30:00+00:00,1,Healthy,100,0,0,0,0,0,0,0,0,0,0,0.0,[],1,0,0,0,0,0
2026-08-09T14:45:00+00:00,1,Healthy,100,0,0,0,0,0,0,0,0,0,0,0.0,[],1,0,0,0,0,0
2026-08-09T15:00:00+00:00,1,Healthy,100,0,0,0,0,0,0,0,0,0,0,0.0,[],1,0,0,0,0,0
2026-08-09T15:15:00+00:00,1,Healthy,100,0,0,0,0,0,0,0,0,0,0,0.0,[],1,0,0,0,0,0
2026-08-09T15:30:00+00:00,1,Healthy,100,0,0,0,0,0,0,0,0,0,0,0.0,[],1,0,0,0,0,0
2026-08-09T15:45:00+00:00,1,Healthy,100,0,0,0,0,0,0,0,0,0,0,0.0,[],1,0,0,0,0,0
2026-08-09T16:00:00+00:00,1,Healthy,100,0,0,0,0,0,0,0,0,0,0,0.0,[],1,1,0,0,0,0
2026-08-09T16:15:00+00:00,1,Warning,96,0,0,0,1,0,0,0,0,2,0,0.0,"[{""type"":""jump"",""severity"":""warning"",""channel"":""temperature"",""timestamp"":""2026-08-09T16:15:00+00:00"",""evidence"":{""absolute_change"":2.5299999999999976,""threshold"":1.7219039999999879,""reference_differences"":63,""method"":""max(median+8*MAD, Q3+3*IQR, resolution)""},""message"":""temperature changed by 2.53, above its causal robust threshold 1.72."",""alert_recommended"":true},{""type"":""jump"",""severity"":""warning"",""channel"":""humidity"",""timestamp"":""2026-08-09T16:15:00+00:00"",""evidence"":{""absolute_change"":5.770000000000003,""threshold"":3.9882399999999656,""reference_differences"":63,""method"":""max(median+8*MAD, Q3+3*IQR, resolution)""},""message"":""humidity changed by 5.77, above its causal robust threshold 3.99."",""alert_recommended"":true}]",1,1,0,0,0,0
2026-08-09T16:30:00+00:00,1,Healthy,100,0,0,0,0,0,0,0,0,0,0,0.0,[],1,0,0,0,0,0
2026-08-09T16:45:00+00:00,1,Healthy,100,0,0,0,0,0,0,0,0,0,0,0.0,[],1,0,0,0,0,0
2026-08-09T17:00:00+00:00,1,Healthy,100,0,0,0,0,0,0,0,0,0,0,0.0,[],1,0,0,0,0,0
2026-08-09T17:15:00+00:00,1,Healthy,100,0,0,0,0,0,0,0,0,0,0,0.0,[],1,0,0,0,0,0
2026-08-09T17:30:00+00:00,1,Healthy,100,0,0,0,0,0,0,0,0,0,0,0.0,[],1,0,0,0,0,0
2026-08-09T17:45:00+00:00,1,Healthy,100,0,0,0,0,0,0,0,0,0,0,0.0,[],1,0,0,0,0,0
2026-08-09T18:00:00+00:00,1,Healthy,100,0,0,0,0,0,0,0,0,0,0,0.0,[],1,0,0,0,0,0
2026-08-09T18:15:00+00:00,1,Healthy,100,0,0,0,0,0,0,0,0,0,0,0.0,[],1,0,0,0,0,0
2026-08-09T18:30:00+00:00,1,Healthy,100,0,0,0,0,0,0,0,0,0,0,0.0,[],1,0,0,0,0,0
2026-08-09T18:45:00+00:00,1,Healthy,100,0,0,0,0,0,0,0,0,0,0,0.0,[],1,0,0,0,0,0
2026-08-09T19:00:00+00:00,1,Healthy,100,0,0,0,0,0,0,0,0,0,0,0.0,[],1,0,0,0,0,0
2026-08-09T19:15:00+00:00,1,Healthy,100,0,0,0,0,0,0,0,0,0,0,0.0,[],1,0,0,0,0,0
2026-08-09T19:30:00+00:00,1,Healthy,100,0,0,0,0,0,0,0,0,0,0,0.0,[],1,0,0,0,0,0
2026-08-09T19:45:00+00:00,1,Healthy,100,0,0,0,0,0,0,0,0,0,0,0.0,[],1,0,0,0,0,0
2026-08-09T20:00:00+00:00,1,Healthy,100,0,0,0,0,0,0,0,0,0,0,0.0,[],1,0,0,0,0,0
2026-08-09T20:15:00+00:00,1,Healthy,100,0,0,0,0,0,0,0,0,0,0,0.0,[],1,0,0,0,0,0
2026-08-09T20:30:00+00:00,1,Healthy,100,0,0,0,0,0,0,0,0,0,0,0.0,[],1,0,0,0,0,0
2026-08-09T20:45:00+00:00,1,Healthy,100,0,0,0,0,0,0,0,0,0,0,0.0,[],1,0,0,0,0,0
2026-08-09T21:00:00+00:00,1,Healthy,100,0,0,0,0,0,0,0,0,0,0,0.0,[],1,0,0,0,0,0
2026-08-09T21:15:00+00:00,1,Healthy,100,0,0,0,0,0,0,0,0,0,0,0.0,[],1,0,0,0,0,0
2026-08-09T21:30:00+00:00,1,Healthy,100,0,0,0,0,0,0,0,0,0,0,0.0,[],1,0,0,0,0,0
2026-08-09T21:45:00+00:00,1,Healthy,100,0,0,0,0,0,0,0,0,0,0,0.0,[],1,0,0,0,0,0
2026-08-09T22:00:00+00:00,1,Healthy,100,0,0,0,0,0,0,0,0,0,0,0.0,[],1,0,0,0,0,0
2026-08-09T22:15:00+00:00,1,Healthy,100,0,0,0,0,0,0,0,0,0,0,0.0,[],1,0,0,0,0,0
2026-08-09T22:30:00+00:00,1,Warning,96,0,0,0,1,0,0,0,0,2,0,0.0,"[{""type"":""jump"",""severity"":""warning"",""channel"":""pm25"",""timestamp"":""2026-08-09T22:30:00+00:00"",""evidence"":{""absolute_change"":7.5,""threshold"":4.186848000000005,""reference_differences"":88,""method"":""max(median+8*MAD, Q3+3*IQR, resolution)""},""message"":""pm25 changed by 7.5, above its causal robust threshold 4.19."",""alert_recommended"":true},{""type"":""jump"",""severity"":""warning"",""channel"":""o3"",""timestamp"":""2026-08-09T22:30:00+00:00"",""evidence"":{""absolute_change"":23.47,""threshold"":17.684736000000022,""reference_differences"":88,""method"":""max(median+8*MAD, Q3+3*IQR, resolution)""},""message"":""o3 changed by 23.47, above its causal robust threshold 17.68."",""alert_recommended"":true}]",1,1,0,0,0,0
2026-08-09T22:45:00+00:00,1,Healthy,100,0,0,0,0,0,0,0,0,0,0,0.0,[],1,0,0,0,0,0
2026-08-09T23:00:00+00:00,1,Healthy,100,0,0,0,0,0,0,0,0,0,0,0.0,[],1,0,0,0,0,0
2026-08-09T23:15:00+00:00,1,Healthy,100,0,0,0,0,0,0,0,0,0,0,0.0,[],1,0,0,0,0,0
2026-08-09T23:30:00+00:00,1,Healthy,100,0,0,0,0,0,0,0,0,0,0,0.0,[],1,0,0,0,0,0
2026-08-09T23:45:00+00:00,1,Healthy,100,0,0,0,0,0,0,0,0,0,0,0.0,[],1,0,0,0,0,0
2026-08-10T00:00:00+00:00,1,Healthy,100,0,0,0,0,0,0,0,0,0,0,0.0,[],1,0,0,0,0,0
2026-08-10T00:15:00+00:00,1,Healthy,100,0,0,0,0,0,0,0,0,0,0,0.0,[],1,0,0,0,0,0
2026-08-10T00:30:00+00:00,1,Healthy,100,0,0,0,0,0,0,0,0,0,0,0.0,[],1,0,0,0,0,0
2026-08-10T00:45:00+00:00,1,Healthy,100,0,0,0,0,0,0,0,0,0,0,0.0,[],1,0,0,0,0,0
2026-08-10T01:00:00+00:00,1,Healthy,100,0,0,0,0,0,0,0,0,0,0,0.0,[],1,0,0,0,0,0
2026-08-10T01:15:00+00:00,1,Healthy,100,0,0,0,0,0,0,0,0,0,0,0.0,[],1,0,0,0,0,0
2026-08-10T01:30:00+00:00,1,Healthy,100,0,0,0,0,0,0,0,0,0,0,0.0,[],1,0,0,0,0,0
2026-08-10T01:45:00+00:00,1,Healthy,100,0,0,0,0,0,0,0,0,0,0,0.0,[],1,0,0,0,0,0
2026-08-10T02:00:00+00:00,1,Healthy,100,0,0,0,0,0,0,0,0,0,0,0.0,[],1,0,0,0,0,0
2026-08-10T02:15:00+00:00,1,Healthy,100,0,0,0,0,0,0,0,0,0,0,0.0,[],1,0,0,0,0,0
2026-08-10T02:30:00+00:00,1,Healthy,100,0,0,0,0,0,0,0,0,0,0,0.0,[],1,0,0,0,0,0
2026-08-10T02:45:00+00:00,1,Healthy,100,0,0,0,0,0,0,0,0,0,0,0.0,[],1,0,0,0,0,0
2026-08-10T03:00:00+00:00,1,Healthy,100,0,0,0,0,0,0,0,0,0,0,0.0,[],1,0,0,0,0,0
2026-08-10T03:15:00+00:00,1,Healthy,100,0,0,0,0,0,0,0,0,0,0,0.0,[],1,0,0,0,0,0
2026-08-10T03:30:00+00:00,1,Healthy,100,0,0,0,0,0,0,0,0,0,0,0.0,[],1,0,0,0,0,0
2026-08-10T03:45:00+00:00,1,Healthy,100,0,0,0,0,0,0,0,0,0,0,0.0,[],1,0,0,0,0,0
2026-08-10T04:00:00+00:00,1,Healthy,100,0,0,0,0,0,0,0,0,0,0,0.0,[],1,0,0,0,0,0
2026-08-10T04:15:00+00:00,1,Healthy,100,0,0,0,0,0,0,0,0,0,0,0.0,[],1,0,0,0,0,0
2026-08-10T04:30:00+00:00,1,Warning,96,0,0,0,0,1,0,0,0,1,0,0.0,"[{""type"":""abnormal_noise"",""severity"":""warning"",""channel"":""humidity"",""timestamp"":""2026-08-10T04:30:00+00:00"",""evidence"":{""recent_difference_mad"":2.3943989999999977,""reference_difference_mad"":0.5930400000000084,""variability_ratio"":4.037499999999938,""sign_changes"":5,""window_samples"":8},""message"":""humidity is rapidly oscillating above its historical variability."",""alert_recommended"":true}]",1,0,0,0,0,0
2026-08-10T04:45:00+00:00,1,Warning,98,0,0,0,1,0,0,0,0,1,0,0.0,"[{""type"":""jump"",""severity"":""warning"",""channel"":""humidity"",""timestamp"":""2026-08-10T04:45:00+00:00"",""evidence"":{""absolute_change"":4.810000000000002,""threshold"":3.781024000000014,""reference_differences"":113,""method"":""max(median+8*MAD, Q3+3*IQR, resolution)""},""message"":""humidity changed by 4.81, above its causal robust threshold 3.78."",""alert_recommended"":true}]",1,1,0,0,0,0
2026-08-10T05:00:00+00:00,1,Healthy,100,0,0,0,0,0,0,0,0,0,0,0.0,[],1,0,0,0,0,0
2026-08-10T05:15:00+00:00,1,Warning,98,0,0,0,1,0,0,0,0,1,0,0.0,"[{""type"":""jump"",""severity"":""warning"",""channel"":""humidity"",""timestamp"":""2026-08-10T05:15:00+00:00"",""evidence"":{""absolute_change"":4.75,""threshold"":4.028239999999965,""reference_differences"":115,""method"":""max(median+8*MAD, Q3+3*IQR, resolution)""},""message"":""humidity changed by 4.75, above its causal robust threshold 4.03."",""alert_recommended"":true}]",1,1,0,0,0,0
2026-08-10T05:30:00+00:00,1,Healthy,100,0,0,0,0,0,0,0,0,0,0,0.0,[],1,0,0,0,0,0
2026-08-10T05:45:00+00:00,1,Healthy,100,0,0,0,0,0,0,0,0,0,0,0.0,[],1,0,0,0,0,0
2026-08-10T06:00:00+00:00,1,Warning,96,0,0,0,0,1,0,0,0,1,0,0.0,"[{""type"":""abnormal_noise"",""severity"":""warning"",""channel"":""pm25"",""timestamp"":""2026-08-10T06:00:00+00:00"",""evidence"":{""recent_difference_mad"":3.8176950000000014,""reference_difference_mad"":0.6819959999999986,""variability_ratio"":5.597826086956535,""sign_changes"":5,""window_samples"":8},""message"":""pm25 is rapidly oscillating above its historical variability."",""alert_recommended"":true}]",1,0,0,0,0,0
2026-08-10T06:15:00+00:00,1,Healthy,100,0,0,0,0,0,0,0,0,0,0,0.0,[],1,0,0,0,0,0
2026-08-10T06:30:00+00:00,1,Healthy,100,0,0,0,0,0,0,0,0,0,0,0.0,[],1,0,0,0,0,0
2026-08-10T06:45:00+00:00,1,Healthy,100,0,0,0,0,0,0,0,0,0,0,0.0,[],1,0,0,0,0,0
2026-08-10T07:00:00+00:00,1,Warning,98,0,0,0,1,0,0,0,0,1,0,0.0,"[{""type"":""jump"",""severity"":""warning"",""channel"":""humidity"",""timestamp"":""2026-08-10T07:00:00+00:00"",""evidence"":{""absolute_change"":4.850000000000001,""threshold"":4.305455999999962,""reference_differences"":122,""method"":""max(median+8*MAD, Q3+3*IQR, resolution)""},""message"":""humidity changed by 4.85, above its causal robust threshold 4.31."",""alert_recommended"":true}]",1,1,0,0,0,0
2026-08-10T07:15:00+00:00,1,Healthy,100,0,0,0,0,0,0,0,0,0,0,0.0,[],1,0,0,0,0,0
2026-08-10T07:30:00+00:00,1,Healthy,100,0,0,0,0,0,0,0,0,0,0,0.0,[],1,0,0,0,0,0
2026-08-10T07:45:00+00:00,1,Healthy,100,0,0,0,0,0,0,0,0,0,0,0.0,[],1,0,0,0,0,0
2026-08-10T08:00:00+00:00,1,Healthy,100,0,0,0,0,0,0,0,0,0,0,0.0,[],1,0,0,0,0,0
2026-08-10T08:15:00+00:00,1,Healthy,100,0,0,0,0,0,0,0,0,0,0,0.0,[],1,0,0,0,0,0
2026-08-10T08:30:00+00:00,1,Healthy,100,0,0,0,0,0,0,0,0,0,0,0.0,[],1,0,0,0,0,0
2026-08-10T08:45:00+00:00,1,Healthy,100,0,0,0,0,0,0,0,0,0,0,0.0,[],1,0,0,0,0,0
2026-08-10T09:00:00+00:00,1,Healthy,100,0,0,0,0,0,0,0,0,0,0,0.0,[],1,0,0,0,0,0
2026-08-10T09:15:00+00:00,1,Healthy,100,0,0,0,0,0,0,0,0,0,0,0.0,[],1,0,0,0,0,0
2026-08-10T09:30:00+00:00,1,Healthy,100,0,0,0,0,0,0,0,0,0,0,0.0,[],1,0,0,0,0,0
2026-08-10T09:45:00+00:00,1,Healthy,100,0,0,0,0,0,0,0,0,0,0,0.0,[],1,0,0,0,0,0
2026-08-10T10:00:00+00:00,1,Healthy,100,0,0,0,0,0,0,0,0,0,0,0.0,[],1,0,0,0,0,0
2026-08-10T10:15:00+00:00,1,Healthy,100,0,0,0,0,0,0,0,0,0,0,0.0,[],1,0,0,0,0,0
2026-08-10T10:30:00+00:00,1,Healthy,100,0,0,0,0,0,0,0,0,0,0,0.0,[],1,0,0,0,0,0
2026-08-10T10:45:00+00:00,1,Healthy,100,0,0,0,0,0,0,0,0,0,0,0.0,[],1,0,0,0,0,0
2026-08-10T11:00:00+00:00,1,Healthy,100,0,0,0,0,0,0,0,0,0,0,0.0,[],1,0,0,0,0,0
2026-08-10T11:15:00+00:00,1,Healthy,100,0,0,0,0,0,0,0,0,0,0,0.0,[],1,0,0,0,0,0
2026-08-10T11:30:00+00:00,1,Healthy,100,0,0,0,0,0,0,0,0,0,0,0.0,[],1,0,0,0,0,0
2026-08-10T11:45:00+00:00,1,Healthy,100,0,0,0,0,0,0,0,0,0,0,0.0,[],1,0,0,0,0,0
2026-08-10T12:00:00+00:00,1,Healthy,100,0,0,0,0,0,0,0,0,0,0,0.0,[],1,0,0,0,0,0
2026-08-10T12:15:00+00:00,1,Healthy,100,0,0,0,0,0,0,0,0,0,0,0.0,[],1,0,0,0,0,0
2026-08-10T12:30:00+00:00,1,Healthy,100,0,0,0,0,0,0,0,0,0,0,0.0,[],1,0,0,0,0,0
2026-08-10T12:45:00+00:00,1,Healthy,100,0,0,0,0,0,0,0,0,0,0,0.0,[],1,0,0,0,0,0
2026-08-10T13:00:00+00:00,1,Healthy,100,0,0,0,0,0,0,0,0,0,0,0.0,[],1,0,0,0,0,0
2026-08-10T13:15:00+00:00,1,Healthy,100,0,0,0,0,0,0,0,0,0,0,0.0,[],1,0,0,0,0,0
2026-08-10T13:30:00+00:00,1,Healthy,100,0,0,0,0,0,0,0,0,0,0,0.0,[],1,0,0,0,0,0
2026-08-10T13:45:00+00:00,1,Healthy,100,0,0,0,0,0,0,0,0,0,0,0.0,[],1,0,0,0,0,0
2026-08-10T14:00:00+00:00,1,Healthy,100,0,0,0,0,0,0,0,0,0,0,0.0,[],1,0,0,0,0,0
2026-08-10T14:15:00+00:00,1,Healthy,100,0,0,0,0,0,0,0,0,0,0,0.0,[],1,0,0,0,0,0
2026-08-10T14:30:00+00:00,1,Healthy,100,0,0,0,0,0,0,0,0,0,0,0.0,[],1,0,0,0,0,0
2026-08-10T14:45:00+00:00,1,Warning,98,0,0,0,1,0,0,0,0,1,0,0.0,"[{""type"":""jump"",""severity"":""warning"",""channel"":""temperature"",""timestamp"":""2026-08-10T14:45:00+00:00"",""evidence"":{""absolute_change"":1.4600000000000009,""threshold"":1.3260799999999717,""reference_differences"":153,""method"":""max(median+8*MAD, Q3+3*IQR, resolution)""},""message"":""temperature changed by 1.46, above its causal robust threshold 1.33."",""alert_recommended"":true}]",1,1,0,0,0,0
2026-08-10T15:00:00+00:00,1,Healthy,100,0,0,0,0,0,0,0,0,0,0,0.0,[],1,0,0,0,0,0
2026-08-10T15:15:00+00:00,1,Healthy,100,0,0,0,0,0,0,0,0,0,0,0.0,[],1,0,0,0,0,0
2026-08-10T15:30:00+00:00,1,Healthy,100,0,0,0,0,0,0,0,0,0,0,0.0,[],1,0,0,0,0,0
2026-08-10T15:45:00+00:00,1,Healthy,100,0,0,0,0,0,0,0,0,0,0,0.0,[],1,0,0,0,0,0
2026-08-10T16:00:00+00:00,1,Healthy,100,0,0,0,0,0,0,0,0,0,0,15.0,[],0,0,0,0,0,0
2026-08-10T16:15:00+00:00,1,Warning,95,0,1,0,0,0,0,0,0,1,0,0.0,"[{""type"":""sampling_gap"",""severity"":""warning"",""channel"":null,""timestamp"":""2026-08-10T16:15:00+00:00"",""evidence"":{""gap_minutes"":30.0,""missed_intervals"":1},""message"":""Sensor missed 1 expected reporting interval(s)."",""alert_recommended"":true}]",1,1,0,0,1,0
2026-08-10T16:30:00+00:00,1,Healthy,100,0,0,0,0,0,0,0,0,0,0,0.0,[],1,0,0,0,0,0
2026-08-10T16:45:00+00:00,1,Healthy,100,0,0,0,0,0,0,0,0,0,0,0.0,[],1,0,0,0,0,0
2026-08-10T17:00:00+00:00,1,Healthy,100,0,0,0,0,0,0,0,0,0,0,0.0,[],1,0,0,0,0,0
2026-08-10T17:15:00+00:00,1,Healthy,100,0,0,0,0,0,0,0,0,0,0,0.0,[],1,0,0,0,0,0
2026-08-10T17:30:00+00:00,1,Healthy,100,0,0,0,0,0,0,0,0,0,0,0.0,[],1,0,0,0,0,0
2026-08-10T17:45:00+00:00,1,Healthy,100,0,0,0,0,0,0,0,0,0,0,0.0,[],1,1,0,0,0,0
2026-08-10T18:00:00+00:00,1,Healthy,100,0,0,0,0,0,0,0,0,0,0,0.0,[],1,1,0,0,0,1
2026-08-10T18:15:00+00:00,1,Healthy,100,0,0,0,0,0,0,0,0,0,0,0.0,[],1,1,0,0,0,0
2026-08-10T18:30:00+00:00,1,Healthy,100,0,0,0,0,0,0,0,0,0,0,0.0,[],1,1,0,0,0,0
2026-08-10T18:45:00+00:00,1,Healthy,100,0,0,0,0,0,0,0,0,0,0,0.0,[],1,1,0,0,0,0
2026-08-10T19:00:00+00:00,1,Healthy,100,0,0,0,0,0,0,0,0,0,0,0.0,[],1,0,0,0,0,0
2026-08-10T19:15:00+00:00,1,Healthy,100,0,0,0,0,0,0,0,0,0,0,0.0,[],1,0,0,0,0,0
2026-08-10T19:30:00+00:00,1,Healthy,100,0,0,0,0,0,0,0,0,0,0,0.0,[],1,0,0,0,0,0
2026-08-10T19:45:00+00:00,1,Healthy,100,0,0,0,0,0,0,0,0,0,0,0.0,[],1,0,0,0,0,0
2026-08-10T20:00:00+00:00,1,Healthy,100,0,0,0,0,0,0,0,0,0,0,0.0,[],1,0,0,0,0,0
2026-08-10T20:15:00+00:00,1,Healthy,100,0,0,0,0,0,0,0,0,0,0,0.0,[],1,0,0,0,0,0
2026-08-10T20:30:00+00:00,1,Healthy,100,0,0,0,0,0,0,0,0,0,0,0.0,[],1,0,0,0,0,0
2026-08-10T20:45:00+00:00,1,Healthy,100,0,0,0,0,0,0,0,0,0,0,0.0,[],1,0,0,0,0,0
2026-08-10T21:00:00+00:00,1,Healthy,100,0,0,0,0,0,0,0,0,0,0,0.0,[],1,0,0,0,0,0
2026-08-10T21:15:00+00:00,1,Healthy,100,0,0,0,0,0,0,0,0,0,0,0.0,[],1,0,0,0,0,0
2026-08-10T21:30:00+00:00,1,Healthy,100,0,0,0,0,0,0,0,0,0,0,0.0,[],1,0,0,0,0,0
2026-08-10T21:45:00+00:00,1,Healthy,100,0,0,0,0,0,0,0,0,0,0,0.0,[],1,0,0,0,0,0
2026-08-10T22:00:00+00:00,1,Healthy,100,0,0,0,0,0,0,0,0,0,0,0.0,[],1,0,0,0,0,0
2026-08-10T22:15:00+00:00,1,Healthy,100,0,0,0,0,0,0,0,0,0,0,0.0,[],1,0,0,0,0,0
2026-08-10T22:30:00+00:00,1,Healthy,100,0,0,0,0,0,0,0,0,0,0,0.0,[],1,0,0,0,0,0
2026-08-10T22:45:00+00:00,1,Healthy,100,0,0,0,0,0,0,0,0,0,0,0.0,[],1,0,0,0,0,0
2026-08-10T23:00:00+00:00,1,Healthy,100,0,0,0,0,0,0,0,0,0,0,0.0,[],1,0,0,0,0,0
2026-08-10T23:15:00+00:00,1,Warning,98,0,0,0,1,0,0,0,0,1,0,0.0,"[{""type"":""jump"",""severity"":""warning"",""channel"":""o3"",""timestamp"":""2026-08-10T23:15:00+00:00"",""evidence"":{""absolute_change"":17.33,""threshold"":11.208384000000043,""reference_differences"":27,""method"":""max(median+8*MAD, Q3+3*IQR, resolution)""},""message"":""o3 changed by 17.33, above its causal robust threshold 11.21."",""alert_recommended"":true}]",1,0,0,0,0,0
2026-08-10T23:30:00+00:00,1,Healthy,100,0,0,0,0,0,0,0,0,0,0,0.0,[],1,0,0,0,0,0
2026-08-10T23:45:00+00:00,1,Healthy,100,0,0,0,0,0,0,0,0,0,0,0.0,[],1,0,0,0,0,0
2026-08-11T00:00:00+00:00,1,Healthy,100,0,0,0,0,0,0,0,0,0,0,0.0,[],1,0,0,0,0,0
2026-08-11T00:15:00+00:00,1,Healthy,100,0,0,0,0,0,0,0,0,0,0,0.0,[],1,0,0,0,0,0
2026-08-11T00:30:00+00:00,1,Healthy,100,0,0,0,0,0,0,0,0,0,0,0.0,[],1,0,0,0,0,0
2026-08-11T00:45:00+00:00,1,Healthy,100,0,0,0,0,0,0,0,0,0,0,0.0,[],1,0,0,0,0,0
2026-08-11T01:00:00+00:00,1,Healthy,100,0,0,0,0,0,0,0,0,0,0,0.0,[],1,0,0,0,0,0
2026-08-11T01:15:00+00:00,1,Healthy,100,0,0,0,0,0,0,0,0,0,0,0.0,[],1,0,0,0,0,0
2026-08-11T01:30:00+00:00,1,Healthy,100,0,0,0,0,0,0,0,0,0,0,0.0,[],1,0,0,0,0,0
2026-08-11T01:45:00+00:00,1,Healthy,100,0,0,0,0,0,0,0,0,0,0,0.0,[],1,0,0,0,0,0
2026-08-11T02:00:00+00:00,1,Healthy,100,0,0,0,0,0,0,0,0,0,0,0.0,[],1,0,0,0,0,0
2026-08-11T02:15:00+00:00,1,Healthy,100,0,0,0,0,0,0,0,0,0,0,0.0,[],1,0,0,0,0,0
2026-08-11T02:30:00+00:00,1,Healthy,100,0,0,0,0,0,0,0,0,0,0,0.0,[],1,0,0,0,0,0
2026-08-11T02:45:00+00:00,1,Healthy,100,0,0,0,0,0,0,0,0,0,0,0.0,[],1,0,0,0,0,0
2026-08-11T03:00:00+00:00,1,Healthy,100,0,0,0,0,0,0,0,0,0,0,0.0,[],1,0,0,0,0,0
2026-08-11T03:15:00+00:00,1,Healthy,100,0,0,0,0,0,0,0,0,0,0,0.0,[],1,0,0,0,0,0
2026-08-11T03:30:00+00:00,1,Healthy,100,0,0,0,0,0,0,0,0,0,0,0.0,[],1,0,0,0,0,0
2026-08-11T03:45:00+00:00,1,Healthy,100,0,0,0,0,0,0,0,0,0,0,0.0,[],1,1,0,0,0,0
2026-08-11T04:00:00+00:00,1,Warning,98,0,0,0,1,0,0,0,0,1,0,0.0,"[{""type"":""jump"",""severity"":""warning"",""channel"":""no2"",""timestamp"":""2026-08-11T04:00:00+00:00"",""evidence"":{""absolute_change"":0.03999999999999915,""threshold"":0.03999999999999915,""reference_differences"":46,""method"":""max(median+8*MAD, Q3+3*IQR, resolution)""},""message"":""no2 changed by 0.04, above its causal robust threshold 0.04."",""alert_recommended"":true}]",1,0,0,0,0,0
2026-08-11T04:15:00+00:00,1,Warning,98,0,0,0,1,0,0,0,0,1,0,0.0,"[{""type"":""jump"",""severity"":""warning"",""channel"":""pm25"",""timestamp"":""2026-08-11T04:15:00+00:00"",""evidence"":{""absolute_change"":12.790000000000003,""threshold"":9.27255999999999,""reference_differences"":47,""method"":""max(median+8*MAD, Q3+3*IQR, resolution)""},""message"":""pm25 changed by 12.79, above its causal robust threshold 9.27."",""alert_recommended"":true}]",1,1,0,0,0,0
2026-08-11T04:30:00+00:00,1,Warning,98,0,0,0,1,0,0,0,0,1,0,0.0,"[{""type"":""jump"",""severity"":""warning"",""channel"":""pm25"",""timestamp"":""2026-08-11T04:30:00+00:00"",""evidence"":{""absolute_change"":21.37,""threshold"":9.653384000000004,""reference_differences"":48,""method"":""max(median+8*MAD, Q3+3*IQR, resolution)""},""message"":""pm25 changed by 21.37, above its causal robust threshold 9.65."",""alert_recommended"":true}]",1,1,0,0,0,0
2026-08-11T04:45:00+00:00,1,Healthy,100,0,0,0,0,0,0,0,0,0,0,0.0,[],1,0,0,0,0,0
2026-08-11T05:00:00+00:00,1,Healthy,100,0,0,0,0,0,0,0,0,0,0,0.0,[],1,0,0,0,0,0
2026-08-11T05:15:00+00:00,1,Healthy,100,0,0,0,0,0,0,0,0,0,0,0.0,[],1,1,0,0,0,0
2026-08-11T05:30:00+00:00,1,Healthy,100,0,0,0,0,0,0,0,0,0,0,0.0,[],1,0,0,0,0,0
2026-08-11T05:45:00+00:00,1,Healthy,100,0,0,0,0,0,0,0,0,0,0,0.0,[],1,1,0,0,0,0
2026-08-11T06:00:00+00:00,1,Healthy,100,0,0,0,0,0,0,0,0,0,0,0.0,[],1,0,0,0,0,0
2026-08-11T06:15:00+00:00,1,Healthy,100,0,0,0,0,0,0,0,0,0,0,0.0,[],1,0,0,0,0,0
2026-08-11T06:30:00+00:00,1,Healthy,100,0,0,0,0,0,0,0,0,0,0,0.0,[],1,0,0,0,0,0
2026-08-11T06:45:00+00:00,1,Healthy,100,0,0,0,0,0,0,0,0,0,0,0.0,[],1,0,0,0,0,0
2026-08-11T07:00:00+00:00,1,Healthy,100,0,0,0,0,0,0,0,0,0,0,0.0,[],1,0,0,0,0,0
2026-08-11T07:15:00+00:00,1,Healthy,100,0,0,0,0,0,0,0,0,0,0,0.0,[],1,0,0,0,0,0
2026-08-11T07:30:00+00:00,1,Healthy,100,0,0,0,0,0,0,0,0,0,0,0.0,[],1,0,0,0,0,0
2026-08-11T07:45:00+00:00,1,Healthy,100,0,0,0,0,0,0,0,0,0,0,0.0,[],1,0,0,0,0,0
2026-08-11T08:00:00+00:00,1,Healthy,100,0,0,0,0,0,0,0,0,0,0,0.0,[],1,0,0,0,0,0
2026-08-11T08:15:00+00:00,1,Healthy,100,0,0,0,0,0,0,0,0,0,0,0.0,[],1,0,0,0,0,0
2026-08-11T08:30:00+00:00,1,Healthy,100,0,0,0,0,0,0,0,0,0,0,0.0,[],1,0,0,0,0,0
2026-08-11T08:45:00+00:00,1,Healthy,100,0,0,0,0,0,0,0,0,0,0,0.0,[],1,0,0,0,0,0
2026-08-11T09:00:00+00:00,1,Healthy,100,0,0,0,0,0,0,0,0,0,0,0.0,[],1,0,0,0,0,0
2026-08-11T09:15:00+00:00,1,Healthy,100,0,0,0,0,0,0,0,0,0,0,0.0,[],1,0,0,0,0,0
2026-08-11T09:30:00+00:00,1,Healthy,100,0,0,0,0,0,0,0,0,0,0,0.0,[],1,0,0,0,0,0
2026-08-11T09:45:00+00:00,1,Healthy,100,0,0,0,0,0,0,0,0,0,0,0.0,[],1,0,0,0,0,0
2026-08-11T10:00:00+00:00,1,Healthy,100,0,0,0,0,0,0,0,0,0,0,0.0,[],1,0,0,0,0,0
2026-08-11T10:15:00+00:00,1,Healthy,100,0,0,0,0,0,0,0,0,0,0,0.0,[],1,0,0,0,0,0
2026-08-11T10:30:00+00:00,1,Healthy,100,0,0,0,0,0,0,0,0,0,0,0.0,[],1,0,0,0,0,0
2026-08-11T10:45:00+00:00,1,Healthy,100,0,0,0,0,0,0,0,0,0,0,0.0,[],1,0,0,0,0,0
2026-08-11T11:00:00+00:00,1,Healthy,100,0,0,0,0,0,0,0,0,0,0,0.0,[],1,0,0,0,0,0
2026-08-11T11:15:00+00:00,1,Healthy,100,0,0,0,0,0,0,0,0,0,0,0.0,[],1,0,0,0,0,0
2026-08-11T11:30:00+00:00,1,Healthy,100,0,0,0,0,0,0,0,0,0,0,0.0,[],1,0,0,0,0,0
2026-08-11T11:45:00+00:00,1,Healthy,100,0,0,0,0,0,0,0,0,0,0,0.0,[],1,0,0,0,0,0
2026-08-11T12:00:00+00:00,1,Healthy,100,0,0,0,0,0,0,0,0,0,0,0.0,[],1,0,0,0,0,0
2026-08-11T12:15:00+00:00,1,Healthy,100,0,0,0,0,0,0,0,0,0,0,0.0,[],1,0,0,0,0,0
2026-08-11T12:30:00+00:00,1,Healthy,100,0,0,0,0,0,0,0,0,0,0,0.0,[],1,0,0,0,0,0
2026-08-11T12:45:00+00:00,1,Healthy,100,0,0,0,0,0,0,0,0,0,0,0.0,[],1,0,0,0,0,0
2026-08-11T13:00:00+00:00,1,Healthy,100,0,0,0,0,0,0,0,0,0,0,0.0,[],1,0,0,0,0,0
2026-08-11T13:15:00+00:00,1,Healthy,100,0,0,0,0,0,0,0,0,0,0,0.0,[],1,0,0,0,0,0
2026-08-11T13:30:00+00:00,1,Healthy,100,0,0,0,0,0,0,0,0,0,0,0.0,[],1,0,0,0,0,0
2026-08-11T13:45:00+00:00,1,Healthy,100,0,0,0,0,0,0,0,0,0,0,0.0,[],1,0,0,0,0,0
2026-08-11T14:00:00+00:00,1,Healthy,100,0,0,0,0,0,0,0,0,0,0,0.0,[],1,0,0,0,0,0
2026-08-11T14:15:00+00:00,1,Healthy,100,0,0,0,0,0,0,0,0,0,0,0.0,[],1,0,0,0,0,0
2026-08-11T14:30:00+00:00,1,Healthy,100,0,0,0,0,0,0,0,0,0,0,0.0,[],1,0,0,0,0,0
2026-08-11T14:45:00+00:00,1,Warning,98,0,0,0,1,0,0,0,0,1,0,0.0,"[{""type"":""jump"",""severity"":""warning"",""channel"":""temperature"",""timestamp"":""2026-08-11T14:45:00+00:00"",""evidence"":{""absolute_change"":1.5699999999999967,""threshold"":1.3360799999999733,""reference_differences"":89,""method"":""max(median+8*MAD, Q3+3*IQR, resolution)""},""message"":""temperature changed by 1.57, above its causal robust threshold 1.34."",""alert_recommended"":true}]",1,1,0,0,0,0
2026-08-11T15:00:00+00:00,1,Healthy,100,0,0,0,0,0,0,0,0,0,0,0.0,[],1,0,0,0,0,0
2026-08-11T15:15:00+00:00,1,Healthy,100,0,0,0,0,0,0,0,0,0,0,0.0,[],1,0,0,0,0,0
2026-08-11T15:30:00+00:00,1,Healthy,100,0,0,0,0,0,0,0,0,0,0,0.0,[],1,0,0,0,0,0
2026-08-11T15:45:00+00:00,1,Healthy,100,0,0,0,0,0,0,0,0,0,0,0.0,[],1,0,0,0,0,0
2026-08-11T16:00:00+00:00,1,Healthy,100,0,0,0,0,0,0,0,0,0,0,0.0,[],1,1,0,0,0,0
2026-08-11T16:15:00+00:00,1,Warning,98,0,0,0,1,0,0,0,0,1,0,0.0,"[{""type"":""jump"",""severity"":""warning"",""channel"":""temperature"",""timestamp"":""2026-08-11T16:15:00+00:00"",""evidence"":{""absolute_change"":2.4499999999999993,""threshold"":1.4646879999999933,""reference_differences"":95,""method"":""max(median+8*MAD, Q3+3*IQR, resolution)""},""message"":""temperature changed by 2.45, above its causal robust threshold 1.46."",""alert_recommended"":true}]",1,1,0,0,0,0
2026-08-11T16:30:00+00:00,1,Healthy,100,0,0,0,0,0,0,0,0,0,0,0.0,[],1,0,0,0,0,0
2026-08-11T16:45:00+00:00,1,Healthy,100,0,0,0,0,0,0,0,0,0,0,0.0,[],1,0,0,0,0,0
2026-08-11T17:00:00+00:00,1,Healthy,100,0,0,0,0,0,0,0,0,0,0,0.0,[],1,0,0,0,0,0
2026-08-11T17:15:00+00:00,1,Healthy,100,0,0,0,0,0,0,0,0,0,0,0.0,[],1,0,0,0,0,0
2026-08-11T17:30:00+00:00,1,Healthy,100,0,0,0,0,0,0,0,0,0,0,0.0,[],1,0,0,0,0,0
2026-08-11T17:45:00+00:00,1,Healthy,100,0,0,0,0,0,0,0,0,0,0,0.0,[],1,0,0,0,0,0
2026-08-11T18:00:00+00:00,1,Healthy,100,0,0,0,0,0,0,0,0,0,0,0.0,[],1,0,0,0,0,0
2026-08-11T18:15:00+00:00,1,Healthy,100,0,0,0,0,0,0,0,0,0,0,0.0,[],1,0,0,0,0,0
2026-08-11T18:30:00+00:00,1,Healthy,100,0,0,0,0,0,0,0,0,0,0,0.0,[],1,0,0,0,0,0
2026-08-11T18:45:00+00:00,1,Healthy,100,0,0,0,0,0,0,0,0,0,0,0.0,[],1,0,0,0,0,0
2026-08-11T19:00:00+00:00,1,Healthy,100,0,0,0,0,0,0,0,0,0,0,0.0,[],1,0,0,0,0,0
2026-08-11T19:15:00+00:00,1,Healthy,100,0,0,0,0,0,0,0,0,0,0,0.0,[],1,0,0,0,0,0
2026-08-11T19:30:00+00:00,1,Healthy,100,0,0,0,0,0,0,0,0,0,0,0.0,[],1,0,0,0,0,0
2026-08-11T19:45:00+00:00,1,Healthy,100,0,0,0,0,0,0,0,0,0,0,0.0,[],1,0,0,0,0,0
2026-08-11T20:00:00+00:00,1,Healthy,100,0,0,0,0,0,0,0,0,0,0,0.0,[],1,0,0,0,0,0
2026-08-11T20:15:00+00:00,1,Healthy,100,0,0,0,0,0,0,0,0,0,0,0.0,[],1,0,0,0,0,0
2026-08-11T20:30:00+00:00,1,Healthy,100,0,0,0,0,0,0,0,0,0,0,0.0,[],1,0,0,0,0,0
2026-08-11T20:45:00+00:00,1,Healthy,100,0,0,0,0,0,0,0,0,0,0,0.0,[],1,0,0,0,0,0
2026-08-11T21:00:00+00:00,1,Healthy,100,0,0,0,0,0,0,0,0,0,0,0.0,[],1,0,0,0,0,0
2026-08-11T21:15:00+00:00,1,Healthy,100,0,0,0,0,0,0,0,0,0,0,0.0,[],1,0,0,0,0,0
2026-08-11T21:30:00+00:00,1,Healthy,100,0,0,0,0,0,0,0,0,0,0,0.0,[],1,0,0,0,0,0
2026-08-11T21:45:00+00:00,1,Healthy,100,0,0,0,0,0,0,0,0,0,0,0.0,[],1,0,0,0,0,0
2026-08-11T22:00:00+00:00,1,Healthy,100,0,0,0,0,0,0,0,0,0,0,0.0,[],1,0,0,0,0,0
2026-08-11T22:15:00+00:00,1,Healthy,100,0,0,0,0,0,0,0,0,0,0,0.0,[],1,0,0,0,0,0
2026-08-11T22:30:00+00:00,1,Healthy,100,0,0,0,0,0,0,0,0,0,0,0.0,[],1,0,0,0,0,0
2026-08-11T22:45:00+00:00,1,Healthy,100,0,0,0,0,0,0,0,0,0,0,0.0,[],1,0,0,0,0,0
2026-08-11T23:00:00+00:00,1,Healthy,100,0,0,0,0,0,0,0,0,0,0,0.0,[],1,0,0,0,0,0
2026-08-11T23:15:00+00:00,1,Healthy,100,0,0,0,0,0,0,0,0,0,0,0.0,[],1,0,0,0,0,0
2026-08-11T23:30:00+00:00,1,Healthy,100,0,0,0,0,0,0,0,0,0,0,0.0,[],1,0,0,0,0,0
2026-08-11T23:45:00+00:00,1,Healthy,100,0,0,0,0,0,0,0,0,0,0,0.0,[],1,0,0,0,0,0
2026-08-12T00:00:00+00:00,1,Healthy,100,0,0,0,0,0,0,0,0,0,0,0.0,[],1,0,0,0,0,0
2026-08-12T00:15:00+00:00,1,Healthy,100,0,0,0,0,0,0,0,0,0,0,0.0,[],1,0,0,0,0,0
2026-08-12T00:30:00+00:00,1,Healthy,100,0,0,0,0,0,0,0,0,0,0,0.0,[],1,0,0,0,0,0
2026-08-12T00:45:00+00:00,1,Healthy,100,0,0,0,0,0,0,0,0,0,0,0.0,[],1,0,0,0,0,0
2026-08-12T01:00:00+00:00,1,Healthy,100,0,0,0,0,0,0,0,0,0,0,0.0,[],1,0,0,0,0,0
2026-08-12T01:15:00+00:00,1,Healthy,100,0,0,0,0,0,0,0,0,0,0,0.0,[],1,0,0,0,0,0
2026-08-12T01:30:00+00:00,1,Healthy,100,0,0,0,0,0,0,0,0,0,0,0.0,[],1,0,0,0,0,0
2026-08-12T01:45:00+00:00,1,Healthy,100,0,0,0,0,0,0,0,0,0,0,0.0,[],1,0,0,0,0,0
2026-08-12T02:00:00+00:00,1,Healthy,100,0,0,0,0,0,0,0,0,0,0,0.0,[],1,0,0,0,0,0
2026-08-12T02:15:00+00:00,1,Healthy,100,0,0,0,0,0,0,0,0,0,0,0.0,[],1,0,0,0,0,0
2026-08-12T02:30:00+00:00,1,Healthy,100,0,0,0,0,0,0,0,0,0,0,0.0,[],1,0,0,0,0,0
2026-08-12T02:45:00+00:00,1,Healthy,100,0,0,0,0,0,0,0,0,0,0,0.0,[],1,0,0,0,0,0
2026-08-12T03:00:00+00:00,1,Healthy,100,0,0,0,0,0,0,0,0,0,0,0.0,[],1,0,0,0,0,0
2026-08-12T03:15:00+00:00,1,Healthy,100,0,0,0,0,0,0,0,0,0,0,0.0,[],1,0,0,0,0,0
2026-08-12T03:30:00+00:00,1,Healthy,100,0,0,0,0,0,0,0,0,0,0,0.0,[],1,0,0,0,0,0
2026-08-12T03:45:00+00:00,1,Healthy,100,0,0,0,0,0,0,0,0,0,0,0.0,[],1,0,0,0,0,0
2026-08-12T04:00:00+00:00,1,Healthy,100,0,0,0,0,0,0,0,0,0,0,0.0,[],1,0,0,0,0,0
2026-08-12T04:15:00+00:00,1,Healthy,100,0,0,0,0,0,0,0,0,0,0,0.0,[],1,0,0,0,0,0
2026-08-12T04:30:00+00:00,1,Healthy,100,0,0,0,0,0,0,0,0,0,0,0.0,[],1,0,0,0,0,0
2026-08-12T04:45:00+00:00,1,Healthy,100,0,0,0,0,0,0,0,0,0,0,0.0,[],1,0,0,0,0,0
2026-08-12T05:00:00+00:00,1,Healthy,100,0,0,0,0,0,0,0,0,0,0,0.0,[],1,0,0,0,0,0
2026-08-12T05:15:00+00:00,1,Healthy,100,0,0,0,0,0,0,0,0,0,0,0.0,[],1,0,0,0,0,0
2026-08-12T05:30:00+00:00,1,Healthy,100,0,0,0,0,0,0,0,0,0,0,0.0,[],1,0,0,0,0,0
2026-08-12T05:45:00+00:00,1,Healthy,100,0,0,0,0,0,0,0,0,0,0,0.0,[],1,0,0,0,0,0
2026-08-12T06:00:00+00:00,1,Healthy,100,0,0,0,0,0,0,0,0,0,0,0.0,[],1,0,0,0,0,0
2026-08-12T06:15:00+00:00,1,Healthy,100,0,0,0,0,0,0,0,0,0,0,0.0,[],1,0,0,0,0,0
2026-08-12T06:30:00+00:00,1,Healthy,100,0,0,0,0,0,0,0,0,0,0,0.0,[],1,0,0,0,0,0
2026-08-12T06:45:00+00:00,1,Healthy,100,0,0,0,0,0,0,0,0,0,0,0.0,[],1,0,0,0,0,0
2026-08-12T07:00:00+00:00,1,Healthy,100,0,0,0,0,0,0,0,0,0,0,0.0,[],1,0,0,0,0,0
2026-08-12T07:15:00+00:00,1,Healthy,100,0,0,0,0,0,0,0,0,0,0,0.0,[],1,0,0,0,0,0
2026-08-12T07:30:00+00:00,1,Healthy,100,0,0,0,0,0,0,0,0,0,0,0.0,[],1,0,0,0,0,0
2026-08-12T07:45:00+00:00,1,Healthy,100,0,0,0,0,0,0,0,0,0,0,0.0,[],1,0,0,0,0,0
2026-08-12T08:00:00+00:00,1,Healthy,100,0,0,0,0,0,0,0,0,0,0,0.0,[],1,0,0,0,0,0
2026-08-12T08:15:00+00:00,1,Healthy,100,0,0,0,0,0,0,0,0,0,0,0.0,[],1,0,0,0,0,0
2026-08-12T08:30:00+00:00,1,Healthy,100,0,0,0,0,0,0,0,0,0,0,0.0,[],1,0,0,0,0,0
2026-08-12T08:45:00+00:00,1,Healthy,100,0,0,0,0,0,0,0,0,0,0,0.0,[],1,0,0,0,0,0
2026-08-12T09:00:00+00:00,1,Healthy,100,0,0,0,0,0,0,0,0,0,0,0.0,[],1,0,0,0,0,0
2026-08-12T09:15:00+00:00,1,Healthy,100,0,0,0,0,0,0,0,0,0,0,0.0,[],1,0,0,0,0,0
2026-08-12T09:30:00+00:00,1,Healthy,100,0,0,0,0,0,0,0,0,0,0,0.0,[],1,0,0,0,0,0
2026-08-12T09:45:00+00:00,1,Healthy,100,0,0,0,0,0,0,0,0,0,0,0.0,[],1,0,0,0,0,0
2026-08-12T10:00:00+00:00,1,Healthy,100,0,0,0,0,0,0,0,0,0,0,0.0,[],1,0,0,0,0,0
2026-08-12T10:15:00+00:00,1,Healthy,100,0,0,0,0,0,0,0,0,0,0,0.0,[],1,0,0,0,0,0
2026-08-12T10:30:00+00:00,1,Healthy,100,0,0,0,0,0,0,0,0,0,0,0.0,[],1,0,0,0,0,0
2026-08-12T10:45:00+00:00,1,Healthy,100,0,0,0,0,0,0,0,0,0,0,0.0,[],1,0,0,0,0,0
2026-08-12T11:00:00+00:00,1,Healthy,100,0,0,0,0,0,0,0,0,0,0,0.0,[],1,0,0,0,0,0
2026-08-12T11:15:00+00:00,1,Healthy,100,0,0,0,0,0,0,0,0,0,0,0.0,[],1,0,0,0,0,0
2026-08-12T11:30:00+00:00,1,Healthy,100,0,0,0,0,0,0,0,0,0,0,0.0,[],1,0,0,0,0,0
2026-08-12T11:45:00+00:00,1,Healthy,100,0,0,0,0,0,0,0,0,0,0,0.0,[],1,0,0,0,0,0
2026-08-12T12:00:00+00:00,1,Healthy,100,0,0,0,0,0,0,0,0,0,0,0.0,[],1,0,0,0,0,0
2026-08-12T12:15:00+00:00,1,Healthy,100,0,0,0,0,0,0,0,0,0,0,0.0,[],1,0,0,0,0,0
2026-08-12T12:30:00+00:00,1,Healthy,100,0,0,0,0,0,0,0,0,0,0,0.0,[],1,0,0,0,0,0
2026-08-12T12:45:00+00:00,1,Healthy,100,0,0,0,0,0,0,0,0,0,0,0.0,[],1,0,0,0,0,0
2026-08-12T13:00:00+00:00,1,Healthy,100,0,0,0,0,0,0,0,0,0,0,0.0,[],1,0,0,0,0,0
2026-08-12T13:15:00+00:00,1,Healthy,100,0,0,0,0,0,0,0,0,0,0,0.0,[],1,0,0,0,0,0
2026-08-12T13:30:00+00:00,1,Healthy,100,0,0,0,0,0,0,0,0,0,0,0.0,[],1,0,0,0,0,0
2026-08-12T13:45:00+00:00,1,Healthy,100,0,0,0,0,0,0,0,0,0,0,0.0,[],1,0,0,0,0,0
2026-08-12T14:00:00+00:00,1,Healthy,100,0,0,0,0,0,0,0,0,0,0,0.0,[],1,0,0,0,0,0
2026-08-12T14:15:00+00:00,1,Healthy,100,0,0,0,0,0,0,0,0,0,0,0.0,[],1,0,0,0,0,0
2026-08-12T14:30:00+00:00,1,Healthy,100,0,0,0,0,0,0,0,0,0,0,0.0,[],1,0,0,0,0,0
2026-08-12T14:45:00+00:00,1,Warning,98,0,0,0,1,0,0,0,0,1,0,0.0,"[{""type"":""jump"",""severity"":""warning"",""channel"":""temperature"",""timestamp"":""2026-08-12T14:45:00+00:00"",""evidence"":{""absolute_change"":1.3999999999999986,""threshold"":1.3460799999999749,""reference_differences"":185,""method"":""max(median+8*MAD, Q3+3*IQR, resolution)""},""message"":""temperature changed by 1.4, above its causal robust threshold 1.35."",""alert_recommended"":true}]",1,1,0,0,0,0
2026-08-12T15:00:00+00:00,1,Healthy,100,0,0,0,0,0,0,0,0,0,0,0.0,[],1,0,0,0,0,0
2026-08-12T15:15:00+00:00,1,Healthy,100,0,0,0,0,0,0,0,0,0,0,0.0,[],1,0,0,0,0,0
2026-08-12T15:30:00+00:00,1,Healthy,100,0,0,0,0,0,0,0,0,0,0,0.0,[],1,0,0,0,0,0
2026-08-12T15:45:00+00:00,1,Healthy,100,0,0,0,0,0,0,0,0,0,0,0.0,[],1,0,0,0,0,0
2026-08-12T16:00:00+00:00,1,Warning,96,0,0,0,1,0,0,0,0,2,0,0.0,"[{""type"":""jump"",""severity"":""warning"",""channel"":""pm25"",""timestamp"":""2026-08-12T16:00:00+00:00"",""evidence"":{""absolute_change"":7.450000000000001,""threshold"":4.9584960000000065,""reference_differences"":190,""method"":""max(median+8*MAD, Q3+3*IQR, resolution)""},""message"":""pm25 changed by 7.45, above its causal robust threshold 4.96."",""alert_recommended"":true},{""type"":""jump"",""severity"":""warning"",""channel"":""temperature"",""timestamp"":""2026-08-12T16:00:00+00:00"",""evidence"":{""absolute_change"":1.3900000000000006,""threshold"":1.3460799999999749,""reference_differences"":190,""method"":""max(median+8*MAD, Q3+3*IQR, resolution)""},""message"":""temperature changed by 1.39, above its causal robust threshold 1.35."",""alert_recommended"":true}]",1,1,0,0,0,0
2026-08-12T16:15:00+00:00,1,Warning,98,0,0,0,1,0,0,0,0,1,0,0.0,"[{""type"":""jump"",""severity"":""warning"",""channel"":""temperature"",""timestamp"":""2026-08-12T16:15:00+00:00"",""evidence"":{""absolute_change"":2.6499999999999986,""threshold"":1.3460799999999749,""reference_differences"":191,""method"":""max(median+8*MAD, Q3+3*IQR, resolution)""},""message"":""temperature changed by 2.65, above its causal robust threshold 1.35."",""alert_recommended"":true}]",1,1,0,0,0,0
2026-08-12T16:30:00+00:00,1,Warning,98,0,0,0,1,0,0,0,0,1,0,0.0,"[{""type"":""jump"",""severity"":""warning"",""channel"":""temperature"",""timestamp"":""2026-08-12T16:30:00+00:00"",""evidence"":{""absolute_change"":1.4200000000000017,""threshold"":1.346079999999996,""reference_differences"":192,""method"":""max(median+8*MAD, Q3+3*IQR, resolution)""},""message"":""temperature changed by 1.42, above its causal robust threshold 1.35."",""alert_recommended"":true}]",1,1,0,0,0,0
2026-08-12T16:45:00+00:00,1,Warning,98,0,0,0,1,0,0,0,0,1,0,0.0,"[{""type"":""jump"",""severity"":""warning"",""channel"":""pm25"",""timestamp"":""2026-08-12T16:45:00+00:00"",""evidence"":{""absolute_change"":14.780000000000001,""threshold"":5.235712000000006,""reference_differences"":193,""method"":""max(median+8*MAD, Q3+3*IQR, resolution)""},""message"":""pm25 changed by 14.78, above its causal robust threshold 5.24."",""alert_recommended"":true}]",1,1,0,0,0,0
2026-08-12T17:00:00+00:00,1,Warning,98,0,0,0,1,0,0,0,0,1,0,0.0,"[{""type"":""jump"",""severity"":""warning"",""channel"":""pm25"",""timestamp"":""2026-08-12T17:00:00+00:00"",""evidence"":{""absolute_change"":12.530000000000001,""threshold"":5.359319999999972,""reference_differences"":194,""method"":""max(median+8*MAD, Q3+3*IQR, resolution)""},""message"":""pm25 changed by 12.53, above its causal robust threshold 5.36."",""alert_recommended"":true}]",1,1,0,0,0,0
2026-08-12T17:15:00+00:00,1,Healthy,100,0,0,0,0,0,0,0,0,0,0,0.0,[],1,0,0,0,0,1
2026-08-12T17:30:00+00:00,1,Warning,98,0,0,0,1,0,0,0,0,1,0,0.0,"[{""type"":""jump"",""severity"":""warning"",""channel"":""pm25"",""timestamp"":""2026-08-12T17:30:00+00:00"",""evidence"":{""absolute_change"":18.539999999999996,""threshold"":5.364319999999993,""reference_differences"":196,""method"":""max(median+8*MAD, Q3+3*IQR, resolution)""},""message"":""pm25 changed by 18.54, above its causal robust threshold 5.36."",""alert_recommended"":true}]",1,1,0,0,0,0
2026-08-12T17:45:00+00:00,1,Healthy,100,0,0,0,0,0,0,0,0,0,0,0.0,[],1,0,0,0,0,0
2026-08-12T18:00:00+00:00,1,Healthy,100,0,0,0,0,0,0,0,0,0,0,0.0,[],1,0,0,0,0,0
2026-08-12T18:15:00+00:00,1,Warning,98,0,0,0,1,0,0,0,0,1,0,0.0,"[{""type"":""jump"",""severity"":""warning"",""channel"":""pm25"",""timestamp"":""2026-08-12T18:15:00+00:00"",""evidence"":{""absolute_change"":7.59,""threshold"":5.6215359999999555,""reference_differences"":199,""method"":""max(median+8*MAD, Q3+3*IQR, resolution)""},""message"":""pm25 changed by 7.59, above its causal robust threshold 5.62."",""alert_recommended"":true}]",1,1,0,0,0,0
2026-08-12T18:30:00+00:00,1,Healthy,100,0,0,0,0,0,0,0,0,0,0,0.0,[],1,0,0,0,0,0
2026-08-12T18:45:00+00:00,1,Healthy,100,0,0,0,0,0,0,0,0,0,0,0.0,[],1,0,0,0,0,0
2026-08-12T19:00:00+00:00,1,Healthy,100,0,0,0,0,0,0,0,0,0,0,0.0,[],1,0,0,0,0,0
2026-08-12T19:15:00+00:00,1,Healthy,100,0,0,0,0,0,0,0,0,0,0,0.0,[],1,0,0,0,0,0
2026-08-12T19:30:00+00:00,1,Healthy,100,0,0,0,0,0,0,0,0,0,0,0.0,[],1,0,0,0,0,0
2026-08-12T19:45:00+00:00,1,Healthy,100,0,0,0,0,0,0,0,0,0,0,0.0,[],1,0,0,0,0,0
2026-08-12T20:00:00+00:00,1,Healthy,100,0,0,0,0,0,0,0,0,0,0,0.0,[],1,0,0,0,0,0
2026-08-12T20:15:00+00:00,1,Healthy,100,0,0,0,0,0,0,0,0,0,0,0.0,[],1,0,0,0,0,0
2026-08-12T20:30:00+00:00,1,Healthy,100,0,0,0,0,0,0,0,0,0,0,0.0,[],1,0,0,0,0,0
2026-08-12T20:45:00+00:00,1,Healthy,100,0,0,0,0,0,0,0,0,0,0,0.0,[],1,0,0,0,0,0
2026-08-12T21:00:00+00:00,1,Healthy,100,0,0,0,0,0,0,0,0,0,0,0.0,[],1,0,0,0,0,0
2026-08-12T21:15:00+00:00,1,Healthy,100,0,0,0,0,0,0,0,0,0,0,0.0,[],1,0,0,0,0,0
2026-08-12T21:30:00+00:00,1,Healthy,100,0,0,0,0,0,0,0,0,0,0,0.0,[],1,0,0,0,0,0
2026-08-12T21:45:00+00:00,1,Healthy,100,0,0,0,0,0,0,0,0,0,0,0.0,[],1,0,0,0,0,0
2026-08-12T22:00:00+00:00,1,Healthy,100,0,0,0,0,0,0,0,0,0,0,0.0,[],1,0,0,0,0,0
2026-08-12T22:15:00+00:00,1,Healthy,100,0,0,0,0,0,0,0,0,0,0,0.0,[],1,0,0,0,0,0
2026-08-12T22:30:00+00:00,1,Healthy,100,0,0,0,0,0,0,0,0,0,0,0.0,[],1,0,0,0,0,0
2026-08-12T22:45:00+00:00,1,Healthy,100,0,0,0,0,0,0,0,0,0,0,0.0,[],1,0,0,0,0,0
2026-08-12T23:00:00+00:00,1,Healthy,100,0,0,0,0,0,0,0,0,0,0,0.0,[],1,0,0,0,0,0
2026-08-12T23:15:00+00:00,1,Healthy,100,0,0,0,0,0,0,0,0,0,0,0.0,[],1,0,0,0,0,0
2026-08-12T23:30:00+00:00,1,Healthy,100,0,0,0,0,0,0,0,0,0,0,0.0,[],1,0,0,0,0,0
2026-08-12T23:45:00+00:00,1,Healthy,100,0,0,0,0,0,0,0,0,0,0,0.0,[],1,0,0,0,0,0
2026-08-13T00:00:00+00:00,1,Healthy,100,0,0,0,0,0,0,0,0,0,0,0.0,[],1,0,0,0,0,0
2026-08-13T00:15:00+00:00,1,Healthy,100,0,0,0,0,0,0,0,0,0,0,0.0,[],1,0,0,0,0,0
2026-08-13T00:30:00+00:00,1,Healthy,100,0,0,0,0,0,0,0,0,0,0,0.0,[],1,0,0,0,0,0
2026-08-13T00:45:00+00:00,1,Healthy,100,0,0,0,0,0,0,0,0,0,0,0.0,[],1,0,0,0,0,0
2026-08-13T01:00:00+00:00,1,Healthy,100,0,0,0,0,0,0,0,0,0,0,0.0,[],1,0,0,0,0,0
2026-08-13T01:15:00+00:00,1,Healthy,100,0,0,0,0,0,0,0,0,0,0,0.0,[],1,0,0,0,0,0
2026-08-13T01:30:00+00:00,1,Healthy,100,0,0,0,0,0,0,0,0,0,0,0.0,[],1,0,0,0,0,0
2026-08-13T01:45:00+00:00,1,Healthy,100,0,0,0,0,0,0,0,0,0,0,0.0,[],1,0,0,0,0,0
2026-08-13T02:00:00+00:00,1,Healthy,100,0,0,0,0,0,0,0,0,0,0,0.0,[],1,0,0,0,0,0
2026-08-13T02:15:00+00:00,1,Healthy,100,0,0,0,0,0,0,0,0,0,0,0.0,[],1,0,0,0,0,0
2026-08-13T02:30:00+00:00,1,Healthy,100,0,0,0,0,0,0,0,0,0,0,0.0,[],1,0,0,0,0,0
2026-08-13T02:45:00+00:00,1,Healthy,100,0,0,0,0,0,0,0,0,0,0,0.0,[],1,0,0,0,0,0
2026-08-13T03:00:00+00:00,1,Healthy,100,0,0,0,0,0,0,0,0,0,0,0.0,[],1,0,0,0,0,0
2026-08-13T03:15:00+00:00,1,Healthy,100,0,0,0,0,0,0,0,0,0,0,0.0,[],1,0,0,0,0,0
2026-08-13T03:30:00+00:00,1,Healthy,100,0,0,0,0,0,0,0,0,0,0,0.0,[],1,0,0,0,0,0
2026-08-13T03:45:00+00:00,1,Healthy,100,0,0,0,0,0,0,0,0,0,0,0.0,[],1,0,0,0,0,0
2026-08-13T04:00:00+00:00,1,Healthy,100,0,0,0,0,0,0,0,0,0,0,0.0,[],1,0,0,0,0,0
2026-08-13T04:15:00+00:00,1,Healthy,100,0,0,0,0,0,0,0,0,0,0,0.0,[],1,0,0,0,0,0
2026-08-13T04:30:00+00:00,1,Healthy,100,0,0,0,0,0,0,0,0,0,0,0.0,[],1,0,0,0,0,0
2026-08-13T04:45:00+00:00,1,Healthy,100,0,0,0,0,0,0,0,0,0,0,0.0,[],1,0,0,0,0,0
2026-08-13T05:00:00+00:00,1,Healthy,100,0,0,0,0,0,0,0,0,0,0,0.0,[],1,0,0,0,0,0
2026-08-13T05:15:00+00:00,1,Healthy,100,0,0,0,0,0,0,0,0,0,0,0.0,[],1,0,0,0,0,0
2026-08-13T05:30:00+00:00,1,Healthy,100,0,0,0,0,0,0,0,0,0,0,0.0,[],1,0,0,0,0,0
2026-08-13T05:45:00+00:00,1,Healthy,100,0,0,0,0,0,0,0,0,0,0,0.0,[],1,0,0,0,0,0
2026-08-13T06:00:00+00:00,1,Warning,98,0,0,0,1,0,0,0,0,1,0,0.0,"[{""type"":""jump"",""severity"":""warning"",""channel"":""pm25"",""timestamp"":""2026-08-13T06:00:00+00:00"",""evidence"":{""absolute_change"":10.29,""threshold"":5.166407999999999,""reference_differences"":246,""method"":""max(median+8*MAD, Q3+3*IQR, resolution)""},""message"":""pm25 changed by 10.29, above its causal robust threshold 5.17."",""alert_recommended"":true}]",1,1,0,0,0,0
2026-08-13T06:15:00+00:00,1,Warning,98,0,0,0,1,0,0,0,0,1,0,0.0,"[{""type"":""jump"",""severity"":""warning"",""channel"":""pm25"",""timestamp"":""2026-08-13T06:15:00+00:00"",""evidence"":{""absolute_change"":9.43,""threshold"":5.225712000000008,""reference_differences"":247,""method"":""max(median+8*MAD, Q3+3*IQR, resolution)""},""message"":""pm25 changed by 9.43, above its causal robust threshold 5.23."",""alert_recommended"":true}]",1,1,0,0,0,0
2026-08-13T06:30:00+00:00,1,Healthy,100,0,0,0,0,0,0,0,0,0,0,0.0,[],1,0,0,0,0,0
2026-08-13T06:45:00+00:00,1,Healthy,100,0,0,0,0,0,0,0,0,0,0,0.0,[],1,0,0,0,0,0
2026-08-13T07:00:00+00:00,1,Healthy,100,0,0,0,0,0,0,0,0,0,0,0.0,[],1,0,0,0,0,0
2026-08-13T07:15:00+00:00,1,Warning,98,0,0,0,1,0,0,0,0,1,0,0.0,"[{""type"":""jump"",""severity"":""warning"",""channel"":""pm25"",""timestamp"":""2026-08-13T07:15:00+00:00"",""evidence"":{""absolute_change"":10.440000000000001,""threshold"":5.344319999999985,""reference_differences"":251,""method"":""max(median+8*MAD, Q3+3*IQR, resolution)""},""message"":""pm25 changed by 10.44, above its causal robust threshold 5.34."",""alert_recommended"":true}]",1,1,0,0,0,0
2026-08-13T07:30:00+00:00,1,Healthy,100,0,0,0,0,0,0,0,0,0,0,0.0,[],1,0,0,0,0,0
2026-08-13T07:45:00+00:00,1,Warning,94,0,0,0,1,1,0,0,0,2,0,0.0,"[{""type"":""jump"",""severity"":""warning"",""channel"":""pm25"",""timestamp"":""2026-08-13T07:45:00+00:00"",""evidence"":{""absolute_change"":10.389999999999997,""threshold"":5.472927999999991,""reference_differences"":253,""method"":""max(median+8*MAD, Q3+3*IQR, resolution)""},""message"":""pm25 changed by 10.39, above its causal robust threshold 5.47."",""alert_recommended"":true},{""type"":""abnormal_noise"",""severity"":""warning"",""channel"":""pm25"",""timestamp"":""2026-08-13T07:45:00+00:00"",""evidence"":{""recent_difference_mad"":7.620564000000006,""reference_difference_mad"":0.889560000000002,""variability_ratio"":8.566666666666654,""sign_changes"":5,""window_samples"":8},""message"":""pm25 is rapidly oscillating above its historical variability."",""alert_recommended"":true}]",1,1,0,0,0,0
2026-08-13T08:00:00+00:00,1,Healthy,100,0,0,0,0,0,0,0,0,0,0,0.0,[],1,0,0,0,0,0
2026-08-13T08:15:00+00:00,1,Healthy,100,0,0,0,0,0,0,0,0,0,0,0.0,[],1,0,0,0,0,0
2026-08-13T08:30:00+00:00,1,Healthy,100,0,0,0,0,0,0,0,0,0,0,0.0,[],1,0,0,0,0,0
2026-08-13T08:45:00+00:00,1,Healthy,100,0,0,0,0,0,0,0,0,0,0,0.0,[],1,0,0,0,0,0
2026-08-13T09:00:00+00:00,1,Healthy,100,0,0,0,0,0,0,0,0,0,0,0.0,[],1,0,0,0,0,0
2026-08-13T09:15:00+00:00,1,Healthy,100,0,0,0,0,0,0,0,0,0,0,15.0,[],0,0,0,0,0,0
2026-08-13T09:30:00+00:00,1,Warning,95,0,1,0,0,0,0,0,0,1,0,0.0,"[{""type"":""sampling_gap"",""severity"":""warning"",""channel"":null,""timestamp"":""2026-08-13T09:30:00+00:00"",""evidence"":{""gap_minutes"":30.0,""missed_intervals"":1},""message"":""Sensor missed 1 expected reporting interval(s)."",""alert_recommended"":true}]",1,0,0,0,1,0
2026-08-13T09:45:00+00:00,1,Healthy,100,0,0,0,0,0,0,0,0,0,0,0.0,[],1,1,0,0,0,0
2026-08-13T10:00:00+00:00,1,Healthy,100,0,0,0,0,0,0,0,0,0,0,0.0,[],1,0,0,0,0,0
2026-08-13T10:15:00+00:00,1,Healthy,100,0,0,0,0,0,0,0,0,0,0,0.0,[],1,0,0,0,0,0
2026-08-13T10:30:00+00:00,1,Healthy,100,0,0,0,0,0,0,0,0,0,0,0.0,[],1,0,0,0,0,0
2026-08-13T10:45:00+00:00,1,Healthy,100,0,0,0,0,0,0,0,0,0,0,0.0,[],1,0,0,0,0,0
2026-08-13T11:00:00+00:00,1,Healthy,100,0,0,0,0,0,0,0,0,0,0,0.0,[],1,0,0,0,0,0
2026-08-13T11:15:00+00:00,1,Healthy,100,0,0,0,0,0,0,0,0,0,0,0.0,[],1,0,0,0,0,0
2026-08-13T11:30:00+00:00,1,Healthy,100,0,0,0,0,0,0,0,0,0,0,0.0,[],1,0,0,0,0,0
2026-08-13T11:45:00+00:00,1,Healthy,100,0,0,0,0,0,0,0,0,0,0,0.0,[],1,0,0,0,0,0
2026-08-13T12:00:00+00:00,1,Healthy,100,0,0,0,0,0,0,0,0,0,0,0.0,[],1,0,0,0,0,0
2026-08-13T12:15:00+00:00,1,Healthy,100,0,0,0,0,0,0,0,0,0,0,0.0,[],1,0,0,0,0,0
2026-08-13T12:30:00+00:00,1,Healthy,100,0,0,0,0,0,0,0,0,0,0,0.0,[],1,0,0,0,0,0
2026-08-13T12:45:00+00:00,1,Healthy,100,0,0,0,0,0,0,0,0,0,0,0.0,[],1,0,0,0,0,0
2026-08-13T13:00:00+00:00,1,Healthy,100,0,0,0,0,0,0,0,0,0,0,0.0,[],1,0,0,0,0,0
2026-08-13T13:15:00+00:00,1,Healthy,100,0,0,0,0,0,0,0,0,0,0,0.0,[],1,0,0,0,0,0
2026-08-13T13:30:00+00:00,1,Healthy,100,0,0,0,0,0,0,0,0,0,0,0.0,[],1,0,0,0,0,0
2026-08-13T13:45:00+00:00,1,Healthy,100,0,0,0,0,0,0,0,0,0,0,0.0,[],1,0,0,0,0,0
2026-08-13T14:00:00+00:00,1,Healthy,100,0,0,0,0,0,0,0,0,0,0,0.0,[],1,0,0,0,0,0
2026-08-13T14:15:00+00:00,1,Healthy,100,0,0,0,0,0,0,0,0,0,0,0.0,[],1,0,0,0,0,0
2026-08-13T14:30:00+00:00,1,Healthy,100,0,0,0,0,0,0,0,0,0,0,0.0,[],1,0,0,0,0,0
2026-08-13T14:45:00+00:00,1,Healthy,100,0,0,0,0,0,0,0,0,0,0,0.0,[],1,0,0,0,0,0
2026-08-13T15:00:00+00:00,1,Healthy,100,0,0,0,0,0,0,0,0,0,0,0.0,[],1,0,0,0,0,0
2026-08-13T15:15:00+00:00,1,Healthy,100,0,0,0,0,0,0,0,0,0,0,0.0,[],1,0,0,0,0,0
2026-08-13T15:30:00+00:00,1,Healthy,100,0,0,0,0,0,0,0,0,0,0,0.0,[],1,0,0,0,0,0
2026-08-13T15:45:00+00:00,1,Healthy,100,0,0,0,0,0,0,0,0,0,0,0.0,[],1,1,0,0,0,0
2026-08-13T16:00:00+00:00,1,Healthy,100,0,0,0,0,0,0,0,0,0,0,0.0,[],1,0,0,0,0,0
2026-08-13T16:15:00+00:00,1,Healthy,100,0,0,0,0,0,0,0,0,0,0,0.0,[],1,0,0,0,0,0
2026-08-13T16:30:00+00:00,1,Healthy,100,0,0,0,0,0,0,0,0,0,0,0.0,[],1,0,0,0,0,0
2026-08-13T16:45:00+00:00,1,Healthy,100,0,0,0,0,0,0,0,0,0,0,0.0,[],1,0,0,0,0,0
2026-08-13T17:00:00+00:00,1,Healthy,100,0,0,0,0,0,0,0,0,0,0,0.0,[],1,0,0,0,0,0
2026-08-13T17:15:00+00:00,1,Healthy,100,0,0,0,0,0,0,0,0,0,0,0.0,[],1,0,0,0,0,0
2026-08-13T17:30:00+00:00,1,Healthy,100,0,0,0,0,0,0,0,0,0,0,0.0,[],1,0,0,0,0,0
2026-08-13T17:45:00+00:00,1,Healthy,100,0,0,0,0,0,0,0,0,0,0,0.0,[],1,0,0,0,0,0
2026-08-13T18:00:00+00:00,1,Healthy,100,0,0,0,0,0,0,0,0,0,0,0.0,[],1,0,0,0,0,0
2026-08-13T18:15:00+00:00,1,Healthy,100,0,0,0,0,0,0,0,0,0,0,0.0,[],1,0,0,0,0,0
2026-08-13T18:30:00+00:00,1,Healthy,100,0,0,0,0,0,0,0,0,0,0,0.0,[],1,0,0,0,0,0
2026-08-13T18:45:00+00:00,1,Healthy,100,0,0,0,0,0,0,0,0,0,0,0.0,[],1,0,0,0,0,0
2026-08-13T19:00:00+00:00,1,Healthy,100,0,0,0,0,0,0,0,0,0,0,0.0,[],1,0,0,0,0,0
2026-08-13T19:15:00+00:00,1,Healthy,100,0,0,0,0,0,0,0,0,0,0,0.0,[],1,0,0,0,0,0
2026-08-13T19:30:00+00:00,1,Healthy,100,0,0,0,0,0,0,0,0,0,0,0.0,[],1,0,0,0,0,0
2026-08-13T19:45:00+00:00,1,Healthy,100,0,0,0,0,0,0,0,0,0,0,0.0,[],1,0,0,0,0,0
2026-08-13T20:00:00+00:00,1,Healthy,100,0,0,0,0,0,0,0,0,0,0,0.0,[],1,0,0,0,0,0
2026-08-13T20:15:00+00:00,1,Healthy,100,0,0,0,0,0,0,0,0,0,0,0.0,[],1,0,0,0,0,0
2026-08-13T20:30:00+00:00,1,Healthy,100,0,0,0,0,0,0,0,0,0,0,0.0,[],1,0,0,0,0,0
2026-08-13T20:45:00+00:00,1,Healthy,100,0,0,0,0,0,0,0,0,0,0,0.0,[],1,0,0,0,0,0
2026-08-13T21:00:00+00:00,1,Healthy,100,0,0,0,0,0,0,0,0,0,0,0.0,[],1,0,0,0,0,0
2026-08-13T21:15:00+00:00,1,Healthy,100,0,0,0,0,0,0,0,0,0,0,0.0,[],1,0,0,0,0,0
2026-08-13T21:30:00+00:00,1,Healthy,100,0,0,0,0,0,0,0,0,0,0,0.0,[],1,0,0,0,0,0
2026-08-13T21:45:00+00:00,1,Healthy,100,0,0,0,0,0,0,0,0,0,0,0.0,[],1,0,0,0,0,0
2026-08-13T22:00:00+00:00,1,Healthy,100,0,0,0,0,0,0,0,0,0,0,0.0,[],1,0,0,0,0,0
2026-08-13T22:15:00+00:00,1,Healthy,100,0,0,0,0,0,0,0,0,0,0,0.0,[],1,0,0,0,0,0
2026-08-13T22:30:00+00:00,1,Healthy,100,0,0,0,0,0,0,0,0,0,0,0.0,[],1,0,0,0,0,0
2026-08-13T22:45:00+00:00,1,Healthy,100,0,0,0,0,0,0,0,0,0,0,0.0,[],1,0,0,0,0,0
2026-08-13T23:00:00+00:00,1,Healthy,100,0,0,0,0,0,0,0,0,0,0,0.0,[],1,0,0,0,0,0
2026-08-13T23:15:00+00:00,1,Healthy,100,0,0,0,0,0,0,0,0,0,0,0.0,[],1,0,0,0,0,0
2026-08-13T23:30:00+00:00,1,Healthy,100,0,0,0,0,0,0,0,0,0,0,0.0,[],1,0,0,0,0,0
2026-08-13T23:45:00+00:00,1,Healthy,100,0,0,0,0,0,0,0,0,0,0,0.0,[],1,0,0,0,0,0
2026-08-14T00:00:00+00:00,1,Healthy,100,0,0,0,0,0,0,0,0,0,0,0.0,[],1,0,0,0,0,0
2026-08-14T00:15:00+00:00,1,Healthy,100,0,0,0,0,0,0,0,0,0,0,0.0,[],1,0,0,0,0,0
2026-08-14T00:30:00+00:00,1,Healthy,100,0,0,0,0,0,0,0,0,0,0,0.0,[],1,0,0,0,0,0
2026-08-14T00:45:00+00:00,1,Healthy,100,0,0,0,0,0,0,0,0,0,0,0.0,[],1,0,0,0,0,0
2026-08-14T01:00:00+00:00,1,Healthy,100,0,0,0,0,0,0,0,0,0,0,0.0,[],1,0,0,0,0,0
2026-08-14T01:15:00+00:00,1,Healthy,100,0,0,0,0,0,0,0,0,0,0,0.0,[],1,0,0,0,0,0
2026-08-14T01:30:00+00:00,1,Healthy,100,0,0,0,0,0,0,0,0,0,0,0.0,[],1,0,0,0,0,0
2026-08-14T01:45:00+00:00,1,Healthy,100,0,0,0,0,0,0,0,0,0,0,0.0,[],1,0,0,0,0,0
2026-08-14T02:00:00+00:00,1,Healthy,100,0,0,0,0,0,0,0,0,0,0,0.0,[],1,0,0,0,0,0
2026-08-14T02:15:00+00:00,1,Healthy,100,0,0,0,0,0,0,0,0,0,0,0.0,[],1,0,0,0,0,0
2026-08-14T02:30:00+00:00,1,Healthy,100,0,0,0,0,0,0,0,0,0,0,0.0,[],1,0,0,0,0,0
2026-08-14T02:45:00+00:00,1,Healthy,100,0,0,0,0,0,0,0,0,0,0,0.0,[],1,0,0,0,0,0
2026-08-14T03:00:00+00:00,1,Healthy,100,0,0,0,0,0,0,0,0,0,0,0.0,[],1,0,0,0,0,0
2026-08-14T03:15:00+00:00,1,Healthy,100,0,0,0,0,0,0,0,0,0,0,0.0,[],1,0,0,0,0,0
2026-08-14T03:30:00+00:00,1,Healthy,100,0,0,0,0,0,0,0,0,0,0,0.0,[],1,0,0,0,0,0
2026-08-14T03:45:00+00:00,1,Healthy,100,0,0,0,0,0,0,0,0,0,0,0.0,[],1,0,0,0,0,0
2026-08-14T04:00:00+00:00,1,Healthy,100,0,0,0,0,0,0,0,0,0,0,0.0,[],1,0,0,0,0,0
2026-08-14T04:15:00+00:00,1,Healthy,100,0,0,0,0,0,0,0,0,0,0,0.0,[],1,0,0,0,0,0
2026-08-14T04:30:00+00:00,1,Healthy,100,0,0,0,0,0,0,0,0,0,0,0.0,[],1,0,0,0,0,0
2026-08-14T04:45:00+00:00,1,Healthy,100,0,0,0,0,0,0,0,0,0,0,0.0,[],1,0,0,0,0,0
2026-08-14T05:00:00+00:00,1,Healthy,100,0,0,0,0,0,0,0,0,0,0,0.0,[],1,0,0,0,0,0
2026-08-14T05:15:00+00:00,1,Healthy,100,0,0,0,0,0,0,0,0,0,0,0.0,[],1,0,0,0,0,0
2026-08-14T05:30:00+00:00,1,Healthy,100,0,0,0,0,0,0,0,0,0,0,0.0,[],1,0,0,0,0,0
2026-08-14T05:45:00+00:00,1,Healthy,100,0,0,0,0,0,0,0,0,0,0,0.0,[],1,0,0,0,0,0
2026-08-14T06:00:00+00:00,1,Healthy,100,0,0,0,0,0,0,0,0,0,0,0.0,[],1,0,0,0,0,0
2026-08-14T06:15:00+00:00,1,Healthy,100,0,0,0,0,0,0,0,0,0,0,0.0,[],1,0,0,0,0,0
2026-08-14T06:30:00+00:00,1,Healthy,100,0,0,0,0,0,0,0,0,0,0,0.0,[],1,0,0,0,0,0
2026-08-14T06:45:00+00:00,1,Healthy,100,0,0,0,0,0,0,0,0,0,0,0.0,[],1,0,0,0,0,0
2026-08-14T07:00:00+00:00,1,Healthy,100,0,0,0,0,0,0,0,0,0,0,0.0,[],1,0,0,0,0,0
2026-08-14T07:15:00+00:00,1,Healthy,100,0,0,0,0,0,0,0,0,0,0,0.0,[],1,0,0,0,0,0
2026-08-14T07:30:00+00:00,1,Healthy,100,0,0,0,0,0,0,0,0,0,0,0.0,[],1,0,0,0,0,0
2026-08-14T07:45:00+00:00,1,Healthy,100,0,0,0,0,0,0,0,0,0,0,0.0,[],1,0,0,0,0,0
2026-08-14T08:00:00+00:00,1,Healthy,100,0,0,0,0,0,0,0,0,0,0,0.0,[],1,0,0,0,0,0
2026-08-14T08:15:00+00:00,1,Healthy,100,0,0,0,0,0,0,0,0,0,0,0.0,[],1,0,0,0,0,0
2026-08-14T08:30:00+00:00,1,Healthy,100,0,0,0,0,0,0,0,0,0,0,0.0,[],1,0,0,0,0,0
2026-08-14T08:45:00+00:00,1,Healthy,100,0,0,0,0,0,0,0,0,0,0,0.0,[],1,0,0,0,0,0
2026-08-14T09:00:00+00:00,1,Healthy,100,0,0,0,0,0,0,0,0,0,0,0.0,[],1,0,0,0,0,0
2026-08-14T09:15:00+00:00,1,Healthy,100,0,0,0,0,0,0,0,0,0,0,0.0,[],1,0,0,0,0,0
2026-08-14T09:30:00+00:00,1,Healthy,100,0,0,0,0,0,0,0,0,0,0,0.0,[],1,0,0,0,0,0
2026-08-14T09:45:00+00:00,1,Healthy,100,0,0,0,0,0,0,0,0,0,0,0.0,[],1,0,0,0,0,0
2026-08-14T10:00:00+00:00,1,Healthy,100,0,0,0,0,0,0,0,0,0,0,0.0,[],1,0,0,0,0,0
2026-08-14T10:15:00+00:00,1,Healthy,100,0,0,0,0,0,0,0,0,0,0,0.0,[],1,0,0,0,0,0
2026-08-14T10:30:00+00:00,1,Healthy,100,0,0,0,0,0,0,0,0,0,0,0.0,[],1,0,0,0,0,0
2026-08-14T10:45:00+00:00,1,Healthy,100,0,0,0,0,0,0,0,0,0,0,0.0,[],1,0,0,0,0,0
2026-08-14T11:00:00+00:00,1,Healthy,100,0,0,0,0,0,0,0,0,0,0,0.0,[],1,0,0,0,0,0
2026-08-14T11:15:00+00:00,1,Healthy,100,0,0,0,0,0,0,0,0,0,0,0.0,[],1,0,0,0,0,0
2026-08-14T11:30:00+00:00,1,Healthy,100,0,0,0,0,0,0,0,0,0,0,0.0,[],1,0,0,0,0,0
2026-08-14T11:45:00+00:00,1,Healthy,100,0,0,0,0,0,0,0,0,0,0,0.0,[],1,0,0,0,0,0
2026-08-14T12:00:00+00:00,1,Healthy,100,0,0,0,0,0,0,0,0,0,0,0.0,[],1,0,0,0,0,0
2026-08-14T12:15:00+00:00,1,Healthy,100,0,0,0,0,0,0,0,0,0,0,0.0,[],1,0,0,0,0,0
2026-08-14T12:30:00+00:00,1,Healthy,100,0,0,0,0,0,0,0,0,0,0,0.0,[],1,0,0,0,0,0
2026-08-14T12:45:00+00:00,1,Healthy,100,0,0,0,0,0,0,0,0,0,0,0.0,[],1,0,0,0,0,0
2026-08-14T13:00:00+00:00,1,Healthy,100,0,0,0,0,0,0,0,0,0,0,0.0,[],1,0,0,0,0,0
2026-08-14T13:15:00+00:00,1,Healthy,100,0,0,0,0,0,0,0,0,0,0,0.0,[],1,0,0,0,0,0
2026-08-14T13:30:00+00:00,1,Healthy,100,0,0,0,0,0,0,0,0,0,0,0.0,[],1,0,0,0,0,0
2026-08-14T13:45:00+00:00,1,Healthy,100,0,0,0,0,0,0,0,0,0,0,0.0,[],1,0,0,0,0,0
2026-08-14T14:00:00+00:00,1,Healthy,100,0,0,0,0,0,0,0,0,0,0,0.0,[],1,0,0,0,0,0
2026-08-14T14:15:00+00:00,1,Warning,96,0,0,0,0,1,0,0,0,1,0,0.0,"[{""type"":""abnormal_noise"",""severity"":""warning"",""channel"":""no2"",""timestamp"":""2026-08-14T14:15:00+00:00"",""evidence"":{""recent_difference_mad"":0.05930400000000137,""reference_difference_mad"":0.014825999999999683,""variability_ratio"":4.000000000000178,""sign_changes"":5,""window_samples"":8},""message"":""no2 is rapidly oscillating above its historical variability."",""alert_recommended"":true}]",1,0,0,0,0,0
2026-08-14T14:30:00+00:00,1,Healthy,100,0,0,0,0,0,0,0,0,0,0,0.0,[],1,0,0,0,0,0
2026-08-14T14:45:00+00:00,1,Healthy,100,0,0,0,0,0,0,0,0,0,0,0.0,[],1,0,0,0,0,0
2026-08-14T15:00:00+00:00,1,Warning,96,0,0,0,0,1,0,0,0,1,0,0.0,"[{""type"":""abnormal_noise"",""severity"":""warning"",""channel"":""no2"",""timestamp"":""2026-08-14T15:00:00+00:00"",""evidence"":{""recent_difference_mad"":0.08154300000000089,""reference_difference_mad"":0.014826000000001,""variability_ratio"":5.499999999999689,""sign_changes"":6,""window_samples"":8},""message"":""no2 is rapidly oscillating above its historical variability."",""alert_recommended"":true}]",1,0,0,0,0,0
2026-08-14T15:15:00+00:00,1,Healthy,100,0,0,0,0,0,0,0,0,0,0,0.0,[],1,0,0,0,0,0
2026-08-14T15:30:00+00:00,1,Healthy,100,0,0,0,0,0,0,0,0,0,0,0.0,[],1,0,0,0,0,0
2026-08-14T15:45:00+00:00,1,Healthy,100,0,0,0,0,0,0,0,0,0,0,0.0,[],1,0,0,0,0,0
2026-08-14T16:00:00+00:00,1,Healthy,100,0,0,0,0,0,0,0,0,0,0,0.0,[],1,0,0,0,0,0
2026-08-14T16:15:00+00:00,1,Healthy,100,0,0,0,0,0,0,0,0,0,0,0.0,[],1,0,0,0,0,0
2026-08-14T16:30:00+00:00,1,Healthy,100,0,0,0,0,0,0,0,0,0,0,0.0,[],1,0,0,0,0,0
2026-08-14T16:45:00+00:00,1,Healthy,100,0,0,0,0,0,0,0,0,0,0,0.0,[],1,0,0,0,0,0
2026-08-14T17:00:00+00:00,1,Healthy,100,0,0,0,0,0,0,0,0,0,0,0.0,[],1,0,0,0,0,0
2026-08-14T17:15:00+00:00,1,Healthy,100,0,0,0,0,0,0,0,0,0,0,0.0,[],1,0,0,0,0,0
2026-08-14T17:30:00+00:00,1,Healthy,100,0,0,0,0,0,0,0,0,0,0,0.0,[],1,0,0,0,0,0
2026-08-14T17:45:00+00:00,1,Healthy,100,0,0,0,0,0,0,0,0,0,0,0.0,[],1,0,0,0,0,0
2026-08-14T18:00:00+00:00,1,Healthy,100,0,0,0,0,0,0,0,0,0,0,0.0,[],1,0,0,0,0,0
2026-08-14T18:15:00+00:00,1,Healthy,100,0,0,0,0,0,0,0,0,0,0,0.0,[],1,0,0,0,0,0
2026-08-14T18:30:00+00:00,1,Healthy,100,0,0,0,0,0,0,0,0,0,0,0.0,[],1,0,0,0,0,0
2026-08-14T18:45:00+00:00,1,Healthy,100,0,0,0,0,0,0,0,0,0,0,0.0,[],1,0,0,0,0,0
2026-08-14T19:00:00+00:00,1,Healthy,100,0,0,0,0,0,0,0,0,0,0,0.0,[],1,0,0,0,0,0
2026-08-14T19:15:00+00:00,1,Healthy,100,0,0,0,0,0,0,0,0,0,0,0.0,[],1,0,0,0,0,0
2026-08-14T19:30:00+00:00,1,Healthy,100,0,0,0,0,0,0,0,0,0,0,0.0,[],1,0,0,0,0,0
2026-08-14T19:45:00+00:00,1,Healthy,100,0,0,0,0,0,0,0,0,0,0,0.0,[],1,0,0,0,0,0
2026-08-14T20:00:00+00:00,1,Healthy,100,0,0,0,0,0,0,0,0,0,0,0.0,[],1,0,0,0,0,0
2026-08-14T20:15:00+00:00,1,Healthy,100,0,0,0,0,0,0,0,0,0,0,0.0,[],1,0,0,0,0,0
2026-08-14T20:30:00+00:00,1,Warning,98,0,0,0,1,0,0,0,0,1,0,0.0,"[{""type"":""jump"",""severity"":""warning"",""channel"":""pm25"",""timestamp"":""2026-08-14T20:30:00+00:00"",""evidence"":{""absolute_change"":5.43,""threshold"":3.7710240000000126,""reference_differences"":139,""method"":""max(median+8*MAD, Q3+3*IQR, resolution)""},""message"":""pm25 changed by 5.43, above its causal robust threshold 3.77."",""alert_recommended"":true}]",1,1,0,0,0,0
2026-08-14T20:45:00+00:00,1,Healthy,100,0,0,0,0,0,0,0,0,0,0,0.0,[],1,1,0,0,0,0
2026-08-14T21:00:00+00:00,1,Healthy,100,0,0,0,0,0,0,0,0,0,0,0.0,[],1,0,0,0,0,0
2026-08-14T21:15:00+00:00,1,Warning,98,0,0,0,1,0,0,0,0,1,0,0.0,"[{""type"":""jump"",""severity"":""warning"",""channel"":""pm25"",""timestamp"":""2026-08-14T21:15:00+00:00"",""evidence"":{""absolute_change"":5.210000000000001,""threshold"":3.8353280000000245,""reference_differences"":142,""method"":""max(median+8*MAD, Q3+3*IQR, resolution)""},""message"":""pm25 changed by 5.21, above its causal robust threshold 3.84."",""alert_recommended"":true}]",1,1,0,0,0,0
2026-08-14T21:30:00+00:00,1,Healthy,100,0,0,0,0,0,0,0,0,0,0,0.0,[],1,0,0,0,0,0
2026-08-14T21:45:00+00:00,1,Healthy,100,0,0,0,0,0,0,0,0,0,0,0.0,[],1,0,0,0,0,0
2026-08-14T22:00:00+00:00,1,Healthy,100,0,0,0,0,0,0,0,0,0,0,0.0,[],1,0,0,0,0,0
2026-08-14T22:15:00+00:00,1,Healthy,100,0,0,0,0,0,0,0,0,0,0,0.0,[],1,0,0,0,0,0
2026-08-14T22:30:00+00:00,1,Healthy,100,0,0,0,0,0,0,0,0,0,0,0.0,[],1,0,0,0,0,0
2026-08-14T22:45:00+00:00,1,Healthy,100,0,0,0,0,0,0,0,0,0,0,0.0,[],1,0,0,0,0,0
2026-08-14T23:00:00+00:00,1,Healthy,100,0,0,0,0,0,0,0,0,0,0,0.0,[],1,0,0,0,0,0
2026-08-14T23:15:00+00:00,1,Healthy,100,0,0,0,0,0,0,0,0,0,0,0.0,[],1,0,0,0,0,0
2026-08-14T23:30:00+00:00,1,Healthy,100,0,0,0,0,0,0,0,0,0,0,0.0,[],1,0,0,0,0,0
2026-08-14T23:45:00+00:00,1,Healthy,100,0,0,0,0,0,0,0,0,0,0,0.0,[],1,0,0,0,0,0
2026-08-15T00:00:00+00:00,1,Healthy,100,0,0,0,0,0,0,0,0,0,0,0.0,[],1,0,0,0,0,0
2026-08-15T00:15:00+00:00,1,Healthy,100,0,0,0,0,0,0,0,0,0,0,0.0,[],1,0,0,0,0,0
2026-08-15T00:30:00+00:00,1,Healthy,100,0,0,0,0,0,0,0,0,0,0,0.0,[],1,0,0,0,0,0
2026-08-15T00:45:00+00:00,1,Healthy,100,0,0,0,0,0,0,0,0,0,0,0.0,[],1,0,0,0,0,0
2026-08-15T01:00:00+00:00,1,Healthy,100,0,0,0,0,0,0,0,0,0,0,0.0,[],1,0,0,0,0,0
2026-08-15T01:15:00+00:00,1,Healthy,100,0,0,0,0,0,0,0,0,0,0,0.0,[],1,0,0,0,0,0
2026-08-15T01:30:00+00:00,1,Healthy,100,0,0,0,0,0,0,0,0,0,0,0.0,[],1,0,0,0,0,0
2026-08-15T01:45:00+00:00,1,Healthy,100,0,0,0,0,0,0,0,0,0,0,0.0,[],1,0,0,0,0,0
2026-08-15T02:00:00+00:00,1,Healthy,100,0,0,0,0,0,0,0,0,0,0,0.0,[],1,0,0,0,0,0
2026-08-15T02:15:00+00:00,1,Healthy,100,0,0,0,0,0,0,0,0,0,0,0.0,[],1,0,0,0,0,0
2026-08-15T02:30:00+00:00,1,Healthy,100,0,0,0,0,0,0,0,0,0,0,0.0,[],1,0,0,0,0,0
2026-08-15T02:45:00+00:00,1,Healthy,100,0,0,0,0,0,0,0,0,0,0,0.0,[],1,0,0,0,0,0
2026-08-15T03:00:00+00:00,1,Healthy,100,0,0,0,0,0,0,0,0,0,0,0.0,[],1,0,0,0,0,0
2026-08-15T03:15:00+00:00,1,Healthy,100,0,0,0,0,0,0,0,0,0,0,0.0,[],1,0,0,0,0,0
2026-08-15T03:30:00+00:00,1,Healthy,100,0,0,0,0,0,0,0,0,0,0,0.0,[],1,0,0,0,0,0
2026-08-15T03:45:00+00:00,1,Healthy,100,0,0,0,0,0,0,0,0,0,0,0.0,[],1,1,0,0,0,0
2026-08-15T04:00:00+00:00,1,Healthy,100,0,0,0,0,0,0,0,0,0,0,0.0,[],1,0,0,0,0,0
2026-08-15T04:15:00+00:00,1,Healthy,100,0,0,0,0,0,0,0,0,0,0,0.0,[],1,0,0,0,0,0
2026-08-15T04:30:00+00:00,1,Healthy,100,0,0,0,0,0,0,0,0,0,0,0.0,[],1,0,0,0,0,0
2026-08-15T04:45:00+00:00,1,Healthy,100,0,0,0,0,0,0,0,0,0,0,0.0,[],1,0,0,0,0,0
2026-08-15T05:00:00+00:00,1,Healthy,100,0,0,0,0,0,0,0,0,0,0,0.0,[],1,1,0,0,0,0
2026-08-15T05:15:00+00:00,1,Healthy,100,0,0,0,0,0,0,0,0,0,0,0.0,[],1,0,0,0,0,0
2026-08-15T05:30:00+00:00,1,Healthy,100,0,0,0,0,0,0,0,0,0,0,0.0,[],1,0,0,0,0,0
2026-08-15T05:45:00+00:00,1,Healthy,100,0,0,0,0,0,0,0,0,0,0,0.0,[],1,0,0,0,0,0
2026-08-15T06:00:00+00:00,1,Healthy,100,0,0,0,0,0,0,0,0,0,0,0.0,[],1,0,0,0,0,0
2026-08-15T06:15:00+00:00,1,Healthy,100,0,0,0,0,0,0,0,0,0,0,0.0,[],1,0,0,0,0,0
2026-08-15T06:30:00+00:00,1,Healthy,100,0,0,0,0,0,0,0,0,0,0,0.0,[],1,0,0,0,0,0
2026-08-15T06:45:00+00:00,1,Healthy,100,0,0,0,0,0,0,0,0,0,0,0.0,[],1,0,0,0,0,0
2026-08-15T07:00:00+00:00,1,Healthy,100,0,0,0,0,0,0,0,0,0,0,0.0,[],1,0,0,0,0,0
2026-08-15T07:15:00+00:00,1,Healthy,100,0,0,0,0,0,0,0,0,0,0,0.0,[],1,0,0,0,0,0
2026-08-15T07:30:00+00:00,1,Healthy,100,0,0,0,0,0,0,0,0,0,0,0.0,[],1,0,0,0,0,0
2026-08-15T07:45:00+00:00,1,Healthy,100,0,0,0,0,0,0,0,0,0,0,0.0,[],1,0,0,0,0,0
2026-08-15T08:00:00+00:00,1,Healthy,100,0,0,0,0,0,0,0,0,0,0,0.0,[],1,0,0,0,0,0
2026-08-15T08:15:00+00:00,1,Healthy,100,0,0,0,0,0,0,0,0,0,0,0.0,[],1,0,0,0,0,0
2026-08-15T08:30:00+00:00,1,Warning,96,0,0,0,0,1,0,0,0,1,0,0.0,"[{""type"":""abnormal_noise"",""severity"":""warning"",""channel"":""no2"",""timestamp"":""2026-08-15T08:30:00+00:00"",""evidence"":{""recent_difference_mad"":0.08154299999999826,""reference_difference_mad"":0.014825999999999683,""variability_ratio"":5.5,""sign_changes"":5,""window_samples"":8},""message"":""no2 is rapidly oscillating above its historical variability."",""alert_recommended"":true}]",1,0,0,0,0,0
2026-08-15T08:45:00+00:00,1,Warning,96,0,0,0,0,1,0,0,0,1,0,0.0,"[{""type"":""abnormal_noise"",""severity"":""warning"",""channel"":""no2"",""timestamp"":""2026-08-15T08:45:00+00:00"",""evidence"":{""recent_difference_mad"":0.06671699999999857,""reference_difference_mad"":0.014825999999999683,""variability_ratio"":4.5,""sign_changes"":5,""window_samples"":8},""message"":""no2 is rapidly oscillating above its historical variability."",""alert_recommended"":true}]",1,0,0,0,0,0
2026-08-15T09:00:00+00:00,1,Healthy,100,0,0,0,0,0,0,0,0,0,0,0.0,[],1,0,0,0,0,0
2026-08-15T09:15:00+00:00,1,Healthy,100,0,0,0,0,0,0,0,0,0,0,0.0,[],1,0,0,0,0,0
2026-08-15T09:30:00+00:00,1,Healthy,100,0,0,0,0,0,0,0,0,0,0,0.0,[],1,0,0,0,0,0
2026-08-15T09:45:00+00:00,1,Healthy,100,0,0,0,0,0,0,0,0,0,0,0.0,[],1,0,0,0,0,0
2026-08-15T10:00:00+00:00,1,Healthy,100,0,0,0,0,0,0,0,0,0,0,0.0,[],1,0,0,0,0,0
2026-08-15T10:15:00+00:00,1,Healthy,100,0,0,0,0,0,0,0,0,0,0,0.0,[],1,0,0,0,0,0
2026-08-15T10:30:00+00:00,1,Healthy,100,0,0,0,0,0,0,0,0,0,0,0.0,[],1,0,0,0,0,0
2026-08-15T10:45:00+00:00,1,Healthy,100,0,0,0,0,0,0,0,0,0,0,0.0,[],1,0,0,0,0,0
2026-08-15T11:00:00+00:00,1,Healthy,100,0,0,0,0,0,0,0,0,0,0,0.0,[],1,0,0,0,0,0
2026-08-15T11:15:00+00:00,1,Healthy,100,0,0,0,0,0,0,0,0,0,0,0.0,[],1,0,0,0,0,0
2026-08-15T11:30:00+00:00,1,Healthy,100,0,0,0,0,0,0,0,0,0,0,0.0,[],1,0,0,0,0,0
2026-08-15T11:45:00+00:00,1,Healthy,100,0,0,0,0,0,0,0,0,0,0,0.0,[],1,0,0,0,0,0
2026-08-15T12:00:00+00:00,1,Healthy,100,0,0,0,0,0,0,0,0,0,0,0.0,[],1,0,0,0,0,0
2026-08-15T12:15:00+00:00,1,Healthy,100,0,0,0,0,0,0,0,0,0,0,0.0,[],1,0,0,0,0,0
2026-08-15T12:30:00+00:00,1,Healthy,100,0,0,0,0,0,0,0,0,0,0,0.0,[],1,0,0,0,0,0
2026-08-15T12:45:00+00:00,1,Healthy,100,0,0,0,0,0,0,0,0,0,0,0.0,[],1,0,0,0,0,0
2026-08-15T13:00:00+00:00,1,Healthy,100,0,0,0,0,0,0,0,0,0,0,0.0,[],1,0,0,0,0,0
2026-08-15T13:15:00+00:00,1,Healthy,100,0,0,0,0,0,0,0,0,0,0,0.0,[],1,0,0,0,0,0
2026-08-15T13:30:00+00:00,1,Healthy,100,0,0,0,0,0,0,0,0,0,0,0.0,[],1,0,0,0,0,0
2026-08-15T13:45:00+00:00,1,Healthy,100,0,0,0,0,0,0,0,0,0,0,0.0,[],1,0,0,0,0,0
2026-08-15T14:00:00+00:00,1,Healthy,100,0,0,0,0,0,0,0,0,0,0,0.0,[],1,0,0,0,0,0
2026-08-15T14:15:00+00:00,1,Healthy,100,0,0,0,0,0,0,0,0,0,0,0.0,[],1,0,0,0,0,0
2026-08-15T14:30:00+00:00,1,Healthy,100,0,0,0,0,0,0,0,0,0,0,0.0,[],1,0,0,0,0,0
2026-08-15T14:45:00+00:00,1,Healthy,100,0,0,0,0,0,0,0,0,0,0,0.0,[],1,0,0,0,0,0
2026-08-15T15:00:00+00:00,1,Warning,98,0,0,0,1,0,0,0,0,1,0,0.0,"[{""type"":""jump"",""severity"":""warning"",""channel"":""temperature"",""timestamp"":""2026-08-15T15:00:00+00:00"",""evidence"":{""absolute_change"":1.5300000000000047,""threshold"":1.494687999999991,""reference_differences"":213,""method"":""max(median+8*MAD, Q3+3*IQR, resolution)""},""message"":""temperature changed by 1.53, above its causal robust threshold 1.49."",""alert_recommended"":true}]",1,1,0,0,0,0
2026-08-15T15:15:00+00:00,1,Healthy,100,0,0,0,0,0,0,0,0,0,0,0.0,[],1,0,0,0,0,0
2026-08-15T15:30:00+00:00,1,Healthy,100,0,0,0,0,0,0,0,0,0,0,0.0,[],1,0,0,0,0,0
2026-08-15T15:45:00+00:00,1,Healthy,100,0,0,0,0,0,0,0,0,0,0,0.0,[],1,0,0,0,0,0
2026-08-15T16:00:00+00:00,1,Warning,98,0,0,0,1,0,0,0,0,1,0,0.0,"[{""type"":""jump"",""severity"":""warning"",""channel"":""temperature"",""timestamp"":""2026-08-15T16:00:00+00:00"",""evidence"":{""absolute_change"":1.9499999999999993,""threshold"":1.4946880000000367,""reference_differences"":217,""method"":""max(median+8*MAD, Q3+3*IQR, resolution)""},""message"":""temperature changed by 1.95, above its causal robust threshold 1.49."",""alert_recommended"":true}]",1,1,0,0,0,0
2026-08-15T16:15:00+00:00,1,Warning,96,0,0,0,1,0,0,0,0,2,0,0.0,"[{""type"":""jump"",""severity"":""warning"",""channel"":""temperature"",""timestamp"":""2026-08-15T16:15:00+00:00"",""evidence"":{""absolute_change"":1.9200000000000017,""threshold"":1.4946880000000367,""reference_differences"":218,""method"":""max(median+8*MAD, Q3+3*IQR, resolution)""},""message"":""temperature changed by 1.92, above its causal robust threshold 1.49."",""alert_recommended"":true},{""type"":""jump"",""severity"":""warning"",""channel"":""humidity"",""timestamp"":""2026-08-15T16:15:00+00:00"",""evidence"":{""absolute_change"":5.710000000000001,""threshold"":4.606975999999987,""reference_differences"":218,""method"":""max(median+8*MAD, Q3+3*IQR, resolution)""},""message"":""humidity changed by 5.71, above its causal robust threshold 4.61."",""alert_recommended"":true}]",1,1,0,0,0,0
2026-08-15T16:30:00+00:00,1,Healthy,100,0,0,0,0,0,0,0,0,0,0,0.0,[],1,0,0,0,0,0
2026-08-15T16:45:00+00:00,1,Healthy,100,0,0,0,0,0,0,0,0,0,0,0.0,[],1,0,0,0,0,0
2026-08-15T17:00:00+00:00,1,Healthy,100,0,0,0,0,0,0,0,0,0,0,0.0,[],1,0,0,0,0,0
2026-08-15T17:15:00+00:00,1,Healthy,100,0,0,0,0,0,0,0,0,0,0,0.0,[],1,0,0,0,0,0
2026-08-15T17:30:00+00:00,1,Healthy,100,0,0,0,0,0,0,0,0,0,0,0.0,[],1,0,0,0,0,0
2026-08-15T17:45:00+00:00,1,Healthy,100,0,0,0,0,0,0,0,0,0,0,0.0,[],1,0,0,0,0,0
2026-08-15T18:00:00+00:00,1,Healthy,100,0,0,0,0,0,0,0,0,0,0,0.0,[],1,0,0,0,0,0
2026-08-15T18:15:00+00:00,1,Healthy,100,0,0,0,0,0,0,0,0,0,0,0.0,[],1,0,0,0,0,0
2026-08-15T18:30:00+00:00,1,Healthy,100,0,0,0,0,0,0,0,0,0,0,0.0,[],1,0,0,0,0,0
2026-08-15T18:45:00+00:00,1,Healthy,100,0,0,0,0,0,0,0,0,0,0,0.0,[],1,0,0,0,0,0
2026-08-15T19:00:00+00:00,1,Healthy,100,0,0,0,0,0,0,0,0,0,0,0.0,[],1,0,0,0,0,0
2026-08-15T19:15:00+00:00,1,Healthy,100,0,0,0,0,0,0,0,0,0,0,0.0,[],1,0,0,0,0,0
2026-08-15T19:30:00+00:00,1,Healthy,100,0,0,0,0,0,0,0,0,0,0,0.0,[],1,0,0,0,0,0
2026-08-15T19:45:00+00:00,1,Healthy,100,0,0,0,0,0,0,0,0,0,0,0.0,[],1,0,0,0,0,0
2026-08-15T20:00:00+00:00,1,Healthy,100,0,0,0,0,0,0,0,0,0,0,0.0,[],1,0,0,0,0,0
2026-08-15T20:15:00+00:00,1,Healthy,100,0,0,0,0,0,0,0,0,0,0,0.0,[],1,0,0,0,0,0
2026-08-15T20:30:00+00:00,1,Healthy,100,0,0,0,0,0,0,0,0,0,0,0.0,[],1,0,0,0,0,0
2026-08-15T20:45:00+00:00,1,Healthy,100,0,0,0,0,0,0,0,0,0,0,0.0,[],1,0,0,0,0,0
2026-08-15T21:00:00+00:00,1,Healthy,100,0,0,0,0,0,0,0,0,0,0,0.0,[],1,0,0,0,0,0
2026-08-15T21:15:00+00:00,1,Warning,90,2,0,0,0,0,0,0,0,2,0,0.0,"[{""type"":""missing_reading"",""severity"":""warning"",""channel"":""pm25"",""timestamp"":""2026-08-15T21:15:00+00:00"",""evidence"":{""value"":null},""message"":""Supported channel pm25 is missing."",""alert_recommended"":true},{""type"":""missing_reading"",""severity"":""warning"",""channel"":""humidity"",""timestamp"":""2026-08-15T21:15:00+00:00"",""evidence"":{""value"":null},""message"":""Supported channel humidity is missing."",""alert_recommended"":true}]",1,1,0,0,0,0
2026-08-15T21:30:00+00:00,1,Healthy,100,0,0,0,0,0,0,0,0,0,0,0.0,[],1,1,0,0,0,0
2026-08-15T21:45:00+00:00,1,Healthy,100,0,0,0,0,0,0,0,0,0,0,0.0,[],1,0,0,0,0,0
2026-08-15T22:00:00+00:00,1,Healthy,100,0,0,0,0,0,0,0,0,0,0,0.0,[],1,0,0,0,0,0
2026-08-15T22:15:00+00:00,1,Healthy,100,0,0,0,0,0,0,0,0,0,0,0.0,[],1,0,0,0,0,0
2026-08-15T22:30:00+00:00,1,Healthy,100,0,0,0,0,0,0,0,0,0,0,0.0,[],1,0,0,0,0,0
2026-08-15T22:45:00+00:00,1,Healthy,100,0,0,0,0,0,0,0,0,0,0,0.0,[],1,0,0,0,0,0
2026-08-15T23:00:00+00:00,1,Healthy,100,0,0,0,0,0,0,0,0,0,0,0.0,[],1,0,0,0,0,0
2026-08-15T23:15:00+00:00,1,Healthy,100,0,0,0,0,0,0,0,0,0,0,0.0,[],1,0,0,0,0,0
2026-08-15T23:30:00+00:00,1,Healthy,100,0,0,0,0,0,0,0,0,0,0,0.0,[],1,0,0,0,0,0
2026-08-15T23:45:00+00:00,1,Healthy,100,0,0,0,0,0,0,0,0,0,0,0.0,[],1,0,0,0,0,0
2026-08-16T00:00:00+00:00,1,Healthy,100,0,0,0,0,0,0,0,0,0,0,0.0,[],1,0,0,0,0,0
2026-08-16T00:15:00+00:00,1,Healthy,100,0,0,0,0,0,0,0,0,0,0,0.0,[],1,0,0,0,0,0
2026-08-16T00:30:00+00:00,1,Healthy,100,0,0,0,0,0,0,0,0,0,0,0.0,[],1,0,0,0,0,0
2026-08-16T00:45:00+00:00,1,Healthy,100,0,0,0,0,0,0,0,0,0,0,0.0,[],1,0,0,0,0,0
2026-08-16T01:00:00+00:00,1,Healthy,100,0,0,0,0,0,0,0,0,0,0,0.0,[],1,0,0,0,0,0
2026-08-16T01:15:00+00:00,1,Healthy,100,0,0,0,0,0,0,0,0,0,0,0.0,[],1,0,0,0,0,0
2026-08-16T01:30:00+00:00,1,Healthy,100,0,0,0,0,0,0,0,0,0,0,0.0,[],1,0,0,0,0,0
2026-08-16T01:45:00+00:00,1,Healthy,100,0,0,0,0,0,0,0,0,0,0,0.0,[],1,0,0,0,0,0
2026-08-16T02:00:00+00:00,1,Healthy,100,0,0,0,0,0,0,0,0,0,0,0.0,[],1,0,0,0,0,0
2026-08-16T02:15:00+00:00,1,Healthy,100,0,0,0,0,0,0,0,0,0,0,0.0,[],1,0,0,0,0,0
2026-08-16T02:30:00+00:00,1,Healthy,100,0,0,0,0,0,0,0,0,0,0,0.0,[],1,0,0,0,0,0
2026-08-16T02:45:00+00:00,1,Healthy,100,0,0,0,0,0,0,0,0,0,0,0.0,[],1,0,0,0,0,0
2026-08-16T03:00:00+00:00,1,Healthy,100,0,0,0,0,0,0,0,0,0,0,0.0,[],1,0,0,0,0,0
2026-08-16T03:15:00+00:00,1,Healthy,100,0,0,0,0,0,0,0,0,0,0,0.0,[],1,0,0,0,0,0
2026-08-16T03:30:00+00:00,1,Healthy,100,0,0,0,0,0,0,0,0,0,0,0.0,[],1,0,0,0,0,0
2026-08-16T03:45:00+00:00,1,Healthy,100,0,0,0,0,0,0,0,0,0,0,0.0,[],1,0,0,0,0,0
2026-08-16T04:00:00+00:00,1,Healthy,100,0,0,0,0,0,0,0,0,0,0,0.0,[],1,0,0,0,0,0
2026-08-16T04:15:00+00:00,1,Healthy,100,0,0,0,0,0,0,0,0,0,0,0.0,[],1,0,0,0,0,0
2026-08-16T04:30:00+00:00,1,Healthy,100,0,0,0,0,0,0,0,0,0,0,0.0,[],1,0,0,0,0,0
2026-08-16T04:45:00+00:00,1,Healthy,100,0,0,0,0,0,0,0,0,0,0,0.0,[],1,0,0,0,0,0
2026-08-16T05:00:00+00:00,1,Warning,98,0,0,0,1,0,0,0,0,1,0,0.0,"[{""type"":""jump"",""severity"":""warning"",""channel"":""o3"",""timestamp"":""2026-08-16T05:00:00+00:00"",""evidence"":{""absolute_change"":21.83,""threshold"":17.757648000000025,""reference_differences"":269,""method"":""max(median+8*MAD, Q3+3*IQR, resolution)""},""message"":""o3 changed by 21.83, above its causal robust threshold 17.76."",""alert_recommended"":true}]",1,1,0,0,0,0
2026-08-16T05:15:00+00:00,1,Healthy,100,0,0,0,0,0,0,0,0,0,0,0.0,[],1,0,0,0,0,0
2026-08-16T05:30:00+00:00,1,Warning,98,0,0,0,1,0,0,0,0,1,0,0.0,"[{""type"":""jump"",""severity"":""warning"",""channel"":""pm25"",""timestamp"":""2026-08-16T05:30:00+00:00"",""evidence"":{""absolute_change"":6.239999999999998,""threshold"":4.572671999999979,""reference_differences"":270,""method"":""max(median+8*MAD, Q3+3*IQR, resolution)""},""message"":""pm25 changed by 6.24, above its causal robust threshold 4.57."",""alert_recommended"":true}]",1,1,0,0,0,0
2026-08-16T05:45:00+00:00,1,Healthy,100,0,0,0,0,0,0,0,0,0,0,0.0,[],1,0,0,0,0,0
2026-08-16T06:00:00+00:00,1,Warning,98,0,0,0,1,0,0,0,0,1,0,0.0,"[{""type"":""jump"",""severity"":""warning"",""channel"":""o3"",""timestamp"":""2026-08-16T06:00:00+00:00"",""evidence"":{""absolute_change"":18.04,""threshold"":18.01486399999998,""reference_differences"":273,""method"":""max(median+8*MAD, Q3+3*IQR, resolution)""},""message"":""o3 changed by 18.04, above its causal robust threshold 18.01."",""alert_recommended"":true}]",1,0,0,0,0,0
2026-08-16T06:15:00+00:00,1,Healthy,100,0,0,0,0,0,0,0,0,0,0,0.0,[],1,0,0,0,0,0
2026-08-16T06:30:00+00:00,1,Healthy,100,0,0,0,0,0,0,0,0,0,0,0.0,[],1,0,0,0,0,0
2026-08-16T06:45:00+00:00,1,Healthy,100,0,0,0,0,0,0,0,0,0,0,0.0,[],1,0,0,0,0,0
2026-08-16T07:00:00+00:00,1,Healthy,100,0,0,0,0,0,0,0,0,0,0,0.0,[],1,0,0,0,0,0
2026-08-16T07:15:00+00:00,1,Warning,98,0,0,0,1,0,0,0,0,1,0,0.0,"[{""type"":""jump"",""severity"":""warning"",""channel"":""o3"",""timestamp"":""2026-08-16T07:15:00+00:00"",""evidence"":{""absolute_change"":19.04,""threshold"":18.65290400000003,""reference_differences"":278,""method"":""max(median+8*MAD, Q3+3*IQR, resolution)""},""message"":""o3 changed by 19.04, above its causal robust threshold 18.65."",""alert_recommended"":true}]",1,1,0,0,0,0
2026-08-16T07:30:00+00:00,1,Healthy,100,0,0,0,0,0,0,0,0,0,0,0.0,[],1,0,0,0,0,0
2026-08-16T07:45:00+00:00,1,Warning,88,0,0,0,1,1,0,0,0,4,0,0.0,"[{""type"":""jump"",""severity"":""warning"",""channel"":""no2"",""timestamp"":""2026-08-16T07:45:00+00:00"",""evidence"":{""absolute_change"":0.1899999999999995,""threshold"":0.12860799999999725,""reference_differences"":280,""method"":""max(median+8*MAD, Q3+3*IQR, resolution)""},""message"":""no2 changed by 0.19, above its causal robust threshold 0.13."",""alert_recommended"":true},{""type"":""abnormal_noise"",""severity"":""warning"",""channel"":""no2"",""timestamp"":""2026-08-16T07:45:00+00:00"",""evidence"":{""recent_difference_mad"":0.09636899999999926,""reference_difference_mad"":0.014825999999999683,""variability_ratio"":6.500000000000089,""sign_changes"":6,""window_samples"":8},""message"":""no2 is rapidly oscillating above its historical variability."",""alert_recommended"":true},{""type"":""jump"",""severity"":""warning"",""channel"":""o3"",""timestamp"":""2026-08-16T07:45:00+00:00"",""evidence"":{""absolute_change"":31.98,""threshold"":18.840815999999997,""reference_differences"":280,""method"":""max(median+8*MAD, Q3+3*IQR, resolution)""},""message"":""o3 changed by 31.98, above its causal robust threshold 18.84."",""alert_recommended"":true},{""type"":""abnormal_noise"",""severity"":""warning"",""channel"":""o3"",""timestamp"":""2026-08-16T07:45:00+00:00"",""evidence"":{""recent_difference_mad"":19.303452,""reference_difference_mad"":3.3803280000000013,""variability_ratio"":5.710526315789472,""sign_changes"":6,""window_samples"":8},""message"":""o3 is rapidly oscillating above its historical variability."",""alert_recommended"":true}]",1,1,0,0,0,0
2026-08-16T08:00:00+00:00,1,Healthy,100,0,0,0,0,0,0,0,0,0,0,0.0,[],1,0,0,0,0,0
2026-08-16T08:15:00+00:00,1,Warning,96,0,0,0,0,1,0,0,0,1,0,0.0,"[{""type"":""abnormal_noise"",""severity"":""warning"",""channel"":""no2"",""timestamp"":""2026-08-16T08:15:00+00:00"",""evidence"":{""recent_difference_mad"":0.06671699999999989,""reference_difference_mad"":0.014825999999999683,""variability_ratio"":4.500000000000089,""sign_changes"":5,""window_samples"":8},""message"":""no2 is rapidly oscillating above its historical variability."",""alert_recommended"":true}]",1,0,0,0,0,0
2026-08-16T08:30:00+00:00,1,Healthy,100,0,0,0,0,0,0,0,0,0,0,0.0,[],1,0,0,0,0,0
2026-08-16T08:45:00+00:00,1,Warning,92,0,0,0,0,1,0,0,0,2,0,0.0,"[{""type"":""abnormal_noise"",""severity"":""warning"",""channel"":""no2"",""timestamp"":""2026-08-16T08:45:00+00:00"",""evidence"":{""recent_difference_mad"":0.0667170000000012,""reference_difference_mad"":0.014825999999999683,""variability_ratio"":4.500000000000178,""sign_changes"":5,""window_samples"":8},""message"":""no2 is rapidly oscillating above its historical variability."",""alert_recommended"":true},{""type"":""abnormal_noise"",""severity"":""warning"",""channel"":""o3"",""timestamp"":""2026-08-16T08:45:00+00:00"",""evidence"":{""recent_difference_mad"":14.173656,""reference_difference_mad"":3.469284000000005,""variability_ratio"":4.08547008547008,""sign_changes"":5,""window_samples"":8},""message"":""o3 is rapidly oscillating above its historical variability."",""alert_recommended"":true}]",1,0,0,0,0,0
2026-08-16T09:00:00+00:00,1,Warning,96,0,0,0,1,0,0,0,0,2,0,0.0,"[{""type"":""jump"",""severity"":""warning"",""channel"":""no2"",""timestamp"":""2026-08-16T09:00:00+00:00"",""evidence"":{""absolute_change"":0.16000000000000014,""threshold"":0.12860799999999725,""reference_differences"":285,""method"":""max(median+8*MAD, Q3+3*IQR, resolution)""},""message"":""no2 changed by 0.16, above its causal robust threshold 0.13."",""alert_recommended"":true},{""type"":""jump"",""severity"":""warning"",""channel"":""o3"",""timestamp"":""2026-08-16T09:00:00+00:00"",""evidence"":{""absolute_change"":31.88,""threshold"":19.172335999999934,""reference_differences"":285,""method"":""max(median+8*MAD, Q3+3*IQR, resolution)""},""message"":""o3 changed by 31.88, above its causal robust threshold 19.17."",""alert_recommended"":true}]",1,1,0,0,0,0
2026-08-16T09:15:00+00:00,1,Healthy,100,0,0,0,0,0,0,0,0,0,0,0.0,[],1,0,0,0,0,0
2026-08-16T09:30:00+00:00,1,Healthy,100,0,0,0,0,0,0,0,0,0,0,0.0,[],1,0,0,0,0,0
2026-08-16T09:45:00+00:00,1,Healthy,100,0,0,0,0,0,0,0,0,0,0,0.0,[],1,0,0,0,0,0
2026-08-16T10:00:00+00:00,1,Healthy,100,0,0,0,0,0,0,0,0,0,0,0.0,[],1,0,0,0,0,0
2026-08-16T10:15:00+00:00,1,Healthy,100,0,0,0,0,0,0,0,0,0,0,0.0,[],1,0,0,0,0,0
2026-08-16T10:30:00+00:00,1,Healthy,100,0,0,0,0,0,0,0,0,0,0,0.0,[],1,0,0,0,0,0
2026-08-16T10:45:00+00:00,1,Healthy,100,0,0,0,0,0,0,0,0,0,0,0.0,[],1,0,0,0,0,0
2026-08-16T11:00:00+00:00,1,Healthy,100,0,0,0,0,0,0,0,0,0,0,0.0,[],1,0,0,0,0,0
2026-08-16T11:15:00+00:00,1,Healthy,100,0,0,0,0,0,0,0,0,0,0,0.0,[],1,1,0,0,0,0
2026-08-16T11:30:00+00:00,1,Healthy,100,0,0,0,0,0,0,0,0,0,0,0.0,[],1,0,0,0,0,0
2026-08-16T11:45:00+00:00,1,Healthy,100,0,0,0,0,0,0,0,0,0,0,0.0,[],1,0,0,0,0,0
2026-08-16T12:00:00+00:00,1,Healthy,100,0,0,0,0,0,0,0,0,0,0,0.0,[],1,0,0,0,0,0
2026-08-16T12:15:00+00:00,1,Healthy,100,0,0,0,0,0,0,0,0,0,0,0.0,[],1,0,0,0,0,0
2026-08-16T12:30:00+00:00,1,Healthy,100,0,0,0,0,0,0,0,0,0,0,0.0,[],1,0,0,0,0,0
2026-08-16T12:45:00+00:00,1,Healthy,100,0,0,0,0,0,0,0,0,0,0,0.0,[],1,0,0,0,0,0
2026-08-16T13:00:00+00:00,1,Healthy,100,0,0,0,0,0,0,0,0,0,0,0.0,[],1,0,0,0,0,0
2026-08-16T13:15:00+00:00,1,Healthy,100,0,0,0,0,0,0,0,0,0,0,0.0,[],1,0,0,0,0,0
2026-08-16T13:30:00+00:00,1,Healthy,100,0,0,0,0,0,0,0,0,0,0,0.0,[],1,0,0,0,0,0
2026-08-16T13:45:00+00:00,1,Healthy,100,0,0,0,0,0,0,0,0,0,0,0.0,[],1,0,0,0,0,0
2026-08-16T14:00:00+00:00,1,Healthy,100,0,0,0,0,0,0,0,0,0,0,0.0,[],1,0,0,0,0,0
2026-08-16T14:15:00+00:00,1,Healthy,100,0,0,0,0,0,0,0,0,0,0,0.0,[],1,0,0,0,0,0
2026-08-16T14:30:00+00:00,1,Healthy,100,0,0,0,0,0,0,0,0,0,0,0.0,[],1,0,0,0,0,0
2026-08-16T14:45:00+00:00,1,Warning,94,0,0,0,1,1,0,0,0,2,0,0.0,"[{""type"":""jump"",""severity"":""warning"",""channel"":""no2"",""timestamp"":""2026-08-16T14:45:00+00:00"",""evidence"":{""absolute_change"":0.129999999999999,""threshold"":0.1286080000000201,""reference_differences"":308,""method"":""max(median+8*MAD, Q3+3*IQR, resolution)""},""message"":""no2 changed by 0.13, above its causal robust threshold 0.13."",""alert_recommended"":true},{""type"":""abnormal_noise"",""severity"":""warning"",""channel"":""no2"",""timestamp"":""2026-08-16T14:45:00+00:00"",""evidence"":{""recent_difference_mad"":0.06671699999999989,""reference_difference_mad"":0.014825999999999683,""variability_ratio"":4.500000000000089,""sign_changes"":5,""window_samples"":8},""message"":""no2 is rapidly oscillating above its historical variability."",""alert_recommended"":true}]",1,1,0,0,0,0
2026-08-16T15:00:00+00:00,1,Warning,94,0,0,0,1,1,0,0,0,2,0,0.0,"[{""type"":""abnormal_noise"",""severity"":""warning"",""channel"":""no2"",""timestamp"":""2026-08-16T15:00:00+00:00"",""evidence"":{""recent_difference_mad"":0.08895599999999941,""reference_difference_mad"":0.014826000000001,""variability_ratio"":5.999999999999556,""sign_changes"":5,""window_samples"":8},""message"":""no2 is rapidly oscillating above its historical variability."",""alert_recommended"":true},{""type"":""jump"",""severity"":""warning"",""channel"":""o3"",""timestamp"":""2026-08-16T15:00:00+00:00"",""evidence"":{""absolute_change"":20.29,""threshold"":20.271200000000086,""reference_differences"":309,""method"":""max(median+8*MAD, Q3+3*IQR, resolution)""},""message"":""o3 changed by 20.29, above its causal robust threshold 20.27."",""alert_recommended"":true}]",1,1,0,0,0,0
2026-08-16T15:15:00+00:00,1,Warning,96,0,0,0,0,1,0,0,0,1,0,0.0,"[{""type"":""abnormal_noise"",""severity"":""warning"",""channel"":""no2"",""timestamp"":""2026-08-16T15:15:00+00:00"",""evidence"":{""recent_difference_mad"":0.11119500000000025,""reference_difference_mad"":0.014826000000002316,""variability_ratio"":7.499999999998845,""sign_changes"":5,""window_samples"":8},""message"":""no2 is rapidly oscillating above its historical variability."",""alert_recommended"":true}]",1,0,0,0,0,0
2026-08-16T15:30:00+00:00,1,Warning,98,0,0,0,1,0,0,0,0,1,0,0.0,"[{""type"":""jump"",""severity"":""warning"",""channel"":""temperature"",""timestamp"":""2026-08-16T15:30:00+00:00"",""evidence"":{""absolute_change"":1.370000000000001,""threshold"":1.3560799999999729,""reference_differences"":311,""method"":""max(median+8*MAD, Q3+3*IQR, resolution)""},""message"":""temperature changed by 1.37, above its causal robust threshold 1.36."",""alert_recommended"":true}]",1,1,0,0,0,0
2026-08-16T15:45:00+00:00,1,Warning,96,0,0,0,0,1,0,0,0,1,0,0.0,"[{""type"":""abnormal_noise"",""severity"":""warning"",""channel"":""temperature"",""timestamp"":""2026-08-16T15:45:00+00:00"",""evidence"":{""recent_difference_mad"":0.9785160000000002,""reference_difference_mad"":0.23721600000000548,""variability_ratio"":4.124999999999906,""sign_changes"":6,""window_samples"":8},""message"":""temperature is rapidly oscillating above its historical variability."",""alert_recommended"":true}]",1,0,0,0,0,0
2026-08-16T16:00:00+00:00,1,Warning,94,0,0,0,1,1,0,0,0,2,0,0.0,"[{""type"":""abnormal_noise"",""severity"":""warning"",""channel"":""temperature"",""timestamp"":""2026-08-16T16:00:00+00:00"",""evidence"":{""recent_difference_mad"":1.0748849999999994,""reference_difference_mad"":0.24462900000000398,""variability_ratio"":4.39393939393932,""sign_changes"":5,""window_samples"":8},""message"":""temperature is rapidly oscillating above its historical variability."",""alert_recommended"":true},{""type"":""jump"",""severity"":""warning"",""channel"":""no2"",""timestamp"":""2026-08-16T16:00:00+00:00"",""evidence"":{""absolute_change"":0.14000000000000057,""threshold"":0.1386080000000181,""reference_differences"":313,""method"":""max(median+8*MAD, Q3+3*IQR, resolution)""},""message"":""no2 changed by 0.14, above its causal robust threshold 0.14."",""alert_recommended"":true}]",1,1,0,0,0,1
2026-08-16T16:15:00+00:00,1,Critical,87,0,0,0,1,0,0,1,0,2,1,0.0,"[{""type"":""suspicious_value"",""severity"":""critical"",""channel"":""o3"",""timestamp"":""2026-08-16T16:15:00+00:00"",""evidence"":{""value"":-2.07,""lower_bound"":0.0,""upper_bound"":null},""message"":""o3=-2.07 is outside broad physical plausibility bounds."",""alert_recommended"":true},{""type"":""jump"",""severity"":""warning"",""channel"":""temperature"",""timestamp"":""2026-08-16T16:15:00+00:00"",""evidence"":{""absolute_change"":1.7799999999999976,""threshold"":1.3560800000000186,""reference_differences"":314,""method"":""max(median+8*MAD, Q3+3*IQR, resolution)""},""message"":""temperature changed by 1.78, above its causal robust threshold 1.36."",""alert_recommended"":true}]",1,1,0,0,0,1
2026-08-16T16:30:00+00:00,1,Critical,89,0,0,0,0,0,0,1,0,1,1,0.0,"[{""type"":""suspicious_value"",""severity"":""critical"",""channel"":""o3"",""timestamp"":""2026-08-16T16:30:00+00:00"",""evidence"":{""value"":-0.77,""lower_bound"":0.0,""upper_bound"":null},""message"":""o3=-0.77 is outside broad physical plausibility bounds."",""alert_recommended"":true}]",1,0,0,0,0,1
2026-08-16T16:45:00+00:00,1,Critical,89,0,0,0,0,0,0,1,0,1,1,0.0,"[{""type"":""suspicious_value"",""severity"":""critical"",""channel"":""o3"",""timestamp"":""2026-08-16T16:45:00+00:00"",""evidence"":{""value"":-2.32,""lower_bound"":0.0,""upper_bound"":null},""message"":""o3=-2.32 is outside broad physical plausibility bounds."",""alert_recommended"":true}]",1,0,0,0,0,1
2026-08-16T17:00:00+00:00,1,Healthy,100,0,0,0,0,0,0,0,0,0,0,0.0,[],1,0,0,0,0,0
2026-08-16T17:15:00+00:00,1,Healthy,100,0,0,0,0,0,0,0,0,0,0,0.0,[],1,0,0,0,0,0
2026-08-16T17:30:00+00:00,1,Healthy,100,0,0,0,0,0,0,0,0,0,0,0.0,[],1,0,0,0,0,0
2026-08-16T17:45:00+00:00,1,Healthy,100,0,0,0,0,0,0,0,0,0,0,0.0,[],1,0,0,0,0,0
2026-08-16T18:00:00+00:00,1,Healthy,100,0,0,0,0,0,0,0,0,0,0,0.0,[],1,0,0,0,0,0
2026-08-16T18:15:00+00:00,1,Healthy,100,0,0,0,0,0,0,0,0,0,0,0.0,[],1,0,0,0,0,0
2026-08-16T18:30:00+00:00,1,Healthy,100,0,0,0,0,0,0,0,0,0,0,0.0,[],1,0,0,0,0,0
2026-08-16T18:45:00+00:00,1,Healthy,100,0,0,0,0,0,0,0,0,0,0,0.0,[],1,0,0,0,0,0
2026-08-16T19:00:00+00:00,1,Healthy,100,0,0,0,0,0,0,0,0,0,0,0.0,[],1,0,0,0,0,0
2026-08-16T19:15:00+00:00,1,Healthy,100,0,0,0,0,0,0,0,0,0,0,0.0,[],1,0,0,0,0,0
2026-08-16T19:30:00+00:00,1,Healthy,100,0,0,0,0,0,0,0,0,0,0,0.0,[],1,0,0,0,0,0
2026-08-16T19:45:00+00:00,1,Healthy,100,0,0,0,0,0,0,0,0,0,0,0.0,[],1,0,0,0,0,0
2026-08-16T20:00:00+00:00,1,Healthy,100,0,0,0,0,0,0,0,0,0,0,0.0,[],1,0,0,0,0,0
2026-08-16T20:15:00+00:00,1,Healthy,100,0,0,0,0,0,0,0,0,0,0,0.0,[],1,0,0,0,0,0
2026-08-16T20:30:00+00:00,1,Healthy,100,0,0,0,0,0,0,0,0,0,0,0.0,[],1,0,0,0,0,0
2026-08-16T20:45:00+00:00,1,Healthy,100,0,0,0,0,0,0,0,0,0,0,0.0,[],1,0,0,0,0,0
2026-08-16T21:00:00+00:00,1,Healthy,100,0,0,0,0,0,0,0,0,0,0,0.0,[],1,0,0,0,0,0
2026-08-16T21:15:00+00:00,1,Healthy,100,0,0,0,0,0,0,0,0,0,0,0.0,[],1,0,0,0,0,0
2026-08-16T21:30:00+00:00,1,Healthy,100,0,0,0,0,0,0,0,0,0,0,0.0,[],1,0,0,0,0,0
2026-08-16T21:45:00+00:00,1,Healthy,100,0,0,0,0,0,0,0,0,0,0,0.0,[],1,0,0,0,0,0
2026-08-16T22:00:00+00:00,1,Healthy,100,0,0,0,0,0,0,0,0,0,0,0.0,[],1,0,0,0,0,0
2026-08-16T22:15:00+00:00,1,Healthy,100,0,0,0,0,0,0,0,0,0,0,0.0,[],1,0,0,0,0,0
2026-08-16T22:30:00+00:00,1,Healthy,100,0,0,0,0,0,0,0,0,0,0,0.0,[],1,0,0,0,0,0
2026-08-16T22:45:00+00:00,1,Healthy,100,0,0,0,0,0,0,0,0,0,0,0.0,[],1,0,0,0,0,0
2026-08-16T23:00:00+00:00,1,Healthy,100,0,0,0,0,0,0,0,0,0,0,0.0,[],1,0,0,0,0,0
2026-08-16T23:15:00+00:00,1,Healthy,100,0,0,0,0,0,0,0,0,0,0,0.0,[],1,0,0,0,0,0
2026-08-16T23:30:00+00:00,1,Healthy,100,0,0,0,0,0,0,0,0,0,0,0.0,[],1,0,0,0,0,0
2026-08-16T23:45:00+00:00,1,Healthy,100,0,0,0,0,0,0,0,0,0,0,0.0,[],1,0,0,0,0,0
2026-08-17T00:00:00+00:00,1,Healthy,100,0,0,0,0,0,0,0,0,0,0,0.0,[],1,0,0,0,0,0
2026-08-17T00:15:00+00:00,1,Healthy,100,0,0,0,0,0,0,0,0,0,0,0.0,[],1,0,0,0,0,0
2026-08-17T00:30:00+00:00,1,Healthy,100,0,0,0,0,0,0,0,0,0,0,0.0,[],1,0,0,0,0,0
2026-08-17T00:45:00+00:00,1,Healthy,100,0,0,0,0,0,0,0,0,0,0,0.0,[],1,0,0,0,0,0
2026-08-17T01:00:00+00:00,1,Healthy,100,0,0,0,0,0,0,0,0,0,0,0.0,[],1,0,0,0,0,0
2026-08-17T01:15:00+00:00,1,Healthy,100,0,0,0,0,0,0,0,0,0,0,0.0,[],1,0,0,0,0,0
2026-08-17T01:30:00+00:00,1,Healthy,100,0,0,0,0,0,0,0,0,0,0,0.0,[],1,0,0,0,0,0
2026-08-17T01:45:00+00:00,1,Healthy,100,0,0,0,0,0,0,0,0,0,0,0.0,[],1,0,0,0,0,0
2026-08-17T02:00:00+00:00,1,Healthy,100,0,0,0,0,0,0,0,0,0,0,0.0,[],1,0,0,0,0,0
2026-08-17T02:15:00+00:00,1,Healthy,100,0,0,0,0,0,0,0,0,0,0,0.0,[],1,0,0,0,0,0
2026-08-17T02:30:00+00:00,1,Healthy,100,0,0,0,0,0,0,0,0,0,0,0.0,[],1,0,0,0,0,0
2026-08-17T02:45:00+00:00,1,Healthy,100,0,0,0,0,0,0,0,0,0,0,0.0,[],1,0,0,0,0,0
2026-08-17T03:00:00+00:00,1,Healthy,100,0,0,0,0,0,0,0,0,0,0,0.0,[],1,0,0,0,0,0
2026-08-17T03:15:00+00:00,1,Healthy,100,0,0,0,0,0,0,0,0,0,0,0.0,[],1,0,0,0,0,0
2026-08-17T03:30:00+00:00,1,Healthy,100,0,0,0,0,0,0,0,0,0,0,0.0,[],1,0,0,0,0,0
2026-08-17T03:45:00+00:00,1,Healthy,100,0,0,0,0,0,0,0,0,0,0,0.0,[],1,0,0,0,0,0
2026-08-17T04:00:00+00:00,1,Healthy,100,0,0,0,0,0,0,0,0,0,0,0.0,[],1,0,0,0,0,0
2026-08-17T04:15:00+00:00,1,Healthy,100,0,0,0,0,0,0,0,0,0,0,0.0,[],1,0,0,0,0,0
2026-08-17T04:30:00+00:00,1,Healthy,100,0,0,0,0,0,0,0,0,0,0,0.0,[],1,0,0,0,0,0
2026-08-17T04:45:00+00:00,1,Healthy,100,0,0,0,0,0,0,0,0,0,0,0.0,[],1,0,0,0,0,0
2026-08-17T05:00:00+00:00,1,Healthy,100,0,0,0,0,0,0,0,0,0,0,0.0,[],1,0,0,0,0,0
2026-08-17T05:15:00+00:00,1,Healthy,100,0,0,0,0,0,0,0,0,0,0,0.0,[],1,0,0,0,0,0
2026-08-17T05:30:00+00:00,1,Healthy,100,0,0,0,0,0,0,0,0,0,0,0.0,[],1,0,0,0,0,0
2026-08-17T05:45:00+00:00,1,Warning,98,0,0,0,1,0,0,0,0,1,0,0.0,"[{""type"":""jump"",""severity"":""warning"",""channel"":""pm25"",""timestamp"":""2026-08-17T05:45:00+00:00"",""evidence"":{""absolute_change"":6.18,""threshold"":4.691280000000016,""reference_differences"":367,""method"":""max(median+8*MAD, Q3+3*IQR, resolution)""},""message"":""pm25 changed by 6.18, above its causal robust threshold 4.69."",""alert_recommended"":true}]",1,1,0,0,0,0
2026-08-17T06:00:00+00:00,1,Healthy,100,0,0,0,0,0,0,0,0,0,0,0.0,[],1,0,0,0,0,0
2026-08-17T06:15:00+00:00,1,Healthy,100,0,0,0,0,0,0,0,0,0,0,0.0,[],1,0,0,0,0,0
2026-08-17T06:30:00+00:00,1,Healthy,100,0,0,0,0,0,0,0,0,0,0,0.0,[],1,0,0,0,0,0
2026-08-17T06:45:00+00:00,1,Healthy,100,0,0,0,0,0,0,0,0,0,0,0.0,[],1,0,0,0,0,0
2026-08-17T07:00:00+00:00,1,Healthy,100,0,0,0,0,0,0,0,0,0,0,0.0,[],1,0,0,0,0,0
2026-08-17T07:15:00+00:00,1,Healthy,100,0,0,0,0,0,0,0,0,0,0,0.0,[],1,0,0,0,0,0
2026-08-17T07:30:00+00:00,1,Healthy,100,0,0,0,0,0,0,0,0,0,0,0.0,[],1,0,0,0,0,0
2026-08-17T07:45:00+00:00,1,Healthy,100,0,0,0,0,0,0,0,0,0,0,0.0,[],1,0,0,0,0,0
2026-08-17T08:00:00+00:00,1,Healthy,100,0,0,0,0,0,0,0,0,0,0,0.0,[],1,0,0,0,0,0
2026-08-17T08:15:00+00:00,1,Healthy,100,0,0,0,0,0,0,0,0,0,0,0.0,[],1,0,0,0,0,0
2026-08-17T08:30:00+00:00,1,Healthy,100,0,0,0,0,0,0,0,0,0,0,0.0,[],1,0,0,0,0,0
2026-08-17T08:45:00+00:00,1,Healthy,100,0,0,0,0,0,0,0,0,0,0,0.0,[],1,0,0,0,0,0
2026-08-17T09:00:00+00:00,1,Healthy,100,0,0,0,0,0,0,0,0,0,0,0.0,[],1,0,0,0,0,0
2026-08-17T09:15:00+00:00,1,Healthy,100,0,0,0,0,0,0,0,0,0,0,0.0,[],1,0,0,0,0,0
2026-08-17T09:30:00+00:00,1,Healthy,100,0,0,0,0,0,0,0,0,0,0,0.0,[],1,0,0,0,0,0
2026-08-17T09:45:00+00:00,1,Healthy,100,0,0,0,0,0,0,0,0,0,0,0.0,[],1,0,0,0,0,0
2026-08-17T10:00:00+00:00,1,Healthy,100,0,0,0,0,0,0,0,0,0,0,0.0,[],1,0,0,0,0,0
2026-08-17T10:15:00+00:00,1,Healthy,100,0,0,0,0,0,0,0,0,0,0,0.0,[],1,0,0,0,0,0
2026-08-17T10:30:00+00:00,1,Healthy,100,0,0,0,0,0,0,0,0,0,0,0.0,[],1,0,0,0,0,0
2026-08-17T10:45:00+00:00,1,Healthy,100,0,0,0,0,0,0,0,0,0,0,0.0,[],1,0,0,0,0,0
2026-08-17T11:00:00+00:00,1,Healthy,100,0,0,0,0,0,0,0,0,0,0,0.0,[],1,0,0,0,0,0
2026-08-17T11:15:00+00:00,1,Healthy,100,0,0,0,0,0,0,0,0,0,0,0.0,[],1,0,0,0,0,0
2026-08-17T11:30:00+00:00,1,Healthy,100,0,0,0,0,0,0,0,0,0,0,0.0,[],1,0,0,0,0,0
2026-08-17T11:45:00+00:00,1,Healthy,100,0,0,0,0,0,0,0,0,0,0,0.0,[],1,0,0,0,0,0
2026-08-17T12:00:00+00:00,1,Healthy,100,0,0,0,0,0,0,0,0,0,0,0.0,[],1,0,0,0,0,0
2026-08-17T12:15:00+00:00,1,Healthy,100,0,0,0,0,0,0,0,0,0,0,0.0,[],1,0,0,0,0,0
2026-08-17T12:30:00+00:00,1,Healthy,100,0,0,0,0,0,0,0,0,0,0,0.0,[],1,0,0,0,0,0
2026-08-17T12:45:00+00:00,1,Healthy,100,0,0,0,0,0,0,0,0,0,0,0.0,[],1,0,0,0,0,0
2026-08-17T13:00:00+00:00,1,Healthy,100,0,0,0,0,0,0,0,0,0,0,0.0,[],1,0,0,0,0,0
2026-08-17T13:15:00+00:00,1,Healthy,100,0,0,0,0,0,0,0,0,0,0,0.0,[],1,0,0,0,0,0
2026-08-17T13:30:00+00:00,1,Healthy,100,0,0,0,0,0,0,0,0,0,0,0.0,[],1,0,0,0,0,0
2026-08-17T13:45:00+00:00,1,Healthy,100,0,0,0,0,0,0,0,0,0,0,0.0,[],1,0,0,0,0,0
2026-08-17T14:00:00+00:00,1,Healthy,100,0,0,0,0,0,0,0,0,0,0,0.0,[],1,0,0,0,0,0
2026-08-17T14:15:00+00:00,1,Healthy,100,0,0,0,0,0,0,0,0,0,0,0.0,[],1,0,0,0,0,0
2026-08-17T14:30:00+00:00,1,Healthy,100,0,0,0,0,0,0,0,0,0,0,0.0,[],1,0,0,0,0,0
2026-08-17T14:45:00+00:00,1,Healthy,100,0,0,0,0,0,0,0,0,0,0,0.0,[],1,0,0,0,0,0
2026-08-17T15:00:00+00:00,1,Healthy,100,0,0,0,0,0,0,0,0,0,0,0.0,[],1,0,0,0,0,0
2026-08-17T15:15:00+00:00,1,Healthy,100,0,0,0,0,0,0,0,0,0,0,0.0,[],1,0,0,0,0,0
2026-08-17T15:30:00+00:00,1,Healthy,100,0,0,0,0,0,0,0,0,0,0,0.0,[],1,0,0,0,0,0
2026-08-17T15:45:00+00:00,1,Warning,96,0,0,0,1,0,0,0,0,2,0,0.0,"[{""type"":""jump"",""severity"":""warning"",""channel"":""temperature"",""timestamp"":""2026-08-17T15:45:00+00:00"",""evidence"":{""absolute_change"":2.2600000000000016,""threshold"":1.4746879999999492,""reference_differences"":408,""method"":""max(median+8*MAD, Q3+3*IQR, resolution)""},""message"":""temperature changed by 2.26, above its causal robust threshold 1.47."",""alert_recommended"":true},{""type"":""jump"",""severity"":""warning"",""channel"":""no2"",""timestamp"":""2026-08-17T15:45:00+00:00"",""evidence"":{""absolute_change"":0.15000000000000036,""threshold"":0.1386080000000181,""reference_differences"":408,""method"":""max(median+8*MAD, Q3+3*IQR, resolution)""},""message"":""no2 changed by 0.15, above its causal robust threshold 0.14."",""alert_recommended"":true}]",1,1,0,0,0,0
2026-08-17T16:00:00+00:00,1,Healthy,100,0,0,0,0,0,0,0,0,0,0,0.0,[],1,0,0,0,0,0
2026-08-17T16:15:00+00:00,1,Healthy,100,0,0,0,0,0,0,0,0,0,0,0.0,[],1,0,0,0,0,0
2026-08-17T16:30:00+00:00,1,Healthy,100,0,0,0,0,0,0,0,0,0,0,0.0,[],1,0,0,0,0,0
2026-08-17T16:45:00+00:00,1,Healthy,100,0,0,0,0,0,0,0,0,0,0,0.0,[],1,0,0,0,0,0
2026-08-17T17:00:00+00:00,1,Healthy,100,0,0,0,0,0,0,0,0,0,0,0.0,[],1,0,0,0,0,0
2026-08-17T17:15:00+00:00,1,Healthy,100,0,0,0,0,0,0,0,0,0,0,0.0,[],1,0,0,0,0,0
2026-08-17T17:30:00+00:00,1,Healthy,100,0,0,0,0,0,0,0,0,0,0,0.0,[],1,0,0,0,0,0
2026-08-17T17:45:00+00:00,1,Healthy,100,0,0,0,0,0,0,0,0,0,0,0.0,[],1,0,0,0,0,0
2026-08-17T18:00:00+00:00,1,Healthy,100,0,0,0,0,0,0,0,0,0,0,0.0,[],1,0,0,0,0,0
2026-08-17T18:15:00+00:00,1,Healthy,100,0,0,0,0,0,0,0,0,0,0,0.0,[],1,0,0,0,0,0
2026-08-17T18:30:00+00:00,1,Healthy,100,0,0,0,0,0,0,0,0,0,0,0.0,[],1,0,0,0,0,0
2026-08-17T18:45:00+00:00,1,Healthy,100,0,0,0,0,0,0,0,0,0,0,0.0,[],1,0,0,0,0,0
2026-08-17T19:00:00+00:00,1,Healthy,100,0,0,0,0,0,0,0,0,0,0,0.0,[],1,0,0,0,0,0
2026-08-17T19:15:00+00:00,1,Healthy,100,0,0,0,0,0,0,0,0,0,0,0.0,[],1,0,0,0,0,0
2026-08-17T19:30:00+00:00,1,Healthy,100,0,0,0,0,0,0,0,0,0,0,0.0,[],1,0,0,0,0,0
2026-08-17T19:45:00+00:00,1,Healthy,100,0,0,0,0,0,0,0,0,0,0,0.0,[],1,0,0,0,0,0
2026-08-17T20:00:00+00:00,1,Healthy,100,0,0,0,0,0,0,0,0,0,0,0.0,[],1,0,0,0,0,0
2026-08-17T20:15:00+00:00,1,Healthy,100,0,0,0,0,0,0,0,0,0,0,0.0,[],1,0,0,0,0,0
2026-08-17T20:30:00+00:00,1,Healthy,100,0,0,0,0,0,0,0,0,0,0,0.0,[],1,0,0,0,0,0
2026-08-17T20:45:00+00:00,1,Healthy,100,0,0,0,0,0,0,0,0,0,0,0.0,[],1,0,0,0,0,0
2026-08-17T21:00:00+00:00,1,Healthy,100,0,0,0,0,0,0,0,0,0,0,0.0,[],1,0,0,0,0,0
2026-08-17T21:15:00+00:00,1,Healthy,100,0,0,0,0,0,0,0,0,0,0,0.0,[],1,0,0,0,0,0
2026-08-17T21:30:00+00:00,1,Healthy,100,0,0,0,0,0,0,0,0,0,0,0.0,[],1,0,0,0,0,0
2026-08-17T21:45:00+00:00,1,Healthy,100,0,0,0,0,0,0,0,0,0,0,0.0,[],1,0,0,0,0,0
2026-08-17T22:00:00+00:00,1,Healthy,100,0,0,0,0,0,0,0,0,0,0,0.0,[],1,0,0,0,0,0
2026-08-17T22:15:00+00:00,1,Healthy,100,0,0,0,0,0,0,0,0,0,0,0.0,[],1,0,0,0,0,0
2026-08-17T22:30:00+00:00,1,Healthy,100,0,0,0,0,0,0,0,0,0,0,0.0,[],1,0,0,0,0,0
2026-08-17T22:45:00+00:00,1,Healthy,100,0,0,0,0,0,0,0,0,0,0,0.0,[],1,0,0,0,0,0
2026-08-17T23:00:00+00:00,1,Healthy,100,0,0,0,0,0,0,0,0,0,0,0.0,[],1,0,0,0,0,0
2026-08-17T23:15:00+00:00,1,Healthy,100,0,0,0,0,0,0,0,0,0,0,0.0,[],1,0,0,0,0,0
2026-08-17T23:30:00+00:00,1,Healthy,100,0,0,0,0,0,0,0,0,0,0,0.0,[],1,0,0,0,0,0
2026-08-17T23:45:00+00:00,1,Healthy,100,0,0,0,0,0,0,0,0,0,0,0.0,[],1,0,0,0,0,0
2026-08-18T00:00:00+00:00,1,Healthy,100,0,0,0,0,0,0,0,0,0,0,0.0,[],1,0,0,0,0,0
2026-08-18T00:15:00+00:00,1,Healthy,100,0,0,0,0,0,0,0,0,0,0,0.0,[],1,0,0,0,0,0
2026-08-18T00:30:00+00:00,1,Healthy,100,0,0,0,0,0,0,0,0,0,0,0.0,[],1,0,0,0,0,0
2026-08-18T00:45:00+00:00,1,Healthy,100,0,0,0,0,0,0,0,0,0,0,0.0,[],1,0,0,0,0,0
2026-08-18T01:00:00+00:00,1,Healthy,100,0,0,0,0,0,0,0,0,0,0,0.0,[],1,0,0,0,0,0
2026-08-18T01:15:00+00:00,1,Healthy,100,0,0,0,0,0,0,0,0,0,0,0.0,[],1,0,0,0,0,0
2026-08-18T01:30:00+00:00,1,Healthy,100,0,0,0,0,0,0,0,0,0,0,0.0,[],1,0,0,0,0,0
2026-08-18T01:45:00+00:00,1,Healthy,100,0,0,0,0,0,0,0,0,0,0,0.0,[],1,0,0,0,0,0
2026-08-18T02:00:00+00:00,1,Healthy,100,0,0,0,0,0,0,0,0,0,0,0.0,[],1,0,0,0,0,0
2026-08-18T02:15:00+00:00,1,Healthy,100,0,0,0,0,0,0,0,0,0,0,0.0,[],1,0,1,0,0,0
2026-08-18T02:30:00+00:00,1,Healthy,100,0,0,0,0,0,0,0,0,0,0,0.0,[],1,0,1,0,0,0
2026-08-18T02:45:00+00:00,1,Healthy,100,0,0,0,0,0,0,0,0,0,0,0.0,[],1,0,1,0,0,0
2026-08-18T03:00:00+00:00,1,Healthy,100,0,0,0,0,0,0,0,0,0,0,0.0,[],1,0,1,0,0,0
2026-08-18T03:15:00+00:00,1,Healthy,100,0,0,0,0,0,0,0,0,0,0,0.0,[],1,0,1,0,0,0
2026-08-18T03:30:00+00:00,1,Healthy,100,0,0,0,0,0,0,0,0,0,0,0.0,[],1,0,1,0,0,0
2026-08-18T03:45:00+00:00,1,Healthy,100,0,0,0,0,0,0,0,0,0,0,0.0,[],1,0,1,0,0,0
2026-08-18T04:00:00+00:00,1,Warning,94,0,0,1,0,0,0,0,0,1,0,0.0,"[{""type"":""flatline"",""severity"":""warning"",""channel"":""no2"",""timestamp"":""2026-08-18T04:00:00+00:00"",""evidence"":{""start_timestamp"":""2026-08-18T02:15:00+00:00"",""duration_minutes"":105.0,""samples"":8,""observed_variation"":0.0,""tolerance"":0.0025},""message"":""no2 has remained effectively unchanged for 105 minutes."",""alert_recommended"":true}]",1,0,1,0,0,0
2026-08-18T04:15:00+00:00,1,Healthy,100,0,0,0,0,0,0,0,0,0,0,0.0,[],1,0,0,0,0,0
2026-08-18T04:30:00+00:00,1,Healthy,100,0,0,0,0,0,0,0,0,0,0,0.0,[],1,0,0,0,0,0
2026-08-18T04:45:00+00:00,1,Warning,98,0,0,0,1,0,0,0,0,1,0,0.0,"[{""type"":""jump"",""severity"":""warning"",""channel"":""pm25"",""timestamp"":""2026-08-18T04:45:00+00:00"",""evidence"":{""absolute_change"":4.920000000000002,""threshold"":4.779887999999949,""reference_differences"":459,""method"":""max(median+8*MAD, Q3+3*IQR, resolution)""},""message"":""pm25 changed by 4.92, above its causal robust threshold 4.78."",""alert_recommended"":true}]",1,1,0,0,0,0
2026-08-18T05:00:00+00:00,1,Healthy,100,0,0,0,0,0,0,0,0,0,0,0.0,[],1,0,0,0,0,0
2026-08-18T05:15:00+00:00,1,Healthy,100,0,0,0,0,0,0,0,0,0,0,0.0,[],1,0,0,0,0,0
2026-08-18T05:30:00+00:00,1,Healthy,100,0,0,0,0,0,0,0,0,0,0,0.0,[],1,0,0,0,0,0
2026-08-18T05:45:00+00:00,1,Healthy,100,0,0,0,0,0,0,0,0,0,0,0.0,[],1,0,0,0,0,0
2026-08-18T06:00:00+00:00,1,Healthy,100,0,0,0,0,0,0,0,0,0,0,0.0,[],1,0,0,0,0,0
2026-08-18T06:15:00+00:00,1,Healthy,100,0,0,0,0,0,0,0,0,0,0,0.0,[],1,0,0,0,0,0
2026-08-18T06:30:00+00:00,1,Healthy,100,0,0,0,0,0,0,0,0,0,0,0.0,[],1,0,0,0,0,0
2026-08-18T06:45:00+00:00,1,Healthy,100,0,0,0,0,0,0,0,0,0,0,0.0,[],1,0,0,0,0,0
2026-08-18T07:00:00+00:00,1,Healthy,100,0,0,0,0,0,0,0,0,0,0,0.0,[],1,0,0,0,0,0
2026-08-18T07:15:00+00:00,1,Healthy,100,0,0,0,0,0,0,0,0,0,0,0.0,[],1,0,0,0,0,0
2026-08-18T07:30:00+00:00,1,Healthy,100,0,0,0,0,0,0,0,0,0,0,0.0,[],1,0,0,0,0,0
2026-08-18T07:45:00+00:00,1,Healthy,100,0,0,0,0,0,0,0,0,0,0,0.0,[],1,0,0,0,0,0
2026-08-18T08:00:00+00:00,1,Healthy,100,0,0,0,0,0,0,0,0,0,0,0.0,[],1,0,0,0,0,0
2026-08-18T08:15:00+00:00,1,Healthy,100,0,0,0,0,0,0,0,0,0,0,0.0,[],1,0,0,0,0,0
2026-08-18T08:30:00+00:00,1,Healthy,100,0,0,0,0,0,0,0,0,0,0,0.0,[],1,0,0,0,0,0
2026-08-18T08:45:00+00:00,1,Healthy,100,0,0,0,0,0,0,0,0,0,0,0.0,[],1,0,0,0,0,0
2026-08-18T09:00:00+00:00,1,Healthy,100,0,0,0,0,0,0,0,0,0,0,0.0,[],1,0,0,0,0,0
2026-08-18T09:15:00+00:00,1,Healthy,100,0,0,0,0,0,0,0,0,0,0,0.0,[],1,0,0,0,0,0
2026-08-18T09:30:00+00:00,1,Healthy,100,0,0,0,0,0,0,0,0,0,0,0.0,[],1,0,0,0,0,0
2026-08-18T09:45:00+00:00,1,Healthy,100,0,0,0,0,0,0,0,0,0,0,0.0,[],1,0,0,0,0,0
2026-08-18T10:00:00+00:00,1,Healthy,100,0,0,0,0,0,0,0,0,0,0,0.0,[],1,0,0,0,0,0
2026-08-18T10:15:00+00:00,1,Healthy,100,0,0,0,0,0,0,0,0,0,0,0.0,[],1,1,0,0,0,0
2026-08-18T10:30:00+00:00,1,Healthy,100,0,0,0,0,0,0,0,0,0,0,0.0,[],1,0,0,0,0,0
2026-08-18T10:45:00+00:00,1,Healthy,100,0,0,0,0,0,0,0,0,0,0,0.0,[],1,0,0,0,0,0
2026-08-18T11:00:00+00:00,1,Healthy,100,0,0,0,0,0,0,0,0,0,0,0.0,[],1,0,0,0,0,0
2026-08-18T11:15:00+00:00,1,Healthy,100,0,0,0,0,0,0,0,0,0,0,0.0,[],1,0,0,0,0,0
2026-08-18T11:30:00+00:00,1,Healthy,100,0,0,0,0,0,0,0,0,0,0,0.0,[],1,0,0,0,0,0
2026-08-18T11:45:00+00:00,1,Healthy,100,0,0,0,0,0,0,0,0,0,0,0.0,[],1,0,0,0,0,0
2026-08-18T12:00:00+00:00,1,Healthy,100,0,0,0,0,0,0,0,0,0,0,0.0,[],1,0,0,0,0,0
2026-08-18T12:15:00+00:00,1,Healthy,100,0,0,0,0,0,0,0,0,0,0,0.0,[],1,0,0,0,0,0
2026-08-18T12:30:00+00:00,1,Healthy,100,0,0,0,0,0,0,0,0,0,0,0.0,[],1,0,0,0,0,0
2026-08-18T12:45:00+00:00,1,Healthy,100,0,0,0,0,0,0,0,0,0,0,0.0,[],1,0,0,0,0,0
2026-08-18T13:00:00+00:00,1,Healthy,100,0,0,0,0,0,0,0,0,0,0,0.0,[],1,0,0,0,0,0
2026-08-18T13:15:00+00:00,1,Healthy,100,0,0,0,0,0,0,0,0,0,0,0.0,[],1,0,0,0,0,0
2026-08-18T13:30:00+00:00,1,Healthy,100,0,0,0,0,0,0,0,0,0,0,0.0,[],1,0,0,0,0,0
2026-08-18T13:45:00+00:00,1,Healthy,100,0,0,0,0,0,0,0,0,0,0,0.0,[],1,0,0,0,0,0
2026-08-18T14:00:00+00:00,1,Healthy,100,0,0,0,0,0,0,0,0,0,0,0.0,[],1,0,0,0,0,0
2026-08-18T14:15:00+00:00,1,Healthy,100,0,0,0,0,0,0,0,0,0,0,0.0,[],1,0,0,0,0,0
2026-08-18T14:30:00+00:00,1,Healthy,100,0,0,0,0,0,0,0,0,0,0,0.0,[],1,0,0,0,0,0
2026-08-18T14:45:00+00:00,1,Healthy,100,0,0,0,0,0,0,0,0,0,0,0.0,[],1,0,0,0,0,0
2026-08-18T15:00:00+00:00,1,Warning,98,0,0,0,1,0,0,0,0,1,0,0.0,"[{""type"":""jump"",""severity"":""warning"",""channel"":""temperature"",""timestamp"":""2026-08-18T15:00:00+00:00"",""evidence"":{""absolute_change"":1.7000000000000028,""threshold"":1.346080000000017,""reference_differences"":501,""method"":""max(median+8*MAD, Q3+3*IQR, resolution)""},""message"":""temperature changed by 1.7, above its causal robust threshold 1.35."",""alert_recommended"":true}]",1,1,0,0,0,0
2026-08-18T15:15:00+00:00,1,Healthy,100,0,0,0,0,0,0,0,0,0,0,0.0,[],1,0,0,0,0,0
2026-08-18T15:30:00+00:00,1,Healthy,100,0,0,0,0,0,0,0,0,0,0,0.0,[],1,0,0,0,0,0
2026-08-18T15:45:00+00:00,1,Healthy,100,0,0,0,0,0,0,0,0,0,0,0.0,[],1,0,0,0,0,0
2026-08-18T16:00:00+00:00,1,Warning,98,0,0,0,1,0,0,0,0,1,0,0.0,"[{""type"":""jump"",""severity"":""warning"",""channel"":""temperature"",""timestamp"":""2026-08-18T16:00:00+00:00"",""evidence"":{""absolute_change"":1.4800000000000004,""threshold"":1.346080000000017,""reference_differences"":505,""method"":""max(median+8*MAD, Q3+3*IQR, resolution)""},""message"":""temperature changed by 1.48, above its causal robust threshold 1.35."",""alert_recommended"":true}]",1,1,0,0,0,0
2026-08-18T16:15:00+00:00,1,Warning,96,0,0,0,1,0,0,0,0,2,0,0.0,"[{""type"":""jump"",""severity"":""warning"",""channel"":""temperature"",""timestamp"":""2026-08-18T16:15:00+00:00"",""evidence"":{""absolute_change"":2.210000000000001,""threshold"":1.346080000000017,""reference_differences"":506,""method"":""max(median+8*MAD, Q3+3*IQR, resolution)""},""message"":""temperature changed by 2.21, above its causal robust threshold 1.35."",""alert_recommended"":true},{""type"":""jump"",""severity"":""warning"",""channel"":""humidity"",""timestamp"":""2026-08-18T16:15:00+00:00"",""evidence"":{""absolute_change"":4.740000000000002,""threshold"":4.4926720000000415,""reference_differences"":505,""method"":""max(median+8*MAD, Q3+3*IQR, resolution)""},""message"":""humidity changed by 4.74, above its causal robust threshold 4.49."",""alert_recommended"":true}]",1,1,0,0,0,0
2026-08-18T16:30:00+00:00,1,Healthy,100,0,0,0,0,0,0,0,0,0,0,0.0,[],1,0,0,0,0,0
2026-08-18T16:45:00+00:00,1,Healthy,100,0,0,0,0,0,0,0,0,0,0,0.0,[],1,0,0,0,0,0
2026-08-18T17:00:00+00:00,1,Healthy,100,0,0,0,0,0,0,0,0,0,0,0.0,[],1,0,0,0,0,0
2026-08-18T17:15:00+00:00,1,Healthy,100,0,0,0,0,0,0,0,0,0,0,0.0,[],1,0,0,0,0,0
2026-08-18T17:30:00+00:00,1,Healthy,100,0,0,0,0,0,0,0,0,0,0,0.0,[],1,0,0,0,0,0
2026-08-18T17:45:00+00:00,1,Healthy,100,0,0,0,0,0,0,0,0,0,0,0.0,[],1,0,0,0,0,0
2026-08-18T18:00:00+00:00,1,Healthy,100,0,0,0,0,0,0,0,0,0,0,0.0,[],1,0,0,0,0,0
2026-08-18T18:15:00+00:00,1,Healthy,100,0,0,0,0,0,0,0,0,0,0,0.0,[],1,0,0,0,0,0
2026-08-18T18:30:00+00:00,1,Healthy,100,0,0,0,0,0,0,0,0,0,0,0.0,[],1,0,0,0,0,0
2026-08-18T18:45:00+00:00,1,Healthy,100,0,0,0,0,0,0,0,0,0,0,0.0,[],1,0,0,0,0,0
2026-08-18T19:00:00+00:00,1,Healthy,100,0,0,0,0,0,0,0,0,0,0,0.0,[],1,0,0,0,0,0
2026-08-18T19:15:00+00:00,1,Healthy,100,0,0,0,0,0,0,0,0,0,0,0.0,[],1,0,0,0,0,0
2026-08-18T19:30:00+00:00,1,Healthy,100,0,0,0,0,0,0,0,0,0,0,0.0,[],1,0,0,0,0,0
2026-08-18T19:45:00+00:00,1,Healthy,100,0,0,0,0,0,0,0,0,0,0,0.0,[],1,0,0,0,0,0
2026-08-18T20:00:00+00:00,1,Healthy,100,0,0,0,0,0,0,0,0,0,0,0.0,[],1,0,0,0,0,0
2026-08-18T20:15:00+00:00,1,Healthy,100,0,0,0,0,0,0,0,0,0,0,0.0,[],1,0,0,0,0,0
2026-08-18T20:30:00+00:00,1,Healthy,100,0,0,0,0,0,0,0,0,0,0,0.0,[],1,0,0,0,0,0
2026-08-18T20:45:00+00:00,1,Healthy,100,0,0,0,0,0,0,0,0,0,0,0.0,[],1,0,0,0,0,0
2026-08-18T21:00:00+00:00,1,Healthy,100,0,0,0,0,0,0,0,0,0,0,0.0,[],1,0,0,0,0,0
2026-08-18T21:15:00+00:00,1,Healthy,100,0,0,0,0,0,0,0,0,0,0,0.0,[],1,0,0,0,0,0
2026-08-18T21:30:00+00:00,1,Healthy,100,0,0,0,0,0,0,0,0,0,0,0.0,[],1,0,0,0,0,0
2026-08-18T21:45:00+00:00,1,Healthy,100,0,0,0,0,0,0,0,0,0,0,0.0,[],1,0,0,0,0,0
2026-08-18T22:00:00+00:00,1,Healthy,100,0,0,0,0,0,0,0,0,0,0,0.0,[],1,0,0,0,0,0
2026-08-18T22:15:00+00:00,1,Healthy,100,0,0,0,0,0,0,0,0,0,0,0.0,[],1,0,0,0,0,0
2026-08-18T22:30:00+00:00,1,Healthy,100,0,0,0,0,0,0,0,0,0,0,0.0,[],1,0,0,0,0,0
2026-08-18T22:45:00+00:00,1,Healthy,100,0,0,0,0,0,0,0,0,0,0,0.0,[],1,0,0,0,0,0
2026-08-18T23:00:00+00:00,1,Warning,98,0,0,0,1,0,0,0,0,1,0,0.0,"[{""type"":""jump"",""severity"":""warning"",""channel"":""pm25"",""timestamp"":""2026-08-18T23:00:00+00:00"",""evidence"":{""absolute_change"":4.949999999999999,""threshold"":4.339760000000024,""reference_differences"":532,""method"":""max(median+8*MAD, Q3+3*IQR, resolution)""},""message"":""pm25 changed by 4.95, above its causal robust threshold 4.34."",""alert_recommended"":true}]",1,1,0,0,0,0
2026-08-18T23:15:00+00:00,1,Healthy,100,0,0,0,0,0,0,0,0,0,0,0.0,[],1,0,0,0,0,0
2026-08-18T23:30:00+00:00,1,Healthy,100,0,0,0,0,0,0,0,0,0,0,0.0,[],1,0,0,0,0,0
2026-08-18T23:45:00+00:00,1,Healthy,100,0,0,0,0,0,0,0,0,0,0,0.0,[],1,0,0,0,0,0
2026-08-19T00:00:00+00:00,1,Healthy,100,0,0,0,0,0,0,0,0,0,0,0.0,[],1,0,0,0,0,0
2026-08-19T00:15:00+00:00,1,Healthy,100,0,0,0,0,0,0,0,0,0,0,0.0,[],1,0,0,0,0,0
2026-08-19T00:30:00+00:00,1,Healthy,100,0,0,0,0,0,0,0,0,0,0,0.0,[],1,0,0,0,0,0
2026-08-19T00:45:00+00:00,1,Healthy,100,0,0,0,0,0,0,0,0,0,0,0.0,[],1,0,0,0,0,0
2026-08-19T01:00:00+00:00,1,Healthy,100,0,0,0,0,0,0,0,0,0,0,0.0,[],1,0,0,0,0,0
2026-08-19T01:15:00+00:00,1,Healthy,100,0,0,0,0,0,0,0,0,0,0,0.0,[],1,0,0,0,0,0
2026-08-19T01:30:00+00:00,1,Healthy,100,0,0,0,0,0,0,0,0,0,0,0.0,[],1,0,0,0,0,0
2026-08-19T01:45:00+00:00,1,Healthy,100,0,0,0,0,0,0,0,0,0,0,0.0,[],1,0,0,0,0,0
2026-08-19T02:00:00+00:00,1,Healthy,100,0,0,0,0,0,0,0,0,0,0,0.0,[],1,0,0,0,0,0
2026-08-19T02:15:00+00:00,1,Healthy,100,0,0,0,0,0,0,0,0,0,0,0.0,[],1,0,0,0,0,0
2026-08-19T02:30:00+00:00,1,Healthy,100,0,0,0,0,0,0,0,0,0,0,0.0,[],1,0,0,0,0,0
2026-08-19T02:45:00+00:00,1,Healthy,100,0,0,0,0,0,0,0,0,0,0,0.0,[],1,0,0,0,0,0
2026-08-19T03:00:00+00:00,1,Healthy,100,0,0,0,0,0,0,0,0,0,0,0.0,[],1,0,0,0,0,0
2026-08-19T03:15:00+00:00,1,Healthy,100,0,0,0,0,0,0,0,0,0,0,0.0,[],1,0,0,0,0,0
2026-08-19T03:30:00+00:00,1,Healthy,100,0,0,0,0,0,0,0,0,0,0,0.0,[],1,0,0,0,0,0
2026-08-19T03:45:00+00:00,1,Healthy,100,0,0,0,0,0,0,0,0,0,0,0.0,[],1,0,0,0,0,0
2026-08-19T04:00:00+00:00,1,Healthy,100,0,0,0,0,0,0,0,0,0,0,0.0,[],1,0,0,0,0,0
2026-08-19T04:15:00+00:00,1,Healthy,100,0,0,0,0,0,0,0,0,0,0,0.0,[],1,0,0,0,0,0
2026-08-19T04:30:00+00:00,1,Healthy,100,0,0,0,0,0,0,0,0,0,0,0.0,[],1,0,0,0,0,0
2026-08-19T04:45:00+00:00,1,Healthy,100,0,0,0,0,0,0,0,0,0,0,0.0,[],1,0,0,0,0,0
2026-08-19T05:00:00+00:00,1,Healthy,100,0,0,0,0,0,0,0,0,0,0,0.0,[],1,0,0,0,0,0
2026-08-19T05:15:00+00:00,1,Healthy,100,0,0,0,0,0,0,0,0,0,0,0.0,[],1,0,0,0,0,0
2026-08-19T05:30:00+00:00,1,Healthy,100,0,0,0,0,0,0,0,0,0,0,0.0,[],1,0,0,0,0,0
2026-08-19T05:45:00+00:00,1,Healthy,100,0,0,0,0,0,0,0,0,0,0,0.0,[],1,0,0,0,0,0
2026-08-19T06:00:00+00:00,1,Healthy,100,0,0,0,0,0,0,0,0,0,0,0.0,[],1,0,0,0,0,0
2026-08-19T06:15:00+00:00,1,Healthy,100,0,0,0,0,0,0,0,0,0,0,0.0,[],1,0,0,0,0,0
2026-08-19T06:30:00+00:00,1,Healthy,100,0,0,0,0,0,0,0,0,0,0,0.0,[],1,0,0,0,0,0
2026-08-19T06:45:00+00:00,1,Healthy,100,0,0,0,0,0,0,0,0,0,0,0.0,[],1,0,0,0,0,0
2026-08-19T07:00:00+00:00,1,Healthy,100,0,0,0,0,0,0,0,0,0,0,0.0,[],1,0,0,0,0,0
2026-08-19T07:15:00+00:00,1,Healthy,100,0,0,0,0,0,0,0,0,0,0,0.0,[],1,0,0,0,0,0
2026-08-19T07:30:00+00:00,1,Healthy,100,0,0,0,0,0,0,0,0,0,0,0.0,[],1,0,0,0,0,0
2026-08-19T07:45:00+00:00,1,Healthy,100,0,0,0,0,0,0,0,0,0,0,0.0,[],1,0,0,0,0,0
2026-08-19T08:00:00+00:00,1,Healthy,100,0,0,0,0,0,0,0,0,0,0,0.0,[],1,0,0,0,0,0
2026-08-19T08:15:00+00:00,1,Healthy,100,0,0,0,0,0,0,0,0,0,0,0.0,[],1,0,0,0,0,0
2026-08-19T08:30:00+00:00,1,Healthy,100,0,0,0,0,0,0,0,0,0,0,0.0,[],1,0,0,0,0,0
2026-08-19T08:45:00+00:00,1,Healthy,100,0,0,0,0,0,0,0,0,0,0,0.0,[],1,0,0,0,0,0
2026-08-19T09:00:00+00:00,1,Healthy,100,0,0,0,0,0,0,0,0,0,0,0.0,[],1,0,0,0,0,0
2026-08-19T09:15:00+00:00,1,Healthy,100,0,0,0,0,0,0,0,0,0,0,0.0,[],1,0,0,0,0,0
2026-08-19T09:30:00+00:00,1,Healthy,100,0,0,0,0,0,0,0,0,0,0,0.0,[],1,0,0,0,0,0
2026-08-19T09:45:00+00:00,1,Healthy,100,0,0,0,0,0,0,0,0,0,0,0.0,[],1,0,0,0,0,0
2026-08-19T10:00:00+00:00,1,Healthy,100,0,0,0,0,0,0,0,0,0,0,0.0,[],1,0,0,0,0,0
2026-08-19T10:15:00+00:00,1,Healthy,100,0,0,0,0,0,0,0,0,0,0,0.0,[],1,0,0,0,0,0
2026-08-19T10:30:00+00:00,1,Healthy,100,0,0,0,0,0,0,0,0,0,0,0.0,[],1,0,0,0,0,0
2026-08-19T10:45:00+00:00,1,Healthy,100,0,0,0,0,0,0,0,0,0,0,0.0,[],1,0,0,0,0,0
2026-08-19T11:00:00+00:00,1,Healthy,100,0,0,0,0,0,0,0,0,0,0,0.0,[],1,0,0,0,0,0
2026-08-19T11:15:00+00:00,1,Healthy,100,0,0,0,0,0,0,0,0,0,0,0.0,[],1,0,0,0,0,0
2026-08-19T11:30:00+00:00,1,Healthy,100,0,0,0,0,0,0,0,0,0,0,0.0,[],1,0,0,0,0,0
2026-08-19T11:45:00+00:00,1,Healthy,100,0,0,0,0,0,0,0,0,0,0,0.0,[],1,0,0,0,0,0
2026-08-19T12:00:00+00:00,1,Healthy,100,0,0,0,0,0,0,0,0,0,0,0.0,[],1,0,0,0,0,0
2026-08-19T12:15:00+00:00,1,Healthy,100,0,0,0,0,0,0,0,0,0,0,0.0,[],1,0,0,0,0,0
2026-08-19T12:30:00+00:00,1,Healthy,100,0,0,0,0,0,0,0,0,0,0,0.0,[],1,0,0,0,0,0
2026-08-19T12:45:00+00:00,1,Healthy,100,0,0,0,0,0,0,0,0,0,0,0.0,[],1,0,0,0,0,0
2026-08-19T13:00:00+00:00,1,Healthy,100,0,0,0,0,0,0,0,0,0,0,0.0,[],1,0,0,0,0,0
2026-08-19T13:15:00+00:00,1,Healthy,100,0,0,0,0,0,0,0,0,0,0,0.0,[],1,0,0,0,0,0
2026-08-19T13:30:00+00:00,1,Healthy,100,0,0,0,0,0,0,0,0,0,0,0.0,[],1,0,0,0,0,0
2026-08-19T13:45:00+00:00,1,Healthy,100,0,0,0,0,0,0,0,0,0,0,0.0,[],1,0,0,0,0,0
2026-08-19T14:00:00+00:00,1,Healthy,100,0,0,0,0,0,0,0,0,0,0,0.0,[],1,0,0,0,0,0
2026-08-19T14:15:00+00:00,1,Healthy,100,0,0,0,0,0,0,0,0,0,0,0.0,[],1,0,0,0,0,0
2026-08-19T14:30:00+00:00,1,Healthy,100,0,0,0,0,0,0,0,0,0,0,0.0,[],1,0,0,0,0,0
2026-08-19T14:45:00+00:00,1,Healthy,100,0,0,0,0,0,0,0,0,0,0,0.0,[],1,0,0,0,0,0
2026-08-19T15:00:00+00:00,1,Warning,98,0,0,0,1,0,0,0,0,1,0,0.0,"[{""type"":""jump"",""severity"":""warning"",""channel"":""temperature"",""timestamp"":""2026-08-19T15:00:00+00:00"",""evidence"":{""absolute_change"":1.4299999999999997,""threshold"":1.336080000000019,""reference_differences"":597,""method"":""max(median+8*MAD, Q3+3*IQR, resolution)""},""message"":""temperature changed by 1.43, above its causal robust threshold 1.34."",""alert_recommended"":true}]",1,1,0,0,0,0
2026-08-19T15:15:00+00:00,1,Healthy,100,0,0,0,0,0,0,0,0,0,0,0.0,[],1,0,0,0,0,0
2026-08-19T15:30:00+00:00,1,Healthy,100,0,0,0,0,0,0,0,0,0,0,0.0,[],1,0,0,0,0,0
2026-08-19T15:45:00+00:00,1,Healthy,100,0,0,0,0,0,0,0,0,0,0,0.0,[],1,0,0,0,0,0
2026-08-19T16:00:00+00:00,1,Healthy,100,0,0,0,0,0,0,0,0,0,0,15.0,[],0,0,0,0,0,0
2026-08-19T16:15:00+00:00,1,Warning,95,0,1,0,0,0,0,0,0,1,0,0.0,"[{""type"":""sampling_gap"",""severity"":""warning"",""channel"":null,""timestamp"":""2026-08-19T16:15:00+00:00"",""evidence"":{""gap_minutes"":30.0,""missed_intervals"":1},""message"":""Sensor missed 1 expected reporting interval(s)."",""alert_recommended"":true}]",1,1,0,0,1,0
2026-08-19T16:30:00+00:00,1,Healthy,100,0,0,0,0,0,0,0,0,0,0,0.0,[],1,0,0,0,0,0
2026-08-19T16:45:00+00:00,1,Healthy,100,0,0,0,0,0,0,0,0,0,0,0.0,[],1,0,0,0,0,0
2026-08-19T17:00:00+00:00,1,Healthy,100,0,0,0,0,0,0,0,0,0,0,0.0,[],1,0,0,0,0,0
2026-08-19T17:15:00+00:00,1,Healthy,100,0,0,0,0,0,0,0,0,0,0,0.0,[],1,0,0,0,0,0
2026-08-19T17:30:00+00:00,1,Healthy,100,0,0,0,0,0,0,0,0,0,0,0.0,[],1,0,0,0,0,0
2026-08-19T17:45:00+00:00,1,Healthy,100,0,0,0,0,0,0,0,0,0,0,0.0,[],1,0,0,0,0,0
2026-08-19T18:00:00+00:00,1,Healthy,100,0,0,0,0,0,0,0,0,0,0,0.0,[],1,0,0,0,0,0
2026-08-19T18:15:00+00:00,1,Healthy,100,0,0,0,0,0,0,0,0,0,0,0.0,[],1,0,0,0,0,0
2026-08-19T18:30:00+00:00,1,Healthy,100,0,0,0,0,0,0,0,0,0,0,0.0,[],1,0,0,0,0,0
2026-08-19T18:45:00+00:00,1,Healthy,100,0,0,0,0,0,0,0,0,0,0,0.0,[],1,0,0,0,0,0
2026-08-19T19:00:00+00:00,1,Healthy,100,0,0,0,0,0,0,0,0,0,0,0.0,[],1,0,0,0,0,0
2026-08-19T19:15:00+00:00,1,Healthy,100,0,0,0,0,0,0,0,0,0,0,0.0,[],1,0,0,0,0,0
2026-08-19T19:30:00+00:00,1,Healthy,100,0,0,0,0,0,0,0,0,0,0,0.0,[],1,0,0,0,0,0
2026-08-19T19:45:00+00:00,1,Healthy,100,0,0,0,0,0,0,0,0,0,0,0.0,[],1,0,0,0,0,0
2026-08-19T20:00:00+00:00,1,Healthy,100,0,0,0,0,0,0,0,0,0,0,0.0,[],1,0,0,0,0,0
2026-08-19T20:15:00+00:00,1,Healthy,100,0,0,0,0,0,0,0,0,0,0,0.0,[],1,0,0,0,0,0
2026-08-19T20:30:00+00:00,1,Healthy,100,0,0,0,0,0,0,0,0,0,0,0.0,[],1,0,0,0,0,0
2026-08-19T20:45:00+00:00,1,Healthy,100,0,0,0,0,0,0,0,0,0,0,0.0,[],1,0,0,0,0,0
2026-08-19T21:00:00+00:00,1,Healthy,100,0,0,0,0,0,0,0,0,0,0,0.0,[],1,0,0,0,0,0
2026-08-19T21:15:00+00:00,1,Healthy,100,0,0,0,0,0,0,0,0,0,0,0.0,[],1,0,0,0,0,0
2026-08-19T21:30:00+00:00,1,Healthy,100,0,0,0,0,0,0,0,0,0,0,0.0,[],1,0,0,0,0,0
2026-08-19T21:45:00+00:00,1,Healthy,100,0,0,0,0,0,0,0,0,0,0,0.0,[],1,0,0,0,0,0
2026-08-19T22:00:00+00:00,1,Healthy,100,0,0,0,0,0,0,0,0,0,0,0.0,[],1,0,0,0,0,0
2026-08-19T22:15:00+00:00,1,Healthy,100,0,0,0,0,0,0,0,0,0,0,0.0,[],1,0,0,0,0,0
2026-08-19T22:30:00+00:00,1,Healthy,100,0,0,0,0,0,0,0,0,0,0,0.0,[],1,0,0,0,0,0
2026-08-19T22:45:00+00:00,1,Healthy,100,0,0,0,0,0,0,0,0,0,0,0.0,[],1,0,0,0,0,0
2026-08-19T23:00:00+00:00,1,Healthy,100,0,0,0,0,0,0,0,0,0,0,0.0,[],1,0,0,0,0,0
2026-08-19T23:15:00+00:00,1,Healthy,100,0,0,0,0,0,0,0,0,0,0,0.0,[],1,0,0,0,0,0
2026-08-19T23:30:00+00:00,1,Healthy,100,0,0,0,0,0,0,0,0,0,0,0.0,[],1,0,0,0,0,0
2026-08-19T23:45:00+00:00,1,Healthy,100,0,0,0,0,0,0,0,0,0,0,0.0,[],1,0,0,0,0,0
2026-08-20T00:00:00+00:00,1,Healthy,100,0,0,0,0,0,0,0,0,0,0,0.0,[],1,0,0,0,0,0
2026-08-20T00:15:00+00:00,1,Healthy,100,0,0,0,0,0,0,0,0,0,0,0.0,[],1,0,0,0,0,0
2026-08-20T00:30:00+00:00,1,Warning,98,0,0,0,1,0,0,0,0,1,0,0.0,"[{""type"":""jump"",""severity"":""warning"",""channel"":""pm25"",""timestamp"":""2026-08-20T00:30:00+00:00"",""evidence"":{""absolute_change"":34.72,""threshold"":5.467928000000007,""reference_differences"":32,""method"":""max(median+8*MAD, Q3+3*IQR, resolution)""},""message"":""pm25 changed by 34.72, above its causal robust threshold 5.47."",""alert_recommended"":true}]",1,1,0,0,0,0
2026-08-20T00:45:00+00:00,1,Warning,98,0,0,0,1,0,0,0,0,1,0,0.0,"[{""type"":""jump"",""severity"":""warning"",""channel"":""pm25"",""timestamp"":""2026-08-20T00:45:00+00:00"",""evidence"":{""absolute_change"":34.06,""threshold"":5.710144000000018,""reference_differences"":33,""method"":""max(median+8*MAD, Q3+3*IQR, resolution)""},""message"":""pm25 changed by 34.06, above its causal robust threshold 5.71."",""alert_recommended"":true}]",1,1,0,0,0,0
2026-08-20T01:00:00+00:00,1,Healthy,100,0,0,0,0,0,0,0,0,0,0,0.0,[],1,0,0,0,0,0
2026-08-20T01:15:00+00:00,1,Healthy,100,0,0,0,0,0,0,0,0,0,0,0.0,[],1,0,0,0,0,0
2026-08-20T01:30:00+00:00,1,Healthy,100,0,0,0,0,0,0,0,0,0,0,0.0,[],1,0,0,0,0,0
2026-08-20T01:45:00+00:00,1,Healthy,100,0,0,0,0,0,0,0,0,0,0,0.0,[],1,0,0,0,0,0
2026-08-20T02:00:00+00:00,1,Healthy,100,0,0,0,0,0,0,0,0,0,0,0.0,[],1,0,0,0,0,0
2026-08-20T02:15:00+00:00,1,Healthy,100,0,0,0,0,0,0,0,0,0,0,0.0,[],1,0,0,0,0,0
2026-08-20T02:30:00+00:00,1,Healthy,100,0,0,0,0,0,0,0,0,0,0,0.0,[],1,0,0,0,0,0
2026-08-20T02:45:00+00:00,1,Healthy,100,0,0,0,0,0,0,0,0,0,0,0.0,[],1,1,0,0,0,0
2026-08-20T03:00:00+00:00,1,Healthy,100,0,0,0,0,0,0,0,0,0,0,0.0,[],1,1,0,0,0,0
2026-08-20T03:15:00+00:00,1,Healthy,100,0,0,0,0,0,0,0,0,0,0,0.0,[],1,0,0,0,0,0
2026-08-20T03:30:00+00:00,1,Healthy,100,0,0,0,0,0,0,0,0,0,0,0.0,[],1,0,0,0,0,0
2026-08-20T03:45:00+00:00,1,Healthy,100,0,0,0,0,0,0,0,0,0,0,0.0,[],1,0,0,0,0,0
2026-08-20T04:00:00+00:00,1,Healthy,100,0,0,0,0,0,0,0,0,0,0,0.0,[],1,0,0,0,0,0
2026-08-20T04:15:00+00:00,1,Healthy,100,0,0,0,0,0,0,0,0,0,0,0.0,[],1,0,0,0,0,0
2026-08-20T04:30:00+00:00,1,Healthy,100,0,0,0,0,0,0,0,0,0,0,0.0,[],1,0,0,0,0,0
2026-08-20T04:45:00+00:00,1,Healthy,100,0,0,0,0,0,0,0,0,0,0,0.0,[],1,0,0,0,0,0
2026-08-20T05:00:00+00:00,1,Healthy,100,0,0,0,0,0,0,0,0,0,0,0.0,[],1,0,0,0,0,0
2026-08-20T05:15:00+00:00,1,Healthy,100,0,0,0,0,0,0,0,0,0,0,0.0,[],1,0,0,0,0,0
2026-08-20T05:30:00+00:00,1,Healthy,100,0,0,0,0,0,0,0,0,0,0,0.0,[],1,0,0,0,0,0
2026-08-20T05:45:00+00:00,1,Healthy,100,0,0,0,0,0,0,0,0,0,0,0.0,[],1,0,0,1,0,0
2026-08-20T06:00:00+00:00,1,Healthy,100,0,0,0,0,0,0,0,0,0,0,0.0,[],1,0,0,1,0,0
2026-08-20T06:15:00+00:00,1,Healthy,100,0,0,0,0,0,0,0,0,0,0,0.0,[],1,0,0,1,0,0
2026-08-20T06:30:00+00:00,1,Healthy,100,0,0,0,0,0,0,0,0,0,0,0.0,[],1,0,0,1,0,0
2026-08-20T06:45:00+00:00,1,Healthy,100,0,0,0,0,0,0,0,0,0,0,0.0,[],1,0,0,1,0,0
2026-08-20T07:00:00+00:00,1,Healthy,100,0,0,0,0,0,0,0,0,0,0,0.0,[],1,0,0,1,0,0
2026-08-20T07:15:00+00:00,1,Healthy,100,0,0,0,0,0,0,0,0,0,0,0.0,[],1,0,0,1,0,0
2026-08-20T07:30:00+00:00,1,Healthy,100,0,0,0,0,0,0,0,0,0,0,0.0,[],1,0,0,1,0,0
2026-08-20T07:45:00+00:00,1,Healthy,100,0,0,0,0,0,0,0,0,0,0,0.0,[],1,0,0,1,0,0
2026-08-20T08:00:00+00:00,1,Healthy,100,0,0,0,0,0,0,0,0,0,0,0.0,[],1,0,0,1,0,0
2026-08-20T08:15:00+00:00,1,Healthy,100,0,0,0,0,0,0,0,0,0,0,0.0,[],1,0,0,1,0,0
2026-08-20T08:30:00+00:00,1,Healthy,100,0,0,0,0,0,0,0,0,0,0,0.0,[],1,0,0,1,0,0
2026-08-20T08:45:00+00:00,1,Healthy,100,0,0,0,0,0,0,0,0,0,0,0.0,[],1,0,0,1,0,0
2026-08-20T09:00:00+00:00,1,Healthy,100,0,0,0,0,0,0,0,0,0,0,0.0,[],1,0,0,1,0,0
2026-08-20T09:15:00+00:00,1,Healthy,100,0,0,0,0,0,0,0,0,0,0,0.0,[],1,0,0,1,0,0
2026-08-20T09:30:00+00:00,1,Healthy,100,0,0,0,0,0,0,0,0,0,0,0.0,[],1,0,0,1,0,0
2026-08-20T09:45:00+00:00,1,Healthy,100,0,0,0,0,0,0,0,0,0,0,0.0,[],1,0,0,1,0,0
2026-08-20T10:00:00+00:00,1,Healthy,100,0,0,0,0,0,0,0,0,0,0,0.0,[],1,0,0,1,0,0
2026-08-20T10:15:00+00:00,1,Healthy,100,0,0,0,0,0,0,0,0,0,0,0.0,[],1,0,0,1,0,0
2026-08-20T10:30:00+00:00,1,Healthy,100,0,0,0,0,0,0,0,0,0,0,0.0,[],1,0,0,1,0,0
2026-08-20T10:45:00+00:00,1,Healthy,100,0,0,0,0,0,0,0,0,0,0,0.0,[],1,0,0,1,0,0
2026-08-20T11:00:00+00:00,1,Healthy,100,0,0,0,0,0,0,0,0,0,0,0.0,[],1,0,0,1,0,0
2026-08-20T11:15:00+00:00,1,Healthy,100,0,0,0,0,0,0,0,0,0,0,0.0,[],1,0,0,1,0,0
2026-08-20T11:30:00+00:00,1,Healthy,100,0,0,0,0,0,0,0,0,0,0,0.0,[],1,0,0,1,0,0
2026-08-20T11:45:00+00:00,1,Healthy,100,0,0,0,0,0,0,0,0,0,0,0.0,[],1,0,0,1,0,0
2026-08-20T12:00:00+00:00,1,Healthy,100,0,0,0,0,0,0,0,0,0,0,0.0,[],1,0,0,1,0,0
2026-08-20T12:15:00+00:00,1,Healthy,100,0,0,0,0,0,0,0,0,0,0,0.0,[],1,0,0,1,0,0
2026-08-20T12:30:00+00:00,1,Healthy,100,0,0,0,0,0,0,0,0,0,0,0.0,[],1,0,0,1,0,0
2026-08-20T12:45:00+00:00,1,Healthy,100,0,0,0,0,0,0,0,0,0,0,0.0,[],1,0,0,1,0,0
2026-08-20T13:00:00+00:00,1,Healthy,100,0,0,0,0,0,0,0,0,0,0,0.0,[],1,0,0,1,0,0
2026-08-20T13:15:00+00:00,1,Healthy,100,0,0,0,0,0,0,0,0,0,0,0.0,[],1,0,0,1,0,0
2026-08-20T13:30:00+00:00,1,Healthy,100,0,0,0,0,0,0,0,0,0,0,0.0,[],1,0,0,1,0,0
2026-08-20T13:45:00+00:00,1,Healthy,100,0,0,0,0,0,0,0,0,0,0,0.0,[],1,0,0,1,0,0
2026-08-20T14:00:00+00:00,1,Healthy,100,0,0,0,0,0,0,0,0,0,0,0.0,[],1,0,0,1,0,0
2026-08-20T14:15:00+00:00,1,Healthy,100,0,0,0,0,0,0,0,0,0,0,0.0,[],1,0,0,1,0,0
2026-08-20T14:30:00+00:00,1,Healthy,100,0,0,0,0,0,0,0,0,0,0,0.0,[],1,0,0,1,0,0
2026-08-20T14:45:00+00:00,1,Healthy,100,0,0,0,0,0,0,0,0,0,0,0.0,[],1,0,0,1,0,0
2026-08-20T15:00:00+00:00,1,Healthy,100,0,0,0,0,0,0,0,0,0,0,0.0,[],1,0,0,1,0,0
2026-08-20T15:15:00+00:00,1,Healthy,100,0,0,0,0,0,0,0,0,0,0,0.0,[],1,0,0,1,0,0
2026-08-20T15:30:00+00:00,1,Warning,98,0,0,0,1,0,0,0,0,1,0,0.0,"[{""type"":""jump"",""severity"":""warning"",""channel"":""pm25"",""timestamp"":""2026-08-20T15:30:00+00:00"",""evidence"":{""absolute_change"":6.449999999999999,""threshold"":4.512672000000009,""reference_differences"":92,""method"":""max(median+8*MAD, Q3+3*IQR, resolution)""},""message"":""pm25 changed by 6.45, above its causal robust threshold 4.51."",""alert_recommended"":true}]",1,1,0,1,0,0
2026-08-20T15:45:00+00:00,1,Healthy,100,0,0,0,0,0,0,0,0,0,0,0.0,[],1,0,0,1,0,0
2026-08-20T16:00:00+00:00,1,Warning,96,0,0,0,1,0,0,0,0,2,0,0.0,"[{""type"":""jump"",""severity"":""warning"",""channel"":""temperature"",""timestamp"":""2026-08-20T16:00:00+00:00"",""evidence"":{""absolute_change"":1.4599999999999973,""threshold"":1.1974720000000183,""reference_differences"":94,""method"":""max(median+8*MAD, Q3+3*IQR, resolution)""},""message"":""temperature changed by 1.46, above its causal robust threshold 1.20."",""alert_recommended"":true},{""type"":""jump"",""severity"":""warning"",""channel"":""humidity"",""timestamp"":""2026-08-20T16:00:00+00:00"",""evidence"":{""absolute_change"":3.6100000000000065,""threshold"":3.2565920000000235,""reference_differences"":94,""method"":""max(median+8*MAD, Q3+3*IQR, resolution)""},""message"":""humidity changed by 3.61, above its causal robust threshold 3.26."",""alert_recommended"":true}]",1,1,0,1,0,0
2026-08-20T16:15:00+00:00,1,Warning,96,0,0,0,1,0,0,0,0,2,0,0.0,"[{""type"":""jump"",""severity"":""warning"",""channel"":""temperature"",""timestamp"":""2026-08-20T16:15:00+00:00"",""evidence"":{""absolute_change"":1.4200000000000017,""threshold"":1.1974720000000394,""reference_differences"":95,""method"":""max(median+8*MAD, Q3+3*IQR, resolution)""},""message"":""temperature changed by 1.42, above its causal robust threshold 1.20."",""alert_recommended"":true},{""type"":""jump"",""severity"":""warning"",""channel"":""humidity"",""timestamp"":""2026-08-20T16:15:00+00:00"",""evidence"":{""absolute_change"":4.419999999999995,""threshold"":3.2565920000001114,""reference_differences"":95,""method"":""max(median+8*MAD, Q3+3*IQR, resolution)""},""message"":""humidity changed by 4.42, above its causal robust threshold 3.26."",""alert_recommended"":true}]",1,1,0,1,0,0
2026-08-20T16:30:00+00:00,1,Healthy,100,0,0,0,0,0,0,0,0,0,0,0.0,[],1,0,0,0,0,0
2026-08-20T16:45:00+00:00,1,Healthy,100,0,0,0,0,0,0,0,0,0,0,0.0,[],1,0,0,0,0,0
2026-08-20T17:00:00+00:00,1,Healthy,100,0,0,0,0,0,0,0,0,0,0,0.0,[],1,0,0,0,0,0
2026-08-20T17:15:00+00:00,1,Healthy,100,0,0,0,0,0,0,0,0,0,0,0.0,[],1,0,0,0,0,0
2026-08-20T17:30:00+00:00,1,Healthy,100,0,0,0,0,0,0,0,0,0,0,0.0,[],1,0,0,0,0,0
2026-08-20T17:45:00+00:00,1,Healthy,100,0,0,0,0,0,0,0,0,0,0,0.0,[],1,0,0,0,0,0
2026-08-20T18:00:00+00:00,1,Healthy,100,0,0,0,0,0,0,0,0,0,0,0.0,[],1,0,0,0,0,0
2026-08-20T18:15:00+00:00,1,Healthy,100,0,0,0,0,0,0,0,0,0,0,0.0,[],1,0,0,0,0,0
2026-08-20T18:30:00+00:00,1,Healthy,100,0,0,0,0,0,0,0,0,0,0,0.0,[],1,0,0,0,0,0
2026-08-20T18:45:00+00:00,1,Healthy,100,0,0,0,0,0,0,0,0,0,0,0.0,[],1,0,0,0,0,0
2026-08-20T19:00:00+00:00,1,Healthy,100,0,0,0,0,0,0,0,0,0,0,0.0,[],1,0,0,0,0,0
2026-08-20T19:15:00+00:00,1,Healthy,100,0,0,0,0,0,0,0,0,0,0,0.0,[],1,0,0,0,0,0
2026-08-20T19:30:00+00:00,1,Healthy,100,0,0,0,0,0,0,0,0,0,0,0.0,[],1,0,0,0,0,0
2026-08-20T19:45:00+00:00,1,Warning,98,0,0,0,1,0,0,0,0,1,0,0.0,"[{""type"":""jump"",""severity"":""warning"",""channel"":""pm25"",""timestamp"":""2026-08-20T19:45:00+00:00"",""evidence"":{""absolute_change"":8.370000000000001,""threshold"":5.551536,""reference_differences"":109,""method"":""max(median+8*MAD, Q3+3*IQR, resolution)""},""message"":""pm25 changed by 8.37, above its causal robust threshold 5.55."",""alert_recommended"":true}]",1,1,0,0,0,0
2026-08-20T20:00:00+00:00,1,Healthy,100,0,0,0,0,0,0,0,0,0,0,0.0,[],1,0,0,0,0,0
2026-08-20T20:15:00+00:00,1,Healthy,100,0,0,0,0,0,0,0,0,0,0,0.0,[],1,0,0,0,0,0
2026-08-20T20:30:00+00:00,1,Warning,98,0,0,0,1,0,0,0,0,1,0,0.0,"[{""type"":""jump"",""severity"":""warning"",""channel"":""pm25"",""timestamp"":""2026-08-20T20:30:00+00:00"",""evidence"":{""absolute_change"":12.34,""threshold"":5.680143999999985,""reference_differences"":112,""method"":""max(median+8*MAD, Q3+3*IQR, resolution)""},""message"":""pm25 changed by 12.34, above its causal robust threshold 5.68."",""alert_recommended"":true}]",1,1,0,0,0,0
2026-08-20T20:45:00+00:00,1,Healthy,100,0,0,0,0,0,0,0,0,0,0,0.0,[],1,0,0,0,0,0
2026-08-20T21:00:00+00:00,1,Healthy,100,0,0,0,0,0,0,0,0,0,0,0.0,[],1,0,0,0,0,0
2026-08-20T21:15:00+00:00,1,Healthy,100,0,0,0,0,0,0,0,0,0,0,0.0,[],1,0,0,0,0,0
2026-08-20T21:30:00+00:00,1,Healthy,100,0,0,0,0,0,0,0,0,0,0,0.0,[],1,0,0,0,0,0
2026-08-20T21:45:00+00:00,1,Healthy,100,0,0,0,0,0,0,0,0,0,0,0.0,[],1,0,0,0,0,0
2026-08-20T22:00:00+00:00,1,Healthy,100,0,0,0,0,0,0,0,0,0,0,0.0,[],1,0,0,0,0,0
2026-08-20T22:15:00+00:00,1,Healthy,100,0,0,0,0,0,0,0,0,0,0,0.0,[],1,0,0,0,0,0
2026-08-20T22:30:00+00:00,1,Healthy,100,0,0,0,0,0,0,0,0,0,0,0.0,[],1,0,0,0,0,0
2026-08-20T22:45:00+00:00,1,Healthy,100,0,0,0,0,0,0,0,0,0,0,0.0,[],1,0,0,0,0,0
2026-08-20T23:00:00+00:00,1,Healthy,100,0,0,0,0,0,0,0,0,0,0,0.0,[],1,0,0,0,0,0
2026-08-20T23:15:00+00:00,1,Healthy,100,0,0,0,0,0,0,0,0,0,0,0.0,[],1,0,0,0,0,0
2026-08-20T23:30:00+00:00,1,Healthy,100,0,0,0,0,0,0,0,0,0,0,0.0,[],1,0,0,0,0,0
2026-08-20T23:45:00+00:00,1,Healthy,100,0,0,0,0,0,0,0,0,0,0,0.0,[],1,0,0,0,0,0
2026-08-21T00:00:00+00:00,1,Healthy,100,0,0,0,0,0,0,0,0,0,0,0.0,[],1,0,0,0,0,0
2026-08-21T00:15:00+00:00,1,Healthy,100,0,0,0,0,0,0,0,0,0,0,0.0,[],1,0,0,0,0,0
2026-08-21T00:30:00+00:00,1,Healthy,100,0,0,0,0,0,0,0,0,0,0,0.0,[],1,0,0,0,0,0
2026-08-21T00:45:00+00:00,1,Healthy,100,0,0,0,0,0,0,0,0,0,0,0.0,[],1,0,0,0,0,0
2026-08-21T01:00:00+00:00,1,Healthy,100,0,0,0,0,0,0,0,0,0,0,0.0,[],1,0,0,0,0,0
2026-08-21T01:15:00+00:00,1,Healthy,100,0,0,0,0,0,0,0,0,0,0,0.0,[],1,0,0,0,0,0
2026-08-21T01:30:00+00:00,1,Healthy,100,0,0,0,0,0,0,0,0,0,0,0.0,[],1,0,0,0,0,0
2026-08-21T01:45:00+00:00,1,Healthy,100,0,0,0,0,0,0,0,0,0,0,0.0,[],1,0,0,0,0,0
2026-08-21T02:00:00+00:00,1,Healthy,100,0,0,0,0,0,0,0,0,0,0,0.0,[],1,0,0,0,0,0
2026-08-21T02:15:00+00:00,1,Healthy,100,0,0,0,0,0,0,0,0,0,0,0.0,[],1,0,0,0,0,0
2026-08-21T02:30:00+00:00,1,Healthy,100,0,0,0,0,0,0,0,0,0,0,0.0,[],1,0,0,0,0,0
2026-08-21T02:45:00+00:00,1,Healthy,100,0,0,0,0,0,0,0,0,0,0,0.0,[],1,0,0,0,0,0
2026-08-21T03:00:00+00:00,1,Healthy,100,0,0,0,0,0,0,0,0,0,0,0.0,[],1,0,0,0,0,0
2026-08-21T03:15:00+00:00,1,Warning,98,0,0,0,1,0,0,0,0,1,0,0.0,"[{""type"":""jump"",""severity"":""warning"",""channel"":""pm25"",""timestamp"":""2026-08-21T03:15:00+00:00"",""evidence"":{""absolute_change"":5.010000000000002,""threshold"":4.50267200000002,""reference_differences"":139,""method"":""max(median+8*MAD, Q3+3*IQR, resolution)""},""message"":""pm25 changed by 5.01, above its causal robust threshold 4.50."",""alert_recommended"":true}]",1,1,0,0,0,0
2026-08-21T03:30:00+00:00,1,Healthy,100,0,0,0,0,0,0,0,0,0,0,0.0,[],1,0,0,0,0,0
2026-08-21T03:45:00+00:00,1,Healthy,100,0,0,0,0,0,0,0,0,0,0,0.0,[],1,0,0,0,0,0
2026-08-21T04:00:00+00:00,1,Healthy,100,0,0,0,0,0,0,0,0,0,0,0.0,[],1,0,0,0,0,0
2026-08-21T04:15:00+00:00,1,Healthy,100,0,0,0,0,0,0,0,0,0,0,0.0,[],1,0,0,0,0,0
2026-08-21T04:30:00+00:00,1,Healthy,100,0,0,0,0,0,0,0,0,0,0,0.0,[],1,0,0,0,0,0
2026-08-21T04:45:00+00:00,1,Healthy,100,0,0,0,0,0,0,0,0,0,0,0.0,[],1,0,0,0,0,0
2026-08-21T05:00:00+00:00,1,Healthy,100,0,0,0,0,0,0,0,0,0,0,0.0,[],1,0,0,0,0,0
2026-08-21T05:15:00+00:00,1,Healthy,100,0,0,0,0,0,0,0,0,0,0,0.0,[],1,0,0,0,0,0
2026-08-21T05:30:00+00:00,1,Healthy,100,0,0,0,0,0,0,0,0,0,0,0.0,[],1,0,0,0,0,0
2026-08-21T05:45:00+00:00,1,Healthy,100,0,0,0,0,0,0,0,0,0,0,0.0,[],1,0,0,0,0,0
2026-08-21T06:00:00+00:00,1,Healthy,100,0,0,0,0,0,0,0,0,0,0,0.0,[],1,0,0,0,0,0
2026-08-21T06:15:00+00:00,1,Healthy,100,0,0,0,0,0,0,0,0,0,0,0.0,[],1,0,0,0,0,0
2026-08-21T06:30:00+00:00,1,Healthy,100,0,0,0,0,0,0,0,0,0,0,0.0,[],1,0,0,0,0,0
2026-08-21T06:45:00+00:00,1,Healthy,100,0,0,0,0,0,0,0,0,0,0,0.0,[],1,0,0,0,0,0
2026-08-21T07:00:00+00:00,1,Healthy,100,0,0,0,0,0,0,0,0,0,0,0.0,[],1,0,0,0,0,0
2026-08-21T07:15:00+00:00,1,Healthy,100,0,0,0,0,0,0,0,0,0,0,0.0,[],1,0,0,0,0,0
2026-08-21T07:30:00+00:00,1,Healthy,100,0,0,0,0,0,0,0,0,0,0,0.0,[],1,0,0,0,0,0
2026-08-21T07:45:00+00:00,1,Healthy,100,0,0,0,0,0,0,0,0,0,0,0.0,[],1,0,0,0,0,0
2026-08-21T08:00:00+00:00,1,Healthy,100,0,0,0,0,0,0,0,0,0,0,0.0,[],1,0,0,0,0,0
2026-08-21T08:15:00+00:00,1,Healthy,100,0,0,0,0,0,0,0,0,0,0,0.0,[],1,0,0,0,0,0
2026-08-21T08:30:00+00:00,1,Warning,98,0,0,0,1,0,0,0,0,1,0,0.0,"[{""type"":""jump"",""severity"":""warning"",""channel"":""temperature"",""timestamp"":""2026-08-21T08:30:00+00:00"",""evidence"":{""absolute_change"":1.2300000000000004,""threshold"":1.1974719999999972,""reference_differences"":160,""method"":""max(median+8*MAD, Q3+3*IQR, resolution)""},""message"":""temperature changed by 1.23, above its causal robust threshold 1.20."",""alert_recommended"":true}]",1,0,0,0,0,0
2026-08-21T08:45:00+00:00,1,Healthy,100,0,0,0,0,0,0,0,0,0,0,0.0,[],1,0,0,0,0,0
2026-08-21T09:00:00+00:00,1,Healthy,100,0,0,0,0,0,0,0,0,0,0,0.0,[],1,0,0,0,0,0
2026-08-21T09:15:00+00:00,1,Healthy,100,0,0,0,0,0,0,0,0,0,0,0.0,[],1,0,0,0,0,0
2026-08-21T09:30:00+00:00,1,Warning,98,0,0,0,1,0,0,0,0,1,0,0.0,"[{""type"":""jump"",""severity"":""warning"",""channel"":""o3"",""timestamp"":""2026-08-21T09:30:00+00:00"",""evidence"":{""absolute_change"":15.909999999999997,""threshold"":15.609224000000054,""reference_differences"":164,""method"":""max(median+8*MAD, Q3+3*IQR, resolution)""},""message"":""o3 changed by 15.91, above its causal robust threshold 15.61."",""alert_recommended"":true}]",1,0,0,0,0,0
2026-08-21T09:45:00+00:00,1,Healthy,100,0,0,0,0,0,0,0,0,0,0,0.0,[],1,0,0,0,0,0
2026-08-21T10:00:00+00:00,1,Healthy,100,0,0,0,0,0,0,0,0,0,0,0.0,[],1,0,0,0,0,0
2026-08-21T10:15:00+00:00,1,Healthy,100,0,0,0,0,0,0,0,0,0,0,0.0,[],1,0,0,0,0,0
2026-08-21T10:30:00+00:00,1,Healthy,100,0,0,0,0,0,0,0,0,0,0,0.0,[],1,0,0,0,0,0
2026-08-21T10:45:00+00:00,1,Healthy,100,0,0,0,0,0,0,0,0,0,0,0.0,[],1,0,0,0,0,0
2026-08-21T11:00:00+00:00,1,Healthy,100,0,0,0,0,0,0,0,0,0,0,0.0,[],1,0,0,0,0,0
2026-08-21T11:15:00+00:00,1,Healthy,100,0,0,0,0,0,0,0,0,0,0,0.0,[],1,0,0,0,0,0
2026-08-21T11:30:00+00:00,1,Healthy,100,0,0,0,0,0,0,0,0,0,0,0.0,[],1,0,0,0,0,0
2026-08-21T11:45:00+00:00,1,Healthy,100,0,0,0,0,0,0,0,0,0,0,0.0,[],1,0,0,0,0,0
2026-08-21T12:00:00+00:00,1,Healthy,100,0,0,0,0,0,0,0,0,0,0,0.0,[],1,0,0,0,0,0
2026-08-21T12:15:00+00:00,1,Healthy,100,0,0,0,0,0,0,0,0,0,0,0.0,[],1,0,0,0,0,0
2026-08-21T12:30:00+00:00,1,Healthy,100,0,0,0,0,0,0,0,0,0,0,0.0,[],1,0,0,0,0,0
2026-08-21T12:45:00+00:00,1,Healthy,100,0,0,0,0,0,0,0,0,0,0,0.0,[],1,0,0,0,0,0
2026-08-21T13:00:00+00:00,1,Healthy,100,0,0,0,0,0,0,0,0,0,0,0.0,[],1,0,0,0,0,0
2026-08-21T13:15:00+00:00,1,Healthy,100,0,0,0,0,0,0,0,0,0,0,0.0,[],1,0,0,0,0,0
2026-08-21T13:30:00+00:00,1,Healthy,100,0,0,0,0,0,0,0,0,0,0,0.0,[],1,0,0,0,0,0
2026-08-21T13:45:00+00:00,1,Healthy,100,0,0,0,0,0,0,0,0,0,0,0.0,[],1,0,0,0,0,0
2026-08-21T14:00:00+00:00,1,Healthy,100,0,0,0,0,0,0,0,0,0,0,0.0,[],1,0,0,0,0,0
2026-08-21T14:15:00+00:00,1,Healthy,100,0,0,0,0,0,0,0,0,0,0,0.0,[],1,0,0,0,0,0
2026-08-21T14:30:00+00:00,1,Healthy,100,0,0,0,0,0,0,0,0,0,0,0.0,[],1,0,0,0,0,0
2026-08-21T14:45:00+00:00,1,Healthy,100,0,0,0,0,0,0,0,0,0,0,0.0,[],1,0,0,0,0,0
2026-08-21T15:00:00+00:00,1,Healthy,100,0,0,0,0,0,0,0,0,0,0,0.0,[],1,0,0,0,0,0
2026-08-21T15:15:00+00:00,1,Healthy,100,0,0,0,0,0,0,0,0,0,0,15.0,[],0,0,0,0,0,0
2026-08-21T15:30:00+00:00,1,Warning,95,0,1,0,0,0,0,0,0,1,0,0.0,"[{""type"":""sampling_gap"",""severity"":""warning"",""channel"":null,""timestamp"":""2026-08-21T15:30:00+00:00"",""evidence"":{""gap_minutes"":30.0,""missed_intervals"":1},""message"":""Sensor missed 1 expected reporting interval(s)."",""alert_recommended"":true}]",1,0,0,0,1,0
2026-08-21T15:45:00+00:00,1,Healthy,100,0,0,0,0,0,0,0,0,0,0,0.0,[],1,0,0,0,0,0
2026-08-21T16:00:00+00:00,1,Healthy,100,0,0,0,0,0,0,0,0,0,0,0.0,[],1,1,0,0,0,0
2026-08-21T16:15:00+00:00,1,Healthy,100,0,0,0,0,0,0,0,0,0,0,0.0,[],1,1,0,0,0,0
2026-08-21T16:30:00+00:00,1,Healthy,100,0,0,0,0,0,0,0,0,0,0,0.0,[],1,0,0,0,0,0
2026-08-21T16:45:00+00:00,1,Healthy,100,0,0,0,0,0,0,0,0,0,0,0.0,[],1,0,0,0,0,0
2026-08-21T17:00:00+00:00,1,Healthy,100,0,0,0,0,0,0,0,0,0,0,0.0,[],1,0,0,0,0,0
2026-08-21T17:15:00+00:00,1,Healthy,100,0,0,0,0,0,0,0,0,0,0,0.0,[],1,0,0,0,0,0
2026-08-21T17:30:00+00:00,1,Healthy,100,0,0,0,0,0,0,0,0,0,0,0.0,[],1,0,0,0,0,0
2026-08-21T17:45:00+00:00,1,Healthy,100,0,0,0,0,0,0,0,0,0,0,0.0,[],1,0,0,0,0,0
2026-08-21T18:00:00+00:00,1,Healthy,100,0,0,0,0,0,0,0,0,0,0,0.0,[],1,0,0,0,0,0
2026-08-21T18:15:00+00:00,1,Healthy,100,0,0,0,0,0,0,0,0,0,0,0.0,[],1,0,0,0,0,0
2026-08-21T18:30:00+00:00,1,Healthy,100,0,0,0,0,0,0,0,0,0,0,0.0,[],1,0,0,0,0,0
2026-08-21T18:45:00+00:00,1,Healthy,100,0,0,0,0,0,0,0,0,0,0,0.0,[],1,0,0,0,0,0
2026-08-21T19:00:00+00:00,1,Healthy,100,0,0,0,0,0,0,0,0,0,0,0.0,[],1,0,0,0,0,0
2026-08-21T19:15:00+00:00,1,Healthy,100,0,0,0,0,0,0,0,0,0,0,0.0,[],1,0,0,0,0,0
2026-08-21T19:30:00+00:00,1,Healthy,100,0,0,0,0,0,0,0,0,0,0,0.0,[],1,0,0,0,0,0
2026-08-21T19:45:00+00:00,1,Healthy,100,0,0,0,0,0,0,0,0,0,0,0.0,[],1,0,0,0,0,0
2026-08-21T20:00:00+00:00,1,Healthy,100,0,0,0,0,0,0,0,0,0,0,0.0,[],1,0,0,0,0,0
2026-08-21T20:15:00+00:00,1,Healthy,100,0,0,0,0,0,0,0,0,0,0,0.0,[],1,0,0,0,0,0
2026-08-21T20:30:00+00:00,1,Healthy,100,0,0,0,0,0,0,0,0,0,0,0.0,[],1,0,0,0,0,0
2026-08-21T20:45:00+00:00,1,Healthy,100,0,0,0,0,0,0,0,0,0,0,0.0,[],1,0,0,0,0,0
2026-08-21T21:00:00+00:00,1,Healthy,100,0,0,0,0,0,0,0,0,0,0,0.0,[],1,0,0,0,0,0
2026-08-21T21:15:00+00:00,1,Healthy,100,0,0,0,0,0,0,0,0,0,0,0.0,[],1,0,0,0,0,0
2026-08-21T21:30:00+00:00,1,Healthy,100,0,0,0,0,0,0,0,0,0,0,0.0,[],1,0,0,0,0,0
2026-08-21T21:45:00+00:00,1,Healthy,100,0,0,0,0,0,0,0,0,0,0,0.0,[],1,0,0,0,0,0
2026-08-21T22:00:00+00:00,1,Healthy,100,0,0,0,0,0,0,0,0,0,0,0.0,[],1,0,0,0,0,0
2026-08-21T22:15:00+00:00,1,Healthy,100,0,0,0,0,0,0,0,0,0,0,0.0,[],1,0,0,0,0,0
2026-08-21T22:30:00+00:00,1,Healthy,100,0,0,0,0,0,0,0,0,0,0,0.0,[],1,0,0,0,0,0
2026-08-21T22:45:00+00:00,1,Healthy,100,0,0,0,0,0,0,0,0,0,0,0.0,[],1,0,0,0,0,0
2026-08-21T23:00:00+00:00,1,Healthy,100,0,0,0,0,0,0,0,0,0,0,0.0,[],1,0,0,0,0,0
2026-08-21T23:15:00+00:00,1,Healthy,100,0,0,0,0,0,0,0,0,0,0,0.0,[],1,0,0,0,0,0
2026-08-21T23:30:00+00:00,1,Healthy,100,0,0,0,0,0,0,0,0,0,0,0.0,[],1,0,0,0,0,0
2026-08-21T23:45:00+00:00,1,Healthy,100,0,0,0,0,0,0,0,0,0,0,0.0,[],1,0,0,0,0,0
2026-08-22T00:00:00+00:00,1,Healthy,100,0,0,0,0,0,0,0,0,0,0,0.0,[],1,0,0,0,0,0
2026-08-22T00:15:00+00:00,1,Healthy,100,0,0,0,0,0,0,0,0,0,0,0.0,[],1,0,0,0,0,0
2026-08-22T00:30:00+00:00,1,Healthy,100,0,0,0,0,0,0,0,0,0,0,0.0,[],1,0,0,0,0,0
2026-08-22T00:45:00+00:00,1,Healthy,100,0,0,0,0,0,0,0,0,0,0,0.0,[],1,0,0,0,0,0
2026-08-22T01:00:00+00:00,1,Healthy,100,0,0,0,0,0,0,0,0,0,0,0.0,[],1,0,0,0,0,0
2026-08-22T01:15:00+00:00,1,Healthy,100,0,0,0,0,0,0,0,0,0,0,0.0,[],1,0,0,0,0,0
2026-08-22T01:30:00+00:00,1,Healthy,100,0,0,0,0,0,0,0,0,0,0,0.0,[],1,0,0,0,0,0
2026-08-22T01:45:00+00:00,1,Healthy,100,0,0,0,0,0,0,0,0,0,0,0.0,[],1,0,0,0,0,0
2026-08-22T02:00:00+00:00,1,Healthy,100,0,0,0,0,0,0,0,0,0,0,0.0,[],1,0,0,0,0,0
2026-08-22T02:15:00+00:00,1,Healthy,100,0,0,0,0,0,0,0,0,0,0,0.0,[],1,0,0,0,0,0
2026-08-22T02:30:00+00:00,1,Healthy,100,0,0,0,0,0,0,0,0,0,0,0.0,[],1,0,0,0,0,0
2026-08-22T02:45:00+00:00,1,Healthy,100,0,0,0,0,0,0,0,0,0,0,0.0,[],1,0,0,0,0,0
2026-08-22T03:00:00+00:00,1,Healthy,100,0,0,0,0,0,0,0,0,0,0,0.0,[],1,0,0,0,0,0
2026-08-22T03:15:00+00:00,1,Healthy,100,0,0,0,0,0,0,0,0,0,0,0.0,[],1,0,0,0,0,0
2026-08-22T03:30:00+00:00,1,Healthy,100,0,0,0,0,0,0,0,0,0,0,0.0,[],1,0,0,0,0,0
2026-08-22T03:45:00+00:00,1,Healthy,100,0,0,0,0,0,0,0,0,0,0,0.0,[],1,0,0,0,0,0
2026-08-22T04:00:00+00:00,1,Healthy,100,0,0,0,0,0,0,0,0,0,0,0.0,[],1,0,0,0,0,0
2026-08-22T04:15:00+00:00,1,Healthy,100,0,0,0,0,0,0,0,0,0,0,0.0,[],1,0,0,0,0,0
2026-08-22T04:30:00+00:00,1,Healthy,100,0,0,0,0,0,0,0,0,0,0,0.0,[],1,0,0,0,0,0
2026-08-22T04:45:00+00:00,1,Healthy,100,0,0,0,0,0,0,0,0,0,0,0.0,[],1,0,0,0,0,0
2026-08-22T05:00:00+00:00,1,Warning,98,0,0,0,1,0,0,0,0,1,0,0.0,"[{""type"":""jump"",""severity"":""warning"",""channel"":""o3"",""timestamp"":""2026-08-22T05:00:00+00:00"",""evidence"":{""absolute_change"":15.160000000000004,""threshold"":8.88091199999992,""reference_differences"":53,""method"":""max(median+8*MAD, Q3+3*IQR, resolution)""},""message"":""o3 changed by 15.16, above its causal robust threshold 8.88."",""alert_recommended"":true}]",1,0,0,0,0,0
2026-08-22T05:15:00+00:00,1,Healthy,100,0,0,0,0,0,0,0,0,0,0,0.0,[],1,0,0,0,0,0
2026-08-22T05:30:00+00:00,1,Healthy,100,0,0,0,0,0,0,0,0,0,0,0.0,[],1,0,0,0,0,0
2026-08-22T05:45:00+00:00,1,Warning,98,0,0,0,1,0,0,0,0,1,0,0.0,"[{""type"":""jump"",""severity"":""warning"",""channel"":""pm25"",""timestamp"":""2026-08-22T05:45:00+00:00"",""evidence"":{""absolute_change"":6.199999999999999,""threshold"":4.61267200000001,""reference_differences"":56,""method"":""max(median+8*MAD, Q3+3*IQR, resolution)""},""message"":""pm25 changed by 6.2, above its causal robust threshold 4.61."",""alert_recommended"":true}]",1,1,0,0,0,0
2026-08-22T06:00:00+00:00,1,Healthy,100,0,0,0,0,0,0,0,0,0,0,0.0,[],1,0,0,0,0,0
2026-08-22T06:15:00+00:00,1,Healthy,100,0,0,0,0,0,0,0,0,0,0,0.0,[],1,0,0,0,0,0
2026-08-22T06:30:00+00:00,1,Healthy,100,0,0,0,0,0,0,0,0,0,0,0.0,[],1,0,0,0,0,0
2026-08-22T06:45:00+00:00,1,Healthy,100,0,0,0,0,0,0,0,0,0,0,0.0,[],1,1,0,0,0,0
2026-08-22T07:00:00+00:00,1,Healthy,100,0,0,0,0,0,0,0,0,0,0,0.0,[],1,0,0,0,0,0
2026-08-22T07:15:00+00:00,1,Healthy,100,0,0,0,0,0,0,0,0,0,0,0.0,[],1,0,0,0,0,0
2026-08-22T07:30:00+00:00,1,Healthy,100,0,0,0,0,0,0,0,0,0,0,0.0,[],1,0,0,0,0,0
2026-08-22T07:45:00+00:00,1,Healthy,100,0,0,0,0,0,0,0,0,0,0,0.0,[],1,0,0,0,0,0
2026-08-22T08:00:00+00:00,1,Healthy,100,0,0,0,0,0,0,0,0,0,0,0.0,[],1,0,0,0,0,0
2026-08-22T08:15:00+00:00,1,Healthy,100,0,0,0,0,0,0,0,0,0,0,0.0,[],1,0,0,0,0,0
2026-08-22T08:30:00+00:00,1,Healthy,100,0,0,0,0,0,0,0,0,0,0,0.0,[],1,0,0,0,0,0
2026-08-22T08:45:00+00:00,1,Healthy,100,0,0,0,0,0,0,0,0,0,0,0.0,[],1,0,0,0,0,0
2026-08-22T09:00:00+00:00,1,Healthy,100,0,0,0,0,0,0,0,0,0,0,0.0,[],1,0,0,0,0,0
2026-08-22T09:15:00+00:00,1,Healthy,100,0,0,0,0,0,0,0,0,0,0,0.0,[],1,0,0,0,0,0
2026-08-22T09:30:00+00:00,1,Healthy,100,0,0,0,0,0,0,0,0,0,0,0.0,[],1,0,0,0,0,0
2026-08-22T09:45:00+00:00,1,Healthy,100,0,0,0,0,0,0,0,0,0,0,0.0,[],1,0,0,0,0,0
2026-08-22T10:00:00+00:00,1,Healthy,100,0,0,0,0,0,0,0,0,0,0,0.0,[],1,0,0,0,0,0
2026-08-22T10:15:00+00:00,1,Healthy,100,0,0,0,0,0,0,0,0,0,0,0.0,[],1,0,0,0,0,0
2026-08-22T10:30:00+00:00,1,Healthy,100,0,0,0,0,0,0,0,0,0,0,0.0,[],1,0,0,0,0,0
2026-08-22T10:45:00+00:00,1,Healthy,100,0,0,0,0,0,0,0,0,0,0,0.0,[],1,0,0,0,0,0
2026-08-22T11:00:00+00:00,1,Healthy,100,0,0,0,0,0,0,0,0,0,0,0.0,[],1,0,0,0,0,0
2026-08-22T11:15:00+00:00,1,Healthy,100,0,0,0,0,0,0,0,0,0,0,0.0,[],1,0,0,0,0,0
2026-08-22T11:30:00+00:00,1,Healthy,100,0,0,0,0,0,0,0,0,0,0,0.0,[],1,0,0,0,0,0
2026-08-22T11:45:00+00:00,1,Healthy,100,0,0,0,0,0,0,0,0,0,0,0.0,[],1,0,0,0,0,0
2026-08-22T12:00:00+00:00,1,Healthy,100,0,0,0,0,0,0,0,0,0,0,0.0,[],1,0,0,0,0,0
2026-08-22T12:15:00+00:00,1,Healthy,100,0,0,0,0,0,0,0,0,0,0,0.0,[],1,0,0,0,0,0
2026-08-22T12:30:00+00:00,1,Healthy,100,0,0,0,0,0,0,0,0,0,0,0.0,[],1,0,0,0,0,0
2026-08-22T12:45:00+00:00,1,Healthy,100,0,0,0,0,0,0,0,0,0,0,0.0,[],1,0,0,0,0,0
2026-08-22T13:00:00+00:00,1,Healthy,100,0,0,0,0,0,0,0,0,0,0,0.0,[],1,0,0,0,0,0
2026-08-22T13:15:00+00:00,1,Healthy,100,0,0,0,0,0,0,0,0,0,0,0.0,[],1,0,0,0,0,0
2026-08-22T13:30:00+00:00,1,Healthy,100,0,0,0,0,0,0,0,0,0,0,0.0,[],1,0,0,0,0,0
2026-08-22T13:45:00+00:00,1,Healthy,100,0,0,0,0,0,0,0,0,0,0,0.0,[],1,0,0,0,0,0
2026-08-22T14:00:00+00:00,1,Healthy,100,0,0,0,0,0,0,0,0,0,0,0.0,[],1,0,0,0,0,0
2026-08-22T14:15:00+00:00,1,Healthy,100,0,0,0,0,0,0,0,0,0,0,0.0,[],1,0,0,0,0,0
2026-08-22T14:30:00+00:00,1,Healthy,100,0,0,0,0,0,0,0,0,0,0,0.0,[],1,0,0,0,0,0
2026-08-22T14:45:00+00:00,1,Healthy,100,0,0,0,0,0,0,0,0,0,0,0.0,[],1,0,0,0,0,0
2026-08-22T15:00:00+00:00,1,Healthy,100,0,0,0,0,0,0,0,0,0,0,0.0,[],1,0,0,0,0,0
2026-08-22T15:15:00+00:00,1,Healthy,100,0,0,0,0,0,0,0,0,0,0,0.0,[],1,0,0,0,0,0
2026-08-22T15:30:00+00:00,1,Healthy,100,0,0,0,0,0,0,0,0,0,0,0.0,[],1,0,0,0,0,0
2026-08-22T15:45:00+00:00,1,Healthy,100,0,0,0,0,0,0,0,0,0,0,0.0,[],1,0,0,0,0,0
2026-08-22T16:00:00+00:00,1,Warning,98,0,0,0,1,0,0,0,0,1,0,0.0,"[{""type"":""jump"",""severity"":""warning"",""channel"":""temperature"",""timestamp"":""2026-08-22T16:00:00+00:00"",""evidence"":{""absolute_change"":1.8300000000000018,""threshold"":1.3160799999999737,""reference_differences"":97,""method"":""max(median+8*MAD, Q3+3*IQR, resolution)""},""message"":""temperature changed by 1.83, above its causal robust threshold 1.32."",""alert_recommended"":true}]",1,1,0,0,0,0
2026-08-22T16:15:00+00:00,1,Healthy,100,0,0,0,0,0,0,0,0,0,0,0.0,[],1,0,0,0,0,0
2026-08-22T16:30:00+00:00,1,Healthy,100,0,0,0,0,0,0,0,0,0,0,0.0,[],1,0,0,0,0,0
2026-08-22T16:45:00+00:00,1,Healthy,100,0,0,0,0,0,0,0,0,0,0,0.0,[],1,0,0,0,0,0
2026-08-22T17:00:00+00:00,1,Healthy,100,0,0,0,0,0,0,0,0,0,0,0.0,[],1,0,0,0,0,0
2026-08-22T17:15:00+00:00,1,Healthy,100,0,0,0,0,0,0,0,0,0,0,0.0,[],1,0,0,0,0,0
2026-08-22T17:30:00+00:00,1,Healthy,100,0,0,0,0,0,0,0,0,0,0,0.0,[],1,0,0,0,0,0
2026-08-22T17:45:00+00:00,1,Healthy,100,0,0,0,0,0,0,0,0,0,0,0.0,[],1,0,0,0,0,0
2026-08-22T18:00:00+00:00,1,Healthy,100,0,0,0,0,0,0,0,0,0,0,0.0,[],1,0,0,0,0,0
2026-08-22T18:15:00+00:00,1,Healthy,100,0,0,0,0,0,0,0,0,0,0,0.0,[],1,0,0,0,0,0
2026-08-22T18:30:00+00:00,1,Healthy,100,0,0,0,0,0,0,0,0,0,0,0.0,[],1,0,0,0,0,0
2026-08-22T18:45:00+00:00,1,Healthy,100,0,0,0,0,0,0,0,0,0,0,0.0,[],1,0,0,0,0,0
2026-08-22T19:00:00+00:00,1,Healthy,100,0,0,0,0,0,0,0,0,0,0,0.0,[],1,0,0,0,0,0
2026-08-22T19:15:00+00:00,1,Healthy,100,0,0,0,0,0,0,0,0,0,0,0.0,[],1,0,0,0,0,0
2026-08-22T19:30:00+00:00,1,Healthy,100,0,0,0,0,0,0,0,0,0,0,0.0,[],1,0,0,0,0,0
2026-08-22T19:45:00+00:00,1,Healthy,100,0,0,0,0,0,0,0,0,0,0,0.0,[],1,0,0,0,0,0
2026-08-22T20:00:00+00:00,1,Healthy,100,0,0,0,0,0,0,0,0,0,0,0.0,[],1,0,0,0,0,0
2026-08-22T20:15:00+00:00,1,Healthy,100,0,0,0,0,0,0,0,0,0,0,0.0,[],1,0,0,0,0,0
2026-08-22T20:30:00+00:00,1,Healthy,100,0,0,0,0,0,0,0,0,0,0,0.0,[],1,0,0,0,0,0
2026-08-22T20:45:00+00:00,1,Healthy,100,0,0,0,0,0,0,0,0,0,0,0.0,[],1,0,0,0,0,0
2026-08-22T21:00:00+00:00,1,Healthy,100,0,0,0,0,0,0,0,0,0,0,0.0,[],1,0,0,0,0,0
2026-08-22T21:15:00+00:00,1,Healthy,100,0,0,0,0,0,0,0,0,0,0,0.0,[],1,0,0,0,0,0
2026-08-22T21:30:00+00:00,1,Healthy,100,0,0,0,0,0,0,0,0,0,0,0.0,[],1,0,0,0,0,0
2026-08-22T21:45:00+00:00,1,Healthy,100,0,0,0,0,0,0,0,0,0,0,0.0,[],1,0,0,0,0,0
2026-08-22T22:00:00+00:00,1,Healthy,100,0,0,0,0,0,0,0,0,0,0,0.0,[],1,0,0,0,0,0
2026-08-22T22:15:00+00:00,1,Healthy,100,0,0,0,0,0,0,0,0,0,0,0.0,[],1,0,0,0,0,0
2026-08-22T22:30:00+00:00,1,Healthy,100,0,0,0,0,0,0,0,0,0,0,0.0,[],1,0,0,0,0,0
2026-08-22T22:45:00+00:00,1,Healthy,100,0,0,0,0,0,0,0,0,0,0,0.0,[],1,0,0,0,0,0
2026-08-22T23:00:00+00:00,1,Healthy,100,0,0,0,0,0,0,0,0,0,0,0.0,[],1,0,0,0,0,0
2026-08-22T23:15:00+00:00,1,Healthy,100,0,0,0,0,0,0,0,0,0,0,0.0,[],1,0,0,0,0,0
2026-08-22T23:30:00+00:00,1,Healthy,100,0,0,0,0,0,0,0,0,0,0,0.0,[],1,0,0,0,0,0
2026-08-22T23:45:00+00:00,1,Healthy,100,0,0,0,0,0,0,0,0,0,0,0.0,[],1,0,0,0,0,0
2026-08-23T00:00:00+00:00,1,Healthy,100,0,0,0,0,0,0,0,0,0,0,0.0,[],1,0,0,0,0,0
2026-08-23T00:15:00+00:00,1,Healthy,100,0,0,0,0,0,0,0,0,0,0,0.0,[],1,0,0,0,0,0
2026-08-23T00:30:00+00:00,1,Healthy,100,0,0,0,0,0,0,0,0,0,0,0.0,[],1,0,0,0,0,0
