timestamp,sensor_id,actual,current_no2,predicted,residual,model,target_formulation,fold,horizon,unit
2026-08-12T00:00:00Z,1,12.11,12.06,12.06,0.049999999999998934,persistence,absolute,fold_1,3h,ppb
2026-08-12T00:15:00Z,1,12.09,12.07,12.07,0.019999999999999574,persistence,absolute,fold_1,3h,ppb
2026-08-12T00:30:00Z,1,12.09,12.13,12.13,-0.040000000000000924,persistence,absolute,fold_1,3h,ppb
2026-08-12T00:45:00Z,1,12.11,12.12,12.12,-0.009999999999999787,persistence,absolute,fold_1,3h,ppb
2026-08-12T01:00:00Z,1,12.09,12.13,12.13,-0.040000000000000924,persistence,absolute,fold_1,3h,ppb
2026-08-12T01:15:00Z,1,12.08,12.1,12.1,-0.019999999999999574,persistence,absolute,fold_1,3h,ppb
2026-08-12T01:30:00Z,1,12.07,12.08,12.08,-0.009999999999999787,persistence,absolute,fold_1,3h,ppb
2026-08-12T01:45:00Z,1,12.07,12.08,12.08,-0.009999999999999787,persistence,absolute,fold_1,3h,ppb
2026-08-12T02:00:00Z,1,12.07,12.08,12.08,-0.009999999999999787,persistence,absolute,fold_1,3h,ppb
2026-08-12T02:15:00Z,1,12.06,12.09,12.09,-0.02999999999999936,persistence,absolute,fold_1,3h,ppb
2026-08-12T02:30:00Z,1,12.08,12.1,12.1,-0.019999999999999574,persistence,absolute,fold_1,3h,ppb
2026-08-12T02:45:00Z,1,12.15,12.11,12.11,0.040000000000000924,persistence,absolute,fold_1,3h,ppb
2026-08-12T03:00:00Z,1,12.14,12.11,12.11,0.030000000000001137,persistence,absolute,fold_1,3h,ppb
2026-08-12T03:15:00Z,1,12.06,12.09,12.09,-0.02999999999999936,persistence,absolute,fold_1,3h,ppb
2026-08-12T03:30:00Z,1,12.07,12.09,12.09,-0.019999999999999574,persistence,absolute,fold_1,3h,ppb
2026-08-12T03:45:00Z,1,12.02,12.11,12.11,-0.08999999999999986,persistence,absolute,fold_1,3h,ppb
2026-08-12T04:00:00Z,1,12.01,12.09,12.09,-0.08000000000000007,persistence,absolute,fold_1,3h,ppb
2026-08-12T04:15:00Z,1,12.0,12.08,12.08,-0.08000000000000007,persistence,absolute,fold_1,3h,ppb
2026-08-12T04:30:00Z,1,11.95,12.07,12.07,-0.120000000000001,persistence,absolute,fold_1,3h,ppb
2026-08-12T04:45:00Z,1,11.99,12.07,12.07,-0.08000000000000007,persistence,absolute,fold_1,3h,ppb
2026-08-12T05:00:00Z,1,12.0,12.07,12.07,-0.07000000000000028,persistence,absolute,fold_1,3h,ppb
2026-08-12T05:15:00Z,1,11.99,12.06,12.06,-0.07000000000000028,persistence,absolute,fold_1,3h,ppb
2026-08-12T05:30:00Z,1,12.03,12.08,12.08,-0.05000000000000071,persistence,absolute,fold_1,3h,ppb
2026-08-12T05:45:00Z,1,12.09,12.15,12.15,-0.0600000000000005,persistence,absolute,fold_1,3h,ppb
2026-08-12T06:00:00Z,1,12.12,12.14,12.14,-0.02000000000000135,persistence,absolute,fold_1,3h,ppb
2026-08-12T06:15:00Z,1,12.05,12.06,12.06,-0.009999999999999787,persistence,absolute,fold_1,3h,ppb
2026-08-12T06:30:00Z,1,11.98,12.07,12.07,-0.08999999999999986,persistence,absolute,fold_1,3h,ppb
2026-08-12T06:45:00Z,1,12.0,12.02,12.02,-0.019999999999999574,persistence,absolute,fold_1,3h,ppb
2026-08-12T07:00:00Z,1,12.01,12.01,12.01,0.0,persistence,absolute,fold_1,3h,ppb
2026-08-12T07:15:00Z,1,11.99,12.0,12.0,-0.009999999999999787,persistence,absolute,fold_1,3h,ppb
2026-08-12T07:30:00Z,1,12.01,11.95,11.95,0.0600000000000005,persistence,absolute,fold_1,3h,ppb
2026-08-12T07:45:00Z,1,12.02,11.99,11.99,0.02999999999999936,persistence,absolute,fold_1,3h,ppb
2026-08-12T08:00:00Z,1,12.01,12.0,12.0,0.009999999999999787,persistence,absolute,fold_1,3h,ppb
2026-08-12T08:15:00Z,1,12.02,11.99,11.99,0.02999999999999936,persistence,absolute,fold_1,3h,ppb
2026-08-12T08:30:00Z,1,12.04,12.03,12.03,0.009999999999999787,persistence,absolute,fold_1,3h,ppb
2026-08-12T08:45:00Z,1,11.99,12.09,12.09,-0.09999999999999964,persistence,absolute,fold_1,3h,ppb
2026-08-12T09:00:00Z,1,12.03,12.12,12.12,-0.08999999999999986,persistence,absolute,fold_1,3h,ppb
2026-08-12T09:15:00Z,1,11.99,12.05,12.05,-0.0600000000000005,persistence,absolute,fold_1,3h,ppb
2026-08-12T09:30:00Z,1,12.0,11.98,11.98,0.019999999999999574,persistence,absolute,fold_1,3h,ppb
2026-08-12T09:45:00Z,1,12.02,12.0,12.0,0.019999999999999574,persistence,absolute,fold_1,3h,ppb
2026-08-12T10:00:00Z,1,12.04,12.01,12.01,0.02999999999999936,persistence,absolute,fold_1,3h,ppb
2026-08-12T10:15:00Z,1,12.02,11.99,11.99,0.02999999999999936,persistence,absolute,fold_1,3h,ppb
2026-08-12T10:30:00Z,1,12.07,12.01,12.01,0.0600000000000005,persistence,absolute,fold_1,3h,ppb
2026-08-12T10:45:00Z,1,12.05,12.02,12.02,0.030000000000001137,persistence,absolute,fold_1,3h,ppb
2026-08-12T11:00:00Z,1,12.05,12.01,12.01,0.040000000000000924,persistence,absolute,fold_1,3h,ppb
2026-08-12T11:15:00Z,1,12.04,12.02,12.02,0.019999999999999574,persistence,absolute,fold_1,3h,ppb
2026-08-12T11:30:00Z,1,12.01,12.04,12.04,-0.02999999999999936,persistence,absolute,fold_1,3h,ppb
2026-08-12T11:45:00Z,1,11.89,11.99,11.99,-0.09999999999999964,persistence,absolute,fold_1,3h,ppb
2026-08-12T12:00:00Z,1,11.87,12.03,12.03,-0.16000000000000014,persistence,absolute,fold_1,3h,ppb
2026-08-12T12:15:00Z,1,11.93,11.99,11.99,-0.0600000000000005,persistence,absolute,fold_1,3h,ppb
2026-08-12T12:30:00Z,1,11.95,12.0,12.0,-0.05000000000000071,persistence,absolute,fold_1,3h,ppb
2026-08-12T12:45:00Z,1,12.04,12.02,12.02,0.019999999999999574,persistence,absolute,fold_1,3h,ppb
2026-08-12T13:00:00Z,1,12.14,12.04,12.04,0.10000000000000142,persistence,absolute,fold_1,3h,ppb
2026-08-12T13:15:00Z,1,12.26,12.02,12.02,0.2400000000000002,persistence,absolute,fold_1,3h,ppb
2026-08-12T13:30:00Z,1,12.24,12.07,12.07,0.16999999999999993,persistence,absolute,fold_1,3h,ppb
2026-08-12T13:45:00Z,1,12.18,12.05,12.05,0.129999999999999,persistence,absolute,fold_1,3h,ppb
2026-08-12T14:00:00Z,1,12.14,12.05,12.05,0.08999999999999986,persistence,absolute,fold_1,3h,ppb
2026-08-12T14:15:00Z,1,12.14,12.04,12.04,0.10000000000000142,persistence,absolute,fold_1,3h,ppb
2026-08-12T14:30:00Z,1,12.1,12.01,12.01,0.08999999999999986,persistence,absolute,fold_1,3h,ppb
2026-08-12T14:45:00Z,1,12.1,11.89,11.89,0.20999999999999908,persistence,absolute,fold_1,3h,ppb
2026-08-12T15:00:00Z,1,12.1,11.87,11.87,0.23000000000000043,persistence,absolute,fold_1,3h,ppb
2026-08-12T15:15:00Z,1,12.09,11.93,11.93,0.16000000000000014,persistence,absolute,fold_1,3h,ppb
2026-08-12T15:30:00Z,1,12.1,11.95,11.95,0.15000000000000036,persistence,absolute,fold_1,3h,ppb
2026-08-12T15:45:00Z,1,12.1,12.04,12.04,0.0600000000000005,persistence,absolute,fold_1,3h,ppb
2026-08-12T16:00:00Z,1,12.11,12.14,12.14,-0.030000000000001137,persistence,absolute,fold_1,3h,ppb
2026-08-12T16:15:00Z,1,12.1,12.26,12.26,-0.16000000000000014,persistence,absolute,fold_1,3h,ppb
2026-08-12T16:30:00Z,1,12.08,12.24,12.24,-0.16000000000000014,persistence,absolute,fold_1,3h,ppb
2026-08-12T16:45:00Z,1,12.07,12.18,12.18,-0.10999999999999943,persistence,absolute,fold_1,3h,ppb
2026-08-12T17:00:00Z,1,12.07,12.14,12.14,-0.07000000000000028,persistence,absolute,fold_1,3h,ppb
2026-08-12T17:15:00Z,1,12.07,12.14,12.14,-0.07000000000000028,persistence,absolute,fold_1,3h,ppb
2026-08-12T17:30:00Z,1,12.05,12.1,12.1,-0.049999999999998934,persistence,absolute,fold_1,3h,ppb
2026-08-12T17:45:00Z,1,12.09,12.1,12.1,-0.009999999999999787,persistence,absolute,fold_1,3h,ppb
2026-08-12T18:00:00Z,1,12.1,12.1,12.1,0.0,persistence,absolute,fold_1,3h,ppb
2026-08-12T18:15:00Z,1,12.1,12.09,12.09,0.009999999999999787,persistence,absolute,fold_1,3h,ppb
2026-08-12T18:30:00Z,1,12.11,12.1,12.1,0.009999999999999787,persistence,absolute,fold_1,3h,ppb
2026-08-12T18:45:00Z,1,12.11,12.1,12.1,0.009999999999999787,persistence,absolute,fold_1,3h,ppb
2026-08-12T19:00:00Z,1,12.11,12.11,12.11,0.0,persistence,absolute,fold_1,3h,ppb
2026-08-12T19:15:00Z,1,12.11,12.1,12.1,0.009999999999999787,persistence,absolute,fold_1,3h,ppb
2026-08-12T19:30:00Z,1,12.1,12.08,12.08,0.019999999999999574,persistence,absolute,fold_1,3h,ppb
2026-08-12T19:45:00Z,1,12.1,12.07,12.07,0.02999999999999936,persistence,absolute,fold_1,3h,ppb
2026-08-12T20:00:00Z,1,12.09,12.07,12.07,0.019999999999999574,persistence,absolute,fold_1,3h,ppb
2026-08-12T20:15:00Z,1,12.09,12.07,12.07,0.019999999999999574,persistence,absolute,fold_1,3h,ppb
2026-08-12T20:30:00Z,1,12.09,12.05,12.05,0.03999999999999915,persistence,absolute,fold_1,3h,ppb
2026-08-12T20:45:00Z,1,12.09,12.09,12.09,0.0,persistence,absolute,fold_1,3h,ppb
2026-08-12T21:00:00Z,1,12.08,12.1,12.1,-0.019999999999999574,persistence,absolute,fold_1,3h,ppb
2026-08-12T21:15:00Z,1,12.07,12.1,12.1,-0.02999999999999936,persistence,absolute,fold_1,3h,ppb
2026-08-12T21:30:00Z,1,12.1,12.11,12.11,-0.009999999999999787,persistence,absolute,fold_1,3h,ppb
2026-08-12T21:45:00Z,1,12.1,12.11,12.11,-0.009999999999999787,persistence,absolute,fold_1,3h,ppb
2026-08-12T22:00:00Z,1,12.08,12.11,12.11,-0.02999999999999936,persistence,absolute,fold_1,3h,ppb
2026-08-12T22:15:00Z,1,12.09,12.11,12.11,-0.019999999999999574,persistence,absolute,fold_1,3h,ppb
2026-08-12T22:30:00Z,1,12.08,12.1,12.1,-0.019999999999999574,persistence,absolute,fold_1,3h,ppb
2026-08-12T22:45:00Z,1,12.09,12.1,12.1,-0.009999999999999787,persistence,absolute,fold_1,3h,ppb
2026-08-12T23:00:00Z,1,12.1,12.09,12.09,0.009999999999999787,persistence,absolute,fold_1,3h,ppb
2026-08-12T23:15:00Z,1,12.1,12.09,12.09,0.009999999999999787,persistence,absolute,fold_1,3h,ppb
2026-08-12T23:30:00Z,1,12.11,12.09,12.09,0.019999999999999574,persistence,absolute,fold_1,3h,ppb
2026-08-12T23:45:00Z,1,12.13,12.09,12.09,0.040000000000000924,persistence,absolute,fold_1,3h,ppb
2026-08-13T00:00:00Z,1,12.12,12.08,12.08,0.03999999999999915,persistence,absolute,fold_1,3h,ppb
2026-08-13T00:15:00Z,1,12.11,12.07,12.07,0.03999999999999915,persistence,absolute,fold_1,3h,ppb
2026-08-13T00:30:00Z,1,12.12,12.1,12.1,0.019999999999999574,persistence,absolute,fold_1,3h,ppb
2026-08-13T00:45:00Z,1,12.13,12.1,12.1,0.030000000000001137,persistence,absolute,fold_1,3h,ppb
2026-08-13T01:00:00Z,1,12.15,12.08,12.08,0.07000000000000028,persistence,absolute,fold_1,3h,ppb
2026-08-13T01:15:00Z,1,12.16,12.09,12.09,0.07000000000000028,persistence,absolute,fold_1,3h,ppb
2026-08-13T01:30:00Z,1,12.16,12.08,12.08,0.08000000000000007,persistence,absolute,fold_1,3h,ppb
2026-08-13T01:45:00Z,1,12.13,12.09,12.09,0.040000000000000924,persistence,absolute,fold_1,3h,ppb
2026-08-13T02:00:00Z,1,12.13,12.1,12.1,0.030000000000001137,persistence,absolute,fold_1,3h,ppb
2026-08-13T02:15:00Z,1,12.11,12.1,12.1,0.009999999999999787,persistence,absolute,fold_1,3h,ppb
2026-08-13T02:30:00Z,1,12.09,12.11,12.11,-0.019999999999999574,persistence,absolute,fold_1,3h,ppb
2026-08-13T02:45:00Z,1,12.07,12.13,12.13,-0.0600000000000005,persistence,absolute,fold_1,3h,ppb
2026-08-13T03:00:00Z,1,12.07,12.12,12.12,-0.049999999999998934,persistence,absolute,fold_1,3h,ppb
2026-08-13T03:15:00Z,1,12.08,12.11,12.11,-0.02999999999999936,persistence,absolute,fold_1,3h,ppb
2026-08-13T03:30:00Z,1,12.05,12.12,12.12,-0.06999999999999851,persistence,absolute,fold_1,3h,ppb
2026-08-13T03:45:00Z,1,12.01,12.13,12.13,-0.120000000000001,persistence,absolute,fold_1,3h,ppb
2026-08-13T04:00:00Z,1,12.01,12.15,12.15,-0.14000000000000057,persistence,absolute,fold_1,3h,ppb
2026-08-13T04:15:00Z,1,12.02,12.16,12.16,-0.14000000000000057,persistence,absolute,fold_1,3h,ppb
2026-08-13T04:30:00Z,1,12.03,12.16,12.16,-0.13000000000000078,persistence,absolute,fold_1,3h,ppb
2026-08-13T04:45:00Z,1,12.01,12.13,12.13,-0.120000000000001,persistence,absolute,fold_1,3h,ppb
2026-08-13T05:00:00Z,1,11.98,12.13,12.13,-0.15000000000000036,persistence,absolute,fold_1,3h,ppb
2026-08-13T05:15:00Z,1,11.98,12.11,12.11,-0.129999999999999,persistence,absolute,fold_1,3h,ppb
2026-08-13T05:30:00Z,1,12.07,12.09,12.09,-0.019999999999999574,persistence,absolute,fold_1,3h,ppb
2026-08-13T05:45:00Z,1,12.03,12.07,12.07,-0.040000000000000924,persistence,absolute,fold_1,3h,ppb
2026-08-13T06:00:00Z,1,12.01,12.07,12.07,-0.0600000000000005,persistence,absolute,fold_1,3h,ppb
2026-08-13T06:30:00Z,1,12.02,12.05,12.05,-0.030000000000001137,persistence,absolute,fold_1,3h,ppb
2026-08-13T06:45:00Z,1,11.97,12.01,12.01,-0.03999999999999915,persistence,absolute,fold_1,3h,ppb
2026-08-13T07:00:00Z,1,11.98,12.01,12.01,-0.02999999999999936,persistence,absolute,fold_1,3h,ppb
2026-08-13T07:15:00Z,1,11.98,12.02,12.02,-0.03999999999999915,persistence,absolute,fold_1,3h,ppb
2026-08-13T07:30:00Z,1,12.03,12.03,12.03,0.0,persistence,absolute,fold_1,3h,ppb
2026-08-13T07:45:00Z,1,12.02,12.01,12.01,0.009999999999999787,persistence,absolute,fold_1,3h,ppb
2026-08-13T08:00:00Z,1,12.06,11.98,11.98,0.08000000000000007,persistence,absolute,fold_1,3h,ppb
2026-08-13T08:15:00Z,1,12.07,11.98,11.98,0.08999999999999986,persistence,absolute,fold_1,3h,ppb
2026-08-13T08:30:00Z,1,12.03,12.07,12.07,-0.040000000000000924,persistence,absolute,fold_1,3h,ppb
2026-08-13T08:45:00Z,1,11.97,12.03,12.03,-0.05999999999999872,persistence,absolute,fold_1,3h,ppb
2026-08-13T09:00:00Z,1,12.02,12.01,12.01,0.009999999999999787,persistence,absolute,fold_1,3h,ppb
2026-08-13T09:30:00Z,1,12.01,12.02,12.02,-0.009999999999999787,persistence,absolute,fold_1,3h,ppb
2026-08-13T09:45:00Z,1,12.01,11.97,11.97,0.03999999999999915,persistence,absolute,fold_1,3h,ppb
2026-08-13T10:00:00Z,1,12.01,11.98,11.98,0.02999999999999936,persistence,absolute,fold_1,3h,ppb
2026-08-13T10:15:00Z,1,12.03,11.98,11.98,0.049999999999998934,persistence,absolute,fold_1,3h,ppb
2026-08-13T10:30:00Z,1,12.04,12.03,12.03,0.009999999999999787,persistence,absolute,fold_1,3h,ppb
2026-08-13T10:45:00Z,1,12.1,12.02,12.02,0.08000000000000007,persistence,absolute,fold_1,3h,ppb
2026-08-13T11:00:00Z,1,12.05,12.06,12.06,-0.009999999999999787,persistence,absolute,fold_1,3h,ppb
2026-08-13T11:15:00Z,1,12.07,12.07,12.07,0.0,persistence,absolute,fold_1,3h,ppb
2026-08-13T11:30:00Z,1,11.99,12.03,12.03,-0.03999999999999915,persistence,absolute,fold_1,3h,ppb
2026-08-13T11:45:00Z,1,11.92,11.97,11.97,-0.05000000000000071,persistence,absolute,fold_1,3h,ppb
2026-08-13T12:00:00Z,1,11.88,12.02,12.02,-0.1399999999999988,persistence,absolute,fold_1,3h,ppb
2026-08-13T12:15:00Z,1,11.92,12.02,12.02,-0.09999999999999964,persistence,absolute,fold_1,3h,ppb
2026-08-13T12:30:00Z,1,12.04,12.01,12.01,0.02999999999999936,persistence,absolute,fold_1,3h,ppb
2026-08-13T12:45:00Z,1,12.14,12.01,12.01,0.13000000000000078,persistence,absolute,fold_1,3h,ppb
2026-08-13T13:00:00Z,1,12.17,12.01,12.01,0.16000000000000014,persistence,absolute,fold_1,3h,ppb
2026-08-13T13:15:00Z,1,12.19,12.03,12.03,0.16000000000000014,persistence,absolute,fold_1,3h,ppb
2026-08-13T13:30:00Z,1,12.15,12.04,12.04,0.11000000000000121,persistence,absolute,fold_1,3h,ppb
2026-08-13T13:45:00Z,1,12.12,12.1,12.1,0.019999999999999574,persistence,absolute,fold_1,3h,ppb
2026-08-13T14:00:00Z,1,12.13,12.05,12.05,0.08000000000000007,persistence,absolute,fold_1,3h,ppb
2026-08-13T14:15:00Z,1,12.13,12.07,12.07,0.0600000000000005,persistence,absolute,fold_1,3h,ppb
2026-08-13T14:30:00Z,1,12.11,11.99,11.99,0.11999999999999922,persistence,absolute,fold_1,3h,ppb
2026-08-13T14:45:00Z,1,12.08,11.92,11.92,0.16000000000000014,persistence,absolute,fold_1,3h,ppb
2026-08-13T15:00:00Z,1,12.09,11.88,11.88,0.20999999999999908,persistence,absolute,fold_1,3h,ppb
2026-08-13T15:15:00Z,1,12.09,11.92,11.92,0.16999999999999993,persistence,absolute,fold_1,3h,ppb
2026-08-13T15:30:00Z,1,12.09,12.04,12.04,0.05000000000000071,persistence,absolute,fold_1,3h,ppb
2026-08-13T15:45:00Z,1,12.09,12.14,12.14,-0.05000000000000071,persistence,absolute,fold_1,3h,ppb
2026-08-13T16:00:00Z,1,12.11,12.17,12.17,-0.0600000000000005,persistence,absolute,fold_1,3h,ppb
2026-08-13T16:15:00Z,1,12.13,12.19,12.19,-0.05999999999999872,persistence,absolute,fold_1,3h,ppb
2026-08-13T16:30:00Z,1,12.11,12.15,12.15,-0.040000000000000924,persistence,absolute,fold_1,3h,ppb
2026-08-13T16:45:00Z,1,12.11,12.12,12.12,-0.009999999999999787,persistence,absolute,fold_1,3h,ppb
2026-08-13T17:00:00Z,1,12.1,12.13,12.13,-0.030000000000001137,persistence,absolute,fold_1,3h,ppb
2026-08-13T17:15:00Z,1,12.11,12.13,12.13,-0.02000000000000135,persistence,absolute,fold_1,3h,ppb
2026-08-13T17:30:00Z,1,12.09,12.11,12.11,-0.019999999999999574,persistence,absolute,fold_1,3h,ppb
2026-08-13T17:45:00Z,1,12.08,12.08,12.08,0.0,persistence,absolute,fold_1,3h,ppb
2026-08-13T18:00:00Z,1,12.08,12.09,12.09,-0.009999999999999787,persistence,absolute,fold_1,3h,ppb
2026-08-13T18:15:00Z,1,12.09,12.09,12.09,0.0,persistence,absolute,fold_1,3h,ppb
2026-08-13T18:30:00Z,1,12.09,12.09,12.09,0.0,persistence,absolute,fold_1,3h,ppb
2026-08-13T18:45:00Z,1,12.07,12.09,12.09,-0.019999999999999574,persistence,absolute,fold_1,3h,ppb
2026-08-13T19:00:00Z,1,12.09,12.11,12.11,-0.019999999999999574,persistence,absolute,fold_1,3h,ppb
2026-08-13T19:15:00Z,1,12.1,12.13,12.13,-0.030000000000001137,persistence,absolute,fold_1,3h,ppb
2026-08-13T19:30:00Z,1,12.11,12.11,12.11,0.0,persistence,absolute,fold_1,3h,ppb
2026-08-13T19:45:00Z,1,12.1,12.11,12.11,-0.009999999999999787,persistence,absolute,fold_1,3h,ppb
2026-08-13T20:00:00Z,1,12.1,12.1,12.1,0.0,persistence,absolute,fold_1,3h,ppb
2026-08-13T20:15:00Z,1,12.09,12.11,12.11,-0.019999999999999574,persistence,absolute,fold_1,3h,ppb
2026-08-13T20:30:00Z,1,12.1,12.09,12.09,0.009999999999999787,persistence,absolute,fold_1,3h,ppb
2026-08-13T20:45:00Z,1,12.08,12.08,12.08,0.0,persistence,absolute,fold_1,3h,ppb
2026-08-13T21:00:00Z,1,12.09,12.08,12.08,0.009999999999999787,persistence,absolute,fold_1,3h,ppb
2026-08-13T21:15:00Z,1,12.09,12.09,12.09,0.0,persistence,absolute,fold_1,3h,ppb
2026-08-13T21:30:00Z,1,12.07,12.09,12.09,-0.019999999999999574,persistence,absolute,fold_1,3h,ppb
2026-08-13T21:45:00Z,1,12.08,12.07,12.07,0.009999999999999787,persistence,absolute,fold_1,3h,ppb
2026-08-13T22:00:00Z,1,12.09,12.09,12.09,0.0,persistence,absolute,fold_1,3h,ppb
2026-08-13T22:15:00Z,1,12.08,12.1,12.1,-0.019999999999999574,persistence,absolute,fold_1,3h,ppb
2026-08-13T22:30:00Z,1,12.11,12.11,12.11,0.0,persistence,absolute,fold_1,3h,ppb
2026-08-13T22:45:00Z,1,12.1,12.1,12.1,0.0,persistence,absolute,fold_1,3h,ppb
2026-08-13T23:00:00Z,1,12.1,12.1,12.1,0.0,persistence,absolute,fold_1,3h,ppb
2026-08-13T23:15:00Z,1,12.1,12.09,12.09,0.009999999999999787,persistence,absolute,fold_1,3h,ppb
2026-08-13T23:30:00Z,1,12.1,12.1,12.1,0.0,persistence,absolute,fold_1,3h,ppb
2026-08-13T23:45:00Z,1,12.11,12.08,12.08,0.02999999999999936,persistence,absolute,fold_1,3h,ppb
2026-08-12T00:00:00Z,1,12.11,12.06,12.094480820105806,0.015519179894193158,random_forest,absolute,fold_1,3h,ppb
2026-08-12T00:15:00Z,1,12.09,12.07,12.096709656084641,-0.00670965608464158,random_forest,absolute,fold_1,3h,ppb
2026-08-12T00:30:00Z,1,12.09,12.13,12.10272613620945,-0.012726136209449734,random_forest,absolute,fold_1,3h,ppb
2026-08-12T00:45:00Z,1,12.11,12.12,12.100255567426384,0.009744432573615569,random_forest,absolute,fold_1,3h,ppb
2026-08-12T01:00:00Z,1,12.09,12.13,12.093736122981934,-0.0037361229819339314,random_forest,absolute,fold_1,3h,ppb
2026-08-12T01:15:00Z,1,12.08,12.1,12.09058149335231,-0.01058149335231029,random_forest,absolute,fold_1,3h,ppb
2026-08-12T01:30:00Z,1,12.07,12.08,12.094237225274709,-0.024237225274708507,random_forest,absolute,fold_1,3h,ppb
2026-08-12T01:45:00Z,1,12.07,12.08,12.094639275539256,-0.024639275539255934,random_forest,absolute,fold_1,3h,ppb
2026-08-12T02:00:00Z,1,12.07,12.08,12.100310042735037,-0.0303100427350369,random_forest,absolute,fold_1,3h,ppb
2026-08-12T02:15:00Z,1,12.06,12.09,12.098227072310394,-0.03822707231039324,random_forest,absolute,fold_1,3h,ppb
2026-08-12T02:30:00Z,1,12.08,12.1,12.09706538800704,-0.017065388007040383,random_forest,absolute,fold_1,3h,ppb
2026-08-12T02:45:00Z,1,12.15,12.11,12.097898280423275,0.052101719576725714,random_forest,absolute,fold_1,3h,ppb
2026-08-12T03:00:00Z,1,12.14,12.11,12.028696077774834,0.11130392222516683,random_forest,absolute,fold_1,3h,ppb
2026-08-12T03:15:00Z,1,12.06,12.09,12.02709935742241,0.032900642577590844,random_forest,absolute,fold_1,3h,ppb
2026-08-12T03:30:00Z,1,12.07,12.09,12.025506875120659,0.04449312487934165,random_forest,absolute,fold_1,3h,ppb
2026-08-12T03:45:00Z,1,12.02,12.11,12.02469763087539,-0.004697630875391212,random_forest,absolute,fold_1,3h,ppb
2026-08-12T04:00:00Z,1,12.01,12.09,12.019455091656038,-0.009455091656038306,random_forest,absolute,fold_1,3h,ppb
2026-08-12T04:15:00Z,1,12.0,12.08,12.023908208116842,-0.02390820811684158,random_forest,absolute,fold_1,3h,ppb
2026-08-12T04:30:00Z,1,11.95,12.07,12.015662489419839,-0.06566248941983943,random_forest,absolute,fold_1,3h,ppb
2026-08-12T04:45:00Z,1,11.99,12.07,12.016180644177684,-0.026180644177683732,random_forest,absolute,fold_1,3h,ppb
2026-08-12T05:00:00Z,1,12.0,12.07,12.01475482166497,-0.014754821664970663,random_forest,absolute,fold_1,3h,ppb
2026-08-12T05:15:00Z,1,11.99,12.06,12.010699642626149,-0.020699642626148318,random_forest,absolute,fold_1,3h,ppb
2026-08-12T05:30:00Z,1,12.03,12.08,12.023977127413522,0.00602287258647749,random_forest,absolute,fold_1,3h,ppb
2026-08-12T05:45:00Z,1,12.09,12.15,12.027656733225644,0.062343266774355754,random_forest,absolute,fold_1,3h,ppb
2026-08-12T06:00:00Z,1,12.12,12.14,12.036805013266505,0.08319498673349379,random_forest,absolute,fold_1,3h,ppb
2026-08-12T06:15:00Z,1,12.05,12.06,12.030899774117673,0.019100225882327848,random_forest,absolute,fold_1,3h,ppb
2026-08-12T06:30:00Z,1,11.98,12.07,12.01635901800644,-0.036359018006439925,random_forest,absolute,fold_1,3h,ppb
2026-08-12T06:45:00Z,1,12.0,12.02,12.011474370381832,-0.011474370381831633,random_forest,absolute,fold_1,3h,ppb
2026-08-12T07:00:00Z,1,12.01,12.01,12.012255559998248,-0.0022555599982485575,random_forest,absolute,fold_1,3h,ppb
2026-08-12T07:15:00Z,1,11.99,12.0,12.017063427003077,-0.027063427003076512,random_forest,absolute,fold_1,3h,ppb
2026-08-12T07:30:00Z,1,12.01,11.95,12.017637752982704,-0.0076377529827045265,random_forest,absolute,fold_1,3h,ppb
2026-08-12T07:45:00Z,1,12.02,11.99,12.026059416559178,-0.006059416559178743,random_forest,absolute,fold_1,3h,ppb
2026-08-12T08:00:00Z,1,12.01,12.0,12.021718373785573,-0.011718373785573277,random_forest,absolute,fold_1,3h,ppb
2026-08-12T08:15:00Z,1,12.02,11.99,12.018042010677744,0.001957989322255216,random_forest,absolute,fold_1,3h,ppb
2026-08-12T08:30:00Z,1,12.04,12.03,12.01658408480437,0.023415915195629466,random_forest,absolute,fold_1,3h,ppb
2026-08-12T08:45:00Z,1,11.99,12.09,11.999698642409772,-0.009698642409771807,random_forest,absolute,fold_1,3h,ppb
2026-08-12T09:00:00Z,1,12.03,12.12,12.005891561606033,0.02410843839396648,random_forest,absolute,fold_1,3h,ppb
2026-08-12T09:15:00Z,1,11.99,12.05,12.024090099794881,-0.03409009979488076,random_forest,absolute,fold_1,3h,ppb
2026-08-12T09:30:00Z,1,12.0,11.98,12.011641129487042,-0.011641129487042434,random_forest,absolute,fold_1,3h,ppb
2026-08-12T09:45:00Z,1,12.02,12.0,12.016018496112128,0.00398150388787144,random_forest,absolute,fold_1,3h,ppb
2026-08-12T10:00:00Z,1,12.04,12.01,12.01036316471708,0.029636835282918383,random_forest,absolute,fold_1,3h,ppb
2026-08-12T10:15:00Z,1,12.02,11.99,12.012273106028864,0.00772689397113524,random_forest,absolute,fold_1,3h,ppb
2026-08-12T10:30:00Z,1,12.07,12.01,12.026071002577673,0.04392899742232714,random_forest,absolute,fold_1,3h,ppb
2026-08-12T10:45:00Z,1,12.05,12.02,12.008852826440878,0.04114717355912312,random_forest,absolute,fold_1,3h,ppb
2026-08-12T11:00:00Z,1,12.05,12.01,12.0017899609438,0.048210039056201026,random_forest,absolute,fold_1,3h,ppb
2026-08-12T11:15:00Z,1,12.04,12.02,12.005184435109982,0.03481556489001747,random_forest,absolute,fold_1,3h,ppb
2026-08-12T11:30:00Z,1,12.01,12.04,12.00363655318853,0.006363446811469942,random_forest,absolute,fold_1,3h,ppb
2026-08-12T11:45:00Z,1,11.89,11.99,11.984250793650794,-0.0942507936507937,random_forest,absolute,fold_1,3h,ppb
2026-08-12T12:00:00Z,1,11.87,12.03,11.995805092592594,-0.12580509259259465,random_forest,absolute,fold_1,3h,ppb
2026-08-12T12:15:00Z,1,11.93,11.99,11.991923316839102,-0.06192331683910268,random_forest,absolute,fold_1,3h,ppb
2026-08-12T12:30:00Z,1,11.95,12.0,11.99518145175974,-0.0451814517597402,random_forest,absolute,fold_1,3h,ppb
2026-08-12T12:45:00Z,1,12.04,12.02,12.004347477714244,0.035652522285754884,random_forest,absolute,fold_1,3h,ppb
2026-08-12T13:00:00Z,1,12.14,12.04,12.166867019400371,-0.026867019400370395,random_forest,absolute,fold_1,3h,ppb
2026-08-12T13:15:00Z,1,12.26,12.02,12.176633465608466,0.08336653439153352,random_forest,absolute,fold_1,3h,ppb
2026-08-12T13:30:00Z,1,12.24,12.07,12.171668518518524,0.06833148148147572,random_forest,absolute,fold_1,3h,ppb
2026-08-12T13:45:00Z,1,12.18,12.05,12.159508730158738,0.02049126984126204,random_forest,absolute,fold_1,3h,ppb
2026-08-12T14:00:00Z,1,12.14,12.05,12.135015343915352,0.004984656084648265,random_forest,absolute,fold_1,3h,ppb
2026-08-12T14:15:00Z,1,12.14,12.04,12.136379497354502,0.0036205026454982914,random_forest,absolute,fold_1,3h,ppb
2026-08-12T14:30:00Z,1,12.1,12.01,12.1326332010582,-0.0326332010582,random_forest,absolute,fold_1,3h,ppb
2026-08-12T14:45:00Z,1,12.1,11.89,12.125043650793641,-0.025043650793641348,random_forest,absolute,fold_1,3h,ppb
2026-08-12T15:00:00Z,1,12.1,11.87,12.096462962962942,0.0035370370370575444,random_forest,absolute,fold_1,3h,ppb
2026-08-12T15:15:00Z,1,12.09,11.93,12.094405026455007,-0.004405026455007288,random_forest,absolute,fold_1,3h,ppb
2026-08-12T15:30:00Z,1,12.1,11.95,12.095046560846544,0.0049534391534553635,random_forest,absolute,fold_1,3h,ppb
2026-08-12T15:45:00Z,1,12.1,12.04,12.09098055555554,0.009019444444460234,random_forest,absolute,fold_1,3h,ppb
2026-08-12T16:00:00Z,1,12.11,12.14,12.094509788359773,0.015490211640226903,random_forest,absolute,fold_1,3h,ppb
2026-08-12T16:15:00Z,1,12.1,12.26,12.096719179894162,0.003280820105837634,random_forest,absolute,fold_1,3h,ppb
2026-08-12T16:30:00Z,1,12.08,12.24,12.098013596699019,-0.01801359669901892,random_forest,absolute,fold_1,3h,ppb
2026-08-12T16:45:00Z,1,12.07,12.18,12.090583485124453,-0.02058348512445285,random_forest,absolute,fold_1,3h,ppb
2026-08-12T17:00:00Z,1,12.07,12.14,12.084197194582629,-0.01419719458262847,random_forest,absolute,fold_1,3h,ppb
2026-08-12T17:15:00Z,1,12.07,12.14,12.079411314952997,-0.009411314952997074,random_forest,absolute,fold_1,3h,ppb
2026-08-12T17:30:00Z,1,12.05,12.1,12.077558735587923,-0.0275587355879221,random_forest,absolute,fold_1,3h,ppb
2026-08-12T17:45:00Z,1,12.09,12.1,12.073360266354005,0.016639733645995136,random_forest,absolute,fold_1,3h,ppb
2026-08-12T18:00:00Z,1,12.1,12.1,12.074091428396857,0.02590857160314286,random_forest,absolute,fold_1,3h,ppb
2026-08-12T18:15:00Z,1,12.1,12.09,12.074502786970058,0.02549721302994179,random_forest,absolute,fold_1,3h,ppb
2026-08-12T18:30:00Z,1,12.11,12.1,12.074946503901272,0.035053496098727877,random_forest,absolute,fold_1,3h,ppb
2026-08-12T18:45:00Z,1,12.11,12.1,12.07859946285843,0.031400537141569984,random_forest,absolute,fold_1,3h,ppb
2026-08-12T19:00:00Z,1,12.11,12.11,12.080756646415612,0.029243353584387677,random_forest,absolute,fold_1,3h,ppb
2026-08-12T19:15:00Z,1,12.11,12.1,12.084491758501391,0.025508241498608086,random_forest,absolute,fold_1,3h,ppb
2026-08-12T19:30:00Z,1,12.1,12.08,12.089404699296347,0.010595300703652555,random_forest,absolute,fold_1,3h,ppb
2026-08-12T19:45:00Z,1,12.1,12.07,12.088323270806704,0.011676729193295543,random_forest,absolute,fold_1,3h,ppb
2026-08-12T20:00:00Z,1,12.09,12.07,12.090309085455015,-0.0003090854550151789,random_forest,absolute,fold_1,3h,ppb
2026-08-12T20:15:00Z,1,12.09,12.07,12.086437341458273,0.003562658541726549,random_forest,absolute,fold_1,3h,ppb
2026-08-12T20:30:00Z,1,12.09,12.05,12.091354478767817,-0.0013544787678174686,random_forest,absolute,fold_1,3h,ppb
2026-08-12T20:45:00Z,1,12.09,12.09,12.083908200991669,0.006091799008331122,random_forest,absolute,fold_1,3h,ppb
2026-08-12T21:00:00Z,1,12.08,12.1,12.091738951436891,-0.011738951436891298,random_forest,absolute,fold_1,3h,ppb
2026-08-12T21:15:00Z,1,12.07,12.1,12.09475901896682,-0.024759018966820534,random_forest,absolute,fold_1,3h,ppb
2026-08-12T21:30:00Z,1,12.1,12.11,12.092947160406275,0.007052839593724158,random_forest,absolute,fold_1,3h,ppb
2026-08-12T21:45:00Z,1,12.1,12.11,12.094758197257667,0.0052418027423328795,random_forest,absolute,fold_1,3h,ppb
2026-08-12T22:00:00Z,1,12.08,12.11,12.096807728493157,-0.01680772849315737,random_forest,absolute,fold_1,3h,ppb
2026-08-12T22:15:00Z,1,12.09,12.11,12.098427088762516,-0.008427088762516632,random_forest,absolute,fold_1,3h,ppb
2026-08-12T22:30:00Z,1,12.08,12.1,12.095871164021146,-0.015871164021145745,random_forest,absolute,fold_1,3h,ppb
2026-08-12T22:45:00Z,1,12.09,12.1,12.093715211640193,-0.0037152116401930613,random_forest,absolute,fold_1,3h,ppb
2026-08-12T23:00:00Z,1,12.1,12.09,12.094888095238083,0.005111904761916364,random_forest,absolute,fold_1,3h,ppb
2026-08-12T23:15:00Z,1,12.1,12.09,12.093317989417972,0.006682010582027331,random_forest,absolute,fold_1,3h,ppb
2026-08-12T23:30:00Z,1,12.11,12.09,12.093633781361984,0.016366218638015795,random_forest,absolute,fold_1,3h,ppb
2026-08-12T23:45:00Z,1,12.13,12.09,12.093112485065687,0.03688751493431397,random_forest,absolute,fold_1,3h,ppb
2026-08-13T00:00:00Z,1,12.12,12.08,12.084464103432682,0.03553589656731759,random_forest,absolute,fold_1,3h,ppb
2026-08-13T00:15:00Z,1,12.11,12.07,12.105124839764256,0.004875160235743081,random_forest,absolute,fold_1,3h,ppb
2026-08-13T00:30:00Z,1,12.12,12.1,12.107716903256321,0.012283096743678001,random_forest,absolute,fold_1,3h,ppb
2026-08-13T00:45:00Z,1,12.13,12.1,12.107795474684895,0.022204525315105528,random_forest,absolute,fold_1,3h,ppb
2026-08-13T01:00:00Z,1,12.15,12.08,12.108151427065852,0.04184857293414801,random_forest,absolute,fold_1,3h,ppb
2026-08-13T01:15:00Z,1,12.16,12.09,12.089600947971773,0.07039905202822716,random_forest,absolute,fold_1,3h,ppb
2026-08-13T01:30:00Z,1,12.16,12.08,12.092608201058189,0.06739179894181113,random_forest,absolute,fold_1,3h,ppb
2026-08-13T01:45:00Z,1,12.13,12.09,12.091360648148141,0.038639351851859516,random_forest,absolute,fold_1,3h,ppb
2026-08-13T02:00:00Z,1,12.13,12.1,12.085601146384473,0.044398853615527756,random_forest,absolute,fold_1,3h,ppb
2026-08-13T02:15:00Z,1,12.11,12.1,12.088775815696646,0.021224184303353155,random_forest,absolute,fold_1,3h,ppb
2026-08-13T02:30:00Z,1,12.09,12.11,12.105360493827162,-0.015360493827161648,random_forest,absolute,fold_1,3h,ppb
2026-08-13T02:45:00Z,1,12.07,12.13,12.107916600529101,-0.037916600529101174,random_forest,absolute,fold_1,3h,ppb
2026-08-13T03:00:00Z,1,12.07,12.12,12.041879471420796,0.028120528579204773,random_forest,absolute,fold_1,3h,ppb
2026-08-13T03:15:00Z,1,12.08,12.11,12.040997873729985,0.03900212627001487,random_forest,absolute,fold_1,3h,ppb
2026-08-13T03:30:00Z,1,12.05,12.12,12.037271310170096,0.012728689829904383,random_forest,absolute,fold_1,3h,ppb
2026-08-13T03:45:00Z,1,12.01,12.13,12.03988887808287,-0.029888878082870107,random_forest,absolute,fold_1,3h,ppb
2026-08-13T04:00:00Z,1,12.01,12.15,12.043353343454378,-0.03335334345437779,random_forest,absolute,fold_1,3h,ppb
2026-08-13T04:15:00Z,1,12.02,12.16,12.045061564053226,-0.02506156405322635,random_forest,absolute,fold_1,3h,ppb
2026-08-13T04:30:00Z,1,12.03,12.16,12.051018971460634,-0.02101897146063436,random_forest,absolute,fold_1,3h,ppb
2026-08-13T04:45:00Z,1,12.01,12.13,12.050435646471644,-0.04043564647164466,random_forest,absolute,fold_1,3h,ppb
2026-08-13T05:00:00Z,1,11.98,12.13,12.048880201145368,-0.06888020114536708,random_forest,absolute,fold_1,3h,ppb
2026-08-13T05:15:00Z,1,11.98,12.11,12.042221889857892,-0.062221889857891455,random_forest,absolute,fold_1,3h,ppb
2026-08-13T05:30:00Z,1,12.07,12.09,12.034028663023001,0.03597133697699917,random_forest,absolute,fold_1,3h,ppb
2026-08-13T05:45:00Z,1,12.03,12.07,12.025145807997108,0.004854192002891722,random_forest,absolute,fold_1,3h,ppb
2026-08-13T06:00:00Z,1,12.01,12.07,12.025455680154806,-0.015455680154806473,random_forest,absolute,fold_1,3h,ppb
2026-08-13T06:30:00Z,1,12.02,12.05,12.026074134231589,-0.006074134231589312,random_forest,absolute,fold_1,3h,ppb
2026-08-13T06:45:00Z,1,11.97,12.01,12.018873946198436,-0.04887394619843555,random_forest,absolute,fold_1,3h,ppb
2026-08-13T07:00:00Z,1,11.98,12.01,12.01867389193577,-0.03867389193576898,random_forest,absolute,fold_1,3h,ppb
2026-08-13T07:15:00Z,1,11.98,12.02,12.023004868848817,-0.04300486884881671,random_forest,absolute,fold_1,3h,ppb
2026-08-13T07:30:00Z,1,12.03,12.03,12.030064413444343,-6.441344434371388e-05,random_forest,absolute,fold_1,3h,ppb
2026-08-13T07:45:00Z,1,12.02,12.01,12.02797523750736,-0.007975237507359623,random_forest,absolute,fold_1,3h,ppb
2026-08-13T08:00:00Z,1,12.06,11.98,12.02536437157666,0.03463562842333978,random_forest,absolute,fold_1,3h,ppb
2026-08-13T08:15:00Z,1,12.07,11.98,12.022507986263026,0.047492013736974314,random_forest,absolute,fold_1,3h,ppb
2026-08-13T08:30:00Z,1,12.03,12.07,12.020008530582277,0.009991469417721888,random_forest,absolute,fold_1,3h,ppb
2026-08-13T08:45:00Z,1,11.97,12.03,12.015811349968594,-0.04581134996859326,random_forest,absolute,fold_1,3h,ppb
2026-08-13T09:00:00Z,1,12.02,12.01,12.007377863381288,0.012622136618711366,random_forest,absolute,fold_1,3h,ppb
2026-08-13T09:30:00Z,1,12.01,12.02,12.00955163446282,0.00044836553717964023,random_forest,absolute,fold_1,3h,ppb
2026-08-13T09:45:00Z,1,12.01,11.97,12.009453749209392,0.0005462507906077718,random_forest,absolute,fold_1,3h,ppb
2026-08-13T10:00:00Z,1,12.01,11.98,12.013732536186474,-0.003732536186474178,random_forest,absolute,fold_1,3h,ppb
2026-08-13T10:15:00Z,1,12.03,11.98,12.012724622583159,0.017275377416840598,random_forest,absolute,fold_1,3h,ppb
2026-08-13T10:30:00Z,1,12.04,12.03,12.014406470121127,0.02559352987887209,random_forest,absolute,fold_1,3h,ppb
2026-08-13T10:45:00Z,1,12.1,12.02,12.014199010251211,0.08580098974878858,random_forest,absolute,fold_1,3h,ppb
2026-08-13T11:00:00Z,1,12.05,12.06,12.01026688301754,0.03973311698246107,random_forest,absolute,fold_1,3h,ppb
2026-08-13T11:15:00Z,1,12.07,12.07,12.019419497546178,0.05058050245382262,random_forest,absolute,fold_1,3h,ppb
2026-08-13T11:30:00Z,1,11.99,12.03,12.009980628935857,-0.019980628935856615,random_forest,absolute,fold_1,3h,ppb
2026-08-13T11:45:00Z,1,11.92,11.97,11.999490854061275,-0.07949085406127487,random_forest,absolute,fold_1,3h,ppb
2026-08-13T12:00:00Z,1,11.88,12.02,12.021210550714889,-0.14121055071488797,random_forest,absolute,fold_1,3h,ppb
2026-08-13T12:15:00Z,1,11.92,12.02,12.02126083644239,-0.10126083644239081,random_forest,absolute,fold_1,3h,ppb
2026-08-13T12:30:00Z,1,12.04,12.01,12.009517808699469,0.030482191300530204,random_forest,absolute,fold_1,3h,ppb
2026-08-13T12:45:00Z,1,12.14,12.01,12.024909626925572,0.1150903730744286,random_forest,absolute,fold_1,3h,ppb
2026-08-13T13:00:00Z,1,12.17,12.01,12.1588667989418,0.01113320105820037,random_forest,absolute,fold_1,3h,ppb
2026-08-13T13:15:00Z,1,12.19,12.03,12.146934391534394,0.043065608465605365,random_forest,absolute,fold_1,3h,ppb
2026-08-13T13:30:00Z,1,12.15,12.04,12.147441798941804,0.0025582010581963743,random_forest,absolute,fold_1,3h,ppb
2026-08-13T13:45:00Z,1,12.12,12.1,12.14336752645503,-0.02336752645503104,random_forest,absolute,fold_1,3h,ppb
2026-08-13T14:00:00Z,1,12.13,12.05,12.12089107142857,0.009108928571430752,random_forest,absolute,fold_1,3h,ppb
2026-08-13T14:15:00Z,1,12.13,12.07,12.113901927711764,0.01609807228823712,random_forest,absolute,fold_1,3h,ppb
2026-08-13T14:30:00Z,1,12.11,11.99,12.106312648406233,0.0036873515937667634,random_forest,absolute,fold_1,3h,ppb
2026-08-13T14:45:00Z,1,12.08,11.92,12.107643071686653,-0.027643071686652476,random_forest,absolute,fold_1,3h,ppb
2026-08-13T15:00:00Z,1,12.09,11.88,12.091758460421184,-0.001758460421184438,random_forest,absolute,fold_1,3h,ppb
2026-08-13T15:15:00Z,1,12.09,11.92,12.091057049486446,-0.0010570494864463598,random_forest,absolute,fold_1,3h,ppb
2026-08-13T15:30:00Z,1,12.09,12.04,12.086680613975998,0.0033193860240015027,random_forest,absolute,fold_1,3h,ppb
2026-08-13T15:45:00Z,1,12.09,12.14,12.0851697285107,0.004830271489300486,random_forest,absolute,fold_1,3h,ppb
2026-08-13T16:00:00Z,1,12.11,12.17,12.083351711453128,0.026648288546871512,random_forest,absolute,fold_1,3h,ppb
2026-08-13T16:15:00Z,1,12.13,12.19,12.079684357736646,0.05031564226335483,random_forest,absolute,fold_1,3h,ppb
2026-08-13T16:30:00Z,1,12.11,12.15,12.080089277490941,0.02991072250905802,random_forest,absolute,fold_1,3h,ppb
2026-08-13T16:45:00Z,1,12.11,12.12,12.08059112375049,0.02940887624950861,random_forest,absolute,fold_1,3h,ppb
2026-08-13T17:00:00Z,1,12.1,12.13,12.083829825249607,0.01617017475039262,random_forest,absolute,fold_1,3h,ppb
2026-08-13T17:15:00Z,1,12.11,12.13,12.084945527085894,0.02505447291410512,random_forest,absolute,fold_1,3h,ppb
2026-08-13T17:30:00Z,1,12.09,12.11,12.085550188363445,0.004449811636554557,random_forest,absolute,fold_1,3h,ppb
2026-08-13T17:45:00Z,1,12.08,12.08,12.08284189040602,-0.002841890406019232,random_forest,absolute,fold_1,3h,ppb
2026-08-13T18:00:00Z,1,12.08,12.09,12.084833468889265,-0.004833468889264836,random_forest,absolute,fold_1,3h,ppb
2026-08-13T18:15:00Z,1,12.09,12.09,12.084871871637825,0.005128128362175133,random_forest,absolute,fold_1,3h,ppb
2026-08-13T18:30:00Z,1,12.09,12.09,12.084361628801917,0.005638371198083192,random_forest,absolute,fold_1,3h,ppb
2026-08-13T18:45:00Z,1,12.07,12.09,12.08431637565157,-0.014316375651569402,random_forest,absolute,fold_1,3h,ppb
2026-08-13T19:00:00Z,1,12.09,12.11,12.083255943953638,0.006744056046361635,random_forest,absolute,fold_1,3h,ppb
2026-08-13T19:15:00Z,1,12.1,12.13,12.081255556938117,0.018744443061882166,random_forest,absolute,fold_1,3h,ppb
2026-08-13T19:30:00Z,1,12.11,12.11,12.084227871259708,0.025772128740291222,random_forest,absolute,fold_1,3h,ppb
2026-08-13T19:45:00Z,1,12.1,12.11,12.084326615725116,0.015673384274883517,random_forest,absolute,fold_1,3h,ppb
2026-08-13T20:00:00Z,1,12.1,12.1,12.084542528102212,0.015457471897788011,random_forest,absolute,fold_1,3h,ppb
2026-08-13T20:15:00Z,1,12.09,12.11,12.084795352501555,0.00520464749844507,random_forest,absolute,fold_1,3h,ppb
2026-08-13T20:30:00Z,1,12.1,12.09,12.08330003546793,0.016699964532069345,random_forest,absolute,fold_1,3h,ppb
2026-08-13T20:45:00Z,1,12.08,12.08,12.083587319094388,-0.0035873190943878086,random_forest,absolute,fold_1,3h,ppb
2026-08-13T21:00:00Z,1,12.09,12.08,12.083563301295259,0.006436698704741062,random_forest,absolute,fold_1,3h,ppb
2026-08-13T21:15:00Z,1,12.09,12.09,12.085557953191843,0.004442046808156519,random_forest,absolute,fold_1,3h,ppb
2026-08-13T21:30:00Z,1,12.07,12.09,12.086427919000489,-0.016427919000488345,random_forest,absolute,fold_1,3h,ppb
2026-08-13T21:45:00Z,1,12.08,12.07,12.085012684332623,-0.005012684332623252,random_forest,absolute,fold_1,3h,ppb
2026-08-13T22:00:00Z,1,12.09,12.09,12.088206389835207,0.001793610164792625,random_forest,absolute,fold_1,3h,ppb
2026-08-13T22:15:00Z,1,12.08,12.1,12.09106750094632,-0.011067500946319697,random_forest,absolute,fold_1,3h,ppb
2026-08-13T22:30:00Z,1,12.11,12.11,12.090354704434837,0.019645295565162257,random_forest,absolute,fold_1,3h,ppb
2026-08-13T22:45:00Z,1,12.1,12.1,12.089829877689946,0.010170122310054097,random_forest,absolute,fold_1,3h,ppb
2026-08-13T23:00:00Z,1,12.1,12.1,12.091130763532503,0.008869236467496933,random_forest,absolute,fold_1,3h,ppb
2026-08-13T23:15:00Z,1,12.1,12.09,12.089987460938508,0.01001253906149202,random_forest,absolute,fold_1,3h,ppb
2026-08-13T23:30:00Z,1,12.1,12.1,12.091728598504647,0.008271401495353103,random_forest,absolute,fold_1,3h,ppb
2026-08-13T23:45:00Z,1,12.11,12.08,12.092517335602402,0.017482664397597603,random_forest,absolute,fold_1,3h,ppb
2026-08-12T00:00:00Z,1,12.11,12.06,12.07917359769594,0.03082640230405964,random_forest,delta,fold_1,3h,ppb
2026-08-12T00:15:00Z,1,12.09,12.07,12.080437417627763,0.009562582372236506,random_forest,delta,fold_1,3h,ppb
2026-08-12T00:30:00Z,1,12.09,12.13,12.085470149911817,0.004529850088182741,random_forest,delta,fold_1,3h,ppb
2026-08-12T00:45:00Z,1,12.11,12.12,12.078509459676125,0.03149054032387433,random_forest,delta,fold_1,3h,ppb
2026-08-12T01:00:00Z,1,12.09,12.13,12.07750864197531,0.012491358024689703,random_forest,delta,fold_1,3h,ppb
2026-08-12T01:15:00Z,1,12.08,12.1,12.081137279541446,-0.0011372795414459347,random_forest,delta,fold_1,3h,ppb
2026-08-12T01:30:00Z,1,12.07,12.08,12.077529618171836,-0.007529618171835395,random_forest,delta,fold_1,3h,ppb
2026-08-12T01:45:00Z,1,12.07,12.08,12.079254772492822,-0.009254772492822028,random_forest,delta,fold_1,3h,ppb
2026-08-12T02:00:00Z,1,12.07,12.08,12.074162766583218,-0.004162766583217348,random_forest,delta,fold_1,3h,ppb
2026-08-12T02:15:00Z,1,12.06,12.09,12.07829783943024,-0.01829783943023955,random_forest,delta,fold_1,3h,ppb
2026-08-12T02:30:00Z,1,12.08,12.1,12.087444400352734,-0.007444400352733638,random_forest,delta,fold_1,3h,ppb
2026-08-12T02:45:00Z,1,12.15,12.11,12.092156349206348,0.057843650793651946,random_forest,delta,fold_1,3h,ppb
2026-08-12T03:00:00Z,1,12.14,12.11,12.043761243386243,0.09623875661375791,random_forest,delta,fold_1,3h,ppb
2026-08-12T03:15:00Z,1,12.06,12.09,12.029622751322751,0.030377248677249113,random_forest,delta,fold_1,3h,ppb
2026-08-12T03:30:00Z,1,12.07,12.09,12.03735582010582,0.03264417989418078,random_forest,delta,fold_1,3h,ppb
2026-08-12T03:45:00Z,1,12.02,12.11,12.050777513227512,-0.030777513227512543,random_forest,delta,fold_1,3h,ppb
2026-08-12T04:00:00Z,1,12.01,12.09,12.039959193121692,-0.029959193121692707,random_forest,delta,fold_1,3h,ppb
2026-08-12T04:15:00Z,1,12.0,12.08,12.033645089786756,-0.03364508978675573,random_forest,delta,fold_1,3h,ppb
2026-08-12T04:30:00Z,1,11.95,12.07,12.024726306717973,-0.07472630671797376,random_forest,delta,fold_1,3h,ppb
2026-08-12T04:45:00Z,1,11.99,12.07,12.029456222943724,-0.03945622294372342,random_forest,delta,fold_1,3h,ppb
2026-08-12T05:00:00Z,1,12.0,12.07,12.023072131496198,-0.023072131496197912,random_forest,delta,fold_1,3h,ppb
2026-08-12T05:15:00Z,1,11.99,12.06,12.014811836081737,-0.02481183608173687,random_forest,delta,fold_1,3h,ppb
2026-08-12T05:30:00Z,1,12.03,12.08,12.032999219807628,-0.002999219807628961,random_forest,delta,fold_1,3h,ppb
2026-08-12T05:45:00Z,1,12.09,12.15,12.079020965608466,0.010979034391533915,random_forest,delta,fold_1,3h,ppb
2026-08-12T06:00:00Z,1,12.12,12.14,12.070015057319225,0.04998494268077458,random_forest,delta,fold_1,3h,ppb
2026-08-12T06:15:00Z,1,12.05,12.06,12.02430130288877,0.025698697111231183,random_forest,delta,fold_1,3h,ppb
2026-08-12T06:30:00Z,1,11.98,12.07,12.033987755124567,-0.05398775512456666,random_forest,delta,fold_1,3h,ppb
2026-08-12T06:45:00Z,1,12.0,12.02,12.008982802415114,-0.008982802415113511,random_forest,delta,fold_1,3h,ppb
2026-08-12T07:00:00Z,1,12.01,12.01,12.00708563688584,0.0029143631141597126,random_forest,delta,fold_1,3h,ppb
2026-08-12T07:15:00Z,1,11.99,12.0,12.007720584888949,-0.017720584888948565,random_forest,delta,fold_1,3h,ppb
2026-08-12T07:30:00Z,1,12.01,11.95,11.996669135802469,0.013330864197531156,random_forest,delta,fold_1,3h,ppb
2026-08-12T07:45:00Z,1,12.02,11.99,12.014215982672722,0.005784017327277624,random_forest,delta,fold_1,3h,ppb
2026-08-12T08:00:00Z,1,12.01,12.0,12.009987712952885,1.2287047114867278e-05,random_forest,delta,fold_1,3h,ppb
2026-08-12T08:15:00Z,1,12.02,11.99,11.996937877670728,0.023062122329271517,random_forest,delta,fold_1,3h,ppb
2026-08-12T08:30:00Z,1,12.04,12.03,12.00807498560097,0.03192501439902884,random_forest,delta,fold_1,3h,ppb
2026-08-12T08:45:00Z,1,11.99,12.09,12.021299867724867,-0.031299867724866814,random_forest,delta,fold_1,3h,ppb
2026-08-12T09:00:00Z,1,12.03,12.12,12.066803108465608,-0.03680310846560886,random_forest,delta,fold_1,3h,ppb
2026-08-12T09:15:00Z,1,11.99,12.05,12.015163503163503,-0.02516350316350291,random_forest,delta,fold_1,3h,ppb
2026-08-12T09:30:00Z,1,12.0,11.98,11.982464171245422,0.017535828754578375,random_forest,delta,fold_1,3h,ppb
2026-08-12T09:45:00Z,1,12.02,12.0,11.99384443535266,0.026155564647339702,random_forest,delta,fold_1,3h,ppb
2026-08-12T10:00:00Z,1,12.04,12.01,12.009760755983265,0.030239244016733835,random_forest,delta,fold_1,3h,ppb
2026-08-12T10:15:00Z,1,12.02,11.99,12.001208306406223,0.018791693593776415,random_forest,delta,fold_1,3h,ppb
2026-08-12T10:30:00Z,1,12.07,12.01,12.010879414083858,0.05912058591614233,random_forest,delta,fold_1,3h,ppb
2026-08-12T10:45:00Z,1,12.05,12.02,12.000880332327137,0.0491196676728638,random_forest,delta,fold_1,3h,ppb
2026-08-12T11:00:00Z,1,12.05,12.01,11.994665513838013,0.05533448616198733,random_forest,delta,fold_1,3h,ppb
2026-08-12T11:15:00Z,1,12.04,12.02,12.001973996851103,0.03802600314889659,random_forest,delta,fold_1,3h,ppb
2026-08-12T11:30:00Z,1,12.01,12.04,12.018659913989518,-0.008659913989518486,random_forest,delta,fold_1,3h,ppb
2026-08-12T11:45:00Z,1,11.89,11.99,11.976696533071534,-0.08669653307153347,random_forest,delta,fold_1,3h,ppb
2026-08-12T12:00:00Z,1,11.87,12.03,12.00426884920635,-0.13426884920635018,random_forest,delta,fold_1,3h,ppb
2026-08-12T12:15:00Z,1,11.93,11.99,11.974907473544974,-0.04490747354497415,random_forest,delta,fold_1,3h,ppb
2026-08-12T12:30:00Z,1,11.95,12.0,11.966723853615521,-0.01672385361552209,random_forest,delta,fold_1,3h,ppb
2026-08-12T12:45:00Z,1,12.04,12.02,11.998873412698412,0.041126587301587136,random_forest,delta,fold_1,3h,ppb
2026-08-12T13:00:00Z,1,12.14,12.04,12.143540277777777,-0.003540277777776879,random_forest,delta,fold_1,3h,ppb
2026-08-12T13:15:00Z,1,12.26,12.02,12.145797883597883,0.11420211640211697,random_forest,delta,fold_1,3h,ppb
2026-08-12T13:30:00Z,1,12.24,12.07,12.1591826984127,0.0808173015873006,random_forest,delta,fold_1,3h,ppb
2026-08-12T13:45:00Z,1,12.18,12.05,12.151189576719577,0.02881042328042227,random_forest,delta,fold_1,3h,ppb
2026-08-12T14:00:00Z,1,12.14,12.05,12.139814282743702,0.00018571725629890068,random_forest,delta,fold_1,3h,ppb
2026-08-12T14:15:00Z,1,12.14,12.04,12.121769982737618,0.018230017262382603,random_forest,delta,fold_1,3h,ppb
2026-08-12T14:30:00Z,1,12.1,12.01,12.113613308316893,-0.013613308316893225,random_forest,delta,fold_1,3h,ppb
2026-08-12T14:45:00Z,1,12.1,11.89,12.084908531746033,0.015091468253967122,random_forest,delta,fold_1,3h,ppb
2026-08-12T15:00:00Z,1,12.1,11.87,12.072924140211638,0.027075859788361356,random_forest,delta,fold_1,3h,ppb
2026-08-12T15:15:00Z,1,12.09,11.93,12.110311904761904,-0.02031190476190403,random_forest,delta,fold_1,3h,ppb
2026-08-12T15:30:00Z,1,12.1,11.95,12.086061904761904,0.013938095238096082,random_forest,delta,fold_1,3h,ppb
2026-08-12T15:45:00Z,1,12.1,12.04,12.089923679789555,0.010076320210444578,random_forest,delta,fold_1,3h,ppb
2026-08-12T16:00:00Z,1,12.11,12.14,12.089400553150554,0.020599446849445258,random_forest,delta,fold_1,3h,ppb
2026-08-12T16:15:00Z,1,12.1,12.26,12.149053902116401,-0.049053902116401815,random_forest,delta,fold_1,3h,ppb
2026-08-12T16:30:00Z,1,12.08,12.24,12.136971075837742,-0.05697107583774219,random_forest,delta,fold_1,3h,ppb
2026-08-12T16:45:00Z,1,12.07,12.18,12.097591865079364,-0.027591865079363842,random_forest,delta,fold_1,3h,ppb
2026-08-12T17:00:00Z,1,12.07,12.14,12.082397839506173,-0.012397839506173014,random_forest,delta,fold_1,3h,ppb
2026-08-12T17:15:00Z,1,12.07,12.14,12.084932363315698,-0.014932363315697472,random_forest,delta,fold_1,3h,ppb
2026-08-12T17:30:00Z,1,12.05,12.1,12.067035030864197,-0.017035030864196443,random_forest,delta,fold_1,3h,ppb
2026-08-12T17:45:00Z,1,12.09,12.1,12.066744444444444,0.02325555555555603,random_forest,delta,fold_1,3h,ppb
2026-08-12T18:00:00Z,1,12.1,12.1,12.072185141093474,0.027814858906525686,random_forest,delta,fold_1,3h,ppb
2026-08-12T18:15:00Z,1,12.1,12.09,12.069083419032715,0.030916580967284446,random_forest,delta,fold_1,3h,ppb
2026-08-12T18:30:00Z,1,12.11,12.1,12.077809856501522,0.03219014349847704,random_forest,delta,fold_1,3h,ppb
2026-08-12T18:45:00Z,1,12.11,12.1,12.08084297475334,0.02915702524665953,random_forest,delta,fold_1,3h,ppb
2026-08-12T19:00:00Z,1,12.11,12.11,12.090378262786595,0.01962173721340399,random_forest,delta,fold_1,3h,ppb
2026-08-12T19:15:00Z,1,12.11,12.1,12.082637632275132,0.027362367724867553,random_forest,delta,fold_1,3h,ppb
2026-08-12T19:30:00Z,1,12.1,12.08,12.077164867600207,0.022835132399793068,random_forest,delta,fold_1,3h,ppb
2026-08-12T19:45:00Z,1,12.1,12.07,12.070646337138134,0.02935366286186536,random_forest,delta,fold_1,3h,ppb
2026-08-12T20:00:00Z,1,12.09,12.07,12.07651044270978,0.013489557290219167,random_forest,delta,fold_1,3h,ppb
2026-08-12T20:15:00Z,1,12.09,12.07,12.079987008871994,0.010012991128006021,random_forest,delta,fold_1,3h,ppb
2026-08-12T20:30:00Z,1,12.09,12.05,12.073499965153639,0.01650003484636109,random_forest,delta,fold_1,3h,ppb
2026-08-12T20:45:00Z,1,12.09,12.09,12.08303188607065,0.006968113929350039,random_forest,delta,fold_1,3h,ppb
2026-08-12T21:00:00Z,1,12.08,12.1,12.08464983076564,-0.004649830765639962,random_forest,delta,fold_1,3h,ppb
2026-08-12T21:15:00Z,1,12.07,12.1,12.08320393129474,-0.013203931294739846,random_forest,delta,fold_1,3h,ppb
2026-08-12T21:30:00Z,1,12.1,12.11,12.085917195767195,0.014082804232804946,random_forest,delta,fold_1,3h,ppb
2026-08-12T21:45:00Z,1,12.1,12.11,12.089200198412698,0.010799801587301872,random_forest,delta,fold_1,3h,ppb
2026-08-12T22:00:00Z,1,12.08,12.11,12.092585356364769,-0.01258535636476843,random_forest,delta,fold_1,3h,ppb
2026-08-12T22:15:00Z,1,12.09,12.11,12.091872266313933,-0.001872266313933224,random_forest,delta,fold_1,3h,ppb
2026-08-12T22:30:00Z,1,12.08,12.1,12.087965454144621,-0.00796545414462102,random_forest,delta,fold_1,3h,ppb
2026-08-12T22:45:00Z,1,12.09,12.1,12.09134098324515,-0.0013409832451500847,random_forest,delta,fold_1,3h,ppb
2026-08-12T23:00:00Z,1,12.1,12.09,12.09034137731571,0.009658622684289853,random_forest,delta,fold_1,3h,ppb
2026-08-12T23:15:00Z,1,12.1,12.09,12.092648397591063,0.0073516024089368415,random_forest,delta,fold_1,3h,ppb
2026-08-12T23:30:00Z,1,12.11,12.09,12.087584281570152,0.022415718429847686,random_forest,delta,fold_1,3h,ppb
2026-08-12T23:45:00Z,1,12.13,12.09,12.089013100501383,0.040986899498618,random_forest,delta,fold_1,3h,ppb
2026-08-13T00:00:00Z,1,12.12,12.08,12.087998664907632,0.032001335092367356,random_forest,delta,fold_1,3h,ppb
2026-08-13T00:15:00Z,1,12.11,12.07,12.085079117420976,0.02492088257902303,random_forest,delta,fold_1,3h,ppb
2026-08-13T00:30:00Z,1,12.12,12.1,12.094972644928479,0.02502735507152032,random_forest,delta,fold_1,3h,ppb
2026-08-13T00:45:00Z,1,12.13,12.1,12.094497843341177,0.035502156658823836,random_forest,delta,fold_1,3h,ppb
2026-08-13T01:00:00Z,1,12.15,12.08,12.080528556893094,0.0694714431069059,random_forest,delta,fold_1,3h,ppb
2026-08-13T01:15:00Z,1,12.16,12.09,12.08130078980829,0.07869921019170967,random_forest,delta,fold_1,3h,ppb
2026-08-13T01:30:00Z,1,12.16,12.08,12.076073030469415,0.08392696953058554,random_forest,delta,fold_1,3h,ppb
2026-08-13T01:45:00Z,1,12.13,12.09,12.080912532066698,0.049087467933302875,random_forest,delta,fold_1,3h,ppb
2026-08-13T02:00:00Z,1,12.13,12.1,12.081714533595733,0.04828546640426801,random_forest,delta,fold_1,3h,ppb
2026-08-13T02:15:00Z,1,12.11,12.1,12.081678924162258,0.02832107583774146,random_forest,delta,fold_1,3h,ppb
2026-08-13T02:30:00Z,1,12.09,12.11,12.090442328042329,-0.00044232804232891,random_forest,delta,fold_1,3h,ppb
2026-08-13T02:45:00Z,1,12.07,12.13,12.091911904761906,-0.021911904761905632,random_forest,delta,fold_1,3h,ppb
2026-08-13T03:00:00Z,1,12.07,12.12,12.058098148148147,0.011901851851852996,random_forest,delta,fold_1,3h,ppb
2026-08-13T03:15:00Z,1,12.08,12.11,12.048540130240129,0.03145986975987114,random_forest,delta,fold_1,3h,ppb
2026-08-13T03:30:00Z,1,12.05,12.12,12.056889865689865,-0.006889865689863939,random_forest,delta,fold_1,3h,ppb
2026-08-13T03:45:00Z,1,12.01,12.13,12.063791056166057,-0.05379105616605706,random_forest,delta,fold_1,3h,ppb
2026-08-13T04:00:00Z,1,12.01,12.15,12.077953791887126,-0.0679537918871258,random_forest,delta,fold_1,3h,ppb
2026-08-13T04:15:00Z,1,12.02,12.16,12.089909442409443,-0.0699094424094433,random_forest,delta,fold_1,3h,ppb
2026-08-13T04:30:00Z,1,12.03,12.16,12.093143915343916,-0.06314391534391639,random_forest,delta,fold_1,3h,ppb
2026-08-13T04:45:00Z,1,12.01,12.13,12.061915211640212,-0.05191521164021218,random_forest,delta,fold_1,3h,ppb
2026-08-13T05:00:00Z,1,11.98,12.13,12.064164021164022,-0.08416402116402111,random_forest,delta,fold_1,3h,ppb
2026-08-13T05:15:00Z,1,11.98,12.11,12.053395502645502,-0.07339550264550176,random_forest,delta,fold_1,3h,ppb
2026-08-13T05:30:00Z,1,12.07,12.09,12.047146428571429,0.022853571428571584,random_forest,delta,fold_1,3h,ppb
2026-08-13T05:45:00Z,1,12.03,12.07,12.034572965037867,-0.00457296503786786,random_forest,delta,fold_1,3h,ppb
2026-08-13T06:00:00Z,1,12.01,12.07,12.03865033015631,-0.028650330156310133,random_forest,delta,fold_1,3h,ppb
2026-08-13T06:30:00Z,1,12.02,12.05,12.025069608530647,-0.005069608530646974,random_forest,delta,fold_1,3h,ppb
2026-08-13T06:45:00Z,1,11.97,12.01,12.001714318237944,-0.03171431823794357,random_forest,delta,fold_1,3h,ppb
2026-08-13T07:00:00Z,1,11.98,12.01,11.993182743892124,-0.013182743892123483,random_forest,delta,fold_1,3h,ppb
2026-08-13T07:15:00Z,1,11.98,12.02,12.01364316479838,-0.03364316479837903,random_forest,delta,fold_1,3h,ppb
2026-08-13T07:30:00Z,1,12.03,12.03,12.037076800026469,-0.0070768000264695985,random_forest,delta,fold_1,3h,ppb
2026-08-13T07:45:00Z,1,12.02,12.01,12.01843203893331,0.0015679610666889943,random_forest,delta,fold_1,3h,ppb
2026-08-13T08:00:00Z,1,12.06,11.98,12.003042617921196,0.05695738207880474,random_forest,delta,fold_1,3h,ppb
2026-08-13T08:15:00Z,1,12.07,11.98,12.003044119162519,0.06695588083748127,random_forest,delta,fold_1,3h,ppb
2026-08-13T08:30:00Z,1,12.03,12.07,12.0395238652397,-0.009523865239700058,random_forest,delta,fold_1,3h,ppb
2026-08-13T08:45:00Z,1,11.97,12.03,12.023030948388092,-0.053030948388091304,random_forest,delta,fold_1,3h,ppb
2026-08-13T09:00:00Z,1,12.02,12.01,12.003145899582849,0.01685410041715052,random_forest,delta,fold_1,3h,ppb
2026-08-13T09:30:00Z,1,12.01,12.02,12.01942845184497,-0.009428451844970098,random_forest,delta,fold_1,3h,ppb
2026-08-13T09:45:00Z,1,12.01,11.97,11.99815268978606,0.011847310213939366,random_forest,delta,fold_1,3h,ppb
2026-08-13T10:00:00Z,1,12.01,11.98,11.998536265354746,0.011463734645253965,random_forest,delta,fold_1,3h,ppb
2026-08-13T10:15:00Z,1,12.03,11.98,11.996503115068817,0.03349688493118208,random_forest,delta,fold_1,3h,ppb
2026-08-13T10:30:00Z,1,12.04,12.03,12.017620492000896,0.022379507999103154,random_forest,delta,fold_1,3h,ppb
2026-08-13T10:45:00Z,1,12.1,12.02,12.006719650752107,0.09328034924789286,random_forest,delta,fold_1,3h,ppb
2026-08-13T11:00:00Z,1,12.05,12.06,12.029782685863378,0.020217314136623088,random_forest,delta,fold_1,3h,ppb
2026-08-13T11:15:00Z,1,12.07,12.07,12.050957525020463,0.01904247497953726,random_forest,delta,fold_1,3h,ppb
2026-08-13T11:30:00Z,1,11.99,12.03,12.02454753512445,-0.034547535124449524,random_forest,delta,fold_1,3h,ppb
2026-08-13T11:45:00Z,1,11.92,11.97,11.990003835978836,-0.07000383597883619,random_forest,delta,fold_1,3h,ppb
2026-08-13T12:00:00Z,1,11.88,12.02,12.003549228871552,-0.12354922887155162,random_forest,delta,fold_1,3h,ppb
2026-08-13T12:15:00Z,1,11.92,12.02,12.003303502025863,-0.08330350202586345,random_forest,delta,fold_1,3h,ppb
2026-08-13T12:30:00Z,1,12.04,12.01,12.00263201207164,0.03736798792835927,random_forest,delta,fold_1,3h,ppb
2026-08-13T12:45:00Z,1,12.14,12.01,12.007168584656085,0.13283141534391518,random_forest,delta,fold_1,3h,ppb
2026-08-13T13:00:00Z,1,12.17,12.01,12.135926807760141,0.03407319223985894,random_forest,delta,fold_1,3h,ppb
2026-08-13T13:15:00Z,1,12.19,12.03,12.139420458553792,0.0505795414462078,random_forest,delta,fold_1,3h,ppb
2026-08-13T13:30:00Z,1,12.15,12.04,12.131883712522045,0.01811628747795524,random_forest,delta,fold_1,3h,ppb
2026-08-13T13:45:00Z,1,12.12,12.1,12.111871628988295,0.00812837101170416,random_forest,delta,fold_1,3h,ppb
2026-08-13T14:00:00Z,1,12.13,12.05,12.106452113431532,0.023547886568469067,random_forest,delta,fold_1,3h,ppb
2026-08-13T14:15:00Z,1,12.13,12.07,12.11415209596123,0.01584790403877001,random_forest,delta,fold_1,3h,ppb
2026-08-13T14:30:00Z,1,12.11,11.99,12.058950141808475,0.05104985819152397,random_forest,delta,fold_1,3h,ppb
2026-08-13T14:45:00Z,1,12.08,11.92,12.079459048334048,0.0005409516659522495,random_forest,delta,fold_1,3h,ppb
2026-08-13T15:00:00Z,1,12.09,11.88,12.0641901991277,0.02580980087230067,random_forest,delta,fold_1,3h,ppb
2026-08-13T15:15:00Z,1,12.09,11.92,12.087544973544974,0.0024550264550260437,random_forest,delta,fold_1,3h,ppb
2026-08-13T15:30:00Z,1,12.09,12.04,12.103853950617284,-0.013853950617283672,random_forest,delta,fold_1,3h,ppb
2026-08-13T15:45:00Z,1,12.09,12.14,12.103516446208113,-0.013516446208113209,random_forest,delta,fold_1,3h,ppb
2026-08-13T16:00:00Z,1,12.11,12.17,12.096035758377425,0.013964241622574036,random_forest,delta,fold_1,3h,ppb
2026-08-13T16:15:00Z,1,12.13,12.19,12.097855621693121,0.03214437830687977,random_forest,delta,fold_1,3h,ppb
2026-08-13T16:30:00Z,1,12.11,12.15,12.08015811287478,0.029841887125218847,random_forest,delta,fold_1,3h,ppb
2026-08-13T16:45:00Z,1,12.11,12.12,12.06158291446208,0.04841708553791868,random_forest,delta,fold_1,3h,ppb
2026-08-13T17:00:00Z,1,12.1,12.13,12.071556283068784,0.028443716931215945,random_forest,delta,fold_1,3h,ppb
2026-08-13T17:15:00Z,1,12.11,12.13,12.075826527176527,0.03417347282347194,random_forest,delta,fold_1,3h,ppb
2026-08-13T17:30:00Z,1,12.09,12.11,12.084646164021164,0.005353835978835875,random_forest,delta,fold_1,3h,ppb
2026-08-13T17:45:00Z,1,12.08,12.08,12.07047475250565,0.009525247494350353,random_forest,delta,fold_1,3h,ppb
2026-08-13T18:00:00Z,1,12.08,12.09,12.074648622046288,0.005351377953711989,random_forest,delta,fold_1,3h,ppb
2026-08-13T18:15:00Z,1,12.09,12.09,12.077813722631976,0.012186277368023468,random_forest,delta,fold_1,3h,ppb
2026-08-13T18:30:00Z,1,12.09,12.09,12.080082250887157,0.0099177491128426,random_forest,delta,fold_1,3h,ppb
2026-08-13T18:45:00Z,1,12.07,12.09,12.079406417632862,-0.009406417632861874,random_forest,delta,fold_1,3h,ppb
2026-08-13T19:00:00Z,1,12.09,12.11,12.091332431457431,-0.0013324314574312268,random_forest,delta,fold_1,3h,ppb
2026-08-13T19:15:00Z,1,12.1,12.13,12.084267241863076,0.015732758136923763,random_forest,delta,fold_1,3h,ppb
2026-08-13T19:30:00Z,1,12.11,12.11,12.086887489979157,0.02311251002084269,random_forest,delta,fold_1,3h,ppb
2026-08-13T19:45:00Z,1,12.1,12.11,12.087157848324514,0.012842151675485525,random_forest,delta,fold_1,3h,ppb
2026-08-13T20:00:00Z,1,12.1,12.1,12.08071877104377,0.019281228956229413,random_forest,delta,fold_1,3h,ppb
2026-08-13T20:15:00Z,1,12.09,12.11,12.092555158730159,-0.0025551587301588796,random_forest,delta,fold_1,3h,ppb
2026-08-13T20:30:00Z,1,12.1,12.09,12.078376218246383,0.021623781753616456,random_forest,delta,fold_1,3h,ppb
2026-08-13T20:45:00Z,1,12.08,12.08,12.08369584594035,-0.0036958459403493293,random_forest,delta,fold_1,3h,ppb
2026-08-13T21:00:00Z,1,12.09,12.08,12.086233736646246,0.0037662633537536294,random_forest,delta,fold_1,3h,ppb
2026-08-13T21:15:00Z,1,12.09,12.09,12.08766996932206,0.002330030677939021,random_forest,delta,fold_1,3h,ppb
2026-08-13T21:30:00Z,1,12.07,12.09,12.08839411227787,-0.018394112277869468,random_forest,delta,fold_1,3h,ppb
2026-08-13T21:45:00Z,1,12.08,12.07,12.083174571167365,-0.0031745711673654142,random_forest,delta,fold_1,3h,ppb
2026-08-13T22:00:00Z,1,12.09,12.09,12.089106581592464,0.0008934184075357621,random_forest,delta,fold_1,3h,ppb
2026-08-13T22:15:00Z,1,12.08,12.1,12.09020936968182,-0.01020936968181907,random_forest,delta,fold_1,3h,ppb
2026-08-13T22:30:00Z,1,12.11,12.11,12.096456066441728,0.013543933558270993,random_forest,delta,fold_1,3h,ppb
2026-08-13T22:45:00Z,1,12.1,12.1,12.086113473849135,0.013886526150864498,random_forest,delta,fold_1,3h,ppb
2026-08-13T23:00:00Z,1,12.1,12.1,12.089869651875901,0.010130348124098632,random_forest,delta,fold_1,3h,ppb
2026-08-13T23:15:00Z,1,12.1,12.09,12.088716847051957,0.011283152948042385,random_forest,delta,fold_1,3h,ppb
2026-08-13T23:30:00Z,1,12.1,12.1,12.0950917691188,0.0049082308811989606,random_forest,delta,fold_1,3h,ppb
2026-08-13T23:45:00Z,1,12.11,12.08,12.090723450104896,0.0192765498951033,random_forest,delta,fold_1,3h,ppb
2026-08-12T00:00:00Z,1,12.11,12.06,12.107393264770508,0.002606735229491619,xgboost,absolute,fold_1,3h,ppb
2026-08-12T00:15:00Z,1,12.09,12.07,12.105185508728027,-0.015185508728027486,xgboost,absolute,fold_1,3h,ppb
2026-08-12T00:30:00Z,1,12.09,12.13,12.090943336486816,-0.0009433364868165484,xgboost,absolute,fold_1,3h,ppb
2026-08-12T00:45:00Z,1,12.11,12.12,12.093815803527832,0.0161841964721674,xgboost,absolute,fold_1,3h,ppb
2026-08-12T01:00:00Z,1,12.09,12.13,12.073394775390625,0.016605224609374858,xgboost,absolute,fold_1,3h,ppb
2026-08-12T01:15:00Z,1,12.08,12.1,12.07176399230957,0.008236007690429759,xgboost,absolute,fold_1,3h,ppb
2026-08-12T01:30:00Z,1,12.07,12.08,12.064255714416504,0.005744285583496378,xgboost,absolute,fold_1,3h,ppb
2026-08-12T01:45:00Z,1,12.07,12.08,12.064879417419434,0.0051205825805666905,xgboost,absolute,fold_1,3h,ppb
2026-08-12T02:00:00Z,1,12.07,12.08,12.080288887023926,-0.010288887023925497,xgboost,absolute,fold_1,3h,ppb
2026-08-12T02:15:00Z,1,12.06,12.09,12.0807466506958,-0.020746650695800284,xgboost,absolute,fold_1,3h,ppb
2026-08-12T02:30:00Z,1,12.08,12.1,12.075080871582031,0.004919128417968821,xgboost,absolute,fold_1,3h,ppb
2026-08-12T02:45:00Z,1,12.15,12.11,12.072083473205566,0.07791652679443395,xgboost,absolute,fold_1,3h,ppb
2026-08-12T03:00:00Z,1,12.14,12.11,12.02110767364502,0.11889232635498104,xgboost,absolute,fold_1,3h,ppb
2026-08-12T03:15:00Z,1,12.06,12.09,12.01838493347168,0.04161506652832081,xgboost,absolute,fold_1,3h,ppb
2026-08-12T03:30:00Z,1,12.07,12.09,12.036465644836426,0.0335343551635745,xgboost,absolute,fold_1,3h,ppb
2026-08-12T03:45:00Z,1,12.02,12.11,12.031482696533203,-0.011482696533203551,xgboost,absolute,fold_1,3h,ppb
2026-08-12T04:00:00Z,1,12.01,12.09,12.030035018920898,-0.02003501892089865,xgboost,absolute,fold_1,3h,ppb
2026-08-12T04:15:00Z,1,12.0,12.08,12.040810585021973,-0.040810585021972656,xgboost,absolute,fold_1,3h,ppb
2026-08-12T04:30:00Z,1,11.95,12.07,12.028281211853027,-0.07828121185302805,xgboost,absolute,fold_1,3h,ppb
2026-08-12T04:45:00Z,1,11.99,12.07,12.023462295532227,-0.03346229553222635,xgboost,absolute,fold_1,3h,ppb
2026-08-12T05:00:00Z,1,12.0,12.07,12.017345428466797,-0.017345428466796875,xgboost,absolute,fold_1,3h,ppb
2026-08-12T05:15:00Z,1,11.99,12.06,12.010506629943848,-0.020506629943847443,xgboost,absolute,fold_1,3h,ppb
2026-08-12T05:30:00Z,1,12.03,12.08,12.025938987731934,0.004061012268065767,xgboost,absolute,fold_1,3h,ppb
2026-08-12T05:45:00Z,1,12.09,12.15,12.027371406555176,0.06262859344482408,xgboost,absolute,fold_1,3h,ppb
2026-08-12T06:00:00Z,1,12.12,12.14,12.033889770507812,0.08611022949218672,xgboost,absolute,fold_1,3h,ppb
2026-08-12T06:15:00Z,1,12.05,12.06,12.0307035446167,0.019296455383301492,xgboost,absolute,fold_1,3h,ppb
2026-08-12T06:30:00Z,1,11.98,12.07,12.011614799499512,-0.03161479949951129,xgboost,absolute,fold_1,3h,ppb
2026-08-12T06:45:00Z,1,12.0,12.02,12.008856773376465,-0.008856773376464844,xgboost,absolute,fold_1,3h,ppb
2026-08-12T07:00:00Z,1,12.01,12.01,12.004008293151855,0.005991706848144318,xgboost,absolute,fold_1,3h,ppb
2026-08-12T07:15:00Z,1,11.99,12.0,12.006054878234863,-0.016054878234863068,xgboost,absolute,fold_1,3h,ppb
2026-08-12T07:30:00Z,1,12.01,11.95,12.021585464477539,-0.011585464477539276,xgboost,absolute,fold_1,3h,ppb
2026-08-12T07:45:00Z,1,12.02,11.99,12.034037590026855,-0.014037590026855895,xgboost,absolute,fold_1,3h,ppb
2026-08-12T08:00:00Z,1,12.01,12.0,12.033651351928711,-0.02365135192871115,xgboost,absolute,fold_1,3h,ppb
2026-08-12T08:15:00Z,1,12.02,11.99,12.031665802001953,-0.011665802001953551,xgboost,absolute,fold_1,3h,ppb
2026-08-12T08:30:00Z,1,12.04,12.03,12.026025772094727,0.013974227905272585,xgboost,absolute,fold_1,3h,ppb
2026-08-12T08:45:00Z,1,11.99,12.09,12.012251853942871,-0.02225185394287088,xgboost,absolute,fold_1,3h,ppb
2026-08-12T09:00:00Z,1,12.03,12.12,12.019510269165039,0.010489730834960298,xgboost,absolute,fold_1,3h,ppb
2026-08-12T09:15:00Z,1,11.99,12.05,12.020363807678223,-0.030363807678222443,xgboost,absolute,fold_1,3h,ppb
2026-08-12T09:30:00Z,1,12.0,11.98,12.024895668029785,-0.024895668029785156,xgboost,absolute,fold_1,3h,ppb
2026-08-12T09:45:00Z,1,12.02,12.0,12.026962280273438,-0.006962280273437926,xgboost,absolute,fold_1,3h,ppb
2026-08-12T10:00:00Z,1,12.04,12.01,12.022982597351074,0.01701740264892493,xgboost,absolute,fold_1,3h,ppb
2026-08-12T10:15:00Z,1,12.02,11.99,12.025639533996582,-0.005639533996582458,xgboost,absolute,fold_1,3h,ppb
2026-08-12T10:30:00Z,1,12.07,12.01,12.042952537536621,0.02704746246337919,xgboost,absolute,fold_1,3h,ppb
2026-08-12T10:45:00Z,1,12.05,12.02,11.997230529785156,0.05276947021484446,xgboost,absolute,fold_1,3h,ppb
2026-08-12T11:00:00Z,1,12.05,12.01,11.993295669555664,0.05670433044433665,xgboost,absolute,fold_1,3h,ppb
2026-08-12T11:15:00Z,1,12.04,12.02,11.980940818786621,0.059059181213378054,xgboost,absolute,fold_1,3h,ppb
2026-08-12T11:30:00Z,1,12.01,12.04,11.995977401733398,0.01402259826660135,xgboost,absolute,fold_1,3h,ppb
2026-08-12T11:45:00Z,1,11.89,11.99,11.961627006530762,-0.07162700653076115,xgboost,absolute,fold_1,3h,ppb
2026-08-12T12:00:00Z,1,11.87,12.03,11.957074165344238,-0.08707416534423906,xgboost,absolute,fold_1,3h,ppb
2026-08-12T12:15:00Z,1,11.93,11.99,11.961968421936035,-0.03196842193603544,xgboost,absolute,fold_1,3h,ppb
2026-08-12T12:30:00Z,1,11.95,12.0,11.951638221740723,-0.0016382217407233668,xgboost,absolute,fold_1,3h,ppb
2026-08-12T12:45:00Z,1,12.04,12.02,11.962218284606934,0.07778171539306555,xgboost,absolute,fold_1,3h,ppb
2026-08-12T13:00:00Z,1,12.14,12.04,12.16147232055664,-0.021472320556640057,xgboost,absolute,fold_1,3h,ppb
2026-08-12T13:15:00Z,1,12.26,12.02,12.191998481750488,0.0680015182495115,xgboost,absolute,fold_1,3h,ppb
2026-08-12T13:30:00Z,1,12.24,12.07,12.172481536865234,0.06751846313476584,xgboost,absolute,fold_1,3h,ppb
2026-08-12T13:45:00Z,1,12.18,12.05,12.159000396728516,0.02099960327148409,xgboost,absolute,fold_1,3h,ppb
2026-08-12T14:00:00Z,1,12.14,12.05,12.133517265319824,0.00648273468017635,xgboost,absolute,fold_1,3h,ppb
2026-08-12T14:15:00Z,1,12.14,12.04,12.131376266479492,0.008623733520508381,xgboost,absolute,fold_1,3h,ppb
2026-08-12T14:30:00Z,1,12.1,12.01,12.12912368774414,-0.02912368774414098,xgboost,absolute,fold_1,3h,ppb
2026-08-12T14:45:00Z,1,12.1,11.89,12.110276222229004,-0.010276222229004262,xgboost,absolute,fold_1,3h,ppb
2026-08-12T15:00:00Z,1,12.1,11.87,12.09518051147461,0.00481948852539027,xgboost,absolute,fold_1,3h,ppb
2026-08-12T15:15:00Z,1,12.09,11.93,12.09228229522705,-0.0022822952270509234,xgboost,absolute,fold_1,3h,ppb
2026-08-12T15:30:00Z,1,12.1,11.95,12.093100547790527,0.006899452209472301,xgboost,absolute,fold_1,3h,ppb
2026-08-12T15:45:00Z,1,12.1,12.04,12.089619636535645,0.010380363464355113,xgboost,absolute,fold_1,3h,ppb
2026-08-12T16:00:00Z,1,12.11,12.14,12.092759132385254,0.017240867614745525,xgboost,absolute,fold_1,3h,ppb
2026-08-12T16:15:00Z,1,12.1,12.26,12.092044830322266,0.00795516967773402,xgboost,absolute,fold_1,3h,ppb
2026-08-12T16:30:00Z,1,12.08,12.24,12.091897964477539,-0.011897964477538991,xgboost,absolute,fold_1,3h,ppb
2026-08-12T16:45:00Z,1,12.07,12.18,12.089305877685547,-0.01930587768554659,xgboost,absolute,fold_1,3h,ppb
2026-08-12T17:00:00Z,1,12.07,12.14,12.084752082824707,-0.014752082824706747,xgboost,absolute,fold_1,3h,ppb
2026-08-12T17:15:00Z,1,12.07,12.14,12.07837200164795,-0.008372001647948935,xgboost,absolute,fold_1,3h,ppb
2026-08-12T17:30:00Z,1,12.05,12.1,12.078450202941895,-0.02845020294189382,xgboost,absolute,fold_1,3h,ppb
2026-08-12T17:45:00Z,1,12.09,12.1,12.075750350952148,0.01424964904785142,xgboost,absolute,fold_1,3h,ppb
2026-08-12T18:00:00Z,1,12.1,12.1,12.076115608215332,0.023884391784667613,xgboost,absolute,fold_1,3h,ppb
2026-08-12T18:15:00Z,1,12.1,12.09,12.079133987426758,0.020866012573241832,xgboost,absolute,fold_1,3h,ppb
2026-08-12T18:30:00Z,1,12.11,12.1,12.075940132141113,0.03405986785888615,xgboost,absolute,fold_1,3h,ppb
2026-08-12T18:45:00Z,1,12.11,12.1,12.077779769897461,0.032220230102538494,xgboost,absolute,fold_1,3h,ppb
2026-08-12T19:00:00Z,1,12.11,12.11,12.081286430358887,0.028713569641112713,xgboost,absolute,fold_1,3h,ppb
2026-08-12T19:15:00Z,1,12.11,12.1,12.08368968963623,0.026310310363768963,xgboost,absolute,fold_1,3h,ppb
2026-08-12T19:30:00Z,1,12.1,12.08,12.084290504455566,0.01570949554443324,xgboost,absolute,fold_1,3h,ppb
2026-08-12T19:45:00Z,1,12.1,12.07,12.082865715026855,0.017134284973144176,xgboost,absolute,fold_1,3h,ppb
2026-08-12T20:00:00Z,1,12.09,12.07,12.082805633544922,0.007194366455077983,xgboost,absolute,fold_1,3h,ppb
2026-08-12T20:15:00Z,1,12.09,12.07,12.089144706726074,0.0008552932739256391,xgboost,absolute,fold_1,3h,ppb
2026-08-12T20:30:00Z,1,12.09,12.05,12.086202621459961,0.0037973785400389204,xgboost,absolute,fold_1,3h,ppb
2026-08-12T20:45:00Z,1,12.09,12.09,12.087167739868164,0.0028322601318357954,xgboost,absolute,fold_1,3h,ppb
2026-08-12T21:00:00Z,1,12.08,12.1,12.0791015625,0.0008984375000000711,xgboost,absolute,fold_1,3h,ppb
2026-08-12T21:15:00Z,1,12.07,12.1,12.081290245056152,-0.01129024505615206,xgboost,absolute,fold_1,3h,ppb
2026-08-12T21:30:00Z,1,12.1,12.11,12.076592445373535,0.02340755462646449,xgboost,absolute,fold_1,3h,ppb
2026-08-12T21:45:00Z,1,12.1,12.11,12.080930709838867,0.019069290161132457,xgboost,absolute,fold_1,3h,ppb
2026-08-12T22:00:00Z,1,12.08,12.11,12.086782455444336,-0.0067824554443358664,xgboost,absolute,fold_1,3h,ppb
2026-08-12T22:15:00Z,1,12.09,12.11,12.093256950378418,-0.003256950378418111,xgboost,absolute,fold_1,3h,ppb
2026-08-12T22:30:00Z,1,12.08,12.1,12.094916343688965,-0.014916343688964773,xgboost,absolute,fold_1,3h,ppb
2026-08-12T22:45:00Z,1,12.09,12.1,12.088088035583496,0.0019119644165037641,xgboost,absolute,fold_1,3h,ppb
2026-08-12T23:00:00Z,1,12.1,12.09,12.094422340393066,0.0055776596069332385,xgboost,absolute,fold_1,3h,ppb
2026-08-12T23:15:00Z,1,12.1,12.09,12.096824645996094,0.0031753540039058947,xgboost,absolute,fold_1,3h,ppb
2026-08-12T23:30:00Z,1,12.11,12.09,12.085582733154297,0.024417266845702557,xgboost,absolute,fold_1,3h,ppb
2026-08-12T23:45:00Z,1,12.13,12.09,12.084892272949219,0.04510772705078203,xgboost,absolute,fold_1,3h,ppb
2026-08-13T00:00:00Z,1,12.12,12.08,12.088288307189941,0.03171169281005781,xgboost,absolute,fold_1,3h,ppb
2026-08-13T00:15:00Z,1,12.11,12.07,12.104470252990723,0.005529747009276775,xgboost,absolute,fold_1,3h,ppb
2026-08-13T00:30:00Z,1,12.12,12.1,12.106478691101074,0.013521308898925,xgboost,absolute,fold_1,3h,ppb
2026-08-13T00:45:00Z,1,12.13,12.1,12.106009483337402,0.023990516662598438,xgboost,absolute,fold_1,3h,ppb
2026-08-13T01:00:00Z,1,12.15,12.08,12.101856231689453,0.04814376831054723,xgboost,absolute,fold_1,3h,ppb
2026-08-13T01:15:00Z,1,12.16,12.09,12.10067367553711,0.05932632446289077,xgboost,absolute,fold_1,3h,ppb
2026-08-13T01:30:00Z,1,12.16,12.08,12.096144676208496,0.06385532379150405,xgboost,absolute,fold_1,3h,ppb
2026-08-13T01:45:00Z,1,12.13,12.09,12.095558166503906,0.03444183349609453,xgboost,absolute,fold_1,3h,ppb
2026-08-13T02:00:00Z,1,12.13,12.1,12.086264610290527,0.04373538970947344,xgboost,absolute,fold_1,3h,ppb
2026-08-13T02:15:00Z,1,12.11,12.1,12.101216316223145,0.0087836837768549,xgboost,absolute,fold_1,3h,ppb
2026-08-13T02:30:00Z,1,12.09,12.11,12.092340469360352,-0.0023404693603517046,xgboost,absolute,fold_1,3h,ppb
2026-08-13T02:45:00Z,1,12.07,12.13,12.091839790344238,-0.021839790344237997,xgboost,absolute,fold_1,3h,ppb
2026-08-13T03:00:00Z,1,12.07,12.12,12.05305290222168,0.016947097778320597,xgboost,absolute,fold_1,3h,ppb
2026-08-13T03:15:00Z,1,12.08,12.11,12.055900573730469,0.02409942626953132,xgboost,absolute,fold_1,3h,ppb
2026-08-13T03:30:00Z,1,12.05,12.12,12.052042007446289,-0.002042007446288352,xgboost,absolute,fold_1,3h,ppb
2026-08-13T03:45:00Z,1,12.01,12.13,12.042197227478027,-0.03219722747802756,xgboost,absolute,fold_1,3h,ppb
2026-08-13T04:00:00Z,1,12.01,12.15,12.03485107421875,-0.024851074218750213,xgboost,absolute,fold_1,3h,ppb
2026-08-13T04:15:00Z,1,12.02,12.16,12.034255981445312,-0.014255981445312926,xgboost,absolute,fold_1,3h,ppb
2026-08-13T04:30:00Z,1,12.03,12.16,12.047444343566895,-0.01744434356689517,xgboost,absolute,fold_1,3h,ppb
2026-08-13T04:45:00Z,1,12.01,12.13,12.052605628967285,-0.04260562896728537,xgboost,absolute,fold_1,3h,ppb
2026-08-13T05:00:00Z,1,11.98,12.13,12.053543090820312,-0.07354309082031207,xgboost,absolute,fold_1,3h,ppb
2026-08-13T05:15:00Z,1,11.98,12.11,12.045347213745117,-0.06534721374511676,xgboost,absolute,fold_1,3h,ppb
2026-08-13T05:30:00Z,1,12.07,12.09,12.042354583740234,0.02764541625976591,xgboost,absolute,fold_1,3h,ppb
2026-08-13T05:45:00Z,1,12.03,12.07,12.03577995300293,-0.005779953002930327,xgboost,absolute,fold_1,3h,ppb
2026-08-13T06:00:00Z,1,12.01,12.07,12.035662651062012,-0.025662651062011932,xgboost,absolute,fold_1,3h,ppb
2026-08-13T06:30:00Z,1,12.02,12.05,12.046399116516113,-0.026399116516113708,xgboost,absolute,fold_1,3h,ppb
2026-08-13T06:45:00Z,1,11.97,12.01,12.03543758392334,-0.0654375839233392,xgboost,absolute,fold_1,3h,ppb
2026-08-13T07:00:00Z,1,11.98,12.01,12.029645919799805,-0.04964591979980426,xgboost,absolute,fold_1,3h,ppb
2026-08-13T07:15:00Z,1,11.98,12.02,12.038917541503906,-0.058917541503905824,xgboost,absolute,fold_1,3h,ppb
2026-08-13T07:30:00Z,1,12.03,12.03,12.051822662353516,-0.021822662353516264,xgboost,absolute,fold_1,3h,ppb
2026-08-13T07:45:00Z,1,12.02,12.01,12.052828788757324,-0.032828788757324645,xgboost,absolute,fold_1,3h,ppb
2026-08-13T08:00:00Z,1,12.06,11.98,12.03808879852295,0.02191120147705128,xgboost,absolute,fold_1,3h,ppb
2026-08-13T08:15:00Z,1,12.07,11.98,12.035679817199707,0.03432018280029325,xgboost,absolute,fold_1,3h,ppb
2026-08-13T08:30:00Z,1,12.03,12.07,12.02336311340332,0.006636886596679048,xgboost,absolute,fold_1,3h,ppb
2026-08-13T08:45:00Z,1,11.97,12.03,12.020848274230957,-0.05084827423095639,xgboost,absolute,fold_1,3h,ppb
2026-08-13T09:00:00Z,1,12.02,12.01,12.00597095489502,0.014029045104980042,xgboost,absolute,fold_1,3h,ppb
2026-08-13T09:30:00Z,1,12.01,12.02,12.025370597839355,-0.015370597839355682,xgboost,absolute,fold_1,3h,ppb
2026-08-13T09:45:00Z,1,12.01,11.97,12.005453109741211,0.004546890258788849,xgboost,absolute,fold_1,3h,ppb
2026-08-13T10:00:00Z,1,12.01,11.98,12.015775680541992,-0.005775680541992401,xgboost,absolute,fold_1,3h,ppb
2026-08-13T10:15:00Z,1,12.03,11.98,12.02178955078125,0.00821044921874936,xgboost,absolute,fold_1,3h,ppb
2026-08-13T10:30:00Z,1,12.04,12.03,12.02476692199707,0.015233078002928835,xgboost,absolute,fold_1,3h,ppb
2026-08-13T10:45:00Z,1,12.1,12.02,12.018997192382812,0.08100280761718714,xgboost,absolute,fold_1,3h,ppb
2026-08-13T11:00:00Z,1,12.05,12.06,12.01708984375,0.03291015625000071,xgboost,absolute,fold_1,3h,ppb
2026-08-13T11:15:00Z,1,12.07,12.07,12.039600372314453,0.03039962768554716,xgboost,absolute,fold_1,3h,ppb
2026-08-13T11:30:00Z,1,11.99,12.03,12.028711318969727,-0.03871131896972635,xgboost,absolute,fold_1,3h,ppb
2026-08-13T11:45:00Z,1,11.92,11.97,12.008319854736328,-0.0883198547363282,xgboost,absolute,fold_1,3h,ppb
2026-08-13T12:00:00Z,1,11.88,12.02,12.018807411193848,-0.13880741119384687,xgboost,absolute,fold_1,3h,ppb
2026-08-13T12:15:00Z,1,11.92,12.02,12.019210815429688,-0.09921081542968757,xgboost,absolute,fold_1,3h,ppb
2026-08-13T12:30:00Z,1,12.04,12.01,12.017478942871094,0.022521057128905397,xgboost,absolute,fold_1,3h,ppb
2026-08-13T12:45:00Z,1,12.14,12.01,12.042339324951172,0.0976606750488287,xgboost,absolute,fold_1,3h,ppb
2026-08-13T13:00:00Z,1,12.17,12.01,12.165678024291992,0.0043219757080077414,xgboost,absolute,fold_1,3h,ppb
2026-08-13T13:15:00Z,1,12.19,12.03,12.15693473815918,0.033065261840819815,xgboost,absolute,fold_1,3h,ppb
2026-08-13T13:30:00Z,1,12.15,12.04,12.15127182006836,-0.0012718200683590197,xgboost,absolute,fold_1,3h,ppb
2026-08-13T13:45:00Z,1,12.12,12.1,12.124785423278809,-0.004785423278809375,xgboost,absolute,fold_1,3h,ppb
2026-08-13T14:00:00Z,1,12.13,12.05,12.106913566589355,0.023086433410645313,xgboost,absolute,fold_1,3h,ppb
2026-08-13T14:15:00Z,1,12.13,12.07,12.099454879760742,0.030545120239258594,xgboost,absolute,fold_1,3h,ppb
2026-08-13T14:30:00Z,1,12.11,11.99,12.098275184631348,0.011724815368651775,xgboost,absolute,fold_1,3h,ppb
2026-08-13T14:45:00Z,1,12.08,11.92,12.09519100189209,-0.015191001892089773,xgboost,absolute,fold_1,3h,ppb
2026-08-13T15:00:00Z,1,12.09,11.88,12.08950138092041,0.0004986190795897016,xgboost,absolute,fold_1,3h,ppb
2026-08-13T15:15:00Z,1,12.09,11.92,12.089350700378418,0.0006492996215818891,xgboost,absolute,fold_1,3h,ppb
2026-08-13T15:30:00Z,1,12.09,12.04,12.083806037902832,0.006193962097167827,xgboost,absolute,fold_1,3h,ppb
2026-08-13T15:45:00Z,1,12.09,12.14,12.084049224853516,0.005950775146484233,xgboost,absolute,fold_1,3h,ppb
2026-08-13T16:00:00Z,1,12.11,12.17,12.078767776489258,0.03123222351074162,xgboost,absolute,fold_1,3h,ppb
2026-08-13T16:15:00Z,1,12.13,12.19,12.078924179077148,0.051075820922852344,xgboost,absolute,fold_1,3h,ppb
2026-08-13T16:30:00Z,1,12.11,12.15,12.078248023986816,0.031751976013183025,xgboost,absolute,fold_1,3h,ppb
2026-08-13T16:45:00Z,1,12.11,12.12,12.082003593444824,0.027996406555175213,xgboost,absolute,fold_1,3h,ppb
2026-08-13T17:00:00Z,1,12.1,12.13,12.084412574768066,0.015587425231933238,xgboost,absolute,fold_1,3h,ppb
2026-08-13T17:15:00Z,1,12.11,12.13,12.087621688842773,0.022378311157225994,xgboost,absolute,fold_1,3h,ppb
2026-08-13T17:30:00Z,1,12.09,12.11,12.09109878540039,-0.0010987854003907671,xgboost,absolute,fold_1,3h,ppb
2026-08-13T17:45:00Z,1,12.08,12.08,12.087944984436035,-0.007944984436035085,xgboost,absolute,fold_1,3h,ppb
2026-08-13T18:00:00Z,1,12.08,12.09,12.088560104370117,-0.008560104370117116,xgboost,absolute,fold_1,3h,ppb
2026-08-13T18:15:00Z,1,12.09,12.09,12.089008331298828,0.0009916687011717329,xgboost,absolute,fold_1,3h,ppb
2026-08-13T18:30:00Z,1,12.09,12.09,12.08872127532959,0.0012787246704100141,xgboost,absolute,fold_1,3h,ppb
2026-08-13T18:45:00Z,1,12.07,12.09,12.080894470214844,-0.010894470214843466,xgboost,absolute,fold_1,3h,ppb
2026-08-13T19:00:00Z,1,12.09,12.11,12.077675819396973,0.012324180603027202,xgboost,absolute,fold_1,3h,ppb
2026-08-13T19:15:00Z,1,12.1,12.13,12.072043418884277,0.0279565811157223,xgboost,absolute,fold_1,3h,ppb
2026-08-13T19:30:00Z,1,12.11,12.11,12.077595710754395,0.0324042892456049,xgboost,absolute,fold_1,3h,ppb
2026-08-13T19:45:00Z,1,12.1,12.11,12.079423904418945,0.020576095581054332,xgboost,absolute,fold_1,3h,ppb
2026-08-13T20:00:00Z,1,12.1,12.1,12.08454704284668,0.015452957153319957,xgboost,absolute,fold_1,3h,ppb
2026-08-13T20:15:00Z,1,12.09,12.11,12.085976600646973,0.004023399353027202,xgboost,absolute,fold_1,3h,ppb
2026-08-13T20:30:00Z,1,12.1,12.09,12.083647727966309,0.01635227203369105,xgboost,absolute,fold_1,3h,ppb
2026-08-13T20:45:00Z,1,12.08,12.08,12.088810920715332,-0.00881092071533196,xgboost,absolute,fold_1,3h,ppb
2026-08-13T21:00:00Z,1,12.09,12.08,12.085978507995605,0.004021492004394389,xgboost,absolute,fold_1,3h,ppb
2026-08-13T21:15:00Z,1,12.09,12.09,12.093198776245117,-0.0031987762451173296,xgboost,absolute,fold_1,3h,ppb
2026-08-13T21:30:00Z,1,12.07,12.09,12.090228080749512,-0.020228080749511435,xgboost,absolute,fold_1,3h,ppb
2026-08-13T21:45:00Z,1,12.08,12.07,12.09038257598877,-0.01038257598876946,xgboost,absolute,fold_1,3h,ppb
2026-08-13T22:00:00Z,1,12.09,12.09,12.092750549316406,-0.002750549316406392,xgboost,absolute,fold_1,3h,ppb
2026-08-13T22:15:00Z,1,12.08,12.1,12.094568252563477,-0.014568252563476491,xgboost,absolute,fold_1,3h,ppb
2026-08-13T22:30:00Z,1,12.11,12.11,12.092493057250977,0.01750694274902287,xgboost,absolute,fold_1,3h,ppb
2026-08-13T22:45:00Z,1,12.1,12.1,12.091289520263672,0.00871047973632777,xgboost,absolute,fold_1,3h,ppb
2026-08-13T23:00:00Z,1,12.1,12.1,12.0928955078125,0.007104492187499645,xgboost,absolute,fold_1,3h,ppb
2026-08-13T23:15:00Z,1,12.1,12.09,12.093571662902832,0.0064283370971676135,xgboost,absolute,fold_1,3h,ppb
2026-08-13T23:30:00Z,1,12.1,12.1,12.098820686340332,0.0011793136596676135,xgboost,absolute,fold_1,3h,ppb
2026-08-13T23:45:00Z,1,12.11,12.08,12.099820137023926,0.01017986297607365,xgboost,absolute,fold_1,3h,ppb
2026-08-12T00:00:00Z,1,12.11,12.06,12.095222537815571,0.014777462184428103,xgboost,delta,fold_1,3h,ppb
2026-08-12T00:15:00Z,1,12.09,12.07,12.096013949885965,-0.00601394988596482,xgboost,delta,fold_1,3h,ppb
2026-08-12T00:30:00Z,1,12.09,12.13,12.087466389983893,0.0025336100161066355,xgboost,delta,fold_1,3h,ppb
2026-08-12T00:45:00Z,1,12.11,12.12,12.07431475713849,0.035685242861509536,xgboost,delta,fold_1,3h,ppb
2026-08-12T01:00:00Z,1,12.09,12.13,12.056594980061055,0.03340501993894485,xgboost,delta,fold_1,3h,ppb
2026-08-12T01:15:00Z,1,12.08,12.1,12.06277443319559,0.017225566804409453,xgboost,delta,fold_1,3h,ppb
2026-08-12T01:30:00Z,1,12.07,12.08,12.071161421872675,-0.0011614218726752057,xgboost,delta,fold_1,3h,ppb
2026-08-12T01:45:00Z,1,12.07,12.08,12.073452061433345,-0.0034520614333448663,xgboost,delta,fold_1,3h,ppb
2026-08-12T02:00:00Z,1,12.07,12.08,12.072565605789423,-0.0025656057894227757,xgboost,delta,fold_1,3h,ppb
2026-08-12T02:15:00Z,1,12.06,12.09,12.07519423045218,-0.01519423045217927,xgboost,delta,fold_1,3h,ppb
2026-08-12T02:30:00Z,1,12.08,12.1,12.062308172136545,0.017691827863455245,xgboost,delta,fold_1,3h,ppb
2026-08-12T02:45:00Z,1,12.15,12.11,12.076555848717689,0.07344415128231141,xgboost,delta,fold_1,3h,ppb
2026-08-12T03:00:00Z,1,12.14,12.11,12.034332372844219,0.10566762715578193,xgboost,delta,fold_1,3h,ppb
2026-08-12T03:15:00Z,1,12.06,12.09,12.027286600470543,0.03271339952945773,xgboost,delta,fold_1,3h,ppb
2026-08-12T03:30:00Z,1,12.07,12.09,12.039586637318134,0.03041336268186612,xgboost,delta,fold_1,3h,ppb
2026-08-12T03:45:00Z,1,12.02,12.11,12.049438249915838,-0.0294382499158381,xgboost,delta,fold_1,3h,ppb
2026-08-12T04:00:00Z,1,12.01,12.09,12.036531180292368,-0.026531180292368006,xgboost,delta,fold_1,3h,ppb
2026-08-12T04:15:00Z,1,12.0,12.08,12.036527832895517,-0.03652783289551742,xgboost,delta,fold_1,3h,ppb
2026-08-12T04:30:00Z,1,11.95,12.07,12.018727242648602,-0.06872724264860253,xgboost,delta,fold_1,3h,ppb
2026-08-12T04:45:00Z,1,11.99,12.07,12.022545121312142,-0.03254512131214149,xgboost,delta,fold_1,3h,ppb
2026-08-12T05:00:00Z,1,12.0,12.07,12.024299055039883,-0.024299055039882944,xgboost,delta,fold_1,3h,ppb
2026-08-12T05:15:00Z,1,11.99,12.06,12.013071344643832,-0.023071344643831537,xgboost,delta,fold_1,3h,ppb
2026-08-12T05:30:00Z,1,12.03,12.08,12.028286097496748,0.0017139025032513189,xgboost,delta,fold_1,3h,ppb
2026-08-12T05:45:00Z,1,12.09,12.15,12.062328489124775,0.02767151087522457,xgboost,delta,fold_1,3h,ppb
2026-08-12T06:00:00Z,1,12.12,12.14,12.044902495443822,0.0750975045561777,xgboost,delta,fold_1,3h,ppb
2026-08-12T06:15:00Z,1,12.05,12.06,12.015491330474616,0.034508669525385116,xgboost,delta,fold_1,3h,ppb
2026-08-12T06:30:00Z,1,11.98,12.07,12.014779299199581,-0.034779299199581004,xgboost,delta,fold_1,3h,ppb
2026-08-12T06:45:00Z,1,12.0,12.02,12.009995220676064,-0.009995220676064065,xgboost,delta,fold_1,3h,ppb
2026-08-12T07:00:00Z,1,12.01,12.01,12.013699730383232,-0.003699730383232236,xgboost,delta,fold_1,3h,ppb
2026-08-12T07:15:00Z,1,11.99,12.0,12.015300230123103,-0.025300230123102452,xgboost,delta,fold_1,3h,ppb
2026-08-12T07:30:00Z,1,12.01,11.95,12.015836124122142,-0.005836124122142294,xgboost,delta,fold_1,3h,ppb
2026-08-12T07:45:00Z,1,12.02,11.99,12.030993891656399,-0.010993891656399413,xgboost,delta,fold_1,3h,ppb
2026-08-12T08:00:00Z,1,12.01,12.0,12.030210876837373,-0.020210876837372993,xgboost,delta,fold_1,3h,ppb
2026-08-12T08:15:00Z,1,12.02,11.99,12.013445086553693,0.006554913446306543,xgboost,delta,fold_1,3h,ppb
2026-08-12T08:30:00Z,1,12.04,12.03,12.025993211399763,0.014006788600235964,xgboost,delta,fold_1,3h,ppb
2026-08-12T08:45:00Z,1,11.99,12.09,12.014375839531422,-0.024375839531421306,xgboost,delta,fold_1,3h,ppb
2026-08-12T09:00:00Z,1,12.03,12.12,12.034014026522636,-0.0040140265226362715,xgboost,delta,fold_1,3h,ppb
2026-08-12T09:15:00Z,1,11.99,12.05,12.000199138373137,-0.010199138373137018,xgboost,delta,fold_1,3h,ppb
2026-08-12T09:30:00Z,1,12.0,11.98,11.979272236775142,0.020727763224858364,xgboost,delta,fold_1,3h,ppb
2026-08-12T09:45:00Z,1,12.02,12.0,11.99101250153035,0.02898749846965032,xgboost,delta,fold_1,3h,ppb
2026-08-12T10:00:00Z,1,12.04,12.01,12.023400364667177,0.01659963533282216,xgboost,delta,fold_1,3h,ppb
2026-08-12T10:15:00Z,1,12.02,11.99,12.015575770065189,0.004424229934810953,xgboost,delta,fold_1,3h,ppb
2026-08-12T10:30:00Z,1,12.07,12.01,12.028427390605211,0.04157260939478924,xgboost,delta,fold_1,3h,ppb
2026-08-12T10:45:00Z,1,12.05,12.02,11.984846916496753,0.06515308350324744,xgboost,delta,fold_1,3h,ppb
2026-08-12T11:00:00Z,1,12.05,12.01,11.979430789351463,0.0705692106485376,xgboost,delta,fold_1,3h,ppb
2026-08-12T11:15:00Z,1,12.04,12.02,11.989245422631502,0.05075457736849742,xgboost,delta,fold_1,3h,ppb
2026-08-12T11:30:00Z,1,12.01,12.04,11.98997826218605,0.020021737813950224,xgboost,delta,fold_1,3h,ppb
2026-08-12T11:45:00Z,1,11.89,11.99,11.943725468367338,-0.053725468367337825,xgboost,delta,fold_1,3h,ppb
2026-08-12T12:00:00Z,1,11.87,12.03,11.984628974199294,-0.11462897419929519,xgboost,delta,fold_1,3h,ppb
2026-08-12T12:15:00Z,1,11.93,11.99,11.959447651878,-0.029447651877999803,xgboost,delta,fold_1,3h,ppb
2026-08-12T12:30:00Z,1,11.95,12.0,11.935690961778164,0.01430903822183538,xgboost,delta,fold_1,3h,ppb
2026-08-12T12:45:00Z,1,12.04,12.02,11.990617834478616,0.04938216552138286,xgboost,delta,fold_1,3h,ppb
2026-08-12T13:00:00Z,1,12.14,12.04,12.151598670482635,-0.011598670482634077,xgboost,delta,fold_1,3h,ppb
2026-08-12T13:15:00Z,1,12.26,12.02,12.177900437712669,0.08209956228733084,xgboost,delta,fold_1,3h,ppb
2026-08-12T13:30:00Z,1,12.24,12.07,12.139711782038212,0.1002882179617881,xgboost,delta,fold_1,3h,ppb
2026-08-12T13:45:00Z,1,12.18,12.05,12.152359235286713,0.02764076471328636,xgboost,delta,fold_1,3h,ppb
2026-08-12T14:00:00Z,1,12.14,12.05,12.13345066010952,0.006549339890479899,xgboost,delta,fold_1,3h,ppb
2026-08-12T14:15:00Z,1,12.14,12.04,12.116434984803199,0.023565015196801653,xgboost,delta,fold_1,3h,ppb
2026-08-12T14:30:00Z,1,12.1,12.01,12.124467106759548,-0.02446710675954833,xgboost,delta,fold_1,3h,ppb
2026-08-12T14:45:00Z,1,12.1,11.89,12.071018769741059,0.028981230258940727,xgboost,delta,fold_1,3h,ppb
2026-08-12T15:00:00Z,1,12.1,11.87,12.039809475541114,0.06019052445888562,xgboost,delta,fold_1,3h,ppb
2026-08-12T15:15:00Z,1,12.09,11.93,12.10431665956974,-0.014316659569740153,xgboost,delta,fold_1,3h,ppb
2026-08-12T15:30:00Z,1,12.1,11.95,12.096355047821998,0.003644952178001759,xgboost,delta,fold_1,3h,ppb
2026-08-12T15:45:00Z,1,12.1,12.04,12.089217011779546,0.01078298822045376,xgboost,delta,fold_1,3h,ppb
2026-08-12T16:00:00Z,1,12.11,12.14,12.09970742404461,0.010292575955389793,xgboost,delta,fold_1,3h,ppb
2026-08-12T16:15:00Z,1,12.1,12.26,12.157664949297905,-0.05766494929790511,xgboost,delta,fold_1,3h,ppb
2026-08-12T16:30:00Z,1,12.08,12.24,12.1426667624712,-0.06266676247119918,xgboost,delta,fold_1,3h,ppb
2026-08-12T16:45:00Z,1,12.07,12.18,12.107555128931999,-0.03755512893199864,xgboost,delta,fold_1,3h,ppb
2026-08-12T17:00:00Z,1,12.07,12.14,12.098507496863604,-0.028507496863603876,xgboost,delta,fold_1,3h,ppb
2026-08-12T17:15:00Z,1,12.07,12.14,12.097547165453435,-0.027547165453434275,xgboost,delta,fold_1,3h,ppb
2026-08-12T17:30:00Z,1,12.05,12.1,12.074380157887935,-0.024380157887934573,xgboost,delta,fold_1,3h,ppb
2026-08-12T17:45:00Z,1,12.09,12.1,12.072879407927394,0.0171205920726063,xgboost,delta,fold_1,3h,ppb
2026-08-12T18:00:00Z,1,12.1,12.1,12.077979568764567,0.022020431235432625,xgboost,delta,fold_1,3h,ppb
2026-08-12T18:15:00Z,1,12.1,12.09,12.084480847846717,0.015519152153283144,xgboost,delta,fold_1,3h,ppb
2026-08-12T18:30:00Z,1,12.11,12.1,12.08147047124803,0.028529528751969124,xgboost,delta,fold_1,3h,ppb
2026-08-12T18:45:00Z,1,12.11,12.1,12.085866744071245,0.024133255928754593,xgboost,delta,fold_1,3h,ppb
2026-08-12T19:00:00Z,1,12.11,12.11,12.093217848464846,0.01678215153515339,xgboost,delta,fold_1,3h,ppb
2026-08-12T19:15:00Z,1,12.11,12.1,12.08697395902127,0.02302604097872951,xgboost,delta,fold_1,3h,ppb
2026-08-12T19:30:00Z,1,12.1,12.08,12.08255775009282,0.01744224990718024,xgboost,delta,fold_1,3h,ppb
2026-08-12T19:45:00Z,1,12.1,12.07,12.079705969132483,0.020294030867516355,xgboost,delta,fold_1,3h,ppb
2026-08-12T20:00:00Z,1,12.09,12.07,12.083969578780234,0.006030421219765714,xgboost,delta,fold_1,3h,ppb
2026-08-12T20:15:00Z,1,12.09,12.07,12.090235663279891,-0.00023566327989144042,xgboost,delta,fold_1,3h,ppb
2026-08-12T20:30:00Z,1,12.09,12.05,12.082525304704905,0.007474695295094591,xgboost,delta,fold_1,3h,ppb
2026-08-12T20:45:00Z,1,12.09,12.09,12.08718324560672,0.0028167543932795525,xgboost,delta,fold_1,3h,ppb
2026-08-12T21:00:00Z,1,12.08,12.1,12.085029025003314,-0.005029025003313592,xgboost,delta,fold_1,3h,ppb
2026-08-12T21:15:00Z,1,12.07,12.1,12.086113285645842,-0.016113285645841913,xgboost,delta,fold_1,3h,ppb
2026-08-12T21:30:00Z,1,12.1,12.11,12.086387431845068,0.013612568154931282,xgboost,delta,fold_1,3h,ppb
2026-08-12T21:45:00Z,1,12.1,12.11,12.086907638832926,0.013092361167073463,xgboost,delta,fold_1,3h,ppb
2026-08-12T22:00:00Z,1,12.08,12.11,12.094318319708108,-0.014318319708108262,xgboost,delta,fold_1,3h,ppb
2026-08-12T22:15:00Z,1,12.09,12.11,12.094244534745812,-0.00424453474581199,xgboost,delta,fold_1,3h,ppb
2026-08-12T22:30:00Z,1,12.08,12.1,12.091902153939008,-0.011902153939008286,xgboost,delta,fold_1,3h,ppb
2026-08-12T22:45:00Z,1,12.09,12.1,12.093703490123152,-0.0037034901231525197,xgboost,delta,fold_1,3h,ppb
2026-08-12T23:00:00Z,1,12.1,12.09,12.096152401212603,0.003847598787396933,xgboost,delta,fold_1,3h,ppb
2026-08-12T23:15:00Z,1,12.1,12.09,12.102463984079659,-0.0024639840796591983,xgboost,delta,fold_1,3h,ppb
2026-08-12T23:30:00Z,1,12.11,12.09,12.090385582563467,0.01961441743653225,xgboost,delta,fold_1,3h,ppb
2026-08-12T23:45:00Z,1,12.13,12.09,12.093812335198745,0.03618766480125579,xgboost,delta,fold_1,3h,ppb
2026-08-13T00:00:00Z,1,12.12,12.08,12.094039823785424,0.025960176214574915,xgboost,delta,fold_1,3h,ppb
2026-08-13T00:15:00Z,1,12.11,12.07,12.09927784435451,0.01072215564548884,xgboost,delta,fold_1,3h,ppb
2026-08-13T00:30:00Z,1,12.12,12.1,12.106900205742567,0.013099794257431796,xgboost,delta,fold_1,3h,ppb
2026-08-13T00:45:00Z,1,12.13,12.1,12.104565412178635,0.02543458782136554,xgboost,delta,fold_1,3h,ppb
2026-08-13T01:00:00Z,1,12.15,12.08,12.084396189935505,0.0656038100644949,xgboost,delta,fold_1,3h,ppb
2026-08-13T01:15:00Z,1,12.16,12.09,12.09001335068373,0.06998664931627019,xgboost,delta,fold_1,3h,ppb
2026-08-13T01:30:00Z,1,12.16,12.08,12.08493159191683,0.07506840808317072,xgboost,delta,fold_1,3h,ppb
2026-08-13T01:45:00Z,1,12.13,12.09,12.090238858978264,0.03976114102173689,xgboost,delta,fold_1,3h,ppb
2026-08-13T02:00:00Z,1,12.13,12.1,12.078670857846737,0.05132914215326423,xgboost,delta,fold_1,3h,ppb
2026-08-13T02:15:00Z,1,12.11,12.1,12.082258530333638,0.027741469666361596,xgboost,delta,fold_1,3h,ppb
2026-08-13T02:30:00Z,1,12.09,12.11,12.084695997312664,0.005304002687335441,xgboost,delta,fold_1,3h,ppb
2026-08-13T02:45:00Z,1,12.07,12.13,12.080323294848204,-0.010323294848204156,xgboost,delta,fold_1,3h,ppb
2026-08-13T03:00:00Z,1,12.07,12.12,12.061420387476682,0.008579612523318403,xgboost,delta,fold_1,3h,ppb
2026-08-13T03:15:00Z,1,12.08,12.11,12.06151637867093,0.018483621329069777,xgboost,delta,fold_1,3h,ppb
2026-08-13T03:30:00Z,1,12.05,12.12,12.048118474781512,0.001881525218488278,xgboost,delta,fold_1,3h,ppb
2026-08-13T03:45:00Z,1,12.01,12.13,12.059252617061139,-0.04925261706113915,xgboost,delta,fold_1,3h,ppb
2026-08-13T04:00:00Z,1,12.01,12.15,12.078065620362759,-0.0680656203627592,xgboost,delta,fold_1,3h,ppb
2026-08-13T04:15:00Z,1,12.02,12.16,12.097669385224581,-0.07766938522458133,xgboost,delta,fold_1,3h,ppb
2026-08-13T04:30:00Z,1,12.03,12.16,12.12458026021719,-0.09458026021719057,xgboost,delta,fold_1,3h,ppb
2026-08-13T04:45:00Z,1,12.01,12.13,12.077705026715995,-0.06770502671599488,xgboost,delta,fold_1,3h,ppb
2026-08-13T05:00:00Z,1,11.98,12.13,12.079639264494181,-0.09963926449418103,xgboost,delta,fold_1,3h,ppb
2026-08-13T05:15:00Z,1,11.98,12.11,12.061981145888566,-0.08198114588856598,xgboost,delta,fold_1,3h,ppb
2026-08-13T05:30:00Z,1,12.07,12.09,12.05350697800517,0.016493021994829604,xgboost,delta,fold_1,3h,ppb
2026-08-13T05:45:00Z,1,12.03,12.07,12.039119323417545,-0.009119323417545289,xgboost,delta,fold_1,3h,ppb
2026-08-13T06:00:00Z,1,12.01,12.07,12.038313243240118,-0.028313243240118524,xgboost,delta,fold_1,3h,ppb
2026-08-13T06:30:00Z,1,12.02,12.05,12.023748302087188,-0.003748302087188904,xgboost,delta,fold_1,3h,ppb
2026-08-13T06:45:00Z,1,11.97,12.01,12.007833106899634,-0.03783310689963315,xgboost,delta,fold_1,3h,ppb
2026-08-13T07:00:00Z,1,11.98,12.01,11.996023693345487,-0.01602369334548648,xgboost,delta,fold_1,3h,ppb
2026-08-13T07:15:00Z,1,11.98,12.02,12.01877757311333,-0.038777573113328856,xgboost,delta,fold_1,3h,ppb
2026-08-13T07:30:00Z,1,12.03,12.03,12.046371613368391,-0.01637161336839199,xgboost,delta,fold_1,3h,ppb
2026-08-13T07:45:00Z,1,12.02,12.01,12.029693553447723,-0.009693553447723602,xgboost,delta,fold_1,3h,ppb
2026-08-13T08:00:00Z,1,12.06,11.98,12.013574920147658,0.04642507985234268,xgboost,delta,fold_1,3h,ppb
2026-08-13T08:15:00Z,1,12.07,11.98,12.012689947634936,0.05731005236506448,xgboost,delta,fold_1,3h,ppb
2026-08-13T08:30:00Z,1,12.03,12.07,12.036200105845928,-0.006200105845929116,xgboost,delta,fold_1,3h,ppb
2026-08-13T08:45:00Z,1,11.97,12.03,12.034851411562412,-0.0648514115624117,xgboost,delta,fold_1,3h,ppb
2026-08-13T09:00:00Z,1,12.02,12.01,12.01729996105656,0.002700038943439509,xgboost,delta,fold_1,3h,ppb
2026-08-13T09:30:00Z,1,12.01,12.02,12.019775753400172,-0.009775753400171894,xgboost,delta,fold_1,3h,ppb
2026-08-13T09:45:00Z,1,12.01,11.97,12.005985849797726,0.00401415020227347,xgboost,delta,fold_1,3h,ppb
2026-08-13T10:00:00Z,1,12.01,11.98,12.005079291313887,0.004920708686112718,xgboost,delta,fold_1,3h,ppb
2026-08-13T10:15:00Z,1,12.03,11.98,12.007242500334979,0.02275749966502083,xgboost,delta,fold_1,3h,ppb
2026-08-13T10:30:00Z,1,12.04,12.03,12.029360375280957,0.010639624719042118,xgboost,delta,fold_1,3h,ppb
2026-08-13T10:45:00Z,1,12.1,12.02,12.016253675315529,0.08374632468447096,xgboost,delta,fold_1,3h,ppb
2026-08-13T11:00:00Z,1,12.05,12.06,12.035770469754935,0.014229530245065902,xgboost,delta,fold_1,3h,ppb
2026-08-13T11:15:00Z,1,12.07,12.07,12.055922871157527,0.01407712884247303,xgboost,delta,fold_1,3h,ppb
2026-08-13T11:30:00Z,1,11.99,12.03,12.04130352076143,-0.05130352076142941,xgboost,delta,fold_1,3h,ppb
2026-08-13T11:45:00Z,1,11.92,11.97,12.00433419764042,-0.08433419764041972,xgboost,delta,fold_1,3h,ppb
2026-08-13T12:00:00Z,1,11.88,12.02,12.004855411574244,-0.12485541157424329,xgboost,delta,fold_1,3h,ppb
2026-08-13T12:15:00Z,1,11.92,12.02,12.017906415956094,-0.0979064159560945,xgboost,delta,fold_1,3h,ppb
2026-08-13T12:30:00Z,1,12.04,12.01,12.011285920850932,0.028714079149066762,xgboost,delta,fold_1,3h,ppb
2026-08-13T12:45:00Z,1,12.14,12.01,12.040171044170856,0.0998289558291443,xgboost,delta,fold_1,3h,ppb
2026-08-13T13:00:00Z,1,12.17,12.01,12.16236110985279,0.00763889014720931,xgboost,delta,fold_1,3h,ppb
2026-08-13T13:15:00Z,1,12.19,12.03,12.141691430211067,0.04830856978893294,xgboost,delta,fold_1,3h,ppb
2026-08-13T13:30:00Z,1,12.15,12.04,12.14037638992071,0.00962361007928969,xgboost,delta,fold_1,3h,ppb
2026-08-13T13:45:00Z,1,12.12,12.1,12.084427102841437,0.03557289715856271,xgboost,delta,fold_1,3h,ppb
2026-08-13T14:00:00Z,1,12.13,12.05,12.108458529412747,0.02154147058725364,xgboost,delta,fold_1,3h,ppb
2026-08-13T14:15:00Z,1,12.13,12.07,12.109324391633272,0.020675608366728326,xgboost,delta,fold_1,3h,ppb
2026-08-13T14:30:00Z,1,12.11,11.99,12.057656256258488,0.05234374374151152,xgboost,delta,fold_1,3h,ppb
2026-08-13T14:45:00Z,1,12.08,11.92,12.055241642594337,0.02475835740566268,xgboost,delta,fold_1,3h,ppb
2026-08-13T15:00:00Z,1,12.09,11.88,12.065541063547135,0.024458936452864677,xgboost,delta,fold_1,3h,ppb
2026-08-13T15:15:00Z,1,12.09,11.92,12.077912209630012,0.012087790369987417,xgboost,delta,fold_1,3h,ppb
2026-08-13T15:30:00Z,1,12.09,12.04,12.094971162229776,-0.004971162229775672,xgboost,delta,fold_1,3h,ppb
2026-08-13T15:45:00Z,1,12.09,12.14,12.096342097371817,-0.006342097371817346,xgboost,delta,fold_1,3h,ppb
2026-08-13T16:00:00Z,1,12.11,12.17,12.100131234228611,0.00986876577138851,xgboost,delta,fold_1,3h,ppb
2026-08-13T16:15:00Z,1,12.13,12.19,12.09269248187542,0.03730751812458166,xgboost,delta,fold_1,3h,ppb
2026-08-13T16:30:00Z,1,12.11,12.15,12.083834493160248,0.026165506839751274,xgboost,delta,fold_1,3h,ppb
2026-08-13T16:45:00Z,1,12.11,12.12,12.067380855679511,0.04261914432048819,xgboost,delta,fold_1,3h,ppb
2026-08-13T17:00:00Z,1,12.1,12.13,12.077521921247245,0.022478078752754982,xgboost,delta,fold_1,3h,ppb
2026-08-13T17:15:00Z,1,12.11,12.13,12.084173848032952,0.025826151967047295,xgboost,delta,fold_1,3h,ppb
2026-08-13T17:30:00Z,1,12.09,12.11,12.086344890892505,0.0036551091074947806,xgboost,delta,fold_1,3h,ppb
2026-08-13T17:45:00Z,1,12.08,12.08,12.073424133397639,0.006575866602361202,xgboost,delta,fold_1,3h,ppb
2026-08-13T18:00:00Z,1,12.08,12.09,12.074957660548389,0.005042339451611255,xgboost,delta,fold_1,3h,ppb
2026-08-13T18:15:00Z,1,12.09,12.09,12.085778126642108,0.0042218733578920364,xgboost,delta,fold_1,3h,ppb
2026-08-13T18:30:00Z,1,12.09,12.09,12.08498404096812,0.005015959031879902,xgboost,delta,fold_1,3h,ppb
2026-08-13T18:45:00Z,1,12.07,12.09,12.082772850207984,-0.012772850207984021,xgboost,delta,fold_1,3h,ppb
2026-08-13T19:00:00Z,1,12.09,12.11,12.087030606940388,0.002969393059611747,xgboost,delta,fold_1,3h,ppb
2026-08-13T19:15:00Z,1,12.1,12.13,12.077206869721413,0.022793130278586204,xgboost,delta,fold_1,3h,ppb
2026-08-13T19:30:00Z,1,12.11,12.11,12.085545780733227,0.02445421926677227,xgboost,delta,fold_1,3h,ppb
2026-08-13T19:45:00Z,1,12.1,12.11,12.086682925596833,0.013317074403166984,xgboost,delta,fold_1,3h,ppb
2026-08-13T20:00:00Z,1,12.1,12.1,12.082762608677148,0.01723739132285118,xgboost,delta,fold_1,3h,ppb
2026-08-13T20:15:00Z,1,12.09,12.11,12.09105720616877,-0.0010572061687703638,xgboost,delta,fold_1,3h,ppb
2026-08-13T20:30:00Z,1,12.1,12.09,12.081539941169321,0.01846005883067825,xgboost,delta,fold_1,3h,ppb
2026-08-13T20:45:00Z,1,12.08,12.08,12.085051528569311,-0.0050515285693109035,xgboost,delta,fold_1,3h,ppb
2026-08-13T21:00:00Z,1,12.09,12.08,12.086985212210566,0.0030147877894339814,xgboost,delta,fold_1,3h,ppb
2026-08-13T21:15:00Z,1,12.09,12.09,12.086907499618828,0.0030925003811717033,xgboost,delta,fold_1,3h,ppb
2026-08-13T21:30:00Z,1,12.07,12.09,12.088817701707594,-0.01881770170759367,xgboost,delta,fold_1,3h,ppb
2026-08-13T21:45:00Z,1,12.08,12.07,12.088021738156677,-0.008021738156676506,xgboost,delta,fold_1,3h,ppb
2026-08-13T22:00:00Z,1,12.09,12.09,12.093442066255957,-0.003442066255956888,xgboost,delta,fold_1,3h,ppb
2026-08-13T22:15:00Z,1,12.08,12.1,12.0955511726439,-0.015551172643899491,xgboost,delta,fold_1,3h,ppb
2026-08-13T22:30:00Z,1,12.11,12.11,12.098805254921317,0.0111947450786829,xgboost,delta,fold_1,3h,ppb
2026-08-13T22:45:00Z,1,12.1,12.1,12.088345376215875,0.011654623784124851,xgboost,delta,fold_1,3h,ppb
2026-08-13T23:00:00Z,1,12.1,12.1,12.090736341103911,0.0092636588960886,xgboost,delta,fold_1,3h,ppb
2026-08-13T23:15:00Z,1,12.1,12.09,12.091105239265598,0.00889476073440143,xgboost,delta,fold_1,3h,ppb
2026-08-13T23:30:00Z,1,12.1,12.1,12.097536468319595,0.00246353168040514,xgboost,delta,fold_1,3h,ppb
2026-08-13T23:45:00Z,1,12.11,12.08,12.095758896246553,0.014241103753446893,xgboost,delta,fold_1,3h,ppb
2026-08-12T00:00:00Z,1,12.11,12.06,12.110253579117225,-0.00025357911722601045,lightgbm,absolute,fold_1,3h,ppb
2026-08-12T00:15:00Z,1,12.09,12.07,12.108082302855632,-0.018082302855631838,lightgbm,absolute,fold_1,3h,ppb
2026-08-12T00:30:00Z,1,12.09,12.13,12.1000544402274,-0.010054440227399652,lightgbm,absolute,fold_1,3h,ppb
2026-08-12T00:45:00Z,1,12.11,12.12,12.097705524340437,0.01229447565956221,lightgbm,absolute,fold_1,3h,ppb
2026-08-12T01:00:00Z,1,12.09,12.13,12.0694528594722,0.020547140527799712,lightgbm,absolute,fold_1,3h,ppb
2026-08-12T01:15:00Z,1,12.08,12.1,12.077524384527035,0.0024756154729654867,lightgbm,absolute,fold_1,3h,ppb
2026-08-12T01:30:00Z,1,12.07,12.08,12.067186660682747,0.0028133393172531385,lightgbm,absolute,fold_1,3h,ppb
2026-08-12T01:45:00Z,1,12.07,12.08,12.07117232140829,-0.0011723214082905997,lightgbm,absolute,fold_1,3h,ppb
2026-08-12T02:00:00Z,1,12.07,12.08,12.08031287779605,-0.010312877796049946,lightgbm,absolute,fold_1,3h,ppb
2026-08-12T02:15:00Z,1,12.06,12.09,12.079878461433548,-0.019878461433547656,lightgbm,absolute,fold_1,3h,ppb
2026-08-12T02:30:00Z,1,12.08,12.1,12.08100554212684,-0.001005542126840453,lightgbm,absolute,fold_1,3h,ppb
2026-08-12T02:45:00Z,1,12.15,12.11,12.077412981544853,0.07258701845514715,lightgbm,absolute,fold_1,3h,ppb
2026-08-12T03:00:00Z,1,12.14,12.11,12.03108650910264,0.10891349089736124,lightgbm,absolute,fold_1,3h,ppb
2026-08-12T03:15:00Z,1,12.06,12.09,12.031128639562551,0.02887136043744931,lightgbm,absolute,fold_1,3h,ppb
2026-08-12T03:30:00Z,1,12.07,12.09,12.054955353910835,0.01504464608916578,lightgbm,absolute,fold_1,3h,ppb
2026-08-12T03:45:00Z,1,12.02,12.11,12.047943798748117,-0.027943798748117032,lightgbm,absolute,fold_1,3h,ppb
2026-08-12T04:00:00Z,1,12.01,12.09,12.029203815665358,-0.019203815665358448,lightgbm,absolute,fold_1,3h,ppb
2026-08-12T04:15:00Z,1,12.0,12.08,12.047785834971975,-0.047785834971975305,lightgbm,absolute,fold_1,3h,ppb
2026-08-12T04:30:00Z,1,11.95,12.07,12.039216481080022,-0.08921648108002245,lightgbm,absolute,fold_1,3h,ppb
2026-08-12T04:45:00Z,1,11.99,12.07,12.02747383991199,-0.03747383991198916,lightgbm,absolute,fold_1,3h,ppb
2026-08-12T05:00:00Z,1,12.0,12.07,12.013561866941501,-0.013561866941500966,lightgbm,absolute,fold_1,3h,ppb
2026-08-12T05:15:00Z,1,11.99,12.06,12.006577452244981,-0.01657745224498086,lightgbm,absolute,fold_1,3h,ppb
2026-08-12T05:30:00Z,1,12.03,12.08,12.027555378025728,0.0024446219742717545,lightgbm,absolute,fold_1,3h,ppb
2026-08-12T05:45:00Z,1,12.09,12.15,12.027640910341823,0.062359089658176714,lightgbm,absolute,fold_1,3h,ppb
2026-08-12T06:00:00Z,1,12.12,12.14,12.031428817150204,0.0885711828497957,lightgbm,absolute,fold_1,3h,ppb
2026-08-12T06:15:00Z,1,12.05,12.06,12.022299655326794,0.0277003446732067,lightgbm,absolute,fold_1,3h,ppb
2026-08-12T06:30:00Z,1,11.98,12.07,12.0164431757527,-0.03644317575269973,lightgbm,absolute,fold_1,3h,ppb
2026-08-12T06:45:00Z,1,12.0,12.02,12.00582892087104,-0.005828920871039145,lightgbm,absolute,fold_1,3h,ppb
2026-08-12T07:00:00Z,1,12.01,12.01,12.009164648883784,0.0008353511162155769,lightgbm,absolute,fold_1,3h,ppb
2026-08-12T07:15:00Z,1,11.99,12.0,12.015414562823578,-0.02541456282357757,lightgbm,absolute,fold_1,3h,ppb
2026-08-12T07:30:00Z,1,12.01,11.95,12.022456623203107,-0.012456623203107142,lightgbm,absolute,fold_1,3h,ppb
2026-08-12T07:45:00Z,1,12.02,11.99,12.03698694518294,-0.01698694518294097,lightgbm,absolute,fold_1,3h,ppb
2026-08-12T08:00:00Z,1,12.01,12.0,12.032134869339366,-0.022134869339366148,lightgbm,absolute,fold_1,3h,ppb
2026-08-12T08:15:00Z,1,12.02,11.99,12.023239623974604,-0.0032396239746042,lightgbm,absolute,fold_1,3h,ppb
2026-08-12T08:30:00Z,1,12.04,12.03,12.020157288434348,0.019842711565651427,lightgbm,absolute,fold_1,3h,ppb
2026-08-12T08:45:00Z,1,11.99,12.09,12.005303547775457,-0.015303547775456394,lightgbm,absolute,fold_1,3h,ppb
2026-08-12T09:00:00Z,1,12.03,12.12,11.99764435623233,0.032355643767669306,lightgbm,absolute,fold_1,3h,ppb
2026-08-12T09:15:00Z,1,11.99,12.05,12.013926444147597,-0.02392644414759637,lightgbm,absolute,fold_1,3h,ppb
2026-08-12T09:30:00Z,1,12.0,11.98,12.011538107334006,-0.011538107334006398,lightgbm,absolute,fold_1,3h,ppb
2026-08-12T09:45:00Z,1,12.02,12.0,12.011671923973672,0.008328076026327125,lightgbm,absolute,fold_1,3h,ppb
2026-08-12T10:00:00Z,1,12.04,12.01,12.031336698393572,0.008663301606427254,lightgbm,absolute,fold_1,3h,ppb
2026-08-12T10:15:00Z,1,12.02,11.99,12.03787908437616,-0.017879084376160037,lightgbm,absolute,fold_1,3h,ppb
2026-08-12T10:30:00Z,1,12.07,12.01,12.042877802855296,0.02712219714470443,lightgbm,absolute,fold_1,3h,ppb
2026-08-12T10:45:00Z,1,12.05,12.02,12.000760216822902,0.04923978317709832,lightgbm,absolute,fold_1,3h,ppb
2026-08-12T11:00:00Z,1,12.05,12.01,11.987778497339798,0.06222150266020243,lightgbm,absolute,fold_1,3h,ppb
2026-08-12T11:15:00Z,1,12.04,12.02,11.993560860081255,0.04643913991874449,lightgbm,absolute,fold_1,3h,ppb
2026-08-12T11:30:00Z,1,12.01,12.04,11.984455604296242,0.025544395703757772,lightgbm,absolute,fold_1,3h,ppb
2026-08-12T11:45:00Z,1,11.89,11.99,11.960063759606577,-0.07006375960657607,lightgbm,absolute,fold_1,3h,ppb
2026-08-12T12:00:00Z,1,11.87,12.03,11.950384547296515,-0.08038454729651612,lightgbm,absolute,fold_1,3h,ppb
2026-08-12T12:15:00Z,1,11.93,11.99,11.96732600609114,-0.03732600609114023,lightgbm,absolute,fold_1,3h,ppb
2026-08-12T12:30:00Z,1,11.95,12.0,11.948210048975517,0.001789951024482761,lightgbm,absolute,fold_1,3h,ppb
2026-08-12T12:45:00Z,1,12.04,12.02,11.961163125749325,0.07883687425067443,lightgbm,absolute,fold_1,3h,ppb
2026-08-12T13:00:00Z,1,12.14,12.04,12.151637494642108,-0.011637494642107171,lightgbm,absolute,fold_1,3h,ppb
2026-08-12T13:15:00Z,1,12.26,12.02,12.15413651937348,0.10586348062651929,lightgbm,absolute,fold_1,3h,ppb
2026-08-12T13:30:00Z,1,12.24,12.07,12.157303808743588,0.08269619125641192,lightgbm,absolute,fold_1,3h,ppb
2026-08-12T13:45:00Z,1,12.18,12.05,12.16144860507747,0.018551394922528885,lightgbm,absolute,fold_1,3h,ppb
2026-08-12T14:00:00Z,1,12.14,12.05,12.128487142142891,0.011512857857109537,lightgbm,absolute,fold_1,3h,ppb
2026-08-12T14:15:00Z,1,12.14,12.04,12.1248630873179,0.0151369126821006,lightgbm,absolute,fold_1,3h,ppb
2026-08-12T14:30:00Z,1,12.1,12.01,12.130299346205936,-0.030299346205936217,lightgbm,absolute,fold_1,3h,ppb
2026-08-12T14:45:00Z,1,12.1,11.89,12.120418244768159,-0.0204182447681589,lightgbm,absolute,fold_1,3h,ppb
2026-08-12T15:00:00Z,1,12.1,11.87,12.088811143927082,0.011188856072918085,lightgbm,absolute,fold_1,3h,ppb
2026-08-12T15:15:00Z,1,12.09,11.93,12.081246062461343,0.008753937538656942,lightgbm,absolute,fold_1,3h,ppb
2026-08-12T15:30:00Z,1,12.1,11.95,12.082046906455272,0.01795309354472785,lightgbm,absolute,fold_1,3h,ppb
2026-08-12T15:45:00Z,1,12.1,12.04,12.081054434485216,0.01894556551478388,lightgbm,absolute,fold_1,3h,ppb
2026-08-12T16:00:00Z,1,12.11,12.14,12.087801970127481,0.022198029872518177,lightgbm,absolute,fold_1,3h,ppb
2026-08-12T16:15:00Z,1,12.1,12.26,12.081747110745395,0.018252889254604554,lightgbm,absolute,fold_1,3h,ppb
2026-08-12T16:30:00Z,1,12.08,12.24,12.088269190608013,-0.008269190608013233,lightgbm,absolute,fold_1,3h,ppb
2026-08-12T16:45:00Z,1,12.07,12.18,12.08820036886417,-0.018200368864169647,lightgbm,absolute,fold_1,3h,ppb
2026-08-12T17:00:00Z,1,12.07,12.14,12.08611446143862,-0.016114461438618832,lightgbm,absolute,fold_1,3h,ppb
2026-08-12T17:15:00Z,1,12.07,12.14,12.090535192405623,-0.020535192405622738,lightgbm,absolute,fold_1,3h,ppb
2026-08-12T17:30:00Z,1,12.05,12.1,12.082732411958565,-0.032732411958564356,lightgbm,absolute,fold_1,3h,ppb
2026-08-12T17:45:00Z,1,12.09,12.1,12.07997246362625,0.010027536373749868,lightgbm,absolute,fold_1,3h,ppb
2026-08-12T18:00:00Z,1,12.1,12.1,12.082922406168013,0.017077593831986704,lightgbm,absolute,fold_1,3h,ppb
2026-08-12T18:15:00Z,1,12.1,12.09,12.085175968868421,0.014824031131578153,lightgbm,absolute,fold_1,3h,ppb
2026-08-12T18:30:00Z,1,12.11,12.1,12.083799783943645,0.026200216056354364,lightgbm,absolute,fold_1,3h,ppb
2026-08-12T18:45:00Z,1,12.11,12.1,12.085863320494942,0.024136679505057046,lightgbm,absolute,fold_1,3h,ppb
2026-08-12T19:00:00Z,1,12.11,12.11,12.093001090909892,0.01699890909010726,lightgbm,absolute,fold_1,3h,ppb
2026-08-12T19:15:00Z,1,12.11,12.1,12.093445235787515,0.016554764212484585,lightgbm,absolute,fold_1,3h,ppb
2026-08-12T19:30:00Z,1,12.1,12.08,12.087317593015761,0.01268240698423817,lightgbm,absolute,fold_1,3h,ppb
2026-08-12T19:45:00Z,1,12.1,12.07,12.088672740258504,0.01132725974149551,lightgbm,absolute,fold_1,3h,ppb
2026-08-12T20:00:00Z,1,12.09,12.07,12.08968833381928,0.00031166618071942764,lightgbm,absolute,fold_1,3h,ppb
2026-08-12T20:15:00Z,1,12.09,12.07,12.093971343353108,-0.00397134335310767,lightgbm,absolute,fold_1,3h,ppb
2026-08-12T20:30:00Z,1,12.09,12.05,12.086538048427494,0.003461951572505839,lightgbm,absolute,fold_1,3h,ppb
2026-08-12T20:45:00Z,1,12.09,12.09,12.088578320168939,0.0014216798310613399,lightgbm,absolute,fold_1,3h,ppb
2026-08-12T21:00:00Z,1,12.08,12.1,12.08514589414349,-0.005145894143490537,lightgbm,absolute,fold_1,3h,ppb
2026-08-12T21:15:00Z,1,12.07,12.1,12.084307620568714,-0.014307620568713375,lightgbm,absolute,fold_1,3h,ppb
2026-08-12T21:30:00Z,1,12.1,12.11,12.078250845423256,0.02174915457674409,lightgbm,absolute,fold_1,3h,ppb
2026-08-12T21:45:00Z,1,12.1,12.11,12.079899120880066,0.020100879119933523,lightgbm,absolute,fold_1,3h,ppb
2026-08-12T22:00:00Z,1,12.08,12.11,12.085999220185265,-0.005999220185264775,lightgbm,absolute,fold_1,3h,ppb
2026-08-12T22:15:00Z,1,12.09,12.11,12.091908294101644,-0.0019082941016446142,lightgbm,absolute,fold_1,3h,ppb
2026-08-12T22:30:00Z,1,12.08,12.1,12.09293023726328,-0.01293023726328002,lightgbm,absolute,fold_1,3h,ppb
2026-08-12T22:45:00Z,1,12.09,12.1,12.092081356342533,-0.002081356342532814,lightgbm,absolute,fold_1,3h,ppb
2026-08-12T23:00:00Z,1,12.1,12.09,12.100031282875364,-3.128287536391383e-05,lightgbm,absolute,fold_1,3h,ppb
2026-08-12T23:15:00Z,1,12.1,12.09,12.10078675171837,-0.0007867517183708372,lightgbm,absolute,fold_1,3h,ppb
2026-08-12T23:30:00Z,1,12.11,12.09,12.09171048602711,0.018289513972890248,lightgbm,absolute,fold_1,3h,ppb
2026-08-12T23:45:00Z,1,12.13,12.09,12.0907823515795,0.03921764842050024,lightgbm,absolute,fold_1,3h,ppb
2026-08-13T00:00:00Z,1,12.12,12.08,12.087709718298553,0.03229028170144588,lightgbm,absolute,fold_1,3h,ppb
2026-08-13T00:15:00Z,1,12.11,12.07,12.100225437933698,0.009774562066301229,lightgbm,absolute,fold_1,3h,ppb
2026-08-13T00:30:00Z,1,12.12,12.1,12.107035186835992,0.012964813164007438,lightgbm,absolute,fold_1,3h,ppb
2026-08-13T00:45:00Z,1,12.13,12.1,12.105688808325233,0.024311191674767585,lightgbm,absolute,fold_1,3h,ppb
2026-08-13T01:00:00Z,1,12.15,12.08,12.092760272836863,0.057239727163137744,lightgbm,absolute,fold_1,3h,ppb
2026-08-13T01:15:00Z,1,12.16,12.09,12.092860439357281,0.06713956064271898,lightgbm,absolute,fold_1,3h,ppb
2026-08-13T01:30:00Z,1,12.16,12.08,12.085806348090477,0.07419365190952298,lightgbm,absolute,fold_1,3h,ppb
2026-08-13T01:45:00Z,1,12.13,12.09,12.083832749014107,0.046167250985893915,lightgbm,absolute,fold_1,3h,ppb
2026-08-13T02:00:00Z,1,12.13,12.1,12.083274761400395,0.0467252385996062,lightgbm,absolute,fold_1,3h,ppb
2026-08-13T02:15:00Z,1,12.11,12.1,12.093874750785004,0.016125249214995918,lightgbm,absolute,fold_1,3h,ppb
2026-08-13T02:30:00Z,1,12.09,12.11,12.091067392887723,-0.001067392887723173,lightgbm,absolute,fold_1,3h,ppb
2026-08-13T02:45:00Z,1,12.07,12.13,12.088818897503726,-0.018818897503726006,lightgbm,absolute,fold_1,3h,ppb
2026-08-13T03:00:00Z,1,12.07,12.12,12.060342154186914,0.009657845813086041,lightgbm,absolute,fold_1,3h,ppb
2026-08-13T03:15:00Z,1,12.08,12.11,12.052596958224353,0.027403041775647452,lightgbm,absolute,fold_1,3h,ppb
2026-08-13T03:30:00Z,1,12.05,12.12,12.054806641387316,-0.004806641387315125,lightgbm,absolute,fold_1,3h,ppb
2026-08-13T03:45:00Z,1,12.01,12.13,12.049904861547047,-0.03990486154704698,lightgbm,absolute,fold_1,3h,ppb
2026-08-13T04:00:00Z,1,12.01,12.15,12.036417268870995,-0.02641726887099516,lightgbm,absolute,fold_1,3h,ppb
2026-08-13T04:15:00Z,1,12.02,12.16,12.035635722227061,-0.015635722227061777,lightgbm,absolute,fold_1,3h,ppb
2026-08-13T04:30:00Z,1,12.03,12.16,12.047784560437705,-0.01778456043770582,lightgbm,absolute,fold_1,3h,ppb
2026-08-13T04:45:00Z,1,12.01,12.13,12.044740569613689,-0.034740569613688876,lightgbm,absolute,fold_1,3h,ppb
2026-08-13T05:00:00Z,1,11.98,12.13,12.05010823721327,-0.07010823721326886,lightgbm,absolute,fold_1,3h,ppb
2026-08-13T05:15:00Z,1,11.98,12.11,12.04574036504886,-0.06574036504886038,lightgbm,absolute,fold_1,3h,ppb
2026-08-13T05:30:00Z,1,12.07,12.09,12.042712851526794,0.027287148473206457,lightgbm,absolute,fold_1,3h,ppb
2026-08-13T05:45:00Z,1,12.03,12.07,12.03336316293902,-0.003363162939020725,lightgbm,absolute,fold_1,3h,ppb
2026-08-13T06:00:00Z,1,12.01,12.07,12.035341320686364,-0.025341320686363744,lightgbm,absolute,fold_1,3h,ppb
2026-08-13T06:30:00Z,1,12.02,12.05,12.03534813452957,-0.015348134529570956,lightgbm,absolute,fold_1,3h,ppb
2026-08-13T06:45:00Z,1,11.97,12.01,12.029038301500751,-0.059038301500750734,lightgbm,absolute,fold_1,3h,ppb
2026-08-13T07:00:00Z,1,11.98,12.01,12.032915682540606,-0.05291568254060586,lightgbm,absolute,fold_1,3h,ppb
2026-08-13T07:15:00Z,1,11.98,12.02,12.041721810426452,-0.06172181042645164,lightgbm,absolute,fold_1,3h,ppb
2026-08-13T07:30:00Z,1,12.03,12.03,12.060046099769117,-0.030046099769117873,lightgbm,absolute,fold_1,3h,ppb
2026-08-13T07:45:00Z,1,12.02,12.01,12.046893603094363,-0.026893603094363172,lightgbm,absolute,fold_1,3h,ppb
2026-08-13T08:00:00Z,1,12.06,11.98,12.041155367579508,0.018844632420492502,lightgbm,absolute,fold_1,3h,ppb
2026-08-13T08:15:00Z,1,12.07,11.98,12.042087512563711,0.02791248743628927,lightgbm,absolute,fold_1,3h,ppb
2026-08-13T08:30:00Z,1,12.03,12.07,12.026821807629982,0.00317819237001693,lightgbm,absolute,fold_1,3h,ppb
2026-08-13T08:45:00Z,1,11.97,12.03,12.017287196399401,-0.0472871963994006,lightgbm,absolute,fold_1,3h,ppb
2026-08-13T09:00:00Z,1,12.02,12.01,12.012349881918261,0.0076501180817381,lightgbm,absolute,fold_1,3h,ppb
2026-08-13T09:30:00Z,1,12.01,12.02,12.018604489552803,-0.008604489552803685,lightgbm,absolute,fold_1,3h,ppb
2026-08-13T09:45:00Z,1,12.01,11.97,11.998028798796074,0.011971201203925474,lightgbm,absolute,fold_1,3h,ppb
2026-08-13T10:00:00Z,1,12.01,11.98,12.023903238293316,-0.013903238293316633,lightgbm,absolute,fold_1,3h,ppb
2026-08-13T10:15:00Z,1,12.03,11.98,12.033331946166573,-0.0033319461665737293,lightgbm,absolute,fold_1,3h,ppb
2026-08-13T10:30:00Z,1,12.04,12.03,12.034712124728241,0.0052878752717582245,lightgbm,absolute,fold_1,3h,ppb
2026-08-13T10:45:00Z,1,12.1,12.02,12.034091739526637,0.06590826047336229,lightgbm,absolute,fold_1,3h,ppb
2026-08-13T11:00:00Z,1,12.05,12.06,12.018444668694388,0.031555331305613166,lightgbm,absolute,fold_1,3h,ppb
2026-08-13T11:15:00Z,1,12.07,12.07,12.053626888084612,0.016373111915388705,lightgbm,absolute,fold_1,3h,ppb
2026-08-13T11:30:00Z,1,11.99,12.03,12.04048623191425,-0.05048623191424895,lightgbm,absolute,fold_1,3h,ppb
2026-08-13T11:45:00Z,1,11.92,11.97,12.018074048628776,-0.09807404862877611,lightgbm,absolute,fold_1,3h,ppb
2026-08-13T12:00:00Z,1,11.88,12.02,12.033014872948494,-0.1530148729484928,lightgbm,absolute,fold_1,3h,ppb
2026-08-13T12:15:00Z,1,11.92,12.02,12.04501457069328,-0.12501457069327948,lightgbm,absolute,fold_1,3h,ppb
2026-08-13T12:30:00Z,1,12.04,12.01,12.036437100922416,0.0035628990775826708,lightgbm,absolute,fold_1,3h,ppb
2026-08-13T12:45:00Z,1,12.14,12.01,12.057375535617767,0.08262446438223314,lightgbm,absolute,fold_1,3h,ppb
2026-08-13T13:00:00Z,1,12.17,12.01,12.166575601800037,0.0034243981999626527,lightgbm,absolute,fold_1,3h,ppb
2026-08-13T13:15:00Z,1,12.19,12.03,12.151549956370944,0.03845004362905513,lightgbm,absolute,fold_1,3h,ppb
2026-08-13T13:30:00Z,1,12.15,12.04,12.145998256407694,0.004001743592306539,lightgbm,absolute,fold_1,3h,ppb
2026-08-13T13:45:00Z,1,12.12,12.1,12.129146888513212,-0.009146888513212659,lightgbm,absolute,fold_1,3h,ppb
2026-08-13T14:00:00Z,1,12.13,12.05,12.107698823277161,0.0223011767228396,lightgbm,absolute,fold_1,3h,ppb
2026-08-13T14:15:00Z,1,12.13,12.07,12.111841157023939,0.018158842976061962,lightgbm,absolute,fold_1,3h,ppb
2026-08-13T14:30:00Z,1,12.11,11.99,12.105406230426285,0.004593769573714823,lightgbm,absolute,fold_1,3h,ppb
2026-08-13T14:45:00Z,1,12.08,11.92,12.101223068285563,-0.021223068285562974,lightgbm,absolute,fold_1,3h,ppb
2026-08-13T15:00:00Z,1,12.09,11.88,12.079975581492235,0.01002441850776492,lightgbm,absolute,fold_1,3h,ppb
2026-08-13T15:15:00Z,1,12.09,11.92,12.079597976486946,0.010402023513053749,lightgbm,absolute,fold_1,3h,ppb
2026-08-13T15:30:00Z,1,12.09,12.04,12.082783857951535,0.007216142048465102,lightgbm,absolute,fold_1,3h,ppb
2026-08-13T15:45:00Z,1,12.09,12.14,12.081540355605902,0.00845964439409741,lightgbm,absolute,fold_1,3h,ppb
2026-08-13T16:00:00Z,1,12.11,12.17,12.079369014015088,0.030630985984911874,lightgbm,absolute,fold_1,3h,ppb
2026-08-13T16:15:00Z,1,12.13,12.19,12.08227428121203,0.04772571878797116,lightgbm,absolute,fold_1,3h,ppb
2026-08-13T16:30:00Z,1,12.11,12.15,12.081795582330047,0.02820441766995252,lightgbm,absolute,fold_1,3h,ppb
2026-08-13T16:45:00Z,1,12.11,12.12,12.08384581009263,0.02615418990736984,lightgbm,absolute,fold_1,3h,ppb
2026-08-13T17:00:00Z,1,12.1,12.13,12.087710759111234,0.012289240888765818,lightgbm,absolute,fold_1,3h,ppb
2026-08-13T17:15:00Z,1,12.11,12.13,12.089138108234955,0.02086189176504405,lightgbm,absolute,fold_1,3h,ppb
2026-08-13T17:30:00Z,1,12.09,12.11,12.090015812243939,-1.5812243939095083e-05,lightgbm,absolute,fold_1,3h,ppb
2026-08-13T17:45:00Z,1,12.08,12.08,12.088860503894617,-0.008860503894617011,lightgbm,absolute,fold_1,3h,ppb
2026-08-13T18:00:00Z,1,12.08,12.09,12.086119534811264,-0.006119534811263705,lightgbm,absolute,fold_1,3h,ppb
2026-08-13T18:15:00Z,1,12.09,12.09,12.086393392222066,0.003606607777934201,lightgbm,absolute,fold_1,3h,ppb
2026-08-13T18:30:00Z,1,12.09,12.09,12.087978536539286,0.002021463460714301,lightgbm,absolute,fold_1,3h,ppb
2026-08-13T18:45:00Z,1,12.07,12.09,12.079943338271063,-0.00994333827106253,lightgbm,absolute,fold_1,3h,ppb
2026-08-13T19:00:00Z,1,12.09,12.11,12.082302784833125,0.007697215166874827,lightgbm,absolute,fold_1,3h,ppb
2026-08-13T19:15:00Z,1,12.1,12.13,12.07702995088462,0.022970049115379254,lightgbm,absolute,fold_1,3h,ppb
2026-08-13T19:30:00Z,1,12.11,12.11,12.078765201015136,0.031234798984863588,lightgbm,absolute,fold_1,3h,ppb
2026-08-13T19:45:00Z,1,12.1,12.11,12.080784037537228,0.019215962462771685,lightgbm,absolute,fold_1,3h,ppb
2026-08-13T20:00:00Z,1,12.1,12.1,12.082790754118749,0.017209245881250723,lightgbm,absolute,fold_1,3h,ppb
2026-08-13T20:15:00Z,1,12.09,12.11,12.084253225875933,0.005746774124066434,lightgbm,absolute,fold_1,3h,ppb
2026-08-13T20:30:00Z,1,12.1,12.09,12.08134854465003,0.01865145534996948,lightgbm,absolute,fold_1,3h,ppb
2026-08-13T20:45:00Z,1,12.08,12.08,12.088722134398822,-0.008722134398821524,lightgbm,absolute,fold_1,3h,ppb
2026-08-13T21:00:00Z,1,12.09,12.08,12.089680318135803,0.0003196818641963972,lightgbm,absolute,fold_1,3h,ppb
2026-08-13T21:15:00Z,1,12.09,12.09,12.091194687177767,-0.001194687177767051,lightgbm,absolute,fold_1,3h,ppb
2026-08-13T21:30:00Z,1,12.07,12.09,12.09174715142959,-0.02174715142959016,lightgbm,absolute,fold_1,3h,ppb
2026-08-13T21:45:00Z,1,12.08,12.07,12.089474710628592,-0.00947471062859151,lightgbm,absolute,fold_1,3h,ppb
2026-08-13T22:00:00Z,1,12.09,12.09,12.091584168836178,-0.0015841688361781792,lightgbm,absolute,fold_1,3h,ppb
2026-08-13T22:15:00Z,1,12.08,12.1,12.091340430742624,-0.011340430742624363,lightgbm,absolute,fold_1,3h,ppb
2026-08-13T22:30:00Z,1,12.11,12.11,12.093673093094603,0.0163269069053964,lightgbm,absolute,fold_1,3h,ppb
2026-08-13T22:45:00Z,1,12.1,12.1,12.088932640386954,0.011067359613045724,lightgbm,absolute,fold_1,3h,ppb
2026-08-13T23:00:00Z,1,12.1,12.1,12.093326239249334,0.006673760750665281,lightgbm,absolute,fold_1,3h,ppb
2026-08-13T23:15:00Z,1,12.1,12.09,12.094413872653694,0.0055861273463051475,lightgbm,absolute,fold_1,3h,ppb
2026-08-13T23:30:00Z,1,12.1,12.1,12.099119606545443,0.0008803934545564829,lightgbm,absolute,fold_1,3h,ppb
2026-08-13T23:45:00Z,1,12.11,12.08,12.099298983751734,0.010701016248265915,lightgbm,absolute,fold_1,3h,ppb
2026-08-12T00:00:00Z,1,12.11,12.06,12.095549366342155,0.014450633657844492,lightgbm,delta,fold_1,3h,ppb
2026-08-12T00:15:00Z,1,12.09,12.07,12.098448731160776,-0.008448731160775935,lightgbm,delta,fold_1,3h,ppb
2026-08-12T00:30:00Z,1,12.09,12.13,12.06981055234868,0.02018944765132069,lightgbm,delta,fold_1,3h,ppb
2026-08-12T00:45:00Z,1,12.11,12.12,12.074584086858074,0.03541591314192516,lightgbm,delta,fold_1,3h,ppb
2026-08-12T01:00:00Z,1,12.09,12.13,12.066924263528335,0.0230757364716645,lightgbm,delta,fold_1,3h,ppb
2026-08-12T01:15:00Z,1,12.08,12.1,12.07523157239123,0.004768427608770054,lightgbm,delta,fold_1,3h,ppb
2026-08-12T01:30:00Z,1,12.07,12.08,12.067076437123168,0.002923562876832264,lightgbm,delta,fold_1,3h,ppb
2026-08-12T01:45:00Z,1,12.07,12.08,12.074692592087922,-0.004692592087922165,lightgbm,delta,fold_1,3h,ppb
2026-08-12T02:00:00Z,1,12.07,12.08,12.081853746220817,-0.01185374622081703,lightgbm,delta,fold_1,3h,ppb
2026-08-12T02:15:00Z,1,12.06,12.09,12.082725692438865,-0.022725692438864797,lightgbm,delta,fold_1,3h,ppb
2026-08-12T02:30:00Z,1,12.08,12.1,12.088129180627629,-0.008129180627628685,lightgbm,delta,fold_1,3h,ppb
2026-08-12T02:45:00Z,1,12.15,12.11,12.095418074208284,0.054581925791715946,lightgbm,delta,fold_1,3h,ppb
2026-08-12T03:00:00Z,1,12.14,12.11,12.037481379653212,0.10251862034678894,lightgbm,delta,fold_1,3h,ppb
2026-08-12T03:15:00Z,1,12.06,12.09,12.033821014182303,0.02617898581769751,lightgbm,delta,fold_1,3h,ppb
2026-08-12T03:30:00Z,1,12.07,12.09,12.05930008344432,0.010699916555680034,lightgbm,delta,fold_1,3h,ppb
2026-08-12T03:45:00Z,1,12.02,12.11,12.057368562527213,-0.0373685625272131,lightgbm,delta,fold_1,3h,ppb
2026-08-12T04:00:00Z,1,12.01,12.09,12.045332633254029,-0.03533263325402913,lightgbm,delta,fold_1,3h,ppb
2026-08-12T04:15:00Z,1,12.0,12.08,12.055965466294303,-0.05596546629430321,lightgbm,delta,fold_1,3h,ppb
2026-08-12T04:30:00Z,1,11.95,12.07,12.04778748576414,-0.09778748576414031,lightgbm,delta,fold_1,3h,ppb
2026-08-12T04:45:00Z,1,11.99,12.07,12.040147130436415,-0.0501471304364145,lightgbm,delta,fold_1,3h,ppb
2026-08-12T05:00:00Z,1,12.0,12.07,12.024708531112921,-0.02470853111292115,lightgbm,delta,fold_1,3h,ppb
2026-08-12T05:15:00Z,1,11.99,12.06,12.01068991759812,-0.020689917598119223,lightgbm,delta,fold_1,3h,ppb
2026-08-12T05:30:00Z,1,12.03,12.08,12.035465370223722,-0.005465370223722843,lightgbm,delta,fold_1,3h,ppb
2026-08-12T05:45:00Z,1,12.09,12.15,12.056835040562834,0.033164959437165464,lightgbm,delta,fold_1,3h,ppb
2026-08-12T06:00:00Z,1,12.12,12.14,12.048282149070925,0.07171785092907434,lightgbm,delta,fold_1,3h,ppb
2026-08-12T06:15:00Z,1,12.05,12.06,12.022118678890246,0.02788132110975461,lightgbm,delta,fold_1,3h,ppb
2026-08-12T06:30:00Z,1,11.98,12.07,12.012764917852373,-0.03276491785237212,lightgbm,delta,fold_1,3h,ppb
2026-08-12T06:45:00Z,1,12.0,12.02,12.027633214656625,-0.027633214656624716,lightgbm,delta,fold_1,3h,ppb
2026-08-12T07:00:00Z,1,12.01,12.01,12.020892137984966,-0.0108921379849658,lightgbm,delta,fold_1,3h,ppb
2026-08-12T07:15:00Z,1,11.99,12.0,12.008164738372717,-0.01816473837271637,lightgbm,delta,fold_1,3h,ppb
2026-08-12T07:30:00Z,1,12.01,11.95,12.041701177812318,-0.03170117781231774,lightgbm,delta,fold_1,3h,ppb
2026-08-12T07:45:00Z,1,12.02,11.99,12.028629993548805,-0.008629993548805004,lightgbm,delta,fold_1,3h,ppb
2026-08-12T08:00:00Z,1,12.01,12.0,12.022994576046285,-0.012994576046285289,lightgbm,delta,fold_1,3h,ppb
2026-08-12T08:15:00Z,1,12.02,11.99,12.00516010633132,0.014839893668678883,lightgbm,delta,fold_1,3h,ppb
2026-08-12T08:30:00Z,1,12.04,12.03,12.028983759304388,0.01101624069561069,lightgbm,delta,fold_1,3h,ppb
2026-08-12T08:45:00Z,1,11.99,12.09,12.006368716690549,-0.016368716690548624,lightgbm,delta,fold_1,3h,ppb
2026-08-12T09:00:00Z,1,12.03,12.12,12.010841293124988,0.019158706875010978,lightgbm,delta,fold_1,3h,ppb
2026-08-12T09:15:00Z,1,11.99,12.05,11.990756082445882,-0.0007560824458821003,lightgbm,delta,fold_1,3h,ppb
2026-08-12T09:30:00Z,1,12.0,11.98,11.97322292148675,0.026777078513250174,lightgbm,delta,fold_1,3h,ppb
2026-08-12T09:45:00Z,1,12.02,12.0,11.999647350445473,0.020352649554526536,lightgbm,delta,fold_1,3h,ppb
2026-08-12T10:00:00Z,1,12.04,12.01,12.044878576353348,-0.0048785763533487625,lightgbm,delta,fold_1,3h,ppb
2026-08-12T10:15:00Z,1,12.02,11.99,12.030216957124825,-0.010216957124825399,lightgbm,delta,fold_1,3h,ppb
2026-08-12T10:30:00Z,1,12.07,12.01,12.035426225913412,0.03457377408658857,lightgbm,delta,fold_1,3h,ppb
2026-08-12T10:45:00Z,1,12.05,12.02,11.990916815300361,0.0590831846996398,lightgbm,delta,fold_1,3h,ppb
2026-08-12T11:00:00Z,1,12.05,12.01,11.985652309768989,0.06434769023101161,lightgbm,delta,fold_1,3h,ppb
2026-08-12T11:15:00Z,1,12.04,12.02,11.995156436259816,0.04484356374018361,lightgbm,delta,fold_1,3h,ppb
2026-08-12T11:30:00Z,1,12.01,12.04,12.00374791948244,0.006252080517560543,lightgbm,delta,fold_1,3h,ppb
2026-08-12T11:45:00Z,1,11.89,11.99,11.96626535364893,-0.07626535364892995,lightgbm,delta,fold_1,3h,ppb
2026-08-12T12:00:00Z,1,11.87,12.03,11.982550517031617,-0.11255051703161811,lightgbm,delta,fold_1,3h,ppb
2026-08-12T12:15:00Z,1,11.93,11.99,11.976318096557533,-0.04631809655753294,lightgbm,delta,fold_1,3h,ppb
2026-08-12T12:30:00Z,1,11.95,12.0,11.968193298155226,-0.018193298155226856,lightgbm,delta,fold_1,3h,ppb
2026-08-12T12:45:00Z,1,12.04,12.02,11.987493885829114,0.052506114170885354,lightgbm,delta,fold_1,3h,ppb
2026-08-12T13:00:00Z,1,12.14,12.04,12.123592380927704,0.016407619072296598,lightgbm,delta,fold_1,3h,ppb
2026-08-12T13:15:00Z,1,12.26,12.02,12.123103872742206,0.13689612725779376,lightgbm,delta,fold_1,3h,ppb
2026-08-12T13:30:00Z,1,12.24,12.07,12.117358692080506,0.12264130791949412,lightgbm,delta,fold_1,3h,ppb
2026-08-12T13:45:00Z,1,12.18,12.05,12.124879458232687,0.0551205417673124,lightgbm,delta,fold_1,3h,ppb
2026-08-12T14:00:00Z,1,12.14,12.05,12.112003165447145,0.027996834552855177,lightgbm,delta,fold_1,3h,ppb
2026-08-12T14:15:00Z,1,12.14,12.04,12.090681227976388,0.04931877202361257,lightgbm,delta,fold_1,3h,ppb
2026-08-12T14:30:00Z,1,12.1,12.01,12.111831445713177,-0.011831445713177402,lightgbm,delta,fold_1,3h,ppb
2026-08-12T14:45:00Z,1,12.1,11.89,12.064568082992997,0.03543191700700277,lightgbm,delta,fold_1,3h,ppb
2026-08-12T15:00:00Z,1,12.1,11.87,12.034519670372692,0.06548032962730765,lightgbm,delta,fold_1,3h,ppb
2026-08-12T15:15:00Z,1,12.09,11.93,12.07680654532993,0.013193454670069826,lightgbm,delta,fold_1,3h,ppb
2026-08-12T15:30:00Z,1,12.1,11.95,12.10590397008145,-0.0059039700814498275,lightgbm,delta,fold_1,3h,ppb
2026-08-12T15:45:00Z,1,12.1,12.04,12.083664814006731,0.016335185993268553,lightgbm,delta,fold_1,3h,ppb
2026-08-12T16:00:00Z,1,12.11,12.14,12.048907130754449,0.061092869245550574,lightgbm,delta,fold_1,3h,ppb
2026-08-12T16:15:00Z,1,12.1,12.26,12.145321444947372,-0.04532144494737267,lightgbm,delta,fold_1,3h,ppb
2026-08-12T16:30:00Z,1,12.08,12.24,12.14651454537527,-0.06651454537527002,lightgbm,delta,fold_1,3h,ppb
2026-08-12T16:45:00Z,1,12.07,12.18,12.111456678648535,-0.04145667864853486,lightgbm,delta,fold_1,3h,ppb
2026-08-12T17:00:00Z,1,12.07,12.14,12.092150099235829,-0.022150099235828336,lightgbm,delta,fold_1,3h,ppb
2026-08-12T17:15:00Z,1,12.07,12.14,12.100279793156233,-0.030279793156232415,lightgbm,delta,fold_1,3h,ppb
2026-08-12T17:30:00Z,1,12.05,12.1,12.079300829650212,-0.029300829650210858,lightgbm,delta,fold_1,3h,ppb
2026-08-12T17:45:00Z,1,12.09,12.1,12.077813721048399,0.012186278951601182,lightgbm,delta,fold_1,3h,ppb
2026-08-12T18:00:00Z,1,12.1,12.1,12.076596776570412,0.023403223429587783,lightgbm,delta,fold_1,3h,ppb
2026-08-12T18:15:00Z,1,12.1,12.09,12.084610630503805,0.015389369496194405,lightgbm,delta,fold_1,3h,ppb
2026-08-12T18:30:00Z,1,12.11,12.1,12.079955503369627,0.030044496630372564,lightgbm,delta,fold_1,3h,ppb
2026-08-12T18:45:00Z,1,12.11,12.1,12.087989170881741,0.022010829118258357,lightgbm,delta,fold_1,3h,ppb
2026-08-12T19:00:00Z,1,12.11,12.11,12.099442841496488,0.010557158503511133,lightgbm,delta,fold_1,3h,ppb
2026-08-12T19:15:00Z,1,12.11,12.1,12.09278159389038,0.017218406109618556,lightgbm,delta,fold_1,3h,ppb
2026-08-12T19:30:00Z,1,12.1,12.08,12.08468474065449,0.015315259345509702,lightgbm,delta,fold_1,3h,ppb
2026-08-12T19:45:00Z,1,12.1,12.07,12.085831296020592,0.014168703979407837,lightgbm,delta,fold_1,3h,ppb
2026-08-12T20:00:00Z,1,12.09,12.07,12.089690150547026,0.0003098494529734097,lightgbm,delta,fold_1,3h,ppb
2026-08-12T20:15:00Z,1,12.09,12.07,12.093204030288796,-0.0032040302887956784,lightgbm,delta,fold_1,3h,ppb
2026-08-12T20:30:00Z,1,12.09,12.05,12.073629211994325,0.016370788005675152,lightgbm,delta,fold_1,3h,ppb
2026-08-12T20:45:00Z,1,12.09,12.09,12.08505328980008,0.004946710199920545,lightgbm,delta,fold_1,3h,ppb
2026-08-12T21:00:00Z,1,12.08,12.1,12.085581147464785,-0.005581147464784664,lightgbm,delta,fold_1,3h,ppb
2026-08-12T21:15:00Z,1,12.07,12.1,12.082473258622606,-0.012473258622605954,lightgbm,delta,fold_1,3h,ppb
2026-08-12T21:30:00Z,1,12.1,12.11,12.081526460479559,0.01847353952044095,lightgbm,delta,fold_1,3h,ppb
2026-08-12T21:45:00Z,1,12.1,12.11,12.088845366989279,0.011154633010720616,lightgbm,delta,fold_1,3h,ppb
2026-08-12T22:00:00Z,1,12.08,12.11,12.0900683056965,-0.010068305696499635,lightgbm,delta,fold_1,3h,ppb
2026-08-12T22:15:00Z,1,12.09,12.11,12.092267711410239,-0.0022677114102389595,lightgbm,delta,fold_1,3h,ppb
2026-08-12T22:30:00Z,1,12.08,12.1,12.090167009937403,-0.010167009937402938,lightgbm,delta,fold_1,3h,ppb
2026-08-12T22:45:00Z,1,12.09,12.1,12.09342667335964,-0.0034266733596393095,lightgbm,delta,fold_1,3h,ppb
2026-08-12T23:00:00Z,1,12.1,12.09,12.09828963938968,0.0017103606103194835,lightgbm,delta,fold_1,3h,ppb
2026-08-12T23:15:00Z,1,12.1,12.09,12.100755891050017,-0.0007558910500176097,lightgbm,delta,fold_1,3h,ppb
2026-08-12T23:30:00Z,1,12.11,12.09,12.091675826716477,0.018324173283522427,lightgbm,delta,fold_1,3h,ppb
2026-08-12T23:45:00Z,1,12.13,12.09,12.088879373423772,0.0411206265762285,lightgbm,delta,fold_1,3h,ppb
2026-08-13T00:00:00Z,1,12.12,12.08,12.091823692983672,0.02817630701632723,lightgbm,delta,fold_1,3h,ppb
2026-08-13T00:15:00Z,1,12.11,12.07,12.10395590237861,0.006044097621389355,lightgbm,delta,fold_1,3h,ppb
2026-08-13T00:30:00Z,1,12.12,12.1,12.100633469526581,0.019366530473417853,lightgbm,delta,fold_1,3h,ppb
2026-08-13T00:45:00Z,1,12.13,12.1,12.10996978072364,0.02003021927636084,lightgbm,delta,fold_1,3h,ppb
2026-08-13T01:00:00Z,1,12.15,12.08,12.0942630686833,0.05573693131669977,lightgbm,delta,fold_1,3h,ppb
2026-08-13T01:15:00Z,1,12.16,12.09,12.102818869396874,0.05718113060312646,lightgbm,delta,fold_1,3h,ppb
2026-08-13T01:30:00Z,1,12.16,12.08,12.089960322707139,0.07003967729286131,lightgbm,delta,fold_1,3h,ppb
2026-08-13T01:45:00Z,1,12.13,12.09,12.106460685242364,0.023539314757636376,lightgbm,delta,fold_1,3h,ppb
2026-08-13T02:00:00Z,1,12.13,12.1,12.092862448573129,0.037137551426871696,lightgbm,delta,fold_1,3h,ppb
2026-08-13T02:15:00Z,1,12.11,12.1,12.102041511132544,0.007958488867455316,lightgbm,delta,fold_1,3h,ppb
2026-08-13T02:30:00Z,1,12.09,12.11,12.103028322371891,-0.013028322371891221,lightgbm,delta,fold_1,3h,ppb
2026-08-13T02:45:00Z,1,12.07,12.13,12.10484996080086,-0.03484996080086056,lightgbm,delta,fold_1,3h,ppb
2026-08-13T03:00:00Z,1,12.07,12.12,12.069983228915126,1.6771084874633857e-05,lightgbm,delta,fold_1,3h,ppb
2026-08-13T03:15:00Z,1,12.08,12.11,12.058031536917927,0.021968463082073342,lightgbm,delta,fold_1,3h,ppb
2026-08-13T03:30:00Z,1,12.05,12.12,12.068422094986323,-0.01842209498632208,lightgbm,delta,fold_1,3h,ppb
2026-08-13T03:45:00Z,1,12.01,12.13,12.073834726411395,-0.06383472641139498,lightgbm,delta,fold_1,3h,ppb
2026-08-13T04:00:00Z,1,12.01,12.15,12.088007590848465,-0.07800759084846476,lightgbm,delta,fold_1,3h,ppb
2026-08-13T04:15:00Z,1,12.02,12.16,12.093249855572916,-0.07324985557291619,lightgbm,delta,fold_1,3h,ppb
2026-08-13T04:30:00Z,1,12.03,12.16,12.10420030023559,-0.07420030023559043,lightgbm,delta,fold_1,3h,ppb
2026-08-13T04:45:00Z,1,12.01,12.13,12.071045746034704,-0.06104574603470425,lightgbm,delta,fold_1,3h,ppb
2026-08-13T05:00:00Z,1,11.98,12.13,12.065830534825738,-0.0858305348257371,lightgbm,delta,fold_1,3h,ppb
2026-08-13T05:15:00Z,1,11.98,12.11,12.04631460404851,-0.0663146040485092,lightgbm,delta,fold_1,3h,ppb
2026-08-13T05:30:00Z,1,12.07,12.09,12.041293801907447,0.028706198092553592,lightgbm,delta,fold_1,3h,ppb
2026-08-13T05:45:00Z,1,12.03,12.07,12.039670789657032,-0.009670789657032941,lightgbm,delta,fold_1,3h,ppb
2026-08-13T06:00:00Z,1,12.01,12.07,12.04652267275946,-0.036522672759460306,lightgbm,delta,fold_1,3h,ppb
2026-08-13T06:30:00Z,1,12.02,12.05,12.029689789060363,-0.009689789060363552,lightgbm,delta,fold_1,3h,ppb
2026-08-13T06:45:00Z,1,11.97,12.01,12.009853255389674,-0.03985325538967288,lightgbm,delta,fold_1,3h,ppb
2026-08-13T07:00:00Z,1,11.98,12.01,12.010116236329456,-0.03011623632945515,lightgbm,delta,fold_1,3h,ppb
2026-08-13T07:15:00Z,1,11.98,12.02,12.033463502693031,-0.05346350269303102,lightgbm,delta,fold_1,3h,ppb
2026-08-13T07:30:00Z,1,12.03,12.03,12.056897296111996,-0.026897296111997093,lightgbm,delta,fold_1,3h,ppb
2026-08-13T07:45:00Z,1,12.02,12.01,12.033204406761433,-0.013204406761433418,lightgbm,delta,fold_1,3h,ppb
2026-08-13T08:00:00Z,1,12.06,11.98,12.006397214717447,0.053602785282553356,lightgbm,delta,fold_1,3h,ppb
2026-08-13T08:15:00Z,1,12.07,11.98,12.006421173615388,0.06357882638461199,lightgbm,delta,fold_1,3h,ppb
2026-08-13T08:30:00Z,1,12.03,12.07,12.032465164119287,-0.002465164119287877,lightgbm,delta,fold_1,3h,ppb
2026-08-13T08:45:00Z,1,11.97,12.03,12.021695799880119,-0.05169579988011819,lightgbm,delta,fold_1,3h,ppb
2026-08-13T09:00:00Z,1,12.02,12.01,11.994061477569412,0.025938522430587696,lightgbm,delta,fold_1,3h,ppb
2026-08-13T09:30:00Z,1,12.01,12.02,12.016044618809005,-0.006044618809005087,lightgbm,delta,fold_1,3h,ppb
2026-08-13T09:45:00Z,1,12.01,11.97,11.99690834733546,0.013091652664540376,lightgbm,delta,fold_1,3h,ppb
2026-08-13T10:00:00Z,1,12.01,11.98,12.012001069600638,-0.0020010696006380613,lightgbm,delta,fold_1,3h,ppb
2026-08-13T10:15:00Z,1,12.03,11.98,12.020602069802559,0.00939793019744073,lightgbm,delta,fold_1,3h,ppb
2026-08-13T10:30:00Z,1,12.04,12.03,12.032899332427242,0.007100667572757402,lightgbm,delta,fold_1,3h,ppb
2026-08-13T10:45:00Z,1,12.1,12.02,12.027286781366472,0.07271321863352753,lightgbm,delta,fold_1,3h,ppb
2026-08-13T11:00:00Z,1,12.05,12.06,12.035167309287347,0.014832690712653473,lightgbm,delta,fold_1,3h,ppb
2026-08-13T11:15:00Z,1,12.07,12.07,12.07856796199582,-0.008567961995819218,lightgbm,delta,fold_1,3h,ppb
2026-08-13T11:30:00Z,1,11.99,12.03,12.056894028577108,-0.06689402857710824,lightgbm,delta,fold_1,3h,ppb
2026-08-13T11:45:00Z,1,11.92,11.97,12.020919318320551,-0.10091931832055145,lightgbm,delta,fold_1,3h,ppb
2026-08-13T12:00:00Z,1,11.88,12.02,12.03373367725246,-0.15373367725245934,lightgbm,delta,fold_1,3h,ppb
2026-08-13T12:15:00Z,1,11.92,12.02,12.040163028750106,-0.1201630287501061,lightgbm,delta,fold_1,3h,ppb
2026-08-13T12:30:00Z,1,12.04,12.01,12.020427619086238,0.019572380913761123,lightgbm,delta,fold_1,3h,ppb
2026-08-13T12:45:00Z,1,12.14,12.01,12.045027837162714,0.09497216283728704,lightgbm,delta,fold_1,3h,ppb
2026-08-13T13:00:00Z,1,12.17,12.01,12.150640992350695,0.01935900764930487,lightgbm,delta,fold_1,3h,ppb
2026-08-13T13:15:00Z,1,12.19,12.03,12.149202452335839,0.04079754766416066,lightgbm,delta,fold_1,3h,ppb
2026-08-13T13:30:00Z,1,12.15,12.04,12.128549345683222,0.021450654316778284,lightgbm,delta,fold_1,3h,ppb
2026-08-13T13:45:00Z,1,12.12,12.1,12.10629088065574,0.013709119344259335,lightgbm,delta,fold_1,3h,ppb
2026-08-13T14:00:00Z,1,12.13,12.05,12.11644248121991,0.013557518780091371,lightgbm,delta,fold_1,3h,ppb
2026-08-13T14:15:00Z,1,12.13,12.07,12.126162003444446,0.0038379965555552786,lightgbm,delta,fold_1,3h,ppb
2026-08-13T14:30:00Z,1,12.11,11.99,12.088881678445318,0.021118321554681074,lightgbm,delta,fold_1,3h,ppb
2026-08-13T14:45:00Z,1,12.08,11.92,12.074456654784193,0.005543345215807349,lightgbm,delta,fold_1,3h,ppb
2026-08-13T15:00:00Z,1,12.09,11.88,12.050564727214061,0.039435272785938835,lightgbm,delta,fold_1,3h,ppb
2026-08-13T15:15:00Z,1,12.09,11.92,12.077211810918122,0.012788189081877732,lightgbm,delta,fold_1,3h,ppb
2026-08-13T15:30:00Z,1,12.09,12.04,12.090691494520842,-0.0006914945208418288,lightgbm,delta,fold_1,3h,ppb
2026-08-13T15:45:00Z,1,12.09,12.14,12.112051072632179,-0.02205107263217876,lightgbm,delta,fold_1,3h,ppb
2026-08-13T16:00:00Z,1,12.11,12.17,12.088123553228884,0.021876446771115,lightgbm,delta,fold_1,3h,ppb
2026-08-13T16:15:00Z,1,12.13,12.19,12.104518258634952,0.02548174136504855,lightgbm,delta,fold_1,3h,ppb
2026-08-13T16:30:00Z,1,12.11,12.15,12.080795246789421,0.02920475321057836,lightgbm,delta,fold_1,3h,ppb
2026-08-13T16:45:00Z,1,12.11,12.12,12.065240702879452,0.044759297120547714,lightgbm,delta,fold_1,3h,ppb
2026-08-13T17:00:00Z,1,12.1,12.13,12.074797345888907,0.02520265411109257,lightgbm,delta,fold_1,3h,ppb
2026-08-13T17:15:00Z,1,12.11,12.13,12.085781338037659,0.02421866196234035,lightgbm,delta,fold_1,3h,ppb
2026-08-13T17:30:00Z,1,12.09,12.11,12.085932082115171,0.004067917884828631,lightgbm,delta,fold_1,3h,ppb
2026-08-13T17:45:00Z,1,12.08,12.08,12.080254295822211,-0.000254295822211148,lightgbm,delta,fold_1,3h,ppb
2026-08-13T18:00:00Z,1,12.08,12.09,12.078806792779243,0.0011932072207567757,lightgbm,delta,fold_1,3h,ppb
2026-08-13T18:15:00Z,1,12.09,12.09,12.086260147759184,0.0037398522408160773,lightgbm,delta,fold_1,3h,ppb
2026-08-13T18:30:00Z,1,12.09,12.09,12.084405669067948,0.005594330932051861,lightgbm,delta,fold_1,3h,ppb
2026-08-13T18:45:00Z,1,12.07,12.09,12.08144588369548,-0.011445883695479608,lightgbm,delta,fold_1,3h,ppb
2026-08-13T19:00:00Z,1,12.09,12.11,12.08773717954865,0.002262820451349512,lightgbm,delta,fold_1,3h,ppb
2026-08-13T19:15:00Z,1,12.1,12.13,12.081731303310693,0.018268696689306196,lightgbm,delta,fold_1,3h,ppb
2026-08-13T19:30:00Z,1,12.11,12.11,12.08881530473856,0.0211846952614394,lightgbm,delta,fold_1,3h,ppb
2026-08-13T19:45:00Z,1,12.1,12.11,12.089344970827398,0.01065502917260197,lightgbm,delta,fold_1,3h,ppb
2026-08-13T20:00:00Z,1,12.1,12.1,12.085678460362383,0.014321539637617064,lightgbm,delta,fold_1,3h,ppb
2026-08-13T20:15:00Z,1,12.09,12.11,12.093754226550185,-0.0037542265501855354,lightgbm,delta,fold_1,3h,ppb
2026-08-13T20:30:00Z,1,12.1,12.09,12.083250265672005,0.01674973432799476,lightgbm,delta,fold_1,3h,ppb
2026-08-13T20:45:00Z,1,12.08,12.08,12.08898877437394,-0.008988774373939634,lightgbm,delta,fold_1,3h,ppb
2026-08-13T21:00:00Z,1,12.09,12.08,12.088555308675353,0.0014446913246466409,lightgbm,delta,fold_1,3h,ppb
2026-08-13T21:15:00Z,1,12.09,12.09,12.088304826601679,0.0016951733983212591,lightgbm,delta,fold_1,3h,ppb
2026-08-13T21:30:00Z,1,12.07,12.09,12.088191646535664,-0.018191646535663963,lightgbm,delta,fold_1,3h,ppb
2026-08-13T21:45:00Z,1,12.08,12.07,12.089348121690279,-0.009348121690278433,lightgbm,delta,fold_1,3h,ppb
2026-08-13T22:00:00Z,1,12.09,12.09,12.092870167387929,-0.0028701673879290013,lightgbm,delta,fold_1,3h,ppb
2026-08-13T22:15:00Z,1,12.08,12.1,12.092374053968129,-0.012374053968128962,lightgbm,delta,fold_1,3h,ppb
2026-08-13T22:30:00Z,1,12.11,12.11,12.104411046091974,0.005588953908025829,lightgbm,delta,fold_1,3h,ppb
2026-08-13T22:45:00Z,1,12.1,12.1,12.092170191080092,0.007829808919908032,lightgbm,delta,fold_1,3h,ppb
2026-08-13T23:00:00Z,1,12.1,12.1,12.093392903505766,0.006607096494233744,lightgbm,delta,fold_1,3h,ppb
2026-08-13T23:15:00Z,1,12.1,12.09,12.098813246087383,0.0011867539126164672,lightgbm,delta,fold_1,3h,ppb
2026-08-13T23:30:00Z,1,12.1,12.1,12.100392007349544,-0.0003920073495446985,lightgbm,delta,fold_1,3h,ppb
2026-08-13T23:45:00Z,1,12.11,12.08,12.0995571589849,0.010442841015098736,lightgbm,delta,fold_1,3h,ppb
2026-08-14T00:00:00Z,1,12.09,12.09,12.09,0.0,persistence,absolute,fold_2,3h,ppb
2026-08-14T00:15:00Z,1,12.09,12.09,12.09,0.0,persistence,absolute,fold_2,3h,ppb
2026-08-14T00:30:00Z,1,12.1,12.07,12.07,0.02999999999999936,persistence,absolute,fold_2,3h,ppb
2026-08-14T00:45:00Z,1,12.09,12.08,12.08,0.009999999999999787,persistence,absolute,fold_2,3h,ppb
2026-08-14T01:00:00Z,1,12.08,12.09,12.09,-0.009999999999999787,persistence,absolute,fold_2,3h,ppb
2026-08-14T01:15:00Z,1,12.07,12.08,12.08,-0.009999999999999787,persistence,absolute,fold_2,3h,ppb
2026-08-14T01:30:00Z,1,12.06,12.11,12.11,-0.049999999999998934,persistence,absolute,fold_2,3h,ppb
2026-08-14T01:45:00Z,1,12.05,12.1,12.1,-0.049999999999998934,persistence,absolute,fold_2,3h,ppb
2026-08-14T02:00:00Z,1,12.04,12.1,12.1,-0.0600000000000005,persistence,absolute,fold_2,3h,ppb
2026-08-14T02:15:00Z,1,12.03,12.1,12.1,-0.07000000000000028,persistence,absolute,fold_2,3h,ppb
2026-08-14T02:30:00Z,1,12.05,12.1,12.1,-0.049999999999998934,persistence,absolute,fold_2,3h,ppb
2026-08-14T02:45:00Z,1,12.05,12.11,12.11,-0.05999999999999872,persistence,absolute,fold_2,3h,ppb
2026-08-14T03:00:00Z,1,12.05,12.09,12.09,-0.03999999999999915,persistence,absolute,fold_2,3h,ppb
2026-08-14T03:15:00Z,1,12.01,12.09,12.09,-0.08000000000000007,persistence,absolute,fold_2,3h,ppb
2026-08-14T03:30:00Z,1,12.01,12.1,12.1,-0.08999999999999986,persistence,absolute,fold_2,3h,ppb
2026-08-14T03:45:00Z,1,12.01,12.09,12.09,-0.08000000000000007,persistence,absolute,fold_2,3h,ppb
2026-08-14T04:00:00Z,1,12.01,12.08,12.08,-0.07000000000000028,persistence,absolute,fold_2,3h,ppb
2026-08-14T04:15:00Z,1,11.99,12.07,12.07,-0.08000000000000007,persistence,absolute,fold_2,3h,ppb
2026-08-14T04:30:00Z,1,11.93,12.06,12.06,-0.13000000000000078,persistence,absolute,fold_2,3h,ppb
2026-08-14T04:45:00Z,1,11.95,12.05,12.05,-0.10000000000000142,persistence,absolute,fold_2,3h,ppb
2026-08-14T05:00:00Z,1,11.98,12.04,12.04,-0.05999999999999872,persistence,absolute,fold_2,3h,ppb
2026-08-14T05:15:00Z,1,11.91,12.03,12.03,-0.11999999999999922,persistence,absolute,fold_2,3h,ppb
2026-08-14T05:30:00Z,1,11.97,12.05,12.05,-0.08000000000000007,persistence,absolute,fold_2,3h,ppb
2026-08-14T05:45:00Z,1,12.04,12.05,12.05,-0.010000000000001563,persistence,absolute,fold_2,3h,ppb
2026-08-14T06:00:00Z,1,12.02,12.05,12.05,-0.030000000000001137,persistence,absolute,fold_2,3h,ppb
2026-08-14T06:15:00Z,1,12.02,12.01,12.01,0.009999999999999787,persistence,absolute,fold_2,3h,ppb
2026-08-14T06:30:00Z,1,12.03,12.01,12.01,0.019999999999999574,persistence,absolute,fold_2,3h,ppb
2026-08-14T06:45:00Z,1,11.98,12.01,12.01,-0.02999999999999936,persistence,absolute,fold_2,3h,ppb
2026-08-14T07:00:00Z,1,11.95,12.01,12.01,-0.0600000000000005,persistence,absolute,fold_2,3h,ppb
2026-08-14T07:15:00Z,1,11.98,11.99,11.99,-0.009999999999999787,persistence,absolute,fold_2,3h,ppb
2026-08-14T07:30:00Z,1,12.02,11.93,11.93,0.08999999999999986,persistence,absolute,fold_2,3h,ppb
2026-08-14T07:45:00Z,1,12.02,11.95,11.95,0.07000000000000028,persistence,absolute,fold_2,3h,ppb
2026-08-14T08:00:00Z,1,12.05,11.98,11.98,0.07000000000000028,persistence,absolute,fold_2,3h,ppb
2026-08-14T08:15:00Z,1,12.01,11.91,11.91,0.09999999999999964,persistence,absolute,fold_2,3h,ppb
2026-08-14T08:30:00Z,1,11.96,11.97,11.97,-0.009999999999999787,persistence,absolute,fold_2,3h,ppb
2026-08-14T08:45:00Z,1,11.96,12.04,12.04,-0.0799999999999983,persistence,absolute,fold_2,3h,ppb
2026-08-14T09:00:00Z,1,12.01,12.02,12.02,-0.009999999999999787,persistence,absolute,fold_2,3h,ppb
2026-08-14T09:15:00Z,1,12.09,12.02,12.02,0.07000000000000028,persistence,absolute,fold_2,3h,ppb
2026-08-14T09:30:00Z,1,12.09,12.03,12.03,0.0600000000000005,persistence,absolute,fold_2,3h,ppb
2026-08-14T09:45:00Z,1,12.03,11.98,11.98,0.049999999999998934,persistence,absolute,fold_2,3h,ppb
2026-08-14T10:00:00Z,1,11.96,11.95,11.95,0.010000000000001563,persistence,absolute,fold_2,3h,ppb
2026-08-14T10:15:00Z,1,12.06,11.98,11.98,0.08000000000000007,persistence,absolute,fold_2,3h,ppb
2026-08-14T10:30:00Z,1,12.01,12.02,12.02,-0.009999999999999787,persistence,absolute,fold_2,3h,ppb
2026-08-14T10:45:00Z,1,12.08,12.02,12.02,0.0600000000000005,persistence,absolute,fold_2,3h,ppb
2026-08-14T11:00:00Z,1,12.04,12.05,12.05,-0.010000000000001563,persistence,absolute,fold_2,3h,ppb
2026-08-14T11:15:00Z,1,12.06,12.01,12.01,0.05000000000000071,persistence,absolute,fold_2,3h,ppb
2026-08-14T11:30:00Z,1,12.02,11.96,11.96,0.05999999999999872,persistence,absolute,fold_2,3h,ppb
2026-08-14T11:45:00Z,1,11.94,11.96,11.96,-0.02000000000000135,persistence,absolute,fold_2,3h,ppb
2026-08-14T12:00:00Z,1,12.02,12.01,12.01,0.009999999999999787,persistence,absolute,fold_2,3h,ppb
2026-08-14T12:15:00Z,1,11.98,12.09,12.09,-0.10999999999999943,persistence,absolute,fold_2,3h,ppb
2026-08-14T12:30:00Z,1,11.99,12.09,12.09,-0.09999999999999964,persistence,absolute,fold_2,3h,ppb
2026-08-14T12:45:00Z,1,12.08,12.03,12.03,0.05000000000000071,persistence,absolute,fold_2,3h,ppb
2026-08-14T13:00:00Z,1,12.11,11.96,11.96,0.14999999999999858,persistence,absolute,fold_2,3h,ppb
2026-08-14T13:15:00Z,1,12.11,12.06,12.06,0.049999999999998934,persistence,absolute,fold_2,3h,ppb
2026-08-14T13:30:00Z,1,12.11,12.01,12.01,0.09999999999999964,persistence,absolute,fold_2,3h,ppb
2026-08-14T13:45:00Z,1,12.11,12.08,12.08,0.02999999999999936,persistence,absolute,fold_2,3h,ppb
2026-08-14T14:00:00Z,1,12.09,12.04,12.04,0.05000000000000071,persistence,absolute,fold_2,3h,ppb
2026-08-14T14:15:00Z,1,12.1,12.06,12.06,0.03999999999999915,persistence,absolute,fold_2,3h,ppb
2026-08-14T14:30:00Z,1,12.12,12.02,12.02,0.09999999999999964,persistence,absolute,fold_2,3h,ppb
2026-08-14T14:45:00Z,1,12.11,11.94,11.94,0.16999999999999993,persistence,absolute,fold_2,3h,ppb
2026-08-14T15:00:00Z,1,12.1,12.02,12.02,0.08000000000000007,persistence,absolute,fold_2,3h,ppb
2026-08-14T15:15:00Z,1,12.08,11.98,11.98,0.09999999999999964,persistence,absolute,fold_2,3h,ppb
2026-08-14T15:30:00Z,1,12.06,11.99,11.99,0.07000000000000028,persistence,absolute,fold_2,3h,ppb
2026-08-14T15:45:00Z,1,12.06,12.08,12.08,-0.019999999999999574,persistence,absolute,fold_2,3h,ppb
2026-08-14T16:00:00Z,1,12.08,12.11,12.11,-0.02999999999999936,persistence,absolute,fold_2,3h,ppb
2026-08-14T16:15:00Z,1,12.09,12.11,12.11,-0.019999999999999574,persistence,absolute,fold_2,3h,ppb
2026-08-14T16:30:00Z,1,12.1,12.11,12.11,-0.009999999999999787,persistence,absolute,fold_2,3h,ppb
2026-08-14T16:45:00Z,1,12.09,12.11,12.11,-0.019999999999999574,persistence,absolute,fold_2,3h,ppb
2026-08-14T17:00:00Z,1,12.09,12.09,12.09,0.0,persistence,absolute,fold_2,3h,ppb
2026-08-14T17:15:00Z,1,12.08,12.1,12.1,-0.019999999999999574,persistence,absolute,fold_2,3h,ppb
2026-08-14T17:30:00Z,1,12.09,12.12,12.12,-0.02999999999999936,persistence,absolute,fold_2,3h,ppb
2026-08-14T17:45:00Z,1,12.09,12.11,12.11,-0.019999999999999574,persistence,absolute,fold_2,3h,ppb
2026-08-14T18:00:00Z,1,12.1,12.1,12.1,0.0,persistence,absolute,fold_2,3h,ppb
2026-08-14T18:15:00Z,1,12.1,12.08,12.08,0.019999999999999574,persistence,absolute,fold_2,3h,ppb
2026-08-14T18:30:00Z,1,12.09,12.06,12.06,0.02999999999999936,persistence,absolute,fold_2,3h,ppb
2026-08-14T18:45:00Z,1,12.09,12.06,12.06,0.02999999999999936,persistence,absolute,fold_2,3h,ppb
2026-08-14T19:00:00Z,1,12.09,12.08,12.08,0.009999999999999787,persistence,absolute,fold_2,3h,ppb
2026-08-14T19:15:00Z,1,12.09,12.09,12.09,0.0,persistence,absolute,fold_2,3h,ppb
2026-08-14T19:30:00Z,1,12.11,12.1,12.1,0.009999999999999787,persistence,absolute,fold_2,3h,ppb
2026-08-14T19:45:00Z,1,12.09,12.09,12.09,0.0,persistence,absolute,fold_2,3h,ppb
2026-08-14T20:00:00Z,1,12.09,12.09,12.09,0.0,persistence,absolute,fold_2,3h,ppb
2026-08-14T20:15:00Z,1,12.08,12.08,12.08,0.0,persistence,absolute,fold_2,3h,ppb
2026-08-14T20:30:00Z,1,12.08,12.09,12.09,-0.009999999999999787,persistence,absolute,fold_2,3h,ppb
2026-08-14T20:45:00Z,1,12.08,12.09,12.09,-0.009999999999999787,persistence,absolute,fold_2,3h,ppb
2026-08-14T21:00:00Z,1,12.07,12.1,12.1,-0.02999999999999936,persistence,absolute,fold_2,3h,ppb
2026-08-14T21:15:00Z,1,12.06,12.1,12.1,-0.03999999999999915,persistence,absolute,fold_2,3h,ppb
2026-08-14T21:30:00Z,1,12.07,12.09,12.09,-0.019999999999999574,persistence,absolute,fold_2,3h,ppb
2026-08-14T21:45:00Z,1,12.07,12.09,12.09,-0.019999999999999574,persistence,absolute,fold_2,3h,ppb
2026-08-14T22:00:00Z,1,12.07,12.09,12.09,-0.019999999999999574,persistence,absolute,fold_2,3h,ppb
2026-08-14T22:15:00Z,1,12.07,12.09,12.09,-0.019999999999999574,persistence,absolute,fold_2,3h,ppb
2026-08-14T22:30:00Z,1,12.09,12.11,12.11,-0.019999999999999574,persistence,absolute,fold_2,3h,ppb
2026-08-14T22:45:00Z,1,12.08,12.09,12.09,-0.009999999999999787,persistence,absolute,fold_2,3h,ppb
2026-08-14T23:00:00Z,1,12.09,12.09,12.09,0.0,persistence,absolute,fold_2,3h,ppb
2026-08-14T23:15:00Z,1,12.11,12.08,12.08,0.02999999999999936,persistence,absolute,fold_2,3h,ppb
2026-08-14T23:30:00Z,1,12.09,12.08,12.08,0.009999999999999787,persistence,absolute,fold_2,3h,ppb
2026-08-14T23:45:00Z,1,12.1,12.08,12.08,0.019999999999999574,persistence,absolute,fold_2,3h,ppb
2026-08-15T00:00:00Z,1,12.08,12.07,12.07,0.009999999999999787,persistence,absolute,fold_2,3h,ppb
2026-08-15T00:15:00Z,1,12.08,12.06,12.06,0.019999999999999574,persistence,absolute,fold_2,3h,ppb
2026-08-15T00:30:00Z,1,12.1,12.07,12.07,0.02999999999999936,persistence,absolute,fold_2,3h,ppb
2026-08-15T00:45:00Z,1,12.09,12.07,12.07,0.019999999999999574,persistence,absolute,fold_2,3h,ppb
2026-08-15T01:00:00Z,1,12.08,12.07,12.07,0.009999999999999787,persistence,absolute,fold_2,3h,ppb
2026-08-15T01:15:00Z,1,12.07,12.07,12.07,0.0,persistence,absolute,fold_2,3h,ppb
2026-08-15T01:30:00Z,1,12.06,12.09,12.09,-0.02999999999999936,persistence,absolute,fold_2,3h,ppb
2026-08-15T01:45:00Z,1,12.07,12.08,12.08,-0.009999999999999787,persistence,absolute,fold_2,3h,ppb
2026-08-15T02:00:00Z,1,12.04,12.09,12.09,-0.05000000000000071,persistence,absolute,fold_2,3h,ppb
2026-08-15T02:15:00Z,1,12.05,12.11,12.11,-0.05999999999999872,persistence,absolute,fold_2,3h,ppb
2026-08-15T02:30:00Z,1,12.05,12.09,12.09,-0.03999999999999915,persistence,absolute,fold_2,3h,ppb
2026-08-15T02:45:00Z,1,12.04,12.1,12.1,-0.0600000000000005,persistence,absolute,fold_2,3h,ppb
2026-08-15T03:00:00Z,1,11.99,12.08,12.08,-0.08999999999999986,persistence,absolute,fold_2,3h,ppb
2026-08-15T03:15:00Z,1,11.99,12.08,12.08,-0.08999999999999986,persistence,absolute,fold_2,3h,ppb
2026-08-15T03:30:00Z,1,12.01,12.1,12.1,-0.08999999999999986,persistence,absolute,fold_2,3h,ppb
2026-08-15T03:45:00Z,1,11.96,12.09,12.09,-0.129999999999999,persistence,absolute,fold_2,3h,ppb
2026-08-15T04:00:00Z,1,12.02,12.08,12.08,-0.0600000000000005,persistence,absolute,fold_2,3h,ppb
2026-08-15T04:15:00Z,1,12.01,12.07,12.07,-0.0600000000000005,persistence,absolute,fold_2,3h,ppb
2026-08-15T04:30:00Z,1,12.0,12.06,12.06,-0.0600000000000005,persistence,absolute,fold_2,3h,ppb
2026-08-15T04:45:00Z,1,12.08,12.07,12.07,0.009999999999999787,persistence,absolute,fold_2,3h,ppb
2026-08-15T05:00:00Z,1,12.05,12.04,12.04,0.010000000000001563,persistence,absolute,fold_2,3h,ppb
2026-08-15T05:15:00Z,1,11.95,12.05,12.05,-0.10000000000000142,persistence,absolute,fold_2,3h,ppb
2026-08-15T05:30:00Z,1,12.02,12.05,12.05,-0.030000000000001137,persistence,absolute,fold_2,3h,ppb
2026-08-15T05:45:00Z,1,12.01,12.04,12.04,-0.02999999999999936,persistence,absolute,fold_2,3h,ppb
2026-08-15T06:00:00Z,1,12.02,11.99,11.99,0.02999999999999936,persistence,absolute,fold_2,3h,ppb
2026-08-15T06:15:00Z,1,12.04,11.99,11.99,0.049999999999998934,persistence,absolute,fold_2,3h,ppb
2026-08-15T06:30:00Z,1,12.02,12.01,12.01,0.009999999999999787,persistence,absolute,fold_2,3h,ppb
2026-08-15T06:45:00Z,1,11.99,11.96,11.96,0.02999999999999936,persistence,absolute,fold_2,3h,ppb
2026-08-15T07:00:00Z,1,12.0,12.02,12.02,-0.019999999999999574,persistence,absolute,fold_2,3h,ppb
2026-08-15T07:15:00Z,1,11.98,12.01,12.01,-0.02999999999999936,persistence,absolute,fold_2,3h,ppb
2026-08-15T07:30:00Z,1,11.95,12.0,12.0,-0.05000000000000071,persistence,absolute,fold_2,3h,ppb
2026-08-15T07:45:00Z,1,11.98,12.08,12.08,-0.09999999999999964,persistence,absolute,fold_2,3h,ppb
2026-08-15T08:00:00Z,1,12.03,12.05,12.05,-0.02000000000000135,persistence,absolute,fold_2,3h,ppb
2026-08-15T08:15:00Z,1,11.94,11.95,11.95,-0.009999999999999787,persistence,absolute,fold_2,3h,ppb
2026-08-15T08:30:00Z,1,11.98,12.02,12.02,-0.03999999999999915,persistence,absolute,fold_2,3h,ppb
2026-08-15T08:45:00Z,1,12.01,12.01,12.01,0.0,persistence,absolute,fold_2,3h,ppb
2026-08-15T09:00:00Z,1,12.02,12.02,12.02,0.0,persistence,absolute,fold_2,3h,ppb
2026-08-15T09:15:00Z,1,12.03,12.04,12.04,-0.009999999999999787,persistence,absolute,fold_2,3h,ppb
2026-08-15T09:30:00Z,1,12.06,12.02,12.02,0.040000000000000924,persistence,absolute,fold_2,3h,ppb
2026-08-15T09:45:00Z,1,12.05,11.99,11.99,0.0600000000000005,persistence,absolute,fold_2,3h,ppb
2026-08-15T10:00:00Z,1,12.02,12.0,12.0,0.019999999999999574,persistence,absolute,fold_2,3h,ppb
2026-08-15T10:15:00Z,1,12.05,11.98,11.98,0.07000000000000028,persistence,absolute,fold_2,3h,ppb
2026-08-15T10:30:00Z,1,12.04,11.95,11.95,0.08999999999999986,persistence,absolute,fold_2,3h,ppb
2026-08-15T10:45:00Z,1,12.03,11.98,11.98,0.049999999999998934,persistence,absolute,fold_2,3h,ppb
2026-08-15T11:00:00Z,1,12.02,12.03,12.03,-0.009999999999999787,persistence,absolute,fold_2,3h,ppb
2026-08-15T11:15:00Z,1,12.02,11.94,11.94,0.08000000000000007,persistence,absolute,fold_2,3h,ppb
2026-08-15T11:30:00Z,1,11.97,11.98,11.98,-0.009999999999999787,persistence,absolute,fold_2,3h,ppb
2026-08-15T11:45:00Z,1,11.9,12.01,12.01,-0.10999999999999943,persistence,absolute,fold_2,3h,ppb
2026-08-15T12:00:00Z,1,11.84,12.02,12.02,-0.17999999999999972,persistence,absolute,fold_2,3h,ppb
2026-08-15T12:15:00Z,1,11.92,12.03,12.03,-0.10999999999999943,persistence,absolute,fold_2,3h,ppb
2026-08-15T12:30:00Z,1,11.97,12.06,12.06,-0.08999999999999986,persistence,absolute,fold_2,3h,ppb
2026-08-15T12:45:00Z,1,12.07,12.05,12.05,0.019999999999999574,persistence,absolute,fold_2,3h,ppb
2026-08-15T13:00:00Z,1,12.17,12.02,12.02,0.15000000000000036,persistence,absolute,fold_2,3h,ppb
2026-08-15T13:15:00Z,1,12.22,12.05,12.05,0.16999999999999993,persistence,absolute,fold_2,3h,ppb
2026-08-15T13:30:00Z,1,12.17,12.04,12.04,0.13000000000000078,persistence,absolute,fold_2,3h,ppb
2026-08-15T13:45:00Z,1,12.15,12.03,12.03,0.120000000000001,persistence,absolute,fold_2,3h,ppb
2026-08-15T14:00:00Z,1,12.11,12.02,12.02,0.08999999999999986,persistence,absolute,fold_2,3h,ppb
2026-08-15T14:15:00Z,1,12.11,12.02,12.02,0.08999999999999986,persistence,absolute,fold_2,3h,ppb
2026-08-15T14:30:00Z,1,12.09,11.97,11.97,0.11999999999999922,persistence,absolute,fold_2,3h,ppb
2026-08-15T14:45:00Z,1,12.1,11.9,11.9,0.1999999999999993,persistence,absolute,fold_2,3h,ppb
2026-08-15T15:00:00Z,1,12.1,11.84,11.84,0.2599999999999998,persistence,absolute,fold_2,3h,ppb
2026-08-15T15:15:00Z,1,12.09,11.92,11.92,0.16999999999999993,persistence,absolute,fold_2,3h,ppb
2026-08-15T15:30:00Z,1,12.08,11.97,11.97,0.10999999999999943,persistence,absolute,fold_2,3h,ppb
2026-08-15T15:45:00Z,1,12.06,12.07,12.07,-0.009999999999999787,persistence,absolute,fold_2,3h,ppb
2026-08-15T16:00:00Z,1,12.07,12.17,12.17,-0.09999999999999964,persistence,absolute,fold_2,3h,ppb
2026-08-15T16:15:00Z,1,12.08,12.22,12.22,-0.14000000000000057,persistence,absolute,fold_2,3h,ppb
2026-08-15T16:30:00Z,1,12.07,12.17,12.17,-0.09999999999999964,persistence,absolute,fold_2,3h,ppb
2026-08-15T16:45:00Z,1,12.06,12.15,12.15,-0.08999999999999986,persistence,absolute,fold_2,3h,ppb
2026-08-15T17:00:00Z,1,12.09,12.11,12.11,-0.019999999999999574,persistence,absolute,fold_2,3h,ppb
2026-08-15T17:15:00Z,1,12.08,12.11,12.11,-0.02999999999999936,persistence,absolute,fold_2,3h,ppb
2026-08-15T17:30:00Z,1,12.09,12.09,12.09,0.0,persistence,absolute,fold_2,3h,ppb
2026-08-15T17:45:00Z,1,12.08,12.1,12.1,-0.019999999999999574,persistence,absolute,fold_2,3h,ppb
2026-08-15T18:00:00Z,1,12.06,12.1,12.1,-0.03999999999999915,persistence,absolute,fold_2,3h,ppb
2026-08-15T18:15:00Z,1,12.06,12.09,12.09,-0.02999999999999936,persistence,absolute,fold_2,3h,ppb
2026-08-15T18:30:00Z,1,12.08,12.08,12.08,0.0,persistence,absolute,fold_2,3h,ppb
2026-08-15T18:45:00Z,1,12.08,12.06,12.06,0.019999999999999574,persistence,absolute,fold_2,3h,ppb
2026-08-15T19:00:00Z,1,12.08,12.07,12.07,0.009999999999999787,persistence,absolute,fold_2,3h,ppb
2026-08-15T19:15:00Z,1,12.08,12.08,12.08,0.0,persistence,absolute,fold_2,3h,ppb
2026-08-15T19:30:00Z,1,12.08,12.07,12.07,0.009999999999999787,persistence,absolute,fold_2,3h,ppb
2026-08-15T19:45:00Z,1,12.08,12.06,12.06,0.019999999999999574,persistence,absolute,fold_2,3h,ppb
2026-08-15T20:00:00Z,1,12.09,12.09,12.09,0.0,persistence,absolute,fold_2,3h,ppb
2026-08-15T20:15:00Z,1,12.09,12.08,12.08,0.009999999999999787,persistence,absolute,fold_2,3h,ppb
2026-08-15T20:30:00Z,1,12.09,12.09,12.09,0.0,persistence,absolute,fold_2,3h,ppb
2026-08-15T20:45:00Z,1,12.09,12.08,12.08,0.009999999999999787,persistence,absolute,fold_2,3h,ppb
2026-08-15T21:00:00Z,1,12.09,12.06,12.06,0.02999999999999936,persistence,absolute,fold_2,3h,ppb
2026-08-15T21:15:00Z,1,12.08,12.06,12.06,0.019999999999999574,persistence,absolute,fold_2,3h,ppb
2026-08-15T21:30:00Z,1,12.07,12.08,12.08,-0.009999999999999787,persistence,absolute,fold_2,3h,ppb
2026-08-15T21:45:00Z,1,12.06,12.08,12.08,-0.019999999999999574,persistence,absolute,fold_2,3h,ppb
2026-08-15T22:00:00Z,1,12.08,12.08,12.08,0.0,persistence,absolute,fold_2,3h,ppb
2026-08-15T22:15:00Z,1,12.08,12.08,12.08,0.0,persistence,absolute,fold_2,3h,ppb
2026-08-15T22:30:00Z,1,12.1,12.08,12.08,0.019999999999999574,persistence,absolute,fold_2,3h,ppb
2026-08-15T22:45:00Z,1,12.11,12.08,12.08,0.02999999999999936,persistence,absolute,fold_2,3h,ppb
2026-08-15T23:00:00Z,1,12.11,12.09,12.09,0.019999999999999574,persistence,absolute,fold_2,3h,ppb
2026-08-15T23:15:00Z,1,12.13,12.09,12.09,0.040000000000000924,persistence,absolute,fold_2,3h,ppb
2026-08-15T23:30:00Z,1,12.14,12.09,12.09,0.05000000000000071,persistence,absolute,fold_2,3h,ppb
2026-08-15T23:45:00Z,1,12.11,12.09,12.09,0.019999999999999574,persistence,absolute,fold_2,3h,ppb
2026-08-14T00:00:00Z,1,12.09,12.09,12.100154728296387,-0.01015472829638675,random_forest,absolute,fold_2,3h,ppb
2026-08-14T00:15:00Z,1,12.09,12.09,12.100489119830776,-0.010489119830776161,random_forest,absolute,fold_2,3h,ppb
2026-08-14T00:30:00Z,1,12.1,12.07,12.105163698955348,-0.005163698955348295,random_forest,absolute,fold_2,3h,ppb
2026-08-14T00:45:00Z,1,12.09,12.08,12.101729728296378,-0.011729728296378639,random_forest,absolute,fold_2,3h,ppb
2026-08-14T01:00:00Z,1,12.08,12.09,12.078902360318855,0.0010976396811450684,random_forest,absolute,fold_2,3h,ppb
2026-08-14T01:15:00Z,1,12.07,12.08,12.078908244558066,-0.008908244558066158,random_forest,absolute,fold_2,3h,ppb
2026-08-14T01:30:00Z,1,12.06,12.11,12.074060451147771,-0.014060451147770436,random_forest,absolute,fold_2,3h,ppb
2026-08-14T01:45:00Z,1,12.05,12.1,12.067517395592219,-0.01751739559221832,random_forest,absolute,fold_2,3h,ppb
2026-08-14T02:00:00Z,1,12.04,12.1,12.066443196393022,-0.02644319639302317,random_forest,absolute,fold_2,3h,ppb
2026-08-14T02:15:00Z,1,12.03,12.1,12.069494908819735,-0.039494908819735386,random_forest,absolute,fold_2,3h,ppb
2026-08-14T02:30:00Z,1,12.05,12.1,12.073416998766826,-0.023416998766824904,random_forest,absolute,fold_2,3h,ppb
2026-08-14T02:45:00Z,1,12.05,12.11,12.072718497884994,-0.022718497884993027,random_forest,absolute,fold_2,3h,ppb
2026-08-14T03:00:00Z,1,12.05,12.09,12.01491496443012,0.03508503556987996,random_forest,absolute,fold_2,3h,ppb
2026-08-14T03:15:00Z,1,12.01,12.09,12.014016306065825,-0.004016306065825148,random_forest,absolute,fold_2,3h,ppb
2026-08-14T03:30:00Z,1,12.01,12.1,12.012692292536018,-0.002692292536018215,random_forest,absolute,fold_2,3h,ppb
2026-08-14T03:45:00Z,1,12.01,12.09,12.01204734950387,-0.0020473495038704215,random_forest,absolute,fold_2,3h,ppb
2026-08-14T04:00:00Z,1,12.01,12.08,12.005998444187542,0.00400155581245798,random_forest,absolute,fold_2,3h,ppb
2026-08-14T04:15:00Z,1,11.99,12.07,12.004224384838189,-0.014224384838188442,random_forest,absolute,fold_2,3h,ppb
2026-08-14T04:30:00Z,1,11.93,12.06,12.005178940482374,-0.07517894048237395,random_forest,absolute,fold_2,3h,ppb
2026-08-14T04:45:00Z,1,11.95,12.05,12.006437163996651,-0.05643716399665166,random_forest,absolute,fold_2,3h,ppb
2026-08-14T05:00:00Z,1,11.98,12.04,12.00923301151483,-0.0292330115148296,random_forest,absolute,fold_2,3h,ppb
2026-08-14T05:15:00Z,1,11.91,12.03,12.015819359686546,-0.10581935968654577,random_forest,absolute,fold_2,3h,ppb
2026-08-14T05:30:00Z,1,11.97,12.05,12.02135239924652,-0.05135239924651991,random_forest,absolute,fold_2,3h,ppb
2026-08-14T05:45:00Z,1,12.04,12.05,12.016799062379995,0.02320093762000397,random_forest,absolute,fold_2,3h,ppb
2026-08-14T06:00:00Z,1,12.02,12.05,12.015406724980474,0.0045932750195252225,random_forest,absolute,fold_2,3h,ppb
2026-08-14T06:15:00Z,1,12.02,12.01,12.01631380146851,0.0036861985314899925,random_forest,absolute,fold_2,3h,ppb
2026-08-14T06:30:00Z,1,12.03,12.01,12.01380556658034,0.01619443341965976,random_forest,absolute,fold_2,3h,ppb
2026-08-14T06:45:00Z,1,11.98,12.01,12.010422210708594,-0.03042221070859341,random_forest,absolute,fold_2,3h,ppb
2026-08-14T07:00:00Z,1,11.95,12.01,12.011100208099302,-0.06110020809930283,random_forest,absolute,fold_2,3h,ppb
2026-08-14T07:15:00Z,1,11.98,11.99,12.01159681220783,-0.03159681220783028,random_forest,absolute,fold_2,3h,ppb
2026-08-14T07:30:00Z,1,12.02,11.93,12.005547650846589,0.014452349153410537,random_forest,absolute,fold_2,3h,ppb
2026-08-14T07:45:00Z,1,12.02,11.95,12.009831539160652,0.010168460839347304,random_forest,absolute,fold_2,3h,ppb
2026-08-14T08:00:00Z,1,12.05,11.98,12.007440112530304,0.04255988746969663,random_forest,absolute,fold_2,3h,ppb
2026-08-14T08:15:00Z,1,12.01,11.91,12.005572603124088,0.004427396875911427,random_forest,absolute,fold_2,3h,ppb
2026-08-14T08:30:00Z,1,11.96,11.97,12.015473420337848,-0.0554734203378473,random_forest,absolute,fold_2,3h,ppb
2026-08-14T08:45:00Z,1,11.96,12.04,12.01721121957763,-0.057211219577629535,random_forest,absolute,fold_2,3h,ppb
2026-08-14T09:00:00Z,1,12.01,12.02,12.019218034482373,-0.009218034482373128,random_forest,absolute,fold_2,3h,ppb
2026-08-14T09:15:00Z,1,12.09,12.02,12.021753145246068,0.06824685475393188,random_forest,absolute,fold_2,3h,ppb
2026-08-14T09:30:00Z,1,12.09,12.03,12.019631366503704,0.07036863349629563,random_forest,absolute,fold_2,3h,ppb
2026-08-14T09:45:00Z,1,12.03,11.98,12.006667122102645,0.02333287789735472,random_forest,absolute,fold_2,3h,ppb
2026-08-14T10:00:00Z,1,11.96,11.95,12.012642041217868,-0.052642041217866975,random_forest,absolute,fold_2,3h,ppb
2026-08-14T10:15:00Z,1,12.06,11.98,12.016223733987752,0.043776266012248044,random_forest,absolute,fold_2,3h,ppb
2026-08-14T10:30:00Z,1,12.01,12.02,12.02523455758897,-0.015234557588970077,random_forest,absolute,fold_2,3h,ppb
2026-08-14T10:45:00Z,1,12.08,12.02,12.028587129156975,0.05141287084302526,random_forest,absolute,fold_2,3h,ppb
2026-08-14T11:00:00Z,1,12.04,12.05,12.033541780673424,0.0064582193265749765,random_forest,absolute,fold_2,3h,ppb
2026-08-14T11:15:00Z,1,12.06,12.01,12.023459668438282,0.036540331561718986,random_forest,absolute,fold_2,3h,ppb
2026-08-14T11:30:00Z,1,12.02,11.96,11.981965964173021,0.038034035826978396,random_forest,absolute,fold_2,3h,ppb
2026-08-14T11:45:00Z,1,11.94,11.96,11.98857055083384,-0.04857055083384054,random_forest,absolute,fold_2,3h,ppb
2026-08-14T12:00:00Z,1,12.02,12.01,11.98053239770989,0.03946760229010948,random_forest,absolute,fold_2,3h,ppb
2026-08-14T12:15:00Z,1,11.98,12.09,12.009201748722084,-0.02920174872208392,random_forest,absolute,fold_2,3h,ppb
2026-08-14T12:30:00Z,1,11.99,12.09,12.020995151293748,-0.03099515129374808,random_forest,absolute,fold_2,3h,ppb
2026-08-14T12:45:00Z,1,12.08,12.03,12.025055440923602,0.05494455907639839,random_forest,absolute,fold_2,3h,ppb
2026-08-14T13:00:00Z,1,12.11,11.96,12.122830489417987,-0.012830489417988034,random_forest,absolute,fold_2,3h,ppb
2026-08-14T13:15:00Z,1,12.11,12.06,12.114406812169303,-0.00440681216930372,random_forest,absolute,fold_2,3h,ppb
2026-08-14T13:30:00Z,1,12.11,12.01,12.113841600529094,-0.0038416005290944355,random_forest,absolute,fold_2,3h,ppb
2026-08-14T13:45:00Z,1,12.11,12.08,12.116374977954136,-0.00637497795413644,random_forest,absolute,fold_2,3h,ppb
2026-08-14T14:00:00Z,1,12.09,12.04,12.107005136684297,-0.01700513668429693,random_forest,absolute,fold_2,3h,ppb
2026-08-14T14:15:00Z,1,12.1,12.06,12.106348453309192,-0.0063484533091919815,random_forest,absolute,fold_2,3h,ppb
2026-08-14T14:30:00Z,1,12.12,12.02,12.103636416272156,0.01636358372784308,random_forest,absolute,fold_2,3h,ppb
2026-08-14T14:45:00Z,1,12.11,11.94,12.096044451154041,0.013955548845958177,random_forest,absolute,fold_2,3h,ppb
2026-08-14T15:00:00Z,1,12.1,12.02,12.085798463066027,0.014201536933972747,random_forest,absolute,fold_2,3h,ppb
2026-08-14T15:15:00Z,1,12.08,11.98,12.087348198949453,-0.007348198949452822,random_forest,absolute,fold_2,3h,ppb
2026-08-14T15:30:00Z,1,12.06,11.99,12.087064994147616,-0.027064994147615096,random_forest,absolute,fold_2,3h,ppb
2026-08-14T15:45:00Z,1,12.06,12.08,12.084420815262954,-0.024420815262953255,random_forest,absolute,fold_2,3h,ppb
2026-08-14T16:00:00Z,1,12.08,12.11,12.082759347008984,-0.002759347008984392,random_forest,absolute,fold_2,3h,ppb
2026-08-14T16:15:00Z,1,12.09,12.11,12.081475352891104,0.008524647108895778,random_forest,absolute,fold_2,3h,ppb
2026-08-14T16:30:00Z,1,12.1,12.11,12.082519750354747,0.017480249645252854,random_forest,absolute,fold_2,3h,ppb
2026-08-14T16:45:00Z,1,12.09,12.11,12.080610684940863,0.00938931505913665,random_forest,absolute,fold_2,3h,ppb
2026-08-14T17:00:00Z,1,12.09,12.09,12.083719442529862,0.006280557470137893,random_forest,absolute,fold_2,3h,ppb
2026-08-14T17:15:00Z,1,12.08,12.1,12.083240921978826,-0.0032409219788256394,random_forest,absolute,fold_2,3h,ppb
2026-08-14T17:30:00Z,1,12.09,12.12,12.079535711817607,0.010464288182392423,random_forest,absolute,fold_2,3h,ppb
2026-08-14T17:45:00Z,1,12.09,12.11,12.082030231082191,0.00796976891780865,random_forest,absolute,fold_2,3h,ppb
2026-08-14T18:00:00Z,1,12.1,12.1,12.08368457890828,0.01631542109172024,random_forest,absolute,fold_2,3h,ppb
2026-08-14T18:15:00Z,1,12.1,12.08,12.085041673732919,0.014958326267080935,random_forest,absolute,fold_2,3h,ppb
2026-08-14T18:30:00Z,1,12.09,12.06,12.087065392687386,0.0029346073126141903,random_forest,absolute,fold_2,3h,ppb
2026-08-14T18:45:00Z,1,12.09,12.06,12.085611908393295,0.004388091606704947,random_forest,absolute,fold_2,3h,ppb
2026-08-14T19:00:00Z,1,12.09,12.08,12.085073516100428,0.004926483899572176,random_forest,absolute,fold_2,3h,ppb
2026-08-14T19:15:00Z,1,12.09,12.09,12.08483343459167,0.005166565408329049,random_forest,absolute,fold_2,3h,ppb
2026-08-14T19:30:00Z,1,12.11,12.1,12.086048205906609,0.023951794093390433,random_forest,absolute,fold_2,3h,ppb
2026-08-14T19:45:00Z,1,12.09,12.09,12.085751468496053,0.004248531503947106,random_forest,absolute,fold_2,3h,ppb
2026-08-14T20:00:00Z,1,12.09,12.09,12.085813741242406,0.004186258757593819,random_forest,absolute,fold_2,3h,ppb
2026-08-14T20:15:00Z,1,12.08,12.08,12.085983444300593,-0.005983444300593277,random_forest,absolute,fold_2,3h,ppb
2026-08-14T20:30:00Z,1,12.08,12.09,12.085119043086102,-0.005119043086102337,random_forest,absolute,fold_2,3h,ppb
2026-08-14T20:45:00Z,1,12.08,12.09,12.084947709576856,-0.00494770957685553,random_forest,absolute,fold_2,3h,ppb
2026-08-14T21:00:00Z,1,12.07,12.1,12.086208061108042,-0.01620806110804196,random_forest,absolute,fold_2,3h,ppb
2026-08-14T21:15:00Z,1,12.06,12.1,12.086615765132413,-0.02661576513241215,random_forest,absolute,fold_2,3h,ppb
2026-08-14T21:30:00Z,1,12.07,12.09,12.087245884958119,-0.017245884958118296,random_forest,absolute,fold_2,3h,ppb
2026-08-14T21:45:00Z,1,12.07,12.09,12.086947792926695,-0.016947792926695016,random_forest,absolute,fold_2,3h,ppb
2026-08-14T22:00:00Z,1,12.07,12.09,12.090402510739748,-0.02040251073974808,random_forest,absolute,fold_2,3h,ppb
2026-08-14T22:15:00Z,1,12.07,12.09,12.089757086536475,-0.019757086536474233,random_forest,absolute,fold_2,3h,ppb
2026-08-14T22:30:00Z,1,12.09,12.11,12.090778282344685,-0.0007782823446849108,random_forest,absolute,fold_2,3h,ppb
2026-08-14T22:45:00Z,1,12.08,12.09,12.087815115738628,-0.007815115738628364,random_forest,absolute,fold_2,3h,ppb
2026-08-14T23:00:00Z,1,12.09,12.09,12.092183541677489,-0.0021835416774891314,random_forest,absolute,fold_2,3h,ppb
2026-08-14T23:15:00Z,1,12.11,12.08,12.093222562841506,0.01677743715849367,random_forest,absolute,fold_2,3h,ppb
2026-08-14T23:30:00Z,1,12.09,12.08,12.091271636915579,-0.0012716369155789664,random_forest,absolute,fold_2,3h,ppb
2026-08-14T23:45:00Z,1,12.1,12.08,12.090558673952616,0.00944132604738357,random_forest,absolute,fold_2,3h,ppb
2026-08-15T00:00:00Z,1,12.08,12.07,12.096443121693104,-0.016443121693104246,random_forest,absolute,fold_2,3h,ppb
2026-08-15T00:15:00Z,1,12.08,12.06,12.091845105820092,-0.011845105820091462,random_forest,absolute,fold_2,3h,ppb
2026-08-15T00:30:00Z,1,12.1,12.07,12.088036507936492,0.011963492063507886,random_forest,absolute,fold_2,3h,ppb
2026-08-15T00:45:00Z,1,12.09,12.07,12.086666707366687,0.0033332926333127233,random_forest,absolute,fold_2,3h,ppb
2026-08-15T01:00:00Z,1,12.08,12.07,12.072152050264533,0.007847949735467097,random_forest,absolute,fold_2,3h,ppb
2026-08-15T01:15:00Z,1,12.07,12.07,12.071675992063476,-0.0016759920634754621,random_forest,absolute,fold_2,3h,ppb
2026-08-15T01:30:00Z,1,12.06,12.09,12.065277027626847,-0.00527702762684612,random_forest,absolute,fold_2,3h,ppb
2026-08-15T01:45:00Z,1,12.07,12.08,12.063804739267056,0.006195260732944519,random_forest,absolute,fold_2,3h,ppb
2026-08-15T02:00:00Z,1,12.04,12.09,12.06133939535172,-0.02133939535172047,random_forest,absolute,fold_2,3h,ppb
2026-08-15T02:15:00Z,1,12.05,12.11,12.057214593764424,-0.007214593764423682,random_forest,absolute,fold_2,3h,ppb
2026-08-15T02:30:00Z,1,12.05,12.09,12.056795744558071,-0.006795744558070638,random_forest,absolute,fold_2,3h,ppb
2026-08-15T02:45:00Z,1,12.04,12.1,12.051022177538675,-0.011022177538675848,random_forest,absolute,fold_2,3h,ppb
2026-08-15T03:00:00Z,1,11.99,12.08,12.01911300794698,-0.029113007946980574,random_forest,absolute,fold_2,3h,ppb
2026-08-15T03:15:00Z,1,11.99,12.08,12.016475962347075,-0.0264759623470745,random_forest,absolute,fold_2,3h,ppb
2026-08-15T03:30:00Z,1,12.01,12.1,12.018634382109877,-0.008634382109876881,random_forest,absolute,fold_2,3h,ppb
2026-08-15T03:45:00Z,1,11.96,12.09,12.018916985492147,-0.05891698549214652,random_forest,absolute,fold_2,3h,ppb
2026-08-15T04:00:00Z,1,12.02,12.08,12.015588251563663,0.0044117484363361825,random_forest,absolute,fold_2,3h,ppb
2026-08-15T04:15:00Z,1,12.01,12.07,12.017382098708339,-0.007382098708339058,random_forest,absolute,fold_2,3h,ppb
2026-08-15T04:30:00Z,1,12.0,12.06,12.015857432627518,-0.015857432627518264,random_forest,absolute,fold_2,3h,ppb
2026-08-15T04:45:00Z,1,12.08,12.07,12.018600094195598,0.06139990580440191,random_forest,absolute,fold_2,3h,ppb
2026-08-15T05:00:00Z,1,12.05,12.04,12.017003454129334,0.032996545870666694,random_forest,absolute,fold_2,3h,ppb
2026-08-15T05:15:00Z,1,11.95,12.05,12.021536410814976,-0.07153641081497675,random_forest,absolute,fold_2,3h,ppb
2026-08-15T05:30:00Z,1,12.02,12.05,12.021674532592435,-0.0016745325924354404,random_forest,absolute,fold_2,3h,ppb
2026-08-15T05:45:00Z,1,12.01,12.04,12.02137736288847,-0.011377362888470799,random_forest,absolute,fold_2,3h,ppb
2026-08-15T06:00:00Z,1,12.02,11.99,12.014004018915294,0.0059959810847054484,random_forest,absolute,fold_2,3h,ppb
2026-08-15T06:15:00Z,1,12.04,11.99,12.012880434296843,0.027119565703156212,random_forest,absolute,fold_2,3h,ppb
2026-08-15T06:30:00Z,1,12.02,12.01,12.01824888314885,0.0017511168511497033,random_forest,absolute,fold_2,3h,ppb
2026-08-15T06:45:00Z,1,11.99,11.96,12.012369614436802,-0.0223696144368013,random_forest,absolute,fold_2,3h,ppb
2026-08-15T07:00:00Z,1,12.0,12.02,12.022732785194002,-0.022732785194001792,random_forest,absolute,fold_2,3h,ppb
2026-08-15T07:15:00Z,1,11.98,12.01,12.02129649932819,-0.04129649932819035,random_forest,absolute,fold_2,3h,ppb
2026-08-15T07:30:00Z,1,11.95,12.0,12.016427889827307,-0.06642788982730785,random_forest,absolute,fold_2,3h,ppb
2026-08-15T07:45:00Z,1,11.98,12.08,12.01856521070933,-0.03856521070932928,random_forest,absolute,fold_2,3h,ppb
2026-08-15T08:00:00Z,1,12.03,12.05,12.017169085883257,0.01283091411674242,random_forest,absolute,fold_2,3h,ppb
2026-08-15T08:15:00Z,1,11.94,11.95,12.0120008552929,-0.07200085529290057,random_forest,absolute,fold_2,3h,ppb
2026-08-15T08:30:00Z,1,11.98,12.02,12.019157238154095,-0.039157238154095,random_forest,absolute,fold_2,3h,ppb
2026-08-15T08:45:00Z,1,12.01,12.01,12.015655966363258,-0.005655966363258713,random_forest,absolute,fold_2,3h,ppb
2026-08-15T09:00:00Z,1,12.02,12.02,12.019980447779158,1.9552220841489998e-05,random_forest,absolute,fold_2,3h,ppb
2026-08-15T09:15:00Z,1,12.03,12.04,12.026060379810966,0.003939620189033377,random_forest,absolute,fold_2,3h,ppb
2026-08-15T09:30:00Z,1,12.06,12.02,12.024455211632793,0.03554478836720776,random_forest,absolute,fold_2,3h,ppb
2026-08-15T09:45:00Z,1,12.05,11.99,12.017639060441386,0.03236093955861463,random_forest,absolute,fold_2,3h,ppb
2026-08-15T10:00:00Z,1,12.02,12.0,12.02396844917887,-0.0039684491788705145,random_forest,absolute,fold_2,3h,ppb
2026-08-15T10:15:00Z,1,12.05,11.98,12.018977476446338,0.03102252355366275,random_forest,absolute,fold_2,3h,ppb
2026-08-15T10:30:00Z,1,12.04,11.95,12.021703494388591,0.018296505611408165,random_forest,absolute,fold_2,3h,ppb
2026-08-15T10:45:00Z,1,12.03,11.98,12.022728806654511,0.007271193345488314,random_forest,absolute,fold_2,3h,ppb
2026-08-15T11:00:00Z,1,12.02,12.03,12.01566909491552,0.0043309050844797525,random_forest,absolute,fold_2,3h,ppb
2026-08-15T11:15:00Z,1,12.02,11.94,11.99891926430202,0.021080735697980302,random_forest,absolute,fold_2,3h,ppb
2026-08-15T11:30:00Z,1,11.97,11.98,12.016902514782853,-0.04690251478285212,random_forest,absolute,fold_2,3h,ppb
2026-08-15T11:45:00Z,1,11.9,12.01,11.99954814239706,-0.09954814239705989,random_forest,absolute,fold_2,3h,ppb
2026-08-15T12:00:00Z,1,11.84,12.02,11.992404563492068,-0.15240456349206788,random_forest,absolute,fold_2,3h,ppb
2026-08-15T12:15:00Z,1,11.92,12.03,12.007621237674364,-0.08762123767436414,random_forest,absolute,fold_2,3h,ppb
2026-08-15T12:30:00Z,1,11.97,12.06,12.018578174603176,-0.048578174603175484,random_forest,absolute,fold_2,3h,ppb
2026-08-15T12:45:00Z,1,12.07,12.05,12.03825806878306,0.031741931216940245,random_forest,absolute,fold_2,3h,ppb
2026-08-15T13:00:00Z,1,12.17,12.02,12.158525044091716,0.011474955908283846,random_forest,absolute,fold_2,3h,ppb
2026-08-15T13:15:00Z,1,12.22,12.05,12.15711697530865,0.06288302469135054,random_forest,absolute,fold_2,3h,ppb
2026-08-15T13:30:00Z,1,12.17,12.04,12.150458245149919,0.01954175485008136,random_forest,absolute,fold_2,3h,ppb
2026-08-15T13:45:00Z,1,12.15,12.03,12.145089462081136,0.0049105379188638665,random_forest,absolute,fold_2,3h,ppb
2026-08-15T14:00:00Z,1,12.11,12.02,12.123368716931223,-0.013368716931223545,random_forest,absolute,fold_2,3h,ppb
2026-08-15T14:15:00Z,1,12.11,12.02,12.118437852733678,-0.008437852733678142,random_forest,absolute,fold_2,3h,ppb
2026-08-15T14:30:00Z,1,12.09,11.97,12.11327987213403,-0.02327987213402949,random_forest,absolute,fold_2,3h,ppb
2026-08-15T14:45:00Z,1,12.1,11.9,12.10924140211639,-0.009241402116391129,random_forest,absolute,fold_2,3h,ppb
2026-08-15T15:00:00Z,1,12.1,11.84,12.091050167212654,0.008949832787346068,random_forest,absolute,fold_2,3h,ppb
2026-08-15T15:15:00Z,1,12.09,11.92,12.091230259805242,-0.001230259805241829,random_forest,absolute,fold_2,3h,ppb
2026-08-15T15:30:00Z,1,12.08,11.97,12.092425388629719,-0.01242538862971898,random_forest,absolute,fold_2,3h,ppb
2026-08-15T15:45:00Z,1,12.06,12.07,12.094988470017617,-0.03498847001761618,random_forest,absolute,fold_2,3h,ppb
2026-08-15T16:00:00Z,1,12.07,12.17,12.099086581422672,-0.029086581422671287,random_forest,absolute,fold_2,3h,ppb
2026-08-15T16:15:00Z,1,12.08,12.22,12.096324740393328,-0.016324740393327986,random_forest,absolute,fold_2,3h,ppb
2026-08-15T16:30:00Z,1,12.07,12.17,12.090687620540557,-0.020687620540556395,random_forest,absolute,fold_2,3h,ppb
2026-08-15T16:45:00Z,1,12.06,12.15,12.087889935355376,-0.027889935355375428,random_forest,absolute,fold_2,3h,ppb
2026-08-15T17:00:00Z,1,12.09,12.11,12.0859177770192,0.00408222298080041,random_forest,absolute,fold_2,3h,ppb
2026-08-15T17:15:00Z,1,12.08,12.11,12.084744221602882,-0.004744221602882348,random_forest,absolute,fold_2,3h,ppb
2026-08-15T17:30:00Z,1,12.09,12.09,12.08397920837536,0.006020791624639088,random_forest,absolute,fold_2,3h,ppb
2026-08-15T17:45:00Z,1,12.08,12.1,12.084947151697474,-0.004947151697473728,random_forest,absolute,fold_2,3h,ppb
2026-08-15T18:00:00Z,1,12.06,12.1,12.088023764139068,-0.02802376413906771,random_forest,absolute,fold_2,3h,ppb
2026-08-15T18:15:00Z,1,12.06,12.09,12.089656381562259,-0.02965638156225836,random_forest,absolute,fold_2,3h,ppb
2026-08-15T18:30:00Z,1,12.08,12.08,12.09130850822371,-0.011308508223709879,random_forest,absolute,fold_2,3h,ppb
2026-08-15T18:45:00Z,1,12.08,12.06,12.090550811229678,-0.010550811229677493,random_forest,absolute,fold_2,3h,ppb
2026-08-15T19:00:00Z,1,12.08,12.07,12.087917859332736,-0.007917859332735588,random_forest,absolute,fold_2,3h,ppb
2026-08-15T19:15:00Z,1,12.08,12.08,12.08754744133443,-0.007547441334429195,random_forest,absolute,fold_2,3h,ppb
2026-08-15T19:30:00Z,1,12.08,12.07,12.085949396654023,-0.0059493966540227206,random_forest,absolute,fold_2,3h,ppb
2026-08-15T19:45:00Z,1,12.08,12.06,12.084784773800427,-0.004784773800427189,random_forest,absolute,fold_2,3h,ppb
2026-08-15T20:00:00Z,1,12.09,12.09,12.086454423515766,0.0035455764842335924,random_forest,absolute,fold_2,3h,ppb
2026-08-15T20:15:00Z,1,12.09,12.08,12.087241151252602,0.0027588487473977352,random_forest,absolute,fold_2,3h,ppb
2026-08-15T20:30:00Z,1,12.09,12.09,12.089214508875358,0.0007854911246418794,random_forest,absolute,fold_2,3h,ppb
2026-08-15T20:45:00Z,1,12.09,12.08,12.08798198834951,0.0020180116504899814,random_forest,absolute,fold_2,3h,ppb
2026-08-15T21:00:00Z,1,12.09,12.06,12.087599146247612,0.0024008537523876328,random_forest,absolute,fold_2,3h,ppb
2026-08-15T21:15:00Z,1,12.08,12.06,12.088124405441931,-0.00812440544193116,random_forest,absolute,fold_2,3h,ppb
2026-08-15T21:30:00Z,1,12.07,12.08,12.087453084594568,-0.017453084594567514,random_forest,absolute,fold_2,3h,ppb
2026-08-15T21:45:00Z,1,12.06,12.08,12.089024031394679,-0.029024031394678573,random_forest,absolute,fold_2,3h,ppb
2026-08-15T22:00:00Z,1,12.08,12.08,12.090515285700311,-0.010515285700311239,random_forest,absolute,fold_2,3h,ppb
2026-08-15T22:15:00Z,1,12.08,12.08,12.089377994288018,-0.009377994288017888,random_forest,absolute,fold_2,3h,ppb
2026-08-15T22:30:00Z,1,12.1,12.08,12.089916239183554,0.01008376081644613,random_forest,absolute,fold_2,3h,ppb
2026-08-15T22:45:00Z,1,12.11,12.08,12.09039083588315,0.019609164116848987,random_forest,absolute,fold_2,3h,ppb
2026-08-15T23:00:00Z,1,12.11,12.09,12.093812845725152,0.016187154274847515,random_forest,absolute,fold_2,3h,ppb
2026-08-15T23:15:00Z,1,12.13,12.09,12.09479507676572,0.03520492323428037,random_forest,absolute,fold_2,3h,ppb
2026-08-15T23:30:00Z,1,12.14,12.09,12.094395629916274,0.04560437008372631,random_forest,absolute,fold_2,3h,ppb
2026-08-15T23:45:00Z,1,12.11,12.09,12.095523794036108,0.014476205963891431,random_forest,absolute,fold_2,3h,ppb
2026-08-14T00:00:00Z,1,12.09,12.09,12.097627383773782,-0.007627383773781915,random_forest,delta,fold_2,3h,ppb
2026-08-14T00:15:00Z,1,12.09,12.09,12.096600957868915,-0.006600957868915458,random_forest,delta,fold_2,3h,ppb
2026-08-14T00:30:00Z,1,12.1,12.07,12.093451448846169,0.006548551153830573,random_forest,delta,fold_2,3h,ppb
2026-08-14T00:45:00Z,1,12.09,12.08,12.09322517551339,-0.0032251755133909654,random_forest,delta,fold_2,3h,ppb
2026-08-14T01:00:00Z,1,12.08,12.09,12.091510062787972,-0.01151006278797162,random_forest,delta,fold_2,3h,ppb
2026-08-14T01:15:00Z,1,12.07,12.08,12.08604658729726,-0.016046587297259052,random_forest,delta,fold_2,3h,ppb
2026-08-14T01:30:00Z,1,12.06,12.11,12.094670319343019,-0.03467031934301801,random_forest,delta,fold_2,3h,ppb
2026-08-14T01:45:00Z,1,12.05,12.1,12.086376389793019,-0.03637638979301805,random_forest,delta,fold_2,3h,ppb
2026-08-14T02:00:00Z,1,12.04,12.1,12.072952740045032,-0.032952740045033124,random_forest,delta,fold_2,3h,ppb
2026-08-14T02:15:00Z,1,12.03,12.1,12.067153970495244,-0.03715397049524505,random_forest,delta,fold_2,3h,ppb
2026-08-14T02:30:00Z,1,12.05,12.1,12.075613823367984,-0.025613823367983457,random_forest,delta,fold_2,3h,ppb
2026-08-14T02:45:00Z,1,12.05,12.11,12.074649332177927,-0.024649332177926198,random_forest,delta,fold_2,3h,ppb
2026-08-14T03:00:00Z,1,12.05,12.09,12.041867467712152,0.008132532287849159,random_forest,delta,fold_2,3h,ppb
2026-08-14T03:15:00Z,1,12.01,12.09,12.03856975708944,-0.028569757089440984,random_forest,delta,fold_2,3h,ppb
2026-08-14T03:30:00Z,1,12.01,12.1,12.039322972161406,-0.029322972161406113,random_forest,delta,fold_2,3h,ppb
2026-08-14T03:45:00Z,1,12.01,12.09,12.027923528869053,-0.01792352886905313,random_forest,delta,fold_2,3h,ppb
2026-08-14T04:00:00Z,1,12.01,12.08,12.022311678219703,-0.012311678219703026,random_forest,delta,fold_2,3h,ppb
2026-08-14T04:15:00Z,1,11.99,12.07,12.009781178898763,-0.01978117889876252,random_forest,delta,fold_2,3h,ppb
2026-08-14T04:30:00Z,1,11.93,12.06,12.006131046623631,-0.07613104662363135,random_forest,delta,fold_2,3h,ppb
2026-08-14T04:45:00Z,1,11.95,12.05,12.001813800634325,-0.05181380063432606,random_forest,delta,fold_2,3h,ppb
2026-08-14T05:00:00Z,1,11.98,12.04,11.994622967367796,-0.01462296736779578,random_forest,delta,fold_2,3h,ppb
2026-08-14T05:15:00Z,1,11.91,12.03,12.002489517707257,-0.09248951770725711,random_forest,delta,fold_2,3h,ppb
2026-08-14T05:30:00Z,1,11.97,12.05,12.023189828675642,-0.05318982867564159,random_forest,delta,fold_2,3h,ppb
2026-08-14T05:45:00Z,1,12.04,12.05,12.024825726633866,0.015174273366133306,random_forest,delta,fold_2,3h,ppb
2026-08-14T06:00:00Z,1,12.02,12.05,12.024432643888801,-0.00443264388880138,random_forest,delta,fold_2,3h,ppb
2026-08-14T06:15:00Z,1,12.02,12.01,12.005206384703287,0.014793615296712304,random_forest,delta,fold_2,3h,ppb
2026-08-14T06:30:00Z,1,12.03,12.01,12.006642806839018,0.023357193160981282,random_forest,delta,fold_2,3h,ppb
2026-08-14T06:45:00Z,1,11.98,12.01,12.005613019617563,-0.02561301961756257,random_forest,delta,fold_2,3h,ppb
2026-08-14T07:00:00Z,1,11.95,12.01,12.011803067620239,-0.06180306762023946,random_forest,delta,fold_2,3h,ppb
2026-08-14T07:15:00Z,1,11.98,11.99,12.000601293169714,-0.020601293169713486,random_forest,delta,fold_2,3h,ppb
2026-08-14T07:30:00Z,1,12.02,11.93,12.002351901726081,0.017648098273918222,random_forest,delta,fold_2,3h,ppb
2026-08-14T07:45:00Z,1,12.02,11.95,11.986351149659022,0.03364885034097753,random_forest,delta,fold_2,3h,ppb
2026-08-14T08:00:00Z,1,12.05,11.98,12.005427579715679,0.04457242028432162,random_forest,delta,fold_2,3h,ppb
2026-08-14T08:15:00Z,1,12.01,11.91,11.997808030473877,0.012191969526123003,random_forest,delta,fold_2,3h,ppb
2026-08-14T08:30:00Z,1,11.96,11.97,12.000567884817066,-0.04056788481706519,random_forest,delta,fold_2,3h,ppb
2026-08-14T08:45:00Z,1,11.96,12.04,12.017760887126016,-0.05776088712601535,random_forest,delta,fold_2,3h,ppb
2026-08-14T09:00:00Z,1,12.01,12.02,12.01963123117208,-0.009631231172079424,random_forest,delta,fold_2,3h,ppb
2026-08-14T09:15:00Z,1,12.09,12.02,12.02128458659959,0.06871541340040999,random_forest,delta,fold_2,3h,ppb
2026-08-14T09:30:00Z,1,12.09,12.03,12.020158907570053,0.06984109242994663,random_forest,delta,fold_2,3h,ppb
2026-08-14T09:45:00Z,1,12.03,11.98,12.007130120396786,0.022869879603213406,random_forest,delta,fold_2,3h,ppb
2026-08-14T10:00:00Z,1,11.96,11.95,12.00321038515406,-0.04321038515405995,random_forest,delta,fold_2,3h,ppb
2026-08-14T10:15:00Z,1,12.06,11.98,12.018688263808329,0.0413117361916715,random_forest,delta,fold_2,3h,ppb
2026-08-14T10:30:00Z,1,12.01,12.02,12.029976338357956,-0.019976338357956536,random_forest,delta,fold_2,3h,ppb
2026-08-14T10:45:00Z,1,12.08,12.02,12.029195104443044,0.050804895556956,random_forest,delta,fold_2,3h,ppb
2026-08-14T11:00:00Z,1,12.04,12.05,12.034377810298531,0.005622189701467661,random_forest,delta,fold_2,3h,ppb
2026-08-14T11:15:00Z,1,12.06,12.01,12.014830559748745,0.045169440251255466,random_forest,delta,fold_2,3h,ppb
2026-08-14T11:30:00Z,1,12.02,11.96,11.98570619644154,0.03429380355845879,random_forest,delta,fold_2,3h,ppb
2026-08-14T11:45:00Z,1,11.94,11.96,11.986879410727255,-0.04687941072725543,random_forest,delta,fold_2,3h,ppb
2026-08-14T12:00:00Z,1,12.02,12.01,12.008945663856258,0.01105433614374185,random_forest,delta,fold_2,3h,ppb
2026-08-14T12:15:00Z,1,11.98,12.09,12.068621680147338,-0.0886216801473374,random_forest,delta,fold_2,3h,ppb
2026-08-14T12:30:00Z,1,11.99,12.09,12.074781872294372,-0.0847818722943714,random_forest,delta,fold_2,3h,ppb
2026-08-14T12:45:00Z,1,12.08,12.03,12.030541197691196,0.04945880230880384,random_forest,delta,fold_2,3h,ppb
2026-08-14T13:00:00Z,1,12.11,11.96,12.07032876984127,0.03967123015872964,random_forest,delta,fold_2,3h,ppb
2026-08-14T13:15:00Z,1,12.11,12.06,12.111075925925926,-0.0010759259259263132,random_forest,delta,fold_2,3h,ppb
2026-08-14T13:30:00Z,1,12.11,12.01,12.088054034391535,0.021945965608464846,random_forest,delta,fold_2,3h,ppb
2026-08-14T13:45:00Z,1,12.11,12.08,12.127385994397759,-0.017385994397759674,random_forest,delta,fold_2,3h,ppb
2026-08-14T14:00:00Z,1,12.09,12.04,12.102163742605157,-0.012163742605157069,random_forest,delta,fold_2,3h,ppb
2026-08-14T14:15:00Z,1,12.1,12.06,12.10983364307261,-0.009833643072610698,random_forest,delta,fold_2,3h,ppb
2026-08-14T14:30:00Z,1,12.12,12.02,12.085251080246913,0.03474891975308658,random_forest,delta,fold_2,3h,ppb
2026-08-14T14:45:00Z,1,12.11,11.94,12.081976521164021,0.02802347883597811,random_forest,delta,fold_2,3h,ppb
2026-08-14T15:00:00Z,1,12.1,12.02,12.080858333333333,0.01914166666666617,random_forest,delta,fold_2,3h,ppb
2026-08-14T15:15:00Z,1,12.08,11.98,12.081170767195767,-0.0011707671957665866,random_forest,delta,fold_2,3h,ppb
2026-08-14T15:30:00Z,1,12.06,11.99,12.084478571428571,-0.02447857142857046,random_forest,delta,fold_2,3h,ppb
2026-08-14T15:45:00Z,1,12.06,12.08,12.116973551935395,-0.05697355193539444,random_forest,delta,fold_2,3h,ppb
2026-08-14T16:00:00Z,1,12.08,12.11,12.08364026473517,-0.0036402647351696515,random_forest,delta,fold_2,3h,ppb
2026-08-14T16:15:00Z,1,12.09,12.11,12.085019140071172,0.004980859928828352,random_forest,delta,fold_2,3h,ppb
2026-08-14T16:30:00Z,1,12.1,12.11,12.088299105655643,0.011700894344356172,random_forest,delta,fold_2,3h,ppb
2026-08-14T16:45:00Z,1,12.09,12.11,12.091309305457562,-0.0013093054575623597,random_forest,delta,fold_2,3h,ppb
2026-08-14T17:00:00Z,1,12.09,12.09,12.077629212255767,0.01237078774423317,random_forest,delta,fold_2,3h,ppb
2026-08-14T17:15:00Z,1,12.08,12.1,12.085732228132759,-0.005732228132758976,random_forest,delta,fold_2,3h,ppb
2026-08-14T17:30:00Z,1,12.09,12.12,12.0836192501333,0.0063807498667003415,random_forest,delta,fold_2,3h,ppb
2026-08-14T17:45:00Z,1,12.09,12.11,12.09524451781676,-0.0052445178167594975,random_forest,delta,fold_2,3h,ppb
2026-08-14T18:00:00Z,1,12.1,12.1,12.087981027140769,0.012018972859230814,random_forest,delta,fold_2,3h,ppb
2026-08-14T18:15:00Z,1,12.1,12.08,12.081574825293345,0.018425174706655056,random_forest,delta,fold_2,3h,ppb
2026-08-14T18:30:00Z,1,12.09,12.06,12.06649790615294,0.02350209384706048,random_forest,delta,fold_2,3h,ppb
2026-08-14T18:45:00Z,1,12.09,12.06,12.069416450643098,0.020583549356901543,random_forest,delta,fold_2,3h,ppb
2026-08-14T19:00:00Z,1,12.09,12.08,12.084637284003243,0.005362715996756862,random_forest,delta,fold_2,3h,ppb
2026-08-14T19:15:00Z,1,12.09,12.09,12.08658549505737,0.003414504942629293,random_forest,delta,fold_2,3h,ppb
2026-08-14T19:30:00Z,1,12.11,12.1,12.089468021634243,0.020531978365756487,random_forest,delta,fold_2,3h,ppb
2026-08-14T19:45:00Z,1,12.09,12.09,12.08395861508645,0.006041384913549663,random_forest,delta,fold_2,3h,ppb
2026-08-14T20:00:00Z,1,12.09,12.09,12.084449410619902,0.005550589380098003,random_forest,delta,fold_2,3h,ppb
2026-08-14T20:15:00Z,1,12.08,12.08,12.084916516459582,-0.004916516459582354,random_forest,delta,fold_2,3h,ppb
2026-08-14T20:30:00Z,1,12.08,12.09,12.086497487808796,-0.0064974878087955545,random_forest,delta,fold_2,3h,ppb
2026-08-14T20:45:00Z,1,12.08,12.09,12.08488316828547,-0.004883168285470418,random_forest,delta,fold_2,3h,ppb
2026-08-14T21:00:00Z,1,12.07,12.1,12.089922706933095,-0.019922706933094503,random_forest,delta,fold_2,3h,ppb
2026-08-14T21:15:00Z,1,12.06,12.1,12.089837850079606,-0.029837850079605488,random_forest,delta,fold_2,3h,ppb
2026-08-14T21:30:00Z,1,12.07,12.09,12.086794747950144,-0.016794747950143574,random_forest,delta,fold_2,3h,ppb
2026-08-14T21:45:00Z,1,12.07,12.09,12.085525814763884,-0.015525814763883261,random_forest,delta,fold_2,3h,ppb
2026-08-14T22:00:00Z,1,12.07,12.09,12.088474061260257,-0.018474061260256747,random_forest,delta,fold_2,3h,ppb
2026-08-14T22:15:00Z,1,12.07,12.09,12.08797322098897,-0.01797322098896892,random_forest,delta,fold_2,3h,ppb
2026-08-14T22:30:00Z,1,12.09,12.11,12.099216539352085,-0.009216539352085107,random_forest,delta,fold_2,3h,ppb
2026-08-14T22:45:00Z,1,12.08,12.09,12.086062210123677,-0.006062210123676692,random_forest,delta,fold_2,3h,ppb
2026-08-14T23:00:00Z,1,12.09,12.09,12.090468534305112,-0.00046853430511184513,random_forest,delta,fold_2,3h,ppb
2026-08-14T23:15:00Z,1,12.11,12.08,12.086224699153284,0.023775300846715197,random_forest,delta,fold_2,3h,ppb
2026-08-14T23:30:00Z,1,12.09,12.08,12.085187061932006,0.00481293806799421,random_forest,delta,fold_2,3h,ppb
2026-08-14T23:45:00Z,1,12.1,12.08,12.083891724509474,0.016108275490525514,random_forest,delta,fold_2,3h,ppb
2026-08-15T00:00:00Z,1,12.08,12.07,12.079377190798704,0.0006228092012960929,random_forest,delta,fold_2,3h,ppb
2026-08-15T00:15:00Z,1,12.08,12.06,12.071978374771028,0.008021625228971985,random_forest,delta,fold_2,3h,ppb
2026-08-15T00:30:00Z,1,12.1,12.07,12.077834593264614,0.02216540673538603,random_forest,delta,fold_2,3h,ppb
2026-08-15T00:45:00Z,1,12.09,12.07,12.078444976862496,0.011555023137503895,random_forest,delta,fold_2,3h,ppb
2026-08-15T01:00:00Z,1,12.08,12.07,12.07093602727089,0.009063972729110858,random_forest,delta,fold_2,3h,ppb
2026-08-15T01:15:00Z,1,12.07,12.07,12.056595087356092,0.013404912643908418,random_forest,delta,fold_2,3h,ppb
2026-08-15T01:30:00Z,1,12.06,12.09,12.073636854816884,-0.013636854816883925,random_forest,delta,fold_2,3h,ppb
2026-08-15T01:45:00Z,1,12.07,12.08,12.064857612781426,0.00514238721857474,random_forest,delta,fold_2,3h,ppb
2026-08-15T02:00:00Z,1,12.04,12.09,12.058271514279067,-0.018271514279067702,random_forest,delta,fold_2,3h,ppb
2026-08-15T02:15:00Z,1,12.05,12.11,12.067007839685857,-0.017007839685856396,random_forest,delta,fold_2,3h,ppb
2026-08-15T02:30:00Z,1,12.05,12.09,12.057821123030816,-0.007821123030815613,random_forest,delta,fold_2,3h,ppb
2026-08-15T02:45:00Z,1,12.04,12.1,12.061669969045504,-0.021669969045504445,random_forest,delta,fold_2,3h,ppb
2026-08-15T03:00:00Z,1,11.99,12.08,12.045127279625172,-0.05512727962517161,random_forest,delta,fold_2,3h,ppb
2026-08-15T03:15:00Z,1,11.99,12.08,12.039611909702591,-0.049611909702591106,random_forest,delta,fold_2,3h,ppb
2026-08-15T03:30:00Z,1,12.01,12.1,12.049224780185254,-0.039224780185254104,random_forest,delta,fold_2,3h,ppb
2026-08-15T03:45:00Z,1,11.96,12.09,12.045463071453382,-0.08546307145338083,random_forest,delta,fold_2,3h,ppb
2026-08-15T04:00:00Z,1,12.02,12.08,12.04256709747046,-0.022567097470460595,random_forest,delta,fold_2,3h,ppb
2026-08-15T04:15:00Z,1,12.01,12.07,12.041744474303432,-0.03174447430343186,random_forest,delta,fold_2,3h,ppb
2026-08-15T04:30:00Z,1,12.0,12.06,12.037860696585696,-0.03786069658569602,random_forest,delta,fold_2,3h,ppb
2026-08-15T04:45:00Z,1,12.08,12.07,12.048613069363686,0.03138693063631415,random_forest,delta,fold_2,3h,ppb
2026-08-15T05:00:00Z,1,12.05,12.04,12.028672727160394,0.021327272839606337,random_forest,delta,fold_2,3h,ppb
2026-08-15T05:15:00Z,1,11.95,12.05,12.03228820899957,-0.08228820899957157,random_forest,delta,fold_2,3h,ppb
2026-08-15T05:30:00Z,1,12.02,12.05,12.029617196913438,-0.009617196913438875,random_forest,delta,fold_2,3h,ppb
2026-08-15T05:45:00Z,1,12.01,12.04,12.025722026825308,-0.015722026825308433,random_forest,delta,fold_2,3h,ppb
2026-08-15T06:00:00Z,1,12.02,11.99,12.001373277758487,0.018626722241512184,random_forest,delta,fold_2,3h,ppb
2026-08-15T06:15:00Z,1,12.04,11.99,12.000656040204788,0.03934395979521099,random_forest,delta,fold_2,3h,ppb
2026-08-15T06:30:00Z,1,12.02,12.01,12.00882193714815,0.011178062851849191,random_forest,delta,fold_2,3h,ppb
2026-08-15T06:45:00Z,1,11.99,11.96,11.99676990224022,-0.00676990224022056,random_forest,delta,fold_2,3h,ppb
2026-08-15T07:00:00Z,1,12.0,12.02,12.012615393500086,-0.012615393500086114,random_forest,delta,fold_2,3h,ppb
2026-08-15T07:15:00Z,1,11.98,12.01,12.008357685326748,-0.028357685326747983,random_forest,delta,fold_2,3h,ppb
2026-08-15T07:30:00Z,1,11.95,12.0,12.002642489025252,-0.052642489025252814,random_forest,delta,fold_2,3h,ppb
2026-08-15T07:45:00Z,1,11.98,12.08,12.042177548575314,-0.062177548575313324,random_forest,delta,fold_2,3h,ppb
2026-08-15T08:00:00Z,1,12.03,12.05,12.02357431099849,0.006425689001510193,random_forest,delta,fold_2,3h,ppb
2026-08-15T08:15:00Z,1,11.94,11.95,11.991155446456835,-0.05115544645683556,random_forest,delta,fold_2,3h,ppb
2026-08-15T08:30:00Z,1,11.98,12.02,11.999947474999606,-0.01994747499960603,random_forest,delta,fold_2,3h,ppb
2026-08-15T08:45:00Z,1,12.01,12.01,12.00267313298961,0.007326867010389648,random_forest,delta,fold_2,3h,ppb
2026-08-15T09:00:00Z,1,12.02,12.02,12.028868201723347,-0.008868201723347013,random_forest,delta,fold_2,3h,ppb
2026-08-15T09:15:00Z,1,12.03,12.04,12.020206576070523,0.009793423929476575,random_forest,delta,fold_2,3h,ppb
2026-08-15T09:30:00Z,1,12.06,12.02,12.020558201902912,0.03944179809708892,random_forest,delta,fold_2,3h,ppb
2026-08-15T09:45:00Z,1,12.05,11.99,12.008100567608647,0.04189943239135374,random_forest,delta,fold_2,3h,ppb
2026-08-15T10:00:00Z,1,12.02,12.0,12.014905396332779,0.0050946036672208095,random_forest,delta,fold_2,3h,ppb
2026-08-15T10:15:00Z,1,12.05,11.98,12.012954824303645,0.037045175696356125,random_forest,delta,fold_2,3h,ppb
2026-08-15T10:30:00Z,1,12.04,11.95,11.998708169454002,0.0412918305459975,random_forest,delta,fold_2,3h,ppb
2026-08-15T10:45:00Z,1,12.03,11.98,12.01845252704573,0.011547472954269722,random_forest,delta,fold_2,3h,ppb
2026-08-15T11:00:00Z,1,12.02,12.03,12.034184376503125,-0.014184376503125762,random_forest,delta,fold_2,3h,ppb
2026-08-15T11:15:00Z,1,12.02,11.94,12.034098368606701,-0.014098368606701328,random_forest,delta,fold_2,3h,ppb
2026-08-15T11:30:00Z,1,11.97,11.98,12.011567402196569,-0.04156740219656818,random_forest,delta,fold_2,3h,ppb
2026-08-15T11:45:00Z,1,11.9,12.01,12.024556326011044,-0.12455632601104405,random_forest,delta,fold_2,3h,ppb
2026-08-15T12:00:00Z,1,11.84,12.02,12.029529123075998,-0.18952912307599767,random_forest,delta,fold_2,3h,ppb
2026-08-15T12:15:00Z,1,11.92,12.03,12.031521143979477,-0.11152114397947699,random_forest,delta,fold_2,3h,ppb
2026-08-15T12:30:00Z,1,11.97,12.06,12.047152228053708,-0.07715222805370736,random_forest,delta,fold_2,3h,ppb
2026-08-15T12:45:00Z,1,12.07,12.05,12.052476967912614,0.017523032087385815,random_forest,delta,fold_2,3h,ppb
2026-08-15T13:00:00Z,1,12.17,12.02,12.137109611992946,0.03289038800705413,random_forest,delta,fold_2,3h,ppb
2026-08-15T13:15:00Z,1,12.22,12.05,12.137948015873016,0.08205198412698422,random_forest,delta,fold_2,3h,ppb
2026-08-15T13:30:00Z,1,12.17,12.04,12.129109435626102,0.04089056437389793,random_forest,delta,fold_2,3h,ppb
2026-08-15T13:45:00Z,1,12.15,12.03,12.128145370370369,0.02185462962963136,random_forest,delta,fold_2,3h,ppb
2026-08-15T14:00:00Z,1,12.11,12.02,12.119970767195767,-0.009970767195767394,random_forest,delta,fold_2,3h,ppb
2026-08-15T14:15:00Z,1,12.11,12.02,12.111787962962962,-0.001787962962962908,random_forest,delta,fold_2,3h,ppb
2026-08-15T14:30:00Z,1,12.09,11.97,12.086338227513227,0.0036617724867724633,random_forest,delta,fold_2,3h,ppb
2026-08-15T14:45:00Z,1,12.1,11.9,12.102906481481481,-0.0029064814814816486,random_forest,delta,fold_2,3h,ppb
2026-08-15T15:00:00Z,1,12.1,11.84,12.04848578042328,0.05151421957672042,random_forest,delta,fold_2,3h,ppb
2026-08-15T15:15:00Z,1,12.09,11.92,12.104855952380952,-0.01485595238095172,random_forest,delta,fold_2,3h,ppb
2026-08-15T15:30:00Z,1,12.08,11.97,12.09313950617284,-0.013139506172839432,random_forest,delta,fold_2,3h,ppb
2026-08-15T15:45:00Z,1,12.06,12.07,12.118498677248677,-0.058498677248676856,random_forest,delta,fold_2,3h,ppb
2026-08-15T16:00:00Z,1,12.07,12.17,12.101408641975308,-0.03140864197530746,random_forest,delta,fold_2,3h,ppb
2026-08-15T16:15:00Z,1,12.08,12.22,12.109538271604938,-0.02953827160493816,random_forest,delta,fold_2,3h,ppb
2026-08-15T16:30:00Z,1,12.07,12.17,12.10327017866728,-0.03327017866727999,random_forest,delta,fold_2,3h,ppb
2026-08-15T16:45:00Z,1,12.06,12.15,12.09367255961966,-0.03367255961966009,random_forest,delta,fold_2,3h,ppb
2026-08-15T17:00:00Z,1,12.09,12.11,12.0767944794637,0.013205520536299531,random_forest,delta,fold_2,3h,ppb
2026-08-15T17:15:00Z,1,12.08,12.11,12.080210162754629,-0.00021016275462848455,random_forest,delta,fold_2,3h,ppb
2026-08-15T17:30:00Z,1,12.09,12.09,12.06917230527733,0.02082769472266932,random_forest,delta,fold_2,3h,ppb
2026-08-15T17:45:00Z,1,12.08,12.1,12.082097396775337,-0.002097396775337046,random_forest,delta,fold_2,3h,ppb
2026-08-15T18:00:00Z,1,12.06,12.1,12.089241175592612,-0.029241175592611413,random_forest,delta,fold_2,3h,ppb
2026-08-15T18:15:00Z,1,12.06,12.09,12.08725709104886,-0.02725709104885965,random_forest,delta,fold_2,3h,ppb
2026-08-15T18:30:00Z,1,12.08,12.08,12.084987758489007,-0.004987758489006566,random_forest,delta,fold_2,3h,ppb
2026-08-15T18:45:00Z,1,12.08,12.06,12.073195346775332,0.006804653224667945,random_forest,delta,fold_2,3h,ppb
2026-08-15T19:00:00Z,1,12.08,12.07,12.084384718023713,-0.004384718023713319,random_forest,delta,fold_2,3h,ppb
2026-08-15T19:15:00Z,1,12.08,12.08,12.089049105147108,-0.009049105147107994,random_forest,delta,fold_2,3h,ppb
2026-08-15T19:30:00Z,1,12.08,12.07,12.086887444402079,-0.0068874444020785575,random_forest,delta,fold_2,3h,ppb
2026-08-15T19:45:00Z,1,12.08,12.06,12.082002693804855,-0.002002693804854516,random_forest,delta,fold_2,3h,ppb
2026-08-15T20:00:00Z,1,12.09,12.09,12.085701972142957,0.004298027857043252,random_forest,delta,fold_2,3h,ppb
2026-08-15T20:15:00Z,1,12.09,12.08,12.090495218717134,-0.0004952187171340938,random_forest,delta,fold_2,3h,ppb
2026-08-15T20:30:00Z,1,12.09,12.09,12.087039639043994,0.0029603609560062694,random_forest,delta,fold_2,3h,ppb
2026-08-15T20:45:00Z,1,12.09,12.08,12.090313552287885,-0.00031355228788498835,random_forest,delta,fold_2,3h,ppb
2026-08-15T21:00:00Z,1,12.09,12.06,12.088502988453763,0.001497011546236493,random_forest,delta,fold_2,3h,ppb
2026-08-15T21:15:00Z,1,12.08,12.06,12.092021878899738,-0.012021878899737715,random_forest,delta,fold_2,3h,ppb
2026-08-15T21:30:00Z,1,12.07,12.08,12.096960569075481,-0.026960569075480834,random_forest,delta,fold_2,3h,ppb
2026-08-15T21:45:00Z,1,12.06,12.08,12.09437772444787,-0.034377724447869795,random_forest,delta,fold_2,3h,ppb
2026-08-15T22:00:00Z,1,12.08,12.08,12.094510471986595,-0.014510471986595164,random_forest,delta,fold_2,3h,ppb
2026-08-15T22:15:00Z,1,12.08,12.08,12.087653003815271,-0.00765300381527112,random_forest,delta,fold_2,3h,ppb
2026-08-15T22:30:00Z,1,12.1,12.08,12.087599725704255,0.012400274295744751,random_forest,delta,fold_2,3h,ppb
2026-08-15T22:45:00Z,1,12.11,12.08,12.087399329754982,0.02260067024501744,random_forest,delta,fold_2,3h,ppb
2026-08-15T23:00:00Z,1,12.11,12.09,12.09522075832546,0.014779241674538923,random_forest,delta,fold_2,3h,ppb
2026-08-15T23:15:00Z,1,12.13,12.09,12.09341336571577,0.03658663428423026,random_forest,delta,fold_2,3h,ppb
2026-08-15T23:30:00Z,1,12.14,12.09,12.092878895678012,0.04712110432198813,random_forest,delta,fold_2,3h,ppb
2026-08-15T23:45:00Z,1,12.11,12.09,12.09539395055591,0.014606049444090274,random_forest,delta,fold_2,3h,ppb
2026-08-14T00:00:00Z,1,12.09,12.09,12.10490894317627,-0.014908943176269673,xgboost,absolute,fold_2,3h,ppb
2026-08-14T00:15:00Z,1,12.09,12.09,12.106474876403809,-0.016474876403808736,xgboost,absolute,fold_2,3h,ppb
2026-08-14T00:30:00Z,1,12.1,12.07,12.106287956237793,-0.006287956237793324,xgboost,absolute,fold_2,3h,ppb
2026-08-14T00:45:00Z,1,12.09,12.08,12.099424362182617,-0.00942436218261733,xgboost,absolute,fold_2,3h,ppb
2026-08-14T01:00:00Z,1,12.08,12.09,12.074254035949707,0.00574596405029304,xgboost,absolute,fold_2,3h,ppb
2026-08-14T01:15:00Z,1,12.07,12.08,12.073200225830078,-0.0032002258300778408,xgboost,absolute,fold_2,3h,ppb
2026-08-14T01:30:00Z,1,12.06,12.11,12.061090469360352,-0.0010904693603510651,xgboost,absolute,fold_2,3h,ppb
2026-08-14T01:45:00Z,1,12.05,12.1,12.06076431274414,-0.010764312744139914,xgboost,absolute,fold_2,3h,ppb
2026-08-14T02:00:00Z,1,12.04,12.1,12.058222770690918,-0.01822277069091882,xgboost,absolute,fold_2,3h,ppb
2026-08-14T02:15:00Z,1,12.03,12.1,12.055238723754883,-0.025238723754883452,xgboost,absolute,fold_2,3h,ppb
2026-08-14T02:30:00Z,1,12.05,12.1,12.061720848083496,-0.011720848083495383,xgboost,absolute,fold_2,3h,ppb
2026-08-14T02:45:00Z,1,12.05,12.11,12.050179481506348,-0.0001794815063469457,xgboost,absolute,fold_2,3h,ppb
2026-08-14T03:00:00Z,1,12.05,12.09,12.034114837646484,0.015885162353516336,xgboost,absolute,fold_2,3h,ppb
2026-08-14T03:15:00Z,1,12.01,12.09,12.028600692749023,-0.01860069274902365,xgboost,absolute,fold_2,3h,ppb
2026-08-14T03:30:00Z,1,12.01,12.1,12.021517753601074,-0.011517753601074432,xgboost,absolute,fold_2,3h,ppb
2026-08-14T03:45:00Z,1,12.01,12.09,12.019183158874512,-0.009183158874511932,xgboost,absolute,fold_2,3h,ppb
2026-08-14T04:00:00Z,1,12.01,12.08,12.009825706481934,0.0001742935180661931,xgboost,absolute,fold_2,3h,ppb
2026-08-14T04:15:00Z,1,11.99,12.07,12.00722885131836,-0.017228851318359162,xgboost,absolute,fold_2,3h,ppb
2026-08-14T04:30:00Z,1,11.93,12.06,12.012290000915527,-0.08229000091552763,xgboost,absolute,fold_2,3h,ppb
2026-08-14T04:45:00Z,1,11.95,12.05,12.009323120117188,-0.05932312011718821,xgboost,absolute,fold_2,3h,ppb
2026-08-14T05:00:00Z,1,11.98,12.04,12.01086139678955,-0.030861396789550355,xgboost,absolute,fold_2,3h,ppb
2026-08-14T05:15:00Z,1,11.91,12.03,12.020477294921875,-0.11047729492187486,xgboost,absolute,fold_2,3h,ppb
2026-08-14T05:30:00Z,1,11.97,12.05,12.032387733459473,-0.06238773345947202,xgboost,absolute,fold_2,3h,ppb
2026-08-14T05:45:00Z,1,12.04,12.05,12.026556968688965,0.013443031311034304,xgboost,absolute,fold_2,3h,ppb
2026-08-14T06:00:00Z,1,12.02,12.05,12.025816917419434,-0.00581691741943402,xgboost,absolute,fold_2,3h,ppb
2026-08-14T06:15:00Z,1,12.02,12.01,12.01962661743164,0.0003733825683589487,xgboost,absolute,fold_2,3h,ppb
2026-08-14T06:30:00Z,1,12.03,12.01,12.019076347351074,0.010923652648925142,xgboost,absolute,fold_2,3h,ppb
2026-08-14T06:45:00Z,1,11.98,12.01,12.008455276489258,-0.028455276489257386,xgboost,absolute,fold_2,3h,ppb
2026-08-14T07:00:00Z,1,11.95,12.01,12.010664939880371,-0.060664939880371804,xgboost,absolute,fold_2,3h,ppb
2026-08-14T07:15:00Z,1,11.98,11.99,12.011617660522461,-0.03161766052246051,xgboost,absolute,fold_2,3h,ppb
2026-08-14T07:30:00Z,1,12.02,11.93,12.007399559020996,0.01260044097900348,xgboost,absolute,fold_2,3h,ppb
2026-08-14T07:45:00Z,1,12.02,11.95,12.010963439941406,0.009036560058593324,xgboost,absolute,fold_2,3h,ppb
2026-08-14T08:00:00Z,1,12.05,11.98,12.01168155670166,0.038318443298340554,xgboost,absolute,fold_2,3h,ppb
2026-08-14T08:15:00Z,1,12.01,11.91,12.011922836303711,-0.0019228363037111507,xgboost,absolute,fold_2,3h,ppb
2026-08-14T08:30:00Z,1,11.96,11.97,12.025786399841309,-0.06578639984130774,xgboost,absolute,fold_2,3h,ppb
2026-08-14T08:45:00Z,1,11.96,12.04,12.028616905212402,-0.06861690521240149,xgboost,absolute,fold_2,3h,ppb
2026-08-14T09:00:00Z,1,12.01,12.02,12.025825500488281,-0.015825500488281463,xgboost,absolute,fold_2,3h,ppb
2026-08-14T09:15:00Z,1,12.09,12.02,12.02596664428711,0.06403335571289048,xgboost,absolute,fold_2,3h,ppb
2026-08-14T09:30:00Z,1,12.09,12.03,12.02452278137207,0.06547721862792955,xgboost,absolute,fold_2,3h,ppb
2026-08-14T09:45:00Z,1,12.03,11.98,12.00175952911377,0.02824047088622983,xgboost,absolute,fold_2,3h,ppb
2026-08-14T10:00:00Z,1,11.96,11.95,12.003344535827637,-0.043344535827635866,xgboost,absolute,fold_2,3h,ppb
2026-08-14T10:15:00Z,1,12.06,11.98,12.00210189819336,0.05789810180664112,xgboost,absolute,fold_2,3h,ppb
2026-08-14T10:30:00Z,1,12.01,12.02,12.031234741210938,-0.021234741210937713,xgboost,absolute,fold_2,3h,ppb
2026-08-14T10:45:00Z,1,12.08,12.02,12.029277801513672,0.050722198486328196,xgboost,absolute,fold_2,3h,ppb
2026-08-14T11:00:00Z,1,12.04,12.05,12.038023948669434,0.0019760513305655536,xgboost,absolute,fold_2,3h,ppb
2026-08-14T11:15:00Z,1,12.06,12.01,12.029071807861328,0.030928192138672372,xgboost,absolute,fold_2,3h,ppb
2026-08-14T11:30:00Z,1,12.02,11.96,11.997090339660645,0.022909660339355042,xgboost,absolute,fold_2,3h,ppb
2026-08-14T11:45:00Z,1,11.94,11.96,11.977684020996094,-0.03768402099609425,xgboost,absolute,fold_2,3h,ppb
2026-08-14T12:00:00Z,1,12.02,12.01,11.98367977142334,0.03632022857665973,xgboost,absolute,fold_2,3h,ppb
2026-08-14T12:15:00Z,1,11.98,12.09,12.024996757507324,-0.04499675750732379,xgboost,absolute,fold_2,3h,ppb
2026-08-14T12:30:00Z,1,11.99,12.09,12.038976669311523,-0.048976669311523224,xgboost,absolute,fold_2,3h,ppb
2026-08-14T12:45:00Z,1,12.08,12.03,12.045563697814941,0.034436302185058665,xgboost,absolute,fold_2,3h,ppb
2026-08-14T13:00:00Z,1,12.11,11.96,12.106670379638672,0.0033296203613275566,xgboost,absolute,fold_2,3h,ppb
2026-08-14T13:15:00Z,1,12.11,12.06,12.085409164428711,0.024590835571288494,xgboost,absolute,fold_2,3h,ppb
2026-08-14T13:30:00Z,1,12.11,12.01,12.089770317077637,0.020229682922362713,xgboost,absolute,fold_2,3h,ppb
2026-08-14T13:45:00Z,1,12.11,12.08,12.093104362487793,0.016895637512206463,xgboost,absolute,fold_2,3h,ppb
2026-08-14T14:00:00Z,1,12.09,12.04,12.09260368347168,-0.0026036834716798296,xgboost,absolute,fold_2,3h,ppb
2026-08-14T14:15:00Z,1,12.1,12.06,12.086555480957031,0.013444519042968395,xgboost,absolute,fold_2,3h,ppb
2026-08-14T14:30:00Z,1,12.12,12.02,12.082073211669922,0.03792678833007734,xgboost,absolute,fold_2,3h,ppb
2026-08-14T14:45:00Z,1,12.11,11.94,12.07536792755127,0.0346320724487299,xgboost,absolute,fold_2,3h,ppb
2026-08-14T15:00:00Z,1,12.1,12.02,12.075591087341309,0.02440891265869105,xgboost,absolute,fold_2,3h,ppb
2026-08-14T15:15:00Z,1,12.08,11.98,12.074785232543945,0.0052147674560547586,xgboost,absolute,fold_2,3h,ppb
2026-08-14T15:30:00Z,1,12.06,11.99,12.078547477722168,-0.01854747772216747,xgboost,absolute,fold_2,3h,ppb
2026-08-14T15:45:00Z,1,12.06,12.08,12.08240795135498,-0.02240795135497997,xgboost,absolute,fold_2,3h,ppb
2026-08-14T16:00:00Z,1,12.08,12.11,12.080690383911133,-0.0006903839111327414,xgboost,absolute,fold_2,3h,ppb
2026-08-14T16:15:00Z,1,12.09,12.11,12.080460548400879,0.009539451599120952,xgboost,absolute,fold_2,3h,ppb
2026-08-14T16:30:00Z,1,12.1,12.11,12.07918930053711,0.02081069946289027,xgboost,absolute,fold_2,3h,ppb
2026-08-14T16:45:00Z,1,12.09,12.11,12.077166557312012,0.01283344268798814,xgboost,absolute,fold_2,3h,ppb
2026-08-14T17:00:00Z,1,12.09,12.09,12.080265998840332,0.009734001159667827,xgboost,absolute,fold_2,3h,ppb
2026-08-14T17:15:00Z,1,12.08,12.1,12.078810691833496,0.0011893081665039773,xgboost,absolute,fold_2,3h,ppb
2026-08-14T17:30:00Z,1,12.09,12.12,12.077723503112793,0.01227649688720689,xgboost,absolute,fold_2,3h,ppb
2026-08-14T17:45:00Z,1,12.09,12.11,12.078278541564941,0.011721458435058452,xgboost,absolute,fold_2,3h,ppb
2026-08-14T18:00:00Z,1,12.1,12.1,12.08350944519043,0.016490554809569957,xgboost,absolute,fold_2,3h,ppb
2026-08-14T18:15:00Z,1,12.1,12.08,12.085363388061523,0.014636611938476207,xgboost,absolute,fold_2,3h,ppb
2026-08-14T18:30:00Z,1,12.09,12.06,12.083846092224121,0.006153907775878764,xgboost,absolute,fold_2,3h,ppb
2026-08-14T18:45:00Z,1,12.09,12.06,12.085289001464844,0.004710998535156108,xgboost,absolute,fold_2,3h,ppb
2026-08-14T19:00:00Z,1,12.09,12.08,12.085721969604492,0.00427803039550767,xgboost,absolute,fold_2,3h,ppb
2026-08-14T19:15:00Z,1,12.09,12.09,12.08414363861084,0.005856361389160014,xgboost,absolute,fold_2,3h,ppb
2026-08-14T19:30:00Z,1,12.11,12.1,12.084951400756836,0.025048599243163494,xgboost,absolute,fold_2,3h,ppb
2026-08-14T19:45:00Z,1,12.09,12.09,12.085482597351074,0.004517402648925639,xgboost,absolute,fold_2,3h,ppb
2026-08-14T20:00:00Z,1,12.09,12.09,12.084220886230469,0.005779113769531108,xgboost,absolute,fold_2,3h,ppb
2026-08-14T20:15:00Z,1,12.08,12.08,12.086073875427246,-0.006073875427246023,xgboost,absolute,fold_2,3h,ppb
2026-08-14T20:30:00Z,1,12.08,12.09,12.083417892456055,-0.0034178924560546164,xgboost,absolute,fold_2,3h,ppb
2026-08-14T20:45:00Z,1,12.08,12.09,12.081648826599121,-0.0016488265991210227,xgboost,absolute,fold_2,3h,ppb
2026-08-14T21:00:00Z,1,12.07,12.1,12.0840482711792,-0.014048271179198935,xgboost,absolute,fold_2,3h,ppb
2026-08-14T21:15:00Z,1,12.06,12.1,12.082383155822754,-0.02238315582275341,xgboost,absolute,fold_2,3h,ppb
2026-08-14T21:30:00Z,1,12.07,12.09,12.082900047302246,-0.01290004730224581,xgboost,absolute,fold_2,3h,ppb
2026-08-14T21:45:00Z,1,12.07,12.09,12.083612442016602,-0.013612442016601278,xgboost,absolute,fold_2,3h,ppb
2026-08-14T22:00:00Z,1,12.07,12.09,12.087124824523926,-0.017124824523925497,xgboost,absolute,fold_2,3h,ppb
2026-08-14T22:15:00Z,1,12.07,12.09,12.082768440246582,-0.012768440246581747,xgboost,absolute,fold_2,3h,ppb
2026-08-14T22:30:00Z,1,12.09,12.11,12.083099365234375,0.006900634765624858,xgboost,absolute,fold_2,3h,ppb
2026-08-14T22:45:00Z,1,12.08,12.09,12.08410358428955,-0.00410358428955071,xgboost,absolute,fold_2,3h,ppb
2026-08-14T23:00:00Z,1,12.09,12.09,12.087525367736816,0.0024746322631834516,xgboost,absolute,fold_2,3h,ppb
2026-08-14T23:15:00Z,1,12.11,12.08,12.092580795288086,0.017419204711913494,xgboost,absolute,fold_2,3h,ppb
2026-08-14T23:30:00Z,1,12.09,12.08,12.0911865234375,-0.0011865234375001421,xgboost,absolute,fold_2,3h,ppb
2026-08-14T23:45:00Z,1,12.1,12.08,12.090359687805176,0.009640312194823863,xgboost,absolute,fold_2,3h,ppb
2026-08-15T00:00:00Z,1,12.08,12.07,12.099674224853516,-0.019674224853515554,xgboost,absolute,fold_2,3h,ppb
2026-08-15T00:15:00Z,1,12.08,12.06,12.099678993225098,-0.019678993225097585,xgboost,absolute,fold_2,3h,ppb
2026-08-15T00:30:00Z,1,12.1,12.07,12.099370956420898,0.0006290435791012072,xgboost,absolute,fold_2,3h,ppb
2026-08-15T00:45:00Z,1,12.09,12.07,12.098087310791016,-0.008087310791015767,xgboost,absolute,fold_2,3h,ppb
2026-08-15T01:00:00Z,1,12.08,12.07,12.073406219482422,0.006593780517578196,xgboost,absolute,fold_2,3h,ppb
2026-08-15T01:15:00Z,1,12.07,12.07,12.073452949523926,-0.003452949523925497,xgboost,absolute,fold_2,3h,ppb
2026-08-15T01:30:00Z,1,12.06,12.09,12.06414794921875,-0.004147949218749503,xgboost,absolute,fold_2,3h,ppb
2026-08-15T01:45:00Z,1,12.07,12.08,12.062543869018555,0.007456130981445597,xgboost,absolute,fold_2,3h,ppb
2026-08-15T02:00:00Z,1,12.04,12.09,12.067503929138184,-0.027503929138184446,xgboost,absolute,fold_2,3h,ppb
2026-08-15T02:15:00Z,1,12.05,12.11,12.053890228271484,-0.0038902282714836645,xgboost,absolute,fold_2,3h,ppb
2026-08-15T02:30:00Z,1,12.05,12.09,12.055526733398438,-0.0055267333984367895,xgboost,absolute,fold_2,3h,ppb
2026-08-15T02:45:00Z,1,12.04,12.1,12.04817008972168,-0.00817008972168054,xgboost,absolute,fold_2,3h,ppb
2026-08-15T03:00:00Z,1,11.99,12.08,12.024663925170898,-0.034663925170898224,xgboost,absolute,fold_2,3h,ppb
2026-08-15T03:15:00Z,1,11.99,12.08,12.021882057189941,-0.03188205718994119,xgboost,absolute,fold_2,3h,ppb
2026-08-15T03:30:00Z,1,12.01,12.1,12.02027416229248,-0.010274162292480682,xgboost,absolute,fold_2,3h,ppb
2026-08-15T03:45:00Z,1,11.96,12.09,12.02358341217041,-0.0635834121704093,xgboost,absolute,fold_2,3h,ppb
2026-08-15T04:00:00Z,1,12.02,12.08,12.018831253051758,0.0011687469482417612,xgboost,absolute,fold_2,3h,ppb
2026-08-15T04:15:00Z,1,12.01,12.07,12.022109031677246,-0.012109031677246307,xgboost,absolute,fold_2,3h,ppb
2026-08-15T04:30:00Z,1,12.0,12.06,12.02758502960205,-0.02758502960205078,xgboost,absolute,fold_2,3h,ppb
2026-08-15T04:45:00Z,1,12.08,12.07,12.027139663696289,0.05286033630371101,xgboost,absolute,fold_2,3h,ppb
2026-08-15T05:00:00Z,1,12.05,12.04,12.02760124206543,0.022398757934571023,xgboost,absolute,fold_2,3h,ppb
2026-08-15T05:15:00Z,1,11.95,12.05,12.02714729309082,-0.07714729309082102,xgboost,absolute,fold_2,3h,ppb
2026-08-15T05:30:00Z,1,12.02,12.05,12.030106544494629,-0.010106544494629333,xgboost,absolute,fold_2,3h,ppb
2026-08-15T05:45:00Z,1,12.01,12.04,12.028191566467285,-0.01819156646728537,xgboost,absolute,fold_2,3h,ppb
2026-08-15T06:00:00Z,1,12.02,11.99,12.016501426696777,0.00349857330322223,xgboost,absolute,fold_2,3h,ppb
2026-08-15T06:15:00Z,1,12.04,11.99,12.017332077026367,0.02266792297363196,xgboost,absolute,fold_2,3h,ppb
2026-08-15T06:30:00Z,1,12.02,12.01,12.017964363098145,0.0020356369018550424,xgboost,absolute,fold_2,3h,ppb
2026-08-15T06:45:00Z,1,11.99,11.96,12.012228965759277,-0.02222896575927713,xgboost,absolute,fold_2,3h,ppb
2026-08-15T07:00:00Z,1,12.0,12.02,12.02415943145752,-0.02415943145751953,xgboost,absolute,fold_2,3h,ppb
2026-08-15T07:15:00Z,1,11.98,12.01,12.023343086242676,-0.043343086242675355,xgboost,absolute,fold_2,3h,ppb
2026-08-15T07:30:00Z,1,11.95,12.0,12.022701263427734,-0.07270126342773509,xgboost,absolute,fold_2,3h,ppb
2026-08-15T07:45:00Z,1,11.98,12.08,12.026911735534668,-0.04691173553466754,xgboost,absolute,fold_2,3h,ppb
2026-08-15T08:00:00Z,1,12.03,12.05,12.021878242492676,0.00812175750732358,xgboost,absolute,fold_2,3h,ppb
2026-08-15T08:15:00Z,1,11.94,11.95,12.014998435974121,-0.07499843597412159,xgboost,absolute,fold_2,3h,ppb
2026-08-15T08:30:00Z,1,11.98,12.02,12.027740478515625,-0.047740478515624574,xgboost,absolute,fold_2,3h,ppb
2026-08-15T08:45:00Z,1,12.01,12.01,12.014491081237793,-0.004491081237793182,xgboost,absolute,fold_2,3h,ppb
2026-08-15T09:00:00Z,1,12.02,12.02,12.019790649414062,0.00020935058593707367,xgboost,absolute,fold_2,3h,ppb
2026-08-15T09:15:00Z,1,12.03,12.04,12.036277770996094,-0.0062777709960943895,xgboost,absolute,fold_2,3h,ppb
2026-08-15T09:30:00Z,1,12.06,12.02,12.02345085144043,0.03654914855957081,xgboost,absolute,fold_2,3h,ppb
2026-08-15T09:45:00Z,1,12.05,11.99,12.012519836425781,0.03748016357421946,xgboost,absolute,fold_2,3h,ppb
2026-08-15T10:00:00Z,1,12.02,12.0,12.024079322814941,-0.004079322814941833,xgboost,absolute,fold_2,3h,ppb
2026-08-15T10:15:00Z,1,12.05,11.98,12.010773658752441,0.039226341247559304,xgboost,absolute,fold_2,3h,ppb
2026-08-15T10:30:00Z,1,12.04,11.95,12.021622657775879,0.01837734222412024,xgboost,absolute,fold_2,3h,ppb
2026-08-15T10:45:00Z,1,12.03,11.98,12.027843475341797,0.0021565246582024855,xgboost,absolute,fold_2,3h,ppb
2026-08-15T11:00:00Z,1,12.02,12.03,12.018343925476074,0.001656074523925355,xgboost,absolute,fold_2,3h,ppb
2026-08-15T11:15:00Z,1,12.02,11.94,11.991547584533691,0.028452415466308167,xgboost,absolute,fold_2,3h,ppb
2026-08-15T11:30:00Z,1,11.97,11.98,12.01881217956543,-0.04881217956542905,xgboost,absolute,fold_2,3h,ppb
2026-08-15T11:45:00Z,1,11.9,12.01,12.006454467773438,-0.10645446777343714,xgboost,absolute,fold_2,3h,ppb
2026-08-15T12:00:00Z,1,11.84,12.02,12.00029182434082,-0.16029182434082045,xgboost,absolute,fold_2,3h,ppb
2026-08-15T12:15:00Z,1,11.92,12.03,12.037836074829102,-0.11783607482910163,xgboost,absolute,fold_2,3h,ppb
2026-08-15T12:30:00Z,1,11.97,12.06,12.03255558013916,-0.06255558013915952,xgboost,absolute,fold_2,3h,ppb
2026-08-15T12:45:00Z,1,12.07,12.05,12.04820728302002,0.021792716979980753,xgboost,absolute,fold_2,3h,ppb
2026-08-15T13:00:00Z,1,12.17,12.02,12.150813102722168,0.01918689727783196,xgboost,absolute,fold_2,3h,ppb
2026-08-15T13:15:00Z,1,12.22,12.05,12.163217544555664,0.05678245544433658,xgboost,absolute,fold_2,3h,ppb
2026-08-15T13:30:00Z,1,12.17,12.04,12.14722728729248,0.02277271270751946,xgboost,absolute,fold_2,3h,ppb
2026-08-15T13:45:00Z,1,12.15,12.03,12.132368087768555,0.017631912231445668,xgboost,absolute,fold_2,3h,ppb
2026-08-15T14:00:00Z,1,12.11,12.02,12.119481086730957,-0.0094810867309576,xgboost,absolute,fold_2,3h,ppb
2026-08-15T14:15:00Z,1,12.11,12.02,12.099186897277832,0.0108131027221674,xgboost,absolute,fold_2,3h,ppb
2026-08-15T14:30:00Z,1,12.09,11.97,12.098418235778809,-0.008418235778808736,xgboost,absolute,fold_2,3h,ppb
2026-08-15T14:45:00Z,1,12.1,11.9,12.09081745147705,0.009182548522948863,xgboost,absolute,fold_2,3h,ppb
2026-08-15T15:00:00Z,1,12.1,11.84,12.088387489318848,0.011612510681151988,xgboost,absolute,fold_2,3h,ppb
2026-08-15T15:15:00Z,1,12.09,11.92,12.085033416748047,0.004966583251952983,xgboost,absolute,fold_2,3h,ppb
2026-08-15T15:30:00Z,1,12.08,11.97,12.088180541992188,-0.008180541992187429,xgboost,absolute,fold_2,3h,ppb
2026-08-15T15:45:00Z,1,12.06,12.07,12.093195915222168,-0.03319591522216747,xgboost,absolute,fold_2,3h,ppb
2026-08-15T16:00:00Z,1,12.07,12.17,12.101621627807617,-0.0316216278076169,xgboost,absolute,fold_2,3h,ppb
2026-08-15T16:15:00Z,1,12.08,12.22,12.097756385803223,-0.017756385803222585,xgboost,absolute,fold_2,3h,ppb
2026-08-15T16:30:00Z,1,12.07,12.17,12.0906400680542,-0.020640068054198935,xgboost,absolute,fold_2,3h,ppb
2026-08-15T16:45:00Z,1,12.06,12.15,12.084074974060059,-0.024074974060058096,xgboost,absolute,fold_2,3h,ppb
2026-08-15T17:00:00Z,1,12.09,12.11,12.083276748657227,0.006723251342773295,xgboost,absolute,fold_2,3h,ppb
2026-08-15T17:15:00Z,1,12.08,12.11,12.079339981079102,0.0006600189208985086,xgboost,absolute,fold_2,3h,ppb
2026-08-15T17:30:00Z,1,12.09,12.09,12.082932472229004,0.007067527770995952,xgboost,absolute,fold_2,3h,ppb
2026-08-15T17:45:00Z,1,12.08,12.1,12.082097053527832,-0.00209705352783196,xgboost,absolute,fold_2,3h,ppb
2026-08-15T18:00:00Z,1,12.06,12.1,12.090124130249023,-0.03012413024902294,xgboost,absolute,fold_2,3h,ppb
2026-08-15T18:15:00Z,1,12.06,12.09,12.092875480651855,-0.03287548065185497,xgboost,absolute,fold_2,3h,ppb
2026-08-15T18:30:00Z,1,12.08,12.08,12.0924072265625,-0.012407226562499929,xgboost,absolute,fold_2,3h,ppb
2026-08-15T18:45:00Z,1,12.08,12.06,12.087301254272461,-0.0073012542724608664,xgboost,absolute,fold_2,3h,ppb
2026-08-15T19:00:00Z,1,12.08,12.07,12.08702564239502,-0.00702564239501946,xgboost,absolute,fold_2,3h,ppb
2026-08-15T19:15:00Z,1,12.08,12.08,12.086395263671875,-0.006395263671874929,xgboost,absolute,fold_2,3h,ppb
2026-08-15T19:30:00Z,1,12.08,12.07,12.085260391235352,-0.0052603912353514914,xgboost,absolute,fold_2,3h,ppb
2026-08-15T19:45:00Z,1,12.08,12.06,12.086395263671875,-0.006395263671874929,xgboost,absolute,fold_2,3h,ppb
2026-08-15T20:00:00Z,1,12.09,12.09,12.08791732788086,0.002082672119140483,xgboost,absolute,fold_2,3h,ppb
2026-08-15T20:15:00Z,1,12.09,12.08,12.088245391845703,0.0017546081542967329,xgboost,absolute,fold_2,3h,ppb
2026-08-15T20:30:00Z,1,12.09,12.09,12.08752727508545,0.002472724914550639,xgboost,absolute,fold_2,3h,ppb
2026-08-15T20:45:00Z,1,12.09,12.08,12.084030151367188,0.005969848632812358,xgboost,absolute,fold_2,3h,ppb
2026-08-15T21:00:00Z,1,12.09,12.06,12.081095695495605,0.00890430450439439,xgboost,absolute,fold_2,3h,ppb
2026-08-15T21:15:00Z,1,12.08,12.06,12.082619667053223,-0.002619667053222585,xgboost,absolute,fold_2,3h,ppb
2026-08-15T21:30:00Z,1,12.07,12.08,12.083826065063477,-0.013826065063476278,xgboost,absolute,fold_2,3h,ppb
2026-08-15T21:45:00Z,1,12.06,12.08,12.085522651672363,-0.025522651672362784,xgboost,absolute,fold_2,3h,ppb
2026-08-15T22:00:00Z,1,12.08,12.08,12.090230941772461,-0.010230941772460866,xgboost,absolute,fold_2,3h,ppb
2026-08-15T22:15:00Z,1,12.08,12.08,12.088711738586426,-0.00871173858642571,xgboost,absolute,fold_2,3h,ppb
2026-08-15T22:30:00Z,1,12.1,12.08,12.08716106414795,0.012838935852050426,xgboost,absolute,fold_2,3h,ppb
2026-08-15T22:45:00Z,1,12.11,12.08,12.089994430541992,0.020005569458007244,xgboost,absolute,fold_2,3h,ppb
2026-08-15T23:00:00Z,1,12.11,12.09,12.095528602600098,0.014471397399901775,xgboost,absolute,fold_2,3h,ppb
2026-08-15T23:15:00Z,1,12.13,12.09,12.096867561340332,0.03313243865966875,xgboost,absolute,fold_2,3h,ppb
2026-08-15T23:30:00Z,1,12.14,12.09,12.09594440460205,0.04405559539794979,xgboost,absolute,fold_2,3h,ppb
2026-08-15T23:45:00Z,1,12.11,12.09,12.096221923828125,0.013778076171874432,xgboost,absolute,fold_2,3h,ppb
2026-08-14T00:00:00Z,1,12.09,12.09,12.104819624833763,-0.014819624833762646,xgboost,delta,fold_2,3h,ppb
2026-08-14T00:15:00Z,1,12.09,12.09,12.102719640508294,-0.012719640508294106,xgboost,delta,fold_2,3h,ppb
2026-08-14T00:30:00Z,1,12.1,12.07,12.099319990426302,0.0006800095736974043,xgboost,delta,fold_2,3h,ppb
2026-08-14T00:45:00Z,1,12.09,12.08,12.100101083442569,-0.010101083442568992,xgboost,delta,fold_2,3h,ppb
2026-08-14T01:00:00Z,1,12.08,12.09,12.087384125599637,-0.0073841255996374144,xgboost,delta,fold_2,3h,ppb
2026-08-14T01:15:00Z,1,12.07,12.08,12.078127390281297,-0.008127390281297053,xgboost,delta,fold_2,3h,ppb
2026-08-14T01:30:00Z,1,12.06,12.11,12.076870687901973,-0.01687068790197266,xgboost,delta,fold_2,3h,ppb
2026-08-14T01:45:00Z,1,12.05,12.1,12.06567653864622,-0.015676538646220095,xgboost,delta,fold_2,3h,ppb
2026-08-14T02:00:00Z,1,12.04,12.1,12.054706910997629,-0.014706910997629663,xgboost,delta,fold_2,3h,ppb
2026-08-14T02:15:00Z,1,12.03,12.1,12.05297472551465,-0.02297472551465063,xgboost,delta,fold_2,3h,ppb
2026-08-14T02:30:00Z,1,12.05,12.1,12.066688618063926,-0.01668861806392563,xgboost,delta,fold_2,3h,ppb
2026-08-14T02:45:00Z,1,12.05,12.11,12.060893238186836,-0.010893238186834964,xgboost,delta,fold_2,3h,ppb
2026-08-14T03:00:00Z,1,12.05,12.09,12.038259640485048,0.011740359514952559,xgboost,delta,fold_2,3h,ppb
2026-08-14T03:15:00Z,1,12.01,12.09,12.02970900774002,-0.019709007740020823,xgboost,delta,fold_2,3h,ppb
2026-08-14T03:30:00Z,1,12.01,12.1,12.020706041157245,-0.010706041157245494,xgboost,delta,fold_2,3h,ppb
2026-08-14T03:45:00Z,1,12.01,12.09,12.0240028911829,-0.014002891182899546,xgboost,delta,fold_2,3h,ppb
2026-08-14T04:00:00Z,1,12.01,12.08,12.015776337981224,-0.005776337981224344,xgboost,delta,fold_2,3h,ppb
2026-08-14T04:15:00Z,1,11.99,12.07,12.00535552173853,-0.015355521738529276,xgboost,delta,fold_2,3h,ppb
2026-08-14T04:30:00Z,1,11.93,12.06,12.002296948283911,-0.07229694828391153,xgboost,delta,fold_2,3h,ppb
2026-08-14T04:45:00Z,1,11.95,12.05,11.996434408426286,-0.04643440842628621,xgboost,delta,fold_2,3h,ppb
2026-08-14T05:00:00Z,1,11.98,12.04,12.00022569388151,-0.02022569388151041,xgboost,delta,fold_2,3h,ppb
2026-08-14T05:15:00Z,1,11.91,12.03,12.02608649406582,-0.11608649406582039,xgboost,delta,fold_2,3h,ppb
2026-08-14T05:30:00Z,1,11.97,12.05,12.024467230960727,-0.05446723096072681,xgboost,delta,fold_2,3h,ppb
2026-08-14T05:45:00Z,1,12.04,12.05,12.025569020956755,0.014430979043243752,xgboost,delta,fold_2,3h,ppb
2026-08-14T06:00:00Z,1,12.02,12.05,12.020181236043573,-0.0001812360435735627,xgboost,delta,fold_2,3h,ppb
2026-08-14T06:15:00Z,1,12.02,12.01,12.02045449078083,-0.00045449078083059646,xgboost,delta,fold_2,3h,ppb
2026-08-14T06:30:00Z,1,12.03,12.01,12.018327551186085,0.011672448813914826,xgboost,delta,fold_2,3h,ppb
2026-08-14T06:45:00Z,1,11.98,12.01,12.006539303101599,-0.026539303101598577,xgboost,delta,fold_2,3h,ppb
2026-08-14T07:00:00Z,1,11.95,12.01,12.009539940617978,-0.05953994061797907,xgboost,delta,fold_2,3h,ppb
2026-08-14T07:15:00Z,1,11.98,11.99,11.998441678248346,-0.01844167824834564,xgboost,delta,fold_2,3h,ppb
2026-08-14T07:30:00Z,1,12.02,11.93,11.994192555844783,0.025807444155216075,xgboost,delta,fold_2,3h,ppb
2026-08-14T07:45:00Z,1,12.02,11.95,11.982032571732997,0.03796742826700239,xgboost,delta,fold_2,3h,ppb
2026-08-14T08:00:00Z,1,12.05,11.98,11.997009319737554,0.05299068026244669,xgboost,delta,fold_2,3h,ppb
2026-08-14T08:15:00Z,1,12.01,11.91,11.996260735988617,0.013739264011382701,xgboost,delta,fold_2,3h,ppb
2026-08-14T08:30:00Z,1,11.96,11.97,12.006719284951687,-0.046719284951686646,xgboost,delta,fold_2,3h,ppb
2026-08-14T08:45:00Z,1,11.96,12.04,12.025528551973402,-0.0655285519734008,xgboost,delta,fold_2,3h,ppb
2026-08-14T09:00:00Z,1,12.01,12.02,12.026074024364352,-0.016074024364352013,xgboost,delta,fold_2,3h,ppb
2026-08-14T09:15:00Z,1,12.09,12.02,12.021507166074588,0.06849283392541139,xgboost,delta,fold_2,3h,ppb
2026-08-14T09:30:00Z,1,12.09,12.03,12.027463925275951,0.06253607472404887,xgboost,delta,fold_2,3h,ppb
2026-08-14T09:45:00Z,1,12.03,11.98,12.0078360825032,0.022163917496799357,xgboost,delta,fold_2,3h,ppb
2026-08-14T10:00:00Z,1,11.96,11.95,12.023669210076331,-0.06366921007633053,xgboost,delta,fold_2,3h,ppb
2026-08-14T10:15:00Z,1,12.06,11.98,12.01716041892767,0.042839581072330546,xgboost,delta,fold_2,3h,ppb
2026-08-14T10:30:00Z,1,12.01,12.02,12.023306463593617,-0.013306463593616868,xgboost,delta,fold_2,3h,ppb
2026-08-14T10:45:00Z,1,12.08,12.02,12.032609303928911,0.04739069607108881,xgboost,delta,fold_2,3h,ppb
2026-08-14T11:00:00Z,1,12.04,12.05,12.035836745239795,0.0041632547602041825,xgboost,delta,fold_2,3h,ppb
2026-08-14T11:15:00Z,1,12.06,12.01,12.02319241989404,0.03680758010596108,xgboost,delta,fold_2,3h,ppb
2026-08-14T11:30:00Z,1,12.02,11.96,12.005252971351148,0.014747028648852023,xgboost,delta,fold_2,3h,ppb
2026-08-14T11:45:00Z,1,11.94,11.96,12.007023601830006,-0.067023601830007,xgboost,delta,fold_2,3h,ppb
2026-08-14T12:00:00Z,1,12.02,12.01,12.00810383352451,0.011896166475489522,xgboost,delta,fold_2,3h,ppb
2026-08-14T12:15:00Z,1,11.98,12.09,12.07038044758141,-0.09038044758140984,xgboost,delta,fold_2,3h,ppb
2026-08-14T12:30:00Z,1,11.99,12.09,12.073806969597936,-0.08380696959793532,xgboost,delta,fold_2,3h,ppb
2026-08-14T12:45:00Z,1,12.08,12.03,12.043793472200631,0.036206527799368615,xgboost,delta,fold_2,3h,ppb
2026-08-14T13:00:00Z,1,12.11,11.96,12.06441329330206,0.045586706697939405,xgboost,delta,fold_2,3h,ppb
2026-08-14T13:15:00Z,1,12.11,12.06,12.10545545578003,0.004544544219969637,xgboost,delta,fold_2,3h,ppb
2026-08-14T13:30:00Z,1,12.11,12.01,12.090679848790169,0.019320151209830883,xgboost,delta,fold_2,3h,ppb
2026-08-14T13:45:00Z,1,12.11,12.08,12.123235272169113,-0.013235272169113799,xgboost,delta,fold_2,3h,ppb
2026-08-14T14:00:00Z,1,12.09,12.04,12.094589465260505,-0.004589465260504966,xgboost,delta,fold_2,3h,ppb
2026-08-14T14:15:00Z,1,12.1,12.06,12.094802421927453,0.00519757807254706,xgboost,delta,fold_2,3h,ppb
2026-08-14T14:30:00Z,1,12.12,12.02,12.073899884223938,0.046100115776061656,xgboost,delta,fold_2,3h,ppb
2026-08-14T14:45:00Z,1,12.11,11.94,12.066558497548103,0.043441502451896596,xgboost,delta,fold_2,3h,ppb
2026-08-14T15:00:00Z,1,12.1,12.02,12.06522230476141,0.03477769523859031,xgboost,delta,fold_2,3h,ppb
2026-08-14T15:15:00Z,1,12.08,11.98,12.066264826357365,0.01373517364263499,xgboost,delta,fold_2,3h,ppb
2026-08-14T15:30:00Z,1,12.06,11.99,12.065043007731438,-0.005043007731437399,xgboost,delta,fold_2,3h,ppb
2026-08-14T15:45:00Z,1,12.06,12.08,12.105019060820341,-0.045019060820340684,xgboost,delta,fold_2,3h,ppb
2026-08-14T16:00:00Z,1,12.08,12.11,12.081060311421751,-0.0010603114217513365,xgboost,delta,fold_2,3h,ppb
2026-08-14T16:15:00Z,1,12.09,12.11,12.081831519156694,0.008168480843306014,xgboost,delta,fold_2,3h,ppb
2026-08-14T16:30:00Z,1,12.1,12.11,12.082284540534019,0.017715459465980743,xgboost,delta,fold_2,3h,ppb
2026-08-14T16:45:00Z,1,12.09,12.11,12.08285283356905,0.007147166430950591,xgboost,delta,fold_2,3h,ppb
2026-08-14T17:00:00Z,1,12.09,12.09,12.08320687353611,0.006793126463890076,xgboost,delta,fold_2,3h,ppb
2026-08-14T17:15:00Z,1,12.08,12.1,12.077895896881818,0.002104103118181655,xgboost,delta,fold_2,3h,ppb
2026-08-14T17:30:00Z,1,12.09,12.12,12.085899668633937,0.004100331366062804,xgboost,delta,fold_2,3h,ppb
2026-08-14T17:45:00Z,1,12.09,12.11,12.089381419718265,0.0006185802817348929,xgboost,delta,fold_2,3h,ppb
2026-08-14T18:00:00Z,1,12.1,12.1,12.08683650419116,0.013163495808839798,xgboost,delta,fold_2,3h,ppb
2026-08-14T18:15:00Z,1,12.1,12.08,12.087411361206323,0.012588638793676665,xgboost,delta,fold_2,3h,ppb
2026-08-14T18:30:00Z,1,12.09,12.06,12.079018445163966,0.010981554836034135,xgboost,delta,fold_2,3h,ppb
2026-08-14T18:45:00Z,1,12.09,12.06,12.081109767258168,0.008890232741832094,xgboost,delta,fold_2,3h,ppb
2026-08-14T19:00:00Z,1,12.09,12.08,12.085616853479296,0.004383146520703818,xgboost,delta,fold_2,3h,ppb
2026-08-14T19:15:00Z,1,12.09,12.09,12.083566401302814,0.006433598697185516,xgboost,delta,fold_2,3h,ppb
2026-08-14T19:30:00Z,1,12.11,12.1,12.084508230350911,0.02549176964908817,xgboost,delta,fold_2,3h,ppb
2026-08-14T19:45:00Z,1,12.09,12.09,12.085189193170518,0.004810806829482317,xgboost,delta,fold_2,3h,ppb
2026-08-14T20:00:00Z,1,12.09,12.09,12.084301146827638,0.005698853172361851,xgboost,delta,fold_2,3h,ppb
2026-08-14T20:15:00Z,1,12.08,12.08,12.08737223494798,-0.00737223494797945,xgboost,delta,fold_2,3h,ppb
2026-08-14T20:30:00Z,1,12.08,12.09,12.083019619956612,-0.003019619956612374,xgboost,delta,fold_2,3h,ppb
2026-08-14T20:45:00Z,1,12.08,12.09,12.082172637954354,-0.002172637954354073,xgboost,delta,fold_2,3h,ppb
2026-08-14T21:00:00Z,1,12.07,12.1,12.08451039288193,-0.014510392881929235,xgboost,delta,fold_2,3h,ppb
2026-08-14T21:15:00Z,1,12.06,12.1,12.084413246624171,-0.02441324662417088,xgboost,delta,fold_2,3h,ppb
2026-08-14T21:30:00Z,1,12.07,12.09,12.087061741771176,-0.01706174177117603,xgboost,delta,fold_2,3h,ppb
2026-08-14T21:45:00Z,1,12.07,12.09,12.086473339851945,-0.016473339851945212,xgboost,delta,fold_2,3h,ppb
2026-08-14T22:00:00Z,1,12.07,12.09,12.08769931845367,-0.01769931845366912,xgboost,delta,fold_2,3h,ppb
2026-08-14T22:15:00Z,1,12.07,12.09,12.086592727024108,-0.016592727024107745,xgboost,delta,fold_2,3h,ppb
2026-08-14T22:30:00Z,1,12.09,12.11,12.092177266851067,-0.0021772668510671167,xgboost,delta,fold_2,3h,ppb
2026-08-14T22:45:00Z,1,12.08,12.09,12.085785979554057,-0.005785979554056908,xgboost,delta,fold_2,3h,ppb
2026-08-14T23:00:00Z,1,12.09,12.09,12.090788170436863,-0.0007881704368628561,xgboost,delta,fold_2,3h,ppb
2026-08-14T23:15:00Z,1,12.11,12.08,12.094276235364378,0.015723764635621862,xgboost,delta,fold_2,3h,ppb
2026-08-14T23:30:00Z,1,12.09,12.08,12.092983628548682,-0.002983628548681949,xgboost,delta,fold_2,3h,ppb
2026-08-14T23:45:00Z,1,12.1,12.08,12.090704276151955,0.009295723848044446,xgboost,delta,fold_2,3h,ppb
2026-08-15T00:00:00Z,1,12.08,12.07,12.090264498889447,-0.010264498889446472,xgboost,delta,fold_2,3h,ppb
2026-08-15T00:15:00Z,1,12.08,12.06,12.084818578734994,-0.004818578734994361,xgboost,delta,fold_2,3h,ppb
2026-08-15T00:30:00Z,1,12.1,12.07,12.087055619508028,0.01294438049197133,xgboost,delta,fold_2,3h,ppb
2026-08-15T00:45:00Z,1,12.09,12.07,12.085825014561415,0.004174985438584855,xgboost,delta,fold_2,3h,ppb
2026-08-15T01:00:00Z,1,12.08,12.07,12.066362778590992,0.013637221409007694,xgboost,delta,fold_2,3h,ppb
2026-08-15T01:15:00Z,1,12.07,12.07,12.06201936647296,0.007980633527040482,xgboost,delta,fold_2,3h,ppb
2026-08-15T01:30:00Z,1,12.06,12.09,12.071462556868791,-0.01146255686879094,xgboost,delta,fold_2,3h,ppb
2026-08-15T01:45:00Z,1,12.07,12.08,12.064606310725212,0.005393689274788116,xgboost,delta,fold_2,3h,ppb
2026-08-15T02:00:00Z,1,12.04,12.09,12.059234678894281,-0.019234678894282098,xgboost,delta,fold_2,3h,ppb
2026-08-15T02:15:00Z,1,12.05,12.11,12.070113178938627,-0.020113178938625964,xgboost,delta,fold_2,3h,ppb
2026-08-15T02:30:00Z,1,12.05,12.09,12.066086860522628,-0.016086860522626978,xgboost,delta,fold_2,3h,ppb
2026-08-15T02:45:00Z,1,12.04,12.1,12.059370035678148,-0.019370035678148767,xgboost,delta,fold_2,3h,ppb
2026-08-15T03:00:00Z,1,11.99,12.08,12.034057447612286,-0.04405744761228547,xgboost,delta,fold_2,3h,ppb
2026-08-15T03:15:00Z,1,11.99,12.08,12.037868441939354,-0.0478684419393538,xgboost,delta,fold_2,3h,ppb
2026-08-15T03:30:00Z,1,12.01,12.1,12.036878249049186,-0.026878249049186564,xgboost,delta,fold_2,3h,ppb
2026-08-15T03:45:00Z,1,11.96,12.09,12.037934541851282,-0.07793454185128112,xgboost,delta,fold_2,3h,ppb
2026-08-15T04:00:00Z,1,12.02,12.08,12.031259341090918,-0.011259341090918085,xgboost,delta,fold_2,3h,ppb
2026-08-15T04:15:00Z,1,12.01,12.07,12.023976698219776,-0.013976698219776651,xgboost,delta,fold_2,3h,ppb
2026-08-15T04:30:00Z,1,12.0,12.06,12.01786812901497,-0.01786812901496937,xgboost,delta,fold_2,3h,ppb
2026-08-15T04:45:00Z,1,12.08,12.07,12.030372094064951,0.049627905935048844,xgboost,delta,fold_2,3h,ppb
2026-08-15T05:00:00Z,1,12.05,12.04,12.012167601808905,0.03783239819109596,xgboost,delta,fold_2,3h,ppb
2026-08-15T05:15:00Z,1,11.95,12.05,12.01760680526495,-0.06760680526495122,xgboost,delta,fold_2,3h,ppb
2026-08-15T05:30:00Z,1,12.02,12.05,12.021053320914508,-0.001053320914508049,xgboost,delta,fold_2,3h,ppb
2026-08-15T05:45:00Z,1,12.01,12.04,12.020130175128578,-0.0101301751285785,xgboost,delta,fold_2,3h,ppb
2026-08-15T06:00:00Z,1,12.02,11.99,12.002063552625478,0.017936447374522047,xgboost,delta,fold_2,3h,ppb
2026-08-15T06:15:00Z,1,12.04,11.99,11.995008049774915,0.044991950225083954,xgboost,delta,fold_2,3h,ppb
2026-08-15T06:30:00Z,1,12.02,12.01,12.0124842498824,0.007515750117599751,xgboost,delta,fold_2,3h,ppb
2026-08-15T06:45:00Z,1,11.99,11.96,11.98734273672104,0.002657263278960542,xgboost,delta,fold_2,3h,ppb
2026-08-15T07:00:00Z,1,12.0,12.02,12.01462492018938,-0.01462492018938022,xgboost,delta,fold_2,3h,ppb
2026-08-15T07:15:00Z,1,11.98,12.01,12.017930502295494,-0.03793050229549344,xgboost,delta,fold_2,3h,ppb
2026-08-15T07:30:00Z,1,11.95,12.0,12.009334044530988,-0.05933404453098845,xgboost,delta,fold_2,3h,ppb
2026-08-15T07:45:00Z,1,11.98,12.08,12.041938563734293,-0.06193856373429263,xgboost,delta,fold_2,3h,ppb
2026-08-15T08:00:00Z,1,12.03,12.05,12.01219376474619,0.017806235253809533,xgboost,delta,fold_2,3h,ppb
2026-08-15T08:15:00Z,1,11.94,11.95,11.974615449830889,-0.03461544983088949,xgboost,delta,fold_2,3h,ppb
2026-08-15T08:30:00Z,1,11.98,12.02,12.010788474678993,-0.030788474678992372,xgboost,delta,fold_2,3h,ppb
2026-08-15T08:45:00Z,1,12.01,12.01,12.011227103173733,-0.0012271031737327576,xgboost,delta,fold_2,3h,ppb
2026-08-15T09:00:00Z,1,12.02,12.02,12.024945318214595,-0.004945318214595318,xgboost,delta,fold_2,3h,ppb
2026-08-15T09:15:00Z,1,12.03,12.04,12.020555659160017,0.009444340839982246,xgboost,delta,fold_2,3h,ppb
2026-08-15T09:30:00Z,1,12.06,12.02,12.01788146582432,0.04211853417568001,xgboost,delta,fold_2,3h,ppb
2026-08-15T09:45:00Z,1,12.05,11.99,12.006414964571595,0.043585035428405305,xgboost,delta,fold_2,3h,ppb
2026-08-15T10:00:00Z,1,12.02,12.0,12.016830395907164,0.0031696040928359537,xgboost,delta,fold_2,3h,ppb
2026-08-15T10:15:00Z,1,12.05,11.98,12.018965307176114,0.031034692823887156,xgboost,delta,fold_2,3h,ppb
2026-08-15T10:30:00Z,1,12.04,11.95,12.0205973431468,0.019402656853198863,xgboost,delta,fold_2,3h,ppb
2026-08-15T10:45:00Z,1,12.03,11.98,12.015809982568026,0.014190017431973345,xgboost,delta,fold_2,3h,ppb
2026-08-15T11:00:00Z,1,12.02,12.03,12.043091526925563,-0.0230915269255636,xgboost,delta,fold_2,3h,ppb
2026-08-15T11:15:00Z,1,12.02,11.94,12.041052157580852,-0.021052157580852437,xgboost,delta,fold_2,3h,ppb
2026-08-15T11:30:00Z,1,11.97,11.98,12.000872607827187,-0.03087260782718637,xgboost,delta,fold_2,3h,ppb
2026-08-15T11:45:00Z,1,11.9,12.01,12.026766274347901,-0.12676627434790078,xgboost,delta,fold_2,3h,ppb
2026-08-15T12:00:00Z,1,11.84,12.02,12.018646798543632,-0.17864679854363175,xgboost,delta,fold_2,3h,ppb
2026-08-15T12:15:00Z,1,11.92,12.03,12.049982168450951,-0.129982168450951,xgboost,delta,fold_2,3h,ppb
2026-08-15T12:30:00Z,1,11.97,12.06,12.050699847228826,-0.08069984722882495,xgboost,delta,fold_2,3h,ppb
2026-08-15T12:45:00Z,1,12.07,12.05,12.0666136585176,0.003386341482400468,xgboost,delta,fold_2,3h,ppb
2026-08-15T13:00:00Z,1,12.17,12.02,12.160963688492775,0.009036311507225392,xgboost,delta,fold_2,3h,ppb
2026-08-15T13:15:00Z,1,12.22,12.05,12.147550943493844,0.07244905650615685,xgboost,delta,fold_2,3h,ppb
2026-08-15T13:30:00Z,1,12.17,12.04,12.131057896614074,0.038942103385926075,xgboost,delta,fold_2,3h,ppb
2026-08-15T13:45:00Z,1,12.15,12.03,12.126632055938243,0.02336794406175713,xgboost,delta,fold_2,3h,ppb
2026-08-15T14:00:00Z,1,12.11,12.02,12.112305719852447,-0.002305719852447652,xgboost,delta,fold_2,3h,ppb
2026-08-15T14:15:00Z,1,12.11,12.02,12.106744554340839,0.003255445659160472,xgboost,delta,fold_2,3h,ppb
2026-08-15T14:30:00Z,1,12.09,11.97,12.104779766201974,-0.014779766201973743,xgboost,delta,fold_2,3h,ppb
2026-08-15T14:45:00Z,1,12.1,11.9,12.098579773306847,0.0014202266931526708,xgboost,delta,fold_2,3h,ppb
2026-08-15T15:00:00Z,1,12.1,11.84,12.051292132735252,0.048707867264747406,xgboost,delta,fold_2,3h,ppb
2026-08-15T15:15:00Z,1,12.09,11.92,12.090221850275993,-0.00022185027599341822,xgboost,delta,fold_2,3h,ppb
2026-08-15T15:30:00Z,1,12.08,11.97,12.116514639258385,-0.03651463925838527,xgboost,delta,fold_2,3h,ppb
2026-08-15T15:45:00Z,1,12.06,12.07,12.114297352433205,-0.05429735243320444,xgboost,delta,fold_2,3h,ppb
2026-08-15T16:00:00Z,1,12.07,12.17,12.111201403737068,-0.04120140373706782,xgboost,delta,fold_2,3h,ppb
2026-08-15T16:15:00Z,1,12.08,12.22,12.116872751414776,-0.03687275141477642,xgboost,delta,fold_2,3h,ppb
2026-08-15T16:30:00Z,1,12.07,12.17,12.102579226791859,-0.03257922679185832,xgboost,delta,fold_2,3h,ppb
2026-08-15T16:45:00Z,1,12.06,12.15,12.090311286598444,-0.030311286598443843,xgboost,delta,fold_2,3h,ppb
2026-08-15T17:00:00Z,1,12.09,12.11,12.08457381337881,0.005426186621189544,xgboost,delta,fold_2,3h,ppb
2026-08-15T17:15:00Z,1,12.08,12.11,12.082591312602162,-0.0025913126021617217,xgboost,delta,fold_2,3h,ppb
2026-08-15T17:30:00Z,1,12.09,12.09,12.075057235695422,0.014942764304578304,xgboost,delta,fold_2,3h,ppb
2026-08-15T17:45:00Z,1,12.08,12.1,12.078089049458503,0.0019109505414967032,xgboost,delta,fold_2,3h,ppb
2026-08-15T18:00:00Z,1,12.06,12.1,12.088252447918057,-0.02825244791805659,xgboost,delta,fold_2,3h,ppb
2026-08-15T18:15:00Z,1,12.06,12.09,12.09201858044602,-0.03201858044601913,xgboost,delta,fold_2,3h,ppb
2026-08-15T18:30:00Z,1,12.08,12.08,12.092169611640275,-0.012169611640274525,xgboost,delta,fold_2,3h,ppb
2026-08-15T18:45:00Z,1,12.08,12.06,12.081138448268176,-0.0011384482681755514,xgboost,delta,fold_2,3h,ppb
2026-08-15T19:00:00Z,1,12.08,12.07,12.083805684633553,-0.0038056846335532413,xgboost,delta,fold_2,3h,ppb
2026-08-15T19:15:00Z,1,12.08,12.08,12.086712983362377,-0.00671298336237669,xgboost,delta,fold_2,3h,ppb
2026-08-15T19:30:00Z,1,12.08,12.07,12.088498254939914,-0.008498254939913963,xgboost,delta,fold_2,3h,ppb
2026-08-15T19:45:00Z,1,12.08,12.06,12.083777918890119,-0.0037779188901190253,xgboost,delta,fold_2,3h,ppb
2026-08-15T20:00:00Z,1,12.09,12.09,12.087731446754187,0.0022685532458126545,xgboost,delta,fold_2,3h,ppb
2026-08-15T20:15:00Z,1,12.09,12.08,12.090060981847346,-6.098184734604217e-05,xgboost,delta,fold_2,3h,ppb
2026-08-15T20:30:00Z,1,12.09,12.09,12.08700129381381,0.0029987061861902475,xgboost,delta,fold_2,3h,ppb
2026-08-15T20:45:00Z,1,12.09,12.08,12.085028201732785,0.004971798267215277,xgboost,delta,fold_2,3h,ppb
2026-08-15T21:00:00Z,1,12.09,12.06,12.078738860264421,0.011261139735578851,xgboost,delta,fold_2,3h,ppb
2026-08-15T21:15:00Z,1,12.08,12.06,12.07998900063336,1.0999366640618291e-05,xgboost,delta,fold_2,3h,ppb
2026-08-15T21:30:00Z,1,12.07,12.08,12.081745031331666,-0.0117450313316656,xgboost,delta,fold_2,3h,ppb
2026-08-15T21:45:00Z,1,12.06,12.08,12.081439683372155,-0.021439683372154406,xgboost,delta,fold_2,3h,ppb
2026-08-15T22:00:00Z,1,12.08,12.08,12.089882036596537,-0.009882036596536636,xgboost,delta,fold_2,3h,ppb
2026-08-15T22:15:00Z,1,12.08,12.08,12.088968315087259,-0.008968315087258816,xgboost,delta,fold_2,3h,ppb
2026-08-15T22:30:00Z,1,12.1,12.08,12.08793681666255,0.012063183337449601,xgboost,delta,fold_2,3h,ppb
2026-08-15T22:45:00Z,1,12.11,12.08,12.088733767084777,0.021266232915222005,xgboost,delta,fold_2,3h,ppb
2026-08-15T23:00:00Z,1,12.11,12.09,12.093223094856366,0.01677690514363306,xgboost,delta,fold_2,3h,ppb
2026-08-15T23:15:00Z,1,12.13,12.09,12.095978518165648,0.03402148183435294,xgboost,delta,fold_2,3h,ppb
2026-08-15T23:30:00Z,1,12.14,12.09,12.093526655491441,0.04647334450855922,xgboost,delta,fold_2,3h,ppb
2026-08-15T23:45:00Z,1,12.11,12.09,12.093961654845625,0.01603834515437441,xgboost,delta,fold_2,3h,ppb
2026-08-14T00:00:00Z,1,12.09,12.09,12.102306348717105,-0.012306348717105564,lightgbm,absolute,fold_2,3h,ppb
2026-08-14T00:15:00Z,1,12.09,12.09,12.102782089897463,-0.012782089897463322,lightgbm,absolute,fold_2,3h,ppb
2026-08-14T00:30:00Z,1,12.1,12.07,12.103352445938835,-0.0033524459388356576,lightgbm,absolute,fold_2,3h,ppb
2026-08-14T00:45:00Z,1,12.09,12.08,12.098949743435023,-0.008949743435023194,lightgbm,absolute,fold_2,3h,ppb
2026-08-14T01:00:00Z,1,12.08,12.09,12.076782586272722,0.003217413727277574,lightgbm,absolute,fold_2,3h,ppb
2026-08-14T01:15:00Z,1,12.07,12.08,12.082729156238564,-0.012729156238563633,lightgbm,absolute,fold_2,3h,ppb
2026-08-14T01:30:00Z,1,12.06,12.11,12.076646725355074,-0.0166467253550735,lightgbm,absolute,fold_2,3h,ppb
2026-08-14T01:45:00Z,1,12.05,12.1,12.07436835858137,-0.024368358581369876,lightgbm,absolute,fold_2,3h,ppb
2026-08-14T02:00:00Z,1,12.04,12.1,12.061580162967255,-0.021580162967255845,lightgbm,absolute,fold_2,3h,ppb
2026-08-14T02:15:00Z,1,12.03,12.1,12.059413307846368,-0.029413307846368753,lightgbm,absolute,fold_2,3h,ppb
2026-08-14T02:30:00Z,1,12.05,12.1,12.066931032062032,-0.016931032062030837,lightgbm,absolute,fold_2,3h,ppb
2026-08-14T02:45:00Z,1,12.05,12.11,12.054808555043435,-0.004808555043434026,lightgbm,absolute,fold_2,3h,ppb
2026-08-14T03:00:00Z,1,12.05,12.09,12.030109935494957,0.01989006450504327,lightgbm,absolute,fold_2,3h,ppb
2026-08-14T03:15:00Z,1,12.01,12.09,12.028523500908229,-0.01852350090822874,lightgbm,absolute,fold_2,3h,ppb
2026-08-14T03:30:00Z,1,12.01,12.1,12.01904250130805,-0.009042501308050177,lightgbm,absolute,fold_2,3h,ppb
2026-08-14T03:45:00Z,1,12.01,12.09,12.012234575456315,-0.0022345754563151132,lightgbm,absolute,fold_2,3h,ppb
2026-08-14T04:00:00Z,1,12.01,12.08,12.008104555237496,0.0018954447625034732,lightgbm,absolute,fold_2,3h,ppb
2026-08-14T04:15:00Z,1,11.99,12.07,12.008368522625277,-0.018368522625276995,lightgbm,absolute,fold_2,3h,ppb
2026-08-14T04:30:00Z,1,11.93,12.06,12.006620663676706,-0.07662066367670661,lightgbm,absolute,fold_2,3h,ppb
2026-08-14T04:45:00Z,1,11.95,12.05,12.006133678014212,-0.05613367801421276,lightgbm,absolute,fold_2,3h,ppb
2026-08-14T05:00:00Z,1,11.98,12.04,12.012645973945208,-0.03264597394520763,lightgbm,absolute,fold_2,3h,ppb
2026-08-14T05:15:00Z,1,11.91,12.03,12.021351181082133,-0.11135118108213327,lightgbm,absolute,fold_2,3h,ppb
2026-08-14T05:30:00Z,1,11.97,12.05,12.02606762090843,-0.056067620908429205,lightgbm,absolute,fold_2,3h,ppb
2026-08-14T05:45:00Z,1,12.04,12.05,12.019104545224497,0.02089545477550203,lightgbm,absolute,fold_2,3h,ppb
2026-08-14T06:00:00Z,1,12.02,12.05,12.015180536502806,0.0048194634971938655,lightgbm,absolute,fold_2,3h,ppb
2026-08-14T06:15:00Z,1,12.02,12.01,12.011499666851703,0.008500333148296235,lightgbm,absolute,fold_2,3h,ppb
2026-08-14T06:30:00Z,1,12.03,12.01,12.007589974977698,0.022410025022301383,lightgbm,absolute,fold_2,3h,ppb
2026-08-14T06:45:00Z,1,11.98,12.01,12.001726855318582,-0.02172685531858143,lightgbm,absolute,fold_2,3h,ppb
2026-08-14T07:00:00Z,1,11.95,12.01,12.00309617289386,-0.05309617289386104,lightgbm,absolute,fold_2,3h,ppb
2026-08-14T07:15:00Z,1,11.98,11.99,12.005417753044332,-0.025417753044331803,lightgbm,absolute,fold_2,3h,ppb
2026-08-14T07:30:00Z,1,12.02,11.93,12.001711301266042,0.018288698733957887,lightgbm,absolute,fold_2,3h,ppb
2026-08-14T07:45:00Z,1,12.02,11.95,12.012799969963046,0.007200030036953464,lightgbm,absolute,fold_2,3h,ppb
2026-08-14T08:00:00Z,1,12.05,11.98,12.017962034685981,0.0320379653140197,lightgbm,absolute,fold_2,3h,ppb
2026-08-14T08:15:00Z,1,12.01,11.91,12.017879714866027,-0.007879714866026788,lightgbm,absolute,fold_2,3h,ppb
2026-08-14T08:30:00Z,1,11.96,11.97,12.032310340061171,-0.07231034006117021,lightgbm,absolute,fold_2,3h,ppb
2026-08-14T08:45:00Z,1,11.96,12.04,12.028324878013871,-0.0683248780138701,lightgbm,absolute,fold_2,3h,ppb
2026-08-14T09:00:00Z,1,12.01,12.02,12.030582168792547,-0.02058216879254715,lightgbm,absolute,fold_2,3h,ppb
2026-08-14T09:15:00Z,1,12.09,12.02,12.03053948879067,0.05946051120933049,lightgbm,absolute,fold_2,3h,ppb
2026-08-14T09:30:00Z,1,12.09,12.03,12.030954705639905,0.05904529436009476,lightgbm,absolute,fold_2,3h,ppb
2026-08-14T09:45:00Z,1,12.03,11.98,12.00822909862512,0.021770901374878804,lightgbm,absolute,fold_2,3h,ppb
2026-08-14T10:00:00Z,1,11.96,11.95,12.001106627316453,-0.041106627316452204,lightgbm,absolute,fold_2,3h,ppb
2026-08-14T10:15:00Z,1,12.06,11.98,12.00674973284078,0.05325026715922121,lightgbm,absolute,fold_2,3h,ppb
2026-08-14T10:30:00Z,1,12.01,12.02,12.032090195966516,-0.02209019596651629,lightgbm,absolute,fold_2,3h,ppb
2026-08-14T10:45:00Z,1,12.08,12.02,12.030261524379583,0.04973847562041733,lightgbm,absolute,fold_2,3h,ppb
2026-08-14T11:00:00Z,1,12.04,12.05,12.027173647339295,0.012826352660704643,lightgbm,absolute,fold_2,3h,ppb
2026-08-14T11:15:00Z,1,12.06,12.01,12.03529051098262,0.024709489017380903,lightgbm,absolute,fold_2,3h,ppb
2026-08-14T11:30:00Z,1,12.02,11.96,11.97825425043126,0.04174574956874011,lightgbm,absolute,fold_2,3h,ppb
2026-08-14T11:45:00Z,1,11.94,11.96,11.967951403091526,-0.027951403091526217,lightgbm,absolute,fold_2,3h,ppb
2026-08-14T12:00:00Z,1,12.02,12.01,11.963653836431583,0.05634616356841704,lightgbm,absolute,fold_2,3h,ppb
2026-08-14T12:15:00Z,1,11.98,12.09,12.015787974434744,-0.035787974434743575,lightgbm,absolute,fold_2,3h,ppb
2026-08-14T12:30:00Z,1,11.99,12.09,12.02948158433603,-0.03948158433603055,lightgbm,absolute,fold_2,3h,ppb
2026-08-14T12:45:00Z,1,12.08,12.03,12.039563132696228,0.040436867303771606,lightgbm,absolute,fold_2,3h,ppb
2026-08-14T13:00:00Z,1,12.11,11.96,12.131066919601505,-0.02106691960150542,lightgbm,absolute,fold_2,3h,ppb
2026-08-14T13:15:00Z,1,12.11,12.06,12.121318045545614,-0.011318045545614552,lightgbm,absolute,fold_2,3h,ppb
2026-08-14T13:30:00Z,1,12.11,12.01,12.117434943140013,-0.0074349431400140276,lightgbm,absolute,fold_2,3h,ppb
2026-08-14T13:45:00Z,1,12.11,12.08,12.121562978991548,-0.011562978991548789,lightgbm,absolute,fold_2,3h,ppb
2026-08-14T14:00:00Z,1,12.09,12.04,12.093106235373773,-0.0031062353737727477,lightgbm,absolute,fold_2,3h,ppb
2026-08-14T14:15:00Z,1,12.1,12.06,12.089285218267845,0.010714781732154677,lightgbm,absolute,fold_2,3h,ppb
2026-08-14T14:30:00Z,1,12.12,12.02,12.084574708600076,0.0354252913999229,lightgbm,absolute,fold_2,3h,ppb
2026-08-14T14:45:00Z,1,12.11,11.94,12.080087868528357,0.029912131471641956,lightgbm,absolute,fold_2,3h,ppb
2026-08-14T15:00:00Z,1,12.1,12.02,12.07183847114327,0.028161528856729845,lightgbm,absolute,fold_2,3h,ppb
2026-08-14T15:15:00Z,1,12.08,11.98,12.075353780225395,0.004646219774604887,lightgbm,absolute,fold_2,3h,ppb
2026-08-14T15:30:00Z,1,12.06,11.99,12.075777136278095,-0.015777136278094517,lightgbm,absolute,fold_2,3h,ppb
2026-08-14T15:45:00Z,1,12.06,12.08,12.078675767030044,-0.018675767030043033,lightgbm,absolute,fold_2,3h,ppb
2026-08-14T16:00:00Z,1,12.08,12.11,12.082417598083705,-0.002417598083704675,lightgbm,absolute,fold_2,3h,ppb
2026-08-14T16:15:00Z,1,12.09,12.11,12.07960426410468,0.010395735895320612,lightgbm,absolute,fold_2,3h,ppb
2026-08-14T16:30:00Z,1,12.1,12.11,12.075968785432751,0.024031214567248327,lightgbm,absolute,fold_2,3h,ppb
2026-08-14T16:45:00Z,1,12.09,12.11,12.07672216016098,0.013277839839020089,lightgbm,absolute,fold_2,3h,ppb
2026-08-14T17:00:00Z,1,12.09,12.09,12.079124652185962,0.01087534781403754,lightgbm,absolute,fold_2,3h,ppb
2026-08-14T17:15:00Z,1,12.08,12.1,12.07798234682786,0.0020176531721407542,lightgbm,absolute,fold_2,3h,ppb
2026-08-14T17:30:00Z,1,12.09,12.12,12.07876793693214,0.011232063067859954,lightgbm,absolute,fold_2,3h,ppb
2026-08-14T17:45:00Z,1,12.09,12.11,12.078483981250027,0.011516018749972545,lightgbm,absolute,fold_2,3h,ppb
2026-08-14T18:00:00Z,1,12.1,12.1,12.08175672071087,0.0182432792891305,lightgbm,absolute,fold_2,3h,ppb
2026-08-14T18:15:00Z,1,12.1,12.08,12.083435683309862,0.016564316690137915,lightgbm,absolute,fold_2,3h,ppb
2026-08-14T18:30:00Z,1,12.09,12.06,12.081158380997795,0.008841619002204482,lightgbm,absolute,fold_2,3h,ppb
2026-08-14T18:45:00Z,1,12.09,12.06,12.082482208873142,0.007517791126858242,lightgbm,absolute,fold_2,3h,ppb
2026-08-14T19:00:00Z,1,12.09,12.08,12.080520257943999,0.009479742056001328,lightgbm,absolute,fold_2,3h,ppb
2026-08-14T19:15:00Z,1,12.09,12.09,12.078200007877193,0.011799992122806913,lightgbm,absolute,fold_2,3h,ppb
2026-08-14T19:30:00Z,1,12.11,12.1,12.086926163353379,0.02307383664662055,lightgbm,absolute,fold_2,3h,ppb
2026-08-14T19:45:00Z,1,12.09,12.09,12.084268583893742,0.005731416106257825,lightgbm,absolute,fold_2,3h,ppb
2026-08-14T20:00:00Z,1,12.09,12.09,12.084109808171169,0.005890191828830993,lightgbm,absolute,fold_2,3h,ppb
2026-08-14T20:15:00Z,1,12.08,12.08,12.085679172732348,-0.005679172732348192,lightgbm,absolute,fold_2,3h,ppb
2026-08-14T20:30:00Z,1,12.08,12.09,12.083222163464972,-0.003222163464972283,lightgbm,absolute,fold_2,3h,ppb
2026-08-14T20:45:00Z,1,12.08,12.09,12.077815884501264,0.0021841154987356504,lightgbm,absolute,fold_2,3h,ppb
2026-08-14T21:00:00Z,1,12.07,12.1,12.081664026954682,-0.011664026954681717,lightgbm,absolute,fold_2,3h,ppb
2026-08-14T21:15:00Z,1,12.06,12.1,12.08215572831332,-0.02215572831331869,lightgbm,absolute,fold_2,3h,ppb
2026-08-14T21:30:00Z,1,12.07,12.09,12.08007130755748,-0.01007130755747987,lightgbm,absolute,fold_2,3h,ppb
2026-08-14T21:45:00Z,1,12.07,12.09,12.08280595804597,-0.012805958045969845,lightgbm,absolute,fold_2,3h,ppb
2026-08-14T22:00:00Z,1,12.07,12.09,12.085430806544457,-0.015430806544456388,lightgbm,absolute,fold_2,3h,ppb
2026-08-14T22:15:00Z,1,12.07,12.09,12.08278014110133,-0.012780141101329079,lightgbm,absolute,fold_2,3h,ppb
2026-08-14T22:30:00Z,1,12.09,12.11,12.082387416443028,0.007612583556971586,lightgbm,absolute,fold_2,3h,ppb
2026-08-14T22:45:00Z,1,12.08,12.09,12.082559984906894,-0.0025599849068935754,lightgbm,absolute,fold_2,3h,ppb
2026-08-14T23:00:00Z,1,12.09,12.09,12.088812399798577,0.0011876002014226117,lightgbm,absolute,fold_2,3h,ppb
2026-08-14T23:15:00Z,1,12.11,12.08,12.092223001529415,0.017776998470584005,lightgbm,absolute,fold_2,3h,ppb
2026-08-14T23:30:00Z,1,12.09,12.08,12.088501449645861,0.0014985503541389278,lightgbm,absolute,fold_2,3h,ppb
2026-08-14T23:45:00Z,1,12.1,12.08,12.091322847669792,0.008677152330207605,lightgbm,absolute,fold_2,3h,ppb
2026-08-15T00:00:00Z,1,12.08,12.07,12.092738530012857,-0.012738530012857296,lightgbm,absolute,fold_2,3h,ppb
2026-08-15T00:15:00Z,1,12.08,12.06,12.093138043866128,-0.013138043866128157,lightgbm,absolute,fold_2,3h,ppb
2026-08-15T00:30:00Z,1,12.1,12.07,12.09373667312265,0.006263326877348874,lightgbm,absolute,fold_2,3h,ppb
2026-08-15T00:45:00Z,1,12.09,12.07,12.096308940604306,-0.006308940604306201,lightgbm,absolute,fold_2,3h,ppb
2026-08-15T01:00:00Z,1,12.08,12.07,12.067170710593608,0.012829289406392164,lightgbm,absolute,fold_2,3h,ppb
2026-08-15T01:15:00Z,1,12.07,12.07,12.065481668071742,0.004518331928258235,lightgbm,absolute,fold_2,3h,ppb
2026-08-15T01:30:00Z,1,12.06,12.09,12.06120877520085,-0.001208775200849388,lightgbm,absolute,fold_2,3h,ppb
2026-08-15T01:45:00Z,1,12.07,12.08,12.059813583310781,0.010186416689219158,lightgbm,absolute,fold_2,3h,ppb
2026-08-15T02:00:00Z,1,12.04,12.09,12.052118384026166,-0.012118384026166495,lightgbm,absolute,fold_2,3h,ppb
2026-08-15T02:15:00Z,1,12.05,12.11,12.045707613510379,0.0042923864896220465,lightgbm,absolute,fold_2,3h,ppb
2026-08-15T02:30:00Z,1,12.05,12.09,12.05427247486445,-0.004272474864448483,lightgbm,absolute,fold_2,3h,ppb
2026-08-15T02:45:00Z,1,12.04,12.1,12.050009267764906,-0.010009267764907293,lightgbm,absolute,fold_2,3h,ppb
2026-08-15T03:00:00Z,1,11.99,12.08,12.028955173965146,-0.03895517396514592,lightgbm,absolute,fold_2,3h,ppb
2026-08-15T03:15:00Z,1,11.99,12.08,12.021237652161537,-0.03123765216153629,lightgbm,absolute,fold_2,3h,ppb
2026-08-15T03:30:00Z,1,12.01,12.1,12.017399380385639,-0.007399380385638921,lightgbm,absolute,fold_2,3h,ppb
2026-08-15T03:45:00Z,1,11.96,12.09,12.019566005676579,-0.05956600567657766,lightgbm,absolute,fold_2,3h,ppb
2026-08-15T04:00:00Z,1,12.02,12.08,12.012606045790982,0.0073939542090180055,lightgbm,absolute,fold_2,3h,ppb
2026-08-15T04:15:00Z,1,12.01,12.07,12.020251387298817,-0.01025138729881725,lightgbm,absolute,fold_2,3h,ppb
2026-08-15T04:30:00Z,1,12.0,12.06,12.018675769046249,-0.018675769046248902,lightgbm,absolute,fold_2,3h,ppb
2026-08-15T04:45:00Z,1,12.08,12.07,12.026075622750081,0.05392437724991872,lightgbm,absolute,fold_2,3h,ppb
2026-08-15T05:00:00Z,1,12.05,12.04,12.022714809970859,0.02728519002914176,lightgbm,absolute,fold_2,3h,ppb
2026-08-15T05:15:00Z,1,11.95,12.05,12.027072449176693,-0.07707244917669342,lightgbm,absolute,fold_2,3h,ppb
2026-08-15T05:30:00Z,1,12.02,12.05,12.026623334159561,-0.006623334159561622,lightgbm,absolute,fold_2,3h,ppb
2026-08-15T05:45:00Z,1,12.01,12.04,12.024911640905303,-0.014911640905303614,lightgbm,absolute,fold_2,3h,ppb
2026-08-15T06:00:00Z,1,12.02,11.99,12.0107355426832,0.00926445731679948,lightgbm,absolute,fold_2,3h,ppb
2026-08-15T06:15:00Z,1,12.04,11.99,12.001625744567335,0.038374255432664484,lightgbm,absolute,fold_2,3h,ppb
2026-08-15T06:30:00Z,1,12.02,12.01,12.009961313220881,0.010038686779118677,lightgbm,absolute,fold_2,3h,ppb
2026-08-15T06:45:00Z,1,11.99,11.96,12.006979899624273,-0.01697989962427293,lightgbm,absolute,fold_2,3h,ppb
2026-08-15T07:00:00Z,1,12.0,12.02,12.01412576994479,-0.014125769944790534,lightgbm,absolute,fold_2,3h,ppb
2026-08-15T07:15:00Z,1,11.98,12.01,12.01472832064601,-0.034728320646008726,lightgbm,absolute,fold_2,3h,ppb
2026-08-15T07:30:00Z,1,11.95,12.0,12.01681168871116,-0.0668116887111605,lightgbm,absolute,fold_2,3h,ppb
2026-08-15T07:45:00Z,1,11.98,12.08,12.02119595900361,-0.04119595900360906,lightgbm,absolute,fold_2,3h,ppb
2026-08-15T08:00:00Z,1,12.03,12.05,12.022472214273598,0.007527785726400893,lightgbm,absolute,fold_2,3h,ppb
2026-08-15T08:15:00Z,1,11.94,11.95,12.00873494324555,-0.06873494324555018,lightgbm,absolute,fold_2,3h,ppb
2026-08-15T08:30:00Z,1,11.98,12.02,12.020107385880113,-0.040107385880112645,lightgbm,absolute,fold_2,3h,ppb
2026-08-15T08:45:00Z,1,12.01,12.01,12.008055666778798,0.0019443332212016884,lightgbm,absolute,fold_2,3h,ppb
2026-08-15T09:00:00Z,1,12.02,12.02,12.018508175222127,0.0014918247778723526,lightgbm,absolute,fold_2,3h,ppb
2026-08-15T09:15:00Z,1,12.03,12.04,12.035790306170284,-0.005790306170284865,lightgbm,absolute,fold_2,3h,ppb
2026-08-15T09:30:00Z,1,12.06,12.02,12.027016938551828,0.032983061448172535,lightgbm,absolute,fold_2,3h,ppb
2026-08-15T09:45:00Z,1,12.05,11.99,12.008587559867072,0.04141244013292855,lightgbm,absolute,fold_2,3h,ppb
2026-08-15T10:00:00Z,1,12.02,12.0,12.020383065889945,-0.0003830658899452999,lightgbm,absolute,fold_2,3h,ppb
2026-08-15T10:15:00Z,1,12.05,11.98,12.014115995172975,0.03588400482702525,lightgbm,absolute,fold_2,3h,ppb
2026-08-15T10:30:00Z,1,12.04,11.95,12.018791939984768,0.021208060015231567,lightgbm,absolute,fold_2,3h,ppb
2026-08-15T10:45:00Z,1,12.03,11.98,12.021498054394927,0.008501945605072336,lightgbm,absolute,fold_2,3h,ppb
2026-08-15T11:00:00Z,1,12.02,12.03,12.007770022930305,0.012229977069694087,lightgbm,absolute,fold_2,3h,ppb
2026-08-15T11:15:00Z,1,12.02,11.94,11.989812395044767,0.030187604955232317,lightgbm,absolute,fold_2,3h,ppb
2026-08-15T11:30:00Z,1,11.97,11.98,12.017302160064832,-0.0473021600648309,lightgbm,absolute,fold_2,3h,ppb
2026-08-15T11:45:00Z,1,11.9,12.01,12.01738170084173,-0.1173817008417295,lightgbm,absolute,fold_2,3h,ppb
2026-08-15T12:00:00Z,1,11.84,12.02,11.988753046371572,-0.1487530463715725,lightgbm,absolute,fold_2,3h,ppb
2026-08-15T12:15:00Z,1,11.92,12.03,12.030103519396896,-0.11010351939689578,lightgbm,absolute,fold_2,3h,ppb
2026-08-15T12:30:00Z,1,11.97,12.06,12.03070499361418,-0.060704993614178804,lightgbm,absolute,fold_2,3h,ppb
2026-08-15T12:45:00Z,1,12.07,12.05,12.051115016406017,0.01888498359398305,lightgbm,absolute,fold_2,3h,ppb
2026-08-15T13:00:00Z,1,12.17,12.02,12.138898631615008,0.031101368384991446,lightgbm,absolute,fold_2,3h,ppb
2026-08-15T13:15:00Z,1,12.22,12.05,12.156605478369249,0.06339452163075165,lightgbm,absolute,fold_2,3h,ppb
2026-08-15T13:30:00Z,1,12.17,12.04,12.153613389279846,0.016386610720154238,lightgbm,absolute,fold_2,3h,ppb
2026-08-15T13:45:00Z,1,12.15,12.03,12.138427182891942,0.011572817108058686,lightgbm,absolute,fold_2,3h,ppb
2026-08-15T14:00:00Z,1,12.11,12.02,12.124294976667784,-0.014294976667784454,lightgbm,absolute,fold_2,3h,ppb
2026-08-15T14:15:00Z,1,12.11,12.02,12.112346449523216,-0.0023464495232161653,lightgbm,absolute,fold_2,3h,ppb
2026-08-15T14:30:00Z,1,12.09,11.97,12.102521205879999,-0.012521205879998831,lightgbm,absolute,fold_2,3h,ppb
2026-08-15T14:45:00Z,1,12.1,11.9,12.091026551862642,0.008973448137357565,lightgbm,absolute,fold_2,3h,ppb
2026-08-15T15:00:00Z,1,12.1,11.84,12.094851751045491,0.005148248954508716,lightgbm,absolute,fold_2,3h,ppb
2026-08-15T15:15:00Z,1,12.09,11.92,12.085376780596176,0.004623219403823597,lightgbm,absolute,fold_2,3h,ppb
2026-08-15T15:30:00Z,1,12.08,11.97,12.091463137244467,-0.011463137244467347,lightgbm,absolute,fold_2,3h,ppb
2026-08-15T15:45:00Z,1,12.06,12.07,12.09299388649946,-0.03299388649945989,lightgbm,absolute,fold_2,3h,ppb
2026-08-15T16:00:00Z,1,12.07,12.17,12.102258696594507,-0.032258696594507086,lightgbm,absolute,fold_2,3h,ppb
2026-08-15T16:15:00Z,1,12.08,12.22,12.097596930617154,-0.01759693061715417,lightgbm,absolute,fold_2,3h,ppb
2026-08-15T16:30:00Z,1,12.07,12.17,12.09475313434599,-0.024753134345989025,lightgbm,absolute,fold_2,3h,ppb
2026-08-15T16:45:00Z,1,12.06,12.15,12.08686644733655,-0.02686644733655008,lightgbm,absolute,fold_2,3h,ppb
2026-08-15T17:00:00Z,1,12.09,12.11,12.081048412724625,0.008951587275374706,lightgbm,absolute,fold_2,3h,ppb
2026-08-15T17:15:00Z,1,12.08,12.11,12.079114722819293,0.0008852771807070781,lightgbm,absolute,fold_2,3h,ppb
2026-08-15T17:30:00Z,1,12.09,12.09,12.080195573994798,0.009804426005201705,lightgbm,absolute,fold_2,3h,ppb
2026-08-15T17:45:00Z,1,12.08,12.1,12.07853382445826,0.0014661755417400002,lightgbm,absolute,fold_2,3h,ppb
2026-08-15T18:00:00Z,1,12.06,12.1,12.086382466050019,-0.02638246605001804,lightgbm,absolute,fold_2,3h,ppb
2026-08-15T18:15:00Z,1,12.06,12.09,12.090233335314522,-0.03023333531452188,lightgbm,absolute,fold_2,3h,ppb
2026-08-15T18:30:00Z,1,12.08,12.08,12.091490828205815,-0.011490828205815262,lightgbm,absolute,fold_2,3h,ppb
2026-08-15T18:45:00Z,1,12.08,12.06,12.089558665971838,-0.009558665971837854,lightgbm,absolute,fold_2,3h,ppb
2026-08-15T19:00:00Z,1,12.08,12.07,12.088460235205954,-0.008460235205953737,lightgbm,absolute,fold_2,3h,ppb
2026-08-15T19:15:00Z,1,12.08,12.08,12.087372085017142,-0.007372085017141927,lightgbm,absolute,fold_2,3h,ppb
2026-08-15T19:30:00Z,1,12.08,12.07,12.087926225830019,-0.007926225830019007,lightgbm,absolute,fold_2,3h,ppb
2026-08-15T19:45:00Z,1,12.08,12.06,12.086986351358123,-0.006986351358122533,lightgbm,absolute,fold_2,3h,ppb
2026-08-15T20:00:00Z,1,12.09,12.09,12.090124868812753,-0.0001248688127528652,lightgbm,absolute,fold_2,3h,ppb
2026-08-15T20:15:00Z,1,12.09,12.08,12.08972926322803,0.0002707367719700926,lightgbm,absolute,fold_2,3h,ppb
2026-08-15T20:30:00Z,1,12.09,12.09,12.087674009130055,0.002325990869945116,lightgbm,absolute,fold_2,3h,ppb
2026-08-15T20:45:00Z,1,12.09,12.08,12.085250697626424,0.004749302373575404,lightgbm,absolute,fold_2,3h,ppb
2026-08-15T21:00:00Z,1,12.09,12.06,12.082854826843068,0.007145173156931861,lightgbm,absolute,fold_2,3h,ppb
2026-08-15T21:15:00Z,1,12.08,12.06,12.08246073249507,-0.0024607324950700615,lightgbm,absolute,fold_2,3h,ppb
2026-08-15T21:30:00Z,1,12.07,12.08,12.081201117033322,-0.011201117033321495,lightgbm,absolute,fold_2,3h,ppb
2026-08-15T21:45:00Z,1,12.06,12.08,12.079674835079853,-0.01967483507985257,lightgbm,absolute,fold_2,3h,ppb
2026-08-15T22:00:00Z,1,12.08,12.08,12.087451182155476,-0.007451182155476133,lightgbm,absolute,fold_2,3h,ppb
2026-08-15T22:15:00Z,1,12.08,12.08,12.089166870987851,-0.009166870987851183,lightgbm,absolute,fold_2,3h,ppb
2026-08-15T22:30:00Z,1,12.1,12.08,12.089810044313895,0.010189955686104923,lightgbm,absolute,fold_2,3h,ppb
2026-08-15T22:45:00Z,1,12.11,12.08,12.086754351588798,0.02324564841120136,lightgbm,absolute,fold_2,3h,ppb
2026-08-15T23:00:00Z,1,12.11,12.09,12.094148097966372,0.01585190203362785,lightgbm,absolute,fold_2,3h,ppb
2026-08-15T23:15:00Z,1,12.13,12.09,12.095832682757884,0.03416731724211708,lightgbm,absolute,fold_2,3h,ppb
2026-08-15T23:30:00Z,1,12.14,12.09,12.095650691016981,0.04434930898301914,lightgbm,absolute,fold_2,3h,ppb
2026-08-15T23:45:00Z,1,12.11,12.09,12.090867371665565,0.019132628334434187,lightgbm,absolute,fold_2,3h,ppb
2026-08-14T00:00:00Z,1,12.09,12.09,12.099456233604567,-0.009456233604566933,lightgbm,delta,fold_2,3h,ppb
2026-08-14T00:15:00Z,1,12.09,12.09,12.100474969616245,-0.010474969616245389,lightgbm,delta,fold_2,3h,ppb
2026-08-14T00:30:00Z,1,12.1,12.07,12.104518119413068,-0.0045181194130687885,lightgbm,delta,fold_2,3h,ppb
2026-08-14T00:45:00Z,1,12.09,12.08,12.098208551397386,-0.008208551397386188,lightgbm,delta,fold_2,3h,ppb
2026-08-14T01:00:00Z,1,12.08,12.09,12.085793752864449,-0.00579375286444872,lightgbm,delta,fold_2,3h,ppb
2026-08-14T01:15:00Z,1,12.07,12.08,12.08533802072694,-0.015338020726940016,lightgbm,delta,fold_2,3h,ppb
2026-08-14T01:30:00Z,1,12.06,12.11,12.083047515150664,-0.0230475151506635,lightgbm,delta,fold_2,3h,ppb
2026-08-14T01:45:00Z,1,12.05,12.1,12.081801684263208,-0.03180168426320762,lightgbm,delta,fold_2,3h,ppb
2026-08-14T02:00:00Z,1,12.04,12.1,12.062832859977611,-0.022832859977611975,lightgbm,delta,fold_2,3h,ppb
2026-08-14T02:15:00Z,1,12.03,12.1,12.059946935038438,-0.029946935038438482,lightgbm,delta,fold_2,3h,ppb
2026-08-14T02:30:00Z,1,12.05,12.1,12.06986633096989,-0.0198663309698901,lightgbm,delta,fold_2,3h,ppb
2026-08-14T02:45:00Z,1,12.05,12.11,12.061577368245562,-0.011577368245561104,lightgbm,delta,fold_2,3h,ppb
2026-08-14T03:00:00Z,1,12.05,12.09,12.045822284447107,0.0041777155528937016,lightgbm,delta,fold_2,3h,ppb
2026-08-14T03:15:00Z,1,12.01,12.09,12.044590870324251,-0.034590870324251455,lightgbm,delta,fold_2,3h,ppb
2026-08-14T03:30:00Z,1,12.01,12.1,12.02930898633622,-0.019308986336220357,lightgbm,delta,fold_2,3h,ppb
2026-08-14T03:45:00Z,1,12.01,12.09,12.031142533947186,-0.021142533947186237,lightgbm,delta,fold_2,3h,ppb
2026-08-14T04:00:00Z,1,12.01,12.08,12.024077735746785,-0.014077735746784725,lightgbm,delta,fold_2,3h,ppb
2026-08-14T04:15:00Z,1,11.99,12.07,12.011173294845854,-0.02117329484585362,lightgbm,delta,fold_2,3h,ppb
2026-08-14T04:30:00Z,1,11.93,12.06,12.009270125051588,-0.07927012505158793,lightgbm,delta,fold_2,3h,ppb
2026-08-14T04:45:00Z,1,11.95,12.05,12.000190916494255,-0.05019091649425533,lightgbm,delta,fold_2,3h,ppb
2026-08-14T05:00:00Z,1,11.98,12.04,11.996817424835898,-0.016817424835897654,lightgbm,delta,fold_2,3h,ppb
2026-08-14T05:15:00Z,1,11.91,12.03,12.005565095712884,-0.09556509571288352,lightgbm,delta,fold_2,3h,ppb
2026-08-14T05:30:00Z,1,11.97,12.05,12.016169355292076,-0.046169355292075664,lightgbm,delta,fold_2,3h,ppb
2026-08-14T05:45:00Z,1,12.04,12.05,12.021820376790258,0.018179623209741536,lightgbm,delta,fold_2,3h,ppb
2026-08-14T06:00:00Z,1,12.02,12.05,12.015044097412988,0.004955902587012062,lightgbm,delta,fold_2,3h,ppb
2026-08-14T06:15:00Z,1,12.02,12.01,12.005633197432063,0.014366802567936432,lightgbm,delta,fold_2,3h,ppb
2026-08-14T06:30:00Z,1,12.03,12.01,11.99916725330065,0.030832746699349656,lightgbm,delta,fold_2,3h,ppb
2026-08-14T06:45:00Z,1,11.98,12.01,11.990968446356469,-0.01096844635646832,lightgbm,delta,fold_2,3h,ppb
2026-08-14T07:00:00Z,1,11.95,12.01,11.99490578297743,-0.04490578297743042,lightgbm,delta,fold_2,3h,ppb
2026-08-14T07:15:00Z,1,11.98,11.99,11.990480230312208,-0.010480230312207794,lightgbm,delta,fold_2,3h,ppb
2026-08-14T07:30:00Z,1,12.02,11.93,12.022177243298788,-0.002177243298788767,lightgbm,delta,fold_2,3h,ppb
2026-08-14T07:45:00Z,1,12.02,11.95,12.021840424365429,-0.0018404243654295271,lightgbm,delta,fold_2,3h,ppb
2026-08-14T08:00:00Z,1,12.05,11.98,12.00633773211801,0.04366226788199157,lightgbm,delta,fold_2,3h,ppb
2026-08-14T08:15:00Z,1,12.01,11.91,12.025165536876678,-0.015165536876677876,lightgbm,delta,fold_2,3h,ppb
2026-08-14T08:30:00Z,1,11.96,11.97,12.011286297449216,-0.05128629744921476,lightgbm,delta,fold_2,3h,ppb
2026-08-14T08:45:00Z,1,11.96,12.04,12.021041289386984,-0.061041289386983166,lightgbm,delta,fold_2,3h,ppb
2026-08-14T09:00:00Z,1,12.01,12.02,12.025559223592015,-0.01555922359201567,lightgbm,delta,fold_2,3h,ppb
2026-08-14T09:15:00Z,1,12.09,12.02,12.014811745456116,0.07518825454388356,lightgbm,delta,fold_2,3h,ppb
2026-08-14T09:30:00Z,1,12.09,12.03,12.02569339357895,0.06430660642105046,lightgbm,delta,fold_2,3h,ppb
2026-08-14T09:45:00Z,1,12.03,11.98,11.998877964961466,0.031122035038533724,lightgbm,delta,fold_2,3h,ppb
2026-08-14T10:00:00Z,1,11.96,11.95,12.023805380546811,-0.0638053805468104,lightgbm,delta,fold_2,3h,ppb
2026-08-14T10:15:00Z,1,12.06,11.98,12.003708415816492,0.05629158418350855,lightgbm,delta,fold_2,3h,ppb
2026-08-14T10:30:00Z,1,12.01,12.02,12.022442032478917,-0.012442032478917397,lightgbm,delta,fold_2,3h,ppb
2026-08-14T10:45:00Z,1,12.08,12.02,12.034739324827733,0.045260675172267284,lightgbm,delta,fold_2,3h,ppb
2026-08-14T11:00:00Z,1,12.04,12.05,12.039443010999507,0.0005569890004917255,lightgbm,delta,fold_2,3h,ppb
2026-08-14T11:15:00Z,1,12.06,12.01,12.037313141507019,0.0226868584929818,lightgbm,delta,fold_2,3h,ppb
2026-08-14T11:30:00Z,1,12.02,11.96,11.998430734175274,0.021569265824725292,lightgbm,delta,fold_2,3h,ppb
2026-08-14T11:45:00Z,1,11.94,11.96,11.989290468625663,-0.049290468625663664,lightgbm,delta,fold_2,3h,ppb
2026-08-14T12:00:00Z,1,12.02,12.01,11.99321160358729,0.026788396412708693,lightgbm,delta,fold_2,3h,ppb
2026-08-14T12:15:00Z,1,11.98,12.09,12.060445972736286,-0.0804459727362854,lightgbm,delta,fold_2,3h,ppb
2026-08-14T12:30:00Z,1,11.99,12.09,12.075490296572438,-0.08549029657243779,lightgbm,delta,fold_2,3h,ppb
2026-08-14T12:45:00Z,1,12.08,12.03,12.045995654815096,0.03400434518490414,lightgbm,delta,fold_2,3h,ppb
2026-08-14T13:00:00Z,1,12.11,11.96,12.06742989925922,0.04257010074077883,lightgbm,delta,fold_2,3h,ppb
2026-08-14T13:15:00Z,1,12.11,12.06,12.11286082401328,-0.002860824013280805,lightgbm,delta,fold_2,3h,ppb
2026-08-14T13:30:00Z,1,12.11,12.01,12.09813584853259,0.011864151467410267,lightgbm,delta,fold_2,3h,ppb
2026-08-14T13:45:00Z,1,12.11,12.08,12.128903751306943,-0.01890375130694366,lightgbm,delta,fold_2,3h,ppb
2026-08-14T14:00:00Z,1,12.09,12.04,12.100107099367142,-0.010107099367141714,lightgbm,delta,fold_2,3h,ppb
2026-08-14T14:15:00Z,1,12.1,12.06,12.106325328458594,-0.006325328458594015,lightgbm,delta,fold_2,3h,ppb
2026-08-14T14:30:00Z,1,12.12,12.02,12.097661756354361,0.0223382436456383,lightgbm,delta,fold_2,3h,ppb
2026-08-14T14:45:00Z,1,12.11,11.94,12.082639020751227,0.027360979248772566,lightgbm,delta,fold_2,3h,ppb
2026-08-14T15:00:00Z,1,12.1,12.02,12.071544676973986,0.028455323026014057,lightgbm,delta,fold_2,3h,ppb
2026-08-14T15:15:00Z,1,12.08,11.98,12.065564159471764,0.014435840528236099,lightgbm,delta,fold_2,3h,ppb
2026-08-14T15:30:00Z,1,12.06,11.99,12.06511512237681,-0.005115122376809111,lightgbm,delta,fold_2,3h,ppb
2026-08-14T15:45:00Z,1,12.06,12.08,12.093016862422987,-0.03301686242298629,lightgbm,delta,fold_2,3h,ppb
2026-08-14T16:00:00Z,1,12.08,12.11,12.062166653897044,0.017833346102955616,lightgbm,delta,fold_2,3h,ppb
2026-08-14T16:15:00Z,1,12.09,12.11,12.06873120005392,0.021268799946080108,lightgbm,delta,fold_2,3h,ppb
2026-08-14T16:30:00Z,1,12.1,12.11,12.066458740636728,0.03354125936327179,lightgbm,delta,fold_2,3h,ppb
2026-08-14T16:45:00Z,1,12.09,12.11,12.077072502444988,0.012927497555011769,lightgbm,delta,fold_2,3h,ppb
2026-08-14T17:00:00Z,1,12.09,12.09,12.079425650989695,0.010574349010305184,lightgbm,delta,fold_2,3h,ppb
2026-08-14T17:15:00Z,1,12.08,12.1,12.076937861672958,0.003062138327042163,lightgbm,delta,fold_2,3h,ppb
2026-08-14T17:30:00Z,1,12.09,12.12,12.084057106912073,0.005942893087926393,lightgbm,delta,fold_2,3h,ppb
2026-08-14T17:45:00Z,1,12.09,12.11,12.089859505022313,0.000140494977687311,lightgbm,delta,fold_2,3h,ppb
2026-08-14T18:00:00Z,1,12.1,12.1,12.082346904391557,0.01765309560844308,lightgbm,delta,fold_2,3h,ppb
2026-08-14T18:15:00Z,1,12.1,12.08,12.082550372969116,0.017449627030883264,lightgbm,delta,fold_2,3h,ppb
2026-08-14T18:30:00Z,1,12.09,12.06,12.06916867231634,0.02083132768365914,lightgbm,delta,fold_2,3h,ppb
2026-08-14T18:45:00Z,1,12.09,12.06,12.070859795452856,0.019140204547143824,lightgbm,delta,fold_2,3h,ppb
2026-08-14T19:00:00Z,1,12.09,12.08,12.077340651693955,0.012659348306044649,lightgbm,delta,fold_2,3h,ppb
2026-08-14T19:15:00Z,1,12.09,12.09,12.075131517240266,0.014868482759734292,lightgbm,delta,fold_2,3h,ppb
2026-08-14T19:30:00Z,1,12.11,12.1,12.082088159497788,0.027911840502211405,lightgbm,delta,fold_2,3h,ppb
2026-08-14T19:45:00Z,1,12.09,12.09,12.07930594168901,0.010694058310990684,lightgbm,delta,fold_2,3h,ppb
2026-08-14T20:00:00Z,1,12.09,12.09,12.078979595032639,0.01102040496736123,lightgbm,delta,fold_2,3h,ppb
2026-08-14T20:15:00Z,1,12.08,12.08,12.083951108802646,-0.00395110880264582,lightgbm,delta,fold_2,3h,ppb
2026-08-14T20:30:00Z,1,12.08,12.09,12.078682026365426,0.0013179736345740878,lightgbm,delta,fold_2,3h,ppb
2026-08-14T20:45:00Z,1,12.08,12.09,12.077777319775517,0.002222680224482687,lightgbm,delta,fold_2,3h,ppb
2026-08-14T21:00:00Z,1,12.07,12.1,12.078472227325491,-0.008472227325491133,lightgbm,delta,fold_2,3h,ppb
2026-08-14T21:15:00Z,1,12.06,12.1,12.078524683866686,-0.018524683866685265,lightgbm,delta,fold_2,3h,ppb
2026-08-14T21:30:00Z,1,12.07,12.09,12.082292838125367,-0.012292838125366856,lightgbm,delta,fold_2,3h,ppb
2026-08-14T21:45:00Z,1,12.07,12.09,12.08413605574631,-0.014136055746309495,lightgbm,delta,fold_2,3h,ppb
2026-08-14T22:00:00Z,1,12.07,12.09,12.087983900298092,-0.01798390029809127,lightgbm,delta,fold_2,3h,ppb
2026-08-14T22:15:00Z,1,12.07,12.09,12.086693921677169,-0.016693921677168433,lightgbm,delta,fold_2,3h,ppb
2026-08-14T22:30:00Z,1,12.09,12.11,12.092092599400543,-0.0020925994005427384,lightgbm,delta,fold_2,3h,ppb
2026-08-14T22:45:00Z,1,12.08,12.09,12.085918600249435,-0.005918600249435357,lightgbm,delta,fold_2,3h,ppb
2026-08-14T23:00:00Z,1,12.09,12.09,12.090376856692632,-0.0003768566926325434,lightgbm,delta,fold_2,3h,ppb
2026-08-14T23:15:00Z,1,12.11,12.08,12.092860454285418,0.017139545714581317,lightgbm,delta,fold_2,3h,ppb
2026-08-14T23:30:00Z,1,12.09,12.08,12.086996598066735,0.003003401933264982,lightgbm,delta,fold_2,3h,ppb
2026-08-14T23:45:00Z,1,12.1,12.08,12.087919770286403,0.01208022971359668,lightgbm,delta,fold_2,3h,ppb
2026-08-15T00:00:00Z,1,12.08,12.07,12.093368314047472,-0.013368314047472296,lightgbm,delta,fold_2,3h,ppb
2026-08-15T00:15:00Z,1,12.08,12.06,12.089311887608732,-0.009311887608731695,lightgbm,delta,fold_2,3h,ppb
2026-08-15T00:30:00Z,1,12.1,12.07,12.089992441090475,0.01000755890952476,lightgbm,delta,fold_2,3h,ppb
2026-08-15T00:45:00Z,1,12.09,12.07,12.092501902860668,-0.0025019028606685367,lightgbm,delta,fold_2,3h,ppb
2026-08-15T01:00:00Z,1,12.08,12.07,12.07154687610781,0.008453123892190106,lightgbm,delta,fold_2,3h,ppb
2026-08-15T01:15:00Z,1,12.07,12.07,12.063942162167697,0.006057837832303292,lightgbm,delta,fold_2,3h,ppb
2026-08-15T01:30:00Z,1,12.06,12.09,12.076626834173682,-0.016626834173681715,lightgbm,delta,fold_2,3h,ppb
2026-08-15T01:45:00Z,1,12.07,12.08,12.071576286596304,-0.001576286596304044,lightgbm,delta,fold_2,3h,ppb
2026-08-15T02:00:00Z,1,12.04,12.09,12.0588700718202,-0.018870071820201062,lightgbm,delta,fold_2,3h,ppb
2026-08-15T02:15:00Z,1,12.05,12.11,12.063191468821616,-0.01319146882161526,lightgbm,delta,fold_2,3h,ppb
2026-08-15T02:30:00Z,1,12.05,12.09,12.067086637240244,-0.01708663724024362,lightgbm,delta,fold_2,3h,ppb
2026-08-15T02:45:00Z,1,12.04,12.1,12.059184779790192,-0.019184779790192508,lightgbm,delta,fold_2,3h,ppb
2026-08-15T03:00:00Z,1,11.99,12.08,12.048997103217216,-0.05899710321721585,lightgbm,delta,fold_2,3h,ppb
2026-08-15T03:15:00Z,1,11.99,12.08,12.046251650953575,-0.056251650953575094,lightgbm,delta,fold_2,3h,ppb
2026-08-15T03:30:00Z,1,12.01,12.1,12.041754314144349,-0.03175431414434904,lightgbm,delta,fold_2,3h,ppb
2026-08-15T03:45:00Z,1,11.96,12.09,12.048411285397904,-0.08841128539790333,lightgbm,delta,fold_2,3h,ppb
2026-08-15T04:00:00Z,1,12.02,12.08,12.040647517172328,-0.020647517172328378,lightgbm,delta,fold_2,3h,ppb
2026-08-15T04:15:00Z,1,12.01,12.07,12.042810829597183,-0.0328108295971834,lightgbm,delta,fold_2,3h,ppb
2026-08-15T04:30:00Z,1,12.0,12.06,12.03670524876217,-0.03670524876216952,lightgbm,delta,fold_2,3h,ppb
2026-08-15T04:45:00Z,1,12.08,12.07,12.045119516238424,0.03488048376157593,lightgbm,delta,fold_2,3h,ppb
2026-08-15T05:00:00Z,1,12.05,12.04,12.029187655379149,0.02081234462085213,lightgbm,delta,fold_2,3h,ppb
2026-08-15T05:15:00Z,1,11.95,12.05,12.027902283543218,-0.07790228354321904,lightgbm,delta,fold_2,3h,ppb
2026-08-15T05:30:00Z,1,12.02,12.05,12.029750113400961,-0.00975011340096188,lightgbm,delta,fold_2,3h,ppb
2026-08-15T05:45:00Z,1,12.01,12.04,12.024078539035042,-0.01407853903504197,lightgbm,delta,fold_2,3h,ppb
2026-08-15T06:00:00Z,1,12.02,11.99,12.001105912606747,0.018894087393253045,lightgbm,delta,fold_2,3h,ppb
2026-08-15T06:15:00Z,1,12.04,11.99,11.991828587386706,0.04817141261329283,lightgbm,delta,fold_2,3h,ppb
2026-08-15T06:30:00Z,1,12.02,12.01,12.008305200225465,0.011694799774534914,lightgbm,delta,fold_2,3h,ppb
2026-08-15T06:45:00Z,1,11.99,11.96,11.993600707276206,-0.0036007072762060943,lightgbm,delta,fold_2,3h,ppb
2026-08-15T07:00:00Z,1,12.0,12.02,12.012115806578286,-0.012115806578286481,lightgbm,delta,fold_2,3h,ppb
2026-08-15T07:15:00Z,1,11.98,12.01,12.002895394318474,-0.022895394318473095,lightgbm,delta,fold_2,3h,ppb
2026-08-15T07:30:00Z,1,11.95,12.0,12.004984956599099,-0.05498495659909963,lightgbm,delta,fold_2,3h,ppb
2026-08-15T07:45:00Z,1,11.98,12.08,12.037059604672887,-0.05705960467288662,lightgbm,delta,fold_2,3h,ppb
2026-08-15T08:00:00Z,1,12.03,12.05,12.014473711845133,0.015526288154866563,lightgbm,delta,fold_2,3h,ppb
2026-08-15T08:15:00Z,1,11.94,11.95,12.003342457894586,-0.0633424578945867,lightgbm,delta,fold_2,3h,ppb
2026-08-15T08:30:00Z,1,11.98,12.02,12.002731293478394,-0.022731293478393866,lightgbm,delta,fold_2,3h,ppb
2026-08-15T08:45:00Z,1,12.01,12.01,11.995357539376183,0.014642460623816689,lightgbm,delta,fold_2,3h,ppb
2026-08-15T09:00:00Z,1,12.02,12.02,12.014889379606647,0.0051106203933528604,lightgbm,delta,fold_2,3h,ppb
2026-08-15T09:15:00Z,1,12.03,12.04,12.01915117588781,0.010848824112189348,lightgbm,delta,fold_2,3h,ppb
2026-08-15T09:30:00Z,1,12.06,12.02,12.018414028871524,0.04158597112847673,lightgbm,delta,fold_2,3h,ppb
2026-08-15T09:45:00Z,1,12.05,11.99,12.006345513306826,0.04365448669317473,lightgbm,delta,fold_2,3h,ppb
2026-08-15T10:00:00Z,1,12.02,12.0,12.02290831975853,-0.002908319758530453,lightgbm,delta,fold_2,3h,ppb
2026-08-15T10:15:00Z,1,12.05,11.98,12.009290938284508,0.04070906171549282,lightgbm,delta,fold_2,3h,ppb
2026-08-15T10:30:00Z,1,12.04,11.95,12.03278049197374,0.007219508026258481,lightgbm,delta,fold_2,3h,ppb
2026-08-15T10:45:00Z,1,12.03,11.98,12.009450174622977,0.020549825377022657,lightgbm,delta,fold_2,3h,ppb
2026-08-15T11:00:00Z,1,12.02,12.03,12.02547149014744,-0.005471490147440861,lightgbm,delta,fold_2,3h,ppb
2026-08-15T11:15:00Z,1,12.02,11.94,12.053440463340415,-0.033440463340415505,lightgbm,delta,fold_2,3h,ppb
2026-08-15T11:30:00Z,1,11.97,11.98,12.00880625003094,-0.03880625003093918,lightgbm,delta,fold_2,3h,ppb
2026-08-15T11:45:00Z,1,11.9,12.01,12.033043526565592,-0.13304352656559182,lightgbm,delta,fold_2,3h,ppb
2026-08-15T12:00:00Z,1,11.84,12.02,12.023468095766837,-0.18346809576683754,lightgbm,delta,fold_2,3h,ppb
2026-08-15T12:15:00Z,1,11.92,12.03,12.05094976760969,-0.13094976760969068,lightgbm,delta,fold_2,3h,ppb
2026-08-15T12:30:00Z,1,11.97,12.06,12.062675379145727,-0.09267537914572621,lightgbm,delta,fold_2,3h,ppb
2026-08-15T12:45:00Z,1,12.07,12.05,12.07493496477915,-0.004934964779149453,lightgbm,delta,fold_2,3h,ppb
2026-08-15T13:00:00Z,1,12.17,12.02,12.169571207851805,0.00042879214819535605,lightgbm,delta,fold_2,3h,ppb
2026-08-15T13:15:00Z,1,12.22,12.05,12.146438388979988,0.07356161102001302,lightgbm,delta,fold_2,3h,ppb
2026-08-15T13:30:00Z,1,12.17,12.04,12.133828373244453,0.036171626755546527,lightgbm,delta,fold_2,3h,ppb
2026-08-15T13:45:00Z,1,12.15,12.03,12.1266216524212,0.02337834757880053,lightgbm,delta,fold_2,3h,ppb
2026-08-15T14:00:00Z,1,12.11,12.02,12.121405524972898,-0.011405524972898817,lightgbm,delta,fold_2,3h,ppb
2026-08-15T14:15:00Z,1,12.11,12.02,12.118684840715124,-0.008684840715124764,lightgbm,delta,fold_2,3h,ppb
2026-08-15T14:30:00Z,1,12.09,11.97,12.09630927524306,-0.006309275243060242,lightgbm,delta,fold_2,3h,ppb
2026-08-15T14:45:00Z,1,12.1,11.9,12.086899426354561,0.013100573645438374,lightgbm,delta,fold_2,3h,ppb
2026-08-15T15:00:00Z,1,12.1,11.84,12.048575508669359,0.051424491330640976,lightgbm,delta,fold_2,3h,ppb
2026-08-15T15:15:00Z,1,12.09,11.92,12.104365091767823,-0.014365091767823301,lightgbm,delta,fold_2,3h,ppb
2026-08-15T15:30:00Z,1,12.08,11.97,12.10003724995156,-0.0200372499515602,lightgbm,delta,fold_2,3h,ppb
2026-08-15T15:45:00Z,1,12.06,12.07,12.117259907977381,-0.057259907977380564,lightgbm,delta,fold_2,3h,ppb
2026-08-15T16:00:00Z,1,12.07,12.17,12.103570384323957,-0.03357038432395676,lightgbm,delta,fold_2,3h,ppb
2026-08-15T16:15:00Z,1,12.08,12.22,12.118833019530628,-0.03883301953062812,lightgbm,delta,fold_2,3h,ppb
2026-08-15T16:30:00Z,1,12.07,12.17,12.09392406031244,-0.02392406031244043,lightgbm,delta,fold_2,3h,ppb
2026-08-15T16:45:00Z,1,12.06,12.15,12.078914776015099,-0.018914776015098056,lightgbm,delta,fold_2,3h,ppb
2026-08-15T17:00:00Z,1,12.09,12.11,12.087319172282799,0.0026808277172012396,lightgbm,delta,fold_2,3h,ppb
2026-08-15T17:15:00Z,1,12.08,12.11,12.08613797772423,-0.006137977724229415,lightgbm,delta,fold_2,3h,ppb
2026-08-15T17:30:00Z,1,12.09,12.09,12.079385327723207,0.010614672276792803,lightgbm,delta,fold_2,3h,ppb
2026-08-15T17:45:00Z,1,12.08,12.1,12.077422874187269,0.0025771258127313956,lightgbm,delta,fold_2,3h,ppb
2026-08-15T18:00:00Z,1,12.06,12.1,12.091936799245648,-0.03193679924564741,lightgbm,delta,fold_2,3h,ppb
2026-08-15T18:15:00Z,1,12.06,12.09,12.090007788362646,-0.030007788362645726,lightgbm,delta,fold_2,3h,ppb
2026-08-15T18:30:00Z,1,12.08,12.08,12.089802221488426,-0.009802221488426355,lightgbm,delta,fold_2,3h,ppb
2026-08-15T18:45:00Z,1,12.08,12.06,12.07737617437492,0.0026238256250792347,lightgbm,delta,fold_2,3h,ppb
2026-08-15T19:00:00Z,1,12.08,12.07,12.080339479999083,-0.0003394799990825703,lightgbm,delta,fold_2,3h,ppb
2026-08-15T19:15:00Z,1,12.08,12.08,12.085477288776453,-0.0054772887764524825,lightgbm,delta,fold_2,3h,ppb
2026-08-15T19:30:00Z,1,12.08,12.07,12.086222313253188,-0.006222313253188005,lightgbm,delta,fold_2,3h,ppb
2026-08-15T19:45:00Z,1,12.08,12.06,12.083372530269,-0.0033725302689990855,lightgbm,delta,fold_2,3h,ppb
2026-08-15T20:00:00Z,1,12.09,12.09,12.0816602471914,0.008339752808600664,lightgbm,delta,fold_2,3h,ppb
2026-08-15T20:15:00Z,1,12.09,12.08,12.095278741871534,-0.005278741871533654,lightgbm,delta,fold_2,3h,ppb
2026-08-15T20:30:00Z,1,12.09,12.09,12.085582046058311,0.004417953941688424,lightgbm,delta,fold_2,3h,ppb
2026-08-15T20:45:00Z,1,12.09,12.08,12.084445255835043,0.00555474416495727,lightgbm,delta,fold_2,3h,ppb
2026-08-15T21:00:00Z,1,12.09,12.06,12.081243112674468,0.008756887325532148,lightgbm,delta,fold_2,3h,ppb
2026-08-15T21:15:00Z,1,12.08,12.06,12.079455833736708,0.000544166263292567,lightgbm,delta,fold_2,3h,ppb
2026-08-15T21:30:00Z,1,12.07,12.08,12.083282758471656,-0.013282758471655498,lightgbm,delta,fold_2,3h,ppb
2026-08-15T21:45:00Z,1,12.06,12.08,12.087568503406214,-0.027568503406213196,lightgbm,delta,fold_2,3h,ppb
2026-08-15T22:00:00Z,1,12.08,12.08,12.092729954102111,-0.012729954102111307,lightgbm,delta,fold_2,3h,ppb
2026-08-15T22:15:00Z,1,12.08,12.08,12.089953757607033,-0.009953757607032543,lightgbm,delta,fold_2,3h,ppb
2026-08-15T22:30:00Z,1,12.1,12.08,12.088490915283831,0.011509084716168516,lightgbm,delta,fold_2,3h,ppb
2026-08-15T22:45:00Z,1,12.11,12.08,12.086871475454494,0.023128524545505513,lightgbm,delta,fold_2,3h,ppb
2026-08-15T23:00:00Z,1,12.11,12.09,12.089256522034525,0.02074347796547471,lightgbm,delta,fold_2,3h,ppb
2026-08-15T23:15:00Z,1,12.13,12.09,12.091816214473852,0.038183785526149094,lightgbm,delta,fold_2,3h,ppb
2026-08-15T23:30:00Z,1,12.14,12.09,12.090306924693088,0.04969307530691225,lightgbm,delta,fold_2,3h,ppb
2026-08-15T23:45:00Z,1,12.11,12.09,12.08967409410916,0.02032590589083938,lightgbm,delta,fold_2,3h,ppb
2026-08-16T00:00:00Z,1,12.11,12.09,12.09,0.019999999999999574,persistence,absolute,fold_3,3h,ppb
2026-08-16T00:15:00Z,1,12.11,12.08,12.08,0.02999999999999936,persistence,absolute,fold_3,3h,ppb
2026-08-16T00:30:00Z,1,12.13,12.07,12.07,0.0600000000000005,persistence,absolute,fold_3,3h,ppb
2026-08-16T00:45:00Z,1,12.11,12.06,12.06,0.049999999999998934,persistence,absolute,fold_3,3h,ppb
2026-08-16T01:00:00Z,1,12.09,12.08,12.08,0.009999999999999787,persistence,absolute,fold_3,3h,ppb
2026-08-16T01:15:00Z,1,12.09,12.08,12.08,0.009999999999999787,persistence,absolute,fold_3,3h,ppb
2026-08-16T01:30:00Z,1,12.1,12.1,12.1,0.0,persistence,absolute,fold_3,3h,ppb
2026-08-16T01:45:00Z,1,12.11,12.11,12.11,0.0,persistence,absolute,fold_3,3h,ppb
2026-08-16T02:00:00Z,1,12.06,12.11,12.11,-0.049999999999998934,persistence,absolute,fold_3,3h,ppb
2026-08-16T02:15:00Z,1,12.03,12.13,12.13,-0.10000000000000142,persistence,absolute,fold_3,3h,ppb
2026-08-16T02:30:00Z,1,12.03,12.14,12.14,-0.11000000000000121,persistence,absolute,fold_3,3h,ppb
2026-08-16T02:45:00Z,1,12.0,12.11,12.11,-0.10999999999999943,persistence,absolute,fold_3,3h,ppb
2026-08-16T03:00:00Z,1,12.08,12.11,12.11,-0.02999999999999936,persistence,absolute,fold_3,3h,ppb
2026-08-16T03:15:00Z,1,12.03,12.11,12.11,-0.08000000000000007,persistence,absolute,fold_3,3h,ppb
2026-08-16T03:30:00Z,1,12.09,12.13,12.13,-0.040000000000000924,persistence,absolute,fold_3,3h,ppb
2026-08-16T03:45:00Z,1,12.05,12.11,12.11,-0.05999999999999872,persistence,absolute,fold_3,3h,ppb
2026-08-16T04:00:00Z,1,12.02,12.09,12.09,-0.07000000000000028,persistence,absolute,fold_3,3h,ppb
2026-08-16T04:15:00Z,1,12.12,12.09,12.09,0.02999999999999936,persistence,absolute,fold_3,3h,ppb
2026-08-16T04:30:00Z,1,12.07,12.1,12.1,-0.02999999999999936,persistence,absolute,fold_3,3h,ppb
2026-08-16T04:45:00Z,1,12.26,12.11,12.11,0.15000000000000036,persistence,absolute,fold_3,3h,ppb
2026-08-16T05:00:00Z,1,12.2,12.06,12.06,0.1399999999999988,persistence,absolute,fold_3,3h,ppb
2026-08-16T05:15:00Z,1,12.1,12.03,12.03,0.07000000000000028,persistence,absolute,fold_3,3h,ppb
2026-08-16T05:30:00Z,1,12.11,12.03,12.03,0.08000000000000007,persistence,absolute,fold_3,3h,ppb
2026-08-16T05:45:00Z,1,12.14,12.0,12.0,0.14000000000000057,persistence,absolute,fold_3,3h,ppb
2026-08-16T06:00:00Z,1,12.3,12.08,12.08,0.22000000000000064,persistence,absolute,fold_3,3h,ppb
2026-08-16T06:15:00Z,1,12.36,12.03,12.03,0.33000000000000007,persistence,absolute,fold_3,3h,ppb
2026-08-16T06:30:00Z,1,12.35,12.09,12.09,0.2599999999999998,persistence,absolute,fold_3,3h,ppb
2026-08-16T06:45:00Z,1,12.35,12.05,12.05,0.29999999999999893,persistence,absolute,fold_3,3h,ppb
2026-08-16T07:00:00Z,1,12.34,12.02,12.02,0.3200000000000003,persistence,absolute,fold_3,3h,ppb
2026-08-16T07:15:00Z,1,12.33,12.12,12.12,0.21000000000000085,persistence,absolute,fold_3,3h,ppb
2026-08-16T07:30:00Z,1,12.27,12.07,12.07,0.1999999999999993,persistence,absolute,fold_3,3h,ppb
2026-08-16T07:45:00Z,1,12.21,12.26,12.26,-0.049999999999998934,persistence,absolute,fold_3,3h,ppb
2026-08-16T08:00:00Z,1,12.1,12.2,12.2,-0.09999999999999964,persistence,absolute,fold_3,3h,ppb
2026-08-16T08:15:00Z,1,12.11,12.1,12.1,0.009999999999999787,persistence,absolute,fold_3,3h,ppb
2026-08-16T08:30:00Z,1,12.17,12.11,12.11,0.0600000000000005,persistence,absolute,fold_3,3h,ppb
2026-08-16T08:45:00Z,1,12.2,12.14,12.14,0.05999999999999872,persistence,absolute,fold_3,3h,ppb
2026-08-16T09:00:00Z,1,12.22,12.3,12.3,-0.08000000000000007,persistence,absolute,fold_3,3h,ppb
2026-08-16T09:15:00Z,1,12.21,12.36,12.36,-0.14999999999999858,persistence,absolute,fold_3,3h,ppb
2026-08-16T09:30:00Z,1,12.15,12.35,12.35,-0.1999999999999993,persistence,absolute,fold_3,3h,ppb
2026-08-16T09:45:00Z,1,12.17,12.35,12.35,-0.17999999999999972,persistence,absolute,fold_3,3h,ppb
2026-08-16T10:00:00Z,1,12.19,12.34,12.34,-0.15000000000000036,persistence,absolute,fold_3,3h,ppb
2026-08-16T10:15:00Z,1,12.16,12.33,12.33,-0.16999999999999993,persistence,absolute,fold_3,3h,ppb
2026-08-16T10:30:00Z,1,12.22,12.27,12.27,-0.049999999999998934,persistence,absolute,fold_3,3h,ppb
2026-08-16T10:45:00Z,1,12.16,12.21,12.21,-0.05000000000000071,persistence,absolute,fold_3,3h,ppb
2026-08-16T11:00:00Z,1,12.18,12.1,12.1,0.08000000000000007,persistence,absolute,fold_3,3h,ppb
2026-08-16T11:15:00Z,1,12.2,12.11,12.11,0.08999999999999986,persistence,absolute,fold_3,3h,ppb
2026-08-16T11:30:00Z,1,12.29,12.17,12.17,0.11999999999999922,persistence,absolute,fold_3,3h,ppb
2026-08-16T11:45:00Z,1,12.16,12.2,12.2,-0.03999999999999915,persistence,absolute,fold_3,3h,ppb
2026-08-16T12:00:00Z,1,12.28,12.22,12.22,0.05999999999999872,persistence,absolute,fold_3,3h,ppb
2026-08-16T12:15:00Z,1,12.19,12.21,12.21,-0.02000000000000135,persistence,absolute,fold_3,3h,ppb
2026-08-16T12:30:00Z,1,12.08,12.15,12.15,-0.07000000000000028,persistence,absolute,fold_3,3h,ppb
2026-08-16T12:45:00Z,1,12.16,12.17,12.17,-0.009999999999999787,persistence,absolute,fold_3,3h,ppb
2026-08-16T13:00:00Z,1,12.3,12.19,12.19,0.11000000000000121,persistence,absolute,fold_3,3h,ppb
2026-08-16T13:15:00Z,1,12.38,12.16,12.16,0.22000000000000064,persistence,absolute,fold_3,3h,ppb
2026-08-16T13:30:00Z,1,12.34,12.22,12.22,0.11999999999999922,persistence,absolute,fold_3,3h,ppb
2026-08-16T13:45:00Z,1,12.31,12.16,12.16,0.15000000000000036,persistence,absolute,fold_3,3h,ppb
2026-08-16T14:00:00Z,1,12.22,12.18,12.18,0.040000000000000924,persistence,absolute,fold_3,3h,ppb
2026-08-16T14:15:00Z,1,12.16,12.2,12.2,-0.03999999999999915,persistence,absolute,fold_3,3h,ppb
2026-08-16T14:30:00Z,1,12.13,12.29,12.29,-0.15999999999999837,persistence,absolute,fold_3,3h,ppb
2026-08-16T14:45:00Z,1,12.1,12.16,12.16,-0.0600000000000005,persistence,absolute,fold_3,3h,ppb
2026-08-16T15:00:00Z,1,12.1,12.28,12.28,-0.17999999999999972,persistence,absolute,fold_3,3h,ppb
2026-08-16T15:15:00Z,1,12.1,12.19,12.19,-0.08999999999999986,persistence,absolute,fold_3,3h,ppb
2026-08-16T15:30:00Z,1,12.08,12.08,12.08,0.0,persistence,absolute,fold_3,3h,ppb
2026-08-16T15:45:00Z,1,12.07,12.16,12.16,-0.08999999999999986,persistence,absolute,fold_3,3h,ppb
2026-08-16T16:00:00Z,1,12.07,12.3,12.3,-0.23000000000000043,persistence,absolute,fold_3,3h,ppb
2026-08-16T16:15:00Z,1,12.08,12.38,12.38,-0.3000000000000007,persistence,absolute,fold_3,3h,ppb
2026-08-16T16:30:00Z,1,12.07,12.34,12.34,-0.2699999999999996,persistence,absolute,fold_3,3h,ppb
2026-08-16T16:45:00Z,1,12.08,12.31,12.31,-0.23000000000000043,persistence,absolute,fold_3,3h,ppb
2026-08-16T17:00:00Z,1,12.08,12.22,12.22,-0.14000000000000057,persistence,absolute,fold_3,3h,ppb
2026-08-16T17:15:00Z,1,12.09,12.16,12.16,-0.07000000000000028,persistence,absolute,fold_3,3h,ppb
2026-08-16T17:30:00Z,1,12.09,12.13,12.13,-0.040000000000000924,persistence,absolute,fold_3,3h,ppb
2026-08-16T17:45:00Z,1,12.07,12.1,12.1,-0.02999999999999936,persistence,absolute,fold_3,3h,ppb
2026-08-16T18:00:00Z,1,12.08,12.1,12.1,-0.019999999999999574,persistence,absolute,fold_3,3h,ppb
2026-08-16T18:15:00Z,1,12.08,12.1,12.1,-0.019999999999999574,persistence,absolute,fold_3,3h,ppb
2026-08-16T18:30:00Z,1,12.06,12.08,12.08,-0.019999999999999574,persistence,absolute,fold_3,3h,ppb
2026-08-16T18:45:00Z,1,12.07,12.07,12.07,0.0,persistence,absolute,fold_3,3h,ppb
2026-08-16T19:00:00Z,1,12.07,12.07,12.07,0.0,persistence,absolute,fold_3,3h,ppb
2026-08-16T19:15:00Z,1,12.08,12.08,12.08,0.0,persistence,absolute,fold_3,3h,ppb
2026-08-16T19:30:00Z,1,12.09,12.07,12.07,0.019999999999999574,persistence,absolute,fold_3,3h,ppb
2026-08-16T19:45:00Z,1,12.08,12.08,12.08,0.0,persistence,absolute,fold_3,3h,ppb
2026-08-16T20:00:00Z,1,12.07,12.08,12.08,-0.009999999999999787,persistence,absolute,fold_3,3h,ppb
2026-08-16T20:15:00Z,1,12.07,12.09,12.09,-0.019999999999999574,persistence,absolute,fold_3,3h,ppb
2026-08-16T20:30:00Z,1,12.07,12.09,12.09,-0.019999999999999574,persistence,absolute,fold_3,3h,ppb
2026-08-16T20:45:00Z,1,12.08,12.07,12.07,0.009999999999999787,persistence,absolute,fold_3,3h,ppb
2026-08-16T21:00:00Z,1,12.07,12.08,12.08,-0.009999999999999787,persistence,absolute,fold_3,3h,ppb
2026-08-16T21:15:00Z,1,12.08,12.08,12.08,0.0,persistence,absolute,fold_3,3h,ppb
2026-08-16T21:30:00Z,1,12.09,12.06,12.06,0.02999999999999936,persistence,absolute,fold_3,3h,ppb
2026-08-16T21:45:00Z,1,12.1,12.07,12.07,0.02999999999999936,persistence,absolute,fold_3,3h,ppb
2026-08-16T22:00:00Z,1,12.09,12.07,12.07,0.019999999999999574,persistence,absolute,fold_3,3h,ppb
2026-08-16T22:15:00Z,1,12.09,12.08,12.08,0.009999999999999787,persistence,absolute,fold_3,3h,ppb
2026-08-16T22:30:00Z,1,12.13,12.09,12.09,0.040000000000000924,persistence,absolute,fold_3,3h,ppb
2026-08-16T22:45:00Z,1,12.12,12.08,12.08,0.03999999999999915,persistence,absolute,fold_3,3h,ppb
2026-08-16T23:00:00Z,1,12.1,12.07,12.07,0.02999999999999936,persistence,absolute,fold_3,3h,ppb
2026-08-16T23:15:00Z,1,12.12,12.07,12.07,0.049999999999998934,persistence,absolute,fold_3,3h,ppb
2026-08-16T23:30:00Z,1,12.12,12.07,12.07,0.049999999999998934,persistence,absolute,fold_3,3h,ppb
2026-08-16T23:45:00Z,1,12.13,12.08,12.08,0.05000000000000071,persistence,absolute,fold_3,3h,ppb
2026-08-17T00:00:00Z,1,12.12,12.07,12.07,0.049999999999998934,persistence,absolute,fold_3,3h,ppb
2026-08-17T00:15:00Z,1,12.11,12.08,12.08,0.02999999999999936,persistence,absolute,fold_3,3h,ppb
2026-08-17T00:30:00Z,1,12.11,12.09,12.09,0.019999999999999574,persistence,absolute,fold_3,3h,ppb
2026-08-17T00:45:00Z,1,12.09,12.1,12.1,-0.009999999999999787,persistence,absolute,fold_3,3h,ppb
2026-08-17T01:00:00Z,1,12.11,12.09,12.09,0.019999999999999574,persistence,absolute,fold_3,3h,ppb
2026-08-17T01:15:00Z,1,12.09,12.09,12.09,0.0,persistence,absolute,fold_3,3h,ppb
2026-08-17T01:30:00Z,1,12.08,12.13,12.13,-0.05000000000000071,persistence,absolute,fold_3,3h,ppb
2026-08-17T01:45:00Z,1,12.09,12.12,12.12,-0.02999999999999936,persistence,absolute,fold_3,3h,ppb
2026-08-17T02:00:00Z,1,12.09,12.1,12.1,-0.009999999999999787,persistence,absolute,fold_3,3h,ppb
2026-08-17T02:15:00Z,1,12.08,12.12,12.12,-0.03999999999999915,persistence,absolute,fold_3,3h,ppb
2026-08-17T02:30:00Z,1,12.01,12.12,12.12,-0.10999999999999943,persistence,absolute,fold_3,3h,ppb
2026-08-17T02:45:00Z,1,12.01,12.13,12.13,-0.120000000000001,persistence,absolute,fold_3,3h,ppb
2026-08-17T03:00:00Z,1,12.07,12.12,12.12,-0.049999999999998934,persistence,absolute,fold_3,3h,ppb
2026-08-17T03:15:00Z,1,11.99,12.11,12.11,-0.11999999999999922,persistence,absolute,fold_3,3h,ppb
2026-08-17T03:30:00Z,1,11.99,12.11,12.11,-0.11999999999999922,persistence,absolute,fold_3,3h,ppb
2026-08-17T03:45:00Z,1,12.01,12.09,12.09,-0.08000000000000007,persistence,absolute,fold_3,3h,ppb
2026-08-17T04:00:00Z,1,12.09,12.11,12.11,-0.019999999999999574,persistence,absolute,fold_3,3h,ppb
2026-08-17T04:15:00Z,1,12.0,12.09,12.09,-0.08999999999999986,persistence,absolute,fold_3,3h,ppb
2026-08-17T04:30:00Z,1,11.98,12.08,12.08,-0.09999999999999964,persistence,absolute,fold_3,3h,ppb
2026-08-17T04:45:00Z,1,11.98,12.09,12.09,-0.10999999999999943,persistence,absolute,fold_3,3h,ppb
2026-08-17T05:00:00Z,1,11.99,12.09,12.09,-0.09999999999999964,persistence,absolute,fold_3,3h,ppb
2026-08-17T05:15:00Z,1,12.03,12.08,12.08,-0.05000000000000071,persistence,absolute,fold_3,3h,ppb
2026-08-17T05:30:00Z,1,12.06,12.01,12.01,0.05000000000000071,persistence,absolute,fold_3,3h,ppb
2026-08-17T05:45:00Z,1,12.04,12.01,12.01,0.02999999999999936,persistence,absolute,fold_3,3h,ppb
2026-08-17T06:00:00Z,1,11.98,12.07,12.07,-0.08999999999999986,persistence,absolute,fold_3,3h,ppb
2026-08-17T06:15:00Z,1,12.05,11.99,11.99,0.0600000000000005,persistence,absolute,fold_3,3h,ppb
2026-08-17T06:30:00Z,1,12.05,11.99,11.99,0.0600000000000005,persistence,absolute,fold_3,3h,ppb
2026-08-17T06:45:00Z,1,12.07,12.01,12.01,0.0600000000000005,persistence,absolute,fold_3,3h,ppb
2026-08-17T07:00:00Z,1,11.99,12.09,12.09,-0.09999999999999964,persistence,absolute,fold_3,3h,ppb
2026-08-17T07:15:00Z,1,12.02,12.0,12.0,0.019999999999999574,persistence,absolute,fold_3,3h,ppb
2026-08-17T07:30:00Z,1,12.07,11.98,11.98,0.08999999999999986,persistence,absolute,fold_3,3h,ppb
2026-08-17T07:45:00Z,1,12.06,11.98,11.98,0.08000000000000007,persistence,absolute,fold_3,3h,ppb
2026-08-17T08:00:00Z,1,12.01,11.99,11.99,0.019999999999999574,persistence,absolute,fold_3,3h,ppb
2026-08-17T08:15:00Z,1,12.05,12.03,12.03,0.02000000000000135,persistence,absolute,fold_3,3h,ppb
2026-08-17T08:30:00Z,1,12.09,12.06,12.06,0.02999999999999936,persistence,absolute,fold_3,3h,ppb
2026-08-17T08:45:00Z,1,12.02,12.04,12.04,-0.019999999999999574,persistence,absolute,fold_3,3h,ppb
2026-08-17T09:00:00Z,1,12.05,11.98,11.98,0.07000000000000028,persistence,absolute,fold_3,3h,ppb
2026-08-17T09:15:00Z,1,12.03,12.05,12.05,-0.02000000000000135,persistence,absolute,fold_3,3h,ppb
2026-08-17T09:30:00Z,1,12.02,12.05,12.05,-0.030000000000001137,persistence,absolute,fold_3,3h,ppb
2026-08-17T09:45:00Z,1,12.04,12.07,12.07,-0.030000000000001137,persistence,absolute,fold_3,3h,ppb
2026-08-17T10:00:00Z,1,12.0,11.99,11.99,0.009999999999999787,persistence,absolute,fold_3,3h,ppb
2026-08-17T10:15:00Z,1,12.0,12.02,12.02,-0.019999999999999574,persistence,absolute,fold_3,3h,ppb
2026-08-17T10:30:00Z,1,12.0,12.07,12.07,-0.07000000000000028,persistence,absolute,fold_3,3h,ppb
2026-08-17T10:45:00Z,1,12.02,12.06,12.06,-0.040000000000000924,persistence,absolute,fold_3,3h,ppb
2026-08-17T11:00:00Z,1,12.02,12.01,12.01,0.009999999999999787,persistence,absolute,fold_3,3h,ppb
2026-08-17T11:15:00Z,1,12.05,12.05,12.05,0.0,persistence,absolute,fold_3,3h,ppb
2026-08-17T11:30:00Z,1,12.08,12.09,12.09,-0.009999999999999787,persistence,absolute,fold_3,3h,ppb
2026-08-17T11:45:00Z,1,12.03,12.02,12.02,0.009999999999999787,persistence,absolute,fold_3,3h,ppb
2026-08-17T12:00:00Z,1,11.99,12.05,12.05,-0.0600000000000005,persistence,absolute,fold_3,3h,ppb
2026-08-17T12:15:00Z,1,12.01,12.03,12.03,-0.019999999999999574,persistence,absolute,fold_3,3h,ppb
2026-08-17T12:30:00Z,1,11.98,12.02,12.02,-0.03999999999999915,persistence,absolute,fold_3,3h,ppb
2026-08-17T12:45:00Z,1,12.13,12.04,12.04,0.09000000000000163,persistence,absolute,fold_3,3h,ppb
2026-08-17T13:00:00Z,1,12.1,12.0,12.0,0.09999999999999964,persistence,absolute,fold_3,3h,ppb
2026-08-17T13:15:00Z,1,12.15,12.0,12.0,0.15000000000000036,persistence,absolute,fold_3,3h,ppb
2026-08-17T13:30:00Z,1,12.16,12.0,12.0,0.16000000000000014,persistence,absolute,fold_3,3h,ppb
2026-08-17T13:45:00Z,1,12.14,12.02,12.02,0.120000000000001,persistence,absolute,fold_3,3h,ppb
2026-08-17T14:00:00Z,1,12.14,12.02,12.02,0.120000000000001,persistence,absolute,fold_3,3h,ppb
2026-08-17T14:15:00Z,1,12.12,12.05,12.05,0.06999999999999851,persistence,absolute,fold_3,3h,ppb
2026-08-17T14:30:00Z,1,12.12,12.08,12.08,0.03999999999999915,persistence,absolute,fold_3,3h,ppb
2026-08-17T14:45:00Z,1,12.11,12.03,12.03,0.08000000000000007,persistence,absolute,fold_3,3h,ppb
2026-08-17T15:00:00Z,1,12.11,11.99,11.99,0.11999999999999922,persistence,absolute,fold_3,3h,ppb
2026-08-17T15:15:00Z,1,12.09,12.01,12.01,0.08000000000000007,persistence,absolute,fold_3,3h,ppb
2026-08-17T15:30:00Z,1,12.11,11.98,11.98,0.129999999999999,persistence,absolute,fold_3,3h,ppb
2026-08-17T15:45:00Z,1,12.1,12.13,12.13,-0.030000000000001137,persistence,absolute,fold_3,3h,ppb
2026-08-17T16:00:00Z,1,12.11,12.1,12.1,0.009999999999999787,persistence,absolute,fold_3,3h,ppb
2026-08-17T16:15:00Z,1,12.11,12.15,12.15,-0.040000000000000924,persistence,absolute,fold_3,3h,ppb
2026-08-17T16:30:00Z,1,12.1,12.16,12.16,-0.0600000000000005,persistence,absolute,fold_3,3h,ppb
2026-08-17T16:45:00Z,1,12.1,12.14,12.14,-0.040000000000000924,persistence,absolute,fold_3,3h,ppb
2026-08-17T17:00:00Z,1,12.1,12.14,12.14,-0.040000000000000924,persistence,absolute,fold_3,3h,ppb
2026-08-17T17:15:00Z,1,12.09,12.12,12.12,-0.02999999999999936,persistence,absolute,fold_3,3h,ppb
2026-08-17T17:30:00Z,1,12.07,12.12,12.12,-0.049999999999998934,persistence,absolute,fold_3,3h,ppb
2026-08-17T17:45:00Z,1,12.09,12.11,12.11,-0.019999999999999574,persistence,absolute,fold_3,3h,ppb
2026-08-17T18:00:00Z,1,12.08,12.11,12.11,-0.02999999999999936,persistence,absolute,fold_3,3h,ppb
2026-08-17T18:15:00Z,1,12.1,12.09,12.09,0.009999999999999787,persistence,absolute,fold_3,3h,ppb
2026-08-17T18:30:00Z,1,12.12,12.11,12.11,0.009999999999999787,persistence,absolute,fold_3,3h,ppb
2026-08-17T18:45:00Z,1,12.13,12.1,12.1,0.030000000000001137,persistence,absolute,fold_3,3h,ppb
2026-08-17T19:00:00Z,1,12.13,12.11,12.11,0.02000000000000135,persistence,absolute,fold_3,3h,ppb
2026-08-17T19:15:00Z,1,12.13,12.11,12.11,0.02000000000000135,persistence,absolute,fold_3,3h,ppb
2026-08-17T19:30:00Z,1,12.14,12.1,12.1,0.040000000000000924,persistence,absolute,fold_3,3h,ppb
2026-08-17T19:45:00Z,1,12.13,12.1,12.1,0.030000000000001137,persistence,absolute,fold_3,3h,ppb
2026-08-17T20:00:00Z,1,12.11,12.1,12.1,0.009999999999999787,persistence,absolute,fold_3,3h,ppb
2026-08-17T20:15:00Z,1,12.12,12.09,12.09,0.02999999999999936,persistence,absolute,fold_3,3h,ppb
2026-08-17T20:30:00Z,1,12.12,12.07,12.07,0.049999999999998934,persistence,absolute,fold_3,3h,ppb
2026-08-17T20:45:00Z,1,12.12,12.09,12.09,0.02999999999999936,persistence,absolute,fold_3,3h,ppb
2026-08-17T21:00:00Z,1,12.11,12.08,12.08,0.02999999999999936,persistence,absolute,fold_3,3h,ppb
2026-08-17T21:15:00Z,1,12.1,12.1,12.1,0.0,persistence,absolute,fold_3,3h,ppb
2026-08-17T21:30:00Z,1,12.1,12.12,12.12,-0.019999999999999574,persistence,absolute,fold_3,3h,ppb
2026-08-17T21:45:00Z,1,12.1,12.13,12.13,-0.030000000000001137,persistence,absolute,fold_3,3h,ppb
2026-08-17T22:00:00Z,1,12.12,12.13,12.13,-0.010000000000001563,persistence,absolute,fold_3,3h,ppb
2026-08-17T22:15:00Z,1,12.11,12.13,12.13,-0.02000000000000135,persistence,absolute,fold_3,3h,ppb
2026-08-17T22:30:00Z,1,12.1,12.14,12.14,-0.040000000000000924,persistence,absolute,fold_3,3h,ppb
2026-08-17T22:45:00Z,1,12.1,12.13,12.13,-0.030000000000001137,persistence,absolute,fold_3,3h,ppb
2026-08-17T23:00:00Z,1,12.13,12.11,12.11,0.02000000000000135,persistence,absolute,fold_3,3h,ppb
2026-08-17T23:15:00Z,1,12.11,12.12,12.12,-0.009999999999999787,persistence,absolute,fold_3,3h,ppb
2026-08-17T23:30:00Z,1,12.11,12.12,12.12,-0.009999999999999787,persistence,absolute,fold_3,3h,ppb
2026-08-17T23:45:00Z,1,12.11,12.12,12.12,-0.009999999999999787,persistence,absolute,fold_3,3h,ppb
2026-08-18T00:00:00Z,1,12.11,12.11,12.11,0.0,persistence,absolute,fold_3,3h,ppb
2026-08-18T00:15:00Z,1,12.11,12.1,12.1,0.009999999999999787,persistence,absolute,fold_3,3h,ppb
2026-08-18T00:30:00Z,1,12.11,12.1,12.1,0.009999999999999787,persistence,absolute,fold_3,3h,ppb
2026-08-18T00:45:00Z,1,12.11,12.1,12.1,0.009999999999999787,persistence,absolute,fold_3,3h,ppb
2026-08-18T01:00:00Z,1,12.11,12.12,12.12,-0.009999999999999787,persistence,absolute,fold_3,3h,ppb
2026-08-18T01:15:00Z,1,12.13,12.11,12.11,0.02000000000000135,persistence,absolute,fold_3,3h,ppb
2026-08-18T01:30:00Z,1,12.14,12.1,12.1,0.040000000000000924,persistence,absolute,fold_3,3h,ppb
2026-08-18T01:45:00Z,1,12.08,12.1,12.1,-0.019999999999999574,persistence,absolute,fold_3,3h,ppb
2026-08-18T02:00:00Z,1,12.09,12.13,12.13,-0.040000000000000924,persistence,absolute,fold_3,3h,ppb
2026-08-18T02:15:00Z,1,12.07,12.11,12.11,-0.03999999999999915,persistence,absolute,fold_3,3h,ppb
2026-08-18T02:30:00Z,1,12.09,12.11,12.11,-0.019999999999999574,persistence,absolute,fold_3,3h,ppb
2026-08-18T02:45:00Z,1,12.09,12.11,12.11,-0.019999999999999574,persistence,absolute,fold_3,3h,ppb
2026-08-18T03:00:00Z,1,12.05,12.11,12.11,-0.05999999999999872,persistence,absolute,fold_3,3h,ppb
2026-08-18T03:15:00Z,1,12.04,12.11,12.11,-0.07000000000000028,persistence,absolute,fold_3,3h,ppb
2026-08-18T03:30:00Z,1,12.04,12.11,12.11,-0.07000000000000028,persistence,absolute,fold_3,3h,ppb
2026-08-18T03:45:00Z,1,12.04,12.11,12.11,-0.07000000000000028,persistence,absolute,fold_3,3h,ppb
2026-08-18T04:00:00Z,1,12.07,12.11,12.11,-0.03999999999999915,persistence,absolute,fold_3,3h,ppb
2026-08-18T04:15:00Z,1,12.05,12.13,12.13,-0.08000000000000007,persistence,absolute,fold_3,3h,ppb
2026-08-18T04:30:00Z,1,12.02,12.14,12.14,-0.120000000000001,persistence,absolute,fold_3,3h,ppb
2026-08-18T04:45:00Z,1,12.09,12.08,12.08,0.009999999999999787,persistence,absolute,fold_3,3h,ppb
2026-08-18T05:00:00Z,1,12.06,12.09,12.09,-0.02999999999999936,persistence,absolute,fold_3,3h,ppb
2026-08-18T05:15:00Z,1,12.02,12.07,12.07,-0.05000000000000071,persistence,absolute,fold_3,3h,ppb
2026-08-18T05:30:00Z,1,12.07,12.09,12.09,-0.019999999999999574,persistence,absolute,fold_3,3h,ppb
2026-08-18T05:45:00Z,1,12.08,12.09,12.09,-0.009999999999999787,persistence,absolute,fold_3,3h,ppb
2026-08-18T06:00:00Z,1,12.06,12.05,12.05,0.009999999999999787,persistence,absolute,fold_3,3h,ppb
2026-08-18T06:15:00Z,1,11.99,12.04,12.04,-0.049999999999998934,persistence,absolute,fold_3,3h,ppb
2026-08-18T06:30:00Z,1,11.99,12.04,12.04,-0.049999999999998934,persistence,absolute,fold_3,3h,ppb
2026-08-18T06:45:00Z,1,12.01,12.04,12.04,-0.02999999999999936,persistence,absolute,fold_3,3h,ppb
2026-08-18T07:00:00Z,1,12.0,12.07,12.07,-0.07000000000000028,persistence,absolute,fold_3,3h,ppb
2026-08-18T07:15:00Z,1,12.1,12.05,12.05,0.049999999999998934,persistence,absolute,fold_3,3h,ppb
2026-08-18T07:30:00Z,1,12.02,12.02,12.02,0.0,persistence,absolute,fold_3,3h,ppb
2026-08-18T07:45:00Z,1,11.99,12.09,12.09,-0.09999999999999964,persistence,absolute,fold_3,3h,ppb
2026-08-18T08:00:00Z,1,12.02,12.06,12.06,-0.040000000000000924,persistence,absolute,fold_3,3h,ppb
2026-08-18T08:15:00Z,1,12.02,12.02,12.02,0.0,persistence,absolute,fold_3,3h,ppb
2026-08-18T08:30:00Z,1,12.02,12.07,12.07,-0.05000000000000071,persistence,absolute,fold_3,3h,ppb
2026-08-18T08:45:00Z,1,12.02,12.08,12.08,-0.0600000000000005,persistence,absolute,fold_3,3h,ppb
2026-08-18T09:00:00Z,1,12.0,12.06,12.06,-0.0600000000000005,persistence,absolute,fold_3,3h,ppb
2026-08-18T09:15:00Z,1,12.01,11.99,11.99,0.019999999999999574,persistence,absolute,fold_3,3h,ppb
2026-08-18T09:30:00Z,1,12.02,11.99,11.99,0.02999999999999936,persistence,absolute,fold_3,3h,ppb
2026-08-18T09:45:00Z,1,12.01,12.01,12.01,0.0,persistence,absolute,fold_3,3h,ppb
2026-08-18T10:00:00Z,1,12.03,12.0,12.0,0.02999999999999936,persistence,absolute,fold_3,3h,ppb
2026-08-18T10:15:00Z,1,12.05,12.1,12.1,-0.049999999999998934,persistence,absolute,fold_3,3h,ppb
2026-08-18T10:30:00Z,1,12.03,12.02,12.02,0.009999999999999787,persistence,absolute,fold_3,3h,ppb
2026-08-18T10:45:00Z,1,12.05,11.99,11.99,0.0600000000000005,persistence,absolute,fold_3,3h,ppb
2026-08-18T11:00:00Z,1,12.07,12.02,12.02,0.05000000000000071,persistence,absolute,fold_3,3h,ppb
2026-08-18T11:15:00Z,1,12.07,12.02,12.02,0.05000000000000071,persistence,absolute,fold_3,3h,ppb
2026-08-18T11:30:00Z,1,11.99,12.02,12.02,-0.02999999999999936,persistence,absolute,fold_3,3h,ppb
2026-08-18T11:45:00Z,1,11.94,12.02,12.02,-0.08000000000000007,persistence,absolute,fold_3,3h,ppb
2026-08-18T12:00:00Z,1,11.89,12.0,12.0,-0.10999999999999943,persistence,absolute,fold_3,3h,ppb
2026-08-18T12:15:00Z,1,11.98,12.01,12.01,-0.02999999999999936,persistence,absolute,fold_3,3h,ppb
2026-08-18T12:30:00Z,1,12.02,12.02,12.02,0.0,persistence,absolute,fold_3,3h,ppb
2026-08-18T12:45:00Z,1,12.05,12.01,12.01,0.040000000000000924,persistence,absolute,fold_3,3h,ppb
2026-08-18T13:00:00Z,1,12.13,12.03,12.03,0.10000000000000142,persistence,absolute,fold_3,3h,ppb
2026-08-18T13:15:00Z,1,12.22,12.05,12.05,0.16999999999999993,persistence,absolute,fold_3,3h,ppb
2026-08-18T13:30:00Z,1,12.18,12.03,12.03,0.15000000000000036,persistence,absolute,fold_3,3h,ppb
2026-08-18T13:45:00Z,1,12.14,12.05,12.05,0.08999999999999986,persistence,absolute,fold_3,3h,ppb
2026-08-18T14:00:00Z,1,12.13,12.07,12.07,0.0600000000000005,persistence,absolute,fold_3,3h,ppb
2026-08-18T14:15:00Z,1,12.12,12.07,12.07,0.049999999999998934,persistence,absolute,fold_3,3h,ppb
2026-08-18T14:30:00Z,1,12.1,11.99,11.99,0.10999999999999943,persistence,absolute,fold_3,3h,ppb
2026-08-18T14:45:00Z,1,12.1,11.94,11.94,0.16000000000000014,persistence,absolute,fold_3,3h,ppb
2026-08-18T15:00:00Z,1,12.1,11.89,11.89,0.20999999999999908,persistence,absolute,fold_3,3h,ppb
2026-08-18T15:15:00Z,1,12.08,11.98,11.98,0.09999999999999964,persistence,absolute,fold_3,3h,ppb
2026-08-18T15:30:00Z,1,12.08,12.02,12.02,0.0600000000000005,persistence,absolute,fold_3,3h,ppb
2026-08-18T15:45:00Z,1,12.09,12.05,12.05,0.03999999999999915,persistence,absolute,fold_3,3h,ppb
2026-08-18T16:00:00Z,1,12.1,12.13,12.13,-0.030000000000001137,persistence,absolute,fold_3,3h,ppb
2026-08-18T16:15:00Z,1,12.1,12.22,12.22,-0.120000000000001,persistence,absolute,fold_3,3h,ppb
2026-08-18T16:30:00Z,1,12.11,12.18,12.18,-0.07000000000000028,persistence,absolute,fold_3,3h,ppb
2026-08-18T16:45:00Z,1,12.1,12.14,12.14,-0.040000000000000924,persistence,absolute,fold_3,3h,ppb
2026-08-18T17:00:00Z,1,12.1,12.13,12.13,-0.030000000000001137,persistence,absolute,fold_3,3h,ppb
2026-08-18T17:15:00Z,1,12.1,12.12,12.12,-0.019999999999999574,persistence,absolute,fold_3,3h,ppb
2026-08-18T17:30:00Z,1,12.08,12.1,12.1,-0.019999999999999574,persistence,absolute,fold_3,3h,ppb
2026-08-18T17:45:00Z,1,12.07,12.1,12.1,-0.02999999999999936,persistence,absolute,fold_3,3h,ppb
2026-08-18T18:00:00Z,1,12.08,12.1,12.1,-0.019999999999999574,persistence,absolute,fold_3,3h,ppb
2026-08-18T18:15:00Z,1,12.09,12.08,12.08,0.009999999999999787,persistence,absolute,fold_3,3h,ppb
2026-08-18T18:30:00Z,1,12.08,12.08,12.08,0.0,persistence,absolute,fold_3,3h,ppb
2026-08-18T18:45:00Z,1,12.08,12.09,12.09,-0.009999999999999787,persistence,absolute,fold_3,3h,ppb
2026-08-18T19:00:00Z,1,12.08,12.1,12.1,-0.019999999999999574,persistence,absolute,fold_3,3h,ppb
2026-08-18T19:15:00Z,1,12.08,12.1,12.1,-0.019999999999999574,persistence,absolute,fold_3,3h,ppb
2026-08-18T19:30:00Z,1,12.08,12.11,12.11,-0.02999999999999936,persistence,absolute,fold_3,3h,ppb
2026-08-18T19:45:00Z,1,12.09,12.1,12.1,-0.009999999999999787,persistence,absolute,fold_3,3h,ppb
2026-08-18T20:00:00Z,1,12.1,12.1,12.1,0.0,persistence,absolute,fold_3,3h,ppb
2026-08-18T20:15:00Z,1,12.1,12.1,12.1,0.0,persistence,absolute,fold_3,3h,ppb
2026-08-18T20:30:00Z,1,12.1,12.08,12.08,0.019999999999999574,persistence,absolute,fold_3,3h,ppb
2026-08-18T20:45:00Z,1,12.09,12.07,12.07,0.019999999999999574,persistence,absolute,fold_3,3h,ppb
2026-08-18T21:00:00Z,1,12.1,12.08,12.08,0.019999999999999574,persistence,absolute,fold_3,3h,ppb
2026-08-18T21:15:00Z,1,12.1,12.09,12.09,0.009999999999999787,persistence,absolute,fold_3,3h,ppb
2026-08-18T21:30:00Z,1,12.09,12.08,12.08,0.009999999999999787,persistence,absolute,fold_3,3h,ppb
2026-08-18T21:45:00Z,1,12.09,12.08,12.08,0.009999999999999787,persistence,absolute,fold_3,3h,ppb
2026-08-18T22:00:00Z,1,12.1,12.08,12.08,0.019999999999999574,persistence,absolute,fold_3,3h,ppb
2026-08-18T22:15:00Z,1,12.12,12.08,12.08,0.03999999999999915,persistence,absolute,fold_3,3h,ppb
2026-08-18T22:30:00Z,1,12.12,12.08,12.08,0.03999999999999915,persistence,absolute,fold_3,3h,ppb
2026-08-18T22:45:00Z,1,12.11,12.09,12.09,0.019999999999999574,persistence,absolute,fold_3,3h,ppb
2026-08-18T23:00:00Z,1,12.1,12.1,12.1,0.0,persistence,absolute,fold_3,3h,ppb
2026-08-18T23:15:00Z,1,12.1,12.1,12.1,0.0,persistence,absolute,fold_3,3h,ppb
2026-08-18T23:30:00Z,1,12.1,12.1,12.1,0.0,persistence,absolute,fold_3,3h,ppb
2026-08-18T23:45:00Z,1,12.11,12.09,12.09,0.019999999999999574,persistence,absolute,fold_3,3h,ppb
2026-08-19T00:00:00Z,1,12.1,12.1,12.1,0.0,persistence,absolute,fold_3,3h,ppb
2026-08-19T00:15:00Z,1,12.11,12.1,12.1,0.009999999999999787,persistence,absolute,fold_3,3h,ppb
2026-08-19T00:30:00Z,1,12.11,12.09,12.09,0.019999999999999574,persistence,absolute,fold_3,3h,ppb
2026-08-19T00:45:00Z,1,12.11,12.09,12.09,0.019999999999999574,persistence,absolute,fold_3,3h,ppb
2026-08-19T01:00:00Z,1,12.1,12.1,12.1,0.0,persistence,absolute,fold_3,3h,ppb
2026-08-19T01:15:00Z,1,12.1,12.12,12.12,-0.019999999999999574,persistence,absolute,fold_3,3h,ppb
2026-08-19T01:30:00Z,1,12.09,12.12,12.12,-0.02999999999999936,persistence,absolute,fold_3,3h,ppb
2026-08-19T01:45:00Z,1,12.14,12.11,12.11,0.030000000000001137,persistence,absolute,fold_3,3h,ppb
2026-08-19T02:00:00Z,1,12.05,12.1,12.1,-0.049999999999998934,persistence,absolute,fold_3,3h,ppb
2026-08-19T02:15:00Z,1,12.05,12.1,12.1,-0.049999999999998934,persistence,absolute,fold_3,3h,ppb
2026-08-19T02:30:00Z,1,12.04,12.1,12.1,-0.0600000000000005,persistence,absolute,fold_3,3h,ppb
2026-08-19T02:45:00Z,1,12.08,12.11,12.11,-0.02999999999999936,persistence,absolute,fold_3,3h,ppb
2026-08-19T03:00:00Z,1,12.11,12.1,12.1,0.009999999999999787,persistence,absolute,fold_3,3h,ppb
2026-08-19T03:15:00Z,1,12.05,12.11,12.11,-0.05999999999999872,persistence,absolute,fold_3,3h,ppb
2026-08-19T03:30:00Z,1,11.98,12.11,12.11,-0.129999999999999,persistence,absolute,fold_3,3h,ppb
2026-08-19T03:45:00Z,1,11.97,12.11,12.11,-0.1399999999999988,persistence,absolute,fold_3,3h,ppb
2026-08-19T04:00:00Z,1,11.99,12.1,12.1,-0.10999999999999943,persistence,absolute,fold_3,3h,ppb
2026-08-19T04:15:00Z,1,12.03,12.1,12.1,-0.07000000000000028,persistence,absolute,fold_3,3h,ppb
2026-08-19T04:30:00Z,1,12.05,12.09,12.09,-0.03999999999999915,persistence,absolute,fold_3,3h,ppb
2026-08-19T04:45:00Z,1,12.02,12.14,12.14,-0.120000000000001,persistence,absolute,fold_3,3h,ppb
2026-08-19T05:00:00Z,1,12.0,12.05,12.05,-0.05000000000000071,persistence,absolute,fold_3,3h,ppb
2026-08-19T05:15:00Z,1,12.02,12.05,12.05,-0.030000000000001137,persistence,absolute,fold_3,3h,ppb
2026-08-19T05:30:00Z,1,12.0,12.04,12.04,-0.03999999999999915,persistence,absolute,fold_3,3h,ppb
2026-08-19T05:45:00Z,1,12.03,12.08,12.08,-0.05000000000000071,persistence,absolute,fold_3,3h,ppb
2026-08-19T06:00:00Z,1,12.03,12.11,12.11,-0.08000000000000007,persistence,absolute,fold_3,3h,ppb
2026-08-19T06:15:00Z,1,12.0,12.05,12.05,-0.05000000000000071,persistence,absolute,fold_3,3h,ppb
2026-08-19T06:30:00Z,1,12.02,11.98,11.98,0.03999999999999915,persistence,absolute,fold_3,3h,ppb
2026-08-19T06:45:00Z,1,12.08,11.97,11.97,0.10999999999999943,persistence,absolute,fold_3,3h,ppb
2026-08-19T07:00:00Z,1,12.03,11.99,11.99,0.03999999999999915,persistence,absolute,fold_3,3h,ppb
2026-08-19T07:15:00Z,1,12.05,12.03,12.03,0.02000000000000135,persistence,absolute,fold_3,3h,ppb
2026-08-19T07:30:00Z,1,12.03,12.05,12.05,-0.02000000000000135,persistence,absolute,fold_3,3h,ppb
2026-08-19T07:45:00Z,1,12.01,12.02,12.02,-0.009999999999999787,persistence,absolute,fold_3,3h,ppb
2026-08-19T08:00:00Z,1,12.01,12.0,12.0,0.009999999999999787,persistence,absolute,fold_3,3h,ppb
2026-08-19T08:15:00Z,1,12.02,12.02,12.02,0.0,persistence,absolute,fold_3,3h,ppb
2026-08-19T08:30:00Z,1,12.02,12.0,12.0,0.019999999999999574,persistence,absolute,fold_3,3h,ppb
2026-08-19T08:45:00Z,1,12.03,12.03,12.03,0.0,persistence,absolute,fold_3,3h,ppb
2026-08-19T09:00:00Z,1,12.02,12.03,12.03,-0.009999999999999787,persistence,absolute,fold_3,3h,ppb
2026-08-19T09:15:00Z,1,12.03,12.0,12.0,0.02999999999999936,persistence,absolute,fold_3,3h,ppb
2026-08-19T09:30:00Z,1,12.02,12.02,12.02,0.0,persistence,absolute,fold_3,3h,ppb
2026-08-19T09:45:00Z,1,12.04,12.08,12.08,-0.040000000000000924,persistence,absolute,fold_3,3h,ppb
2026-08-19T10:00:00Z,1,12.05,12.03,12.03,0.02000000000000135,persistence,absolute,fold_3,3h,ppb
2026-08-19T10:15:00Z,1,12.06,12.05,12.05,0.009999999999999787,persistence,absolute,fold_3,3h,ppb
2026-08-19T10:30:00Z,1,12.06,12.03,12.03,0.030000000000001137,persistence,absolute,fold_3,3h,ppb
2026-08-19T10:45:00Z,1,12.06,12.01,12.01,0.05000000000000071,persistence,absolute,fold_3,3h,ppb
2026-08-19T11:00:00Z,1,12.03,12.01,12.01,0.019999999999999574,persistence,absolute,fold_3,3h,ppb
2026-08-19T11:15:00Z,1,12.04,12.02,12.02,0.019999999999999574,persistence,absolute,fold_3,3h,ppb
2026-08-19T11:30:00Z,1,12.04,12.02,12.02,0.019999999999999574,persistence,absolute,fold_3,3h,ppb
2026-08-19T11:45:00Z,1,11.99,12.03,12.03,-0.03999999999999915,persistence,absolute,fold_3,3h,ppb
2026-08-19T12:00:00Z,1,11.93,12.02,12.02,-0.08999999999999986,persistence,absolute,fold_3,3h,ppb
2026-08-19T12:15:00Z,1,11.97,12.03,12.03,-0.05999999999999872,persistence,absolute,fold_3,3h,ppb
2026-08-19T12:30:00Z,1,12.03,12.02,12.02,0.009999999999999787,persistence,absolute,fold_3,3h,ppb
2026-08-19T12:45:00Z,1,12.08,12.04,12.04,0.040000000000000924,persistence,absolute,fold_3,3h,ppb
2026-08-19T13:15:00Z,1,12.21,12.06,12.06,0.15000000000000036,persistence,absolute,fold_3,3h,ppb
2026-08-19T13:30:00Z,1,12.16,12.06,12.06,0.09999999999999964,persistence,absolute,fold_3,3h,ppb
2026-08-19T13:45:00Z,1,12.13,12.06,12.06,0.07000000000000028,persistence,absolute,fold_3,3h,ppb
2026-08-19T14:00:00Z,1,12.11,12.03,12.03,0.08000000000000007,persistence,absolute,fold_3,3h,ppb
2026-08-19T14:15:00Z,1,12.13,12.04,12.04,0.09000000000000163,persistence,absolute,fold_3,3h,ppb
2026-08-19T14:30:00Z,1,12.11,12.04,12.04,0.07000000000000028,persistence,absolute,fold_3,3h,ppb
2026-08-19T14:45:00Z,1,12.12,11.99,11.99,0.129999999999999,persistence,absolute,fold_3,3h,ppb
2026-08-19T15:00:00Z,1,12.11,11.93,11.93,0.17999999999999972,persistence,absolute,fold_3,3h,ppb
2026-08-19T15:15:00Z,1,12.11,11.97,11.97,0.1399999999999988,persistence,absolute,fold_3,3h,ppb
2026-08-19T15:30:00Z,1,12.11,12.03,12.03,0.08000000000000007,persistence,absolute,fold_3,3h,ppb
2026-08-19T15:45:00Z,1,12.1,12.08,12.08,0.019999999999999574,persistence,absolute,fold_3,3h,ppb
2026-08-19T16:15:00Z,1,12.11,12.21,12.21,-0.10000000000000142,persistence,absolute,fold_3,3h,ppb
2026-08-19T16:30:00Z,1,12.11,12.16,12.16,-0.05000000000000071,persistence,absolute,fold_3,3h,ppb
2026-08-19T16:45:00Z,1,12.1,12.13,12.13,-0.030000000000001137,persistence,absolute,fold_3,3h,ppb
2026-08-19T17:00:00Z,1,12.11,12.11,12.11,0.0,persistence,absolute,fold_3,3h,ppb
2026-08-19T17:15:00Z,1,12.1,12.13,12.13,-0.030000000000001137,persistence,absolute,fold_3,3h,ppb
2026-08-19T17:30:00Z,1,12.12,12.11,12.11,0.009999999999999787,persistence,absolute,fold_3,3h,ppb
2026-08-19T17:45:00Z,1,12.11,12.12,12.12,-0.009999999999999787,persistence,absolute,fold_3,3h,ppb
2026-08-19T18:00:00Z,1,12.09,12.11,12.11,-0.019999999999999574,persistence,absolute,fold_3,3h,ppb
2026-08-19T18:15:00Z,1,12.1,12.11,12.11,-0.009999999999999787,persistence,absolute,fold_3,3h,ppb
2026-08-19T18:30:00Z,1,12.09,12.11,12.11,-0.019999999999999574,persistence,absolute,fold_3,3h,ppb
2026-08-19T18:45:00Z,1,12.09,12.1,12.1,-0.009999999999999787,persistence,absolute,fold_3,3h,ppb
2026-08-19T19:00:00Z,1,12.08,12.11,12.11,-0.02999999999999936,persistence,absolute,fold_3,3h,ppb
2026-08-19T19:15:00Z,1,12.1,12.11,12.11,-0.009999999999999787,persistence,absolute,fold_3,3h,ppb
2026-08-19T19:30:00Z,1,12.1,12.11,12.11,-0.009999999999999787,persistence,absolute,fold_3,3h,ppb
2026-08-19T19:45:00Z,1,12.1,12.1,12.1,0.0,persistence,absolute,fold_3,3h,ppb
2026-08-19T20:00:00Z,1,12.1,12.11,12.11,-0.009999999999999787,persistence,absolute,fold_3,3h,ppb
2026-08-19T20:15:00Z,1,12.11,12.1,12.1,0.009999999999999787,persistence,absolute,fold_3,3h,ppb
2026-08-19T20:30:00Z,1,12.12,12.12,12.12,0.0,persistence,absolute,fold_3,3h,ppb
2026-08-19T20:45:00Z,1,12.1,12.11,12.11,-0.009999999999999787,persistence,absolute,fold_3,3h,ppb
2026-08-19T21:00:00Z,1,12.09,12.09,12.09,0.0,persistence,absolute,fold_3,3h,ppb
2026-08-19T21:15:00Z,1,12.09,12.1,12.1,-0.009999999999999787,persistence,absolute,fold_3,3h,ppb
2026-08-19T21:30:00Z,1,12.09,12.09,12.09,0.0,persistence,absolute,fold_3,3h,ppb
2026-08-19T21:45:00Z,1,12.1,12.09,12.09,0.009999999999999787,persistence,absolute,fold_3,3h,ppb
2026-08-19T22:00:00Z,1,12.11,12.08,12.08,0.02999999999999936,persistence,absolute,fold_3,3h,ppb
2026-08-19T22:15:00Z,1,12.11,12.1,12.1,0.009999999999999787,persistence,absolute,fold_3,3h,ppb
2026-08-19T22:30:00Z,1,12.1,12.1,12.1,0.0,persistence,absolute,fold_3,3h,ppb
2026-08-19T22:45:00Z,1,12.1,12.1,12.1,0.0,persistence,absolute,fold_3,3h,ppb
2026-08-19T23:00:00Z,1,12.1,12.1,12.1,0.0,persistence,absolute,fold_3,3h,ppb
2026-08-19T23:15:00Z,1,12.1,12.11,12.11,-0.009999999999999787,persistence,absolute,fold_3,3h,ppb
2026-08-19T23:30:00Z,1,12.1,12.12,12.12,-0.019999999999999574,persistence,absolute,fold_3,3h,ppb
2026-08-19T23:45:00Z,1,12.11,12.1,12.1,0.009999999999999787,persistence,absolute,fold_3,3h,ppb
2026-08-16T00:00:00Z,1,12.11,12.09,12.085234391534376,0.024765608465623146,random_forest,absolute,fold_3,3h,ppb
2026-08-16T00:15:00Z,1,12.11,12.08,12.088552248677233,0.021447751322765995,random_forest,absolute,fold_3,3h,ppb
2026-08-16T00:30:00Z,1,12.13,12.07,12.090165305010874,0.03983469498912662,random_forest,absolute,fold_3,3h,ppb
2026-08-16T00:45:00Z,1,12.11,12.06,12.088293144517044,0.02170685548295559,random_forest,absolute,fold_3,3h,ppb
2026-08-16T01:00:00Z,1,12.09,12.08,12.076239294996737,0.01376070500326243,random_forest,absolute,fold_3,3h,ppb
2026-08-16T01:15:00Z,1,12.09,12.08,12.074504109811548,0.015495890188452321,random_forest,absolute,fold_3,3h,ppb
2026-08-16T01:30:00Z,1,12.1,12.1,12.060419938735713,0.039580061264286925,random_forest,absolute,fold_3,3h,ppb
2026-08-16T01:45:00Z,1,12.11,12.11,12.052547764822675,0.05745223517732434,random_forest,absolute,fold_3,3h,ppb
2026-08-16T02:00:00Z,1,12.06,12.11,12.041051485698954,0.01894851430104616,random_forest,absolute,fold_3,3h,ppb
2026-08-16T02:15:00Z,1,12.03,12.13,12.047441953262783,-0.017441953262784082,random_forest,absolute,fold_3,3h,ppb
2026-08-16T02:30:00Z,1,12.03,12.14,12.050168408289238,-0.020168408289238826,random_forest,absolute,fold_3,3h,ppb
2026-08-16T02:45:00Z,1,12.0,12.11,12.04787965167548,-0.047879651675479806,random_forest,absolute,fold_3,3h,ppb
2026-08-16T03:00:00Z,1,12.08,12.11,12.015522713597635,0.06447728640236505,random_forest,absolute,fold_3,3h,ppb
2026-08-16T03:15:00Z,1,12.03,12.11,12.013358860786584,0.016641139213415812,random_forest,absolute,fold_3,3h,ppb
2026-08-16T03:30:00Z,1,12.09,12.13,12.020358754883278,0.06964124511672232,random_forest,absolute,fold_3,3h,ppb
2026-08-16T03:45:00Z,1,12.05,12.11,12.02071236751046,0.029287632489539916,random_forest,absolute,fold_3,3h,ppb
2026-08-16T04:00:00Z,1,12.02,12.09,12.007606885896609,0.012393114103391056,random_forest,absolute,fold_3,3h,ppb
2026-08-16T04:15:00Z,1,12.12,12.09,12.006726993675038,0.1132730063249614,random_forest,absolute,fold_3,3h,ppb
2026-08-16T04:30:00Z,1,12.07,12.1,12.009942822484684,0.060057177515316695,random_forest,absolute,fold_3,3h,ppb
2026-08-16T04:45:00Z,1,12.26,12.11,12.016563001252692,0.24343699874730795,random_forest,absolute,fold_3,3h,ppb
2026-08-16T05:00:00Z,1,12.2,12.06,11.997989494787959,0.20201050521204067,random_forest,absolute,fold_3,3h,ppb
2026-08-16T05:15:00Z,1,12.1,12.03,11.996542724537232,0.10345727546276784,random_forest,absolute,fold_3,3h,ppb
2026-08-16T05:30:00Z,1,12.11,12.03,11.999074130157103,0.11092586984289632,random_forest,absolute,fold_3,3h,ppb
2026-08-16T05:45:00Z,1,12.14,12.0,12.007340718828099,0.13265928117190207,random_forest,absolute,fold_3,3h,ppb
2026-08-16T06:00:00Z,1,12.3,12.08,12.02147086250513,0.2785291374948713,random_forest,absolute,fold_3,3h,ppb
2026-08-16T06:15:00Z,1,12.36,12.03,12.016318033808579,0.34368196619142033,random_forest,absolute,fold_3,3h,ppb
2026-08-16T06:30:00Z,1,12.35,12.09,12.019183150444412,0.3308168495555872,random_forest,absolute,fold_3,3h,ppb
2026-08-16T06:45:00Z,1,12.35,12.05,12.022237738502923,0.3277622614970763,random_forest,absolute,fold_3,3h,ppb
2026-08-16T07:00:00Z,1,12.34,12.02,12.010366125140328,0.3296338748596721,random_forest,absolute,fold_3,3h,ppb
2026-08-16T07:15:00Z,1,12.33,12.12,12.0286534417959,0.3013465582041004,random_forest,absolute,fold_3,3h,ppb
2026-08-16T07:30:00Z,1,12.27,12.07,12.019629084125805,0.25037091587419447,random_forest,absolute,fold_3,3h,ppb
2026-08-16T07:45:00Z,1,12.21,12.26,12.039177395329196,0.17082260467080523,random_forest,absolute,fold_3,3h,ppb
2026-08-16T08:00:00Z,1,12.1,12.2,12.043018433907681,0.0569815660923183,random_forest,absolute,fold_3,3h,ppb
2026-08-16T08:15:00Z,1,12.11,12.1,12.02202615108088,0.08797384891911975,random_forest,absolute,fold_3,3h,ppb
2026-08-16T08:30:00Z,1,12.17,12.11,12.025551786004268,0.14444821399573193,random_forest,absolute,fold_3,3h,ppb
2026-08-16T08:45:00Z,1,12.2,12.14,12.02049851028665,0.17950148971334912,random_forest,absolute,fold_3,3h,ppb
2026-08-16T09:00:00Z,1,12.22,12.3,12.037140764239389,0.18285923576061158,random_forest,absolute,fold_3,3h,ppb
2026-08-16T09:15:00Z,1,12.21,12.36,12.040643087070874,0.16935691292912658,random_forest,absolute,fold_3,3h,ppb
2026-08-16T09:30:00Z,1,12.15,12.35,12.042582364768487,0.10741763523151349,random_forest,absolute,fold_3,3h,ppb
2026-08-16T09:45:00Z,1,12.17,12.35,12.041385885090753,0.12861411490924723,random_forest,absolute,fold_3,3h,ppb
2026-08-16T10:00:00Z,1,12.19,12.34,12.04428805366591,0.1457119463340888,random_forest,absolute,fold_3,3h,ppb
2026-08-16T10:15:00Z,1,12.16,12.33,12.036319460191484,0.12368053980851634,random_forest,absolute,fold_3,3h,ppb
2026-08-16T10:30:00Z,1,12.22,12.27,12.02685847289122,0.1931415271087804,random_forest,absolute,fold_3,3h,ppb
2026-08-16T10:45:00Z,1,12.16,12.21,12.016219349950818,0.14378065004918206,random_forest,absolute,fold_3,3h,ppb
2026-08-16T11:00:00Z,1,12.18,12.1,12.010742057942062,0.16925794205793743,random_forest,absolute,fold_3,3h,ppb
2026-08-16T11:15:00Z,1,12.2,12.11,12.021415598444765,0.17858440155523425,random_forest,absolute,fold_3,3h,ppb
2026-08-16T11:30:00Z,1,12.29,12.17,12.020824470899472,0.26917552910052756,random_forest,absolute,fold_3,3h,ppb
2026-08-16T11:45:00Z,1,12.16,12.2,12.0318666967292,0.12813330327080052,random_forest,absolute,fold_3,3h,ppb
2026-08-16T12:00:00Z,1,12.28,12.22,12.016003986998845,0.2639960130011545,random_forest,absolute,fold_3,3h,ppb
2026-08-16T12:15:00Z,1,12.19,12.21,12.026107281144782,0.16389271885521772,random_forest,absolute,fold_3,3h,ppb
2026-08-16T12:30:00Z,1,12.08,12.15,12.008128180015973,0.07187181998402714,random_forest,absolute,fold_3,3h,ppb
2026-08-16T12:45:00Z,1,12.16,12.17,12.01088816809553,0.1491118319044702,random_forest,absolute,fold_3,3h,ppb
2026-08-16T13:00:00Z,1,12.3,12.19,12.14007658730159,0.15992341269841148,random_forest,absolute,fold_3,3h,ppb
2026-08-16T13:15:00Z,1,12.38,12.16,12.141401587301589,0.23859841269841198,random_forest,absolute,fold_3,3h,ppb
2026-08-16T13:30:00Z,1,12.34,12.22,12.142601322751325,0.19739867724867466,random_forest,absolute,fold_3,3h,ppb
2026-08-16T13:45:00Z,1,12.31,12.16,12.141082341269842,0.16891765873015885,random_forest,absolute,fold_3,3h,ppb
2026-08-16T14:00:00Z,1,12.22,12.18,12.113865432098759,0.10613456790124154,random_forest,absolute,fold_3,3h,ppb
2026-08-16T14:15:00Z,1,12.16,12.2,12.115572403776323,0.04442759622367731,random_forest,absolute,fold_3,3h,ppb
2026-08-16T14:30:00Z,1,12.13,12.29,12.112648197427115,0.017351802572886044,random_forest,absolute,fold_3,3h,ppb
2026-08-16T14:45:00Z,1,12.1,12.16,12.111425485008818,-0.011425485008818015,random_forest,absolute,fold_3,3h,ppb
2026-08-16T15:00:00Z,1,12.1,12.28,12.084765684021866,0.01523431597813385,random_forest,absolute,fold_3,3h,ppb
2026-08-16T15:15:00Z,1,12.1,12.19,12.086678546635655,0.013321453364344649,random_forest,absolute,fold_3,3h,ppb
2026-08-16T15:30:00Z,1,12.08,12.08,12.086255720380924,-0.006255720380924146,random_forest,absolute,fold_3,3h,ppb
2026-08-16T15:45:00Z,1,12.07,12.16,12.085969077065833,-0.01596907706583295,random_forest,absolute,fold_3,3h,ppb
2026-08-16T16:00:00Z,1,12.07,12.3,12.08570507220347,-0.015705072203470394,random_forest,absolute,fold_3,3h,ppb
2026-08-16T16:15:00Z,1,12.08,12.38,12.085040674486105,-0.005040674486105345,random_forest,absolute,fold_3,3h,ppb
2026-08-16T16:30:00Z,1,12.07,12.34,12.085362154225267,-0.015362154225266877,random_forest,absolute,fold_3,3h,ppb
2026-08-16T16:45:00Z,1,12.08,12.31,12.083536019849504,-0.003536019849503802,random_forest,absolute,fold_3,3h,ppb
2026-08-16T17:00:00Z,1,12.08,12.22,12.086194454356383,-0.0061944543563825505,random_forest,absolute,fold_3,3h,ppb
2026-08-16T17:15:00Z,1,12.09,12.16,12.087248913646347,0.002751086353653065,random_forest,absolute,fold_3,3h,ppb
2026-08-16T17:30:00Z,1,12.09,12.13,12.086384222037395,0.003615777962604483,random_forest,absolute,fold_3,3h,ppb
2026-08-16T17:45:00Z,1,12.07,12.1,12.085920901481467,-0.015920901481466743,random_forest,absolute,fold_3,3h,ppb
2026-08-16T18:00:00Z,1,12.08,12.1,12.086387086708378,-0.00638708670837751,random_forest,absolute,fold_3,3h,ppb
2026-08-16T18:15:00Z,1,12.08,12.1,12.083997305613018,-0.003997305613017588,random_forest,absolute,fold_3,3h,ppb
2026-08-16T18:30:00Z,1,12.06,12.08,12.083689084511116,-0.02368908451111551,random_forest,absolute,fold_3,3h,ppb
2026-08-16T18:45:00Z,1,12.07,12.07,12.08277566281484,-0.012775662814838995,random_forest,absolute,fold_3,3h,ppb
2026-08-16T19:00:00Z,1,12.07,12.07,12.08276468327232,-0.012764683272319388,random_forest,absolute,fold_3,3h,ppb
2026-08-16T19:15:00Z,1,12.08,12.08,12.081227849286943,-0.0012278492869430835,random_forest,absolute,fold_3,3h,ppb
2026-08-16T19:30:00Z,1,12.09,12.07,12.080836552634972,0.009163447365027722,random_forest,absolute,fold_3,3h,ppb
2026-08-16T19:45:00Z,1,12.08,12.08,12.082151956403141,-0.002151956403141142,random_forest,absolute,fold_3,3h,ppb
2026-08-16T20:00:00Z,1,12.07,12.08,12.082324843698037,-0.012324843698037213,random_forest,absolute,fold_3,3h,ppb
2026-08-16T20:15:00Z,1,12.07,12.09,12.08293659379892,-0.012936593798919205,random_forest,absolute,fold_3,3h,ppb
2026-08-16T20:30:00Z,1,12.07,12.09,12.08257616163834,-0.0125761616383393,random_forest,absolute,fold_3,3h,ppb
2026-08-16T20:45:00Z,1,12.08,12.07,12.082418084408022,-0.0024180844080223807,random_forest,absolute,fold_3,3h,ppb
2026-08-16T21:00:00Z,1,12.07,12.08,12.083250657306028,-0.013250657306027591,random_forest,absolute,fold_3,3h,ppb
2026-08-16T21:15:00Z,1,12.08,12.08,12.08269750579346,-0.0026975057934599533,random_forest,absolute,fold_3,3h,ppb
2026-08-16T21:30:00Z,1,12.09,12.06,12.083205265956078,0.006794734043921835,random_forest,absolute,fold_3,3h,ppb
2026-08-16T21:45:00Z,1,12.1,12.07,12.083121398020818,0.01687860197918134,random_forest,absolute,fold_3,3h,ppb
2026-08-16T22:00:00Z,1,12.09,12.07,12.089050225169018,0.0009497748309819087,random_forest,absolute,fold_3,3h,ppb
2026-08-16T22:15:00Z,1,12.09,12.08,12.088450964332052,0.001549035667947507,random_forest,absolute,fold_3,3h,ppb
2026-08-16T22:30:00Z,1,12.13,12.09,12.091860296093998,0.038139703906002964,random_forest,absolute,fold_3,3h,ppb
2026-08-16T22:45:00Z,1,12.12,12.08,12.092744679849018,0.027255320150981532,random_forest,absolute,fold_3,3h,ppb
2026-08-16T23:00:00Z,1,12.1,12.07,12.094825764416482,0.0051742355835173726,random_forest,absolute,fold_3,3h,ppb
2026-08-16T23:15:00Z,1,12.12,12.07,12.096955721988612,0.023044278011386865,random_forest,absolute,fold_3,3h,ppb
2026-08-16T23:30:00Z,1,12.12,12.07,12.096214516942986,0.023785483057013224,random_forest,absolute,fold_3,3h,ppb
2026-08-16T23:45:00Z,1,12.13,12.08,12.09735446403293,0.032645535967070316,random_forest,absolute,fold_3,3h,ppb
2026-08-17T00:00:00Z,1,12.12,12.07,12.089956746031723,0.030043253968276673,random_forest,absolute,fold_3,3h,ppb
2026-08-17T00:15:00Z,1,12.11,12.08,12.089721296296279,0.020278703703720424,random_forest,absolute,fold_3,3h,ppb
2026-08-17T00:30:00Z,1,12.11,12.09,12.087596296296281,0.022403703703718136,random_forest,absolute,fold_3,3h,ppb
2026-08-17T00:45:00Z,1,12.09,12.1,12.086165873015858,0.0038341269841417613,random_forest,absolute,fold_3,3h,ppb
2026-08-17T01:00:00Z,1,12.11,12.09,12.070894211222493,0.03910578877750659,random_forest,absolute,fold_3,3h,ppb
2026-08-17T01:15:00Z,1,12.09,12.09,12.069644078947361,0.020355921052638948,random_forest,absolute,fold_3,3h,ppb
2026-08-17T01:30:00Z,1,12.08,12.13,12.07115093079921,0.008849069200790538,random_forest,absolute,fold_3,3h,ppb
2026-08-17T01:45:00Z,1,12.09,12.12,12.073072253550537,0.016927746449463044,random_forest,absolute,fold_3,3h,ppb
2026-08-17T02:00:00Z,1,12.09,12.1,12.069808355379177,0.020191644620823013,random_forest,absolute,fold_3,3h,ppb
2026-08-17T02:15:00Z,1,12.08,12.12,12.067336000881824,0.012663999118176505,random_forest,absolute,fold_3,3h,ppb
2026-08-17T02:30:00Z,1,12.01,12.12,12.068788447971771,-0.05878844797177152,random_forest,absolute,fold_3,3h,ppb
2026-08-17T02:45:00Z,1,12.01,12.13,12.089457958553794,-0.07945795855379423,random_forest,absolute,fold_3,3h,ppb
2026-08-17T03:00:00Z,1,12.07,12.12,12.035507832384031,0.034492167615969294,random_forest,absolute,fold_3,3h,ppb
2026-08-17T03:15:00Z,1,11.99,12.11,12.030509321814707,-0.04050932181470657,random_forest,absolute,fold_3,3h,ppb
2026-08-17T03:30:00Z,1,11.99,12.11,12.037544801191304,-0.047544801191303776,random_forest,absolute,fold_3,3h,ppb
2026-08-17T03:45:00Z,1,12.01,12.09,12.034943049543049,-0.024943049543049156,random_forest,absolute,fold_3,3h,ppb
2026-08-17T04:00:00Z,1,12.09,12.11,12.029312729845078,0.060687270154922146,random_forest,absolute,fold_3,3h,ppb
2026-08-17T04:15:00Z,1,12.0,12.09,12.028803922097305,-0.02880392209730509,random_forest,absolute,fold_3,3h,ppb
2026-08-17T04:30:00Z,1,11.98,12.08,12.026084286409969,-0.0460842864099682,random_forest,absolute,fold_3,3h,ppb
2026-08-17T04:45:00Z,1,11.98,12.09,12.034270623584721,-0.05427062358472057,random_forest,absolute,fold_3,3h,ppb
2026-08-17T05:00:00Z,1,11.99,12.09,12.034434532145545,-0.04443453214554438,random_forest,absolute,fold_3,3h,ppb
2026-08-17T05:15:00Z,1,12.03,12.08,12.0250452869287,0.004954713071299466,random_forest,absolute,fold_3,3h,ppb
2026-08-17T05:30:00Z,1,12.06,12.01,12.001092742787886,0.05890725721211432,random_forest,absolute,fold_3,3h,ppb
2026-08-17T05:45:00Z,1,12.04,12.01,11.999896858719573,0.0401031412804258,random_forest,absolute,fold_3,3h,ppb
2026-08-17T06:00:00Z,1,11.98,12.07,12.00877127784289,-0.02877127784288902,random_forest,absolute,fold_3,3h,ppb
2026-08-17T06:15:00Z,1,12.05,11.99,12.003553944466645,0.046446055533355235,random_forest,absolute,fold_3,3h,ppb
2026-08-17T06:30:00Z,1,12.05,11.99,12.013372702163055,0.036627297836945516,random_forest,absolute,fold_3,3h,ppb
2026-08-17T06:45:00Z,1,12.07,12.01,12.01975821299798,0.050241787002020644,random_forest,absolute,fold_3,3h,ppb
2026-08-17T07:00:00Z,1,11.99,12.09,12.019768672523067,-0.029768672523067252,random_forest,absolute,fold_3,3h,ppb
2026-08-17T07:15:00Z,1,12.02,12.0,12.01255725491633,0.0074427450836687115,random_forest,absolute,fold_3,3h,ppb
2026-08-17T07:30:00Z,1,12.07,11.98,12.00979716233043,0.060202837669569575,random_forest,absolute,fold_3,3h,ppb
2026-08-17T07:45:00Z,1,12.06,11.98,12.007047257493332,0.052952742506668926,random_forest,absolute,fold_3,3h,ppb
2026-08-17T08:00:00Z,1,12.01,11.99,12.017104558976113,-0.007104558976113395,random_forest,absolute,fold_3,3h,ppb
2026-08-17T08:15:00Z,1,12.05,12.03,12.017863365183343,0.032136634816657406,random_forest,absolute,fold_3,3h,ppb
2026-08-17T08:30:00Z,1,12.09,12.06,12.02158093359946,0.06841906640054063,random_forest,absolute,fold_3,3h,ppb
2026-08-17T08:45:00Z,1,12.02,12.04,12.023432594284456,-0.003432594284456414,random_forest,absolute,fold_3,3h,ppb
2026-08-17T09:00:00Z,1,12.05,11.98,12.008356351474797,0.04164364852520386,random_forest,absolute,fold_3,3h,ppb
2026-08-17T09:15:00Z,1,12.03,12.05,12.018052119580885,0.011947880419114654,random_forest,absolute,fold_3,3h,ppb
2026-08-17T09:30:00Z,1,12.02,12.05,12.014574167324351,0.005425832675648223,random_forest,absolute,fold_3,3h,ppb
2026-08-17T09:45:00Z,1,12.04,12.07,12.01531810483631,0.024681895163690015,random_forest,absolute,fold_3,3h,ppb
2026-08-17T10:00:00Z,1,12.0,11.99,12.007036090503071,-0.00703609050307108,random_forest,absolute,fold_3,3h,ppb
2026-08-17T10:15:00Z,1,12.0,12.02,12.011520662995245,-0.011520662995245345,random_forest,absolute,fold_3,3h,ppb
2026-08-17T10:30:00Z,1,12.0,12.07,12.018554465317859,-0.01855446531785887,random_forest,absolute,fold_3,3h,ppb
2026-08-17T10:45:00Z,1,12.02,12.06,12.013341829403384,0.006658170596615776,random_forest,absolute,fold_3,3h,ppb
2026-08-17T11:00:00Z,1,12.02,12.01,12.0085986428783,0.011401357121700428,random_forest,absolute,fold_3,3h,ppb
2026-08-17T11:15:00Z,1,12.05,12.05,11.995987306882085,0.054012693117915234,random_forest,absolute,fold_3,3h,ppb
2026-08-17T11:30:00Z,1,12.08,12.09,11.998536428328855,0.08146357167114537,random_forest,absolute,fold_3,3h,ppb
2026-08-17T11:45:00Z,1,12.03,12.02,11.987775557594155,0.04222444240584444,random_forest,absolute,fold_3,3h,ppb
2026-08-17T12:00:00Z,1,11.99,12.05,12.001399718870966,-0.011399718870965359,random_forest,absolute,fold_3,3h,ppb
2026-08-17T12:15:00Z,1,12.01,12.03,11.98578179403592,0.024218205964078976,random_forest,absolute,fold_3,3h,ppb
2026-08-17T12:30:00Z,1,11.98,12.02,11.987157986322453,-0.007157986322452459,random_forest,absolute,fold_3,3h,ppb
2026-08-17T12:45:00Z,1,12.13,12.04,11.993901725878095,0.13609827412190612,random_forest,absolute,fold_3,3h,ppb
2026-08-17T13:00:00Z,1,12.1,12.0,12.159898148148153,-0.05989814814815375,random_forest,absolute,fold_3,3h,ppb
2026-08-17T13:15:00Z,1,12.15,12.0,12.15642658730159,-0.006426587301589848,random_forest,absolute,fold_3,3h,ppb
2026-08-17T13:30:00Z,1,12.16,12.0,12.156693253968259,0.0033067460317415254,random_forest,absolute,fold_3,3h,ppb
2026-08-17T13:45:00Z,1,12.14,12.02,12.153030291005297,-0.013030291005296846,random_forest,absolute,fold_3,3h,ppb
2026-08-17T14:00:00Z,1,12.14,12.02,12.131818016651112,0.008181983348888977,random_forest,absolute,fold_3,3h,ppb
2026-08-17T14:15:00Z,1,12.12,12.05,12.133155119825718,-0.013155119825718486,random_forest,absolute,fold_3,3h,ppb
2026-08-17T14:30:00Z,1,12.12,12.08,12.13223567538127,-0.01223567538127135,random_forest,absolute,fold_3,3h,ppb
2026-08-17T14:45:00Z,1,12.11,12.03,12.12990935262995,-0.019909352629950305,random_forest,absolute,fold_3,3h,ppb
2026-08-17T15:00:00Z,1,12.11,11.99,12.093529692750119,0.016470307249880634,random_forest,absolute,fold_3,3h,ppb
2026-08-17T15:15:00Z,1,12.09,12.01,12.093727916608373,-0.0037279166083727944,random_forest,absolute,fold_3,3h,ppb
2026-08-17T15:30:00Z,1,12.11,11.98,12.095986249941708,0.014013750058291308,random_forest,absolute,fold_3,3h,ppb
2026-08-17T15:45:00Z,1,12.1,12.13,12.092663106371111,0.007336893628888674,random_forest,absolute,fold_3,3h,ppb
2026-08-17T16:00:00Z,1,12.11,12.1,12.091456573971783,0.01854342602821646,random_forest,absolute,fold_3,3h,ppb
2026-08-17T16:15:00Z,1,12.11,12.15,12.08944545235298,0.020554547647019916,random_forest,absolute,fold_3,3h,ppb
2026-08-17T16:30:00Z,1,12.1,12.16,12.084711477513252,0.01528852248674717,random_forest,absolute,fold_3,3h,ppb
2026-08-17T16:45:00Z,1,12.1,12.14,12.087621710095656,0.012378289904344086,random_forest,absolute,fold_3,3h,ppb
2026-08-17T17:00:00Z,1,12.1,12.14,12.084099466095227,0.015900533904773084,random_forest,absolute,fold_3,3h,ppb
2026-08-17T17:15:00Z,1,12.09,12.12,12.087649556609286,0.0023504433907142186,random_forest,absolute,fold_3,3h,ppb
2026-08-17T17:30:00Z,1,12.07,12.12,12.090092726152509,-0.02009272615250879,random_forest,absolute,fold_3,3h,ppb
2026-08-17T17:45:00Z,1,12.09,12.11,12.087183113459965,0.0028168865400353127,random_forest,absolute,fold_3,3h,ppb
2026-08-17T18:00:00Z,1,12.08,12.11,12.089505792553561,-0.00950579255356132,random_forest,absolute,fold_3,3h,ppb
2026-08-17T18:15:00Z,1,12.1,12.09,12.088874059035717,0.011125940964282321,random_forest,absolute,fold_3,3h,ppb
2026-08-17T18:30:00Z,1,12.12,12.11,12.087757908086262,0.03224209191373717,random_forest,absolute,fold_3,3h,ppb
2026-08-17T18:45:00Z,1,12.13,12.1,12.085256179129905,0.044743820870095874,random_forest,absolute,fold_3,3h,ppb
2026-08-17T19:00:00Z,1,12.13,12.11,12.085144217869919,0.04485578213008168,random_forest,absolute,fold_3,3h,ppb
2026-08-17T19:15:00Z,1,12.13,12.11,12.08535631570743,0.04464368429256993,random_forest,absolute,fold_3,3h,ppb
2026-08-17T19:30:00Z,1,12.14,12.1,12.08494796819576,0.0550520318042409,random_forest,absolute,fold_3,3h,ppb
2026-08-17T19:45:00Z,1,12.13,12.1,12.08890568315869,0.041094316841311596,random_forest,absolute,fold_3,3h,ppb
2026-08-17T20:00:00Z,1,12.11,12.1,12.089742717420725,0.020257282579274616,random_forest,absolute,fold_3,3h,ppb
2026-08-17T20:15:00Z,1,12.12,12.09,12.090687009998915,0.02931299000108467,random_forest,absolute,fold_3,3h,ppb
2026-08-17T20:30:00Z,1,12.12,12.07,12.093440480399957,0.02655951960004188,random_forest,absolute,fold_3,3h,ppb
2026-08-17T20:45:00Z,1,12.12,12.09,12.092091794961837,0.027908205038162492,random_forest,absolute,fold_3,3h,ppb
2026-08-17T21:00:00Z,1,12.11,12.08,12.092218688143708,0.017781311856291282,random_forest,absolute,fold_3,3h,ppb
2026-08-17T21:15:00Z,1,12.1,12.1,12.092788127397268,0.007211872602731262,random_forest,absolute,fold_3,3h,ppb
2026-08-17T21:30:00Z,1,12.1,12.12,12.09206990587209,0.007930094127909015,random_forest,absolute,fold_3,3h,ppb
2026-08-17T21:45:00Z,1,12.1,12.13,12.09422637251348,0.005773627486519217,random_forest,absolute,fold_3,3h,ppb
2026-08-17T22:00:00Z,1,12.12,12.13,12.096319321802243,0.023680678197756322,random_forest,absolute,fold_3,3h,ppb
2026-08-17T22:15:00Z,1,12.11,12.13,12.095934584531326,0.014065415468673237,random_forest,absolute,fold_3,3h,ppb
2026-08-17T22:30:00Z,1,12.1,12.14,12.096027646487288,0.003972353512711635,random_forest,absolute,fold_3,3h,ppb
2026-08-17T22:45:00Z,1,12.1,12.13,12.09326292550565,0.006737074494349571,random_forest,absolute,fold_3,3h,ppb
2026-08-17T23:00:00Z,1,12.13,12.11,12.096903287037016,0.03309671296298511,random_forest,absolute,fold_3,3h,ppb
2026-08-17T23:15:00Z,1,12.11,12.12,12.09699849037197,0.013001509628029595,random_forest,absolute,fold_3,3h,ppb
2026-08-17T23:30:00Z,1,12.11,12.12,12.097771715680615,0.012228284319384386,random_forest,absolute,fold_3,3h,ppb
2026-08-17T23:45:00Z,1,12.11,12.12,12.097480049013946,0.01251995098605363,random_forest,absolute,fold_3,3h,ppb
2026-08-18T00:00:00Z,1,12.11,12.11,12.096449603174582,0.013550396825417366,random_forest,absolute,fold_3,3h,ppb
2026-08-18T00:15:00Z,1,12.11,12.1,12.093493121693097,0.01650687830690245,random_forest,absolute,fold_3,3h,ppb
2026-08-18T00:30:00Z,1,12.11,12.1,12.094666269841243,0.015333730158756609,random_forest,absolute,fold_3,3h,ppb
2026-08-18T00:45:00Z,1,12.11,12.1,12.094682936507912,0.015317063492087613,random_forest,absolute,fold_3,3h,ppb
2026-08-18T01:00:00Z,1,12.11,12.12,12.081928968253951,0.028071031746048192,random_forest,absolute,fold_3,3h,ppb
2026-08-18T01:15:00Z,1,12.13,12.11,12.083704894179876,0.04629510582012486,random_forest,absolute,fold_3,3h,ppb
2026-08-18T01:30:00Z,1,12.14,12.1,12.08479960317459,0.05520039682541089,random_forest,absolute,fold_3,3h,ppb
2026-08-18T01:45:00Z,1,12.08,12.1,12.077945899470885,0.0020541005291150327,random_forest,absolute,fold_3,3h,ppb
2026-08-18T02:00:00Z,1,12.09,12.13,12.076221428571419,0.013778571428581188,random_forest,absolute,fold_3,3h,ppb
2026-08-18T02:15:00Z,1,12.07,12.11,12.07407671957671,-0.004076719576708854,random_forest,absolute,fold_3,3h,ppb
2026-08-18T02:30:00Z,1,12.09,12.11,12.074660052910044,0.015339947089955785,random_forest,absolute,fold_3,3h,ppb
2026-08-18T02:45:00Z,1,12.09,12.11,12.077075793650787,0.012924206349213208,random_forest,absolute,fold_3,3h,ppb
2026-08-18T03:00:00Z,1,12.05,12.11,12.011010327646074,0.03898967235392625,random_forest,absolute,fold_3,3h,ppb
2026-08-18T03:15:00Z,1,12.04,12.11,12.01937603673713,0.020623963262869083,random_forest,absolute,fold_3,3h,ppb
2026-08-18T03:30:00Z,1,12.04,12.11,12.01697050034818,0.023029499651819663,random_forest,absolute,fold_3,3h,ppb
2026-08-18T03:45:00Z,1,12.04,12.11,12.018911433101211,0.02108856689878813,random_forest,absolute,fold_3,3h,ppb
2026-08-18T04:00:00Z,1,12.07,12.11,12.017836138579103,0.05216386142089746,random_forest,absolute,fold_3,3h,ppb
2026-08-18T04:15:00Z,1,12.05,12.13,12.021838308833175,0.028161691166825875,random_forest,absolute,fold_3,3h,ppb
2026-08-18T04:30:00Z,1,12.02,12.14,12.023794279294794,-0.003794279294794478,random_forest,absolute,fold_3,3h,ppb
2026-08-18T04:45:00Z,1,12.09,12.08,12.006685999830143,0.08331400016985668,random_forest,absolute,fold_3,3h,ppb
2026-08-18T05:00:00Z,1,12.06,12.09,12.003277499060262,0.056722500939738296,random_forest,absolute,fold_3,3h,ppb
2026-08-18T05:15:00Z,1,12.02,12.07,12.000826265436336,0.019173734563663558,random_forest,absolute,fold_3,3h,ppb
2026-08-18T05:30:00Z,1,12.07,12.09,12.006457955360887,0.06354204463911373,random_forest,absolute,fold_3,3h,ppb
2026-08-18T05:45:00Z,1,12.08,12.09,12.023788574418422,0.05621142558157821,random_forest,absolute,fold_3,3h,ppb
2026-08-18T06:00:00Z,1,12.06,12.05,12.003867946580426,0.05613205341957439,random_forest,absolute,fold_3,3h,ppb
2026-08-18T06:15:00Z,1,11.99,12.04,12.005412187985252,-0.01541218798525179,random_forest,absolute,fold_3,3h,ppb
2026-08-18T06:30:00Z,1,11.99,12.04,12.010885249289148,-0.020885249289147367,random_forest,absolute,fold_3,3h,ppb
2026-08-18T06:45:00Z,1,12.01,12.04,12.012910390055426,-0.0029103900554261486,random_forest,absolute,fold_3,3h,ppb
2026-08-18T07:00:00Z,1,12.0,12.07,12.020684342542571,-0.020684342542571343,random_forest,absolute,fold_3,3h,ppb
2026-08-18T07:15:00Z,1,12.1,12.05,12.016706925874963,0.08329307412503617,random_forest,absolute,fold_3,3h,ppb
2026-08-18T07:30:00Z,1,12.02,12.02,12.001883150625202,0.018116849374797184,random_forest,absolute,fold_3,3h,ppb
2026-08-18T07:45:00Z,1,11.99,12.09,12.015885913650562,-0.02588591365056203,random_forest,absolute,fold_3,3h,ppb
2026-08-18T08:00:00Z,1,12.02,12.06,12.003695045314126,0.01630495468587334,random_forest,absolute,fold_3,3h,ppb
2026-08-18T08:15:00Z,1,12.02,12.02,11.996762309045122,0.023237690954877266,random_forest,absolute,fold_3,3h,ppb
2026-08-18T08:30:00Z,1,12.02,12.07,12.004565918602301,0.015434081397698307,random_forest,absolute,fold_3,3h,ppb
2026-08-18T08:45:00Z,1,12.02,12.08,12.005098009006144,0.014901990993855918,random_forest,absolute,fold_3,3h,ppb
2026-08-18T09:00:00Z,1,12.0,12.06,12.010276120109744,-0.010276120109743658,random_forest,absolute,fold_3,3h,ppb
2026-08-18T09:15:00Z,1,12.01,11.99,11.994731981988497,0.015268018011502349,random_forest,absolute,fold_3,3h,ppb
2026-08-18T09:30:00Z,1,12.02,11.99,12.000320996172654,0.019679003827345554,random_forest,absolute,fold_3,3h,ppb
2026-08-18T09:45:00Z,1,12.01,12.01,12.009431824617359,0.0005681753826412006,random_forest,absolute,fold_3,3h,ppb
2026-08-18T10:00:00Z,1,12.03,12.0,12.010036796403572,0.019963203596427448,random_forest,absolute,fold_3,3h,ppb
2026-08-18T10:15:00Z,1,12.05,12.1,12.02205315429009,0.027946845709911017,random_forest,absolute,fold_3,3h,ppb
2026-08-18T10:30:00Z,1,12.03,12.02,12.009513458494427,0.02048654150557283,random_forest,absolute,fold_3,3h,ppb
2026-08-18T10:45:00Z,1,12.05,11.99,11.999317793821204,0.05068220617879682,random_forest,absolute,fold_3,3h,ppb
2026-08-18T11:00:00Z,1,12.07,12.02,12.010991942223917,0.05900805777608298,random_forest,absolute,fold_3,3h,ppb
2026-08-18T11:15:00Z,1,12.07,12.02,12.020451378679223,0.04954862132077764,random_forest,absolute,fold_3,3h,ppb
2026-08-18T11:30:00Z,1,11.99,12.02,12.01835847302972,-0.028358473029719278,random_forest,absolute,fold_3,3h,ppb
2026-08-18T11:45:00Z,1,11.94,12.02,12.022750334710489,-0.08275033471048943,random_forest,absolute,fold_3,3h,ppb
2026-08-18T12:00:00Z,1,11.89,12.0,12.010787382574987,-0.12078738257498678,random_forest,absolute,fold_3,3h,ppb
2026-08-18T12:15:00Z,1,11.98,12.01,12.021583563623082,-0.04158356362308169,random_forest,absolute,fold_3,3h,ppb
2026-08-18T12:30:00Z,1,12.02,12.02,12.033867297752025,-0.01386729775202511,random_forest,absolute,fold_3,3h,ppb
2026-08-18T12:45:00Z,1,12.05,12.01,12.02120633567986,0.028793664320140522,random_forest,absolute,fold_3,3h,ppb
2026-08-18T13:00:00Z,1,12.13,12.03,12.12571084656084,0.004289153439160032,random_forest,absolute,fold_3,3h,ppb
2026-08-18T13:15:00Z,1,12.22,12.05,12.125763624338616,0.0942363756613851,random_forest,absolute,fold_3,3h,ppb
2026-08-18T13:30:00Z,1,12.18,12.03,12.128757804232798,0.05124219576720179,random_forest,absolute,fold_3,3h,ppb
2026-08-18T13:45:00Z,1,12.14,12.05,12.12910727513227,0.010892724867730408,random_forest,absolute,fold_3,3h,ppb
2026-08-18T14:00:00Z,1,12.13,12.07,12.118831839402427,0.011168160597573973,random_forest,absolute,fold_3,3h,ppb
2026-08-18T14:15:00Z,1,12.12,12.07,12.117967256069088,0.0020327439309113515,random_forest,absolute,fold_3,3h,ppb
2026-08-18T14:30:00Z,1,12.1,11.99,12.113845767195762,-0.013845767195762804,random_forest,absolute,fold_3,3h,ppb
2026-08-18T14:45:00Z,1,12.1,11.94,12.107335377762208,-0.007335377762208495,random_forest,absolute,fold_3,3h,ppb
2026-08-18T15:00:00Z,1,12.1,11.89,12.095872403828372,0.004127596171628056,random_forest,absolute,fold_3,3h,ppb
2026-08-18T15:15:00Z,1,12.08,11.98,12.094762382617521,-0.014762382617520942,random_forest,absolute,fold_3,3h,ppb
2026-08-18T15:30:00Z,1,12.08,12.02,12.09306543459192,-0.013065434591920777,random_forest,absolute,fold_3,3h,ppb
2026-08-18T15:45:00Z,1,12.09,12.05,12.092997064408708,-0.002997064408708283,random_forest,absolute,fold_3,3h,ppb
2026-08-18T16:00:00Z,1,12.1,12.13,12.093307058321122,0.006692941678878128,random_forest,absolute,fold_3,3h,ppb
2026-08-18T16:15:00Z,1,12.1,12.22,12.092531180736051,0.00746881926394849,random_forest,absolute,fold_3,3h,ppb
2026-08-18T16:30:00Z,1,12.11,12.18,12.085681502506787,0.02431849749321202,random_forest,absolute,fold_3,3h,ppb
2026-08-18T16:45:00Z,1,12.1,12.14,12.081744392538129,0.018255607461870937,random_forest,absolute,fold_3,3h,ppb
2026-08-18T17:00:00Z,1,12.1,12.13,12.086634702404439,0.013365297595560932,random_forest,absolute,fold_3,3h,ppb
2026-08-18T17:15:00Z,1,12.1,12.12,12.091114114691639,0.008885885308361097,random_forest,absolute,fold_3,3h,ppb
2026-08-18T17:30:00Z,1,12.08,12.1,12.092668204691917,-0.01266820469191643,random_forest,absolute,fold_3,3h,ppb
2026-08-18T17:45:00Z,1,12.07,12.1,12.094120662848965,-0.02412066284896497,random_forest,absolute,fold_3,3h,ppb
2026-08-18T18:00:00Z,1,12.08,12.1,12.088570124832884,-0.008570124832884218,random_forest,absolute,fold_3,3h,ppb
2026-08-18T18:15:00Z,1,12.09,12.08,12.0928662433631,-0.0028662433630994855,random_forest,absolute,fold_3,3h,ppb
2026-08-18T18:30:00Z,1,12.08,12.08,12.094230747057932,-0.014230747057931481,random_forest,absolute,fold_3,3h,ppb
2026-08-18T18:45:00Z,1,12.08,12.09,12.093733976336914,-0.013733976336913756,random_forest,absolute,fold_3,3h,ppb
2026-08-18T19:00:00Z,1,12.08,12.1,12.087022141541297,-0.007022141541296989,random_forest,absolute,fold_3,3h,ppb
2026-08-18T19:15:00Z,1,12.08,12.1,12.085723779479872,-0.0057237794798723485,random_forest,absolute,fold_3,3h,ppb
2026-08-18T19:30:00Z,1,12.08,12.11,12.087671050803243,-0.007671050803242707,random_forest,absolute,fold_3,3h,ppb
2026-08-18T19:45:00Z,1,12.09,12.1,12.088381426323593,0.0016185736764064984,random_forest,absolute,fold_3,3h,ppb
2026-08-18T20:00:00Z,1,12.1,12.1,12.090575090826244,0.009424909173755935,random_forest,absolute,fold_3,3h,ppb
2026-08-18T20:15:00Z,1,12.1,12.1,12.090365298866816,0.009634701133183654,random_forest,absolute,fold_3,3h,ppb
2026-08-18T20:30:00Z,1,12.1,12.08,12.090959514126949,0.00904048587305084,random_forest,absolute,fold_3,3h,ppb
2026-08-18T20:45:00Z,1,12.09,12.07,12.090423344668435,-0.00042334466843563234,random_forest,absolute,fold_3,3h,ppb
2026-08-18T21:00:00Z,1,12.1,12.08,12.088018462050023,0.011981537949976584,random_forest,absolute,fold_3,3h,ppb
2026-08-18T21:15:00Z,1,12.1,12.09,12.089953379977905,0.010046620022094999,random_forest,absolute,fold_3,3h,ppb
2026-08-18T21:30:00Z,1,12.09,12.08,12.08953217946933,0.00046782053066962703,random_forest,absolute,fold_3,3h,ppb
2026-08-18T21:45:00Z,1,12.09,12.08,12.090313982602318,-0.0003139826023179637,random_forest,absolute,fold_3,3h,ppb
2026-08-18T22:00:00Z,1,12.1,12.08,12.095008709795922,0.004991290204078069,random_forest,absolute,fold_3,3h,ppb
2026-08-18T22:15:00Z,1,12.12,12.08,12.094775426528425,0.02522457347157392,random_forest,absolute,fold_3,3h,ppb
2026-08-18T22:30:00Z,1,12.12,12.08,12.094370136646928,0.02562986335307116,random_forest,absolute,fold_3,3h,ppb
2026-08-18T22:45:00Z,1,12.11,12.09,12.095495340308636,0.014504659691363386,random_forest,absolute,fold_3,3h,ppb
2026-08-18T23:00:00Z,1,12.1,12.1,12.097509284087346,0.002490715912653485,random_forest,absolute,fold_3,3h,ppb
2026-08-18T23:15:00Z,1,12.1,12.1,12.098245426754291,0.0017545732457087126,random_forest,absolute,fold_3,3h,ppb
2026-08-18T23:30:00Z,1,12.1,12.1,12.09901427748299,0.0009857225170097905,random_forest,absolute,fold_3,3h,ppb
2026-08-18T23:45:00Z,1,12.11,12.09,12.10274210894891,0.007257891051089871,random_forest,absolute,fold_3,3h,ppb
2026-08-19T00:00:00Z,1,12.1,12.1,12.088144179894167,0.011855820105832748,random_forest,absolute,fold_3,3h,ppb
2026-08-19T00:15:00Z,1,12.11,12.1,12.085998055555544,0.024001944444455248,random_forest,absolute,fold_3,3h,ppb
2026-08-19T00:30:00Z,1,12.11,12.09,12.08846759259258,0.021532407407418575,random_forest,absolute,fold_3,3h,ppb
2026-08-19T00:45:00Z,1,12.11,12.09,12.086625925925915,0.023374074074084206,random_forest,absolute,fold_3,3h,ppb
2026-08-19T01:00:00Z,1,12.1,12.1,12.074903306878296,0.025096693121703595,random_forest,absolute,fold_3,3h,ppb
2026-08-19T01:15:00Z,1,12.1,12.12,12.064782782186935,0.03521721781306475,random_forest,absolute,fold_3,3h,ppb
2026-08-19T01:30:00Z,1,12.09,12.12,12.063073059964715,0.02692694003528473,random_forest,absolute,fold_3,3h,ppb
2026-08-19T01:45:00Z,1,12.14,12.11,12.062319819223976,0.07768018077602434,random_forest,absolute,fold_3,3h,ppb
2026-08-19T02:00:00Z,1,12.05,12.1,12.061833597883588,-0.011833597883587288,random_forest,absolute,fold_3,3h,ppb
2026-08-19T02:15:00Z,1,12.05,12.1,12.064054894179884,-0.014054894179883703,random_forest,absolute,fold_3,3h,ppb
2026-08-19T02:30:00Z,1,12.04,12.1,12.062107716049372,-0.022107716049372783,random_forest,absolute,fold_3,3h,ppb
2026-08-19T02:45:00Z,1,12.08,12.11,12.058757054673709,0.021242945326291007,random_forest,absolute,fold_3,3h,ppb
2026-08-19T03:00:00Z,1,12.11,12.1,12.024716515894546,0.08528348410545306,random_forest,absolute,fold_3,3h,ppb
2026-08-19T03:15:00Z,1,12.05,12.11,12.025170689001301,0.024829310998699228,random_forest,absolute,fold_3,3h,ppb
2026-08-19T03:30:00Z,1,11.98,12.11,12.033272757094478,-0.05327275709447754,random_forest,absolute,fold_3,3h,ppb
2026-08-19T03:45:00Z,1,11.97,12.11,12.02531465459422,-0.0553146545942198,random_forest,absolute,fold_3,3h,ppb
2026-08-19T04:00:00Z,1,11.99,12.1,12.01971994630916,-0.029719946309159084,random_forest,absolute,fold_3,3h,ppb
2026-08-19T04:15:00Z,1,12.03,12.1,12.014250528832559,0.015749471167440632,random_forest,absolute,fold_3,3h,ppb
2026-08-19T04:30:00Z,1,12.05,12.09,12.014988220049709,0.03501177995029181,random_forest,absolute,fold_3,3h,ppb
2026-08-19T04:45:00Z,1,12.02,12.14,12.028065984801252,-0.008065984801252313,random_forest,absolute,fold_3,3h,ppb
2026-08-19T05:00:00Z,1,12.0,12.05,12.002374266446594,-0.00237426644659422,random_forest,absolute,fold_3,3h,ppb
2026-08-19T05:15:00Z,1,12.02,12.05,11.99870951562445,0.021290484375549923,random_forest,absolute,fold_3,3h,ppb
2026-08-19T05:30:00Z,1,12.0,12.04,11.99786135768436,0.0021386423156393164,random_forest,absolute,fold_3,3h,ppb
2026-08-19T05:45:00Z,1,12.03,12.08,12.011064776734777,0.018935223265222234,random_forest,absolute,fold_3,3h,ppb
2026-08-19T06:00:00Z,1,12.03,12.11,12.034807143929743,-0.004807143929744129,random_forest,absolute,fold_3,3h,ppb
2026-08-19T06:15:00Z,1,12.0,12.05,12.016664676328869,-0.01666467632886892,random_forest,absolute,fold_3,3h,ppb
2026-08-19T06:30:00Z,1,12.02,11.98,12.001213165794338,0.018786834205661407,random_forest,absolute,fold_3,3h,ppb
2026-08-19T06:45:00Z,1,12.08,11.97,12.005441946228943,0.07455805377105662,random_forest,absolute,fold_3,3h,ppb
2026-08-19T07:00:00Z,1,12.03,11.99,12.016695611467668,0.013304388532331402,random_forest,absolute,fold_3,3h,ppb
2026-08-19T07:15:00Z,1,12.05,12.03,12.018504413956137,0.03149558604386371,random_forest,absolute,fold_3,3h,ppb
2026-08-19T07:30:00Z,1,12.03,12.05,12.015168737421252,0.014831262578747229,random_forest,absolute,fold_3,3h,ppb
2026-08-19T07:45:00Z,1,12.01,12.02,12.016769125282712,-0.0067691252827124515,random_forest,absolute,fold_3,3h,ppb
2026-08-19T08:00:00Z,1,12.01,12.0,12.016131023741963,-0.006131023741962949,random_forest,absolute,fold_3,3h,ppb
2026-08-19T08:15:00Z,1,12.02,12.02,12.018071239656862,0.0019287603431372702,random_forest,absolute,fold_3,3h,ppb
2026-08-19T08:30:00Z,1,12.02,12.0,12.012398643492679,0.0076013565073207445,random_forest,absolute,fold_3,3h,ppb
2026-08-19T08:45:00Z,1,12.03,12.03,12.017725770783176,0.012274229216822974,random_forest,absolute,fold_3,3h,ppb
2026-08-19T09:00:00Z,1,12.02,12.03,12.019920629696644,7.93703033554749e-05,random_forest,absolute,fold_3,3h,ppb
2026-08-19T09:15:00Z,1,12.03,12.0,12.011139419831832,0.01886058016816783,random_forest,absolute,fold_3,3h,ppb
2026-08-19T09:30:00Z,1,12.02,12.02,12.023652568906007,-0.003652568906007403,random_forest,absolute,fold_3,3h,ppb
2026-08-19T09:45:00Z,1,12.04,12.08,12.01712049353131,0.02287950646868886,random_forest,absolute,fold_3,3h,ppb
2026-08-19T10:00:00Z,1,12.05,12.03,12.01986334856182,0.03013665143818045,random_forest,absolute,fold_3,3h,ppb
2026-08-19T10:15:00Z,1,12.06,12.05,12.022278461392547,0.0377215386074532,random_forest,absolute,fold_3,3h,ppb
2026-08-19T10:30:00Z,1,12.06,12.03,12.011859166923092,0.04814083307690886,random_forest,absolute,fold_3,3h,ppb
2026-08-19T10:45:00Z,1,12.06,12.01,12.008117024957462,0.05188297504253825,random_forest,absolute,fold_3,3h,ppb
2026-08-19T11:00:00Z,1,12.03,12.01,12.005074272969823,0.024925727030176148,random_forest,absolute,fold_3,3h,ppb
2026-08-19T11:15:00Z,1,12.04,12.02,12.004027373706258,0.03597262629374143,random_forest,absolute,fold_3,3h,ppb
2026-08-19T11:30:00Z,1,12.04,12.02,12.01450171825207,0.025498281747928786,random_forest,absolute,fold_3,3h,ppb
2026-08-19T11:45:00Z,1,11.99,12.03,12.008625396875233,-0.018625396875233236,random_forest,absolute,fold_3,3h,ppb
2026-08-19T12:00:00Z,1,11.93,12.02,12.005781627840308,-0.07578162784030873,random_forest,absolute,fold_3,3h,ppb
2026-08-19T12:15:00Z,1,11.97,12.03,12.016595560562546,-0.04659556056254566,random_forest,absolute,fold_3,3h,ppb
2026-08-19T12:30:00Z,1,12.03,12.02,12.010473092587176,0.019526907412823036,random_forest,absolute,fold_3,3h,ppb
2026-08-19T12:45:00Z,1,12.08,12.04,12.001411690412452,0.07858830958754837,random_forest,absolute,fold_3,3h,ppb
2026-08-19T13:15:00Z,1,12.21,12.06,12.164443253968265,0.04555674603173543,random_forest,absolute,fold_3,3h,ppb
2026-08-19T13:30:00Z,1,12.16,12.06,12.161309259259271,-0.001309259259270945,random_forest,absolute,fold_3,3h,ppb
2026-08-19T13:45:00Z,1,12.13,12.06,12.161984259259278,-0.031984259259276726,random_forest,absolute,fold_3,3h,ppb
2026-08-19T14:00:00Z,1,12.11,12.03,12.124532897603494,-0.014532897603494632,random_forest,absolute,fold_3,3h,ppb
2026-08-19T14:15:00Z,1,12.13,12.04,12.122899564270154,0.0071004357298463106,random_forest,absolute,fold_3,3h,ppb
2026-08-19T14:30:00Z,1,12.11,12.04,12.123683823529415,-0.013683823529415662,random_forest,absolute,fold_3,3h,ppb
2026-08-19T14:45:00Z,1,12.12,11.99,12.119595596016179,0.0004044039838202451,random_forest,absolute,fold_3,3h,ppb
2026-08-19T15:00:00Z,1,12.11,11.93,12.093925037537266,0.01607496246273321,random_forest,absolute,fold_3,3h,ppb
2026-08-19T15:15:00Z,1,12.11,11.97,12.089833090221957,0.020166909778042807,random_forest,absolute,fold_3,3h,ppb
2026-08-19T15:30:00Z,1,12.11,12.03,12.090179328511777,0.01982067148822253,random_forest,absolute,fold_3,3h,ppb
2026-08-19T15:45:00Z,1,12.1,12.08,12.09030808767637,0.009691912323630092,random_forest,absolute,fold_3,3h,ppb
2026-08-19T16:15:00Z,1,12.11,12.21,12.08805489794308,0.021945102056919907,random_forest,absolute,fold_3,3h,ppb
2026-08-19T16:30:00Z,1,12.11,12.16,12.086296728144887,0.023703271855112007,random_forest,absolute,fold_3,3h,ppb
2026-08-19T16:45:00Z,1,12.1,12.13,12.085874947612087,0.014125052387912618,random_forest,absolute,fold_3,3h,ppb
2026-08-19T17:00:00Z,1,12.11,12.11,12.090725365015752,0.01927463498424764,random_forest,absolute,fold_3,3h,ppb
2026-08-19T17:15:00Z,1,12.1,12.13,12.086209302824777,0.013790697175222633,random_forest,absolute,fold_3,3h,ppb
2026-08-19T17:30:00Z,1,12.12,12.11,12.08732237054409,0.03267762945590924,random_forest,absolute,fold_3,3h,ppb
2026-08-19T17:45:00Z,1,12.11,12.12,12.085121544581954,0.024878455418045675,random_forest,absolute,fold_3,3h,ppb
2026-08-19T18:00:00Z,1,12.09,12.11,12.084353069014307,0.0056469309856925776,random_forest,absolute,fold_3,3h,ppb
2026-08-19T18:15:00Z,1,12.1,12.11,12.084265514481523,0.015734485518477115,random_forest,absolute,fold_3,3h,ppb
2026-08-19T18:30:00Z,1,12.09,12.11,12.083326597986828,0.006673402013172236,random_forest,absolute,fold_3,3h,ppb
2026-08-19T18:45:00Z,1,12.09,12.1,12.082476639222394,0.0075233607776059586,random_forest,absolute,fold_3,3h,ppb
2026-08-19T19:00:00Z,1,12.08,12.11,12.086609873729781,-0.006609873729781057,random_forest,absolute,fold_3,3h,ppb
2026-08-19T19:15:00Z,1,12.1,12.11,12.084223334167548,0.015776665832451187,random_forest,absolute,fold_3,3h,ppb
2026-08-19T19:30:00Z,1,12.1,12.11,12.086307775130278,0.01369222486972177,random_forest,absolute,fold_3,3h,ppb
2026-08-19T19:45:00Z,1,12.1,12.1,12.086533855064795,0.013466144935204483,random_forest,absolute,fold_3,3h,ppb
2026-08-19T20:00:00Z,1,12.1,12.11,12.087259827938576,0.012740172061423749,random_forest,absolute,fold_3,3h,ppb
2026-08-19T20:15:00Z,1,12.11,12.1,12.089222739497593,0.020777260502406136,random_forest,absolute,fold_3,3h,ppb
2026-08-19T20:30:00Z,1,12.12,12.12,12.088233591774598,0.03176640822540122,random_forest,absolute,fold_3,3h,ppb
2026-08-19T20:45:00Z,1,12.1,12.11,12.087861478000812,0.01213852199918719,random_forest,absolute,fold_3,3h,ppb
2026-08-19T21:00:00Z,1,12.09,12.09,12.085884464371796,0.004115535628203659,random_forest,absolute,fold_3,3h,ppb
2026-08-19T21:15:00Z,1,12.09,12.1,12.087720963025834,0.002279036974165649,random_forest,absolute,fold_3,3h,ppb
2026-08-19T21:30:00Z,1,12.09,12.09,12.087933328598329,0.0020666714016712717,random_forest,absolute,fold_3,3h,ppb
2026-08-19T21:45:00Z,1,12.1,12.09,12.08740156635221,0.01259843364779023,random_forest,absolute,fold_3,3h,ppb
2026-08-19T22:00:00Z,1,12.11,12.08,12.09433974411986,0.015660255880138862,random_forest,absolute,fold_3,3h,ppb
2026-08-19T22:15:00Z,1,12.11,12.1,12.092102415234857,0.017897584765142582,random_forest,absolute,fold_3,3h,ppb
2026-08-19T22:30:00Z,1,12.1,12.1,12.093444300952104,0.006555699047895658,random_forest,absolute,fold_3,3h,ppb
2026-08-19T22:45:00Z,1,12.1,12.1,12.09322596761877,0.0067740323812301995,random_forest,absolute,fold_3,3h,ppb
2026-08-19T23:00:00Z,1,12.1,12.1,12.092707422261821,0.007292577738178707,random_forest,absolute,fold_3,3h,ppb
2026-08-19T23:15:00Z,1,12.1,12.11,12.092363116889258,0.007636883110741621,random_forest,absolute,fold_3,3h,ppb
2026-08-19T23:30:00Z,1,12.1,12.12,12.09261457191571,0.007385428084289103,random_forest,absolute,fold_3,3h,ppb
2026-08-19T23:45:00Z,1,12.11,12.1,12.092471113134346,0.017528886865653348,random_forest,absolute,fold_3,3h,ppb
2026-08-16T00:00:00Z,1,12.11,12.09,12.092541356309743,0.01745864369025618,random_forest,delta,fold_3,3h,ppb
2026-08-16T00:15:00Z,1,12.11,12.08,12.091698586491395,0.01830141350860437,random_forest,delta,fold_3,3h,ppb
2026-08-16T00:30:00Z,1,12.13,12.07,12.089589903349896,0.04041009665010442,random_forest,delta,fold_3,3h,ppb
2026-08-16T00:45:00Z,1,12.11,12.06,12.079734082641664,0.03026591735833506,random_forest,delta,fold_3,3h,ppb
2026-08-16T01:00:00Z,1,12.09,12.08,12.086356950383145,0.00364304961685491,random_forest,delta,fold_3,3h,ppb
2026-08-16T01:15:00Z,1,12.09,12.08,12.088422541236842,0.0015774587631582904,random_forest,delta,fold_3,3h,ppb
2026-08-16T01:30:00Z,1,12.1,12.1,12.0688411026231,0.031158897376899475,random_forest,delta,fold_3,3h,ppb
2026-08-16T01:45:00Z,1,12.11,12.11,12.06612486916006,0.04387513083993966,random_forest,delta,fold_3,3h,ppb
2026-08-16T02:00:00Z,1,12.06,12.11,12.045949937870772,0.01405006212922899,random_forest,delta,fold_3,3h,ppb
2026-08-16T02:15:00Z,1,12.03,12.13,12.076925066137568,-0.046925066137568194,random_forest,delta,fold_3,3h,ppb
2026-08-16T02:30:00Z,1,12.03,12.14,12.086213888888889,-0.05621388888888923,random_forest,delta,fold_3,3h,ppb
2026-08-16T02:45:00Z,1,12.0,12.11,12.058999199801569,-0.05899919980156909,random_forest,delta,fold_3,3h,ppb
2026-08-16T03:00:00Z,1,12.08,12.11,12.03400376984127,0.04599623015873,random_forest,delta,fold_3,3h,ppb
2026-08-16T03:15:00Z,1,12.03,12.11,12.033672288359789,-0.0036722883597892775,random_forest,delta,fold_3,3h,ppb
2026-08-16T03:30:00Z,1,12.09,12.13,12.054135824514992,0.035864175485007976,random_forest,delta,fold_3,3h,ppb
2026-08-16T03:45:00Z,1,12.05,12.11,12.035247552910052,0.014752447089948717,random_forest,delta,fold_3,3h,ppb
2026-08-16T04:00:00Z,1,12.02,12.09,12.016887370318498,0.0031126296815013887,random_forest,delta,fold_3,3h,ppb
2026-08-16T04:15:00Z,1,12.12,12.09,12.015780054486182,0.10421994551381708,random_forest,delta,fold_3,3h,ppb
2026-08-16T04:30:00Z,1,12.07,12.1,12.027530580195041,0.04246941980495933,random_forest,delta,fold_3,3h,ppb
2026-08-16T04:45:00Z,1,12.26,12.11,12.044505862102675,0.2154941378973252,random_forest,delta,fold_3,3h,ppb
2026-08-16T05:00:00Z,1,12.2,12.06,12.005178751835652,0.19482124816434698,random_forest,delta,fold_3,3h,ppb
2026-08-16T05:15:00Z,1,12.1,12.03,11.994339876982053,0.10566012301794636,random_forest,delta,fold_3,3h,ppb
2026-08-16T05:30:00Z,1,12.11,12.03,12.003746344981659,0.10625365501834061,random_forest,delta,fold_3,3h,ppb
2026-08-16T05:45:00Z,1,12.14,12.0,11.99633990687131,0.1436600931286911,random_forest,delta,fold_3,3h,ppb
2026-08-16T06:00:00Z,1,12.3,12.08,12.044602674157654,0.2553973258423472,random_forest,delta,fold_3,3h,ppb
2026-08-16T06:15:00Z,1,12.36,12.03,12.01579762769928,0.34420237230071926,random_forest,delta,fold_3,3h,ppb
2026-08-16T06:30:00Z,1,12.35,12.09,12.040692748712495,0.309307251287505,random_forest,delta,fold_3,3h,ppb
2026-08-16T06:45:00Z,1,12.35,12.05,12.019030343573954,0.3309696564260456,random_forest,delta,fold_3,3h,ppb
2026-08-16T07:00:00Z,1,12.34,12.02,12.001893308683295,0.338106691316705,random_forest,delta,fold_3,3h,ppb
2026-08-16T07:15:00Z,1,12.33,12.12,12.06594861111111,0.26405138888888935,random_forest,delta,fold_3,3h,ppb
2026-08-16T07:30:00Z,1,12.27,12.07,12.03450718650822,0.23549281349177953,random_forest,delta,fold_3,3h,ppb
2026-08-16T07:45:00Z,1,12.21,12.26,12.160947200176366,0.04905279982363453,random_forest,delta,fold_3,3h,ppb
2026-08-16T08:00:00Z,1,12.1,12.2,12.123010804473303,-0.02301080447330328,random_forest,delta,fold_3,3h,ppb
2026-08-16T08:15:00Z,1,12.11,12.1,12.042173585684495,0.06782641431550473,random_forest,delta,fold_3,3h,ppb
2026-08-16T08:30:00Z,1,12.17,12.11,12.049835523735522,0.12016447626447757,random_forest,delta,fold_3,3h,ppb
2026-08-16T08:45:00Z,1,12.2,12.14,12.07704410417146,0.1229558958285395,random_forest,delta,fold_3,3h,ppb
2026-08-16T09:00:00Z,1,12.22,12.3,12.234421709155043,-0.014421709155042706,random_forest,delta,fold_3,3h,ppb
2026-08-16T09:15:00Z,1,12.21,12.36,12.297919438431938,-0.08791943843193728,random_forest,delta,fold_3,3h,ppb
2026-08-16T09:30:00Z,1,12.15,12.35,12.287822943722944,-0.13782294372294324,random_forest,delta,fold_3,3h,ppb
2026-08-16T09:45:00Z,1,12.17,12.35,12.292912758537758,-0.1229127585377583,random_forest,delta,fold_3,3h,ppb
2026-08-16T10:00:00Z,1,12.19,12.34,12.287656100689434,-0.09765610068943431,random_forest,delta,fold_3,3h,ppb
2026-08-16T10:15:00Z,1,12.16,12.33,12.283515536315535,-0.12351553631553536,random_forest,delta,fold_3,3h,ppb
2026-08-16T10:30:00Z,1,12.22,12.27,12.218729359066858,0.0012706409331428858,random_forest,delta,fold_3,3h,ppb
2026-08-16T10:45:00Z,1,12.16,12.21,12.161637295574796,-0.0016372955747954165,random_forest,delta,fold_3,3h,ppb
2026-08-16T11:00:00Z,1,12.18,12.1,12.074456068812603,0.10554393118739647,random_forest,delta,fold_3,3h,ppb
2026-08-16T11:15:00Z,1,12.2,12.11,12.087032385762386,0.11296761423761303,random_forest,delta,fold_3,3h,ppb
2026-08-16T11:30:00Z,1,12.29,12.17,12.121611920795255,0.1683880792047443,random_forest,delta,fold_3,3h,ppb
2026-08-16T11:45:00Z,1,12.16,12.2,12.146310245310245,0.013689754689755418,random_forest,delta,fold_3,3h,ppb
2026-08-16T12:00:00Z,1,12.28,12.22,12.156863177409011,0.1231368225909879,random_forest,delta,fold_3,3h,ppb
2026-08-16T12:15:00Z,1,12.19,12.21,12.163490007215009,0.026509992784991,random_forest,delta,fold_3,3h,ppb
2026-08-16T12:30:00Z,1,12.08,12.15,12.11102711038961,-0.031027110389610257,random_forest,delta,fold_3,3h,ppb
2026-08-16T12:45:00Z,1,12.16,12.17,12.12542977793811,0.03457022206188931,random_forest,delta,fold_3,3h,ppb
2026-08-16T13:00:00Z,1,12.3,12.19,12.192955665784831,0.10704433421516946,random_forest,delta,fold_3,3h,ppb
2026-08-16T13:15:00Z,1,12.38,12.16,12.17112524250441,0.20887475749559137,random_forest,delta,fold_3,3h,ppb
2026-08-16T13:30:00Z,1,12.34,12.22,12.213668694885362,0.12633130511463797,random_forest,delta,fold_3,3h,ppb
2026-08-16T13:45:00Z,1,12.31,12.16,12.173615917107584,0.1363840828924161,random_forest,delta,fold_3,3h,ppb
2026-08-16T14:00:00Z,1,12.22,12.18,12.181556591710757,0.03844340828924331,random_forest,delta,fold_3,3h,ppb
2026-08-16T14:15:00Z,1,12.16,12.2,12.200745745149911,-0.04074574514991092,random_forest,delta,fold_3,3h,ppb
2026-08-16T14:30:00Z,1,12.13,12.29,12.255968959435625,-0.12596895943562458,random_forest,delta,fold_3,3h,ppb
2026-08-16T14:45:00Z,1,12.1,12.16,12.155266181657849,-0.055266181657849245,random_forest,delta,fold_3,3h,ppb
2026-08-16T15:00:00Z,1,12.1,12.28,12.230248787477953,-0.130248787477953,random_forest,delta,fold_3,3h,ppb
2026-08-16T15:15:00Z,1,12.1,12.19,12.175231591710759,-0.0752315917107591,random_forest,delta,fold_3,3h,ppb
2026-08-16T15:30:00Z,1,12.08,12.08,12.120580234276096,-0.040580234276095695,random_forest,delta,fold_3,3h,ppb
2026-08-16T15:45:00Z,1,12.07,12.16,12.141760582010582,-0.07176058201058133,random_forest,delta,fold_3,3h,ppb
2026-08-16T16:00:00Z,1,12.07,12.3,12.197815277777778,-0.12781527777777768,random_forest,delta,fold_3,3h,ppb
2026-08-16T16:15:00Z,1,12.08,12.38,12.264707407407409,-0.18470740740740865,random_forest,delta,fold_3,3h,ppb
2026-08-16T16:30:00Z,1,12.07,12.34,12.233183862433862,-0.1631838624338613,random_forest,delta,fold_3,3h,ppb
2026-08-16T16:45:00Z,1,12.08,12.31,12.206046296296297,-0.1260462962962965,random_forest,delta,fold_3,3h,ppb
2026-08-16T17:00:00Z,1,12.08,12.22,12.125256772486773,-0.0452567724867734,random_forest,delta,fold_3,3h,ppb
2026-08-16T17:15:00Z,1,12.09,12.16,12.08426273088023,0.0057372691197699055,random_forest,delta,fold_3,3h,ppb
2026-08-16T17:30:00Z,1,12.09,12.13,12.065877038640373,0.02412296135962677,random_forest,delta,fold_3,3h,ppb
2026-08-16T17:45:00Z,1,12.07,12.1,12.085757571945758,-0.01575757194575722,random_forest,delta,fold_3,3h,ppb
2026-08-16T18:00:00Z,1,12.08,12.1,12.092487872572612,-0.012487872572611636,random_forest,delta,fold_3,3h,ppb
2026-08-16T18:15:00Z,1,12.08,12.1,12.098194774647245,-0.018194774647245282,random_forest,delta,fold_3,3h,ppb
2026-08-16T18:30:00Z,1,12.06,12.08,12.089761644785352,-0.029761644785351038,random_forest,delta,fold_3,3h,ppb
2026-08-16T18:45:00Z,1,12.07,12.07,12.086340504016718,-0.016340504016717716,random_forest,delta,fold_3,3h,ppb
2026-08-16T19:00:00Z,1,12.07,12.07,12.08730180263421,-0.01730180263420955,random_forest,delta,fold_3,3h,ppb
2026-08-16T19:15:00Z,1,12.08,12.08,12.084422993817498,-0.004422993817497556,random_forest,delta,fold_3,3h,ppb
2026-08-16T19:30:00Z,1,12.09,12.07,12.082210506839775,0.007789493160224481,random_forest,delta,fold_3,3h,ppb
2026-08-16T19:45:00Z,1,12.08,12.08,12.087062930871236,-0.007062930871235551,random_forest,delta,fold_3,3h,ppb
2026-08-16T20:00:00Z,1,12.07,12.08,12.08740153185909,-0.01740153185908966,random_forest,delta,fold_3,3h,ppb
2026-08-16T20:15:00Z,1,12.07,12.09,12.085582100643895,-0.015582100643895203,random_forest,delta,fold_3,3h,ppb
2026-08-16T20:30:00Z,1,12.07,12.09,12.084368709259815,-0.014368709259814594,random_forest,delta,fold_3,3h,ppb
2026-08-16T20:45:00Z,1,12.08,12.07,12.08763620333714,-0.007636203337140657,random_forest,delta,fold_3,3h,ppb
2026-08-16T21:00:00Z,1,12.07,12.08,12.087990190507867,-0.017990190507866544,random_forest,delta,fold_3,3h,ppb
2026-08-16T21:15:00Z,1,12.08,12.08,12.086868562853448,-0.006868562853448168,random_forest,delta,fold_3,3h,ppb
2026-08-16T21:30:00Z,1,12.09,12.06,12.085686061121859,0.0043139388781412435,random_forest,delta,fold_3,3h,ppb
2026-08-16T21:45:00Z,1,12.1,12.07,12.086106779860952,0.013893220139047813,random_forest,delta,fold_3,3h,ppb
2026-08-16T22:00:00Z,1,12.09,12.07,12.086457585524547,0.00354241447545256,random_forest,delta,fold_3,3h,ppb
2026-08-16T22:15:00Z,1,12.09,12.08,12.088711323545697,0.0012886764543029727,random_forest,delta,fold_3,3h,ppb
2026-08-16T22:30:00Z,1,12.13,12.09,12.086054378446365,0.043945621553636016,random_forest,delta,fold_3,3h,ppb
2026-08-16T22:45:00Z,1,12.12,12.08,12.086620014442591,0.033379985557408176,random_forest,delta,fold_3,3h,ppb
2026-08-16T23:00:00Z,1,12.1,12.07,12.08704533008787,0.012954669912129901,random_forest,delta,fold_3,3h,ppb
2026-08-16T23:15:00Z,1,12.12,12.07,12.08793668811256,0.03206331188743938,random_forest,delta,fold_3,3h,ppb
2026-08-16T23:30:00Z,1,12.12,12.07,12.088244748010217,0.03175525198978235,random_forest,delta,fold_3,3h,ppb
2026-08-16T23:45:00Z,1,12.13,12.08,12.086233200312927,0.04376679968707364,random_forest,delta,fold_3,3h,ppb
2026-08-17T00:00:00Z,1,12.12,12.07,12.087915173649964,0.032084826350034845,random_forest,delta,fold_3,3h,ppb
2026-08-17T00:15:00Z,1,12.11,12.08,12.08726902635055,0.022730973649450092,random_forest,delta,fold_3,3h,ppb
2026-08-17T00:30:00Z,1,12.11,12.09,12.087199440798862,0.022800559201137105,random_forest,delta,fold_3,3h,ppb
2026-08-17T00:45:00Z,1,12.09,12.1,12.083101023265375,0.006898976734625251,random_forest,delta,fold_3,3h,ppb
2026-08-17T01:00:00Z,1,12.11,12.09,12.07914807973973,0.03085192026026995,random_forest,delta,fold_3,3h,ppb
2026-08-17T01:15:00Z,1,12.09,12.09,12.080795918132504,0.009204081867496328,random_forest,delta,fold_3,3h,ppb
2026-08-17T01:30:00Z,1,12.08,12.13,12.085199913512414,-0.0051999135124134455,random_forest,delta,fold_3,3h,ppb
2026-08-17T01:45:00Z,1,12.09,12.12,12.087628006401614,0.002371993598385913,random_forest,delta,fold_3,3h,ppb
2026-08-17T02:00:00Z,1,12.09,12.1,12.057510130382937,0.032489869617062794,random_forest,delta,fold_3,3h,ppb
2026-08-17T02:15:00Z,1,12.08,12.12,12.077384719276823,0.0026152807231767383,random_forest,delta,fold_3,3h,ppb
2026-08-17T02:30:00Z,1,12.01,12.12,12.081220652325257,-0.0712206523252572,random_forest,delta,fold_3,3h,ppb
2026-08-17T02:45:00Z,1,12.01,12.13,12.081181525573193,-0.07118152557319313,random_forest,delta,fold_3,3h,ppb
2026-08-17T03:00:00Z,1,12.07,12.12,12.05285012926888,0.017149870731120842,random_forest,delta,fold_3,3h,ppb
2026-08-17T03:15:00Z,1,11.99,12.11,12.035313878251378,-0.04531387825137756,random_forest,delta,fold_3,3h,ppb
2026-08-17T03:30:00Z,1,11.99,12.11,12.036420814679147,-0.046420814679146716,random_forest,delta,fold_3,3h,ppb
2026-08-17T03:45:00Z,1,12.01,12.09,12.028181119929453,-0.01818111992945326,random_forest,delta,fold_3,3h,ppb
2026-08-17T04:00:00Z,1,12.09,12.11,12.030887327024827,0.0591126729751732,random_forest,delta,fold_3,3h,ppb
2026-08-17T04:15:00Z,1,12.0,12.09,12.022655723104057,-0.022655723104056946,random_forest,delta,fold_3,3h,ppb
2026-08-17T04:30:00Z,1,11.98,12.08,12.02422917989418,-0.04422917989417918,random_forest,delta,fold_3,3h,ppb
2026-08-17T04:45:00Z,1,11.98,12.09,12.035500762786596,-0.055500762786595104,random_forest,delta,fold_3,3h,ppb
2026-08-17T05:00:00Z,1,11.99,12.09,12.034015594559762,-0.04401559455976134,random_forest,delta,fold_3,3h,ppb
2026-08-17T05:15:00Z,1,12.03,12.08,12.0335116987778,-0.003511698777801442,random_forest,delta,fold_3,3h,ppb
2026-08-17T05:30:00Z,1,12.06,12.01,11.985573744283762,0.07442625571623829,random_forest,delta,fold_3,3h,ppb
2026-08-17T05:45:00Z,1,12.04,12.01,11.987893153510177,0.052106846489822445,random_forest,delta,fold_3,3h,ppb
2026-08-17T06:00:00Z,1,11.98,12.07,12.034571121582596,-0.054571121582595694,random_forest,delta,fold_3,3h,ppb
2026-08-17T06:15:00Z,1,12.05,11.99,12.003433257684698,0.04656674231530289,random_forest,delta,fold_3,3h,ppb
2026-08-17T06:30:00Z,1,12.05,11.99,12.013236802122666,0.03676319787733462,random_forest,delta,fold_3,3h,ppb
2026-08-17T06:45:00Z,1,12.07,12.01,12.00903553621293,0.060964463787069434,random_forest,delta,fold_3,3h,ppb
2026-08-17T07:00:00Z,1,11.99,12.09,12.050480839596599,-0.06048083959659856,random_forest,delta,fold_3,3h,ppb
2026-08-17T07:15:00Z,1,12.02,12.0,11.997061836179183,0.02293816382081637,random_forest,delta,fold_3,3h,ppb
2026-08-17T07:30:00Z,1,12.07,11.98,12.011885918288094,0.05811408171190635,random_forest,delta,fold_3,3h,ppb
2026-08-17T07:45:00Z,1,12.06,11.98,12.018827041489512,0.0411729585104883,random_forest,delta,fold_3,3h,ppb
2026-08-17T08:00:00Z,1,12.01,11.99,12.030125770244952,-0.020125770244952434,random_forest,delta,fold_3,3h,ppb
2026-08-17T08:15:00Z,1,12.05,12.03,12.025942755187938,0.02405724481206306,random_forest,delta,fold_3,3h,ppb
2026-08-17T08:30:00Z,1,12.09,12.06,12.023590614878948,0.06640938512105166,random_forest,delta,fold_3,3h,ppb
2026-08-17T08:45:00Z,1,12.02,12.04,12.014355781911132,0.005644218088868058,random_forest,delta,fold_3,3h,ppb
2026-08-17T09:00:00Z,1,12.05,11.98,11.99980448772823,0.050195512271770326,random_forest,delta,fold_3,3h,ppb
2026-08-17T09:15:00Z,1,12.03,12.05,12.028114140116816,0.0018858598831830164,random_forest,delta,fold_3,3h,ppb
2026-08-17T09:30:00Z,1,12.02,12.05,12.032382480341408,-0.012382480341408098,random_forest,delta,fold_3,3h,ppb
2026-08-17T09:45:00Z,1,12.04,12.07,12.038059601823923,0.0019403981760763855,random_forest,delta,fold_3,3h,ppb
2026-08-17T10:00:00Z,1,12.0,11.99,11.99612838387529,0.003871616124710542,random_forest,delta,fold_3,3h,ppb
2026-08-17T10:15:00Z,1,12.0,12.02,12.019131179843914,-0.01913117984391377,random_forest,delta,fold_3,3h,ppb
2026-08-17T10:30:00Z,1,12.0,12.07,12.043854020753233,-0.043854020753233414,random_forest,delta,fold_3,3h,ppb
2026-08-17T10:45:00Z,1,12.02,12.06,12.043128789271751,-0.02312878927175177,random_forest,delta,fold_3,3h,ppb
2026-08-17T11:00:00Z,1,12.02,12.01,11.98410821885669,0.03589178114330949,random_forest,delta,fold_3,3h,ppb
2026-08-17T11:15:00Z,1,12.05,12.05,12.015786516229689,0.03421348377031208,random_forest,delta,fold_3,3h,ppb
2026-08-17T11:30:00Z,1,12.08,12.09,12.062110914477582,0.017889085522417858,random_forest,delta,fold_3,3h,ppb
2026-08-17T11:45:00Z,1,12.03,12.02,12.008994027376145,0.021005972623854063,random_forest,delta,fold_3,3h,ppb
2026-08-17T12:00:00Z,1,11.99,12.05,12.037853477232645,-0.04785347723264444,random_forest,delta,fold_3,3h,ppb
2026-08-17T12:15:00Z,1,12.01,12.03,12.018143822187886,-0.00814382218788623,random_forest,delta,fold_3,3h,ppb
2026-08-17T12:30:00Z,1,11.98,12.02,12.004492051504865,-0.024492051504864776,random_forest,delta,fold_3,3h,ppb
2026-08-17T12:45:00Z,1,12.13,12.04,12.036998912699227,0.09300108730077383,random_forest,delta,fold_3,3h,ppb
2026-08-17T13:00:00Z,1,12.1,12.0,12.095609139046953,0.004390860953046527,random_forest,delta,fold_3,3h,ppb
2026-08-17T13:15:00Z,1,12.15,12.0,12.095067714884696,0.05493228511530468,random_forest,delta,fold_3,3h,ppb
2026-08-17T13:30:00Z,1,12.16,12.0,12.098563746630727,0.06143625336927272,random_forest,delta,fold_3,3h,ppb
2026-08-17T13:45:00Z,1,12.14,12.02,12.110366524408505,0.02963347559149554,random_forest,delta,fold_3,3h,ppb
2026-08-17T14:00:00Z,1,12.14,12.02,12.113966800983782,0.02603319901621859,random_forest,delta,fold_3,3h,ppb
2026-08-17T14:15:00Z,1,12.12,12.05,12.126533720175702,-0.006533720175703195,random_forest,delta,fold_3,3h,ppb
2026-08-17T14:30:00Z,1,12.12,12.08,12.140765543543077,-0.020765543543078024,random_forest,delta,fold_3,3h,ppb
2026-08-17T14:45:00Z,1,12.11,12.03,12.118716360066674,-0.008716360066674866,random_forest,delta,fold_3,3h,ppb
2026-08-17T15:00:00Z,1,12.11,11.99,12.092030026455026,0.017969973544973428,random_forest,delta,fold_3,3h,ppb
2026-08-17T15:15:00Z,1,12.09,12.01,12.095127900069881,-0.005127900069881619,random_forest,delta,fold_3,3h,ppb
2026-08-17T15:30:00Z,1,12.11,11.98,12.087669105277438,0.022330894722561112,random_forest,delta,fold_3,3h,ppb
2026-08-17T15:45:00Z,1,12.1,12.13,12.119790343915344,-0.01979034391534462,random_forest,delta,fold_3,3h,ppb
2026-08-17T16:00:00Z,1,12.11,12.1,12.071011039285104,0.03898896071489588,random_forest,delta,fold_3,3h,ppb
2026-08-17T16:15:00Z,1,12.11,12.15,12.085205423280424,0.02479457671957519,random_forest,delta,fold_3,3h,ppb
2026-08-17T16:30:00Z,1,12.1,12.16,12.090676058201058,0.009323941798941249,random_forest,delta,fold_3,3h,ppb
2026-08-17T16:45:00Z,1,12.1,12.14,12.083207301587302,0.01679269841269715,random_forest,delta,fold_3,3h,ppb
2026-08-17T17:00:00Z,1,12.1,12.14,12.084489246031746,0.015510753968253965,random_forest,delta,fold_3,3h,ppb
2026-08-17T17:15:00Z,1,12.09,12.12,12.08166517101731,0.008334828982690112,random_forest,delta,fold_3,3h,ppb
2026-08-17T17:30:00Z,1,12.07,12.12,12.08241667661955,-0.012416676619549705,random_forest,delta,fold_3,3h,ppb
2026-08-17T17:45:00Z,1,12.09,12.11,12.090343669556423,-0.0003436695564236203,random_forest,delta,fold_3,3h,ppb
2026-08-17T18:00:00Z,1,12.08,12.11,12.094097947720648,-0.014097947720648207,random_forest,delta,fold_3,3h,ppb
2026-08-17T18:15:00Z,1,12.1,12.09,12.08247345412328,0.01752654587671998,random_forest,delta,fold_3,3h,ppb
2026-08-17T18:30:00Z,1,12.12,12.11,12.094043599441273,0.0259564005587265,random_forest,delta,fold_3,3h,ppb
2026-08-17T18:45:00Z,1,12.13,12.1,12.086872144271158,0.04312785572884259,random_forest,delta,fold_3,3h,ppb
2026-08-17T19:00:00Z,1,12.13,12.11,12.09348481375686,0.03651518624314143,random_forest,delta,fold_3,3h,ppb
2026-08-17T19:15:00Z,1,12.13,12.11,12.092488355323898,0.03751164467610302,random_forest,delta,fold_3,3h,ppb
2026-08-17T19:30:00Z,1,12.14,12.1,12.083410452282953,0.056589547717047495,random_forest,delta,fold_3,3h,ppb
2026-08-17T19:45:00Z,1,12.13,12.1,12.084630588601923,0.045369411398077375,random_forest,delta,fold_3,3h,ppb
2026-08-17T20:00:00Z,1,12.11,12.1,12.083667402474644,0.02633259752535544,random_forest,delta,fold_3,3h,ppb
2026-08-17T20:15:00Z,1,12.12,12.09,12.083007536994385,0.036992463005613985,random_forest,delta,fold_3,3h,ppb
2026-08-17T20:30:00Z,1,12.12,12.07,12.0858804213599,0.034119578640099846,random_forest,delta,fold_3,3h,ppb
2026-08-17T20:45:00Z,1,12.12,12.09,12.08497017646399,0.03502982353600892,random_forest,delta,fold_3,3h,ppb
2026-08-17T21:00:00Z,1,12.11,12.08,12.089061144839077,0.020938855160922643,random_forest,delta,fold_3,3h,ppb
2026-08-17T21:15:00Z,1,12.1,12.1,12.08994349520064,0.010056504799360155,random_forest,delta,fold_3,3h,ppb
2026-08-17T21:30:00Z,1,12.1,12.12,12.081833305507896,0.01816669449210373,random_forest,delta,fold_3,3h,ppb
2026-08-17T21:45:00Z,1,12.1,12.13,12.075901476301476,0.024098523698523167,random_forest,delta,fold_3,3h,ppb
2026-08-17T22:00:00Z,1,12.12,12.13,12.076075272258606,0.043924727741393,random_forest,delta,fold_3,3h,ppb
2026-08-17T22:15:00Z,1,12.11,12.13,12.07608718719552,0.033912812804478776,random_forest,delta,fold_3,3h,ppb
2026-08-17T22:30:00Z,1,12.1,12.14,12.082074731287232,0.01792526871276756,random_forest,delta,fold_3,3h,ppb
2026-08-17T22:45:00Z,1,12.1,12.13,12.074201208359542,0.025798791640458063,random_forest,delta,fold_3,3h,ppb
2026-08-17T23:00:00Z,1,12.13,12.11,12.097620070355033,0.03237992964496783,random_forest,delta,fold_3,3h,ppb
2026-08-17T23:15:00Z,1,12.11,12.12,12.087782095889885,0.02221790411011426,random_forest,delta,fold_3,3h,ppb
2026-08-17T23:30:00Z,1,12.11,12.12,12.09325945479641,0.016740545203589363,random_forest,delta,fold_3,3h,ppb
2026-08-17T23:45:00Z,1,12.11,12.12,12.090427071150097,0.019572928849902027,random_forest,delta,fold_3,3h,ppb
2026-08-18T00:00:00Z,1,12.11,12.11,12.09755006109494,0.012449938905058744,random_forest,delta,fold_3,3h,ppb
2026-08-18T00:15:00Z,1,12.11,12.1,12.081346063624625,0.028653936375373945,random_forest,delta,fold_3,3h,ppb
2026-08-18T00:30:00Z,1,12.11,12.1,12.078053749505996,0.03194625049400379,random_forest,delta,fold_3,3h,ppb
2026-08-18T00:45:00Z,1,12.11,12.1,12.077988772375047,0.032011227624952454,random_forest,delta,fold_3,3h,ppb
2026-08-18T01:00:00Z,1,12.11,12.12,12.080415546218488,0.029584453781511755,random_forest,delta,fold_3,3h,ppb
2026-08-18T01:15:00Z,1,12.13,12.11,12.085308281460732,0.04469171853926923,random_forest,delta,fold_3,3h,ppb
2026-08-18T01:30:00Z,1,12.14,12.1,12.079435802469137,0.06056419753086395,random_forest,delta,fold_3,3h,ppb
2026-08-18T01:45:00Z,1,12.08,12.1,12.068821743282708,0.011178256717292001,random_forest,delta,fold_3,3h,ppb
2026-08-18T02:00:00Z,1,12.09,12.13,12.054269462867204,0.03573053713279606,random_forest,delta,fold_3,3h,ppb
2026-08-18T02:15:00Z,1,12.07,12.11,12.071399840051747,-0.001399840051746537,random_forest,delta,fold_3,3h,ppb
2026-08-18T02:30:00Z,1,12.09,12.11,12.071834894637112,0.018165105362887957,random_forest,delta,fold_3,3h,ppb
2026-08-18T02:45:00Z,1,12.09,12.11,12.071518672721615,0.01848132727838525,random_forest,delta,fold_3,3h,ppb
2026-08-18T03:00:00Z,1,12.05,12.11,12.029368159772325,0.020631840227675724,random_forest,delta,fold_3,3h,ppb
2026-08-18T03:15:00Z,1,12.04,12.11,12.028588067179733,0.011411932820266202,random_forest,delta,fold_3,3h,ppb
2026-08-18T03:30:00Z,1,12.04,12.11,12.029598605098604,0.010401394901395022,random_forest,delta,fold_3,3h,ppb
2026-08-18T03:45:00Z,1,12.04,12.11,12.027407335257335,0.012592664742664184,random_forest,delta,fold_3,3h,ppb
2026-08-18T04:00:00Z,1,12.07,12.11,12.028041594516594,0.041958405483406125,random_forest,delta,fold_3,3h,ppb
2026-08-18T04:15:00Z,1,12.05,12.13,12.019574537037037,0.030425462962963223,random_forest,delta,fold_3,3h,ppb
2026-08-18T04:30:00Z,1,12.02,12.14,12.018710125060124,0.0012898749398750908,random_forest,delta,fold_3,3h,ppb
2026-08-18T04:45:00Z,1,12.09,12.08,12.004437384761209,0.08556261523879094,random_forest,delta,fold_3,3h,ppb
2026-08-18T05:00:00Z,1,12.06,12.09,12.012170311094135,0.04782968890586581,random_forest,delta,fold_3,3h,ppb
2026-08-18T05:15:00Z,1,12.02,12.07,12.007603152404775,0.012396847595224969,random_forest,delta,fold_3,3h,ppb
2026-08-18T05:30:00Z,1,12.07,12.09,12.026077117134356,0.04392288286564394,random_forest,delta,fold_3,3h,ppb
2026-08-18T05:45:00Z,1,12.08,12.09,12.031909583011206,0.048090416988793905,random_forest,delta,fold_3,3h,ppb
2026-08-18T06:00:00Z,1,12.06,12.05,11.99954538961039,0.06045461038961086,random_forest,delta,fold_3,3h,ppb
2026-08-18T06:15:00Z,1,11.99,12.04,12.004102805995279,-0.0141028059952788,random_forest,delta,fold_3,3h,ppb
2026-08-18T06:30:00Z,1,11.99,12.04,12.012813729778447,-0.022813729778446756,random_forest,delta,fold_3,3h,ppb
2026-08-18T06:45:00Z,1,12.01,12.04,12.023176300677079,-0.013176300677079311,random_forest,delta,fold_3,3h,ppb
2026-08-18T07:00:00Z,1,12.0,12.07,12.040170521507553,-0.0401705215075534,random_forest,delta,fold_3,3h,ppb
2026-08-18T07:15:00Z,1,12.1,12.05,12.02910062934442,0.07089937065557983,random_forest,delta,fold_3,3h,ppb
2026-08-18T07:30:00Z,1,12.02,12.02,12.009641024024234,0.010358975975766072,random_forest,delta,fold_3,3h,ppb
2026-08-18T07:45:00Z,1,11.99,12.09,12.039881733003504,-0.04988173300350418,random_forest,delta,fold_3,3h,ppb
2026-08-18T08:00:00Z,1,12.02,12.06,12.025494872336681,-0.0054948723366816665,random_forest,delta,fold_3,3h,ppb
2026-08-18T08:15:00Z,1,12.02,12.02,12.008938211011655,0.011061788988344645,random_forest,delta,fold_3,3h,ppb
2026-08-18T08:30:00Z,1,12.02,12.07,12.0251472982395,-0.005147298239499776,random_forest,delta,fold_3,3h,ppb
2026-08-18T08:45:00Z,1,12.02,12.08,12.041335246119026,-0.021335246119026152,random_forest,delta,fold_3,3h,ppb
2026-08-18T09:00:00Z,1,12.0,12.06,12.0337627431254,-0.03376274312540062,random_forest,delta,fold_3,3h,ppb
2026-08-18T09:15:00Z,1,12.01,11.99,11.996458125249422,0.013541874750577776,random_forest,delta,fold_3,3h,ppb
2026-08-18T09:30:00Z,1,12.02,11.99,11.999200562709902,0.0207994372900977,random_forest,delta,fold_3,3h,ppb
2026-08-18T09:45:00Z,1,12.01,12.01,12.015208185141057,-0.005208185141057697,random_forest,delta,fold_3,3h,ppb
2026-08-18T10:00:00Z,1,12.03,12.0,12.009312786899311,0.020687213100687885,random_forest,delta,fold_3,3h,ppb
2026-08-18T10:15:00Z,1,12.05,12.1,12.060652270723104,-0.01065227072310293,random_forest,delta,fold_3,3h,ppb
2026-08-18T10:30:00Z,1,12.03,12.02,12.015678131448045,0.014321868551954609,random_forest,delta,fold_3,3h,ppb
2026-08-18T10:45:00Z,1,12.05,11.99,12.006404504239354,0.043595495760646585,random_forest,delta,fold_3,3h,ppb
2026-08-18T11:00:00Z,1,12.07,12.02,12.01531603896403,0.05468396103596973,random_forest,delta,fold_3,3h,ppb
2026-08-18T11:15:00Z,1,12.07,12.02,12.032184131963689,0.03781586803631143,random_forest,delta,fold_3,3h,ppb
2026-08-18T11:30:00Z,1,11.99,12.02,12.032016349995503,-0.04201634999550308,random_forest,delta,fold_3,3h,ppb
2026-08-18T11:45:00Z,1,11.94,12.02,12.024383986227802,-0.08438398622780241,random_forest,delta,fold_3,3h,ppb
2026-08-18T12:00:00Z,1,11.89,12.0,12.012866180856774,-0.12286618085677325,random_forest,delta,fold_3,3h,ppb
2026-08-18T12:15:00Z,1,11.98,12.01,12.02040951012774,-0.04040951012773952,random_forest,delta,fold_3,3h,ppb
2026-08-18T12:30:00Z,1,12.02,12.02,12.029550080985713,-0.009550080985713194,random_forest,delta,fold_3,3h,ppb
2026-08-18T12:45:00Z,1,12.05,12.01,12.029684705003671,0.02031529499632967,random_forest,delta,fold_3,3h,ppb
2026-08-18T13:00:00Z,1,12.13,12.03,12.124531802186283,0.005468197813717879,random_forest,delta,fold_3,3h,ppb
2026-08-18T13:15:00Z,1,12.22,12.05,12.134165944732192,0.0858340552678083,random_forest,delta,fold_3,3h,ppb
2026-08-18T13:30:00Z,1,12.18,12.03,12.124068800672546,0.055931199327453385,random_forest,delta,fold_3,3h,ppb
2026-08-18T13:45:00Z,1,12.14,12.05,12.146853373015874,-0.006853373015873743,random_forest,delta,fold_3,3h,ppb
2026-08-18T14:00:00Z,1,12.13,12.07,12.139642727420576,-0.009642727420574815,random_forest,delta,fold_3,3h,ppb
2026-08-18T14:15:00Z,1,12.12,12.07,12.13692422092707,-0.01692422092706991,random_forest,delta,fold_3,3h,ppb
2026-08-18T14:30:00Z,1,12.1,11.99,12.089866159611994,0.010133840388006021,random_forest,delta,fold_3,3h,ppb
2026-08-18T14:45:00Z,1,12.1,11.94,12.102711992945325,-0.0027119929453256475,random_forest,delta,fold_3,3h,ppb
2026-08-18T15:00:00Z,1,12.1,11.89,12.093559700176367,0.006440299823632145,random_forest,delta,fold_3,3h,ppb
2026-08-18T15:15:00Z,1,12.08,11.98,12.08528421516755,-0.005284215167549178,random_forest,delta,fold_3,3h,ppb
2026-08-18T15:30:00Z,1,12.08,12.02,12.113645061728395,-0.033645061728394765,random_forest,delta,fold_3,3h,ppb
2026-08-18T15:45:00Z,1,12.09,12.05,12.106295194003529,-0.01629519400352919,random_forest,delta,fold_3,3h,ppb
2026-08-18T16:00:00Z,1,12.1,12.13,12.080401032321141,0.01959896767885816,random_forest,delta,fold_3,3h,ppb
2026-08-18T16:15:00Z,1,12.1,12.22,12.109374007936509,-0.009374007936509443,random_forest,delta,fold_3,3h,ppb
2026-08-18T16:30:00Z,1,12.11,12.18,12.097077513227513,0.012922486772486863,random_forest,delta,fold_3,3h,ppb
2026-08-18T16:45:00Z,1,12.1,12.14,12.076412962962964,0.023587037037035685,random_forest,delta,fold_3,3h,ppb
2026-08-18T17:00:00Z,1,12.1,12.13,12.074848434918545,0.025151565081454663,random_forest,delta,fold_3,3h,ppb
2026-08-18T17:15:00Z,1,12.1,12.12,12.08258340932618,0.017416590673819954,random_forest,delta,fold_3,3h,ppb
2026-08-18T17:30:00Z,1,12.08,12.1,12.085177253960962,-0.005177253960962247,random_forest,delta,fold_3,3h,ppb
2026-08-18T17:45:00Z,1,12.07,12.1,12.090193819481927,-0.020193819481926667,random_forest,delta,fold_3,3h,ppb
2026-08-18T18:00:00Z,1,12.08,12.1,12.088669106322708,-0.008669106322708231,random_forest,delta,fold_3,3h,ppb
2026-08-18T18:15:00Z,1,12.09,12.08,12.084733868617578,0.005266131382422046,random_forest,delta,fold_3,3h,ppb
2026-08-18T18:30:00Z,1,12.08,12.08,12.086515151844718,-0.006515151844718403,random_forest,delta,fold_3,3h,ppb
2026-08-18T18:45:00Z,1,12.08,12.09,12.084874385218248,-0.004874385218247568,random_forest,delta,fold_3,3h,ppb
2026-08-18T19:00:00Z,1,12.08,12.1,12.090835055096207,-0.010835055096206858,random_forest,delta,fold_3,3h,ppb
2026-08-18T19:15:00Z,1,12.08,12.1,12.091044938891946,-0.011044938891945577,random_forest,delta,fold_3,3h,ppb
2026-08-18T19:30:00Z,1,12.08,12.11,12.097658925677548,-0.0176589256775479,random_forest,delta,fold_3,3h,ppb
2026-08-18T19:45:00Z,1,12.09,12.1,12.090999162884566,-0.0009991628845664735,random_forest,delta,fold_3,3h,ppb
2026-08-18T20:00:00Z,1,12.1,12.1,12.091336482380004,0.008663517619995176,random_forest,delta,fold_3,3h,ppb
2026-08-18T20:15:00Z,1,12.1,12.1,12.091481171024693,0.008518828975306647,random_forest,delta,fold_3,3h,ppb
2026-08-18T20:30:00Z,1,12.1,12.08,12.091827709440881,0.008172290559118167,random_forest,delta,fold_3,3h,ppb
2026-08-18T20:45:00Z,1,12.09,12.07,12.090877031307116,-0.0008770313071160274,random_forest,delta,fold_3,3h,ppb
2026-08-18T21:00:00Z,1,12.1,12.08,12.091801722152468,0.008198277847531799,random_forest,delta,fold_3,3h,ppb
2026-08-18T21:15:00Z,1,12.1,12.09,12.088125973375334,0.011874026624665746,random_forest,delta,fold_3,3h,ppb
2026-08-18T21:30:00Z,1,12.09,12.08,12.08820430712678,0.0017956928732196786,random_forest,delta,fold_3,3h,ppb
2026-08-18T21:45:00Z,1,12.09,12.08,12.08797884947114,0.00202115052885965,random_forest,delta,fold_3,3h,ppb
2026-08-18T22:00:00Z,1,12.1,12.08,12.089883209782103,0.010116790217896465,random_forest,delta,fold_3,3h,ppb
2026-08-18T22:15:00Z,1,12.12,12.08,12.088598136743496,0.031401863256503404,random_forest,delta,fold_3,3h,ppb
2026-08-18T22:30:00Z,1,12.12,12.08,12.088085505314547,0.031914494685452155,random_forest,delta,fold_3,3h,ppb
2026-08-18T22:45:00Z,1,12.11,12.09,12.085241731010582,0.024758268989417687,random_forest,delta,fold_3,3h,ppb
2026-08-18T23:00:00Z,1,12.1,12.1,12.089503985539546,0.010496014460454006,random_forest,delta,fold_3,3h,ppb
2026-08-18T23:15:00Z,1,12.1,12.1,12.08898808988767,0.01101191011233027,random_forest,delta,fold_3,3h,ppb
2026-08-18T23:30:00Z,1,12.1,12.1,12.086035844659456,0.013964155340543627,random_forest,delta,fold_3,3h,ppb
2026-08-18T23:45:00Z,1,12.11,12.09,12.086677302648726,0.023322697351273902,random_forest,delta,fold_3,3h,ppb
2026-08-19T00:00:00Z,1,12.1,12.1,12.080138603844714,0.01986139615528515,random_forest,delta,fold_3,3h,ppb
2026-08-19T00:15:00Z,1,12.11,12.1,12.076810561516673,0.03318943848332623,random_forest,delta,fold_3,3h,ppb
2026-08-19T00:30:00Z,1,12.11,12.09,12.076385783183719,0.03361421681628052,random_forest,delta,fold_3,3h,ppb
2026-08-19T00:45:00Z,1,12.11,12.09,12.076033861494297,0.0339661385057024,random_forest,delta,fold_3,3h,ppb
2026-08-19T01:00:00Z,1,12.1,12.1,12.068964616402116,0.03103538359788338,random_forest,delta,fold_3,3h,ppb
2026-08-19T01:15:00Z,1,12.1,12.12,12.079830886243386,0.02016911375661401,random_forest,delta,fold_3,3h,ppb
2026-08-19T01:30:00Z,1,12.09,12.12,12.082369444444444,0.007630555555556029,random_forest,delta,fold_3,3h,ppb
2026-08-19T01:45:00Z,1,12.14,12.11,12.07402447089947,0.0659755291005304,random_forest,delta,fold_3,3h,ppb
2026-08-19T02:00:00Z,1,12.05,12.1,12.06397936378255,-0.013979363782549825,random_forest,delta,fold_3,3h,ppb
2026-08-19T02:15:00Z,1,12.05,12.1,12.065395898174085,-0.015395898174084266,random_forest,delta,fold_3,3h,ppb
2026-08-19T02:30:00Z,1,12.04,12.1,12.06527883468202,-0.02527883468202141,random_forest,delta,fold_3,3h,ppb
2026-08-19T02:45:00Z,1,12.08,12.11,12.069396216098525,0.010603783901474984,random_forest,delta,fold_3,3h,ppb
2026-08-19T03:00:00Z,1,12.11,12.1,12.02638399588047,0.08361600411952885,random_forest,delta,fold_3,3h,ppb
2026-08-19T03:15:00Z,1,12.05,12.11,12.03382605348174,0.016173946518261317,random_forest,delta,fold_3,3h,ppb
2026-08-19T03:30:00Z,1,11.98,12.11,12.031351635492321,-0.05135163549232047,random_forest,delta,fold_3,3h,ppb
2026-08-19T03:45:00Z,1,11.97,12.11,12.028943610800964,-0.05894361080096289,random_forest,delta,fold_3,3h,ppb
2026-08-19T04:00:00Z,1,11.99,12.1,12.02383863827349,-0.03383863827349032,random_forest,delta,fold_3,3h,ppb
2026-08-19T04:15:00Z,1,12.03,12.1,12.020929841977194,0.009070158022804975,random_forest,delta,fold_3,3h,ppb
2026-08-19T04:30:00Z,1,12.05,12.09,12.012790490125344,0.03720950987465699,random_forest,delta,fold_3,3h,ppb
2026-08-19T04:45:00Z,1,12.02,12.14,12.02910547338464,-0.00910547338463985,random_forest,delta,fold_3,3h,ppb
2026-08-19T05:00:00Z,1,12.0,12.05,11.98720577127236,0.0127942287276408,random_forest,delta,fold_3,3h,ppb
2026-08-19T05:15:00Z,1,12.02,12.05,11.99525662905655,0.02474337094344925,random_forest,delta,fold_3,3h,ppb
2026-08-19T05:30:00Z,1,12.0,12.04,11.992560913162535,0.00743908683746497,random_forest,delta,fold_3,3h,ppb
2026-08-19T05:45:00Z,1,12.03,12.08,12.023333756328494,0.006666243671505256,random_forest,delta,fold_3,3h,ppb
2026-08-19T06:00:00Z,1,12.03,12.11,12.050441626583293,-0.020441626583293626,random_forest,delta,fold_3,3h,ppb
2026-08-19T06:15:00Z,1,12.0,12.05,12.006386118790243,-0.006386118790242534,random_forest,delta,fold_3,3h,ppb
2026-08-19T06:30:00Z,1,12.02,11.98,11.995792452282142,0.02420754771785738,random_forest,delta,fold_3,3h,ppb
2026-08-19T06:45:00Z,1,12.08,11.97,11.99776908753365,0.0822309124663505,random_forest,delta,fold_3,3h,ppb
2026-08-19T07:00:00Z,1,12.03,11.99,12.027617702282566,0.0023822977174337012,random_forest,delta,fold_3,3h,ppb
2026-08-19T07:15:00Z,1,12.05,12.03,12.033774162993987,0.01622583700601332,random_forest,delta,fold_3,3h,ppb
2026-08-19T07:30:00Z,1,12.03,12.05,12.023516890609605,0.006483109390394759,random_forest,delta,fold_3,3h,ppb
2026-08-19T07:45:00Z,1,12.01,12.02,12.019744362220615,-0.009744362220615699,random_forest,delta,fold_3,3h,ppb
2026-08-19T08:00:00Z,1,12.01,12.0,12.003938456626951,0.00606154337304865,random_forest,delta,fold_3,3h,ppb
2026-08-19T08:15:00Z,1,12.02,12.02,12.022187277740498,-0.002187277740498317,random_forest,delta,fold_3,3h,ppb
2026-08-19T08:30:00Z,1,12.02,12.0,12.006372063041027,0.013627936958972242,random_forest,delta,fold_3,3h,ppb
2026-08-19T08:45:00Z,1,12.03,12.03,12.03215783623712,-0.002157836237120847,random_forest,delta,fold_3,3h,ppb
2026-08-19T09:00:00Z,1,12.02,12.03,12.028930779129544,-0.00893077912954432,random_forest,delta,fold_3,3h,ppb
2026-08-19T09:15:00Z,1,12.03,12.0,12.012159234017341,0.01784076598265827,random_forest,delta,fold_3,3h,ppb
2026-08-19T09:30:00Z,1,12.02,12.02,12.021075647784032,-0.001075647784032796,random_forest,delta,fold_3,3h,ppb
2026-08-19T09:45:00Z,1,12.04,12.08,12.037642833130647,0.0023571668693520564,random_forest,delta,fold_3,3h,ppb
2026-08-19T10:00:00Z,1,12.05,12.03,12.028668730775353,0.021331269224647897,random_forest,delta,fold_3,3h,ppb
2026-08-19T10:15:00Z,1,12.06,12.05,12.028057856460785,0.031942143539215095,random_forest,delta,fold_3,3h,ppb
2026-08-19T10:30:00Z,1,12.06,12.03,12.020663110160974,0.03933688983902606,random_forest,delta,fold_3,3h,ppb
2026-08-19T10:45:00Z,1,12.06,12.01,12.009733498199669,0.05026650180033165,random_forest,delta,fold_3,3h,ppb
2026-08-19T11:00:00Z,1,12.03,12.01,12.007242220571516,0.022757779428483005,random_forest,delta,fold_3,3h,ppb
2026-08-19T11:15:00Z,1,12.04,12.02,12.015830892275272,0.024169107724727468,random_forest,delta,fold_3,3h,ppb
2026-08-19T11:30:00Z,1,12.04,12.02,12.013077875827147,0.026922124172852335,random_forest,delta,fold_3,3h,ppb
2026-08-19T11:45:00Z,1,11.99,12.03,12.000746423309312,-0.010746423309312192,random_forest,delta,fold_3,3h,ppb
2026-08-19T12:00:00Z,1,11.93,12.02,11.984518404041875,-0.05451840404187536,random_forest,delta,fold_3,3h,ppb
2026-08-19T12:15:00Z,1,11.97,12.03,12.007239693554832,-0.03723969355483092,random_forest,delta,fold_3,3h,ppb
2026-08-19T12:30:00Z,1,12.03,12.02,11.998434489499626,0.03156551050037315,random_forest,delta,fold_3,3h,ppb
2026-08-19T12:45:00Z,1,12.08,12.04,12.025662185345517,0.05433781465448284,random_forest,delta,fold_3,3h,ppb
2026-08-19T13:15:00Z,1,12.21,12.06,12.162700732700488,0.04729926729951295,random_forest,delta,fold_3,3h,ppb
2026-08-19T13:30:00Z,1,12.16,12.06,12.155122464726633,0.004877535273367428,random_forest,delta,fold_3,3h,ppb
2026-08-19T13:45:00Z,1,12.13,12.06,12.148862027016195,-0.018862027016194105,random_forest,delta,fold_3,3h,ppb
2026-08-19T14:00:00Z,1,12.11,12.03,12.123973821548821,-0.013973821548821874,random_forest,delta,fold_3,3h,ppb
2026-08-19T14:15:00Z,1,12.13,12.04,12.128911441798941,0.0010885582010597972,random_forest,delta,fold_3,3h,ppb
2026-08-19T14:30:00Z,1,12.11,12.04,12.12641476070226,-0.016414760702261333,random_forest,delta,fold_3,3h,ppb
2026-08-19T14:45:00Z,1,12.12,11.99,12.084214902998237,0.03578509700176191,random_forest,delta,fold_3,3h,ppb
2026-08-19T15:00:00Z,1,12.11,11.93,12.100086662257494,0.009913337742505135,random_forest,delta,fold_3,3h,ppb
2026-08-19T15:15:00Z,1,12.11,11.97,12.07254027577361,0.03745972422638921,random_forest,delta,fold_3,3h,ppb
2026-08-19T15:30:00Z,1,12.11,12.03,12.114744898928231,-0.004744898928231933,random_forest,delta,fold_3,3h,ppb
2026-08-19T15:45:00Z,1,12.1,12.08,12.118736620760561,-0.018736620760561706,random_forest,delta,fold_3,3h,ppb
2026-08-19T16:15:00Z,1,12.11,12.21,12.119720127865962,-0.00972012786596288,random_forest,delta,fold_3,3h,ppb
2026-08-19T16:30:00Z,1,12.11,12.16,12.087623412698413,0.022376587301586426,random_forest,delta,fold_3,3h,ppb
2026-08-19T16:45:00Z,1,12.1,12.13,12.07441525974026,0.025584740259740002,random_forest,delta,fold_3,3h,ppb
2026-08-19T17:00:00Z,1,12.11,12.11,12.082371397404652,0.02762860259534783,random_forest,delta,fold_3,3h,ppb
2026-08-19T17:15:00Z,1,12.1,12.13,12.084683812503922,0.01531618749607766,random_forest,delta,fold_3,3h,ppb
2026-08-19T17:30:00Z,1,12.12,12.11,12.091265392060157,0.028734607939842505,random_forest,delta,fold_3,3h,ppb
2026-08-19T17:45:00Z,1,12.11,12.12,12.085555319700289,0.024444680299710697,random_forest,delta,fold_3,3h,ppb
2026-08-19T18:00:00Z,1,12.09,12.11,12.092298619530933,-0.0022986195309329105,random_forest,delta,fold_3,3h,ppb
2026-08-19T18:15:00Z,1,12.1,12.11,12.09345824207599,0.006541757924010128,random_forest,delta,fold_3,3h,ppb
2026-08-19T18:30:00Z,1,12.09,12.11,12.09280083688563,-0.0028008368856298205,random_forest,delta,fold_3,3h,ppb
2026-08-19T18:45:00Z,1,12.09,12.1,12.084199777710783,0.005800222289217061,random_forest,delta,fold_3,3h,ppb
2026-08-19T19:00:00Z,1,12.08,12.11,12.094049892625156,-0.01404989262515599,random_forest,delta,fold_3,3h,ppb
2026-08-19T19:15:00Z,1,12.1,12.11,12.091769107476189,0.008230892523810596,random_forest,delta,fold_3,3h,ppb
2026-08-19T19:30:00Z,1,12.1,12.11,12.091329077634933,0.008670922365066502,random_forest,delta,fold_3,3h,ppb
2026-08-19T19:45:00Z,1,12.1,12.1,12.078511622492982,0.021488377507017375,random_forest,delta,fold_3,3h,ppb
2026-08-19T20:00:00Z,1,12.1,12.11,12.083203504525924,0.016796495474075357,random_forest,delta,fold_3,3h,ppb
2026-08-19T20:15:00Z,1,12.11,12.1,12.067926372295306,0.042073627704693806,random_forest,delta,fold_3,3h,ppb
2026-08-19T20:30:00Z,1,12.12,12.12,12.077998788550476,0.04200121144952362,random_forest,delta,fold_3,3h,ppb
2026-08-19T20:45:00Z,1,12.1,12.11,12.071672717791818,0.02832728220818126,random_forest,delta,fold_3,3h,ppb
2026-08-19T21:00:00Z,1,12.09,12.09,12.052951791554827,0.03704820844517265,random_forest,delta,fold_3,3h,ppb
2026-08-19T21:15:00Z,1,12.09,12.1,12.057959173592835,0.03204082640716521,random_forest,delta,fold_3,3h,ppb
2026-08-19T21:30:00Z,1,12.09,12.09,12.051238369198753,0.03876163080124684,random_forest,delta,fold_3,3h,ppb
2026-08-19T21:45:00Z,1,12.1,12.09,12.052676380461273,0.04732361953872655,random_forest,delta,fold_3,3h,ppb
2026-08-19T22:00:00Z,1,12.11,12.08,12.063328390664001,0.046671609335998454,random_forest,delta,fold_3,3h,ppb
2026-08-19T22:15:00Z,1,12.11,12.1,12.07122404782047,0.03877595217952923,random_forest,delta,fold_3,3h,ppb
2026-08-19T22:30:00Z,1,12.1,12.1,12.072060242188368,0.02793975781163205,random_forest,delta,fold_3,3h,ppb
2026-08-19T22:45:00Z,1,12.1,12.1,12.072139343414038,0.027860656585961152,random_forest,delta,fold_3,3h,ppb
2026-08-19T23:00:00Z,1,12.1,12.1,12.070584712047213,0.02941528795278714,random_forest,delta,fold_3,3h,ppb
2026-08-19T23:15:00Z,1,12.1,12.11,12.078266061253562,0.02173393874643814,random_forest,delta,fold_3,3h,ppb
2026-08-19T23:30:00Z,1,12.1,12.12,12.07999894179894,0.020001058201058797,random_forest,delta,fold_3,3h,ppb
2026-08-19T23:45:00Z,1,12.11,12.1,12.074252976190476,0.03574702380952388,random_forest,delta,fold_3,3h,ppb
2026-08-16T00:00:00Z,1,12.11,12.09,12.10037612915039,0.009623870849608807,xgboost,absolute,fold_3,3h,ppb
2026-08-16T00:15:00Z,1,12.11,12.08,12.096447944641113,0.01355205535888615,xgboost,absolute,fold_3,3h,ppb
2026-08-16T00:30:00Z,1,12.13,12.07,12.106131553649902,0.023868446350098438,xgboost,absolute,fold_3,3h,ppb
2026-08-16T00:45:00Z,1,12.11,12.06,12.110223770141602,-0.00022377014160213093,xgboost,absolute,fold_3,3h,ppb
2026-08-16T01:00:00Z,1,12.09,12.08,12.080734252929688,0.009265747070312358,xgboost,absolute,fold_3,3h,ppb
2026-08-16T01:15:00Z,1,12.09,12.08,12.076833724975586,0.01316627502441392,xgboost,absolute,fold_3,3h,ppb
2026-08-16T01:30:00Z,1,12.1,12.1,12.059839248657227,0.04016075134277308,xgboost,absolute,fold_3,3h,ppb
2026-08-16T01:45:00Z,1,12.11,12.11,12.053211212158203,0.05678878784179631,xgboost,absolute,fold_3,3h,ppb
2026-08-16T02:00:00Z,1,12.06,12.11,12.042216300964355,0.01778369903564503,xgboost,absolute,fold_3,3h,ppb
2026-08-16T02:15:00Z,1,12.03,12.13,12.035636901855469,-0.0056369018554693895,xgboost,absolute,fold_3,3h,ppb
2026-08-16T02:30:00Z,1,12.03,12.14,12.03725814819336,-0.0072581481933600145,xgboost,absolute,fold_3,3h,ppb
2026-08-16T02:45:00Z,1,12.0,12.11,12.037313461303711,-0.03731346130371094,xgboost,absolute,fold_3,3h,ppb
2026-08-16T03:00:00Z,1,12.08,12.11,12.011667251586914,0.06833274841308601,xgboost,absolute,fold_3,3h,ppb
2026-08-16T03:15:00Z,1,12.03,12.11,12.007150650024414,0.022849349975585298,xgboost,absolute,fold_3,3h,ppb
2026-08-16T03:30:00Z,1,12.09,12.13,12.006016731262207,0.08398326873779283,xgboost,absolute,fold_3,3h,ppb
2026-08-16T03:45:00Z,1,12.05,12.11,12.01085090637207,0.0391490936279304,xgboost,absolute,fold_3,3h,ppb
2026-08-16T04:00:00Z,1,12.02,12.09,12.00242805480957,0.01757194519042926,xgboost,absolute,fold_3,3h,ppb
2026-08-16T04:15:00Z,1,12.12,12.09,12.001769065856934,0.11823093414306562,xgboost,absolute,fold_3,3h,ppb
2026-08-16T04:30:00Z,1,12.07,12.1,12.00314998626709,0.06685001373291044,xgboost,absolute,fold_3,3h,ppb
2026-08-16T04:45:00Z,1,12.26,12.11,12.017264366149902,0.24273563385009744,xgboost,absolute,fold_3,3h,ppb
2026-08-16T05:00:00Z,1,12.2,12.06,11.996326446533203,0.20367355346679616,xgboost,absolute,fold_3,3h,ppb
2026-08-16T05:15:00Z,1,12.1,12.03,11.998697280883789,0.10130271911621058,xgboost,absolute,fold_3,3h,ppb
2026-08-16T05:30:00Z,1,12.11,12.03,12.000720024108887,0.10927997589111271,xgboost,absolute,fold_3,3h,ppb
2026-08-16T05:45:00Z,1,12.14,12.0,12.008692741394043,0.1313072586059576,xgboost,absolute,fold_3,3h,ppb
2026-08-16T06:00:00Z,1,12.3,12.08,12.032537460327148,0.2674625396728523,xgboost,absolute,fold_3,3h,ppb
2026-08-16T06:15:00Z,1,12.36,12.03,12.01986312866211,0.34013687133789006,xgboost,absolute,fold_3,3h,ppb
2026-08-16T06:30:00Z,1,12.35,12.09,12.026165962219238,0.32383403778076136,xgboost,absolute,fold_3,3h,ppb
2026-08-16T06:45:00Z,1,12.35,12.05,12.031941413879395,0.3180585861206051,xgboost,absolute,fold_3,3h,ppb
2026-08-16T07:00:00Z,1,12.34,12.02,12.01133918762207,0.32866081237792955,xgboost,absolute,fold_3,3h,ppb
2026-08-16T07:15:00Z,1,12.33,12.12,12.042168617248535,0.2878313827514649,xgboost,absolute,fold_3,3h,ppb
2026-08-16T07:30:00Z,1,12.27,12.07,12.027586936950684,0.24241306304931598,xgboost,absolute,fold_3,3h,ppb
2026-08-16T07:45:00Z,1,12.21,12.26,12.044373512268066,0.16562648773193445,xgboost,absolute,fold_3,3h,ppb
2026-08-16T08:00:00Z,1,12.1,12.2,12.049128532409668,0.050871467590331676,xgboost,absolute,fold_3,3h,ppb
2026-08-16T08:15:00Z,1,12.11,12.1,12.03173542022705,0.07826457977294865,xgboost,absolute,fold_3,3h,ppb
2026-08-16T08:30:00Z,1,12.17,12.11,12.030247688293457,0.1397523117065429,xgboost,absolute,fold_3,3h,ppb
2026-08-16T08:45:00Z,1,12.2,12.14,12.023591041564941,0.17640895843505788,xgboost,absolute,fold_3,3h,ppb
2026-08-16T09:00:00Z,1,12.22,12.3,12.039925575256348,0.18007442474365298,xgboost,absolute,fold_3,3h,ppb
2026-08-16T09:15:00Z,1,12.21,12.36,12.038115501403809,0.17188449859619226,xgboost,absolute,fold_3,3h,ppb
2026-08-16T09:30:00Z,1,12.15,12.35,12.04041576385498,0.10958423614501989,xgboost,absolute,fold_3,3h,ppb
2026-08-16T09:45:00Z,1,12.17,12.35,12.045923233032227,0.12407676696777337,xgboost,absolute,fold_3,3h,ppb
2026-08-16T10:00:00Z,1,12.19,12.34,12.055025100708008,0.1349748992919917,xgboost,absolute,fold_3,3h,ppb
2026-08-16T10:15:00Z,1,12.16,12.33,12.044614791870117,0.11538520812988295,xgboost,absolute,fold_3,3h,ppb
2026-08-16T10:30:00Z,1,12.22,12.27,12.036189079284668,0.18381092071533267,xgboost,absolute,fold_3,3h,ppb
2026-08-16T10:45:00Z,1,12.16,12.21,12.022125244140625,0.13787475585937514,xgboost,absolute,fold_3,3h,ppb
2026-08-16T11:00:00Z,1,12.18,12.1,12.019105911254883,0.1608940887451169,xgboost,absolute,fold_3,3h,ppb
2026-08-16T11:15:00Z,1,12.2,12.11,12.029452323913574,0.17054767608642507,xgboost,absolute,fold_3,3h,ppb
2026-08-16T11:30:00Z,1,12.29,12.17,12.03513240814209,0.2548675918579093,xgboost,absolute,fold_3,3h,ppb
2026-08-16T11:45:00Z,1,12.16,12.2,12.033520698547363,0.12647930145263686,xgboost,absolute,fold_3,3h,ppb
2026-08-16T12:00:00Z,1,12.28,12.22,12.016866683959961,0.2631333160400384,xgboost,absolute,fold_3,3h,ppb
2026-08-16T12:15:00Z,1,12.19,12.21,12.034894943237305,0.15510505676269482,xgboost,absolute,fold_3,3h,ppb
2026-08-16T12:30:00Z,1,12.08,12.15,12.015419006347656,0.06458099365234382,xgboost,absolute,fold_3,3h,ppb
2026-08-16T12:45:00Z,1,12.16,12.17,12.021361351013184,0.13863864898681655,xgboost,absolute,fold_3,3h,ppb
2026-08-16T13:00:00Z,1,12.3,12.19,12.106664657592773,0.19333534240722727,xgboost,absolute,fold_3,3h,ppb
2026-08-16T13:15:00Z,1,12.38,12.16,12.108433723449707,0.27156627655029375,xgboost,absolute,fold_3,3h,ppb
2026-08-16T13:30:00Z,1,12.34,12.22,12.104555130004883,0.23544486999511705,xgboost,absolute,fold_3,3h,ppb
2026-08-16T13:45:00Z,1,12.31,12.16,12.100854873657227,0.20914512634277393,xgboost,absolute,fold_3,3h,ppb
2026-08-16T14:00:00Z,1,12.22,12.18,12.085390090942383,0.13460990905761783,xgboost,absolute,fold_3,3h,ppb
2026-08-16T14:15:00Z,1,12.16,12.2,12.094682693481445,0.06531730651855483,xgboost,absolute,fold_3,3h,ppb
2026-08-16T14:30:00Z,1,12.13,12.29,12.087472915649414,0.04252708435058672,xgboost,absolute,fold_3,3h,ppb
2026-08-16T14:45:00Z,1,12.1,12.16,12.086259841918945,0.013740158081054332,xgboost,absolute,fold_3,3h,ppb
2026-08-16T15:00:00Z,1,12.1,12.28,12.077898025512695,0.022101974487304332,xgboost,absolute,fold_3,3h,ppb
2026-08-16T15:15:00Z,1,12.1,12.19,12.08312702178955,0.016872978210448863,xgboost,absolute,fold_3,3h,ppb
2026-08-16T15:30:00Z,1,12.08,12.08,12.07968807220459,0.0003119277954102273,xgboost,absolute,fold_3,3h,ppb
2026-08-16T15:45:00Z,1,12.07,12.16,12.083115577697754,-0.013115577697753622,xgboost,absolute,fold_3,3h,ppb
2026-08-16T16:00:00Z,1,12.07,12.3,12.084749221801758,-0.014749221801757528,xgboost,absolute,fold_3,3h,ppb
2026-08-16T16:15:00Z,1,12.08,12.38,12.080829620361328,-0.0008296203613280539,xgboost,absolute,fold_3,3h,ppb
2026-08-16T16:30:00Z,1,12.07,12.34,12.079392433166504,-0.009392433166503622,xgboost,absolute,fold_3,3h,ppb
2026-08-16T16:45:00Z,1,12.08,12.31,12.076569557189941,0.003430442810058665,xgboost,absolute,fold_3,3h,ppb
2026-08-16T17:00:00Z,1,12.08,12.22,12.079510688781738,0.0004893112182617898,xgboost,absolute,fold_3,3h,ppb
2026-08-16T17:15:00Z,1,12.09,12.16,12.082232475280762,0.007767524719238139,xgboost,absolute,fold_3,3h,ppb
2026-08-16T17:30:00Z,1,12.09,12.13,12.078539848327637,0.01146015167236314,xgboost,absolute,fold_3,3h,ppb
2026-08-16T17:45:00Z,1,12.07,12.1,12.078252792358398,-0.008252792358398153,xgboost,absolute,fold_3,3h,ppb
2026-08-16T18:00:00Z,1,12.08,12.1,12.085531234741211,-0.0055312347412108664,xgboost,absolute,fold_3,3h,ppb
2026-08-16T18:15:00Z,1,12.08,12.1,12.08545207977295,-0.005452079772949148,xgboost,absolute,fold_3,3h,ppb
2026-08-16T18:30:00Z,1,12.06,12.08,12.089961051940918,-0.02996105194091747,xgboost,absolute,fold_3,3h,ppb
2026-08-16T18:45:00Z,1,12.07,12.07,12.085495948791504,-0.015495948791503622,xgboost,absolute,fold_3,3h,ppb
2026-08-16T19:00:00Z,1,12.07,12.07,12.084362983703613,-0.014362983703612997,xgboost,absolute,fold_3,3h,ppb
2026-08-16T19:15:00Z,1,12.08,12.08,12.080289840698242,-0.00028984069824211645,xgboost,absolute,fold_3,3h,ppb
2026-08-16T19:30:00Z,1,12.09,12.07,12.076151847839355,0.01384815216064439,xgboost,absolute,fold_3,3h,ppb
2026-08-16T19:45:00Z,1,12.08,12.08,12.075043678283691,0.004956321716308665,xgboost,absolute,fold_3,3h,ppb
2026-08-16T20:00:00Z,1,12.07,12.08,12.075678825378418,-0.0056788253784176845,xgboost,absolute,fold_3,3h,ppb
2026-08-16T20:15:00Z,1,12.07,12.09,12.074431419372559,-0.0044314193725583095,xgboost,absolute,fold_3,3h,ppb
2026-08-16T20:30:00Z,1,12.07,12.09,12.07526969909668,-0.005269699096679403,xgboost,absolute,fold_3,3h,ppb
2026-08-16T20:45:00Z,1,12.08,12.07,12.077897071838379,0.002102928161621165,xgboost,absolute,fold_3,3h,ppb
2026-08-16T21:00:00Z,1,12.07,12.08,12.077098846435547,-0.007098846435546591,xgboost,absolute,fold_3,3h,ppb
2026-08-16T21:15:00Z,1,12.08,12.08,12.077913284301758,0.0020867156982422586,xgboost,absolute,fold_3,3h,ppb
2026-08-16T21:30:00Z,1,12.09,12.06,12.07810115814209,0.011898841857910014,xgboost,absolute,fold_3,3h,ppb
2026-08-16T21:45:00Z,1,12.1,12.07,12.073044776916504,0.02695522308349574,xgboost,absolute,fold_3,3h,ppb
2026-08-16T22:00:00Z,1,12.09,12.07,12.08687973022461,0.003120269775390483,xgboost,absolute,fold_3,3h,ppb
2026-08-16T22:15:00Z,1,12.09,12.08,12.08492660522461,0.005073394775390483,xgboost,absolute,fold_3,3h,ppb
2026-08-16T22:30:00Z,1,12.13,12.09,12.084124565124512,0.04587543487548906,xgboost,absolute,fold_3,3h,ppb
2026-08-16T22:45:00Z,1,12.12,12.08,12.083045959472656,0.03695404052734297,xgboost,absolute,fold_3,3h,ppb
2026-08-16T23:00:00Z,1,12.1,12.07,12.086363792419434,0.013636207580566051,xgboost,absolute,fold_3,3h,ppb
2026-08-16T23:15:00Z,1,12.12,12.07,12.088301658630371,0.031698341369628125,xgboost,absolute,fold_3,3h,ppb
2026-08-16T23:30:00Z,1,12.12,12.07,12.092249870300293,0.02775012969970625,xgboost,absolute,fold_3,3h,ppb
2026-08-16T23:45:00Z,1,12.13,12.08,12.090627670288086,0.039372329711914844,xgboost,absolute,fold_3,3h,ppb
2026-08-17T00:00:00Z,1,12.12,12.07,12.1005220413208,0.019477958679198437,xgboost,absolute,fold_3,3h,ppb
2026-08-17T00:15:00Z,1,12.11,12.08,12.101043701171875,0.008956298828124432,xgboost,absolute,fold_3,3h,ppb
2026-08-17T00:30:00Z,1,12.11,12.09,12.099495887756348,0.010504112243651775,xgboost,absolute,fold_3,3h,ppb
2026-08-17T00:45:00Z,1,12.09,12.1,12.09431266784668,-0.00431266784667983,xgboost,absolute,fold_3,3h,ppb
2026-08-17T01:00:00Z,1,12.11,12.09,12.072179794311523,0.037820205688475994,xgboost,absolute,fold_3,3h,ppb
2026-08-17T01:15:00Z,1,12.09,12.09,12.076887130737305,0.01311286926269517,xgboost,absolute,fold_3,3h,ppb
2026-08-17T01:30:00Z,1,12.08,12.13,12.06861400604248,0.011385993957519602,xgboost,absolute,fold_3,3h,ppb
2026-08-17T01:45:00Z,1,12.09,12.12,12.070722579956055,0.01927742004394517,xgboost,absolute,fold_3,3h,ppb
2026-08-17T02:00:00Z,1,12.09,12.1,12.069305419921875,0.020694580078124858,xgboost,absolute,fold_3,3h,ppb
2026-08-17T02:15:00Z,1,12.08,12.12,12.064422607421875,0.015577392578125071,xgboost,absolute,fold_3,3h,ppb
2026-08-17T02:30:00Z,1,12.01,12.12,12.068033218383789,-0.058033218383789276,xgboost,absolute,fold_3,3h,ppb
2026-08-17T02:45:00Z,1,12.01,12.13,12.06541633605957,-0.055416336059570526,xgboost,absolute,fold_3,3h,ppb
2026-08-17T03:00:00Z,1,12.07,12.12,12.041263580322266,0.02873641967773466,xgboost,absolute,fold_3,3h,ppb
2026-08-17T03:15:00Z,1,11.99,12.11,12.034438133239746,-0.04443813323974588,xgboost,absolute,fold_3,3h,ppb
2026-08-17T03:30:00Z,1,11.99,12.11,12.034088134765625,-0.04408813476562479,xgboost,absolute,fold_3,3h,ppb
2026-08-17T03:45:00Z,1,12.01,12.09,12.038180351257324,-0.028180351257324432,xgboost,absolute,fold_3,3h,ppb
2026-08-17T04:00:00Z,1,12.09,12.11,12.02383804321289,0.06616195678710923,xgboost,absolute,fold_3,3h,ppb
2026-08-17T04:15:00Z,1,12.0,12.09,12.025769233703613,-0.02576923370361328,xgboost,absolute,fold_3,3h,ppb
2026-08-17T04:30:00Z,1,11.98,12.08,12.02270221710205,-0.042702217102050355,xgboost,absolute,fold_3,3h,ppb
2026-08-17T04:45:00Z,1,11.98,12.09,12.050411224365234,-0.07041122436523395,xgboost,absolute,fold_3,3h,ppb
2026-08-17T05:00:00Z,1,11.99,12.09,12.032977104187012,-0.042977104187011506,xgboost,absolute,fold_3,3h,ppb
2026-08-17T05:15:00Z,1,12.03,12.08,12.025418281555176,0.004581718444823579,xgboost,absolute,fold_3,3h,ppb
2026-08-17T05:30:00Z,1,12.06,12.01,12.009257316589355,0.05074268341064503,xgboost,absolute,fold_3,3h,ppb
2026-08-17T05:45:00Z,1,12.04,12.01,12.008267402648926,0.031732597351073366,xgboost,absolute,fold_3,3h,ppb
2026-08-17T06:00:00Z,1,11.98,12.07,12.010168075561523,-0.03016807556152301,xgboost,absolute,fold_3,3h,ppb
2026-08-17T06:15:00Z,1,12.05,11.99,12.004867553710938,0.04513244628906321,xgboost,absolute,fold_3,3h,ppb
2026-08-17T06:30:00Z,1,12.05,11.99,12.025548934936523,0.024451065063477273,xgboost,absolute,fold_3,3h,ppb
2026-08-17T06:45:00Z,1,12.07,12.01,12.032732009887695,0.03726799011230497,xgboost,absolute,fold_3,3h,ppb
2026-08-17T07:00:00Z,1,11.99,12.09,12.031261444091797,-0.04126144409179666,xgboost,absolute,fold_3,3h,ppb
2026-08-17T07:15:00Z,1,12.02,12.0,12.02918815612793,-0.009188156127930114,xgboost,absolute,fold_3,3h,ppb
2026-08-17T07:30:00Z,1,12.07,11.98,12.02854061126709,0.04145938873291044,xgboost,absolute,fold_3,3h,ppb
2026-08-17T07:45:00Z,1,12.06,11.98,12.02639102935791,0.03360897064209034,xgboost,absolute,fold_3,3h,ppb
2026-08-17T08:00:00Z,1,12.01,11.99,12.031292915344238,-0.021292915344238494,xgboost,absolute,fold_3,3h,ppb
2026-08-17T08:15:00Z,1,12.05,12.03,12.024420738220215,0.025579261779785867,xgboost,absolute,fold_3,3h,ppb
2026-08-17T08:30:00Z,1,12.09,12.06,12.02437973022461,0.06562026977539048,xgboost,absolute,fold_3,3h,ppb
2026-08-17T08:45:00Z,1,12.02,12.04,12.02332592010498,-0.003325920104980895,xgboost,absolute,fold_3,3h,ppb
2026-08-17T09:00:00Z,1,12.05,11.98,12.018165588378906,0.03183441162109446,xgboost,absolute,fold_3,3h,ppb
2026-08-17T09:15:00Z,1,12.03,12.05,12.024497032165527,0.005502967834472017,xgboost,absolute,fold_3,3h,ppb
2026-08-17T09:30:00Z,1,12.02,12.05,12.026948928833008,-0.006948928833008239,xgboost,absolute,fold_3,3h,ppb
2026-08-17T09:45:00Z,1,12.04,12.07,12.023259162902832,0.016740837097167116,xgboost,absolute,fold_3,3h,ppb
2026-08-17T10:00:00Z,1,12.0,11.99,12.019122123718262,-0.01912212371826172,xgboost,absolute,fold_3,3h,ppb
2026-08-17T10:15:00Z,1,12.0,12.02,12.018442153930664,-0.018442153930664062,xgboost,absolute,fold_3,3h,ppb
2026-08-17T10:30:00Z,1,12.0,12.07,12.01960563659668,-0.019605636596679688,xgboost,absolute,fold_3,3h,ppb
2026-08-17T10:45:00Z,1,12.02,12.06,12.012619018554688,0.007380981445312074,xgboost,absolute,fold_3,3h,ppb
2026-08-17T11:00:00Z,1,12.02,12.01,12.035816192626953,-0.01581619262695355,xgboost,absolute,fold_3,3h,ppb
2026-08-17T11:15:00Z,1,12.05,12.05,12.04908275604248,0.0009172439575202418,xgboost,absolute,fold_3,3h,ppb
2026-08-17T11:30:00Z,1,12.08,12.09,12.044879913330078,0.035120086669921946,xgboost,absolute,fold_3,3h,ppb
2026-08-17T11:45:00Z,1,12.03,12.02,12.020467758178711,0.009532241821288423,xgboost,absolute,fold_3,3h,ppb
2026-08-17T12:00:00Z,1,11.99,12.05,12.060213088989258,-0.0702130889892576,xgboost,absolute,fold_3,3h,ppb
2026-08-17T12:15:00Z,1,12.01,12.03,12.030256271362305,-0.0202562713623049,xgboost,absolute,fold_3,3h,ppb
2026-08-17T12:30:00Z,1,11.98,12.02,12.018598556518555,-0.03859855651855426,xgboost,absolute,fold_3,3h,ppb
2026-08-17T12:45:00Z,1,12.13,12.04,12.049510955810547,0.0804890441894539,xgboost,absolute,fold_3,3h,ppb
2026-08-17T13:00:00Z,1,12.1,12.0,12.130876541137695,-0.030876541137695668,xgboost,absolute,fold_3,3h,ppb
2026-08-17T13:15:00Z,1,12.15,12.0,12.138533592224121,0.011466407775879262,xgboost,absolute,fold_3,3h,ppb
2026-08-17T13:30:00Z,1,12.16,12.0,12.131487846374512,0.028512153625488423,xgboost,absolute,fold_3,3h,ppb
2026-08-17T13:45:00Z,1,12.14,12.02,12.122981071472168,0.0170189285278326,xgboost,absolute,fold_3,3h,ppb
2026-08-17T14:00:00Z,1,12.14,12.02,12.126607894897461,0.013392105102539631,xgboost,absolute,fold_3,3h,ppb
2026-08-17T14:15:00Z,1,12.12,12.05,12.130154609680176,-0.010154609680176563,xgboost,absolute,fold_3,3h,ppb
2026-08-17T14:30:00Z,1,12.12,12.08,12.117412567138672,0.0025874328613273434,xgboost,absolute,fold_3,3h,ppb
2026-08-17T14:45:00Z,1,12.11,12.03,12.122452735900879,-0.012452735900879475,xgboost,absolute,fold_3,3h,ppb
2026-08-17T15:00:00Z,1,12.11,11.99,12.086448669433594,0.02355133056640568,xgboost,absolute,fold_3,3h,ppb
2026-08-17T15:15:00Z,1,12.09,12.01,12.07638931274414,0.013610687255859233,xgboost,absolute,fold_3,3h,ppb
2026-08-17T15:30:00Z,1,12.11,11.98,12.082250595092773,0.027749404907225994,xgboost,absolute,fold_3,3h,ppb
2026-08-17T15:45:00Z,1,12.1,12.13,12.080779075622559,0.01922092437744105,xgboost,absolute,fold_3,3h,ppb
2026-08-17T16:00:00Z,1,12.11,12.1,12.080958366394043,0.029041633605956463,xgboost,absolute,fold_3,3h,ppb
2026-08-17T16:15:00Z,1,12.11,12.15,12.075109481811523,0.034890518188475994,xgboost,absolute,fold_3,3h,ppb
2026-08-17T16:30:00Z,1,12.1,12.16,12.088715553283691,0.011284446716308238,xgboost,absolute,fold_3,3h,ppb
2026-08-17T16:45:00Z,1,12.1,12.14,12.088008880615234,0.01199111938476527,xgboost,absolute,fold_3,3h,ppb
2026-08-17T17:00:00Z,1,12.1,12.14,12.087965965270996,0.012034034729003551,xgboost,absolute,fold_3,3h,ppb
2026-08-17T17:15:00Z,1,12.09,12.12,12.091681480407715,-0.0016814804077149859,xgboost,absolute,fold_3,3h,ppb
2026-08-17T17:30:00Z,1,12.07,12.12,12.092710494995117,-0.022710494995116903,xgboost,absolute,fold_3,3h,ppb
2026-08-17T17:45:00Z,1,12.09,12.11,12.091887474060059,-0.0018874740600587359,xgboost,absolute,fold_3,3h,ppb
2026-08-17T18:00:00Z,1,12.08,12.11,12.092756271362305,-0.012756271362304616,xgboost,absolute,fold_3,3h,ppb
2026-08-17T18:15:00Z,1,12.1,12.09,12.092080116271973,0.007919883728026988,xgboost,absolute,fold_3,3h,ppb
2026-08-17T18:30:00Z,1,12.12,12.11,12.089432716369629,0.030567283630370312,xgboost,absolute,fold_3,3h,ppb
2026-08-17T18:45:00Z,1,12.13,12.1,12.091277122497559,0.03872287750244219,xgboost,absolute,fold_3,3h,ppb
2026-08-17T19:00:00Z,1,12.13,12.11,12.087699890136719,0.04230010986328203,xgboost,absolute,fold_3,3h,ppb
2026-08-17T19:15:00Z,1,12.13,12.11,12.091049194335938,0.03895080566406328,xgboost,absolute,fold_3,3h,ppb
2026-08-17T19:30:00Z,1,12.14,12.1,12.089622497558594,0.05037750244140682,xgboost,absolute,fold_3,3h,ppb
2026-08-17T19:45:00Z,1,12.13,12.1,12.084644317626953,0.04535568237304766,xgboost,absolute,fold_3,3h,ppb
2026-08-17T20:00:00Z,1,12.11,12.1,12.082828521728516,0.027171478271483807,xgboost,absolute,fold_3,3h,ppb
2026-08-17T20:15:00Z,1,12.12,12.09,12.084481239318848,0.03551876068115156,xgboost,absolute,fold_3,3h,ppb
2026-08-17T20:30:00Z,1,12.12,12.07,12.079856872558594,0.04014312744140547,xgboost,absolute,fold_3,3h,ppb
2026-08-17T20:45:00Z,1,12.12,12.09,12.08324909210205,0.03675090789794844,xgboost,absolute,fold_3,3h,ppb
2026-08-17T21:00:00Z,1,12.11,12.08,12.086861610412598,0.023138389587401775,xgboost,absolute,fold_3,3h,ppb
2026-08-17T21:15:00Z,1,12.1,12.1,12.082680702209473,0.01731929779052699,xgboost,absolute,fold_3,3h,ppb
2026-08-17T21:30:00Z,1,12.1,12.12,12.085222244262695,0.014777755737304332,xgboost,absolute,fold_3,3h,ppb
2026-08-17T21:45:00Z,1,12.1,12.13,12.087177276611328,0.01282272338867152,xgboost,absolute,fold_3,3h,ppb
2026-08-17T22:00:00Z,1,12.12,12.13,12.089315414428711,0.03068458557128828,xgboost,absolute,fold_3,3h,ppb
2026-08-17T22:15:00Z,1,12.11,12.13,12.089877128601074,0.020122871398925213,xgboost,absolute,fold_3,3h,ppb
2026-08-17T22:30:00Z,1,12.1,12.14,12.09207534790039,0.00792465209960902,xgboost,absolute,fold_3,3h,ppb
2026-08-17T22:45:00Z,1,12.1,12.13,12.093594551086426,0.0064054489135738635,xgboost,absolute,fold_3,3h,ppb
2026-08-17T23:00:00Z,1,12.13,12.11,12.095703125,0.03429687500000078,xgboost,absolute,fold_3,3h,ppb
2026-08-17T23:15:00Z,1,12.11,12.12,12.09535026550293,0.014649734497069744,xgboost,absolute,fold_3,3h,ppb
2026-08-17T23:30:00Z,1,12.11,12.12,12.09462833404541,0.015371665954589275,xgboost,absolute,fold_3,3h,ppb
2026-08-17T23:45:00Z,1,12.11,12.12,12.093953132629395,0.0160468673706049,xgboost,absolute,fold_3,3h,ppb
2026-08-18T00:00:00Z,1,12.11,12.11,12.0888032913208,0.02119670867919865,xgboost,absolute,fold_3,3h,ppb
2026-08-18T00:15:00Z,1,12.11,12.1,12.088210105895996,0.021789894104003338,xgboost,absolute,fold_3,3h,ppb
2026-08-18T00:30:00Z,1,12.11,12.1,12.08089828491211,0.029101715087890057,xgboost,absolute,fold_3,3h,ppb
2026-08-18T00:45:00Z,1,12.11,12.1,12.084524154663086,0.025475845336913494,xgboost,absolute,fold_3,3h,ppb
2026-08-18T01:00:00Z,1,12.11,12.12,12.088354110717773,0.021645889282225994,xgboost,absolute,fold_3,3h,ppb
2026-08-18T01:15:00Z,1,12.13,12.11,12.088655471801758,0.04134452819824297,xgboost,absolute,fold_3,3h,ppb
2026-08-18T01:30:00Z,1,12.14,12.1,12.076196670532227,0.063803329467774,xgboost,absolute,fold_3,3h,ppb
2026-08-18T01:45:00Z,1,12.08,12.1,12.070513725280762,0.009486274719238352,xgboost,absolute,fold_3,3h,ppb
2026-08-18T02:00:00Z,1,12.09,12.13,12.064927101135254,0.02507289886474595,xgboost,absolute,fold_3,3h,ppb
2026-08-18T02:15:00Z,1,12.07,12.11,12.061073303222656,0.008926696777344034,xgboost,absolute,fold_3,3h,ppb
2026-08-18T02:30:00Z,1,12.09,12.11,12.064403533935547,0.025596466064452983,xgboost,absolute,fold_3,3h,ppb
2026-08-18T02:45:00Z,1,12.09,12.11,12.064166069030762,0.02583393096923814,xgboost,absolute,fold_3,3h,ppb
2026-08-18T03:00:00Z,1,12.05,12.11,12.014185905456543,0.03581409454345774,xgboost,absolute,fold_3,3h,ppb
2026-08-18T03:15:00Z,1,12.04,12.11,12.015798568725586,0.02420143127441321,xgboost,absolute,fold_3,3h,ppb
2026-08-18T03:30:00Z,1,12.04,12.11,12.016986846923828,0.023013153076171022,xgboost,absolute,fold_3,3h,ppb
2026-08-18T03:45:00Z,1,12.04,12.11,12.019865989685059,0.020134010314940554,xgboost,absolute,fold_3,3h,ppb
2026-08-18T04:00:00Z,1,12.07,12.11,12.013415336608887,0.056584663391113565,xgboost,absolute,fold_3,3h,ppb
2026-08-18T04:15:00Z,1,12.05,12.13,12.015520095825195,0.0344799041748054,xgboost,absolute,fold_3,3h,ppb
2026-08-18T04:30:00Z,1,12.02,12.14,12.01242446899414,0.007575531005858949,xgboost,absolute,fold_3,3h,ppb
2026-08-18T04:45:00Z,1,12.09,12.08,12.00092601776123,0.08907398223876939,xgboost,absolute,fold_3,3h,ppb
2026-08-18T05:00:00Z,1,12.06,12.09,11.989081382751465,0.07091861724853565,xgboost,absolute,fold_3,3h,ppb
2026-08-18T05:15:00Z,1,12.02,12.07,11.983813285827637,0.036186714172362855,xgboost,absolute,fold_3,3h,ppb
2026-08-18T05:30:00Z,1,12.07,12.09,11.992742538452148,0.07725746154785185,xgboost,absolute,fold_3,3h,ppb
2026-08-18T05:45:00Z,1,12.08,12.09,12.014262199401855,0.0657378005981446,xgboost,absolute,fold_3,3h,ppb
2026-08-18T06:00:00Z,1,12.06,12.05,11.996981620788574,0.06301837921142628,xgboost,absolute,fold_3,3h,ppb
2026-08-18T06:15:00Z,1,11.99,12.04,12.005061149597168,-0.015061149597167756,xgboost,absolute,fold_3,3h,ppb
2026-08-18T06:30:00Z,1,11.99,12.04,12.0047025680542,-0.014702568054199006,xgboost,absolute,fold_3,3h,ppb
2026-08-18T06:45:00Z,1,12.01,12.04,12.009751319885254,0.0002486801147458806,xgboost,absolute,fold_3,3h,ppb
2026-08-18T07:00:00Z,1,12.0,12.07,12.021563529968262,-0.02156352996826172,xgboost,absolute,fold_3,3h,ppb
2026-08-18T07:15:00Z,1,12.1,12.05,12.013497352600098,0.08650264739990199,xgboost,absolute,fold_3,3h,ppb
2026-08-18T07:30:00Z,1,12.02,12.02,12.000171661376953,0.01982833862304645,xgboost,absolute,fold_3,3h,ppb
2026-08-18T07:45:00Z,1,11.99,12.09,12.015498161315918,-0.025498161315917756,xgboost,absolute,fold_3,3h,ppb
2026-08-18T08:00:00Z,1,12.02,12.06,12.005945205688477,0.014054794311523011,xgboost,absolute,fold_3,3h,ppb
2026-08-18T08:15:00Z,1,12.02,12.02,12.00490951538086,0.015090484619140199,xgboost,absolute,fold_3,3h,ppb
2026-08-18T08:30:00Z,1,12.02,12.07,12.008892059326172,0.011107940673827699,xgboost,absolute,fold_3,3h,ppb
2026-08-18T08:45:00Z,1,12.02,12.08,11.999526977539062,0.020473022460937074,xgboost,absolute,fold_3,3h,ppb
2026-08-18T09:00:00Z,1,12.0,12.06,12.013038635253906,-0.01303863525390625,xgboost,absolute,fold_3,3h,ppb
2026-08-18T09:15:00Z,1,12.01,11.99,11.992815017700195,0.017184982299804474,xgboost,absolute,fold_3,3h,ppb
2026-08-18T09:30:00Z,1,12.02,11.99,11.991987228393555,0.028012771606444886,xgboost,absolute,fold_3,3h,ppb
2026-08-18T09:45:00Z,1,12.01,12.01,12.012049674987793,-0.002049674987793182,xgboost,absolute,fold_3,3h,ppb
2026-08-18T10:00:00Z,1,12.03,12.0,12.009480476379395,0.02051952362060483,xgboost,absolute,fold_3,3h,ppb
2026-08-18T10:15:00Z,1,12.05,12.1,12.023542404174805,0.026457595825196023,xgboost,absolute,fold_3,3h,ppb
2026-08-18T10:30:00Z,1,12.03,12.02,12.026463508605957,0.0035364913940423293,xgboost,absolute,fold_3,3h,ppb
2026-08-18T10:45:00Z,1,12.05,11.99,12.000082969665527,0.04991703033447337,xgboost,absolute,fold_3,3h,ppb
2026-08-18T11:00:00Z,1,12.07,12.02,12.011164665222168,0.058835334777832315,xgboost,absolute,fold_3,3h,ppb
2026-08-18T11:15:00Z,1,12.07,12.02,12.034988403320312,0.035011596679687784,xgboost,absolute,fold_3,3h,ppb
2026-08-18T11:30:00Z,1,11.99,12.02,12.029898643493652,-0.03989864349365213,xgboost,absolute,fold_3,3h,ppb
2026-08-18T11:45:00Z,1,11.94,12.02,12.023223876953125,-0.0832238769531255,xgboost,absolute,fold_3,3h,ppb
2026-08-18T12:00:00Z,1,11.89,12.0,12.016548156738281,-0.12654815673828068,xgboost,absolute,fold_3,3h,ppb
2026-08-18T12:15:00Z,1,11.98,12.01,12.03357982635498,-0.05357982635498004,xgboost,absolute,fold_3,3h,ppb
2026-08-18T12:30:00Z,1,12.02,12.02,12.041598320007324,-0.021598320007324645,xgboost,absolute,fold_3,3h,ppb
2026-08-18T12:45:00Z,1,12.05,12.01,12.027557373046875,0.02244262695312571,xgboost,absolute,fold_3,3h,ppb
2026-08-18T13:00:00Z,1,12.13,12.03,12.122849464416504,0.007150535583496875,xgboost,absolute,fold_3,3h,ppb
2026-08-18T13:15:00Z,1,12.22,12.05,12.114542007446289,0.10545799255371158,xgboost,absolute,fold_3,3h,ppb
2026-08-18T13:30:00Z,1,12.18,12.03,12.12826156616211,0.05173843383789034,xgboost,absolute,fold_3,3h,ppb
2026-08-18T13:45:00Z,1,12.14,12.05,12.122214317321777,0.017785682678223225,xgboost,absolute,fold_3,3h,ppb
2026-08-18T14:00:00Z,1,12.13,12.07,12.111377716064453,0.018622283935547657,xgboost,absolute,fold_3,3h,ppb
2026-08-18T14:15:00Z,1,12.12,12.07,12.116103172302246,0.0038968276977531247,xgboost,absolute,fold_3,3h,ppb
2026-08-18T14:30:00Z,1,12.1,11.99,12.107457160949707,-0.0074571609497073865,xgboost,absolute,fold_3,3h,ppb
2026-08-18T14:45:00Z,1,12.1,11.94,12.102025985717773,-0.0020259857177737928,xgboost,absolute,fold_3,3h,ppb
2026-08-18T15:00:00Z,1,12.1,11.89,12.094012260437012,0.005987739562987926,xgboost,absolute,fold_3,3h,ppb
2026-08-18T15:15:00Z,1,12.08,11.98,12.09046459197998,-0.010464591979980398,xgboost,absolute,fold_3,3h,ppb
2026-08-18T15:30:00Z,1,12.08,12.02,12.09472370147705,-0.01472370147705071,xgboost,absolute,fold_3,3h,ppb
2026-08-18T15:45:00Z,1,12.09,12.05,12.09227466583252,-0.0022746658325196734,xgboost,absolute,fold_3,3h,ppb
2026-08-18T16:00:00Z,1,12.1,12.13,12.09145450592041,0.008545494079589488,xgboost,absolute,fold_3,3h,ppb
2026-08-18T16:15:00Z,1,12.1,12.22,12.08523178100586,0.01476821899414027,xgboost,absolute,fold_3,3h,ppb
2026-08-18T16:30:00Z,1,12.11,12.18,12.085786819458008,0.02421318054199162,xgboost,absolute,fold_3,3h,ppb
2026-08-18T16:45:00Z,1,12.1,12.14,12.083187103271484,0.01681289672851527,xgboost,absolute,fold_3,3h,ppb
2026-08-18T17:00:00Z,1,12.1,12.13,12.08603572845459,0.013964271545409801,xgboost,absolute,fold_3,3h,ppb
2026-08-18T17:15:00Z,1,12.1,12.12,12.088172912597656,0.011827087402343395,xgboost,absolute,fold_3,3h,ppb
2026-08-18T17:30:00Z,1,12.08,12.1,12.09447193145752,-0.01447193145751946,xgboost,absolute,fold_3,3h,ppb
2026-08-18T17:45:00Z,1,12.07,12.1,12.09691333770752,-0.026913337707519247,xgboost,absolute,fold_3,3h,ppb
2026-08-18T18:00:00Z,1,12.08,12.1,12.092082977294922,-0.012082977294921804,xgboost,absolute,fold_3,3h,ppb
2026-08-18T18:15:00Z,1,12.09,12.08,12.09256649017334,-0.002566490173339986,xgboost,absolute,fold_3,3h,ppb
2026-08-18T18:30:00Z,1,12.08,12.08,12.095309257507324,-0.015309257507324148,xgboost,absolute,fold_3,3h,ppb
2026-08-18T18:45:00Z,1,12.08,12.09,12.093443870544434,-0.013443870544433523,xgboost,absolute,fold_3,3h,ppb
2026-08-18T19:00:00Z,1,12.08,12.1,12.091489791870117,-0.011489791870117116,xgboost,absolute,fold_3,3h,ppb
2026-08-18T19:15:00Z,1,12.08,12.1,12.089306831359863,-0.00930683135986321,xgboost,absolute,fold_3,3h,ppb
2026-08-18T19:30:00Z,1,12.08,12.11,12.087925910949707,-0.00792591094970696,xgboost,absolute,fold_3,3h,ppb
2026-08-18T19:45:00Z,1,12.09,12.1,12.092354774475098,-0.0023547744750977984,xgboost,absolute,fold_3,3h,ppb
2026-08-18T20:00:00Z,1,12.1,12.1,12.09194564819336,0.00805435180664027,xgboost,absolute,fold_3,3h,ppb
2026-08-18T20:15:00Z,1,12.1,12.1,12.092507362365723,0.0074926376342769885,xgboost,absolute,fold_3,3h,ppb
2026-08-18T20:30:00Z,1,12.1,12.08,12.092253684997559,0.007746315002441051,xgboost,absolute,fold_3,3h,ppb
2026-08-18T20:45:00Z,1,12.09,12.07,12.092695236206055,-0.0026952362060548296,xgboost,absolute,fold_3,3h,ppb
2026-08-18T21:00:00Z,1,12.1,12.08,12.079994201660156,0.020005798339843395,xgboost,absolute,fold_3,3h,ppb
2026-08-18T21:15:00Z,1,12.1,12.09,12.084491729736328,0.01550827026367152,xgboost,absolute,fold_3,3h,ppb
2026-08-18T21:30:00Z,1,12.09,12.08,12.088961601257324,0.0010383987426756391,xgboost,absolute,fold_3,3h,ppb
2026-08-18T21:45:00Z,1,12.09,12.08,12.089542388916016,0.0004576110839842329,xgboost,absolute,fold_3,3h,ppb
2026-08-18T22:00:00Z,1,12.1,12.08,12.091458320617676,0.008541679382323863,xgboost,absolute,fold_3,3h,ppb
2026-08-18T22:15:00Z,1,12.12,12.08,12.08657169342041,0.03342830657958906,xgboost,absolute,fold_3,3h,ppb
2026-08-18T22:30:00Z,1,12.12,12.08,12.084868431091309,0.035131568908690625,xgboost,absolute,fold_3,3h,ppb
2026-08-18T22:45:00Z,1,12.11,12.09,12.084843635559082,0.0251563644409174,xgboost,absolute,fold_3,3h,ppb
2026-08-18T23:00:00Z,1,12.1,12.1,12.086189270019531,0.013810729980468395,xgboost,absolute,fold_3,3h,ppb
2026-08-18T23:15:00Z,1,12.1,12.1,12.089971542358398,0.010028457641601207,xgboost,absolute,fold_3,3h,ppb
2026-08-18T23:30:00Z,1,12.1,12.1,12.092565536499023,0.007434463500976207,xgboost,absolute,fold_3,3h,ppb
2026-08-18T23:45:00Z,1,12.11,12.09,12.10467529296875,0.0053247070312494316,xgboost,absolute,fold_3,3h,ppb
2026-08-19T00:00:00Z,1,12.1,12.1,12.099364280700684,0.000635719299316051,xgboost,absolute,fold_3,3h,ppb
2026-08-19T00:15:00Z,1,12.11,12.1,12.093228340148926,0.01677165985107365,xgboost,absolute,fold_3,3h,ppb
2026-08-19T00:30:00Z,1,12.11,12.09,12.094344139099121,0.015655860900878338,xgboost,absolute,fold_3,3h,ppb
2026-08-19T00:45:00Z,1,12.11,12.09,12.09255599975586,0.017444000244140057,xgboost,absolute,fold_3,3h,ppb
2026-08-19T01:00:00Z,1,12.1,12.1,12.068672180175781,0.031327819824218395,xgboost,absolute,fold_3,3h,ppb
2026-08-19T01:15:00Z,1,12.1,12.12,12.072117805480957,0.027882194519042613,xgboost,absolute,fold_3,3h,ppb
2026-08-19T01:30:00Z,1,12.09,12.12,12.071605682373047,0.018394317626952983,xgboost,absolute,fold_3,3h,ppb
2026-08-19T01:45:00Z,1,12.14,12.11,12.070405960083008,0.06959403991699276,xgboost,absolute,fold_3,3h,ppb
2026-08-19T02:00:00Z,1,12.05,12.1,12.063685417175293,-0.013685417175292258,xgboost,absolute,fold_3,3h,ppb
2026-08-19T02:15:00Z,1,12.05,12.1,12.068946838378906,-0.01894683837890554,xgboost,absolute,fold_3,3h,ppb
2026-08-19T02:30:00Z,1,12.04,12.1,12.062572479248047,-0.022572479248047728,xgboost,absolute,fold_3,3h,ppb
2026-08-19T02:45:00Z,1,12.08,12.11,12.053622245788574,0.026377754211425852,xgboost,absolute,fold_3,3h,ppb
2026-08-19T03:00:00Z,1,12.11,12.1,12.033166885375977,0.07683311462402287,xgboost,absolute,fold_3,3h,ppb
2026-08-19T03:15:00Z,1,12.05,12.11,12.02895450592041,0.021045494079590554,xgboost,absolute,fold_3,3h,ppb
2026-08-19T03:30:00Z,1,11.98,12.11,12.03516960144043,-0.05516960144042926,xgboost,absolute,fold_3,3h,ppb
2026-08-19T03:45:00Z,1,11.97,12.11,12.02777099609375,-0.05777099609374936,xgboost,absolute,fold_3,3h,ppb
2026-08-19T04:00:00Z,1,11.99,12.1,12.023519515991211,-0.033519515991210724,xgboost,absolute,fold_3,3h,ppb
2026-08-19T04:15:00Z,1,12.03,12.1,12.018838882446289,0.011161117553710298,xgboost,absolute,fold_3,3h,ppb
2026-08-19T04:30:00Z,1,12.05,12.09,12.01108169555664,0.038918304443360086,xgboost,absolute,fold_3,3h,ppb
2026-08-19T04:45:00Z,1,12.02,12.14,12.024511337280273,-0.004511337280273864,xgboost,absolute,fold_3,3h,ppb
2026-08-19T05:00:00Z,1,12.0,12.05,11.986910820007324,0.013089179992675781,xgboost,absolute,fold_3,3h,ppb
2026-08-19T05:15:00Z,1,12.02,12.05,11.976825714111328,0.04317428588867145,xgboost,absolute,fold_3,3h,ppb
2026-08-19T05:30:00Z,1,12.0,12.04,11.98733139038086,0.012668609619140625,xgboost,absolute,fold_3,3h,ppb
2026-08-19T05:45:00Z,1,12.03,12.08,12.010622024536133,0.019377975463866548,xgboost,absolute,fold_3,3h,ppb
2026-08-19T06:00:00Z,1,12.03,12.11,12.035659790039062,-0.0056597900390631395,xgboost,absolute,fold_3,3h,ppb
2026-08-19T06:15:00Z,1,12.0,12.05,12.029498100280762,-0.02949810028076172,xgboost,absolute,fold_3,3h,ppb
2026-08-19T06:30:00Z,1,12.02,11.98,12.007304191589355,0.012695808410644105,xgboost,absolute,fold_3,3h,ppb
2026-08-19T06:45:00Z,1,12.08,11.97,12.015544891357422,0.0644551086425782,xgboost,absolute,fold_3,3h,ppb
2026-08-19T07:00:00Z,1,12.03,11.99,12.020395278930664,0.009604721069335298,xgboost,absolute,fold_3,3h,ppb
2026-08-19T07:15:00Z,1,12.05,12.03,12.026143074035645,0.02385692596435618,xgboost,absolute,fold_3,3h,ppb
2026-08-19T07:30:00Z,1,12.03,12.05,12.0194673538208,0.01053264617919858,xgboost,absolute,fold_3,3h,ppb
2026-08-19T07:45:00Z,1,12.01,12.02,12.0253324508667,-0.015332450866699432,xgboost,absolute,fold_3,3h,ppb
2026-08-19T08:00:00Z,1,12.01,12.0,12.026833534240723,-0.01683353424072287,xgboost,absolute,fold_3,3h,ppb
2026-08-19T08:15:00Z,1,12.02,12.02,12.027400016784668,-0.007400016784668395,xgboost,absolute,fold_3,3h,ppb
2026-08-19T08:30:00Z,1,12.02,12.0,12.014063835144043,0.005936164855956605,xgboost,absolute,fold_3,3h,ppb
2026-08-19T08:45:00Z,1,12.03,12.03,12.025038719177246,0.004961280822753267,xgboost,absolute,fold_3,3h,ppb
2026-08-19T09:00:00Z,1,12.02,12.03,12.026844024658203,-0.006844024658203551,xgboost,absolute,fold_3,3h,ppb
2026-08-19T09:15:00Z,1,12.03,12.0,12.00875186920166,0.021248130798339204,xgboost,absolute,fold_3,3h,ppb
2026-08-19T09:30:00Z,1,12.02,12.02,12.024933815002441,-0.004933815002441833,xgboost,absolute,fold_3,3h,ppb
2026-08-19T09:45:00Z,1,12.04,12.08,12.021675109863281,0.018324890136717897,xgboost,absolute,fold_3,3h,ppb
2026-08-19T10:00:00Z,1,12.05,12.03,12.016767501831055,0.03323249816894602,xgboost,absolute,fold_3,3h,ppb
2026-08-19T10:15:00Z,1,12.06,12.05,12.023252487182617,0.03674751281738331,xgboost,absolute,fold_3,3h,ppb
2026-08-19T10:30:00Z,1,12.06,12.03,12.026752471923828,0.03324752807617237,xgboost,absolute,fold_3,3h,ppb
2026-08-19T10:45:00Z,1,12.06,12.01,12.012585639953613,0.047414360046387216,xgboost,absolute,fold_3,3h,ppb
2026-08-19T11:00:00Z,1,12.03,12.01,12.003504753112793,0.026495246887206392,xgboost,absolute,fold_3,3h,ppb
2026-08-19T11:15:00Z,1,12.04,12.02,11.993224143981934,0.046775856018065554,xgboost,absolute,fold_3,3h,ppb
2026-08-19T11:30:00Z,1,12.04,12.02,11.999954223632812,0.04004577636718665,xgboost,absolute,fold_3,3h,ppb
2026-08-19T11:45:00Z,1,11.99,12.03,11.999785423278809,-0.00978542327880838,xgboost,absolute,fold_3,3h,ppb
2026-08-19T12:00:00Z,1,11.93,12.02,11.985641479492188,-0.055641479492187784,xgboost,absolute,fold_3,3h,ppb
2026-08-19T12:15:00Z,1,11.97,12.03,12.020087242126465,-0.050087242126464204,xgboost,absolute,fold_3,3h,ppb
2026-08-19T12:30:00Z,1,12.03,12.02,12.033617973327637,-0.0036179733276373582,xgboost,absolute,fold_3,3h,ppb
2026-08-19T12:45:00Z,1,12.08,12.04,12.053502082824707,0.02649791717529304,xgboost,absolute,fold_3,3h,ppb
2026-08-19T13:15:00Z,1,12.21,12.06,12.146230697631836,0.06376930236816492,xgboost,absolute,fold_3,3h,ppb
2026-08-19T13:30:00Z,1,12.16,12.06,12.149538040161133,0.01046195983886733,xgboost,absolute,fold_3,3h,ppb
2026-08-19T13:45:00Z,1,12.13,12.06,12.135537147521973,-0.005537147521971875,xgboost,absolute,fold_3,3h,ppb
2026-08-19T14:00:00Z,1,12.11,12.03,12.11493968963623,-0.004939689636231037,xgboost,absolute,fold_3,3h,ppb
2026-08-19T14:15:00Z,1,12.13,12.04,12.113991737365723,0.016008262634278125,xgboost,absolute,fold_3,3h,ppb
2026-08-19T14:30:00Z,1,12.11,12.04,12.114044189453125,-0.0040441894531255684,xgboost,absolute,fold_3,3h,ppb
2026-08-19T14:45:00Z,1,12.12,11.99,12.107237815856934,0.012762184143065625,xgboost,absolute,fold_3,3h,ppb
2026-08-19T15:00:00Z,1,12.11,11.93,12.092215538024902,0.017784461975097088,xgboost,absolute,fold_3,3h,ppb
2026-08-19T15:15:00Z,1,12.11,11.97,12.086228370666504,0.023771629333495525,xgboost,absolute,fold_3,3h,ppb
2026-08-19T15:30:00Z,1,12.11,12.03,12.085711479187012,0.024288520812987713,xgboost,absolute,fold_3,3h,ppb
2026-08-19T15:45:00Z,1,12.1,12.08,12.085837364196777,0.014162635803222301,xgboost,absolute,fold_3,3h,ppb
2026-08-19T16:15:00Z,1,12.11,12.21,12.088104248046875,0.02189575195312443,xgboost,absolute,fold_3,3h,ppb
2026-08-19T16:30:00Z,1,12.11,12.16,12.086387634277344,0.02361236572265568,xgboost,absolute,fold_3,3h,ppb
2026-08-19T16:45:00Z,1,12.1,12.13,12.086443901062012,0.013556098937987926,xgboost,absolute,fold_3,3h,ppb
2026-08-19T17:00:00Z,1,12.11,12.11,12.091655731201172,0.018344268798827557,xgboost,absolute,fold_3,3h,ppb
2026-08-19T17:15:00Z,1,12.1,12.13,12.091364860534668,0.008635139465331676,xgboost,absolute,fold_3,3h,ppb
2026-08-19T17:30:00Z,1,12.12,12.11,12.093485832214355,0.02651416778564375,xgboost,absolute,fold_3,3h,ppb
2026-08-19T17:45:00Z,1,12.11,12.12,12.086759567260742,0.023240432739257244,xgboost,absolute,fold_3,3h,ppb
2026-08-19T18:00:00Z,1,12.09,12.11,12.089760780334473,0.00023921966552720164,xgboost,absolute,fold_3,3h,ppb
2026-08-19T18:15:00Z,1,12.1,12.11,12.080212593078613,0.019787406921386363,xgboost,absolute,fold_3,3h,ppb
2026-08-19T18:30:00Z,1,12.09,12.11,12.087336540222168,0.002663459777831889,xgboost,absolute,fold_3,3h,ppb
2026-08-19T18:45:00Z,1,12.09,12.1,12.074813842773438,0.015186157226562358,xgboost,absolute,fold_3,3h,ppb
2026-08-19T19:00:00Z,1,12.08,12.11,12.085614204406738,-0.00561420440673821,xgboost,absolute,fold_3,3h,ppb
2026-08-19T19:15:00Z,1,12.1,12.11,12.083394050598145,0.016605949401855113,xgboost,absolute,fold_3,3h,ppb
2026-08-19T19:30:00Z,1,12.1,12.11,12.088830947875977,0.011169052124023082,xgboost,absolute,fold_3,3h,ppb
2026-08-19T19:45:00Z,1,12.1,12.1,12.08881664276123,0.011183357238769176,xgboost,absolute,fold_3,3h,ppb
2026-08-19T20:00:00Z,1,12.1,12.11,12.08434772491455,0.015652275085448863,xgboost,absolute,fold_3,3h,ppb
2026-08-19T20:15:00Z,1,12.11,12.1,12.083271026611328,0.026728973388671307,xgboost,absolute,fold_3,3h,ppb
2026-08-19T20:30:00Z,1,12.12,12.12,12.082014083862305,0.03798591613769453,xgboost,absolute,fold_3,3h,ppb
2026-08-19T20:45:00Z,1,12.1,12.11,12.080581665039062,0.019418334960937145,xgboost,absolute,fold_3,3h,ppb
2026-08-19T21:00:00Z,1,12.09,12.09,12.073107719421387,0.01689228057861314,xgboost,absolute,fold_3,3h,ppb
2026-08-19T21:15:00Z,1,12.09,12.1,12.07181453704834,0.018185462951660014,xgboost,absolute,fold_3,3h,ppb
2026-08-19T21:30:00Z,1,12.09,12.09,12.071778297424316,0.01822170257568345,xgboost,absolute,fold_3,3h,ppb
2026-08-19T21:45:00Z,1,12.1,12.09,12.066609382629395,0.033390617370605113,xgboost,absolute,fold_3,3h,ppb
2026-08-19T22:00:00Z,1,12.11,12.08,12.08113956451416,0.028860435485839275,xgboost,absolute,fold_3,3h,ppb
2026-08-19T22:15:00Z,1,12.11,12.1,12.072718620300293,0.03728137969970646,xgboost,absolute,fold_3,3h,ppb
2026-08-19T22:30:00Z,1,12.1,12.1,12.086746215820312,0.013253784179687145,xgboost,absolute,fold_3,3h,ppb
2026-08-19T22:45:00Z,1,12.1,12.1,12.081840515136719,0.018159484863280895,xgboost,absolute,fold_3,3h,ppb
2026-08-19T23:00:00Z,1,12.1,12.1,12.08093547821045,0.019064521789550426,xgboost,absolute,fold_3,3h,ppb
2026-08-19T23:15:00Z,1,12.1,12.11,12.075753211975098,0.02424678802490199,xgboost,absolute,fold_3,3h,ppb
2026-08-19T23:30:00Z,1,12.1,12.12,12.077203750610352,0.022796249389648082,xgboost,absolute,fold_3,3h,ppb
2026-08-19T23:45:00Z,1,12.11,12.1,12.081232070922852,0.02876792907714787,xgboost,absolute,fold_3,3h,ppb
2026-08-16T00:00:00Z,1,12.11,12.09,12.100646839626133,0.009353160373866132,xgboost,delta,fold_3,3h,ppb
2026-08-16T00:15:00Z,1,12.11,12.08,12.100977323874831,0.00902267612516816,xgboost,delta,fold_3,3h,ppb
2026-08-16T00:30:00Z,1,12.13,12.07,12.104997384995222,0.025002615004778406,xgboost,delta,fold_3,3h,ppb
2026-08-16T00:45:00Z,1,12.11,12.06,12.098856722414494,0.011143277585505373,xgboost,delta,fold_3,3h,ppb
2026-08-16T01:00:00Z,1,12.09,12.08,12.085843941122294,0.0041560588777063145,xgboost,delta,fold_3,3h,ppb
2026-08-16T01:15:00Z,1,12.09,12.08,12.084914156161249,0.005085843838751103,xgboost,delta,fold_3,3h,ppb
2026-08-16T01:30:00Z,1,12.1,12.1,12.06535188704729,0.0346481129527092,xgboost,delta,fold_3,3h,ppb
2026-08-16T01:45:00Z,1,12.11,12.11,12.064232055693864,0.04576794430613518,xgboost,delta,fold_3,3h,ppb
2026-08-16T02:00:00Z,1,12.06,12.11,12.046040595173835,0.013959404826165311,xgboost,delta,fold_3,3h,ppb
2026-08-16T02:15:00Z,1,12.03,12.13,12.055606057047845,-0.025606057047845354,xgboost,delta,fold_3,3h,ppb
2026-08-16T02:30:00Z,1,12.03,12.14,12.054564900100232,-0.02456490010023238,xgboost,delta,fold_3,3h,ppb
2026-08-16T02:45:00Z,1,12.0,12.11,12.044371165931224,-0.044371165931224255,xgboost,delta,fold_3,3h,ppb
2026-08-16T03:00:00Z,1,12.08,12.11,12.02335828602314,0.056641713976860686,xgboost,delta,fold_3,3h,ppb
2026-08-16T03:15:00Z,1,12.03,12.11,12.025489681065082,0.004510318934917379,xgboost,delta,fold_3,3h,ppb
2026-08-16T03:30:00Z,1,12.09,12.13,12.022203606665135,0.06779639333486465,xgboost,delta,fold_3,3h,ppb
2026-08-16T03:45:00Z,1,12.05,12.11,12.032436960041522,0.0175630399584783,xgboost,delta,fold_3,3h,ppb
2026-08-16T04:00:00Z,1,12.02,12.09,12.013738770186901,0.006261229813098623,xgboost,delta,fold_3,3h,ppb
2026-08-16T04:15:00Z,1,12.12,12.09,12.01039092630148,0.10960907369852002,xgboost,delta,fold_3,3h,ppb
2026-08-16T04:30:00Z,1,12.07,12.1,12.011070175468921,0.05892982453107898,xgboost,delta,fold_3,3h,ppb
2026-08-16T04:45:00Z,1,12.26,12.11,12.031603769063949,0.22839623093605077,xgboost,delta,fold_3,3h,ppb
2026-08-16T05:00:00Z,1,12.2,12.06,11.997734298408032,0.20226570159196733,xgboost,delta,fold_3,3h,ppb
2026-08-16T05:15:00Z,1,12.1,12.03,12.001076676622032,0.09892332337796717,xgboost,delta,fold_3,3h,ppb
2026-08-16T05:30:00Z,1,12.11,12.03,12.006324781775474,0.10367521822452552,xgboost,delta,fold_3,3h,ppb
2026-08-16T05:45:00Z,1,12.14,12.0,11.990595627576113,0.14940437242388782,xgboost,delta,fold_3,3h,ppb
2026-08-16T06:00:00Z,1,12.3,12.08,12.03487855374813,0.26512144625186984,xgboost,delta,fold_3,3h,ppb
2026-08-16T06:15:00Z,1,12.36,12.03,12.025775825809687,0.3342241741903127,xgboost,delta,fold_3,3h,ppb
2026-08-16T06:30:00Z,1,12.35,12.09,12.029474862068891,0.32052513793110826,xgboost,delta,fold_3,3h,ppb
2026-08-16T06:45:00Z,1,12.35,12.05,12.009023986011744,0.3409760139882554,xgboost,delta,fold_3,3h,ppb
2026-08-16T07:00:00Z,1,12.34,12.02,12.008754777237773,0.33124522276222734,xgboost,delta,fold_3,3h,ppb
2026-08-16T07:15:00Z,1,12.33,12.12,12.050219523608684,0.2797804763913163,xgboost,delta,fold_3,3h,ppb
2026-08-16T07:30:00Z,1,12.27,12.07,12.038138329684735,0.23186167031526494,xgboost,delta,fold_3,3h,ppb
2026-08-16T07:45:00Z,1,12.21,12.26,12.165419752001762,0.044580247998238676,xgboost,delta,fold_3,3h,ppb
2026-08-16T08:00:00Z,1,12.1,12.2,12.127148543298244,-0.02714854329824412,xgboost,delta,fold_3,3h,ppb
2026-08-16T08:15:00Z,1,12.11,12.1,12.055006051808595,0.05499394819140413,xgboost,delta,fold_3,3h,ppb
2026-08-16T08:30:00Z,1,12.17,12.11,12.049290940761566,0.12070905923843434,xgboost,delta,fold_3,3h,ppb
2026-08-16T08:45:00Z,1,12.2,12.14,12.074520065784455,0.12547993421554438,xgboost,delta,fold_3,3h,ppb
2026-08-16T09:00:00Z,1,12.22,12.3,12.224510449171067,-0.004510449171066355,xgboost,delta,fold_3,3h,ppb
2026-08-16T09:15:00Z,1,12.21,12.36,12.290919513106346,-0.08091951310634471,xgboost,delta,fold_3,3h,ppb
2026-08-16T09:30:00Z,1,12.15,12.35,12.280297181010246,-0.13029718101024557,xgboost,delta,fold_3,3h,ppb
2026-08-16T09:45:00Z,1,12.17,12.35,12.286707444489002,-0.11670744448900194,xgboost,delta,fold_3,3h,ppb
2026-08-16T10:00:00Z,1,12.19,12.34,12.294615850001573,-0.10461585000157392,xgboost,delta,fold_3,3h,ppb
2026-08-16T10:15:00Z,1,12.16,12.33,12.281048266142607,-0.12104826614260666,xgboost,delta,fold_3,3h,ppb
2026-08-16T10:30:00Z,1,12.22,12.27,12.217640635073185,0.0023593649268160988,xgboost,delta,fold_3,3h,ppb
2026-08-16T10:45:00Z,1,12.16,12.21,12.175437665581704,-0.015437665581703897,xgboost,delta,fold_3,3h,ppb
2026-08-16T11:00:00Z,1,12.18,12.1,12.08444658704102,0.09555341295897968,xgboost,delta,fold_3,3h,ppb
2026-08-16T11:15:00Z,1,12.2,12.11,12.091354376301169,0.10864562369883046,xgboost,delta,fold_3,3h,ppb
2026-08-16T11:30:00Z,1,12.29,12.17,12.121396357268095,0.1686036427319042,xgboost,delta,fold_3,3h,ppb
2026-08-16T11:45:00Z,1,12.16,12.2,12.144727066904306,0.015272933095694441,xgboost,delta,fold_3,3h,ppb
2026-08-16T12:00:00Z,1,12.28,12.22,12.156145894229413,0.12385410577058664,xgboost,delta,fold_3,3h,ppb
2026-08-16T12:15:00Z,1,12.19,12.21,12.173709708303214,0.01629029169678553,xgboost,delta,fold_3,3h,ppb
2026-08-16T12:30:00Z,1,12.08,12.15,12.114177258312703,-0.03417725831270246,xgboost,delta,fold_3,3h,ppb
2026-08-16T12:45:00Z,1,12.16,12.17,12.132672885507345,0.027327114492655014,xgboost,delta,fold_3,3h,ppb
2026-08-16T13:00:00Z,1,12.3,12.19,12.175897006466984,0.12410299353301646,xgboost,delta,fold_3,3h,ppb
2026-08-16T13:15:00Z,1,12.38,12.16,12.155913128834218,0.22408687116578285,xgboost,delta,fold_3,3h,ppb
2026-08-16T13:30:00Z,1,12.34,12.22,12.187910539358855,0.15208946064114492,xgboost,delta,fold_3,3h,ppb
2026-08-16T13:45:00Z,1,12.31,12.16,12.157349887853488,0.15265011214651203,xgboost,delta,fold_3,3h,ppb
2026-08-16T14:00:00Z,1,12.22,12.18,12.15637228295207,0.06362771704793069,xgboost,delta,fold_3,3h,ppb
2026-08-16T14:15:00Z,1,12.16,12.2,12.180744756758212,-0.02074475675821219,xgboost,delta,fold_3,3h,ppb
2026-08-16T14:30:00Z,1,12.13,12.29,12.235259623229503,-0.105259623229502,xgboost,delta,fold_3,3h,ppb
2026-08-16T14:45:00Z,1,12.1,12.16,12.150710586309433,-0.05071058630943348,xgboost,delta,fold_3,3h,ppb
2026-08-16T15:00:00Z,1,12.1,12.28,12.209521031677722,-0.10952103167772265,xgboost,delta,fold_3,3h,ppb
2026-08-16T15:15:00Z,1,12.1,12.19,12.175442250035703,-0.07544225003570304,xgboost,delta,fold_3,3h,ppb
2026-08-16T15:30:00Z,1,12.08,12.08,12.105015519931912,-0.025015519931912422,xgboost,delta,fold_3,3h,ppb
2026-08-16T15:45:00Z,1,12.07,12.16,12.125542532503605,-0.05554253250360475,xgboost,delta,fold_3,3h,ppb
2026-08-16T16:00:00Z,1,12.07,12.3,12.206386569142342,-0.13638656914234204,xgboost,delta,fold_3,3h,ppb
2026-08-16T16:15:00Z,1,12.08,12.38,12.28339493751526,-0.2033949375152595,xgboost,delta,fold_3,3h,ppb
2026-08-16T16:30:00Z,1,12.07,12.34,12.26134217172861,-0.19134217172861057,xgboost,delta,fold_3,3h,ppb
2026-08-16T16:45:00Z,1,12.08,12.31,12.23241930961609,-0.1524193096160893,xgboost,delta,fold_3,3h,ppb
2026-08-16T17:00:00Z,1,12.08,12.22,12.169653681367636,-0.0896536813676363,xgboost,delta,fold_3,3h,ppb
2026-08-16T17:15:00Z,1,12.09,12.16,12.123300682604313,-0.03330068260431318,xgboost,delta,fold_3,3h,ppb
2026-08-16T17:30:00Z,1,12.09,12.13,12.098091528862716,-0.008091528862715691,xgboost,delta,fold_3,3h,ppb
2026-08-16T17:45:00Z,1,12.07,12.1,12.091656831465661,-0.021656831465660886,xgboost,delta,fold_3,3h,ppb
2026-08-16T18:00:00Z,1,12.08,12.1,12.096731356950476,-0.01673135695047634,xgboost,delta,fold_3,3h,ppb
2026-08-16T18:15:00Z,1,12.08,12.1,12.096907571330666,-0.016907571330666116,xgboost,delta,fold_3,3h,ppb
2026-08-16T18:30:00Z,1,12.06,12.08,12.094748205430806,-0.03474820543080526,xgboost,delta,fold_3,3h,ppb
2026-08-16T18:45:00Z,1,12.07,12.07,12.089670937210322,-0.019670937210321426,xgboost,delta,fold_3,3h,ppb
2026-08-16T19:00:00Z,1,12.07,12.07,12.087919026315213,-0.01791902631521225,xgboost,delta,fold_3,3h,ppb
2026-08-16T19:15:00Z,1,12.08,12.08,12.081466922578402,-0.0014669225784018636,xgboost,delta,fold_3,3h,ppb
2026-08-16T19:30:00Z,1,12.09,12.07,12.078508526720107,0.011491473279892972,xgboost,delta,fold_3,3h,ppb
2026-08-16T19:45:00Z,1,12.08,12.08,12.076918387478218,0.0030816125217825174,xgboost,delta,fold_3,3h,ppb
2026-08-16T20:00:00Z,1,12.07,12.08,12.076785308001563,-0.00678530800156274,xgboost,delta,fold_3,3h,ppb
2026-08-16T20:15:00Z,1,12.07,12.09,12.078739915192127,-0.008739915192126801,xgboost,delta,fold_3,3h,ppb
2026-08-16T20:30:00Z,1,12.07,12.09,12.080379482507706,-0.010379482507705262,xgboost,delta,fold_3,3h,ppb
2026-08-16T20:45:00Z,1,12.08,12.07,12.087022615298629,-0.00702261529862902,xgboost,delta,fold_3,3h,ppb
2026-08-16T21:00:00Z,1,12.07,12.08,12.081582062221132,-0.011582062221132006,xgboost,delta,fold_3,3h,ppb
2026-08-16T21:15:00Z,1,12.08,12.08,12.08028615645715,-0.000286156457150355,xgboost,delta,fold_3,3h,ppb
2026-08-16T21:30:00Z,1,12.09,12.06,12.086239709928632,0.003760290071367578,xgboost,delta,fold_3,3h,ppb
2026-08-16T21:45:00Z,1,12.1,12.07,12.082485546059907,0.017514453940092878,xgboost,delta,fold_3,3h,ppb
2026-08-16T22:00:00Z,1,12.09,12.07,12.08577589660883,0.004224103391170075,xgboost,delta,fold_3,3h,ppb
2026-08-16T22:15:00Z,1,12.09,12.08,12.081882988959551,0.00811701104044893,xgboost,delta,fold_3,3h,ppb
2026-08-16T22:30:00Z,1,12.13,12.09,12.081185652092099,0.048814347907901734,xgboost,delta,fold_3,3h,ppb
2026-08-16T22:45:00Z,1,12.12,12.08,12.081537162810564,0.038462837189435106,xgboost,delta,fold_3,3h,ppb
2026-08-16T23:00:00Z,1,12.1,12.07,12.089847095012665,0.010152904987334566,xgboost,delta,fold_3,3h,ppb
2026-08-16T23:15:00Z,1,12.12,12.07,12.089618710502982,0.030381289497016795,xgboost,delta,fold_3,3h,ppb
2026-08-16T23:30:00Z,1,12.12,12.07,12.093044109344483,0.026955890655516512,xgboost,delta,fold_3,3h,ppb
2026-08-16T23:45:00Z,1,12.13,12.08,12.091651571840048,0.038348428159952874,xgboost,delta,fold_3,3h,ppb
2026-08-17T00:00:00Z,1,12.12,12.07,12.092821221500635,0.027178778499363787,xgboost,delta,fold_3,3h,ppb
2026-08-17T00:15:00Z,1,12.11,12.08,12.095165243297815,0.014834756702184038,xgboost,delta,fold_3,3h,ppb
2026-08-17T00:30:00Z,1,12.11,12.09,12.090966178486124,0.019033821513875893,xgboost,delta,fold_3,3h,ppb
2026-08-17T00:45:00Z,1,12.09,12.1,12.080683635920286,0.009316364079714035,xgboost,delta,fold_3,3h,ppb
2026-08-17T01:00:00Z,1,12.11,12.09,12.08021672271192,0.029783277288078835,xgboost,delta,fold_3,3h,ppb
2026-08-17T01:15:00Z,1,12.09,12.09,12.082513566743582,0.007486433256417513,xgboost,delta,fold_3,3h,ppb
2026-08-17T01:30:00Z,1,12.08,12.13,12.076342788636685,0.0036572113633148717,xgboost,delta,fold_3,3h,ppb
2026-08-17T01:45:00Z,1,12.09,12.12,12.079836173802613,0.010163826197386427,xgboost,delta,fold_3,3h,ppb
2026-08-17T02:00:00Z,1,12.09,12.1,12.060192628204822,0.029807371795177673,xgboost,delta,fold_3,3h,ppb
2026-08-17T02:15:00Z,1,12.08,12.12,12.067265699505805,0.012734300494194883,xgboost,delta,fold_3,3h,ppb
2026-08-17T02:30:00Z,1,12.01,12.12,12.073024387359618,-0.06302438735961857,xgboost,delta,fold_3,3h,ppb
2026-08-17T02:45:00Z,1,12.01,12.13,12.072737303674222,-0.06273730367422203,xgboost,delta,fold_3,3h,ppb
2026-08-17T03:00:00Z,1,12.07,12.12,12.043754155635833,0.026245844364167326,xgboost,delta,fold_3,3h,ppb
2026-08-17T03:15:00Z,1,11.99,12.11,12.03902536690235,-0.0490253669023506,xgboost,delta,fold_3,3h,ppb
2026-08-17T03:30:00Z,1,11.99,12.11,12.045098975896835,-0.055098975896834546,xgboost,delta,fold_3,3h,ppb
2026-08-17T03:45:00Z,1,12.01,12.09,12.038570314794779,-0.028570314794778895,xgboost,delta,fold_3,3h,ppb
2026-08-17T04:00:00Z,1,12.09,12.11,12.031019330620765,0.05898066937923474,xgboost,delta,fold_3,3h,ppb
2026-08-17T04:15:00Z,1,12.0,12.09,12.026950169503689,-0.02695016950368867,xgboost,delta,fold_3,3h,ppb
2026-08-17T04:30:00Z,1,11.98,12.08,12.028841191828251,-0.04884119182825053,xgboost,delta,fold_3,3h,ppb
2026-08-17T04:45:00Z,1,11.98,12.09,12.039385952204466,-0.0593859522044653,xgboost,delta,fold_3,3h,ppb
2026-08-17T05:00:00Z,1,11.99,12.09,12.034660313427448,-0.04466031342744792,xgboost,delta,fold_3,3h,ppb
2026-08-17T05:15:00Z,1,12.03,12.08,12.040413467139006,-0.010413467139006372,xgboost,delta,fold_3,3h,ppb
2026-08-17T05:30:00Z,1,12.06,12.01,11.993527578413486,0.06647242158651423,xgboost,delta,fold_3,3h,ppb
2026-08-17T05:45:00Z,1,12.04,12.01,11.990330940335989,0.04966905966401036,xgboost,delta,fold_3,3h,ppb
2026-08-17T06:00:00Z,1,11.98,12.07,12.024912811517716,-0.04491281151771531,xgboost,delta,fold_3,3h,ppb
2026-08-17T06:15:00Z,1,12.05,11.99,11.996631639786065,0.05336836021393587,xgboost,delta,fold_3,3h,ppb
2026-08-17T06:30:00Z,1,12.05,11.99,12.016811389252544,0.03318861074745705,xgboost,delta,fold_3,3h,ppb
2026-08-17T06:45:00Z,1,12.07,12.01,12.021878693476319,0.048121306523681184,xgboost,delta,fold_3,3h,ppb
2026-08-17T07:00:00Z,1,11.99,12.09,12.051767219007015,-0.06176721900701487,xgboost,delta,fold_3,3h,ppb
2026-08-17T07:15:00Z,1,12.02,12.0,12.020661070942879,-0.0006610709428791495,xgboost,delta,fold_3,3h,ppb
2026-08-17T07:30:00Z,1,12.07,11.98,12.021616190224886,0.04838380977511392,xgboost,delta,fold_3,3h,ppb
2026-08-17T07:45:00Z,1,12.06,11.98,12.021736342012883,0.03826365798711784,xgboost,delta,fold_3,3h,ppb
2026-08-17T08:00:00Z,1,12.01,11.99,12.026547720432282,-0.01654772043228192,xgboost,delta,fold_3,3h,ppb
2026-08-17T08:15:00Z,1,12.05,12.03,12.0302679360623,0.019732063937700772,xgboost,delta,fold_3,3h,ppb
2026-08-17T08:30:00Z,1,12.09,12.06,12.016543162465096,0.07345683753490384,xgboost,delta,fold_3,3h,ppb
2026-08-17T08:45:00Z,1,12.02,12.04,12.017418012917041,0.0025819870829586478,xgboost,delta,fold_3,3h,ppb
2026-08-17T09:00:00Z,1,12.05,11.98,12.029847904592753,0.020152095407247828,xgboost,delta,fold_3,3h,ppb
2026-08-17T09:15:00Z,1,12.03,12.05,12.016701053082944,0.013298946917055687,xgboost,delta,fold_3,3h,ppb
2026-08-17T09:30:00Z,1,12.02,12.05,12.028411808609963,-0.0084118086099636,xgboost,delta,fold_3,3h,ppb
2026-08-17T09:45:00Z,1,12.04,12.07,12.029803678095341,0.010196321904658134,xgboost,delta,fold_3,3h,ppb
2026-08-17T10:00:00Z,1,12.0,11.99,12.025063199698925,-0.02506319969892523,xgboost,delta,fold_3,3h,ppb
2026-08-17T10:15:00Z,1,12.0,12.02,12.019731466348748,-0.019731466348748228,xgboost,delta,fold_3,3h,ppb
2026-08-17T10:30:00Z,1,12.0,12.07,12.050707509443164,-0.050707509443164156,xgboost,delta,fold_3,3h,ppb
2026-08-17T10:45:00Z,1,12.02,12.06,12.051330644115806,-0.03133064411580655,xgboost,delta,fold_3,3h,ppb
2026-08-17T11:00:00Z,1,12.02,12.01,12.029130516797304,-0.009130516797304367,xgboost,delta,fold_3,3h,ppb
2026-08-17T11:15:00Z,1,12.05,12.05,12.049399551772513,0.0006004482274875045,xgboost,delta,fold_3,3h,ppb
2026-08-17T11:30:00Z,1,12.08,12.09,12.051561314761638,0.028438685238361572,xgboost,delta,fold_3,3h,ppb
2026-08-17T11:45:00Z,1,12.03,12.02,12.033116476126015,-0.0031164761260153995,xgboost,delta,fold_3,3h,ppb
2026-08-17T12:00:00Z,1,11.99,12.05,12.05056933250744,-0.060569332507439455,xgboost,delta,fold_3,3h,ppb
2026-08-17T12:15:00Z,1,12.01,12.03,12.022876232601702,-0.012876232601701787,xgboost,delta,fold_3,3h,ppb
2026-08-17T12:30:00Z,1,11.98,12.02,12.030329781100153,-0.05032978110015307,xgboost,delta,fold_3,3h,ppb
2026-08-17T12:45:00Z,1,12.13,12.04,12.054110766351222,0.07588923364877864,xgboost,delta,fold_3,3h,ppb
2026-08-17T13:00:00Z,1,12.1,12.0,12.097372114658356,0.002627885341643932,xgboost,delta,fold_3,3h,ppb
2026-08-17T13:15:00Z,1,12.15,12.0,12.09467177838087,0.055328221619129536,xgboost,delta,fold_3,3h,ppb
2026-08-17T13:30:00Z,1,12.16,12.0,12.099975876510143,0.06002412348985686,xgboost,delta,fold_3,3h,ppb
2026-08-17T13:45:00Z,1,12.14,12.02,12.115610156655311,0.02438984334468941,xgboost,delta,fold_3,3h,ppb
2026-08-17T14:00:00Z,1,12.14,12.02,12.116072889864444,0.023927110135556262,xgboost,delta,fold_3,3h,ppb
2026-08-17T14:15:00Z,1,12.12,12.05,12.121160599589349,-0.0011605995893493315,xgboost,delta,fold_3,3h,ppb
2026-08-17T14:30:00Z,1,12.12,12.08,12.122642902582884,-0.0026429025828846875,xgboost,delta,fold_3,3h,ppb
2026-08-17T14:45:00Z,1,12.11,12.03,12.116086876690387,-0.006086876690387655,xgboost,delta,fold_3,3h,ppb
2026-08-17T15:00:00Z,1,12.11,11.99,12.084553962349892,0.025446037650107556,xgboost,delta,fold_3,3h,ppb
2026-08-17T15:15:00Z,1,12.09,12.01,12.084220642447471,0.005779357552528452,xgboost,delta,fold_3,3h,ppb
2026-08-17T15:30:00Z,1,12.11,11.98,12.105904232263565,0.004095767736433942,xgboost,delta,fold_3,3h,ppb
2026-08-17T15:45:00Z,1,12.1,12.13,12.095335726737977,0.004664273262022789,xgboost,delta,fold_3,3h,ppb
2026-08-17T16:00:00Z,1,12.11,12.1,12.074747562780976,0.03525243721902349,xgboost,delta,fold_3,3h,ppb
2026-08-17T16:15:00Z,1,12.11,12.15,12.070310936868191,0.03968906313180831,xgboost,delta,fold_3,3h,ppb
2026-08-17T16:30:00Z,1,12.1,12.16,12.074931111037731,0.025068888962268332,xgboost,delta,fold_3,3h,ppb
2026-08-17T16:45:00Z,1,12.1,12.14,12.069092831909657,0.03090716809034255,xgboost,delta,fold_3,3h,ppb
2026-08-17T17:00:00Z,1,12.1,12.14,12.081332679241896,0.0186673207581034,xgboost,delta,fold_3,3h,ppb
2026-08-17T17:15:00Z,1,12.09,12.12,12.077756042480468,0.01224395751953189,xgboost,delta,fold_3,3h,ppb
2026-08-17T17:30:00Z,1,12.07,12.12,12.07890836790204,-0.008908367902039416,xgboost,delta,fold_3,3h,ppb
2026-08-17T17:45:00Z,1,12.09,12.11,12.082197646275162,0.0078023537248377295,xgboost,delta,fold_3,3h,ppb
2026-08-17T18:00:00Z,1,12.08,12.11,12.085970277562737,-0.005970277562736825,xgboost,delta,fold_3,3h,ppb
2026-08-17T18:15:00Z,1,12.1,12.09,12.080789978764951,0.019210021235048558,xgboost,delta,fold_3,3h,ppb
2026-08-17T18:30:00Z,1,12.12,12.11,12.082017707303166,0.0379822926968334,xgboost,delta,fold_3,3h,ppb
2026-08-17T18:45:00Z,1,12.13,12.1,12.081587408110499,0.048412591889501755,xgboost,delta,fold_3,3h,ppb
2026-08-17T19:00:00Z,1,12.13,12.11,12.08276479564607,0.047235204353929916,xgboost,delta,fold_3,3h,ppb
2026-08-17T19:15:00Z,1,12.13,12.11,12.08925455123186,0.040745448768140236,xgboost,delta,fold_3,3h,ppb
2026-08-17T19:30:00Z,1,12.14,12.1,12.0805598128587,0.05944018714130017,xgboost,delta,fold_3,3h,ppb
2026-08-17T19:45:00Z,1,12.13,12.1,12.073211359232664,0.05678864076733703,xgboost,delta,fold_3,3h,ppb
2026-08-17T20:00:00Z,1,12.11,12.1,12.071996219828725,0.038003780171274926,xgboost,delta,fold_3,3h,ppb
2026-08-17T20:15:00Z,1,12.12,12.09,12.079178800955415,0.04082119904458459,xgboost,delta,fold_3,3h,ppb
2026-08-17T20:30:00Z,1,12.12,12.07,12.08039206981659,0.03960793018340958,xgboost,delta,fold_3,3h,ppb
2026-08-17T20:45:00Z,1,12.12,12.09,12.076420589499175,0.04357941050082381,xgboost,delta,fold_3,3h,ppb
2026-08-17T21:00:00Z,1,12.11,12.08,12.082622451633215,0.02737754836678441,xgboost,delta,fold_3,3h,ppb
2026-08-17T21:15:00Z,1,12.1,12.1,12.078221708908677,0.0217782910913229,xgboost,delta,fold_3,3h,ppb
2026-08-17T21:30:00Z,1,12.1,12.12,12.08237439289689,0.017625607103109786,xgboost,delta,fold_3,3h,ppb
2026-08-17T21:45:00Z,1,12.1,12.13,12.086458725035191,0.01354127496480828,xgboost,delta,fold_3,3h,ppb
2026-08-17T22:00:00Z,1,12.12,12.13,12.088431947976352,0.03156805202364765,xgboost,delta,fold_3,3h,ppb
2026-08-17T22:15:00Z,1,12.11,12.13,12.090079688578845,0.01992031142115458,xgboost,delta,fold_3,3h,ppb
2026-08-17T22:30:00Z,1,12.1,12.14,12.091461222022772,0.008538777977227241,xgboost,delta,fold_3,3h,ppb
2026-08-17T22:45:00Z,1,12.1,12.13,12.088435978740455,0.011564021259545143,xgboost,delta,fold_3,3h,ppb
2026-08-17T23:00:00Z,1,12.13,12.11,12.092219614088535,0.03778038591146604,xgboost,delta,fold_3,3h,ppb
2026-08-17T23:15:00Z,1,12.11,12.12,12.081940333247184,0.02805966675281546,xgboost,delta,fold_3,3h,ppb
2026-08-17T23:30:00Z,1,12.11,12.12,12.095244924426078,0.014755075573921417,xgboost,delta,fold_3,3h,ppb
2026-08-17T23:45:00Z,1,12.11,12.12,12.092396101802587,0.017603898197412704,xgboost,delta,fold_3,3h,ppb
2026-08-18T00:00:00Z,1,12.11,12.11,12.096012785695493,0.013987214304506779,xgboost,delta,fold_3,3h,ppb
2026-08-18T00:15:00Z,1,12.11,12.1,12.089102211780846,0.020897788219153668,xgboost,delta,fold_3,3h,ppb
2026-08-18T00:30:00Z,1,12.11,12.1,12.076620530709624,0.033379469290375496,xgboost,delta,fold_3,3h,ppb
2026-08-18T00:45:00Z,1,12.11,12.1,12.075084049627185,0.03491595037281492,xgboost,delta,fold_3,3h,ppb
2026-08-18T01:00:00Z,1,12.11,12.12,12.08470709145069,0.02529290854930899,xgboost,delta,fold_3,3h,ppb
2026-08-18T01:15:00Z,1,12.13,12.11,12.088823019191622,0.041176980808378616,xgboost,delta,fold_3,3h,ppb
2026-08-18T01:30:00Z,1,12.14,12.1,12.087188156694173,0.05281184330582711,xgboost,delta,fold_3,3h,ppb
2026-08-18T01:45:00Z,1,12.08,12.1,12.066374181210994,0.013625818789005706,xgboost,delta,fold_3,3h,ppb
2026-08-18T02:00:00Z,1,12.09,12.13,12.070757252275945,0.01924274772405532,xgboost,delta,fold_3,3h,ppb
2026-08-18T02:15:00Z,1,12.07,12.11,12.061181944459676,0.00881805554032411,xgboost,delta,fold_3,3h,ppb
2026-08-18T02:30:00Z,1,12.09,12.11,12.061575774699449,0.028424225300550887,xgboost,delta,fold_3,3h,ppb
2026-08-18T02:45:00Z,1,12.09,12.11,12.061867312192916,0.028132687807083556,xgboost,delta,fold_3,3h,ppb
2026-08-18T03:00:00Z,1,12.05,12.11,12.03161400616169,0.01838599383831152,xgboost,delta,fold_3,3h,ppb
2026-08-18T03:15:00Z,1,12.04,12.11,12.025086776018142,0.014913223981857016,xgboost,delta,fold_3,3h,ppb
2026-08-18T03:30:00Z,1,12.04,12.11,12.022208378314971,0.017791621685027792,xgboost,delta,fold_3,3h,ppb
2026-08-18T03:45:00Z,1,12.04,12.11,12.016722225248813,0.023277774751186087,xgboost,delta,fold_3,3h,ppb
2026-08-18T04:00:00Z,1,12.07,12.11,12.00955723285675,0.060442767143250364,xgboost,delta,fold_3,3h,ppb
2026-08-18T04:15:00Z,1,12.05,12.13,12.017656077742577,0.03234392225742333,xgboost,delta,fold_3,3h,ppb
2026-08-18T04:30:00Z,1,12.02,12.14,12.010742201805115,0.00925779819488426,xgboost,delta,fold_3,3h,ppb
2026-08-18T04:45:00Z,1,12.09,12.08,12.004805715680122,0.08519428431987741,xgboost,delta,fold_3,3h,ppb
2026-08-18T05:00:00Z,1,12.06,12.09,11.990115318596363,0.06988468140363757,xgboost,delta,fold_3,3h,ppb
2026-08-18T05:15:00Z,1,12.02,12.07,11.987189918458462,0.03281008154153753,xgboost,delta,fold_3,3h,ppb
2026-08-18T05:30:00Z,1,12.07,12.09,12.00957614570856,0.06042385429143948,xgboost,delta,fold_3,3h,ppb
2026-08-18T05:45:00Z,1,12.08,12.09,12.019113559424877,0.060886440575123046,xgboost,delta,fold_3,3h,ppb
2026-08-18T06:00:00Z,1,12.06,12.05,11.993699598312379,0.06630040168762186,xgboost,delta,fold_3,3h,ppb
2026-08-18T06:15:00Z,1,11.99,12.04,12.006340906918048,-0.016340906918047793,xgboost,delta,fold_3,3h,ppb
2026-08-18T06:30:00Z,1,11.99,12.04,12.011956128254532,-0.021956128254531748,xgboost,delta,fold_3,3h,ppb
2026-08-18T06:45:00Z,1,12.01,12.04,12.018276312351226,-0.008276312351226167,xgboost,delta,fold_3,3h,ppb
2026-08-18T07:00:00Z,1,12.0,12.07,12.025916050821543,-0.025916050821543024,xgboost,delta,fold_3,3h,ppb
2026-08-18T07:15:00Z,1,12.1,12.05,12.010130471736193,0.08986952826380623,xgboost,delta,fold_3,3h,ppb
2026-08-18T07:30:00Z,1,12.02,12.02,12.003312217518687,0.016687782481312752,xgboost,delta,fold_3,3h,ppb
2026-08-18T07:45:00Z,1,11.99,12.09,12.008755516409874,-0.018755516409873607,xgboost,delta,fold_3,3h,ppb
2026-08-18T08:00:00Z,1,12.02,12.06,12.008381938040257,0.011618061959742576,xgboost,delta,fold_3,3h,ppb
2026-08-18T08:15:00Z,1,12.02,12.02,12.017424077941104,0.0025759220588952303,xgboost,delta,fold_3,3h,ppb
2026-08-18T08:30:00Z,1,12.02,12.07,11.996818653941155,0.02318134605884481,xgboost,delta,fold_3,3h,ppb
2026-08-18T08:45:00Z,1,12.02,12.08,12.020837677568197,-0.0008376775681977477,xgboost,delta,fold_3,3h,ppb
2026-08-18T09:00:00Z,1,12.0,12.06,12.012359952032567,-0.012359952032566568,xgboost,delta,fold_3,3h,ppb
2026-08-18T09:15:00Z,1,12.01,11.99,12.006192551702261,0.0038074482977386026,xgboost,delta,fold_3,3h,ppb
2026-08-18T09:30:00Z,1,12.02,11.99,11.993146277274937,0.026853722725062923,xgboost,delta,fold_3,3h,ppb
2026-08-18T09:45:00Z,1,12.01,12.01,12.016532844156027,-0.00653284415602684,xgboost,delta,fold_3,3h,ppb
2026-08-18T10:00:00Z,1,12.03,12.0,12.010617332533002,0.01938266746699746,xgboost,delta,fold_3,3h,ppb
2026-08-18T10:15:00Z,1,12.05,12.1,12.05427456125617,-0.004274561256169207,xgboost,delta,fold_3,3h,ppb
2026-08-18T10:30:00Z,1,12.03,12.02,12.037938220873475,-0.007938220873475288,xgboost,delta,fold_3,3h,ppb
2026-08-18T10:45:00Z,1,12.05,11.99,12.013003302514553,0.03699669748544743,xgboost,delta,fold_3,3h,ppb
2026-08-18T11:00:00Z,1,12.07,12.02,12.016296210912987,0.05370378908701312,xgboost,delta,fold_3,3h,ppb
2026-08-18T11:15:00Z,1,12.07,12.02,12.038508186563849,0.03149181343615126,xgboost,delta,fold_3,3h,ppb
2026-08-18T11:30:00Z,1,11.99,12.02,12.033611824251711,-0.04361182425171073,xgboost,delta,fold_3,3h,ppb
2026-08-18T11:45:00Z,1,11.94,12.02,12.030026220232248,-0.09002622023224838,xgboost,delta,fold_3,3h,ppb
2026-08-18T12:00:00Z,1,11.89,12.0,12.015222422778606,-0.12522242277860585,xgboost,delta,fold_3,3h,ppb
2026-08-18T12:15:00Z,1,11.98,12.01,12.028032681196928,-0.048032681196927385,xgboost,delta,fold_3,3h,ppb
2026-08-18T12:30:00Z,1,12.02,12.02,12.046096357032656,-0.02609635703265667,xgboost,delta,fold_3,3h,ppb
2026-08-18T12:45:00Z,1,12.05,12.01,12.050816511958837,-0.0008165119588365854,xgboost,delta,fold_3,3h,ppb
2026-08-18T13:00:00Z,1,12.13,12.03,12.124668872654437,0.005331127345563402,xgboost,delta,fold_3,3h,ppb
2026-08-18T13:15:00Z,1,12.22,12.05,12.116359423100949,0.1036405768990516,xgboost,delta,fold_3,3h,ppb
2026-08-18T13:30:00Z,1,12.18,12.03,12.106697289943694,0.07330271005630529,xgboost,delta,fold_3,3h,ppb
2026-08-18T13:45:00Z,1,12.14,12.05,12.13192439377308,0.00807560622692094,xgboost,delta,fold_3,3h,ppb
2026-08-18T14:00:00Z,1,12.13,12.07,12.131693076044321,-0.0016930760443205628,xgboost,delta,fold_3,3h,ppb
2026-08-18T14:15:00Z,1,12.12,12.07,12.129966240078211,-0.009966240078211897,xgboost,delta,fold_3,3h,ppb
2026-08-18T14:30:00Z,1,12.1,11.99,12.08962559491396,0.010374405086039928,xgboost,delta,fold_3,3h,ppb
2026-08-18T14:45:00Z,1,12.1,11.94,12.097966032624244,0.002033967375755452,xgboost,delta,fold_3,3h,ppb
2026-08-18T15:00:00Z,1,12.1,11.89,12.088480427265168,0.01151957273483184,xgboost,delta,fold_3,3h,ppb
2026-08-18T15:15:00Z,1,12.08,11.98,12.103543903231621,-0.023543903231621144,xgboost,delta,fold_3,3h,ppb
2026-08-18T15:30:00Z,1,12.08,12.02,12.119158257246017,-0.03915825724601696,xgboost,delta,fold_3,3h,ppb
2026-08-18T15:45:00Z,1,12.09,12.05,12.095504827052356,-0.005504827052355665,xgboost,delta,fold_3,3h,ppb
2026-08-18T16:00:00Z,1,12.1,12.13,12.068271671533585,0.03172832846641427,xgboost,delta,fold_3,3h,ppb
2026-08-18T16:15:00Z,1,12.1,12.22,12.101849646568299,-0.0018496465682993346,xgboost,delta,fold_3,3h,ppb
2026-08-18T16:30:00Z,1,12.11,12.18,12.09879716515541,0.01120283484458895,xgboost,delta,fold_3,3h,ppb
2026-08-18T16:45:00Z,1,12.1,12.14,12.074036798775197,0.025963201224803,xgboost,delta,fold_3,3h,ppb
2026-08-18T17:00:00Z,1,12.1,12.13,12.08596518367529,0.014034816324709709,xgboost,delta,fold_3,3h,ppb
2026-08-18T17:15:00Z,1,12.1,12.12,12.084020334184169,0.015979665815830657,xgboost,delta,fold_3,3h,ppb
2026-08-18T17:30:00Z,1,12.08,12.1,12.086262741498649,-0.006262741498648694,xgboost,delta,fold_3,3h,ppb
2026-08-18T17:45:00Z,1,12.07,12.1,12.087101711332798,-0.017101711332797365,xgboost,delta,fold_3,3h,ppb
2026-08-18T18:00:00Z,1,12.08,12.1,12.083210982754826,-0.0032109827548261194,xgboost,delta,fold_3,3h,ppb
2026-08-18T18:15:00Z,1,12.09,12.08,12.09327680144459,-0.003276801444590305,xgboost,delta,fold_3,3h,ppb
2026-08-18T18:30:00Z,1,12.08,12.08,12.092711307965219,-0.01271130796521902,xgboost,delta,fold_3,3h,ppb
2026-08-18T18:45:00Z,1,12.08,12.09,12.088794428771362,-0.008794428771361495,xgboost,delta,fold_3,3h,ppb
2026-08-18T19:00:00Z,1,12.08,12.1,12.088090489991009,-0.008090489991008809,xgboost,delta,fold_3,3h,ppb
2026-08-18T19:15:00Z,1,12.08,12.1,12.090768315270543,-0.010768315270542672,xgboost,delta,fold_3,3h,ppb
2026-08-18T19:30:00Z,1,12.08,12.11,12.091400663033127,-0.011400663033127145,xgboost,delta,fold_3,3h,ppb
2026-08-18T19:45:00Z,1,12.09,12.1,12.089129055291414,0.0008709447085859523,xgboost,delta,fold_3,3h,ppb
2026-08-18T20:00:00Z,1,12.1,12.1,12.08894532956183,0.011054670438170433,xgboost,delta,fold_3,3h,ppb
2026-08-18T20:15:00Z,1,12.1,12.1,12.089361283369362,0.010638716630637646,xgboost,delta,fold_3,3h,ppb
2026-08-18T20:30:00Z,1,12.1,12.08,12.0927989705652,0.007201029434799722,xgboost,delta,fold_3,3h,ppb
2026-08-18T20:45:00Z,1,12.09,12.07,12.094506000801921,-0.004506000801921317,xgboost,delta,fold_3,3h,ppb
2026-08-18T21:00:00Z,1,12.1,12.08,12.085192515905947,0.01480748409405308,xgboost,delta,fold_3,3h,ppb
2026-08-18T21:15:00Z,1,12.1,12.09,12.084433982297778,0.015566017702221657,xgboost,delta,fold_3,3h,ppb
2026-08-18T21:30:00Z,1,12.09,12.08,12.087623692974448,0.002376307025551583,xgboost,delta,fold_3,3h,ppb
2026-08-18T21:45:00Z,1,12.09,12.08,12.087150036282837,0.002849963717162396,xgboost,delta,fold_3,3h,ppb
2026-08-18T22:00:00Z,1,12.1,12.08,12.08643951119855,0.013560488801449111,xgboost,delta,fold_3,3h,ppb
2026-08-18T22:15:00Z,1,12.12,12.08,12.083266021376476,0.036733978623523456,xgboost,delta,fold_3,3h,ppb
2026-08-18T22:30:00Z,1,12.12,12.08,12.080997402123176,0.039002597876823586,xgboost,delta,fold_3,3h,ppb
2026-08-18T22:45:00Z,1,12.11,12.09,12.077682458944619,0.03231754105538087,xgboost,delta,fold_3,3h,ppb
2026-08-18T23:00:00Z,1,12.1,12.1,12.085719539225101,0.014280460774898529,xgboost,delta,fold_3,3h,ppb
2026-08-18T23:15:00Z,1,12.1,12.1,12.090963897667825,0.009036102332174778,xgboost,delta,fold_3,3h,ppb
2026-08-18T23:30:00Z,1,12.1,12.1,12.089212322048843,0.010787677951157093,xgboost,delta,fold_3,3h,ppb
2026-08-18T23:45:00Z,1,12.11,12.09,12.09315498164855,0.016845018351450136,xgboost,delta,fold_3,3h,ppb
2026-08-19T00:00:00Z,1,12.1,12.1,12.092346765007823,0.007653234992176294,xgboost,delta,fold_3,3h,ppb
2026-08-19T00:15:00Z,1,12.11,12.1,12.088188828341663,0.021811171658336903,xgboost,delta,fold_3,3h,ppb
2026-08-19T00:30:00Z,1,12.11,12.09,12.095870944354683,0.014129055645316413,xgboost,delta,fold_3,3h,ppb
2026-08-19T00:45:00Z,1,12.11,12.09,12.089094256025273,0.02090574397472622,xgboost,delta,fold_3,3h,ppb
2026-08-19T01:00:00Z,1,12.1,12.1,12.07623110935092,0.023768890649080276,xgboost,delta,fold_3,3h,ppb
2026-08-19T01:15:00Z,1,12.1,12.12,12.080611529648303,0.01938847035169644,xgboost,delta,fold_3,3h,ppb
2026-08-19T01:30:00Z,1,12.09,12.12,12.089464575871824,0.0005354241281754213,xgboost,delta,fold_3,3h,ppb
2026-08-19T01:45:00Z,1,12.14,12.11,12.087863190695643,0.05213680930435771,xgboost,delta,fold_3,3h,ppb
2026-08-19T02:00:00Z,1,12.05,12.1,12.073239377140998,-0.023239377140997775,xgboost,delta,fold_3,3h,ppb
2026-08-19T02:15:00Z,1,12.05,12.1,12.070286287367344,-0.020286287367342837,xgboost,delta,fold_3,3h,ppb
2026-08-19T02:30:00Z,1,12.04,12.1,12.06056193858385,-0.020561938583851358,xgboost,delta,fold_3,3h,ppb
2026-08-19T02:45:00Z,1,12.08,12.11,12.059966181069612,0.020033818930388136,xgboost,delta,fold_3,3h,ppb
2026-08-19T03:00:00Z,1,12.11,12.1,12.029976068437099,0.08002393156290033,xgboost,delta,fold_3,3h,ppb
2026-08-19T03:15:00Z,1,12.05,12.11,12.03078648507595,0.019213514924050656,xgboost,delta,fold_3,3h,ppb
2026-08-19T03:30:00Z,1,11.98,12.11,12.03206860333681,-0.05206860333681007,xgboost,delta,fold_3,3h,ppb
2026-08-19T03:45:00Z,1,11.97,12.11,12.028072804808616,-0.05807280480861543,xgboost,delta,fold_3,3h,ppb
2026-08-19T04:00:00Z,1,11.99,12.1,12.021964943408966,-0.031964943408965496,xgboost,delta,fold_3,3h,ppb
2026-08-19T04:15:00Z,1,12.03,12.1,12.020552611351013,0.009447388648986532,xgboost,delta,fold_3,3h,ppb
2026-08-19T04:30:00Z,1,12.05,12.09,12.014940697848797,0.03505930215120401,xgboost,delta,fold_3,3h,ppb
2026-08-19T04:45:00Z,1,12.02,12.14,12.020078673362733,-7.867336273292835e-05,xgboost,delta,fold_3,3h,ppb
2026-08-19T05:00:00Z,1,12.0,12.05,11.984456788003445,0.015543211996554618,xgboost,delta,fold_3,3h,ppb
2026-08-19T05:15:00Z,1,12.02,12.05,11.9786582544446,0.04134174555539971,xgboost,delta,fold_3,3h,ppb
2026-08-19T05:30:00Z,1,12.0,12.04,11.983977333605289,0.016022666394711393,xgboost,delta,fold_3,3h,ppb
2026-08-19T05:45:00Z,1,12.03,12.08,12.017209628522396,0.012790371477603202,xgboost,delta,fold_3,3h,ppb
2026-08-19T06:00:00Z,1,12.03,12.11,12.035823420286178,-0.00582342028617866,xgboost,delta,fold_3,3h,ppb
2026-08-19T06:15:00Z,1,12.0,12.05,12.016415841132403,-0.01641584113240313,xgboost,delta,fold_3,3h,ppb
2026-08-19T06:30:00Z,1,12.02,11.98,12.006577254757286,0.01342274524271403,xgboost,delta,fold_3,3h,ppb
2026-08-19T06:45:00Z,1,12.08,11.97,12.000497990548611,0.07950200945138874,xgboost,delta,fold_3,3h,ppb
2026-08-19T07:00:00Z,1,12.03,11.99,12.015634374469519,0.014365625530480486,xgboost,delta,fold_3,3h,ppb
2026-08-19T07:15:00Z,1,12.05,12.03,12.040417748242616,0.009582251757384697,xgboost,delta,fold_3,3h,ppb
2026-08-19T07:30:00Z,1,12.03,12.05,12.011475558578969,0.018524441421030602,xgboost,delta,fold_3,3h,ppb
2026-08-19T07:45:00Z,1,12.01,12.02,12.030003756731748,-0.020003756731748368,xgboost,delta,fold_3,3h,ppb
2026-08-19T08:00:00Z,1,12.01,12.0,12.006703166291118,0.0032968337088821187,xgboost,delta,fold_3,3h,ppb
2026-08-19T08:15:00Z,1,12.02,12.02,12.028299677632749,-0.00829967763274908,xgboost,delta,fold_3,3h,ppb
2026-08-19T08:30:00Z,1,12.02,12.0,12.010202386416495,0.009797613583504727,xgboost,delta,fold_3,3h,ppb
2026-08-19T08:45:00Z,1,12.03,12.03,12.031799142104573,-0.0017991421045735478,xgboost,delta,fold_3,3h,ppb
2026-08-19T09:00:00Z,1,12.02,12.03,12.038861202746629,-0.018861202746629502,xgboost,delta,fold_3,3h,ppb
2026-08-19T09:15:00Z,1,12.03,12.0,12.01005301438272,0.019946985617279367,xgboost,delta,fold_3,3h,ppb
2026-08-19T09:30:00Z,1,12.02,12.02,12.02434740493074,-0.004347404930740595,xgboost,delta,fold_3,3h,ppb
2026-08-19T09:45:00Z,1,12.04,12.08,12.025604015141726,0.014395984858273536,xgboost,delta,fold_3,3h,ppb
2026-08-19T10:00:00Z,1,12.05,12.03,12.02977130832849,0.020228691671510646,xgboost,delta,fold_3,3h,ppb
2026-08-19T10:15:00Z,1,12.06,12.05,12.027194409817458,0.03280559018254259,xgboost,delta,fold_3,3h,ppb
2026-08-19T10:30:00Z,1,12.06,12.03,12.017524688243865,0.04247531175613517,xgboost,delta,fold_3,3h,ppb
2026-08-19T10:45:00Z,1,12.06,12.01,12.012376121468842,0.04762387853115868,xgboost,delta,fold_3,3h,ppb
2026-08-19T11:00:00Z,1,12.03,12.01,12.001596667096019,0.028403332903980782,xgboost,delta,fold_3,3h,ppb
2026-08-19T11:15:00Z,1,12.04,12.02,12.002101125642657,0.037898874357342294,xgboost,delta,fold_3,3h,ppb
2026-08-19T11:30:00Z,1,12.04,12.02,12.00145356401801,0.03854643598198848,xgboost,delta,fold_3,3h,ppb
2026-08-19T11:45:00Z,1,11.99,12.03,11.99705064550042,-0.007050645500420671,xgboost,delta,fold_3,3h,ppb
2026-08-19T12:00:00Z,1,11.93,12.02,11.991590479835867,-0.06159047983586774,xgboost,delta,fold_3,3h,ppb
2026-08-19T12:15:00Z,1,11.97,12.03,12.016148458905517,-0.046148458905516776,xgboost,delta,fold_3,3h,ppb
2026-08-19T12:30:00Z,1,12.03,12.02,12.038911028280854,-0.008911028280854438,xgboost,delta,fold_3,3h,ppb
2026-08-19T12:45:00Z,1,12.08,12.04,12.040284322333754,0.03971567766624595,xgboost,delta,fold_3,3h,ppb
2026-08-19T13:15:00Z,1,12.21,12.06,12.13898134738207,0.07101865261793172,xgboost,delta,fold_3,3h,ppb
2026-08-19T13:30:00Z,1,12.16,12.06,12.145524089634419,0.014475910365581157,xgboost,delta,fold_3,3h,ppb
2026-08-19T13:45:00Z,1,12.13,12.06,12.1388948610425,-0.008894861042499258,xgboost,delta,fold_3,3h,ppb
2026-08-19T14:00:00Z,1,12.11,12.03,12.114835119545459,-0.004835119545459676,xgboost,delta,fold_3,3h,ppb
2026-08-19T14:15:00Z,1,12.13,12.04,12.109014713168143,0.020985286831857408,xgboost,delta,fold_3,3h,ppb
2026-08-19T14:30:00Z,1,12.11,12.04,12.109071635603904,0.0009283643960955601,xgboost,delta,fold_3,3h,ppb
2026-08-19T14:45:00Z,1,12.12,11.99,12.080987779200077,0.03901222079992195,xgboost,delta,fold_3,3h,ppb
2026-08-19T15:00:00Z,1,12.11,11.93,12.10888593673706,0.001114063262939169,xgboost,delta,fold_3,3h,ppb
2026-08-19T15:15:00Z,1,12.11,11.97,12.084716939628125,0.025283060371874555,xgboost,delta,fold_3,3h,ppb
2026-08-19T15:30:00Z,1,12.11,12.03,12.107665790915489,0.0023342090845108743,xgboost,delta,fold_3,3h,ppb
2026-08-19T15:45:00Z,1,12.1,12.08,12.103280132561922,-0.0032801325619224997,xgboost,delta,fold_3,3h,ppb
2026-08-19T16:15:00Z,1,12.11,12.21,12.111504173874856,-0.0015041738748564626,xgboost,delta,fold_3,3h,ppb
2026-08-19T16:30:00Z,1,12.11,12.16,12.086081210374832,0.023918789625167136,xgboost,delta,fold_3,3h,ppb
2026-08-19T16:45:00Z,1,12.1,12.13,12.073670328706504,0.02632967129349595,xgboost,delta,fold_3,3h,ppb
2026-08-19T17:00:00Z,1,12.11,12.11,12.086282453164458,0.023717546835541725,xgboost,delta,fold_3,3h,ppb
2026-08-19T17:15:00Z,1,12.1,12.13,12.085101259052754,0.014898740947245415,xgboost,delta,fold_3,3h,ppb
2026-08-19T17:30:00Z,1,12.12,12.11,12.088530080989003,0.031469919010996605,xgboost,delta,fold_3,3h,ppb
2026-08-19T17:45:00Z,1,12.11,12.12,12.07838140323758,0.03161859676241896,xgboost,delta,fold_3,3h,ppb
2026-08-19T18:00:00Z,1,12.09,12.11,12.083872810602188,0.006127189397812316,xgboost,delta,fold_3,3h,ppb
2026-08-19T18:15:00Z,1,12.1,12.11,12.089051318019628,0.010948681980371688,xgboost,delta,fold_3,3h,ppb
2026-08-19T18:30:00Z,1,12.09,12.11,12.092268495485186,-0.0022684954851861505,xgboost,delta,fold_3,3h,ppb
2026-08-19T18:45:00Z,1,12.09,12.1,12.080820473283529,0.009179526716470932,xgboost,delta,fold_3,3h,ppb
2026-08-19T19:00:00Z,1,12.08,12.11,12.085790686905383,-0.005790686905383424,xgboost,delta,fold_3,3h,ppb
2026-08-19T19:15:00Z,1,12.1,12.11,12.089168478399515,0.010831521600485061,xgboost,delta,fold_3,3h,ppb
2026-08-19T19:30:00Z,1,12.1,12.11,12.090574019253253,0.009425980746746276,xgboost,delta,fold_3,3h,ppb
2026-08-19T19:45:00Z,1,12.1,12.1,12.076573718711733,0.023426281288266182,xgboost,delta,fold_3,3h,ppb
2026-08-19T20:00:00Z,1,12.1,12.11,12.079056392088532,0.020943607911467765,xgboost,delta,fold_3,3h,ppb
2026-08-19T20:15:00Z,1,12.11,12.1,12.071410814672708,0.038589185327291275,xgboost,delta,fold_3,3h,ppb
2026-08-19T20:30:00Z,1,12.12,12.12,12.070172144919633,0.049827855080366135,xgboost,delta,fold_3,3h,ppb
2026-08-19T20:45:00Z,1,12.1,12.11,12.076688524931669,0.023311475068330978,xgboost,delta,fold_3,3h,ppb
2026-08-19T21:00:00Z,1,12.09,12.09,12.065172374397516,0.02482762560248375,xgboost,delta,fold_3,3h,ppb
2026-08-19T21:15:00Z,1,12.09,12.1,12.055969769507646,0.03403023049235365,xgboost,delta,fold_3,3h,ppb
2026-08-19T21:30:00Z,1,12.09,12.09,12.059092966988683,0.030907033011317253,xgboost,delta,fold_3,3h,ppb
2026-08-19T21:45:00Z,1,12.1,12.09,12.05700669452548,0.042993305474519516,xgboost,delta,fold_3,3h,ppb
2026-08-19T22:00:00Z,1,12.11,12.08,12.062247319072485,0.04775268092751439,xgboost,delta,fold_3,3h,ppb
2026-08-19T22:15:00Z,1,12.11,12.1,12.058210844546556,0.051789155453443314,xgboost,delta,fold_3,3h,ppb
2026-08-19T22:30:00Z,1,12.1,12.1,12.067833947390318,0.03216605260968208,xgboost,delta,fold_3,3h,ppb
2026-08-19T22:45:00Z,1,12.1,12.1,12.06503483876586,0.034965161234140396,xgboost,delta,fold_3,3h,ppb
2026-08-19T23:00:00Z,1,12.1,12.1,12.071841026097536,0.028158973902463913,xgboost,delta,fold_3,3h,ppb
2026-08-19T23:15:00Z,1,12.1,12.11,12.071933203041553,0.028066796958446716,xgboost,delta,fold_3,3h,ppb
2026-08-19T23:30:00Z,1,12.1,12.12,12.077743976265191,0.022256023734808394,xgboost,delta,fold_3,3h,ppb
2026-08-19T23:45:00Z,1,12.11,12.1,12.076080141961574,0.03391985803842523,xgboost,delta,fold_3,3h,ppb
2026-08-16T00:00:00Z,1,12.11,12.09,12.105343736857387,0.00465626314261236,lightgbm,absolute,fold_3,3h,ppb
2026-08-16T00:15:00Z,1,12.11,12.08,12.100974143725095,0.009025856274904598,lightgbm,absolute,fold_3,3h,ppb
2026-08-16T00:30:00Z,1,12.13,12.07,12.109833487117227,0.020166512882774157,lightgbm,absolute,fold_3,3h,ppb
2026-08-16T00:45:00Z,1,12.11,12.06,12.111513401984162,-0.001513401984162499,lightgbm,absolute,fold_3,3h,ppb
2026-08-16T01:00:00Z,1,12.09,12.08,12.08174064410752,0.008259355892480613,lightgbm,absolute,fold_3,3h,ppb
2026-08-16T01:15:00Z,1,12.09,12.08,12.079432543503714,0.010567456496286098,lightgbm,absolute,fold_3,3h,ppb
2026-08-16T01:30:00Z,1,12.1,12.1,12.05705175227586,0.042948247724138966,lightgbm,absolute,fold_3,3h,ppb
2026-08-16T01:45:00Z,1,12.11,12.11,12.05163399130349,0.05836600869650965,lightgbm,absolute,fold_3,3h,ppb
2026-08-16T02:00:00Z,1,12.06,12.11,12.040213817788494,0.019786182211506187,lightgbm,absolute,fold_3,3h,ppb
2026-08-16T02:15:00Z,1,12.03,12.13,12.035666848004672,-0.005666848004672431,lightgbm,absolute,fold_3,3h,ppb
2026-08-16T02:30:00Z,1,12.03,12.14,12.03182446949741,-0.0018244694974107745,lightgbm,absolute,fold_3,3h,ppb
2026-08-16T02:45:00Z,1,12.0,12.11,12.027290678767333,-0.02729067876733282,lightgbm,absolute,fold_3,3h,ppb
2026-08-16T03:00:00Z,1,12.08,12.11,12.002149285314843,0.07785071468515703,lightgbm,absolute,fold_3,3h,ppb
2026-08-16T03:15:00Z,1,12.03,12.11,12.000175112268941,0.02982488773105807,lightgbm,absolute,fold_3,3h,ppb
2026-08-16T03:30:00Z,1,12.09,12.13,12.006896758060016,0.08310324193998397,lightgbm,absolute,fold_3,3h,ppb
2026-08-16T03:45:00Z,1,12.05,12.11,12.00741810408064,0.042581895919360235,lightgbm,absolute,fold_3,3h,ppb
2026-08-16T04:00:00Z,1,12.02,12.09,12.004666796214172,0.015333203785827365,lightgbm,absolute,fold_3,3h,ppb
2026-08-16T04:15:00Z,1,12.12,12.09,12.005472181731982,0.11452781826801761,lightgbm,absolute,fold_3,3h,ppb
2026-08-16T04:30:00Z,1,12.07,12.1,12.01700222088629,0.05299777911370995,lightgbm,absolute,fold_3,3h,ppb
2026-08-16T04:45:00Z,1,12.26,12.11,12.02421147664047,0.23578852335952938,lightgbm,absolute,fold_3,3h,ppb
2026-08-16T05:00:00Z,1,12.2,12.06,12.006226523087786,0.19377347691221303,lightgbm,absolute,fold_3,3h,ppb
2026-08-16T05:15:00Z,1,12.1,12.03,11.993584696587769,0.1064153034122306,lightgbm,absolute,fold_3,3h,ppb
2026-08-16T05:30:00Z,1,12.11,12.03,12.000870791424493,0.10912920857550645,lightgbm,absolute,fold_3,3h,ppb
2026-08-16T05:45:00Z,1,12.14,12.0,12.006435348856899,0.1335646511431019,lightgbm,absolute,fold_3,3h,ppb
2026-08-16T06:00:00Z,1,12.3,12.08,12.022492163834087,0.27750783616591335,lightgbm,absolute,fold_3,3h,ppb
2026-08-16T06:15:00Z,1,12.36,12.03,12.016315115034134,0.3436848849658656,lightgbm,absolute,fold_3,3h,ppb
2026-08-16T06:30:00Z,1,12.35,12.09,12.023221295490245,0.32677870450975455,lightgbm,absolute,fold_3,3h,ppb
2026-08-16T06:45:00Z,1,12.35,12.05,12.030926042787831,0.3190739572121686,lightgbm,absolute,fold_3,3h,ppb
2026-08-16T07:00:00Z,1,12.34,12.02,12.0091434801873,0.33085651981270026,lightgbm,absolute,fold_3,3h,ppb
2026-08-16T07:15:00Z,1,12.33,12.12,12.038325531087658,0.2916744689123423,lightgbm,absolute,fold_3,3h,ppb
2026-08-16T07:30:00Z,1,12.27,12.07,12.02112756343669,0.24887243656331037,lightgbm,absolute,fold_3,3h,ppb
2026-08-16T07:45:00Z,1,12.21,12.26,12.042352512366577,0.16764748763342396,lightgbm,absolute,fold_3,3h,ppb
2026-08-16T08:00:00Z,1,12.1,12.2,12.055053649529057,0.04494635047094242,lightgbm,absolute,fold_3,3h,ppb
2026-08-16T08:15:00Z,1,12.11,12.1,12.03810094210452,0.07189905789547879,lightgbm,absolute,fold_3,3h,ppb
2026-08-16T08:30:00Z,1,12.17,12.11,12.048448772407724,0.12155122759227588,lightgbm,absolute,fold_3,3h,ppb
2026-08-16T08:45:00Z,1,12.2,12.14,12.024953942102327,0.17504605789767247,lightgbm,absolute,fold_3,3h,ppb
2026-08-16T09:00:00Z,1,12.22,12.3,12.034476027875368,0.18552397212463312,lightgbm,absolute,fold_3,3h,ppb
2026-08-16T09:15:00Z,1,12.21,12.36,12.036412635833358,0.173587364166643,lightgbm,absolute,fold_3,3h,ppb
2026-08-16T09:30:00Z,1,12.15,12.35,12.043247753626245,0.10675224637375536,lightgbm,absolute,fold_3,3h,ppb
2026-08-16T09:45:00Z,1,12.17,12.35,12.040501690294022,0.1294983097059781,lightgbm,absolute,fold_3,3h,ppb
2026-08-16T10:00:00Z,1,12.19,12.34,12.061388894169736,0.12861110583026303,lightgbm,absolute,fold_3,3h,ppb
2026-08-16T10:15:00Z,1,12.16,12.33,12.04372658029571,0.1162734197042905,lightgbm,absolute,fold_3,3h,ppb
2026-08-16T10:30:00Z,1,12.22,12.27,12.032826029217963,0.18717397078203746,lightgbm,absolute,fold_3,3h,ppb
2026-08-16T10:45:00Z,1,12.16,12.21,12.023259060078841,0.1367409399211592,lightgbm,absolute,fold_3,3h,ppb
2026-08-16T11:00:00Z,1,12.18,12.1,11.998204946972052,0.18179505302794752,lightgbm,absolute,fold_3,3h,ppb
2026-08-16T11:15:00Z,1,12.2,12.11,12.009451672648801,0.1905483273511983,lightgbm,absolute,fold_3,3h,ppb
2026-08-16T11:30:00Z,1,12.29,12.17,12.000720442030062,0.28927955796993743,lightgbm,absolute,fold_3,3h,ppb
2026-08-16T11:45:00Z,1,12.16,12.2,12.003894374649903,0.1561056253500972,lightgbm,absolute,fold_3,3h,ppb
2026-08-16T12:00:00Z,1,12.28,12.22,12.003874060291258,0.27612593970874144,lightgbm,absolute,fold_3,3h,ppb
2026-08-16T12:15:00Z,1,12.19,12.21,12.03124551371409,0.15875448628590938,lightgbm,absolute,fold_3,3h,ppb
2026-08-16T12:30:00Z,1,12.08,12.15,12.011105072814651,0.06889492718534918,lightgbm,absolute,fold_3,3h,ppb
2026-08-16T12:45:00Z,1,12.16,12.17,12.011553979305788,0.14844602069421242,lightgbm,absolute,fold_3,3h,ppb
2026-08-16T13:00:00Z,1,12.3,12.19,12.124538659257125,0.175461340742876,lightgbm,absolute,fold_3,3h,ppb
2026-08-16T13:15:00Z,1,12.38,12.16,12.127953382462255,0.2520466175377454,lightgbm,absolute,fold_3,3h,ppb
2026-08-16T13:30:00Z,1,12.34,12.22,12.1208876368339,0.21911236316610072,lightgbm,absolute,fold_3,3h,ppb
2026-08-16T13:45:00Z,1,12.31,12.16,12.121201962252112,0.18879803774788861,lightgbm,absolute,fold_3,3h,ppb
2026-08-16T14:00:00Z,1,12.22,12.18,12.095078521645316,0.12492147835468437,lightgbm,absolute,fold_3,3h,ppb
2026-08-16T14:15:00Z,1,12.16,12.2,12.103903755534738,0.0560962444652624,lightgbm,absolute,fold_3,3h,ppb
2026-08-16T14:30:00Z,1,12.13,12.29,12.096436980127194,0.03356301987280652,lightgbm,absolute,fold_3,3h,ppb
2026-08-16T14:45:00Z,1,12.1,12.16,12.099552636912634,0.0004473630873658152,lightgbm,absolute,fold_3,3h,ppb
2026-08-16T15:00:00Z,1,12.1,12.28,12.083863313332179,0.016136686667820754,lightgbm,absolute,fold_3,3h,ppb
2026-08-16T15:15:00Z,1,12.1,12.19,12.087467112674135,0.01253288732586455,lightgbm,absolute,fold_3,3h,ppb
2026-08-16T15:30:00Z,1,12.08,12.08,12.086136224858265,-0.006136224858265038,lightgbm,absolute,fold_3,3h,ppb
2026-08-16T15:45:00Z,1,12.07,12.16,12.086577196167784,-0.01657719616778408,lightgbm,absolute,fold_3,3h,ppb
2026-08-16T16:00:00Z,1,12.07,12.3,12.086954188436865,-0.01695418843686447,lightgbm,absolute,fold_3,3h,ppb
2026-08-16T16:15:00Z,1,12.08,12.38,12.085251954086289,-0.005251954086288535,lightgbm,absolute,fold_3,3h,ppb
2026-08-16T16:30:00Z,1,12.07,12.34,12.083561192315539,-0.013561192315538761,lightgbm,absolute,fold_3,3h,ppb
2026-08-16T16:45:00Z,1,12.08,12.31,12.08145736579731,-0.0014573657973091514,lightgbm,absolute,fold_3,3h,ppb
2026-08-16T17:00:00Z,1,12.08,12.22,12.085113457638538,-0.005113457638538321,lightgbm,absolute,fold_3,3h,ppb
2026-08-16T17:15:00Z,1,12.09,12.16,12.092136206763852,-0.0021362067638523996,lightgbm,absolute,fold_3,3h,ppb
2026-08-16T17:30:00Z,1,12.09,12.13,12.086320085014993,0.00367991498500686,lightgbm,absolute,fold_3,3h,ppb
2026-08-16T17:45:00Z,1,12.07,12.1,12.085721886451205,-0.01572188645120498,lightgbm,absolute,fold_3,3h,ppb
2026-08-16T18:00:00Z,1,12.08,12.1,12.088363948993008,-0.008363948993007853,lightgbm,absolute,fold_3,3h,ppb
2026-08-16T18:15:00Z,1,12.08,12.1,12.089450113658772,-0.009450113658772352,lightgbm,absolute,fold_3,3h,ppb
2026-08-16T18:30:00Z,1,12.06,12.08,12.093001820041499,-0.03300182004149832,lightgbm,absolute,fold_3,3h,ppb
2026-08-16T18:45:00Z,1,12.07,12.07,12.089339091462945,-0.019339091462944324,lightgbm,absolute,fold_3,3h,ppb
2026-08-16T19:00:00Z,1,12.07,12.07,12.085605896044274,-0.015605896044274203,lightgbm,absolute,fold_3,3h,ppb
2026-08-16T19:15:00Z,1,12.08,12.08,12.080488766426715,-0.000488766426714804,lightgbm,absolute,fold_3,3h,ppb
2026-08-16T19:30:00Z,1,12.09,12.07,12.078577040307623,0.011422959692376722,lightgbm,absolute,fold_3,3h,ppb
2026-08-16T19:45:00Z,1,12.08,12.08,12.078151144442334,0.0018488555576663401,lightgbm,absolute,fold_3,3h,ppb
2026-08-16T20:00:00Z,1,12.07,12.08,12.081257325185554,-0.011257325185553668,lightgbm,absolute,fold_3,3h,ppb
2026-08-16T20:15:00Z,1,12.07,12.09,12.082647287550834,-0.012647287550834108,lightgbm,absolute,fold_3,3h,ppb
2026-08-16T20:30:00Z,1,12.07,12.09,12.081388028711014,-0.011388028711014186,lightgbm,absolute,fold_3,3h,ppb
2026-08-16T20:45:00Z,1,12.08,12.07,12.083146583867515,-0.003146583867515318,lightgbm,absolute,fold_3,3h,ppb
2026-08-16T21:00:00Z,1,12.07,12.08,12.083767588534212,-0.013767588534211228,lightgbm,absolute,fold_3,3h,ppb
2026-08-16T21:15:00Z,1,12.08,12.08,12.087404908173411,-0.007404908173411329,lightgbm,absolute,fold_3,3h,ppb
2026-08-16T21:30:00Z,1,12.09,12.06,12.08371676379303,0.006283236206970244,lightgbm,absolute,fold_3,3h,ppb
2026-08-16T21:45:00Z,1,12.1,12.07,12.079470353488446,0.020529646511553423,lightgbm,absolute,fold_3,3h,ppb
2026-08-16T22:00:00Z,1,12.09,12.07,12.084059879980117,0.005940120019882755,lightgbm,absolute,fold_3,3h,ppb
2026-08-16T22:15:00Z,1,12.09,12.08,12.081301360187053,0.008698639812946496,lightgbm,absolute,fold_3,3h,ppb
2026-08-16T22:30:00Z,1,12.13,12.09,12.082363686756478,0.047636313243522466,lightgbm,absolute,fold_3,3h,ppb
2026-08-16T22:45:00Z,1,12.12,12.08,12.077157981441479,0.04284201855852032,lightgbm,absolute,fold_3,3h,ppb
2026-08-16T23:00:00Z,1,12.1,12.07,12.086037753925007,0.013962246074992635,lightgbm,absolute,fold_3,3h,ppb
2026-08-16T23:15:00Z,1,12.12,12.07,12.091117113518658,0.028882886481341075,lightgbm,absolute,fold_3,3h,ppb
2026-08-16T23:30:00Z,1,12.12,12.07,12.094942514653308,0.025057485346691166,lightgbm,absolute,fold_3,3h,ppb
2026-08-16T23:45:00Z,1,12.13,12.08,12.088912438079767,0.041087561920233995,lightgbm,absolute,fold_3,3h,ppb
2026-08-17T00:00:00Z,1,12.12,12.07,12.089618884863775,0.030381115136224324,lightgbm,absolute,fold_3,3h,ppb
2026-08-17T00:15:00Z,1,12.11,12.08,12.089461338364478,0.02053866163552165,lightgbm,absolute,fold_3,3h,ppb
2026-08-17T00:30:00Z,1,12.11,12.09,12.09198366114815,0.018016338851849056,lightgbm,absolute,fold_3,3h,ppb
2026-08-17T00:45:00Z,1,12.09,12.1,12.08815737282484,0.0018426271751597056,lightgbm,absolute,fold_3,3h,ppb
2026-08-17T01:00:00Z,1,12.11,12.09,12.075920827609384,0.03407917239061575,lightgbm,absolute,fold_3,3h,ppb
2026-08-17T01:15:00Z,1,12.09,12.09,12.074616863375905,0.015383136624095073,lightgbm,absolute,fold_3,3h,ppb
2026-08-17T01:30:00Z,1,12.08,12.13,12.069795437085498,0.010204562914502446,lightgbm,absolute,fold_3,3h,ppb
2026-08-17T01:45:00Z,1,12.09,12.12,12.065053513443338,0.02494648655666154,lightgbm,absolute,fold_3,3h,ppb
2026-08-17T02:00:00Z,1,12.09,12.1,12.05061510559688,0.03938489440312054,lightgbm,absolute,fold_3,3h,ppb
2026-08-17T02:15:00Z,1,12.08,12.12,12.05848116277796,0.021518837222039622,lightgbm,absolute,fold_3,3h,ppb
2026-08-17T02:30:00Z,1,12.01,12.12,12.058004740987412,-0.048004740987412475,lightgbm,absolute,fold_3,3h,ppb
2026-08-17T02:45:00Z,1,12.01,12.13,12.067673456556888,-0.057673456556887714,lightgbm,absolute,fold_3,3h,ppb
2026-08-17T03:00:00Z,1,12.07,12.12,12.042028033327833,0.02797196667216717,lightgbm,absolute,fold_3,3h,ppb
2026-08-17T03:15:00Z,1,11.99,12.11,12.029652482522602,-0.03965248252260167,lightgbm,absolute,fold_3,3h,ppb
2026-08-17T03:30:00Z,1,11.99,12.11,12.029487350957009,-0.039487350957008616,lightgbm,absolute,fold_3,3h,ppb
2026-08-17T03:45:00Z,1,12.01,12.09,12.033092976884307,-0.023092976884306893,lightgbm,absolute,fold_3,3h,ppb
2026-08-17T04:00:00Z,1,12.09,12.11,12.020525725064287,0.0694742749357129,lightgbm,absolute,fold_3,3h,ppb
2026-08-17T04:15:00Z,1,12.0,12.09,12.02670271761437,-0.02670271761436993,lightgbm,absolute,fold_3,3h,ppb
2026-08-17T04:30:00Z,1,11.98,12.08,12.019007589259761,-0.03900758925976078,lightgbm,absolute,fold_3,3h,ppb
2026-08-17T04:45:00Z,1,11.98,12.09,12.033804196981349,-0.053804196981348085,lightgbm,absolute,fold_3,3h,ppb
2026-08-17T05:00:00Z,1,11.99,12.09,12.030795787415776,-0.040795787415776275,lightgbm,absolute,fold_3,3h,ppb
2026-08-17T05:15:00Z,1,12.03,12.08,12.033129114373923,-0.0031291143739231586,lightgbm,absolute,fold_3,3h,ppb
2026-08-17T05:30:00Z,1,12.06,12.01,12.012214514698126,0.04778548530187443,lightgbm,absolute,fold_3,3h,ppb
2026-08-17T05:45:00Z,1,12.04,12.01,12.007944479507907,0.032055520492091816,lightgbm,absolute,fold_3,3h,ppb
2026-08-17T06:00:00Z,1,11.98,12.07,12.012928152854014,-0.03292815285401396,lightgbm,absolute,fold_3,3h,ppb
2026-08-17T06:15:00Z,1,12.05,11.99,12.007617234926908,0.0423827650730928,lightgbm,absolute,fold_3,3h,ppb
2026-08-17T06:30:00Z,1,12.05,11.99,12.019516376798578,0.03048362320142317,lightgbm,absolute,fold_3,3h,ppb
2026-08-17T06:45:00Z,1,12.07,12.01,12.029362645807224,0.0406373541927767,lightgbm,absolute,fold_3,3h,ppb
2026-08-17T07:00:00Z,1,11.99,12.09,12.034510161083517,-0.04451016108351702,lightgbm,absolute,fold_3,3h,ppb
2026-08-17T07:15:00Z,1,12.02,12.0,12.032089411469562,-0.012089411469561995,lightgbm,absolute,fold_3,3h,ppb
2026-08-17T07:30:00Z,1,12.07,11.98,12.027768475891818,0.04223152410818187,lightgbm,absolute,fold_3,3h,ppb
2026-08-17T07:45:00Z,1,12.06,11.98,12.02373709217654,0.036262907823459756,lightgbm,absolute,fold_3,3h,ppb
2026-08-17T08:00:00Z,1,12.01,11.99,12.035662039421851,-0.02566203942185119,lightgbm,absolute,fold_3,3h,ppb
2026-08-17T08:15:00Z,1,12.05,12.03,12.029945096479793,0.020054903520208,lightgbm,absolute,fold_3,3h,ppb
2026-08-17T08:30:00Z,1,12.09,12.06,12.033801526116914,0.05619847388308585,lightgbm,absolute,fold_3,3h,ppb
2026-08-17T08:45:00Z,1,12.02,12.04,12.038436296358844,-0.018436296358844473,lightgbm,absolute,fold_3,3h,ppb
2026-08-17T09:00:00Z,1,12.05,11.98,12.010481991606847,0.03951800839315389,lightgbm,absolute,fold_3,3h,ppb
2026-08-17T09:15:00Z,1,12.03,12.05,12.042810100179011,-0.01281010017901174,lightgbm,absolute,fold_3,3h,ppb
2026-08-17T09:30:00Z,1,12.02,12.05,12.027077026395014,-0.00707702639501484,lightgbm,absolute,fold_3,3h,ppb
2026-08-17T09:45:00Z,1,12.04,12.07,12.0382459489816,0.0017540510183984281,lightgbm,absolute,fold_3,3h,ppb
2026-08-17T10:00:00Z,1,12.0,11.99,12.01308719080706,-0.013087190807059557,lightgbm,absolute,fold_3,3h,ppb
2026-08-17T10:15:00Z,1,12.0,12.02,12.022357521491744,-0.022357521491743526,lightgbm,absolute,fold_3,3h,ppb
2026-08-17T10:30:00Z,1,12.0,12.07,12.038320495611366,-0.03832049561136586,lightgbm,absolute,fold_3,3h,ppb
2026-08-17T10:45:00Z,1,12.02,12.06,12.021104871060018,-0.001104871060018553,lightgbm,absolute,fold_3,3h,ppb
2026-08-17T11:00:00Z,1,12.02,12.01,12.034201845654685,-0.01420184565468574,lightgbm,absolute,fold_3,3h,ppb
2026-08-17T11:15:00Z,1,12.05,12.05,12.044046339720184,0.005953660279816475,lightgbm,absolute,fold_3,3h,ppb
2026-08-17T11:30:00Z,1,12.08,12.09,12.021093812723626,0.05890618727637431,lightgbm,absolute,fold_3,3h,ppb
2026-08-17T11:45:00Z,1,12.03,12.02,12.006579474776032,0.023420525223967203,lightgbm,absolute,fold_3,3h,ppb
2026-08-17T12:00:00Z,1,11.99,12.05,12.063039018526636,-0.07303901852663586,lightgbm,absolute,fold_3,3h,ppb
2026-08-17T12:15:00Z,1,12.01,12.03,12.013492435406828,-0.0034924354068284202,lightgbm,absolute,fold_3,3h,ppb
2026-08-17T12:30:00Z,1,11.98,12.02,12.024760549188516,-0.04476054918851524,lightgbm,absolute,fold_3,3h,ppb
2026-08-17T12:45:00Z,1,12.13,12.04,12.043046947616624,0.08695305238337703,lightgbm,absolute,fold_3,3h,ppb
2026-08-17T13:00:00Z,1,12.1,12.0,12.145611626675372,-0.04561162667537211,lightgbm,absolute,fold_3,3h,ppb
2026-08-17T13:15:00Z,1,12.15,12.0,12.148008923821454,0.001991076178546436,lightgbm,absolute,fold_3,3h,ppb
2026-08-17T13:30:00Z,1,12.16,12.0,12.144491685529822,0.01550831447017842,lightgbm,absolute,fold_3,3h,ppb
2026-08-17T13:45:00Z,1,12.14,12.02,12.139469398279662,0.000530601720338808,lightgbm,absolute,fold_3,3h,ppb
2026-08-17T14:00:00Z,1,12.14,12.02,12.117135255604989,0.022864744395011627,lightgbm,absolute,fold_3,3h,ppb
2026-08-17T14:15:00Z,1,12.12,12.05,12.128263072331793,-0.008263072331793353,lightgbm,absolute,fold_3,3h,ppb
2026-08-17T14:30:00Z,1,12.12,12.08,12.124449556979688,-0.004449556979688296,lightgbm,absolute,fold_3,3h,ppb
2026-08-17T14:45:00Z,1,12.11,12.03,12.119522713056057,-0.009522713056057341,lightgbm,absolute,fold_3,3h,ppb
2026-08-17T15:00:00Z,1,12.11,11.99,12.10301934337106,0.006980656628940096,lightgbm,absolute,fold_3,3h,ppb
2026-08-17T15:15:00Z,1,12.09,12.01,12.09176413553161,-0.0017641355316104779,lightgbm,absolute,fold_3,3h,ppb
2026-08-17T15:30:00Z,1,12.11,11.98,12.094598795429587,0.01540120457041283,lightgbm,absolute,fold_3,3h,ppb
2026-08-17T15:45:00Z,1,12.1,12.13,12.089773451346174,0.010226548653825773,lightgbm,absolute,fold_3,3h,ppb
2026-08-17T16:00:00Z,1,12.11,12.1,12.099687614907934,0.010312385092065668,lightgbm,absolute,fold_3,3h,ppb
2026-08-17T16:15:00Z,1,12.11,12.15,12.08810957400313,0.021890425996868856,lightgbm,absolute,fold_3,3h,ppb
2026-08-17T16:30:00Z,1,12.1,12.16,12.087540557365912,0.012459442634087381,lightgbm,absolute,fold_3,3h,ppb
2026-08-17T16:45:00Z,1,12.1,12.14,12.08209804643817,0.017901953561828776,lightgbm,absolute,fold_3,3h,ppb
2026-08-17T17:00:00Z,1,12.1,12.14,12.082776412585917,0.01722358741408314,lightgbm,absolute,fold_3,3h,ppb
2026-08-17T17:15:00Z,1,12.09,12.12,12.08458733804842,0.005412661951579523,lightgbm,absolute,fold_3,3h,ppb
2026-08-17T17:30:00Z,1,12.07,12.12,12.082605620306177,-0.012605620306176846,lightgbm,absolute,fold_3,3h,ppb
2026-08-17T17:45:00Z,1,12.09,12.11,12.08623542633221,0.0037645736677891506,lightgbm,absolute,fold_3,3h,ppb
2026-08-17T18:00:00Z,1,12.08,12.11,12.084782414289604,-0.00478241428960402,lightgbm,absolute,fold_3,3h,ppb
2026-08-17T18:15:00Z,1,12.1,12.09,12.083930147420817,0.016069852579182253,lightgbm,absolute,fold_3,3h,ppb
2026-08-17T18:30:00Z,1,12.12,12.11,12.081887200502365,0.03811279949763424,lightgbm,absolute,fold_3,3h,ppb
2026-08-17T18:45:00Z,1,12.13,12.1,12.084378123472609,0.04562187652739169,lightgbm,absolute,fold_3,3h,ppb
2026-08-17T19:00:00Z,1,12.13,12.11,12.082043376548686,0.047956623451314684,lightgbm,absolute,fold_3,3h,ppb
2026-08-17T19:15:00Z,1,12.13,12.11,12.085255998069055,0.04474400193094574,lightgbm,absolute,fold_3,3h,ppb
2026-08-17T19:30:00Z,1,12.14,12.1,12.081681496865396,0.05831850313460407,lightgbm,absolute,fold_3,3h,ppb
2026-08-17T19:45:00Z,1,12.13,12.1,12.077871798421588,0.05212820157841236,lightgbm,absolute,fold_3,3h,ppb
2026-08-17T20:00:00Z,1,12.11,12.1,12.074216492039634,0.03578350796036567,lightgbm,absolute,fold_3,3h,ppb
2026-08-17T20:15:00Z,1,12.12,12.09,12.078269039121531,0.04173096087846773,lightgbm,absolute,fold_3,3h,ppb
2026-08-17T20:30:00Z,1,12.12,12.07,12.081087334621037,0.03891266537896243,lightgbm,absolute,fold_3,3h,ppb
2026-08-17T20:45:00Z,1,12.12,12.09,12.077692643305902,0.042307356694097464,lightgbm,absolute,fold_3,3h,ppb
2026-08-17T21:00:00Z,1,12.11,12.08,12.080269855678187,0.02973014432181209,lightgbm,absolute,fold_3,3h,ppb
2026-08-17T21:15:00Z,1,12.1,12.1,12.07974937343656,0.02025062656344012,lightgbm,absolute,fold_3,3h,ppb
2026-08-17T21:30:00Z,1,12.1,12.12,12.087170421411995,0.012829578588004154,lightgbm,absolute,fold_3,3h,ppb
2026-08-17T21:45:00Z,1,12.1,12.13,12.087952691061876,0.01204730893812389,lightgbm,absolute,fold_3,3h,ppb
2026-08-17T22:00:00Z,1,12.12,12.13,12.085036952270372,0.03496304772962766,lightgbm,absolute,fold_3,3h,ppb
2026-08-17T22:15:00Z,1,12.11,12.13,12.085238176168227,0.02476182383177239,lightgbm,absolute,fold_3,3h,ppb
2026-08-17T22:30:00Z,1,12.1,12.14,12.09287743624637,0.007122563753629407,lightgbm,absolute,fold_3,3h,ppb
2026-08-17T22:45:00Z,1,12.1,12.13,12.087384469161202,0.012615530838797184,lightgbm,absolute,fold_3,3h,ppb
2026-08-17T23:00:00Z,1,12.13,12.11,12.098243626729154,0.031756373270846794,lightgbm,absolute,fold_3,3h,ppb
2026-08-17T23:15:00Z,1,12.11,12.12,12.095910063491731,0.014089936508268508,lightgbm,absolute,fold_3,3h,ppb
2026-08-17T23:30:00Z,1,12.11,12.12,12.096518408690741,0.013481591309258079,lightgbm,absolute,fold_3,3h,ppb
2026-08-17T23:45:00Z,1,12.11,12.12,12.094805176080783,0.01519482391921656,lightgbm,absolute,fold_3,3h,ppb
2026-08-18T00:00:00Z,1,12.11,12.11,12.096576410699974,0.013423589300025185,lightgbm,absolute,fold_3,3h,ppb
2026-08-18T00:15:00Z,1,12.11,12.1,12.095147014472264,0.014852985527735285,lightgbm,absolute,fold_3,3h,ppb
2026-08-18T00:30:00Z,1,12.11,12.1,12.088546374985285,0.021453625014714817,lightgbm,absolute,fold_3,3h,ppb
2026-08-18T00:45:00Z,1,12.11,12.1,12.089941371575083,0.020058628424916236,lightgbm,absolute,fold_3,3h,ppb
2026-08-18T01:00:00Z,1,12.11,12.12,12.09077584397414,0.01922415602586014,lightgbm,absolute,fold_3,3h,ppb
2026-08-18T01:15:00Z,1,12.13,12.11,12.0913227369374,0.038677263062600886,lightgbm,absolute,fold_3,3h,ppb
2026-08-18T01:30:00Z,1,12.14,12.1,12.089130571490909,0.05086942850909182,lightgbm,absolute,fold_3,3h,ppb
2026-08-18T01:45:00Z,1,12.08,12.1,12.077439060195562,0.002560939804437723,lightgbm,absolute,fold_3,3h,ppb
2026-08-18T02:00:00Z,1,12.09,12.13,12.071808366554306,0.018191633445693967,lightgbm,absolute,fold_3,3h,ppb
2026-08-18T02:15:00Z,1,12.07,12.11,12.068886848402634,0.0011131515973659134,lightgbm,absolute,fold_3,3h,ppb
2026-08-18T02:30:00Z,1,12.09,12.11,12.061319373947216,0.02868062605278432,lightgbm,absolute,fold_3,3h,ppb
2026-08-18T02:45:00Z,1,12.09,12.11,12.072717957408356,0.017282042591643787,lightgbm,absolute,fold_3,3h,ppb
2026-08-18T03:00:00Z,1,12.05,12.11,12.01533128634973,0.03466871365027124,lightgbm,absolute,fold_3,3h,ppb
2026-08-18T03:15:00Z,1,12.04,12.11,12.01741050918602,0.02258949081397965,lightgbm,absolute,fold_3,3h,ppb
2026-08-18T03:30:00Z,1,12.04,12.11,12.01935072361567,0.02064927638432934,lightgbm,absolute,fold_3,3h,ppb
2026-08-18T03:45:00Z,1,12.04,12.11,12.02314671587323,0.016853284126769452,lightgbm,absolute,fold_3,3h,ppb
2026-08-18T04:00:00Z,1,12.07,12.11,12.019001438147958,0.0509985618520421,lightgbm,absolute,fold_3,3h,ppb
2026-08-18T04:15:00Z,1,12.05,12.13,12.02532796467109,0.02467203532891027,lightgbm,absolute,fold_3,3h,ppb
2026-08-18T04:30:00Z,1,12.02,12.14,12.021136100551729,-0.0011361005517294132,lightgbm,absolute,fold_3,3h,ppb
2026-08-18T04:45:00Z,1,12.09,12.08,11.995087653194755,0.09491234680524485,lightgbm,absolute,fold_3,3h,ppb
2026-08-18T05:00:00Z,1,12.06,12.09,11.988738526464825,0.07126147353517531,lightgbm,absolute,fold_3,3h,ppb
2026-08-18T05:15:00Z,1,12.02,12.07,11.983749337925735,0.03625066207426464,lightgbm,absolute,fold_3,3h,ppb
2026-08-18T05:30:00Z,1,12.07,12.09,11.989740629958222,0.08025937004177841,lightgbm,absolute,fold_3,3h,ppb
2026-08-18T05:45:00Z,1,12.08,12.09,12.014708251210218,0.06529174878978239,lightgbm,absolute,fold_3,3h,ppb
2026-08-18T06:00:00Z,1,12.06,12.05,11.997725595262034,0.062274404737966194,lightgbm,absolute,fold_3,3h,ppb
2026-08-18T06:15:00Z,1,11.99,12.04,12.005065846719939,-0.015065846719938492,lightgbm,absolute,fold_3,3h,ppb
2026-08-18T06:30:00Z,1,11.99,12.04,12.005758028942667,-0.01575802894266687,lightgbm,absolute,fold_3,3h,ppb
2026-08-18T06:45:00Z,1,12.01,12.04,12.005640923164759,0.004359076835241282,lightgbm,absolute,fold_3,3h,ppb
2026-08-18T07:00:00Z,1,12.0,12.07,12.033159009871394,-0.03315900987139386,lightgbm,absolute,fold_3,3h,ppb
2026-08-18T07:15:00Z,1,12.1,12.05,12.020934921388832,0.0790650786111673,lightgbm,absolute,fold_3,3h,ppb
2026-08-18T07:30:00Z,1,12.02,12.02,12.0016559276706,0.018344072329400163,lightgbm,absolute,fold_3,3h,ppb
2026-08-18T07:45:00Z,1,11.99,12.09,12.011011663860755,-0.02101166386075448,lightgbm,absolute,fold_3,3h,ppb
2026-08-18T08:00:00Z,1,12.02,12.06,12.007805206537993,0.01219479346200636,lightgbm,absolute,fold_3,3h,ppb
2026-08-18T08:15:00Z,1,12.02,12.02,12.011030674135776,0.008969325864223165,lightgbm,absolute,fold_3,3h,ppb
2026-08-18T08:30:00Z,1,12.02,12.07,12.008449135651084,0.011550864348915724,lightgbm,absolute,fold_3,3h,ppb
2026-08-18T08:45:00Z,1,12.02,12.08,12.002891766445183,0.01710823355481672,lightgbm,absolute,fold_3,3h,ppb
2026-08-18T09:00:00Z,1,12.0,12.06,12.00877047374979,-0.008770473749789787,lightgbm,absolute,fold_3,3h,ppb
2026-08-18T09:15:00Z,1,12.01,11.99,11.995499828443148,0.014500171556852237,lightgbm,absolute,fold_3,3h,ppb
2026-08-18T09:30:00Z,1,12.02,11.99,11.98865439214506,0.03134560785493967,lightgbm,absolute,fold_3,3h,ppb
2026-08-18T09:45:00Z,1,12.01,12.01,12.005526771635987,0.004473228364012982,lightgbm,absolute,fold_3,3h,ppb
2026-08-18T10:00:00Z,1,12.03,12.0,12.004867140960219,0.025132859039780797,lightgbm,absolute,fold_3,3h,ppb
2026-08-18T10:15:00Z,1,12.05,12.1,12.018810341232044,0.031189658767956985,lightgbm,absolute,fold_3,3h,ppb
2026-08-18T10:30:00Z,1,12.03,12.02,12.026992871551172,0.00300712844882689,lightgbm,absolute,fold_3,3h,ppb
2026-08-18T10:45:00Z,1,12.05,11.99,11.991899727593852,0.05810027240614879,lightgbm,absolute,fold_3,3h,ppb
2026-08-18T11:00:00Z,1,12.07,12.02,11.999534595876783,0.07046540412321711,lightgbm,absolute,fold_3,3h,ppb
2026-08-18T11:15:00Z,1,12.07,12.02,12.029492273181338,0.04050772681866199,lightgbm,absolute,fold_3,3h,ppb
2026-08-18T11:30:00Z,1,11.99,12.02,12.029295646187856,-0.03929564618785619,lightgbm,absolute,fold_3,3h,ppb
2026-08-18T11:45:00Z,1,11.94,12.02,12.01979696154918,-0.07979696154917981,lightgbm,absolute,fold_3,3h,ppb
2026-08-18T12:00:00Z,1,11.89,12.0,12.013734150717326,-0.12373415071732552,lightgbm,absolute,fold_3,3h,ppb
2026-08-18T12:15:00Z,1,11.98,12.01,12.032512879769277,-0.05251287976927621,lightgbm,absolute,fold_3,3h,ppb
2026-08-18T12:30:00Z,1,12.02,12.02,12.05488219380367,-0.03488219380366964,lightgbm,absolute,fold_3,3h,ppb
2026-08-18T12:45:00Z,1,12.05,12.01,12.028907822332735,0.021092177667265233,lightgbm,absolute,fold_3,3h,ppb
2026-08-18T13:00:00Z,1,12.13,12.03,12.126834300858144,0.003165699141856493,lightgbm,absolute,fold_3,3h,ppb
2026-08-18T13:15:00Z,1,12.22,12.05,12.138678666015213,0.08132133398478736,lightgbm,absolute,fold_3,3h,ppb
2026-08-18T13:30:00Z,1,12.18,12.03,12.138694357986127,0.04130564201387266,lightgbm,absolute,fold_3,3h,ppb
2026-08-18T13:45:00Z,1,12.14,12.05,12.141801482205766,-0.0018014822057654811,lightgbm,absolute,fold_3,3h,ppb
2026-08-18T14:00:00Z,1,12.13,12.07,12.116025250421348,0.013974749578652634,lightgbm,absolute,fold_3,3h,ppb
2026-08-18T14:15:00Z,1,12.12,12.07,12.12171713503196,-0.0017171350319600265,lightgbm,absolute,fold_3,3h,ppb
2026-08-18T14:30:00Z,1,12.1,11.99,12.113579621334763,-0.013579621334763203,lightgbm,absolute,fold_3,3h,ppb
2026-08-18T14:45:00Z,1,12.1,11.94,12.101657793348252,-0.0016577933482526674,lightgbm,absolute,fold_3,3h,ppb
2026-08-18T15:00:00Z,1,12.1,11.89,12.091400496669692,0.008599503330307456,lightgbm,absolute,fold_3,3h,ppb
2026-08-18T15:15:00Z,1,12.08,11.98,12.090303252013651,-0.010303252013651232,lightgbm,absolute,fold_3,3h,ppb
2026-08-18T15:30:00Z,1,12.08,12.02,12.096170116458529,-0.016170116458528838,lightgbm,absolute,fold_3,3h,ppb
2026-08-18T15:45:00Z,1,12.09,12.05,12.09176836742986,-0.001768367429860973,lightgbm,absolute,fold_3,3h,ppb
2026-08-18T16:00:00Z,1,12.1,12.13,12.091742704071173,0.008257295928826736,lightgbm,absolute,fold_3,3h,ppb
2026-08-18T16:15:00Z,1,12.1,12.22,12.085201244095282,0.014798755904717353,lightgbm,absolute,fold_3,3h,ppb
2026-08-18T16:30:00Z,1,12.11,12.18,12.087544251386213,0.022455748613786852,lightgbm,absolute,fold_3,3h,ppb
2026-08-18T16:45:00Z,1,12.1,12.14,12.078914073994076,0.02108592600592374,lightgbm,absolute,fold_3,3h,ppb
2026-08-18T17:00:00Z,1,12.1,12.13,12.083643004175107,0.016356995824892806,lightgbm,absolute,fold_3,3h,ppb
2026-08-18T17:15:00Z,1,12.1,12.12,12.090306745043346,0.009693254956653519,lightgbm,absolute,fold_3,3h,ppb
2026-08-18T17:30:00Z,1,12.08,12.1,12.092474060292762,-0.01247406029276199,lightgbm,absolute,fold_3,3h,ppb
2026-08-18T17:45:00Z,1,12.07,12.1,12.095546236064175,-0.02554623606417472,lightgbm,absolute,fold_3,3h,ppb
2026-08-18T18:00:00Z,1,12.08,12.1,12.08845052503789,-0.008450525037890344,lightgbm,absolute,fold_3,3h,ppb
2026-08-18T18:15:00Z,1,12.09,12.08,12.089767741411347,0.00023225858865316695,lightgbm,absolute,fold_3,3h,ppb
2026-08-18T18:30:00Z,1,12.08,12.08,12.092074568644302,-0.012074568644301564,lightgbm,absolute,fold_3,3h,ppb
2026-08-18T18:45:00Z,1,12.08,12.09,12.091002830852917,-0.011002830852916645,lightgbm,absolute,fold_3,3h,ppb
2026-08-18T19:00:00Z,1,12.08,12.1,12.089818763172156,-0.009818763172155798,lightgbm,absolute,fold_3,3h,ppb
2026-08-18T19:15:00Z,1,12.08,12.1,12.0868807996528,-0.006880799652799752,lightgbm,absolute,fold_3,3h,ppb
2026-08-18T19:30:00Z,1,12.08,12.11,12.088910693127046,-0.008910693127045732,lightgbm,absolute,fold_3,3h,ppb
2026-08-18T19:45:00Z,1,12.09,12.1,12.090444351306147,-0.0004443513061467286,lightgbm,absolute,fold_3,3h,ppb
2026-08-18T20:00:00Z,1,12.1,12.1,12.093041298710956,0.006958701289043745,lightgbm,absolute,fold_3,3h,ppb
2026-08-18T20:15:00Z,1,12.1,12.1,12.093273741360939,0.006726258639060845,lightgbm,absolute,fold_3,3h,ppb
2026-08-18T20:30:00Z,1,12.1,12.08,12.09085515409473,0.009144845905270316,lightgbm,absolute,fold_3,3h,ppb
2026-08-18T20:45:00Z,1,12.09,12.07,12.093863791733513,-0.0038637917335133665,lightgbm,absolute,fold_3,3h,ppb
2026-08-18T21:00:00Z,1,12.1,12.08,12.087338737576138,0.012661262423861785,lightgbm,absolute,fold_3,3h,ppb
2026-08-18T21:15:00Z,1,12.1,12.09,12.08635570683485,0.013644293165150145,lightgbm,absolute,fold_3,3h,ppb
2026-08-18T21:30:00Z,1,12.09,12.08,12.0865922610631,0.003407738936900273,lightgbm,absolute,fold_3,3h,ppb
2026-08-18T21:45:00Z,1,12.09,12.08,12.087742312295072,0.0022576877049278465,lightgbm,absolute,fold_3,3h,ppb
2026-08-18T22:00:00Z,1,12.1,12.08,12.089042531463077,0.010957468536922477,lightgbm,absolute,fold_3,3h,ppb
2026-08-18T22:15:00Z,1,12.12,12.08,12.08413216230238,0.035867837697619365,lightgbm,absolute,fold_3,3h,ppb
2026-08-18T22:30:00Z,1,12.12,12.08,12.082664100485552,0.03733589951444749,lightgbm,absolute,fold_3,3h,ppb
2026-08-18T22:45:00Z,1,12.11,12.09,12.079908179025791,0.03009182097420826,lightgbm,absolute,fold_3,3h,ppb
2026-08-18T23:00:00Z,1,12.1,12.1,12.084379679012708,0.015620320987292047,lightgbm,absolute,fold_3,3h,ppb
2026-08-18T23:15:00Z,1,12.1,12.1,12.088568868326943,0.011431131673056427,lightgbm,absolute,fold_3,3h,ppb
2026-08-18T23:30:00Z,1,12.1,12.1,12.087082384470568,0.012917615529431714,lightgbm,absolute,fold_3,3h,ppb
2026-08-18T23:45:00Z,1,12.11,12.09,12.101401772741783,0.008598227258216795,lightgbm,absolute,fold_3,3h,ppb
2026-08-19T00:00:00Z,1,12.1,12.1,12.102705057274362,-0.0027050572743618773,lightgbm,absolute,fold_3,3h,ppb
2026-08-19T00:15:00Z,1,12.11,12.1,12.102485049125399,0.007514950874600856,lightgbm,absolute,fold_3,3h,ppb
2026-08-19T00:30:00Z,1,12.11,12.09,12.10010268177547,0.009897318224529883,lightgbm,absolute,fold_3,3h,ppb
2026-08-19T00:45:00Z,1,12.11,12.09,12.098651940206812,0.011348059793187204,lightgbm,absolute,fold_3,3h,ppb
2026-08-19T01:00:00Z,1,12.1,12.1,12.073982507489838,0.026017492510161944,lightgbm,absolute,fold_3,3h,ppb
2026-08-19T01:15:00Z,1,12.1,12.12,12.072041797225666,0.02795820277433414,lightgbm,absolute,fold_3,3h,ppb
2026-08-19T01:30:00Z,1,12.09,12.12,12.081316098167708,0.008683901832291951,lightgbm,absolute,fold_3,3h,ppb
2026-08-19T01:45:00Z,1,12.14,12.11,12.073073092087565,0.0669269079124355,lightgbm,absolute,fold_3,3h,ppb
2026-08-19T02:00:00Z,1,12.05,12.1,12.071314792900113,-0.021314792900112067,lightgbm,absolute,fold_3,3h,ppb
2026-08-19T02:15:00Z,1,12.05,12.1,12.071060672414255,-0.021060672414254356,lightgbm,absolute,fold_3,3h,ppb
2026-08-19T02:30:00Z,1,12.04,12.1,12.069558216996347,-0.029558216996347753,lightgbm,absolute,fold_3,3h,ppb
2026-08-19T02:45:00Z,1,12.08,12.11,12.05998141774972,0.020018582250280303,lightgbm,absolute,fold_3,3h,ppb
2026-08-19T03:00:00Z,1,12.11,12.1,12.033586593544072,0.0764134064559272,lightgbm,absolute,fold_3,3h,ppb
2026-08-19T03:15:00Z,1,12.05,12.11,12.027239661671452,0.022760338328549068,lightgbm,absolute,fold_3,3h,ppb
2026-08-19T03:30:00Z,1,11.98,12.11,12.028396827024384,-0.048396827024383526,lightgbm,absolute,fold_3,3h,ppb
2026-08-19T03:45:00Z,1,11.97,12.11,12.024054051853726,-0.05405405185372558,lightgbm,absolute,fold_3,3h,ppb
2026-08-19T04:00:00Z,1,11.99,12.1,12.026597063107237,-0.036597063107237204,lightgbm,absolute,fold_3,3h,ppb
2026-08-19T04:15:00Z,1,12.03,12.1,12.020789958621654,0.00921004137834558,lightgbm,absolute,fold_3,3h,ppb
2026-08-19T04:30:00Z,1,12.05,12.09,12.009920369081186,0.0400796309188145,lightgbm,absolute,fold_3,3h,ppb
2026-08-19T04:45:00Z,1,12.02,12.14,12.021650338231852,-0.0016503382318528992,lightgbm,absolute,fold_3,3h,ppb
2026-08-19T05:00:00Z,1,12.0,12.05,11.984862304702439,0.015137695297561038,lightgbm,absolute,fold_3,3h,ppb
2026-08-19T05:15:00Z,1,12.02,12.05,11.97969679011227,0.04030320988773006,lightgbm,absolute,fold_3,3h,ppb
2026-08-19T05:30:00Z,1,12.0,12.04,11.985442657145343,0.014557342854656596,lightgbm,absolute,fold_3,3h,ppb
2026-08-19T05:45:00Z,1,12.03,12.08,11.992858206144959,0.03714179385504046,lightgbm,absolute,fold_3,3h,ppb
2026-08-19T06:00:00Z,1,12.03,12.11,12.040375696794898,-0.010375696794898914,lightgbm,absolute,fold_3,3h,ppb
2026-08-19T06:15:00Z,1,12.0,12.05,12.035027646730072,-0.03502764673007164,lightgbm,absolute,fold_3,3h,ppb
2026-08-19T06:30:00Z,1,12.02,11.98,12.010285710973836,0.00971428902616367,lightgbm,absolute,fold_3,3h,ppb
2026-08-19T06:45:00Z,1,12.08,11.97,12.011402628164806,0.06859737183519421,lightgbm,absolute,fold_3,3h,ppb
2026-08-19T07:00:00Z,1,12.03,11.99,12.026910900045737,0.003089099954262764,lightgbm,absolute,fold_3,3h,ppb
2026-08-19T07:15:00Z,1,12.05,12.03,12.025924989026997,0.024075010973003685,lightgbm,absolute,fold_3,3h,ppb
2026-08-19T07:30:00Z,1,12.03,12.05,12.020734259202985,0.009265740797014033,lightgbm,absolute,fold_3,3h,ppb
2026-08-19T07:45:00Z,1,12.01,12.02,12.032524350469343,-0.02252435046934309,lightgbm,absolute,fold_3,3h,ppb
2026-08-19T08:00:00Z,1,12.01,12.0,12.022190425996742,-0.012190425996742249,lightgbm,absolute,fold_3,3h,ppb
2026-08-19T08:15:00Z,1,12.02,12.02,12.031724401509493,-0.011724401509493276,lightgbm,absolute,fold_3,3h,ppb
2026-08-19T08:30:00Z,1,12.02,12.0,12.024466508110066,-0.004466508110066769,lightgbm,absolute,fold_3,3h,ppb
2026-08-19T08:45:00Z,1,12.03,12.03,12.028919193209004,0.0010808067909948704,lightgbm,absolute,fold_3,3h,ppb
2026-08-19T09:00:00Z,1,12.02,12.03,12.030032442003023,-0.010032442003023334,lightgbm,absolute,fold_3,3h,ppb
2026-08-19T09:15:00Z,1,12.03,12.0,12.005738288591557,0.024261711408442466,lightgbm,absolute,fold_3,3h,ppb
2026-08-19T09:30:00Z,1,12.02,12.02,12.025422450968502,-0.005422450968502801,lightgbm,absolute,fold_3,3h,ppb
2026-08-19T09:45:00Z,1,12.04,12.08,12.023641501025562,0.016358498974437197,lightgbm,absolute,fold_3,3h,ppb
2026-08-19T10:00:00Z,1,12.05,12.03,12.01593007930689,0.03406992069310988,lightgbm,absolute,fold_3,3h,ppb
2026-08-19T10:15:00Z,1,12.06,12.05,12.023883525178007,0.036116474821993094,lightgbm,absolute,fold_3,3h,ppb
2026-08-19T10:30:00Z,1,12.06,12.03,12.031008258833245,0.028991741166755958,lightgbm,absolute,fold_3,3h,ppb
2026-08-19T10:45:00Z,1,12.06,12.01,12.014156305114357,0.04584369488564377,lightgbm,absolute,fold_3,3h,ppb
2026-08-19T11:00:00Z,1,12.03,12.01,11.996306450447634,0.03369354955236581,lightgbm,absolute,fold_3,3h,ppb
2026-08-19T11:15:00Z,1,12.04,12.02,11.997183454719298,0.04281654528070078,lightgbm,absolute,fold_3,3h,ppb
2026-08-19T11:30:00Z,1,12.04,12.02,12.01374985014307,0.02625014985692964,lightgbm,absolute,fold_3,3h,ppb
2026-08-19T11:45:00Z,1,11.99,12.03,12.00812371210548,-0.018123712105479584,lightgbm,absolute,fold_3,3h,ppb
2026-08-19T12:00:00Z,1,11.93,12.02,12.010755142154622,-0.0807551421546222,lightgbm,absolute,fold_3,3h,ppb
2026-08-19T12:15:00Z,1,11.97,12.03,12.03794912382233,-0.06794912382232887,lightgbm,absolute,fold_3,3h,ppb
2026-08-19T12:30:00Z,1,12.03,12.02,12.046305657548054,-0.016305657548054242,lightgbm,absolute,fold_3,3h,ppb
2026-08-19T12:45:00Z,1,12.08,12.04,12.04121004093341,0.03878995906658922,lightgbm,absolute,fold_3,3h,ppb
2026-08-19T13:15:00Z,1,12.21,12.06,12.15880648971534,0.05119351028466035,lightgbm,absolute,fold_3,3h,ppb
2026-08-19T13:30:00Z,1,12.16,12.06,12.161655189703778,-0.0016551897037775376,lightgbm,absolute,fold_3,3h,ppb
2026-08-19T13:45:00Z,1,12.13,12.06,12.153201183805614,-0.023201183805612757,lightgbm,absolute,fold_3,3h,ppb
2026-08-19T14:00:00Z,1,12.11,12.03,12.115375418071597,-0.005375418071597693,lightgbm,absolute,fold_3,3h,ppb
2026-08-19T14:15:00Z,1,12.13,12.04,12.112624004292694,0.017375995707306302,lightgbm,absolute,fold_3,3h,ppb
2026-08-19T14:30:00Z,1,12.11,12.04,12.113227802104017,-0.0032278021040177407,lightgbm,absolute,fold_3,3h,ppb
2026-08-19T14:45:00Z,1,12.12,11.99,12.105418399762232,0.014581600237766779,lightgbm,absolute,fold_3,3h,ppb
2026-08-19T15:00:00Z,1,12.11,11.93,12.090778012395866,0.019221987604133517,lightgbm,absolute,fold_3,3h,ppb
2026-08-19T15:15:00Z,1,12.11,11.97,12.080360253485633,0.029639746514366294,lightgbm,absolute,fold_3,3h,ppb
2026-08-19T15:30:00Z,1,12.11,12.03,12.083696172656893,0.026303827343106434,lightgbm,absolute,fold_3,3h,ppb
2026-08-19T15:45:00Z,1,12.1,12.08,12.08692632335616,0.01307367664383996,lightgbm,absolute,fold_3,3h,ppb
2026-08-19T16:15:00Z,1,12.11,12.21,12.089201273428085,0.020798726571914727,lightgbm,absolute,fold_3,3h,ppb
2026-08-19T16:30:00Z,1,12.11,12.16,12.088882345028994,0.021117654971005706,lightgbm,absolute,fold_3,3h,ppb
2026-08-19T16:45:00Z,1,12.1,12.13,12.08747742203491,0.01252257796508971,lightgbm,absolute,fold_3,3h,ppb
2026-08-19T17:00:00Z,1,12.11,12.11,12.089290298777616,0.02070970122238336,lightgbm,absolute,fold_3,3h,ppb
2026-08-19T17:15:00Z,1,12.1,12.13,12.090255188653426,0.009744811346573456,lightgbm,absolute,fold_3,3h,ppb
2026-08-19T17:30:00Z,1,12.12,12.11,12.09091561203535,0.02908438796464985,lightgbm,absolute,fold_3,3h,ppb
2026-08-19T17:45:00Z,1,12.11,12.12,12.087320951162665,0.022679048837334292,lightgbm,absolute,fold_3,3h,ppb
2026-08-19T18:00:00Z,1,12.09,12.11,12.084825737532855,0.005174262467145141,lightgbm,absolute,fold_3,3h,ppb
2026-08-19T18:15:00Z,1,12.1,12.11,12.085482070882945,0.014517929117054962,lightgbm,absolute,fold_3,3h,ppb
2026-08-19T18:30:00Z,1,12.09,12.11,12.084735250017616,0.0052647499823841315,lightgbm,absolute,fold_3,3h,ppb
2026-08-19T18:45:00Z,1,12.09,12.1,12.085551603201484,0.00444839679851583,lightgbm,absolute,fold_3,3h,ppb
2026-08-19T19:00:00Z,1,12.08,12.11,12.084788169081145,-0.004788169081145099,lightgbm,absolute,fold_3,3h,ppb
2026-08-19T19:15:00Z,1,12.1,12.11,12.08785029216165,0.012149707838348789,lightgbm,absolute,fold_3,3h,ppb
2026-08-19T19:30:00Z,1,12.1,12.11,12.086633662861496,0.013366337138503326,lightgbm,absolute,fold_3,3h,ppb
2026-08-19T19:45:00Z,1,12.1,12.1,12.08651296599959,0.013487034000409182,lightgbm,absolute,fold_3,3h,ppb
2026-08-19T20:00:00Z,1,12.1,12.11,12.082739199000422,0.017260800999578052,lightgbm,absolute,fold_3,3h,ppb
2026-08-19T20:15:00Z,1,12.11,12.1,12.084256839024533,0.02574316097546614,lightgbm,absolute,fold_3,3h,ppb
2026-08-19T20:30:00Z,1,12.12,12.12,12.079510433156834,0.04048956684316529,lightgbm,absolute,fold_3,3h,ppb
2026-08-19T20:45:00Z,1,12.1,12.11,12.076159229739574,0.02384077026042597,lightgbm,absolute,fold_3,3h,ppb
2026-08-19T21:00:00Z,1,12.09,12.09,12.0749774822526,0.015022517747400599,lightgbm,absolute,fold_3,3h,ppb
2026-08-19T21:15:00Z,1,12.09,12.1,12.069113903215253,0.0208860967847464,lightgbm,absolute,fold_3,3h,ppb
2026-08-19T21:30:00Z,1,12.09,12.09,12.071336059877439,0.01866394012256123,lightgbm,absolute,fold_3,3h,ppb
2026-08-19T21:45:00Z,1,12.1,12.09,12.06884232169716,0.031157678302839997,lightgbm,absolute,fold_3,3h,ppb
2026-08-19T22:00:00Z,1,12.11,12.08,12.07313933135831,0.036860668641688576,lightgbm,absolute,fold_3,3h,ppb
2026-08-19T22:15:00Z,1,12.11,12.1,12.070459704155269,0.03954029584473062,lightgbm,absolute,fold_3,3h,ppb
2026-08-19T22:30:00Z,1,12.1,12.1,12.07511915553711,0.024880844462890295,lightgbm,absolute,fold_3,3h,ppb
2026-08-19T22:45:00Z,1,12.1,12.1,12.072493482999953,0.027506517000047026,lightgbm,absolute,fold_3,3h,ppb
2026-08-19T23:00:00Z,1,12.1,12.1,12.080665588260574,0.019334411739425406,lightgbm,absolute,fold_3,3h,ppb
2026-08-19T23:15:00Z,1,12.1,12.11,12.077938486981168,0.022061513018831747,lightgbm,absolute,fold_3,3h,ppb
2026-08-19T23:30:00Z,1,12.1,12.12,12.083909100961865,0.016090899038134765,lightgbm,absolute,fold_3,3h,ppb
2026-08-19T23:45:00Z,1,12.11,12.1,12.083928735737775,0.026071264262224503,lightgbm,absolute,fold_3,3h,ppb
2026-08-16T00:00:00Z,1,12.11,12.09,12.103385419896115,0.006614580103883938,lightgbm,delta,fold_3,3h,ppb
2026-08-16T00:15:00Z,1,12.11,12.08,12.098117970749284,0.011882029250715576,lightgbm,delta,fold_3,3h,ppb
2026-08-16T00:30:00Z,1,12.13,12.07,12.106456102320976,0.02354389767902454,lightgbm,delta,fold_3,3h,ppb
2026-08-16T00:45:00Z,1,12.11,12.06,12.098963342758513,0.011036657241486836,lightgbm,delta,fold_3,3h,ppb
2026-08-16T01:00:00Z,1,12.09,12.08,12.090985561978796,-0.0009855619787959569,lightgbm,delta,fold_3,3h,ppb
2026-08-16T01:15:00Z,1,12.09,12.08,12.090381682576925,-0.0003816825769256127,lightgbm,delta,fold_3,3h,ppb
2026-08-16T01:30:00Z,1,12.1,12.1,12.06935007055758,0.030649929442420287,lightgbm,delta,fold_3,3h,ppb
2026-08-16T01:45:00Z,1,12.11,12.11,12.069950548626682,0.04004945137331717,lightgbm,delta,fold_3,3h,ppb
2026-08-16T02:00:00Z,1,12.06,12.11,12.046258403513143,0.013741596486857688,lightgbm,delta,fold_3,3h,ppb
2026-08-16T02:15:00Z,1,12.03,12.13,12.042996074769471,-0.012996074769471733,lightgbm,delta,fold_3,3h,ppb
2026-08-16T02:30:00Z,1,12.03,12.14,12.045000333136121,-0.015000333136121924,lightgbm,delta,fold_3,3h,ppb
2026-08-16T02:45:00Z,1,12.0,12.11,12.041747721953174,-0.041747721953173667,lightgbm,delta,fold_3,3h,ppb
2026-08-16T03:00:00Z,1,12.08,12.11,12.021769788988037,0.05823021101196346,lightgbm,delta,fold_3,3h,ppb
2026-08-16T03:15:00Z,1,12.03,12.11,12.020937731835371,0.009062268164628406,lightgbm,delta,fold_3,3h,ppb
2026-08-16T03:30:00Z,1,12.09,12.13,12.02626653740003,0.06373346259996993,lightgbm,delta,fold_3,3h,ppb
2026-08-16T03:45:00Z,1,12.05,12.11,12.018886420963186,0.031113579036814443,lightgbm,delta,fold_3,3h,ppb
2026-08-16T04:00:00Z,1,12.02,12.09,12.001910289557046,0.018089710442954043,lightgbm,delta,fold_3,3h,ppb
2026-08-16T04:15:00Z,1,12.12,12.09,12.005649309684689,0.11435069031531064,lightgbm,delta,fold_3,3h,ppb
2026-08-16T04:30:00Z,1,12.07,12.1,12.017173183045763,0.05282681695423719,lightgbm,delta,fold_3,3h,ppb
2026-08-16T04:45:00Z,1,12.26,12.11,12.037011638670037,0.22298836132996236,lightgbm,delta,fold_3,3h,ppb
2026-08-16T05:00:00Z,1,12.2,12.06,12.00489985625708,0.19510014374291984,lightgbm,delta,fold_3,3h,ppb
2026-08-16T05:15:00Z,1,12.1,12.03,11.998240292401896,0.10175970759810404,lightgbm,delta,fold_3,3h,ppb
2026-08-16T05:30:00Z,1,12.11,12.03,11.999907162722087,0.11009283727791264,lightgbm,delta,fold_3,3h,ppb
2026-08-16T05:45:00Z,1,12.14,12.0,11.986189233561802,0.15381076643819824,lightgbm,delta,fold_3,3h,ppb
2026-08-16T06:00:00Z,1,12.3,12.08,12.032600900426301,0.2673990995736997,lightgbm,delta,fold_3,3h,ppb
2026-08-16T06:15:00Z,1,12.36,12.03,12.02488024933334,0.3351197506666601,lightgbm,delta,fold_3,3h,ppb
2026-08-16T06:30:00Z,1,12.35,12.09,12.032921077811693,0.3170789221883066,lightgbm,delta,fold_3,3h,ppb
2026-08-16T06:45:00Z,1,12.35,12.05,12.030258450678593,0.31974154932140664,lightgbm,delta,fold_3,3h,ppb
2026-08-16T07:00:00Z,1,12.34,12.02,12.01716688900598,0.32283311099402034,lightgbm,delta,fold_3,3h,ppb
2026-08-16T07:15:00Z,1,12.33,12.12,12.050980205828173,0.2790197941718269,lightgbm,delta,fold_3,3h,ppb
2026-08-16T07:30:00Z,1,12.27,12.07,12.042081234919396,0.22791876508060405,lightgbm,delta,fold_3,3h,ppb
2026-08-16T07:45:00Z,1,12.21,12.26,12.163165279663307,0.04683472033669389,lightgbm,delta,fold_3,3h,ppb
2026-08-16T08:00:00Z,1,12.1,12.2,12.127899384881708,-0.0278993848817084,lightgbm,delta,fold_3,3h,ppb
2026-08-16T08:15:00Z,1,12.11,12.1,12.043173977051552,0.06682602294844742,lightgbm,delta,fold_3,3h,ppb
2026-08-16T08:30:00Z,1,12.17,12.11,12.046193111858711,0.1238068881412886,lightgbm,delta,fold_3,3h,ppb
2026-08-16T08:45:00Z,1,12.2,12.14,12.068415325154417,0.13158467484558223,lightgbm,delta,fold_3,3h,ppb
2026-08-16T09:00:00Z,1,12.22,12.3,12.195911707111923,0.024088292888077234,lightgbm,delta,fold_3,3h,ppb
2026-08-16T09:15:00Z,1,12.21,12.36,12.245627098888127,-0.035627098888125985,lightgbm,delta,fold_3,3h,ppb
2026-08-16T09:30:00Z,1,12.15,12.35,12.2419739402676,-0.09197394026760009,lightgbm,delta,fold_3,3h,ppb
2026-08-16T09:45:00Z,1,12.17,12.35,12.245948164118184,-0.07594816411818428,lightgbm,delta,fold_3,3h,ppb
2026-08-16T10:00:00Z,1,12.19,12.34,12.309398363049192,-0.11939836304919282,lightgbm,delta,fold_3,3h,ppb
2026-08-16T10:15:00Z,1,12.16,12.33,12.289019139509538,-0.1290191395095377,lightgbm,delta,fold_3,3h,ppb
2026-08-16T10:30:00Z,1,12.22,12.27,12.230908962383959,-0.010908962383957999,lightgbm,delta,fold_3,3h,ppb
2026-08-16T10:45:00Z,1,12.16,12.21,12.179808190649583,-0.019808190649582613,lightgbm,delta,fold_3,3h,ppb
2026-08-16T11:00:00Z,1,12.18,12.1,12.05950715478976,0.12049284521024006,lightgbm,delta,fold_3,3h,ppb
2026-08-16T11:15:00Z,1,12.2,12.11,12.054977379793293,0.14502262020670642,lightgbm,delta,fold_3,3h,ppb
2026-08-16T11:30:00Z,1,12.29,12.17,12.085411593975262,0.2045884060247367,lightgbm,delta,fold_3,3h,ppb
2026-08-16T11:45:00Z,1,12.16,12.2,12.11870417502182,0.04129582497817985,lightgbm,delta,fold_3,3h,ppb
2026-08-16T12:00:00Z,1,12.28,12.22,12.146369185886723,0.13363081411327649,lightgbm,delta,fold_3,3h,ppb
2026-08-16T12:15:00Z,1,12.19,12.21,12.152695456835659,0.03730454316434084,lightgbm,delta,fold_3,3h,ppb
2026-08-16T12:30:00Z,1,12.08,12.15,12.098706106437731,-0.018706106437731407,lightgbm,delta,fold_3,3h,ppb
2026-08-16T12:45:00Z,1,12.16,12.17,12.099807960483954,0.060192039516046236,lightgbm,delta,fold_3,3h,ppb
2026-08-16T13:00:00Z,1,12.3,12.19,12.194949274894357,0.1050507251056434,lightgbm,delta,fold_3,3h,ppb
2026-08-16T13:15:00Z,1,12.38,12.16,12.173873597677062,0.20612640232293877,lightgbm,delta,fold_3,3h,ppb
2026-08-16T13:30:00Z,1,12.34,12.22,12.20803899422728,0.13196100577271963,lightgbm,delta,fold_3,3h,ppb
2026-08-16T13:45:00Z,1,12.31,12.16,12.17652063957106,0.13347936042894126,lightgbm,delta,fold_3,3h,ppb
2026-08-16T14:00:00Z,1,12.22,12.18,12.176469508215474,0.043530491784526504,lightgbm,delta,fold_3,3h,ppb
2026-08-16T14:15:00Z,1,12.16,12.2,12.200235437577104,-0.04023543757710435,lightgbm,delta,fold_3,3h,ppb
2026-08-16T14:30:00Z,1,12.13,12.29,12.261753445137279,-0.13175344513727794,lightgbm,delta,fold_3,3h,ppb
2026-08-16T14:45:00Z,1,12.1,12.16,12.161304333050152,-0.06130433305015259,lightgbm,delta,fold_3,3h,ppb
2026-08-16T15:00:00Z,1,12.1,12.28,12.244371637378011,-0.14437163737801129,lightgbm,delta,fold_3,3h,ppb
2026-08-16T15:15:00Z,1,12.1,12.19,12.188606021699446,-0.0886060216994462,lightgbm,delta,fold_3,3h,ppb
2026-08-16T15:30:00Z,1,12.08,12.08,12.13714396869362,-0.057143968693619485,lightgbm,delta,fold_3,3h,ppb
2026-08-16T15:45:00Z,1,12.07,12.16,12.133246967920147,-0.06324696792014706,lightgbm,delta,fold_3,3h,ppb
2026-08-16T16:00:00Z,1,12.07,12.3,12.21066731498711,-0.14066731498710894,lightgbm,delta,fold_3,3h,ppb
2026-08-16T16:15:00Z,1,12.08,12.38,12.281070316291121,-0.20107031629112093,lightgbm,delta,fold_3,3h,ppb
2026-08-16T16:30:00Z,1,12.07,12.34,12.267946461075642,-0.19794646107564162,lightgbm,delta,fold_3,3h,ppb
2026-08-16T16:45:00Z,1,12.08,12.31,12.234466173426895,-0.15446617342689528,lightgbm,delta,fold_3,3h,ppb
2026-08-16T17:00:00Z,1,12.08,12.22,12.161691662091638,-0.0816916620916377,lightgbm,delta,fold_3,3h,ppb
2026-08-16T17:15:00Z,1,12.09,12.16,12.107820248440422,-0.017820248440422404,lightgbm,delta,fold_3,3h,ppb
2026-08-16T17:30:00Z,1,12.09,12.13,12.08673412402428,0.003265875975719368,lightgbm,delta,fold_3,3h,ppb
2026-08-16T17:45:00Z,1,12.07,12.1,12.091550381746094,-0.021550381746093805,lightgbm,delta,fold_3,3h,ppb
2026-08-16T18:00:00Z,1,12.08,12.1,12.092731317614335,-0.012731317614335325,lightgbm,delta,fold_3,3h,ppb
2026-08-16T18:15:00Z,1,12.08,12.1,12.099776667719581,-0.019776667719581198,lightgbm,delta,fold_3,3h,ppb
2026-08-16T18:30:00Z,1,12.06,12.08,12.09806772823391,-0.03806772823391036,lightgbm,delta,fold_3,3h,ppb
2026-08-16T18:45:00Z,1,12.07,12.07,12.094803560423589,-0.024803560423588777,lightgbm,delta,fold_3,3h,ppb
2026-08-16T19:00:00Z,1,12.07,12.07,12.0924344177668,-0.02243441776679944,lightgbm,delta,fold_3,3h,ppb
2026-08-16T19:15:00Z,1,12.08,12.08,12.087111801603237,-0.007111801603237211,lightgbm,delta,fold_3,3h,ppb
2026-08-16T19:30:00Z,1,12.09,12.07,12.084814556628066,0.005185443371933829,lightgbm,delta,fold_3,3h,ppb
2026-08-16T19:45:00Z,1,12.08,12.08,12.084573251516813,-0.004573251516813315,lightgbm,delta,fold_3,3h,ppb
2026-08-16T20:00:00Z,1,12.07,12.08,12.088420111833688,-0.01842011183368797,lightgbm,delta,fold_3,3h,ppb
2026-08-16T20:15:00Z,1,12.07,12.09,12.085920223981924,-0.015920223981924053,lightgbm,delta,fold_3,3h,ppb
2026-08-16T20:30:00Z,1,12.07,12.09,12.087077803417193,-0.017077803417192783,lightgbm,delta,fold_3,3h,ppb
2026-08-16T20:45:00Z,1,12.08,12.07,12.088957444076042,-0.008957444076042265,lightgbm,delta,fold_3,3h,ppb
2026-08-16T21:00:00Z,1,12.07,12.08,12.087445611623936,-0.017445611623935875,lightgbm,delta,fold_3,3h,ppb
2026-08-16T21:15:00Z,1,12.08,12.08,12.087316716883928,-0.007316716883927654,lightgbm,delta,fold_3,3h,ppb
2026-08-16T21:30:00Z,1,12.09,12.06,12.085132178866775,0.004867821133224481,lightgbm,delta,fold_3,3h,ppb
2026-08-16T21:45:00Z,1,12.1,12.07,12.083805506023765,0.016194493976234625,lightgbm,delta,fold_3,3h,ppb
2026-08-16T22:00:00Z,1,12.09,12.07,12.086229514590567,0.003770485409432922,lightgbm,delta,fold_3,3h,ppb
2026-08-16T22:15:00Z,1,12.09,12.08,12.084000838236246,0.005999161763753591,lightgbm,delta,fold_3,3h,ppb
2026-08-16T22:30:00Z,1,12.13,12.09,12.085320743480462,0.04467925651953841,lightgbm,delta,fold_3,3h,ppb
2026-08-16T22:45:00Z,1,12.12,12.08,12.079064934778529,0.04093506522147017,lightgbm,delta,fold_3,3h,ppb
2026-08-16T23:00:00Z,1,12.1,12.07,12.079015907530705,0.02098409246929478,lightgbm,delta,fold_3,3h,ppb
2026-08-16T23:15:00Z,1,12.12,12.07,12.082718089344398,0.037281910655600825,lightgbm,delta,fold_3,3h,ppb
2026-08-16T23:30:00Z,1,12.12,12.07,12.085539923922994,0.0344600760770053,lightgbm,delta,fold_3,3h,ppb
2026-08-16T23:45:00Z,1,12.13,12.08,12.079928386619306,0.05007161338069466,lightgbm,delta,fold_3,3h,ppb
2026-08-17T00:00:00Z,1,12.12,12.07,12.08565543876755,0.03434456123244978,lightgbm,delta,fold_3,3h,ppb
2026-08-17T00:15:00Z,1,12.11,12.08,12.08360773572016,0.026392264279840205,lightgbm,delta,fold_3,3h,ppb
2026-08-17T00:30:00Z,1,12.11,12.09,12.088935267852184,0.021064732147815235,lightgbm,delta,fold_3,3h,ppb
2026-08-17T00:45:00Z,1,12.09,12.1,12.079806521274778,0.01019347872522225,lightgbm,delta,fold_3,3h,ppb
2026-08-17T01:00:00Z,1,12.11,12.09,12.086285957355555,0.023714042644444433,lightgbm,delta,fold_3,3h,ppb
2026-08-17T01:15:00Z,1,12.09,12.09,12.087816522791245,0.0021834772087547805,lightgbm,delta,fold_3,3h,ppb
2026-08-17T01:30:00Z,1,12.08,12.13,12.067607362824374,0.01239263717562622,lightgbm,delta,fold_3,3h,ppb
2026-08-17T01:45:00Z,1,12.09,12.12,12.073048941477795,0.016951058522204576,lightgbm,delta,fold_3,3h,ppb
2026-08-17T02:00:00Z,1,12.09,12.1,12.051703477326491,0.038296522673508804,lightgbm,delta,fold_3,3h,ppb
2026-08-17T02:15:00Z,1,12.08,12.12,12.059796908548014,0.020203091451985955,lightgbm,delta,fold_3,3h,ppb
2026-08-17T02:30:00Z,1,12.01,12.12,12.068136306859463,-0.05813630685946336,lightgbm,delta,fold_3,3h,ppb
2026-08-17T02:45:00Z,1,12.01,12.13,12.067458650390128,-0.057458650390127985,lightgbm,delta,fold_3,3h,ppb
2026-08-17T03:00:00Z,1,12.07,12.12,12.050432221979413,0.019567778020586957,lightgbm,delta,fold_3,3h,ppb
2026-08-17T03:15:00Z,1,11.99,12.11,12.031397152062477,-0.041397152062476295,lightgbm,delta,fold_3,3h,ppb
2026-08-17T03:30:00Z,1,11.99,12.11,12.031686678791413,-0.041686678791412746,lightgbm,delta,fold_3,3h,ppb
2026-08-17T03:45:00Z,1,12.01,12.09,12.037344905354963,-0.0273449053549637,lightgbm,delta,fold_3,3h,ppb
2026-08-17T04:00:00Z,1,12.09,12.11,12.02952152115537,0.060478478844629535,lightgbm,delta,fold_3,3h,ppb
2026-08-17T04:15:00Z,1,12.0,12.09,12.02402789780455,-0.02402789780454917,lightgbm,delta,fold_3,3h,ppb
2026-08-17T04:30:00Z,1,11.98,12.08,12.022173013706716,-0.04217301370671578,lightgbm,delta,fold_3,3h,ppb
2026-08-17T04:45:00Z,1,11.98,12.09,12.029476681157188,-0.04947668115718784,lightgbm,delta,fold_3,3h,ppb
2026-08-17T05:00:00Z,1,11.99,12.09,12.031662868074386,-0.04166286807438624,lightgbm,delta,fold_3,3h,ppb
2026-08-17T05:15:00Z,1,12.03,12.08,12.036519985302391,-0.006519985302391618,lightgbm,delta,fold_3,3h,ppb
2026-08-17T05:30:00Z,1,12.06,12.01,12.00338108647831,0.05661891352169057,lightgbm,delta,fold_3,3h,ppb
2026-08-17T05:45:00Z,1,12.04,12.01,11.991870615766704,0.04812938423329527,lightgbm,delta,fold_3,3h,ppb
2026-08-17T06:00:00Z,1,11.98,12.07,12.021867675613763,-0.041867675613762145,lightgbm,delta,fold_3,3h,ppb
2026-08-17T06:15:00Z,1,12.05,11.99,12.005012297333376,0.04498770266662433,lightgbm,delta,fold_3,3h,ppb
2026-08-17T06:30:00Z,1,12.05,11.99,12.012766102529277,0.03723389747072403,lightgbm,delta,fold_3,3h,ppb
2026-08-17T06:45:00Z,1,12.07,12.01,12.006733426593447,0.06326657340655295,lightgbm,delta,fold_3,3h,ppb
2026-08-17T07:00:00Z,1,11.99,12.09,12.03892076554052,-0.048920765540520605,lightgbm,delta,fold_3,3h,ppb
2026-08-17T07:15:00Z,1,12.02,12.0,12.011729016166873,0.008270983833126522,lightgbm,delta,fold_3,3h,ppb
2026-08-17T07:30:00Z,1,12.07,11.98,12.019704075012292,0.05029592498770796,lightgbm,delta,fold_3,3h,ppb
2026-08-17T07:45:00Z,1,12.06,11.98,12.023309074212984,0.03669092578701694,lightgbm,delta,fold_3,3h,ppb
2026-08-17T08:00:00Z,1,12.01,11.99,12.038439126250369,-0.02843912625036893,lightgbm,delta,fold_3,3h,ppb
2026-08-17T08:15:00Z,1,12.05,12.03,12.037407319557028,0.012592680442972792,lightgbm,delta,fold_3,3h,ppb
2026-08-17T08:30:00Z,1,12.09,12.06,12.023478597126225,0.06652140287377506,lightgbm,delta,fold_3,3h,ppb
2026-08-17T08:45:00Z,1,12.02,12.04,12.029937175075675,-0.009937175075675597,lightgbm,delta,fold_3,3h,ppb
2026-08-17T09:00:00Z,1,12.05,11.98,12.025563736062628,0.02443626393737297,lightgbm,delta,fold_3,3h,ppb
2026-08-17T09:15:00Z,1,12.03,12.05,12.010968796023247,0.019031203976751954,lightgbm,delta,fold_3,3h,ppb
2026-08-17T09:30:00Z,1,12.02,12.05,12.02366950828194,-0.003669508281939571,lightgbm,delta,fold_3,3h,ppb
2026-08-17T09:45:00Z,1,12.04,12.07,12.0344982782116,0.005501721788398584,lightgbm,delta,fold_3,3h,ppb
2026-08-17T10:00:00Z,1,12.0,11.99,12.022376783500437,-0.02237678350043737,lightgbm,delta,fold_3,3h,ppb
2026-08-17T10:15:00Z,1,12.0,12.02,12.019712710645509,-0.019712710645508835,lightgbm,delta,fold_3,3h,ppb
2026-08-17T10:30:00Z,1,12.0,12.07,12.049623394997015,-0.04962339499701507,lightgbm,delta,fold_3,3h,ppb
2026-08-17T10:45:00Z,1,12.02,12.06,12.046573435672027,-0.0265734356720273,lightgbm,delta,fold_3,3h,ppb
2026-08-17T11:00:00Z,1,12.02,12.01,12.023613498273445,-0.003613498273445259,lightgbm,delta,fold_3,3h,ppb
2026-08-17T11:15:00Z,1,12.05,12.05,12.042176437511225,0.007823562488775693,lightgbm,delta,fold_3,3h,ppb
2026-08-17T11:30:00Z,1,12.08,12.09,12.038744955018553,0.0412550449814475,lightgbm,delta,fold_3,3h,ppb
2026-08-17T11:45:00Z,1,12.03,12.02,12.016448339362887,0.013551660637112661,lightgbm,delta,fold_3,3h,ppb
2026-08-17T12:00:00Z,1,11.99,12.05,12.043452929809824,-0.05345292980982386,lightgbm,delta,fold_3,3h,ppb
2026-08-17T12:15:00Z,1,12.01,12.03,12.0125232419909,-0.00252324199090026,lightgbm,delta,fold_3,3h,ppb
2026-08-17T12:30:00Z,1,11.98,12.02,12.009966888424023,-0.029966888424022287,lightgbm,delta,fold_3,3h,ppb
2026-08-17T12:45:00Z,1,12.13,12.04,12.023715434495207,0.1062845655047937,lightgbm,delta,fold_3,3h,ppb
2026-08-17T13:00:00Z,1,12.1,12.0,12.10663158524681,-0.006631585246809735,lightgbm,delta,fold_3,3h,ppb
2026-08-17T13:15:00Z,1,12.15,12.0,12.106654418860934,0.04334558113906617,lightgbm,delta,fold_3,3h,ppb
2026-08-17T13:30:00Z,1,12.16,12.0,12.102644600613367,0.057355399386633366,lightgbm,delta,fold_3,3h,ppb
2026-08-17T13:45:00Z,1,12.14,12.02,12.110040264549255,0.029959735450745484,lightgbm,delta,fold_3,3h,ppb
2026-08-17T14:00:00Z,1,12.14,12.02,12.113373192225627,0.026626807774373873,lightgbm,delta,fold_3,3h,ppb
2026-08-17T14:15:00Z,1,12.12,12.05,12.120709632123488,-0.0007096321234882907,lightgbm,delta,fold_3,3h,ppb
2026-08-17T14:30:00Z,1,12.12,12.08,12.14256655698126,-0.022566556981260533,lightgbm,delta,fold_3,3h,ppb
2026-08-17T14:45:00Z,1,12.11,12.03,12.131854217858631,-0.02185421785863184,lightgbm,delta,fold_3,3h,ppb
2026-08-17T15:00:00Z,1,12.11,11.99,12.091770410096268,0.018229589903731025,lightgbm,delta,fold_3,3h,ppb
2026-08-17T15:15:00Z,1,12.09,12.01,12.095077229553263,-0.005077229553263507,lightgbm,delta,fold_3,3h,ppb
2026-08-17T15:30:00Z,1,12.11,11.98,12.094789651445032,0.015210348554967723,lightgbm,delta,fold_3,3h,ppb
2026-08-17T15:45:00Z,1,12.1,12.13,12.124299944692645,-0.02429994469264507,lightgbm,delta,fold_3,3h,ppb
2026-08-17T16:00:00Z,1,12.11,12.1,12.05980906893219,0.05019093106781014,lightgbm,delta,fold_3,3h,ppb
2026-08-17T16:15:00Z,1,12.11,12.15,12.068698031715874,0.04130196828412558,lightgbm,delta,fold_3,3h,ppb
2026-08-17T16:30:00Z,1,12.1,12.16,12.080802012236765,0.01919798776323489,lightgbm,delta,fold_3,3h,ppb
2026-08-17T16:45:00Z,1,12.1,12.14,12.075724824118975,0.02427517588102468,lightgbm,delta,fold_3,3h,ppb
2026-08-17T17:00:00Z,1,12.1,12.14,12.079783540187458,0.020216459812541387,lightgbm,delta,fold_3,3h,ppb
2026-08-17T17:15:00Z,1,12.09,12.12,12.080999311300321,0.00900068869967896,lightgbm,delta,fold_3,3h,ppb
2026-08-17T17:30:00Z,1,12.07,12.12,12.080323443299882,-0.010323443299881774,lightgbm,delta,fold_3,3h,ppb
2026-08-17T17:45:00Z,1,12.09,12.11,12.088606905272112,0.0013930947278879557,lightgbm,delta,fold_3,3h,ppb
2026-08-17T18:00:00Z,1,12.08,12.11,12.08670342800265,-0.006703428002650114,lightgbm,delta,fold_3,3h,ppb
2026-08-17T18:15:00Z,1,12.1,12.09,12.08354539857428,0.016454601425719417,lightgbm,delta,fold_3,3h,ppb
2026-08-17T18:30:00Z,1,12.12,12.11,12.08248988366145,0.03751011633854873,lightgbm,delta,fold_3,3h,ppb
2026-08-17T18:45:00Z,1,12.13,12.1,12.08417851187539,0.045821488124611065,lightgbm,delta,fold_3,3h,ppb
2026-08-17T19:00:00Z,1,12.13,12.11,12.085202415496935,0.04479758450306548,lightgbm,delta,fold_3,3h,ppb
2026-08-17T19:15:00Z,1,12.13,12.11,12.08716176873784,0.04283823126216113,lightgbm,delta,fold_3,3h,ppb
2026-08-17T19:30:00Z,1,12.14,12.1,12.082894506438052,0.057105493561948606,lightgbm,delta,fold_3,3h,ppb
2026-08-17T19:45:00Z,1,12.13,12.1,12.077255189626154,0.05274481037384682,lightgbm,delta,fold_3,3h,ppb
2026-08-17T20:00:00Z,1,12.11,12.1,12.073272544972932,0.036727455027067535,lightgbm,delta,fold_3,3h,ppb
2026-08-17T20:15:00Z,1,12.12,12.09,12.077398744155955,0.04260125584404406,lightgbm,delta,fold_3,3h,ppb
2026-08-17T20:30:00Z,1,12.12,12.07,12.073268200332627,0.04673179966737173,lightgbm,delta,fold_3,3h,ppb
2026-08-17T20:45:00Z,1,12.12,12.09,12.07368176992231,0.04631823007768965,lightgbm,delta,fold_3,3h,ppb
2026-08-17T21:00:00Z,1,12.11,12.08,12.078313293903063,0.031686706096936135,lightgbm,delta,fold_3,3h,ppb
2026-08-17T21:15:00Z,1,12.1,12.1,12.069570403014794,0.030429596985205976,lightgbm,delta,fold_3,3h,ppb
2026-08-17T21:30:00Z,1,12.1,12.12,12.081309397475586,0.01869060252441379,lightgbm,delta,fold_3,3h,ppb
2026-08-17T21:45:00Z,1,12.1,12.13,12.078588461719557,0.021411538280442954,lightgbm,delta,fold_3,3h,ppb
2026-08-17T22:00:00Z,1,12.12,12.13,12.073749401492025,0.046250598507974416,lightgbm,delta,fold_3,3h,ppb
2026-08-17T22:15:00Z,1,12.11,12.13,12.072326944297382,0.037673055702617475,lightgbm,delta,fold_3,3h,ppb
2026-08-17T22:30:00Z,1,12.1,12.14,12.088363621381145,0.011636378618854692,lightgbm,delta,fold_3,3h,ppb
2026-08-17T22:45:00Z,1,12.1,12.13,12.08205684941097,0.017943150589029955,lightgbm,delta,fold_3,3h,ppb
2026-08-17T23:00:00Z,1,12.13,12.11,12.10298484667744,0.027015153322560437,lightgbm,delta,fold_3,3h,ppb
2026-08-17T23:15:00Z,1,12.11,12.12,12.086334007776449,0.023665992223550703,lightgbm,delta,fold_3,3h,ppb
2026-08-17T23:30:00Z,1,12.11,12.12,12.09063535348802,0.019364646511979444,lightgbm,delta,fold_3,3h,ppb
2026-08-17T23:45:00Z,1,12.11,12.12,12.08854536741425,0.021454632585749422,lightgbm,delta,fold_3,3h,ppb
2026-08-18T00:00:00Z,1,12.11,12.11,12.096248198370095,0.013751801629904747,lightgbm,delta,fold_3,3h,ppb
2026-08-18T00:15:00Z,1,12.11,12.1,12.088316875326923,0.021683124673076648,lightgbm,delta,fold_3,3h,ppb
2026-08-18T00:30:00Z,1,12.11,12.1,12.072579150523469,0.037420849476530904,lightgbm,delta,fold_3,3h,ppb
2026-08-18T00:45:00Z,1,12.11,12.1,12.076698544851224,0.03330145514877536,lightgbm,delta,fold_3,3h,ppb
2026-08-18T01:00:00Z,1,12.11,12.12,12.07752063657127,0.03247936342872926,lightgbm,delta,fold_3,3h,ppb
2026-08-18T01:15:00Z,1,12.13,12.11,12.08741083216758,0.04258916783242128,lightgbm,delta,fold_3,3h,ppb
2026-08-18T01:30:00Z,1,12.14,12.1,12.081176305274036,0.05882369472596416,lightgbm,delta,fold_3,3h,ppb
2026-08-18T01:45:00Z,1,12.08,12.1,12.062968201535817,0.017031798464183012,lightgbm,delta,fold_3,3h,ppb
2026-08-18T02:00:00Z,1,12.09,12.13,12.060893671898258,0.029106328101741852,lightgbm,delta,fold_3,3h,ppb
2026-08-18T02:15:00Z,1,12.07,12.11,12.061573038105571,0.008426961894429041,lightgbm,delta,fold_3,3h,ppb
2026-08-18T02:30:00Z,1,12.09,12.11,12.061538149350131,0.028461850649868836,lightgbm,delta,fold_3,3h,ppb
2026-08-18T02:45:00Z,1,12.09,12.11,12.067772686169077,0.022227313830923023,lightgbm,delta,fold_3,3h,ppb
2026-08-18T03:00:00Z,1,12.05,12.11,12.033287328430035,0.01671267156996592,lightgbm,delta,fold_3,3h,ppb
2026-08-18T03:15:00Z,1,12.04,12.11,12.025556122441794,0.014443877558205642,lightgbm,delta,fold_3,3h,ppb
2026-08-18T03:30:00Z,1,12.04,12.11,12.026194964564116,0.013805035435883184,lightgbm,delta,fold_3,3h,ppb
2026-08-18T03:45:00Z,1,12.04,12.11,12.024810720685254,0.015189279314745008,lightgbm,delta,fold_3,3h,ppb
2026-08-18T04:00:00Z,1,12.07,12.11,12.023612691172096,0.04638730882790476,lightgbm,delta,fold_3,3h,ppb
2026-08-18T04:15:00Z,1,12.05,12.13,12.030622876693048,0.019377123306952626,lightgbm,delta,fold_3,3h,ppb
2026-08-18T04:30:00Z,1,12.02,12.14,12.018970358595158,0.0010296414048411862,lightgbm,delta,fold_3,3h,ppb
2026-08-18T04:45:00Z,1,12.09,12.08,12.002508943845744,0.08749105615425634,lightgbm,delta,fold_3,3h,ppb
2026-08-18T05:00:00Z,1,12.06,12.09,11.989992501608755,0.0700074983912451,lightgbm,delta,fold_3,3h,ppb
2026-08-18T05:15:00Z,1,12.02,12.07,11.987689823989385,0.03231017601061481,lightgbm,delta,fold_3,3h,ppb
2026-08-18T05:30:00Z,1,12.07,12.09,12.016748613598375,0.053251386401624856,lightgbm,delta,fold_3,3h,ppb
2026-08-18T05:45:00Z,1,12.08,12.09,12.02322892645185,0.05677107354815014,lightgbm,delta,fold_3,3h,ppb
2026-08-18T06:00:00Z,1,12.06,12.05,11.992968797874319,0.06703120212568159,lightgbm,delta,fold_3,3h,ppb
2026-08-18T06:15:00Z,1,11.99,12.04,11.996716202336893,-0.006716202336892962,lightgbm,delta,fold_3,3h,ppb
2026-08-18T06:30:00Z,1,11.99,12.04,12.01149039792032,-0.021490397920318927,lightgbm,delta,fold_3,3h,ppb
2026-08-18T06:45:00Z,1,12.01,12.04,12.017855174885126,-0.007855174885126104,lightgbm,delta,fold_3,3h,ppb
2026-08-18T07:00:00Z,1,12.0,12.07,12.02841088654908,-0.028410886549080416,lightgbm,delta,fold_3,3h,ppb
2026-08-18T07:15:00Z,1,12.1,12.05,12.008608826547151,0.0913911734528483,lightgbm,delta,fold_3,3h,ppb
2026-08-18T07:30:00Z,1,12.02,12.02,12.005272133279654,0.014727866720345872,lightgbm,delta,fold_3,3h,ppb
2026-08-18T07:45:00Z,1,11.99,12.09,12.020269486006802,-0.03026948600680157,lightgbm,delta,fold_3,3h,ppb
2026-08-18T08:00:00Z,1,12.02,12.06,12.020399946305105,-0.00039994630510520324,lightgbm,delta,fold_3,3h,ppb
2026-08-18T08:15:00Z,1,12.02,12.02,12.01797647180227,0.0020235281977303288,lightgbm,delta,fold_3,3h,ppb
2026-08-18T08:30:00Z,1,12.02,12.07,12.012633978150118,0.007366021849881221,lightgbm,delta,fold_3,3h,ppb
2026-08-18T08:45:00Z,1,12.02,12.08,12.029398411781186,-0.009398411781186056,lightgbm,delta,fold_3,3h,ppb
2026-08-18T09:00:00Z,1,12.0,12.06,12.019251593773506,-0.019251593773505604,lightgbm,delta,fold_3,3h,ppb
2026-08-18T09:15:00Z,1,12.01,11.99,12.010470960856008,-0.0004709608560080625,lightgbm,delta,fold_3,3h,ppb
2026-08-18T09:30:00Z,1,12.02,11.99,12.00024246710876,0.019757532891238938,lightgbm,delta,fold_3,3h,ppb
2026-08-18T09:45:00Z,1,12.01,12.01,12.002398699380382,0.0076013006196173905,lightgbm,delta,fold_3,3h,ppb
2026-08-18T10:00:00Z,1,12.03,12.0,12.018907829618831,0.011092170381168387,lightgbm,delta,fold_3,3h,ppb
2026-08-18T10:15:00Z,1,12.05,12.1,12.071227602652913,-0.021227602652912125,lightgbm,delta,fold_3,3h,ppb
2026-08-18T10:30:00Z,1,12.03,12.02,12.04720638905935,-0.017206389059349902,lightgbm,delta,fold_3,3h,ppb
2026-08-18T10:45:00Z,1,12.05,11.99,12.010610306749786,0.039389693250214464,lightgbm,delta,fold_3,3h,ppb
2026-08-18T11:00:00Z,1,12.07,12.02,12.008308657100761,0.06169134289923939,lightgbm,delta,fold_3,3h,ppb
2026-08-18T11:15:00Z,1,12.07,12.02,12.039783473089999,0.030216526910001207,lightgbm,delta,fold_3,3h,ppb
2026-08-18T11:30:00Z,1,11.99,12.02,12.03743788789018,-0.04743788789017955,lightgbm,delta,fold_3,3h,ppb
2026-08-18T11:45:00Z,1,11.94,12.02,12.034487118441785,-0.09448711844178526,lightgbm,delta,fold_3,3h,ppb
2026-08-18T12:00:00Z,1,11.89,12.0,12.015029530679762,-0.12502953067976108,lightgbm,delta,fold_3,3h,ppb
2026-08-18T12:15:00Z,1,11.98,12.01,12.01451477853269,-0.034514778532688695,lightgbm,delta,fold_3,3h,ppb
2026-08-18T12:30:00Z,1,12.02,12.02,12.031478810929295,-0.011478810929295591,lightgbm,delta,fold_3,3h,ppb
2026-08-18T12:45:00Z,1,12.05,12.01,12.025515998895317,0.024484001104683628,lightgbm,delta,fold_3,3h,ppb
2026-08-18T13:00:00Z,1,12.13,12.03,12.112026914276475,0.017973085723525628,lightgbm,delta,fold_3,3h,ppb
2026-08-18T13:15:00Z,1,12.22,12.05,12.116926817016564,0.1030731829834366,lightgbm,delta,fold_3,3h,ppb
2026-08-18T13:30:00Z,1,12.18,12.03,12.113387708327755,0.0666122916722447,lightgbm,delta,fold_3,3h,ppb
2026-08-18T13:45:00Z,1,12.14,12.05,12.130534692382499,0.00946530761750175,lightgbm,delta,fold_3,3h,ppb
2026-08-18T14:00:00Z,1,12.13,12.07,12.141009092541951,-0.011009092541950594,lightgbm,delta,fold_3,3h,ppb
2026-08-18T14:15:00Z,1,12.12,12.07,12.143960116614299,-0.02396011661429931,lightgbm,delta,fold_3,3h,ppb
2026-08-18T14:30:00Z,1,12.1,11.99,12.097963724179506,0.002036275820493927,lightgbm,delta,fold_3,3h,ppb
2026-08-18T14:45:00Z,1,12.1,11.94,12.090965521788352,0.009034478211647823,lightgbm,delta,fold_3,3h,ppb
2026-08-18T15:00:00Z,1,12.1,11.89,12.090858408659344,0.009141591340656063,lightgbm,delta,fold_3,3h,ppb
2026-08-18T15:15:00Z,1,12.08,11.98,12.078395140471805,0.0016048595281947797,lightgbm,delta,fold_3,3h,ppb
2026-08-18T15:30:00Z,1,12.08,12.02,12.10288866994191,-0.022888669941909967,lightgbm,delta,fold_3,3h,ppb
2026-08-18T15:45:00Z,1,12.09,12.05,12.095694089937428,-0.005694089937428259,lightgbm,delta,fold_3,3h,ppb
2026-08-18T16:00:00Z,1,12.1,12.13,12.06610443837671,0.03389556162328944,lightgbm,delta,fold_3,3h,ppb
2026-08-18T16:15:00Z,1,12.1,12.22,12.109977267161293,-0.009977267161293213,lightgbm,delta,fold_3,3h,ppb
2026-08-18T16:30:00Z,1,12.11,12.18,12.101101035418127,0.008898964581872448,lightgbm,delta,fold_3,3h,ppb
2026-08-18T16:45:00Z,1,12.1,12.14,12.078566939163862,0.02143306083613794,lightgbm,delta,fold_3,3h,ppb
2026-08-18T17:00:00Z,1,12.1,12.13,12.084916182497505,0.015083817502494767,lightgbm,delta,fold_3,3h,ppb
2026-08-18T17:15:00Z,1,12.1,12.12,12.087149432146605,0.012850567853394779,lightgbm,delta,fold_3,3h,ppb
2026-08-18T17:30:00Z,1,12.08,12.1,12.09345848707249,-0.013458487072490755,lightgbm,delta,fold_3,3h,ppb
2026-08-18T17:45:00Z,1,12.07,12.1,12.095325215347838,-0.025325215347837826,lightgbm,delta,fold_3,3h,ppb
2026-08-18T18:00:00Z,1,12.08,12.1,12.086961021738414,-0.006961021738414175,lightgbm,delta,fold_3,3h,ppb
2026-08-18T18:15:00Z,1,12.09,12.08,12.089257331692934,0.000742668307065486,lightgbm,delta,fold_3,3h,ppb
2026-08-18T18:30:00Z,1,12.08,12.08,12.09159579856857,-0.011595798568569293,lightgbm,delta,fold_3,3h,ppb
2026-08-18T18:45:00Z,1,12.08,12.09,12.089187344622603,-0.009187344622603177,lightgbm,delta,fold_3,3h,ppb
2026-08-18T19:00:00Z,1,12.08,12.1,12.090796895122766,-0.01079689512276616,lightgbm,delta,fold_3,3h,ppb
2026-08-18T19:15:00Z,1,12.08,12.1,12.09072711134281,-0.010727111342809792,lightgbm,delta,fold_3,3h,ppb
2026-08-18T19:30:00Z,1,12.08,12.11,12.096596497952932,-0.016596497952932054,lightgbm,delta,fold_3,3h,ppb
2026-08-18T19:45:00Z,1,12.09,12.1,12.09123528486043,-0.0012352848604297861,lightgbm,delta,fold_3,3h,ppb
2026-08-18T20:00:00Z,1,12.1,12.1,12.091052846792481,0.00894715320751871,lightgbm,delta,fold_3,3h,ppb
2026-08-18T20:15:00Z,1,12.1,12.1,12.093202141615143,0.006797858384857136,lightgbm,delta,fold_3,3h,ppb
2026-08-18T20:30:00Z,1,12.1,12.08,12.092238816461544,0.007761183538455896,lightgbm,delta,fold_3,3h,ppb
2026-08-18T20:45:00Z,1,12.09,12.07,12.094429012730695,-0.004429012730694737,lightgbm,delta,fold_3,3h,ppb
2026-08-18T21:00:00Z,1,12.1,12.08,12.089318569587816,0.010681430412184056,lightgbm,delta,fold_3,3h,ppb
2026-08-18T21:15:00Z,1,12.1,12.09,12.087788320115378,0.012211679884622129,lightgbm,delta,fold_3,3h,ppb
2026-08-18T21:30:00Z,1,12.09,12.08,12.088637442748528,0.0013625572514719408,lightgbm,delta,fold_3,3h,ppb
2026-08-18T21:45:00Z,1,12.09,12.08,12.087429926316728,0.0025700736832714455,lightgbm,delta,fold_3,3h,ppb
2026-08-18T22:00:00Z,1,12.1,12.08,12.090534401825584,0.00946559817441539,lightgbm,delta,fold_3,3h,ppb
2026-08-18T22:15:00Z,1,12.12,12.08,12.079503153139987,0.040496846860012425,lightgbm,delta,fold_3,3h,ppb
2026-08-18T22:30:00Z,1,12.12,12.08,12.077173305831016,0.04282669416898344,lightgbm,delta,fold_3,3h,ppb
2026-08-18T22:45:00Z,1,12.11,12.09,12.071596807923228,0.03840319207677112,lightgbm,delta,fold_3,3h,ppb
2026-08-18T23:00:00Z,1,12.1,12.1,12.07454599157052,0.025454008429479202,lightgbm,delta,fold_3,3h,ppb
2026-08-18T23:15:00Z,1,12.1,12.1,12.081146993202749,0.01885300679725077,lightgbm,delta,fold_3,3h,ppb
2026-08-18T23:30:00Z,1,12.1,12.1,12.080729919147235,0.019270080852765048,lightgbm,delta,fold_3,3h,ppb
2026-08-18T23:45:00Z,1,12.11,12.09,12.085134422374384,0.024865577625615032,lightgbm,delta,fold_3,3h,ppb
2026-08-19T00:00:00Z,1,12.1,12.1,12.088314996532064,0.011685003467935218,lightgbm,delta,fold_3,3h,ppb
2026-08-19T00:15:00Z,1,12.11,12.1,12.083541657697365,0.026458342302634108,lightgbm,delta,fold_3,3h,ppb
2026-08-19T00:30:00Z,1,12.11,12.09,12.084348889926831,0.025651110073168226,lightgbm,delta,fold_3,3h,ppb
2026-08-19T00:45:00Z,1,12.11,12.09,12.08159970739463,0.028400292605368804,lightgbm,delta,fold_3,3h,ppb
2026-08-19T01:00:00Z,1,12.1,12.1,12.073296918413233,0.02670308158676704,lightgbm,delta,fold_3,3h,ppb
2026-08-19T01:15:00Z,1,12.1,12.12,12.073550152174565,0.026449847825434247,lightgbm,delta,fold_3,3h,ppb
2026-08-19T01:30:00Z,1,12.09,12.12,12.080643082386745,0.009356917613255078,lightgbm,delta,fold_3,3h,ppb
2026-08-19T01:45:00Z,1,12.14,12.11,12.085968374398435,0.05403162560156538,lightgbm,delta,fold_3,3h,ppb
2026-08-19T02:00:00Z,1,12.05,12.1,12.069341405504959,-0.01934140550495833,lightgbm,delta,fold_3,3h,ppb
2026-08-19T02:15:00Z,1,12.05,12.1,12.061383155499682,-0.011383155499681052,lightgbm,delta,fold_3,3h,ppb
2026-08-19T02:30:00Z,1,12.04,12.1,12.058462267311539,-0.01846226731153955,lightgbm,delta,fold_3,3h,ppb
2026-08-19T02:45:00Z,1,12.08,12.11,12.062496161935726,0.01750383806427358,lightgbm,delta,fold_3,3h,ppb
2026-08-19T03:00:00Z,1,12.11,12.1,12.023526617767274,0.08647338223272527,lightgbm,delta,fold_3,3h,ppb
2026-08-19T03:15:00Z,1,12.05,12.11,12.02268382994807,0.027316170051930655,lightgbm,delta,fold_3,3h,ppb
2026-08-19T03:30:00Z,1,11.98,12.11,12.022783833277986,-0.042783833277985295,lightgbm,delta,fold_3,3h,ppb
2026-08-19T03:45:00Z,1,11.97,12.11,12.020664760233107,-0.050664760233106065,lightgbm,delta,fold_3,3h,ppb
2026-08-19T04:00:00Z,1,11.99,12.1,12.018472855825232,-0.028472855825231846,lightgbm,delta,fold_3,3h,ppb
2026-08-19T04:15:00Z,1,12.03,12.1,12.017170607297055,0.01282939270294392,lightgbm,delta,fold_3,3h,ppb
2026-08-19T04:30:00Z,1,12.05,12.09,12.009279241746418,0.0407207582535829,lightgbm,delta,fold_3,3h,ppb
2026-08-19T04:45:00Z,1,12.02,12.14,12.024841910602381,-0.004841910602381816,lightgbm,delta,fold_3,3h,ppb
2026-08-19T05:00:00Z,1,12.0,12.05,11.978741606421282,0.021258393578717616,lightgbm,delta,fold_3,3h,ppb
2026-08-19T05:15:00Z,1,12.02,12.05,11.972154922540305,0.04784507745969435,lightgbm,delta,fold_3,3h,ppb
2026-08-19T05:30:00Z,1,12.0,12.04,11.9773782782131,0.022621721786899585,lightgbm,delta,fold_3,3h,ppb
2026-08-19T05:45:00Z,1,12.03,12.08,12.009672859792884,0.020327140207115235,lightgbm,delta,fold_3,3h,ppb
2026-08-19T06:00:00Z,1,12.03,12.11,12.048532001270054,-0.01853200127005472,lightgbm,delta,fold_3,3h,ppb
2026-08-19T06:15:00Z,1,12.0,12.05,12.02126259454023,-0.021262594540230495,lightgbm,delta,fold_3,3h,ppb
2026-08-19T06:30:00Z,1,12.02,11.98,12.00554189285391,0.01445810714608875,lightgbm,delta,fold_3,3h,ppb
2026-08-19T06:45:00Z,1,12.08,11.97,11.998731850800155,0.08126814919984504,lightgbm,delta,fold_3,3h,ppb
2026-08-19T07:00:00Z,1,12.03,11.99,12.0196579112461,0.010342088753899858,lightgbm,delta,fold_3,3h,ppb
2026-08-19T07:15:00Z,1,12.05,12.03,12.032675227032529,0.017324772967471702,lightgbm,delta,fold_3,3h,ppb
2026-08-19T07:30:00Z,1,12.03,12.05,12.015862961047384,0.0141370389526152,lightgbm,delta,fold_3,3h,ppb
2026-08-19T07:45:00Z,1,12.01,12.02,12.034519818603286,-0.024519818603286225,lightgbm,delta,fold_3,3h,ppb
2026-08-19T08:00:00Z,1,12.01,12.0,12.008321040330648,0.0016789596693520537,lightgbm,delta,fold_3,3h,ppb
2026-08-19T08:15:00Z,1,12.02,12.02,12.028035365365529,-0.008035365365529401,lightgbm,delta,fold_3,3h,ppb
2026-08-19T08:30:00Z,1,12.02,12.0,12.010797684391038,0.009202315608961342,lightgbm,delta,fold_3,3h,ppb
2026-08-19T08:45:00Z,1,12.03,12.03,12.03511700786891,-0.0051170078689111165,lightgbm,delta,fold_3,3h,ppb
2026-08-19T09:00:00Z,1,12.02,12.03,12.037841900233117,-0.01784190023311716,lightgbm,delta,fold_3,3h,ppb
2026-08-19T09:15:00Z,1,12.03,12.0,12.005280327565277,0.024719672434722284,lightgbm,delta,fold_3,3h,ppb
2026-08-19T09:30:00Z,1,12.02,12.02,12.026298855987704,-0.0062988559877048544,lightgbm,delta,fold_3,3h,ppb
2026-08-19T09:45:00Z,1,12.04,12.08,12.018226469397646,0.021773530602352764,lightgbm,delta,fold_3,3h,ppb
2026-08-19T10:00:00Z,1,12.05,12.03,12.04202373849924,0.007976261500759918,lightgbm,delta,fold_3,3h,ppb
2026-08-19T10:15:00Z,1,12.06,12.05,12.043549064634101,0.016450935365899255,lightgbm,delta,fold_3,3h,ppb
2026-08-19T10:30:00Z,1,12.06,12.03,12.034769187442516,0.02523081255748494,lightgbm,delta,fold_3,3h,ppb
2026-08-19T10:45:00Z,1,12.06,12.01,12.017527438181205,0.042472561818795995,lightgbm,delta,fold_3,3h,ppb
2026-08-19T11:00:00Z,1,12.03,12.01,11.991284700667352,0.03871529933264739,lightgbm,delta,fold_3,3h,ppb
2026-08-19T11:15:00Z,1,12.04,12.02,11.990567830456289,0.0494321695437101,lightgbm,delta,fold_3,3h,ppb
2026-08-19T11:30:00Z,1,12.04,12.02,12.003705529175877,0.03629447082412263,lightgbm,delta,fold_3,3h,ppb
2026-08-19T11:45:00Z,1,11.99,12.03,11.995145812899837,-0.0051458128998369546,lightgbm,delta,fold_3,3h,ppb
2026-08-19T12:00:00Z,1,11.93,12.02,11.983210688673966,-0.053210688673965834,lightgbm,delta,fold_3,3h,ppb
2026-08-19T12:15:00Z,1,11.97,12.03,12.009297595966647,-0.03929759596664617,lightgbm,delta,fold_3,3h,ppb
2026-08-19T12:30:00Z,1,12.03,12.02,12.00728350659076,0.022716493409239646,lightgbm,delta,fold_3,3h,ppb
2026-08-19T12:45:00Z,1,12.08,12.04,12.016215426377352,0.06378457362264811,lightgbm,delta,fold_3,3h,ppb
2026-08-19T13:15:00Z,1,12.21,12.06,12.145163889902078,0.06483611009792334,lightgbm,delta,fold_3,3h,ppb
2026-08-19T13:30:00Z,1,12.16,12.06,12.153052013212928,0.006947986787071869,lightgbm,delta,fold_3,3h,ppb
2026-08-19T13:45:00Z,1,12.13,12.06,12.147550819886215,-0.017550819886213986,lightgbm,delta,fold_3,3h,ppb
2026-08-19T14:00:00Z,1,12.11,12.03,12.122690576026567,-0.012690576026567868,lightgbm,delta,fold_3,3h,ppb
2026-08-19T14:15:00Z,1,12.13,12.04,12.11798149811597,0.012018501884030641,lightgbm,delta,fold_3,3h,ppb
2026-08-19T14:30:00Z,1,12.11,12.04,12.11884323973471,-0.008843239734710906,lightgbm,delta,fold_3,3h,ppb
2026-08-19T14:45:00Z,1,12.12,11.99,12.09743811221358,0.022561887786419987,lightgbm,delta,fold_3,3h,ppb
2026-08-19T15:00:00Z,1,12.11,11.93,12.112612668307685,-0.002612668307685695,lightgbm,delta,fold_3,3h,ppb
2026-08-19T15:15:00Z,1,12.11,11.97,12.082948898248107,0.027051101751892404,lightgbm,delta,fold_3,3h,ppb
2026-08-19T15:30:00Z,1,12.11,12.03,12.10267610417343,0.007323895826569782,lightgbm,delta,fold_3,3h,ppb
2026-08-19T15:45:00Z,1,12.1,12.08,12.10876964002398,-0.008769640023979619,lightgbm,delta,fold_3,3h,ppb
2026-08-19T16:15:00Z,1,12.11,12.21,12.122217105794338,-0.012217105794338323,lightgbm,delta,fold_3,3h,ppb
2026-08-19T16:30:00Z,1,12.11,12.16,12.088776702575283,0.021223297424716847,lightgbm,delta,fold_3,3h,ppb
2026-08-19T16:45:00Z,1,12.1,12.13,12.081237801898343,0.01876219810165658,lightgbm,delta,fold_3,3h,ppb
2026-08-19T17:00:00Z,1,12.11,12.11,12.088517944088105,0.02148205591189445,lightgbm,delta,fold_3,3h,ppb
2026-08-19T17:15:00Z,1,12.1,12.13,12.090254976799548,0.009745023200451897,lightgbm,delta,fold_3,3h,ppb
2026-08-19T17:30:00Z,1,12.12,12.11,12.096927898422111,0.023072101577888304,lightgbm,delta,fold_3,3h,ppb
2026-08-19T17:45:00Z,1,12.11,12.12,12.089467926150977,0.020532073849022225,lightgbm,delta,fold_3,3h,ppb
2026-08-19T18:00:00Z,1,12.09,12.11,12.090193396114735,-0.00019339611473512264,lightgbm,delta,fold_3,3h,ppb
2026-08-19T18:15:00Z,1,12.1,12.11,12.092467944515734,0.0075320554842654985,lightgbm,delta,fold_3,3h,ppb
2026-08-19T18:30:00Z,1,12.09,12.11,12.096265482473354,-0.006265482473354567,lightgbm,delta,fold_3,3h,ppb
2026-08-19T18:45:00Z,1,12.09,12.1,12.088761071211055,0.0012389287889451595,lightgbm,delta,fold_3,3h,ppb
2026-08-19T19:00:00Z,1,12.08,12.11,12.091522121671021,-0.011522121671021068,lightgbm,delta,fold_3,3h,ppb
2026-08-19T19:15:00Z,1,12.1,12.11,12.093207501695472,0.006792498304527328,lightgbm,delta,fold_3,3h,ppb
2026-08-19T19:30:00Z,1,12.1,12.11,12.090621825287286,0.009378174712713516,lightgbm,delta,fold_3,3h,ppb
2026-08-19T19:45:00Z,1,12.1,12.1,12.07604324522314,0.023956754776859768,lightgbm,delta,fold_3,3h,ppb
2026-08-19T20:00:00Z,1,12.1,12.11,12.07780718775262,0.022192812247379123,lightgbm,delta,fold_3,3h,ppb
2026-08-19T20:15:00Z,1,12.11,12.1,12.071459128197086,0.03854087180291366,lightgbm,delta,fold_3,3h,ppb
2026-08-19T20:30:00Z,1,12.12,12.12,12.07765330532238,0.04234669467761876,lightgbm,delta,fold_3,3h,ppb
2026-08-19T20:45:00Z,1,12.1,12.11,12.064144682456211,0.035855317543788345,lightgbm,delta,fold_3,3h,ppb
2026-08-19T21:00:00Z,1,12.09,12.09,12.053027667325347,0.03697233267465272,lightgbm,delta,fold_3,3h,ppb
2026-08-19T21:15:00Z,1,12.09,12.1,12.04370697450102,0.04629302549897929,lightgbm,delta,fold_3,3h,ppb
2026-08-19T21:30:00Z,1,12.09,12.09,12.047169548174935,0.04283045182506484,lightgbm,delta,fold_3,3h,ppb
2026-08-19T21:45:00Z,1,12.1,12.09,12.039798749748561,0.06020125025143841,lightgbm,delta,fold_3,3h,ppb
2026-08-19T22:00:00Z,1,12.11,12.08,12.044687147768489,0.06531285223151073,lightgbm,delta,fold_3,3h,ppb
2026-08-19T22:15:00Z,1,12.11,12.1,12.044776049293956,0.06522395070604325,lightgbm,delta,fold_3,3h,ppb
2026-08-19T22:30:00Z,1,12.1,12.1,12.048864876413193,0.05113512358680694,lightgbm,delta,fold_3,3h,ppb
2026-08-19T22:45:00Z,1,12.1,12.1,12.04687446610965,0.05312553389035024,lightgbm,delta,fold_3,3h,ppb
2026-08-19T23:00:00Z,1,12.1,12.1,12.052343741062977,0.047656258937022855,lightgbm,delta,fold_3,3h,ppb
2026-08-19T23:15:00Z,1,12.1,12.11,12.052276474176516,0.047723525823483826,lightgbm,delta,fold_3,3h,ppb
2026-08-19T23:30:00Z,1,12.1,12.12,12.05739792228349,0.04260207771650926,lightgbm,delta,fold_3,3h,ppb
2026-08-19T23:45:00Z,1,12.11,12.1,12.051962416082812,0.05803758391718716,lightgbm,delta,fold_3,3h,ppb
