timestamp,sensor_id,city_name,continuous_segment_id,target_pm25_1h,target_pm25_who_24h_avg_1h,pollution_event_1h,forecast_sample_valid_1h,target_pm25_3h,target_pm25_who_24h_avg_3h,pollution_event_3h,forecast_sample_valid_3h,target_pm25_6h,target_pm25_who_24h_avg_6h,pollution_event_6h,forecast_sample_valid_6h
2026-08-06T00:00:00Z,1,Tulkarem,1-1,14.7,14.472,,False,16.76,15.251538461538463,,False,22.24,16.74,,False
2026-08-06T00:15:00Z,1,Tulkarem,1-1,14.61,14.495,,False,16.58,15.346428571428572,,False,22.48,16.96076923076923,,False
2026-08-06T00:30:00Z,1,Tulkarem,1-1,14.58,14.507142857142856,,False,16.9,15.45,,False,20.82,17.103703703703705,,False
2026-08-06T00:45:00Z,1,Tulkarem,1-1,16.01,14.695,,False,16.54,15.518125,,False,20.52,17.225714285714286,,False
2026-08-06T01:00:00Z,1,Tulkarem,1-1,16.06,14.846666666666668,,False,17.15,15.614117647058823,,False,24.0,17.459310344827585,,False
2026-08-06T01:15:00Z,1,Tulkarem,1-1,15.68,14.930000000000001,,False,17.76,15.733333333333333,,False,23.37,17.656333333333333,,False
2026-08-06T01:30:00Z,1,Tulkarem,1-1,15.89,15.017272727272728,,False,17.41,15.821578947368423,,False,21.72,17.787419354838708,,False
2026-08-06T01:45:00Z,1,Tulkarem,1-1,16.32,15.125833333333333,,False,16.65,15.863,,False,21.29,17.896875,,False
2026-08-06T02:00:00Z,1,Tulkarem,1-1,16.76,15.251538461538463,,False,16.92,15.913333333333334,,False,21.71,18.012424242424242,,False
2026-08-06T02:15:00Z,1,Tulkarem,1-1,16.58,15.346428571428572,,False,18.02,16.009090909090908,,False,20.74,18.09264705882353,,False
2026-08-06T02:30:00Z,1,Tulkarem,1-1,16.9,15.45,,False,22.38,16.28608695652174,,False,19.63,18.13657142857143,,False
2026-08-06T02:45:00Z,1,Tulkarem,1-1,16.54,15.518125,,False,21.68,16.510833333333334,,False,18.44,18.145,,False
2026-08-06T03:00:00Z,1,Tulkarem,1-1,17.15,15.614117647058823,,False,22.24,16.74,,False,18.93,18.166216216216217,,False
2026-08-06T03:15:00Z,1,Tulkarem,1-1,17.76,15.733333333333333,,False,22.48,16.96076923076923,,False,17.42,18.14657894736842,,False
2026-08-06T03:30:00Z,1,Tulkarem,1-1,17.41,15.821578947368423,,False,20.82,17.103703703703705,,False,17.69,18.134871794871795,,False
2026-08-06T03:45:00Z,1,Tulkarem,1-1,16.65,15.863,,False,20.52,17.225714285714286,,False,18.06,18.133,,False
2026-08-06T04:00:00Z,1,Tulkarem,1-1,16.92,15.913333333333334,,False,24.0,17.459310344827585,,False,18.0,18.129756097560975,,False
2026-08-06T04:15:00Z,1,Tulkarem,1-1,18.02,16.009090909090908,,False,23.37,17.656333333333333,,False,18.22,18.13190476190476,,False
2026-08-06T04:30:00Z,1,Tulkarem,1-1,22.38,16.28608695652174,,False,21.72,17.787419354838708,,False,17.56,18.11860465116279,,False
2026-08-06T04:45:00Z,1,Tulkarem,1-1,21.68,16.510833333333334,,False,21.29,17.896875,,False,18.01,18.116136363636365,,False
2026-08-06T05:00:00Z,1,Tulkarem,1-1,22.24,16.74,,False,21.71,18.012424242424242,,False,17.3,18.098,,False
2026-08-06T05:15:00Z,1,Tulkarem,1-1,22.48,16.96076923076923,,False,20.74,18.09264705882353,,False,16.56,18.064565217391305,,False
2026-08-06T05:30:00Z,1,Tulkarem,1-1,20.82,17.103703703703705,,False,19.63,18.13657142857143,,False,16.44,18.029999999999998,,False
2026-08-06T05:45:00Z,1,Tulkarem,1-1,20.52,17.225714285714286,,False,18.44,18.145,,False,16.15,17.99083333333333,,False
2026-08-06T06:00:00Z,1,Tulkarem,1-1,24.0,17.459310344827585,,True,18.93,18.166216216216217,,True,16.04,17.951020408163266,,True
2026-08-06T06:15:00Z,1,Tulkarem,1-1,23.37,17.656333333333333,,True,17.42,18.14657894736842,,True,16.42,17.9204,,True
2026-08-06T06:30:00Z,1,Tulkarem,1-1,21.72,17.787419354838708,,True,17.69,18.134871794871795,,True,16.39,17.890392156862745,,True
2026-08-06T06:45:00Z,1,Tulkarem,1-1,21.29,17.896875,,True,18.06,18.133,,True,16.36,17.860961538461538,,True
2026-08-06T07:00:00Z,1,Tulkarem,1-1,21.71,18.012424242424242,,True,18.0,18.129756097560975,,True,15.5,17.81641509433962,,True
2026-08-06T07:15:00Z,1,Tulkarem,1-1,20.74,18.09264705882353,,True,18.22,18.13190476190476,,True,15.84,17.779814814814817,,True
2026-08-06T07:30:00Z,1,Tulkarem,1-1,19.63,18.13657142857143,,True,17.56,18.11860465116279,,True,15.94,17.746363636363636,,True
2026-08-06T07:45:00Z,1,Tulkarem,1-1,18.44,18.145,,True,18.01,18.116136363636365,,True,16.88,17.730892857142855,,True
2026-08-06T08:00:00Z,1,Tulkarem,1-1,18.93,18.166216216216217,,True,17.3,18.098,,True,15.51,17.691929824561402,,True
2026-08-06T08:15:00Z,1,Tulkarem,1-1,17.42,18.14657894736842,,True,16.56,18.064565217391305,,True,15.46,17.65344827586207,,True
2026-08-06T08:30:00Z,1,Tulkarem,1-1,17.69,18.134871794871795,,True,16.44,18.029999999999998,,True,15.05,17.609322033898305,,True
2026-08-06T08:45:00Z,1,Tulkarem,1-1,18.06,18.133,,True,16.15,17.99083333333333,,True,15.01,17.566,,True
2026-08-06T09:00:00Z,1,Tulkarem,1-1,18.0,18.129756097560975,,True,16.04,17.951020408163266,,True,15.01,17.52409836065574,,True
2026-08-06T09:15:00Z,1,Tulkarem,1-1,18.22,18.13190476190476,,True,16.42,17.9204,,True,15.38,17.489516129032257,,True
2026-08-06T09:30:00Z,1,Tulkarem,1-1,17.56,18.11860465116279,,True,16.39,17.890392156862745,,True,15.16,17.452539682539683,,True
2026-08-06T09:45:00Z,1,Tulkarem,1-1,18.01,18.116136363636365,,True,16.36,17.860961538461538,,True,14.81,17.41125,,True
2026-08-06T10:00:00Z,1,Tulkarem,1-1,17.3,18.098,,True,15.5,17.81641509433962,,True,15.08,17.37538461538462,,True
2026-08-06T10:15:00Z,1,Tulkarem,1-1,16.56,18.064565217391305,,True,15.84,17.779814814814817,,True,16.12,17.356363636363636,,True
2026-08-06T10:30:00Z,1,Tulkarem,1-1,16.44,18.029999999999998,,True,15.94,17.746363636363636,,True,16.63,17.345522388059702,,True
2026-08-06T10:45:00Z,1,Tulkarem,1-1,16.15,17.99083333333333,,True,16.88,17.730892857142855,,True,17.03,17.34088235294118,,True
2026-08-06T11:00:00Z,1,Tulkarem,1-1,16.04,17.951020408163266,,True,15.51,17.691929824561402,,True,16.92,17.33478260869565,,True
2026-08-06T11:15:00Z,1,Tulkarem,1-1,16.42,17.9204,,True,15.46,17.65344827586207,,True,16.72,17.326,,True
2026-08-06T11:30:00Z,1,Tulkarem,1-1,16.39,17.890392156862745,,True,15.05,17.609322033898305,,True,16.98,17.32112676056338,,True
2026-08-06T11:45:00Z,1,Tulkarem,1-1,16.36,17.860961538461538,,True,15.01,17.566,,True,16.63,17.31152777777778,1,True
2026-08-06T12:00:00Z,1,Tulkarem,1-1,15.5,17.81641509433962,,True,15.01,17.52409836065574,,True,16.61,17.301917808219176,1,True
2026-08-06T12:15:00Z,1,Tulkarem,1-1,15.84,17.779814814814817,,True,15.38,17.489516129032257,,True,16.72,17.294054054054055,1,True
2026-08-06T12:30:00Z,1,Tulkarem,1-1,15.94,17.746363636363636,,True,15.16,17.452539682539683,,True,16.66,17.285600000000002,1,True
2026-08-06T12:45:00Z,1,Tulkarem,1-1,16.88,17.730892857142855,,True,14.81,17.41125,,True,16.59,17.276447368421053,1,True
2026-08-06T13:00:00Z,1,Tulkarem,1-1,15.51,17.691929824561402,,True,15.08,17.37538461538462,,True,16.45,17.265714285714285,1,True
2026-08-06T13:15:00Z,1,Tulkarem,1-1,15.46,17.65344827586207,,True,16.12,17.356363636363636,,True,17.31,17.26628205128205,1,True
2026-08-06T13:30:00Z,1,Tulkarem,1-1,15.05,17.609322033898305,,True,16.63,17.345522388059702,,True,17.55,17.269873417721517,1,True
2026-08-06T13:45:00Z,1,Tulkarem,1-1,15.01,17.566,,True,17.03,17.34088235294118,,True,17.05,17.267125,1,True
2026-08-06T14:00:00Z,1,Tulkarem,1-1,15.01,17.52409836065574,,True,16.92,17.33478260869565,,True,17.61,17.27135802469136,1,True
2026-08-06T14:15:00Z,1,Tulkarem,1-1,15.38,17.489516129032257,,True,16.72,17.326,,True,18.3,17.28390243902439,1,True
2026-08-06T14:30:00Z,1,Tulkarem,1-1,15.16,17.452539682539683,,True,16.98,17.32112676056338,,True,18.47,17.298192771084338,1,True
2026-08-06T14:45:00Z,1,Tulkarem,1-1,14.81,17.41125,,True,16.63,17.31152777777778,1,True,18.34,17.31059523809524,1,True
2026-08-06T15:00:00Z,1,Tulkarem,1-1,15.08,17.37538461538462,,True,16.61,17.301917808219176,1,True,17.66,17.314705882352943,1,True
2026-08-06T15:15:00Z,1,Tulkarem,1-1,16.12,17.356363636363636,,True,16.72,17.294054054054055,1,True,18.09,17.323720930232557,1,True
2026-08-06T15:30:00Z,1,Tulkarem,1-1,16.63,17.345522388059702,,True,16.66,17.285600000000002,1,True,18.13,17.332988505747128,1,True
2026-08-06T15:45:00Z,1,Tulkarem,1-1,17.03,17.34088235294118,,True,16.59,17.276447368421053,1,True,17.54,17.33534090909091,1,True
2026-08-06T16:00:00Z,1,Tulkarem,1-1,16.92,17.33478260869565,,True,16.45,17.265714285714285,1,True,16.88,17.330224719101125,1,True
2026-08-06T16:15:00Z,1,Tulkarem,1-1,16.72,17.326,,True,17.31,17.26628205128205,1,True,16.54,17.321444444444445,1,True
2026-08-06T16:30:00Z,1,Tulkarem,1-1,16.98,17.32112676056338,,True,17.55,17.269873417721517,1,True,16.83,17.316043956043956,1,True
2026-08-06T16:45:00Z,1,Tulkarem,1-1,16.63,17.31152777777778,1,True,17.05,17.267125,1,True,16.66,17.308913043478263,1,True
2026-08-06T17:00:00Z,1,Tulkarem,1-1,16.61,17.301917808219176,1,True,17.61,17.27135802469136,1,True,16.99,17.30548387096774,1,True
2026-08-06T17:15:00Z,1,Tulkarem,1-1,16.72,17.294054054054055,1,True,18.3,17.28390243902439,1,True,17.49,17.30744680851064,1,True
2026-08-06T17:30:00Z,1,Tulkarem,1-1,16.66,17.285600000000002,1,True,18.47,17.298192771084338,1,True,18.17,17.316526315789474,1,True
2026-08-06T17:45:00Z,1,Tulkarem,1-1,16.59,17.276447368421053,1,True,18.34,17.31059523809524,1,True,18.17,17.325416666666666,1,True
2026-08-06T18:00:00Z,1,Tulkarem,1-1,16.45,17.265714285714285,1,True,17.66,17.314705882352943,1,True,18.46,17.366354166666667,1,True
2026-08-06T18:15:00Z,1,Tulkarem,1-1,17.31,17.26628205128205,1,True,18.09,17.323720930232557,1,True,20.51,17.433541666666667,1,True
2026-08-06T18:30:00Z,1,Tulkarem,1-1,17.55,17.269873417721517,1,True,18.13,17.332988505747128,1,True,19.17,17.481875,1,True
2026-08-06T18:45:00Z,1,Tulkarem,1-1,17.05,17.267125,1,True,17.54,17.33534090909091,1,True,19.56,17.534166666666668,1,True
2026-08-06T19:00:00Z,1,Tulkarem,1-1,17.61,17.27135802469136,1,True,16.88,17.330224719101125,1,True,29.14,17.684583333333332,1,True
2026-08-06T19:15:00Z,1,Tulkarem,1-1,18.3,17.28390243902439,1,True,16.54,17.321444444444445,1,True,,,,False
2026-08-06T19:30:00Z,1,Tulkarem,1-1,18.47,17.298192771084338,1,True,16.83,17.316043956043956,1,True,23.87,17.814736842105265,1,True
2026-08-06T19:45:00Z,1,Tulkarem,1-1,18.34,17.31059523809524,1,True,16.66,17.308913043478263,1,True,22.2,17.879894736842108,1,True
2026-08-06T20:00:00Z,1,Tulkarem,1-1,17.66,17.314705882352943,1,True,16.99,17.30548387096774,1,True,21.5,17.937157894736846,1,True
2026-08-06T20:15:00Z,1,Tulkarem,1-1,18.09,17.323720930232557,1,True,17.49,17.30744680851064,1,True,20.93,17.992421052631578,1,True
2026-08-06T20:30:00Z,1,Tulkarem,1-1,18.13,17.332988505747128,1,True,18.17,17.316526315789474,1,True,21.03,18.04652631578947,1,True
2026-08-06T20:45:00Z,1,Tulkarem,1-1,17.54,17.33534090909091,1,True,18.17,17.325416666666666,1,True,21.27,18.098631578947366,1,True
2026-08-06T21:00:00Z,1,Tulkarem,1-1,16.88,17.330224719101125,1,True,18.46,17.366354166666667,1,True,21.97,18.153473684210525,1,True
2026-08-06T21:15:00Z,1,Tulkarem,1-1,16.54,17.321444444444445,1,True,20.51,17.433541666666667,1,True,22.33,18.214000000000002,1,True
2026-08-06T21:30:00Z,1,Tulkarem,1-1,16.83,17.316043956043956,1,True,19.17,17.481875,1,True,22.36,18.271473684210527,1,True
2026-08-06T21:45:00Z,1,Tulkarem,1-1,16.66,17.308913043478263,1,True,19.56,17.534166666666668,1,True,22.3,18.332105263157896,1,True
2026-08-06T22:00:00Z,1,Tulkarem,1-1,16.99,17.30548387096774,1,True,29.14,17.684583333333332,1,True,23.06,18.394315789473684,1,True
2026-08-06T22:15:00Z,1,Tulkarem,1-1,17.49,17.30744680851064,1,True,,,,False,22.91,18.448526315789472,1,True
2026-08-06T22:30:00Z,1,Tulkarem,1-1,18.17,17.316526315789474,1,True,23.87,17.814736842105265,1,True,23.27,18.510210526315788,1,True
2026-08-06T22:45:00Z,1,Tulkarem,1-1,18.17,17.325416666666666,1,True,22.2,17.879894736842108,1,True,23.03,18.57736842105263,1,True
2026-08-06T23:00:00Z,1,Tulkarem,1-1,18.46,17.366354166666667,1,True,21.5,17.937157894736846,1,True,22.39,18.634947368421052,1,True
2026-08-06T23:15:00Z,1,Tulkarem,1-1,20.51,17.433541666666667,1,True,20.93,17.992421052631578,1,True,22.42,18.681263157894737,1,True
2026-08-06T23:30:00Z,1,Tulkarem,1-1,19.17,17.481875,1,True,21.03,18.04652631578947,1,True,21.84,18.67557894736842,1,True
2026-08-06T23:45:00Z,1,Tulkarem,1-1,19.56,17.534166666666668,1,True,21.27,18.098631578947366,1,True,20.05,18.658421052631578,1,True
2026-08-07T00:00:00Z,1,Tulkarem,1-1,29.14,17.684583333333332,1,True,21.97,18.153473684210525,1,True,18.62,18.620315789473686,1,True
2026-08-07T00:15:00Z,1,Tulkarem,1-1,,,,False,22.33,18.214000000000002,1,True,17.98,18.572947368421055,1,True
2026-08-07T00:30:00Z,1,Tulkarem,1-1,23.87,17.814736842105265,1,True,22.36,18.271473684210527,1,True,18.32,18.54663157894737,1,True
2026-08-07T00:45:00Z,1,Tulkarem,1-1,22.2,17.879894736842108,1,True,22.3,18.332105263157896,1,True,19.31,18.533894736842104,1,True
2026-08-07T01:00:00Z,1,Tulkarem,1-1,21.5,17.937157894736846,1,True,23.06,18.394315789473684,1,True,18.61,18.477157894736845,1,True
2026-08-07T01:30:00Z,1,Tulkarem,1-1,21.03,18.04652631578947,1,True,23.27,18.510210526315788,1,True,17.81,18.384947368421052,1,True
2026-08-07T01:45:00Z,1,Tulkarem,1-1,21.27,18.098631578947366,1,True,23.03,18.57736842105263,1,True,17.51,18.345157894736843,1,True
2026-08-07T02:00:00Z,1,Tulkarem,1-1,21.97,18.153473684210525,1,True,22.39,18.634947368421052,1,True,15.84,18.28336842105263,1,True
2026-08-07T02:15:00Z,1,Tulkarem,1-1,22.33,18.214000000000002,1,True,22.42,18.681263157894737,1,True,15.46,18.227789473684208,1,True
2026-08-07T02:30:00Z,1,Tulkarem,1-1,22.36,18.271473684210527,1,True,21.84,18.67557894736842,1,True,15.32,18.18242105263158,1,True
2026-08-07T02:45:00Z,1,Tulkarem,1-1,22.3,18.332105263157896,1,True,20.05,18.658421052631578,1,True,14.01,18.13578947368421,1,True
2026-08-07T03:00:00Z,1,Tulkarem,1-1,23.06,18.394315789473684,1,True,18.62,18.620315789473686,1,True,13.07,18.074105263157893,1,True
2026-08-07T03:15:00Z,1,Tulkarem,1-1,22.91,18.448526315789472,1,True,17.98,18.572947368421055,1,True,12.66,18.024,1,True
2026-08-07T03:30:00Z,1,Tulkarem,1-1,23.27,18.510210526315788,1,True,18.32,18.54663157894737,1,True,12.24,17.966631578947368,1,True
2026-08-07T03:45:00Z,1,Tulkarem,1-1,23.03,18.57736842105263,1,True,19.31,18.533894736842104,1,True,12.98,17.91315789473684,1,True
2026-08-07T04:00:00Z,1,Tulkarem,1-1,22.39,18.634947368421052,1,True,18.61,18.477157894736845,1,True,11.95,17.849473684210526,1,True
2026-08-07T04:15:00Z,1,Tulkarem,1-1,22.42,18.681263157894737,1,True,18.52,18.426105263157893,1,True,12.68,17.791157894736845,1,True
2026-08-07T04:30:00Z,1,Tulkarem,1-1,21.84,18.67557894736842,1,True,17.81,18.384947368421052,1,True,11.94,17.732000000000003,1,True
2026-08-07T04:45:00Z,1,Tulkarem,1-1,20.05,18.658421052631578,1,True,17.51,18.345157894736843,1,True,12.43,17.673263157894738,1,True
2026-08-07T05:00:00Z,1,Tulkarem,1-1,18.62,18.620315789473686,1,True,15.84,18.28336842105263,1,True,11.87,17.616105263157895,1,True
2026-08-07T05:15:00Z,1,Tulkarem,1-1,17.98,18.572947368421055,1,True,15.46,18.227789473684208,1,True,11.85,17.566526315789474,1,True
2026-08-07T05:30:00Z,1,Tulkarem,1-1,18.32,18.54663157894737,1,True,15.32,18.18242105263158,1,True,12.73,17.527473684210527,1,True
2026-08-07T05:45:00Z,1,Tulkarem,1-1,19.31,18.533894736842104,1,True,14.01,18.13578947368421,1,True,13.03,17.49463157894737,1,True
2026-08-07T06:00:00Z,1,Tulkarem,1-1,18.61,18.477157894736845,1,True,13.07,18.074105263157893,1,True,13.16,17.464315789473684,1,True
2026-08-07T06:15:00Z,1,Tulkarem,1-1,18.52,18.426105263157893,1,True,12.66,18.024,1,True,14.53,17.44442105263158,1,True
2026-08-07T06:30:00Z,1,Tulkarem,1-1,17.81,18.384947368421052,1,True,12.24,17.966631578947368,1,True,13.92,17.41842105263158,1,True
2026-08-07T06:45:00Z,1,Tulkarem,1-1,17.51,18.345157894736843,1,True,12.98,17.91315789473684,1,True,14.29,17.396631578947368,1,True
2026-08-07T07:00:00Z,1,Tulkarem,1-1,15.84,18.28336842105263,1,True,11.95,17.849473684210526,1,True,14.28,17.38378947368421,1,True
2026-08-07T07:15:00Z,1,Tulkarem,1-1,15.46,18.227789473684208,1,False,12.68,17.791157894736845,1,False,14.95,17.37442105263158,1,False
2026-08-07T07:30:00Z,1,Tulkarem,1-1,15.32,18.18242105263158,1,True,11.94,17.732000000000003,1,True,17.23,17.388,1,True
2026-08-07T07:45:00Z,1,Tulkarem,1-1,14.01,18.13578947368421,1,True,12.43,17.673263157894738,1,True,15.41,17.37252631578947,1,True
2026-08-07T08:00:00Z,1,Tulkarem,1-1,13.07,18.074105263157893,1,True,11.87,17.616105263157895,1,True,16.66,17.384631578947367,1,True
2026-08-07T08:15:00Z,1,Tulkarem,1-1,12.66,18.024,1,True,11.85,17.566526315789474,1,True,17.66,17.40778947368421,1,True
2026-08-07T08:30:00Z,1,Tulkarem,1-1,12.24,17.966631578947368,1,True,12.73,17.527473684210527,1,True,12.71,17.38315789473684,1,True
2026-08-07T08:45:00Z,1,Tulkarem,1-1,12.98,17.91315789473684,1,True,13.03,17.49463157894737,1,True,10.72,17.337999999999997,1,True
2026-08-07T09:00:00Z,1,Tulkarem,1-1,11.95,17.849473684210526,1,True,13.16,17.464315789473684,1,True,10.98,17.29557894736842,1,True
2026-08-07T09:15:00Z,1,Tulkarem,1-1,12.68,17.791157894736845,1,True,14.53,17.44442105263158,1,True,10.03,17.239263157894737,1,True
2026-08-07T09:30:00Z,1,Tulkarem,1-1,11.94,17.732000000000003,1,True,13.92,17.41842105263158,1,True,10.67,17.192,1,True
2026-08-07T09:45:00Z,1,Tulkarem,1-1,12.43,17.673263157894738,1,True,14.29,17.396631578947368,1,True,9.86,17.139894736842106,1,True
2026-08-07T10:00:00Z,1,Tulkarem,1-1,11.87,17.616105263157895,1,True,14.28,17.38378947368421,1,True,10.19,17.088421052631578,1,True
2026-08-07T10:15:00Z,1,Tulkarem,1-1,11.85,17.566526315789474,1,True,14.95,17.37442105263158,1,True,10.72,17.03157894736842,1,True
2026-08-07T10:30:00Z,1,Tulkarem,1-1,12.73,17.527473684210527,1,True,17.23,17.388,1,True,10.4,16.966,1,True
2026-08-07T10:45:00Z,1,Tulkarem,1-1,13.03,17.49463157894737,1,True,15.41,17.37252631578947,1,True,10.64,16.89873684210526,1,True
2026-08-07T11:00:00Z,1,Tulkarem,1-1,13.16,17.464315789473684,1,True,16.66,17.384631578947367,1,True,11.61,16.84284210526316,1,True
2026-08-07T11:15:00Z,1,Tulkarem,1-1,14.53,17.44442105263158,1,True,17.66,17.40778947368421,1,True,12.89,16.802526315789475,1,True
2026-08-07T11:30:00Z,1,Tulkarem,1-1,13.92,17.41842105263158,1,True,12.71,17.38315789473684,1,True,13.38,16.76463157894737,1,True
2026-08-07T11:45:00Z,1,Tulkarem,1-1,14.29,17.396631578947368,1,True,10.72,17.337999999999997,1,True,14.76,16.74494736842105,1,True
2026-08-07T12:00:00Z,1,Tulkarem,1-1,14.28,17.38378947368421,1,True,10.98,17.29557894736842,1,True,14.39,16.72157894736842,1,True
2026-08-07T12:15:00Z,1,Tulkarem,1-1,14.95,17.37442105263158,1,True,10.03,17.239263157894737,1,True,14.75,16.700842105263156,1,True
2026-08-07T12:30:00Z,1,Tulkarem,1-1,17.23,17.388,1,True,10.67,17.192,1,True,13.54,16.668,1,True
2026-08-07T12:45:00Z,1,Tulkarem,1-1,15.41,17.37252631578947,1,True,9.86,17.139894736842106,1,True,13.66,16.63715789473684,1,True
2026-08-07T13:00:00Z,1,Tulkarem,1-1,16.66,17.384631578947367,1,True,10.19,17.088421052631578,1,True,13.47,16.60578947368421,1,True
2026-08-07T13:15:00Z,1,Tulkarem,1-1,17.66,17.40778947368421,1,True,10.72,17.03157894736842,1,True,13.3,16.56357894736842,1,True
2026-08-07T13:30:00Z,1,Tulkarem,1-1,12.71,17.38315789473684,1,True,10.4,16.966,1,True,13.51,16.521052631578947,1,True
2026-08-07T13:45:00Z,1,Tulkarem,1-1,10.72,17.337999999999997,1,True,10.64,16.89873684210526,1,True,13.89,16.487789473684213,1,True
2026-08-07T14:00:00Z,1,Tulkarem,1-1,10.98,17.29557894736842,1,True,11.61,16.84284210526316,1,True,14.37,16.453684210526315,1,True
2026-08-07T14:15:00Z,1,Tulkarem,1-1,10.03,17.239263157894737,1,True,12.89,16.802526315789475,1,True,14.69,16.415684210526315,1,True
2026-08-07T14:30:00Z,1,Tulkarem,1-1,10.67,17.192,1,True,13.38,16.76463157894737,1,True,14.72,16.37621052631579,1,True
2026-08-07T14:45:00Z,1,Tulkarem,1-1,9.86,17.139894736842106,1,True,14.76,16.74494736842105,1,True,14.35,16.33421052631579,1,True
2026-08-07T15:00:00Z,1,Tulkarem,1-1,10.19,17.088421052631578,1,True,14.39,16.72157894736842,1,True,14.21,16.297894736842103,1,True
2026-08-07T15:15:00Z,1,Tulkarem,1-1,10.72,17.03157894736842,1,True,14.75,16.700842105263156,1,True,13.9,16.25378947368421,1,True
2026-08-07T15:30:00Z,1,Tulkarem,1-1,10.4,16.966,1,True,13.54,16.668,1,True,13.95,16.20978947368421,1,True
2026-08-07T15:45:00Z,1,Tulkarem,1-1,10.64,16.89873684210526,1,True,13.66,16.63715789473684,1,True,14.45,16.177263157894735,1,True
2026-08-07T16:00:00Z,1,Tulkarem,1-1,11.61,16.84284210526316,1,True,13.47,16.60578947368421,1,True,14.64,16.153684210526315,1,True
2026-08-07T16:15:00Z,1,Tulkarem,1-1,12.89,16.802526315789475,1,True,13.3,16.56357894736842,1,True,15.11,16.13863157894737,1,True
2026-08-07T16:30:00Z,1,Tulkarem,1-1,13.38,16.76463157894737,1,True,13.51,16.521052631578947,1,True,14.25,16.111473684210527,1,True
2026-08-07T16:45:00Z,1,Tulkarem,1-1,14.76,16.74494736842105,1,True,13.89,16.487789473684213,1,True,14.74,16.091263157894737,1,True
2026-08-07T17:00:00Z,1,Tulkarem,1-1,14.39,16.72157894736842,1,True,14.37,16.453684210526315,1,True,14.48,16.064842105263157,1,True
2026-08-07T17:15:00Z,1,Tulkarem,1-1,14.75,16.700842105263156,1,True,14.69,16.415684210526315,1,True,14.39,16.03221052631579,1,True
2026-08-07T17:30:00Z,1,Tulkarem,1-1,13.54,16.668,1,True,14.72,16.37621052631579,1,True,14.5,15.993578947368421,1,True
2026-08-07T17:45:00Z,1,Tulkarem,1-1,13.66,16.63715789473684,1,True,14.35,16.33421052631579,1,True,15.01,15.960315789473684,1,True
2026-08-07T18:00:00Z,1,Tulkarem,1-1,13.47,16.60578947368421,1,True,14.21,16.297894736842103,1,True,14.9,15.922842105263156,1,True
2026-08-07T18:15:00Z,1,Tulkarem,1-1,13.3,16.56357894736842,1,True,13.9,16.25378947368421,1,True,14.38,15.858315789473684,1,True
2026-08-07T18:30:00Z,1,Tulkarem,1-1,13.51,16.521052631578947,1,True,13.95,16.20978947368421,1,True,14.07,15.804631578947369,1,True
2026-08-07T18:45:00Z,1,Tulkarem,1-1,13.89,16.487789473684213,1,True,14.45,16.177263157894735,1,True,14.02,15.746315789473682,1,True
2026-08-07T19:00:00Z,1,Tulkarem,1-1,14.37,16.453684210526315,1,True,14.64,16.153684210526315,1,True,14.39,15.591052631578949,1,True
2026-08-07T19:15:00Z,1,Tulkarem,1-1,14.69,16.415684210526315,1,True,15.11,16.13863157894737,1,True,14.28,15.577395833333334,1,True
2026-08-07T19:30:00Z,1,Tulkarem,1-1,14.72,16.37621052631579,1,True,14.25,16.111473684210527,1,True,13.81,15.472604166666665,1,True
2026-08-07T19:45:00Z,1,Tulkarem,1-1,14.35,16.33421052631579,1,True,14.74,16.091263157894737,1,True,13.7,15.384062499999999,1,True
2026-08-07T20:00:00Z,1,Tulkarem,1-1,14.21,16.297894736842103,1,True,14.48,16.064842105263157,1,True,13.85,15.304374999999999,1,True
2026-08-07T20:15:00Z,1,Tulkarem,1-1,13.9,16.25378947368421,1,True,14.39,16.03221052631579,1,True,14.38,15.236145833333333,1,True
2026-08-07T20:30:00Z,1,Tulkarem,1-1,13.95,16.20978947368421,1,True,14.5,15.993578947368421,1,True,14.98,15.173125,1,True
2026-08-07T20:45:00Z,1,Tulkarem,1-1,14.45,16.177263157894735,1,True,15.01,15.960315789473684,1,True,14.37,15.10125,1,True
2026-08-07T21:00:00Z,1,Tulkarem,1-1,14.64,16.153684210526315,1,True,14.9,15.922842105263156,1,True,14.14,15.019687500000002,1,True
2026-08-07T21:15:00Z,1,Tulkarem,1-1,15.11,16.13863157894737,1,True,14.38,15.858315789473684,1,True,14.28,14.935833333333333,0,True
2026-08-07T21:30:00Z,1,Tulkarem,1-1,14.25,16.111473684210527,1,True,14.07,15.804631578947369,1,True,14.14,14.850208333333335,0,True
2026-08-07T21:45:00Z,1,Tulkarem,1-1,14.74,16.091263157894737,1,True,14.02,15.746315789473682,1,True,14.59,14.769895833333335,0,True
2026-08-07T22:00:00Z,1,Tulkarem,1-1,14.48,16.064842105263157,1,True,14.39,15.591052631578949,1,True,14.16,14.6771875,0,True
2026-08-07T22:15:00Z,1,Tulkarem,1-1,14.39,16.03221052631579,1,True,14.28,15.577395833333334,1,True,13.84,14.582708333333334,0,True
2026-08-07T22:30:00Z,1,Tulkarem,1-1,14.5,15.993578947368421,1,True,13.81,15.472604166666665,1,True,13.95,14.485625,0,True
2026-08-07T22:45:00Z,1,Tulkarem,1-1,15.01,15.960315789473684,1,True,13.7,15.384062499999999,1,True,13.67,14.388125,0,True
2026-08-07T23:00:00Z,1,Tulkarem,1-1,14.9,15.922842105263156,1,True,13.85,15.304374999999999,1,True,13.48,14.2953125,0,True
2026-08-07T23:15:00Z,1,Tulkarem,1-1,14.38,15.858315789473684,1,True,14.38,15.236145833333333,1,True,19.85,14.268541666666666,0,True
2026-08-07T23:30:00Z,1,Tulkarem,1-1,14.07,15.804631578947369,1,True,14.98,15.173125,1,True,20.23,14.251770833333333,0,True
2026-08-07T23:45:00Z,1,Tulkarem,1-1,14.02,15.746315789473682,1,True,14.37,15.10125,1,True,16.4,14.21375,0,True
2026-08-08T00:00:00Z,1,Tulkarem,1-1,14.39,15.591052631578949,1,True,14.14,15.019687500000002,1,True,17.65,14.203645833333333,0,True
2026-08-08T00:15:00Z,1,Tulkarem,1-1,14.28,15.577395833333334,1,True,14.28,14.935833333333333,0,True,16.49,14.188125,0,True
2026-08-08T00:30:00Z,1,Tulkarem,1-1,13.81,15.472604166666665,1,True,14.14,14.850208333333335,0,True,18.17,14.1865625,0,True
2026-08-08T00:45:00Z,1,Tulkarem,1-1,13.7,15.384062499999999,1,True,14.59,14.769895833333335,0,True,18.35,14.176562500000001,0,True
2026-08-08T01:00:00Z,1,Tulkarem,1-1,13.85,15.304374999999999,1,True,14.16,14.6771875,0,True,18.09,14.171145833333332,0,True
2026-08-08T01:15:00Z,1,Tulkarem,1-1,14.38,15.236145833333333,1,True,13.84,14.582708333333334,0,True,17.2,14.157395833333332,0,True
2026-08-08T01:30:00Z,1,Tulkarem,1-1,14.98,15.173125,1,True,13.95,14.485625,0,True,17.2,14.151041666666666,0,True
2026-08-08T01:45:00Z,1,Tulkarem,1-1,14.37,15.10125,1,True,13.67,14.388125,0,True,17.71,14.153125000000001,0,True
2026-08-08T02:00:00Z,1,Tulkarem,1-1,14.14,15.019687500000002,1,True,13.48,14.2953125,0,True,17.14,14.166666666666666,0,True
2026-08-08T02:15:00Z,1,Tulkarem,1-1,14.28,14.935833333333333,0,True,19.85,14.268541666666666,0,True,16.89,14.1815625,0,True
2026-08-08T02:30:00Z,1,Tulkarem,1-1,14.14,14.850208333333335,0,True,20.23,14.251770833333333,0,True,17.97,14.209166666666668,0,True
2026-08-08T02:45:00Z,1,Tulkarem,1-1,14.59,14.769895833333335,0,True,16.4,14.21375,0,True,20.51,14.276875000000002,0,True
2026-08-08T03:00:00Z,1,Tulkarem,1-1,14.16,14.6771875,0,True,17.65,14.203645833333333,0,True,17.42,14.322187499999998,0,True
2026-08-08T03:15:00Z,1,Tulkarem,1-1,13.84,14.582708333333334,0,True,16.49,14.188125,0,True,16.3,14.360104166666668,0,True
2026-08-08T03:30:00Z,1,Tulkarem,1-1,13.95,14.485625,0,True,18.17,14.1865625,0,True,15.24,14.391354166666668,0,True
2026-08-08T03:45:00Z,1,Tulkarem,1-1,13.67,14.388125,0,True,18.35,14.176562500000001,0,True,15.24,14.414895833333334,0,True
2026-08-08T04:00:00Z,1,Tulkarem,1-1,13.48,14.2953125,0,True,18.09,14.171145833333332,0,True,15.48,14.451666666666668,0,True
2026-08-08T04:15:00Z,1,Tulkarem,1-1,19.85,14.268541666666666,0,True,17.2,14.157395833333332,0,True,14.1,14.466458333333334,0,True
2026-08-08T04:30:00Z,1,Tulkarem,1-1,20.23,14.251770833333333,0,True,17.2,14.151041666666666,0,True,13.72,14.485,0,True
2026-08-08T04:45:00Z,1,Tulkarem,1-1,16.4,14.21375,0,True,17.71,14.153125000000001,0,True,14.0,14.501354166666667,0,True
2026-08-08T05:00:00Z,1,Tulkarem,1-1,17.65,14.203645833333333,0,True,17.14,14.166666666666666,0,True,14.45,14.528229166666668,0,True
2026-08-08T05:15:00Z,1,Tulkarem,1-1,16.49,14.188125,0,True,16.89,14.1815625,0,True,15.05,14.5615625,0,True
2026-08-08T05:30:00Z,1,Tulkarem,1-1,18.17,14.1865625,0,True,17.97,14.209166666666668,0,True,14.89,14.5840625,0,True
2026-08-08T05:45:00Z,1,Tulkarem,1-1,18.35,14.176562500000001,0,True,20.51,14.276875000000002,0,True,15.13,14.605937500000001,0,True
2026-08-08T06:00:00Z,1,Tulkarem,1-1,18.09,14.171145833333332,0,True,17.42,14.322187499999998,0,True,15.38,14.629062499999998,0,True
2026-08-08T06:15:00Z,1,Tulkarem,1-1,17.2,14.157395833333332,0,True,16.3,14.360104166666668,0,True,15.64,14.640625,0,True
2026-08-08T06:30:00Z,1,Tulkarem,1-1,17.2,14.151041666666666,0,True,15.24,14.391354166666668,0,True,15.73,14.659479166666666,0,True
2026-08-08T06:45:00Z,1,Tulkarem,1-1,17.71,14.153125000000001,0,True,15.24,14.414895833333334,0,True,15.43,14.671354166666667,0,True
2026-08-08T07:00:00Z,1,Tulkarem,1-1,17.14,14.166666666666666,0,True,15.48,14.451666666666668,0,True,15.21,14.681041666666665,0,True
2026-08-08T07:15:00Z,1,Tulkarem,1-1,16.89,14.1815625,0,True,14.1,14.466458333333334,0,True,15.59,14.687708333333333,0,True
2026-08-08T07:30:00Z,1,Tulkarem,1-1,17.97,14.209166666666668,0,True,13.72,14.485,0,True,15.18,14.666354166666666,0,True
2026-08-08T07:45:00Z,1,Tulkarem,1-1,20.51,14.276875000000002,0,True,14.0,14.501354166666667,0,True,15.52,14.667500000000002,0,True
2026-08-08T08:00:00Z,1,Tulkarem,1-1,17.42,14.322187499999998,0,True,14.45,14.528229166666668,0,True,15.75,14.658020833333333,0,True
2026-08-08T08:15:00Z,1,Tulkarem,1-1,16.3,14.360104166666668,0,True,15.05,14.5615625,0,True,14.83,14.628541666666665,0,True
2026-08-08T08:30:00Z,1,Tulkarem,1-1,15.24,14.391354166666668,0,True,14.89,14.5840625,0,True,15.53,14.657916666666667,0,True
2026-08-08T08:45:00Z,1,Tulkarem,1-1,15.24,14.414895833333334,0,True,15.13,14.605937500000001,0,True,15.85,14.711354166666666,0,True
2026-08-08T09:00:00Z,1,Tulkarem,1-1,15.48,14.451666666666668,0,True,15.38,14.629062499999998,0,True,16.15,14.765208333333334,0,True
2026-08-08T09:15:00Z,1,Tulkarem,1-1,14.1,14.466458333333334,0,True,15.64,14.640625,0,True,16.81,14.835833333333333,0,True
2026-08-08T09:30:00Z,1,Tulkarem,1-1,13.72,14.485,0,True,15.73,14.659479166666666,0,True,16.67,14.898333333333333,0,True
2026-08-08T09:45:00Z,1,Tulkarem,1-1,14.0,14.501354166666667,0,True,15.43,14.671354166666667,0,True,17.16,14.974375000000002,0,True
2026-08-08T10:00:00Z,1,Tulkarem,1-1,14.45,14.528229166666668,0,True,15.21,14.681041666666665,0,True,17.57,15.051250000000001,1,True
2026-08-08T10:15:00Z,1,Tulkarem,1-1,15.05,14.5615625,0,True,15.59,14.687708333333333,0,True,18.27,15.129895833333334,1,True
2026-08-08T10:30:00Z,1,Tulkarem,1-1,14.89,14.5840625,0,True,15.18,14.666354166666666,0,True,19.02,15.2196875,1,True
2026-08-08T10:45:00Z,1,Tulkarem,1-1,15.13,14.605937500000001,0,True,15.52,14.667500000000002,0,True,18.46,15.301145833333335,1,True
2026-08-08T11:00:00Z,1,Tulkarem,1-1,15.38,14.629062499999998,0,True,15.75,14.658020833333333,0,True,19.48,15.383125,1,True
2026-08-08T11:15:00Z,1,Tulkarem,1-1,15.64,14.640625,0,True,14.83,14.628541666666665,0,True,20.89,15.466458333333334,1,True
2026-08-08T11:30:00Z,1,Tulkarem,1-1,15.73,14.659479166666666,0,True,15.53,14.657916666666667,0,True,20.48,15.540416666666665,1,True
2026-08-08T11:45:00Z,1,Tulkarem,1-1,15.43,14.671354166666667,0,True,15.85,14.711354166666666,0,True,21.55,15.611145833333332,1,True
2026-08-08T12:00:00Z,1,Tulkarem,1-1,15.21,14.681041666666665,0,True,16.15,14.765208333333334,0,True,,,,False
2026-08-08T12:15:00Z,1,Tulkarem,1-1,15.59,14.687708333333333,0,True,16.81,14.835833333333333,0,True,19.97,15.678947368421053,1,True
2026-08-08T12:30:00Z,1,Tulkarem,1-1,15.18,14.666354166666666,0,True,16.67,14.898333333333333,0,True,20.32,15.750315789473687,1,True
2026-08-08T12:45:00Z,1,Tulkarem,1-1,15.52,14.667500000000002,0,True,17.16,14.974375000000002,0,True,21.18,15.829473684210527,1,True
2026-08-08T13:00:00Z,1,Tulkarem,1-1,15.75,14.658020833333333,0,True,17.57,15.051250000000001,1,True,21.38,15.912736842105264,1,True
2026-08-08T13:15:00Z,1,Tulkarem,1-1,14.83,14.628541666666665,0,True,18.27,15.129895833333334,1,True,22.11,16.005473684210525,1,True
2026-08-08T13:30:00Z,1,Tulkarem,1-1,15.53,14.657916666666667,0,True,19.02,15.2196875,1,True,21.87,16.093473684210526,1,True
2026-08-08T13:45:00Z,1,Tulkarem,1-1,15.85,14.711354166666666,0,True,18.46,15.301145833333335,1,True,22.57,16.184842105263158,1,True
2026-08-08T14:00:00Z,1,Tulkarem,1-1,16.15,14.765208333333334,0,True,19.48,15.383125,1,True,22.75,16.27305263157895,1,True
2026-08-08T14:15:00Z,1,Tulkarem,1-1,16.81,14.835833333333333,0,True,20.89,15.466458333333334,1,True,22.69,16.35726315789474,1,True
2026-08-08T14:30:00Z,1,Tulkarem,1-1,16.67,14.898333333333333,0,True,20.48,15.540416666666665,1,True,23.53,16.45,1,True
2026-08-08T14:45:00Z,1,Tulkarem,1-1,17.16,14.974375000000002,0,True,21.55,15.611145833333332,1,True,23.57,16.547052631578946,1,True
2026-08-08T15:00:00Z,1,Tulkarem,1-1,17.57,15.051250000000001,1,True,,,,False,23.42,16.644000000000002,1,True
2026-08-08T15:15:00Z,1,Tulkarem,1-1,18.27,15.129895833333334,1,True,19.97,15.678947368421053,1,True,23.26,16.742526315789473,1,True
2026-08-08T15:30:00Z,1,Tulkarem,1-1,19.02,15.2196875,1,True,20.32,15.750315789473687,1,True,23.2,16.839894736842105,1,True
2026-08-08T15:45:00Z,1,Tulkarem,1-1,18.46,15.301145833333335,1,True,21.18,15.829473684210527,1,True,23.21,16.932105263157897,1,True
2026-08-08T16:00:00Z,1,Tulkarem,1-1,19.48,15.383125,1,True,21.38,15.912736842105264,1,True,23.4,17.024315789473683,1,True
2026-08-08T16:15:00Z,1,Tulkarem,1-1,20.89,15.466458333333334,1,True,22.11,16.005473684210525,1,True,23.6,17.11368421052632,1,True
2026-08-08T16:30:00Z,1,Tulkarem,1-1,20.48,15.540416666666665,1,True,21.87,16.093473684210526,1,True,24.13,17.217684210526315,1,True
2026-08-08T16:45:00Z,1,Tulkarem,1-1,21.55,15.611145833333332,1,True,22.57,16.184842105263158,1,True,24.42,17.319578947368424,1,True
2026-08-08T17:00:00Z,1,Tulkarem,1-1,,,,False,22.75,16.27305263157895,1,True,23.65,17.416105263157895,1,True
2026-08-08T17:15:00Z,1,Tulkarem,1-1,19.97,15.678947368421053,1,True,22.69,16.35726315789474,1,True,23.86,17.51578947368421,1,True
2026-08-08T17:30:00Z,1,Tulkarem,1-1,20.32,15.750315789473687,1,True,23.53,16.45,1,True,24.38,17.61978947368421,1,True
2026-08-08T17:45:00Z,1,Tulkarem,1-1,21.18,15.829473684210527,1,True,23.57,16.547052631578946,1,True,24.77,17.722526315789473,1,True
2026-08-08T18:15:00Z,1,Tulkarem,1-1,22.11,16.005473684210525,1,True,23.26,16.742526315789473,1,True,29.06,17.90872340425532,1,True
2026-08-08T18:30:00Z,1,Tulkarem,1-1,21.87,16.093473684210526,1,True,23.2,16.839894736842105,1,True,29.7,18.075,1,True
2026-08-08T18:45:00Z,1,Tulkarem,1-1,22.57,16.184842105263158,1,True,23.21,16.932105263157897,1,True,29.18,18.23627659574468,1,True
2026-08-08T19:00:00Z,1,Tulkarem,1-1,22.75,16.27305263157895,1,True,23.4,17.024315789473683,1,True,27.72,18.37808510638298,1,True
2026-08-08T19:15:00Z,1,Tulkarem,1-1,22.69,16.35726315789474,1,True,23.6,17.11368421052632,1,True,25.74,18.5,1,True
2026-08-08T19:30:00Z,1,Tulkarem,1-1,23.53,16.45,1,True,24.13,17.217684210526315,1,True,24.98,18.618829787234045,1,True
2026-08-08T19:45:00Z,1,Tulkarem,1-1,23.57,16.547052631578946,1,True,24.42,17.319578947368424,1,True,25.21,18.741276595744683,1,True
2026-08-08T20:00:00Z,1,Tulkarem,1-1,23.42,16.644000000000002,1,True,23.65,17.416105263157895,1,True,25.58,18.866063829787233,1,True
2026-08-08T20:15:00Z,1,Tulkarem,1-1,23.26,16.742526315789473,1,True,23.86,17.51578947368421,1,True,26.7,18.997127659574467,1,True
2026-08-08T20:30:00Z,1,Tulkarem,1-1,23.2,16.839894736842105,1,True,24.38,17.61978947368421,1,True,26.13,19.115744680851062,1,True
2026-08-08T20:45:00Z,1,Tulkarem,1-1,23.21,16.932105263157897,1,True,24.77,17.722526315789473,1,True,25.28,19.2318085106383,1,True
2026-08-08T21:00:00Z,1,Tulkarem,1-1,23.4,17.024315789473683,1,True,,,,False,25.48,19.35244680851064,1,True
2026-08-08T21:15:00Z,1,Tulkarem,1-1,23.6,17.11368421052632,1,True,29.06,17.90872340425532,1,True,26.02,19.477340425531917,1,True
2026-08-08T21:30:00Z,1,Tulkarem,1-1,24.13,17.217684210526315,1,True,29.7,18.075,1,True,26.05,19.60404255319149,1,True
2026-08-08T21:45:00Z,1,Tulkarem,1-1,24.42,17.319578947368424,1,True,29.18,18.23627659574468,1,True,26.95,19.735531914893617,1,True
2026-08-08T22:00:00Z,1,Tulkarem,1-1,23.65,17.416105263157895,1,True,27.72,18.37808510638298,1,True,26.86,19.87063829787234,1,True
2026-08-08T22:15:00Z,1,Tulkarem,1-1,23.86,17.51578947368421,1,True,25.74,18.5,1,True,25.34,19.992978723404253,1,True
2026-08-08T22:30:00Z,1,Tulkarem,1-1,24.38,17.61978947368421,1,True,24.98,18.618829787234045,1,True,23.78,20.09755319148936,1,True
2026-08-08T22:45:00Z,1,Tulkarem,1-1,24.77,17.722526315789473,1,True,25.21,18.741276595744683,1,True,23.39,20.200957446808513,1,True
2026-08-08T23:00:00Z,1,Tulkarem,1-1,,,,False,25.58,18.866063829787233,1,True,22.58,20.29776595744681,1,True
2026-08-08T23:15:00Z,1,Tulkarem,1-1,29.06,17.90872340425532,1,True,26.7,18.997127659574467,1,True,28.93,20.394361702127657,1,True
2026-08-08T23:30:00Z,1,Tulkarem,1-1,29.7,18.075,1,True,26.13,19.115744680851062,1,True,24.09,20.43542553191489,1,True
2026-08-08T23:45:00Z,1,Tulkarem,1-1,29.18,18.23627659574468,1,True,25.28,19.2318085106383,1,True,24.28,20.51925531914894,1,True
2026-08-09T00:15:00Z,1,Tulkarem,1-1,25.74,18.5,1,True,26.02,19.477340425531917,1,True,18.17,20.537446808510637,1,True
2026-08-09T00:30:00Z,1,Tulkarem,1-1,24.98,18.618829787234045,1,True,26.05,19.60404255319149,1,True,17.59,20.53127659574468,1,True
2026-08-09T00:45:00Z,1,Tulkarem,1-1,25.21,18.741276595744683,1,True,26.95,19.735531914893617,1,True,19.19,20.540212765957445,1,True
2026-08-09T01:00:00Z,1,Tulkarem,1-1,25.58,18.866063829787233,1,True,26.86,19.87063829787234,1,True,19.25,20.552553191489363,1,True
2026-08-09T01:15:00Z,1,Tulkarem,1-1,26.7,18.997127659574467,1,True,25.34,19.992978723404253,1,True,21.3,20.59617021276596,1,True
2026-08-09T01:30:00Z,1,Tulkarem,1-1,26.13,19.115744680851062,1,True,23.78,20.09755319148936,1,True,20.65,20.632872340425532,1,True
2026-08-09T01:45:00Z,1,Tulkarem,1-1,25.28,19.2318085106383,1,True,23.39,20.200957446808513,1,True,20.93,20.66712765957447,1,True
2026-08-09T02:00:00Z,1,Tulkarem,1-1,25.48,19.35244680851064,1,True,22.58,20.29776595744681,1,True,21.43,20.71276595744681,1,True
2026-08-09T02:15:00Z,1,Tulkarem,1-1,26.02,19.477340425531917,1,True,28.93,20.394361702127657,1,True,18.61,20.731063829787235,1,True
2026-08-09T02:30:00Z,1,Tulkarem,1-1,26.05,19.60404255319149,1,True,24.09,20.43542553191489,1,True,17.28,20.72372340425532,1,True
2026-08-09T02:45:00Z,1,Tulkarem,1-1,26.95,19.735531914893617,1,True,24.28,20.51925531914894,1,True,17.0,20.686382978723405,1,True
2026-08-09T03:00:00Z,1,Tulkarem,1-1,26.86,19.87063829787234,1,True,17.68,20.519574468085107,1,True,17.57,20.687978723404257,1,True
2026-08-09T03:15:00Z,1,Tulkarem,1-1,25.34,19.992978723404253,1,True,18.17,20.537446808510637,1,True,17.43,20.7,1,True
2026-08-09T03:30:00Z,1,Tulkarem,1-1,23.78,20.09755319148936,1,True,17.59,20.53127659574468,1,True,16.92,20.717872340425533,1,True
2026-08-09T03:45:00Z,1,Tulkarem,1-1,23.39,20.200957446808513,1,True,19.19,20.540212765957445,1,True,15.3,20.71851063829787,1,True
2026-08-09T04:00:00Z,1,Tulkarem,1-1,22.58,20.29776595744681,1,True,19.25,20.552553191489363,1,True,14.85,20.711808510638296,1,True
2026-08-09T04:15:00Z,1,Tulkarem,1-1,28.93,20.394361702127657,1,True,21.3,20.59617021276596,1,True,14.41,20.715106382978725,1,True
2026-08-09T04:30:00Z,1,Tulkarem,1-1,24.09,20.43542553191489,1,True,20.65,20.632872340425532,1,True,13.79,20.71585106382979,1,True
2026-08-09T04:45:00Z,1,Tulkarem,1-1,24.28,20.51925531914894,1,True,20.93,20.66712765957447,1,True,13.5,20.710531914893618,1,True
2026-08-09T05:00:00Z,1,Tulkarem,1-1,17.68,20.519574468085107,1,True,21.43,20.71276595744681,1,True,13.82,20.703829787234042,1,True
2026-08-09T05:15:00Z,1,Tulkarem,1-1,18.17,20.537446808510637,1,True,18.61,20.731063829787235,1,True,13.11,20.683191489361704,1,True
2026-08-09T05:30:00Z,1,Tulkarem,1-1,17.59,20.53127659574468,1,True,17.28,20.72372340425532,1,True,11.9,20.651382978723404,1,True
2026-08-09T05:45:00Z,1,Tulkarem,1-1,19.19,20.540212765957445,1,True,17.0,20.686382978723405,1,True,12.03,20.61840425531915,1,True
2026-08-09T06:00:00Z,1,Tulkarem,1-1,19.25,20.552553191489363,1,False,17.57,20.687978723404257,1,False,11.95,20.58191489361702,1,False
2026-08-09T06:15:00Z,1,Tulkarem,1-1,21.3,20.59617021276596,1,True,17.43,20.7,1,True,11.42,20.537021276595745,1,True
2026-08-09T06:30:00Z,1,Tulkarem,1-1,20.65,20.632872340425532,1,True,16.92,20.717872340425533,1,True,11.43,20.491276595744683,1,True
2026-08-09T06:45:00Z,1,Tulkarem,1-1,20.93,20.66712765957447,1,True,15.3,20.71851063829787,1,True,10.88,20.44287234042553,1,True
2026-08-09T07:00:00Z,1,Tulkarem,1-1,21.43,20.71276595744681,1,True,14.85,20.711808510638296,1,True,10.08,20.388297872340427,1,True
2026-08-09T07:15:00Z,1,Tulkarem,1-1,18.61,20.731063829787235,1,True,14.41,20.715106382978725,1,True,9.97,20.32851063829787,1,True
2026-08-09T07:30:00Z,1,Tulkarem,1-1,17.28,20.72372340425532,1,True,13.79,20.71585106382979,1,True,10.34,20.277021276595743,1,True
2026-08-09T07:45:00Z,1,Tulkarem,1-1,17.0,20.686382978723405,1,True,13.5,20.710531914893618,1,True,10.26,20.221063829787234,1,True
2026-08-09T08:00:00Z,1,Tulkarem,1-1,17.57,20.687978723404257,1,True,13.82,20.703829787234042,1,True,9.92,20.159042553191487,1,True
2026-08-09T08:15:00Z,1,Tulkarem,1-1,17.43,20.7,1,True,13.11,20.683191489361704,1,True,9.73,20.10478723404255,1,True
2026-08-09T08:30:00Z,1,Tulkarem,1-1,16.92,20.717872340425533,1,True,11.9,20.651382978723404,1,True,9.76,20.04340425531915,1,True
2026-08-09T08:45:00Z,1,Tulkarem,1-1,15.3,20.71851063829787,1,True,12.03,20.61840425531915,1,True,8.9,19.969468085106385,1,True
2026-08-09T09:00:00Z,1,Tulkarem,1-1,14.85,20.711808510638296,1,True,11.95,20.58191489361702,1,True,9.72,19.901063829787233,1,True
2026-08-09T09:15:00Z,1,Tulkarem,1-1,14.41,20.715106382978725,1,True,11.42,20.537021276595745,1,True,9.33,19.821489361702127,1,True
2026-08-09T09:30:00Z,1,Tulkarem,1-1,13.79,20.71585106382979,1,True,11.43,20.491276595744683,1,True,8.65,19.73617021276596,1,True
2026-08-09T09:45:00Z,1,Tulkarem,1-1,13.5,20.710531914893618,1,True,10.88,20.44287234042553,1,True,9.62,19.655957446808507,1,True
2026-08-09T10:00:00Z,1,Tulkarem,1-1,13.82,20.703829787234042,1,True,10.08,20.388297872340427,1,True,11.24,19.588617021276594,1,True
2026-08-09T10:15:00Z,1,Tulkarem,1-1,13.11,20.683191489361704,1,True,9.97,20.32851063829787,1,True,12.65,19.52882978723404,1,True
2026-08-09T10:30:00Z,1,Tulkarem,1-1,11.9,20.651382978723404,1,True,10.34,20.277021276595743,1,True,13.22,19.46712765957447,1,True
2026-08-09T10:45:00Z,1,Tulkarem,1-1,12.03,20.61840425531915,1,True,10.26,20.221063829787234,1,True,13.51,19.414468085106382,1,True
2026-08-09T11:00:00Z,1,Tulkarem,1-1,11.95,20.58191489361702,1,True,9.92,20.159042553191487,1,True,14.43,19.360744680851063,1,True
2026-08-09T11:15:00Z,1,Tulkarem,1-1,11.42,20.537021276595745,1,True,9.73,20.10478723404255,1,True,14.4,19.291702127659576,1,True
2026-08-09T11:30:00Z,1,Tulkarem,1-1,11.43,20.491276595744683,1,True,9.76,20.04340425531915,1,True,14.43,19.227340425531917,1,True
2026-08-09T11:45:00Z,1,Tulkarem,1-1,10.88,20.44287234042553,1,True,8.9,19.969468085106385,1,True,14.53,19.152659574468085,1,True
2026-08-09T12:00:00Z,1,Tulkarem,1-1,10.08,20.388297872340427,1,True,9.72,19.901063829787233,1,True,14.28,19.101368421052634,1,True
2026-08-09T12:15:00Z,1,Tulkarem,1-1,9.97,20.32851063829787,1,True,9.33,19.821489361702127,1,True,14.25,19.041157894736845,1,True
2026-08-09T12:30:00Z,1,Tulkarem,1-1,10.34,20.277021276595743,1,True,8.65,19.73617021276596,1,True,14.55,18.980421052631577,1,True
2026-08-09T12:45:00Z,1,Tulkarem,1-1,10.26,20.221063829787234,1,True,9.62,19.655957446808507,1,True,14.99,18.91526315789474,1,True
2026-08-09T13:00:00Z,1,Tulkarem,1-1,9.92,20.159042553191487,1,True,11.24,19.588617021276594,1,True,15.71,18.85557894736842,1,True
2026-08-09T13:15:00Z,1,Tulkarem,1-1,9.73,20.10478723404255,1,True,12.65,19.52882978723404,1,True,15.87,18.789894736842104,1,True
2026-08-09T13:30:00Z,1,Tulkarem,1-1,9.76,20.04340425531915,1,True,13.22,19.46712765957447,1,True,15.46,18.722421052631578,1,True
2026-08-09T13:45:00Z,1,Tulkarem,1-1,8.9,19.969468085106385,1,True,13.51,19.414468085106382,1,True,15.05,18.643263157894737,1,True
2026-08-09T14:00:00Z,1,Tulkarem,1-1,9.72,19.901063829787233,1,True,14.43,19.360744680851063,1,True,15.0,18.561684210526316,1,True
2026-08-09T14:15:00Z,1,Tulkarem,1-1,9.33,19.821489361702127,1,True,14.4,19.291702127659576,1,True,16.1,18.492315789473682,1,True
2026-08-09T14:30:00Z,1,Tulkarem,1-1,8.65,19.73617021276596,1,True,14.43,19.227340425531917,1,True,16.09,18.413999999999998,1,True
2026-08-09T14:45:00Z,1,Tulkarem,1-1,9.62,19.655957446808507,1,True,14.53,19.152659574468085,1,True,15.12,18.32505263157895,1,True
2026-08-09T15:00:00Z,1,Tulkarem,1-1,11.24,19.588617021276594,1,True,14.28,19.101368421052634,1,True,14.48,18.230947368421052,1,True
2026-08-09T15:15:00Z,1,Tulkarem,1-1,12.65,19.52882978723404,1,True,14.25,19.041157894736845,1,True,13.97,18.133157894736843,1,True
2026-08-09T15:30:00Z,1,Tulkarem,1-1,13.22,19.46712765957447,1,True,14.55,18.980421052631577,1,True,14.21,18.038526315789472,1,True
2026-08-09T15:45:00Z,1,Tulkarem,1-1,13.51,19.414468085106382,1,True,14.99,18.91526315789474,1,True,14.55,17.94736842105263,1,True
2026-08-09T16:00:00Z,1,Tulkarem,1-1,14.43,19.360744680851063,1,True,15.71,18.85557894736842,1,True,15.55,17.864736842105263,1,True
2026-08-09T16:15:00Z,1,Tulkarem,1-1,14.4,19.291702127659576,1,True,15.87,18.789894736842104,1,True,15.89,17.78357894736842,1,True
2026-08-09T16:30:00Z,1,Tulkarem,1-1,14.43,19.227340425531917,1,True,15.46,18.722421052631578,1,True,23.39,17.77578947368421,1,True
2026-08-09T16:45:00Z,1,Tulkarem,1-1,14.53,19.152659574468085,1,True,15.05,18.643263157894737,1,True,19.65,17.725578947368422,1,True
2026-08-09T17:00:00Z,1,Tulkarem,1-1,14.28,19.101368421052634,1,True,15.0,18.561684210526316,1,True,23.5,17.724000000000004,1,True
2026-08-09T17:15:00Z,1,Tulkarem,1-1,14.25,19.041157894736845,1,True,16.1,18.492315789473682,1,True,22.04,17.704842105263157,1,True
2026-08-09T17:30:00Z,1,Tulkarem,1-1,14.55,18.980421052631577,1,True,16.09,18.413999999999998,1,True,20.9,17.66821052631579,1,True
2026-08-09T17:45:00Z,1,Tulkarem,1-1,14.99,18.91526315789474,1,True,15.12,18.32505263157895,1,True,20.89,17.627368421052633,1,True
2026-08-09T18:00:00Z,1,Tulkarem,1-1,15.71,18.85557894736842,1,True,14.48,18.230947368421052,1,True,21.52,17.667916666666667,1,True
2026-08-09T18:15:00Z,1,Tulkarem,1-1,15.87,18.789894736842104,1,True,13.97,18.133157894736843,1,True,21.38,17.587916666666665,1,True
2026-08-09T18:30:00Z,1,Tulkarem,1-1,15.46,18.722421052631578,1,True,14.21,18.038526315789472,1,True,20.23,17.489270833333332,1,True
2026-08-09T18:45:00Z,1,Tulkarem,1-1,15.05,18.643263157894737,1,True,14.55,17.94736842105263,1,True,19.89,17.392500000000002,1,True
2026-08-09T19:00:00Z,1,Tulkarem,1-1,15.0,18.561684210526316,1,True,15.55,17.864736842105263,1,True,17.58,17.286875,1,True
2026-08-09T19:15:00Z,1,Tulkarem,1-1,16.1,18.492315789473682,1,True,15.89,17.78357894736842,1,True,17.49,17.2009375,1,True
2026-08-09T19:30:00Z,1,Tulkarem,1-1,16.09,18.413999999999998,1,True,23.39,17.77578947368421,1,True,17.06,17.1184375,1,True
2026-08-09T19:45:00Z,1,Tulkarem,1-1,15.12,18.32505263157895,1,True,19.65,17.725578947368422,1,True,16.83,17.031145833333333,1,True
2026-08-09T20:00:00Z,1,Tulkarem,1-1,14.48,18.230947368421052,1,True,23.5,17.724000000000004,1,True,16.85,16.940208333333334,1,True
2026-08-09T20:15:00Z,1,Tulkarem,1-1,13.97,18.133157894736843,1,True,22.04,17.704842105263157,1,True,16.51,16.834062499999998,1,True
2026-08-09T20:30:00Z,1,Tulkarem,1-1,14.21,18.038526315789472,1,True,20.9,17.66821052631579,1,True,16.11,16.7296875,1,True
2026-08-09T20:45:00Z,1,Tulkarem,1-1,14.55,17.94736842105263,1,True,20.89,17.627368421052633,1,True,15.72,16.630104166666666,1,True
2026-08-09T21:00:00Z,1,Tulkarem,1-1,15.55,17.864736842105263,1,True,21.52,17.667916666666667,1,True,16.71,16.53875,1,True
2026-08-09T21:15:00Z,1,Tulkarem,1-1,15.89,17.78357894736842,1,True,21.38,17.587916666666665,1,True,18.0,16.45520833333333,1,True
2026-08-09T21:30:00Z,1,Tulkarem,1-1,23.39,17.77578947368421,1,True,20.23,17.489270833333332,1,True,16.72,16.35802083333333,1,True
2026-08-09T21:45:00Z,1,Tulkarem,1-1,19.65,17.725578947368422,1,True,19.89,17.392500000000002,1,True,16.87,16.253020833333334,1,True
2026-08-09T22:00:00Z,1,Tulkarem,1-1,23.5,17.724000000000004,1,True,17.58,17.286875,1,True,16.97,16.150000000000002,1,True
2026-08-09T22:15:00Z,1,Tulkarem,1-1,22.04,17.704842105263157,1,True,17.49,17.2009375,1,True,20.58,16.100416666666668,1,True
2026-08-09T22:30:00Z,1,Tulkarem,1-1,20.9,17.66821052631579,1,True,17.06,17.1184375,1,True,22.9,16.091250000000002,1,True
2026-08-09T22:45:00Z,1,Tulkarem,1-1,20.89,17.627368421052633,1,True,16.83,17.031145833333333,1,True,20.41,16.060208333333332,1,True
2026-08-09T23:00:00Z,1,Tulkarem,1-1,21.52,17.667916666666667,1,True,16.85,16.940208333333334,1,True,23.3,16.067708333333332,1,True
2026-08-09T23:15:00Z,1,Tulkarem,1-1,21.38,17.587916666666665,1,True,16.51,16.834062499999998,1,True,20.47,15.979583333333332,1,True
2026-08-09T23:30:00Z,1,Tulkarem,1-1,20.23,17.489270833333332,1,True,16.11,16.7296875,1,True,16.13,15.896666666666668,1,True
2026-08-09T23:45:00Z,1,Tulkarem,1-1,19.89,17.392500000000002,1,True,15.72,16.630104166666666,1,True,16.35,15.814062499999999,1,True
2026-08-10T00:00:00Z,1,Tulkarem,1-1,17.58,17.286875,1,True,16.71,16.53875,1,True,14.24,15.778229166666668,1,True
2026-08-10T00:15:00Z,1,Tulkarem,1-1,17.49,17.2009375,1,True,18.0,16.45520833333333,1,True,12.43,15.7184375,1,True
2026-08-10T00:30:00Z,1,Tulkarem,1-1,17.06,17.1184375,1,True,16.72,16.35802083333333,1,True,11.65,15.6565625,1,True
2026-08-10T00:45:00Z,1,Tulkarem,1-1,16.83,17.031145833333333,1,True,16.87,16.253020833333334,1,True,11.27,15.574062500000002,1,True
2026-08-10T01:00:00Z,1,Tulkarem,1-1,16.85,16.940208333333334,1,True,16.97,16.150000000000002,1,True,10.52,15.483125000000001,1,True
2026-08-10T01:15:00Z,1,Tulkarem,1-1,16.51,16.834062499999998,1,True,20.58,16.100416666666668,1,True,11.68,15.382916666666667,1,True
2026-08-10T01:30:00Z,1,Tulkarem,1-1,16.11,16.7296875,1,True,22.9,16.091250000000002,1,True,10.22,15.274270833333333,1,True
2026-08-10T01:45:00Z,1,Tulkarem,1-1,15.72,16.630104166666666,1,True,20.41,16.060208333333332,1,True,10.92,15.17,1,True
2026-08-10T02:00:00Z,1,Tulkarem,1-1,16.71,16.53875,1,True,23.3,16.067708333333332,1,True,13.31,15.085416666666667,1,True
2026-08-10T02:15:00Z,1,Tulkarem,1-1,18.0,16.45520833333333,1,True,20.47,15.979583333333332,1,True,15.67,15.054791666666667,1,True
2026-08-10T02:30:00Z,1,Tulkarem,1-1,16.72,16.35802083333333,1,True,16.13,15.896666666666668,1,True,14.12,15.021875,1,True
2026-08-10T02:45:00Z,1,Tulkarem,1-1,16.87,16.253020833333334,1,True,16.35,15.814062499999999,1,True,14.15,14.9921875,0,True
2026-08-10T03:00:00Z,1,Tulkarem,1-1,16.97,16.150000000000002,1,True,14.24,15.778229166666668,1,True,13.9,14.953958333333333,0,True
2026-08-10T03:15:00Z,1,Tulkarem,1-1,20.58,16.100416666666668,1,True,12.43,15.7184375,1,True,13.17,14.909583333333332,0,True
2026-08-10T03:30:00Z,1,Tulkarem,1-1,22.9,16.091250000000002,1,True,11.65,15.6565625,1,True,12.52,14.863749999999998,0,True
2026-08-10T03:45:00Z,1,Tulkarem,1-1,20.41,16.060208333333332,1,True,11.27,15.574062500000002,1,True,12.17,14.831145833333332,0,True
2026-08-10T04:00:00Z,1,Tulkarem,1-1,23.3,16.067708333333332,1,True,10.52,15.483125000000001,1,True,12.16,14.803125000000001,0,True
2026-08-10T04:15:00Z,1,Tulkarem,1-1,20.47,15.979583333333332,1,True,11.68,15.382916666666667,1,True,9.95,14.756666666666666,0,True
2026-08-10T04:30:00Z,1,Tulkarem,1-1,16.13,15.896666666666668,1,True,10.22,15.274270833333333,1,True,7.95,14.695833333333333,0,True
2026-08-10T04:45:00Z,1,Tulkarem,1-1,16.35,15.814062499999999,1,True,10.92,15.17,1,True,6.75,14.625520833333333,0,True
2026-08-10T05:00:00Z,1,Tulkarem,1-1,14.24,15.778229166666668,1,True,13.31,15.085416666666667,1,True,6.25,14.546666666666667,0,True
2026-08-10T05:15:00Z,1,Tulkarem,1-1,12.43,15.7184375,1,True,15.67,15.054791666666667,1,True,6.37,14.476458333333333,0,True
2026-08-10T05:30:00Z,1,Tulkarem,1-1,11.65,15.6565625,1,True,14.12,15.021875,1,True,6.32,14.418333333333335,0,True
2026-08-10T05:45:00Z,1,Tulkarem,1-1,11.27,15.574062500000002,1,True,14.15,14.9921875,0,True,6.58,14.3615625,0,True
2026-08-10T06:00:00Z,1,Tulkarem,1-1,10.52,15.483125000000001,1,True,13.9,14.953958333333333,0,True,6.6,14.305833333333334,0,True
2026-08-10T06:15:00Z,1,Tulkarem,1-1,11.68,15.382916666666667,1,True,13.17,14.909583333333332,0,True,6.71,14.256770833333333,0,True
2026-08-10T06:30:00Z,1,Tulkarem,1-1,10.22,15.274270833333333,1,True,12.52,14.863749999999998,0,True,6.6,14.206458333333332,0,True
2026-08-10T06:45:00Z,1,Tulkarem,1-1,10.92,15.17,1,True,12.17,14.831145833333332,0,True,7.51,14.171354166666667,0,True
2026-08-10T07:00:00Z,1,Tulkarem,1-1,13.31,15.085416666666667,1,True,12.16,14.803125000000001,0,True,7.57,14.145208333333334,0,True
2026-08-10T07:15:00Z,1,Tulkarem,1-1,15.67,15.054791666666667,1,True,9.95,14.756666666666666,0,True,7.41,14.118541666666667,0,True
2026-08-10T07:30:00Z,1,Tulkarem,1-1,14.12,15.021875,1,True,7.95,14.695833333333333,0,True,7.44,14.088333333333333,0,True
2026-08-10T07:45:00Z,1,Tulkarem,1-1,14.15,14.9921875,0,True,6.75,14.625520833333333,0,True,7.48,14.059375000000001,0,True
2026-08-10T08:00:00Z,1,Tulkarem,1-1,13.9,14.953958333333333,0,True,6.25,14.546666666666667,0,True,8.05,14.039895833333334,0,True
2026-08-10T08:15:00Z,1,Tulkarem,1-1,13.17,14.909583333333332,0,True,6.37,14.476458333333333,0,True,7.24,14.013958333333335,0,True
2026-08-10T08:30:00Z,1,Tulkarem,1-1,12.52,14.863749999999998,0,True,6.32,14.418333333333335,0,True,6.88,13.983958333333334,0,True
2026-08-10T08:45:00Z,1,Tulkarem,1-1,12.17,14.831145833333332,0,True,6.58,14.3615625,0,True,6.17,13.955520833333333,0,True
2026-08-10T09:00:00Z,1,Tulkarem,1-1,12.16,14.803125000000001,0,True,6.6,14.305833333333334,0,True,5.75,13.914166666666667,0,True
2026-08-10T09:15:00Z,1,Tulkarem,1-1,9.95,14.756666666666666,0,True,6.71,14.256770833333333,0,True,5.67,13.876041666666667,0,True
2026-08-10T09:30:00Z,1,Tulkarem,1-1,7.95,14.695833333333333,0,True,6.6,14.206458333333332,0,True,6.47,13.853333333333332,0,True
2026-08-10T09:45:00Z,1,Tulkarem,1-1,6.75,14.625520833333333,0,True,7.51,14.171354166666667,0,True,7.18,13.827916666666667,0,True
2026-08-10T10:00:00Z,1,Tulkarem,1-1,6.25,14.546666666666667,0,True,7.57,14.145208333333334,0,True,,,,False
2026-08-10T10:15:00Z,1,Tulkarem,1-1,6.37,14.476458333333333,0,True,7.41,14.118541666666667,0,True,9.65,13.823578947368421,0,True
2026-08-10T10:30:00Z,1,Tulkarem,1-1,6.32,14.418333333333335,0,True,7.44,14.088333333333333,0,True,10.38,13.793684210526314,0,True
2026-08-10T10:45:00Z,1,Tulkarem,1-1,6.58,14.3615625,0,True,7.48,14.059375000000001,0,True,11.21,13.769473684210526,0,True
2026-08-10T11:00:00Z,1,Tulkarem,1-1,6.6,14.305833333333334,0,True,8.05,14.039895833333334,0,True,11.45,13.738105263157896,0,True
2026-08-10T11:15:00Z,1,Tulkarem,1-1,6.71,14.256770833333333,0,True,7.24,14.013958333333335,0,True,13.78,13.73157894736842,0,True
2026-08-10T11:30:00Z,1,Tulkarem,1-1,6.6,14.206458333333332,0,True,6.88,13.983958333333334,0,True,13.96,13.726631578947368,0,True
2026-08-10T11:45:00Z,1,Tulkarem,1-1,7.51,14.171354166666667,0,True,6.17,13.955520833333333,0,True,27.59,13.864105263157894,0,True
2026-08-10T12:00:00Z,1,Tulkarem,1-1,7.57,14.145208333333334,0,True,5.75,13.914166666666667,0,True,59.44,14.339473684210526,0,True
2026-08-10T12:15:00Z,1,Tulkarem,1-1,7.41,14.118541666666667,0,True,5.67,13.876041666666667,0,True,49.48,14.710315789473684,0,True
2026-08-10T12:30:00Z,1,Tulkarem,1-1,7.44,14.088333333333333,0,True,6.47,13.853333333333332,0,True,20.09,14.768631578947367,0,True
2026-08-10T12:45:00Z,1,Tulkarem,1-1,7.48,14.059375000000001,0,True,7.18,13.827916666666667,0,True,14.15,14.759789473684211,0,True
2026-08-10T13:00:00Z,1,Tulkarem,1-1,8.05,14.039895833333334,0,True,,,,False,14.72,14.749368421052631,0,True
2026-08-10T13:15:00Z,1,Tulkarem,1-1,7.24,14.013958333333335,0,True,9.65,13.823578947368421,0,True,15.04,14.74063157894737,0,True
2026-08-10T13:30:00Z,1,Tulkarem,1-1,6.88,13.983958333333334,0,True,10.38,13.793684210526314,0,True,15.29,14.738842105263158,0,True
2026-08-10T13:45:00Z,1,Tulkarem,1-1,6.17,13.955520833333333,0,True,11.21,13.769473684210526,0,True,14.84,14.736631578947366,0,True
2026-08-10T14:00:00Z,1,Tulkarem,1-1,5.75,13.914166666666667,0,True,11.45,13.738105263157896,0,True,15.79,14.744947368421052,0,True
2026-08-10T14:15:00Z,1,Tulkarem,1-1,5.67,13.876041666666667,0,True,13.78,13.73157894736842,0,True,16.4,14.748105263157894,0,True
2026-08-10T14:30:00Z,1,Tulkarem,1-1,6.47,13.853333333333332,0,True,13.96,13.726631578947368,0,True,15.98,14.746947368421052,0,True
2026-08-10T14:45:00Z,1,Tulkarem,1-1,7.18,13.827916666666667,0,True,27.59,13.864105263157894,0,True,16.25,14.758842105263158,0,True
2026-08-10T15:00:00Z,1,Tulkarem,1-1,,,,False,59.44,14.339473684210526,0,True,16.59,14.781052631578946,0,True
2026-08-10T15:15:00Z,1,Tulkarem,1-1,9.65,13.823578947368421,0,True,49.48,14.710315789473684,0,True,16.48,14.807473684210525,0,True
2026-08-10T15:30:00Z,1,Tulkarem,1-1,10.38,13.793684210526314,0,True,20.09,14.768631578947367,0,True,18.02,14.84757894736842,0,True
2026-08-10T15:45:00Z,1,Tulkarem,1-1,11.21,13.769473684210526,0,True,14.15,14.759789473684211,0,True,17.48,14.878421052631577,0,True
2026-08-10T16:15:00Z,1,Tulkarem,1-1,13.78,13.73157894736842,0,True,15.04,14.74063157894737,0,True,19.18,14.941578947368422,0,True
2026-08-10T16:30:00Z,1,Tulkarem,1-1,13.96,13.726631578947368,0,True,15.29,14.738842105263158,0,True,21.3,14.91957894736842,0,True
2026-08-10T16:45:00Z,1,Tulkarem,1-1,27.59,13.864105263157894,0,True,14.84,14.736631578947366,0,True,20.64,14.93,0,True
2026-08-10T17:00:00Z,1,Tulkarem,1-1,59.44,14.339473684210526,0,True,15.79,14.744947368421052,0,True,18.67,14.879157894736842,0,True
2026-08-10T17:15:00Z,1,Tulkarem,1-1,49.48,14.710315789473684,0,True,16.4,14.748105263157894,0,True,20.61,14.864105263157894,0,True
2026-08-10T17:30:00Z,1,Tulkarem,1-1,20.09,14.768631578947367,0,True,15.98,14.746947368421052,0,True,23.38,14.89021052631579,0,True
2026-08-10T17:45:00Z,1,Tulkarem,1-1,14.15,14.759789473684211,0,True,16.25,14.758842105263158,0,True,22.67,14.908947368421051,0,True
2026-08-10T18:00:00Z,1,Tulkarem,1-1,14.72,14.749368421052631,0,True,16.59,14.781052631578946,0,True,19.94,14.892315789473685,0,True
2026-08-10T18:15:00Z,1,Tulkarem,1-1,15.04,14.74063157894737,0,True,16.48,14.807473684210525,0,True,19.39,14.871368421052633,0,True
2026-08-10T18:30:00Z,1,Tulkarem,1-1,15.29,14.738842105263158,0,True,18.02,14.84757894736842,0,True,18.2,14.85,0,True
2026-08-10T18:45:00Z,1,Tulkarem,1-1,14.84,14.736631578947366,0,True,17.48,14.878421052631577,0,True,20.34,14.854736842105263,0,True
2026-08-10T19:00:00Z,1,Tulkarem,1-1,15.79,14.744947368421052,0,True,18.26,14.90694736842105,0,True,20.62,14.886736842105263,0,True
2026-08-10T19:15:00Z,1,Tulkarem,1-1,16.4,14.748105263157894,0,True,19.18,14.941578947368422,0,True,20.97,14.923368421052633,0,True
2026-08-10T19:30:00Z,1,Tulkarem,1-1,15.98,14.746947368421052,0,True,21.3,14.91957894736842,0,True,18.44,14.937894736842107,0,True
2026-08-10T19:45:00Z,1,Tulkarem,1-1,16.25,14.758842105263158,0,True,20.64,14.93,0,True,19.46,14.96557894736842,0,True
2026-08-10T20:00:00Z,1,Tulkarem,1-1,16.59,14.781052631578946,0,True,18.67,14.879157894736842,0,True,18.29,14.980736842105264,0,True
2026-08-10T20:15:00Z,1,Tulkarem,1-1,16.48,14.807473684210525,0,True,20.61,14.864105263157894,0,True,19.77,15.015052631578948,1,True
2026-08-10T20:30:00Z,1,Tulkarem,1-1,18.02,14.84757894736842,0,True,23.38,14.89021052631579,0,True,22.44,15.081684210526316,1,True
2026-08-10T20:45:00Z,1,Tulkarem,1-1,17.48,14.878421052631577,0,True,22.67,14.908947368421051,0,True,20.42,15.13115789473684,1,True
2026-08-10T21:00:00Z,1,Tulkarem,1-1,18.26,14.90694736842105,0,True,19.94,14.892315789473685,0,True,18.34,15.148315789473687,1,True
2026-08-10T21:15:00Z,1,Tulkarem,1-1,19.18,14.941578947368422,0,True,19.39,14.871368421052633,0,True,20.07,15.170105263157895,1,True
2026-08-10T21:30:00Z,1,Tulkarem,1-1,21.3,14.91957894736842,0,True,18.2,14.85,0,True,19.1,15.195157894736841,1,True
2026-08-10T21:45:00Z,1,Tulkarem,1-1,20.64,14.93,0,True,20.34,14.854736842105263,0,True,27.62,15.308315789473683,1,True
2026-08-10T22:00:00Z,1,Tulkarem,1-1,18.67,14.879157894736842,0,False,20.62,14.886736842105263,0,False,27.81,15.422421052631577,1,False
2026-08-10T22:15:00Z,1,Tulkarem,1-1,20.61,14.864105263157894,0,True,20.97,14.923368421052633,0,True,40.6,15.633157894736843,1,True
2026-08-10T22:30:00Z,1,Tulkarem,1-1,23.38,14.89021052631579,0,True,18.44,14.937894736842107,0,True,19.23,15.594526315789471,1,True
2026-08-10T22:45:00Z,1,Tulkarem,1-1,22.67,14.908947368421051,0,True,19.46,14.96557894736842,0,True,15.09,15.538526315789474,1,True
2026-08-10T23:00:00Z,1,Tulkarem,1-1,19.94,14.892315789473685,0,True,18.29,14.980736842105264,0,True,15.47,15.456105263157896,1,True
2026-08-10T23:15:00Z,1,Tulkarem,1-1,19.39,14.871368421052633,0,True,19.77,15.015052631578948,1,True,22.13,15.473578947368422,1,True
2026-08-10T23:30:00Z,1,Tulkarem,1-1,18.2,14.85,0,True,22.44,15.081684210526316,1,True,23.74,15.553684210526315,1,True
2026-08-10T23:45:00Z,1,Tulkarem,1-1,20.34,14.854736842105263,0,True,20.42,15.13115789473684,1,True,15.0,15.539473684210526,1,True
2026-08-11T00:00:00Z,1,Tulkarem,1-1,20.62,14.886736842105263,0,True,18.34,15.148315789473687,1,True,16.83,15.566736842105264,1,True
2026-08-11T00:15:00Z,1,Tulkarem,1-1,20.97,14.923368421052633,0,True,20.07,15.170105263157895,1,True,15.03,15.594105263157894,1,True
2026-08-11T00:30:00Z,1,Tulkarem,1-1,18.44,14.937894736842107,0,True,19.1,15.195157894736841,1,True,15.48,15.63442105263158,1,True
2026-08-11T00:45:00Z,1,Tulkarem,1-1,19.46,14.96557894736842,0,True,27.62,15.308315789473683,1,True,14.48,15.668210526315788,1,True
2026-08-11T01:00:00Z,1,Tulkarem,1-1,18.29,14.980736842105264,0,True,27.81,15.422421052631577,1,True,13.28,15.697263157894737,1,True
2026-08-11T01:15:00Z,1,Tulkarem,1-1,19.77,15.015052631578948,1,True,40.6,15.633157894736843,1,True,13.6,15.717473684210526,1,True
2026-08-11T01:30:00Z,1,Tulkarem,1-1,22.44,15.081684210526316,1,True,19.23,15.594526315789471,1,True,12.24,15.738736842105263,1,True
2026-08-11T01:45:00Z,1,Tulkarem,1-1,20.42,15.13115789473684,1,True,15.09,15.538526315789474,1,True,13.22,15.762947368421052,1,True
2026-08-11T02:00:00Z,1,Tulkarem,1-1,18.34,15.148315789473687,1,True,15.47,15.456105263157896,1,True,13.98,15.770000000000001,1,True
2026-08-11T02:15:00Z,1,Tulkarem,1-1,20.07,15.170105263157895,1,True,22.13,15.473578947368422,1,True,13.29,15.744947368421052,1,True
2026-08-11T02:30:00Z,1,Tulkarem,1-1,19.1,15.195157894736841,1,True,23.74,15.553684210526315,1,True,13.09,15.734105263157895,1,True
2026-08-11T02:45:00Z,1,Tulkarem,1-1,27.62,15.308315789473683,1,True,15.0,15.539473684210526,1,True,12.83,15.72021052631579,1,True
2026-08-11T03:00:00Z,1,Tulkarem,1-1,27.81,15.422421052631577,1,True,16.83,15.566736842105264,1,True,11.99,15.700105263157898,1,True
2026-08-11T03:15:00Z,1,Tulkarem,1-1,40.6,15.633157894736843,1,True,15.03,15.594105263157894,1,True,10.94,15.676631578947369,1,True
2026-08-11T03:30:00Z,1,Tulkarem,1-1,19.23,15.594526315789471,1,True,15.48,15.63442105263158,1,True,9.92,15.649263157894737,1,True
2026-08-11T03:45:00Z,1,Tulkarem,1-1,15.09,15.538526315789474,1,True,14.48,15.668210526315788,1,True,9.6,15.622210526315788,1,True
2026-08-11T04:00:00Z,1,Tulkarem,1-1,15.47,15.456105263157896,1,True,13.28,15.697263157894737,1,True,9.25,15.591578947368419,1,True
2026-08-11T04:15:00Z,1,Tulkarem,1-1,22.13,15.473578947368422,1,True,13.6,15.717473684210526,1,True,9.24,15.584105263157895,1,True
2026-08-11T04:30:00Z,1,Tulkarem,1-1,23.74,15.553684210526315,1,True,12.24,15.738736842105263,1,True,9.34,15.598736842105264,1,True
2026-08-11T04:45:00Z,1,Tulkarem,1-1,15.0,15.539473684210526,1,True,13.22,15.762947368421052,1,True,9.32,15.625789473684211,1,True
2026-08-11T05:00:00Z,1,Tulkarem,1-1,16.83,15.566736842105264,1,True,13.98,15.770000000000001,1,True,10.57,15.671263157894737,1,True
2026-08-11T05:15:00Z,1,Tulkarem,1-1,15.03,15.594105263157894,1,True,13.29,15.744947368421052,1,True,10.22,15.71178947368421,1,True
2026-08-11T05:30:00Z,1,Tulkarem,1-1,15.48,15.63442105263158,1,True,13.09,15.734105263157895,1,True,8.82,15.738105263157893,1,True
2026-08-11T05:45:00Z,1,Tulkarem,1-1,14.48,15.668210526315788,1,True,12.83,15.72021052631579,1,True,8.34,15.756631578947369,1,True
2026-08-11T06:00:00Z,1,Tulkarem,1-1,13.28,15.697263157894737,1,True,11.99,15.700105263157898,1,True,8.1,15.772421052631577,1,True
2026-08-11T06:15:00Z,1,Tulkarem,1-1,13.6,15.717473684210526,1,True,10.94,15.676631578947369,1,True,8.21,15.78821052631579,1,True
2026-08-11T06:30:00Z,1,Tulkarem,1-1,12.24,15.738736842105263,1,True,9.92,15.649263157894737,1,True,7.52,15.797894736842105,1,True
2026-08-11T06:45:00Z,1,Tulkarem,1-1,13.22,15.762947368421052,1,True,9.6,15.622210526315788,1,True,7.72,15.800105263157894,1,True
2026-08-11T07:00:00Z,1,Tulkarem,1-1,13.98,15.770000000000001,1,True,9.25,15.591578947368419,1,True,7.96,15.80421052631579,1,True
2026-08-11T07:15:00Z,1,Tulkarem,1-1,13.29,15.744947368421052,1,True,9.24,15.584105263157895,1,True,7.63,15.806526315789473,1,True
2026-08-11T07:30:00Z,1,Tulkarem,1-1,13.09,15.734105263157895,1,True,9.34,15.598736842105264,1,True,8.51,15.81778947368421,1,True
2026-08-11T07:45:00Z,1,Tulkarem,1-1,12.83,15.72021052631579,1,True,9.32,15.625789473684211,1,True,6.89,15.811578947368421,1,True
2026-08-11T08:00:00Z,1,Tulkarem,1-1,11.99,15.700105263157898,1,True,10.57,15.671263157894737,1,True,6.54,15.795684210526314,1,True
2026-08-11T08:15:00Z,1,Tulkarem,1-1,10.94,15.676631578947369,1,True,10.22,15.71178947368421,1,True,6.51,15.787999999999998,1,True
2026-08-11T08:30:00Z,1,Tulkarem,1-1,9.92,15.649263157894737,1,True,8.82,15.738105263157893,1,True,6.02,15.778947368421052,1,True
2026-08-11T08:45:00Z,1,Tulkarem,1-1,9.6,15.622210526315788,1,True,8.34,15.756631578947369,1,True,5.4,15.770842105263158,1,True
2026-08-11T09:00:00Z,1,Tulkarem,1-1,9.25,15.591578947368419,1,True,8.1,15.772421052631577,1,True,5.02,15.763157894736842,1,True
2026-08-11T09:15:00Z,1,Tulkarem,1-1,9.24,15.584105263157895,1,True,8.21,15.78821052631579,1,True,5.22,15.75842105263158,1,True
2026-08-11T09:30:00Z,1,Tulkarem,1-1,9.34,15.598736842105264,1,True,7.52,15.797894736842105,1,True,5.59,15.749157894736843,1,True
2026-08-11T09:45:00Z,1,Tulkarem,1-1,9.32,15.625789473684211,1,True,7.72,15.800105263157894,1,True,5.74,15.734,1,True
2026-08-11T10:00:00Z,1,Tulkarem,1-1,10.57,15.671263157894737,1,True,7.96,15.80421052631579,1,True,6.42,15.636979166666668,1,True
2026-08-11T10:15:00Z,1,Tulkarem,1-1,10.22,15.71178947368421,1,True,7.63,15.806526315789473,1,True,7.63,15.6159375,1,True
2026-08-11T10:30:00Z,1,Tulkarem,1-1,8.82,15.738105263157893,1,True,8.51,15.81778947368421,1,True,8.18,15.593020833333334,1,True
2026-08-11T10:45:00Z,1,Tulkarem,1-1,8.34,15.756631578947369,1,True,6.89,15.811578947368421,1,True,8.88,15.568750000000001,1,True
2026-08-11T11:00:00Z,1,Tulkarem,1-1,8.1,15.772421052631577,1,True,6.54,15.795684210526314,1,True,9.54,15.548854166666667,1,True
2026-08-11T11:15:00Z,1,Tulkarem,1-1,8.21,15.78821052631579,1,True,6.51,15.787999999999998,1,True,10.77,15.5175,1,True
2026-08-11T11:30:00Z,1,Tulkarem,1-1,7.52,15.797894736842105,1,True,6.02,15.778947368421052,1,True,11.12,15.487916666666665,1,True
2026-08-11T11:45:00Z,1,Tulkarem,1-1,7.72,15.800105263157894,1,True,5.4,15.770842105263158,1,True,11.49,15.320208333333333,1,True
2026-08-11T12:00:00Z,1,Tulkarem,1-1,7.96,15.80421052631579,1,True,5.02,15.763157894736842,1,True,11.45,14.8203125,0,True
2026-08-11T12:15:00Z,1,Tulkarem,1-1,7.63,15.806526315789473,1,True,5.22,15.75842105263158,1,True,11.9,14.428854166666667,0,True
2026-08-11T12:30:00Z,1,Tulkarem,1-1,8.51,15.81778947368421,1,True,5.59,15.749157894736843,1,True,12.4,14.34875,0,True
2026-08-11T12:45:00Z,1,Tulkarem,1-1,6.89,15.811578947368421,1,True,5.74,15.734,1,True,12.27,14.329166666666666,0,True
2026-08-11T13:00:00Z,1,Tulkarem,1-1,6.54,15.795684210526314,1,True,6.42,15.636979166666668,1,True,13.02,14.311458333333333,0,True
2026-08-11T13:15:00Z,1,Tulkarem,1-1,6.51,15.787999999999998,1,True,7.63,15.6159375,1,True,13.01,14.290312499999999,0,True
2026-08-11T13:30:00Z,1,Tulkarem,1-1,6.02,15.778947368421052,1,True,8.18,15.593020833333334,1,True,13.1,14.2675,0,True
2026-08-11T13:45:00Z,1,Tulkarem,1-1,5.4,15.770842105263158,1,True,8.88,15.568750000000001,1,True,13.07,14.2490625,0,True
2026-08-11T14:00:00Z,1,Tulkarem,1-1,5.02,15.763157894736842,1,True,9.54,15.548854166666667,1,True,13.52,14.225416666666666,0,True
2026-08-11T14:15:00Z,1,Tulkarem,1-1,5.22,15.75842105263158,1,True,10.77,15.5175,1,True,13.48,14.195,0,True
2026-08-11T14:30:00Z,1,Tulkarem,1-1,5.59,15.749157894736843,1,True,11.12,15.487916666666665,1,True,13.71,14.171354166666667,0,True
2026-08-11T14:45:00Z,1,Tulkarem,1-1,5.74,15.734,1,True,11.49,15.320208333333333,1,True,13.89,14.146770833333335,0,True
2026-08-11T15:00:00Z,1,Tulkarem,1-1,6.42,15.636979166666668,1,True,11.45,14.8203125,0,True,14.28,14.122708333333335,0,True
2026-08-11T15:15:00Z,1,Tulkarem,1-1,7.63,15.6159375,1,True,11.9,14.428854166666667,0,True,14.25,14.099479166666669,0,True
2026-08-11T15:30:00Z,1,Tulkarem,1-1,8.18,15.593020833333334,1,True,12.4,14.34875,0,True,14.17,14.059375000000001,0,True
2026-08-11T15:45:00Z,1,Tulkarem,1-1,8.88,15.568750000000001,1,True,12.27,14.329166666666666,0,True,16.29,14.046979166666667,0,True
2026-08-11T16:00:00Z,1,Tulkarem,1-1,9.54,15.548854166666667,1,True,13.02,14.311458333333333,0,True,17.56,14.039687500000001,0,True
2026-08-11T16:15:00Z,1,Tulkarem,1-1,10.77,15.5175,1,True,13.01,14.290312499999999,0,True,15.78,14.004270833333335,0,True
2026-08-11T16:30:00Z,1,Tulkarem,1-1,11.12,15.487916666666665,1,True,13.1,14.2675,0,True,15.21,13.940833333333336,0,True
2026-08-11T16:45:00Z,1,Tulkarem,1-1,11.49,15.320208333333333,1,True,13.07,14.2490625,0,True,15.3,13.885208333333333,0,True
2026-08-11T17:00:00Z,1,Tulkarem,1-1,11.45,14.8203125,0,True,13.52,14.225416666666666,0,True,15.2,13.8490625,0,True
2026-08-11T17:15:00Z,1,Tulkarem,1-1,11.9,14.428854166666667,0,True,13.48,14.195,0,True,16.37,13.804895833333333,0,True
2026-08-11T17:30:00Z,1,Tulkarem,1-1,12.4,14.34875,0,True,13.71,14.171354166666667,0,True,16.15,13.729583333333332,0,True
2026-08-11T17:45:00Z,1,Tulkarem,1-1,12.27,14.329166666666666,0,True,13.89,14.146770833333335,0,True,15.24,13.652187500000002,0,True
2026-08-11T18:00:00Z,1,Tulkarem,1-1,13.02,14.311458333333333,0,True,14.28,14.122708333333335,0,True,15.18,13.602604166666666,0,True
2026-08-11T18:15:00Z,1,Tulkarem,1-1,13.01,14.290312499999999,0,True,14.25,14.099479166666669,0,True,15.54,13.5625,0,True
2026-08-11T18:30:00Z,1,Tulkarem,1-1,13.1,14.2675,0,True,14.17,14.059375000000001,0,True,17.37,13.553854166666667,0,True
2026-08-11T18:45:00Z,1,Tulkarem,1-1,13.07,14.2490625,0,True,16.29,14.046979166666667,0,True,18.3,13.532604166666665,0,True
2026-08-11T19:00:00Z,1,Tulkarem,1-1,13.52,14.225416666666666,0,True,17.56,14.039687500000001,0,True,19.0,13.515729166666667,0,True
2026-08-11T19:15:00Z,1,Tulkarem,1-1,13.48,14.195,0,True,15.78,14.004270833333335,0,True,17.15,13.4759375,0,True
2026-08-11T19:30:00Z,1,Tulkarem,1-1,13.71,14.171354166666667,0,True,15.21,13.940833333333336,0,True,17.77,13.468958333333333,0,True
2026-08-11T19:45:00Z,1,Tulkarem,1-1,13.89,14.146770833333335,0,True,15.3,13.885208333333333,0,True,16.58,13.438958333333332,0,True
2026-08-11T20:00:00Z,1,Tulkarem,1-1,14.28,14.122708333333335,0,True,15.2,13.8490625,0,True,15.93,13.414375,0,True
2026-08-11T20:15:00Z,1,Tulkarem,1-1,14.25,14.099479166666669,0,True,16.37,13.804895833333333,0,True,16.02,13.3753125,0,True
2026-08-11T20:30:00Z,1,Tulkarem,1-1,14.17,14.059375000000001,0,True,16.15,13.729583333333332,0,True,15.55,13.303541666666666,0,True
2026-08-11T20:45:00Z,1,Tulkarem,1-1,16.29,14.046979166666667,0,True,15.24,13.652187500000002,0,True,16.12,13.258750000000001,0,True
2026-08-11T21:00:00Z,1,Tulkarem,1-1,17.56,14.039687500000001,0,True,15.18,13.602604166666666,0,True,18.7,13.262499999999998,0,True
2026-08-11T21:15:00Z,1,Tulkarem,1-1,15.78,14.004270833333335,0,True,15.54,13.5625,0,True,17.09,13.231458333333334,0,True
2026-08-11T21:30:00Z,1,Tulkarem,1-1,15.21,13.940833333333336,0,True,17.37,13.553854166666667,0,True,15.37,13.192604166666667,0,True
2026-08-11T21:45:00Z,1,Tulkarem,1-1,15.3,13.885208333333333,0,True,18.3,13.532604166666665,0,True,15.73,13.06875,0,True
2026-08-11T22:00:00Z,1,Tulkarem,1-1,15.2,13.8490625,0,True,19.0,13.515729166666667,0,True,16.9,12.955104166666667,0,True
2026-08-11T22:15:00Z,1,Tulkarem,1-1,16.37,13.804895833333333,0,True,17.15,13.4759375,0,True,16.41,12.703124999999998,0,True
2026-08-11T22:30:00Z,1,Tulkarem,1-1,16.15,13.729583333333332,0,True,17.77,13.468958333333333,0,True,14.42,12.653020833333334,0,True
2026-08-11T22:45:00Z,1,Tulkarem,1-1,15.24,13.652187500000002,0,True,16.58,13.438958333333332,0,True,14.52,12.647083333333333,0,True
2026-08-11T23:00:00Z,1,Tulkarem,1-1,15.18,13.602604166666666,0,True,15.93,13.414375,0,True,14.6,12.638020833333334,0,True
2026-08-11T23:15:00Z,1,Tulkarem,1-1,15.54,13.5625,0,True,16.02,13.3753125,0,True,15.0,12.56375,0,True
2026-08-11T23:30:00Z,1,Tulkarem,1-1,17.37,13.553854166666667,0,True,15.55,13.303541666666666,0,True,18.81,12.512395833333334,0,True
2026-08-11T23:45:00Z,1,Tulkarem,1-1,18.3,13.532604166666665,0,True,16.12,13.258750000000001,0,True,16.26,12.525520833333333,0,True
2026-08-12T00:00:00Z,1,Tulkarem,1-1,19.0,13.515729166666667,0,True,18.7,13.262499999999998,0,True,15.84,12.515208333333332,0,True
2026-08-12T00:15:00Z,1,Tulkarem,1-1,17.15,13.4759375,0,True,17.09,13.231458333333334,0,True,15.77,12.522916666666665,0,True
2026-08-12T00:30:00Z,1,Tulkarem,1-1,17.77,13.468958333333333,0,True,15.37,13.192604166666667,0,True,15.13,12.519270833333332,0,True
2026-08-12T00:45:00Z,1,Tulkarem,1-1,16.58,13.438958333333332,0,True,15.73,13.06875,0,True,15.5,12.529895833333335,0,True
2026-08-12T01:00:00Z,1,Tulkarem,1-1,15.93,13.414375,0,True,16.9,12.955104166666667,0,True,15.18,12.5496875,0,True
2026-08-12T01:15:00Z,1,Tulkarem,1-1,16.02,13.3753125,0,True,16.41,12.703124999999998,0,True,14.4,12.558020833333332,0,True
2026-08-12T01:30:00Z,1,Tulkarem,1-1,15.55,13.303541666666666,0,True,14.42,12.653020833333334,0,True,14.41,12.580625,0,True
2026-08-12T01:45:00Z,1,Tulkarem,1-1,16.12,13.258750000000001,0,True,14.52,12.647083333333333,0,True,14.51,12.5940625,0,True
2026-08-12T02:00:00Z,1,Tulkarem,1-1,18.7,13.262499999999998,0,True,14.6,12.638020833333334,0,True,14.96,12.604270833333333,0,True
2026-08-12T02:15:00Z,1,Tulkarem,1-1,17.09,13.231458333333334,0,True,15.0,12.56375,0,True,14.19,12.613645833333331,0,True
2026-08-12T02:30:00Z,1,Tulkarem,1-1,15.37,13.192604166666667,0,True,18.81,12.512395833333334,0,True,14.4,12.627291666666666,0,True
2026-08-12T02:45:00Z,1,Tulkarem,1-1,15.73,13.06875,0,True,16.26,12.525520833333333,0,True,15.8,12.658229166666665,0,True
2026-08-12T03:00:00Z,1,Tulkarem,1-1,16.9,12.955104166666667,0,True,15.84,12.515208333333332,0,True,16.03,12.700312499999997,0,True
2026-08-12T03:15:00Z,1,Tulkarem,1-1,16.41,12.703124999999998,0,True,15.77,12.522916666666665,0,True,15.55,12.748333333333335,0,True
2026-08-12T03:30:00Z,1,Tulkarem,1-1,14.42,12.653020833333334,0,True,15.13,12.519270833333332,0,True,14.71,12.798229166666665,0,True
2026-08-12T03:45:00Z,1,Tulkarem,1-1,14.52,12.647083333333333,0,True,15.5,12.529895833333335,0,True,13.88,12.8428125,0,True
2026-08-12T04:00:00Z,1,Tulkarem,1-1,14.6,12.638020833333334,0,True,15.18,12.5496875,0,True,13.43,12.886354166666669,0,True
2026-08-12T04:15:00Z,1,Tulkarem,1-1,15.0,12.56375,0,True,14.4,12.558020833333332,0,True,12.08,12.9159375,0,True
2026-08-12T04:30:00Z,1,Tulkarem,1-1,18.81,12.512395833333334,0,True,14.41,12.580625,0,True,11.33,12.936666666666666,0,True
2026-08-12T04:45:00Z,1,Tulkarem,1-1,16.26,12.525520833333333,0,True,14.51,12.5940625,0,True,11.49,12.959270833333333,0,True
2026-08-12T05:00:00Z,1,Tulkarem,1-1,15.84,12.515208333333332,0,True,14.96,12.604270833333333,0,True,11.25,12.966354166666667,0,True
2026-08-12T05:15:00Z,1,Tulkarem,1-1,15.77,12.522916666666665,0,True,14.19,12.613645833333331,0,True,11.95,12.984375,0,True
2026-08-12T05:30:00Z,1,Tulkarem,1-1,15.13,12.519270833333332,0,True,14.4,12.627291666666666,0,True,12.51,13.0228125,0,True
2026-08-12T05:45:00Z,1,Tulkarem,1-1,15.5,12.529895833333335,0,True,15.8,12.658229166666665,0,True,12.34,13.064479166666665,0,True
2026-08-12T06:00:00Z,1,Tulkarem,1-1,15.18,12.5496875,0,True,16.03,12.700312499999997,0,True,12.59,13.11125,0,True
2026-08-12T06:15:00Z,1,Tulkarem,1-1,14.4,12.558020833333332,0,True,15.55,12.748333333333335,0,True,13.91,13.170625,0,True
2026-08-12T06:30:00Z,1,Tulkarem,1-1,14.41,12.580625,0,True,14.71,12.798229166666665,0,True,12.2,13.219375,0,True
2026-08-12T06:45:00Z,1,Tulkarem,1-1,14.51,12.5940625,0,True,13.88,12.8428125,0,True,12.74,13.271666666666667,0,True
2026-08-12T07:00:00Z,1,Tulkarem,1-1,14.96,12.604270833333333,0,True,13.43,12.886354166666669,0,True,13.22,13.326458333333333,0,True
2026-08-12T07:15:00Z,1,Tulkarem,1-1,14.19,12.613645833333331,0,True,12.08,12.9159375,0,True,12.75,13.379791666666668,0,True
2026-08-12T07:30:00Z,1,Tulkarem,1-1,14.4,12.627291666666666,0,True,11.33,12.936666666666666,0,True,12.21,13.418333333333335,0,True
2026-08-12T07:45:00Z,1,Tulkarem,1-1,15.8,12.658229166666665,0,True,11.49,12.959270833333333,0,True,13.03,13.482291666666667,0,True
2026-08-12T08:00:00Z,1,Tulkarem,1-1,16.03,12.700312499999997,0,True,11.25,12.966354166666667,0,True,12.93,13.548854166666667,0,True
2026-08-12T08:15:00Z,1,Tulkarem,1-1,15.55,12.748333333333335,0,True,11.95,12.984375,0,True,12.79,13.614270833333334,0,True
2026-08-12T08:30:00Z,1,Tulkarem,1-1,14.71,12.798229166666665,0,True,12.51,13.0228125,0,True,13.32,13.6903125,0,True
2026-08-12T08:45:00Z,1,Tulkarem,1-1,13.88,12.8428125,0,True,12.34,13.064479166666665,0,True,12.83,13.767708333333333,0,True
2026-08-12T09:00:00Z,1,Tulkarem,1-1,13.43,12.886354166666669,0,True,12.59,13.11125,0,True,12.69,13.847604166666665,0,True
2026-08-12T09:15:00Z,1,Tulkarem,1-1,12.08,12.9159375,0,True,13.91,13.170625,0,True,13.09,13.929583333333333,0,True
2026-08-12T09:30:00Z,1,Tulkarem,1-1,11.33,12.936666666666666,0,True,12.2,13.219375,0,True,13.91,14.01625,0,True
2026-08-12T09:45:00Z,1,Tulkarem,1-1,11.49,12.959270833333333,0,True,12.74,13.271666666666667,0,True,14.76,14.110208333333333,0,True
2026-08-12T10:00:00Z,1,Tulkarem,1-1,11.25,12.966354166666667,0,True,13.22,13.326458333333333,0,True,22.21,14.274687499999999,0,True
2026-08-12T10:15:00Z,1,Tulkarem,1-1,11.95,12.984375,0,True,12.75,13.379791666666668,0,True,21.52,14.419375,0,True
2026-08-12T10:30:00Z,1,Tulkarem,1-1,12.51,13.0228125,0,True,12.21,13.418333333333335,0,True,19.86,14.541041666666667,0,True
2026-08-12T10:45:00Z,1,Tulkarem,1-1,12.34,13.064479166666665,0,True,13.03,13.482291666666667,0,True,34.64,14.809374999999998,0,True
2026-08-12T11:00:00Z,1,Tulkarem,1-1,12.59,13.11125,0,True,12.93,13.548854166666667,0,True,47.17,15.201354166666667,1,True
2026-08-12T11:15:00Z,1,Tulkarem,1-1,13.91,13.170625,0,True,12.79,13.614270833333334,0,True,50.41,15.614270833333334,1,True
2026-08-12T11:30:00Z,1,Tulkarem,1-1,12.2,13.219375,0,True,13.32,13.6903125,0,True,31.87,15.830416666666666,1,True
2026-08-12T11:45:00Z,1,Tulkarem,1-1,12.74,13.271666666666667,0,True,12.83,13.767708333333333,0,True,33.4,16.058645833333333,1,True
2026-08-12T12:00:00Z,1,Tulkarem,1-1,13.22,13.326458333333333,0,True,12.69,13.847604166666665,0,True,30.7,16.259166666666665,1,True
2026-08-12T12:15:00Z,1,Tulkarem,1-1,12.75,13.379791666666668,0,True,13.09,13.929583333333333,0,True,23.11,16.3759375,1,True
2026-08-12T12:30:00Z,1,Tulkarem,1-1,12.21,13.418333333333335,0,True,13.91,14.01625,0,True,19.86,16.453645833333333,1,True
2026-08-12T12:45:00Z,1,Tulkarem,1-1,13.03,13.482291666666667,0,True,14.76,14.110208333333333,0,True,21.74,16.552291666666665,1,True
2026-08-12T13:00:00Z,1,Tulkarem,1-1,12.93,13.548854166666667,0,True,22.21,14.274687499999999,0,True,23.45,16.6609375,1,True
2026-08-12T13:15:00Z,1,Tulkarem,1-1,12.79,13.614270833333334,0,True,21.52,14.419375,0,True,23.14,16.766458333333336,1,True
2026-08-12T13:30:00Z,1,Tulkarem,1-1,13.32,13.6903125,0,True,19.86,14.541041666666667,0,True,22.67,16.86614583333333,1,True
2026-08-12T13:45:00Z,1,Tulkarem,1-1,12.83,13.767708333333333,0,True,34.64,14.809374999999998,0,True,22.07,16.959895833333334,1,True
2026-08-12T14:00:00Z,1,Tulkarem,1-1,12.69,13.847604166666665,0,True,47.17,15.201354166666667,1,True,21.48,17.0428125,1,True
2026-08-12T14:15:00Z,1,Tulkarem,1-1,13.09,13.929583333333333,0,True,50.41,15.614270833333334,1,True,20.94,17.120520833333334,1,True
2026-08-12T14:30:00Z,1,Tulkarem,1-1,13.91,14.01625,0,True,31.87,15.830416666666666,1,True,20.34,17.189583333333335,1,True
2026-08-12T14:45:00Z,1,Tulkarem,1-1,14.76,14.110208333333333,0,True,33.4,16.058645833333333,1,True,23.12,17.285729166666666,1,True
2026-08-12T15:00:00Z,1,Tulkarem,1-1,22.21,14.274687499999999,0,True,30.7,16.259166666666665,1,True,25.84,17.406145833333333,1,True
2026-08-12T15:15:00Z,1,Tulkarem,1-1,21.52,14.419375,0,True,23.11,16.3759375,1,True,24.04,17.508125,1,True
2026-08-12T15:30:00Z,1,Tulkarem,1-1,19.86,14.541041666666667,0,True,19.86,16.453645833333333,1,True,24.62,17.616979166666667,1,True
2026-08-12T15:45:00Z,1,Tulkarem,1-1,34.64,14.809374999999998,0,True,21.74,16.552291666666665,1,True,23.59,17.693020833333335,1,True
2026-08-12T16:00:00Z,1,Tulkarem,1-1,47.17,15.201354166666667,1,True,23.45,16.6609375,1,True,23.42,17.7540625,1,True
2026-08-12T16:15:00Z,1,Tulkarem,1-1,50.41,15.614270833333334,1,True,23.14,16.766458333333336,1,True,23.95,17.839166666666667,1,True
2026-08-12T16:30:00Z,1,Tulkarem,1-1,31.87,15.830416666666666,1,True,22.67,16.86614583333333,1,True,22.79,17.918125,1,True
2026-08-12T16:45:00Z,1,Tulkarem,1-1,33.4,16.058645833333333,1,True,22.07,16.959895833333334,1,True,23.31,18.0015625,1,True
2026-08-12T17:00:00Z,1,Tulkarem,1-1,30.7,16.259166666666665,1,True,21.48,17.0428125,1,True,23.28,18.085729166666667,1,True
2026-08-12T17:15:00Z,1,Tulkarem,1-1,23.11,16.3759375,1,True,20.94,17.120520833333334,1,True,22.95,18.15427083333333,1,True
2026-08-12T17:30:00Z,1,Tulkarem,1-1,19.86,16.453645833333333,1,True,20.34,17.189583333333335,1,True,22.46,18.22,1,True
2026-08-12T17:45:00Z,1,Tulkarem,1-1,21.74,16.552291666666665,1,True,23.12,17.285729166666666,1,True,21.9,18.289375,1,True
2026-08-12T18:00:00Z,1,Tulkarem,1-1,23.45,16.6609375,1,True,25.84,17.406145833333333,1,True,21.51,18.3553125,1,True
2026-08-12T18:15:00Z,1,Tulkarem,1-1,23.14,16.766458333333336,1,True,24.04,17.508125,1,True,20.35,18.405416666666664,1,True
2026-08-12T18:30:00Z,1,Tulkarem,1-1,22.67,16.86614583333333,1,True,24.62,17.616979166666667,1,True,20.09,18.43375,1,True
2026-08-12T18:45:00Z,1,Tulkarem,1-1,22.07,16.959895833333334,1,True,23.59,17.693020833333335,1,True,20.7,18.45875,1,True
2026-08-12T19:00:00Z,1,Tulkarem,1-1,21.48,17.0428125,1,True,23.42,17.7540625,1,True,21.07,18.4803125,1,True
2026-08-12T19:15:00Z,1,Tulkarem,1-1,20.94,17.120520833333334,1,True,23.95,17.839166666666667,1,True,20.88,18.519166666666667,1,True
2026-08-12T19:30:00Z,1,Tulkarem,1-1,20.34,17.189583333333335,1,True,22.79,17.918125,1,True,20.17,18.544166666666666,1,True
2026-08-12T19:45:00Z,1,Tulkarem,1-1,23.12,17.285729166666666,1,True,23.31,18.0015625,1,True,20.0,18.57979166666667,1,True
2026-08-12T20:00:00Z,1,Tulkarem,1-1,25.84,17.406145833333333,1,True,23.28,18.085729166666667,1,True,21.63,18.639166666666664,1,True
2026-08-12T20:15:00Z,1,Tulkarem,1-1,24.04,17.508125,1,True,22.95,18.15427083333333,1,True,20.8,18.688958333333336,1,True
2026-08-12T20:30:00Z,1,Tulkarem,1-1,24.62,17.616979166666667,1,True,22.46,18.22,1,True,20.87,18.744375,1,True
2026-08-12T20:45:00Z,1,Tulkarem,1-1,23.59,17.693020833333335,1,True,21.9,18.289375,1,True,20.39,18.788854166666667,1,True
2026-08-12T21:00:00Z,1,Tulkarem,1-1,23.42,17.7540625,1,True,21.51,18.3553125,1,True,20.71,18.809791666666666,1,True
2026-08-12T21:15:00Z,1,Tulkarem,1-1,23.95,17.839166666666667,1,True,20.35,18.405416666666664,1,True,20.13,18.841458333333332,1,True
2026-08-12T21:30:00Z,1,Tulkarem,1-1,22.79,17.918125,1,True,20.09,18.43375,1,True,20.29,18.892708333333335,1,True
2026-08-12T21:45:00Z,1,Tulkarem,1-1,23.31,18.0015625,1,True,20.7,18.45875,1,True,20.0,18.9371875,1,True
2026-08-12T22:00:00Z,1,Tulkarem,1-1,23.28,18.085729166666667,1,True,21.07,18.4803125,1,True,20.87,18.97854166666667,1,True
2026-08-12T22:15:00Z,1,Tulkarem,1-1,22.95,18.15427083333333,1,True,20.88,18.519166666666667,1,True,21.47,19.03125,1,True
2026-08-12T22:30:00Z,1,Tulkarem,1-1,22.46,18.22,1,True,20.17,18.544166666666666,1,True,21.98,19.11,1,True
2026-08-12T22:45:00Z,1,Tulkarem,1-1,21.9,18.289375,1,True,20.0,18.57979166666667,1,True,21.32,19.180833333333336,1,True
2026-08-12T23:00:00Z,1,Tulkarem,1-1,21.51,18.3553125,1,True,21.63,18.639166666666664,1,True,21.28,19.250416666666666,1,True
2026-08-12T23:15:00Z,1,Tulkarem,1-1,20.35,18.405416666666664,1,True,20.8,18.688958333333336,1,True,25.25,19.3571875,1,True
2026-08-12T23:30:00Z,1,Tulkarem,1-1,20.09,18.43375,1,True,20.87,18.744375,1,True,26.02,19.432291666666668,1,True
2026-08-12T23:45:00Z,1,Tulkarem,1-1,20.7,18.45875,1,True,20.39,18.788854166666667,1,True,22.82,19.500625,1,True
2026-08-13T00:00:00Z,1,Tulkarem,1-1,21.07,18.4803125,1,True,20.71,18.809791666666666,1,True,33.11,19.680520833333336,1,True
2026-08-13T00:15:00Z,1,Tulkarem,1-1,20.88,18.519166666666667,1,True,20.13,18.841458333333332,1,True,23.68,19.762916666666666,1,True
2026-08-13T00:30:00Z,1,Tulkarem,1-1,20.17,18.544166666666666,1,True,20.29,18.892708333333335,1,True,23.6,19.851145833333334,1,True
2026-08-13T00:45:00Z,1,Tulkarem,1-1,20.0,18.57979166666667,1,True,20.0,18.9371875,1,True,24.41,19.94395833333333,1,True
2026-08-13T01:00:00Z,1,Tulkarem,1-1,21.63,18.639166666666664,1,True,20.87,18.97854166666667,1,True,24.26,20.038541666666664,1,True
2026-08-13T01:15:00Z,1,Tulkarem,1-1,20.8,18.688958333333336,1,True,21.47,19.03125,1,True,34.7,20.25,1,True
2026-08-13T01:30:00Z,1,Tulkarem,1-1,20.87,18.744375,1,True,21.98,19.11,1,True,33.62,20.450104166666666,1,True
2026-08-13T01:45:00Z,1,Tulkarem,1-1,20.39,18.788854166666667,1,True,21.32,19.180833333333336,1,True,23.23,20.540937500000002,1,True
2026-08-13T02:00:00Z,1,Tulkarem,1-1,20.71,18.809791666666666,1,True,21.28,19.250416666666666,1,True,24.84,20.643854166666667,1,True
2026-08-13T02:15:00Z,1,Tulkarem,1-1,20.13,18.841458333333332,1,True,25.25,19.3571875,1,True,23.05,20.736145833333335,1,True
2026-08-13T02:30:00Z,1,Tulkarem,1-1,20.29,18.892708333333335,1,True,26.02,19.432291666666668,1,True,21.73,20.8125,1,True
2026-08-13T02:45:00Z,1,Tulkarem,1-1,20.0,18.9371875,1,True,22.82,19.500625,1,True,21.38,20.870625,1,True
2026-08-13T03:00:00Z,1,Tulkarem,1-1,20.87,18.97854166666667,1,True,33.11,19.680520833333336,1,True,19.76,20.909479166666667,1,True
2026-08-13T03:15:00Z,1,Tulkarem,1-1,21.47,19.03125,1,True,23.68,19.762916666666666,1,True,,,,False
2026-08-13T03:30:00Z,1,Tulkarem,1-1,21.98,19.11,1,True,23.6,19.851145833333334,1,True,20.19,21.02357894736842,1,True
2026-08-13T03:45:00Z,1,Tulkarem,1-1,21.32,19.180833333333336,1,True,24.41,19.94395833333333,1,True,19.23,21.079894736842103,1,True
2026-08-13T04:00:00Z,1,Tulkarem,1-1,21.28,19.250416666666666,1,True,24.26,20.038541666666664,1,True,17.55,21.123263157894737,1,True
2026-08-13T04:15:00Z,1,Tulkarem,1-1,25.25,19.3571875,1,True,34.7,20.25,1,True,16.81,21.173052631578948,1,True
2026-08-13T04:30:00Z,1,Tulkarem,1-1,26.02,19.432291666666668,1,True,33.62,20.450104166666666,1,True,16.33,21.225684210526317,1,True
2026-08-13T04:45:00Z,1,Tulkarem,1-1,22.82,19.500625,1,True,23.23,20.540937500000002,1,True,16.26,21.275894736842105,1,True
2026-08-13T05:00:00Z,1,Tulkarem,1-1,33.11,19.680520833333336,1,True,24.84,20.643854166666667,1,True,15.8,21.32378947368421,1,True
2026-08-13T05:15:00Z,1,Tulkarem,1-1,23.68,19.762916666666666,1,True,23.05,20.736145833333335,1,True,16.03,21.366736842105265,1,True
2026-08-13T05:30:00Z,1,Tulkarem,1-1,23.6,19.851145833333334,1,True,21.73,20.8125,1,True,17.13,21.415368421052634,1,True
2026-08-13T05:45:00Z,1,Tulkarem,1-1,24.41,19.94395833333333,1,True,21.38,20.870625,1,True,16.79,21.46221052631579,1,True
2026-08-13T06:00:00Z,1,Tulkarem,1-1,24.26,20.038541666666664,1,True,19.76,20.909479166666667,1,True,16.53,21.503684210526316,1,True
2026-08-13T06:15:00Z,1,Tulkarem,1-1,34.7,20.25,1,True,,,,False,16.92,21.535368421052635,1,True
2026-08-13T06:30:00Z,1,Tulkarem,1-1,33.62,20.450104166666666,1,True,20.19,21.02357894736842,1,True,18.6,21.602736842105266,1,True
2026-08-13T06:45:00Z,1,Tulkarem,1-1,23.23,20.540937500000002,1,True,19.23,21.079894736842103,1,True,19.83,21.67736842105263,1,True
2026-08-13T07:00:00Z,1,Tulkarem,1-1,24.84,20.643854166666667,1,True,17.55,21.123263157894737,1,True,20.48,21.75378947368421,1,True
2026-08-13T07:15:00Z,1,Tulkarem,1-1,23.05,20.736145833333335,1,True,16.81,21.173052631578948,1,True,20.52,21.835578947368422,1,True
2026-08-13T07:30:00Z,1,Tulkarem,1-1,21.73,20.8125,1,True,16.33,21.225684210526317,1,True,20.09,21.918526315789475,1,True
2026-08-13T07:45:00Z,1,Tulkarem,1-1,21.38,20.870625,1,True,16.26,21.275894736842105,1,True,21.21,22.004631578947365,1,True
2026-08-13T08:00:00Z,1,Tulkarem,1-1,19.76,20.909479166666667,1,True,15.8,21.32378947368421,1,True,20.94,22.08894736842105,1,True
2026-08-13T08:15:00Z,1,Tulkarem,1-1,,,,False,16.03,21.366736842105265,1,True,21.39,22.179473684210528,1,True
2026-08-13T08:30:00Z,1,Tulkarem,1-1,20.19,21.02357894736842,1,True,17.13,21.415368421052634,1,True,20.9,22.259263157894733,1,True
2026-08-13T08:45:00Z,1,Tulkarem,1-1,19.23,21.079894736842103,1,True,16.79,21.46221052631579,1,True,20.55,22.34052631578947,1,True
2026-08-13T09:00:00Z,1,Tulkarem,1-1,17.55,21.123263157894737,1,True,16.53,21.503684210526316,1,True,19.75,22.414842105263155,1,True
2026-08-13T09:30:00Z,1,Tulkarem,1-1,16.33,21.225684210526317,1,True,18.6,21.602736842105266,1,True,19.3,22.539052631578947,1,True
2026-08-13T09:45:00Z,1,Tulkarem,1-1,16.26,21.275894736842105,1,True,19.83,21.67736842105263,1,True,20.05,22.594736842105263,1,True
2026-08-13T10:00:00Z,1,Tulkarem,1-1,15.8,21.32378947368421,1,True,20.48,21.75378947368421,1,True,20.1,22.57252631578947,1,True
2026-08-13T10:15:00Z,1,Tulkarem,1-1,16.03,21.366736842105265,1,True,20.52,21.835578947368422,1,True,21.47,22.572000000000003,1,True
2026-08-13T10:30:00Z,1,Tulkarem,1-1,17.13,21.415368421052634,1,True,20.09,21.918526315789475,1,True,20.89,22.582842105263158,1,True
2026-08-13T10:45:00Z,1,Tulkarem,1-1,16.79,21.46221052631579,1,True,21.21,22.004631578947365,1,True,21.48,22.444315789473684,1,True
2026-08-13T11:00:00Z,1,Tulkarem,1-1,16.53,21.503684210526316,1,True,20.94,22.08894736842105,1,True,21.08,22.169684210526313,1,True
2026-08-13T11:15:00Z,1,Tulkarem,1-1,16.92,21.535368421052635,1,True,21.39,22.179473684210528,1,True,20.91,21.859157894736846,1,True
2026-08-13T11:30:00Z,1,Tulkarem,1-1,18.6,21.602736842105266,1,True,20.9,22.259263157894733,1,True,20.22,21.736526315789476,1,True
2026-08-13T11:45:00Z,1,Tulkarem,1-1,19.83,21.67736842105263,1,True,20.55,22.34052631578947,1,True,19.88,21.594210526315788,1,True
2026-08-13T12:00:00Z,1,Tulkarem,1-1,20.48,21.75378947368421,1,True,19.75,22.414842105263155,1,True,20.07,21.482315789473684,1,True
2026-08-13T12:15:00Z,1,Tulkarem,1-1,20.52,21.835578947368422,1,True,19.5,22.482315789473684,1,True,19.84,21.447894736842105,1,True
2026-08-13T12:30:00Z,1,Tulkarem,1-1,20.09,21.918526315789475,1,True,19.3,22.539052631578947,1,True,20.51,21.454736842105262,1,True
2026-08-13T12:45:00Z,1,Tulkarem,1-1,21.21,22.004631578947365,1,True,20.05,22.594736842105263,1,True,20.36,21.44021052631579,1,True
2026-08-13T13:00:00Z,1,Tulkarem,1-1,20.94,22.08894736842105,1,True,20.1,22.57252631578947,1,True,21.34,21.418,1,True
2026-08-13T13:15:00Z,1,Tulkarem,1-1,21.39,22.179473684210528,1,True,21.47,22.572000000000003,1,True,23.46,21.42136842105263,1,True
2026-08-13T13:30:00Z,1,Tulkarem,1-1,20.9,22.259263157894733,1,True,20.89,22.582842105263158,1,True,24.9,21.44484210526316,1,True
2026-08-13T13:45:00Z,1,Tulkarem,1-1,20.55,22.34052631578947,1,True,21.48,22.444315789473684,1,True,23.62,21.461157894736843,1,True
2026-08-13T14:00:00Z,1,Tulkarem,1-1,19.75,22.414842105263155,1,True,21.08,22.169684210526313,1,True,22.77,21.474736842105262,1,True
2026-08-13T14:15:00Z,1,Tulkarem,1-1,19.5,22.482315789473684,1,True,20.91,21.859157894736846,1,True,22.86,21.49494736842105,1,True
2026-08-13T14:30:00Z,1,Tulkarem,1-1,19.3,22.539052631578947,1,True,20.22,21.736526315789476,1,True,21.61,21.508315789473684,1,True
2026-08-13T14:45:00Z,1,Tulkarem,1-1,20.05,22.594736842105263,1,True,19.88,21.594210526315788,1,True,20.48,21.480526315789476,1,True
2026-08-13T15:00:00Z,1,Tulkarem,1-1,20.1,22.57252631578947,1,True,20.07,21.482315789473684,1,True,21.11,21.43073684210526,1,True
2026-08-13T15:15:00Z,1,Tulkarem,1-1,21.47,22.572000000000003,1,False,19.84,21.447894736842105,1,False,21.42,21.403157894736843,1,False
2026-08-13T15:30:00Z,1,Tulkarem,1-1,20.89,22.582842105263158,1,True,20.51,21.454736842105262,1,True,21.32,21.36842105263158,1,True
2026-08-13T15:45:00Z,1,Tulkarem,1-1,21.48,22.444315789473684,1,True,20.36,21.44021052631579,1,True,21.82,21.34978947368421,1,True
2026-08-13T16:00:00Z,1,Tulkarem,1-1,21.08,22.169684210526313,1,True,21.34,21.418,1,True,22.11,21.336000000000002,1,True
2026-08-13T16:15:00Z,1,Tulkarem,1-1,20.91,21.859157894736846,1,True,23.46,21.42136842105263,1,True,22.48,21.320526315789476,1,True
2026-08-13T16:30:00Z,1,Tulkarem,1-1,20.22,21.736526315789476,1,True,24.9,21.44484210526316,1,True,22.82,21.320842105263157,1,True
2026-08-13T16:45:00Z,1,Tulkarem,1-1,19.88,21.594210526315788,1,True,23.62,21.461157894736843,1,True,22.76,21.315052631578947,1,True
2026-08-13T17:00:00Z,1,Tulkarem,1-1,20.07,21.482315789473684,1,True,22.77,21.474736842105262,1,True,22.15,21.30315789473684,1,True
2026-08-13T17:15:00Z,1,Tulkarem,1-1,19.84,21.447894736842105,1,True,22.86,21.49494736842105,1,True,22.33,21.29663157894737,1,True
2026-08-13T17:30:00Z,1,Tulkarem,1-1,20.51,21.454736842105262,1,True,21.61,21.508315789473684,1,True,23.04,21.30273684210526,1,True
2026-08-13T17:45:00Z,1,Tulkarem,1-1,20.36,21.44021052631579,1,True,20.48,21.480526315789476,1,True,23.31,21.31757894736842,1,True
2026-08-13T18:00:00Z,1,Tulkarem,1-1,21.34,21.418,1,True,21.11,21.43073684210526,1,True,23.98,21.34357894736842,1,True
2026-08-13T18:15:00Z,1,Tulkarem,1-1,23.46,21.42136842105263,1,True,21.42,21.403157894736843,1,True,24.05,21.382526315789477,1,True
2026-08-13T18:30:00Z,1,Tulkarem,1-1,24.9,21.44484210526316,1,True,21.32,21.36842105263158,1,True,23.76,21.421157894736844,1,True
2026-08-13T18:45:00Z,1,Tulkarem,1-1,23.62,21.461157894736843,1,True,21.82,21.34978947368421,1,True,23.58,21.451473684210526,1,True
2026-08-13T19:00:00Z,1,Tulkarem,1-1,22.77,21.474736842105262,1,True,22.11,21.336000000000002,1,True,23.27,21.474631578947367,1,True
2026-08-13T19:15:00Z,1,Tulkarem,1-1,22.86,21.49494736842105,1,True,22.48,21.320526315789476,1,True,23.24,21.49947368421053,1,True
2026-08-13T19:30:00Z,1,Tulkarem,1-1,21.61,21.508315789473684,1,True,22.82,21.320842105263157,1,True,23.49,21.53442105263158,1,True
2026-08-13T19:45:00Z,1,Tulkarem,1-1,20.48,21.480526315789476,1,True,22.76,21.315052631578947,1,True,24.31,21.579789473684208,1,True
2026-08-13T20:00:00Z,1,Tulkarem,1-1,21.11,21.43073684210526,1,True,22.15,21.30315789473684,1,True,24.52,21.610210526315793,1,True
2026-08-13T20:15:00Z,1,Tulkarem,1-1,21.42,21.403157894736843,1,True,22.33,21.29663157894737,1,True,24.94,21.653789473684213,1,True
2026-08-13T20:30:00Z,1,Tulkarem,1-1,21.32,21.36842105263158,1,True,23.04,21.30273684210526,1,True,25.57,21.703263157894735,1,True
2026-08-13T20:45:00Z,1,Tulkarem,1-1,21.82,21.34978947368421,1,True,23.31,21.31757894736842,1,True,26.35,21.766,1,True
2026-08-13T21:00:00Z,1,Tulkarem,1-1,22.11,21.336000000000002,1,True,23.98,21.34357894736842,1,True,25.9,21.820631578947367,1,True
2026-08-13T21:15:00Z,1,Tulkarem,1-1,22.48,21.320526315789476,1,True,24.05,21.382526315789477,1,True,25.98,21.882210526315788,1,True
2026-08-13T21:30:00Z,1,Tulkarem,1-1,22.82,21.320842105263157,1,True,23.76,21.421157894736844,1,True,26.56,21.948210526315787,1,True
2026-08-13T21:45:00Z,1,Tulkarem,1-1,22.76,21.315052631578947,1,True,23.58,21.451473684210526,1,True,27.1,22.02294736842105,1,True
2026-08-13T22:00:00Z,1,Tulkarem,1-1,22.15,21.30315789473684,1,True,23.27,21.474631578947367,1,True,26.74,22.084736842105265,1,True
2026-08-13T22:15:00Z,1,Tulkarem,1-1,22.33,21.29663157894737,1,True,23.24,21.49947368421053,1,True,25.55,22.12768421052632,1,True
2026-08-13T22:30:00Z,1,Tulkarem,1-1,23.04,21.30273684210526,1,True,23.49,21.53442105263158,1,True,25.38,22.163473684210523,1,True
2026-08-13T22:45:00Z,1,Tulkarem,1-1,23.31,21.31757894736842,1,True,24.31,21.579789473684208,1,True,24.65,22.198526315789476,1,True
2026-08-13T23:00:00Z,1,Tulkarem,1-1,23.98,21.34357894736842,1,True,24.52,21.610210526315793,1,True,23.33,22.220105263157894,1,True
2026-08-13T23:15:00Z,1,Tulkarem,1-1,24.05,21.382526315789477,1,True,24.94,21.653789473684213,1,True,22.37,22.189789473684208,1,True
2026-08-13T23:30:00Z,1,Tulkarem,1-1,23.76,21.421157894736844,1,True,25.57,21.703263157894735,1,True,22.23,22.149894736842104,1,True
2026-08-13T23:45:00Z,1,Tulkarem,1-1,23.58,21.451473684210526,1,True,26.35,21.766,1,True,23.53,22.15736842105263,1,True
2026-08-14T00:00:00Z,1,Tulkarem,1-1,23.27,21.474631578947367,1,True,25.9,21.820631578947367,1,True,22.37,22.044315789473686,1,True
2026-08-14T00:15:00Z,1,Tulkarem,1-1,23.24,21.49947368421053,1,True,25.98,21.882210526315788,1,True,22.37,22.03052631578947,1,True
2026-08-14T00:30:00Z,1,Tulkarem,1-1,23.49,21.53442105263158,1,True,26.56,21.948210526315787,1,True,22.27,22.016526315789477,1,True
2026-08-14T00:45:00Z,1,Tulkarem,1-1,24.31,21.579789473684208,1,True,27.1,22.02294736842105,1,True,22.74,21.998947368421053,1,True
2026-08-14T01:00:00Z,1,Tulkarem,1-1,24.52,21.610210526315793,1,True,26.74,22.084736842105265,1,True,22.55,21.980947368421052,1,True
2026-08-14T01:15:00Z,1,Tulkarem,1-1,24.94,21.653789473684213,1,True,25.55,22.12768421052632,1,True,21.67,21.843789473684208,1,True
2026-08-14T01:30:00Z,1,Tulkarem,1-1,25.57,21.703263157894735,1,True,25.38,22.163473684210523,1,True,21.58,21.717052631578944,1,True
2026-08-14T01:45:00Z,1,Tulkarem,1-1,26.35,21.766,1,True,24.65,22.198526315789476,1,True,20.71,21.690526315789473,1,True
2026-08-14T02:00:00Z,1,Tulkarem,1-1,25.9,21.820631578947367,1,True,23.33,22.220105263157894,1,True,21.25,21.652736842105266,1,True
2026-08-14T02:15:00Z,1,Tulkarem,1-1,25.98,21.882210526315788,1,True,22.37,22.189789473684208,1,True,19.22,21.61242105263158,1,True
2026-08-14T02:30:00Z,1,Tulkarem,1-1,26.56,21.948210526315787,1,True,22.23,22.149894736842104,1,True,18.54,21.57884210526316,1,True
2026-08-14T02:45:00Z,1,Tulkarem,1-1,27.1,22.02294736842105,1,True,23.53,22.15736842105263,1,True,19.71,21.561263157894732,1,True
2026-08-14T03:00:00Z,1,Tulkarem,1-1,26.74,22.084736842105265,1,True,22.37,22.044315789473686,1,True,19.71,21.560736842105264,1,True
2026-08-14T03:15:00Z,1,Tulkarem,1-1,25.55,22.12768421052632,1,True,22.37,22.03052631578947,1,True,18.29,21.526666666666667,1,True
2026-08-14T03:30:00Z,1,Tulkarem,1-1,25.38,22.163473684210523,1,True,22.27,22.016526315789477,1,True,18.7,21.511145833333334,1,True
2026-08-14T03:45:00Z,1,Tulkarem,1-1,24.65,22.198526315789476,1,True,22.74,21.998947368421053,1,True,18.82,21.506874999999997,1,True
2026-08-14T04:00:00Z,1,Tulkarem,1-1,23.33,22.220105263157894,1,True,22.55,21.980947368421052,1,True,18.47,21.516458333333333,1,True
2026-08-14T04:15:00Z,1,Tulkarem,1-1,22.37,22.189789473684208,1,True,21.67,21.843789473684208,1,True,18.85,21.53770833333333,1,True
2026-08-14T04:30:00Z,1,Tulkarem,1-1,22.23,22.149894736842104,1,True,21.58,21.717052631578944,1,True,18.76,21.563020833333336,1,True
2026-08-14T04:45:00Z,1,Tulkarem,1-1,23.53,22.15736842105263,1,True,20.71,21.690526315789473,1,True,19.49,21.596666666666664,1,True
2026-08-14T05:00:00Z,1,Tulkarem,1-1,22.37,22.044315789473686,1,True,21.25,21.652736842105266,1,True,19.64,21.636666666666667,1,True
2026-08-14T05:15:00Z,1,Tulkarem,1-1,22.37,22.03052631578947,1,True,19.22,21.61242105263158,1,True,20.21,21.68020833333333,1,True
2026-08-14T05:30:00Z,1,Tulkarem,1-1,22.27,22.016526315789477,1,True,18.54,21.57884210526316,1,True,19.75,21.707499999999996,1,True
2026-08-14T05:45:00Z,1,Tulkarem,1-1,22.74,21.998947368421053,1,True,19.71,21.561263157894732,1,True,19.81,21.73895833333333,1,True
2026-08-14T06:00:00Z,1,Tulkarem,1-1,22.55,21.980947368421052,1,True,19.71,21.560736842105264,1,True,19.5,21.769895833333333,1,True
2026-08-14T06:15:00Z,1,Tulkarem,1-1,21.67,21.843789473684208,1,True,18.29,21.526666666666667,1,True,19.35,21.795208333333335,1,True
2026-08-14T06:30:00Z,1,Tulkarem,1-1,21.58,21.717052631578944,1,True,18.7,21.511145833333334,1,True,19.15,21.8009375,1,True
2026-08-14T06:45:00Z,1,Tulkarem,1-1,20.71,21.690526315789473,1,True,18.82,21.506874999999997,1,True,20.37,21.806562500000002,1,True
2026-08-14T07:00:00Z,1,Tulkarem,1-1,21.25,21.652736842105266,1,True,18.47,21.516458333333333,1,True,19.84,21.799895833333334,1,True
2026-08-14T07:15:00Z,1,Tulkarem,1-1,19.22,21.61242105263158,1,True,18.85,21.53770833333333,1,True,19.41,21.788333333333338,1,True
2026-08-14T07:30:00Z,1,Tulkarem,1-1,18.54,21.57884210526316,1,True,18.76,21.563020833333336,1,True,19.48,21.78197916666667,1,True
2026-08-14T07:45:00Z,1,Tulkarem,1-1,19.71,21.561263157894732,1,True,19.49,21.596666666666664,1,True,19.48,21.763958333333335,1,True
2026-08-14T08:00:00Z,1,Tulkarem,1-1,19.71,21.560736842105264,1,True,19.64,21.636666666666667,1,True,18.87,21.742395833333333,1,True
2026-08-14T08:15:00Z,1,Tulkarem,1-1,18.29,21.526666666666667,1,True,20.21,21.68020833333333,1,True,18.51,21.712395833333332,1,True
2026-08-14T08:30:00Z,1,Tulkarem,1-1,18.7,21.511145833333334,1,True,19.75,21.707499999999996,1,True,18.46,21.686979166666664,1,True
2026-08-14T08:45:00Z,1,Tulkarem,1-1,18.82,21.506874999999997,1,True,19.81,21.73895833333333,1,True,18.53,21.6659375,1,True
2026-08-14T09:00:00Z,1,Tulkarem,1-1,18.47,21.516458333333333,1,True,19.5,21.769895833333333,1,True,19.59,21.664270833333333,1,True
2026-08-14T09:15:00Z,1,Tulkarem,1-1,18.85,21.53770833333333,1,True,19.35,21.795208333333335,1,True,18.47,21.653541666666666,1,True
2026-08-14T09:30:00Z,1,Tulkarem,1-1,18.76,21.563020833333336,1,True,19.15,21.8009375,1,True,18.75,21.6478125,1,True
2026-08-14T09:45:00Z,1,Tulkarem,1-1,19.49,21.596666666666664,1,True,20.37,21.806562500000002,1,True,19.37,21.640729166666663,1,True
2026-08-14T10:00:00Z,1,Tulkarem,1-1,19.64,21.636666666666667,1,True,19.84,21.799895833333334,1,True,20.25,21.642291666666665,1,True
2026-08-14T10:15:00Z,1,Tulkarem,1-1,20.21,21.68020833333333,1,True,19.41,21.788333333333338,1,True,23.3,21.66135416666667,1,True
2026-08-14T10:30:00Z,1,Tulkarem,1-1,19.75,21.707499999999996,1,True,19.48,21.78197916666667,1,True,26.51,21.71989583333333,1,True
2026-08-14T10:45:00Z,1,Tulkarem,1-1,19.81,21.73895833333333,1,True,19.48,21.763958333333335,1,True,27.79,21.785624999999996,1,True
2026-08-14T11:00:00Z,1,Tulkarem,1-1,19.5,21.769895833333333,1,True,18.87,21.742395833333333,1,True,28.06,21.858333333333334,1,True
2026-08-14T11:15:00Z,1,Tulkarem,1-1,19.35,21.795208333333335,1,True,18.51,21.712395833333332,1,True,28.15,21.93375,1,True
2026-08-14T11:30:00Z,1,Tulkarem,1-1,19.15,21.8009375,1,True,18.46,21.686979166666664,1,True,28.05,22.015312499999997,1,True
2026-08-14T11:45:00Z,1,Tulkarem,1-1,20.37,21.806562500000002,1,True,18.53,21.6659375,1,True,27.9,22.09885416666667,1,True
2026-08-14T12:00:00Z,1,Tulkarem,1-1,19.84,21.799895833333334,1,True,19.59,21.664270833333333,1,True,28.1,22.1825,1,True
2026-08-14T12:15:00Z,1,Tulkarem,1-1,19.41,21.788333333333338,1,True,18.47,21.653541666666666,1,True,27.73,22.264687499999997,1,True
2026-08-14T12:30:00Z,1,Tulkarem,1-1,19.48,21.78197916666667,1,True,18.75,21.6478125,1,True,26.99,22.3321875,1,True
2026-08-14T12:45:00Z,1,Tulkarem,1-1,19.48,21.763958333333335,1,True,19.37,21.640729166666663,1,True,26.86,22.399895833333332,1,True
2026-08-14T13:00:00Z,1,Tulkarem,1-1,18.87,21.742395833333333,1,True,20.25,21.642291666666665,1,True,28.05,22.469791666666666,1,True
2026-08-14T13:15:00Z,1,Tulkarem,1-1,18.51,21.712395833333332,1,True,23.3,21.66135416666667,1,True,29.6,22.53375,1,True
2026-08-14T13:30:00Z,1,Tulkarem,1-1,18.46,21.686979166666664,1,True,26.51,21.71989583333333,1,True,31.29,22.6003125,1,True
2026-08-14T13:45:00Z,1,Tulkarem,1-1,18.53,21.6659375,1,True,27.79,21.785624999999996,1,True,31.85,22.686041666666668,1,True
2026-08-14T14:00:00Z,1,Tulkarem,1-1,19.59,21.664270833333333,1,True,28.06,21.858333333333334,1,True,31.35,22.77541666666666,1,True
2026-08-14T14:15:00Z,1,Tulkarem,1-1,18.47,21.653541666666666,1,True,28.15,21.93375,1,True,31.22,22.8625,1,True
2026-08-14T14:30:00Z,1,Tulkarem,1-1,18.75,21.6478125,1,True,28.05,22.015312499999997,1,True,36.65,23.019166666666667,1,True
2026-08-14T14:45:00Z,1,Tulkarem,1-1,19.37,21.640729166666663,1,True,27.9,22.09885416666667,1,True,33.23,23.151979166666667,1,True
2026-08-14T15:00:00Z,1,Tulkarem,1-1,20.25,21.642291666666665,1,True,28.1,22.1825,1,True,35.0,23.296666666666667,1,True
2026-08-14T15:15:00Z,1,Tulkarem,1-1,23.3,21.66135416666667,1,True,27.73,22.264687499999997,1,True,29.79,23.38385416666667,1,True
2026-08-14T15:30:00Z,1,Tulkarem,1-1,26.51,21.71989583333333,1,True,26.99,22.3321875,1,True,29.12,23.465104166666666,1,True
2026-08-14T15:45:00Z,1,Tulkarem,1-1,27.79,21.785624999999996,1,True,26.86,22.399895833333332,1,True,29.72,23.54739583333333,1,True
2026-08-14T16:00:00Z,1,Tulkarem,1-1,28.06,21.858333333333334,1,True,28.05,22.469791666666666,1,True,30.31,23.6328125,1,True
2026-08-14T16:15:00Z,1,Tulkarem,1-1,28.15,21.93375,1,True,29.6,22.53375,1,True,29.73,23.708333333333332,1,True
2026-08-14T16:30:00Z,1,Tulkarem,1-1,28.05,22.015312499999997,1,True,31.29,22.6003125,1,True,27.62,23.758333333333336,1,True
2026-08-14T16:45:00Z,1,Tulkarem,1-1,27.9,22.09885416666667,1,True,31.85,22.686041666666668,1,True,29.73,23.8309375,1,True
2026-08-14T17:00:00Z,1,Tulkarem,1-1,28.1,22.1825,1,True,31.35,22.77541666666666,1,True,27.24,23.883958333333336,1,True
2026-08-14T17:15:00Z,1,Tulkarem,1-1,27.73,22.264687499999997,1,True,31.22,22.8625,1,True,27.13,23.933958333333333,1,True
2026-08-14T17:30:00Z,1,Tulkarem,1-1,26.99,22.3321875,1,True,36.65,23.019166666666667,1,True,27.1,23.976249999999997,1,True
2026-08-14T17:45:00Z,1,Tulkarem,1-1,26.86,22.399895833333332,1,True,33.23,23.151979166666667,1,True,27.74,24.022395833333334,1,True
2026-08-14T18:00:00Z,1,Tulkarem,1-1,28.05,22.469791666666666,1,True,35.0,23.296666666666667,1,True,27.85,24.062708333333333,1,True
2026-08-14T18:15:00Z,1,Tulkarem,1-1,29.6,22.53375,1,True,29.79,23.38385416666667,1,True,29.17,24.11604166666667,1,True
2026-08-14T18:30:00Z,1,Tulkarem,1-1,31.29,22.6003125,1,True,29.12,23.465104166666666,1,True,28.63,24.16677083333333,1,True
2026-08-14T18:45:00Z,1,Tulkarem,1-1,31.85,22.686041666666668,1,True,29.72,23.54739583333333,1,True,29.25,24.22583333333333,1,True
2026-08-14T19:00:00Z,1,Tulkarem,1-1,31.35,22.77541666666666,1,True,30.31,23.6328125,1,True,30.19,24.297916666666666,1,True
2026-08-14T19:15:00Z,1,Tulkarem,1-1,31.22,22.8625,1,True,29.73,23.708333333333332,1,True,30.99,24.378645833333334,1,True
2026-08-14T19:30:00Z,1,Tulkarem,1-1,36.65,23.019166666666667,1,True,27.62,23.758333333333336,1,True,31.4,24.461041666666663,1,True
2026-08-14T19:45:00Z,1,Tulkarem,1-1,33.23,23.151979166666667,1,True,29.73,23.8309375,1,True,32.95,24.551041666666666,1,True
2026-08-14T20:00:00Z,1,Tulkarem,1-1,35.0,23.296666666666667,1,True,27.24,23.883958333333336,1,True,32.87,24.638020833333332,1,True
2026-08-14T20:15:00Z,1,Tulkarem,1-1,29.79,23.38385416666667,1,True,27.13,23.933958333333333,1,True,32.97,24.721666666666668,1,True
2026-08-14T20:30:00Z,1,Tulkarem,1-1,29.12,23.465104166666666,1,True,27.1,23.976249999999997,1,True,33.66,24.8059375,1,True
2026-08-14T20:45:00Z,1,Tulkarem,1-1,29.72,23.54739583333333,1,True,27.74,24.022395833333334,1,True,34.08,24.886458333333334,1,True
2026-08-14T21:00:00Z,1,Tulkarem,1-1,30.31,23.6328125,1,True,27.85,24.062708333333333,1,True,34.33,24.974270833333332,1,True
2026-08-14T21:15:00Z,1,Tulkarem,1-1,29.73,23.708333333333332,1,True,29.17,24.11604166666667,1,True,34.32,25.06114583333333,1,True
2026-08-14T21:30:00Z,1,Tulkarem,1-1,27.62,23.758333333333336,1,True,28.63,24.16677083333333,1,True,35.27,25.151875,1,True
2026-08-14T21:45:00Z,1,Tulkarem,1-1,29.73,23.8309375,1,True,29.25,24.22583333333333,1,True,36.03,25.24489583333333,1,True
2026-08-14T22:00:00Z,1,Tulkarem,1-1,27.24,23.883958333333336,1,True,30.19,24.297916666666666,1,True,35.97,25.34104166666667,1,True
2026-08-14T22:15:00Z,1,Tulkarem,1-1,27.13,23.933958333333333,1,True,30.99,24.378645833333334,1,True,36.59,25.456041666666668,1,True
2026-08-14T22:30:00Z,1,Tulkarem,1-1,27.1,23.976249999999997,1,True,31.4,24.461041666666663,1,True,37.81,25.585520833333334,1,True
2026-08-14T22:45:00Z,1,Tulkarem,1-1,27.74,24.022395833333334,1,True,32.95,24.551041666666666,1,True,38.42,25.728958333333335,1,True
2026-08-14T23:00:00Z,1,Tulkarem,1-1,27.85,24.062708333333333,1,True,32.87,24.638020833333332,1,True,35.05,25.851041666666664,1,True
2026-08-14T23:15:00Z,1,Tulkarem,1-1,29.17,24.11604166666667,1,True,32.97,24.721666666666668,1,True,32.59,25.9575,1,True
2026-08-14T23:30:00Z,1,Tulkarem,1-1,28.63,24.16677083333333,1,True,33.66,24.8059375,1,True,31.53,26.054374999999997,1,True
2026-08-14T23:45:00Z,1,Tulkarem,1-1,29.25,24.22583333333333,1,True,34.08,24.886458333333334,1,True,30.96,26.13177083333333,1,True
2026-08-15T00:00:00Z,1,Tulkarem,1-1,30.19,24.297916666666666,1,True,34.33,24.974270833333332,1,True,29.27,26.20364583333333,1,True
2026-08-15T00:15:00Z,1,Tulkarem,1-1,30.99,24.378645833333334,1,True,34.32,25.06114583333333,1,True,28.92,26.271874999999998,1,True
2026-08-15T00:30:00Z,1,Tulkarem,1-1,31.4,24.461041666666663,1,True,35.27,25.151875,1,True,26.48,26.315729166666667,1,True
2026-08-15T00:45:00Z,1,Tulkarem,1-1,32.95,24.551041666666666,1,True,36.03,25.24489583333333,1,True,26.42,26.354062499999998,1,True
2026-08-15T01:00:00Z,1,Tulkarem,1-1,32.87,24.638020833333332,1,True,35.97,25.34104166666667,1,True,26.73,26.397604166666667,1,True
2026-08-15T01:15:00Z,1,Tulkarem,1-1,32.97,24.721666666666668,1,True,36.59,25.456041666666668,1,True,27.23,26.455520833333335,1,True
2026-08-15T01:30:00Z,1,Tulkarem,1-1,33.66,24.8059375,1,True,37.81,25.585520833333334,1,True,25.19,26.493125000000003,1,True
2026-08-15T01:45:00Z,1,Tulkarem,1-1,34.08,24.886458333333334,1,True,38.42,25.728958333333335,1,True,27.18,26.56052083333333,1,True
2026-08-15T02:00:00Z,1,Tulkarem,1-1,34.33,24.974270833333332,1,True,35.05,25.851041666666664,1,True,26.23,26.612395833333334,1,True
2026-08-15T02:15:00Z,1,Tulkarem,1-1,34.32,25.06114583333333,1,True,32.59,25.9575,1,True,25.07,26.673333333333336,1,True
2026-08-15T02:30:00Z,1,Tulkarem,1-1,35.27,25.151875,1,True,31.53,26.054374999999997,1,True,24.41,26.734479166666663,1,True
2026-08-15T02:45:00Z,1,Tulkarem,1-1,36.03,25.24489583333333,1,True,30.96,26.13177083333333,1,True,25.31,26.7928125,1,True
2026-08-15T03:00:00Z,1,Tulkarem,1-1,35.97,25.34104166666667,1,True,29.27,26.20364583333333,1,True,22.19,26.818645833333335,1,True
2026-08-15T03:15:00Z,1,Tulkarem,1-1,36.59,25.456041666666668,1,True,28.92,26.271874999999998,1,True,22.62,26.86375,1,True
2026-08-15T03:30:00Z,1,Tulkarem,1-1,37.81,25.585520833333334,1,True,26.48,26.315729166666667,1,True,23.98,26.91875,1,True
2026-08-15T03:45:00Z,1,Tulkarem,1-1,38.42,25.728958333333335,1,True,26.42,26.354062499999998,1,True,23.51,26.96760416666667,1,True
2026-08-15T04:00:00Z,1,Tulkarem,1-1,35.05,25.851041666666664,1,True,26.73,26.397604166666667,1,True,22.55,27.010104166666665,1,True
2026-08-15T04:15:00Z,1,Tulkarem,1-1,32.59,25.9575,1,True,27.23,26.455520833333335,1,True,21.15,27.0340625,1,True
2026-08-15T04:30:00Z,1,Tulkarem,1-1,31.53,26.054374999999997,1,True,25.19,26.493125000000003,1,True,20.81,27.055416666666662,1,True
2026-08-15T04:45:00Z,1,Tulkarem,1-1,30.96,26.13177083333333,1,True,27.18,26.56052083333333,1,True,20.2,27.062812500000003,1,True
2026-08-15T05:00:00Z,1,Tulkarem,1-1,29.27,26.20364583333333,1,True,26.23,26.612395833333334,1,True,19.59,27.062291666666667,1,True
2026-08-15T05:15:00Z,1,Tulkarem,1-1,28.92,26.271874999999998,1,True,25.07,26.673333333333336,1,True,19.74,27.057395833333334,1,True
2026-08-15T05:30:00Z,1,Tulkarem,1-1,26.48,26.315729166666667,1,True,24.41,26.734479166666663,1,True,18.87,27.04822916666667,1,True
2026-08-15T05:45:00Z,1,Tulkarem,1-1,26.42,26.354062499999998,1,True,25.31,26.7928125,1,True,19.21,27.041979166666668,1,True
2026-08-15T06:00:00Z,1,Tulkarem,1-1,26.73,26.397604166666667,1,True,22.19,26.818645833333335,1,True,19.24,27.039270833333337,1,True
2026-08-15T06:15:00Z,1,Tulkarem,1-1,27.23,26.455520833333335,1,True,22.62,26.86375,1,True,18.95,27.035104166666667,1,True
2026-08-15T06:30:00Z,1,Tulkarem,1-1,25.19,26.493125000000003,1,True,23.98,26.91875,1,True,19.7,27.040833333333335,1,True
2026-08-15T06:45:00Z,1,Tulkarem,1-1,27.18,26.56052083333333,1,True,23.51,26.96760416666667,1,True,20.13,27.03833333333333,1,True
2026-08-15T07:00:00Z,1,Tulkarem,1-1,26.23,26.612395833333334,1,True,22.55,27.010104166666665,1,True,20.09,27.040937500000002,1,True
2026-08-15T07:15:00Z,1,Tulkarem,1-1,25.07,26.673333333333336,1,True,21.15,27.0340625,1,True,19.14,27.038124999999997,1,True
2026-08-15T07:30:00Z,1,Tulkarem,1-1,24.41,26.734479166666663,1,True,20.81,27.055416666666662,1,True,19.65,27.039895833333333,1,True
2026-08-15T07:45:00Z,1,Tulkarem,1-1,25.31,26.7928125,1,True,20.2,27.062812500000003,1,True,19.13,27.03625,1,True
2026-08-15T08:00:00Z,1,Tulkarem,1-1,22.19,26.818645833333335,1,True,19.59,27.062291666666667,1,True,18.71,27.034583333333334,1,True
2026-08-15T08:15:00Z,1,Tulkarem,1-1,22.62,26.86375,1,True,19.74,27.057395833333334,1,True,17.32,27.0221875,1,True
2026-08-15T08:30:00Z,1,Tulkarem,1-1,23.98,26.91875,1,True,18.87,27.04822916666667,1,True,16.18,26.998437500000005,1,True
2026-08-15T08:45:00Z,1,Tulkarem,1-1,23.51,26.96760416666667,1,True,19.21,27.041979166666668,1,True,16.16,26.97375,1,True
2026-08-15T09:00:00Z,1,Tulkarem,1-1,22.55,27.010104166666665,1,True,19.24,27.039270833333337,1,True,15.16,26.927604166666665,1,True
2026-08-15T09:15:00Z,1,Tulkarem,1-1,21.15,27.0340625,1,True,18.95,27.035104166666667,1,True,15.53,26.896979166666668,1,True
2026-08-15T09:30:00Z,1,Tulkarem,1-1,20.81,27.055416666666662,1,True,19.7,27.040833333333335,1,True,15.54,26.863541666666666,1,True
2026-08-15T09:45:00Z,1,Tulkarem,1-1,20.2,27.062812500000003,1,True,20.13,27.03833333333333,1,True,15.94,26.827812500000004,1,True
2026-08-15T10:00:00Z,1,Tulkarem,1-1,19.59,27.062291666666667,1,True,20.09,27.040937500000002,1,True,16.89,26.7928125,1,True
2026-08-15T10:15:00Z,1,Tulkarem,1-1,19.74,27.057395833333334,1,True,19.14,27.038124999999997,1,True,18.56,26.7434375,1,True
2026-08-15T10:30:00Z,1,Tulkarem,1-1,18.87,27.04822916666667,1,True,19.65,27.039895833333333,1,True,18.88,26.663958333333337,1,True
2026-08-15T10:45:00Z,1,Tulkarem,1-1,19.21,27.041979166666668,1,True,19.13,27.03625,1,True,19.62,26.57885416666667,1,True
2026-08-15T11:00:00Z,1,Tulkarem,1-1,19.24,27.039270833333337,1,True,18.71,27.034583333333334,1,True,19.77,26.492499999999996,1,True
2026-08-15T11:15:00Z,1,Tulkarem,1-1,18.95,27.035104166666667,1,True,17.32,27.0221875,1,True,20.36,26.41135416666667,1,True
2026-08-15T11:30:00Z,1,Tulkarem,1-1,19.7,27.040833333333335,1,True,16.18,26.998437500000005,1,True,20.97,26.337604166666665,1,True
2026-08-15T11:45:00Z,1,Tulkarem,1-1,20.13,27.03833333333333,1,True,16.16,26.97375,1,True,21.86,26.2746875,1,True
2026-08-15T12:00:00Z,1,Tulkarem,1-1,20.09,27.040937500000002,1,True,15.16,26.927604166666665,1,True,22.15,26.212708333333335,1,True
2026-08-15T12:15:00Z,1,Tulkarem,1-1,19.14,27.038124999999997,1,True,15.53,26.896979166666668,1,True,22.66,26.159895833333334,1,True
2026-08-15T12:30:00Z,1,Tulkarem,1-1,19.65,27.039895833333333,1,True,15.54,26.863541666666666,1,True,23.12,26.119583333333335,1,True
2026-08-15T12:45:00Z,1,Tulkarem,1-1,19.13,27.03625,1,True,15.94,26.827812500000004,1,True,22.9,26.078333333333333,1,True
2026-08-15T13:00:00Z,1,Tulkarem,1-1,18.71,27.034583333333334,1,True,16.89,26.7928125,1,True,22.94,26.025104166666665,1,True
2026-08-15T13:15:00Z,1,Tulkarem,1-1,17.32,27.0221875,1,True,18.56,26.7434375,1,True,22.69,25.953125,1,True
2026-08-15T13:30:00Z,1,Tulkarem,1-1,16.18,26.998437500000005,1,True,18.88,26.663958333333337,1,True,22.0,25.856354166666666,1,True
2026-08-15T13:45:00Z,1,Tulkarem,1-1,16.16,26.97375,1,True,19.62,26.57885416666667,1,True,21.7,25.750625,1,True
2026-08-15T14:00:00Z,1,Tulkarem,1-1,15.16,26.927604166666665,1,True,19.77,26.492499999999996,1,True,22.25,25.655833333333334,1,True
2026-08-15T14:15:00Z,1,Tulkarem,1-1,15.53,26.896979166666668,1,True,20.36,26.41135416666667,1,True,23.69,25.57739583333333,1,True
2026-08-15T14:30:00Z,1,Tulkarem,1-1,15.54,26.863541666666666,1,True,20.97,26.337604166666665,1,True,23.77,25.443229166666665,1,True
2026-08-15T14:45:00Z,1,Tulkarem,1-1,15.94,26.827812500000004,1,True,21.86,26.2746875,1,True,22.94,25.336041666666663,1,True
2026-08-15T15:00:00Z,1,Tulkarem,1-1,16.89,26.7928125,1,True,22.15,26.212708333333335,1,True,22.23,25.20302083333333,1,True
2026-08-15T15:15:00Z,1,Tulkarem,1-1,18.56,26.7434375,1,True,22.66,26.159895833333334,1,True,,25.15473684210526,1,False
2026-08-15T15:30:00Z,1,Tulkarem,1-1,18.88,26.663958333333337,1,True,23.12,26.119583333333335,1,True,23.87,25.099473684210526,1,True
2026-08-15T15:45:00Z,1,Tulkarem,1-1,19.62,26.57885416666667,1,True,22.9,26.078333333333333,1,True,24.89,25.048631578947372,1,True
2026-08-15T16:00:00Z,1,Tulkarem,1-1,19.77,26.492499999999996,1,True,22.94,26.025104166666665,1,True,24.98,24.99252631578948,1,True
2026-08-15T16:15:00Z,1,Tulkarem,1-1,20.36,26.41135416666667,1,True,22.69,25.953125,1,True,22.45,24.91589473684211,1,True
2026-08-15T16:30:00Z,1,Tulkarem,1-1,20.97,26.337604166666665,1,True,22.0,25.856354166666666,1,True,22.62,24.863263157894735,1,True
2026-08-15T16:45:00Z,1,Tulkarem,1-1,21.86,26.2746875,1,True,21.7,25.750625,1,True,23.21,24.794631578947367,1,True
2026-08-15T17:00:00Z,1,Tulkarem,1-1,22.15,26.212708333333335,1,True,22.25,25.655833333333334,1,True,24.46,24.76536842105263,1,True
2026-08-15T17:15:00Z,1,Tulkarem,1-1,22.66,26.159895833333334,1,True,23.69,25.57739583333333,1,True,24.19,24.73442105263158,1,True
2026-08-15T17:30:00Z,1,Tulkarem,1-1,23.12,26.119583333333335,1,True,23.77,25.443229166666665,1,True,24.24,24.704315789473682,1,True
2026-08-15T17:45:00Z,1,Tulkarem,1-1,22.9,26.078333333333333,1,True,22.94,25.336041666666663,1,True,23.98,24.66473684210526,1,True
2026-08-15T18:00:00Z,1,Tulkarem,1-1,22.94,26.025104166666665,1,True,22.23,25.20302083333333,1,True,24.09,24.62515789473684,1,True
2026-08-15T18:15:00Z,1,Tulkarem,1-1,22.69,25.953125,1,True,,25.15473684210526,1,False,23.15,24.56178947368421,1,True
2026-08-15T18:30:00Z,1,Tulkarem,1-1,22.0,25.856354166666666,1,True,23.87,25.099473684210526,1,True,22.37,24.495894736842107,1,True
2026-08-15T18:45:00Z,1,Tulkarem,1-1,21.7,25.750625,1,True,24.89,25.048631578947372,1,True,21.94,24.418947368421055,1,True
2026-08-15T19:00:00Z,1,Tulkarem,1-1,22.25,25.655833333333334,1,True,24.98,24.99252631578948,1,True,23.3,24.346421052631584,1,True
2026-08-15T19:15:00Z,1,Tulkarem,1-1,23.69,25.57739583333333,1,True,22.45,24.91589473684211,1,True,23.97,24.272526315789474,1,True
2026-08-15T19:30:00Z,1,Tulkarem,1-1,23.77,25.443229166666665,1,True,22.62,24.863263157894735,1,True,23.81,24.19263157894737,1,True
2026-08-15T19:45:00Z,1,Tulkarem,1-1,22.94,25.336041666666663,1,True,23.21,24.794631578947367,1,True,24.39,24.102526315789472,1,True
2026-08-15T20:00:00Z,1,Tulkarem,1-1,22.23,25.20302083333333,1,True,24.46,24.76536842105263,1,True,24.58,24.01526315789474,1,True
2026-08-15T20:15:00Z,1,Tulkarem,1-1,,25.15473684210526,1,False,24.19,24.73442105263158,1,True,25.86,23.940421052631574,1,True
2026-08-15T20:30:00Z,1,Tulkarem,1-1,23.87,25.099473684210526,1,True,24.24,24.704315789473682,1,True,26.26,23.862526315789474,1,True
2026-08-15T20:45:00Z,1,Tulkarem,1-1,24.89,25.048631578947372,1,True,23.98,24.66473684210526,1,True,26.77,23.78557894736842,1,True
2026-08-15T21:00:00Z,1,Tulkarem,1-1,24.98,24.99252631578948,1,True,24.09,24.62515789473684,1,True,26.93,23.707684210526317,1,True
2026-08-15T21:15:00Z,1,Tulkarem,1-1,22.45,24.91589473684211,1,False,23.15,24.56178947368421,1,False,27.17,23.632421052631578,1,False
2026-08-15T21:30:00Z,1,Tulkarem,1-1,22.62,24.863263157894735,1,True,22.37,24.495894736842107,1,True,27.92,23.55505263157895,1,True
2026-08-15T21:45:00Z,1,Tulkarem,1-1,23.21,24.794631578947367,1,True,21.94,24.418947368421055,1,True,27.27,23.46284210526316,1,True
2026-08-15T22:00:00Z,1,Tulkarem,1-1,24.46,24.76536842105263,1,True,23.3,24.346421052631584,1,True,26.77,23.366,1,True
2026-08-15T22:15:00Z,1,Tulkarem,1-1,24.19,24.73442105263158,1,True,23.97,24.272526315789474,1,True,27.67,23.272105263157894,1,True
2026-08-15T22:30:00Z,1,Tulkarem,1-1,24.24,24.704315789473682,1,True,23.81,24.19263157894737,1,True,27.07,23.159052631578945,1,True
2026-08-15T22:45:00Z,1,Tulkarem,1-1,23.98,24.66473684210526,1,True,24.39,24.102526315789472,1,True,26.46,23.03315789473684,1,True
2026-08-15T23:00:00Z,1,Tulkarem,1-1,24.09,24.62515789473684,1,True,24.58,24.01526315789474,1,True,23.7,22.913684210526316,1,True
2026-08-15T23:15:00Z,1,Tulkarem,1-1,23.15,24.56178947368421,1,True,25.86,23.940421052631574,1,True,22.03,22.80252631578947,1,True
2026-08-15T23:30:00Z,1,Tulkarem,1-1,22.37,24.495894736842107,1,True,26.26,23.862526315789474,1,True,28.27,22.76821052631579,1,True
2026-08-15T23:45:00Z,1,Tulkarem,1-1,21.94,24.418947368421055,1,True,26.77,23.78557894736842,1,True,29.41,22.751894736842107,1,True
2026-08-16T00:00:00Z,1,Tulkarem,1-1,23.3,24.346421052631584,1,True,26.93,23.707684210526317,1,True,27.35,22.731684210526318,1,True
2026-08-16T00:15:00Z,1,Tulkarem,1-1,23.97,24.272526315789474,1,True,27.17,23.632421052631578,1,True,25.39,22.694526315789474,1,True
2026-08-16T00:30:00Z,1,Tulkarem,1-1,23.81,24.19263157894737,1,True,27.92,23.55505263157895,1,True,26.51,22.69484210526316,1,True
2026-08-16T00:45:00Z,1,Tulkarem,1-1,24.39,24.102526315789472,1,True,27.27,23.46284210526316,1,True,25.51,22.685263157894735,1,True
2026-08-16T01:00:00Z,1,Tulkarem,1-1,24.58,24.01526315789474,1,True,26.77,23.366,1,True,23.22,22.648315789473685,1,True
2026-08-16T01:15:00Z,1,Tulkarem,1-1,25.86,23.940421052631574,1,True,27.67,23.272105263157894,1,True,22.0,22.59326315789474,1,True
2026-08-16T01:30:00Z,1,Tulkarem,1-1,26.26,23.862526315789474,1,True,27.07,23.159052631578945,1,True,21.46,22.554000000000002,1,True
2026-08-16T01:45:00Z,1,Tulkarem,1-1,26.77,23.78557894736842,1,True,26.46,23.03315789473684,1,True,24.19,22.522526315789474,1,True
2026-08-16T02:00:00Z,1,Tulkarem,1-1,26.93,23.707684210526317,1,True,23.7,22.913684210526316,1,True,22.67,22.485052631578945,1,True
2026-08-16T02:15:00Z,1,Tulkarem,1-1,27.17,23.632421052631578,1,True,22.03,22.80252631578947,1,True,22.8,22.461157894736843,1,True
2026-08-16T02:30:00Z,1,Tulkarem,1-1,27.92,23.55505263157895,1,True,28.27,22.76821052631579,1,True,22.93,22.44557894736842,1,True
2026-08-16T02:45:00Z,1,Tulkarem,1-1,27.27,23.46284210526316,1,True,29.41,22.751894736842107,1,True,22.7,22.418105263157898,1,True
2026-08-16T03:00:00Z,1,Tulkarem,1-1,26.77,23.366,1,True,27.35,22.731684210526318,1,True,22.69,22.423368421052633,1,True
2026-08-16T03:15:00Z,1,Tulkarem,1-1,27.67,23.272105263157894,1,False,25.39,22.694526315789474,1,False,25.38,22.45242105263158,1,False
2026-08-16T03:30:00Z,1,Tulkarem,1-1,27.07,23.159052631578945,1,True,26.51,22.69484210526316,1,True,24.39,22.456736842105265,1,True
2026-08-16T03:45:00Z,1,Tulkarem,1-1,26.46,23.03315789473684,1,True,25.51,22.685263157894735,1,True,23.33,22.454842105263157,1,True
2026-08-16T04:00:00Z,1,Tulkarem,1-1,23.7,22.913684210526316,1,True,23.22,22.648315789473685,1,True,24.04,22.470526315789478,1,True
2026-08-16T04:15:00Z,1,Tulkarem,1-1,22.03,22.80252631578947,1,True,22.0,22.59326315789474,1,True,23.81,22.498526315789476,1,True
2026-08-16T04:30:00Z,1,Tulkarem,1-1,28.27,22.76821052631579,1,True,21.46,22.554000000000002,1,True,22.02,22.51126315789474,1,True
2026-08-16T04:45:00Z,1,Tulkarem,1-1,29.41,22.751894736842107,1,True,24.19,22.522526315789474,1,True,24.8,22.559684210526317,1,True
2026-08-16T05:00:00Z,1,Tulkarem,1-1,27.35,22.731684210526318,1,True,22.67,22.485052631578945,1,True,24.2,22.60821052631579,1,True
2026-08-16T05:15:00Z,1,Tulkarem,1-1,25.39,22.694526315789474,1,True,22.8,22.461157894736843,1,True,19.35,22.604105263157894,1,True
2026-08-16T05:30:00Z,1,Tulkarem,1-1,26.51,22.69484210526316,1,True,22.93,22.44557894736842,1,True,17.24,22.586947368421054,1,True
2026-08-16T05:45:00Z,1,Tulkarem,1-1,25.51,22.685263157894735,1,True,22.7,22.418105263157898,1,True,16.88,22.562421052631578,1,True
2026-08-16T06:00:00Z,1,Tulkarem,1-1,23.22,22.648315789473685,1,True,22.69,22.423368421052633,1,True,16.64,22.535052631578946,1,True
2026-08-16T06:15:00Z,1,Tulkarem,1-1,22.0,22.59326315789474,1,True,25.38,22.45242105263158,1,True,16.85,22.512947368421052,1,True
2026-08-16T06:30:00Z,1,Tulkarem,1-1,21.46,22.554000000000002,1,True,24.39,22.456736842105265,1,True,15.09,22.464421052631582,1,True
2026-08-16T06:45:00Z,1,Tulkarem,1-1,24.19,22.522526315789474,1,True,23.33,22.454842105263157,1,True,15.32,22.41378947368421,1,True
2026-08-16T07:00:00Z,1,Tulkarem,1-1,22.67,22.485052631578945,1,True,24.04,22.470526315789478,1,True,14.99,22.360105263157894,1,True
2026-08-16T07:15:00Z,1,Tulkarem,1-1,22.8,22.461157894736843,1,True,23.81,22.498526315789476,1,True,14.43,22.310526315789474,1,True
2026-08-16T07:30:00Z,1,Tulkarem,1-1,22.93,22.44557894736842,1,True,22.02,22.51126315789474,1,True,14.81,22.259578947368418,1,True
2026-08-16T07:45:00Z,1,Tulkarem,1-1,22.7,22.418105263157898,1,True,24.8,22.559684210526317,1,True,14.57,22.21157894736842,1,True
2026-08-16T08:00:00Z,1,Tulkarem,1-1,22.69,22.423368421052633,1,True,24.2,22.60821052631579,1,True,15.33,22.176,1,True
2026-08-16T08:15:00Z,1,Tulkarem,1-1,25.38,22.45242105263158,1,True,19.35,22.604105263157894,1,True,16.65,22.168947368421055,1,True
2026-08-16T08:30:00Z,1,Tulkarem,1-1,24.39,22.456736842105265,1,True,17.24,22.586947368421054,1,True,18.08,22.18894736842105,1,True
2026-08-16T08:45:00Z,1,Tulkarem,1-1,23.33,22.454842105263157,1,True,16.88,22.562421052631578,1,True,18.14,22.209789473684207,1,True
2026-08-16T09:00:00Z,1,Tulkarem,1-1,24.04,22.470526315789478,1,True,16.64,22.535052631578946,1,True,16.63,22.225263157894737,1,True
2026-08-16T09:15:00Z,1,Tulkarem,1-1,23.81,22.498526315789476,1,True,16.85,22.512947368421052,1,True,16.6,22.236526315789472,1,True
2026-08-16T09:30:00Z,1,Tulkarem,1-1,22.02,22.51126315789474,1,True,15.09,22.464421052631582,1,True,15.71,22.23831578947368,1,True
2026-08-16T09:45:00Z,1,Tulkarem,1-1,24.8,22.559684210526317,1,True,15.32,22.41378947368421,1,True,15.75,22.236315789473682,1,True
2026-08-16T10:00:00Z,1,Tulkarem,1-1,24.2,22.60821052631579,1,True,14.99,22.360105263157894,1,True,18.32,22.251368421052632,1,True
2026-08-16T10:15:00Z,1,Tulkarem,1-1,19.35,22.604105263157894,1,True,14.43,22.310526315789474,1,True,20.39,22.27063157894737,1,True
2026-08-16T10:30:00Z,1,Tulkarem,1-1,17.24,22.586947368421054,1,True,14.81,22.259578947368418,1,True,18.33,22.264842105263156,1,True
2026-08-16T10:45:00Z,1,Tulkarem,1-1,16.88,22.562421052631578,1,True,14.57,22.21157894736842,1,True,18.41,22.252105263157894,1,True
2026-08-16T11:00:00Z,1,Tulkarem,1-1,16.64,22.535052631578946,1,True,15.33,22.176,1,True,18.39,22.237578947368423,1,True
2026-08-16T11:15:00Z,1,Tulkarem,1-1,16.85,22.512947368421052,1,True,16.65,22.168947368421055,1,True,17.96,22.212315789473685,1,True
2026-08-16T11:30:00Z,1,Tulkarem,1-1,15.09,22.464421052631582,1,True,18.08,22.18894736842105,1,True,17.64,22.17726315789474,1,True
2026-08-16T11:45:00Z,1,Tulkarem,1-1,15.32,22.41378947368421,1,True,18.14,22.209789473684207,1,True,17.24,22.128631578947367,1,True
2026-08-16T12:00:00Z,1,Tulkarem,1-1,14.99,22.360105263157894,1,True,16.63,22.225263157894737,1,True,16.78,22.072105263157894,1,True
2026-08-16T12:15:00Z,1,Tulkarem,1-1,14.43,22.310526315789474,1,True,16.6,22.236526315789472,1,True,17.4,22.016736842105264,1,True
2026-08-16T12:30:00Z,1,Tulkarem,1-1,14.81,22.259578947368418,1,True,15.71,22.23831578947368,1,True,16.37,21.945684210526316,1,True
2026-08-16T12:45:00Z,1,Tulkarem,1-1,14.57,22.21157894736842,1,True,15.75,22.236315789473682,1,True,15.73,21.87021052631579,1,True
2026-08-16T13:00:00Z,1,Tulkarem,1-1,15.33,22.176,1,True,18.32,22.251368421052632,1,True,15.46,21.791473684210526,1,True
2026-08-16T13:15:00Z,1,Tulkarem,1-1,16.65,22.168947368421055,1,True,20.39,22.27063157894737,1,True,15.5,21.71578947368421,1,True
2026-08-16T13:30:00Z,1,Tulkarem,1-1,18.08,22.18894736842105,1,True,18.33,22.264842105263156,1,True,14.91,21.64115789473684,1,True
2026-08-16T13:45:00Z,1,Tulkarem,1-1,18.14,22.209789473684207,1,True,18.41,22.252105263157894,1,True,14.5,21.565368421052632,1,True
2026-08-16T14:00:00Z,1,Tulkarem,1-1,16.63,22.225263157894737,1,True,18.39,22.237578947368423,1,True,14.07,21.479263157894735,1,True
2026-08-16T14:15:00Z,1,Tulkarem,1-1,16.6,22.236526315789472,1,True,17.96,22.212315789473685,1,True,13.98,21.377052631578948,1,True
2026-08-16T14:30:00Z,1,Tulkarem,1-1,15.71,22.23831578947368,1,True,17.64,22.17726315789474,1,True,14.27,21.27705263157895,1,True
2026-08-16T14:45:00Z,1,Tulkarem,1-1,15.75,22.236315789473682,1,True,17.24,22.128631578947367,1,True,14.39,21.187052631578947,1,True
2026-08-16T15:00:00Z,1,Tulkarem,1-1,18.32,22.251368421052632,1,True,16.78,22.072105263157894,1,True,13.69,21.097157894736842,1,True
2026-08-16T15:15:00Z,1,Tulkarem,1-1,20.39,22.27063157894737,1,True,17.4,22.016736842105264,1,True,12.87,21.011458333333334,1,True
2026-08-16T15:30:00Z,1,Tulkarem,1-1,18.33,22.264842105263156,1,True,16.37,21.945684210526316,1,True,11.88,20.8865625,1,True
2026-08-16T15:45:00Z,1,Tulkarem,1-1,18.41,22.252105263157894,1,True,15.73,21.87021052631579,1,True,12.08,20.753125,1,True
2026-08-16T16:00:00Z,1,Tulkarem,1-1,18.39,22.237578947368423,1,True,15.46,21.791473684210526,1,True,11.25,20.610104166666666,1,True
2026-08-16T16:15:00Z,1,Tulkarem,1-1,17.96,22.212315789473685,1,True,15.5,21.71578947368421,1,True,11.17,20.492604166666666,1,True
2026-08-16T16:30:00Z,1,Tulkarem,1-1,17.64,22.17726315789474,1,True,14.91,21.64115789473684,1,True,14.45,20.407500000000002,1,True
2026-08-16T16:45:00Z,1,Tulkarem,1-1,17.24,22.128631578947367,1,True,14.5,21.565368421052632,1,True,14.63,20.318125,1,True
2026-08-16T17:00:00Z,1,Tulkarem,1-1,16.78,22.072105263157894,1,True,14.07,21.479263157894735,1,True,13.72,20.20625,1,True
2026-08-16T17:15:00Z,1,Tulkarem,1-1,17.4,22.016736842105264,1,True,13.98,21.377052631578948,1,True,13.19,20.091666666666665,1,True
2026-08-16T17:30:00Z,1,Tulkarem,1-1,16.37,21.945684210526316,1,True,14.27,21.27705263157895,1,True,12.16,19.965833333333332,1,True
2026-08-16T17:45:00Z,1,Tulkarem,1-1,15.73,21.87021052631579,1,True,14.39,21.187052631578947,1,True,12.13,19.84239583333333,1,True
2026-08-16T18:00:00Z,1,Tulkarem,1-1,15.46,21.791473684210526,1,True,13.69,21.097157894736842,1,True,11.99,19.716354166666665,1,True
2026-08-16T18:15:00Z,1,Tulkarem,1-1,15.5,21.71578947368421,1,True,12.87,21.011458333333334,1,True,11.59,19.5959375,1,True
2026-08-16T18:30:00Z,1,Tulkarem,1-1,14.91,21.64115789473684,1,True,11.88,20.8865625,1,True,12.91,19.497395833333332,1,True
2026-08-16T18:45:00Z,1,Tulkarem,1-1,14.5,21.565368421052632,1,True,12.08,20.753125,1,True,14.14,19.416145833333335,1,True
2026-08-16T19:00:00Z,1,Tulkarem,1-1,14.07,21.479263157894735,1,True,11.25,20.610104166666666,1,True,14.02,19.319479166666667,1,True
2026-08-16T19:15:00Z,1,Tulkarem,1-1,13.98,21.377052631578948,1,True,11.17,20.492604166666666,1,True,13.63,19.211770833333333,1,True
2026-08-16T19:30:00Z,1,Tulkarem,1-1,14.27,21.27705263157895,1,True,14.45,20.407500000000002,1,True,14.39,19.113645833333333,1,True
2026-08-16T19:45:00Z,1,Tulkarem,1-1,14.39,21.187052631578947,1,True,14.63,20.318125,1,True,14.74,19.013125,1,True
2026-08-16T20:00:00Z,1,Tulkarem,1-1,13.69,21.097157894736842,1,True,13.72,20.20625,1,True,14.94,18.912708333333335,1,True
2026-08-16T20:15:00Z,1,Tulkarem,1-1,12.87,21.011458333333334,1,True,13.19,20.091666666666665,1,True,15.24,18.802083333333332,1,True
2026-08-16T20:30:00Z,1,Tulkarem,1-1,11.88,20.8865625,1,True,12.16,19.965833333333332,1,True,14.76,18.682291666666668,1,True
2026-08-16T20:45:00Z,1,Tulkarem,1-1,12.08,20.753125,1,True,12.13,19.84239583333333,1,True,15.0,18.5596875,1,True
2026-08-16T21:00:00Z,1,Tulkarem,1-1,11.25,20.610104166666666,1,True,11.99,19.716354166666665,1,True,15.38,18.439375000000002,1,True
2026-08-16T21:15:00Z,1,Tulkarem,1-1,11.17,20.492604166666666,1,True,11.59,19.5959375,1,True,14.93,18.311875,1,True
2026-08-16T21:30:00Z,1,Tulkarem,1-1,14.45,20.407500000000002,1,True,12.91,19.497395833333332,1,True,15.13,18.17864583333333,1,True
2026-08-16T21:45:00Z,1,Tulkarem,1-1,14.63,20.318125,1,True,14.14,19.416145833333335,1,True,15.21,18.05302083333333,1,True
2026-08-16T22:00:00Z,1,Tulkarem,1-1,13.72,20.20625,1,True,14.02,19.319479166666667,1,True,15.31,17.933645833333333,1,True
2026-08-16T22:15:00Z,1,Tulkarem,1-1,13.19,20.091666666666665,1,True,13.63,19.211770833333333,1,True,15.29,17.8046875,1,True
2026-08-16T22:30:00Z,1,Tulkarem,1-1,12.16,19.965833333333332,1,True,14.39,19.113645833333333,1,True,14.41,17.6728125,1,True
2026-08-16T22:45:00Z,1,Tulkarem,1-1,12.13,19.84239583333333,1,True,14.74,19.013125,1,True,14.86,17.551979166666666,1,True
2026-08-16T23:00:00Z,1,Tulkarem,1-1,11.99,19.716354166666665,1,True,14.94,18.912708333333335,1,True,13.96,17.450520833333332,1,True
2026-08-16T23:15:00Z,1,Tulkarem,1-1,11.59,19.5959375,1,True,15.24,18.802083333333332,1,True,17.67,17.405104166666664,1,True
2026-08-16T23:30:00Z,1,Tulkarem,1-1,12.91,19.497395833333332,1,True,14.76,18.682291666666668,1,True,19.02,17.30875,1,True
2026-08-16T23:45:00Z,1,Tulkarem,1-1,14.14,19.416145833333335,1,True,15.0,18.5596875,1,True,12.84,17.136145833333334,1,True
2026-08-17T00:00:00Z,1,Tulkarem,1-1,14.02,19.319479166666667,1,True,15.38,18.439375000000002,1,True,12.36,16.98,1,True
2026-08-17T00:15:00Z,1,Tulkarem,1-1,13.63,19.211770833333333,1,True,14.93,18.311875,1,True,14.03,16.861666666666668,1,True
2026-08-17T00:30:00Z,1,Tulkarem,1-1,14.39,19.113645833333333,1,True,15.13,18.17864583333333,1,True,14.08,16.732187500000002,1,True
2026-08-17T00:45:00Z,1,Tulkarem,1-1,14.74,19.013125,1,True,15.21,18.05302083333333,1,True,11.74,16.58875,1,True
2026-08-17T01:00:00Z,1,Tulkarem,1-1,14.94,18.912708333333335,1,True,15.31,17.933645833333333,1,True,9.6,16.446875000000002,1,True
2026-08-17T01:15:00Z,1,Tulkarem,1-1,15.24,18.802083333333332,1,True,15.29,17.8046875,1,True,10.89,16.331145833333334,1,True
2026-08-17T01:30:00Z,1,Tulkarem,1-1,14.76,18.682291666666668,1,True,14.41,17.6728125,1,True,8.78,16.1990625,1,True
2026-08-17T01:45:00Z,1,Tulkarem,1-1,15.0,18.5596875,1,True,14.86,17.551979166666666,1,True,9.45,16.04552083333333,1,True
2026-08-17T02:00:00Z,1,Tulkarem,1-1,15.38,18.439375000000002,1,True,13.96,17.450520833333332,1,True,9.14,15.904583333333333,1,True
2026-08-17T02:15:00Z,1,Tulkarem,1-1,14.93,18.311875,1,True,17.67,17.405104166666664,1,True,9.57,15.766770833333332,1,True
2026-08-17T02:30:00Z,1,Tulkarem,1-1,15.13,18.17864583333333,1,True,19.02,17.30875,1,True,8.92,15.620833333333332,1,True
2026-08-17T02:45:00Z,1,Tulkarem,1-1,15.21,18.05302083333333,1,True,12.84,17.136145833333334,1,True,12.99,15.519687500000002,1,True
2026-08-17T03:00:00Z,1,Tulkarem,1-1,15.31,17.933645833333333,1,True,12.36,16.98,1,True,9.39,15.381145833333333,1,True
2026-08-17T03:15:00Z,1,Tulkarem,1-1,15.29,17.8046875,1,True,14.03,16.861666666666668,1,True,10.36,15.2246875,1,True
2026-08-17T03:30:00Z,1,Tulkarem,1-1,14.41,17.6728125,1,True,14.08,16.732187500000002,1,True,9.78,15.0725,1,True
2026-08-17T03:45:00Z,1,Tulkarem,1-1,14.86,17.551979166666666,1,True,11.74,16.58875,1,True,8.15,14.914375000000001,0,True
2026-08-17T04:00:00Z,1,Tulkarem,1-1,13.96,17.450520833333332,1,True,9.6,16.446875000000002,1,True,7.63,14.743437499999999,0,True
2026-08-17T04:15:00Z,1,Tulkarem,1-1,17.67,17.405104166666664,1,True,10.89,16.331145833333334,1,True,8.78,14.586875,0,True
2026-08-17T04:30:00Z,1,Tulkarem,1-1,19.02,17.30875,1,True,8.78,16.1990625,1,True,7.17,14.4321875,0,True
2026-08-17T04:45:00Z,1,Tulkarem,1-1,12.84,17.136145833333334,1,True,9.45,16.04552083333333,1,True,6.88,14.245520833333332,0,True
2026-08-17T05:00:00Z,1,Tulkarem,1-1,12.36,16.98,1,True,9.14,15.904583333333333,1,True,6.0,14.055937499999999,0,True
2026-08-17T05:15:00Z,1,Tulkarem,1-1,14.03,16.861666666666668,1,True,9.57,15.766770833333332,1,True,5.85,13.9153125,0,True
2026-08-17T05:30:00Z,1,Tulkarem,1-1,14.08,16.732187500000002,1,True,8.92,15.620833333333332,1,True,6.02,13.7984375,0,True
2026-08-17T05:45:00Z,1,Tulkarem,1-1,11.74,16.58875,1,True,12.99,15.519687500000002,1,True,6.12,13.686354166666666,0,True
2026-08-17T06:00:00Z,1,Tulkarem,1-1,9.6,16.446875000000002,1,True,9.39,15.381145833333333,1,True,5.59,13.571250000000001,0,True
2026-08-17T06:15:00Z,1,Tulkarem,1-1,10.89,16.331145833333334,1,True,10.36,15.2246875,1,True,5.41,13.452083333333333,0,True
2026-08-17T06:30:00Z,1,Tulkarem,1-1,8.78,16.1990625,1,True,9.78,15.0725,1,True,5.44,13.3515625,0,True
2026-08-17T06:45:00Z,1,Tulkarem,1-1,9.45,16.04552083333333,1,True,8.15,14.914375000000001,0,True,5.4,13.248229166666668,0,True
2026-08-17T07:00:00Z,1,Tulkarem,1-1,9.14,15.904583333333333,1,True,7.63,14.743437499999999,0,True,5.47,13.149062500000001,0,True
2026-08-17T07:15:00Z,1,Tulkarem,1-1,9.57,15.766770833333332,1,True,8.78,14.586875,0,True,5.4,13.055,0,True
2026-08-17T07:30:00Z,1,Tulkarem,1-1,8.92,15.620833333333332,1,True,7.17,14.4321875,0,True,5.79,12.961041666666667,0,True
2026-08-17T07:45:00Z,1,Tulkarem,1-1,12.99,15.519687500000002,1,True,6.88,14.245520833333332,0,True,6.82,12.8803125,0,True
2026-08-17T08:00:00Z,1,Tulkarem,1-1,9.39,15.381145833333333,1,True,6.0,14.055937499999999,0,True,8.62,12.810416666666667,0,True
2026-08-17T08:15:00Z,1,Tulkarem,1-1,10.36,15.2246875,1,True,5.85,13.9153125,0,True,10.32,12.744479166666665,0,True
2026-08-17T08:30:00Z,1,Tulkarem,1-1,9.78,15.0725,1,True,6.02,13.7984375,0,True,10.73,12.667916666666665,0,True
2026-08-17T08:45:00Z,1,Tulkarem,1-1,8.15,14.914375000000001,0,True,6.12,13.686354166666666,0,True,10.87,12.592187500000001,0,True
2026-08-17T09:00:00Z,1,Tulkarem,1-1,7.63,14.743437499999999,0,True,5.59,13.571250000000001,0,True,10.74,12.530833333333334,0,True
2026-08-17T09:15:00Z,1,Tulkarem,1-1,8.78,14.586875,0,True,5.41,13.452083333333333,0,True,10.48,12.467083333333335,0,True
2026-08-17T09:30:00Z,1,Tulkarem,1-1,7.17,14.4321875,0,True,5.44,13.3515625,0,True,9.79,12.405416666666667,0,True
2026-08-17T09:45:00Z,1,Tulkarem,1-1,6.88,14.245520833333332,0,True,5.4,13.248229166666668,0,True,10.69,12.352708333333334,0,True
2026-08-17T10:00:00Z,1,Tulkarem,1-1,6.0,14.055937499999999,0,True,5.47,13.149062500000001,0,True,11.32,12.279791666666668,0,True
2026-08-17T10:15:00Z,1,Tulkarem,1-1,5.85,13.9153125,0,True,5.4,13.055,0,True,11.7,12.189270833333333,0,True
2026-08-17T10:30:00Z,1,Tulkarem,1-1,6.02,13.7984375,0,True,5.79,12.961041666666667,0,True,12.28,12.12625,0,True
2026-08-17T10:45:00Z,1,Tulkarem,1-1,6.12,13.686354166666666,0,True,6.82,12.8803125,0,True,12.31,12.062708333333333,0,True
2026-08-17T11:00:00Z,1,Tulkarem,1-1,5.59,13.571250000000001,0,True,8.62,12.810416666666667,0,True,12.68,12.003229166666666,0,True
2026-08-17T11:15:00Z,1,Tulkarem,1-1,5.41,13.452083333333333,0,True,10.32,12.744479166666665,0,True,12.83,11.949791666666668,0,True
2026-08-17T11:30:00Z,1,Tulkarem,1-1,5.44,13.3515625,0,True,10.73,12.667916666666665,0,True,13.08,11.902291666666665,0,True
2026-08-17T11:45:00Z,1,Tulkarem,1-1,5.4,13.248229166666668,0,True,10.87,12.592187500000001,0,True,12.95,11.857604166666667,0,True
2026-08-17T12:00:00Z,1,Tulkarem,1-1,5.47,13.149062500000001,0,True,10.74,12.530833333333334,0,True,12.98,11.818020833333334,0,True
2026-08-17T12:15:00Z,1,Tulkarem,1-1,5.4,13.055,0,True,10.48,12.467083333333335,0,True,13.13,11.773541666666667,0,True
2026-08-17T12:30:00Z,1,Tulkarem,1-1,5.79,12.961041666666667,0,True,9.79,12.405416666666667,0,True,12.98,11.738229166666668,0,True
2026-08-17T12:45:00Z,1,Tulkarem,1-1,6.82,12.8803125,0,True,10.69,12.352708333333334,0,True,13.24,11.712291666666667,0,True
2026-08-17T13:00:00Z,1,Tulkarem,1-1,8.62,12.810416666666667,0,True,11.32,12.279791666666668,0,True,12.96,11.68625,0,True
2026-08-17T13:15:00Z,1,Tulkarem,1-1,10.32,12.744479166666665,0,True,11.7,12.189270833333333,0,True,13.12,11.661458333333334,0,True
2026-08-17T13:30:00Z,1,Tulkarem,1-1,10.73,12.667916666666665,0,True,12.28,12.12625,0,True,13.08,11.642395833333332,0,True
2026-08-17T13:45:00Z,1,Tulkarem,1-1,10.87,12.592187500000001,0,True,12.31,12.062708333333333,0,True,12.7,11.623645833333333,0,True
2026-08-17T14:00:00Z,1,Tulkarem,1-1,10.74,12.530833333333334,0,True,12.68,12.003229166666666,0,True,13.21,11.6146875,0,True
2026-08-17T14:15:00Z,1,Tulkarem,1-1,10.48,12.467083333333335,0,True,12.83,11.949791666666668,0,True,13.53,11.61,0,True
2026-08-17T14:30:00Z,1,Tulkarem,1-1,9.79,12.405416666666667,0,True,13.08,11.902291666666665,0,True,13.48,11.601770833333333,0,True
2026-08-17T14:45:00Z,1,Tulkarem,1-1,10.69,12.352708333333334,0,True,12.95,11.857604166666667,0,True,13.75,11.595104166666667,0,True
2026-08-17T15:00:00Z,1,Tulkarem,1-1,11.32,12.279791666666668,0,True,12.98,11.818020833333334,0,True,13.95,11.597812500000002,0,True
2026-08-17T15:15:00Z,1,Tulkarem,1-1,11.7,12.189270833333333,0,True,13.13,11.773541666666667,0,True,15.06,11.620624999999999,0,True
2026-08-17T15:30:00Z,1,Tulkarem,1-1,12.28,12.12625,0,True,12.98,11.738229166666668,0,True,15.19,11.655104166666668,0,True
2026-08-17T15:45:00Z,1,Tulkarem,1-1,12.31,12.062708333333333,0,True,13.24,11.712291666666667,0,True,15.13,11.686875,0,True
2026-08-17T16:00:00Z,1,Tulkarem,1-1,12.68,12.003229166666666,0,True,12.96,11.68625,0,True,14.56,11.721354166666666,0,True
2026-08-17T16:15:00Z,1,Tulkarem,1-1,12.83,11.949791666666668,0,True,13.12,11.661458333333334,0,True,15.32,11.764583333333334,0,True
2026-08-17T16:30:00Z,1,Tulkarem,1-1,13.08,11.902291666666665,0,True,13.08,11.642395833333332,0,True,15.48,11.7753125,0,True
2026-08-17T16:45:00Z,1,Tulkarem,1-1,12.95,11.857604166666667,0,True,12.7,11.623645833333333,0,True,17.82,11.808541666666668,0,True
2026-08-17T17:00:00Z,1,Tulkarem,1-1,12.98,11.818020833333334,0,True,13.21,11.6146875,0,True,17.54,11.848333333333334,0,True
2026-08-17T17:15:00Z,1,Tulkarem,1-1,13.13,11.773541666666667,0,True,13.53,11.61,0,True,16.44,11.8821875,0,True
2026-08-17T17:30:00Z,1,Tulkarem,1-1,12.98,11.738229166666668,0,True,13.48,11.601770833333333,0,True,15.68,11.918854166666668,0,True
2026-08-17T17:45:00Z,1,Tulkarem,1-1,13.24,11.712291666666667,0,True,13.75,11.595104166666667,0,True,15.59,11.954895833333333,0,True
2026-08-17T18:00:00Z,1,Tulkarem,1-1,12.96,11.68625,0,True,13.95,11.597812500000002,0,True,16.57,12.002604166666666,0,True
2026-08-17T18:15:00Z,1,Tulkarem,1-1,13.12,11.661458333333334,0,True,15.06,11.620624999999999,0,True,15.62,12.044583333333334,0,True
2026-08-17T18:30:00Z,1,Tulkarem,1-1,13.08,11.642395833333332,0,True,15.19,11.655104166666668,0,True,15.04,12.066770833333335,0,True
2026-08-17T18:45:00Z,1,Tulkarem,1-1,12.7,11.623645833333333,0,True,15.13,11.686875,0,True,15.14,12.077187499999999,0,True
2026-08-17T19:00:00Z,1,Tulkarem,1-1,13.21,11.6146875,0,True,14.56,11.721354166666666,0,True,15.37,12.09125,0,True
2026-08-17T19:15:00Z,1,Tulkarem,1-1,13.53,11.61,0,True,15.32,11.764583333333334,0,True,15.39,12.109583333333333,0,True
2026-08-17T19:30:00Z,1,Tulkarem,1-1,13.48,11.601770833333333,0,True,15.48,11.7753125,0,True,15.43,12.120416666666666,0,True
2026-08-17T19:45:00Z,1,Tulkarem,1-1,13.75,11.595104166666667,0,True,17.82,11.808541666666668,0,True,15.85,12.131979166666667,0,True
2026-08-17T20:00:00Z,1,Tulkarem,1-1,13.95,11.597812500000002,0,True,17.54,11.848333333333334,0,True,15.34,12.136145833333332,0,True
2026-08-17T20:15:00Z,1,Tulkarem,1-1,15.06,11.620624999999999,0,True,16.44,11.8821875,0,True,15.34,12.137187499999998,0,True
2026-08-17T20:30:00Z,1,Tulkarem,1-1,15.19,11.655104166666668,0,True,15.68,11.918854166666668,0,True,15.5,12.144895833333331,0,True
2026-08-17T20:45:00Z,1,Tulkarem,1-1,15.13,11.686875,0,True,15.59,11.954895833333333,0,True,15.4,12.1490625,0,True
2026-08-17T21:00:00Z,1,Tulkarem,1-1,14.56,11.721354166666666,0,True,16.57,12.002604166666666,0,True,15.59,12.15125,0,True
2026-08-17T21:15:00Z,1,Tulkarem,1-1,15.32,11.764583333333334,0,True,15.62,12.044583333333334,0,True,15.39,12.156041666666667,0,True
2026-08-17T21:30:00Z,1,Tulkarem,1-1,15.48,11.7753125,0,True,15.04,12.066770833333335,0,True,15.7,12.161979166666669,0,True
2026-08-17T21:45:00Z,1,Tulkarem,1-1,17.82,11.808541666666668,0,True,15.14,12.077187499999999,0,True,16.19,12.1721875,0,True
2026-08-17T22:00:00Z,1,Tulkarem,1-1,17.54,11.848333333333334,0,True,15.37,12.09125,0,True,19.57,12.2165625,0,True
2026-08-17T22:15:00Z,1,Tulkarem,1-1,16.44,11.8821875,0,True,15.39,12.109583333333333,0,True,22.33,12.289895833333333,0,True
2026-08-17T22:30:00Z,1,Tulkarem,1-1,15.68,11.918854166666668,0,True,15.43,12.120416666666666,0,True,24.44,12.394375000000002,0,True
2026-08-17T22:45:00Z,1,Tulkarem,1-1,15.59,11.954895833333333,0,True,15.85,12.131979166666667,0,True,19.52,12.442916666666667,0,True
2026-08-17T23:00:00Z,1,Tulkarem,1-1,16.57,12.002604166666666,0,True,15.34,12.136145833333332,0,True,15.66,12.460624999999999,0,True
2026-08-17T23:15:00Z,1,Tulkarem,1-1,15.62,12.044583333333334,0,True,15.34,12.137187499999998,0,True,18.44,12.468645833333333,0,True
2026-08-17T23:30:00Z,1,Tulkarem,1-1,15.04,12.066770833333335,0,True,15.5,12.144895833333331,0,True,19.59,12.474583333333335,0,True
2026-08-17T23:45:00Z,1,Tulkarem,1-1,15.14,12.077187499999999,0,True,15.4,12.1490625,0,True,17.72,12.525416666666665,0,True
2026-08-18T00:00:00Z,1,Tulkarem,1-1,15.37,12.09125,0,True,15.59,12.15125,0,True,16.46,12.568125,0,True
2026-08-18T00:15:00Z,1,Tulkarem,1-1,15.39,12.109583333333333,0,True,15.39,12.156041666666667,0,True,19.03,12.620208333333332,0,True
2026-08-18T00:30:00Z,1,Tulkarem,1-1,15.43,12.120416666666666,0,True,15.7,12.161979166666669,0,True,18.69,12.668229166666665,0,True
2026-08-18T00:45:00Z,1,Tulkarem,1-1,15.85,12.131979166666667,0,True,16.19,12.1721875,0,True,16.52,12.718020833333332,0,True
2026-08-18T01:00:00Z,1,Tulkarem,1-1,15.34,12.136145833333332,0,True,19.57,12.2165625,0,True,16.36,12.7884375,0,True
2026-08-18T01:15:00Z,1,Tulkarem,1-1,15.34,12.137187499999998,0,True,22.33,12.289895833333333,0,True,15.98,12.841458333333334,0,True
2026-08-18T01:30:00Z,1,Tulkarem,1-1,15.5,12.144895833333331,0,True,24.44,12.394375000000002,0,True,15.55,12.911979166666667,0,True
2026-08-18T01:45:00Z,1,Tulkarem,1-1,15.4,12.1490625,0,True,19.52,12.442916666666667,0,True,16.3,12.983333333333334,0,True
2026-08-18T02:00:00Z,1,Tulkarem,1-1,15.59,12.15125,0,True,15.66,12.460624999999999,0,True,16.5,13.06,0,True
2026-08-18T02:15:00Z,1,Tulkarem,1-1,15.39,12.156041666666667,0,True,18.44,12.468645833333333,0,True,15.1,13.117604166666666,0,True
2026-08-18T02:30:00Z,1,Tulkarem,1-1,15.7,12.161979166666669,0,True,19.59,12.474583333333335,0,True,16.74,13.199062499999998,0,True
2026-08-18T02:45:00Z,1,Tulkarem,1-1,16.19,12.1721875,0,True,17.72,12.525416666666665,0,True,14.89,13.218854166666667,0,True
2026-08-18T03:00:00Z,1,Tulkarem,1-1,19.57,12.2165625,0,True,16.46,12.568125,0,True,15.88,13.286458333333334,0,True
2026-08-18T03:15:00Z,1,Tulkarem,1-1,22.33,12.289895833333333,0,True,19.03,12.620208333333332,0,True,15.18,13.336666666666666,0,True
2026-08-18T03:30:00Z,1,Tulkarem,1-1,24.44,12.394375000000002,0,True,18.69,12.668229166666665,0,True,15.29,13.394062499999999,0,True
2026-08-18T03:45:00Z,1,Tulkarem,1-1,19.52,12.442916666666667,0,True,16.52,12.718020833333332,0,True,15.69,13.472604166666665,0,True
2026-08-18T04:00:00Z,1,Tulkarem,1-1,15.66,12.460624999999999,0,True,16.36,12.7884375,0,True,14.58,13.545,0,True
2026-08-18T04:15:00Z,1,Tulkarem,1-1,18.44,12.468645833333333,0,True,15.98,12.841458333333334,0,True,15.1,13.610833333333334,0,True
2026-08-18T04:30:00Z,1,Tulkarem,1-1,19.59,12.474583333333335,0,True,15.55,12.911979166666667,0,True,14.63,13.688541666666666,0,True
2026-08-18T04:45:00Z,1,Tulkarem,1-1,17.72,12.525416666666665,0,True,16.3,12.983333333333334,0,True,14.24,13.765208333333334,0,True
2026-08-18T05:00:00Z,1,Tulkarem,1-1,16.46,12.568125,0,True,16.5,13.06,0,True,13.57,13.844062500000001,0,True
2026-08-18T05:15:00Z,1,Tulkarem,1-1,19.03,12.620208333333332,0,True,15.1,13.117604166666666,0,True,13.61,13.924895833333332,0,True
2026-08-18T05:30:00Z,1,Tulkarem,1-1,18.69,12.668229166666665,0,True,16.74,13.199062499999998,0,True,13.66,14.004479166666668,0,True
2026-08-18T05:45:00Z,1,Tulkarem,1-1,16.52,12.718020833333332,0,True,14.89,13.218854166666667,0,True,13.55,14.081875000000002,0,True
2026-08-18T06:00:00Z,1,Tulkarem,1-1,16.36,12.7884375,0,True,15.88,13.286458333333334,0,True,13.08,14.159895833333332,0,True
2026-08-18T06:15:00Z,1,Tulkarem,1-1,15.98,12.841458333333334,0,True,15.18,13.336666666666666,0,True,13.36,14.242708333333335,0,True
2026-08-18T06:30:00Z,1,Tulkarem,1-1,15.55,12.911979166666667,0,True,15.29,13.394062499999999,0,True,13.06,14.322083333333333,0,True
2026-08-18T06:45:00Z,1,Tulkarem,1-1,16.3,12.983333333333334,0,True,15.69,13.472604166666665,0,True,12.64,14.397499999999999,0,True
2026-08-18T07:00:00Z,1,Tulkarem,1-1,16.5,13.06,0,True,14.58,13.545,0,True,13.0,14.475937499999999,0,True
2026-08-18T07:15:00Z,1,Tulkarem,1-1,15.1,13.117604166666666,0,True,15.1,13.610833333333334,0,True,13.54,14.560729166666668,0,True
2026-08-18T07:30:00Z,1,Tulkarem,1-1,16.74,13.199062499999998,0,True,14.63,13.688541666666666,0,True,14.13,14.647604166666667,0,True
2026-08-18T07:45:00Z,1,Tulkarem,1-1,14.89,13.218854166666667,0,True,14.24,13.765208333333334,0,True,14.3,14.725520833333333,0,True
2026-08-18T08:00:00Z,1,Tulkarem,1-1,15.88,13.286458333333334,0,True,13.57,13.844062500000001,0,True,14.93,14.79125,0,True
2026-08-18T08:15:00Z,1,Tulkarem,1-1,15.18,13.336666666666666,0,True,13.61,13.924895833333332,0,True,15.52,14.845416666666667,0,True
2026-08-18T08:30:00Z,1,Tulkarem,1-1,15.29,13.394062499999999,0,True,13.66,14.004479166666668,0,True,15.36,14.893645833333336,0,True
2026-08-18T08:45:00Z,1,Tulkarem,1-1,15.69,13.472604166666665,0,True,13.55,14.081875000000002,0,True,15.33,14.940104166666666,0,True
2026-08-18T09:00:00Z,1,Tulkarem,1-1,14.58,13.545,0,True,13.08,14.159895833333332,0,True,15.55,14.990208333333333,0,True
2026-08-18T09:15:00Z,1,Tulkarem,1-1,15.1,13.610833333333334,0,True,13.36,14.242708333333335,0,True,15.56,15.043124999999998,1,True
2026-08-18T09:30:00Z,1,Tulkarem,1-1,14.63,13.688541666666666,0,True,13.06,14.322083333333333,0,True,15.69,15.104583333333332,1,True
2026-08-18T09:45:00Z,1,Tulkarem,1-1,14.24,13.765208333333334,0,True,12.64,14.397499999999999,0,True,15.58,15.155520833333332,1,True
2026-08-18T10:00:00Z,1,Tulkarem,1-1,13.57,13.844062500000001,0,True,13.0,14.475937499999999,0,True,16.27,15.207083333333335,1,True
2026-08-18T10:15:00Z,1,Tulkarem,1-1,13.61,13.924895833333332,0,True,13.54,14.560729166666668,0,True,17.46,15.267083333333332,1,True
2026-08-18T10:30:00Z,1,Tulkarem,1-1,13.66,14.004479166666668,0,True,14.13,14.647604166666667,0,True,18.33,15.330104166666667,1,True
2026-08-18T10:45:00Z,1,Tulkarem,1-1,13.55,14.081875000000002,0,True,14.3,14.725520833333333,0,True,19.09,15.400729166666666,1,True
2026-08-18T11:00:00Z,1,Tulkarem,1-1,13.08,14.159895833333332,0,True,14.93,14.79125,0,True,18.81,15.464583333333332,1,True
2026-08-18T11:15:00Z,1,Tulkarem,1-1,13.36,14.242708333333335,0,True,15.52,14.845416666666667,0,True,18.49,15.523541666666667,1,True
2026-08-18T11:30:00Z,1,Tulkarem,1-1,13.06,14.322083333333333,0,True,15.36,14.893645833333336,0,True,18.76,15.582708333333334,1,True
2026-08-18T11:45:00Z,1,Tulkarem,1-1,12.64,14.397499999999999,0,True,15.33,14.940104166666666,0,True,19.04,15.646145833333334,1,True
2026-08-18T12:00:00Z,1,Tulkarem,1-1,13.0,14.475937499999999,0,True,15.55,14.990208333333333,0,True,19.87,15.717916666666667,1,True
2026-08-18T12:15:00Z,1,Tulkarem,1-1,13.54,14.560729166666668,0,True,15.56,15.043124999999998,1,True,18.86,15.777604166666665,1,True
2026-08-18T12:30:00Z,1,Tulkarem,1-1,14.13,14.647604166666667,0,True,15.69,15.104583333333332,1,True,19.29,15.843333333333332,1,True
2026-08-18T12:45:00Z,1,Tulkarem,1-1,14.3,14.725520833333333,0,True,15.58,15.155520833333332,1,True,19.46,15.908124999999998,1,True
2026-08-18T13:00:00Z,1,Tulkarem,1-1,14.93,14.79125,0,True,16.27,15.207083333333335,1,True,19.02,15.97125,1,True
2026-08-18T13:15:00Z,1,Tulkarem,1-1,15.52,14.845416666666667,0,True,17.46,15.267083333333332,1,True,18.88,16.03125,1,True
2026-08-18T13:30:00Z,1,Tulkarem,1-1,15.36,14.893645833333336,0,True,18.33,15.330104166666667,1,True,19.15,16.09447916666667,1,True
2026-08-18T13:45:00Z,1,Tulkarem,1-1,15.33,14.940104166666666,0,True,19.09,15.400729166666666,1,True,18.14,16.151145833333334,1,True
2026-08-18T14:00:00Z,1,Tulkarem,1-1,15.55,14.990208333333333,0,True,18.81,15.464583333333332,1,True,18.53,16.2065625,1,True
2026-08-18T14:15:00Z,1,Tulkarem,1-1,15.56,15.043124999999998,1,True,18.49,15.523541666666667,1,True,18.12,16.254375,1,True
2026-08-18T14:30:00Z,1,Tulkarem,1-1,15.69,15.104583333333332,1,True,18.76,15.582708333333334,1,True,16.81,16.2890625,1,True
2026-08-18T14:45:00Z,1,Tulkarem,1-1,15.58,15.155520833333332,1,True,19.04,15.646145833333334,1,True,16.61,16.318854166666664,1,True
2026-08-18T15:00:00Z,1,Tulkarem,1-1,16.27,15.207083333333335,1,True,19.87,15.717916666666667,1,True,16.92,16.349791666666665,1,True
2026-08-18T15:15:00Z,1,Tulkarem,1-1,17.46,15.267083333333332,1,True,18.86,15.777604166666665,1,True,17.19,16.371979166666666,1,True
2026-08-18T15:30:00Z,1,Tulkarem,1-1,18.33,15.330104166666667,1,True,19.29,15.843333333333332,1,True,17.42,16.395208333333333,1,True
2026-08-18T15:45:00Z,1,Tulkarem,1-1,19.09,15.400729166666666,1,True,19.46,15.908124999999998,1,True,17.14,16.416145833333335,1,True
2026-08-18T16:00:00Z,1,Tulkarem,1-1,18.81,15.464583333333332,1,True,19.02,15.97125,1,True,17.5,16.446770833333336,1,True
2026-08-18T16:15:00Z,1,Tulkarem,1-1,18.49,15.523541666666667,1,True,18.88,16.03125,1,True,17.71,16.471666666666668,1,True
2026-08-18T16:30:00Z,1,Tulkarem,1-1,18.76,15.582708333333334,1,True,19.15,16.09447916666667,1,True,17.8,16.495833333333334,1,True
2026-08-18T16:45:00Z,1,Tulkarem,1-1,19.04,15.646145833333334,1,True,18.14,16.151145833333334,1,True,18.78,16.50583333333333,1,True
2026-08-18T17:00:00Z,1,Tulkarem,1-1,19.87,15.717916666666667,1,True,18.53,16.2065625,1,True,23.73,16.5703125,1,True
2026-08-18T17:15:00Z,1,Tulkarem,1-1,18.86,15.777604166666665,1,True,18.12,16.254375,1,True,24.9,16.6584375,1,True
2026-08-18T17:30:00Z,1,Tulkarem,1-1,19.29,15.843333333333332,1,True,16.81,16.2890625,1,True,21.44,16.7184375,1,True
2026-08-18T17:45:00Z,1,Tulkarem,1-1,19.46,15.908124999999998,1,True,16.61,16.318854166666664,1,True,21.57,16.780729166666667,1,True
2026-08-18T18:00:00Z,1,Tulkarem,1-1,19.02,15.97125,1,True,16.92,16.349791666666665,1,True,23.52,16.853125000000002,1,True
2026-08-18T18:15:00Z,1,Tulkarem,1-1,18.88,16.03125,1,True,17.19,16.371979166666666,1,True,24.35,16.944062499999998,1,True
2026-08-18T18:30:00Z,1,Tulkarem,1-1,19.15,16.09447916666667,1,True,17.42,16.395208333333333,1,True,21.34,17.009687500000002,1,True
2026-08-18T18:45:00Z,1,Tulkarem,1-1,18.14,16.151145833333334,1,True,17.14,16.416145833333335,1,True,20.96,17.0703125,1,True
2026-08-18T19:00:00Z,1,Tulkarem,1-1,18.53,16.2065625,1,True,17.5,16.446770833333336,1,True,20.66,17.125416666666666,1,True
2026-08-18T19:15:00Z,1,Tulkarem,1-1,18.12,16.254375,1,True,17.71,16.471666666666668,1,True,21.24,17.186354166666668,1,True
2026-08-18T19:30:00Z,1,Tulkarem,1-1,16.81,16.2890625,1,True,17.8,16.495833333333334,1,True,21.93,17.2540625,1,True
2026-08-18T19:45:00Z,1,Tulkarem,1-1,16.61,16.318854166666664,1,True,18.78,16.50583333333333,1,True,20.81,17.305729166666666,1,True
2026-08-18T20:00:00Z,1,Tulkarem,1-1,16.92,16.349791666666665,1,True,23.73,16.5703125,1,True,20.47,17.359166666666667,1,True
2026-08-18T20:15:00Z,1,Tulkarem,1-1,17.19,16.371979166666666,1,True,24.9,16.6584375,1,True,20.49,17.4128125,1,True
2026-08-18T20:30:00Z,1,Tulkarem,1-1,17.42,16.395208333333333,1,True,21.44,16.7184375,1,True,20.79,17.467916666666667,1,True
2026-08-18T20:45:00Z,1,Tulkarem,1-1,17.14,16.416145833333335,1,True,21.57,16.780729166666667,1,True,20.11,17.516979166666665,1,True
2026-08-18T21:00:00Z,1,Tulkarem,1-1,17.5,16.446770833333336,1,True,23.52,16.853125000000002,1,True,22.17,17.585520833333334,1,True
2026-08-18T21:15:00Z,1,Tulkarem,1-1,17.71,16.471666666666668,1,True,24.35,16.944062499999998,1,True,26.11,17.697187500000002,1,True
2026-08-18T21:30:00Z,1,Tulkarem,1-1,17.8,16.495833333333334,1,True,21.34,17.009687500000002,1,True,22.1,17.763854166666665,1,True
2026-08-18T21:45:00Z,1,Tulkarem,1-1,18.78,16.50583333333333,1,True,20.96,17.0703125,1,True,20.6,17.809791666666666,1,True
2026-08-18T22:00:00Z,1,Tulkarem,1-1,23.73,16.5703125,1,True,20.66,17.125416666666666,1,True,19.21,17.806041666666665,1,True
2026-08-18T22:15:00Z,1,Tulkarem,1-1,24.9,16.6584375,1,True,21.24,17.186354166666668,1,True,18.79,17.769166666666667,1,True
2026-08-18T22:30:00Z,1,Tulkarem,1-1,21.44,16.7184375,1,True,21.93,17.2540625,1,True,17.13,17.693020833333332,1,True
2026-08-18T22:45:00Z,1,Tulkarem,1-1,21.57,16.780729166666667,1,True,20.81,17.305729166666666,1,True,17.69,17.673958333333335,1,True
2026-08-18T23:00:00Z,1,Tulkarem,1-1,23.52,16.853125000000002,1,True,20.47,17.359166666666667,1,True,16.74,17.685208333333335,1,True
2026-08-18T23:15:00Z,1,Tulkarem,1-1,24.35,16.944062499999998,1,True,20.49,17.4128125,1,True,17.64,17.676875,1,True
2026-08-18T23:30:00Z,1,Tulkarem,1-1,21.34,17.009687500000002,1,True,20.79,17.467916666666667,1,True,14.11,17.619791666666668,1,True
2026-08-18T23:45:00Z,1,Tulkarem,1-1,20.96,17.0703125,1,True,20.11,17.516979166666665,1,True,13.08,17.571458333333336,1,True
2026-08-19T00:00:00Z,1,Tulkarem,1-1,20.66,17.125416666666666,1,True,22.17,17.585520833333334,1,True,13.19,17.537395833333335,1,True
2026-08-19T00:15:00Z,1,Tulkarem,1-1,21.24,17.186354166666668,1,True,26.11,17.697187500000002,1,True,12.37,17.468020833333334,1,True
2026-08-19T00:30:00Z,1,Tulkarem,1-1,21.93,17.2540625,1,True,22.1,17.763854166666665,1,True,13.11,17.409895833333334,1,True
2026-08-19T00:45:00Z,1,Tulkarem,1-1,20.81,17.305729166666666,1,True,20.6,17.809791666666666,1,True,11.56,17.358229166666668,1,True
2026-08-19T01:00:00Z,1,Tulkarem,1-1,20.47,17.359166666666667,1,True,19.21,17.806041666666665,1,True,10.97,17.302083333333332,1,True
2026-08-19T01:15:00Z,1,Tulkarem,1-1,20.49,17.4128125,1,True,18.79,17.769166666666667,1,True,11.74,17.257916666666667,1,True
2026-08-19T01:30:00Z,1,Tulkarem,1-1,20.79,17.467916666666667,1,True,17.13,17.693020833333332,1,True,12.84,17.2296875,1,True
2026-08-19T01:45:00Z,1,Tulkarem,1-1,20.11,17.516979166666665,1,True,17.69,17.673958333333335,1,True,14.43,17.210208333333334,1,True
2026-08-19T02:00:00Z,1,Tulkarem,1-1,22.17,17.585520833333334,1,True,16.74,17.685208333333335,1,True,15.58,17.200625,1,True
2026-08-19T02:15:00Z,1,Tulkarem,1-1,26.11,17.697187500000002,1,True,17.64,17.676875,1,True,15.8,17.207916666666666,1,True
2026-08-19T02:30:00Z,1,Tulkarem,1-1,22.1,17.763854166666665,1,True,14.11,17.619791666666668,1,True,16.33,17.203645833333336,1,True
2026-08-19T02:45:00Z,1,Tulkarem,1-1,20.6,17.809791666666666,1,True,13.08,17.571458333333336,1,True,16.39,17.219270833333333,1,True
2026-08-19T03:00:00Z,1,Tulkarem,1-1,19.21,17.806041666666665,1,True,13.19,17.537395833333335,1,True,15.29,17.213125,1,True
2026-08-19T03:15:00Z,1,Tulkarem,1-1,18.79,17.769166666666667,1,True,12.37,17.468020833333334,1,True,12.61,17.186354166666668,1,True
2026-08-19T03:30:00Z,1,Tulkarem,1-1,17.13,17.693020833333332,1,True,13.11,17.409895833333334,1,True,11.01,17.141770833333336,1,True
2026-08-19T03:45:00Z,1,Tulkarem,1-1,17.69,17.673958333333335,1,True,11.56,17.358229166666668,1,True,10.68,17.089583333333334,1,True
2026-08-19T04:00:00Z,1,Tulkarem,1-1,16.74,17.685208333333335,1,True,10.97,17.302083333333332,1,True,9.41,17.035729166666666,1,True
2026-08-19T04:15:00Z,1,Tulkarem,1-1,17.64,17.676875,1,True,11.74,17.257916666666667,1,True,9.08,16.973020833333333,1,True
2026-08-19T04:30:00Z,1,Tulkarem,1-1,14.11,17.619791666666668,1,True,12.84,17.2296875,1,True,8.47,16.908854166666668,1,True
2026-08-19T04:45:00Z,1,Tulkarem,1-1,13.08,17.571458333333336,1,True,14.43,17.210208333333334,1,True,8.92,16.853437500000002,1,True
2026-08-19T05:00:00Z,1,Tulkarem,1-1,13.19,17.537395833333335,1,True,15.58,17.200625,1,True,8.03,16.795729166666664,1,True
2026-08-19T05:15:00Z,1,Tulkarem,1-1,12.37,17.468020833333334,1,True,15.8,17.207916666666666,1,True,7.7,16.734166666666667,1,True
2026-08-19T05:30:00Z,1,Tulkarem,1-1,13.11,17.409895833333334,1,True,16.33,17.203645833333336,1,True,7.14,16.66625,1,True
2026-08-19T05:45:00Z,1,Tulkarem,1-1,11.56,17.358229166666668,1,True,16.39,17.219270833333333,1,True,6.91,16.597083333333334,1,True
2026-08-19T06:00:00Z,1,Tulkarem,1-1,10.97,17.302083333333332,1,True,15.29,17.213125,1,True,7.06,16.534375,1,True
2026-08-19T06:15:00Z,1,Tulkarem,1-1,11.74,17.257916666666667,1,True,12.61,17.186354166666668,1,True,7.2,16.470208333333332,1,True
2026-08-19T06:30:00Z,1,Tulkarem,1-1,12.84,17.2296875,1,True,11.01,17.141770833333336,1,True,6.92,16.40625,1,True
2026-08-19T06:45:00Z,1,Tulkarem,1-1,14.43,17.210208333333334,1,True,10.68,17.089583333333334,1,True,6.59,16.343229166666667,1,True
2026-08-19T07:00:00Z,1,Tulkarem,1-1,15.58,17.200625,1,True,9.41,17.035729166666666,1,True,7.52,16.286145833333332,1,True
2026-08-19T07:15:00Z,1,Tulkarem,1-1,15.8,17.207916666666666,1,True,9.08,16.973020833333333,1,True,7.57,16.223958333333332,1,True
2026-08-19T07:30:00Z,1,Tulkarem,1-1,16.33,17.203645833333336,1,True,8.47,16.908854166666668,1,True,7.16,16.151354166666668,1,True
2026-08-19T07:45:00Z,1,Tulkarem,1-1,16.39,17.219270833333333,1,True,8.92,16.853437500000002,1,True,7.89,16.084583333333335,1,True
2026-08-19T08:00:00Z,1,Tulkarem,1-1,15.29,17.213125,1,True,8.03,16.795729166666664,1,True,7.3,16.005104166666666,1,True
2026-08-19T08:15:00Z,1,Tulkarem,1-1,12.61,17.186354166666668,1,True,7.7,16.734166666666667,1,True,7.26,15.9190625,1,True
2026-08-19T08:30:00Z,1,Tulkarem,1-1,11.01,17.141770833333336,1,True,7.14,16.66625,1,True,9.66,15.8596875,1,True
2026-08-19T08:45:00Z,1,Tulkarem,1-1,10.68,17.089583333333334,1,True,6.91,16.597083333333334,1,True,6.31,15.765729166666667,1,True
2026-08-19T09:00:00Z,1,Tulkarem,1-1,9.41,17.035729166666666,1,True,7.06,16.534375,1,True,6.04,15.666666666666666,1,True
2026-08-19T09:15:00Z,1,Tulkarem,1-1,9.08,16.973020833333333,1,True,7.2,16.470208333333332,1,True,5.58,15.562708333333333,1,True
2026-08-19T09:30:00Z,1,Tulkarem,1-1,8.47,16.908854166666668,1,True,6.92,16.40625,1,True,5.76,15.459270833333333,1,True
2026-08-19T09:45:00Z,1,Tulkarem,1-1,8.92,16.853437500000002,1,True,6.59,16.343229166666667,1,True,5.37,15.352916666666667,1,True
2026-08-19T10:00:00Z,1,Tulkarem,1-1,8.03,16.795729166666664,1,True,7.52,16.286145833333332,1,True,,,,False
2026-08-19T10:15:00Z,1,Tulkarem,1-1,7.7,16.734166666666667,1,True,7.57,16.223958333333332,1,True,6.49,15.227789473684211,1,True
2026-08-19T10:30:00Z,1,Tulkarem,1-1,7.14,16.66625,1,True,7.16,16.151354166666668,1,True,7.7,15.115894736842105,1,True
2026-08-19T10:45:00Z,1,Tulkarem,1-1,6.91,16.597083333333334,1,True,7.89,16.084583333333335,1,True,8.1,15.00021052631579,1,True
2026-08-19T11:00:00Z,1,Tulkarem,1-1,7.06,16.534375,1,True,7.3,16.005104166666666,1,True,7.65,14.882736842105265,0,True
2026-08-19T11:15:00Z,1,Tulkarem,1-1,7.2,16.470208333333332,1,True,7.26,15.9190625,1,True,7.63,14.76842105263158,0,True
2026-08-19T11:30:00Z,1,Tulkarem,1-1,6.92,16.40625,1,True,9.66,15.8596875,1,True,7.75,14.652526315789475,0,True
2026-08-19T11:45:00Z,1,Tulkarem,1-1,6.59,16.343229166666667,1,True,6.31,15.765729166666667,1,True,8.93,14.546105263157896,0,True
2026-08-19T12:00:00Z,1,Tulkarem,1-1,7.52,16.286145833333332,1,True,6.04,15.666666666666666,1,True,7.87,14.41978947368421,0,True
2026-08-19T12:15:00Z,1,Tulkarem,1-1,7.57,16.223958333333332,1,True,5.58,15.562708333333333,1,True,7.66,14.301894736842106,0,True
2026-08-19T12:30:00Z,1,Tulkarem,1-1,7.16,16.151354166666668,1,True,5.76,15.459270833333333,1,True,8.53,14.18863157894737,0,True
2026-08-19T12:45:00Z,1,Tulkarem,1-1,7.89,16.084583333333335,1,True,5.37,15.352916666666667,1,True,8.43,14.072526315789474,0,True
2026-08-19T13:00:00Z,1,Tulkarem,1-1,7.3,16.005104166666666,1,True,,,,False,7.69,13.953263157894739,0,True
2026-08-19T13:15:00Z,1,Tulkarem,1-1,7.26,15.9190625,1,True,6.49,15.227789473684211,1,True,7.87,13.83736842105263,0,True
2026-08-19T13:30:00Z,1,Tulkarem,1-1,9.66,15.8596875,1,True,7.7,15.115894736842105,1,True,7.99,13.719894736842104,0,True
2026-08-19T13:45:00Z,1,Tulkarem,1-1,6.31,15.765729166666667,1,True,8.1,15.00021052631579,1,True,7.71,13.610105263157894,0,True
2026-08-19T14:00:00Z,1,Tulkarem,1-1,6.04,15.666666666666666,1,True,7.65,14.882736842105265,0,True,7.65,13.495578947368422,0,True
2026-08-19T14:15:00Z,1,Tulkarem,1-1,5.58,15.562708333333333,1,True,7.63,14.76842105263158,0,True,8.64,13.395789473684209,0,True
2026-08-19T14:30:00Z,1,Tulkarem,1-1,5.76,15.459270833333333,1,True,7.75,14.652526315789475,0,True,9.02,13.31378947368421,0,True
2026-08-19T14:45:00Z,1,Tulkarem,1-1,5.37,15.352916666666667,1,True,8.93,14.546105263157896,0,True,9.73,13.241368421052632,0,True
2026-08-19T15:00:00Z,1,Tulkarem,1-1,,,,False,7.87,14.41978947368421,0,True,9.13,13.159368421052633,0,True
2026-08-19T15:15:00Z,1,Tulkarem,1-1,6.49,15.227789473684211,1,True,7.66,14.301894736842106,0,True,8.52,13.068105263157895,0,True
2026-08-19T15:30:00Z,1,Tulkarem,1-1,7.7,15.115894736842105,1,True,8.53,14.18863157894737,0,True,9.04,12.979894736842107,0,True
2026-08-19T15:45:00Z,1,Tulkarem,1-1,8.1,15.00021052631579,1,True,8.43,14.072526315789474,0,True,9.04,12.894631578947369,0,True
2026-08-19T16:15:00Z,1,Tulkarem,1-1,7.63,14.76842105263158,0,True,7.87,13.83736842105263,0,True,10.3,12.732526315789473,0,True
2026-08-19T16:30:00Z,1,Tulkarem,1-1,7.75,14.652526315789475,0,True,7.99,13.719894736842104,0,True,13.64,12.688736842105264,0,True
2026-08-19T16:45:00Z,1,Tulkarem,1-1,8.93,14.546105263157896,0,True,7.71,13.610105263157894,0,True,14.76,12.64642105263158,0,True
2026-08-19T17:00:00Z,1,Tulkarem,1-1,7.87,14.41978947368421,0,True,7.65,13.495578947368422,0,True,13.85,12.542421052631578,0,True
2026-08-19T17:15:00Z,1,Tulkarem,1-1,7.66,14.301894736842106,0,True,8.64,13.395789473684209,0,True,11.98,12.406421052631577,0,True
2026-08-19T17:30:00Z,1,Tulkarem,1-1,8.53,14.18863157894737,0,True,9.02,13.31378947368421,0,True,13.77,12.325684210526314,0,True
2026-08-19T17:45:00Z,1,Tulkarem,1-1,8.43,14.072526315789474,0,True,9.73,13.241368421052632,0,True,13.44,12.240105263157893,0,True
2026-08-19T18:00:00Z,1,Tulkarem,1-1,7.69,13.953263157894739,0,True,9.13,13.159368421052633,0,True,11.95,12.118315789473684,0,True
2026-08-19T18:15:00Z,1,Tulkarem,1-1,7.87,13.83736842105263,0,True,8.52,13.068105263157895,0,True,13.67,12.005894736842105,0,True
2026-08-19T18:30:00Z,1,Tulkarem,1-1,7.99,13.719894736842104,0,True,9.04,12.979894736842107,0,True,48.39,12.290631578947368,0,True
2026-08-19T18:45:00Z,1,Tulkarem,1-1,7.71,13.610105263157894,0,True,9.04,12.894631578947369,0,True,14.33,12.220842105263158,0,True
2026-08-19T19:00:00Z,1,Tulkarem,1-1,7.65,13.495578947368422,0,True,9.51,12.810526315789474,0,True,11.35,12.122842105263159,0,True
2026-08-19T19:15:00Z,1,Tulkarem,1-1,8.64,13.395789473684209,0,True,10.3,12.732526315789473,0,True,11.6,12.021368421052632,0,True
2026-08-19T19:30:00Z,1,Tulkarem,1-1,9.02,13.31378947368421,0,True,13.64,12.688736842105264,0,True,11.32,11.909684210526315,0,True
2026-08-19T19:45:00Z,1,Tulkarem,1-1,9.73,13.241368421052632,0,True,14.76,12.64642105263158,0,True,11.4,11.810631578947369,0,True
2026-08-19T20:00:00Z,1,Tulkarem,1-1,9.13,13.159368421052633,0,True,13.85,12.542421052631578,0,True,12.55,11.727263157894736,0,True
2026-08-19T20:15:00Z,1,Tulkarem,1-1,8.52,13.068105263157895,0,True,11.98,12.406421052631577,0,True,11.62,11.633894736842105,0,True
2026-08-19T20:30:00Z,1,Tulkarem,1-1,9.04,12.979894736842107,0,True,13.77,12.325684210526314,0,True,13.28,11.554842105263159,0,True
2026-08-19T20:45:00Z,1,Tulkarem,1-1,9.04,12.894631578947369,0,True,13.44,12.240105263157893,0,True,17.93,11.531894736842107,0,True
2026-08-19T21:00:00Z,1,Tulkarem,1-1,9.51,12.810526315789474,0,True,11.95,12.118315789473684,0,True,13.42,11.43978947368421,0,True
2026-08-19T21:15:00Z,1,Tulkarem,1-1,10.3,12.732526315789473,0,True,13.67,12.005894736842105,0,True,16.27,11.336210526315787,0,True
2026-08-19T21:30:00Z,1,Tulkarem,1-1,13.64,12.688736842105264,0,True,48.39,12.290631578947368,0,True,14.61,11.257368421052632,0,True
2026-08-19T21:45:00Z,1,Tulkarem,1-1,14.76,12.64642105263158,0,True,14.33,12.220842105263158,0,True,14.47,11.192842105263159,0,True
2026-08-19T22:00:00Z,1,Tulkarem,1-1,13.85,12.542421052631578,0,False,11.35,12.122842105263159,0,False,13.76,11.135473684210528,0,False
2026-08-19T22:15:00Z,1,Tulkarem,1-1,11.98,12.406421052631577,0,True,11.6,12.021368421052632,0,True,14.21,11.08726315789474,0,True
2026-08-19T22:30:00Z,1,Tulkarem,1-1,13.77,12.325684210526314,0,True,11.32,11.909684210526315,0,True,12.38,11.037263157894737,0,True
2026-08-19T22:45:00Z,1,Tulkarem,1-1,13.44,12.240105263157893,0,True,11.4,11.810631578947369,0,True,12.68,10.984526315789473,0,True
2026-08-19T23:00:00Z,1,Tulkarem,1-1,11.95,12.118315789473684,0,True,12.55,11.727263157894736,0,True,13.11,10.946315789473683,0,True
2026-08-19T23:15:00Z,1,Tulkarem,1-1,13.67,12.005894736842105,0,True,11.62,11.633894736842105,0,True,13.31,10.900736842105262,0,True
2026-08-19T23:30:00Z,1,Tulkarem,1-1,48.39,12.290631578947368,0,True,13.28,11.554842105263159,0,True,9.89,10.856315789473685,0,True
2026-08-19T23:45:00Z,1,Tulkarem,1-1,14.33,12.220842105263158,0,True,17.93,11.531894736842107,0,True,12.02,10.845157894736841,0,True
2026-08-20T00:00:00Z,1,Tulkarem,1-1,11.35,12.122842105263159,0,True,13.42,11.43978947368421,0,True,12.88,10.841894736842105,0,True
2026-08-20T00:15:00Z,1,Tulkarem,1-1,11.6,12.021368421052632,0,True,16.27,11.336210526315787,0,True,14.43,10.86357894736842,0,True
2026-08-20T00:30:00Z,1,Tulkarem,1-1,11.32,11.909684210526315,0,True,14.61,11.257368421052632,0,True,14.66,10.879894736842104,0,True
2026-08-20T00:45:00Z,1,Tulkarem,1-1,11.4,11.810631578947369,0,True,14.47,11.192842105263159,0,True,15.87,10.925263157894735,0,True
2026-08-20T01:00:00Z,1,Tulkarem,1-1,12.55,11.727263157894736,0,True,13.76,11.135473684210528,0,True,15.52,10.973157894736843,0,True
2026-08-20T01:15:00Z,1,Tulkarem,1-1,11.62,11.633894736842105,0,True,14.21,11.08726315789474,0,True,15.34,11.011052631578947,0,True
2026-08-20T01:30:00Z,1,Tulkarem,1-1,13.28,11.554842105263159,0,True,12.38,11.037263157894737,0,True,15.49,11.038947368421054,0,True
2026-08-20T01:45:00Z,1,Tulkarem,1-1,17.93,11.531894736842107,0,True,12.68,10.984526315789473,0,True,15.64,11.051684210526314,0,True
2026-08-20T02:00:00Z,1,Tulkarem,1-1,13.42,11.43978947368421,0,True,13.11,10.946315789473683,0,True,15.52,11.05105263157895,0,True
2026-08-20T02:15:00Z,1,Tulkarem,1-1,16.27,11.336210526315787,0,True,13.31,10.900736842105262,0,True,14.88,11.041368421052633,0,True
2026-08-20T02:30:00Z,1,Tulkarem,1-1,14.61,11.257368421052632,0,True,9.89,10.856315789473685,0,True,14.53,11.022421052631577,0,True
2026-08-20T02:45:00Z,1,Tulkarem,1-1,14.47,11.192842105263159,0,True,12.02,10.845157894736841,0,True,14.42,11.001684210526317,0,True
2026-08-20T03:00:00Z,1,Tulkarem,1-1,13.76,11.135473684210528,0,True,12.88,10.841894736842105,0,True,13.84,10.986421052631579,0,True
2026-08-20T03:15:00Z,1,Tulkarem,1-1,14.21,11.08726315789474,0,True,14.43,10.86357894736842,0,True,13.98,11.000842105263157,0,True
2026-08-20T03:30:00Z,1,Tulkarem,1-1,12.38,11.037263157894737,0,True,14.66,10.879894736842104,0,True,14.0,11.032315789473683,0,True
2026-08-20T03:45:00Z,1,Tulkarem,1-1,12.68,10.984526315789473,0,True,15.87,10.925263157894735,0,True,13.67,11.06378947368421,0,True
2026-08-20T04:00:00Z,1,Tulkarem,1-1,13.11,10.946315789473683,0,True,15.52,10.973157894736843,0,True,12.7,11.098421052631581,0,True
2026-08-20T04:15:00Z,1,Tulkarem,1-1,13.31,10.900736842105262,0,True,15.34,11.011052631578947,0,True,13.19,11.141684210526314,0,True
2026-08-20T04:30:00Z,1,Tulkarem,1-1,9.89,10.856315789473685,0,True,15.49,11.038947368421054,0,True,12.98,11.189157894736843,0,True
2026-08-20T04:45:00Z,1,Tulkarem,1-1,12.02,10.845157894736841,0,True,15.64,11.051684210526314,0,True,13.1,11.233157894736843,0,True
2026-08-20T05:00:00Z,1,Tulkarem,1-1,12.88,10.841894736842105,0,True,15.52,11.05105263157895,0,True,13.45,11.29021052631579,0,True
2026-08-20T05:15:00Z,1,Tulkarem,1-1,14.43,10.86357894736842,0,True,14.88,11.041368421052633,0,True,13.27,11.34884210526316,0,True
2026-08-20T05:30:00Z,1,Tulkarem,1-1,14.66,10.879894736842104,0,True,14.53,11.022421052631577,0,True,13.98,11.420842105263155,0,True
2026-08-20T05:45:00Z,1,Tulkarem,1-1,15.87,10.925263157894735,0,True,14.42,11.001684210526317,0,True,13.46,11.48978947368421,0,True
2026-08-20T06:00:00Z,1,Tulkarem,1-1,15.52,10.973157894736843,0,True,13.84,10.986421052631579,0,True,13.03,11.552631578947368,0,True
2026-08-20T06:15:00Z,1,Tulkarem,1-1,15.34,11.011052631578947,0,True,13.98,11.000842105263157,0,True,13.2,11.615789473684211,0,True
2026-08-20T06:30:00Z,1,Tulkarem,1-1,15.49,11.038947368421054,0,True,14.0,11.032315789473683,0,True,12.59,11.675473684210527,0,True
2026-08-20T06:45:00Z,1,Tulkarem,1-1,15.64,11.051684210526314,0,True,13.67,11.06378947368421,0,True,12.85,11.741368421052632,0,True
2026-08-20T07:00:00Z,1,Tulkarem,1-1,15.52,11.05105263157895,0,True,12.7,11.098421052631581,0,True,12.63,11.795157894736843,0,True
2026-08-20T07:15:00Z,1,Tulkarem,1-1,14.88,11.041368421052633,0,True,13.19,11.141684210526314,0,True,12.7,11.849157894736841,0,True
2026-08-20T07:30:00Z,1,Tulkarem,1-1,14.53,11.022421052631577,0,True,12.98,11.189157894736843,0,True,12.29,11.903157894736841,0,True
2026-08-20T07:45:00Z,1,Tulkarem,1-1,14.42,11.001684210526317,0,True,13.1,11.233157894736843,0,True,13.23,11.95936842105263,0,True
2026-08-20T08:00:00Z,1,Tulkarem,1-1,13.84,10.986421052631579,0,True,13.45,11.29021052631579,0,True,16.93,12.060736842105262,0,True
2026-08-20T08:15:00Z,1,Tulkarem,1-1,13.98,11.000842105263157,0,True,13.27,11.34884210526316,0,True,12.98,12.120947368421053,0,True
2026-08-20T08:30:00Z,1,Tulkarem,1-1,14.0,11.032315789473683,0,True,13.98,11.420842105263155,0,True,12.83,12.154315789473683,0,True
2026-08-20T08:45:00Z,1,Tulkarem,1-1,13.67,11.06378947368421,0,True,13.46,11.48978947368421,0,True,12.34,12.217789473684212,0,True
2026-08-20T09:00:00Z,1,Tulkarem,1-1,12.7,11.098421052631581,0,True,13.03,11.552631578947368,0,True,12.4,12.284736842105263,0,True
2026-08-20T09:15:00Z,1,Tulkarem,1-1,13.19,11.141684210526314,0,True,13.2,11.615789473684211,0,True,12.16,12.354000000000001,0,True
2026-08-20T09:30:00Z,1,Tulkarem,1-1,12.98,11.189157894736843,0,True,12.59,11.675473684210527,0,True,18.61,12.489263157894737,0,True
2026-08-20T09:45:00Z,1,Tulkarem,1-1,13.1,11.233157894736843,0,True,12.85,11.741368421052632,0,True,16.38,12.605157894736843,0,True
2026-08-20T10:00:00Z,1,Tulkarem,1-1,13.45,11.29021052631579,0,True,12.63,11.795157894736843,0,True,15.09,12.631041666666667,0,True
2026-08-20T10:15:00Z,1,Tulkarem,1-1,13.27,11.34884210526316,0,True,12.7,11.849157894736841,0,True,16.97,12.740208333333333,0,True
2026-08-20T10:30:00Z,1,Tulkarem,1-1,13.98,11.420842105263155,0,True,12.29,11.903157894736841,0,True,16.79,12.834895833333333,0,True
2026-08-20T10:45:00Z,1,Tulkarem,1-1,13.46,11.48978947368421,0,True,13.23,11.95936842105263,0,True,18.41,12.942291666666668,0,True
2026-08-20T11:00:00Z,1,Tulkarem,1-1,13.03,11.552631578947368,0,True,16.93,12.060736842105262,0,True,19.62,13.066979166666664,0,True
2026-08-20T11:15:00Z,1,Tulkarem,1-1,13.2,11.615789473684211,0,True,12.98,12.120947368421053,0,True,18.84,13.183750000000002,0,True
2026-08-20T11:30:00Z,1,Tulkarem,1-1,12.59,11.675473684210527,0,True,12.83,12.154315789473683,0,True,18.26,13.293229166666668,0,True
2026-08-20T11:45:00Z,1,Tulkarem,1-1,12.85,11.741368421052632,0,True,12.34,12.217789473684212,0,True,18.25,13.3903125,0,True
2026-08-20T12:00:00Z,1,Tulkarem,1-1,12.63,11.795157894736843,0,True,12.4,12.284736842105263,0,True,19.56,13.512083333333335,0,True
2026-08-20T12:15:00Z,1,Tulkarem,1-1,12.7,11.849157894736841,0,True,12.16,12.354000000000001,0,True,19.15,13.631770833333334,0,True
2026-08-20T12:30:00Z,1,Tulkarem,1-1,12.29,11.903157894736841,0,True,18.61,12.489263157894737,0,True,18.58,13.736458333333333,0,True
2026-08-20T12:45:00Z,1,Tulkarem,1-1,13.23,11.95936842105263,0,True,16.38,12.605157894736843,0,True,17.4,13.829895833333333,0,True
2026-08-20T13:00:00Z,1,Tulkarem,1-1,16.93,12.060736842105262,0,True,15.09,12.631041666666667,0,True,17.17,13.928645833333333,0,True
2026-08-20T13:15:00Z,1,Tulkarem,1-1,12.98,12.120947368421053,0,True,16.97,12.740208333333333,0,True,18.55,14.039895833333333,0,True
2026-08-20T13:30:00Z,1,Tulkarem,1-1,12.83,12.154315789473683,0,True,16.79,12.834895833333333,0,True,19.77,14.162604166666668,0,True
2026-08-20T13:45:00Z,1,Tulkarem,1-1,12.34,12.217789473684212,0,True,18.41,12.942291666666668,0,True,28.14,14.375416666666666,0,True
2026-08-20T14:00:00Z,1,Tulkarem,1-1,12.4,12.284736842105263,0,True,19.62,13.066979166666664,0,True,29.27,14.600624999999999,0,True
2026-08-20T14:15:00Z,1,Tulkarem,1-1,12.16,12.354000000000001,0,True,18.84,13.183750000000002,0,True,31.37,14.837395833333334,0,True
2026-08-20T14:30:00Z,1,Tulkarem,1-1,18.61,12.489263157894737,0,True,18.26,13.293229166666668,0,True,19.03,14.941666666666668,0,True
2026-08-20T14:45:00Z,1,Tulkarem,1-1,16.38,12.605157894736843,0,True,18.25,13.3903125,0,True,19.03,15.038541666666667,1,True
2026-08-20T15:00:00Z,1,Tulkarem,1-1,15.09,12.631041666666667,0,True,19.56,13.512083333333335,0,True,18.39,15.134999999999998,1,True
2026-08-20T15:15:00Z,1,Tulkarem,1-1,16.97,12.740208333333333,0,True,19.15,13.631770833333334,0,True,17.74,15.231041666666664,1,True
2026-08-20T15:30:00Z,1,Tulkarem,1-1,16.79,12.834895833333333,0,True,18.58,13.736458333333333,0,True,17.79,15.3221875,1,True
2026-08-20T15:45:00Z,1,Tulkarem,1-1,18.41,12.942291666666668,0,True,17.4,13.829895833333333,0,True,17.49,15.410208333333335,1,True
2026-08-20T16:00:00Z,1,Tulkarem,1-1,19.62,13.066979166666664,0,True,17.17,13.928645833333333,0,True,17.82,15.496770833333334,1,True
2026-08-20T16:15:00Z,1,Tulkarem,1-1,18.84,13.183750000000002,0,True,18.55,14.039895833333333,0,True,17.47,15.571458333333334,1,True
2026-08-20T16:30:00Z,1,Tulkarem,1-1,18.26,13.293229166666668,0,True,19.77,14.162604166666668,0,True,18.05,15.617395833333333,1,True
2026-08-20T16:45:00Z,1,Tulkarem,1-1,18.25,13.3903125,0,True,28.14,14.375416666666666,0,True,17.14,15.642187499999999,1,True
2026-08-20T17:00:00Z,1,Tulkarem,1-1,19.56,13.512083333333335,0,True,29.27,14.600624999999999,0,True,17.14,15.676458333333334,1,True
2026-08-20T17:15:00Z,1,Tulkarem,1-1,19.15,13.631770833333334,0,True,31.37,14.837395833333334,0,True,17.34,15.732291666666667,1,True
2026-08-20T17:30:00Z,1,Tulkarem,1-1,18.58,13.736458333333333,0,True,19.03,14.941666666666668,0,True,17.64,15.772604166666667,1,True
2026-08-20T17:45:00Z,1,Tulkarem,1-1,17.4,13.829895833333333,0,True,19.03,15.038541666666667,1,True,16.17,15.801041666666668,1,True
2026-08-20T18:00:00Z,1,Tulkarem,1-1,17.17,13.928645833333333,0,True,18.39,15.134999999999998,1,True,15.91,15.842291666666666,1,True
2026-08-20T18:15:00Z,1,Tulkarem,1-1,18.55,14.039895833333333,0,True,17.74,15.231041666666664,1,True,15.4,15.860312500000001,1,True
2026-08-20T18:30:00Z,1,Tulkarem,1-1,19.77,14.162604166666668,0,True,17.79,15.3221875,1,True,15.53,15.518020833333333,1,True
2026-08-20T18:45:00Z,1,Tulkarem,1-1,28.14,14.375416666666666,0,True,17.49,15.410208333333335,1,True,15.78,15.533125,1,True
2026-08-20T19:00:00Z,1,Tulkarem,1-1,29.27,14.600624999999999,0,True,17.82,15.496770833333334,1,True,15.93,15.580833333333333,1,True
2026-08-20T19:15:00Z,1,Tulkarem,1-1,31.37,14.837395833333334,0,True,17.47,15.571458333333334,1,True,16.03,15.626979166666667,1,True
2026-08-20T19:30:00Z,1,Tulkarem,1-1,19.03,14.941666666666668,0,True,18.05,15.617395833333333,1,True,15.96,15.675312500000002,1,True
2026-08-20T19:45:00Z,1,Tulkarem,1-1,19.03,15.038541666666667,1,True,17.14,15.642187499999999,1,True,15.92,15.722395833333332,1,True
2026-08-20T20:00:00Z,1,Tulkarem,1-1,18.39,15.134999999999998,1,True,17.14,15.676458333333334,1,True,15.96,15.757916666666667,1,True
2026-08-20T20:15:00Z,1,Tulkarem,1-1,17.74,15.231041666666664,1,True,17.34,15.732291666666667,1,True,15.6,15.799375,1,True
2026-08-20T20:30:00Z,1,Tulkarem,1-1,17.79,15.3221875,1,True,17.64,15.772604166666667,1,True,15.26,15.82,1,True
2026-08-20T20:45:00Z,1,Tulkarem,1-1,17.49,15.410208333333335,1,True,16.17,15.801041666666668,1,True,15.72,15.796979166666667,1,True
2026-08-20T21:00:00Z,1,Tulkarem,1-1,17.82,15.496770833333334,1,True,15.91,15.842291666666666,1,True,16.13,15.825208333333334,1,True
2026-08-20T21:15:00Z,1,Tulkarem,1-1,17.47,15.571458333333334,1,True,15.4,15.860312500000001,1,True,21.14,15.875937500000001,1,True
2026-08-20T21:30:00Z,1,Tulkarem,1-1,18.05,15.617395833333333,1,True,15.53,15.518020833333333,1,True,22.0,15.952916666666667,1,True
2026-08-20T21:45:00Z,1,Tulkarem,1-1,17.14,15.642187499999999,1,True,15.78,15.533125,1,True,20.46,16.0153125,1,True
2026-08-20T22:00:00Z,1,Tulkarem,1-1,17.14,15.676458333333334,1,True,15.93,15.580833333333333,1,True,18.81,16.067916666666665,1,True
2026-08-20T22:15:00Z,1,Tulkarem,1-1,17.34,15.732291666666667,1,True,16.03,15.626979166666667,1,True,17.61,16.10333333333333,1,True
2026-08-20T22:30:00Z,1,Tulkarem,1-1,17.64,15.772604166666667,1,True,15.96,15.675312500000002,1,True,20.23,16.185104166666665,1,True
2026-08-20T22:45:00Z,1,Tulkarem,1-1,16.17,15.801041666666668,1,True,15.92,15.722395833333332,1,True,21.89,16.281041666666667,1,True
2026-08-20T23:00:00Z,1,Tulkarem,1-1,15.91,15.842291666666666,1,True,15.96,15.757916666666667,1,True,21.19,16.36520833333333,1,True
2026-08-20T23:15:00Z,1,Tulkarem,1-1,15.4,15.860312500000001,1,True,15.6,15.799375,1,True,18.07,16.41479166666667,1,True
2026-08-20T23:30:00Z,1,Tulkarem,1-1,15.53,15.518020833333333,1,True,15.26,15.82,1,True,16.53,16.483958333333334,1,True
2026-08-20T23:45:00Z,1,Tulkarem,1-1,15.78,15.533125,1,True,15.72,15.796979166666667,1,True,16.05,16.5259375,1,True
2026-08-21T00:00:00Z,1,Tulkarem,1-1,15.93,15.580833333333333,1,True,16.13,15.825208333333334,1,True,16.48,16.5634375,1,True
2026-08-21T00:15:00Z,1,Tulkarem,1-1,16.03,15.626979166666667,1,True,21.14,15.875937500000001,1,True,17.22,16.5925,1,True
2026-08-21T00:30:00Z,1,Tulkarem,1-1,15.96,15.675312500000002,1,True,22.0,15.952916666666667,1,True,17.66,16.62375,1,True
2026-08-21T00:45:00Z,1,Tulkarem,1-1,15.92,15.722395833333332,1,True,20.46,16.0153125,1,True,19.37,16.660208333333333,1,True
2026-08-21T01:00:00Z,1,Tulkarem,1-1,15.96,15.757916666666667,1,True,18.81,16.067916666666665,1,True,20.1,16.707916666666666,1,True
2026-08-21T01:15:00Z,1,Tulkarem,1-1,15.6,15.799375,1,True,17.61,16.10333333333333,1,True,21.51,16.772187499999998,1,True
2026-08-21T01:30:00Z,1,Tulkarem,1-1,15.26,15.82,1,True,20.23,16.185104166666665,1,True,20.62,16.825625,1,True
2026-08-21T01:45:00Z,1,Tulkarem,1-1,15.72,15.796979166666667,1,True,21.89,16.281041666666667,1,True,20.68,16.878125,1,True
2026-08-21T02:00:00Z,1,Tulkarem,1-1,16.13,15.825208333333334,1,True,21.19,16.36520833333333,1,True,21.05,16.935729166666665,1,True
2026-08-21T02:15:00Z,1,Tulkarem,1-1,21.14,15.875937500000001,1,True,18.07,16.41479166666667,1,True,20.71,16.996458333333333,1,True
2026-08-21T02:30:00Z,1,Tulkarem,1-1,22.0,15.952916666666667,1,True,16.53,16.483958333333334,1,True,21.5,17.0690625,1,True
2026-08-21T02:45:00Z,1,Tulkarem,1-1,20.46,16.0153125,1,True,16.05,16.5259375,1,True,22.25,17.150625,1,True
2026-08-21T03:00:00Z,1,Tulkarem,1-1,18.81,16.067916666666665,1,True,16.48,16.5634375,1,True,22.83,17.244270833333335,1,True
2026-08-21T03:15:00Z,1,Tulkarem,1-1,17.61,16.10333333333333,1,True,17.22,16.5925,1,True,22.38,17.331770833333334,1,True
2026-08-21T03:30:00Z,1,Tulkarem,1-1,20.23,16.185104166666665,1,True,17.66,16.62375,1,True,18.14,17.374895833333333,1,True
2026-08-21T03:45:00Z,1,Tulkarem,1-1,21.89,16.281041666666667,1,True,19.37,16.660208333333333,1,True,16.64,17.405833333333334,1,True
2026-08-21T04:00:00Z,1,Tulkarem,1-1,21.19,16.36520833333333,1,True,20.1,16.707916666666666,1,True,16.58,17.44625,1,True
2026-08-21T04:15:00Z,1,Tulkarem,1-1,18.07,16.41479166666667,1,True,21.51,16.772187499999998,1,True,15.92,17.4746875,1,True
2026-08-21T04:30:00Z,1,Tulkarem,1-1,16.53,16.483958333333334,1,True,20.62,16.825625,1,True,15.83,17.504375,1,True
2026-08-21T04:45:00Z,1,Tulkarem,1-1,16.05,16.5259375,1,True,20.68,16.878125,1,True,15.09,17.525104166666665,1,True
2026-08-21T05:00:00Z,1,Tulkarem,1-1,16.48,16.5634375,1,True,21.05,16.935729166666665,1,True,15.57,17.547187500000003,1,True
2026-08-21T05:15:00Z,1,Tulkarem,1-1,17.22,16.5925,1,True,20.71,16.996458333333333,1,True,15.02,17.565416666666668,1,True
2026-08-21T05:30:00Z,1,Tulkarem,1-1,17.66,16.62375,1,True,21.5,17.0690625,1,True,15.04,17.576458333333335,1,True
2026-08-21T05:45:00Z,1,Tulkarem,1-1,19.37,16.660208333333333,1,True,22.25,17.150625,1,True,15.17,17.594270833333336,1,True
2026-08-21T06:00:00Z,1,Tulkarem,1-1,20.1,16.707916666666666,1,True,22.83,17.244270833333335,1,True,15.14,17.61625,1,True
2026-08-21T06:15:00Z,1,Tulkarem,1-1,21.51,16.772187499999998,1,True,22.38,17.331770833333334,1,True,15.2,17.637083333333333,1,True
2026-08-21T06:30:00Z,1,Tulkarem,1-1,20.62,16.825625,1,True,18.14,17.374895833333333,1,True,15.34,17.665729166666665,1,True
2026-08-21T06:45:00Z,1,Tulkarem,1-1,20.68,16.878125,1,True,16.64,17.405833333333334,1,True,15.74,17.695833333333333,1,True
2026-08-21T07:00:00Z,1,Tulkarem,1-1,21.05,16.935729166666665,1,True,16.58,17.44625,1,True,15.53,17.726041666666667,1,True
2026-08-21T07:15:00Z,1,Tulkarem,1-1,20.71,16.996458333333333,1,True,15.92,17.4746875,1,True,15.73,17.757604166666667,1,True
2026-08-21T07:30:00Z,1,Tulkarem,1-1,21.5,17.0690625,1,True,15.83,17.504375,1,True,15.19,17.7878125,1,True
2026-08-21T07:45:00Z,1,Tulkarem,1-1,22.25,17.150625,1,True,15.09,17.525104166666665,1,True,15.16,17.807916666666667,1,True
2026-08-21T08:00:00Z,1,Tulkarem,1-1,22.83,17.244270833333335,1,True,15.57,17.547187500000003,1,True,14.84,17.786145833333332,1,True
2026-08-21T08:15:00Z,1,Tulkarem,1-1,22.38,17.331770833333334,1,True,15.02,17.565416666666668,1,True,15.27,17.81,1,True
2026-08-21T08:30:00Z,1,Tulkarem,1-1,18.14,17.374895833333333,1,True,15.04,17.576458333333335,1,True,15.5,17.837812500000002,1,True
2026-08-21T08:45:00Z,1,Tulkarem,1-1,16.64,17.405833333333334,1,True,15.17,17.594270833333336,1,True,15.3,17.868645833333332,1,True
2026-08-21T09:00:00Z,1,Tulkarem,1-1,16.58,17.44625,1,True,15.14,17.61625,1,True,15.48,17.900729166666668,1,True
2026-08-21T09:15:00Z,1,Tulkarem,1-1,15.92,17.4746875,1,True,15.2,17.637083333333333,1,True,,,,False
2026-08-21T09:30:00Z,1,Tulkarem,1-1,15.83,17.504375,1,True,15.34,17.665729166666665,1,True,15.38,17.927157894736844,1,True
2026-08-21T09:45:00Z,1,Tulkarem,1-1,15.09,17.525104166666665,1,True,15.74,17.695833333333333,1,True,14.77,17.91021052631579,1,True
2026-08-21T10:00:00Z,1,Tulkarem,1-1,15.57,17.547187500000003,1,True,15.53,17.726041666666667,1,True,15.85,17.91821052631579,1,True
2026-08-21T10:15:00Z,1,Tulkarem,1-1,15.02,17.565416666666668,1,True,15.73,17.757604166666667,1,True,17.63,17.92515789473684,1,True
2026-08-21T10:30:00Z,1,Tulkarem,1-1,15.04,17.576458333333335,1,True,15.19,17.7878125,1,True,19.26,17.951157894736845,1,True
2026-08-21T10:45:00Z,1,Tulkarem,1-1,15.17,17.594270833333336,1,True,15.16,17.807916666666667,1,True,20.7,17.975263157894737,1,True
2026-08-21T11:00:00Z,1,Tulkarem,1-1,15.14,17.61625,1,True,14.84,17.786145833333332,1,True,20.64,17.986,1,True
2026-08-21T11:15:00Z,1,Tulkarem,1-1,15.2,17.637083333333333,1,True,15.27,17.81,1,True,22.0,18.019263157894738,1,True
2026-08-21T11:30:00Z,1,Tulkarem,1-1,15.34,17.665729166666665,1,True,15.5,17.837812500000002,1,True,19.5,18.032315789473685,1,True
2026-08-21T11:45:00Z,1,Tulkarem,1-1,15.74,17.695833333333333,1,True,15.3,17.868645833333332,1,True,20.7,18.058105263157895,1,True
2026-08-21T12:00:00Z,1,Tulkarem,1-1,15.53,17.726041666666667,1,True,15.48,17.900729166666668,1,True,21.21,18.07547368421053,1,True
2026-08-21T12:15:00Z,1,Tulkarem,1-1,15.73,17.757604166666667,1,True,,,,False,21.45,18.099684210526316,1,True
2026-08-21T12:30:00Z,1,Tulkarem,1-1,15.19,17.7878125,1,True,15.38,17.927157894736844,1,True,22.0,18.135684210526318,1,True
2026-08-21T12:45:00Z,1,Tulkarem,1-1,15.16,17.807916666666667,1,True,14.77,17.91021052631579,1,True,21.67,18.180631578947366,1,True
2026-08-21T13:00:00Z,1,Tulkarem,1-1,14.84,17.786145833333332,1,True,15.85,17.91821052631579,1,True,23.05,18.242526315789473,1,True
2026-08-21T13:15:00Z,1,Tulkarem,1-1,15.27,17.81,1,True,17.63,17.92515789473684,1,True,23.86,18.298421052631582,1,True
2026-08-21T13:30:00Z,1,Tulkarem,1-1,15.5,17.837812500000002,1,True,19.26,17.951157894736845,1,True,24.1,18.343999999999998,1,True
2026-08-21T13:45:00Z,1,Tulkarem,1-1,15.3,17.868645833333332,1,True,20.7,17.975263157894737,1,True,23.63,18.296526315789475,1,True
2026-08-21T14:00:00Z,1,Tulkarem,1-1,15.48,17.900729166666668,1,True,20.64,17.986,1,True,23.21,18.232736842105265,1,True
2026-08-21T14:15:00Z,1,Tulkarem,1-1,,,,False,22.0,18.019263157894738,1,True,22.59,18.140315789473682,1,True
2026-08-21T14:30:00Z,1,Tulkarem,1-1,15.38,17.927157894736844,1,True,19.5,18.032315789473685,1,True,23.01,18.18221052631579,1,True
2026-08-21T14:45:00Z,1,Tulkarem,1-1,14.77,17.91021052631579,1,True,20.7,18.058105263157895,1,True,25.63,18.251684210526317,1,True
2026-08-21T15:00:00Z,1,Tulkarem,1-1,15.85,17.91821052631579,1,True,21.21,18.07547368421053,1,True,24.91,18.320315789473685,1,True
2026-08-21T15:30:00Z,1,Tulkarem,1-1,19.26,17.951157894736845,1,True,22.0,18.135684210526318,1,True,24.65,18.46231578947368,1,True
2026-08-21T15:45:00Z,1,Tulkarem,1-1,20.7,17.975263157894737,1,True,21.67,18.180631578947366,1,True,23.47,18.525263157894734,1,True
2026-08-21T16:00:00Z,1,Tulkarem,1-1,20.64,17.986,1,True,23.05,18.242526315789473,1,True,22.77,18.57736842105263,1,True
2026-08-21T16:15:00Z,1,Tulkarem,1-1,22.0,18.019263157894738,1,True,23.86,18.298421052631582,1,True,23.53,18.64115789473684,1,True
2026-08-21T16:30:00Z,1,Tulkarem,1-1,19.5,18.032315789473685,1,True,24.1,18.343999999999998,1,True,23.65,18.700105263157894,1,True
2026-08-21T16:45:00Z,1,Tulkarem,1-1,20.7,18.058105263157895,1,True,23.63,18.296526315789475,1,True,23.59,18.768,1,True
2026-08-21T17:00:00Z,1,Tulkarem,1-1,21.21,18.07547368421053,1,True,23.21,18.232736842105265,1,True,23.43,18.83421052631579,1,True
2026-08-21T17:15:00Z,1,Tulkarem,1-1,21.45,18.099684210526316,1,True,22.59,18.140315789473682,1,True,23.41,18.898105263157895,1,True
2026-08-21T17:30:00Z,1,Tulkarem,1-1,22.0,18.135684210526318,1,True,23.01,18.18221052631579,1,True,23.87,18.963684210526317,1,True
2026-08-21T17:45:00Z,1,Tulkarem,1-1,21.67,18.180631578947366,1,True,25.63,18.251684210526317,1,True,23.17,19.03736842105263,1,True
2026-08-21T18:00:00Z,1,Tulkarem,1-1,23.05,18.242526315789473,1,True,24.91,18.320315789473685,1,True,22.67,19.108526315789476,1,True
2026-08-21T18:15:00Z,1,Tulkarem,1-1,23.86,18.298421052631582,1,True,24.37,18.390105263157896,1,True,22.28,19.18094736842105,1,True
2026-08-21T18:30:00Z,1,Tulkarem,1-1,24.1,18.343999999999998,1,True,24.65,18.46231578947368,1,True,22.7,19.256421052631577,1,True
2026-08-21T18:45:00Z,1,Tulkarem,1-1,23.63,18.296526315789475,1,True,23.47,18.525263157894734,1,True,23.42,19.33684210526316,1,True
2026-08-21T19:00:00Z,1,Tulkarem,1-1,23.21,18.232736842105265,1,True,22.77,18.57736842105263,1,True,23.82,19.419894736842103,1,True
2026-08-21T19:15:00Z,1,Tulkarem,1-1,22.59,18.140315789473682,1,True,23.53,18.64115789473684,1,True,24.28,19.506736842105266,1,True
2026-08-21T19:30:00Z,1,Tulkarem,1-1,23.01,18.18221052631579,1,True,23.65,18.700105263157894,1,True,24.07,19.592105263157894,1,True
2026-08-21T19:45:00Z,1,Tulkarem,1-1,25.63,18.251684210526317,1,True,23.59,18.768,1,True,23.85,19.67557894736842,1,True
2026-08-21T20:00:00Z,1,Tulkarem,1-1,24.91,18.320315789473685,1,True,23.43,18.83421052631579,1,True,23.72,19.757263157894737,1,True
2026-08-21T20:15:00Z,1,Tulkarem,1-1,24.37,18.390105263157896,1,True,23.41,18.898105263157895,1,True,23.49,19.840315789473685,1,True
2026-08-21T20:30:00Z,1,Tulkarem,1-1,24.65,18.46231578947368,1,True,23.87,18.963684210526317,1,True,23.25,19.92442105263158,1,True
2026-08-21T20:45:00Z,1,Tulkarem,1-1,23.47,18.525263157894734,1,True,23.17,19.03736842105263,1,True,23.79,20.00936842105263,1,True
2026-08-21T21:00:00Z,1,Tulkarem,1-1,22.77,18.57736842105263,1,True,22.67,19.108526315789476,1,True,24.68,20.09936842105263,1,True
2026-08-21T21:15:00Z,1,Tulkarem,1-1,23.53,18.64115789473684,1,False,22.28,19.18094736842105,1,False,28.1,20.172631578947367,1,False
2026-08-21T21:30:00Z,1,Tulkarem,1-1,23.65,18.700105263157894,1,True,22.7,19.256421052631577,1,True,29.39,20.25042105263158,1,True
2026-08-21T21:45:00Z,1,Tulkarem,1-1,23.59,18.768,1,True,23.42,19.33684210526316,1,True,32.13,20.373263157894733,1,True
2026-08-21T22:00:00Z,1,Tulkarem,1-1,23.43,18.83421052631579,1,True,23.82,19.419894736842103,1,True,28.53,20.475578947368422,1,True
2026-08-21T22:15:00Z,1,Tulkarem,1-1,23.41,18.898105263157895,1,True,24.28,19.506736842105266,1,True,27.5,20.579684210526317,1,True
2026-08-21T22:30:00Z,1,Tulkarem,1-1,23.87,18.963684210526317,1,True,24.07,19.592105263157894,1,True,26.19,20.64242105263158,1,True
2026-08-21T22:45:00Z,1,Tulkarem,1-1,23.17,19.03736842105263,1,True,23.85,19.67557894736842,1,True,27.06,20.69684210526316,1,True
2026-08-21T23:00:00Z,1,Tulkarem,1-1,22.67,19.108526315789476,1,True,23.72,19.757263157894737,1,True,27.3,20.761157894736844,1,True
2026-08-21T23:15:00Z,1,Tulkarem,1-1,22.28,19.18094736842105,1,True,23.49,19.840315789473685,1,True,30.65,20.893578947368418,1,True
2026-08-21T23:30:00Z,1,Tulkarem,1-1,22.7,19.256421052631577,1,True,23.25,19.92442105263158,1,True,29.82,21.033473684210527,1,True
2026-08-21T23:45:00Z,1,Tulkarem,1-1,23.42,19.33684210526316,1,True,23.79,20.00936842105263,1,True,23.62,21.11315789473684,1,True
2026-08-22T00:00:00Z,1,Tulkarem,1-1,23.82,19.419894736842103,1,True,24.68,20.09936842105263,1,True,24.99,21.202736842105264,1,True
2026-08-22T00:15:00Z,1,Tulkarem,1-1,24.28,19.506736842105266,1,True,28.1,20.172631578947367,1,True,22.8,21.261473684210525,1,True
2026-08-22T00:30:00Z,1,Tulkarem,1-1,24.07,19.592105263157894,1,True,29.39,20.25042105263158,1,True,23.04,21.318105263157893,1,True
2026-08-22T00:45:00Z,1,Tulkarem,1-1,23.85,19.67557894736842,1,True,32.13,20.373263157894733,1,True,27.57,21.40442105263158,1,True
2026-08-22T01:00:00Z,1,Tulkarem,1-1,23.72,19.757263157894737,1,True,28.53,20.475578947368422,1,True,25.09,21.456947368421055,1,True
2026-08-22T01:15:00Z,1,Tulkarem,1-1,23.49,19.840315789473685,1,True,27.5,20.579684210526317,1,True,23.72,21.48021052631579,1,True
2026-08-22T01:30:00Z,1,Tulkarem,1-1,23.25,19.92442105263158,1,True,26.19,20.64242105263158,1,True,22.56,21.500631578947367,1,True
2026-08-22T01:45:00Z,1,Tulkarem,1-1,23.79,20.00936842105263,1,True,27.06,20.69684210526316,1,True,23.52,21.530526315789473,1,True
2026-08-22T02:00:00Z,1,Tulkarem,1-1,24.68,20.09936842105263,1,True,27.3,20.761157894736844,1,True,21.78,21.538210526315787,1,True
2026-08-22T02:15:00Z,1,Tulkarem,1-1,28.1,20.172631578947367,1,True,30.65,20.893578947368418,1,True,21.23,21.543684210526315,1,True
2026-08-22T02:30:00Z,1,Tulkarem,1-1,29.39,20.25042105263158,1,True,29.82,21.033473684210527,1,True,24.27,21.57284210526316,1,True
2026-08-22T02:45:00Z,1,Tulkarem,1-1,32.13,20.373263157894733,1,True,23.62,21.11315789473684,1,True,19.96,21.548736842105264,1,True
2026-08-22T03:00:00Z,1,Tulkarem,1-1,28.53,20.475578947368422,1,True,24.99,21.202736842105264,1,True,19.03,21.50873684210526,1,True
2026-08-22T03:15:00Z,1,Tulkarem,1-1,27.5,20.579684210526317,1,True,22.8,21.261473684210525,1,True,18.19,21.464631578947365,1,True
2026-08-22T03:30:00Z,1,Tulkarem,1-1,26.19,20.64242105263158,1,True,23.04,21.318105263157893,1,True,17.61,21.45905263157895,1,True
2026-08-22T03:45:00Z,1,Tulkarem,1-1,27.06,20.69684210526316,1,True,27.57,21.40442105263158,1,True,18.13,21.474736842105262,1,True
2026-08-22T04:00:00Z,1,Tulkarem,1-1,27.3,20.761157894736844,1,True,25.09,21.456947368421055,1,True,17.79,21.487473684210524,1,True
2026-08-22T04:15:00Z,1,Tulkarem,1-1,30.65,20.893578947368418,1,True,23.72,21.48021052631579,1,True,17.29,21.501894736842104,1,True
2026-08-22T04:30:00Z,1,Tulkarem,1-1,29.82,21.033473684210527,1,True,22.56,21.500631578947367,1,True,16.95,21.513684210526314,1,True
2026-08-22T04:45:00Z,1,Tulkarem,1-1,23.62,21.11315789473684,1,True,23.52,21.530526315789473,1,True,16.92,21.532947368421056,1,True
2026-08-22T05:00:00Z,1,Tulkarem,1-1,24.99,21.202736842105264,1,True,21.78,21.538210526315787,1,True,16.64,21.544210526315787,1,True
2026-08-22T05:15:00Z,1,Tulkarem,1-1,22.8,21.261473684210525,1,True,21.23,21.543684210526315,1,True,16.64,21.561263157894732,1,True
2026-08-22T05:30:00Z,1,Tulkarem,1-1,23.04,21.318105263157893,1,True,24.27,21.57284210526316,1,True,16.16,21.57305263157895,1,True
2026-08-22T05:45:00Z,1,Tulkarem,1-1,27.57,21.40442105263158,1,True,19.96,21.548736842105264,1,True,16.2,21.583894736842105,1,True
2026-08-22T06:00:00Z,1,Tulkarem,1-1,25.09,21.456947368421055,1,True,19.03,21.50873684210526,1,True,16.18,21.59484210526316,1,True
2026-08-22T06:15:00Z,1,Tulkarem,1-1,23.72,21.48021052631579,1,True,18.19,21.464631578947365,1,True,15.89,21.602105263157892,1,True
2026-08-22T06:30:00Z,1,Tulkarem,1-1,22.56,21.500631578947367,1,True,17.61,21.45905263157895,1,True,16.0,21.609052631578948,1,True
2026-08-22T06:45:00Z,1,Tulkarem,1-1,23.52,21.530526315789473,1,True,18.13,21.474736842105262,1,True,16.27,21.614631578947368,1,True
2026-08-22T07:00:00Z,1,Tulkarem,1-1,21.78,21.538210526315787,1,True,17.79,21.487473684210524,1,True,16.39,21.623684210526317,1,True
2026-08-22T07:15:00Z,1,Tulkarem,1-1,21.23,21.543684210526315,1,True,17.29,21.501894736842104,1,True,16.65,21.633368421052634,1,True
2026-08-22T07:30:00Z,1,Tulkarem,1-1,24.27,21.57284210526316,1,True,16.95,21.513684210526314,1,True,17.69,21.659684210526315,1,True
2026-08-22T07:45:00Z,1,Tulkarem,1-1,19.96,21.548736842105264,1,True,16.92,21.532947368421056,1,True,17.92,21.68873684210526,1,True
2026-08-22T08:00:00Z,1,Tulkarem,1-1,19.03,21.50873684210526,1,True,16.64,21.544210526315787,1,True,18.0,21.722,1,True
2026-08-22T08:15:00Z,1,Tulkarem,1-1,18.19,21.464631578947365,1,True,16.64,21.561263157894732,1,True,17.78,21.748421052631578,1,True
2026-08-22T08:30:00Z,1,Tulkarem,1-1,17.61,21.45905263157895,1,True,16.16,21.57305263157895,1,True,17.7,21.771578947368422,1,True
2026-08-22T08:45:00Z,1,Tulkarem,1-1,18.13,21.474736842105262,1,True,16.2,21.583894736842105,1,True,18.41,21.804315789473684,1,True
2026-08-22T09:00:00Z,1,Tulkarem,1-1,17.79,21.487473684210524,1,True,16.18,21.59484210526316,1,True,16.59,21.816,1,True
2026-08-22T09:15:00Z,1,Tulkarem,1-1,17.29,21.501894736842104,1,True,15.89,21.602105263157892,1,True,16.43,21.75989583333333,1,True
2026-08-22T09:30:00Z,1,Tulkarem,1-1,16.95,21.513684210526314,1,True,16.0,21.609052631578948,1,True,16.4,21.770520833333336,1,True
2026-08-22T09:45:00Z,1,Tulkarem,1-1,16.92,21.532947368421056,1,True,16.27,21.614631578947368,1,True,16.58,21.789375000000003,1,True
2026-08-22T10:00:00Z,1,Tulkarem,1-1,16.64,21.544210526315787,1,True,16.39,21.623684210526317,1,True,17.72,21.808854166666663,1,True
2026-08-22T10:15:00Z,1,Tulkarem,1-1,16.64,21.561263157894732,1,True,16.65,21.633368421052634,1,True,18.95,21.822604166666668,1,True
2026-08-22T10:30:00Z,1,Tulkarem,1-1,16.16,21.57305263157895,1,True,17.69,21.659684210526315,1,True,19.59,21.826041666666665,1,True
2026-08-22T10:45:00Z,1,Tulkarem,1-1,16.2,21.583894736842105,1,True,17.92,21.68873684210526,1,True,20.33,21.822187500000002,1,True
2026-08-22T11:00:00Z,1,Tulkarem,1-1,16.18,21.59484210526316,1,True,18.0,21.722,1,True,19.9,21.81447916666666,1,True
2026-08-22T11:15:00Z,1,Tulkarem,1-1,15.89,21.602105263157892,1,True,17.78,21.748421052631578,1,True,20.45,21.798333333333332,1,True
2026-08-22T11:30:00Z,1,Tulkarem,1-1,16.0,21.609052631578948,1,True,17.7,21.771578947368422,1,True,20.88,21.812708333333333,1,True
2026-08-22T11:45:00Z,1,Tulkarem,1-1,16.27,21.614631578947368,1,True,18.41,21.804315789473684,1,True,21.12,21.817083333333333,1,True
2026-08-22T12:00:00Z,1,Tulkarem,1-1,16.39,21.623684210526317,1,True,16.59,21.816,1,True,20.67,21.811458333333334,1,True
2026-08-22T12:15:00Z,1,Tulkarem,1-1,16.65,21.633368421052634,1,True,16.43,21.75989583333333,1,True,20.35,21.8,1,True
2026-08-22T12:30:00Z,1,Tulkarem,1-1,17.69,21.659684210526315,1,True,16.4,21.770520833333336,1,True,20.12,21.780416666666667,1,True
2026-08-22T12:45:00Z,1,Tulkarem,1-1,17.92,21.68873684210526,1,True,16.58,21.789375000000003,1,True,20.39,21.767083333333332,1,True
2026-08-22T13:00:00Z,1,Tulkarem,1-1,18.0,21.722,1,True,17.72,21.808854166666663,1,True,20.25,21.737916666666663,1,True
2026-08-22T13:15:00Z,1,Tulkarem,1-1,17.78,21.748421052631578,1,True,18.95,21.822604166666668,1,True,21.16,21.70979166666667,1,True
2026-08-22T13:30:00Z,1,Tulkarem,1-1,17.7,21.771578947368422,1,True,19.59,21.826041666666665,1,True,22.45,21.692604166666666,1,True
2026-08-22T13:45:00Z,1,Tulkarem,1-1,18.41,21.804315789473684,1,True,20.33,21.822187500000002,1,True,22.59,21.681770833333335,1,True
2026-08-22T14:00:00Z,1,Tulkarem,1-1,16.59,21.816,1,True,19.9,21.81447916666666,1,True,22.93,21.678854166666667,1,True
2026-08-22T14:15:00Z,1,Tulkarem,1-1,16.43,21.75989583333333,1,True,20.45,21.798333333333332,1,True,22.95,21.682604166666668,1,True
2026-08-22T14:30:00Z,1,Tulkarem,1-1,16.4,21.770520833333336,1,True,20.88,21.812708333333333,1,True,22.38,21.676041666666663,1,True
2026-08-22T14:45:00Z,1,Tulkarem,1-1,16.58,21.789375000000003,1,True,21.12,21.817083333333333,1,True,22.27,21.641041666666666,1,True
2026-08-22T15:00:00Z,1,Tulkarem,1-1,17.72,21.808854166666663,1,True,20.67,21.811458333333334,1,True,21.96,21.610312499999996,1,True
2026-08-22T15:15:00Z,1,Tulkarem,1-1,18.95,21.822604166666668,1,True,20.35,21.8,1,True,21.9,21.58458333333333,1,True
2026-08-22T15:30:00Z,1,Tulkarem,1-1,19.59,21.826041666666665,1,True,20.12,21.780416666666667,1,True,21.38,21.550520833333334,1,True
2026-08-22T15:45:00Z,1,Tulkarem,1-1,20.33,21.822187500000002,1,True,20.39,21.767083333333332,1,True,20.66,21.52125,1,True
2026-08-22T16:00:00Z,1,Tulkarem,1-1,19.9,21.81447916666666,1,True,20.25,21.737916666666663,1,True,20.53,21.49791666666667,1,True
2026-08-22T16:15:00Z,1,Tulkarem,1-1,20.45,21.798333333333332,1,True,21.16,21.70979166666667,1,True,19.55,21.456458333333334,1,True
2026-08-22T16:30:00Z,1,Tulkarem,1-1,20.88,21.812708333333333,1,True,22.45,21.692604166666666,1,True,19.52,21.4134375,1,True
2026-08-22T16:45:00Z,1,Tulkarem,1-1,21.12,21.817083333333333,1,True,22.59,21.681770833333335,1,True,19.63,21.3721875,1,True
2026-08-22T17:00:00Z,1,Tulkarem,1-1,20.67,21.811458333333334,1,True,22.93,21.678854166666667,1,True,20.16,21.338125,1,True
2026-08-22T17:15:00Z,1,Tulkarem,1-1,20.35,21.8,1,True,22.95,21.682604166666668,1,True,20.23,21.305,1,True
2026-08-22T17:30:00Z,1,Tulkarem,1-1,20.12,21.780416666666667,1,True,22.38,21.676041666666663,1,True,19.48,21.259270833333336,1,True
2026-08-22T17:45:00Z,1,Tulkarem,1-1,20.39,21.767083333333332,1,True,22.27,21.641041666666666,1,True,18.85,21.214270833333334,1,True
2026-08-22T18:00:00Z,1,Tulkarem,1-1,20.25,21.737916666666663,1,True,21.96,21.610312499999996,1,True,18.59,21.17177083333333,1,True
2026-08-22T18:15:00Z,1,Tulkarem,1-1,21.16,21.70979166666667,1,True,21.9,21.58458333333333,1,True,18.25,21.129791666666666,1,True
2026-08-22T18:30:00Z,1,Tulkarem,1-1,22.45,21.692604166666666,1,True,21.38,21.550520833333334,1,True,18.27,21.083645833333335,1,True
2026-08-22T18:45:00Z,1,Tulkarem,1-1,22.59,21.681770833333335,1,True,20.66,21.52125,1,True,,,,False
2026-08-22T19:00:00Z,1,Tulkarem,1-1,22.93,21.678854166666667,1,True,20.53,21.49791666666667,1,True,,,,False
2026-08-22T19:15:00Z,1,Tulkarem,1-1,22.95,21.682604166666668,1,True,19.55,21.456458333333334,1,True,,,,False
2026-08-22T19:30:00Z,1,Tulkarem,1-1,22.38,21.676041666666663,1,True,19.52,21.4134375,1,True,,,,False
2026-08-22T19:45:00Z,1,Tulkarem,1-1,22.27,21.641041666666666,1,True,19.63,21.3721875,1,True,,,,False
2026-08-22T20:00:00Z,1,Tulkarem,1-1,21.96,21.610312499999996,1,True,20.16,21.338125,1,True,,,,False
2026-08-22T20:15:00Z,1,Tulkarem,1-1,21.9,21.58458333333333,1,True,20.23,21.305,1,True,,,,False
2026-08-22T20:30:00Z,1,Tulkarem,1-1,21.38,21.550520833333334,1,True,19.48,21.259270833333336,1,True,,,,False
2026-08-22T20:45:00Z,1,Tulkarem,1-1,20.66,21.52125,1,True,18.85,21.214270833333334,1,True,,,,False
2026-08-22T21:00:00Z,1,Tulkarem,1-1,20.53,21.49791666666667,1,True,18.59,21.17177083333333,1,True,,,,False
2026-08-22T21:15:00Z,1,Tulkarem,1-1,19.55,21.456458333333334,1,True,18.25,21.129791666666666,1,True,,,,False
2026-08-22T21:30:00Z,1,Tulkarem,1-1,19.52,21.4134375,1,True,18.27,21.083645833333335,1,True,,,,False
2026-08-22T21:45:00Z,1,Tulkarem,1-1,19.63,21.3721875,1,True,,,,False,,,,False
2026-08-22T22:00:00Z,1,Tulkarem,1-1,20.16,21.338125,1,True,,,,False,,,,False
2026-08-22T22:15:00Z,1,Tulkarem,1-1,20.23,21.305,1,True,,,,False,,,,False
2026-08-22T22:30:00Z,1,Tulkarem,1-1,19.48,21.259270833333336,1,True,,,,False,,,,False
2026-08-22T22:45:00Z,1,Tulkarem,1-1,18.85,21.214270833333334,1,True,,,,False,,,,False
2026-08-22T23:00:00Z,1,Tulkarem,1-1,18.59,21.17177083333333,1,True,,,,False,,,,False
2026-08-22T23:15:00Z,1,Tulkarem,1-1,18.25,21.129791666666666,1,True,,,,False,,,,False
2026-08-22T23:30:00Z,1,Tulkarem,1-1,18.27,21.083645833333335,1,True,,,,False,,,,False
2026-08-22T23:45:00Z,1,Tulkarem,1-1,,,,False,,,,False,,,,False
2026-08-23T00:00:00Z,1,Tulkarem,1-1,,,,False,,,,False,,,,False
2026-08-23T00:15:00Z,1,Tulkarem,1-1,,,,False,,,,False,,,,False
2026-08-23T00:30:00Z,1,Tulkarem,1-1,,,,False,,,,False,,,,False
2026-08-06T11:45:00Z,2,Nablus,2-1,18.12,19.006,,False,15.01,16.983076923076922,,False,23.88,18.112000000000002,,False
2026-08-06T12:00:00Z,2,Nablus,2-1,16.85,18.646666666666665,,False,14.92,16.835714285714285,,False,22.82,18.293076923076924,,False
2026-08-06T12:15:00Z,2,Nablus,2-1,16.34,18.31714285714286,,False,15.18,16.72533333333333,,False,22.61,18.452962962962964,,False
2026-08-06T12:30:00Z,2,Nablus,2-1,16.31,18.06625,,False,16.39,16.704375,,False,21.86,18.57464285714286,,False
2026-08-06T12:45:00Z,2,Nablus,2-1,15.72,17.805555555555557,,False,16.12,16.669999999999998,,False,24.14,18.766551724137933,,False
2026-08-06T13:00:00Z,2,Nablus,2-1,15.26,17.551,,False,17.98,16.74277777777778,,False,23.28,18.916999999999998,,False
2026-08-06T13:15:00Z,2,Nablus,2-1,16.15,17.423636363636362,,False,18.35,16.827368421052633,,False,23.67,19.07032258064516,,False
2026-08-06T13:30:00Z,2,Nablus,2-1,14.11,17.147499999999997,,False,18.95,16.933500000000002,,False,22.5,19.1775,,False
2026-08-06T13:45:00Z,2,Nablus,2-1,15.01,16.983076923076922,,False,20.66,17.11095238095238,,False,22.86,19.28909090909091,,False
2026-08-06T14:00:00Z,2,Nablus,2-1,14.92,16.835714285714285,,False,22.04,17.335,,False,23.29,19.406764705882352,,False
2026-08-06T14:15:00Z,2,Nablus,2-1,15.18,16.72533333333333,,False,23.2,17.59,,False,22.77,19.502857142857142,,False
2026-08-06T14:30:00Z,2,Nablus,2-1,16.39,16.704375,,False,24.35,17.871666666666666,,False,23.78,19.621666666666666,,False
2026-08-06T14:45:00Z,2,Nablus,2-1,16.12,16.669999999999998,,False,23.88,18.112000000000002,,False,25.37,19.777027027027028,,False
2026-08-06T15:00:00Z,2,Nablus,2-1,17.98,16.74277777777778,,False,22.82,18.293076923076924,,False,25.85,19.936842105263157,,False
2026-08-06T15:15:00Z,2,Nablus,2-1,18.35,16.827368421052633,,False,22.61,18.452962962962964,,False,26.34,20.101025641025643,,False
2026-08-06T15:30:00Z,2,Nablus,2-1,18.95,16.933500000000002,,False,21.86,18.57464285714286,,False,26.66,20.265,,False
2026-08-06T15:45:00Z,2,Nablus,2-1,20.66,17.11095238095238,,False,24.14,18.766551724137933,,False,26.91,20.427073170731706,,False
2026-08-06T16:00:00Z,2,Nablus,2-1,22.04,17.335,,False,23.28,18.916999999999998,,False,26.1,20.562142857142856,,False
2026-08-06T16:15:00Z,2,Nablus,2-1,23.2,17.59,,False,23.67,19.07032258064516,,False,25.64,20.680232558139537,,False
2026-08-06T16:30:00Z,2,Nablus,2-1,24.35,17.871666666666666,,False,22.5,19.1775,,False,25.17,20.782272727272726,,False
2026-08-06T16:45:00Z,2,Nablus,2-1,23.88,18.112000000000002,,False,22.86,19.28909090909091,,False,25.17,20.87977777777778,,False
2026-08-06T17:00:00Z,2,Nablus,2-1,22.82,18.293076923076924,,False,23.29,19.406764705882352,,False,24.85,20.96608695652174,,False
2026-08-06T17:15:00Z,2,Nablus,2-1,22.61,18.452962962962964,,False,22.77,19.502857142857142,,False,25.21,21.056382978723402,,False
2026-08-06T17:30:00Z,2,Nablus,2-1,21.86,18.57464285714286,,False,23.78,19.621666666666666,,False,25.05,21.139583333333334,,False
2026-08-06T17:45:00Z,2,Nablus,2-1,24.14,18.766551724137933,,True,25.37,19.777027027027028,,True,28.55,21.290816326530614,,True
2026-08-06T18:00:00Z,2,Nablus,2-1,23.28,18.916999999999998,,True,25.85,19.936842105263157,,True,29.59,21.456799999999998,,True
2026-08-06T18:15:00Z,2,Nablus,2-1,23.67,19.07032258064516,,True,26.34,20.101025641025643,,True,29.33,21.611176470588237,,True
2026-08-06T18:30:00Z,2,Nablus,2-1,22.5,19.1775,,True,26.66,20.265,,True,29.98,21.772115384615386,,True
2026-08-06T18:45:00Z,2,Nablus,2-1,22.86,19.28909090909091,,True,26.91,20.427073170731706,,True,29.79,21.923396226415097,,True
2026-08-06T19:00:00Z,2,Nablus,2-1,23.29,19.406764705882352,,True,26.1,20.562142857142856,,True,28.52,22.045555555555556,,True
2026-08-06T19:15:00Z,2,Nablus,2-1,22.77,19.502857142857142,,True,25.64,20.680232558139537,,True,,,,False
2026-08-06T19:30:00Z,2,Nablus,2-1,23.78,19.621666666666666,,True,25.17,20.782272727272726,,True,29.48,22.180727272727275,,True
2026-08-06T19:45:00Z,2,Nablus,2-1,25.37,19.777027027027028,,True,25.17,20.87977777777778,,True,27.58,22.277142857142856,,True
2026-08-06T20:00:00Z,2,Nablus,2-1,25.85,19.936842105263157,,True,24.85,20.96608695652174,,True,25.92,22.341052631578947,,True
2026-08-06T20:15:00Z,2,Nablus,2-1,26.34,20.101025641025643,,True,25.21,21.056382978723402,,True,24.46,22.377586206896552,,True
2026-08-06T20:30:00Z,2,Nablus,2-1,26.66,20.265,,True,25.05,21.139583333333334,,True,23.58,22.397966101694916,,True
2026-08-06T20:45:00Z,2,Nablus,2-1,26.91,20.427073170731706,,True,28.55,21.290816326530614,,True,22.67,22.4025,,True
2026-08-06T21:00:00Z,2,Nablus,2-1,26.1,20.562142857142856,,True,29.59,21.456799999999998,,True,23.48,22.42016393442623,,True
2026-08-06T21:15:00Z,2,Nablus,2-1,25.64,20.680232558139537,,True,29.33,21.611176470588237,,True,22.51,22.421612903225807,,True
2026-08-06T21:30:00Z,2,Nablus,2-1,25.17,20.782272727272726,,True,29.98,21.772115384615386,,True,22.77,22.427142857142858,,True
2026-08-06T21:45:00Z,2,Nablus,2-1,25.17,20.87977777777778,,True,29.79,21.923396226415097,,True,23.69,22.446875,,True
2026-08-06T22:00:00Z,2,Nablus,2-1,24.85,20.96608695652174,,True,28.52,22.045555555555556,,True,26.55,22.51,,True
2026-08-06T22:15:00Z,2,Nablus,2-1,25.21,21.056382978723402,,True,,,,False,26.93,22.576969696969694,,True
2026-08-06T22:30:00Z,2,Nablus,2-1,25.05,21.139583333333334,,True,29.48,22.180727272727275,,True,27.24,22.646567164179103,,True
2026-08-06T22:45:00Z,2,Nablus,2-1,28.55,21.290816326530614,,True,27.58,22.277142857142856,,True,28.67,22.73514705882353,,True
2026-08-06T23:00:00Z,2,Nablus,2-1,29.59,21.456799999999998,,True,25.92,22.341052631578947,,True,27.97,22.811014492753625,,True
2026-08-06T23:15:00Z,2,Nablus,2-1,29.33,21.611176470588237,,True,24.46,22.377586206896552,,True,26.7,22.86657142857143,,True
2026-08-06T23:30:00Z,2,Nablus,2-1,29.98,21.772115384615386,,True,23.58,22.397966101694916,,True,24.82,22.894084507042255,,True
2026-08-06T23:45:00Z,2,Nablus,2-1,29.79,21.923396226415097,,True,22.67,22.4025,,True,24.69,22.919027777777778,1,True
2026-08-07T00:00:00Z,2,Nablus,2-1,28.52,22.045555555555556,,True,23.48,22.42016393442623,,True,23.86,22.93191780821918,1,True
2026-08-07T00:15:00Z,2,Nablus,2-1,,,,False,22.51,22.421612903225807,,True,22.14,22.921216216216216,1,True
2026-08-07T00:30:00Z,2,Nablus,2-1,29.48,22.180727272727275,,True,22.77,22.427142857142858,,True,21.14,22.897466666666666,1,True
2026-08-07T00:45:00Z,2,Nablus,2-1,27.58,22.277142857142856,,True,23.69,22.446875,,True,20.55,22.866578947368424,1,True
2026-08-07T01:00:00Z,2,Nablus,2-1,25.92,22.341052631578947,,True,26.55,22.51,,True,18.77,22.813376623376623,1,True
2026-08-07T01:30:00Z,2,Nablus,2-1,23.58,22.397966101694916,,True,27.24,22.646567164179103,,True,19.64,22.715569620253163,1,True
2026-08-07T01:45:00Z,2,Nablus,2-1,22.67,22.4025,,True,28.67,22.73514705882353,,True,19.03,22.6695,1,True
2026-08-07T02:00:00Z,2,Nablus,2-1,23.48,22.42016393442623,,True,27.97,22.811014492753625,,True,18.43,22.61716049382716,1,True
2026-08-07T02:15:00Z,2,Nablus,2-1,22.51,22.421612903225807,,True,26.7,22.86657142857143,,True,19.19,22.57536585365854,1,True
2026-08-07T02:30:00Z,2,Nablus,2-1,22.77,22.427142857142858,,True,24.82,22.894084507042255,,True,18.48,22.526024096385544,1,True
2026-08-07T02:45:00Z,2,Nablus,2-1,23.69,22.446875,,True,24.69,22.919027777777778,1,True,18.26,22.475238095238097,1,True
2026-08-07T03:00:00Z,2,Nablus,2-1,26.55,22.51,,True,23.86,22.93191780821918,1,True,18.16,22.424470588235295,1,True
2026-08-07T03:15:00Z,2,Nablus,2-1,26.93,22.576969696969694,,True,22.14,22.921216216216216,1,True,18.08,22.373953488372095,1,True
2026-08-07T03:30:00Z,2,Nablus,2-1,27.24,22.646567164179103,,True,21.14,22.897466666666666,1,True,18.18,22.32574712643678,1,True
2026-08-07T03:45:00Z,2,Nablus,2-1,28.67,22.73514705882353,,True,20.55,22.866578947368424,1,True,17.6,22.272045454545456,1,True
2026-08-07T04:00:00Z,2,Nablus,2-1,27.97,22.811014492753625,,True,18.77,22.813376623376623,1,True,17.37,22.21696629213483,1,True
2026-08-07T04:15:00Z,2,Nablus,2-1,26.7,22.86657142857143,,True,18.26,22.755000000000003,1,True,16.41,22.152444444444445,1,True
2026-08-07T04:30:00Z,2,Nablus,2-1,24.82,22.894084507042255,,True,19.64,22.715569620253163,1,True,15.77,22.082307692307694,1,True
2026-08-07T04:45:00Z,2,Nablus,2-1,24.69,22.919027777777778,1,True,19.03,22.6695,1,True,15.4,22.00967391304348,1,True
2026-08-07T05:00:00Z,2,Nablus,2-1,23.86,22.93191780821918,1,True,18.43,22.61716049382716,1,True,14.81,21.93225806451613,1,True
2026-08-07T05:15:00Z,2,Nablus,2-1,22.14,22.921216216216216,1,True,19.19,22.57536585365854,1,True,14.51,21.853297872340427,1,True
2026-08-07T05:30:00Z,2,Nablus,2-1,21.14,22.897466666666666,1,True,18.48,22.526024096385544,1,True,14.43,21.77515789473684,1,True
2026-08-07T05:45:00Z,2,Nablus,2-1,20.55,22.866578947368424,1,True,18.26,22.475238095238097,1,True,15.12,21.719578947368422,1,True
2026-08-07T06:00:00Z,2,Nablus,2-1,18.77,22.813376623376623,1,True,18.16,22.424470588235295,1,True,14.53,21.665052631578952,1,True
2026-08-07T06:15:00Z,2,Nablus,2-1,18.26,22.755000000000003,1,True,18.08,22.373953488372095,1,True,13.93,21.611789473684208,1,True
2026-08-07T06:30:00Z,2,Nablus,2-1,19.64,22.715569620253163,1,True,18.18,22.32574712643678,1,True,14.08,21.57252631578947,1,True
2026-08-07T06:45:00Z,2,Nablus,2-1,19.03,22.6695,1,True,17.6,22.272045454545456,1,True,13.56,21.524526315789476,1,True
2026-08-07T07:00:00Z,2,Nablus,2-1,18.43,22.61716049382716,1,True,17.37,22.21696629213483,1,True,14.06,21.495157894736842,1,True
2026-08-07T07:15:00Z,2,Nablus,2-1,19.19,22.57536585365854,1,False,16.41,22.152444444444445,1,False,13.58,21.466105263157896,1,False
2026-08-07T07:30:00Z,2,Nablus,2-1,18.48,22.526024096385544,1,True,15.77,22.082307692307694,1,True,13.71,21.438736842105264,1,True
2026-08-07T07:45:00Z,2,Nablus,2-1,18.26,22.475238095238097,1,True,15.4,22.00967391304348,1,True,13.86,21.41915789473684,1,True
2026-08-07T08:00:00Z,2,Nablus,2-1,18.16,22.424470588235295,1,True,14.81,21.93225806451613,1,True,13.78,21.40357894736842,1,True
2026-08-07T08:15:00Z,2,Nablus,2-1,18.08,22.373953488372095,1,True,14.51,21.853297872340427,1,True,13.29,21.373473684210527,1,True
2026-08-07T08:30:00Z,2,Nablus,2-1,18.18,22.32574712643678,1,True,14.43,21.77515789473684,1,True,13.36,21.365578947368423,1,True
2026-08-07T08:45:00Z,2,Nablus,2-1,17.6,22.272045454545456,1,True,15.12,21.719578947368422,1,True,13.88,21.353684210526318,1,True
2026-08-07T09:00:00Z,2,Nablus,2-1,17.37,22.21696629213483,1,True,14.53,21.665052631578952,1,True,14.14,21.345473684210525,1,True
2026-08-07T09:15:00Z,2,Nablus,2-1,16.41,22.152444444444445,1,True,13.93,21.611789473684208,1,True,12.8,21.320421052631577,1,True
2026-08-07T09:30:00Z,2,Nablus,2-1,15.77,22.082307692307694,1,True,14.08,21.57252631578947,1,True,13.14,21.28621052631579,1,True
2026-08-07T09:45:00Z,2,Nablus,2-1,15.4,22.00967391304348,1,True,13.56,21.524526315789476,1,True,13.34,21.256947368421052,1,True
2026-08-07T10:00:00Z,2,Nablus,2-1,14.81,21.93225806451613,1,True,14.06,21.495157894736842,1,True,13.06,21.205157894736846,1,True
2026-08-07T10:15:00Z,2,Nablus,2-1,14.51,21.853297872340427,1,True,13.58,21.466105263157896,1,True,13.23,21.151263157894736,1,True
2026-08-07T10:30:00Z,2,Nablus,2-1,14.43,21.77515789473684,1,True,13.71,21.438736842105264,1,True,14.88,21.108421052631577,1,True
2026-08-07T10:45:00Z,2,Nablus,2-1,15.12,21.719578947368422,1,True,13.86,21.41915789473684,1,True,14.82,21.04694736842105,1,True
2026-08-07T11:00:00Z,2,Nablus,2-1,14.53,21.665052631578952,1,True,13.78,21.40357894736842,1,True,14.54,20.968,1,True
2026-08-07T11:15:00Z,2,Nablus,2-1,13.93,21.611789473684208,1,True,13.29,21.373473684210527,1,True,16.64,20.898947368421055,1,True
2026-08-07T11:30:00Z,2,Nablus,2-1,14.08,21.57252631578947,1,True,13.36,21.365578947368423,1,True,17.56,20.827473684210524,1,True
2026-08-07T11:45:00Z,2,Nablus,2-1,13.56,21.524526315789476,1,True,13.88,21.353684210526318,1,True,18.14,20.76705263157895,1,True
2026-08-07T12:00:00Z,2,Nablus,2-1,14.06,21.495157894736842,1,True,14.14,21.345473684210525,1,True,15.98,20.69505263157895,1,True
2026-08-07T12:15:00Z,2,Nablus,2-1,13.58,21.466105263157896,1,True,12.8,21.320421052631577,1,True,15.86,20.624,1,True
2026-08-07T12:30:00Z,2,Nablus,2-1,13.71,21.438736842105264,1,True,13.14,21.28621052631579,1,True,16.07,20.563052631578948,1,True
2026-08-07T12:45:00Z,2,Nablus,2-1,13.86,21.41915789473684,1,True,13.34,21.256947368421052,1,True,16.35,20.481052631578947,1,True
2026-08-07T13:00:00Z,2,Nablus,2-1,13.78,21.40357894736842,1,True,13.06,21.205157894736846,1,True,17.48,20.42,1,True
2026-08-07T13:15:00Z,2,Nablus,2-1,13.29,21.373473684210527,1,True,13.23,21.151263157894736,1,True,17.44,20.35442105263158,1,True
2026-08-07T13:30:00Z,2,Nablus,2-1,13.36,21.365578947368423,1,True,14.88,21.108421052631577,1,True,17.78,20.304736842105264,1,True
2026-08-07T13:45:00Z,2,Nablus,2-1,13.88,21.353684210526318,1,True,14.82,21.04694736842105,1,True,17.22,20.245368421052632,1,True
2026-08-07T14:00:00Z,2,Nablus,2-1,14.14,21.345473684210525,1,True,14.54,20.968,1,True,17.65,20.186,1,True
2026-08-07T14:15:00Z,2,Nablus,2-1,12.8,21.320421052631577,1,True,16.64,20.898947368421055,1,True,18.32,20.139157894736844,1,True
2026-08-07T14:30:00Z,2,Nablus,2-1,13.14,21.28621052631579,1,True,17.56,20.827473684210524,1,True,19.58,20.094947368421053,1,True
2026-08-07T14:45:00Z,2,Nablus,2-1,13.34,21.256947368421052,1,True,18.14,20.76705263157895,1,True,20.36,20.042210526315788,1,True
2026-08-07T15:00:00Z,2,Nablus,2-1,13.06,21.205157894736846,1,True,15.98,20.69505263157895,1,True,21.1,19.99221052631579,1,True
2026-08-07T15:15:00Z,2,Nablus,2-1,13.23,21.151263157894736,1,True,15.86,20.624,1,True,22.73,19.954210526315787,1,True
2026-08-07T15:30:00Z,2,Nablus,2-1,14.88,21.108421052631577,1,True,16.07,20.563052631578948,1,True,22.55,19.910947368421056,1,True
2026-08-07T15:45:00Z,2,Nablus,2-1,14.82,21.04694736842105,1,True,16.35,20.481052631578947,1,True,22.11,19.86042105263158,1,True
2026-08-07T16:00:00Z,2,Nablus,2-1,14.54,20.968,1,True,17.48,20.42,1,True,22.67,19.824315789473687,1,True
2026-08-07T16:15:00Z,2,Nablus,2-1,16.64,20.898947368421055,1,True,17.44,20.35442105263158,1,True,22.18,19.787894736842105,1,True
2026-08-07T16:30:00Z,2,Nablus,2-1,17.56,20.827473684210524,1,True,17.78,20.304736842105264,1,True,21.01,19.744105263157895,1,True
2026-08-07T16:45:00Z,2,Nablus,2-1,18.14,20.76705263157895,1,True,17.22,20.245368421052632,1,True,21.16,19.701894736842107,1,True
2026-08-07T17:00:00Z,2,Nablus,2-1,15.98,20.69505263157895,1,True,17.65,20.186,1,True,21.59,19.667578947368423,1,True
2026-08-07T17:15:00Z,2,Nablus,2-1,15.86,20.624,1,True,18.32,20.139157894736844,1,True,22.15,19.63536842105263,1,True
2026-08-07T17:30:00Z,2,Nablus,2-1,16.07,20.563052631578948,1,True,19.58,20.094947368421053,1,True,20.88,19.591473684210527,1,True
2026-08-07T17:45:00Z,2,Nablus,2-1,16.35,20.481052631578947,1,True,20.36,20.042210526315788,1,True,22.43,19.527052631578947,1,True
2026-08-07T18:00:00Z,2,Nablus,2-1,17.48,20.42,1,True,21.1,19.99221052631579,1,True,23.08,19.458526315789477,1,True
2026-08-07T18:15:00Z,2,Nablus,2-1,17.44,20.35442105263158,1,True,22.73,19.954210526315787,1,True,24.29,19.405473684210527,1,True
2026-08-07T18:30:00Z,2,Nablus,2-1,17.78,20.304736842105264,1,True,22.55,19.910947368421056,1,True,25.03,19.353368421052632,1,True
2026-08-07T18:45:00Z,2,Nablus,2-1,17.22,20.245368421052632,1,True,22.11,19.86042105263158,1,True,27.77,19.332105263157896,1,True
2026-08-07T19:00:00Z,2,Nablus,2-1,17.65,20.186,1,True,22.67,19.824315789473687,1,True,27.43,19.320631578947367,1,True
2026-08-07T19:15:00Z,2,Nablus,2-1,18.32,20.139157894736844,1,True,22.18,19.787894736842105,1,True,27.75,19.4084375,1,True
2026-08-07T19:30:00Z,2,Nablus,2-1,19.58,20.094947368421053,1,True,21.01,19.744105263157895,1,True,26.87,19.381249999999998,1,True
2026-08-07T19:45:00Z,2,Nablus,2-1,20.36,20.042210526315788,1,True,21.16,19.701894736842107,1,True,27.14,19.37666666666667,1,True
2026-08-07T20:00:00Z,2,Nablus,2-1,21.1,19.99221052631579,1,True,21.59,19.667578947368423,1,True,25.79,19.3753125,1,True
2026-08-07T20:15:00Z,2,Nablus,2-1,22.73,19.954210526315787,1,True,22.15,19.63536842105263,1,True,25.59,19.387083333333333,1,True
2026-08-07T20:30:00Z,2,Nablus,2-1,22.55,19.910947368421056,1,True,20.88,19.591473684210527,1,True,24.71,19.398854166666666,1,True
2026-08-07T20:45:00Z,2,Nablus,2-1,22.11,19.86042105263158,1,True,22.43,19.527052631578947,1,True,24.79,19.420937499999997,1,True
2026-08-07T21:00:00Z,2,Nablus,2-1,22.67,19.824315789473687,1,True,23.08,19.458526315789477,1,True,24.13,19.42770833333333,1,True
2026-08-07T21:15:00Z,2,Nablus,2-1,22.18,19.787894736842105,1,True,24.29,19.405473684210527,1,True,23.01,19.432916666666667,1,True
2026-08-07T21:30:00Z,2,Nablus,2-1,21.01,19.744105263157895,1,True,25.03,19.353368421052632,1,True,21.87,19.423541666666665,1,True
2026-08-07T21:45:00Z,2,Nablus,2-1,21.16,19.701894736842107,1,True,27.77,19.332105263157896,1,True,22.44,19.410520833333333,1,True
2026-08-07T22:00:00Z,2,Nablus,2-1,21.59,19.667578947368423,1,True,27.43,19.320631578947367,1,True,21.82,19.36125,1,True
2026-08-07T22:15:00Z,2,Nablus,2-1,22.15,19.63536842105263,1,True,27.75,19.4084375,1,True,21.79,19.307708333333334,1,True
2026-08-07T22:30:00Z,2,Nablus,2-1,20.88,19.591473684210527,1,True,26.87,19.381249999999998,1,True,20.74,19.240000000000002,1,True
2026-08-07T22:45:00Z,2,Nablus,2-1,22.43,19.527052631578947,1,True,27.14,19.37666666666667,1,True,21.2,19.162187499999998,1,True
2026-08-07T23:00:00Z,2,Nablus,2-1,23.08,19.458526315789477,1,True,25.79,19.3753125,1,True,21.96,19.09958333333333,1,True
2026-08-07T23:15:00Z,2,Nablus,2-1,24.29,19.405473684210527,1,True,25.59,19.387083333333333,1,True,20.77,19.037812499999998,1,True
2026-08-07T23:30:00Z,2,Nablus,2-1,25.03,19.353368421052632,1,True,24.71,19.398854166666666,1,True,20.6,18.99385416666667,1,True
2026-08-07T23:45:00Z,2,Nablus,2-1,27.77,19.332105263157896,1,True,24.79,19.420937499999997,1,True,21.33,18.958854166666665,1,True
2026-08-08T00:00:00Z,2,Nablus,2-1,27.43,19.320631578947367,1,True,24.13,19.42770833333333,1,True,20.27,18.921458333333334,1,True
2026-08-08T00:15:00Z,2,Nablus,2-1,27.75,19.4084375,1,True,23.01,19.432916666666667,1,True,19.73,18.896354166666665,1,True
2026-08-08T00:30:00Z,2,Nablus,2-1,26.87,19.381249999999998,1,True,21.87,19.423541666666665,1,True,19.29,18.877083333333335,1,True
2026-08-08T00:45:00Z,2,Nablus,2-1,27.14,19.37666666666667,1,True,22.44,19.410520833333333,1,True,18.93,18.860208333333336,1,True
2026-08-08T01:00:00Z,2,Nablus,2-1,25.79,19.3753125,1,True,21.82,19.36125,1,True,19.13,18.863958333333333,1,True
2026-08-08T01:15:00Z,2,Nablus,2-1,25.59,19.387083333333333,1,True,21.79,19.307708333333334,1,True,18.74,18.86895833333333,1,True
2026-08-08T01:30:00Z,2,Nablus,2-1,24.71,19.398854166666666,1,True,20.74,19.240000000000002,1,True,18.6,18.858125,1,True
2026-08-08T01:45:00Z,2,Nablus,2-1,24.79,19.420937499999997,1,True,21.2,19.162187499999998,1,True,18.51,18.852708333333336,1,True
2026-08-08T02:00:00Z,2,Nablus,2-1,24.13,19.42770833333333,1,True,21.96,19.09958333333333,1,True,19.11,18.859791666666666,1,True
2026-08-08T02:15:00Z,2,Nablus,2-1,23.01,19.432916666666667,1,True,20.77,19.037812499999998,1,True,18.09,18.848333333333333,1,True
2026-08-08T02:30:00Z,2,Nablus,2-1,21.87,19.423541666666665,1,True,20.6,18.99385416666667,1,True,18.62,18.849791666666665,1,True
2026-08-08T02:45:00Z,2,Nablus,2-1,22.44,19.410520833333333,1,True,21.33,18.958854166666665,1,True,18.31,18.850312499999998,1,True
2026-08-08T03:00:00Z,2,Nablus,2-1,21.82,19.36125,1,True,20.27,18.921458333333334,1,True,19.25,18.861666666666668,1,True
2026-08-08T03:15:00Z,2,Nablus,2-1,21.79,19.307708333333334,1,True,19.73,18.896354166666665,1,True,18.81,18.869270833333335,1,True
2026-08-08T03:30:00Z,2,Nablus,2-1,20.74,19.240000000000002,1,True,19.29,18.877083333333335,1,True,19.27,18.880625000000002,1,True
2026-08-08T03:45:00Z,2,Nablus,2-1,21.2,19.162187499999998,1,True,18.93,18.860208333333336,1,True,17.96,18.884375,1,True
2026-08-08T04:00:00Z,2,Nablus,2-1,21.96,19.09958333333333,1,True,19.13,18.863958333333333,1,True,18.37,18.894791666666666,1,True
2026-08-08T04:15:00Z,2,Nablus,2-1,20.77,19.037812499999998,1,True,18.74,18.86895833333333,1,True,18.5,18.9165625,1,True
2026-08-08T04:30:00Z,2,Nablus,2-1,20.6,18.99385416666667,1,True,18.6,18.858125,1,True,19.29,18.953229166666667,1,True
2026-08-08T04:45:00Z,2,Nablus,2-1,21.33,18.958854166666665,1,True,18.51,18.852708333333336,1,True,18.34,18.983854166666664,1,True
2026-08-08T05:00:00Z,2,Nablus,2-1,20.27,18.921458333333334,1,True,19.11,18.859791666666666,1,True,18.04,19.017500000000002,1,True
2026-08-08T05:15:00Z,2,Nablus,2-1,19.73,18.896354166666665,1,True,18.09,18.848333333333333,1,True,17.5,19.048645833333335,1,True
2026-08-08T05:30:00Z,2,Nablus,2-1,19.29,18.877083333333335,1,True,18.62,18.849791666666665,1,True,17.73,19.083020833333332,1,True
2026-08-08T05:45:00Z,2,Nablus,2-1,18.93,18.860208333333336,1,True,18.31,18.850312499999998,1,True,17.9,19.111979166666668,1,True
2026-08-08T06:00:00Z,2,Nablus,2-1,19.13,18.863958333333333,1,True,19.25,18.861666666666668,1,True,16.1,19.128333333333334,1,True
2026-08-08T06:15:00Z,2,Nablus,2-1,18.74,18.86895833333333,1,True,18.81,18.869270833333335,1,True,17.6,19.1665625,1,True
2026-08-08T06:30:00Z,2,Nablus,2-1,18.6,18.858125,1,True,19.27,18.880625000000002,1,True,16.01,19.186666666666667,1,True
2026-08-08T06:45:00Z,2,Nablus,2-1,18.51,18.852708333333336,1,True,17.96,18.884375,1,True,16.7,19.219375,1,True
2026-08-08T07:00:00Z,2,Nablus,2-1,19.11,18.859791666666666,1,True,18.37,18.894791666666666,1,True,17.27,19.2528125,1,True
2026-08-08T07:15:00Z,2,Nablus,2-1,18.09,18.848333333333333,1,True,18.5,18.9165625,1,True,17.27,19.29125,1,True
2026-08-08T07:30:00Z,2,Nablus,2-1,18.62,18.849791666666665,1,True,19.29,18.953229166666667,1,True,16.94,19.324895833333333,1,True
2026-08-08T07:45:00Z,2,Nablus,2-1,18.31,18.850312499999998,1,True,18.34,18.983854166666664,1,True,16.92,19.356770833333332,1,True
2026-08-08T08:00:00Z,2,Nablus,2-1,19.25,18.861666666666668,1,True,18.04,19.017500000000002,1,True,18.43,19.405208333333334,1,True
2026-08-08T08:15:00Z,2,Nablus,2-1,18.81,18.869270833333335,1,True,17.5,19.048645833333335,1,True,16.71,19.440833333333334,1,True
2026-08-08T08:30:00Z,2,Nablus,2-1,19.27,18.880625000000002,1,True,17.73,19.083020833333332,1,True,15.77,19.4659375,1,True
2026-08-08T08:45:00Z,2,Nablus,2-1,17.96,18.884375,1,True,17.9,19.111979166666668,1,True,15.93,19.487291666666668,1,True
2026-08-08T09:00:00Z,2,Nablus,2-1,18.37,18.894791666666666,1,True,16.1,19.128333333333334,1,True,16.5,19.511875,1,True
2026-08-08T09:15:00Z,2,Nablus,2-1,18.5,18.9165625,1,True,17.6,19.1665625,1,True,16.57,19.551145833333333,1,True
2026-08-08T09:30:00Z,2,Nablus,2-1,19.29,18.953229166666667,1,True,16.01,19.186666666666667,1,True,16.68,19.588020833333335,1,True
2026-08-08T09:45:00Z,2,Nablus,2-1,18.34,18.983854166666664,1,True,16.7,19.219375,1,True,17.87,19.635208333333335,1,True
2026-08-08T10:00:00Z,2,Nablus,2-1,18.04,19.017500000000002,1,True,17.27,19.2528125,1,True,18.77,19.694687499999997,1,True
2026-08-08T10:15:00Z,2,Nablus,2-1,17.5,19.048645833333335,1,True,17.27,19.29125,1,True,20.67,19.7721875,1,True
2026-08-08T10:30:00Z,2,Nablus,2-1,17.73,19.083020833333332,1,True,16.94,19.324895833333333,1,True,21.85,19.844791666666666,1,True
2026-08-08T10:45:00Z,2,Nablus,2-1,17.9,19.111979166666668,1,True,16.92,19.356770833333332,1,True,25.19,19.9528125,1,True
2026-08-08T11:00:00Z,2,Nablus,2-1,16.1,19.128333333333334,1,True,18.43,19.405208333333334,1,True,24.48,20.05635416666667,1,True
2026-08-08T11:15:00Z,2,Nablus,2-1,17.6,19.1665625,1,True,16.71,19.440833333333334,1,True,24.55,20.138749999999998,1,True
2026-08-08T11:30:00Z,2,Nablus,2-1,16.01,19.186666666666667,1,True,15.77,19.4659375,1,True,24.75,20.213645833333334,1,True
2026-08-08T11:45:00Z,2,Nablus,2-1,16.7,19.219375,1,True,15.93,19.487291666666668,1,True,26.06,20.296145833333334,1,True
2026-08-08T12:00:00Z,2,Nablus,2-1,17.27,19.2528125,1,True,16.5,19.511875,1,True,,,,False
2026-08-08T12:15:00Z,2,Nablus,2-1,17.27,19.29125,1,True,16.57,19.551145833333333,1,True,26.69,20.45557894736842,1,True
2026-08-08T12:30:00Z,2,Nablus,2-1,16.94,19.324895833333333,1,True,16.68,19.588020833333335,1,True,27.77,20.578736842105265,1,True
2026-08-08T12:45:00Z,2,Nablus,2-1,16.92,19.356770833333332,1,True,17.87,19.635208333333335,1,True,26.45,20.685052631578948,1,True
2026-08-08T13:00:00Z,2,Nablus,2-1,18.43,19.405208333333334,1,True,18.77,19.694687499999997,1,True,26.02,20.774947368421053,1,True
2026-08-08T13:15:00Z,2,Nablus,2-1,16.71,19.440833333333334,1,True,20.67,19.7721875,1,True,27.5,20.880842105263156,1,True
2026-08-08T13:30:00Z,2,Nablus,2-1,15.77,19.4659375,1,True,21.85,19.844791666666666,1,True,29.58,21.00505263157895,1,True
2026-08-08T13:45:00Z,2,Nablus,2-1,15.93,19.487291666666668,1,True,25.19,19.9528125,1,True,30.19,21.141578947368423,1,True
2026-08-08T14:00:00Z,2,Nablus,2-1,16.5,19.511875,1,True,24.48,20.05635416666667,1,True,32.25,21.295263157894738,1,True
2026-08-08T14:15:00Z,2,Nablus,2-1,16.57,19.551145833333333,1,True,24.55,20.138749999999998,1,True,35.08,21.471684210526316,1,True
2026-08-08T14:30:00Z,2,Nablus,2-1,16.68,19.588020833333335,1,True,24.75,20.213645833333334,1,True,50.79,21.80021052631579,1,True
2026-08-08T14:45:00Z,2,Nablus,2-1,17.87,19.635208333333335,1,True,26.06,20.296145833333334,1,True,42.34,22.03157894736842,1,True
2026-08-08T15:00:00Z,2,Nablus,2-1,18.77,19.694687499999997,1,True,,,,False,39.44,22.224631578947363,1,True
2026-08-08T15:15:00Z,2,Nablus,2-1,20.67,19.7721875,1,True,26.69,20.45557894736842,1,True,37.19,22.376842105263155,1,True
2026-08-08T15:30:00Z,2,Nablus,2-1,21.85,19.844791666666666,1,True,27.77,20.578736842105265,1,True,36.21,22.52063157894737,1,True
2026-08-08T15:45:00Z,2,Nablus,2-1,25.19,19.9528125,1,True,26.45,20.685052631578948,1,True,35.76,22.664315789473687,1,True
2026-08-08T16:00:00Z,2,Nablus,2-1,24.48,20.05635416666667,1,True,26.02,20.774947368421053,1,True,35.15,22.795684210526318,1,True
2026-08-08T16:15:00Z,2,Nablus,2-1,24.55,20.138749999999998,1,True,27.5,20.880842105263156,1,True,35.05,22.93115789473684,1,True
2026-08-08T16:30:00Z,2,Nablus,2-1,24.75,20.213645833333334,1,True,29.58,21.00505263157895,1,True,37.15,23.101052631578945,1,True
2026-08-08T16:45:00Z,2,Nablus,2-1,26.06,20.296145833333334,1,True,30.19,21.141578947368423,1,True,38.27,23.281157894736843,1,True
2026-08-08T17:00:00Z,2,Nablus,2-1,,,,False,32.25,21.295263157894738,1,True,38.81,23.462421052631576,1,True
2026-08-08T17:15:00Z,2,Nablus,2-1,26.69,20.45557894736842,1,True,35.08,21.471684210526316,1,True,39.92,23.649473684210523,1,True
2026-08-08T17:30:00Z,2,Nablus,2-1,27.77,20.578736842105265,1,True,50.79,21.80021052631579,1,True,42.45,23.876526315789473,1,True
2026-08-08T17:45:00Z,2,Nablus,2-1,26.45,20.685052631578948,1,True,42.34,22.03157894736842,1,True,44.93,24.11336842105263,1,True
2026-08-08T18:15:00Z,2,Nablus,2-1,27.5,20.880842105263156,1,True,37.19,22.376842105263155,1,True,41.88,24.311489361702126,1,True
2026-08-08T18:30:00Z,2,Nablus,2-1,29.58,21.00505263157895,1,True,36.21,22.52063157894737,1,True,39.24,24.462659574468088,1,True
2026-08-08T18:45:00Z,2,Nablus,2-1,30.19,21.141578947368423,1,True,35.76,22.664315789473687,1,True,34.94,24.538936170212764,1,True
2026-08-08T19:00:00Z,2,Nablus,2-1,32.25,21.295263157894738,1,True,35.15,22.795684210526318,1,True,33.46,24.60308510638298,1,True
2026-08-08T19:15:00Z,2,Nablus,2-1,35.08,21.471684210526316,1,True,35.05,22.93115789473684,1,True,33.53,24.664574468085103,1,True
2026-08-08T19:30:00Z,2,Nablus,2-1,50.79,21.80021052631579,1,True,37.15,23.101052631578945,1,True,33.32,24.733191489361705,1,True
2026-08-08T19:45:00Z,2,Nablus,2-1,42.34,22.03157894736842,1,True,38.27,23.281157894736843,1,True,32.34,24.788510638297875,1,True
2026-08-08T20:00:00Z,2,Nablus,2-1,39.44,22.224631578947363,1,True,38.81,23.462421052631576,1,True,32.36,24.85840425531915,1,True
2026-08-08T20:15:00Z,2,Nablus,2-1,37.19,22.376842105263155,1,True,39.92,23.649473684210523,1,True,31.07,24.916702127659576,1,True
2026-08-08T20:30:00Z,2,Nablus,2-1,36.21,22.52063157894737,1,True,42.45,23.876526315789473,1,True,32.63,25.000957446808513,1,True
2026-08-08T20:45:00Z,2,Nablus,2-1,35.76,22.664315789473687,1,True,44.93,24.11336842105263,1,True,35.38,25.1136170212766,1,True
2026-08-08T21:00:00Z,2,Nablus,2-1,35.15,22.795684210526318,1,True,,,,False,34.91,25.228297872340427,1,True
2026-08-08T21:15:00Z,2,Nablus,2-1,35.05,22.93115789473684,1,True,41.88,24.311489361702126,1,True,35.04,25.356276595744685,1,True
2026-08-08T21:30:00Z,2,Nablus,2-1,37.15,23.101052631578945,1,True,39.24,24.462659574468088,1,True,35.2,25.498085106382977,1,True
2026-08-08T21:45:00Z,2,Nablus,2-1,38.27,23.281157894736843,1,True,34.94,24.538936170212764,1,True,34.46,25.625957446808506,1,True
2026-08-08T22:00:00Z,2,Nablus,2-1,38.81,23.462421052631576,1,True,33.46,24.60308510638298,1,True,33.0,25.744893617021276,1,True
2026-08-08T22:15:00Z,2,Nablus,2-1,39.92,23.649473684210523,1,True,33.53,24.664574468085103,1,True,33.2,25.866276595744683,1,True
2026-08-08T22:30:00Z,2,Nablus,2-1,42.45,23.876526315789473,1,True,33.32,24.733191489361705,1,True,33.17,25.998510638297873,1,True
2026-08-08T22:45:00Z,2,Nablus,2-1,44.93,24.11336842105263,1,True,32.34,24.788510638297875,1,True,31.84,26.111702127659573,1,True
2026-08-08T23:00:00Z,2,Nablus,2-1,,,,False,32.36,24.85840425531915,1,True,31.38,26.21191489361702,1,True
2026-08-08T23:15:00Z,2,Nablus,2-1,41.88,24.311489361702126,1,True,31.07,24.916702127659576,1,True,30.75,26.31808510638298,1,True
2026-08-08T23:30:00Z,2,Nablus,2-1,39.24,24.462659574468088,1,True,32.63,25.000957446808513,1,True,30.97,26.428404255319148,1,True
2026-08-08T23:45:00Z,2,Nablus,2-1,34.94,24.538936170212764,1,True,35.38,25.1136170212766,1,True,29.9,26.519574468085107,1,True
2026-08-09T00:15:00Z,2,Nablus,2-1,33.53,24.664574468085103,1,True,35.04,25.356276595744685,1,True,27.34,26.685531914893616,1,True
2026-08-09T00:30:00Z,2,Nablus,2-1,33.32,24.733191489361705,1,True,35.2,25.498085106382977,1,True,25.18,26.7481914893617,1,True
2026-08-09T00:45:00Z,2,Nablus,2-1,32.34,24.788510638297875,1,True,34.46,25.625957446808506,1,True,24.08,26.802978723404255,1,True
2026-08-09T01:00:00Z,2,Nablus,2-1,32.36,24.85840425531915,1,True,33.0,25.744893617021276,1,True,23.19,26.84617021276596,1,True
2026-08-09T01:15:00Z,2,Nablus,2-1,31.07,24.916702127659576,1,True,33.2,25.866276595744683,1,True,23.13,26.892872340425534,1,True
2026-08-09T01:30:00Z,2,Nablus,2-1,32.63,25.000957446808513,1,True,33.17,25.998510638297873,1,True,22.25,26.93170212765958,1,True
2026-08-09T01:45:00Z,2,Nablus,2-1,35.38,25.1136170212766,1,True,31.84,26.111702127659573,1,True,21.82,26.96691489361702,1,True
2026-08-09T02:00:00Z,2,Nablus,2-1,34.91,25.228297872340427,1,True,31.38,26.21191489361702,1,True,20.0,26.9763829787234,1,True
2026-08-09T02:15:00Z,2,Nablus,2-1,35.04,25.356276595744685,1,True,30.75,26.31808510638298,1,True,23.2,27.03074468085107,1,True
2026-08-09T02:30:00Z,2,Nablus,2-1,35.2,25.498085106382977,1,True,30.97,26.428404255319148,1,True,19.78,27.043085106382975,1,True
2026-08-09T02:45:00Z,2,Nablus,2-1,34.46,25.625957446808506,1,True,29.9,26.519574468085107,1,True,19.21,27.052659574468084,1,True
2026-08-09T03:00:00Z,2,Nablus,2-1,33.0,25.744893617021276,1,True,28.26,26.604574468085104,1,True,19.13,27.051382978723403,1,True
2026-08-09T03:15:00Z,2,Nablus,2-1,33.2,25.866276595744683,1,True,27.34,26.685531914893616,1,True,18.07,27.043510638297867,1,True
2026-08-09T03:30:00Z,2,Nablus,2-1,33.17,25.998510638297873,1,True,25.18,26.7481914893617,1,True,19.45,27.045425531914894,1,True
2026-08-09T03:45:00Z,2,Nablus,2-1,31.84,26.111702127659573,1,True,24.08,26.802978723404255,1,True,18.65,27.05276595744681,1,True
2026-08-09T04:00:00Z,2,Nablus,2-1,31.38,26.21191489361702,1,True,23.19,26.84617021276596,1,True,17.53,27.043829787234042,1,True
2026-08-09T04:15:00Z,2,Nablus,2-1,30.75,26.31808510638298,1,True,23.13,26.892872340425534,1,True,17.24,27.030425531914894,1,True
2026-08-09T04:30:00Z,2,Nablus,2-1,30.97,26.428404255319148,1,True,22.25,26.93170212765958,1,True,18.06,27.017340425531916,1,True
2026-08-09T04:45:00Z,2,Nablus,2-1,29.9,26.519574468085107,1,True,21.82,26.96691489361702,1,True,17.07,27.00382978723404,1,True
2026-08-09T05:00:00Z,2,Nablus,2-1,28.26,26.604574468085104,1,True,20.0,26.9763829787234,1,True,15.65,26.97840425531915,1,True
2026-08-09T05:15:00Z,2,Nablus,2-1,27.34,26.685531914893616,1,True,23.2,27.03074468085107,1,True,15.43,26.956382978723404,1,True
2026-08-09T05:30:00Z,2,Nablus,2-1,25.18,26.7481914893617,1,True,19.78,27.043085106382975,1,True,14.17,26.918510638297867,1,True
2026-08-09T05:45:00Z,2,Nablus,2-1,24.08,26.802978723404255,1,True,19.21,27.052659574468084,1,True,14.18,26.878936170212764,1,True
2026-08-09T06:00:00Z,2,Nablus,2-1,23.19,26.84617021276596,1,False,19.13,27.051382978723403,1,False,14.26,26.859361702127657,1,False
2026-08-09T06:15:00Z,2,Nablus,2-1,23.13,26.892872340425534,1,True,18.07,27.043510638297867,1,True,13.92,26.820212765957447,1,True
2026-08-09T06:30:00Z,2,Nablus,2-1,22.25,26.93170212765958,1,True,19.45,27.045425531914894,1,True,13.98,26.7986170212766,1,True
2026-08-09T06:45:00Z,2,Nablus,2-1,21.82,26.96691489361702,1,True,18.65,27.05276595744681,1,True,13.18,26.761170212765958,1,True
2026-08-09T07:00:00Z,2,Nablus,2-1,20.0,26.9763829787234,1,True,17.53,27.043829787234042,1,True,13.69,26.723085106382978,1,True
2026-08-09T07:15:00Z,2,Nablus,2-1,23.2,27.03074468085107,1,True,17.24,27.030425531914894,1,True,13.9,26.68723404255319,1,True
2026-08-09T07:30:00Z,2,Nablus,2-1,19.78,27.043085106382975,1,True,18.06,27.017340425531916,1,True,13.09,26.64627659574468,1,True
2026-08-09T07:45:00Z,2,Nablus,2-1,19.21,27.052659574468084,1,True,17.07,27.00382978723404,1,True,13.65,26.611489361702127,1,True
2026-08-09T08:00:00Z,2,Nablus,2-1,19.13,27.051382978723403,1,True,15.65,26.97840425531915,1,True,12.84,26.55202127659574,1,True
2026-08-09T08:15:00Z,2,Nablus,2-1,18.07,27.043510638297867,1,True,15.43,26.956382978723404,1,True,12.75,26.509893617021273,1,True
2026-08-09T08:30:00Z,2,Nablus,2-1,19.45,27.045425531914894,1,True,14.17,26.918510638297867,1,True,12.57,26.475851063829786,1,True
2026-08-09T08:45:00Z,2,Nablus,2-1,18.65,27.05276595744681,1,True,14.18,26.878936170212764,1,True,12.71,26.441595744680853,1,True
2026-08-09T09:00:00Z,2,Nablus,2-1,17.53,27.043829787234042,1,True,14.26,26.859361702127657,1,True,12.79,26.40212765957447,1,True
2026-08-09T09:15:00Z,2,Nablus,2-1,17.24,27.030425531914894,1,True,13.92,26.820212765957447,1,True,13.75,26.372127659574467,1,True
2026-08-09T09:30:00Z,2,Nablus,2-1,18.06,27.017340425531916,1,True,13.98,26.7986170212766,1,True,13.33,26.336489361702128,1,True
2026-08-09T09:45:00Z,2,Nablus,2-1,17.07,27.00382978723404,1,True,13.18,26.761170212765958,1,True,13.56,26.290638297872338,1,True
2026-08-09T10:00:00Z,2,Nablus,2-1,15.65,26.97840425531915,1,True,13.69,26.723085106382978,1,True,14.02,26.24010638297872,1,True
2026-08-09T10:15:00Z,2,Nablus,2-1,15.43,26.956382978723404,1,True,13.9,26.68723404255319,1,True,14.18,26.171063829787236,1,True
2026-08-09T10:30:00Z,2,Nablus,2-1,14.17,26.918510638297867,1,True,13.09,26.64627659574468,1,True,14.48,26.092659574468087,1,True
2026-08-09T10:45:00Z,2,Nablus,2-1,14.18,26.878936170212764,1,True,13.65,26.611489361702127,1,True,16.29,25.997978723404255,1,True
2026-08-09T11:00:00Z,2,Nablus,2-1,14.26,26.859361702127657,1,True,12.84,26.55202127659574,1,True,16.87,25.917021276595744,1,True
2026-08-09T11:15:00Z,2,Nablus,2-1,13.92,26.820212765957447,1,True,12.75,26.509893617021273,1,True,18.08,25.848191489361703,1,True
2026-08-09T11:30:00Z,2,Nablus,2-1,13.98,26.7986170212766,1,True,12.57,26.475851063829786,1,True,19.43,25.79159574468085,1,True
2026-08-09T11:45:00Z,2,Nablus,2-1,13.18,26.761170212765958,1,True,12.71,26.441595744680853,1,True,19.52,25.722021276595747,1,True
2026-08-09T12:00:00Z,2,Nablus,2-1,13.69,26.723085106382978,1,True,12.79,26.40212765957447,1,True,20.01,25.661894736842108,1,True
2026-08-09T12:15:00Z,2,Nablus,2-1,13.9,26.68723404255319,1,True,13.75,26.372127659574467,1,True,20.51,25.59684210526316,1,True
2026-08-09T12:30:00Z,2,Nablus,2-1,13.09,26.64627659574468,1,True,13.33,26.336489361702128,1,True,21.13,25.52694736842105,1,True
2026-08-09T12:45:00Z,2,Nablus,2-1,13.65,26.611489361702127,1,True,13.56,26.290638297872338,1,True,22.27,25.482947368421048,1,True
2026-08-09T13:00:00Z,2,Nablus,2-1,12.84,26.55202127659574,1,True,14.02,26.24010638297872,1,True,20.86,25.428631578947368,1,True
2026-08-09T13:15:00Z,2,Nablus,2-1,12.75,26.509893617021273,1,True,14.18,26.171063829787236,1,True,16.61,25.314,1,True
2026-08-09T13:30:00Z,2,Nablus,2-1,12.57,26.475851063829786,1,True,14.48,26.092659574468087,1,True,15.98,25.17084210526316,1,True
2026-08-09T13:45:00Z,2,Nablus,2-1,12.71,26.441595744680853,1,True,16.29,25.997978723404255,1,True,15.83,25.019684210526314,1,True
2026-08-09T14:00:00Z,2,Nablus,2-1,12.79,26.40212765957447,1,True,16.87,25.917021276595744,1,True,16.66,24.855578947368418,1,True
2026-08-09T14:15:00Z,2,Nablus,2-1,13.75,26.372127659574467,1,True,18.08,25.848191489361703,1,True,14.44,24.638315789473683,1,True
2026-08-09T14:30:00Z,2,Nablus,2-1,13.33,26.336489361702128,1,True,19.43,25.79159574468085,1,True,13.77,24.248631578947368,1,True
2026-08-09T14:45:00Z,2,Nablus,2-1,13.56,26.290638297872338,1,True,19.52,25.722021276595747,1,True,13.02,23.939999999999998,1,True
2026-08-09T15:00:00Z,2,Nablus,2-1,14.02,26.24010638297872,1,True,20.01,25.661894736842108,1,True,12.04,23.65157894736842,1,True
2026-08-09T15:15:00Z,2,Nablus,2-1,14.18,26.171063829787236,1,True,20.51,25.59684210526316,1,True,11.76,23.38389473684211,1,True
2026-08-09T15:30:00Z,2,Nablus,2-1,14.48,26.092659574468087,1,True,21.13,25.52694736842105,1,True,11.6,23.12484210526316,1,True
2026-08-09T15:45:00Z,2,Nablus,2-1,16.29,25.997978723404255,1,True,22.27,25.482947368421048,1,True,11.29,22.867263157894737,1,True
2026-08-09T16:00:00Z,2,Nablus,2-1,16.87,25.917021276595744,1,True,20.86,25.428631578947368,1,True,10.97,22.612736842105264,1,True
2026-08-09T16:15:00Z,2,Nablus,2-1,18.08,25.848191489361703,1,True,16.61,25.314,1,True,11.01,22.359684210526318,1,True
2026-08-09T16:30:00Z,2,Nablus,2-1,19.43,25.79159574468085,1,True,15.98,25.17084210526316,1,True,10.67,22.080947368421054,1,True
2026-08-09T16:45:00Z,2,Nablus,2-1,19.52,25.722021276595747,1,True,15.83,25.019684210526314,1,True,10.7,21.79073684210526,1,True
2026-08-09T17:00:00Z,2,Nablus,2-1,20.01,25.661894736842108,1,True,16.66,24.855578947368418,1,True,10.33,21.490947368421054,1,True
2026-08-09T17:15:00Z,2,Nablus,2-1,20.51,25.59684210526316,1,True,14.44,24.638315789473683,1,True,10.25,21.178631578947368,1,True
2026-08-09T17:30:00Z,2,Nablus,2-1,21.13,25.52694736842105,1,True,13.77,24.248631578947368,1,True,10.07,20.83778947368421,1,True
2026-08-09T17:45:00Z,2,Nablus,2-1,22.27,25.482947368421048,1,True,13.02,23.939999999999998,1,True,10.26,20.472842105263158,1,True
2026-08-09T18:00:00Z,2,Nablus,2-1,20.86,25.428631578947368,1,True,12.04,23.65157894736842,1,True,10.27,20.3665625,1,True
2026-08-09T18:15:00Z,2,Nablus,2-1,16.61,25.314,1,True,11.76,23.38389473684211,1,True,9.89,20.033333333333335,1,True
2026-08-09T18:30:00Z,2,Nablus,2-1,15.98,25.17084210526316,1,True,11.6,23.12484210526316,1,True,9.66,19.72520833333333,1,True
2026-08-09T18:45:00Z,2,Nablus,2-1,15.83,25.019684210526314,1,True,11.29,22.867263157894737,1,True,9.37,19.458854166666665,1,True
2026-08-09T19:00:00Z,2,Nablus,2-1,16.66,24.855578947368418,1,True,10.97,22.612736842105264,1,True,9.55,19.209791666666664,1,True
2026-08-09T19:15:00Z,2,Nablus,2-1,14.44,24.638315789473683,1,True,11.01,22.359684210526318,1,True,9.51,18.95958333333333,1,True
2026-08-09T19:30:00Z,2,Nablus,2-1,13.77,24.248631578947368,1,True,10.67,22.080947368421054,1,True,9.41,18.710520833333334,1,True
2026-08-09T19:45:00Z,2,Nablus,2-1,13.02,23.939999999999998,1,True,10.7,21.79073684210526,1,True,9.27,18.470208333333336,1,True
2026-08-09T20:00:00Z,2,Nablus,2-1,12.04,23.65157894736842,1,True,10.33,21.490947368421054,1,True,9.05,18.227395833333333,1,True
2026-08-09T20:15:00Z,2,Nablus,2-1,11.76,23.38389473684211,1,True,10.25,21.178631578947368,1,True,9.35,18.001145833333332,1,True
2026-08-09T20:30:00Z,2,Nablus,2-1,11.6,23.12484210526316,1,True,10.07,20.83778947368421,1,True,9.3,17.758125,1,True
2026-08-09T20:45:00Z,2,Nablus,2-1,11.29,22.867263157894737,1,True,10.26,20.472842105263158,1,True,9.24,17.485833333333336,1,True
2026-08-09T21:00:00Z,2,Nablus,2-1,10.97,22.612736842105264,1,True,10.27,20.3665625,1,True,9.44,17.22052083333333,1,True
2026-08-09T21:15:00Z,2,Nablus,2-1,11.01,22.359684210526318,1,True,9.89,20.033333333333335,1,True,9.44,16.953854166666666,1,True
2026-08-09T21:30:00Z,2,Nablus,2-1,10.67,22.080947368421054,1,True,9.66,19.72520833333333,1,True,9.29,16.683958333333333,1,True
2026-08-09T21:45:00Z,2,Nablus,2-1,10.7,21.79073684210526,1,True,9.37,19.458854166666665,1,True,8.68,16.415416666666665,1,True
2026-08-09T22:00:00Z,2,Nablus,2-1,10.33,21.490947368421054,1,True,9.55,19.209791666666664,1,True,8.54,16.160625,1,True
2026-08-09T22:15:00Z,2,Nablus,2-1,10.25,21.178631578947368,1,True,9.51,18.95958333333333,1,True,8.56,15.903958333333334,1,True
2026-08-09T22:30:00Z,2,Nablus,2-1,10.07,20.83778947368421,1,True,9.41,18.710520833333334,1,True,8.58,15.6478125,1,True
2026-08-09T22:45:00Z,2,Nablus,2-1,10.26,20.472842105263158,1,True,9.27,18.470208333333336,1,True,8.65,15.40625,1,True
2026-08-09T23:00:00Z,2,Nablus,2-1,10.27,20.3665625,1,True,9.05,18.227395833333333,1,True,9.13,15.174479166666666,1,True
2026-08-09T23:15:00Z,2,Nablus,2-1,9.89,20.033333333333335,1,True,9.35,18.001145833333332,1,True,9.39,14.951979166666666,0,True
2026-08-09T23:30:00Z,2,Nablus,2-1,9.66,19.72520833333333,1,True,9.3,17.758125,1,True,9.22,14.725416666666666,0,True
2026-08-09T23:45:00Z,2,Nablus,2-1,9.37,19.458854166666665,1,True,9.24,17.485833333333336,1,True,9.2,14.509791666666667,0,True
2026-08-10T00:00:00Z,2,Nablus,2-1,9.55,19.209791666666664,1,True,9.44,17.22052083333333,1,True,9.5,14.314375,0,True
2026-08-10T00:15:00Z,2,Nablus,2-1,9.51,18.95958333333333,1,True,9.44,16.953854166666666,1,True,9.76,14.13125,0,True
2026-08-10T00:30:00Z,2,Nablus,2-1,9.41,18.710520833333334,1,True,9.29,16.683958333333333,1,True,10.45,13.977812499999999,0,True
2026-08-10T00:45:00Z,2,Nablus,2-1,9.27,18.470208333333336,1,True,8.68,16.415416666666665,1,True,10.05,13.831666666666665,0,True
2026-08-10T01:00:00Z,2,Nablus,2-1,9.05,18.227395833333333,1,True,8.54,16.160625,1,True,10.3,13.697395833333331,0,True
2026-08-10T01:15:00Z,2,Nablus,2-1,9.35,18.001145833333332,1,True,8.56,15.903958333333334,1,True,10.81,13.569062500000001,0,True
2026-08-10T01:30:00Z,2,Nablus,2-1,9.3,17.758125,1,True,8.58,15.6478125,1,True,10.66,13.448333333333332,0,True
2026-08-10T01:45:00Z,2,Nablus,2-1,9.24,17.485833333333336,1,True,8.65,15.40625,1,True,11.24,13.338125,0,True
2026-08-10T02:00:00Z,2,Nablus,2-1,9.44,17.22052083333333,1,True,9.13,15.174479166666666,1,True,12.18,13.256666666666668,0,True
2026-08-10T02:15:00Z,2,Nablus,2-1,9.44,16.953854166666666,1,True,9.39,14.951979166666666,0,True,12.9,13.149375000000001,0,True
2026-08-10T02:30:00Z,2,Nablus,2-1,9.29,16.683958333333333,1,True,9.22,14.725416666666666,0,True,12.23,13.070729166666666,0,True
2026-08-10T02:45:00Z,2,Nablus,2-1,8.68,16.415416666666665,1,True,9.2,14.509791666666667,0,True,12.49,13.000729166666666,0,True
2026-08-10T03:00:00Z,2,Nablus,2-1,8.54,16.160625,1,True,9.5,14.314375,0,True,12.45,12.931145833333332,0,True
2026-08-10T03:15:00Z,2,Nablus,2-1,8.56,15.903958333333334,1,True,9.76,14.13125,0,True,12.38,12.871875000000001,0,True
2026-08-10T03:30:00Z,2,Nablus,2-1,8.58,15.6478125,1,True,10.45,13.977812499999999,0,True,12.97,12.804375,0,True
2026-08-10T03:45:00Z,2,Nablus,2-1,8.65,15.40625,1,True,10.05,13.831666666666665,0,True,13.13,12.746875000000001,0,True
2026-08-10T04:00:00Z,2,Nablus,2-1,9.13,15.174479166666666,1,True,10.3,13.697395833333331,0,True,13.87,12.708750000000002,0,True
2026-08-10T04:15:00Z,2,Nablus,2-1,9.39,14.951979166666666,0,True,10.81,13.569062500000001,0,True,13.83,12.673229166666667,0,True
2026-08-10T04:30:00Z,2,Nablus,2-1,9.22,14.725416666666666,0,True,10.66,13.448333333333332,0,True,13.57,12.626458333333332,0,True
2026-08-10T04:45:00Z,2,Nablus,2-1,9.2,14.509791666666667,0,True,11.24,13.338125,0,True,14.42,12.598854166666667,0,True
2026-08-10T05:00:00Z,2,Nablus,2-1,9.5,14.314375,0,True,12.18,13.256666666666668,0,True,14.14,12.583124999999997,0,True
2026-08-10T05:15:00Z,2,Nablus,2-1,9.76,14.13125,0,True,12.9,13.149375000000001,0,True,13.01,12.557916666666669,0,True
2026-08-10T05:30:00Z,2,Nablus,2-1,10.45,13.977812499999999,0,True,12.23,13.070729166666666,0,True,12.78,12.543437500000001,0,True
2026-08-10T05:45:00Z,2,Nablus,2-1,10.05,13.831666666666665,0,True,12.49,13.000729166666666,0,True,12.08,12.5215625,0,True
2026-08-10T06:00:00Z,2,Nablus,2-1,10.3,13.697395833333331,0,True,12.45,12.931145833333332,0,True,12.68,12.505104166666667,0,True
2026-08-10T06:15:00Z,2,Nablus,2-1,10.81,13.569062500000001,0,True,12.38,12.871875000000001,0,True,11.52,12.480104166666669,0,True
2026-08-10T06:30:00Z,2,Nablus,2-1,10.66,13.448333333333332,0,True,12.97,12.804375,0,True,11.23,12.451458333333335,0,True
2026-08-10T06:45:00Z,2,Nablus,2-1,11.24,13.338125,0,True,13.13,12.746875000000001,0,True,11.47,12.433645833333335,0,True
2026-08-10T07:00:00Z,2,Nablus,2-1,12.18,13.256666666666668,0,True,13.87,12.708750000000002,0,True,11.1,12.406666666666666,0,True
2026-08-10T07:15:00Z,2,Nablus,2-1,12.9,13.149375000000001,0,True,13.83,12.673229166666667,0,True,10.87,12.375104166666667,0,True
2026-08-10T07:30:00Z,2,Nablus,2-1,12.23,13.070729166666666,0,True,13.57,12.626458333333332,0,True,12.02,12.363958333333334,0,True
2026-08-10T07:45:00Z,2,Nablus,2-1,12.49,13.000729166666666,0,True,14.42,12.598854166666667,0,True,11.52,12.341770833333335,0,True
2026-08-10T08:00:00Z,2,Nablus,2-1,12.45,12.931145833333332,0,True,14.14,12.583124999999997,0,True,12.16,12.3346875,0,True
2026-08-10T08:15:00Z,2,Nablus,2-1,12.38,12.871875000000001,0,True,13.01,12.557916666666669,0,True,11.68,12.323541666666666,0,True
2026-08-10T08:30:00Z,2,Nablus,2-1,12.97,12.804375,0,True,12.78,12.543437500000001,0,True,11.42,12.3115625,0,True
2026-08-10T08:45:00Z,2,Nablus,2-1,13.13,12.746875000000001,0,True,12.08,12.5215625,0,True,11.1,12.294791666666667,0,True
2026-08-10T09:00:00Z,2,Nablus,2-1,13.87,12.708750000000002,0,True,12.68,12.505104166666667,0,True,10.85,12.274583333333332,0,True
2026-08-10T09:15:00Z,2,Nablus,2-1,13.83,12.673229166666667,0,True,11.52,12.480104166666669,0,True,10.77,12.243541666666665,0,True
2026-08-10T09:30:00Z,2,Nablus,2-1,13.57,12.626458333333332,0,True,11.23,12.451458333333335,0,True,11.04,12.219687500000001,0,True
2026-08-10T09:45:00Z,2,Nablus,2-1,14.42,12.598854166666667,0,True,11.47,12.433645833333335,0,True,11.25,12.195625,0,True
2026-08-10T10:00:00Z,2,Nablus,2-1,14.14,12.583124999999997,0,True,11.1,12.406666666666666,0,True,,,,False
2026-08-10T10:15:00Z,2,Nablus,2-1,13.01,12.557916666666669,0,True,10.87,12.375104166666667,0,True,11.74,12.150736842105266,0,True
2026-08-10T10:30:00Z,2,Nablus,2-1,12.78,12.543437500000001,0,True,12.02,12.363958333333334,0,True,11.86,12.123157894736842,0,True
2026-08-10T10:45:00Z,2,Nablus,2-1,12.08,12.5215625,0,True,11.52,12.341770833333335,0,True,12.54,12.083684210526316,0,True
2026-08-10T11:00:00Z,2,Nablus,2-1,12.68,12.505104166666667,0,True,12.16,12.3346875,0,True,15.74,12.071789473684209,0,True
2026-08-10T11:15:00Z,2,Nablus,2-1,11.52,12.480104166666669,0,True,11.68,12.323541666666666,0,True,14.57,12.034842105263158,0,True
2026-08-10T11:30:00Z,2,Nablus,2-1,11.23,12.451458333333335,0,True,11.42,12.3115625,0,True,14.51,11.983052631578946,0,True
2026-08-10T11:45:00Z,2,Nablus,2-1,11.47,12.433645833333335,0,True,11.1,12.294791666666667,0,True,14.24,11.927473684210526,0,True
2026-08-10T12:00:00Z,2,Nablus,2-1,11.1,12.406666666666666,0,True,10.85,12.274583333333332,0,True,13.9,11.863157894736842,0,True
2026-08-10T12:15:00Z,2,Nablus,2-1,10.87,12.375104166666667,0,True,10.77,12.243541666666665,0,True,13.63,11.790736842105265,0,True
2026-08-10T12:30:00Z,2,Nablus,2-1,12.02,12.363958333333334,0,True,11.04,12.219687500000001,0,True,13.75,11.713052631578947,0,True
2026-08-10T12:45:00Z,2,Nablus,2-1,11.52,12.341770833333335,0,True,11.25,12.195625,0,True,13.64,11.622210526315788,0,True
2026-08-10T13:00:00Z,2,Nablus,2-1,12.16,12.3346875,0,True,,,,False,13.86,11.548526315789475,0,True
2026-08-10T13:15:00Z,2,Nablus,2-1,11.68,12.323541666666666,0,True,11.74,12.150736842105266,0,True,13.04,11.510947368421052,0,True
2026-08-10T13:30:00Z,2,Nablus,2-1,11.42,12.3115625,0,True,11.86,12.123157894736842,0,True,13.16,11.481263157894734,0,True
2026-08-10T13:45:00Z,2,Nablus,2-1,11.1,12.294791666666667,0,True,12.54,12.083684210526316,0,True,12.31,11.44421052631579,0,True
2026-08-10T14:00:00Z,2,Nablus,2-1,10.85,12.274583333333332,0,True,15.74,12.071789473684209,0,True,12.43,11.399684210526315,0,True
2026-08-10T14:15:00Z,2,Nablus,2-1,10.77,12.243541666666665,0,True,14.57,12.034842105263158,0,True,12.24,11.376526315789473,0,True
2026-08-10T14:30:00Z,2,Nablus,2-1,11.04,12.219687500000001,0,True,14.51,11.983052631578946,0,True,11.33,11.35084210526316,0,True
2026-08-10T14:45:00Z,2,Nablus,2-1,11.25,12.195625,0,True,14.24,11.927473684210526,0,True,11.26,11.332315789473686,0,True
2026-08-10T15:00:00Z,2,Nablus,2-1,,,,False,13.9,11.863157894736842,0,True,11.16,11.323052631578946,0,True
2026-08-10T15:15:00Z,2,Nablus,2-1,11.74,12.150736842105266,0,True,13.63,11.790736842105265,0,True,10.61,11.310947368421052,0,True
2026-08-10T15:30:00Z,2,Nablus,2-1,11.86,12.123157894736842,0,True,13.75,11.713052631578947,0,True,10.93,11.303894736842103,0,True
2026-08-10T15:45:00Z,2,Nablus,2-1,12.54,12.083684210526316,0,True,13.64,11.622210526315788,0,True,10.39,11.294421052631579,0,True
2026-08-10T16:15:00Z,2,Nablus,2-1,14.57,12.034842105263158,0,True,13.04,11.510947368421052,0,True,10.17,11.282,0,True
2026-08-10T16:30:00Z,2,Nablus,2-1,14.51,11.983052631578946,0,True,13.16,11.481263157894734,0,True,10.19,11.276947368421052,0,True
2026-08-10T16:45:00Z,2,Nablus,2-1,14.24,11.927473684210526,0,True,12.31,11.44421052631579,0,True,10.65,11.276421052631578,0,True
2026-08-10T17:00:00Z,2,Nablus,2-1,13.9,11.863157894736842,0,True,12.43,11.399684210526315,0,True,10.42,11.27736842105263,0,True
2026-08-10T17:15:00Z,2,Nablus,2-1,13.63,11.790736842105265,0,True,12.24,11.376526315789473,0,True,10.52,11.280210526315788,0,True
2026-08-10T17:30:00Z,2,Nablus,2-1,13.75,11.713052631578947,0,True,11.33,11.35084210526316,0,True,10.24,11.282,0,True
2026-08-10T17:45:00Z,2,Nablus,2-1,13.64,11.622210526315788,0,True,11.26,11.332315789473686,0,True,10.04,11.279684210526316,0,True
2026-08-10T18:00:00Z,2,Nablus,2-1,13.86,11.548526315789475,0,True,11.16,11.323052631578946,0,True,10.49,11.282,0,True
2026-08-10T18:15:00Z,2,Nablus,2-1,13.04,11.510947368421052,0,True,10.61,11.310947368421052,0,True,10.23,11.28557894736842,0,True
2026-08-10T18:30:00Z,2,Nablus,2-1,13.16,11.481263157894734,0,True,10.93,11.303894736842103,0,True,10.55,11.294947368421054,0,True
2026-08-10T18:45:00Z,2,Nablus,2-1,12.31,11.44421052631579,0,True,10.39,11.294421052631579,0,True,11.08,11.312947368421053,0,True
2026-08-10T19:00:00Z,2,Nablus,2-1,12.43,11.399684210526315,0,True,10.63,11.29084210526316,0,True,19.48,11.417473684210528,0,True
2026-08-10T19:15:00Z,2,Nablus,2-1,12.24,11.376526315789473,0,True,10.17,11.282,0,True,10.93,11.432421052631579,0,True
2026-08-10T19:30:00Z,2,Nablus,2-1,11.33,11.35084210526316,0,True,10.19,11.276947368421052,0,True,10.87,11.44778947368421,0,True
2026-08-10T19:45:00Z,2,Nablus,2-1,11.26,11.332315789473686,0,True,10.65,11.276421052631578,0,True,10.74,11.463263157894737,0,True
2026-08-10T20:00:00Z,2,Nablus,2-1,11.16,11.323052631578946,0,True,10.42,11.27736842105263,0,True,10.7,11.480631578947369,0,True
2026-08-10T20:15:00Z,2,Nablus,2-1,10.61,11.310947368421052,0,True,10.52,11.280210526315788,0,True,11.12,11.499263157894738,0,True
2026-08-10T20:30:00Z,2,Nablus,2-1,10.93,11.303894736842103,0,True,10.24,11.282,0,True,10.98,11.516947368421052,0,True
2026-08-10T20:45:00Z,2,Nablus,2-1,10.39,11.294421052631579,0,True,10.04,11.279684210526316,0,True,11.08,11.536315789473683,0,True
2026-08-10T21:00:00Z,2,Nablus,2-1,10.63,11.29084210526316,0,True,10.49,11.282,0,True,10.94,11.552105263157895,0,True
2026-08-10T21:15:00Z,2,Nablus,2-1,10.17,11.282,0,True,10.23,11.28557894736842,0,True,10.28,11.560947368421052,0,True
2026-08-10T21:30:00Z,2,Nablus,2-1,10.19,11.276947368421052,0,True,10.55,11.294947368421054,0,True,10.28,11.57136842105263,0,True
2026-08-10T21:45:00Z,2,Nablus,2-1,10.65,11.276421052631578,0,True,11.08,11.312947368421053,0,True,10.76,11.593263157894736,0,True
2026-08-10T22:00:00Z,2,Nablus,2-1,10.42,11.27736842105263,0,False,19.48,11.417473684210528,0,False,10.54,11.614315789473686,0,False
2026-08-10T22:15:00Z,2,Nablus,2-1,10.52,11.280210526315788,0,True,10.93,11.432421052631579,0,True,10.91,11.639052631578947,0,True
2026-08-10T22:30:00Z,2,Nablus,2-1,10.24,11.282,0,True,10.87,11.44778947368421,0,True,10.97,11.664210526315788,0,True
2026-08-10T22:45:00Z,2,Nablus,2-1,10.04,11.279684210526316,0,True,10.74,11.463263157894737,0,True,11.53,11.694526315789474,0,True
2026-08-10T23:00:00Z,2,Nablus,2-1,10.49,11.282,0,True,10.7,11.480631578947369,0,True,11.5,11.719473684210525,0,True
2026-08-10T23:15:00Z,2,Nablus,2-1,10.23,11.28557894736842,0,True,11.12,11.499263157894738,0,True,11.74,11.74421052631579,0,True
2026-08-10T23:30:00Z,2,Nablus,2-1,10.55,11.294947368421054,0,True,10.98,11.516947368421052,0,True,12.26,11.77621052631579,0,True
2026-08-10T23:45:00Z,2,Nablus,2-1,11.08,11.312947368421053,0,True,11.08,11.536315789473683,0,True,12.09,11.80663157894737,0,True
2026-08-11T00:00:00Z,2,Nablus,2-1,19.48,11.417473684210528,0,True,10.94,11.552105263157895,0,True,12.6,11.839263157894736,0,True
2026-08-11T00:15:00Z,2,Nablus,2-1,10.93,11.432421052631579,0,True,10.28,11.560947368421052,0,True,11.93,11.862105263157895,0,True
2026-08-11T00:30:00Z,2,Nablus,2-1,10.87,11.44778947368421,0,True,10.28,11.57136842105263,0,True,11.9,11.87736842105263,0,True
2026-08-11T00:45:00Z,2,Nablus,2-1,10.74,11.463263157894737,0,True,10.76,11.593263157894736,0,True,12.62,11.90442105263158,0,True
2026-08-11T01:00:00Z,2,Nablus,2-1,10.7,11.480631578947369,0,True,10.54,11.614315789473686,0,True,12.73,11.930000000000001,0,True
2026-08-11T01:15:00Z,2,Nablus,2-1,11.12,11.499263157894738,0,True,10.91,11.639052631578947,0,True,11.99,11.942421052631579,0,True
2026-08-11T01:30:00Z,2,Nablus,2-1,10.98,11.516947368421052,0,True,10.97,11.664210526315788,0,True,11.83,11.954736842105264,0,True
2026-08-11T01:45:00Z,2,Nablus,2-1,11.08,11.536315789473683,0,True,11.53,11.694526315789474,0,True,11.69,11.959473684210527,0,True
2026-08-11T02:00:00Z,2,Nablus,2-1,10.94,11.552105263157895,0,True,11.5,11.719473684210525,0,True,12.6,11.963894736842105,0,True
2026-08-11T02:15:00Z,2,Nablus,2-1,10.28,11.560947368421052,0,True,11.74,11.74421052631579,0,True,13.53,11.970526315789472,0,True
2026-08-11T02:30:00Z,2,Nablus,2-1,10.28,11.57136842105263,0,True,12.26,11.77621052631579,0,True,13.59,11.98484210526316,0,True
2026-08-11T02:45:00Z,2,Nablus,2-1,10.76,11.593263157894736,0,True,12.09,11.80663157894737,0,True,12.94,11.989578947368422,0,True
2026-08-11T03:00:00Z,2,Nablus,2-1,10.54,11.614315789473686,0,True,12.6,11.839263157894736,0,True,12.84,11.993684210526316,0,True
2026-08-11T03:15:00Z,2,Nablus,2-1,10.91,11.639052631578947,0,True,11.93,11.862105263157895,0,True,13.03,12.000526315789473,0,True
2026-08-11T03:30:00Z,2,Nablus,2-1,10.97,11.664210526315788,0,True,11.9,11.87736842105263,0,True,12.54,11.995999999999999,0,True
2026-08-11T03:45:00Z,2,Nablus,2-1,11.53,11.694526315789474,0,True,12.62,11.90442105263158,0,True,12.87,11.993263157894738,0,True
2026-08-11T04:00:00Z,2,Nablus,2-1,11.5,11.719473684210525,0,True,12.73,11.930000000000001,0,True,12.3,11.976736842105263,0,True
2026-08-11T04:15:00Z,2,Nablus,2-1,11.74,11.74421052631579,0,True,11.99,11.942421052631579,0,True,12.36,11.961263157894736,0,True
2026-08-11T04:30:00Z,2,Nablus,2-1,12.26,11.77621052631579,0,True,11.83,11.954736842105264,0,True,14.54,11.971473684210526,0,True
2026-08-11T04:45:00Z,2,Nablus,2-1,12.09,11.80663157894737,0,True,11.69,11.959473684210527,0,True,17.7,12.005999999999998,0,True
2026-08-11T05:00:00Z,2,Nablus,2-1,12.6,11.839263157894736,0,True,12.6,11.963894736842105,0,True,13.73,12.001684210526317,0,True
2026-08-11T05:15:00Z,2,Nablus,2-1,11.93,11.862105263157895,0,True,13.53,11.970526315789472,0,True,12.52,11.996526315789472,0,True
2026-08-11T05:30:00Z,2,Nablus,2-1,11.9,11.87736842105263,0,True,13.59,11.98484210526316,0,True,12.04,11.988736842105261,0,True
2026-08-11T05:45:00Z,2,Nablus,2-1,12.62,11.90442105263158,0,True,12.94,11.989578947368422,0,True,12.37,11.99178947368421,0,True
2026-08-11T06:00:00Z,2,Nablus,2-1,12.73,11.930000000000001,0,True,12.84,11.993684210526316,0,True,11.89,11.983473684210525,0,True
2026-08-11T06:15:00Z,2,Nablus,2-1,11.99,11.942421052631579,0,True,13.03,12.000526315789473,0,True,12.22,11.990842105263157,0,True
2026-08-11T06:30:00Z,2,Nablus,2-1,11.83,11.954736842105264,0,True,12.54,11.995999999999999,0,True,11.87,11.997578947368421,0,True
2026-08-11T06:45:00Z,2,Nablus,2-1,11.69,11.959473684210527,0,True,12.87,11.993263157894738,0,True,11.56,11.998526315789473,0,True
2026-08-11T07:00:00Z,2,Nablus,2-1,12.6,11.963894736842105,0,True,12.3,11.976736842105263,0,True,11.55,12.003263157894736,0,True
2026-08-11T07:15:00Z,2,Nablus,2-1,13.53,11.970526315789472,0,True,12.36,11.961263157894736,0,True,12.05,12.015684210526317,0,True
2026-08-11T07:30:00Z,2,Nablus,2-1,13.59,11.98484210526316,0,True,14.54,11.971473684210526,0,True,11.57,12.010947368421052,0,True
2026-08-11T07:45:00Z,2,Nablus,2-1,12.94,11.989578947368422,0,True,17.7,12.005999999999998,0,True,11.25,12.008105263157894,0,True
2026-08-11T08:00:00Z,2,Nablus,2-1,12.84,11.993684210526316,0,True,13.73,12.001684210526317,0,True,10.64,11.992105263157894,0,True
2026-08-11T08:15:00Z,2,Nablus,2-1,13.03,12.000526315789473,0,True,12.52,11.996526315789472,0,True,10.28,11.977368421052631,0,True
2026-08-11T08:30:00Z,2,Nablus,2-1,12.54,11.995999999999999,0,True,12.04,11.988736842105261,0,True,10.36,11.96621052631579,0,True
2026-08-11T08:45:00Z,2,Nablus,2-1,12.87,11.993263157894738,0,True,12.37,11.99178947368421,0,True,11.08,11.966,0,True
2026-08-11T09:00:00Z,2,Nablus,2-1,12.3,11.976736842105263,0,True,11.89,11.983473684210525,0,True,12.08,11.978947368421053,0,True
2026-08-11T09:15:00Z,2,Nablus,2-1,12.36,11.961263157894736,0,True,12.22,11.990842105263157,0,True,11.71,11.988842105263158,0,True
2026-08-11T09:30:00Z,2,Nablus,2-1,14.54,11.971473684210526,0,True,11.87,11.997578947368421,0,True,13.41,12.01378947368421,0,True
2026-08-11T09:45:00Z,2,Nablus,2-1,17.7,12.005999999999998,0,True,11.56,11.998526315789473,0,True,13.48,12.037263157894737,0,True
2026-08-11T10:00:00Z,2,Nablus,2-1,13.73,12.001684210526317,0,True,11.55,12.003263157894736,0,True,12.43,12.041354166666665,0,True
2026-08-11T10:15:00Z,2,Nablus,2-1,12.52,11.996526315789472,0,True,12.05,12.015684210526317,0,True,11.81,12.042083333333332,0,True
2026-08-11T10:30:00Z,2,Nablus,2-1,12.04,11.988736842105261,0,True,11.57,12.010947368421052,0,True,12.81,12.051979166666667,0,True
2026-08-11T10:45:00Z,2,Nablus,2-1,12.37,11.99178947368421,0,True,11.25,12.008105263157894,0,True,12.62,12.0528125,0,True
2026-08-11T11:00:00Z,2,Nablus,2-1,11.89,11.983473684210525,0,True,10.64,11.992105263157894,0,True,13.55,12.030000000000001,0,True
2026-08-11T11:15:00Z,2,Nablus,2-1,12.22,11.990842105263157,0,True,10.28,11.977368421052631,0,True,13.93,12.023333333333333,0,True
2026-08-11T11:30:00Z,2,Nablus,2-1,11.87,11.997578947368421,0,True,10.36,11.96621052631579,0,True,13.6,12.013854166666668,0,True
2026-08-11T11:45:00Z,2,Nablus,2-1,11.56,11.998526315789473,0,True,11.08,11.966,0,True,13.72,12.008437500000001,0,True
2026-08-11T12:00:00Z,2,Nablus,2-1,11.55,12.003263157894736,0,True,12.08,11.978947368421053,0,True,14.18,12.011354166666665,0,True
2026-08-11T12:15:00Z,2,Nablus,2-1,12.05,12.015684210526317,0,True,11.71,11.988842105263158,0,True,14.96,12.025208333333332,0,True
2026-08-11T12:30:00Z,2,Nablus,2-1,11.57,12.010947368421052,0,True,13.41,12.01378947368421,0,True,14.24,12.030312499999999,0,True
2026-08-11T12:45:00Z,2,Nablus,2-1,11.25,12.008105263157894,0,True,13.48,12.037263157894737,0,True,14.22,12.036354166666667,0,True
2026-08-11T13:00:00Z,2,Nablus,2-1,10.64,11.992105263157894,0,True,12.43,12.041354166666665,0,True,14.68,12.044895833333333,0,True
2026-08-11T13:15:00Z,2,Nablus,2-1,10.28,11.977368421052631,0,True,11.81,12.042083333333332,0,True,13.19,12.046458333333334,0,True
2026-08-11T13:30:00Z,2,Nablus,2-1,10.36,11.96621052631579,0,True,12.81,12.051979166666667,0,True,13.32,12.048125,0,True
2026-08-11T13:45:00Z,2,Nablus,2-1,11.08,11.966,0,True,12.62,12.0528125,0,True,13.59,12.061458333333333,0,True
2026-08-11T14:00:00Z,2,Nablus,2-1,12.08,11.978947368421053,0,True,13.55,12.030000000000001,0,True,13.14,12.068854166666668,0,True
2026-08-11T14:15:00Z,2,Nablus,2-1,11.71,11.988842105263158,0,True,13.93,12.023333333333333,0,True,13.78,12.084895833333334,0,True
2026-08-11T14:30:00Z,2,Nablus,2-1,13.41,12.01378947368421,0,True,13.6,12.013854166666668,0,True,12.54,12.097499999999998,0,True
2026-08-11T14:45:00Z,2,Nablus,2-1,13.48,12.037263157894737,0,True,13.72,12.008437500000001,0,True,12.86,12.114166666666664,0,True
2026-08-11T15:00:00Z,2,Nablus,2-1,12.43,12.041354166666665,0,True,14.18,12.011354166666665,0,True,13.26,12.136041666666666,0,True
2026-08-11T15:15:00Z,2,Nablus,2-1,11.81,12.042083333333332,0,True,14.96,12.025208333333332,0,True,12.97,12.160624999999998,0,True
2026-08-11T15:30:00Z,2,Nablus,2-1,12.81,12.051979166666667,0,True,14.24,12.030312499999999,0,True,12.9,12.181145833333334,0,True
2026-08-11T15:45:00Z,2,Nablus,2-1,12.62,12.0528125,0,True,14.22,12.036354166666667,0,True,13.1,12.209375,0,True
2026-08-11T16:00:00Z,2,Nablus,2-1,13.55,12.030000000000001,0,True,14.68,12.044895833333333,0,True,12.61,12.229999999999999,0,True
2026-08-11T16:15:00Z,2,Nablus,2-1,13.93,12.023333333333333,0,True,13.19,12.046458333333334,0,True,12.73,12.256666666666668,0,True
2026-08-11T16:30:00Z,2,Nablus,2-1,13.6,12.013854166666668,0,True,13.32,12.048125,0,True,12.68,12.282604166666665,0,True
2026-08-11T16:45:00Z,2,Nablus,2-1,13.72,12.008437500000001,0,True,13.59,12.061458333333333,0,True,12.36,12.300416666666665,0,True
2026-08-11T17:00:00Z,2,Nablus,2-1,14.18,12.011354166666665,0,True,13.14,12.068854166666668,0,True,12.17,12.318645833333335,0,True
2026-08-11T17:15:00Z,2,Nablus,2-1,14.96,12.025208333333332,0,True,13.78,12.084895833333334,0,True,12.0,12.334062500000002,0,True
2026-08-11T17:30:00Z,2,Nablus,2-1,14.24,12.030312499999999,0,True,12.54,12.097499999999998,0,True,11.16,12.343645833333333,0,True
2026-08-11T17:45:00Z,2,Nablus,2-1,14.22,12.036354166666667,0,True,12.86,12.114166666666664,0,True,10.43,12.347708333333335,0,True
2026-08-11T18:00:00Z,2,Nablus,2-1,14.68,12.044895833333333,0,True,13.26,12.136041666666666,0,True,10.94,12.352395833333334,0,True
2026-08-11T18:15:00Z,2,Nablus,2-1,13.19,12.046458333333334,0,True,12.97,12.160624999999998,0,True,10.99,12.360312500000001,0,True
2026-08-11T18:30:00Z,2,Nablus,2-1,13.32,12.048125,0,True,12.9,12.181145833333334,0,True,10.68,12.361666666666665,0,True
2026-08-11T18:45:00Z,2,Nablus,2-1,13.59,12.061458333333333,0,True,13.1,12.209375,0,True,10.81,12.358854166666667,0,True
2026-08-11T19:00:00Z,2,Nablus,2-1,13.14,12.068854166666668,0,True,12.61,12.229999999999999,0,True,10.51,12.265416666666667,0,True
2026-08-11T19:15:00Z,2,Nablus,2-1,13.78,12.084895833333334,0,True,12.73,12.256666666666668,0,True,10.95,12.265625,0,True
2026-08-11T19:30:00Z,2,Nablus,2-1,12.54,12.097499999999998,0,True,12.68,12.282604166666665,0,True,10.2,12.258645833333333,0,True
2026-08-11T19:45:00Z,2,Nablus,2-1,12.86,12.114166666666664,0,True,12.36,12.300416666666665,0,True,10.57,12.256875,0,True
2026-08-11T20:00:00Z,2,Nablus,2-1,13.26,12.136041666666666,0,True,12.17,12.318645833333335,0,True,11.68,12.267083333333332,0,True
2026-08-11T20:15:00Z,2,Nablus,2-1,12.97,12.160624999999998,0,True,12.0,12.334062500000002,0,True,10.42,12.259791666666667,0,True
2026-08-11T20:30:00Z,2,Nablus,2-1,12.9,12.181145833333334,0,True,11.16,12.343645833333333,0,True,11.05,12.260520833333333,0,True
2026-08-11T20:45:00Z,2,Nablus,2-1,13.1,12.209375,0,True,10.43,12.347708333333335,0,True,10.67,12.256250000000001,0,True
2026-08-11T21:00:00Z,2,Nablus,2-1,12.61,12.229999999999999,0,True,10.94,12.352395833333334,0,True,10.49,12.2515625,0,True
2026-08-11T21:15:00Z,2,Nablus,2-1,12.73,12.256666666666668,0,True,10.99,12.360312500000001,0,True,10.94,12.258437500000001,0,True
2026-08-11T21:30:00Z,2,Nablus,2-1,12.68,12.282604166666665,0,True,10.68,12.361666666666665,0,True,10.53,12.261041666666669,0,True
2026-08-11T21:45:00Z,2,Nablus,2-1,12.36,12.300416666666665,0,True,10.81,12.358854166666667,0,True,11.89,12.2728125,0,True
2026-08-11T22:00:00Z,2,Nablus,2-1,12.17,12.318645833333335,0,True,10.51,12.265416666666667,0,True,11.09,12.278541666666667,0,True
2026-08-11T22:15:00Z,2,Nablus,2-1,12.0,12.334062500000002,0,True,10.95,12.265625,0,True,10.53,12.274583333333334,0,True
2026-08-11T22:30:00Z,2,Nablus,2-1,11.16,12.343645833333333,0,True,10.2,12.258645833333333,0,True,10.99,12.274791666666667,0,True
2026-08-11T22:45:00Z,2,Nablus,2-1,10.43,12.347708333333335,0,True,10.57,12.256875,0,True,11.25,12.271875000000001,0,True
2026-08-11T23:00:00Z,2,Nablus,2-1,10.94,12.352395833333334,0,True,11.68,12.267083333333332,0,True,12.55,12.2828125,0,True
2026-08-11T23:15:00Z,2,Nablus,2-1,10.99,12.360312500000001,0,True,10.42,12.259791666666667,0,True,11.76,12.283020833333333,0,True
2026-08-11T23:30:00Z,2,Nablus,2-1,10.68,12.361666666666665,0,True,11.05,12.260520833333333,0,True,12.72,12.287812500000001,0,True
2026-08-11T23:45:00Z,2,Nablus,2-1,10.81,12.358854166666667,0,True,10.67,12.256250000000001,0,True,14.38,12.311666666666666,0,True
2026-08-12T00:00:00Z,2,Nablus,2-1,10.51,12.265416666666667,0,True,10.49,12.2515625,0,True,12.73,12.313020833333333,0,True
2026-08-12T00:15:00Z,2,Nablus,2-1,10.95,12.265625,0,True,10.94,12.258437500000001,0,True,11.99,12.313645833333332,0,True
2026-08-12T00:30:00Z,2,Nablus,2-1,10.2,12.258645833333333,0,True,10.53,12.261041666666669,0,True,12.07,12.315416666666666,0,True
2026-08-12T00:45:00Z,2,Nablus,2-1,10.57,12.256875,0,True,11.89,12.2728125,0,True,11.67,12.305520833333333,0,True
2026-08-12T01:00:00Z,2,Nablus,2-1,11.68,12.267083333333332,0,True,11.09,12.278541666666667,0,True,11.38,12.291458333333333,0,True
2026-08-12T01:15:00Z,2,Nablus,2-1,10.42,12.259791666666667,0,True,10.53,12.274583333333334,0,True,12.1,12.292604166666665,0,True
2026-08-12T01:30:00Z,2,Nablus,2-1,11.05,12.260520833333333,0,True,10.99,12.274791666666667,0,True,11.63,12.290520833333334,0,True
2026-08-12T01:45:00Z,2,Nablus,2-1,10.67,12.256250000000001,0,True,11.25,12.271875000000001,0,True,11.84,12.292083333333332,0,True
2026-08-12T02:00:00Z,2,Nablus,2-1,10.49,12.2515625,0,True,12.55,12.2828125,0,True,14.23,12.309062500000001,0,True
2026-08-12T02:15:00Z,2,Nablus,2-1,10.94,12.258437500000001,0,True,11.76,12.283020833333333,0,True,13.1,12.304583333333333,0,True
2026-08-12T02:30:00Z,2,Nablus,2-1,10.53,12.261041666666669,0,True,12.72,12.287812500000001,0,True,13.91,12.307916666666666,0,True
2026-08-12T02:45:00Z,2,Nablus,2-1,11.89,12.2728125,0,True,14.38,12.311666666666666,0,True,14.63,12.325520833333334,0,True
2026-08-12T03:00:00Z,2,Nablus,2-1,11.09,12.278541666666667,0,True,12.73,12.313020833333333,0,True,15.63,12.354583333333332,0,True
2026-08-12T03:15:00Z,2,Nablus,2-1,10.53,12.274583333333334,0,True,11.99,12.313645833333332,0,True,14.31,12.367916666666666,0,True
2026-08-12T03:30:00Z,2,Nablus,2-1,10.99,12.274791666666667,0,True,12.07,12.315416666666666,0,True,14.05,12.383645833333333,0,True
2026-08-12T03:45:00Z,2,Nablus,2-1,11.25,12.271875000000001,0,True,11.67,12.305520833333333,0,True,14.51,12.400729166666665,0,True
2026-08-12T04:00:00Z,2,Nablus,2-1,12.55,12.2828125,0,True,11.38,12.291458333333333,0,True,15.25,12.431458333333332,0,True
2026-08-12T04:15:00Z,2,Nablus,2-1,11.76,12.283020833333333,0,True,12.1,12.292604166666665,0,True,15.67,12.4659375,0,True
2026-08-12T04:30:00Z,2,Nablus,2-1,12.72,12.287812500000001,0,True,11.63,12.290520833333334,0,True,15.74,12.4784375,0,True
2026-08-12T04:45:00Z,2,Nablus,2-1,14.38,12.311666666666666,0,True,11.84,12.292083333333332,0,True,15.57,12.456249999999999,0,True
2026-08-12T05:00:00Z,2,Nablus,2-1,12.73,12.313020833333333,0,True,14.23,12.309062500000001,0,True,14.97,12.469166666666666,0,True
2026-08-12T05:15:00Z,2,Nablus,2-1,11.99,12.313645833333332,0,True,13.1,12.304583333333333,0,True,13.52,12.479583333333332,0,True
2026-08-12T05:30:00Z,2,Nablus,2-1,12.07,12.315416666666666,0,True,13.91,12.307916666666666,0,True,13.61,12.495937500000002,0,True
2026-08-12T05:45:00Z,2,Nablus,2-1,11.67,12.305520833333333,0,True,14.63,12.325520833333334,0,True,13.45,12.5071875,0,True
2026-08-12T06:00:00Z,2,Nablus,2-1,11.38,12.291458333333333,0,True,15.63,12.354583333333332,0,True,13.19,12.520729166666667,0,True
2026-08-12T06:15:00Z,2,Nablus,2-1,12.1,12.292604166666665,0,True,14.31,12.367916666666666,0,True,13.34,12.532395833333334,0,True
2026-08-12T06:30:00Z,2,Nablus,2-1,11.63,12.290520833333334,0,True,14.05,12.383645833333333,0,True,13.09,12.545104166666667,0,True
2026-08-12T06:45:00Z,2,Nablus,2-1,11.84,12.292083333333332,0,True,14.51,12.400729166666665,0,True,13.59,12.566249999999998,0,True
2026-08-12T07:00:00Z,2,Nablus,2-1,14.23,12.309062500000001,0,True,15.25,12.431458333333332,0,True,12.95,12.580833333333333,0,True
2026-08-12T07:15:00Z,2,Nablus,2-1,13.1,12.304583333333333,0,True,15.67,12.4659375,0,True,12.97,12.590416666666668,0,True
2026-08-12T07:30:00Z,2,Nablus,2-1,13.91,12.307916666666666,0,True,15.74,12.4784375,0,True,13.33,12.608749999999999,0,True
2026-08-12T07:45:00Z,2,Nablus,2-1,14.63,12.325520833333334,0,True,15.57,12.456249999999999,0,True,12.97,12.626666666666665,0,True
2026-08-12T08:00:00Z,2,Nablus,2-1,15.63,12.354583333333332,0,True,14.97,12.469166666666666,0,True,13.18,12.653125000000001,0,True
2026-08-12T08:15:00Z,2,Nablus,2-1,14.31,12.367916666666666,0,True,13.52,12.479583333333332,0,True,12.3,12.674166666666666,0,True
2026-08-12T08:30:00Z,2,Nablus,2-1,14.05,12.383645833333333,0,True,13.61,12.495937500000002,0,True,13.12,12.702916666666667,0,True
2026-08-12T08:45:00Z,2,Nablus,2-1,14.51,12.400729166666665,0,True,13.45,12.5071875,0,True,13.61,12.729270833333333,0,True
2026-08-12T09:00:00Z,2,Nablus,2-1,15.25,12.431458333333332,0,True,13.19,12.520729166666667,0,True,12.66,12.735312500000001,0,True
2026-08-12T09:15:00Z,2,Nablus,2-1,15.67,12.4659375,0,True,13.34,12.532395833333334,0,True,12.55,12.7440625,0,True
2026-08-12T09:30:00Z,2,Nablus,2-1,15.74,12.4784375,0,True,13.09,12.545104166666667,0,True,12.13,12.730729166666665,0,True
2026-08-12T09:45:00Z,2,Nablus,2-1,15.57,12.456249999999999,0,True,13.59,12.566249999999998,0,True,12.41,12.719583333333333,0,True
2026-08-12T10:00:00Z,2,Nablus,2-1,14.97,12.469166666666666,0,True,12.95,12.580833333333333,0,True,12.74,12.722812500000002,0,True
2026-08-12T10:15:00Z,2,Nablus,2-1,13.52,12.479583333333332,0,True,12.97,12.590416666666668,0,True,13.39,12.739270833333334,0,True
2026-08-12T10:30:00Z,2,Nablus,2-1,13.61,12.495937500000002,0,True,13.33,12.608749999999999,0,True,14.44,12.75625,0,True
2026-08-12T10:45:00Z,2,Nablus,2-1,13.45,12.5071875,0,True,12.97,12.626666666666665,0,True,15.65,12.787812500000001,0,True
2026-08-12T11:00:00Z,2,Nablus,2-1,13.19,12.520729166666667,0,True,13.18,12.653125000000001,0,True,16.63,12.819895833333334,0,True
2026-08-12T11:15:00Z,2,Nablus,2-1,13.34,12.532395833333334,0,True,12.3,12.674166666666666,0,True,17.24,12.854375,0,True
2026-08-12T11:30:00Z,2,Nablus,2-1,13.09,12.545104166666667,0,True,13.12,12.702916666666667,0,True,18.81,12.908645833333333,0,True
2026-08-12T11:45:00Z,2,Nablus,2-1,13.59,12.566249999999998,0,True,13.61,12.729270833333333,0,True,18.38,12.957187499999998,0,True
2026-08-12T12:00:00Z,2,Nablus,2-1,12.95,12.580833333333333,0,True,12.66,12.735312500000001,0,True,18.31,13.000208333333333,0,True
2026-08-12T12:15:00Z,2,Nablus,2-1,12.97,12.590416666666668,0,True,12.55,12.7440625,0,True,19.29,13.045312500000001,0,True
2026-08-12T12:30:00Z,2,Nablus,2-1,13.33,12.608749999999999,0,True,12.13,12.730729166666665,0,True,20.33,13.10875,0,True
2026-08-12T12:45:00Z,2,Nablus,2-1,12.97,12.626666666666665,0,True,12.41,12.719583333333333,0,True,20.73,13.176562500000001,0,True
2026-08-12T13:00:00Z,2,Nablus,2-1,13.18,12.653125000000001,0,True,12.74,12.722812500000002,0,True,19.19,13.223541666666668,0,True
2026-08-12T13:15:00Z,2,Nablus,2-1,12.3,12.674166666666666,0,True,13.39,12.739270833333334,0,True,20.3,13.297604166666666,0,True
2026-08-12T13:30:00Z,2,Nablus,2-1,13.12,12.702916666666667,0,True,14.44,12.75625,0,True,16.61,13.331874999999998,0,True
2026-08-12T13:45:00Z,2,Nablus,2-1,13.61,12.729270833333333,0,True,15.65,12.787812500000001,0,True,13.97,13.335833333333333,0,True
2026-08-12T14:00:00Z,2,Nablus,2-1,12.66,12.735312500000001,0,True,16.63,12.819895833333334,0,True,12.75,13.331770833333332,0,True
2026-08-12T14:15:00Z,2,Nablus,2-1,12.55,12.7440625,0,True,17.24,12.854375,0,True,13.61,13.33,0,True
2026-08-12T14:30:00Z,2,Nablus,2-1,12.13,12.730729166666665,0,True,18.81,12.908645833333333,0,True,13.5,13.340000000000002,0,True
2026-08-12T14:45:00Z,2,Nablus,2-1,12.41,12.719583333333333,0,True,18.38,12.957187499999998,0,True,12.18,13.332916666666668,0,True
2026-08-12T15:00:00Z,2,Nablus,2-1,12.74,12.722812500000002,0,True,18.31,13.000208333333333,0,True,11.85,13.318229166666669,0,True
2026-08-12T15:15:00Z,2,Nablus,2-1,13.39,12.739270833333334,0,True,19.29,13.045312500000001,0,True,11.32,13.301041666666668,0,True
2026-08-12T15:30:00Z,2,Nablus,2-1,14.44,12.75625,0,True,20.33,13.10875,0,True,11.44,13.285833333333334,0,True
2026-08-12T15:45:00Z,2,Nablus,2-1,15.65,12.787812500000001,0,True,20.73,13.176562500000001,0,True,11.14,13.265416666666667,0,True
2026-08-12T16:00:00Z,2,Nablus,2-1,16.63,12.819895833333334,0,True,19.19,13.223541666666668,0,True,12.62,13.265520833333333,0,True
2026-08-12T16:15:00Z,2,Nablus,2-1,17.24,12.854375,0,True,20.3,13.297604166666666,0,True,12.96,13.267916666666666,0,True
2026-08-12T16:30:00Z,2,Nablus,2-1,18.81,12.908645833333333,0,True,16.61,13.331874999999998,0,True,13.35,13.274895833333334,0,True
2026-08-12T16:45:00Z,2,Nablus,2-1,18.38,12.957187499999998,0,True,13.97,13.335833333333333,0,True,13.35,13.285208333333332,0,True
2026-08-12T17:00:00Z,2,Nablus,2-1,18.31,13.000208333333333,0,True,12.75,13.331770833333332,0,True,13.54,13.299479166666666,0,True
2026-08-12T17:15:00Z,2,Nablus,2-1,19.29,13.045312500000001,0,True,13.61,13.33,0,True,14.22,13.322604166666665,0,True
2026-08-12T17:30:00Z,2,Nablus,2-1,20.33,13.10875,0,True,13.5,13.340000000000002,0,True,13.9,13.351145833333334,0,True
2026-08-12T17:45:00Z,2,Nablus,2-1,20.73,13.176562500000001,0,True,12.18,13.332916666666668,0,True,14.21,13.390520833333333,0,True
2026-08-12T18:00:00Z,2,Nablus,2-1,19.19,13.223541666666668,0,True,11.85,13.318229166666669,0,True,13.96,13.421979166666667,0,True
2026-08-12T18:15:00Z,2,Nablus,2-1,20.3,13.297604166666666,0,True,11.32,13.301041666666668,0,True,14.21,13.455520833333333,0,True
2026-08-12T18:30:00Z,2,Nablus,2-1,16.61,13.331874999999998,0,True,11.44,13.285833333333334,0,True,14.55,13.495833333333335,0,True
2026-08-12T18:45:00Z,2,Nablus,2-1,13.97,13.335833333333333,0,True,11.14,13.265416666666667,0,True,15.02,13.5396875,0,True
2026-08-12T19:00:00Z,2,Nablus,2-1,12.75,13.331770833333332,0,True,12.62,13.265520833333333,0,True,15.26,13.589166666666666,0,True
2026-08-12T19:15:00Z,2,Nablus,2-1,13.61,13.33,0,True,12.96,13.267916666666666,0,True,15.59,13.637500000000001,0,True
2026-08-12T19:30:00Z,2,Nablus,2-1,13.5,13.340000000000002,0,True,13.35,13.274895833333334,0,True,16.06,13.698541666666666,0,True
2026-08-12T19:45:00Z,2,Nablus,2-1,12.18,13.332916666666668,0,True,13.35,13.285208333333332,0,True,15.58,13.750729166666666,0,True
2026-08-12T20:00:00Z,2,Nablus,2-1,11.85,13.318229166666669,0,True,13.54,13.299479166666666,0,True,15.74,13.793020833333335,0,True
2026-08-12T20:15:00Z,2,Nablus,2-1,11.32,13.301041666666668,0,True,14.22,13.322604166666665,0,True,16.63,13.857708333333333,0,True
2026-08-12T20:30:00Z,2,Nablus,2-1,11.44,13.285833333333334,0,True,13.9,13.351145833333334,0,True,17.18,13.9215625,0,True
2026-08-12T20:45:00Z,2,Nablus,2-1,11.14,13.265416666666667,0,True,14.21,13.390520833333333,0,True,18.05,13.9984375,0,True
2026-08-12T21:00:00Z,2,Nablus,2-1,12.62,13.265520833333333,0,True,13.96,13.421979166666667,0,True,18.42,14.081041666666666,0,True
2026-08-12T21:15:00Z,2,Nablus,2-1,12.96,13.267916666666666,0,True,14.21,13.455520833333333,0,True,19.46,14.169791666666667,0,True
2026-08-12T21:30:00Z,2,Nablus,2-1,13.35,13.274895833333334,0,True,14.55,13.495833333333335,0,True,22.06,14.289895833333333,0,True
2026-08-12T21:45:00Z,2,Nablus,2-1,13.35,13.285208333333332,0,True,15.02,13.5396875,0,True,27.0,14.447291666666667,0,True
2026-08-12T22:00:00Z,2,Nablus,2-1,13.54,13.299479166666666,0,True,15.26,13.589166666666666,0,True,30.71,14.651666666666666,0,True
2026-08-12T22:15:00Z,2,Nablus,2-1,14.22,13.322604166666665,0,True,15.59,13.637500000000001,0,True,30.34,14.858020833333333,0,True
2026-08-12T22:30:00Z,2,Nablus,2-1,13.9,13.351145833333334,0,True,16.06,13.698541666666666,0,True,32.0,15.076875,1,True
2026-08-12T22:45:00Z,2,Nablus,2-1,14.21,13.390520833333333,0,True,15.58,13.750729166666666,0,True,30.96,15.2821875,1,True
2026-08-12T23:00:00Z,2,Nablus,2-1,13.96,13.421979166666667,0,True,15.74,13.793020833333335,0,True,28.4,15.447291666666667,1,True
2026-08-12T23:15:00Z,2,Nablus,2-1,14.21,13.455520833333333,0,True,16.63,13.857708333333333,0,True,26.16,15.597291666666665,1,True
2026-08-12T23:30:00Z,2,Nablus,2-1,14.55,13.495833333333335,0,True,17.18,13.9215625,0,True,24.37,15.718645833333333,1,True
2026-08-12T23:45:00Z,2,Nablus,2-1,15.02,13.5396875,0,True,18.05,13.9984375,0,True,23.91,15.817916666666667,1,True
2026-08-13T00:00:00Z,2,Nablus,2-1,15.26,13.589166666666666,0,True,18.42,14.081041666666666,0,True,23.27,15.927708333333333,1,True
2026-08-13T00:15:00Z,2,Nablus,2-1,15.59,13.637500000000001,0,True,19.46,14.169791666666667,0,True,22.65,16.03875,1,True
2026-08-13T00:30:00Z,2,Nablus,2-1,16.06,13.698541666666666,0,True,22.06,14.289895833333333,0,True,22.95,16.152083333333334,1,True
2026-08-13T00:45:00Z,2,Nablus,2-1,15.58,13.750729166666666,0,True,27.0,14.447291666666667,0,True,22.38,16.26364583333333,1,True
2026-08-13T01:00:00Z,2,Nablus,2-1,15.74,13.793020833333335,0,True,30.71,14.651666666666666,0,True,21.48,16.368854166666665,1,True
2026-08-13T01:15:00Z,2,Nablus,2-1,16.63,13.857708333333333,0,True,30.34,14.858020833333333,0,True,19.36,16.444479166666667,1,True
2026-08-13T01:30:00Z,2,Nablus,2-1,17.18,13.9215625,0,True,32.0,15.076875,1,True,20.96,16.541666666666668,1,True
2026-08-13T01:45:00Z,2,Nablus,2-1,18.05,13.9984375,0,True,30.96,15.2821875,1,True,20.32,16.63,1,True
2026-08-13T02:00:00Z,2,Nablus,2-1,18.42,14.081041666666666,0,True,28.4,15.447291666666667,1,True,18.54,16.674895833333334,1,True
2026-08-13T02:15:00Z,2,Nablus,2-1,19.46,14.169791666666667,0,True,26.16,15.597291666666665,1,True,18.83,16.734583333333333,1,True
2026-08-13T02:30:00Z,2,Nablus,2-1,22.06,14.289895833333333,0,True,24.37,15.718645833333333,1,True,18.68,16.784270833333334,1,True
2026-08-13T02:45:00Z,2,Nablus,2-1,27.0,14.447291666666667,0,True,23.91,15.817916666666667,1,True,17.74,16.816666666666666,1,True
2026-08-13T03:00:00Z,2,Nablus,2-1,30.71,14.651666666666666,0,True,23.27,15.927708333333333,1,True,18.9,16.850729166666667,1,True
2026-08-13T03:15:00Z,2,Nablus,2-1,30.34,14.858020833333333,0,True,22.65,16.03875,1,True,17.88,16.887916666666666,1,True
2026-08-13T03:30:00Z,2,Nablus,2-1,32.0,15.076875,1,True,22.95,16.152083333333334,1,True,19.19,16.941458333333333,1,True
2026-08-13T03:45:00Z,2,Nablus,2-1,30.96,15.2821875,1,True,22.38,16.26364583333333,1,True,19.75,16.996041666666667,1,True
2026-08-13T04:00:00Z,2,Nablus,2-1,28.4,15.447291666666667,1,True,21.48,16.368854166666665,1,True,20.8,17.053854166666667,1,True
2026-08-13T04:15:00Z,2,Nablus,2-1,26.16,15.597291666666665,1,True,19.36,16.444479166666667,1,True,18.57,17.084062499999998,1,True
2026-08-13T04:30:00Z,2,Nablus,2-1,24.37,15.718645833333333,1,True,20.96,16.541666666666668,1,True,15.34,17.079895833333335,1,True
2026-08-13T04:45:00Z,2,Nablus,2-1,23.91,15.817916666666667,1,True,20.32,16.63,1,True,16.38,17.088333333333335,1,True
2026-08-13T05:00:00Z,2,Nablus,2-1,23.27,15.927708333333333,1,True,18.54,16.674895833333334,1,True,15.92,17.098229166666666,1,True
2026-08-13T05:15:00Z,2,Nablus,2-1,22.65,16.03875,1,True,18.83,16.734583333333333,1,True,15.84,17.122395833333332,1,True
2026-08-13T05:30:00Z,2,Nablus,2-1,22.95,16.152083333333334,1,True,18.68,16.784270833333334,1,True,15.68,17.143958333333334,1,True
2026-08-13T05:45:00Z,2,Nablus,2-1,22.38,16.26364583333333,1,True,17.74,16.816666666666666,1,True,16.99,17.180833333333332,1,True
2026-08-13T06:00:00Z,2,Nablus,2-1,21.48,16.368854166666665,1,True,18.9,16.850729166666667,1,True,16.66,17.21697916666667,1,True
2026-08-13T06:15:00Z,2,Nablus,2-1,19.36,16.444479166666667,1,True,17.88,16.887916666666666,1,True,16.16,17.246354166666666,1,True
2026-08-13T06:30:00Z,2,Nablus,2-1,20.96,16.541666666666668,1,True,19.19,16.941458333333333,1,True,16.5,17.281875,1,True
2026-08-13T06:45:00Z,2,Nablus,2-1,20.32,16.63,1,True,19.75,16.996041666666667,1,True,15.63,17.303125,1,True
2026-08-13T07:00:00Z,2,Nablus,2-1,18.54,16.674895833333334,1,True,20.8,17.053854166666667,1,True,16.35,17.338541666666668,1,True
2026-08-13T07:15:00Z,2,Nablus,2-1,18.83,16.734583333333333,1,True,18.57,17.084062499999998,1,True,16.72,17.377604166666668,1,True
2026-08-13T07:30:00Z,2,Nablus,2-1,18.68,16.784270833333334,1,True,15.34,17.079895833333335,1,True,17.15,17.417395833333334,1,True
2026-08-13T07:45:00Z,2,Nablus,2-1,17.74,16.816666666666666,1,True,16.38,17.088333333333335,1,True,17.85,17.468229166666667,1,True
2026-08-13T08:00:00Z,2,Nablus,2-1,18.9,16.850729166666667,1,True,15.92,17.098229166666666,1,True,18.82,17.526979166666667,1,True
2026-08-13T08:15:00Z,2,Nablus,2-1,17.88,16.887916666666666,1,True,15.84,17.122395833333332,1,True,18.52,17.59177083333333,1,True
2026-08-13T08:30:00Z,2,Nablus,2-1,19.19,16.941458333333333,1,True,15.68,17.143958333333334,1,True,19.09,17.653958333333332,1,True
2026-08-13T08:45:00Z,2,Nablus,2-1,19.75,16.996041666666667,1,True,16.99,17.180833333333332,1,True,19.26,17.712812500000002,1,True
2026-08-13T09:00:00Z,2,Nablus,2-1,20.8,17.053854166666667,1,True,16.66,17.21697916666667,1,True,19.77,17.786875,1,True
2026-08-13T09:15:00Z,2,Nablus,2-1,18.57,17.084062499999998,1,True,16.16,17.246354166666666,1,True,19.69,17.861250000000002,1,True
2026-08-13T09:30:00Z,2,Nablus,2-1,15.34,17.079895833333335,1,True,16.5,17.281875,1,True,20.35,17.946875000000002,1,True
2026-08-13T09:45:00Z,2,Nablus,2-1,16.38,17.088333333333335,1,True,15.63,17.303125,1,True,20.21,18.028125,1,True
2026-08-13T10:00:00Z,2,Nablus,2-1,15.92,17.098229166666666,1,True,16.35,17.338541666666668,1,True,21.69,18.121354166666666,1,True
2026-08-13T10:15:00Z,2,Nablus,2-1,15.84,17.122395833333332,1,True,16.72,17.377604166666668,1,True,26.96,18.262708333333332,1,True
2026-08-13T10:30:00Z,2,Nablus,2-1,15.68,17.143958333333334,1,True,17.15,17.417395833333334,1,True,26.85,18.39197916666667,1,True
2026-08-13T10:45:00Z,2,Nablus,2-1,16.99,17.180833333333332,1,True,17.85,17.468229166666667,1,True,27.9,18.519583333333333,1,True
2026-08-13T11:00:00Z,2,Nablus,2-1,16.66,17.21697916666667,1,True,18.82,17.526979166666667,1,True,30.07,18.659583333333334,1,True
2026-08-13T11:15:00Z,2,Nablus,2-1,16.16,17.246354166666666,1,True,18.52,17.59177083333333,1,True,29.19,18.7840625,1,True
2026-08-13T11:30:00Z,2,Nablus,2-1,16.5,17.281875,1,True,19.09,17.653958333333332,1,True,30.78,18.90875,1,True
2026-08-13T11:45:00Z,2,Nablus,2-1,15.63,17.303125,1,True,19.26,17.712812500000002,1,True,30.09,19.030729166666667,1,True
2026-08-13T12:00:00Z,2,Nablus,2-1,16.35,17.338541666666668,1,True,19.77,17.786875,1,True,28.79,19.139895833333334,1,True
2026-08-13T12:15:00Z,2,Nablus,2-1,16.72,17.377604166666668,1,True,19.69,17.861250000000002,1,True,29.18,19.242916666666666,1,True
2026-08-13T12:30:00Z,2,Nablus,2-1,17.15,17.417395833333334,1,True,20.35,17.946875000000002,1,True,29.14,19.334687499999998,1,True
2026-08-13T12:45:00Z,2,Nablus,2-1,17.85,17.468229166666667,1,True,20.21,18.028125,1,True,31.86,19.450625,1,True
2026-08-13T13:00:00Z,2,Nablus,2-1,18.82,17.526979166666667,1,True,21.69,18.121354166666666,1,True,32.15,19.585624999999997,1,True
2026-08-13T13:15:00Z,2,Nablus,2-1,18.52,17.59177083333333,1,True,26.96,18.262708333333332,1,True,30.94,19.696458333333332,1,True
2026-08-13T13:30:00Z,2,Nablus,2-1,19.09,17.653958333333332,1,True,26.85,18.39197916666667,1,True,29.74,19.833229166666666,1,True
2026-08-13T13:45:00Z,2,Nablus,2-1,19.26,17.712812500000002,1,True,27.9,18.519583333333333,1,True,29.04,19.99020833333333,1,True
2026-08-13T14:00:00Z,2,Nablus,2-1,19.77,17.786875,1,True,30.07,18.659583333333334,1,True,28.39,20.153125,1,True
2026-08-13T14:15:00Z,2,Nablus,2-1,19.69,17.861250000000002,1,True,29.19,18.7840625,1,True,28.1,20.304062499999997,1,True
2026-08-13T14:30:00Z,2,Nablus,2-1,20.35,17.946875000000002,1,True,30.78,18.90875,1,True,28.86,20.4640625,1,True
2026-08-13T14:45:00Z,2,Nablus,2-1,20.21,18.028125,1,True,30.09,19.030729166666667,1,True,29.59,20.645416666666666,1,True
2026-08-13T15:00:00Z,2,Nablus,2-1,21.69,18.121354166666666,1,True,28.79,19.139895833333334,1,True,29.14,20.825520833333332,1,True
2026-08-13T15:15:00Z,2,Nablus,2-1,26.96,18.262708333333332,1,True,29.18,19.242916666666666,1,True,29.14,21.011145833333334,1,True
2026-08-13T15:30:00Z,2,Nablus,2-1,26.85,18.39197916666667,1,True,29.14,19.334687499999998,1,True,30.42,21.208854166666665,1,True
2026-08-13T15:45:00Z,2,Nablus,2-1,27.9,18.519583333333333,1,True,31.86,19.450625,1,True,30.91,21.41479166666667,1,True
2026-08-13T16:00:00Z,2,Nablus,2-1,30.07,18.659583333333334,1,True,32.15,19.585624999999997,1,True,29.34,21.588958333333334,1,True
2026-08-13T16:15:00Z,2,Nablus,2-1,29.19,18.7840625,1,True,30.94,19.696458333333332,1,True,31.86,21.785833333333333,1,True
2026-08-13T16:30:00Z,2,Nablus,2-1,30.78,18.90875,1,True,29.74,19.833229166666666,1,True,30.14,21.960729166666667,1,True
2026-08-13T16:45:00Z,2,Nablus,2-1,30.09,19.030729166666667,1,True,29.04,19.99020833333333,1,True,31.55,22.150312500000002,1,True
2026-08-13T17:00:00Z,2,Nablus,2-1,28.79,19.139895833333334,1,True,28.39,20.153125,1,True,32.65,22.349375,1,True
2026-08-13T17:15:00Z,2,Nablus,2-1,29.18,19.242916666666666,1,True,28.1,20.304062499999997,1,True,33.35,22.548645833333335,1,True
2026-08-13T17:30:00Z,2,Nablus,2-1,29.14,19.334687499999998,1,True,28.86,20.4640625,1,True,34.06,22.758645833333333,1,True
2026-08-13T17:45:00Z,2,Nablus,2-1,31.86,19.450625,1,True,29.59,20.645416666666666,1,True,32.73,22.951562500000005,1,True
2026-08-13T18:00:00Z,2,Nablus,2-1,32.15,19.585624999999997,1,True,29.14,20.825520833333332,1,True,32.8,23.1478125,1,True
2026-08-13T18:15:00Z,2,Nablus,2-1,30.94,19.696458333333332,1,True,29.14,21.011145833333334,1,True,33.05,23.344062500000003,1,True
2026-08-13T18:30:00Z,2,Nablus,2-1,29.74,19.833229166666666,1,True,30.42,21.208854166666665,1,True,32.06,23.526458333333334,1,True
2026-08-13T18:45:00Z,2,Nablus,2-1,29.04,19.99020833333333,1,True,30.91,21.41479166666667,1,True,31.73,23.700520833333332,1,True
2026-08-13T19:00:00Z,2,Nablus,2-1,28.39,20.153125,1,True,29.34,21.588958333333334,1,True,31.68,23.8715625,1,True
2026-08-13T19:15:00Z,2,Nablus,2-1,28.1,20.304062499999997,1,True,31.86,21.785833333333333,1,True,30.96,24.031666666666666,1,True
2026-08-13T19:30:00Z,2,Nablus,2-1,28.86,20.4640625,1,True,30.14,21.960729166666667,1,True,31.51,24.19260416666667,1,True
2026-08-13T19:45:00Z,2,Nablus,2-1,29.59,20.645416666666666,1,True,31.55,22.150312500000002,1,True,31.67,24.360208333333336,1,True
2026-08-13T20:00:00Z,2,Nablus,2-1,29.14,20.825520833333332,1,True,32.65,22.349375,1,True,32.96,24.53958333333333,1,True
2026-08-13T20:15:00Z,2,Nablus,2-1,29.14,21.011145833333334,1,True,33.35,22.548645833333335,1,True,35.11,24.732083333333332,1,True
2026-08-13T20:30:00Z,2,Nablus,2-1,30.42,21.208854166666665,1,True,34.06,22.758645833333333,1,True,35.66,24.924583333333334,1,True
2026-08-13T20:45:00Z,2,Nablus,2-1,30.91,21.41479166666667,1,True,32.73,22.951562500000005,1,True,35.51,25.106458333333332,1,True
2026-08-13T21:00:00Z,2,Nablus,2-1,29.34,21.588958333333334,1,True,32.8,23.1478125,1,True,36.98,25.299791666666668,1,True
2026-08-13T21:15:00Z,2,Nablus,2-1,31.86,21.785833333333333,1,True,33.05,23.344062500000003,1,True,36.32,25.47541666666667,1,True
2026-08-13T21:30:00Z,2,Nablus,2-1,30.14,21.960729166666667,1,True,32.06,23.526458333333334,1,True,35.55,25.6159375,1,True
2026-08-13T21:45:00Z,2,Nablus,2-1,31.55,22.150312500000002,1,True,31.73,23.700520833333332,1,True,35.91,25.708750000000006,1,True
2026-08-13T22:00:00Z,2,Nablus,2-1,32.65,22.349375,1,True,31.68,23.8715625,1,True,36.36,25.76760416666667,1,True
2026-08-13T22:15:00Z,2,Nablus,2-1,33.35,22.548645833333335,1,True,30.96,24.031666666666666,1,True,36.59,25.832708333333333,1,True
2026-08-13T22:30:00Z,2,Nablus,2-1,34.06,22.758645833333333,1,True,31.51,24.19260416666667,1,True,35.96,25.873958333333334,1,True
2026-08-13T22:45:00Z,2,Nablus,2-1,32.73,22.951562500000005,1,True,31.67,24.360208333333336,1,True,33.02,25.895416666666666,1,True
2026-08-13T23:00:00Z,2,Nablus,2-1,32.8,23.1478125,1,True,32.96,24.53958333333333,1,True,31.88,25.93166666666667,1,True
2026-08-13T23:15:00Z,2,Nablus,2-1,33.05,23.344062500000003,1,True,35.11,24.732083333333332,1,True,30.84,25.980416666666667,1,True
2026-08-13T23:30:00Z,2,Nablus,2-1,32.06,23.526458333333334,1,True,35.66,24.924583333333334,1,True,29.28,26.031562500000003,1,True
2026-08-13T23:45:00Z,2,Nablus,2-1,31.73,23.700520833333332,1,True,35.51,25.106458333333332,1,True,27.55,26.069479166666667,1,True
2026-08-14T00:00:00Z,2,Nablus,2-1,31.68,23.8715625,1,True,36.98,25.299791666666668,1,True,26.57,26.103854166666665,1,True
2026-08-14T00:15:00Z,2,Nablus,2-1,30.96,24.031666666666666,1,True,36.32,25.47541666666667,1,True,25.32,26.131666666666664,1,True
2026-08-14T00:30:00Z,2,Nablus,2-1,31.51,24.19260416666667,1,True,35.55,25.6159375,1,True,24.07,26.14333333333333,1,True
2026-08-14T00:45:00Z,2,Nablus,2-1,31.67,24.360208333333336,1,True,35.91,25.708750000000006,1,True,23.87,26.158854166666668,1,True
2026-08-14T01:00:00Z,2,Nablus,2-1,32.96,24.53958333333333,1,True,36.36,25.76760416666667,1,True,23.73,26.182291666666668,1,True
2026-08-14T01:15:00Z,2,Nablus,2-1,35.11,24.732083333333332,1,True,36.59,25.832708333333333,1,True,22.4,26.213958333333334,1,True
2026-08-14T01:30:00Z,2,Nablus,2-1,35.66,24.924583333333334,1,True,35.96,25.873958333333334,1,True,22.25,26.227395833333333,1,True
2026-08-14T01:45:00Z,2,Nablus,2-1,35.51,25.106458333333332,1,True,33.02,25.895416666666666,1,True,22.12,26.246145833333333,1,True
2026-08-14T02:00:00Z,2,Nablus,2-1,36.98,25.299791666666668,1,True,31.88,25.93166666666667,1,True,22.8,26.290520833333332,1,True
2026-08-14T02:15:00Z,2,Nablus,2-1,36.32,25.47541666666667,1,True,30.84,25.980416666666667,1,True,22.44,26.328125,1,True
2026-08-14T02:30:00Z,2,Nablus,2-1,35.55,25.6159375,1,True,29.28,26.031562500000003,1,True,23.34,26.376666666666665,1,True
2026-08-14T02:45:00Z,2,Nablus,2-1,35.91,25.708750000000006,1,True,27.55,26.069479166666667,1,True,24.07,26.442604166666666,1,True
2026-08-14T03:00:00Z,2,Nablus,2-1,36.36,25.76760416666667,1,True,26.57,26.103854166666665,1,True,24.87,26.504791666666666,1,True
2026-08-14T03:15:00Z,2,Nablus,2-1,36.59,25.832708333333333,1,True,25.32,26.131666666666664,1,True,21.79,26.54552083333333,1,True
2026-08-14T03:30:00Z,2,Nablus,2-1,35.96,25.873958333333334,1,True,24.07,26.14333333333333,1,True,21.8,26.572708333333335,1,True
2026-08-14T03:45:00Z,2,Nablus,2-1,33.02,25.895416666666666,1,True,23.87,26.158854166666668,1,True,20.78,26.583437500000002,1,True
2026-08-14T04:00:00Z,2,Nablus,2-1,31.88,25.93166666666667,1,True,23.73,26.182291666666668,1,True,19.86,26.573645833333334,1,True
2026-08-14T04:15:00Z,2,Nablus,2-1,30.84,25.980416666666667,1,True,22.4,26.213958333333334,1,True,19.57,26.584062499999998,1,True
2026-08-14T04:30:00Z,2,Nablus,2-1,29.28,26.031562500000003,1,True,22.25,26.227395833333333,1,True,19.93,26.631875000000004,1,True
2026-08-14T04:45:00Z,2,Nablus,2-1,27.55,26.069479166666667,1,True,22.12,26.246145833333333,1,True,20.58,26.675625,1,True
2026-08-14T05:00:00Z,2,Nablus,2-1,26.57,26.103854166666665,1,True,22.8,26.290520833333332,1,True,20.83,26.726770833333333,1,True
2026-08-14T05:15:00Z,2,Nablus,2-1,25.32,26.131666666666664,1,True,22.44,26.328125,1,True,20.78,26.778229166666666,1,True
2026-08-14T05:30:00Z,2,Nablus,2-1,24.07,26.14333333333333,1,True,23.34,26.376666666666665,1,True,21.45,26.838333333333335,1,True
2026-08-14T05:45:00Z,2,Nablus,2-1,23.87,26.158854166666668,1,True,24.07,26.442604166666666,1,True,21.18,26.881979166666667,1,True
2026-08-14T06:00:00Z,2,Nablus,2-1,23.73,26.182291666666668,1,True,24.87,26.504791666666666,1,True,20.96,26.926770833333332,1,True
2026-08-14T06:15:00Z,2,Nablus,2-1,22.4,26.213958333333334,1,True,21.79,26.54552083333333,1,True,21.8,26.985520833333336,1,True
2026-08-14T06:30:00Z,2,Nablus,2-1,22.25,26.227395833333333,1,True,21.8,26.572708333333335,1,True,21.24,27.034895833333334,1,True
2026-08-14T06:45:00Z,2,Nablus,2-1,22.12,26.246145833333333,1,True,20.78,26.583437500000002,1,True,21.28,27.09375,1,True
2026-08-14T07:00:00Z,2,Nablus,2-1,22.8,26.290520833333332,1,True,19.86,26.573645833333334,1,True,20.56,27.137604166666666,1,True
2026-08-14T07:15:00Z,2,Nablus,2-1,22.44,26.328125,1,True,19.57,26.584062499999998,1,True,21.01,27.182291666666668,1,True
2026-08-14T07:30:00Z,2,Nablus,2-1,23.34,26.376666666666665,1,True,19.93,26.631875000000004,1,True,20.64,27.218645833333337,1,True
2026-08-14T07:45:00Z,2,Nablus,2-1,24.07,26.442604166666666,1,True,20.58,26.675625,1,True,20.14,27.242500000000003,1,True
2026-08-14T08:00:00Z,2,Nablus,2-1,24.87,26.504791666666666,1,True,20.83,26.726770833333333,1,True,20.23,27.2571875,1,True
2026-08-14T08:15:00Z,2,Nablus,2-1,21.79,26.54552083333333,1,True,20.78,26.778229166666666,1,True,20.31,27.275833333333335,1,True
2026-08-14T08:30:00Z,2,Nablus,2-1,21.8,26.572708333333335,1,True,21.45,26.838333333333335,1,True,21.46,27.300520833333334,1,True
2026-08-14T08:45:00Z,2,Nablus,2-1,20.78,26.583437500000002,1,True,21.18,26.881979166666667,1,True,21.86,27.32760416666667,1,True
2026-08-14T09:00:00Z,2,Nablus,2-1,19.86,26.573645833333334,1,True,20.96,26.926770833333332,1,True,22.47,27.355729166666666,1,True
2026-08-14T09:15:00Z,2,Nablus,2-1,19.57,26.584062499999998,1,True,21.8,26.985520833333336,1,True,21.76,27.377291666666668,1,True
2026-08-14T09:30:00Z,2,Nablus,2-1,19.93,26.631875000000004,1,True,21.24,27.034895833333334,1,True,22.01,27.39458333333333,1,True
2026-08-14T09:45:00Z,2,Nablus,2-1,20.58,26.675625,1,True,21.28,27.09375,1,True,23.48,27.428645833333334,1,True
2026-08-14T10:00:00Z,2,Nablus,2-1,20.83,26.726770833333333,1,True,20.56,27.137604166666666,1,True,23.84,27.45104166666667,1,True
2026-08-14T10:15:00Z,2,Nablus,2-1,20.78,26.778229166666666,1,True,21.01,27.182291666666668,1,True,25.22,27.432916666666667,1,True
2026-08-14T10:30:00Z,2,Nablus,2-1,21.45,26.838333333333335,1,True,20.64,27.218645833333337,1,True,27.83,27.443125000000006,1,True
2026-08-14T10:45:00Z,2,Nablus,2-1,21.18,26.881979166666667,1,True,20.14,27.242500000000003,1,True,29.64,27.461250000000003,1,True
2026-08-14T11:00:00Z,2,Nablus,2-1,20.96,26.926770833333332,1,True,20.23,27.2571875,1,True,31.53,27.47645833333333,1,True
2026-08-14T11:15:00Z,2,Nablus,2-1,21.8,26.985520833333336,1,True,20.31,27.275833333333335,1,True,33.36,27.519895833333333,1,True
2026-08-14T11:30:00Z,2,Nablus,2-1,21.24,27.034895833333334,1,True,21.46,27.300520833333334,1,True,34.76,27.56135416666667,1,True
2026-08-14T11:45:00Z,2,Nablus,2-1,21.28,27.09375,1,True,21.86,27.32760416666667,1,True,35.85,27.621354166666666,1,True
2026-08-14T12:00:00Z,2,Nablus,2-1,20.56,27.137604166666666,1,True,22.47,27.355729166666666,1,True,37.6,27.713125,1,True
2026-08-14T12:15:00Z,2,Nablus,2-1,21.01,27.182291666666668,1,True,21.76,27.377291666666668,1,True,39.19,27.817395833333336,1,True
2026-08-14T12:30:00Z,2,Nablus,2-1,20.64,27.218645833333337,1,True,22.01,27.39458333333333,1,True,39.77,27.928124999999998,1,True
2026-08-14T12:45:00Z,2,Nablus,2-1,20.14,27.242500000000003,1,True,23.48,27.428645833333334,1,True,40.1,28.013958333333335,1,True
2026-08-14T13:00:00Z,2,Nablus,2-1,20.23,27.2571875,1,True,23.84,27.45104166666667,1,True,39.81,28.09375,1,True
2026-08-14T13:15:00Z,2,Nablus,2-1,20.31,27.275833333333335,1,True,25.22,27.432916666666667,1,True,39.67,28.1846875,1,True
2026-08-14T13:30:00Z,2,Nablus,2-1,21.46,27.300520833333334,1,True,27.83,27.443125000000006,1,True,39.47,28.286041666666666,1,True
2026-08-14T13:45:00Z,2,Nablus,2-1,21.86,27.32760416666667,1,True,29.64,27.461250000000003,1,True,40.54,28.405833333333334,1,True
2026-08-14T14:00:00Z,2,Nablus,2-1,22.47,27.355729166666666,1,True,31.53,27.47645833333333,1,True,39.0,28.51635416666667,1,True
2026-08-14T14:15:00Z,2,Nablus,2-1,21.76,27.377291666666668,1,True,33.36,27.519895833333333,1,True,35.38,28.592187499999998,1,True
2026-08-14T14:30:00Z,2,Nablus,2-1,22.01,27.39458333333333,1,True,34.76,27.56135416666667,1,True,34.29,28.648749999999996,1,True
2026-08-14T14:45:00Z,2,Nablus,2-1,23.48,27.428645833333334,1,True,35.85,27.621354166666666,1,True,34.4,28.698854166666663,1,True
2026-08-14T15:00:00Z,2,Nablus,2-1,23.84,27.45104166666667,1,True,37.6,27.713125,1,True,34.92,28.7590625,1,True
2026-08-14T15:15:00Z,2,Nablus,2-1,25.22,27.432916666666667,1,True,39.19,27.817395833333336,1,True,34.56,28.815520833333334,1,True
2026-08-14T15:30:00Z,2,Nablus,2-1,27.83,27.443125000000006,1,True,39.77,27.928124999999998,1,True,35.14,28.864687500000002,1,True
2026-08-14T15:45:00Z,2,Nablus,2-1,29.64,27.461250000000003,1,True,40.1,28.013958333333335,1,True,36.06,28.918333333333337,1,True
2026-08-14T16:00:00Z,2,Nablus,2-1,31.53,27.47645833333333,1,True,39.81,28.09375,1,True,37.17,28.99989583333333,1,True
2026-08-14T16:15:00Z,2,Nablus,2-1,33.36,27.519895833333333,1,True,39.67,28.1846875,1,True,38.49,29.06895833333333,1,True
2026-08-14T16:30:00Z,2,Nablus,2-1,34.76,27.56135416666667,1,True,39.47,28.286041666666666,1,True,40.02,29.171875,1,True
2026-08-14T16:45:00Z,2,Nablus,2-1,35.85,27.621354166666666,1,True,40.54,28.405833333333334,1,True,43.1,29.292187499999997,1,True
2026-08-14T17:00:00Z,2,Nablus,2-1,37.6,27.713125,1,True,39.0,28.51635416666667,1,True,42.57,29.395520833333336,1,True
2026-08-14T17:15:00Z,2,Nablus,2-1,39.19,27.817395833333336,1,True,35.38,28.592187499999998,1,True,40.94,29.47458333333333,1,True
2026-08-14T17:30:00Z,2,Nablus,2-1,39.77,27.928124999999998,1,True,34.29,28.648749999999996,1,True,42.12,29.558541666666667,1,True
2026-08-14T17:45:00Z,2,Nablus,2-1,40.1,28.013958333333335,1,True,34.4,28.698854166666663,1,True,40.7,29.641562499999996,1,True
2026-08-14T18:00:00Z,2,Nablus,2-1,39.81,28.09375,1,True,34.92,28.7590625,1,True,41.03,29.72729166666667,1,True
2026-08-14T18:15:00Z,2,Nablus,2-1,39.67,28.1846875,1,True,34.56,28.815520833333334,1,True,44.24,29.843854166666663,1,True
2026-08-14T18:30:00Z,2,Nablus,2-1,39.47,28.286041666666666,1,True,35.14,28.864687500000002,1,True,45.3,29.981770833333332,1,True
2026-08-14T18:45:00Z,2,Nablus,2-1,40.54,28.405833333333334,1,True,36.06,28.918333333333337,1,True,45.81,30.1284375,1,True
2026-08-14T19:00:00Z,2,Nablus,2-1,39.0,28.51635416666667,1,True,37.17,28.99989583333333,1,True,47.05,30.28854166666667,1,True
2026-08-14T19:15:00Z,2,Nablus,2-1,35.38,28.592187499999998,1,True,38.49,29.06895833333333,1,True,48.46,30.470833333333335,1,True
2026-08-14T19:30:00Z,2,Nablus,2-1,34.29,28.648749999999996,1,True,40.02,29.171875,1,True,48.09,30.643541666666664,1,True
2026-08-14T19:45:00Z,2,Nablus,2-1,34.4,28.698854166666663,1,True,43.1,29.292187499999997,1,True,48.56,30.819479166666664,1,True
2026-08-14T20:00:00Z,2,Nablus,2-1,34.92,28.7590625,1,True,42.57,29.395520833333336,1,True,46.57,30.961250000000003,1,True
2026-08-14T20:15:00Z,2,Nablus,2-1,34.56,28.815520833333334,1,True,40.94,29.47458333333333,1,True,48.22,31.097812500000003,1,True
2026-08-14T20:30:00Z,2,Nablus,2-1,35.14,28.864687500000002,1,True,42.12,29.558541666666667,1,True,48.61,31.23270833333333,1,True
2026-08-14T20:45:00Z,2,Nablus,2-1,36.06,28.918333333333337,1,True,40.7,29.641562499999996,1,True,42.89,31.309583333333336,1,True
2026-08-14T21:00:00Z,2,Nablus,2-1,37.17,28.99989583333333,1,True,41.03,29.72729166666667,1,True,41.74,31.359166666666667,1,True
2026-08-14T21:15:00Z,2,Nablus,2-1,38.49,29.06895833333333,1,True,44.24,29.843854166666663,1,True,40.86,31.406458333333333,1,True
2026-08-14T21:30:00Z,2,Nablus,2-1,40.02,29.171875,1,True,45.3,29.981770833333332,1,True,40.77,31.460833333333337,1,True
2026-08-14T21:45:00Z,2,Nablus,2-1,43.1,29.292187499999997,1,True,45.81,30.1284375,1,True,39.15,31.494583333333335,1,True
2026-08-14T22:00:00Z,2,Nablus,2-1,42.57,29.395520833333336,1,True,47.05,30.28854166666667,1,True,41.06,31.54354166666667,1,True
2026-08-14T22:15:00Z,2,Nablus,2-1,40.94,29.47458333333333,1,True,48.46,30.470833333333335,1,True,42.7,31.6071875,1,True
2026-08-14T22:30:00Z,2,Nablus,2-1,42.12,29.558541666666667,1,True,48.09,30.643541666666664,1,True,42.74,31.6778125,1,True
2026-08-14T22:45:00Z,2,Nablus,2-1,40.7,29.641562499999996,1,True,48.56,30.819479166666664,1,True,42.8,31.779687499999998,1,True
2026-08-14T23:00:00Z,2,Nablus,2-1,41.03,29.72729166666667,1,True,46.57,30.961250000000003,1,True,42.9,31.894479166666667,1,True
2026-08-14T23:15:00Z,2,Nablus,2-1,44.24,29.843854166666663,1,True,48.22,31.097812500000003,1,True,41.09,32.001250000000006,1,True
2026-08-14T23:30:00Z,2,Nablus,2-1,45.3,29.981770833333332,1,True,48.61,31.23270833333333,1,True,38.52,32.097500000000004,1,True
2026-08-14T23:45:00Z,2,Nablus,2-1,45.81,30.1284375,1,True,42.89,31.309583333333336,1,True,36.67,32.1925,1,True
2026-08-15T00:00:00Z,2,Nablus,2-1,47.05,30.28854166666667,1,True,41.74,31.359166666666667,1,True,35.25,32.28291666666667,1,True
2026-08-15T00:15:00Z,2,Nablus,2-1,48.46,30.470833333333335,1,True,40.86,31.406458333333333,1,True,33.72,32.370416666666664,1,True
2026-08-15T00:30:00Z,2,Nablus,2-1,48.09,30.643541666666664,1,True,40.77,31.460833333333337,1,True,32.43,32.4575,1,True
2026-08-15T00:45:00Z,2,Nablus,2-1,48.56,30.819479166666664,1,True,39.15,31.494583333333335,1,True,30.35,32.525,1,True
2026-08-15T01:00:00Z,2,Nablus,2-1,46.57,30.961250000000003,1,True,41.06,31.54354166666667,1,True,30.48,32.5953125,1,True
2026-08-15T01:15:00Z,2,Nablus,2-1,48.22,31.097812500000003,1,True,42.7,31.6071875,1,True,29.83,32.67270833333334,1,True
2026-08-15T01:30:00Z,2,Nablus,2-1,48.61,31.23270833333333,1,True,42.74,31.6778125,1,True,29.35,32.74666666666667,1,True
2026-08-15T01:45:00Z,2,Nablus,2-1,42.89,31.309583333333336,1,True,42.8,31.779687499999998,1,True,29.45,32.82302083333333,1,True
2026-08-15T02:00:00Z,2,Nablus,2-1,41.74,31.359166666666667,1,True,42.9,31.894479166666667,1,True,27.94,32.8765625,1,True
2026-08-15T02:15:00Z,2,Nablus,2-1,40.86,31.406458333333333,1,True,41.09,32.001250000000006,1,True,26.73,32.92125,1,True
2026-08-15T02:30:00Z,2,Nablus,2-1,40.77,31.460833333333337,1,True,38.52,32.097500000000004,1,True,27.91,32.96885416666667,1,True
2026-08-15T02:45:00Z,2,Nablus,2-1,39.15,31.494583333333335,1,True,36.67,32.1925,1,True,26.58,32.995000000000005,1,True
2026-08-15T03:00:00Z,2,Nablus,2-1,41.06,31.54354166666667,1,True,35.25,32.28291666666667,1,True,26.04,33.0071875,1,True
2026-08-15T03:15:00Z,2,Nablus,2-1,42.7,31.6071875,1,True,33.72,32.370416666666664,1,True,25.61,33.04697916666667,1,True
2026-08-15T03:30:00Z,2,Nablus,2-1,42.74,31.6778125,1,True,32.43,32.4575,1,True,24.83,33.07854166666667,1,True
2026-08-15T03:45:00Z,2,Nablus,2-1,42.8,31.779687499999998,1,True,30.35,32.525,1,True,22.36,33.095,1,True
2026-08-15T04:00:00Z,2,Nablus,2-1,42.9,31.894479166666667,1,True,30.48,32.5953125,1,True,23.26,33.13041666666667,1,True
2026-08-15T04:15:00Z,2,Nablus,2-1,41.09,32.001250000000006,1,True,29.83,32.67270833333334,1,True,24.3,33.1796875,1,True
2026-08-15T04:30:00Z,2,Nablus,2-1,38.52,32.097500000000004,1,True,29.35,32.74666666666667,1,True,24.56,33.227916666666665,1,True
2026-08-15T04:45:00Z,2,Nablus,2-1,36.67,32.1925,1,True,29.45,32.82302083333333,1,True,24.66,33.27041666666667,1,True
2026-08-15T05:00:00Z,2,Nablus,2-1,35.25,32.28291666666667,1,True,27.94,32.8765625,1,True,25.4,33.318020833333335,1,True
2026-08-15T05:15:00Z,2,Nablus,2-1,33.72,32.370416666666664,1,True,26.73,32.92125,1,True,22.68,33.3378125,1,True
2026-08-15T05:30:00Z,2,Nablus,2-1,32.43,32.4575,1,True,27.91,32.96885416666667,1,True,21.21,33.3353125,1,True
2026-08-15T05:45:00Z,2,Nablus,2-1,30.35,32.525,1,True,26.58,32.995000000000005,1,True,19.26,33.3153125,1,True
2026-08-15T06:00:00Z,2,Nablus,2-1,30.48,32.5953125,1,True,26.04,33.0071875,1,True,20.34,33.30885416666667,1,True
2026-08-15T06:15:00Z,2,Nablus,2-1,29.83,32.67270833333334,1,True,25.61,33.04697916666667,1,True,18.19,33.27125,1,True
2026-08-15T06:30:00Z,2,Nablus,2-1,29.35,32.74666666666667,1,True,24.83,33.07854166666667,1,True,18.79,33.24572916666667,1,True
2026-08-15T06:45:00Z,2,Nablus,2-1,29.45,32.82302083333333,1,True,22.36,33.095,1,True,19.21,33.22416666666667,1,True
2026-08-15T07:00:00Z,2,Nablus,2-1,27.94,32.8765625,1,True,23.26,33.13041666666667,1,True,19.17,33.2096875,1,True
2026-08-15T07:15:00Z,2,Nablus,2-1,26.73,32.92125,1,True,24.3,33.1796875,1,True,18.26,33.181041666666665,1,True
2026-08-15T07:30:00Z,2,Nablus,2-1,27.91,32.96885416666667,1,True,24.56,33.227916666666665,1,True,17.51,33.1484375,1,True
2026-08-15T07:45:00Z,2,Nablus,2-1,26.58,32.995000000000005,1,True,24.66,33.27041666666667,1,True,19.0,33.136562500000004,1,True
2026-08-15T08:00:00Z,2,Nablus,2-1,26.04,33.0071875,1,True,25.4,33.318020833333335,1,True,18.68,33.120416666666664,1,True
2026-08-15T08:15:00Z,2,Nablus,2-1,25.61,33.04697916666667,1,True,22.68,33.3378125,1,True,19.14,33.10822916666667,1,True
2026-08-15T08:30:00Z,2,Nablus,2-1,24.83,33.07854166666667,1,True,21.21,33.3353125,1,True,18.89,33.08145833333334,1,True
2026-08-15T08:45:00Z,2,Nablus,2-1,22.36,33.095,1,True,19.26,33.3153125,1,True,19.39,33.055729166666666,1,True
2026-08-15T09:00:00Z,2,Nablus,2-1,23.26,33.13041666666667,1,True,20.34,33.30885416666667,1,True,16.98,32.99854166666667,1,True
2026-08-15T09:15:00Z,2,Nablus,2-1,24.3,33.1796875,1,True,18.19,33.27125,1,True,15.48,32.933125,1,True
2026-08-15T09:30:00Z,2,Nablus,2-1,24.56,33.227916666666665,1,True,18.79,33.24572916666667,1,True,15.63,32.86666666666667,1,True
2026-08-15T09:45:00Z,2,Nablus,2-1,24.66,33.27041666666667,1,True,19.21,33.22416666666667,1,True,15.44,32.78291666666667,1,True
2026-08-15T10:00:00Z,2,Nablus,2-1,25.4,33.318020833333335,1,True,19.17,33.2096875,1,True,16.2,32.70333333333333,1,True
2026-08-15T10:15:00Z,2,Nablus,2-1,22.68,33.3378125,1,True,18.26,33.181041666666665,1,True,18.39,32.6321875,1,True
2026-08-15T10:30:00Z,2,Nablus,2-1,21.21,33.3353125,1,True,17.51,33.1484375,1,True,20.09,32.551562499999996,1,True
2026-08-15T10:45:00Z,2,Nablus,2-1,19.26,33.3153125,1,True,19.0,33.136562500000004,1,True,22.98,32.4821875,1,True
2026-08-15T11:00:00Z,2,Nablus,2-1,20.34,33.30885416666667,1,True,18.68,33.120416666666664,1,True,23.54,32.39895833333333,1,True
2026-08-15T11:15:00Z,2,Nablus,2-1,18.19,33.27125,1,True,19.14,33.10822916666667,1,True,26.1,32.32333333333333,1,True
2026-08-15T11:30:00Z,2,Nablus,2-1,18.79,33.24572916666667,1,True,18.89,33.08145833333334,1,True,24.7,32.21854166666667,1,True
2026-08-15T11:45:00Z,2,Nablus,2-1,19.21,33.22416666666667,1,True,19.39,33.055729166666666,1,True,24.28,32.09802083333333,1,True
2026-08-15T12:00:00Z,2,Nablus,2-1,19.17,33.2096875,1,True,16.98,32.99854166666667,1,True,24.97,31.966458333333335,1,True
2026-08-15T12:15:00Z,2,Nablus,2-1,18.26,33.181041666666665,1,True,15.48,32.933125,1,True,26.09,31.83,1,True
2026-08-15T12:30:00Z,2,Nablus,2-1,17.51,33.1484375,1,True,15.63,32.86666666666667,1,True,26.17,31.688333333333333,1,True
2026-08-15T12:45:00Z,2,Nablus,2-1,19.0,33.136562500000004,1,True,15.44,32.78291666666667,1,True,26.55,31.547187500000003,1,True
2026-08-15T13:00:00Z,2,Nablus,2-1,18.68,33.120416666666664,1,True,16.2,32.70333333333333,1,True,28.02,31.424375,1,True
2026-08-15T13:15:00Z,2,Nablus,2-1,19.14,33.10822916666667,1,True,18.39,32.6321875,1,True,30.31,31.326875,1,True
2026-08-15T13:30:00Z,2,Nablus,2-1,18.89,33.08145833333334,1,True,20.09,32.551562499999996,1,True,28.85,31.21625,1,True
2026-08-15T13:45:00Z,2,Nablus,2-1,19.39,33.055729166666666,1,True,22.98,32.4821875,1,True,31.38,31.120833333333334,1,True
2026-08-15T14:00:00Z,2,Nablus,2-1,16.98,32.99854166666667,1,True,23.54,32.39895833333333,1,True,32.64,31.05458333333333,1,True
2026-08-15T14:15:00Z,2,Nablus,2-1,15.48,32.933125,1,True,26.1,32.32333333333333,1,True,34.62,31.046666666666667,1,True
2026-08-15T14:30:00Z,2,Nablus,2-1,15.63,32.86666666666667,1,True,24.7,32.21854166666667,1,True,34.2,31.04572916666667,1,True
2026-08-15T14:45:00Z,2,Nablus,2-1,15.44,32.78291666666667,1,True,24.28,32.09802083333333,1,True,34.63,31.048125000000002,1,True
2026-08-15T15:00:00Z,2,Nablus,2-1,16.2,32.70333333333333,1,True,24.97,31.966458333333335,1,True,31.19,31.009270833333332,1,True
2026-08-15T15:15:00Z,2,Nablus,2-1,18.39,32.6321875,1,True,26.09,31.83,1,True,30.67,30.96875,1,True
2026-08-15T15:30:00Z,2,Nablus,2-1,20.09,32.551562499999996,1,True,26.17,31.688333333333333,1,True,31.0,30.925624999999997,1,True
2026-08-15T15:45:00Z,2,Nablus,2-1,22.98,32.4821875,1,True,26.55,31.547187500000003,1,True,30.17,30.864270833333332,1,True
2026-08-15T16:00:00Z,2,Nablus,2-1,23.54,32.39895833333333,1,True,28.02,31.424375,1,True,29.98,30.789375000000003,1,True
2026-08-15T16:15:00Z,2,Nablus,2-1,26.1,32.32333333333333,1,True,30.31,31.326875,1,True,30.68,30.708020833333332,1,True
2026-08-15T16:30:00Z,2,Nablus,2-1,24.7,32.21854166666667,1,True,28.85,31.21625,1,True,32.56,30.630312500000002,1,True
2026-08-15T16:45:00Z,2,Nablus,2-1,24.28,32.09802083333333,1,True,31.38,31.120833333333334,1,True,33.44,30.529687499999998,1,True
2026-08-15T17:00:00Z,2,Nablus,2-1,24.97,31.966458333333335,1,True,32.64,31.05458333333333,1,True,34.23,30.4428125,1,True
2026-08-15T17:15:00Z,2,Nablus,2-1,26.09,31.83,1,True,34.62,31.046666666666667,1,True,33.77,30.368124999999996,1,True
2026-08-15T17:30:00Z,2,Nablus,2-1,26.17,31.688333333333333,1,True,34.2,31.04572916666667,1,True,34.66,30.29041666666667,1,True
2026-08-15T17:45:00Z,2,Nablus,2-1,26.55,31.547187500000003,1,True,34.63,31.048125000000002,1,True,35.83,30.239687500000002,1,True
2026-08-15T18:00:00Z,2,Nablus,2-1,28.02,31.424375,1,True,31.19,31.009270833333332,1,True,35.65,30.183645833333333,1,True
2026-08-15T18:15:00Z,2,Nablus,2-1,30.31,31.326875,1,True,30.67,30.96875,1,True,35.64,30.094062500000003,1,True
2026-08-15T18:30:00Z,2,Nablus,2-1,28.85,31.21625,1,True,31.0,30.925624999999997,1,True,36.63,30.00375,1,True
2026-08-15T18:45:00Z,2,Nablus,2-1,31.38,31.120833333333334,1,True,30.17,30.864270833333332,1,True,37.44,29.9165625,1,True
2026-08-15T19:00:00Z,2,Nablus,2-1,32.64,31.05458333333333,1,True,29.98,30.789375000000003,1,True,37.35,29.815520833333334,1,True
2026-08-15T19:15:00Z,2,Nablus,2-1,34.62,31.046666666666667,1,True,30.68,30.708020833333332,1,True,37.41,29.700416666666666,1,True
2026-08-15T19:30:00Z,2,Nablus,2-1,34.2,31.04572916666667,1,True,32.56,30.630312500000002,1,True,40.96,29.626145833333336,1,True
2026-08-15T19:45:00Z,2,Nablus,2-1,34.63,31.048125000000002,1,True,33.44,30.529687499999998,1,True,44.33,29.582083333333333,1,True
2026-08-15T20:00:00Z,2,Nablus,2-1,31.19,31.009270833333332,1,True,34.23,30.4428125,1,True,41.99,29.534375,1,True
2026-08-15T20:15:00Z,2,Nablus,2-1,30.67,30.96875,1,True,33.77,30.368124999999996,1,True,38.95,29.437812499999996,1,True
2026-08-15T20:30:00Z,2,Nablus,2-1,31.0,30.925624999999997,1,True,34.66,30.29041666666667,1,True,38.78,29.33541666666667,1,True
2026-08-15T20:45:00Z,2,Nablus,2-1,30.17,30.864270833333332,1,True,35.83,30.239687500000002,1,True,37.34,29.277604166666663,1,True
2026-08-15T21:00:00Z,2,Nablus,2-1,29.98,30.789375000000003,1,True,35.65,30.183645833333333,1,True,37.17,29.23,1,True
2026-08-15T21:15:00Z,2,Nablus,2-1,30.68,30.708020833333332,1,True,35.64,30.094062500000003,1,True,33.41,29.152395833333333,1,True
2026-08-15T21:30:00Z,2,Nablus,2-1,32.56,30.630312500000002,1,True,36.63,30.00375,1,True,30.87,29.049270833333335,1,True
2026-08-15T21:45:00Z,2,Nablus,2-1,33.44,30.529687499999998,1,True,37.44,29.9165625,1,True,29.86,28.9525,1,True
2026-08-15T22:00:00Z,2,Nablus,2-1,34.23,30.4428125,1,True,37.35,29.815520833333334,1,True,28.86,28.825416666666666,1,True
2026-08-15T22:15:00Z,2,Nablus,2-1,33.77,30.368124999999996,1,True,37.41,29.700416666666666,1,True,29.25,28.6853125,1,True
2026-08-15T22:30:00Z,2,Nablus,2-1,34.66,30.29041666666667,1,True,40.96,29.626145833333336,1,True,28.54,28.53739583333333,1,True
2026-08-15T22:45:00Z,2,Nablus,2-1,35.83,30.239687500000002,1,True,44.33,29.582083333333333,1,True,28.0,28.383229166666666,1,True
2026-08-15T23:00:00Z,2,Nablus,2-1,35.65,30.183645833333333,1,True,41.99,29.534375,1,True,27.18,28.21947916666667,1,True
2026-08-15T23:15:00Z,2,Nablus,2-1,35.64,30.094062500000003,1,True,38.95,29.437812499999996,1,True,28.01,28.083229166666666,1,True
2026-08-15T23:30:00Z,2,Nablus,2-1,36.63,30.00375,1,True,38.78,29.33541666666667,1,True,26.97,27.96291666666667,1,True
2026-08-15T23:45:00Z,2,Nablus,2-1,37.44,29.9165625,1,True,37.34,29.277604166666663,1,True,23.97,27.830624999999998,1,True
2026-08-16T00:00:00Z,2,Nablus,2-1,37.35,29.815520833333334,1,True,37.17,29.23,1,True,23.61,27.709374999999998,1,True
2026-08-16T00:15:00Z,2,Nablus,2-1,37.41,29.700416666666666,1,True,33.41,29.152395833333333,1,True,22.19,27.589270833333334,1,True
2026-08-16T00:30:00Z,2,Nablus,2-1,40.96,29.626145833333336,1,True,30.87,29.049270833333335,1,True,23.47,27.4959375,1,True
2026-08-16T00:45:00Z,2,Nablus,2-1,44.33,29.582083333333333,1,True,29.86,28.9525,1,True,21.08,27.399374999999996,1,True
2026-08-16T01:00:00Z,2,Nablus,2-1,41.99,29.534375,1,True,28.86,28.825416666666666,1,True,23.08,27.32229166666666,1,True
2026-08-16T01:15:00Z,2,Nablus,2-1,38.95,29.437812499999996,1,True,29.25,28.6853125,1,True,22.82,27.24927083333333,1,True
2026-08-16T01:30:00Z,2,Nablus,2-1,38.78,29.33541666666667,1,True,28.54,28.53739583333333,1,True,22.88,27.181875,1,True
2026-08-16T01:45:00Z,2,Nablus,2-1,37.34,29.277604166666663,1,True,28.0,28.383229166666666,1,True,21.62,27.1003125,1,True
2026-08-16T02:00:00Z,2,Nablus,2-1,37.17,29.23,1,True,27.18,28.21947916666667,1,True,20.91,27.027083333333334,1,True
2026-08-16T02:15:00Z,2,Nablus,2-1,33.41,29.152395833333333,1,True,28.01,28.083229166666666,1,True,20.04,26.957395833333333,1,True
2026-08-16T02:30:00Z,2,Nablus,2-1,30.87,29.049270833333335,1,True,26.97,27.96291666666667,1,True,20.66,26.881875000000004,1,True
2026-08-16T02:45:00Z,2,Nablus,2-1,29.86,28.9525,1,True,23.97,27.830624999999998,1,True,20.08,26.814166666666665,1,True
2026-08-16T03:00:00Z,2,Nablus,2-1,28.86,28.825416666666666,1,True,23.61,27.709374999999998,1,True,19.99,26.75114583333333,1,True
2026-08-16T03:15:00Z,2,Nablus,2-1,29.25,28.6853125,1,True,22.19,27.589270833333334,1,True,18.88,26.68104166666667,1,True
2026-08-16T03:30:00Z,2,Nablus,2-1,28.54,28.53739583333333,1,True,23.47,27.4959375,1,True,18.07,26.610625,1,True
2026-08-16T03:45:00Z,2,Nablus,2-1,28.0,28.383229166666666,1,True,21.08,27.399374999999996,1,True,18.57,26.571145833333333,1,True
2026-08-16T04:00:00Z,2,Nablus,2-1,27.18,28.21947916666667,1,True,23.08,27.32229166666666,1,True,19.57,26.532708333333332,1,True
2026-08-16T04:15:00Z,2,Nablus,2-1,28.01,28.083229166666666,1,True,22.82,27.24927083333333,1,True,18.65,26.47385416666667,1,True
2026-08-16T04:30:00Z,2,Nablus,2-1,26.97,27.96291666666667,1,True,22.88,27.181875,1,True,20.9,26.435729166666665,1,True
2026-08-16T04:45:00Z,2,Nablus,2-1,23.97,27.830624999999998,1,True,21.62,27.1003125,1,True,24.5,26.4340625,1,True
2026-08-16T05:00:00Z,2,Nablus,2-1,23.61,27.709374999999998,1,True,20.91,27.027083333333334,1,True,26.42,26.4446875,1,True
2026-08-16T05:15:00Z,2,Nablus,2-1,22.19,27.589270833333334,1,True,20.04,26.957395833333333,1,True,26.57,26.485208333333333,1,True
2026-08-16T05:30:00Z,2,Nablus,2-1,23.47,27.4959375,1,True,20.66,26.881875000000004,1,True,24.81,26.52270833333333,1,True
2026-08-16T05:45:00Z,2,Nablus,2-1,21.08,27.399374999999996,1,True,20.08,26.814166666666665,1,True,24.32,26.57541666666667,1,True
2026-08-16T06:00:00Z,2,Nablus,2-1,23.08,27.32229166666666,1,True,19.99,26.75114583333333,1,True,22.54,26.598333333333333,1,True
2026-08-16T06:15:00Z,2,Nablus,2-1,22.82,27.24927083333333,1,True,18.88,26.68104166666667,1,True,21.27,26.630416666666665,1,True
2026-08-16T06:30:00Z,2,Nablus,2-1,22.88,27.181875,1,True,18.07,26.610625,1,True,20.23,26.645416666666666,1,True
2026-08-16T06:45:00Z,2,Nablus,2-1,21.62,27.1003125,1,True,18.57,26.571145833333333,1,True,19.29,26.64625,1,True
2026-08-16T07:00:00Z,2,Nablus,2-1,20.91,27.027083333333334,1,True,19.57,26.532708333333332,1,True,18.94,26.643854166666667,1,True
2026-08-16T07:15:00Z,2,Nablus,2-1,20.04,26.957395833333333,1,True,18.65,26.47385416666667,1,True,18.65,26.64791666666667,1,True
2026-08-16T07:30:00Z,2,Nablus,2-1,20.66,26.881875000000004,1,True,20.9,26.435729166666665,1,True,17.49,26.64770833333333,1,True
2026-08-16T07:45:00Z,2,Nablus,2-1,20.08,26.814166666666665,1,True,24.5,26.4340625,1,True,17.23,26.629270833333333,1,True
2026-08-16T08:00:00Z,2,Nablus,2-1,19.99,26.75114583333333,1,True,26.42,26.4446875,1,True,16.59,26.6075,1,True
2026-08-16T08:15:00Z,2,Nablus,2-1,18.88,26.68104166666667,1,True,26.57,26.485208333333333,1,True,16.62,26.581249999999997,1,True
2026-08-16T08:30:00Z,2,Nablus,2-1,18.07,26.610625,1,True,24.81,26.52270833333333,1,True,15.5,26.545937499999997,1,True
2026-08-16T08:45:00Z,2,Nablus,2-1,18.57,26.571145833333333,1,True,24.32,26.57541666666667,1,True,16.02,26.510833333333334,1,True
2026-08-16T09:00:00Z,2,Nablus,2-1,19.57,26.532708333333332,1,True,22.54,26.598333333333333,1,True,17.65,26.5178125,1,True
2026-08-16T09:15:00Z,2,Nablus,2-1,18.65,26.47385416666667,1,True,21.27,26.630416666666665,1,True,16.96,26.53322916666667,1,True
2026-08-16T09:30:00Z,2,Nablus,2-1,20.9,26.435729166666665,1,True,20.23,26.645416666666666,1,True,17.25,26.550104166666667,1,True
2026-08-16T09:45:00Z,2,Nablus,2-1,24.5,26.4340625,1,True,19.29,26.64625,1,True,20.67,26.604583333333334,1,True
2026-08-16T10:00:00Z,2,Nablus,2-1,26.42,26.4446875,1,True,18.94,26.643854166666667,1,True,20.52,26.649583333333336,1,True
2026-08-16T10:15:00Z,2,Nablus,2-1,26.57,26.485208333333333,1,True,18.65,26.64791666666667,1,True,21.74,26.684479166666666,1,True
2026-08-16T10:30:00Z,2,Nablus,2-1,24.81,26.52270833333333,1,True,17.49,26.64770833333333,1,True,23.36,26.718541666666667,1,True
2026-08-16T10:45:00Z,2,Nablus,2-1,24.32,26.57541666666667,1,True,17.23,26.629270833333333,1,True,23.71,26.726145833333334,1,True
2026-08-16T11:00:00Z,2,Nablus,2-1,22.54,26.598333333333333,1,True,16.59,26.6075,1,True,24.6,26.7371875,1,True
2026-08-16T11:15:00Z,2,Nablus,2-1,21.27,26.630416666666665,1,True,16.62,26.581249999999997,1,True,26.02,26.73635416666667,1,True
2026-08-16T11:30:00Z,2,Nablus,2-1,20.23,26.645416666666666,1,True,15.5,26.545937499999997,1,True,27.62,26.76677083333333,1,True
2026-08-16T11:45:00Z,2,Nablus,2-1,19.29,26.64625,1,True,16.02,26.510833333333334,1,True,27.29,26.798125,1,True
2026-08-16T12:00:00Z,2,Nablus,2-1,18.94,26.643854166666667,1,True,17.65,26.5178125,1,True,28.79,26.83791666666667,1,True
2026-08-16T12:15:00Z,2,Nablus,2-1,18.65,26.64791666666667,1,True,16.96,26.53322916666667,1,True,28.42,26.8621875,1,True
2026-08-16T12:30:00Z,2,Nablus,2-1,17.49,26.64770833333333,1,True,17.25,26.550104166666667,1,True,26.02,26.860625,1,True
2026-08-16T12:45:00Z,2,Nablus,2-1,17.23,26.629270833333333,1,True,20.67,26.604583333333334,1,True,24.75,26.841874999999998,1,True
2026-08-16T13:00:00Z,2,Nablus,2-1,16.59,26.6075,1,True,20.52,26.649583333333336,1,True,25.19,26.81239583333333,1,True
2026-08-16T13:15:00Z,2,Nablus,2-1,16.62,26.581249999999997,1,True,21.74,26.684479166666666,1,True,24.9,26.756041666666665,1,True
2026-08-16T13:30:00Z,2,Nablus,2-1,15.5,26.545937499999997,1,True,23.36,26.718541666666667,1,True,25.1,26.716979166666665,1,True
2026-08-16T13:45:00Z,2,Nablus,2-1,16.02,26.510833333333334,1,True,23.71,26.726145833333334,1,True,25.62,26.65697916666667,1,True
2026-08-16T14:00:00Z,2,Nablus,2-1,17.65,26.5178125,1,True,24.6,26.7371875,1,True,26.27,26.590625000000003,1,True
2026-08-16T14:15:00Z,2,Nablus,2-1,16.96,26.53322916666667,1,True,26.02,26.73635416666667,1,True,24.87,26.489062500000003,1,True
2026-08-16T14:30:00Z,2,Nablus,2-1,17.25,26.550104166666667,1,True,27.62,26.76677083333333,1,True,25.13,26.394583333333333,1,True
2026-08-16T14:45:00Z,2,Nablus,2-1,20.67,26.604583333333334,1,True,27.29,26.798125,1,True,25.26,26.296979166666663,1,True
2026-08-16T15:00:00Z,2,Nablus,2-1,20.52,26.649583333333336,1,True,28.79,26.83791666666667,1,True,26.22,26.245208333333338,1,True
2026-08-16T15:15:00Z,2,Nablus,2-1,21.74,26.684479166666666,1,True,28.42,26.8621875,1,True,25.65,26.192916666666665,1,True
2026-08-16T15:30:00Z,2,Nablus,2-1,23.36,26.718541666666667,1,True,26.02,26.860625,1,True,23.61,26.1159375,1,True
2026-08-16T15:45:00Z,2,Nablus,2-1,23.71,26.726145833333334,1,True,24.75,26.841874999999998,1,True,21.2,26.022499999999997,1,True
2026-08-16T16:00:00Z,2,Nablus,2-1,24.6,26.7371875,1,True,25.19,26.81239583333333,1,True,21.88,25.938125,1,True
2026-08-16T16:15:00Z,2,Nablus,2-1,26.02,26.73635416666667,1,True,24.9,26.756041666666665,1,True,22.79,25.8559375,1,True
2026-08-16T16:30:00Z,2,Nablus,2-1,27.62,26.76677083333333,1,True,25.1,26.716979166666665,1,True,18.28,25.7071875,1,True
2026-08-16T16:45:00Z,2,Nablus,2-1,27.29,26.798125,1,True,25.62,26.65697916666667,1,True,18.28,25.549270833333335,1,True
2026-08-16T17:00:00Z,2,Nablus,2-1,28.79,26.83791666666667,1,True,26.27,26.590625000000003,1,True,17.55,25.375520833333336,1,True
2026-08-16T17:15:00Z,2,Nablus,2-1,28.42,26.8621875,1,True,24.87,26.489062500000003,1,True,18.23,25.213645833333334,1,True
2026-08-16T17:30:00Z,2,Nablus,2-1,26.02,26.860625,1,True,25.13,26.394583333333333,1,True,19.38,25.054479166666667,1,True
2026-08-16T17:45:00Z,2,Nablus,2-1,24.75,26.841874999999998,1,True,25.26,26.296979166666663,1,True,18.13,24.870104166666664,1,True
2026-08-16T18:00:00Z,2,Nablus,2-1,25.19,26.81239583333333,1,True,26.22,26.245208333333338,1,True,18.16,24.687916666666666,1,True
2026-08-16T18:15:00Z,2,Nablus,2-1,24.9,26.756041666666665,1,True,25.65,26.192916666666665,1,True,18.05,24.5046875,1,True
2026-08-16T18:30:00Z,2,Nablus,2-1,25.1,26.716979166666665,1,True,23.61,26.1159375,1,True,18.05,24.31114583333333,1,True
2026-08-16T18:45:00Z,2,Nablus,2-1,25.62,26.65697916666667,1,True,21.2,26.022499999999997,1,True,18.6,24.114895833333332,1,True
2026-08-16T19:00:00Z,2,Nablus,2-1,26.27,26.590625000000003,1,True,21.88,25.938125,1,True,18.54,23.918958333333332,1,True
2026-08-16T19:15:00Z,2,Nablus,2-1,24.87,26.489062500000003,1,True,22.79,25.8559375,1,True,20.37,23.741458333333338,1,True
2026-08-16T19:30:00Z,2,Nablus,2-1,25.13,26.394583333333333,1,True,18.28,25.7071875,1,True,18.36,23.506041666666665,1,True
2026-08-16T19:45:00Z,2,Nablus,2-1,25.26,26.296979166666663,1,True,18.28,25.549270833333335,1,True,17.56,23.2271875,1,True
2026-08-16T20:00:00Z,2,Nablus,2-1,26.22,26.245208333333338,1,True,17.55,25.375520833333336,1,True,17.43,22.971354166666668,1,True
2026-08-16T20:15:00Z,2,Nablus,2-1,25.65,26.192916666666665,1,True,18.23,25.213645833333334,1,True,16.61,22.738645833333333,1,True
2026-08-16T20:30:00Z,2,Nablus,2-1,23.61,26.1159375,1,True,19.38,25.054479166666667,1,True,16.17,22.503124999999997,1,True
2026-08-16T20:45:00Z,2,Nablus,2-1,21.2,26.022499999999997,1,True,18.13,24.870104166666664,1,True,16.04,22.28125,1,True
2026-08-16T21:00:00Z,2,Nablus,2-1,21.88,25.938125,1,True,18.16,24.687916666666666,1,True,16.26,22.063437500000003,1,True
2026-08-16T21:15:00Z,2,Nablus,2-1,22.79,25.8559375,1,True,18.05,24.5046875,1,True,15.94,21.88145833333333,1,True
2026-08-16T21:30:00Z,2,Nablus,2-1,18.28,25.7071875,1,True,18.05,24.31114583333333,1,True,15.54,21.721770833333334,1,True
2026-08-16T21:45:00Z,2,Nablus,2-1,18.28,25.549270833333335,1,True,18.6,24.114895833333332,1,True,23.76,21.65822916666666,1,True
2026-08-16T22:00:00Z,2,Nablus,2-1,17.55,25.375520833333336,1,True,18.54,23.918958333333332,1,True,15.75,21.521666666666665,1,True
2026-08-16T22:15:00Z,2,Nablus,2-1,18.23,25.213645833333334,1,True,20.37,23.741458333333338,1,True,14.09,21.36375,1,True
2026-08-16T22:30:00Z,2,Nablus,2-1,19.38,25.054479166666667,1,True,18.36,23.506041666666665,1,True,14.52,21.21770833333333,1,True
2026-08-16T22:45:00Z,2,Nablus,2-1,18.13,24.870104166666664,1,True,17.56,23.2271875,1,True,13.81,21.06989583333333,1,True
2026-08-16T23:00:00Z,2,Nablus,2-1,18.16,24.687916666666666,1,True,17.43,22.971354166666668,1,True,13.62,20.928645833333334,1,True
2026-08-16T23:15:00Z,2,Nablus,2-1,18.05,24.5046875,1,True,16.61,22.738645833333333,1,True,12.61,20.768229166666668,1,True
2026-08-16T23:30:00Z,2,Nablus,2-1,18.05,24.31114583333333,1,True,16.17,22.503124999999997,1,True,13.08,20.623541666666668,1,True
2026-08-16T23:45:00Z,2,Nablus,2-1,18.6,24.114895833333332,1,True,16.04,22.28125,1,True,12.49,20.503958333333333,1,True
2026-08-17T00:00:00Z,2,Nablus,2-1,18.54,23.918958333333332,1,True,16.26,22.063437500000003,1,True,12.84,20.391770833333332,1,True
2026-08-17T00:15:00Z,2,Nablus,2-1,20.37,23.741458333333338,1,True,15.94,21.88145833333333,1,True,13.51,20.301354166666666,1,True
2026-08-17T00:30:00Z,2,Nablus,2-1,18.36,23.506041666666665,1,True,15.54,21.721770833333334,1,True,13.65,20.1990625,1,True
2026-08-17T00:45:00Z,2,Nablus,2-1,17.56,23.2271875,1,True,23.76,21.65822916666666,1,True,13.55,20.120625,1,True
2026-08-17T01:00:00Z,2,Nablus,2-1,17.43,22.971354166666668,1,True,15.75,21.521666666666665,1,True,12.52,20.010625,1,True
2026-08-17T01:15:00Z,2,Nablus,2-1,16.61,22.738645833333333,1,True,14.09,21.36375,1,True,13.22,19.910625,1,True
2026-08-17T01:30:00Z,2,Nablus,2-1,16.17,22.503124999999997,1,True,14.52,21.21770833333333,1,True,13.99,19.818020833333332,1,True
2026-08-17T01:45:00Z,2,Nablus,2-1,16.04,22.28125,1,True,13.81,21.06989583333333,1,True,14.06,19.739270833333332,1,True
2026-08-17T02:00:00Z,2,Nablus,2-1,16.26,22.063437500000003,1,True,13.62,20.928645833333334,1,True,15.04,19.678124999999998,1,True
2026-08-17T02:15:00Z,2,Nablus,2-1,15.94,21.88145833333333,1,True,12.61,20.768229166666668,1,True,14.52,19.620625,1,True
2026-08-17T02:30:00Z,2,Nablus,2-1,15.54,21.721770833333334,1,True,13.08,20.623541666666668,1,True,14.63,19.5578125,1,True
2026-08-17T02:45:00Z,2,Nablus,2-1,23.76,21.65822916666666,1,True,12.49,20.503958333333333,1,True,13.09,19.485,1,True
2026-08-17T03:00:00Z,2,Nablus,2-1,15.75,21.521666666666665,1,True,12.84,20.391770833333332,1,True,12.62,19.40822916666667,1,True
2026-08-17T03:15:00Z,2,Nablus,2-1,14.09,21.36375,1,True,13.51,20.301354166666666,1,True,12.26,19.339270833333334,1,True
2026-08-17T03:30:00Z,2,Nablus,2-1,14.52,21.21770833333333,1,True,13.65,20.1990625,1,True,11.59,19.27177083333333,1,True
2026-08-17T03:45:00Z,2,Nablus,2-1,13.81,21.06989583333333,1,True,13.55,20.120625,1,True,11.65,19.1996875,1,True
2026-08-17T04:00:00Z,2,Nablus,2-1,13.62,20.928645833333334,1,True,12.52,20.010625,1,True,11.54,19.116041666666668,1,True
2026-08-17T04:15:00Z,2,Nablus,2-1,12.61,20.768229166666668,1,True,13.22,19.910625,1,True,11.25,19.038958333333333,1,True
2026-08-17T04:30:00Z,2,Nablus,2-1,13.08,20.623541666666668,1,True,13.99,19.818020833333332,1,True,11.99,18.946145833333336,1,True
2026-08-17T04:45:00Z,2,Nablus,2-1,12.49,20.503958333333333,1,True,14.06,19.739270833333332,1,True,11.61,18.811875,1,True
2026-08-17T05:00:00Z,2,Nablus,2-1,12.84,20.391770833333332,1,True,15.04,19.678124999999998,1,True,11.95,18.661145833333332,1,True
2026-08-17T05:15:00Z,2,Nablus,2-1,13.51,20.301354166666666,1,True,14.52,19.620625,1,True,11.11,18.500104166666667,1,True
2026-08-17T05:30:00Z,2,Nablus,2-1,13.65,20.1990625,1,True,14.63,19.5578125,1,True,10.52,18.351249999999997,1,True
2026-08-17T05:45:00Z,2,Nablus,2-1,13.55,20.120625,1,True,13.09,19.485,1,True,10.56,18.207916666666666,1,True
2026-08-17T06:00:00Z,2,Nablus,2-1,12.52,20.010625,1,True,12.62,19.40822916666667,1,True,9.8,18.075208333333332,1,True
2026-08-17T06:15:00Z,2,Nablus,2-1,13.22,19.910625,1,True,12.26,19.339270833333334,1,True,9.64,17.9540625,1,True
2026-08-17T06:30:00Z,2,Nablus,2-1,13.99,19.818020833333332,1,True,11.59,19.27177083333333,1,True,9.24,17.839583333333334,1,True
2026-08-17T06:45:00Z,2,Nablus,2-1,14.06,19.739270833333332,1,True,11.65,19.1996875,1,True,9.43,17.736875,1,True
2026-08-17T07:00:00Z,2,Nablus,2-1,15.04,19.678124999999998,1,True,11.54,19.116041666666668,1,True,8.87,17.631979166666667,1,True
2026-08-17T07:15:00Z,2,Nablus,2-1,14.52,19.620625,1,True,11.25,19.038958333333333,1,True,8.7,17.528333333333332,1,True
2026-08-17T07:30:00Z,2,Nablus,2-1,14.63,19.5578125,1,True,11.99,18.946145833333336,1,True,9.03,17.440208333333334,1,True
2026-08-17T07:45:00Z,2,Nablus,2-1,13.09,19.485,1,True,11.61,18.811875,1,True,9.61,17.360833333333336,1,True
2026-08-17T08:00:00Z,2,Nablus,2-1,12.62,19.40822916666667,1,True,11.95,18.661145833333332,1,True,8.49,17.276458333333334,1,True
2026-08-17T08:15:00Z,2,Nablus,2-1,12.26,19.339270833333334,1,True,11.11,18.500104166666667,1,True,8.34,17.190208333333334,1,True
2026-08-17T08:30:00Z,2,Nablus,2-1,11.59,19.27177083333333,1,True,10.52,18.351249999999997,1,True,8.68,17.11916666666667,1,True
2026-08-17T08:45:00Z,2,Nablus,2-1,11.65,19.1996875,1,True,10.56,18.207916666666666,1,True,9.27,17.04885416666667,1,True
2026-08-17T09:00:00Z,2,Nablus,2-1,11.54,19.116041666666668,1,True,9.8,18.075208333333332,1,True,9.59,16.964895833333333,1,True
2026-08-17T09:15:00Z,2,Nablus,2-1,11.25,19.038958333333333,1,True,9.64,17.9540625,1,True,9.74,16.889687499999997,1,True
2026-08-17T09:30:00Z,2,Nablus,2-1,11.99,18.946145833333336,1,True,9.24,17.839583333333334,1,True,11.52,16.83,1,True
2026-08-17T09:45:00Z,2,Nablus,2-1,11.61,18.811875,1,True,9.43,17.736875,1,True,10.99,16.729166666666668,1,True
2026-08-17T10:00:00Z,2,Nablus,2-1,11.95,18.661145833333332,1,True,8.87,17.631979166666667,1,True,12.14,16.641875,1,True
2026-08-17T10:15:00Z,2,Nablus,2-1,11.11,18.500104166666667,1,True,8.7,17.528333333333332,1,True,12.58,16.546458333333334,1,True
2026-08-17T10:30:00Z,2,Nablus,2-1,10.52,18.351249999999997,1,True,9.03,17.440208333333334,1,True,13.53,16.444062499999998,1,True
2026-08-17T10:45:00Z,2,Nablus,2-1,10.56,18.207916666666666,1,True,9.61,17.360833333333336,1,True,13.82,16.341041666666666,1,True
2026-08-17T11:00:00Z,2,Nablus,2-1,9.8,18.075208333333332,1,True,8.49,17.276458333333334,1,True,14.81,16.2390625,1,True
2026-08-17T11:15:00Z,2,Nablus,2-1,9.64,17.9540625,1,True,8.34,17.190208333333334,1,True,15.19,16.126250000000002,1,True
2026-08-17T11:30:00Z,2,Nablus,2-1,9.24,17.839583333333334,1,True,8.68,17.11916666666667,1,True,15.56,16.000625,1,True
2026-08-17T11:45:00Z,2,Nablus,2-1,9.43,17.736875,1,True,9.27,17.04885416666667,1,True,15.58,15.878645833333332,1,True
2026-08-17T12:00:00Z,2,Nablus,2-1,8.87,17.631979166666667,1,True,9.59,16.964895833333333,1,True,15.33,15.738437500000002,1,True
2026-08-17T12:15:00Z,2,Nablus,2-1,8.7,17.528333333333332,1,True,9.74,16.889687499999997,1,True,15.16,15.6003125,1,True
2026-08-17T12:30:00Z,2,Nablus,2-1,9.03,17.440208333333334,1,True,11.52,16.83,1,True,14.69,15.482291666666667,1,True
2026-08-17T12:45:00Z,2,Nablus,2-1,9.61,17.360833333333336,1,True,10.99,16.729166666666668,1,True,15.06,15.381354166666666,1,True
2026-08-17T13:00:00Z,2,Nablus,2-1,8.49,17.276458333333334,1,True,12.14,16.641875,1,True,16.5,15.290833333333332,1,True
2026-08-17T13:15:00Z,2,Nablus,2-1,8.34,17.190208333333334,1,True,12.58,16.546458333333334,1,True,16.47,15.203020833333333,1,True
2026-08-17T13:30:00Z,2,Nablus,2-1,8.68,17.11916666666667,1,True,13.53,16.444062499999998,1,True,16.2,15.1103125,1,True
2026-08-17T13:45:00Z,2,Nablus,2-1,9.27,17.04885416666667,1,True,13.82,16.341041666666666,1,True,16.78,15.018229166666666,1,True
2026-08-17T14:00:00Z,2,Nablus,2-1,9.59,16.964895833333333,1,True,14.81,16.2390625,1,True,17.55,14.927395833333334,0,True
2026-08-17T14:15:00Z,2,Nablus,2-1,9.74,16.889687499999997,1,True,15.19,16.126250000000002,1,True,17.12,14.846666666666666,0,True
2026-08-17T14:30:00Z,2,Nablus,2-1,11.52,16.83,1,True,15.56,16.000625,1,True,15.79,14.749375,0,True
2026-08-17T14:45:00Z,2,Nablus,2-1,10.99,16.729166666666668,1,True,15.58,15.878645833333332,1,True,15.22,14.644791666666668,0,True
2026-08-17T15:00:00Z,2,Nablus,2-1,12.14,16.641875,1,True,15.33,15.738437500000002,1,True,15.28,14.530833333333334,0,True
2026-08-17T15:15:00Z,2,Nablus,2-1,12.58,16.546458333333334,1,True,15.16,15.6003125,1,True,16.65,14.437083333333332,0,True
2026-08-17T15:30:00Z,2,Nablus,2-1,13.53,16.444062499999998,1,True,14.69,15.482291666666667,1,True,16.6,14.364062500000001,0,True
2026-08-17T15:45:00Z,2,Nablus,2-1,13.82,16.341041666666666,1,True,15.06,15.381354166666666,1,True,18.48,14.335729166666667,0,True
2026-08-17T16:00:00Z,2,Nablus,2-1,14.81,16.2390625,1,True,16.5,15.290833333333332,1,True,23.91,14.356875,0,True
2026-08-17T16:15:00Z,2,Nablus,2-1,15.19,16.126250000000002,1,True,16.47,15.203020833333333,1,True,19.85,14.32625,0,True
2026-08-17T16:30:00Z,2,Nablus,2-1,15.56,16.000625,1,True,16.2,15.1103125,1,True,17.23,14.3153125,0,True
2026-08-17T16:45:00Z,2,Nablus,2-1,15.58,15.878645833333332,1,True,16.78,15.018229166666666,1,True,16.29,14.294583333333334,0,True
2026-08-17T17:00:00Z,2,Nablus,2-1,15.33,15.738437500000002,1,True,17.55,14.927395833333334,0,True,15.88,14.277187499999998,0,True
2026-08-17T17:15:00Z,2,Nablus,2-1,15.16,15.6003125,1,True,17.12,14.846666666666666,0,True,15.46,14.248333333333333,0,True
2026-08-17T17:30:00Z,2,Nablus,2-1,14.69,15.482291666666667,1,True,15.79,14.749375,0,True,15.11,14.203854166666668,0,True
2026-08-17T17:45:00Z,2,Nablus,2-1,15.06,15.381354166666666,1,True,15.22,14.644791666666668,0,True,15.72,14.17875,0,True
2026-08-17T18:00:00Z,2,Nablus,2-1,16.5,15.290833333333332,1,True,15.28,14.530833333333334,0,True,15.9,14.155208333333333,0,True
2026-08-17T18:15:00Z,2,Nablus,2-1,16.47,15.203020833333333,1,True,16.65,14.437083333333332,0,True,15.95,14.133333333333333,0,True
2026-08-17T18:30:00Z,2,Nablus,2-1,16.2,15.1103125,1,True,16.6,14.364062500000001,0,True,16.03,14.112291666666666,0,True
2026-08-17T18:45:00Z,2,Nablus,2-1,16.78,15.018229166666666,1,True,18.48,14.335729166666667,0,True,16.13,14.086562500000001,0,True
2026-08-17T19:00:00Z,2,Nablus,2-1,17.55,14.927395833333334,0,True,23.91,14.356875,0,True,16.01,14.060208333333334,0,True
2026-08-17T19:15:00Z,2,Nablus,2-1,17.12,14.846666666666666,0,True,19.85,14.32625,0,True,15.81,14.012708333333334,0,True
2026-08-17T19:30:00Z,2,Nablus,2-1,15.79,14.749375,0,True,17.23,14.3153125,0,True,16.52,13.993541666666665,0,True
2026-08-17T19:45:00Z,2,Nablus,2-1,15.22,14.644791666666668,0,True,16.29,14.294583333333334,0,True,16.89,13.9865625,0,True
2026-08-17T20:00:00Z,2,Nablus,2-1,15.28,14.530833333333334,0,True,15.88,14.277187499999998,0,True,17.0,13.982083333333335,0,True
2026-08-17T20:15:00Z,2,Nablus,2-1,16.65,14.437083333333332,0,True,15.46,14.248333333333333,0,True,16.81,13.984166666666667,0,True
2026-08-17T20:30:00Z,2,Nablus,2-1,16.6,14.364062500000001,0,True,15.11,14.203854166666668,0,True,16.55,13.988124999999998,0,True
2026-08-17T20:45:00Z,2,Nablus,2-1,18.48,14.335729166666667,0,True,15.72,14.17875,0,True,17.35,14.001770833333332,0,True
2026-08-17T21:00:00Z,2,Nablus,2-1,23.91,14.356875,0,True,15.9,14.155208333333333,0,True,17.33,14.012916666666667,0,True
2026-08-17T21:15:00Z,2,Nablus,2-1,19.85,14.32625,0,True,15.95,14.133333333333333,0,True,17.56,14.029791666666666,0,True
2026-08-17T21:30:00Z,2,Nablus,2-1,17.23,14.3153125,0,True,16.03,14.112291666666666,0,True,17.29,14.048020833333332,0,True
2026-08-17T21:45:00Z,2,Nablus,2-1,16.29,14.294583333333334,0,True,16.13,14.086562500000001,0,True,16.55,13.972916666666665,0,True
2026-08-17T22:00:00Z,2,Nablus,2-1,15.88,14.277187499999998,0,True,16.01,14.060208333333334,0,True,17.3,13.989062500000001,0,True
2026-08-17T22:15:00Z,2,Nablus,2-1,15.46,14.248333333333333,0,True,15.81,14.012708333333334,0,True,17.54,14.025,0,True
2026-08-17T22:30:00Z,2,Nablus,2-1,15.11,14.203854166666668,0,True,16.52,13.993541666666665,0,True,17.66,14.057708333333332,0,True
2026-08-17T22:45:00Z,2,Nablus,2-1,15.72,14.17875,0,True,16.89,13.9865625,0,True,18.25,14.103958333333333,0,True
2026-08-17T23:00:00Z,2,Nablus,2-1,15.9,14.155208333333333,0,True,17.0,13.982083333333335,0,True,17.38,14.143125,0,True
2026-08-17T23:15:00Z,2,Nablus,2-1,15.95,14.133333333333333,0,True,16.81,13.984166666666667,0,True,17.07,14.189583333333333,0,True
2026-08-17T23:30:00Z,2,Nablus,2-1,16.03,14.112291666666666,0,True,16.55,13.988124999999998,0,True,17.49,14.235520833333332,0,True
2026-08-17T23:45:00Z,2,Nablus,2-1,16.13,14.086562500000001,0,True,17.35,14.001770833333332,0,True,16.62,14.278541666666667,0,True
2026-08-18T00:00:00Z,2,Nablus,2-1,16.01,14.060208333333334,0,True,17.33,14.012916666666667,0,True,16.57,14.317395833333334,0,True
2026-08-18T00:15:00Z,2,Nablus,2-1,15.81,14.012708333333334,0,True,17.56,14.029791666666666,0,True,16.74,14.351041666666667,0,True
2026-08-18T00:30:00Z,2,Nablus,2-1,16.52,13.993541666666665,0,True,17.29,14.048020833333332,0,True,16.13,14.376874999999998,0,True
2026-08-18T00:45:00Z,2,Nablus,2-1,16.89,13.9865625,0,True,16.55,13.972916666666665,0,True,16.24,14.404895833333333,0,True
2026-08-18T01:00:00Z,2,Nablus,2-1,17.0,13.982083333333335,0,True,17.3,13.989062500000001,0,True,15.97,14.440833333333332,0,True
2026-08-18T01:15:00Z,2,Nablus,2-1,16.81,13.984166666666667,0,True,17.54,14.025,0,True,15.86,14.468333333333334,0,True
2026-08-18T01:30:00Z,2,Nablus,2-1,16.55,13.988124999999998,0,True,17.66,14.057708333333332,0,True,15.39,14.482916666666666,0,True
2026-08-18T01:45:00Z,2,Nablus,2-1,17.35,14.001770833333332,0,True,18.25,14.103958333333333,0,True,15.71,14.500104166666667,0,True
2026-08-18T02:00:00Z,2,Nablus,2-1,17.33,14.012916666666667,0,True,17.38,14.143125,0,True,16.8,14.5184375,0,True
2026-08-18T02:15:00Z,2,Nablus,2-1,17.56,14.029791666666666,0,True,17.07,14.189583333333333,0,True,15.81,14.531875,0,True
2026-08-18T02:30:00Z,2,Nablus,2-1,17.29,14.048020833333332,0,True,17.49,14.235520833333332,0,True,15.37,14.539583333333333,0,True
2026-08-18T02:45:00Z,2,Nablus,2-1,16.55,13.972916666666665,0,True,16.62,14.278541666666667,0,True,15.87,14.568541666666667,0,True
2026-08-18T03:00:00Z,2,Nablus,2-1,17.3,13.989062500000001,0,True,16.57,14.317395833333334,0,True,15.98,14.603541666666665,0,True
2026-08-18T03:15:00Z,2,Nablus,2-1,17.54,14.025,0,True,16.74,14.351041666666667,0,True,15.39,14.636145833333332,0,True
2026-08-18T03:30:00Z,2,Nablus,2-1,17.66,14.057708333333332,0,True,16.13,14.376874999999998,0,True,16.02,14.682291666666666,0,True
2026-08-18T03:45:00Z,2,Nablus,2-1,18.25,14.103958333333333,0,True,16.24,14.404895833333333,0,True,15.27,14.719999999999999,0,True
2026-08-18T04:00:00Z,2,Nablus,2-1,17.38,14.143125,0,True,15.97,14.440833333333332,0,True,15.17,14.7578125,0,True
2026-08-18T04:15:00Z,2,Nablus,2-1,17.07,14.189583333333333,0,True,15.86,14.468333333333334,0,True,16.05,14.807812499999999,0,True
2026-08-18T04:30:00Z,2,Nablus,2-1,17.49,14.235520833333332,0,True,15.39,14.482916666666666,0,True,15.14,14.840624999999998,0,True
2026-08-18T04:45:00Z,2,Nablus,2-1,16.62,14.278541666666667,0,True,15.71,14.500104166666667,0,True,15.94,14.885729166666666,0,True
2026-08-18T05:00:00Z,2,Nablus,2-1,16.57,14.317395833333334,0,True,16.8,14.5184375,0,True,17.02,14.938541666666666,0,True
2026-08-18T05:15:00Z,2,Nablus,2-1,16.74,14.351041666666667,0,True,15.81,14.531875,0,True,16.76,14.997395833333334,0,True
2026-08-18T05:30:00Z,2,Nablus,2-1,16.13,14.376874999999998,0,True,15.37,14.539583333333333,0,True,16.43,15.058958333333335,1,True
2026-08-18T05:45:00Z,2,Nablus,2-1,16.24,14.404895833333333,0,True,15.87,14.568541666666667,0,True,15.94,15.115,1,True
2026-08-18T06:00:00Z,2,Nablus,2-1,15.97,14.440833333333332,0,True,15.98,14.603541666666665,0,True,15.82,15.177708333333333,1,True
2026-08-18T06:15:00Z,2,Nablus,2-1,15.86,14.468333333333334,0,True,15.39,14.636145833333332,0,True,15.88,15.242708333333335,1,True
2026-08-18T06:30:00Z,2,Nablus,2-1,15.39,14.482916666666666,0,True,16.02,14.682291666666666,0,True,14.99,15.302604166666669,1,True
2026-08-18T06:45:00Z,2,Nablus,2-1,15.71,14.500104166666667,0,True,15.27,14.719999999999999,0,True,15.58,15.366666666666667,1,True
2026-08-18T07:00:00Z,2,Nablus,2-1,16.8,14.5184375,0,True,15.17,14.7578125,0,True,15.43,15.435,1,True
2026-08-18T07:15:00Z,2,Nablus,2-1,15.81,14.531875,0,True,16.05,14.807812499999999,0,True,15.64,15.507291666666667,1,True
2026-08-18T07:30:00Z,2,Nablus,2-1,15.37,14.539583333333333,0,True,15.14,14.840624999999998,0,True,14.57,15.565,1,True
2026-08-18T07:45:00Z,2,Nablus,2-1,15.87,14.568541666666667,0,True,15.94,14.885729166666666,0,True,14.53,15.61625,1,True
2026-08-18T08:00:00Z,2,Nablus,2-1,15.98,14.603541666666665,0,True,17.02,14.938541666666666,0,True,14.31,15.676875,1,True
2026-08-18T08:15:00Z,2,Nablus,2-1,15.39,14.636145833333332,0,True,16.76,14.997395833333334,0,True,14.55,15.7415625,1,True
2026-08-18T08:30:00Z,2,Nablus,2-1,16.02,14.682291666666666,0,True,16.43,15.058958333333335,1,True,15.2,15.809479166666668,1,True
2026-08-18T08:45:00Z,2,Nablus,2-1,15.27,14.719999999999999,0,True,15.94,15.115,1,True,15.51,15.874479166666667,1,True
2026-08-18T09:00:00Z,2,Nablus,2-1,15.17,14.7578125,0,True,15.82,15.177708333333333,1,True,17.42,15.95604166666667,1,True
2026-08-18T09:15:00Z,2,Nablus,2-1,16.05,14.807812499999999,0,True,15.88,15.242708333333335,1,True,16.28,16.02416666666667,1,True
2026-08-18T09:30:00Z,2,Nablus,2-1,15.14,14.840624999999998,0,True,14.99,15.302604166666669,1,True,16.57,16.076770833333335,1,True
2026-08-18T09:45:00Z,2,Nablus,2-1,15.94,14.885729166666666,0,True,15.58,15.366666666666667,1,True,17.1,16.140416666666667,1,True
2026-08-18T10:00:00Z,2,Nablus,2-1,17.02,14.938541666666666,0,True,15.43,15.435,1,True,19.34,16.215416666666666,1,True
2026-08-18T10:15:00Z,2,Nablus,2-1,16.76,14.997395833333334,0,True,15.64,15.507291666666667,1,True,20.99,16.303020833333335,1,True
2026-08-18T10:30:00Z,2,Nablus,2-1,16.43,15.058958333333335,1,True,14.57,15.565,1,True,21.49,16.3859375,1,True
2026-08-18T10:45:00Z,2,Nablus,2-1,15.94,15.115,1,True,14.53,15.61625,1,True,21.73,16.468333333333334,1,True
2026-08-18T11:00:00Z,2,Nablus,2-1,15.82,15.177708333333333,1,True,14.31,15.676875,1,True,22.97,16.55333333333333,1,True
2026-08-18T11:15:00Z,2,Nablus,2-1,15.88,15.242708333333335,1,True,14.55,15.7415625,1,True,23.0,16.6346875,1,True
2026-08-18T11:30:00Z,2,Nablus,2-1,14.99,15.302604166666669,1,True,15.2,15.809479166666668,1,True,22.96,16.711770833333333,1,True
2026-08-18T11:45:00Z,2,Nablus,2-1,15.58,15.366666666666667,1,True,15.51,15.874479166666667,1,True,23.91,16.79854166666667,1,True
2026-08-18T12:00:00Z,2,Nablus,2-1,15.43,15.435,1,True,17.42,15.95604166666667,1,True,23.8,16.886770833333333,1,True
2026-08-18T12:15:00Z,2,Nablus,2-1,15.64,15.507291666666667,1,True,16.28,16.02416666666667,1,True,24.62,16.985312500000003,1,True
2026-08-18T12:30:00Z,2,Nablus,2-1,14.57,15.565,1,True,16.57,16.076770833333335,1,True,25.1,17.09375,1,True
2026-08-18T12:45:00Z,2,Nablus,2-1,14.53,15.61625,1,True,17.1,16.140416666666667,1,True,25.11,17.1984375,1,True
2026-08-18T13:00:00Z,2,Nablus,2-1,14.31,15.676875,1,True,19.34,16.215416666666666,1,True,26.69,17.304583333333333,1,True
2026-08-18T13:15:00Z,2,Nablus,2-1,14.55,15.7415625,1,True,20.99,16.303020833333335,1,True,23.79,17.38083333333333,1,True
2026-08-18T13:30:00Z,2,Nablus,2-1,15.2,15.809479166666668,1,True,21.49,16.3859375,1,True,23.59,17.4578125,1,True
2026-08-18T13:45:00Z,2,Nablus,2-1,15.51,15.874479166666667,1,True,21.73,16.468333333333334,1,True,23.06,17.523229166666667,1,True
2026-08-18T14:00:00Z,2,Nablus,2-1,17.42,15.95604166666667,1,True,22.97,16.55333333333333,1,True,23.88,17.589166666666667,1,True
2026-08-18T14:15:00Z,2,Nablus,2-1,16.28,16.02416666666667,1,True,23.0,16.6346875,1,True,22.31,17.643229166666668,1,True
2026-08-18T14:30:00Z,2,Nablus,2-1,16.57,16.076770833333335,1,True,22.96,16.711770833333333,1,True,22.29,17.7109375,1,True
2026-08-18T14:45:00Z,2,Nablus,2-1,17.1,16.140416666666667,1,True,23.91,16.79854166666667,1,True,21.32,17.774479166666666,1,True
2026-08-18T15:00:00Z,2,Nablus,2-1,19.34,16.215416666666666,1,True,23.8,16.886770833333333,1,True,21.44,17.838645833333334,1,True
2026-08-18T15:15:00Z,2,Nablus,2-1,20.99,16.303020833333335,1,True,24.62,16.985312500000003,1,True,20.91,17.883020833333337,1,True
2026-08-18T15:30:00Z,2,Nablus,2-1,21.49,16.3859375,1,True,25.1,17.09375,1,True,20.72,17.9259375,1,True
2026-08-18T15:45:00Z,2,Nablus,2-1,21.73,16.468333333333334,1,True,25.11,17.1984375,1,True,20.73,17.949375,1,True
2026-08-18T16:00:00Z,2,Nablus,2-1,22.97,16.55333333333333,1,True,26.69,17.304583333333333,1,True,22.09,17.93041666666667,1,True
2026-08-18T16:15:00Z,2,Nablus,2-1,23.0,16.6346875,1,True,23.79,17.38083333333333,1,True,21.68,17.949479166666666,1,True
2026-08-18T16:30:00Z,2,Nablus,2-1,22.96,16.711770833333333,1,True,23.59,17.4578125,1,True,20.98,17.988541666666666,1,True
2026-08-18T16:45:00Z,2,Nablus,2-1,23.91,16.79854166666667,1,True,23.06,17.523229166666667,1,True,21.02,18.037812499999998,1,True
2026-08-18T17:00:00Z,2,Nablus,2-1,23.8,16.886770833333333,1,True,23.88,17.589166666666667,1,True,20.58,18.086770833333336,1,True
2026-08-18T17:15:00Z,2,Nablus,2-1,24.62,16.985312500000003,1,True,22.31,17.643229166666668,1,True,20.76,18.14197916666667,1,True
2026-08-18T17:30:00Z,2,Nablus,2-1,25.1,17.09375,1,True,22.29,17.7109375,1,True,19.84,18.19125,1,True
2026-08-18T17:45:00Z,2,Nablus,2-1,25.11,17.1984375,1,True,21.32,17.774479166666666,1,True,19.56,18.23125,1,True
2026-08-18T18:00:00Z,2,Nablus,2-1,26.69,17.304583333333333,1,True,21.44,17.838645833333334,1,True,19.39,18.26760416666667,1,True
2026-08-18T18:15:00Z,2,Nablus,2-1,23.79,17.38083333333333,1,True,20.91,17.883020833333337,1,True,19.42,18.30375,1,True
2026-08-18T18:30:00Z,2,Nablus,2-1,23.59,17.4578125,1,True,20.72,17.9259375,1,True,19.99,18.345000000000002,1,True
2026-08-18T18:45:00Z,2,Nablus,2-1,23.06,17.523229166666667,1,True,20.73,17.949375,1,True,20.49,18.390416666666667,1,True
2026-08-18T19:00:00Z,2,Nablus,2-1,23.88,17.589166666666667,1,True,22.09,17.93041666666667,1,True,19.6,18.427812499999998,1,True
2026-08-18T19:15:00Z,2,Nablus,2-1,22.31,17.643229166666668,1,True,21.68,17.949479166666666,1,True,20.32,18.474791666666665,1,True
2026-08-18T19:30:00Z,2,Nablus,2-1,22.29,17.7109375,1,True,20.98,17.988541666666666,1,True,20.43,18.515520833333333,1,True
2026-08-18T19:45:00Z,2,Nablus,2-1,21.32,17.774479166666666,1,True,21.02,18.037812499999998,1,True,20.75,18.555729166666666,1,True
2026-08-18T20:00:00Z,2,Nablus,2-1,21.44,17.838645833333334,1,True,20.58,18.086770833333336,1,True,19.34,18.580104166666665,1,True
2026-08-18T20:15:00Z,2,Nablus,2-1,20.91,17.883020833333337,1,True,20.76,18.14197916666667,1,True,17.84,18.590833333333332,1,True
2026-08-18T20:30:00Z,2,Nablus,2-1,20.72,17.9259375,1,True,19.84,18.19125,1,True,17.37,18.599375,1,True
2026-08-18T20:45:00Z,2,Nablus,2-1,20.73,17.949375,1,True,19.56,18.23125,1,True,16.26,18.588020833333335,1,True
2026-08-18T21:00:00Z,2,Nablus,2-1,22.09,17.93041666666667,1,True,19.39,18.26760416666667,1,True,15.68,18.570833333333333,1,True
2026-08-18T21:15:00Z,2,Nablus,2-1,21.68,17.949479166666666,1,True,19.42,18.30375,1,True,15.18,18.546041666666667,1,True
2026-08-18T21:30:00Z,2,Nablus,2-1,20.98,17.988541666666666,1,True,19.99,18.345000000000002,1,True,14.04,18.5121875,1,True
2026-08-18T21:45:00Z,2,Nablus,2-1,21.02,18.037812499999998,1,True,20.49,18.390416666666667,1,True,13.66,18.482083333333332,1,True
2026-08-18T22:00:00Z,2,Nablus,2-1,20.58,18.086770833333336,1,True,19.6,18.427812499999998,1,True,13.2,18.439375,1,True
2026-08-18T22:15:00Z,2,Nablus,2-1,20.76,18.14197916666667,1,True,20.32,18.474791666666665,1,True,12.73,18.38927083333333,1,True
2026-08-18T22:30:00Z,2,Nablus,2-1,19.84,18.19125,1,True,20.43,18.515520833333333,1,True,12.44,18.334895833333334,1,True
2026-08-18T22:45:00Z,2,Nablus,2-1,19.56,18.23125,1,True,20.75,18.555729166666666,1,True,13.51,18.285520833333333,1,True
2026-08-18T23:00:00Z,2,Nablus,2-1,19.39,18.26760416666667,1,True,19.34,18.580104166666665,1,True,13.39,18.243958333333335,1,True
2026-08-18T23:15:00Z,2,Nablus,2-1,19.42,18.30375,1,True,17.84,18.590833333333332,1,True,13.37,18.205416666666668,1,True
2026-08-18T23:30:00Z,2,Nablus,2-1,19.99,18.345000000000002,1,True,17.37,18.599375,1,True,13.35,18.162291666666665,1,True
2026-08-18T23:45:00Z,2,Nablus,2-1,20.49,18.390416666666667,1,True,16.26,18.588020833333335,1,True,13.01,18.124687499999997,1,True
2026-08-19T00:00:00Z,2,Nablus,2-1,19.6,18.427812499999998,1,True,15.68,18.570833333333333,1,True,13.16,18.089166666666667,1,True
2026-08-19T00:15:00Z,2,Nablus,2-1,20.32,18.474791666666665,1,True,15.18,18.546041666666667,1,True,12.98,18.05,1,True
2026-08-19T00:30:00Z,2,Nablus,2-1,20.43,18.515520833333333,1,True,14.04,18.5121875,1,True,13.81,18.025833333333335,1,True
2026-08-19T00:45:00Z,2,Nablus,2-1,20.75,18.555729166666666,1,True,13.66,18.482083333333332,1,True,14.19,18.004479166666666,1,True
2026-08-19T01:00:00Z,2,Nablus,2-1,19.34,18.580104166666665,1,True,13.2,18.439375,1,True,15.08,17.995208333333334,1,True
2026-08-19T01:15:00Z,2,Nablus,2-1,17.84,18.590833333333332,1,True,12.73,18.38927083333333,1,True,14.76,17.983749999999997,1,True
2026-08-19T01:30:00Z,2,Nablus,2-1,17.37,18.599375,1,True,12.44,18.334895833333334,1,True,14.75,17.977083333333333,1,True
2026-08-19T01:45:00Z,2,Nablus,2-1,16.26,18.588020833333335,1,True,13.51,18.285520833333333,1,True,13.81,17.957291666666666,1,True
2026-08-19T02:00:00Z,2,Nablus,2-1,15.68,18.570833333333333,1,True,13.39,18.243958333333335,1,True,13.81,17.926145833333333,1,True
2026-08-19T02:15:00Z,2,Nablus,2-1,15.18,18.546041666666667,1,True,13.37,18.205416666666668,1,True,13.75,17.9046875,1,True
2026-08-19T02:30:00Z,2,Nablus,2-1,14.04,18.5121875,1,True,13.35,18.162291666666665,1,True,13.04,17.880416666666665,1,True
2026-08-19T02:45:00Z,2,Nablus,2-1,13.66,18.482083333333332,1,True,13.01,18.124687499999997,1,True,13.44,17.855104166666667,1,True
2026-08-19T03:00:00Z,2,Nablus,2-1,13.2,18.439375,1,True,13.16,18.089166666666667,1,True,12.89,17.822916666666668,1,True
2026-08-19T03:15:00Z,2,Nablus,2-1,12.73,18.38927083333333,1,True,12.98,18.05,1,True,13.19,17.8,1,True
2026-08-19T03:30:00Z,2,Nablus,2-1,12.44,18.334895833333334,1,True,13.81,18.025833333333335,1,True,13.08,17.769375,1,True
2026-08-19T03:45:00Z,2,Nablus,2-1,13.51,18.285520833333333,1,True,14.19,18.004479166666666,1,True,12.48,17.740312499999998,1,True
2026-08-19T04:00:00Z,2,Nablus,2-1,13.39,18.243958333333335,1,True,15.08,17.995208333333334,1,True,11.57,17.7028125,1,True
2026-08-19T04:15:00Z,2,Nablus,2-1,13.37,18.205416666666668,1,True,14.76,17.983749999999997,1,True,11.9,17.659583333333334,1,True
2026-08-19T04:30:00Z,2,Nablus,2-1,13.35,18.162291666666665,1,True,14.75,17.977083333333333,1,True,13.01,17.637395833333333,1,True
2026-08-19T04:45:00Z,2,Nablus,2-1,13.01,18.124687499999997,1,True,13.81,17.957291666666666,1,True,12.85,17.605208333333334,1,True
2026-08-19T05:00:00Z,2,Nablus,2-1,13.16,18.089166666666667,1,True,13.81,17.926145833333333,1,True,13.87,17.572395833333335,1,True
2026-08-19T05:15:00Z,2,Nablus,2-1,12.98,18.05,1,True,13.75,17.9046875,1,True,13.48,17.538229166666667,1,True
2026-08-19T05:30:00Z,2,Nablus,2-1,13.81,18.025833333333335,1,True,13.04,17.880416666666665,1,True,13.33,17.505937499999998,1,True
2026-08-19T05:45:00Z,2,Nablus,2-1,14.19,18.004479166666666,1,True,13.44,17.855104166666667,1,True,13.58,17.481354166666666,1,True
2026-08-19T06:00:00Z,2,Nablus,2-1,15.08,17.995208333333334,1,True,12.89,17.822916666666668,1,True,12.62,17.448020833333334,1,True
2026-08-19T06:15:00Z,2,Nablus,2-1,14.76,17.983749999999997,1,True,13.19,17.8,1,True,13.56,17.423854166666665,1,True
2026-08-19T06:30:00Z,2,Nablus,2-1,14.75,17.977083333333333,1,True,13.08,17.769375,1,True,12.33,17.396145833333332,1,True
2026-08-19T06:45:00Z,2,Nablus,2-1,13.81,17.957291666666666,1,True,12.48,17.740312499999998,1,True,12.63,17.365416666666665,1,True
2026-08-19T07:00:00Z,2,Nablus,2-1,13.81,17.926145833333333,1,True,11.57,17.7028125,1,True,13.44,17.3446875,1,True
2026-08-19T07:15:00Z,2,Nablus,2-1,13.75,17.9046875,1,True,11.9,17.659583333333334,1,True,12.61,17.313125,1,True
2026-08-19T07:30:00Z,2,Nablus,2-1,13.04,17.880416666666665,1,True,13.01,17.637395833333333,1,True,12.04,17.286770833333332,1,True
2026-08-19T07:45:00Z,2,Nablus,2-1,13.44,17.855104166666667,1,True,12.85,17.605208333333334,1,True,12.19,17.262395833333333,1,True
2026-08-19T08:00:00Z,2,Nablus,2-1,12.89,17.822916666666668,1,True,13.87,17.572395833333335,1,True,11.49,17.23302083333333,1,True
2026-08-19T08:15:00Z,2,Nablus,2-1,13.19,17.8,1,True,13.48,17.538229166666667,1,True,10.34,17.18916666666667,1,True
2026-08-19T08:30:00Z,2,Nablus,2-1,13.08,17.769375,1,True,13.33,17.505937499999998,1,True,10.21,17.1371875,1,True
2026-08-19T08:45:00Z,2,Nablus,2-1,12.48,17.740312499999998,1,True,13.58,17.481354166666666,1,True,11.43,17.0946875,1,True
2026-08-19T09:00:00Z,2,Nablus,2-1,11.57,17.7028125,1,True,12.62,17.448020833333334,1,True,10.64,17.0240625,1,True
2026-08-19T09:15:00Z,2,Nablus,2-1,11.9,17.659583333333334,1,True,13.56,17.423854166666665,1,True,10.68,16.965729166666666,1,True
2026-08-19T09:30:00Z,2,Nablus,2-1,13.01,17.637395833333333,1,True,12.33,17.396145833333332,1,True,10.02,16.8975,1,True
2026-08-19T09:45:00Z,2,Nablus,2-1,12.85,17.605208333333334,1,True,12.63,17.365416666666665,1,True,10.76,16.831458333333334,1,True
2026-08-19T10:00:00Z,2,Nablus,2-1,13.87,17.572395833333335,1,True,13.44,17.3446875,1,True,,,,False
2026-08-19T10:15:00Z,2,Nablus,2-1,13.48,17.538229166666667,1,True,12.61,17.313125,1,True,11.25,16.702526315789473,1,True
2026-08-19T10:30:00Z,2,Nablus,2-1,13.33,17.505937499999998,1,True,12.04,17.286770833333332,1,True,11.42,16.596526315789472,1,True
2026-08-19T10:45:00Z,2,Nablus,2-1,13.58,17.481354166666666,1,True,12.19,17.262395833333333,1,True,12.2,16.49621052631579,1,True
2026-08-19T11:00:00Z,2,Nablus,2-1,12.62,17.448020833333334,1,True,11.49,17.23302083333333,1,True,12.74,16.388526315789473,1,True
2026-08-19T11:15:00Z,2,Nablus,2-1,13.56,17.423854166666665,1,True,10.34,17.18916666666667,1,True,13.08,16.284105263157894,1,True
2026-08-19T11:30:00Z,2,Nablus,2-1,12.33,17.396145833333332,1,True,10.21,17.1371875,1,True,12.54,16.17442105263158,1,True
2026-08-19T11:45:00Z,2,Nablus,2-1,12.63,17.365416666666665,1,True,11.43,17.0946875,1,True,12.0,16.04905263157895,1,True
2026-08-19T12:00:00Z,2,Nablus,2-1,13.44,17.3446875,1,True,10.64,17.0240625,1,True,13.08,15.93621052631579,1,True
2026-08-19T12:15:00Z,2,Nablus,2-1,12.61,17.313125,1,True,10.68,16.965729166666666,1,True,12.05,15.803894736842103,1,True
2026-08-19T12:30:00Z,2,Nablus,2-1,12.04,17.286770833333332,1,True,10.02,16.8975,1,True,11.42,15.659894736842105,1,True
2026-08-19T12:45:00Z,2,Nablus,2-1,12.19,17.262395833333333,1,True,10.76,16.831458333333334,1,True,11.95,15.521368421052633,1,True
2026-08-19T13:00:00Z,2,Nablus,2-1,11.49,17.23302083333333,1,True,,,,False,13.15,15.378842105263159,1,True
2026-08-19T13:15:00Z,2,Nablus,2-1,10.34,17.18916666666667,1,True,11.25,16.702526315789473,1,True,12.9,15.264210526315791,1,True
2026-08-19T13:30:00Z,2,Nablus,2-1,10.21,17.1371875,1,True,11.42,16.596526315789472,1,True,12.31,15.145473684210526,1,True
2026-08-19T13:45:00Z,2,Nablus,2-1,11.43,17.0946875,1,True,12.2,16.49621052631579,1,True,12.4,15.033263157894737,1,True
2026-08-19T14:00:00Z,2,Nablus,2-1,10.64,17.0240625,1,True,12.74,16.388526315789473,1,True,12.93,14.917999999999997,0,True
2026-08-19T14:15:00Z,2,Nablus,2-1,10.68,16.965729166666666,1,True,13.08,16.284105263157894,1,True,13.76,14.827999999999998,0,True
2026-08-19T14:30:00Z,2,Nablus,2-1,10.02,16.8975,1,True,12.54,16.17442105263158,1,True,13.28,14.733157894736841,0,True
2026-08-19T14:45:00Z,2,Nablus,2-1,10.76,16.831458333333334,1,True,12.0,16.04905263157895,1,True,13.21,14.64778947368421,0,True
2026-08-19T15:00:00Z,2,Nablus,2-1,,,,False,13.08,15.93621052631579,1,True,14.17,14.571263157894737,0,True
2026-08-19T15:15:00Z,2,Nablus,2-1,11.25,16.702526315789473,1,True,12.05,15.803894736842103,1,True,13.8,14.496421052631577,0,True
2026-08-19T15:30:00Z,2,Nablus,2-1,11.42,16.596526315789472,1,True,11.42,15.659894736842105,1,True,14.48,14.430736842105263,0,True
2026-08-19T15:45:00Z,2,Nablus,2-1,12.2,16.49621052631579,1,True,11.95,15.521368421052633,1,True,13.7,14.356736842105263,0,True
2026-08-19T16:15:00Z,2,Nablus,2-1,13.08,16.284105263157894,1,True,12.9,15.264210526315791,1,True,12.01,14.159052631578948,0,True
2026-08-19T16:30:00Z,2,Nablus,2-1,12.54,16.17442105263158,1,True,12.31,15.145473684210526,1,True,12.32,14.067894736842106,0,True
2026-08-19T16:45:00Z,2,Nablus,2-1,12.0,16.04905263157895,1,True,12.4,15.033263157894737,1,True,12.85,13.981894736842108,0,True
2026-08-19T17:00:00Z,2,Nablus,2-1,13.08,15.93621052631579,1,True,12.93,14.917999999999997,0,True,12.73,13.899263157894735,0,True
2026-08-19T17:15:00Z,2,Nablus,2-1,12.05,15.803894736842103,1,True,13.76,14.827999999999998,0,True,12.37,13.810947368421052,0,True
2026-08-19T17:30:00Z,2,Nablus,2-1,11.42,15.659894736842105,1,True,13.28,14.733157894736841,0,True,12.1,13.729473684210525,0,True
2026-08-19T17:45:00Z,2,Nablus,2-1,11.95,15.521368421052633,1,True,13.21,14.64778947368421,0,True,11.23,13.641789473684211,0,True
2026-08-19T18:00:00Z,2,Nablus,2-1,13.15,15.378842105263159,1,True,14.17,14.571263157894737,0,True,11.55,13.559263157894739,0,True
2026-08-19T18:15:00Z,2,Nablus,2-1,12.9,15.264210526315791,1,True,13.8,14.496421052631577,0,True,11.58,13.476736842105263,0,True
2026-08-19T18:30:00Z,2,Nablus,2-1,12.31,15.145473684210526,1,True,14.48,14.430736842105263,0,True,11.44,13.386736842105263,0,True
2026-08-19T18:45:00Z,2,Nablus,2-1,12.4,15.033263157894737,1,True,13.7,14.356736842105263,0,True,11.43,13.29136842105263,0,True
2026-08-19T19:00:00Z,2,Nablus,2-1,12.93,14.917999999999997,0,True,12.98,14.260842105263158,0,True,11.8,13.209263157894737,0,True
2026-08-19T19:15:00Z,2,Nablus,2-1,13.76,14.827999999999998,0,True,12.01,14.159052631578948,0,True,12.36,13.125473684210528,0,True
2026-08-19T19:30:00Z,2,Nablus,2-1,13.28,14.733157894736841,0,True,12.32,14.067894736842106,0,True,12.23,13.039157894736842,0,True
2026-08-19T19:45:00Z,2,Nablus,2-1,13.21,14.64778947368421,0,True,12.85,13.981894736842108,0,True,12.06,12.947684210526315,0,True
2026-08-19T20:00:00Z,2,Nablus,2-1,14.17,14.571263157894737,0,True,12.73,13.899263157894735,0,True,11.67,12.866947368421053,0,True
2026-08-19T20:15:00Z,2,Nablus,2-1,13.8,14.496421052631577,0,True,12.37,13.810947368421052,0,True,12.14,12.806947368421051,0,True
2026-08-19T20:30:00Z,2,Nablus,2-1,14.48,14.430736842105263,0,True,12.1,13.729473684210525,0,True,12.48,12.755473684210527,0,True
2026-08-19T20:45:00Z,2,Nablus,2-1,13.7,14.356736842105263,0,True,11.23,13.641789473684211,0,True,12.11,12.711789473684211,0,True
2026-08-19T21:00:00Z,2,Nablus,2-1,12.98,14.260842105263158,0,True,11.55,13.559263157894739,0,True,12.49,12.678210526315791,0,True
2026-08-19T21:15:00Z,2,Nablus,2-1,12.01,14.159052631578948,0,True,11.58,13.476736842105263,0,True,12.71,12.65221052631579,0,True
2026-08-19T21:30:00Z,2,Nablus,2-1,12.32,14.067894736842106,0,True,11.44,13.386736842105263,0,True,12.89,12.640105263157894,0,True
2026-08-19T21:45:00Z,2,Nablus,2-1,12.85,13.981894736842108,0,True,11.43,13.29136842105263,0,True,12.33,12.626105263157894,0,True
2026-08-19T22:00:00Z,2,Nablus,2-1,12.73,13.899263157894735,0,False,11.8,13.209263157894737,0,False,12.05,12.614,0,False
2026-08-19T22:15:00Z,2,Nablus,2-1,12.37,13.810947368421052,0,True,12.36,13.125473684210528,0,True,12.24,12.60884210526316,0,True
2026-08-19T22:30:00Z,2,Nablus,2-1,12.1,13.729473684210525,0,True,12.23,13.039157894736842,0,True,14.38,12.629263157894737,0,True
2026-08-19T22:45:00Z,2,Nablus,2-1,11.23,13.641789473684211,0,True,12.06,12.947684210526315,0,True,14.03,12.634736842105262,0,True
2026-08-19T23:00:00Z,2,Nablus,2-1,11.55,13.559263157894739,0,True,11.67,12.866947368421053,0,True,15.12,12.652947368421053,0,True
2026-08-19T23:15:00Z,2,Nablus,2-1,11.58,13.476736842105263,0,True,12.14,12.806947368421051,0,True,15.29,12.673157894736843,0,True
2026-08-19T23:30:00Z,2,Nablus,2-1,11.44,13.386736842105263,0,True,12.48,12.755473684210527,0,True,15.93,12.700315789473686,0,True
2026-08-19T23:45:00Z,2,Nablus,2-1,11.43,13.29136842105263,0,True,12.11,12.711789473684211,0,True,15.75,12.729157894736844,0,True
2026-08-20T00:00:00Z,2,Nablus,2-1,11.8,13.209263157894737,0,True,12.49,12.678210526315791,0,True,15.88,12.75778947368421,0,True
2026-08-20T00:15:00Z,2,Nablus,2-1,12.36,13.125473684210528,0,True,12.71,12.65221052631579,0,True,17.36,12.803894736842103,0,True
2026-08-20T00:30:00Z,2,Nablus,2-1,12.23,13.039157894736842,0,True,12.89,12.640105263157894,0,True,17.66,12.84442105263158,0,True
2026-08-20T00:45:00Z,2,Nablus,2-1,12.06,12.947684210526315,0,True,12.33,12.626105263157894,0,True,17.6,12.880315789473686,0,True
2026-08-20T01:00:00Z,2,Nablus,2-1,11.67,12.866947368421053,0,True,12.05,12.614,0,True,17.51,12.905894736842107,0,True
2026-08-20T01:15:00Z,2,Nablus,2-1,12.14,12.806947368421051,0,True,12.24,12.60884210526316,0,True,17.53,12.93505263157895,0,True
2026-08-20T01:30:00Z,2,Nablus,2-1,12.48,12.755473684210527,0,True,14.38,12.629263157894737,0,True,18.35,12.972947368421053,0,True
2026-08-20T01:45:00Z,2,Nablus,2-1,12.11,12.711789473684211,0,True,14.03,12.634736842105262,0,True,17.06,13.00715789473684,0,True
2026-08-20T02:00:00Z,2,Nablus,2-1,12.49,12.678210526315791,0,True,15.12,12.652947368421053,0,True,17.01,13.040842105263156,0,True
2026-08-20T02:15:00Z,2,Nablus,2-1,12.71,12.65221052631579,0,True,15.29,12.673157894736843,0,True,17.63,13.081684210526316,0,True
2026-08-20T02:30:00Z,2,Nablus,2-1,12.89,12.640105263157894,0,True,15.93,12.700315789473686,0,True,14.92,13.101473684210527,0,True
2026-08-20T02:45:00Z,2,Nablus,2-1,12.33,12.626105263157894,0,True,15.75,12.729157894736844,0,True,15.23,13.120315789473684,0,True
2026-08-20T03:00:00Z,2,Nablus,2-1,12.05,12.614,0,True,15.88,12.75778947368421,0,True,14.61,13.13842105263158,0,True
2026-08-20T03:15:00Z,2,Nablus,2-1,12.24,12.60884210526316,0,True,17.36,12.803894736842103,0,True,15.13,13.158842105263156,0,True
2026-08-20T03:30:00Z,2,Nablus,2-1,14.38,12.629263157894737,0,True,17.66,12.84442105263158,0,True,15.18,13.180947368421053,0,True
2026-08-20T03:45:00Z,2,Nablus,2-1,14.03,12.634736842105262,0,True,17.6,12.880315789473686,0,True,15.02,13.207684210526317,0,True
2026-08-20T04:00:00Z,2,Nablus,2-1,15.12,12.652947368421053,0,True,17.51,12.905894736842107,0,True,14.86,13.242315789473684,0,True
2026-08-20T04:15:00Z,2,Nablus,2-1,15.29,12.673157894736843,0,True,17.53,12.93505263157895,0,True,15.98,13.285263157894738,0,True
2026-08-20T04:30:00Z,2,Nablus,2-1,15.93,12.700315789473686,0,True,18.35,12.972947368421053,0,True,15.09,13.307157894736843,0,True
2026-08-20T04:45:00Z,2,Nablus,2-1,15.75,12.729157894736844,0,True,17.06,13.00715789473684,0,True,15.97,13.34,0,True
2026-08-20T05:00:00Z,2,Nablus,2-1,15.88,12.75778947368421,0,True,17.01,13.040842105263156,0,True,16.97,13.37263157894737,0,True
2026-08-20T05:15:00Z,2,Nablus,2-1,17.36,12.803894736842103,0,True,17.63,13.081684210526316,0,True,16.92,13.408842105263156,0,True
2026-08-20T05:30:00Z,2,Nablus,2-1,17.66,12.84442105263158,0,True,14.92,13.101473684210527,0,True,16.95,13.446947368421053,0,True
2026-08-20T05:45:00Z,2,Nablus,2-1,17.6,12.880315789473686,0,True,15.23,13.120315789473684,0,True,17.21,13.485157894736842,0,True
2026-08-20T06:00:00Z,2,Nablus,2-1,17.51,12.905894736842107,0,True,14.61,13.13842105263158,0,True,17.17,13.533052631578949,0,True
2026-08-20T06:15:00Z,2,Nablus,2-1,17.53,12.93505263157895,0,True,15.13,13.158842105263156,0,True,17.64,13.576,0,True
2026-08-20T06:30:00Z,2,Nablus,2-1,18.35,12.972947368421053,0,True,15.18,13.180947368421053,0,True,17.83,13.633894736842105,0,True
2026-08-20T06:45:00Z,2,Nablus,2-1,17.06,13.00715789473684,0,True,15.02,13.207684210526317,0,True,16.68,13.676526315789474,0,True
2026-08-20T07:00:00Z,2,Nablus,2-1,17.01,13.040842105263156,0,True,14.86,13.242315789473684,0,True,16.01,13.70357894736842,0,True
2026-08-20T07:15:00Z,2,Nablus,2-1,17.63,13.081684210526316,0,True,15.98,13.285263157894738,0,True,17.35,13.753473684210528,0,True
2026-08-20T07:30:00Z,2,Nablus,2-1,14.92,13.101473684210527,0,True,15.09,13.307157894736843,0,True,15.93,13.794421052631579,0,True
2026-08-20T07:45:00Z,2,Nablus,2-1,15.23,13.120315789473684,0,True,15.97,13.34,0,True,14.96,13.823578947368421,0,True
2026-08-20T08:00:00Z,2,Nablus,2-1,14.61,13.13842105263158,0,True,16.97,13.37263157894737,0,True,14.74,13.85778947368421,0,True
2026-08-20T08:15:00Z,2,Nablus,2-1,15.13,13.158842105263156,0,True,16.92,13.408842105263156,0,True,17.3,13.931052631578948,0,True
2026-08-20T08:30:00Z,2,Nablus,2-1,15.18,13.180947368421053,0,True,16.95,13.446947368421053,0,True,14.35,13.974631578947367,0,True
2026-08-20T08:45:00Z,2,Nablus,2-1,15.02,13.207684210526317,0,True,17.21,13.485157894736842,0,True,14.93,14.011473684210527,0,True
2026-08-20T09:00:00Z,2,Nablus,2-1,14.86,13.242315789473684,0,True,17.17,13.533052631578949,0,True,15.17,14.05915789473684,0,True
2026-08-20T09:15:00Z,2,Nablus,2-1,15.98,13.285263157894738,0,True,17.64,13.576,0,True,15.62,14.111157894736841,0,True
2026-08-20T09:30:00Z,2,Nablus,2-1,15.09,13.307157894736843,0,True,17.83,13.633894736842105,0,True,15.56,14.169473684210525,0,True
2026-08-20T09:45:00Z,2,Nablus,2-1,15.97,13.34,0,True,16.68,13.676526315789474,0,True,16.55,14.230421052631577,0,True
2026-08-20T10:00:00Z,2,Nablus,2-1,16.97,13.37263157894737,0,True,16.01,13.70357894736842,0,True,17.47,14.264166666666666,0,True
2026-08-20T10:15:00Z,2,Nablus,2-1,16.92,13.408842105263156,0,True,17.35,13.753473684210528,0,True,18.45,14.339166666666666,0,True
2026-08-20T10:30:00Z,2,Nablus,2-1,16.95,13.446947368421053,0,True,15.93,13.794421052631579,0,True,19.43,14.422604166666668,0,True
2026-08-20T10:45:00Z,2,Nablus,2-1,17.21,13.485157894736842,0,True,14.96,13.823578947368421,0,True,21.48,14.519270833333335,0,True
2026-08-20T11:00:00Z,2,Nablus,2-1,17.17,13.533052631578949,0,True,14.74,13.85778947368421,0,True,22.37,14.619583333333333,0,True
2026-08-20T11:15:00Z,2,Nablus,2-1,17.64,13.576,0,True,17.3,13.931052631578948,0,True,22.67,14.719479166666668,0,True
2026-08-20T11:30:00Z,2,Nablus,2-1,17.83,13.633894736842105,0,True,14.35,13.974631578947367,0,True,22.02,14.818229166666667,0,True
2026-08-20T11:45:00Z,2,Nablus,2-1,16.68,13.676526315789474,0,True,14.93,14.011473684210527,0,True,25.34,14.957187499999998,0,True
2026-08-20T12:00:00Z,2,Nablus,2-1,16.01,13.70357894736842,0,True,15.17,14.05915789473684,0,True,24.9,15.0803125,1,True
2026-08-20T12:15:00Z,2,Nablus,2-1,17.35,13.753473684210528,0,True,15.62,14.111157894736841,0,True,25.78,15.223333333333334,1,True
2026-08-20T12:30:00Z,2,Nablus,2-1,15.93,13.794421052631579,0,True,15.56,14.169473684210525,0,True,28.0,15.396041666666667,1,True
2026-08-20T12:45:00Z,2,Nablus,2-1,14.96,13.823578947368421,0,True,16.55,14.230421052631577,0,True,30.07,15.584791666666666,1,True
2026-08-20T13:00:00Z,2,Nablus,2-1,14.74,13.85778947368421,0,True,17.47,14.264166666666666,0,True,31.51,15.776041666666666,1,True
2026-08-20T13:15:00Z,2,Nablus,2-1,17.3,13.931052631578948,0,True,18.45,14.339166666666666,0,True,36.38,16.020625,1,True
2026-08-20T13:30:00Z,2,Nablus,2-1,14.35,13.974631578947367,0,True,19.43,14.422604166666668,0,True,37.74,16.285520833333333,1,True
2026-08-20T13:45:00Z,2,Nablus,2-1,14.93,14.011473684210527,0,True,21.48,14.519270833333335,0,True,37.57,16.547708333333333,1,True
2026-08-20T14:00:00Z,2,Nablus,2-1,15.17,14.05915789473684,0,True,22.37,14.619583333333333,0,True,36.71,16.795416666666668,1,True
2026-08-20T14:15:00Z,2,Nablus,2-1,15.62,14.111157894736841,0,True,22.67,14.719479166666668,0,True,28.83,16.952395833333334,1,True
2026-08-20T14:30:00Z,2,Nablus,2-1,15.56,14.169473684210525,0,True,22.02,14.818229166666667,0,True,27.31,17.098541666666666,1,True
2026-08-20T14:45:00Z,2,Nablus,2-1,16.55,14.230421052631577,0,True,25.34,14.957187499999998,0,True,27.45,17.246875,1,True
2026-08-20T15:00:00Z,2,Nablus,2-1,17.47,14.264166666666666,0,True,24.9,15.0803125,1,True,26.43,17.374583333333334,1,True
2026-08-20T15:15:00Z,2,Nablus,2-1,18.45,14.339166666666666,0,True,25.78,15.223333333333334,1,True,25.4,17.495416666666667,1,True
2026-08-20T15:30:00Z,2,Nablus,2-1,19.43,14.422604166666668,0,True,28.0,15.396041666666667,1,True,23.74,17.591874999999998,1,True
2026-08-20T15:45:00Z,2,Nablus,2-1,21.48,14.519270833333335,0,True,30.07,15.584791666666666,1,True,24.41,17.7034375,1,True
2026-08-20T16:00:00Z,2,Nablus,2-1,22.37,14.619583333333333,0,True,31.51,15.776041666666666,1,True,25.01,17.82875,1,True
2026-08-20T16:15:00Z,2,Nablus,2-1,22.67,14.719479166666668,0,True,36.38,16.020625,1,True,25.23,17.966458333333332,1,True
2026-08-20T16:30:00Z,2,Nablus,2-1,22.02,14.818229166666667,0,True,37.74,16.285520833333333,1,True,25.53,18.1040625,1,True
2026-08-20T16:45:00Z,2,Nablus,2-1,25.34,14.957187499999998,0,True,37.57,16.547708333333333,1,True,27.19,18.2534375,1,True
2026-08-20T17:00:00Z,2,Nablus,2-1,24.9,15.0803125,1,True,36.71,16.795416666666668,1,True,30.6,18.43958333333333,1,True
2026-08-20T17:15:00Z,2,Nablus,2-1,25.78,15.223333333333334,1,True,28.83,16.952395833333334,1,True,30.9,18.632604166666667,1,True
2026-08-20T17:30:00Z,2,Nablus,2-1,28.0,15.396041666666667,1,True,27.31,17.098541666666666,1,True,32.75,18.847708333333333,1,True
2026-08-20T17:45:00Z,2,Nablus,2-1,30.07,15.584791666666666,1,True,27.45,17.246875,1,True,30.93,19.05291666666667,1,True
2026-08-20T18:00:00Z,2,Nablus,2-1,31.51,15.776041666666666,1,True,26.43,17.374583333333334,1,True,30.19,19.247083333333332,1,True
2026-08-20T18:15:00Z,2,Nablus,2-1,36.38,16.020625,1,True,25.4,17.495416666666667,1,True,28.81,19.4265625,1,True
2026-08-20T18:30:00Z,2,Nablus,2-1,37.74,16.285520833333333,1,True,23.74,17.591874999999998,1,True,30.32,19.623229166666665,1,True
2026-08-20T18:45:00Z,2,Nablus,2-1,37.57,16.547708333333333,1,True,24.41,17.7034375,1,True,32.57,19.8434375,1,True
2026-08-20T19:00:00Z,2,Nablus,2-1,36.71,16.795416666666668,1,True,25.01,17.82875,1,True,28.68,20.019270833333334,1,True
2026-08-20T19:15:00Z,2,Nablus,2-1,28.83,16.952395833333334,1,True,25.23,17.966458333333332,1,True,29.69,20.199791666666666,1,True
2026-08-20T19:30:00Z,2,Nablus,2-1,27.31,17.098541666666666,1,True,25.53,18.1040625,1,True,31.48,20.400312500000002,1,True
2026-08-20T19:45:00Z,2,Nablus,2-1,27.45,17.246875,1,True,27.19,18.2534375,1,True,30.78,20.595312500000002,1,True
2026-08-20T20:00:00Z,2,Nablus,2-1,26.43,17.374583333333334,1,True,30.6,18.43958333333333,1,True,33.62,20.823958333333334,1,True
2026-08-20T20:15:00Z,2,Nablus,2-1,25.4,17.495416666666667,1,True,30.9,18.632604166666667,1,True,34.08,21.052500000000002,1,True
2026-08-20T20:30:00Z,2,Nablus,2-1,23.74,17.591874999999998,1,True,32.75,18.847708333333333,1,True,34.16,21.278333333333332,1,True
2026-08-20T20:45:00Z,2,Nablus,2-1,24.41,17.7034375,1,True,30.93,19.05291666666667,1,True,33.12,21.4971875,1,True
2026-08-20T21:00:00Z,2,Nablus,2-1,25.01,17.82875,1,True,30.19,19.247083333333332,1,True,32.02,21.700625000000002,1,True
2026-08-20T21:15:00Z,2,Nablus,2-1,25.23,17.966458333333332,1,True,28.81,19.4265625,1,True,30.7,21.888020833333332,1,True
2026-08-20T21:30:00Z,2,Nablus,2-1,25.53,18.1040625,1,True,30.32,19.623229166666665,1,True,27.63,22.041562499999998,1,True
2026-08-20T21:45:00Z,2,Nablus,2-1,27.19,18.2534375,1,True,32.57,19.8434375,1,True,25.45,22.178229166666664,1,True
2026-08-20T22:00:00Z,2,Nablus,2-1,30.6,18.43958333333333,1,True,28.68,20.019270833333334,1,True,23.77,22.3003125,1,True
2026-08-20T22:15:00Z,2,Nablus,2-1,30.9,18.632604166666667,1,True,29.69,20.199791666666666,1,True,22.21,22.404166666666665,1,True
2026-08-20T22:30:00Z,2,Nablus,2-1,32.75,18.847708333333333,1,True,31.48,20.400312500000002,1,True,21.37,22.476979166666666,1,True
2026-08-20T22:45:00Z,2,Nablus,2-1,30.93,19.05291666666667,1,True,30.78,20.595312500000002,1,True,21.24,22.552083333333332,1,True
2026-08-20T23:00:00Z,2,Nablus,2-1,30.19,19.247083333333332,1,True,33.62,20.823958333333334,1,True,21.71,22.620729166666667,1,True
2026-08-20T23:15:00Z,2,Nablus,2-1,28.81,19.4265625,1,True,34.08,21.052500000000002,1,True,23.37,22.704895833333335,1,True
2026-08-20T23:30:00Z,2,Nablus,2-1,30.32,19.623229166666665,1,True,34.16,21.278333333333332,1,True,24.3,22.792083333333334,1,True
2026-08-20T23:45:00Z,2,Nablus,2-1,32.57,19.8434375,1,True,33.12,21.4971875,1,True,25.8,22.89677083333333,1,True
2026-08-21T00:00:00Z,2,Nablus,2-1,28.68,20.019270833333334,1,True,32.02,21.700625000000002,1,True,24.68,22.9884375,1,True
2026-08-21T00:15:00Z,2,Nablus,2-1,29.69,20.199791666666666,1,True,30.7,21.888020833333332,1,True,23.6,23.0534375,1,True
2026-08-21T00:30:00Z,2,Nablus,2-1,31.48,20.400312500000002,1,True,27.63,22.041562499999998,1,True,22.52,23.104062499999998,1,True
2026-08-21T00:45:00Z,2,Nablus,2-1,30.78,20.595312500000002,1,True,25.45,22.178229166666664,1,True,24.8,23.1790625,1,True
2026-08-21T01:00:00Z,2,Nablus,2-1,33.62,20.823958333333334,1,True,23.77,22.3003125,1,True,27.96,23.28791666666667,1,True
2026-08-21T01:15:00Z,2,Nablus,2-1,34.08,21.052500000000002,1,True,22.21,22.404166666666665,1,True,22.7,23.34177083333333,1,True
2026-08-21T01:30:00Z,2,Nablus,2-1,34.16,21.278333333333332,1,True,21.37,22.476979166666666,1,True,23.89,23.399479166666666,1,True
2026-08-21T01:45:00Z,2,Nablus,2-1,33.12,21.4971875,1,True,21.24,22.552083333333332,1,True,24.37,23.475625000000004,1,True
2026-08-21T02:00:00Z,2,Nablus,2-1,32.02,21.700625000000002,1,True,21.71,22.620729166666667,1,True,22.92,23.537187499999998,1,True
2026-08-21T02:15:00Z,2,Nablus,2-1,30.7,21.888020833333332,1,True,23.37,22.704895833333335,1,True,23.12,23.594375000000003,1,True
2026-08-21T02:30:00Z,2,Nablus,2-1,27.63,22.041562499999998,1,True,24.3,22.792083333333334,1,True,25.09,23.7003125,1,True
2026-08-21T02:45:00Z,2,Nablus,2-1,25.45,22.178229166666664,1,True,25.8,22.89677083333333,1,True,21.53,23.765937500000003,1,True
2026-08-21T03:00:00Z,2,Nablus,2-1,23.77,22.3003125,1,True,24.68,22.9884375,1,True,20.64,23.82875,1,True
2026-08-21T03:15:00Z,2,Nablus,2-1,22.21,22.404166666666665,1,True,23.6,23.0534375,1,True,20.43,23.88395833333333,1,True
2026-08-21T03:30:00Z,2,Nablus,2-1,21.37,22.476979166666666,1,True,22.52,23.104062499999998,1,True,20.15,23.935729166666665,1,True
2026-08-21T03:45:00Z,2,Nablus,2-1,21.24,22.552083333333332,1,True,24.8,23.1790625,1,True,19.91,23.986666666666668,1,True
2026-08-21T04:00:00Z,2,Nablus,2-1,21.71,22.620729166666667,1,True,27.96,23.28791666666667,1,True,20.55,24.045937499999997,1,True
2026-08-21T04:15:00Z,2,Nablus,2-1,23.37,22.704895833333335,1,True,22.7,23.34177083333333,1,True,20.79,24.096041666666665,1,True
2026-08-21T04:30:00Z,2,Nablus,2-1,24.3,22.792083333333334,1,True,23.89,23.399479166666666,1,True,21.69,24.16479166666667,1,True
2026-08-21T04:45:00Z,2,Nablus,2-1,25.8,22.89677083333333,1,True,24.37,23.475625000000004,1,True,22.79,24.235833333333332,1,True
2026-08-21T05:00:00Z,2,Nablus,2-1,24.68,22.9884375,1,True,22.92,23.537187499999998,1,True,22.64,24.29489583333334,1,True
2026-08-21T05:15:00Z,2,Nablus,2-1,23.6,23.0534375,1,True,23.12,23.594375000000003,1,True,21.35,24.34104166666667,1,True
2026-08-21T05:30:00Z,2,Nablus,2-1,22.52,23.104062499999998,1,True,25.09,23.7003125,1,True,20.3,24.375937499999996,1,True
2026-08-21T05:45:00Z,2,Nablus,2-1,24.8,23.1790625,1,True,21.53,23.765937500000003,1,True,19.72,24.402083333333334,1,True
2026-08-21T06:00:00Z,2,Nablus,2-1,27.96,23.28791666666667,1,True,20.64,23.82875,1,True,19.27,24.423958333333335,1,True
2026-08-21T06:15:00Z,2,Nablus,2-1,22.7,23.34177083333333,1,True,20.43,23.88395833333333,1,True,18.7,24.435,1,True
2026-08-21T06:30:00Z,2,Nablus,2-1,23.89,23.399479166666666,1,True,20.15,23.935729166666665,1,True,18.94,24.4465625,1,True
2026-08-21T06:45:00Z,2,Nablus,2-1,24.37,23.475625000000004,1,True,19.91,23.986666666666668,1,True,17.64,24.4565625,1,True
2026-08-21T07:00:00Z,2,Nablus,2-1,22.92,23.537187499999998,1,True,20.55,24.045937499999997,1,True,18.45,24.481979166666665,1,True
2026-08-21T07:15:00Z,2,Nablus,2-1,23.12,23.594375000000003,1,True,20.79,24.096041666666665,1,True,18.21,24.4909375,1,True
2026-08-21T07:30:00Z,2,Nablus,2-1,25.09,23.7003125,1,True,21.69,24.16479166666667,1,True,19.2,24.525000000000002,1,True
2026-08-21T07:45:00Z,2,Nablus,2-1,21.53,23.765937500000003,1,True,22.79,24.235833333333332,1,True,16.97,24.545937500000004,1,True
2026-08-21T08:00:00Z,2,Nablus,2-1,20.64,23.82875,1,True,22.64,24.29489583333334,1,True,16.96,24.569062499999998,1,True
2026-08-21T08:15:00Z,2,Nablus,2-1,20.43,23.88395833333333,1,True,21.35,24.34104166666667,1,True,16.78,24.563645833333336,1,True
2026-08-21T08:30:00Z,2,Nablus,2-1,20.15,23.935729166666665,1,True,20.3,24.375937499999996,1,True,17.11,24.592395833333338,1,True
2026-08-21T08:45:00Z,2,Nablus,2-1,19.91,23.986666666666668,1,True,19.72,24.402083333333334,1,True,16.86,24.612499999999997,1,True
2026-08-21T09:00:00Z,2,Nablus,2-1,20.55,24.045937499999997,1,True,19.27,24.423958333333335,1,True,17.1,24.632604166666667,1,True
2026-08-21T09:15:00Z,2,Nablus,2-1,20.79,24.096041666666665,1,True,18.7,24.435,1,True,,,,False
2026-08-21T09:30:00Z,2,Nablus,2-1,21.69,24.16479166666667,1,True,18.94,24.4465625,1,True,17.3,24.74578947368421,1,True
2026-08-21T09:45:00Z,2,Nablus,2-1,22.79,24.235833333333332,1,True,17.64,24.4565625,1,True,19.11,24.77273684210526,1,True
2026-08-21T10:00:00Z,2,Nablus,2-1,22.64,24.29489583333334,1,True,18.45,24.481979166666665,1,True,20.0,24.79936842105263,1,True
2026-08-21T10:15:00Z,2,Nablus,2-1,21.35,24.34104166666667,1,True,18.21,24.4909375,1,True,21.88,24.83547368421053,1,True
2026-08-21T10:30:00Z,2,Nablus,2-1,20.3,24.375937499999996,1,True,19.2,24.525000000000002,1,True,24.41,24.887894736842103,1,True
2026-08-21T10:45:00Z,2,Nablus,2-1,19.72,24.402083333333334,1,True,16.97,24.545937500000004,1,True,24.31,24.917684210526314,1,True
2026-08-21T11:00:00Z,2,Nablus,2-1,19.27,24.423958333333335,1,True,16.96,24.569062499999998,1,True,25.29,24.948421052631577,1,True
2026-08-21T11:15:00Z,2,Nablus,2-1,18.7,24.435,1,True,16.78,24.563645833333336,1,True,25.61,24.97936842105263,1,True
2026-08-21T11:30:00Z,2,Nablus,2-1,18.94,24.4465625,1,True,17.11,24.592395833333338,1,True,25.28,25.013684210526318,1,True
2026-08-21T11:45:00Z,2,Nablus,2-1,17.64,24.4565625,1,True,16.86,24.612499999999997,1,True,26.13,25.022,1,True
2026-08-21T12:00:00Z,2,Nablus,2-1,18.45,24.481979166666665,1,True,17.1,24.632604166666667,1,True,28.29,25.057684210526315,1,True
2026-08-21T12:15:00Z,2,Nablus,2-1,18.21,24.4909375,1,True,,,,False,27.52,25.075999999999997,1,True
2026-08-21T12:30:00Z,2,Nablus,2-1,19.2,24.525000000000002,1,True,17.3,24.74578947368421,1,True,28.52,25.081473684210525,1,True
2026-08-21T12:45:00Z,2,Nablus,2-1,16.97,24.545937500000004,1,True,19.11,24.77273684210526,1,True,29.95,25.08021052631579,1,True
2026-08-21T13:00:00Z,2,Nablus,2-1,16.96,24.569062499999998,1,True,20.0,24.79936842105263,1,True,30.77,25.07242105263158,1,True
2026-08-21T13:15:00Z,2,Nablus,2-1,16.78,24.563645833333336,1,True,21.88,24.83547368421053,1,True,31.99,25.026210526315786,1,True
2026-08-21T13:30:00Z,2,Nablus,2-1,17.11,24.592395833333338,1,True,24.41,24.887894736842103,1,True,32.48,24.97084210526316,1,True
2026-08-21T13:45:00Z,2,Nablus,2-1,16.86,24.612499999999997,1,True,24.31,24.917684210526314,1,True,32.89,24.921578947368424,1,True
2026-08-21T14:00:00Z,2,Nablus,2-1,17.1,24.632604166666667,1,True,25.29,24.948421052631577,1,True,33.37,24.88642105263158,1,True
2026-08-21T14:15:00Z,2,Nablus,2-1,,,,False,25.61,24.97936842105263,1,True,34.99,24.951263157894736,1,True
2026-08-21T14:30:00Z,2,Nablus,2-1,17.3,24.74578947368421,1,True,25.28,25.013684210526318,1,True,36.67,25.04978947368421,1,True
2026-08-21T14:45:00Z,2,Nablus,2-1,19.11,24.77273684210526,1,True,26.13,25.022,1,True,36.28,25.14273684210526,1,True
2026-08-21T15:00:00Z,2,Nablus,2-1,20.0,24.79936842105263,1,True,28.29,25.057684210526315,1,True,37.32,25.25736842105263,1,True
2026-08-21T15:30:00Z,2,Nablus,2-1,24.41,24.887894736842103,1,True,28.52,25.081473684210525,1,True,39.9,25.564947368421052,1,True
2026-08-21T15:45:00Z,2,Nablus,2-1,24.31,24.917684210526314,1,True,29.95,25.08021052631579,1,True,41.69,25.746842105263156,1,True
2026-08-21T16:00:00Z,2,Nablus,2-1,25.29,24.948421052631577,1,True,30.77,25.07242105263158,1,True,42.01,25.92578947368421,1,True
2026-08-21T16:15:00Z,2,Nablus,2-1,25.61,24.97936842105263,1,True,31.99,25.026210526315786,1,True,43.41,26.11715789473684,1,True
2026-08-21T16:30:00Z,2,Nablus,2-1,25.28,25.013684210526318,1,True,32.48,24.97084210526316,1,True,44.11,26.31273684210526,1,True
2026-08-21T16:45:00Z,2,Nablus,2-1,26.13,25.022,1,True,32.89,24.921578947368424,1,True,44.58,26.495789473684216,1,True
2026-08-21T17:00:00Z,2,Nablus,2-1,28.29,25.057684210526315,1,True,33.37,24.88642105263158,1,True,44.98,26.647157894736843,1,True
2026-08-21T17:15:00Z,2,Nablus,2-1,27.52,25.075999999999997,1,True,34.99,24.951263157894736,1,True,41.96,26.763578947368426,1,True
2026-08-21T17:30:00Z,2,Nablus,2-1,28.52,25.081473684210525,1,True,36.67,25.04978947368421,1,True,35.53,26.79284210526316,1,True
2026-08-21T17:45:00Z,2,Nablus,2-1,29.95,25.08021052631579,1,True,36.28,25.14273684210526,1,True,35.81,26.844210526315788,1,True
2026-08-21T18:00:00Z,2,Nablus,2-1,30.77,25.07242105263158,1,True,37.32,25.25736842105263,1,True,34.4,26.888526315789473,1,True
2026-08-21T18:15:00Z,2,Nablus,2-1,31.99,25.026210526315786,1,True,38.46,25.394842105263155,1,True,33.86,26.941684210526315,1,True
2026-08-21T18:30:00Z,2,Nablus,2-1,32.48,24.97084210526316,1,True,39.9,25.564947368421052,1,True,33.89,26.97926315789474,1,True
2026-08-21T18:45:00Z,2,Nablus,2-1,32.89,24.921578947368424,1,True,41.69,25.746842105263156,1,True,34.21,26.996526315789474,1,True
2026-08-21T19:00:00Z,2,Nablus,2-1,33.37,24.88642105263158,1,True,42.01,25.92578947368421,1,True,34.91,27.062105263157896,1,True
2026-08-21T19:15:00Z,2,Nablus,2-1,34.99,24.951263157894736,1,True,43.41,26.11715789473684,1,True,35.97,27.128210526315794,1,True
2026-08-21T19:30:00Z,2,Nablus,2-1,36.67,25.04978947368421,1,True,44.11,26.31273684210526,1,True,36.49,27.18094736842105,1,True
2026-08-21T19:45:00Z,2,Nablus,2-1,36.28,25.14273684210526,1,True,44.58,26.495789473684216,1,True,36.67,27.242947368421053,1,True
2026-08-21T20:00:00Z,2,Nablus,2-1,37.32,25.25736842105263,1,True,44.98,26.647157894736843,1,True,35.27,27.260315789473683,1,True
2026-08-21T20:15:00Z,2,Nablus,2-1,38.46,25.394842105263155,1,True,41.96,26.763578947368426,1,True,34.61,27.265894736842107,1,True
2026-08-21T20:30:00Z,2,Nablus,2-1,39.9,25.564947368421052,1,True,35.53,26.79284210526316,1,True,34.84,27.273052631578942,1,True
2026-08-21T20:45:00Z,2,Nablus,2-1,41.69,25.746842105263156,1,True,35.81,26.844210526315788,1,True,34.68,27.289473684210527,1,True
2026-08-21T21:00:00Z,2,Nablus,2-1,42.01,25.92578947368421,1,True,34.4,26.888526315789473,1,True,36.39,27.335473684210527,1,True
2026-08-21T21:15:00Z,2,Nablus,2-1,43.41,26.11715789473684,1,False,33.86,26.941684210526315,1,False,36.13,27.39263157894737,1,False
2026-08-21T21:30:00Z,2,Nablus,2-1,44.11,26.31273684210526,1,True,33.89,26.97926315789474,1,True,34.67,27.466736842105266,1,True
2026-08-21T21:45:00Z,2,Nablus,2-1,44.58,26.495789473684216,1,True,34.21,26.996526315789474,1,True,34.57,27.562736842105263,1,True
2026-08-21T22:00:00Z,2,Nablus,2-1,44.98,26.647157894736843,1,True,34.91,27.062105263157896,1,True,34.41,27.67473684210527,1,True
2026-08-21T22:15:00Z,2,Nablus,2-1,41.96,26.763578947368426,1,True,35.97,27.128210526315794,1,True,35.64,27.816105263157898,1,True
2026-08-21T22:30:00Z,2,Nablus,2-1,35.53,26.79284210526316,1,True,36.49,27.18094736842105,1,True,35.78,27.967789473684206,1,True
2026-08-21T22:45:00Z,2,Nablus,2-1,35.81,26.844210526315788,1,True,36.67,27.242947368421053,1,True,32.95,28.091052631578947,1,True
2026-08-21T23:00:00Z,2,Nablus,2-1,34.4,26.888526315789473,1,True,35.27,27.260315789473683,1,True,31.93,28.198631578947367,1,True
2026-08-21T23:15:00Z,2,Nablus,2-1,33.86,26.941684210526315,1,True,34.61,27.265894736842107,1,True,30.24,28.270947368421055,1,True
2026-08-21T23:30:00Z,2,Nablus,2-1,33.89,26.97926315789474,1,True,34.84,27.273052631578942,1,True,28.55,28.315684210526314,1,True
2026-08-21T23:45:00Z,2,Nablus,2-1,34.21,26.996526315789474,1,True,34.68,27.289473684210527,1,True,27.57,28.334315789473685,1,True
2026-08-22T00:00:00Z,2,Nablus,2-1,34.91,27.062105263157896,1,True,36.39,27.335473684210527,1,True,26.89,28.35757894736842,1,True
2026-08-22T00:15:00Z,2,Nablus,2-1,35.97,27.128210526315794,1,True,36.13,27.39263157894737,1,True,25.27,28.37515789473684,1,True
2026-08-22T00:30:00Z,2,Nablus,2-1,36.49,27.18094736842105,1,True,34.67,27.466736842105266,1,True,25.44,28.405894736842104,1,True
2026-08-22T00:45:00Z,2,Nablus,2-1,36.67,27.242947368421053,1,True,34.57,27.562736842105263,1,True,24.3,28.40063157894737,1,True
2026-08-22T01:00:00Z,2,Nablus,2-1,35.27,27.260315789473683,1,True,34.41,27.67473684210527,1,True,22.49,28.343052631578946,1,True
2026-08-22T01:15:00Z,2,Nablus,2-1,34.61,27.265894736842107,1,True,35.64,27.816105263157898,1,True,22.49,28.34084210526316,1,True
2026-08-22T01:30:00Z,2,Nablus,2-1,34.84,27.273052631578942,1,True,35.78,27.967789473684206,1,True,22.76,28.32894736842105,1,True
2026-08-22T01:45:00Z,2,Nablus,2-1,34.68,27.289473684210527,1,True,32.95,28.091052631578947,1,True,21.79,28.301789473684206,1,True
2026-08-22T02:00:00Z,2,Nablus,2-1,36.39,27.335473684210527,1,True,31.93,28.198631578947367,1,True,19.68,28.26768421052632,1,True
2026-08-22T02:15:00Z,2,Nablus,2-1,36.13,27.39263157894737,1,True,30.24,28.270947368421055,1,True,20.37,28.23873684210526,1,True
2026-08-22T02:30:00Z,2,Nablus,2-1,34.67,27.466736842105266,1,True,28.55,28.315684210526314,1,True,20.1,28.18621052631579,1,True
2026-08-22T02:45:00Z,2,Nablus,2-1,34.57,27.562736842105263,1,True,27.57,28.334315789473685,1,True,19.92,28.169263157894736,1,True
2026-08-22T03:00:00Z,2,Nablus,2-1,34.41,27.67473684210527,1,True,26.89,28.35757894736842,1,True,20.03,28.16284210526316,1,True
2026-08-22T03:15:00Z,2,Nablus,2-1,35.64,27.816105263157898,1,True,25.27,28.37515789473684,1,True,19.79,28.156105263157897,1,True
2026-08-22T03:30:00Z,2,Nablus,2-1,35.78,27.967789473684206,1,True,25.44,28.405894736842104,1,True,19.02,28.144210526315792,1,True
2026-08-22T03:45:00Z,2,Nablus,2-1,32.95,28.091052631578947,1,True,24.3,28.40063157894737,1,True,20.93,28.154947368421052,1,True
2026-08-22T04:00:00Z,2,Nablus,2-1,31.93,28.198631578947367,1,True,22.49,28.343052631578946,1,True,21.55,28.16547368421053,1,True
2026-08-22T04:15:00Z,2,Nablus,2-1,30.24,28.270947368421055,1,True,22.49,28.34084210526316,1,True,21.54,28.173368421052633,1,True
2026-08-22T04:30:00Z,2,Nablus,2-1,28.55,28.315684210526314,1,True,22.76,28.32894736842105,1,True,21.05,28.166631578947367,1,True
2026-08-22T04:45:00Z,2,Nablus,2-1,27.57,28.334315789473685,1,True,21.79,28.301789473684206,1,True,20.62,28.143789473684215,1,True
2026-08-22T05:00:00Z,2,Nablus,2-1,26.89,28.35757894736842,1,True,19.68,28.26768421052632,1,True,20.52,28.121473684210525,1,True
2026-08-22T05:15:00Z,2,Nablus,2-1,25.27,28.37515789473684,1,True,20.37,28.23873684210526,1,True,20.47,28.11221052631579,1,True
2026-08-22T05:30:00Z,2,Nablus,2-1,25.44,28.405894736842104,1,True,20.1,28.18621052631579,1,True,20.17,28.11084210526316,1,True
2026-08-22T05:45:00Z,2,Nablus,2-1,24.3,28.40063157894737,1,True,19.92,28.169263157894736,1,True,19.98,28.11357894736842,1,True
2026-08-22T06:00:00Z,2,Nablus,2-1,22.49,28.343052631578946,1,True,20.03,28.16284210526316,1,True,20.44,28.125894736842106,1,True
2026-08-22T06:15:00Z,2,Nablus,2-1,22.49,28.34084210526316,1,True,19.79,28.156105263157897,1,True,20.6,28.145894736842106,1,True
2026-08-22T06:30:00Z,2,Nablus,2-1,22.76,28.32894736842105,1,True,19.02,28.144210526315792,1,True,19.07,28.147263157894738,1,True
2026-08-22T06:45:00Z,2,Nablus,2-1,21.79,28.301789473684206,1,True,20.93,28.154947368421052,1,True,18.95,28.16105263157895,1,True
2026-08-22T07:00:00Z,2,Nablus,2-1,19.68,28.26768421052632,1,True,21.55,28.16547368421053,1,True,18.5,28.16157894736842,1,True
2026-08-22T07:15:00Z,2,Nablus,2-1,20.37,28.23873684210526,1,True,21.54,28.173368421052633,1,True,17.43,28.15336842105263,1,True
2026-08-22T07:30:00Z,2,Nablus,2-1,20.1,28.18621052631579,1,True,21.05,28.166631578947367,1,True,18.15,28.142315789473685,1,True
2026-08-22T07:45:00Z,2,Nablus,2-1,19.92,28.169263157894736,1,True,20.62,28.143789473684215,1,True,17.4,28.146842105263158,1,True
2026-08-22T08:00:00Z,2,Nablus,2-1,20.03,28.16284210526316,1,True,20.52,28.121473684210525,1,True,18.04,28.15821052631579,1,True
2026-08-22T08:15:00Z,2,Nablus,2-1,19.79,28.156105263157897,1,True,20.47,28.11221052631579,1,True,17.23,28.162947368421055,1,True
2026-08-22T08:30:00Z,2,Nablus,2-1,19.02,28.144210526315792,1,True,20.17,28.11084210526316,1,True,18.77,28.180421052631576,1,True
2026-08-22T08:45:00Z,2,Nablus,2-1,20.93,28.154947368421052,1,True,19.98,28.11357894736842,1,True,18.12,28.193684210526317,1,True
2026-08-22T09:00:00Z,2,Nablus,2-1,21.55,28.16547368421053,1,True,20.44,28.125894736842106,1,True,18.3,28.206315789473685,1,True
2026-08-22T09:15:00Z,2,Nablus,2-1,21.54,28.173368421052633,1,True,20.6,28.145894736842106,1,True,17.66,28.09645833333333,1,True
2026-08-22T09:30:00Z,2,Nablus,2-1,21.05,28.166631578947367,1,True,19.07,28.147263157894738,1,True,19.52,28.119583333333335,1,True
2026-08-22T09:45:00Z,2,Nablus,2-1,20.62,28.143789473684215,1,True,18.95,28.16105263157895,1,True,21.55,28.145,1,True
2026-08-22T10:00:00Z,2,Nablus,2-1,20.52,28.121473684210525,1,True,18.5,28.16157894736842,1,True,23.19,28.178229166666668,1,True
2026-08-22T10:15:00Z,2,Nablus,2-1,20.47,28.11221052631579,1,True,17.43,28.15336842105263,1,True,22.93,28.189166666666665,1,True
2026-08-22T10:30:00Z,2,Nablus,2-1,20.17,28.11084210526316,1,True,18.15,28.142315789473685,1,True,23.15,28.176041666666666,1,True
2026-08-22T10:45:00Z,2,Nablus,2-1,19.98,28.11357894736842,1,True,17.4,28.146842105263158,1,True,23.63,28.168958333333336,1,True
2026-08-22T11:00:00Z,2,Nablus,2-1,20.44,28.125894736842106,1,True,18.04,28.15821052631579,1,True,24.29,28.158541666666668,1,True
2026-08-22T11:15:00Z,2,Nablus,2-1,20.6,28.145894736842106,1,True,17.23,28.162947368421055,1,True,24.64,28.1484375,1,True
2026-08-22T11:30:00Z,2,Nablus,2-1,19.07,28.147263157894738,1,True,18.77,28.180421052631576,1,True,25.5,28.150729166666665,1,True
2026-08-22T11:45:00Z,2,Nablus,2-1,18.95,28.16105263157895,1,True,18.12,28.193684210526317,1,True,26.38,28.153333333333336,1,True
2026-08-22T12:00:00Z,2,Nablus,2-1,18.5,28.16157894736842,1,True,18.3,28.206315789473685,1,True,27.08,28.14072916666667,1,True
2026-08-22T12:15:00Z,2,Nablus,2-1,17.43,28.15336842105263,1,True,17.66,28.09645833333333,1,True,27.03,28.135625,1,True
2026-08-22T12:30:00Z,2,Nablus,2-1,18.15,28.142315789473685,1,True,19.52,28.119583333333335,1,True,28.49,28.1353125,1,True
2026-08-22T12:45:00Z,2,Nablus,2-1,17.4,28.146842105263158,1,True,21.55,28.145,1,True,28.85,28.123854166666664,1,True
2026-08-22T13:00:00Z,2,Nablus,2-1,18.04,28.15821052631579,1,True,23.19,28.178229166666668,1,True,28.39,28.0990625,1,True
2026-08-22T13:15:00Z,2,Nablus,2-1,17.23,28.162947368421055,1,True,22.93,28.189166666666665,1,True,31.17,28.090520833333333,1,True
2026-08-22T13:30:00Z,2,Nablus,2-1,18.77,28.180421052631576,1,True,23.15,28.176041666666666,1,True,31.75,28.082916666666666,1,True
2026-08-22T13:45:00Z,2,Nablus,2-1,18.12,28.193684210526317,1,True,23.63,28.168958333333336,1,True,31.44,28.0678125,1,True
2026-08-22T14:00:00Z,2,Nablus,2-1,18.3,28.206315789473685,1,True,24.29,28.158541666666668,1,True,30.31,28.0359375,1,True
2026-08-22T14:15:00Z,2,Nablus,2-1,17.66,28.09645833333333,1,True,24.64,28.1484375,1,True,29.2,27.975625000000004,1,True
2026-08-22T14:30:00Z,2,Nablus,2-1,19.52,28.119583333333335,1,True,25.5,28.150729166666665,1,True,29.14,27.8971875,1,True
2026-08-22T14:45:00Z,2,Nablus,2-1,21.55,28.145,1,True,26.38,28.153333333333336,1,True,29.25,27.823958333333334,1,True
2026-08-22T15:00:00Z,2,Nablus,2-1,23.19,28.178229166666668,1,True,27.08,28.14072916666667,1,True,30.55,27.753437500000004,1,True
2026-08-22T15:15:00Z,2,Nablus,2-1,22.93,28.189166666666665,1,True,27.03,28.135625,1,True,30.46,27.670104166666665,1,True
2026-08-22T15:30:00Z,2,Nablus,2-1,23.15,28.176041666666666,1,True,28.49,28.1353125,1,True,31.55,27.583125,1,True
2026-08-22T15:45:00Z,2,Nablus,2-1,23.63,28.168958333333336,1,True,28.85,28.123854166666664,1,True,31.6,27.478020833333332,1,True
2026-08-22T16:00:00Z,2,Nablus,2-1,24.29,28.158541666666668,1,True,28.39,28.0990625,1,True,29.8,27.350833333333338,1,True
2026-08-22T16:15:00Z,2,Nablus,2-1,24.64,28.1484375,1,True,31.17,28.090520833333333,1,True,29.44,27.2053125,1,True
2026-08-22T16:30:00Z,2,Nablus,2-1,25.5,28.150729166666665,1,True,31.75,28.082916666666666,1,True,29.26,27.050625,1,True
2026-08-22T16:45:00Z,2,Nablus,2-1,26.38,28.153333333333336,1,True,31.44,28.0678125,1,True,29.72,26.895833333333332,1,True
2026-08-22T17:00:00Z,2,Nablus,2-1,27.08,28.14072916666667,1,True,30.31,28.0359375,1,True,30.35,26.7434375,1,True
2026-08-22T17:15:00Z,2,Nablus,2-1,27.03,28.135625,1,True,29.2,27.975625000000004,1,True,32.0,26.639687499999997,1,True
2026-08-22T17:30:00Z,2,Nablus,2-1,28.49,28.1353125,1,True,29.14,27.8971875,1,True,33.34,26.616875000000004,1,True
2026-08-22T17:45:00Z,2,Nablus,2-1,28.85,28.123854166666664,1,True,29.25,27.823958333333334,1,True,34.31,26.601250000000004,1,True
2026-08-22T18:00:00Z,2,Nablus,2-1,28.39,28.0990625,1,True,30.55,27.753437500000004,1,True,35.53,26.613020833333334,1,True
2026-08-22T18:15:00Z,2,Nablus,2-1,31.17,28.090520833333333,1,True,30.46,27.670104166666665,1,True,36.33,26.638749999999998,1,True
2026-08-22T18:30:00Z,2,Nablus,2-1,31.75,28.082916666666666,1,True,31.55,27.583125,1,True,34.39,26.643958333333334,1,True
2026-08-22T18:45:00Z,2,Nablus,2-1,31.44,28.0678125,1,True,31.6,27.478020833333332,1,True,,,,False
2026-08-22T19:00:00Z,2,Nablus,2-1,30.31,28.0359375,1,True,29.8,27.350833333333338,1,True,,,,False
2026-08-22T19:15:00Z,2,Nablus,2-1,29.2,27.975625000000004,1,True,29.44,27.2053125,1,True,,,,False
2026-08-22T19:30:00Z,2,Nablus,2-1,29.14,27.8971875,1,True,29.26,27.050625,1,True,,,,False
2026-08-22T19:45:00Z,2,Nablus,2-1,29.25,27.823958333333334,1,True,29.72,26.895833333333332,1,True,,,,False
2026-08-22T20:00:00Z,2,Nablus,2-1,30.55,27.753437500000004,1,True,30.35,26.7434375,1,True,,,,False
2026-08-22T20:15:00Z,2,Nablus,2-1,30.46,27.670104166666665,1,True,32.0,26.639687499999997,1,True,,,,False
2026-08-22T20:30:00Z,2,Nablus,2-1,31.55,27.583125,1,True,33.34,26.616875000000004,1,True,,,,False
2026-08-22T20:45:00Z,2,Nablus,2-1,31.6,27.478020833333332,1,True,34.31,26.601250000000004,1,True,,,,False
2026-08-22T21:00:00Z,2,Nablus,2-1,29.8,27.350833333333338,1,True,35.53,26.613020833333334,1,True,,,,False
2026-08-22T21:15:00Z,2,Nablus,2-1,29.44,27.2053125,1,True,36.33,26.638749999999998,1,True,,,,False
2026-08-22T21:30:00Z,2,Nablus,2-1,29.26,27.050625,1,True,34.39,26.643958333333334,1,True,,,,False
2026-08-22T21:45:00Z,2,Nablus,2-1,29.72,26.895833333333332,1,True,,,,False,,,,False
2026-08-22T22:00:00Z,2,Nablus,2-1,30.35,26.7434375,1,True,,,,False,,,,False
2026-08-22T22:15:00Z,2,Nablus,2-1,32.0,26.639687499999997,1,True,,,,False,,,,False
2026-08-22T22:30:00Z,2,Nablus,2-1,33.34,26.616875000000004,1,True,,,,False,,,,False
2026-08-22T22:45:00Z,2,Nablus,2-1,34.31,26.601250000000004,1,True,,,,False,,,,False
2026-08-22T23:00:00Z,2,Nablus,2-1,35.53,26.613020833333334,1,True,,,,False,,,,False
2026-08-22T23:15:00Z,2,Nablus,2-1,36.33,26.638749999999998,1,True,,,,False,,,,False
2026-08-22T23:30:00Z,2,Nablus,2-1,34.39,26.643958333333334,1,True,,,,False,,,,False
2026-08-22T23:45:00Z,2,Nablus,2-1,,,,False,,,,False,,,,False
2026-08-23T00:00:00Z,2,Nablus,2-1,,,,False,,,,False,,,,False
2026-08-23T00:15:00Z,2,Nablus,2-1,,,,False,,,,False,,,,False
2026-08-23T00:30:00Z,2,Nablus,2-1,,,,False,,,,False,,,,False
2026-08-06T07:30:00Z,4,Nablus,4-1,17.6,18.478,,False,15.88,17.526923076923076,,False,15.4,17.4928,,False
2026-08-06T07:45:00Z,4,Nablus,4-1,18.87,18.543333333333333,,False,16.69,17.467142857142857,,False,14.67,17.38423076923077,,False
2026-08-06T08:00:00Z,4,Nablus,4-1,17.92,18.454285714285714,,False,18.57,17.540666666666667,,False,14.4,17.273703703703703,,False
2026-08-06T08:15:00Z,4,Nablus,4-1,17.68,18.3575,,False,19.31,17.65125,,False,14.18,17.163214285714286,,False
2026-08-06T08:30:00Z,4,Nablus,4-1,16.31,18.130000000000003,,False,19.89,17.782941176470587,,False,13.62,17.041034482758622,,False
2026-08-06T08:45:00Z,4,Nablus,4-1,16.64,17.981,,False,19.37,17.871111111111112,,False,14.06,16.941666666666666,,False
2026-08-06T09:00:00Z,4,Nablus,4-1,15.98,17.799090909090907,,False,18.23,17.89,,False,14.92,16.876451612903224,,False
2026-08-06T09:15:00Z,4,Nablus,4-1,16.18,17.664166666666667,,False,17.91,17.891,,False,14.52,16.8028125,,False
2026-08-06T09:30:00Z,4,Nablus,4-1,15.88,17.526923076923076,,False,17.22,17.85904761904762,,False,15.63,16.76727272727273,,False
2026-08-06T09:45:00Z,4,Nablus,4-1,16.69,17.467142857142857,,False,16.05,17.776818181818182,,False,16.37,16.75558823529412,,False
2026-08-06T10:00:00Z,4,Nablus,4-1,18.57,17.540666666666667,,False,15.74,17.688260869565216,,False,16.58,16.75057142857143,,False
2026-08-06T10:15:00Z,4,Nablus,4-1,19.31,17.65125,,False,15.09,17.580000000000002,,False,18.14,16.789166666666667,,False
2026-08-06T10:30:00Z,4,Nablus,4-1,19.89,17.782941176470587,,False,15.4,17.4928,,False,18.45,16.834054054054054,,False
2026-08-06T10:45:00Z,4,Nablus,4-1,19.37,17.871111111111112,,False,14.67,17.38423076923077,,False,19.92,16.915263157894735,,False
2026-08-06T11:00:00Z,4,Nablus,4-1,18.23,17.89,,False,14.4,17.273703703703703,,False,21.82,17.04102564102564,,False
2026-08-06T11:15:00Z,4,Nablus,4-1,17.91,17.891,,False,14.18,17.163214285714286,,False,22.31,17.17275,,False
2026-08-06T11:30:00Z,4,Nablus,4-1,17.22,17.85904761904762,,False,13.62,17.041034482758622,,False,22.85,17.311219512195123,,False
2026-08-06T11:45:00Z,4,Nablus,4-1,16.05,17.776818181818182,,False,14.06,16.941666666666666,,False,23.39,17.45595238095238,,False
2026-08-06T12:00:00Z,4,Nablus,4-1,15.74,17.688260869565216,,False,14.92,16.876451612903224,,False,22.49,17.573023255813954,,False
2026-08-06T12:15:00Z,4,Nablus,4-1,15.09,17.580000000000002,,False,14.52,16.8028125,,False,22.02,17.674090909090907,,False
2026-08-06T12:30:00Z,4,Nablus,4-1,15.4,17.4928,,False,15.63,16.76727272727273,,False,21.29,17.754444444444445,,False
2026-08-06T12:45:00Z,4,Nablus,4-1,14.67,17.38423076923077,,False,16.37,16.75558823529412,,False,21.77,17.84173913043478,,False
2026-08-06T13:00:00Z,4,Nablus,4-1,14.4,17.273703703703703,,False,16.58,16.75057142857143,,False,22.57,17.942340425531913,,False
2026-08-06T13:15:00Z,4,Nablus,4-1,14.18,17.163214285714286,,False,18.14,16.789166666666667,,False,22.87,18.044999999999998,,False
2026-08-06T13:30:00Z,4,Nablus,4-1,13.62,17.041034482758622,,True,18.45,16.834054054054054,,True,22.82,18.142448979591837,,True
2026-08-06T13:45:00Z,4,Nablus,4-1,14.06,16.941666666666666,,True,19.92,16.915263157894735,,True,22.15,18.2226,,True
2026-08-06T14:00:00Z,4,Nablus,4-1,14.92,16.876451612903224,,True,21.82,17.04102564102564,,True,22.49,18.30627450980392,,True
2026-08-06T14:15:00Z,4,Nablus,4-1,14.52,16.8028125,,True,22.31,17.17275,,True,22.6,18.388846153846153,,True
2026-08-06T14:30:00Z,4,Nablus,4-1,15.63,16.76727272727273,,True,22.85,17.311219512195123,,True,22.88,18.473584905660378,,True
2026-08-06T14:45:00Z,4,Nablus,4-1,16.37,16.75558823529412,,True,23.39,17.45595238095238,,True,24.86,18.591851851851853,,True
2026-08-06T15:00:00Z,4,Nablus,4-1,16.58,16.75057142857143,,True,22.49,17.573023255813954,,True,22.95,18.67109090909091,,True
2026-08-06T15:15:00Z,4,Nablus,4-1,18.14,16.789166666666667,,True,22.02,17.674090909090907,,True,22.94,18.74732142857143,,True
2026-08-06T15:30:00Z,4,Nablus,4-1,18.45,16.834054054054054,,True,21.29,17.754444444444445,,True,22.56,18.81421052631579,,True
2026-08-06T15:45:00Z,4,Nablus,4-1,19.92,16.915263157894735,,True,21.77,17.84173913043478,,True,23.75,18.899310344827587,,True
2026-08-06T16:00:00Z,4,Nablus,4-1,21.82,17.04102564102564,,True,22.57,17.942340425531913,,True,23.97,18.98525423728814,,True
2026-08-06T16:15:00Z,4,Nablus,4-1,22.31,17.17275,,True,22.87,18.044999999999998,,True,23.96,19.068166666666666,,True
2026-08-06T16:30:00Z,4,Nablus,4-1,22.85,17.311219512195123,,True,22.82,18.142448979591837,,True,24.56,19.158196721311477,,True
2026-08-06T16:45:00Z,4,Nablus,4-1,23.39,17.45595238095238,,True,22.15,18.2226,,True,24.33,19.241612903225807,,True
2026-08-06T17:00:00Z,4,Nablus,4-1,22.49,17.573023255813954,,True,22.49,18.30627450980392,,True,25.64,19.343174603174603,,True
2026-08-06T17:15:00Z,4,Nablus,4-1,22.02,17.674090909090907,,True,22.6,18.388846153846153,,True,25.44,19.4384375,,True
2026-08-06T17:30:00Z,4,Nablus,4-1,21.29,17.754444444444445,,True,22.88,18.473584905660378,,True,25.55,19.532461538461536,,True
2026-08-06T17:45:00Z,4,Nablus,4-1,21.77,17.84173913043478,,True,24.86,18.591851851851853,,True,26.64,19.640151515151516,,True
2026-08-06T18:00:00Z,4,Nablus,4-1,22.57,17.942340425531913,,True,22.95,18.67109090909091,,True,27.38,19.755671641791047,,True
2026-08-06T18:15:00Z,4,Nablus,4-1,22.87,18.044999999999998,,True,22.94,18.74732142857143,,True,28.19,19.87970588235294,,True
2026-08-06T18:30:00Z,4,Nablus,4-1,22.82,18.142448979591837,,True,22.56,18.81421052631579,,True,27.57,19.991159420289858,,True
2026-08-06T18:45:00Z,4,Nablus,4-1,22.15,18.2226,,True,23.75,18.899310344827587,,True,27.14,20.093285714285713,,True
2026-08-06T19:00:00Z,4,Nablus,4-1,22.49,18.30627450980392,,True,23.97,18.98525423728814,,True,27.95,20.20394366197183,,True
2026-08-06T19:15:00Z,4,Nablus,4-1,22.6,18.388846153846153,,True,23.96,19.068166666666666,,True,,,,False
2026-08-06T19:30:00Z,4,Nablus,4-1,22.88,18.473584905660378,,True,24.56,19.158196721311477,,True,27.59,20.306527777777777,1,True
2026-08-06T19:45:00Z,4,Nablus,4-1,24.86,18.591851851851853,,True,24.33,19.241612903225807,,True,26.51,20.391506849315068,1,True
2026-08-06T20:00:00Z,4,Nablus,4-1,22.95,18.67109090909091,,True,25.64,19.343174603174603,,True,25.78,20.464324324324323,1,True
2026-08-06T20:15:00Z,4,Nablus,4-1,22.94,18.74732142857143,,True,25.44,19.4384375,,True,24.9,20.523466666666668,1,True
2026-08-06T20:30:00Z,4,Nablus,4-1,22.56,18.81421052631579,,True,25.55,19.532461538461536,,True,24.59,20.576973684210525,1,True
2026-08-06T20:45:00Z,4,Nablus,4-1,23.75,18.899310344827587,,True,26.64,19.640151515151516,,True,25.46,20.640389610389608,1,True
2026-08-06T21:00:00Z,4,Nablus,4-1,23.97,18.98525423728814,,True,27.38,19.755671641791047,,True,26.54,20.71602564102564,1,True
2026-08-06T21:15:00Z,4,Nablus,4-1,23.96,19.068166666666666,,True,28.19,19.87970588235294,,True,25.94,20.782151898734178,1,True
2026-08-06T21:30:00Z,4,Nablus,4-1,24.56,19.158196721311477,,True,27.57,19.991159420289858,,True,25.23,20.83775,1,True
2026-08-06T21:45:00Z,4,Nablus,4-1,24.33,19.241612903225807,,True,27.14,20.093285714285713,,True,27.14,20.915555555555557,1,True
2026-08-06T22:00:00Z,4,Nablus,4-1,25.64,19.343174603174603,,True,27.95,20.20394366197183,,True,28.39,21.00670731707317,1,True
2026-08-06T22:15:00Z,4,Nablus,4-1,25.44,19.4384375,,True,,,,False,32.75,21.148192771084336,1,True
2026-08-06T22:30:00Z,4,Nablus,4-1,25.55,19.532461538461536,,True,27.59,20.306527777777777,1,True,32.45,21.282738095238095,1,True
2026-08-06T22:45:00Z,4,Nablus,4-1,26.64,19.640151515151516,,True,26.51,20.391506849315068,1,True,31.72,21.405529411764707,1,True
2026-08-06T23:00:00Z,4,Nablus,4-1,27.38,19.755671641791047,,True,25.78,20.464324324324323,1,True,32.69,21.536744186046512,1,True
2026-08-06T23:15:00Z,4,Nablus,4-1,28.19,19.87970588235294,,True,24.9,20.523466666666668,1,True,48.86,21.85080459770115,1,True
2026-08-06T23:30:00Z,4,Nablus,4-1,27.57,19.991159420289858,,True,24.59,20.576973684210525,1,True,30.46,21.948636363636364,1,True
2026-08-06T23:45:00Z,4,Nablus,4-1,27.14,20.093285714285713,,True,25.46,20.640389610389608,1,True,26.52,22.0,1,True
2026-08-07T00:00:00Z,4,Nablus,4-1,27.95,20.20394366197183,,True,26.54,20.71602564102564,1,True,22.14,22.001555555555555,1,True
2026-08-07T00:15:00Z,4,Nablus,4-1,,,,False,25.94,20.782151898734178,1,True,22.31,22.004945054945054,1,True
2026-08-07T00:30:00Z,4,Nablus,4-1,27.59,20.306527777777777,1,True,25.23,20.83775,1,True,19.72,21.980108695652174,1,True
2026-08-07T00:45:00Z,4,Nablus,4-1,26.51,20.391506849315068,1,True,27.14,20.915555555555557,1,True,19.0,21.948064516129033,1,True
2026-08-07T01:00:00Z,4,Nablus,4-1,25.78,20.464324324324323,1,True,28.39,21.00670731707317,1,True,19.55,21.92255319148936,1,True
2026-08-07T01:30:00Z,4,Nablus,4-1,24.59,20.576973684210525,1,True,32.45,21.282738095238095,1,True,17.53,21.93421052631579,1,True
2026-08-07T01:45:00Z,4,Nablus,4-1,25.46,20.640389610389608,1,True,31.72,21.405529411764707,1,True,17.74,21.92978947368421,1,True
2026-08-07T02:00:00Z,4,Nablus,4-1,26.54,20.71602564102564,1,True,32.69,21.536744186046512,1,True,18.35,21.92684210526316,1,True
2026-08-07T02:15:00Z,4,Nablus,4-1,25.94,20.782151898734178,1,True,48.86,21.85080459770115,1,True,18.45,21.93263157894737,1,True
2026-08-07T02:30:00Z,4,Nablus,4-1,25.23,20.83775,1,True,30.46,21.948636363636364,1,True,18.6,21.943157894736846,1,True
2026-08-07T02:45:00Z,4,Nablus,4-1,27.14,20.915555555555557,1,True,26.52,22.0,1,True,17.73,21.931157894736838,1,True
2026-08-07T03:00:00Z,4,Nablus,4-1,28.39,21.00670731707317,1,True,22.14,22.001555555555555,1,True,17.22,21.923789473684213,1,True
2026-08-07T03:15:00Z,4,Nablus,4-1,32.75,21.148192771084336,1,True,22.31,22.004945054945054,1,True,17.58,21.922736842105262,1,True
2026-08-07T03:30:00Z,4,Nablus,4-1,32.45,21.282738095238095,1,True,19.72,21.980108695652174,1,True,17.28,21.932947368421054,1,True
2026-08-07T03:45:00Z,4,Nablus,4-1,31.72,21.405529411764707,1,True,19.0,21.948064516129033,1,True,17.8,21.94515789473684,1,True
2026-08-07T04:00:00Z,4,Nablus,4-1,32.69,21.536744186046512,1,True,19.55,21.92255319148936,1,True,16.62,21.951894736842103,1,True
2026-08-07T04:15:00Z,4,Nablus,4-1,48.86,21.85080459770115,1,True,25.6,21.961263157894738,1,True,16.14,21.95147368421053,1,True
2026-08-07T04:30:00Z,4,Nablus,4-1,30.46,21.948636363636364,1,True,17.53,21.93421052631579,1,True,15.61,21.948631578947367,1,True
2026-08-07T04:45:00Z,4,Nablus,4-1,26.52,22.0,1,True,17.74,21.92978947368421,1,True,15.28,21.93378947368421,1,True
2026-08-07T05:00:00Z,4,Nablus,4-1,22.14,22.001555555555555,1,True,18.35,21.92684210526316,1,True,13.98,21.885473684210524,1,True
2026-08-07T05:15:00Z,4,Nablus,4-1,22.31,22.004945054945054,1,True,18.45,21.93263157894737,1,True,13.98,21.82936842105263,1,True
2026-08-07T05:30:00Z,4,Nablus,4-1,19.72,21.980108695652174,1,True,18.6,21.943157894736846,1,True,13.16,21.758526315789474,1,True
2026-08-07T05:45:00Z,4,Nablus,4-1,19.0,21.948064516129033,1,True,17.73,21.931157894736838,1,True,13.25,21.694105263157894,1,True
2026-08-07T06:00:00Z,4,Nablus,4-1,19.55,21.92255319148936,1,True,17.22,21.923789473684213,1,True,13.6,21.64536842105263,1,True
2026-08-07T06:15:00Z,4,Nablus,4-1,25.6,21.961263157894738,1,True,17.58,21.922736842105262,1,True,13.15,21.59526315789474,1,True
2026-08-07T06:30:00Z,4,Nablus,4-1,17.53,21.93421052631579,1,True,17.28,21.932947368421054,1,True,12.88,21.54957894736842,1,True
2026-08-07T06:45:00Z,4,Nablus,4-1,17.74,21.92978947368421,1,True,17.8,21.94515789473684,1,True,12.73,21.51463157894737,1,True
2026-08-07T07:00:00Z,4,Nablus,4-1,18.35,21.92684210526316,1,True,16.62,21.951894736842103,1,True,12.45,21.48,1,True
2026-08-07T07:15:00Z,4,Nablus,4-1,18.45,21.93263157894737,1,False,16.14,21.95147368421053,1,False,12.22,21.44978947368421,1,False
2026-08-07T07:30:00Z,4,Nablus,4-1,18.6,21.943157894736846,1,True,15.61,21.948631578947367,1,True,12.97,21.424210526315793,1,True
2026-08-07T07:45:00Z,4,Nablus,4-1,17.73,21.931157894736838,1,True,15.28,21.93378947368421,1,True,12.66,21.403052631578948,1,True
2026-08-07T08:00:00Z,4,Nablus,4-1,17.22,21.923789473684213,1,True,13.98,21.885473684210524,1,True,12.35,21.381473684210526,1,True
2026-08-07T08:15:00Z,4,Nablus,4-1,17.58,21.922736842105262,1,True,13.98,21.82936842105263,1,True,12.6,21.364842105263158,1,True
2026-08-07T08:30:00Z,4,Nablus,4-1,17.28,21.932947368421054,1,True,13.16,21.758526315789474,1,True,14.17,21.370631578947368,1,True
2026-08-07T08:45:00Z,4,Nablus,4-1,17.8,21.94515789473684,1,True,13.25,21.694105263157894,1,True,12.97,21.359157894736843,1,True
2026-08-07T09:00:00Z,4,Nablus,4-1,16.62,21.951894736842103,1,True,13.6,21.64536842105263,1,True,12.08,21.329263157894736,1,True
2026-08-07T09:15:00Z,4,Nablus,4-1,16.14,21.95147368421053,1,True,13.15,21.59526315789474,1,True,12.8,21.31115789473684,1,True
2026-08-07T09:30:00Z,4,Nablus,4-1,15.61,21.948631578947367,1,True,12.88,21.54957894736842,1,True,12.75,21.280842105263158,1,True
2026-08-07T09:45:00Z,4,Nablus,4-1,15.28,21.93378947368421,1,True,12.73,21.51463157894737,1,True,12.5,21.240105263157893,1,True
2026-08-07T10:00:00Z,4,Nablus,4-1,13.98,21.885473684210524,1,True,12.45,21.48,1,True,12.48,21.196947368421053,1,True
2026-08-07T10:15:00Z,4,Nablus,4-1,13.98,21.82936842105263,1,True,12.22,21.44978947368421,1,True,14.02,21.15357894736842,1,True
2026-08-07T10:30:00Z,4,Nablus,4-1,13.16,21.758526315789474,1,True,12.97,21.424210526315793,1,True,14.4,21.110947368421055,1,True
2026-08-07T10:45:00Z,4,Nablus,4-1,13.25,21.694105263157894,1,True,12.66,21.403052631578948,1,True,15.43,21.063684210526315,1,True
2026-08-07T11:00:00Z,4,Nablus,4-1,13.6,21.64536842105263,1,True,12.35,21.381473684210526,1,True,16.58,21.008526315789474,1,True
2026-08-07T11:15:00Z,4,Nablus,4-1,13.15,21.59526315789474,1,True,12.6,21.364842105263158,1,True,15.99,20.942,1,True
2026-08-07T11:30:00Z,4,Nablus,4-1,12.88,21.54957894736842,1,True,14.17,21.370631578947368,1,True,15.17,20.86115789473684,1,True
2026-08-07T11:45:00Z,4,Nablus,4-1,12.73,21.51463157894737,1,True,12.97,21.359157894736843,1,True,14.6,20.768631578947367,1,True
2026-08-07T12:00:00Z,4,Nablus,4-1,12.45,21.48,1,True,12.08,21.329263157894736,1,True,14.63,20.685894736842105,1,True
2026-08-07T12:15:00Z,4,Nablus,4-1,12.22,21.44978947368421,1,True,12.8,21.31115789473684,1,True,15.36,20.61578947368421,1,True
2026-08-07T12:30:00Z,4,Nablus,4-1,12.97,21.424210526315793,1,True,12.75,21.280842105263158,1,True,15.1,20.550631578947367,1,True
2026-08-07T12:45:00Z,4,Nablus,4-1,12.66,21.403052631578948,1,True,12.5,21.240105263157893,1,True,15.61,20.48578947368421,1,True
2026-08-07T13:00:00Z,4,Nablus,4-1,12.35,21.381473684210526,1,True,12.48,21.196947368421053,1,True,16.67,20.423684210526314,1,True
2026-08-07T13:15:00Z,4,Nablus,4-1,12.6,21.364842105263158,1,True,14.02,21.15357894736842,1,True,17.13,20.363263157894735,1,True
2026-08-07T13:30:00Z,4,Nablus,4-1,14.17,21.370631578947368,1,True,14.4,21.110947368421055,1,True,16.84,20.300315789473682,1,True
2026-08-07T13:45:00Z,4,Nablus,4-1,12.97,21.359157894736843,1,True,15.43,21.063684210526315,1,True,16.42,20.24,1,True
2026-08-07T14:00:00Z,4,Nablus,4-1,12.08,21.329263157894736,1,True,16.58,21.008526315789474,1,True,17.13,20.18357894736842,1,True
2026-08-07T14:15:00Z,4,Nablus,4-1,12.8,21.31115789473684,1,True,15.99,20.942,1,True,17.31,20.127894736842105,1,True
2026-08-07T14:30:00Z,4,Nablus,4-1,12.75,21.280842105263158,1,True,15.17,20.86115789473684,1,True,17.93,20.07578947368421,1,True
2026-08-07T14:45:00Z,4,Nablus,4-1,12.5,21.240105263157893,1,True,14.6,20.768631578947367,1,True,18.89,20.012947368421052,1,True
2026-08-07T15:00:00Z,4,Nablus,4-1,12.48,21.196947368421053,1,True,14.63,20.685894736842105,1,True,19.56,19.977263157894736,1,True
2026-08-07T15:15:00Z,4,Nablus,4-1,14.02,21.15357894736842,1,True,15.36,20.61578947368421,1,True,21.69,19.964105263157897,1,True
2026-08-07T15:30:00Z,4,Nablus,4-1,14.4,21.110947368421055,1,True,15.1,20.550631578947367,1,True,21.69,19.954947368421053,1,True
2026-08-07T15:45:00Z,4,Nablus,4-1,15.43,21.063684210526315,1,True,15.61,20.48578947368421,1,True,20.93,19.925263157894737,1,True
2026-08-07T16:00:00Z,4,Nablus,4-1,16.58,21.008526315789474,1,True,16.67,20.423684210526314,1,True,21.14,19.895473684210526,1,True
2026-08-07T16:15:00Z,4,Nablus,4-1,15.99,20.942,1,True,17.13,20.363263157894735,1,True,21.63,19.870947368421053,1,True
2026-08-07T16:30:00Z,4,Nablus,4-1,15.17,20.86115789473684,1,True,16.84,20.300315789473682,1,True,20.6,19.829263157894736,1,True
2026-08-07T16:45:00Z,4,Nablus,4-1,14.6,20.768631578947367,1,True,16.42,20.24,1,True,21.64,19.800947368421053,1,True
2026-08-07T17:00:00Z,4,Nablus,4-1,14.63,20.685894736842105,1,True,17.13,20.18357894736842,1,True,22.41,19.766947368421054,1,True
2026-08-07T17:15:00Z,4,Nablus,4-1,15.36,20.61578947368421,1,True,17.31,20.127894736842105,1,True,22.69,19.738000000000003,1,True
2026-08-07T17:30:00Z,4,Nablus,4-1,15.1,20.550631578947367,1,True,17.93,20.07578947368421,1,True,23.02,19.711368421052633,1,True
2026-08-07T17:45:00Z,4,Nablus,4-1,15.61,20.48578947368421,1,True,18.89,20.012947368421052,1,True,22.56,19.66842105263158,1,True
2026-08-07T18:00:00Z,4,Nablus,4-1,16.67,20.423684210526314,1,True,19.56,19.977263157894736,1,True,22.39,19.615894736842105,1,True
2026-08-07T18:15:00Z,4,Nablus,4-1,17.13,20.363263157894735,1,True,21.69,19.964105263157897,1,True,22.82,19.559368421052632,1,True
2026-08-07T18:30:00Z,4,Nablus,4-1,16.84,20.300315789473682,1,True,21.69,19.954947368421053,1,True,23.22,19.51357894736842,1,True
2026-08-07T18:45:00Z,4,Nablus,4-1,16.42,20.24,1,True,20.93,19.925263157894737,1,True,24.4,19.484736842105264,1,True
2026-08-07T19:00:00Z,4,Nablus,4-1,17.13,20.18357894736842,1,True,21.14,19.895473684210526,1,True,26.56,19.470105263157894,1,True
2026-08-07T19:15:00Z,4,Nablus,4-1,17.31,20.127894736842105,1,True,21.63,19.870947368421053,1,True,28.26,19.561666666666667,1,True
2026-08-07T19:30:00Z,4,Nablus,4-1,17.93,20.07578947368421,1,True,20.6,19.829263157894736,1,True,26.63,19.551666666666666,1,True
2026-08-07T19:45:00Z,4,Nablus,4-1,18.89,20.012947368421052,1,True,21.64,19.800947368421053,1,True,25.25,19.538541666666667,1,True
2026-08-07T20:00:00Z,4,Nablus,4-1,19.56,19.977263157894736,1,True,22.41,19.766947368421054,1,True,24.99,19.5303125,1,True
2026-08-07T20:15:00Z,4,Nablus,4-1,21.69,19.964105263157897,1,True,22.69,19.738000000000003,1,True,25.14,19.532812500000002,1,True
2026-08-07T20:30:00Z,4,Nablus,4-1,21.69,19.954947368421053,1,True,23.02,19.711368421052633,1,True,24.97,19.536770833333335,1,True
2026-08-07T20:45:00Z,4,Nablus,4-1,20.93,19.925263157894737,1,True,22.56,19.66842105263158,1,True,24.0,19.5215625,1,True
2026-08-07T21:00:00Z,4,Nablus,4-1,21.14,19.895473684210526,1,True,22.39,19.615894736842105,1,True,24.12,19.496354166666666,1,True
2026-08-07T21:15:00Z,4,Nablus,4-1,21.63,19.870947368421053,1,True,22.82,19.559368421052632,1,True,24.43,19.480625,1,True
2026-08-07T21:30:00Z,4,Nablus,4-1,20.6,19.829263157894736,1,True,23.22,19.51357894736842,1,True,23.24,19.459895833333334,1,True
2026-08-07T21:45:00Z,4,Nablus,4-1,21.64,19.800947368421053,1,True,24.4,19.484736842105264,1,True,21.16,19.397604166666664,1,True
2026-08-07T22:00:00Z,4,Nablus,4-1,22.41,19.766947368421054,1,True,26.56,19.470105263157894,1,True,22.03,19.331354166666667,1,True
2026-08-07T22:15:00Z,4,Nablus,4-1,22.69,19.738000000000003,1,True,28.26,19.561666666666667,1,True,22.54,19.225,1,True
2026-08-07T22:30:00Z,4,Nablus,4-1,23.02,19.711368421052633,1,True,26.63,19.551666666666666,1,True,22.65,19.122916666666665,1,True
2026-08-07T22:45:00Z,4,Nablus,4-1,22.56,19.66842105263158,1,True,25.25,19.538541666666667,1,True,23.77,19.040104166666666,1,True
2026-08-07T23:00:00Z,4,Nablus,4-1,22.39,19.615894736842105,1,True,24.99,19.5303125,1,True,24.24,18.95208333333333,1,True
2026-08-07T23:15:00Z,4,Nablus,4-1,22.82,19.559368421052632,1,True,25.14,19.532812500000002,1,True,19.91,18.650520833333335,1,True
2026-08-07T23:30:00Z,4,Nablus,4-1,23.22,19.51357894736842,1,True,24.97,19.536770833333335,1,True,20.45,18.54625,1,True
2026-08-07T23:45:00Z,4,Nablus,4-1,24.4,19.484736842105264,1,True,24.0,19.5215625,1,True,19.74,18.475625,1,True
2026-08-08T00:00:00Z,4,Nablus,4-1,26.56,19.470105263157894,1,True,24.12,19.496354166666666,1,True,21.06,18.464375,1,True
2026-08-08T00:15:00Z,4,Nablus,4-1,28.26,19.561666666666667,1,True,24.43,19.480625,1,True,28.3,18.526770833333334,1,True
2026-08-08T00:30:00Z,4,Nablus,4-1,26.63,19.551666666666666,1,True,23.24,19.459895833333334,1,True,25.07,18.5825,1,True
2026-08-08T00:45:00Z,4,Nablus,4-1,25.25,19.538541666666667,1,True,21.16,19.397604166666664,1,True,22.18,18.615624999999998,1,True
2026-08-08T01:00:00Z,4,Nablus,4-1,24.99,19.5303125,1,True,22.03,19.331354166666667,1,True,20.65,18.627083333333335,1,True
2026-08-08T01:15:00Z,4,Nablus,4-1,25.14,19.532812500000002,1,True,22.54,19.225,1,True,18.59,18.5540625,1,True
2026-08-08T01:30:00Z,4,Nablus,4-1,24.97,19.536770833333335,1,True,22.65,19.122916666666665,1,True,18.1,18.56,1,True
2026-08-08T01:45:00Z,4,Nablus,4-1,24.0,19.5215625,1,True,23.77,19.040104166666666,1,True,18.62,18.569166666666668,1,True
2026-08-08T02:00:00Z,4,Nablus,4-1,24.12,19.496354166666666,1,True,24.24,18.95208333333333,1,True,18.37,18.569374999999997,1,True
2026-08-08T02:15:00Z,4,Nablus,4-1,24.43,19.480625,1,True,19.91,18.650520833333335,1,True,18.59,18.570833333333333,1,True
2026-08-08T02:30:00Z,4,Nablus,4-1,23.24,19.459895833333334,1,True,20.45,18.54625,1,True,18.07,18.5653125,1,True
2026-08-08T02:45:00Z,4,Nablus,4-1,21.16,19.397604166666664,1,True,19.74,18.475625,1,True,18.74,18.575833333333332,1,True
2026-08-08T03:00:00Z,4,Nablus,4-1,22.03,19.331354166666667,1,True,21.06,18.464375,1,True,18.15,18.585520833333334,1,True
2026-08-08T03:15:00Z,4,Nablus,4-1,22.54,19.225,1,True,28.3,18.526770833333334,1,True,18.38,18.593854166666667,1,True
2026-08-08T03:30:00Z,4,Nablus,4-1,22.65,19.122916666666665,1,True,25.07,18.5825,1,True,18.32,18.6046875,1,True
2026-08-08T03:45:00Z,4,Nablus,4-1,23.77,19.040104166666666,1,True,22.18,18.615624999999998,1,True,19.07,18.61791666666667,1,True
2026-08-08T04:00:00Z,4,Nablus,4-1,24.24,18.95208333333333,1,True,20.65,18.627083333333335,1,True,17.85,18.630729166666665,1,True
2026-08-08T04:15:00Z,4,Nablus,4-1,19.91,18.650520833333335,1,True,18.59,18.5540625,1,True,17.8,18.64802083333333,1,True
2026-08-08T04:30:00Z,4,Nablus,4-1,20.45,18.54625,1,True,18.1,18.56,1,True,17.96,18.6725,1,True
2026-08-08T04:45:00Z,4,Nablus,4-1,19.74,18.475625,1,True,18.62,18.569166666666668,1,True,18.13,18.7021875,1,True
2026-08-08T05:00:00Z,4,Nablus,4-1,21.06,18.464375,1,True,18.37,18.569374999999997,1,True,17.77,18.741666666666667,1,True
2026-08-08T05:15:00Z,4,Nablus,4-1,28.3,18.526770833333334,1,True,18.59,18.570833333333333,1,True,17.08,18.773958333333333,1,True
2026-08-08T05:30:00Z,4,Nablus,4-1,25.07,18.5825,1,True,18.07,18.5653125,1,True,16.75,18.811354166666664,1,True
2026-08-08T05:45:00Z,4,Nablus,4-1,22.18,18.615624999999998,1,True,18.74,18.575833333333332,1,True,15.96,18.839583333333334,1,True
2026-08-08T06:00:00Z,4,Nablus,4-1,20.65,18.627083333333335,1,True,18.15,18.585520833333334,1,True,15.17,18.8559375,1,True
2026-08-08T06:15:00Z,4,Nablus,4-1,18.59,18.5540625,1,True,18.38,18.593854166666667,1,True,15.03,18.875520833333333,1,True
2026-08-08T06:30:00Z,4,Nablus,4-1,18.1,18.56,1,True,18.32,18.6046875,1,True,15.06,18.898229166666667,1,True
2026-08-08T06:45:00Z,4,Nablus,4-1,18.62,18.569166666666668,1,True,19.07,18.61791666666667,1,True,15.04,18.922291666666666,1,True
2026-08-08T07:00:00Z,4,Nablus,4-1,18.37,18.569374999999997,1,True,17.85,18.630729166666665,1,True,15.55,18.954583333333332,1,True
2026-08-08T07:15:00Z,4,Nablus,4-1,18.59,18.570833333333333,1,True,17.8,18.64802083333333,1,True,15.19,18.985520833333332,1,True
2026-08-08T07:30:00Z,4,Nablus,4-1,18.07,18.5653125,1,True,17.96,18.6725,1,True,15.67,19.01364583333333,1,True
2026-08-08T07:45:00Z,4,Nablus,4-1,18.74,18.575833333333332,1,True,18.13,18.7021875,1,True,15.9,19.047395833333333,1,True
2026-08-08T08:00:00Z,4,Nablus,4-1,18.15,18.585520833333334,1,True,17.77,18.741666666666667,1,True,15.58,19.081041666666668,1,True
2026-08-08T08:15:00Z,4,Nablus,4-1,18.38,18.593854166666667,1,True,17.08,18.773958333333333,1,True,15.42,19.110416666666666,1,True
2026-08-08T08:30:00Z,4,Nablus,4-1,18.32,18.6046875,1,True,16.75,18.811354166666664,1,True,15.41,19.12333333333333,1,True
2026-08-08T08:45:00Z,4,Nablus,4-1,19.07,18.61791666666667,1,True,15.96,18.839583333333334,1,True,15.45,19.149166666666666,1,True
2026-08-08T09:00:00Z,4,Nablus,4-1,17.85,18.630729166666665,1,True,15.17,18.8559375,1,True,15.79,19.1878125,1,True
2026-08-08T09:15:00Z,4,Nablus,4-1,17.8,18.64802083333333,1,True,15.03,18.875520833333333,1,True,16.01,19.22125,1,True
2026-08-08T09:30:00Z,4,Nablus,4-1,17.96,18.6725,1,True,15.06,18.898229166666667,1,True,16.67,19.262083333333333,1,True
2026-08-08T09:45:00Z,4,Nablus,4-1,18.13,18.7021875,1,True,15.04,18.922291666666666,1,True,17.24,19.311458333333334,1,True
2026-08-08T10:00:00Z,4,Nablus,4-1,17.77,18.741666666666667,1,True,15.55,18.954583333333332,1,True,21.23,19.402604166666666,1,True
2026-08-08T10:15:00Z,4,Nablus,4-1,17.08,18.773958333333333,1,True,15.19,18.985520833333332,1,True,21.52,19.480729166666666,1,True
2026-08-08T10:30:00Z,4,Nablus,4-1,16.75,18.811354166666664,1,True,15.67,19.01364583333333,1,True,22.67,19.566875,1,True
2026-08-08T10:45:00Z,4,Nablus,4-1,15.96,18.839583333333334,1,True,15.9,19.047395833333333,1,True,23.3,19.648854166666666,1,True
2026-08-08T11:00:00Z,4,Nablus,4-1,15.17,18.8559375,1,True,15.58,19.081041666666668,1,True,25.14,19.738020833333334,1,True
2026-08-08T11:15:00Z,4,Nablus,4-1,15.03,18.875520833333333,1,True,15.42,19.110416666666666,1,True,25.79,19.840104166666666,1,True
2026-08-08T11:30:00Z,4,Nablus,4-1,15.06,18.898229166666667,1,True,15.41,19.12333333333333,1,True,26.32,19.95625,1,True
2026-08-08T11:45:00Z,4,Nablus,4-1,15.04,18.922291666666666,1,True,15.45,19.149166666666666,1,True,26.34,20.078541666666666,1,True
2026-08-08T12:00:00Z,4,Nablus,4-1,15.55,18.954583333333332,1,True,15.79,19.1878125,1,True,,,,False
2026-08-08T12:15:00Z,4,Nablus,4-1,15.19,18.985520833333332,1,True,16.01,19.22125,1,True,26.89,20.257263157894734,1,True
2026-08-08T12:30:00Z,4,Nablus,4-1,15.67,19.01364583333333,1,True,16.67,19.262083333333333,1,True,26.93,20.38178947368421,1,True
2026-08-08T12:45:00Z,4,Nablus,4-1,15.9,19.047395833333333,1,True,17.24,19.311458333333334,1,True,27.81,20.510210526315788,1,True
2026-08-08T13:00:00Z,4,Nablus,4-1,15.58,19.081041666666668,1,True,21.23,19.402604166666666,1,True,29.2,20.642105263157895,1,True
2026-08-08T13:15:00Z,4,Nablus,4-1,15.42,19.110416666666666,1,True,21.52,19.480729166666666,1,True,29.31,20.77031578947368,1,True
2026-08-08T13:30:00Z,4,Nablus,4-1,15.41,19.12333333333333,1,True,22.67,19.566875,1,True,30.78,20.917052631578947,1,True
2026-08-08T13:45:00Z,4,Nablus,4-1,15.45,19.149166666666666,1,True,23.3,19.648854166666666,1,True,30.7,21.06736842105263,1,True
2026-08-08T14:00:00Z,4,Nablus,4-1,15.79,19.1878125,1,True,25.14,19.738020833333334,1,True,31.41,21.217684210526315,1,True
2026-08-08T14:15:00Z,4,Nablus,4-1,16.01,19.22125,1,True,25.79,19.840104166666666,1,True,32.36,21.376105263157893,1,True
2026-08-08T14:30:00Z,4,Nablus,4-1,16.67,19.262083333333333,1,True,26.32,19.95625,1,True,35.27,21.55863157894737,1,True
2026-08-08T14:45:00Z,4,Nablus,4-1,17.24,19.311458333333334,1,True,26.34,20.078541666666666,1,True,39.97,21.780526315789476,1,True
2026-08-08T15:00:00Z,4,Nablus,4-1,21.23,19.402604166666666,1,True,,,,False,38.59,21.980842105263157,1,True
2026-08-08T15:15:00Z,4,Nablus,4-1,21.52,19.480729166666666,1,True,26.89,20.257263157894734,1,True,37.03,22.142315789473685,1,True
2026-08-08T15:30:00Z,4,Nablus,4-1,22.67,19.566875,1,True,26.93,20.38178947368421,1,True,34.91,22.281473684210525,1,True
2026-08-08T15:45:00Z,4,Nablus,4-1,23.3,19.648854166666666,1,True,27.81,20.510210526315788,1,True,36.28,22.443052631578947,1,True
2026-08-08T16:00:00Z,4,Nablus,4-1,25.14,19.738020833333334,1,True,29.2,20.642105263157895,1,True,35.54,22.59463157894737,1,True
2026-08-08T16:15:00Z,4,Nablus,4-1,25.79,19.840104166666666,1,True,29.31,20.77031578947368,1,True,34.62,22.731368421052633,1,True
2026-08-08T16:30:00Z,4,Nablus,4-1,26.32,19.95625,1,True,30.78,20.917052631578947,1,True,35.49,22.888105263157897,1,True
2026-08-08T16:45:00Z,4,Nablus,4-1,26.34,20.078541666666666,1,True,30.7,21.06736842105263,1,True,37.64,23.056526315789473,1,True
2026-08-08T17:00:00Z,4,Nablus,4-1,,,,False,31.41,21.217684210526315,1,True,38.02,23.22084210526316,1,True
2026-08-08T17:15:00Z,4,Nablus,4-1,26.89,20.257263157894734,1,True,32.36,21.376105263157893,1,True,37.36,23.37526315789474,1,True
2026-08-08T17:30:00Z,4,Nablus,4-1,26.93,20.38178947368421,1,True,35.27,21.55863157894737,1,True,38.92,23.542631578947372,1,True
2026-08-08T17:45:00Z,4,Nablus,4-1,27.81,20.510210526315788,1,True,39.97,21.780526315789476,1,True,41.79,23.74505263157895,1,True
2026-08-08T18:15:00Z,4,Nablus,4-1,29.31,20.77031578947368,1,True,37.03,22.142315789473685,1,True,36.16,23.901382978723404,1,True
2026-08-08T18:30:00Z,4,Nablus,4-1,30.78,20.917052631578947,1,True,34.91,22.281473684210525,1,True,34.74,24.023936170212767,1,True
2026-08-08T18:45:00Z,4,Nablus,4-1,30.7,21.06736842105263,1,True,36.28,22.443052631578947,1,True,33.51,24.12085106382979,1,True
2026-08-08T19:00:00Z,4,Nablus,4-1,31.41,21.217684210526315,1,True,35.54,22.59463157894737,1,True,34.21,24.202234042553194,1,True
2026-08-08T19:15:00Z,4,Nablus,4-1,32.36,21.376105263157893,1,True,34.62,22.731368421052633,1,True,35.29,24.277021276595743,1,True
2026-08-08T19:30:00Z,4,Nablus,4-1,35.27,21.55863157894737,1,True,35.49,22.888105263157897,1,True,36.0,24.376702127659573,1,True
2026-08-08T19:45:00Z,4,Nablus,4-1,39.97,21.780526315789476,1,True,37.64,23.056526315789473,1,True,33.38,24.4631914893617,1,True
2026-08-08T20:00:00Z,4,Nablus,4-1,38.59,21.980842105263157,1,True,38.02,23.22084210526316,1,True,32.83,24.546595744680854,1,True
2026-08-08T20:15:00Z,4,Nablus,4-1,37.03,22.142315789473685,1,True,37.36,23.37526315789474,1,True,35.61,24.65797872340426,1,True
2026-08-08T20:30:00Z,4,Nablus,4-1,34.91,22.281473684210525,1,True,38.92,23.542631578947372,1,True,34.94,24.764042553191487,1,True
2026-08-08T20:45:00Z,4,Nablus,4-1,36.28,22.443052631578947,1,True,41.79,23.74505263157895,1,True,32.4,24.85340425531915,1,True
2026-08-08T21:00:00Z,4,Nablus,4-1,35.54,22.59463157894737,1,True,,,,False,32.82,24.94595744680851,1,True
2026-08-08T21:15:00Z,4,Nablus,4-1,34.62,22.731368421052633,1,True,36.16,23.901382978723404,1,True,31.88,25.025212765957452,1,True
2026-08-08T21:30:00Z,4,Nablus,4-1,35.49,22.888105263157897,1,True,34.74,24.023936170212767,1,True,34.85,25.148723404255318,1,True
2026-08-08T21:45:00Z,4,Nablus,4-1,37.64,23.056526315789473,1,True,33.51,24.12085106382979,1,True,43.74,25.388936170212766,1,True
2026-08-08T22:00:00Z,4,Nablus,4-1,38.02,23.22084210526316,1,True,34.21,24.202234042553194,1,True,32.8,25.503510638297872,1,True
2026-08-08T22:15:00Z,4,Nablus,4-1,37.36,23.37526315789474,1,True,35.29,24.277021276595743,1,True,30.99,25.593404255319147,1,True
2026-08-08T22:30:00Z,4,Nablus,4-1,38.92,23.542631578947372,1,True,36.0,24.376702127659573,1,True,30.3,25.67478723404255,1,True
2026-08-08T22:45:00Z,4,Nablus,4-1,41.79,23.74505263157895,1,True,33.38,24.4631914893617,1,True,29.88,25.739787234042552,1,True
2026-08-08T23:00:00Z,4,Nablus,4-1,,,,False,32.83,24.546595744680854,1,True,34.83,25.85244680851064,1,True
2026-08-08T23:15:00Z,4,Nablus,4-1,36.16,23.901382978723404,1,True,35.61,24.65797872340426,1,True,28.9,25.948085106382983,1,True
2026-08-08T23:30:00Z,4,Nablus,4-1,34.74,24.023936170212767,1,True,34.94,24.764042553191487,1,True,41.02,26.166914893617022,1,True
2026-08-08T23:45:00Z,4,Nablus,4-1,33.51,24.12085106382979,1,True,32.4,24.85340425531915,1,True,41.41,26.39744680851064,1,True
2026-08-09T00:15:00Z,4,Nablus,4-1,35.29,24.277021276595743,1,True,31.88,25.025212765957452,1,True,28.1,26.540425531914895,1,True
2026-08-09T00:30:00Z,4,Nablus,4-1,36.0,24.376702127659573,1,True,34.85,25.148723404255318,1,True,27.33,26.564468085106384,1,True
2026-08-09T00:45:00Z,4,Nablus,4-1,33.38,24.4631914893617,1,True,43.74,25.388936170212766,1,True,21.06,26.552553191489363,1,True
2026-08-09T01:00:00Z,4,Nablus,4-1,32.83,24.546595744680854,1,True,32.8,25.503510638297872,1,True,21.8,26.564787234042555,1,True
2026-08-09T01:15:00Z,4,Nablus,4-1,35.61,24.65797872340426,1,True,30.99,25.593404255319147,1,True,19.54,26.574893617021278,1,True
2026-08-09T01:30:00Z,4,Nablus,4-1,34.94,24.764042553191487,1,True,30.3,25.67478723404255,1,True,21.22,26.608085106382976,1,True
2026-08-09T01:45:00Z,4,Nablus,4-1,32.4,24.85340425531915,1,True,29.88,25.739787234042552,1,True,19.24,26.61468085106383,1,True
2026-08-09T02:00:00Z,4,Nablus,4-1,32.82,24.94595744680851,1,True,34.83,25.85244680851064,1,True,19.58,26.627553191489366,1,True
2026-08-09T02:15:00Z,4,Nablus,4-1,31.88,25.025212765957452,1,True,28.9,25.948085106382983,1,True,16.68,26.60723404255319,1,True
2026-08-09T02:30:00Z,4,Nablus,4-1,34.85,25.148723404255318,1,True,41.02,26.166914893617022,1,True,16.44,26.589893617021275,1,True
2026-08-09T02:45:00Z,4,Nablus,4-1,43.74,25.388936170212766,1,True,41.41,26.39744680851064,1,True,16.08,26.56159574468085,1,True
2026-08-09T03:00:00Z,4,Nablus,4-1,32.8,25.503510638297872,1,True,34.7,26.54255319148936,1,True,15.92,26.53787234042553,1,True
2026-08-09T03:15:00Z,4,Nablus,4-1,30.99,25.593404255319147,1,True,28.1,26.540425531914895,1,True,16.45,26.517340425531913,1,True
2026-08-09T03:30:00Z,4,Nablus,4-1,30.3,25.67478723404255,1,True,27.33,26.564468085106384,1,True,16.37,26.496595744680853,1,True
2026-08-09T03:45:00Z,4,Nablus,4-1,29.88,25.739787234042552,1,True,21.06,26.552553191489363,1,True,16.48,26.469042553191493,1,True
2026-08-09T04:00:00Z,4,Nablus,4-1,34.83,25.85244680851064,1,True,21.8,26.564787234042555,1,True,15.46,26.443617021276594,1,True
2026-08-09T04:15:00Z,4,Nablus,4-1,28.9,25.948085106382983,1,True,19.54,26.574893617021278,1,True,15.42,26.41829787234042,1,True
2026-08-09T04:30:00Z,4,Nablus,4-1,41.02,26.166914893617022,1,True,21.22,26.608085106382976,1,True,14.56,26.382127659574465,1,True
2026-08-09T04:45:00Z,4,Nablus,4-1,41.41,26.39744680851064,1,True,19.24,26.61468085106383,1,True,14.24,26.340744680851067,1,True
2026-08-09T05:00:00Z,4,Nablus,4-1,34.7,26.54255319148936,1,True,19.58,26.627553191489366,1,True,14.05,26.301170212765957,1,True
2026-08-09T05:15:00Z,4,Nablus,4-1,28.1,26.540425531914895,1,True,16.68,26.60723404255319,1,True,13.76,26.265851063829786,1,True
2026-08-09T05:30:00Z,4,Nablus,4-1,27.33,26.564468085106384,1,True,16.44,26.589893617021275,1,True,13.71,26.23351063829787,1,True
2026-08-09T05:45:00Z,4,Nablus,4-1,21.06,26.552553191489363,1,True,16.08,26.56159574468085,1,True,12.51,26.1968085106383,1,True
2026-08-09T06:00:00Z,4,Nablus,4-1,21.8,26.564787234042555,1,False,15.92,26.53787234042553,1,False,12.06,26.16372340425532,1,False
2026-08-09T06:15:00Z,4,Nablus,4-1,19.54,26.574893617021278,1,True,16.45,26.517340425531913,1,True,11.86,26.13,1,True
2026-08-09T06:30:00Z,4,Nablus,4-1,21.22,26.608085106382976,1,True,16.37,26.496595744680853,1,True,12.42,26.10191489361702,1,True
2026-08-09T06:45:00Z,4,Nablus,4-1,19.24,26.61468085106383,1,True,16.48,26.469042553191493,1,True,11.3,26.062127659574468,1,True
2026-08-09T07:00:00Z,4,Nablus,4-1,19.58,26.627553191489366,1,True,15.46,26.443617021276594,1,True,11.08,26.014574468085105,1,True
2026-08-09T07:15:00Z,4,Nablus,4-1,16.68,26.60723404255319,1,True,15.42,26.41829787234042,1,True,10.8,25.967872340425526,1,True
2026-08-09T07:30:00Z,4,Nablus,4-1,16.44,26.589893617021275,1,True,14.56,26.382127659574465,1,True,11.06,25.918829787234046,1,True
2026-08-09T07:45:00Z,4,Nablus,4-1,16.08,26.56159574468085,1,True,14.24,26.340744680851067,1,True,10.18,25.857978723404255,1,True
2026-08-09T08:00:00Z,4,Nablus,4-1,15.92,26.53787234042553,1,True,14.05,26.301170212765957,1,True,10.05,25.799148936170216,1,True
2026-08-09T08:15:00Z,4,Nablus,4-1,16.45,26.517340425531913,1,True,13.76,26.265851063829786,1,True,10.0,25.74148936170213,1,True
2026-08-09T08:30:00Z,4,Nablus,4-1,16.37,26.496595744680853,1,True,13.71,26.23351063829787,1,True,9.98,25.683723404255325,1,True
2026-08-09T08:45:00Z,4,Nablus,4-1,16.48,26.469042553191493,1,True,12.51,26.1968085106383,1,True,11.09,25.637340425531914,1,True
2026-08-09T09:00:00Z,4,Nablus,4-1,15.46,26.443617021276594,1,True,12.06,26.16372340425532,1,True,11.83,25.595212765957445,1,True
2026-08-09T09:15:00Z,4,Nablus,4-1,15.42,26.41829787234042,1,True,11.86,26.13,1,True,10.81,25.539893617021278,1,True
2026-08-09T09:30:00Z,4,Nablus,4-1,14.56,26.382127659574465,1,True,12.42,26.10191489361702,1,True,10.62,25.47553191489362,1,True
2026-08-09T09:45:00Z,4,Nablus,4-1,14.24,26.340744680851067,1,True,11.3,26.062127659574468,1,True,11.35,25.41287234042553,1,True
2026-08-09T10:00:00Z,4,Nablus,4-1,14.05,26.301170212765957,1,True,11.08,26.014574468085105,1,True,11.69,25.311382978723405,1,True
2026-08-09T10:15:00Z,4,Nablus,4-1,13.76,26.265851063829786,1,True,10.8,25.967872340425526,1,True,12.23,25.212553191489363,1,True
2026-08-09T10:30:00Z,4,Nablus,4-1,13.71,26.23351063829787,1,True,11.06,25.918829787234046,1,True,12.32,25.102446808510635,1,True
2026-08-09T10:45:00Z,4,Nablus,4-1,12.51,26.1968085106383,1,True,10.18,25.857978723404255,1,True,13.54,24.998617021276594,1,True
2026-08-09T11:00:00Z,4,Nablus,4-1,12.06,26.16372340425532,1,True,10.05,25.799148936170216,1,True,14.0,24.88010638297872,1,True
2026-08-09T11:15:00Z,4,Nablus,4-1,11.86,26.13,1,True,10.0,25.74148936170213,1,True,14.66,24.761702127659575,1,True
2026-08-09T11:30:00Z,4,Nablus,4-1,12.42,26.10191489361702,1,True,9.98,25.683723404255325,1,True,15.55,24.64712765957447,1,True
2026-08-09T11:45:00Z,4,Nablus,4-1,11.3,26.062127659574468,1,True,11.09,25.637340425531914,1,True,16.76,24.545212765957448,1,True
2026-08-09T12:00:00Z,4,Nablus,4-1,11.08,26.014574468085105,1,True,11.83,25.595212765957445,1,True,17.03,24.466105263157893,1,True
2026-08-09T12:15:00Z,4,Nablus,4-1,10.8,25.967872340425526,1,True,10.81,25.539893617021278,1,True,17.67,24.369052631578946,1,True
2026-08-09T12:30:00Z,4,Nablus,4-1,11.06,25.918829787234046,1,True,10.62,25.47553191489362,1,True,18.09,24.275999999999996,1,True
2026-08-09T12:45:00Z,4,Nablus,4-1,10.18,25.857978723404255,1,True,11.35,25.41287234042553,1,True,17.82,24.17084210526316,1,True
2026-08-09T13:00:00Z,4,Nablus,4-1,10.05,25.799148936170216,1,True,11.69,25.311382978723405,1,True,17.84,24.051263157894734,1,True
2026-08-09T13:15:00Z,4,Nablus,4-1,10.0,25.74148936170213,1,True,12.23,25.212553191489363,1,True,15.28,23.903578947368423,1,True
2026-08-09T13:30:00Z,4,Nablus,4-1,9.98,25.683723404255325,1,True,12.32,25.102446808510635,1,True,13.12,23.717684210526315,1,True
2026-08-09T13:45:00Z,4,Nablus,4-1,11.09,25.637340425531914,1,True,13.54,24.998617021276594,1,True,13.48,23.536421052631578,1,True
2026-08-09T14:00:00Z,4,Nablus,4-1,11.83,25.595212765957445,1,True,14.0,24.88010638297872,1,True,12.92,23.341789473684212,1,True
2026-08-09T14:15:00Z,4,Nablus,4-1,10.81,25.539893617021278,1,True,14.66,24.761702127659575,1,True,12.3,23.130631578947373,1,True
2026-08-09T14:30:00Z,4,Nablus,4-1,10.62,25.47553191489362,1,True,15.55,24.64712765957447,1,True,11.71,22.882631578947368,1,True
2026-08-09T14:45:00Z,4,Nablus,4-1,11.35,25.41287234042553,1,True,16.76,24.545212765957448,1,True,10.71,22.574631578947365,1,True
2026-08-09T15:00:00Z,4,Nablus,4-1,11.69,25.311382978723405,1,True,17.03,24.466105263157893,1,True,11.76,22.29221052631579,1,True
2026-08-09T15:15:00Z,4,Nablus,4-1,12.23,25.212553191489363,1,True,17.67,24.369052631578946,1,True,10.93,22.017473684210525,1,True
2026-08-09T15:30:00Z,4,Nablus,4-1,12.32,25.102446808510635,1,True,18.09,24.275999999999996,1,True,10.04,21.755684210526315,1,True
2026-08-09T15:45:00Z,4,Nablus,4-1,13.54,24.998617021276594,1,True,17.82,24.17084210526316,1,True,9.97,21.478736842105263,1,True
2026-08-09T16:00:00Z,4,Nablus,4-1,14.0,24.88010638297872,1,True,17.84,24.051263157894734,1,True,9.42,21.20378947368421,1,True
2026-08-09T16:15:00Z,4,Nablus,4-1,14.66,24.761702127659575,1,True,15.28,23.903578947368423,1,True,9.56,20.94,1,True
2026-08-09T16:30:00Z,4,Nablus,4-1,15.55,24.64712765957447,1,True,13.12,23.717684210526315,1,True,9.32,20.664526315789473,1,True
2026-08-09T16:45:00Z,4,Nablus,4-1,16.76,24.545212765957448,1,True,13.48,23.536421052631578,1,True,9.36,20.366842105263157,1,True
2026-08-09T17:00:00Z,4,Nablus,4-1,17.03,24.466105263157893,1,True,12.92,23.341789473684212,1,True,8.88,20.060105263157894,1,True
2026-08-09T17:15:00Z,4,Nablus,4-1,17.67,24.369052631578946,1,True,12.3,23.130631578947373,1,True,8.97,19.76126315789474,1,True
2026-08-09T17:30:00Z,4,Nablus,4-1,18.09,24.275999999999996,1,True,11.71,22.882631578947368,1,True,9.02,19.446526315789473,1,True
2026-08-09T17:45:00Z,4,Nablus,4-1,17.82,24.17084210526316,1,True,10.71,22.574631578947365,1,True,8.95,19.10084210526316,1,True
2026-08-09T18:00:00Z,4,Nablus,4-1,17.84,24.051263157894734,1,True,11.76,22.29221052631579,1,True,8.31,18.9884375,1,True
2026-08-09T18:15:00Z,4,Nablus,4-1,15.28,23.903578947368423,1,True,10.93,22.017473684210525,1,True,8.39,18.699166666666667,1,True
2026-08-09T18:30:00Z,4,Nablus,4-1,13.12,23.717684210526315,1,True,10.04,21.755684210526315,1,True,8.72,18.428124999999998,1,True
2026-08-09T18:45:00Z,4,Nablus,4-1,13.48,23.536421052631578,1,True,9.97,21.478736842105263,1,True,8.26,18.165104166666666,1,True
2026-08-09T19:00:00Z,4,Nablus,4-1,12.92,23.341789473684212,1,True,9.42,21.20378947368421,1,True,8.12,17.893333333333334,1,True
2026-08-09T19:15:00Z,4,Nablus,4-1,12.3,23.130631578947373,1,True,9.56,20.94,1,True,8.19,17.611041666666665,1,True
2026-08-09T19:30:00Z,4,Nablus,4-1,11.71,22.882631578947368,1,True,9.32,20.664526315789473,1,True,8.02,17.31958333333333,1,True
2026-08-09T19:45:00Z,4,Nablus,4-1,10.71,22.574631578947365,1,True,9.36,20.366842105263157,1,True,8.39,17.059270833333333,1,True
2026-08-09T20:00:00Z,4,Nablus,4-1,11.76,22.29221052631579,1,True,8.88,20.060105263157894,1,True,8.24,16.803124999999998,1,True
2026-08-09T20:15:00Z,4,Nablus,4-1,10.93,22.017473684210525,1,True,8.97,19.76126315789474,1,True,8.31,16.51875,1,True
2026-08-09T20:30:00Z,4,Nablus,4-1,10.04,21.755684210526315,1,True,9.02,19.446526315789473,1,True,8.2,16.24020833333333,1,True
2026-08-09T20:45:00Z,4,Nablus,4-1,9.97,21.478736842105263,1,True,8.95,19.10084210526316,1,True,8.52,15.991458333333334,1,True
2026-08-09T21:00:00Z,4,Nablus,4-1,9.42,21.20378947368421,1,True,8.31,18.9884375,1,True,9.68,15.750416666666666,1,True
2026-08-09T21:15:00Z,4,Nablus,4-1,9.56,20.94,1,True,8.39,18.699166666666667,1,True,8.66,15.508541666666666,1,True
2026-08-09T21:30:00Z,4,Nablus,4-1,9.32,20.664526315789473,1,True,8.72,18.428124999999998,1,True,8.21,15.231041666666664,1,True
2026-08-09T21:45:00Z,4,Nablus,4-1,9.36,20.366842105263157,1,True,8.26,18.165104166666666,1,True,8.36,14.862499999999999,0,True
2026-08-09T22:00:00Z,4,Nablus,4-1,8.88,20.060105263157894,1,True,8.12,17.893333333333334,1,True,7.98,14.603958333333333,0,True
2026-08-09T22:15:00Z,4,Nablus,4-1,8.97,19.76126315789474,1,True,8.19,17.611041666666665,1,True,8.13,14.365833333333333,0,True
2026-08-09T22:30:00Z,4,Nablus,4-1,9.02,19.446526315789473,1,True,8.02,17.31958333333333,1,True,7.93,14.1328125,0,True
2026-08-09T22:45:00Z,4,Nablus,4-1,8.95,19.10084210526316,1,True,8.39,17.059270833333333,1,True,8.01,13.905000000000001,0,True
2026-08-09T23:00:00Z,4,Nablus,4-1,8.31,18.9884375,1,True,8.24,16.803124999999998,1,True,8.2,13.627604166666666,0,True
2026-08-09T23:15:00Z,4,Nablus,4-1,8.39,18.699166666666667,1,True,8.31,16.51875,1,True,8.38,13.413854166666667,0,True
2026-08-09T23:30:00Z,4,Nablus,4-1,8.72,18.428124999999998,1,True,8.2,16.24020833333333,1,True,8.34,13.073437500000002,0,True
2026-08-09T23:45:00Z,4,Nablus,4-1,8.26,18.165104166666666,1,True,8.52,15.991458333333334,1,True,8.23,12.7278125,0,True
2026-08-10T00:00:00Z,4,Nablus,4-1,8.12,17.893333333333334,1,True,9.68,15.750416666666666,1,True,9.74,12.4678125,0,True
2026-08-10T00:15:00Z,4,Nablus,4-1,8.19,17.611041666666665,1,True,8.66,15.508541666666666,1,True,10.08,12.280104166666668,0,True
2026-08-10T00:30:00Z,4,Nablus,4-1,8.02,17.31958333333333,1,True,8.21,15.231041666666664,1,True,8.99,12.089062499999999,0,True
2026-08-10T00:45:00Z,4,Nablus,4-1,8.39,17.059270833333333,1,True,8.36,14.862499999999999,0,True,9.37,11.967291666666666,0,True
2026-08-10T01:00:00Z,4,Nablus,4-1,8.24,16.803124999999998,1,True,7.98,14.603958333333333,0,True,9.28,11.836875,0,True
2026-08-10T01:15:00Z,4,Nablus,4-1,8.31,16.51875,1,True,8.13,14.365833333333333,0,True,9.59,11.733229166666668,0,True
2026-08-10T01:30:00Z,4,Nablus,4-1,8.2,16.24020833333333,1,True,7.93,14.1328125,0,True,9.49,11.611041666666667,0,True
2026-08-10T01:45:00Z,4,Nablus,4-1,8.52,15.991458333333334,1,True,8.01,13.905000000000001,0,True,10.16,11.516458333333333,0,True
2026-08-10T02:00:00Z,4,Nablus,4-1,9.68,15.750416666666666,1,True,8.2,13.627604166666666,0,True,10.72,11.424166666666666,0,True
2026-08-10T02:15:00Z,4,Nablus,4-1,8.66,15.508541666666666,1,True,8.38,13.413854166666667,0,True,11.6,11.371250000000002,0,True
2026-08-10T02:30:00Z,4,Nablus,4-1,8.21,15.231041666666664,1,True,8.34,13.073437500000002,0,True,11.65,11.321354166666666,0,True
2026-08-10T02:45:00Z,4,Nablus,4-1,8.36,14.862499999999999,0,True,8.23,12.7278125,0,True,11.11,11.269583333333335,0,True
2026-08-10T03:00:00Z,4,Nablus,4-1,7.98,14.603958333333333,0,True,9.74,12.4678125,0,True,11.09,11.219270833333333,0,True
2026-08-10T03:15:00Z,4,Nablus,4-1,8.13,14.365833333333333,0,True,10.08,12.280104166666668,0,True,11.22,11.164791666666666,0,True
2026-08-10T03:30:00Z,4,Nablus,4-1,7.93,14.1328125,0,True,8.99,12.089062499999999,0,True,11.58,11.114895833333334,0,True
2026-08-10T03:45:00Z,4,Nablus,4-1,8.01,13.905000000000001,0,True,9.37,11.967291666666666,0,True,11.66,11.0646875,0,True
2026-08-10T04:00:00Z,4,Nablus,4-1,8.2,13.627604166666666,0,True,9.28,11.836875,0,True,12.09,11.029583333333333,0,True
2026-08-10T04:15:00Z,4,Nablus,4-1,8.38,13.413854166666667,0,True,9.59,11.733229166666668,0,True,11.73,10.991145833333333,0,True
2026-08-10T04:30:00Z,4,Nablus,4-1,8.34,13.073437500000002,0,True,9.49,11.611041666666667,0,True,11.85,10.962916666666667,0,True
2026-08-10T04:45:00Z,4,Nablus,4-1,8.23,12.7278125,0,True,10.16,11.516458333333333,0,True,11.57,10.935104166666667,0,True
2026-08-10T05:00:00Z,4,Nablus,4-1,9.74,12.4678125,0,True,10.72,11.424166666666666,0,True,11.87,10.912395833333333,0,True
2026-08-10T05:15:00Z,4,Nablus,4-1,10.08,12.280104166666668,0,True,11.6,11.371250000000002,0,True,10.81,10.881666666666668,0,True
2026-08-10T05:30:00Z,4,Nablus,4-1,8.99,12.089062499999999,0,True,11.65,11.321354166666666,0,True,10.64,10.8496875,0,True
2026-08-10T05:45:00Z,4,Nablus,4-1,9.37,11.967291666666666,0,True,11.11,11.269583333333335,0,True,10.36,10.827291666666667,0,True
2026-08-10T06:00:00Z,4,Nablus,4-1,9.28,11.836875,0,True,11.09,11.219270833333333,0,True,9.98,10.805625,0,True
2026-08-10T06:15:00Z,4,Nablus,4-1,9.59,11.733229166666668,0,True,11.22,11.164791666666666,0,True,9.55,10.7815625,0,True
2026-08-10T06:30:00Z,4,Nablus,4-1,9.49,11.611041666666667,0,True,11.58,11.114895833333334,0,True,9.6,10.7521875,0,True
2026-08-10T06:45:00Z,4,Nablus,4-1,10.16,11.516458333333333,0,True,11.66,11.0646875,0,True,9.56,10.7340625,0,True
2026-08-10T07:00:00Z,4,Nablus,4-1,10.72,11.424166666666666,0,True,12.09,11.029583333333333,0,True,9.2,10.714479166666669,0,True
2026-08-10T07:15:00Z,4,Nablus,4-1,11.6,11.371250000000002,0,True,11.73,10.991145833333333,0,True,9.23,10.698125,0,True
2026-08-10T07:30:00Z,4,Nablus,4-1,11.65,11.321354166666666,0,True,11.85,10.962916666666667,0,True,9.07,10.677395833333334,0,True
2026-08-10T07:45:00Z,4,Nablus,4-1,11.11,11.269583333333335,0,True,11.57,10.935104166666667,0,True,8.84,10.663437499999999,0,True
2026-08-10T08:00:00Z,4,Nablus,4-1,11.09,11.219270833333333,0,True,11.87,10.912395833333333,0,True,9.18,10.654375,0,True
2026-08-10T08:15:00Z,4,Nablus,4-1,11.22,11.164791666666666,0,True,10.81,10.881666666666668,0,True,9.18,10.645833333333334,0,True
2026-08-10T08:30:00Z,4,Nablus,4-1,11.58,11.114895833333334,0,True,10.64,10.8496875,0,True,8.95,10.635104166666666,0,True
2026-08-10T08:45:00Z,4,Nablus,4-1,11.66,11.0646875,0,True,10.36,10.827291666666667,0,True,8.92,10.612499999999999,0,True
2026-08-10T09:00:00Z,4,Nablus,4-1,12.09,11.029583333333333,0,True,9.98,10.805625,0,True,9.49,10.588125,0,True
2026-08-10T09:15:00Z,4,Nablus,4-1,11.73,10.991145833333333,0,True,9.55,10.7815625,0,True,8.81,10.567291666666668,0,True
2026-08-10T09:30:00Z,4,Nablus,4-1,11.85,10.962916666666667,0,True,9.6,10.7521875,0,True,9.16,10.552083333333334,0,True
2026-08-10T09:45:00Z,4,Nablus,4-1,11.57,10.935104166666667,0,True,9.56,10.7340625,0,True,9.53,10.533125,0,True
2026-08-10T10:00:00Z,4,Nablus,4-1,11.87,10.912395833333333,0,True,9.2,10.714479166666669,0,True,,,,False
2026-08-10T10:15:00Z,4,Nablus,4-1,10.81,10.881666666666668,0,True,9.23,10.698125,0,True,9.78,10.495157894736842,0,True
2026-08-10T10:30:00Z,4,Nablus,4-1,10.64,10.8496875,0,True,9.07,10.677395833333334,0,True,10.46,10.47557894736842,0,True
2026-08-10T10:45:00Z,4,Nablus,4-1,10.36,10.827291666666667,0,True,8.84,10.663437499999999,0,True,10.53,10.443894736842104,0,True
2026-08-10T11:00:00Z,4,Nablus,4-1,9.98,10.805625,0,True,9.18,10.654375,0,True,10.66,10.408736842105263,0,True
2026-08-10T11:15:00Z,4,Nablus,4-1,9.55,10.7815625,0,True,9.18,10.645833333333334,0,True,11.38,10.37421052631579,0,True
2026-08-10T11:30:00Z,4,Nablus,4-1,9.6,10.7521875,0,True,8.95,10.635104166666666,0,True,11.91,10.335894736842105,0,True
2026-08-10T11:45:00Z,4,Nablus,4-1,9.56,10.7340625,0,True,8.92,10.612499999999999,0,True,12.15,10.287368421052632,0,True
2026-08-10T12:00:00Z,4,Nablus,4-1,9.2,10.714479166666669,0,True,9.49,10.588125,0,True,12.14,10.235894736842106,0,True
2026-08-10T12:15:00Z,4,Nablus,4-1,9.23,10.698125,0,True,8.81,10.567291666666668,0,True,11.88,10.174947368421053,0,True
2026-08-10T12:30:00Z,4,Nablus,4-1,9.07,10.677395833333334,0,True,9.16,10.552083333333334,0,True,11.68,10.107473684210527,0,True
2026-08-10T12:45:00Z,4,Nablus,4-1,8.84,10.663437499999999,0,True,9.53,10.533125,0,True,12.04,10.046631578947368,0,True
2026-08-10T13:00:00Z,4,Nablus,4-1,9.18,10.654375,0,True,,,,False,11.82,9.983263157894738,0,True
2026-08-10T13:15:00Z,4,Nablus,4-1,9.18,10.645833333333334,0,True,9.78,10.495157894736842,0,True,12.16,9.950421052631578,0,True
2026-08-10T13:30:00Z,4,Nablus,4-1,8.95,10.635104166666666,0,True,10.46,10.47557894736842,0,True,12.31,9.941894736842105,0,True
2026-08-10T13:45:00Z,4,Nablus,4-1,8.92,10.612499999999999,0,True,10.53,10.443894736842104,0,True,11.5,9.921052631578947,0,True
2026-08-10T14:00:00Z,4,Nablus,4-1,9.49,10.588125,0,True,10.66,10.408736842105263,0,True,11.12,9.902105263157894,0,True
2026-08-10T14:15:00Z,4,Nablus,4-1,8.81,10.567291666666668,0,True,11.38,10.37421052631579,0,True,10.84,9.886736842105263,0,True
2026-08-10T14:30:00Z,4,Nablus,4-1,9.16,10.552083333333334,0,True,11.91,10.335894736842105,0,True,10.77,9.876842105263158,0,True
2026-08-10T14:45:00Z,4,Nablus,4-1,9.53,10.533125,0,True,12.15,10.287368421052632,0,True,10.31,9.87263157894737,0,True
2026-08-10T15:00:00Z,4,Nablus,4-1,,,,False,12.14,10.235894736842106,0,True,9.62,9.850105263157895,0,True
2026-08-10T15:15:00Z,4,Nablus,4-1,9.78,10.495157894736842,0,True,11.88,10.174947368421053,0,True,9.66,9.836736842105264,0,True
2026-08-10T15:30:00Z,4,Nablus,4-1,10.46,10.47557894736842,0,True,11.68,10.107473684210527,0,True,9.31,9.829052631578948,0,True
2026-08-10T15:45:00Z,4,Nablus,4-1,10.53,10.443894736842104,0,True,12.04,10.046631578947368,0,True,9.31,9.822105263157894,0,True
2026-08-10T16:15:00Z,4,Nablus,4-1,11.38,10.37421052631579,0,True,12.16,9.950421052631578,0,True,9.43,9.817052631578948,0,True
2026-08-10T16:30:00Z,4,Nablus,4-1,11.91,10.335894736842105,0,True,12.31,9.941894736842105,0,True,9.2,9.81578947368421,0,True
2026-08-10T16:45:00Z,4,Nablus,4-1,12.15,10.287368421052632,0,True,11.5,9.921052631578947,0,True,9.07,9.812736842105263,0,True
2026-08-10T17:00:00Z,4,Nablus,4-1,12.14,10.235894736842106,0,True,11.12,9.902105263157894,0,True,9.36,9.817789473684211,0,True
2026-08-10T17:15:00Z,4,Nablus,4-1,11.88,10.174947368421053,0,True,10.84,9.886736842105263,0,True,9.21,9.820315789473685,0,True
2026-08-10T17:30:00Z,4,Nablus,4-1,11.68,10.107473684210527,0,True,10.77,9.876842105263158,0,True,9.11,9.821263157894737,0,True
2026-08-10T17:45:00Z,4,Nablus,4-1,12.04,10.046631578947368,0,True,10.31,9.87263157894737,0,True,9.05,9.822315789473684,0,True
2026-08-10T18:00:00Z,4,Nablus,4-1,11.82,9.983263157894738,0,True,9.62,9.850105263157895,0,True,8.92,9.828736842105263,0,True
2026-08-10T18:15:00Z,4,Nablus,4-1,12.16,9.950421052631578,0,True,9.66,9.836736842105264,0,True,9.25,9.837789473684209,0,True
2026-08-10T18:30:00Z,4,Nablus,4-1,12.31,9.941894736842105,0,True,9.31,9.829052631578948,0,True,9.23,9.843157894736843,0,True
2026-08-10T18:45:00Z,4,Nablus,4-1,11.5,9.921052631578947,0,True,9.31,9.822105263157894,0,True,9.32,9.854315789473684,0,True
2026-08-10T19:00:00Z,4,Nablus,4-1,11.12,9.902105263157894,0,True,9.07,9.81842105263158,0,True,9.42,9.868,0,True
2026-08-10T19:15:00Z,4,Nablus,4-1,10.84,9.886736842105263,0,True,9.43,9.817052631578948,0,True,9.25,9.879157894736842,0,True
2026-08-10T19:30:00Z,4,Nablus,4-1,10.77,9.876842105263158,0,True,9.2,9.81578947368421,0,True,9.18,9.891368421052631,0,True
2026-08-10T19:45:00Z,4,Nablus,4-1,10.31,9.87263157894737,0,True,9.07,9.812736842105263,0,True,9.53,9.903368421052631,0,True
2026-08-10T20:00:00Z,4,Nablus,4-1,9.62,9.850105263157895,0,True,9.36,9.817789473684211,0,True,10.04,9.922315789473684,0,True
2026-08-10T20:15:00Z,4,Nablus,4-1,9.66,9.836736842105264,0,True,9.21,9.820315789473685,0,True,10.55,9.945894736842105,0,True
2026-08-10T20:30:00Z,4,Nablus,4-1,9.31,9.829052631578948,0,True,9.11,9.821263157894737,0,True,10.19,9.966842105263158,0,True
2026-08-10T20:45:00Z,4,Nablus,4-1,9.31,9.822105263157894,0,True,9.05,9.822315789473684,0,True,9.96,9.982000000000001,0,True
2026-08-10T21:00:00Z,4,Nablus,4-1,9.07,9.81842105263158,0,True,8.92,9.828736842105263,0,True,9.66,9.981789473684211,0,True
2026-08-10T21:15:00Z,4,Nablus,4-1,9.43,9.817052631578948,0,True,9.25,9.837789473684209,0,True,9.69,9.992631578947368,0,True
2026-08-10T21:30:00Z,4,Nablus,4-1,9.2,9.81578947368421,0,True,9.23,9.843157894736843,0,True,9.25,10.00357894736842,0,True
2026-08-10T21:45:00Z,4,Nablus,4-1,9.07,9.812736842105263,0,True,9.32,9.854315789473684,0,True,10.97,10.031052631578946,0,True
2026-08-10T22:00:00Z,4,Nablus,4-1,9.36,9.817789473684211,0,False,9.42,9.868,0,False,9.98,10.052105263157895,0,False
2026-08-10T22:15:00Z,4,Nablus,4-1,9.21,9.820315789473685,0,True,9.25,9.879157894736842,0,True,9.93,10.071052631578947,0,True
2026-08-10T22:30:00Z,4,Nablus,4-1,9.11,9.821263157894737,0,True,9.18,9.891368421052631,0,True,9.82,10.090947368421052,0,True
2026-08-10T22:45:00Z,4,Nablus,4-1,9.05,9.822315789473684,0,True,9.53,9.903368421052631,0,True,13.39,10.147578947368421,0,True
2026-08-10T23:00:00Z,4,Nablus,4-1,8.92,9.828736842105263,0,True,10.04,9.922315789473684,0,True,10.48,10.17157894736842,0,True
2026-08-10T23:15:00Z,4,Nablus,4-1,9.25,9.837789473684209,0,True,10.55,9.945894736842105,0,True,10.06,10.189263157894736,0,True
2026-08-10T23:30:00Z,4,Nablus,4-1,9.23,9.843157894736843,0,True,10.19,9.966842105263158,0,True,10.29,10.20978947368421,0,True
2026-08-10T23:45:00Z,4,Nablus,4-1,9.32,9.854315789473684,0,True,9.96,9.982000000000001,0,True,10.3,10.23157894736842,0,True
2026-08-11T00:00:00Z,4,Nablus,4-1,9.42,9.868,0,True,9.66,9.981789473684211,0,True,10.86,10.243368421052631,0,True
2026-08-11T00:15:00Z,4,Nablus,4-1,9.25,9.879157894736842,0,True,9.69,9.992631578947368,0,True,10.81,10.251052631578947,0,True
2026-08-11T00:30:00Z,4,Nablus,4-1,9.18,9.891368421052631,0,True,9.25,10.00357894736842,0,True,10.61,10.268105263157894,0,True
2026-08-11T00:45:00Z,4,Nablus,4-1,9.53,9.903368421052631,0,True,10.97,10.031052631578946,0,True,10.73,10.282421052631578,0,True
2026-08-11T01:00:00Z,4,Nablus,4-1,10.04,9.922315789473684,0,True,9.98,10.052105263157895,0,True,10.8,10.298421052631578,0,True
2026-08-11T01:15:00Z,4,Nablus,4-1,10.55,9.945894736842105,0,True,9.93,10.071052631578947,0,True,10.25,10.30536842105263,0,True
2026-08-11T01:30:00Z,4,Nablus,4-1,10.19,9.966842105263158,0,True,9.82,10.090947368421052,0,True,10.88,10.32,0,True
2026-08-11T01:45:00Z,4,Nablus,4-1,9.96,9.982000000000001,0,True,13.39,10.147578947368421,0,True,10.98,10.328631578947368,0,True
2026-08-11T02:00:00Z,4,Nablus,4-1,9.66,9.981789473684211,0,True,10.48,10.17157894736842,0,True,10.79,10.329368421052632,0,True
2026-08-11T02:15:00Z,4,Nablus,4-1,9.69,9.992631578947368,0,True,10.06,10.189263157894736,0,True,10.96,10.32263157894737,0,True
2026-08-11T02:30:00Z,4,Nablus,4-1,9.25,10.00357894736842,0,True,10.29,10.20978947368421,0,True,12.04,10.326736842105262,0,True
2026-08-11T02:45:00Z,4,Nablus,4-1,10.97,10.031052631578946,0,True,10.3,10.23157894736842,0,True,11.82,10.33421052631579,0,True
2026-08-11T03:00:00Z,4,Nablus,4-1,9.98,10.052105263157895,0,True,10.86,10.243368421052631,0,True,11.56,10.339157894736843,0,True
2026-08-11T03:15:00Z,4,Nablus,4-1,9.93,10.071052631578947,0,True,10.81,10.251052631578947,0,True,11.12,10.338105263157894,0,True
2026-08-11T03:30:00Z,4,Nablus,4-1,9.82,10.090947368421052,0,True,10.61,10.268105263157894,0,True,11.52,10.337473684210526,0,True
2026-08-11T03:45:00Z,4,Nablus,4-1,13.39,10.147578947368421,0,True,10.73,10.282421052631578,0,True,11.79,10.338842105263158,0,True
2026-08-11T04:00:00Z,4,Nablus,4-1,10.48,10.17157894736842,0,True,10.8,10.298421052631578,0,True,10.94,10.326736842105262,0,True
2026-08-11T04:15:00Z,4,Nablus,4-1,10.06,10.189263157894736,0,True,10.25,10.30536842105263,0,True,11.08,10.319894736842105,0,True
2026-08-11T04:30:00Z,4,Nablus,4-1,10.29,10.20978947368421,0,True,10.88,10.32,0,True,11.45,10.315684210526316,0,True
2026-08-11T04:45:00Z,4,Nablus,4-1,10.3,10.23157894736842,0,True,10.98,10.328631578947368,0,True,13.82,10.339368421052631,0,True
2026-08-11T05:00:00Z,4,Nablus,4-1,10.86,10.243368421052631,0,True,10.79,10.329368421052632,0,True,11.97,10.340421052631578,0,True
2026-08-11T05:15:00Z,4,Nablus,4-1,10.81,10.251052631578947,0,True,10.96,10.32263157894737,0,True,10.86,10.340947368421052,0,True
2026-08-11T05:30:00Z,4,Nablus,4-1,10.61,10.268105263157894,0,True,12.04,10.326736842105262,0,True,10.63,10.340842105263159,0,True
2026-08-11T05:45:00Z,4,Nablus,4-1,10.73,10.282421052631578,0,True,11.82,10.33421052631579,0,True,10.94,10.346947368421054,0,True
2026-08-11T06:00:00Z,4,Nablus,4-1,10.8,10.298421052631578,0,True,11.56,10.339157894736843,0,True,11.66,10.364631578947368,0,True
2026-08-11T06:15:00Z,4,Nablus,4-1,10.25,10.30536842105263,0,True,11.12,10.338105263157894,0,True,10.6,10.375684210526316,0,True
2026-08-11T06:30:00Z,4,Nablus,4-1,10.88,10.32,0,True,11.52,10.337473684210526,0,True,10.78,10.388105263157895,0,True
2026-08-11T06:45:00Z,4,Nablus,4-1,10.98,10.328631578947368,0,True,11.79,10.338842105263158,0,True,10.18,10.394631578947369,0,True
2026-08-11T07:00:00Z,4,Nablus,4-1,10.79,10.329368421052632,0,True,10.94,10.326736842105262,0,True,10.25,10.405684210526317,0,True
2026-08-11T07:15:00Z,4,Nablus,4-1,10.96,10.32263157894737,0,True,11.08,10.319894736842105,0,True,9.95,10.413263157894736,0,True
2026-08-11T07:30:00Z,4,Nablus,4-1,12.04,10.326736842105262,0,True,11.45,10.315684210526316,0,True,10.19,10.425052631578946,0,True
2026-08-11T07:45:00Z,4,Nablus,4-1,11.82,10.33421052631579,0,True,13.82,10.339368421052631,0,True,9.83,10.435473684210526,0,True
2026-08-11T08:00:00Z,4,Nablus,4-1,11.56,10.339157894736843,0,True,11.97,10.340421052631578,0,True,9.41,10.437894736842106,0,True
2026-08-11T08:15:00Z,4,Nablus,4-1,11.12,10.338105263157894,0,True,10.86,10.340947368421052,0,True,9.21,10.438210526315789,0,True
2026-08-11T08:30:00Z,4,Nablus,4-1,11.52,10.337473684210526,0,True,10.63,10.340842105263159,0,True,9.08,10.439578947368421,0,True
2026-08-11T08:45:00Z,4,Nablus,4-1,11.79,10.338842105263158,0,True,10.94,10.346947368421054,0,True,9.22,10.442736842105264,0,True
2026-08-11T09:00:00Z,4,Nablus,4-1,10.94,10.326736842105262,0,True,11.66,10.364631578947368,0,True,10.05,10.448631578947369,0,True
2026-08-11T09:15:00Z,4,Nablus,4-1,11.08,10.319894736842105,0,True,10.6,10.375684210526316,0,True,9.65,10.457473684210525,0,True
2026-08-11T09:30:00Z,4,Nablus,4-1,11.45,10.315684210526316,0,True,10.78,10.388105263157895,0,True,9.56,10.461684210526316,0,True
2026-08-11T09:45:00Z,4,Nablus,4-1,13.82,10.339368421052631,0,True,10.18,10.394631578947369,0,True,10.14,10.468105263157895,0,True
2026-08-11T10:00:00Z,4,Nablus,4-1,11.97,10.340421052631578,0,True,10.25,10.405684210526317,0,True,11.29,10.476666666666667,0,True
2026-08-11T10:15:00Z,4,Nablus,4-1,10.86,10.340947368421052,0,True,9.95,10.413263157894736,0,True,10.55,10.484687500000001,0,True
2026-08-11T10:30:00Z,4,Nablus,4-1,10.63,10.340842105263159,0,True,10.19,10.425052631578946,0,True,10.5,10.485104166666668,0,True
2026-08-11T10:45:00Z,4,Nablus,4-1,10.94,10.346947368421054,0,True,9.83,10.435473684210526,0,True,11.3,10.493125000000001,0,True
2026-08-11T11:00:00Z,4,Nablus,4-1,11.66,10.364631578947368,0,True,9.41,10.437894736842106,0,True,11.6,10.502916666666666,0,True
2026-08-11T11:15:00Z,4,Nablus,4-1,10.6,10.375684210526316,0,True,9.21,10.438210526315789,0,True,12.14,10.510833333333332,0,True
2026-08-11T11:30:00Z,4,Nablus,4-1,10.78,10.388105263157895,0,True,9.08,10.439578947368421,0,True,12.42,10.516145833333333,0,True
2026-08-11T11:45:00Z,4,Nablus,4-1,10.18,10.394631578947369,0,True,9.22,10.442736842105264,0,True,12.95,10.524479166666667,0,True
2026-08-11T12:00:00Z,4,Nablus,4-1,10.25,10.405684210526317,0,True,10.05,10.448631578947369,0,True,13.18,10.5353125,0,True
2026-08-11T12:15:00Z,4,Nablus,4-1,9.95,10.413263157894736,0,True,9.65,10.457473684210525,0,True,13.28,10.549895833333334,0,True
2026-08-11T12:30:00Z,4,Nablus,4-1,10.19,10.425052631578946,0,True,9.56,10.461684210526316,0,True,13.3,10.566770833333333,0,True
2026-08-11T12:45:00Z,4,Nablus,4-1,9.83,10.435473684210526,0,True,10.14,10.468105263157895,0,True,13.45,10.581458333333334,0,True
2026-08-11T13:00:00Z,4,Nablus,4-1,9.41,10.437894736842106,0,True,11.29,10.476666666666667,0,True,13.47,10.598645833333332,0,True
2026-08-11T13:15:00Z,4,Nablus,4-1,9.21,10.438210526315789,0,True,10.55,10.484687500000001,0,True,14.07,10.618541666666667,0,True
2026-08-11T13:30:00Z,4,Nablus,4-1,9.08,10.439578947368421,0,True,10.5,10.485104166666668,0,True,12.93,10.625,0,True
2026-08-11T13:45:00Z,4,Nablus,4-1,9.22,10.442736842105264,0,True,11.3,10.493125000000001,0,True,12.74,10.637916666666667,0,True
2026-08-11T14:00:00Z,4,Nablus,4-1,10.05,10.448631578947369,0,True,11.6,10.502916666666666,0,True,12.92,10.656666666666668,0,True
2026-08-11T14:15:00Z,4,Nablus,4-1,9.65,10.457473684210525,0,True,12.14,10.510833333333332,0,True,12.26,10.671458333333334,0,True
2026-08-11T14:30:00Z,4,Nablus,4-1,9.56,10.461684210526316,0,True,12.42,10.516145833333333,0,True,11.39,10.677916666666667,0,True
2026-08-11T14:45:00Z,4,Nablus,4-1,10.14,10.468105263157895,0,True,12.95,10.524479166666667,0,True,11.64,10.691770833333331,0,True
2026-08-11T15:00:00Z,4,Nablus,4-1,11.29,10.476666666666667,0,True,13.18,10.5353125,0,True,12.14,10.718020833333334,0,True
2026-08-11T15:15:00Z,4,Nablus,4-1,10.55,10.484687500000001,0,True,13.28,10.549895833333334,0,True,12.57,10.748333333333333,0,True
2026-08-11T15:30:00Z,4,Nablus,4-1,10.5,10.485104166666668,0,True,13.3,10.566770833333333,0,True,12.72,10.783854166666666,0,True
2026-08-11T15:45:00Z,4,Nablus,4-1,11.3,10.493125000000001,0,True,13.45,10.581458333333334,0,True,12.74,10.819583333333334,0,True
2026-08-11T16:00:00Z,4,Nablus,4-1,11.6,10.502916666666666,0,True,13.47,10.598645833333332,0,True,11.73,10.847291666666665,0,True
2026-08-11T16:15:00Z,4,Nablus,4-1,12.14,10.510833333333332,0,True,14.07,10.618541666666667,0,True,12.34,10.877604166666666,0,True
2026-08-11T16:30:00Z,4,Nablus,4-1,12.42,10.516145833333333,0,True,12.93,10.625,0,True,11.71,10.90375,0,True
2026-08-11T16:45:00Z,4,Nablus,4-1,12.95,10.524479166666667,0,True,12.74,10.637916666666667,0,True,10.95,10.923333333333332,0,True
2026-08-11T17:00:00Z,4,Nablus,4-1,13.18,10.5353125,0,True,12.92,10.656666666666668,0,True,10.92,10.939583333333333,0,True
2026-08-11T17:15:00Z,4,Nablus,4-1,13.28,10.549895833333334,0,True,12.26,10.671458333333334,0,True,10.36,10.9515625,0,True
2026-08-11T17:30:00Z,4,Nablus,4-1,13.3,10.566770833333333,0,True,11.39,10.677916666666667,0,True,9.49,10.955520833333333,0,True
2026-08-11T17:45:00Z,4,Nablus,4-1,13.45,10.581458333333334,0,True,11.64,10.691770833333331,0,True,9.55,10.960729166666667,0,True
2026-08-11T18:00:00Z,4,Nablus,4-1,13.47,10.598645833333332,0,True,12.14,10.718020833333334,0,True,9.98,10.971770833333332,0,True
2026-08-11T18:15:00Z,4,Nablus,4-1,14.07,10.618541666666667,0,True,12.57,10.748333333333333,0,True,9.89,10.9784375,0,True
2026-08-11T18:30:00Z,4,Nablus,4-1,12.93,10.625,0,True,12.72,10.783854166666666,0,True,9.54,10.981666666666667,0,True
2026-08-11T18:45:00Z,4,Nablus,4-1,12.74,10.637916666666667,0,True,12.74,10.819583333333334,0,True,9.53,10.983854166666667,0,True
2026-08-11T19:00:00Z,4,Nablus,4-1,12.92,10.656666666666668,0,True,11.73,10.847291666666665,0,True,10.03,10.990208333333333,0,True
2026-08-11T19:15:00Z,4,Nablus,4-1,12.26,10.671458333333334,0,True,12.34,10.877604166666666,0,True,9.26,10.9903125,0,True
2026-08-11T19:30:00Z,4,Nablus,4-1,11.39,10.677916666666667,0,True,11.71,10.90375,0,True,9.42,10.9928125,0,True
2026-08-11T19:45:00Z,4,Nablus,4-1,11.64,10.691770833333331,0,True,10.95,10.923333333333332,0,True,9.03,10.987604166666666,0,True
2026-08-11T20:00:00Z,4,Nablus,4-1,12.14,10.718020833333334,0,True,10.92,10.939583333333333,0,True,8.27,10.969166666666666,0,True
2026-08-11T20:15:00Z,4,Nablus,4-1,12.57,10.748333333333333,0,True,10.36,10.9515625,0,True,8.66,10.949479166666668,0,True
2026-08-11T20:30:00Z,4,Nablus,4-1,12.72,10.783854166666666,0,True,9.49,10.955520833333333,0,True,8.33,10.930104166666666,0,True
2026-08-11T20:45:00Z,4,Nablus,4-1,12.74,10.819583333333334,0,True,9.55,10.960729166666667,0,True,8.24,10.9121875,0,True
2026-08-11T21:00:00Z,4,Nablus,4-1,11.73,10.847291666666665,0,True,9.98,10.971770833333332,0,True,8.73,10.902500000000002,0,True
2026-08-11T21:15:00Z,4,Nablus,4-1,12.34,10.877604166666666,0,True,9.89,10.9784375,0,True,8.9,10.894270833333335,0,True
2026-08-11T21:30:00Z,4,Nablus,4-1,11.71,10.90375,0,True,9.54,10.981666666666667,0,True,9.25,10.894270833333335,0,True
2026-08-11T21:45:00Z,4,Nablus,4-1,10.95,10.923333333333332,0,True,9.53,10.983854166666667,0,True,8.48,10.868333333333334,0,True
2026-08-11T22:00:00Z,4,Nablus,4-1,10.92,10.939583333333333,0,True,10.03,10.990208333333333,0,True,8.89,10.856979166666667,0,True
2026-08-11T22:15:00Z,4,Nablus,4-1,10.36,10.9515625,0,True,9.26,10.9903125,0,True,8.96,10.846874999999999,0,True
2026-08-11T22:30:00Z,4,Nablus,4-1,9.49,10.955520833333333,0,True,9.42,10.9928125,0,True,11.21,10.861354166666667,0,True
2026-08-11T22:45:00Z,4,Nablus,4-1,9.55,10.960729166666667,0,True,9.03,10.987604166666666,0,True,10.92,10.835624999999999,0,True
2026-08-11T23:00:00Z,4,Nablus,4-1,9.98,10.971770833333332,0,True,8.27,10.969166666666666,0,True,11.85,10.849895833333335,0,True
2026-08-11T23:15:00Z,4,Nablus,4-1,9.89,10.9784375,0,True,8.66,10.949479166666668,0,True,12.55,10.875833333333333,0,True
2026-08-11T23:30:00Z,4,Nablus,4-1,9.54,10.981666666666667,0,True,8.33,10.930104166666666,0,True,14.06,10.915104166666666,0,True
2026-08-11T23:45:00Z,4,Nablus,4-1,9.53,10.983854166666667,0,True,8.24,10.9121875,0,True,13.81,10.951666666666668,0,True
2026-08-12T00:00:00Z,4,Nablus,4-1,10.03,10.990208333333333,0,True,8.73,10.902500000000002,0,True,12.76,10.971458333333333,0,True
2026-08-12T00:15:00Z,4,Nablus,4-1,9.26,10.9903125,0,True,8.9,10.894270833333335,0,True,11.65,10.980208333333332,0,True
2026-08-12T00:30:00Z,4,Nablus,4-1,9.42,10.9928125,0,True,9.25,10.894270833333335,0,True,10.27,10.976666666666667,0,True
2026-08-12T00:45:00Z,4,Nablus,4-1,9.03,10.987604166666666,0,True,8.48,10.868333333333334,0,True,11.65,10.98625,0,True
2026-08-12T01:00:00Z,4,Nablus,4-1,8.27,10.969166666666666,0,True,8.89,10.856979166666667,0,True,10.15,10.979479166666666,0,True
2026-08-12T01:15:00Z,4,Nablus,4-1,8.66,10.949479166666668,0,True,8.96,10.846874999999999,0,True,10.81,10.985312500000001,0,True
2026-08-12T01:30:00Z,4,Nablus,4-1,8.33,10.930104166666666,0,True,11.21,10.861354166666667,0,True,11.16,10.988229166666665,0,True
2026-08-12T01:45:00Z,4,Nablus,4-1,8.24,10.9121875,0,True,10.92,10.835624999999999,0,True,11.24,10.9909375,0,True
2026-08-12T02:00:00Z,4,Nablus,4-1,8.73,10.902500000000002,0,True,11.85,10.849895833333335,0,True,11.36,10.996875000000001,0,True
2026-08-12T02:15:00Z,4,Nablus,4-1,8.9,10.894270833333335,0,True,12.55,10.875833333333333,0,True,12.75,11.015520833333333,0,True
2026-08-12T02:30:00Z,4,Nablus,4-1,9.25,10.894270833333335,0,True,14.06,10.915104166666666,0,True,12.2,11.0171875,0,True
2026-08-12T02:45:00Z,4,Nablus,4-1,8.48,10.868333333333334,0,True,13.81,10.951666666666668,0,True,12.58,11.025104166666667,0,True
2026-08-12T03:00:00Z,4,Nablus,4-1,8.89,10.856979166666667,0,True,12.76,10.971458333333333,0,True,13.19,11.042083333333336,0,True
2026-08-12T03:15:00Z,4,Nablus,4-1,8.96,10.846874999999999,0,True,11.65,10.980208333333332,0,True,13.49,11.066770833333335,0,True
2026-08-12T03:30:00Z,4,Nablus,4-1,11.21,10.861354166666667,0,True,10.27,10.976666666666667,0,True,13.46,11.086979166666666,0,True
2026-08-12T03:45:00Z,4,Nablus,4-1,10.92,10.835624999999999,0,True,11.65,10.98625,0,True,13.15,11.101145833333334,0,True
2026-08-12T04:00:00Z,4,Nablus,4-1,11.85,10.849895833333335,0,True,10.15,10.979479166666666,0,True,13.31,11.125833333333333,0,True
2026-08-12T04:15:00Z,4,Nablus,4-1,12.55,10.875833333333333,0,True,10.81,10.985312500000001,0,True,13.42,11.150208333333333,0,True
2026-08-12T04:30:00Z,4,Nablus,4-1,14.06,10.915104166666666,0,True,11.16,10.988229166666665,0,True,13.76,11.174270833333333,0,True
2026-08-12T04:45:00Z,4,Nablus,4-1,13.81,10.951666666666668,0,True,11.24,10.9909375,0,True,13.96,11.175729166666668,0,True
2026-08-12T05:00:00Z,4,Nablus,4-1,12.76,10.971458333333333,0,True,11.36,10.996875000000001,0,True,13.71,11.193854166666668,0,True
2026-08-12T05:15:00Z,4,Nablus,4-1,11.65,10.980208333333332,0,True,12.75,11.015520833333333,0,True,12.73,11.213333333333333,0,True
2026-08-12T05:30:00Z,4,Nablus,4-1,10.27,10.976666666666667,0,True,12.2,11.0171875,0,True,12.09,11.228541666666667,0,True
2026-08-12T05:45:00Z,4,Nablus,4-1,11.65,10.98625,0,True,12.58,11.025104166666667,0,True,11.62,11.235624999999999,0,True
2026-08-12T06:00:00Z,4,Nablus,4-1,10.15,10.979479166666666,0,True,13.19,11.042083333333336,0,True,10.92,11.227916666666665,0,True
2026-08-12T06:15:00Z,4,Nablus,4-1,10.81,10.985312500000001,0,True,13.49,11.066770833333335,0,True,11.23,11.234479166666667,0,True
2026-08-12T06:30:00Z,4,Nablus,4-1,11.16,10.988229166666665,0,True,13.46,11.086979166666666,0,True,11.39,11.240833333333335,0,True
2026-08-12T06:45:00Z,4,Nablus,4-1,11.24,10.9909375,0,True,13.15,11.101145833333334,0,True,11.8,11.257708333333333,0,True
2026-08-12T07:00:00Z,4,Nablus,4-1,11.36,10.996875000000001,0,True,13.31,11.125833333333333,0,True,11.69,11.272708333333334,0,True
2026-08-12T07:15:00Z,4,Nablus,4-1,12.75,11.015520833333333,0,True,13.42,11.150208333333333,0,True,11.18,11.285520833333331,0,True
2026-08-12T07:30:00Z,4,Nablus,4-1,12.2,11.0171875,0,True,13.76,11.174270833333333,0,True,11.2,11.296041666666667,0,True
2026-08-12T07:45:00Z,4,Nablus,4-1,12.58,11.025104166666667,0,True,13.96,11.175729166666668,0,True,11.42,11.312604166666667,0,True
2026-08-12T08:00:00Z,4,Nablus,4-1,13.19,11.042083333333336,0,True,13.71,11.193854166666668,0,True,11.44,11.333750000000002,0,True
2026-08-12T08:15:00Z,4,Nablus,4-1,13.49,11.066770833333335,0,True,12.73,11.213333333333333,0,True,11.31,11.355625000000002,0,True
2026-08-12T08:30:00Z,4,Nablus,4-1,13.46,11.086979166666666,0,True,12.09,11.228541666666667,0,True,11.29,11.378645833333335,0,True
2026-08-12T08:45:00Z,4,Nablus,4-1,13.15,11.101145833333334,0,True,11.62,11.235624999999999,0,True,11.48,11.402187500000002,0,True
2026-08-12T09:00:00Z,4,Nablus,4-1,13.31,11.125833333333333,0,True,10.92,11.227916666666665,0,True,10.73,11.409270833333332,0,True
2026-08-12T09:15:00Z,4,Nablus,4-1,13.42,11.150208333333333,0,True,11.23,11.234479166666667,0,True,10.85,11.421770833333333,0,True
2026-08-12T09:30:00Z,4,Nablus,4-1,13.76,11.174270833333333,0,True,11.39,11.240833333333335,0,True,10.86,11.435312500000002,0,True
2026-08-12T09:45:00Z,4,Nablus,4-1,13.96,11.175729166666668,0,True,11.8,11.257708333333333,0,True,10.39,11.437916666666666,0,True
2026-08-12T10:00:00Z,4,Nablus,4-1,13.71,11.193854166666668,0,True,11.69,11.272708333333334,0,True,11.28,11.4378125,0,True
2026-08-12T10:15:00Z,4,Nablus,4-1,12.73,11.213333333333333,0,True,11.18,11.285520833333331,0,True,11.81,11.450937500000002,0,True
2026-08-12T10:30:00Z,4,Nablus,4-1,12.09,11.228541666666667,0,True,11.2,11.296041666666667,0,True,13.2,11.4790625,0,True
2026-08-12T10:45:00Z,4,Nablus,4-1,11.62,11.235624999999999,0,True,11.42,11.312604166666667,0,True,14.03,11.507499999999999,0,True
2026-08-12T11:00:00Z,4,Nablus,4-1,10.92,11.227916666666665,0,True,11.44,11.333750000000002,0,True,15.14,11.544375,0,True
2026-08-12T11:15:00Z,4,Nablus,4-1,11.23,11.234479166666667,0,True,11.31,11.355625000000002,0,True,16.5,11.589791666666668,0,True
2026-08-12T11:30:00Z,4,Nablus,4-1,11.39,11.240833333333335,0,True,11.29,11.378645833333335,0,True,16.94,11.636875000000002,0,True
2026-08-12T11:45:00Z,4,Nablus,4-1,11.8,11.257708333333333,0,True,11.48,11.402187500000002,0,True,17.39,11.683124999999999,0,True
2026-08-12T12:00:00Z,4,Nablus,4-1,11.69,11.272708333333334,0,True,10.73,11.409270833333332,0,True,17.46,11.727708333333332,0,True
2026-08-12T12:15:00Z,4,Nablus,4-1,11.18,11.285520833333331,0,True,10.85,11.421770833333333,0,True,16.81,11.764479166666666,0,True
2026-08-12T12:30:00Z,4,Nablus,4-1,11.2,11.296041666666667,0,True,10.86,11.435312500000002,0,True,17.56,11.808854166666668,0,True
2026-08-12T12:45:00Z,4,Nablus,4-1,11.42,11.312604166666667,0,True,10.39,11.437916666666666,0,True,18.27,11.8590625,0,True
2026-08-12T13:00:00Z,4,Nablus,4-1,11.44,11.333750000000002,0,True,11.28,11.4378125,0,True,19.57,11.922604166666666,0,True
2026-08-12T13:15:00Z,4,Nablus,4-1,11.31,11.355625000000002,0,True,11.81,11.450937500000002,0,True,18.43,11.968020833333334,0,True
2026-08-12T13:30:00Z,4,Nablus,4-1,11.29,11.378645833333335,0,True,13.2,11.4790625,0,True,14.62,11.985624999999999,0,True
2026-08-12T13:45:00Z,4,Nablus,4-1,11.48,11.402187500000002,0,True,14.03,11.507499999999999,0,True,13.25,11.9909375,0,True
2026-08-12T14:00:00Z,4,Nablus,4-1,10.73,11.409270833333332,0,True,15.14,11.544375,0,True,11.63,11.977500000000001,0,True
2026-08-12T14:15:00Z,4,Nablus,4-1,10.85,11.421770833333333,0,True,16.5,11.589791666666668,0,True,11.39,11.9684375,0,True
2026-08-12T14:30:00Z,4,Nablus,4-1,10.86,11.435312500000002,0,True,16.94,11.636875000000002,0,True,10.77,11.961979166666666,0,True
2026-08-12T14:45:00Z,4,Nablus,4-1,10.39,11.437916666666666,0,True,17.39,11.683124999999999,0,True,10.21,11.947083333333333,0,True
2026-08-12T15:00:00Z,4,Nablus,4-1,11.28,11.4378125,0,True,17.46,11.727708333333332,0,True,10.52,11.930208333333333,0,True
2026-08-12T15:15:00Z,4,Nablus,4-1,11.81,11.450937500000002,0,True,16.81,11.764479166666666,0,True,10.54,11.9090625,0,True
2026-08-12T15:30:00Z,4,Nablus,4-1,13.2,11.4790625,0,True,17.56,11.808854166666668,0,True,10.64,11.887395833333334,0,True
2026-08-12T15:45:00Z,4,Nablus,4-1,14.03,11.507499999999999,0,True,18.27,11.8590625,0,True,10.8,11.8671875,0,True
2026-08-12T16:00:00Z,4,Nablus,4-1,15.14,11.544375,0,True,19.57,11.922604166666666,0,True,11.24,11.862083333333333,0,True
2026-08-12T16:15:00Z,4,Nablus,4-1,16.5,11.589791666666668,0,True,18.43,11.968020833333334,0,True,11.2,11.850208333333335,0,True
2026-08-12T16:30:00Z,4,Nablus,4-1,16.94,11.636875000000002,0,True,14.62,11.985624999999999,0,True,12.4,11.857395833333335,0,True
2026-08-12T16:45:00Z,4,Nablus,4-1,17.39,11.683124999999999,0,True,13.25,11.9909375,0,True,13.08,11.879583333333334,0,True
2026-08-12T17:00:00Z,4,Nablus,4-1,17.46,11.727708333333332,0,True,11.63,11.977500000000001,0,True,14.14,11.913124999999999,0,True
2026-08-12T17:15:00Z,4,Nablus,4-1,16.81,11.764479166666666,0,True,11.39,11.9684375,0,True,13.28,11.943541666666668,0,True
2026-08-12T17:30:00Z,4,Nablus,4-1,17.56,11.808854166666668,0,True,10.77,11.961979166666666,0,True,18.02,12.032395833333334,0,True
2026-08-12T17:45:00Z,4,Nablus,4-1,18.27,11.8590625,0,True,10.21,11.947083333333333,0,True,14.35,12.082395833333335,0,True
2026-08-12T18:00:00Z,4,Nablus,4-1,19.57,11.922604166666666,0,True,10.52,11.930208333333333,0,True,12.48,12.1084375,0,True
2026-08-12T18:15:00Z,4,Nablus,4-1,18.43,11.968020833333334,0,True,10.54,11.9090625,0,True,12.72,12.137916666666667,0,True
2026-08-12T18:30:00Z,4,Nablus,4-1,14.62,11.985624999999999,0,True,10.64,11.887395833333334,0,True,12.72,12.171041666666667,0,True
2026-08-12T18:45:00Z,4,Nablus,4-1,13.25,11.9909375,0,True,10.8,11.8671875,0,True,12.8,12.205104166666667,0,True
2026-08-12T19:00:00Z,4,Nablus,4-1,11.63,11.977500000000001,0,True,11.24,11.862083333333333,0,True,13.19,12.238020833333335,0,True
2026-08-12T19:15:00Z,4,Nablus,4-1,11.39,11.9684375,0,True,11.2,11.850208333333335,0,True,14.8,12.295729166666668,0,True
2026-08-12T19:30:00Z,4,Nablus,4-1,10.77,11.961979166666666,0,True,12.4,11.857395833333335,0,True,15.31,12.357083333333334,0,True
2026-08-12T19:45:00Z,4,Nablus,4-1,10.21,11.947083333333333,0,True,13.08,11.879583333333334,0,True,15.24,12.421770833333333,0,True
2026-08-12T20:00:00Z,4,Nablus,4-1,10.52,11.930208333333333,0,True,14.14,11.913124999999999,0,True,16.07,12.503020833333332,0,True
2026-08-12T20:15:00Z,4,Nablus,4-1,10.54,11.9090625,0,True,13.28,11.943541666666668,0,True,15.69,12.57625,0,True
2026-08-12T20:30:00Z,4,Nablus,4-1,10.64,11.887395833333334,0,True,18.02,12.032395833333334,0,True,15.81,12.654166666666667,0,True
2026-08-12T20:45:00Z,4,Nablus,4-1,10.8,11.8671875,0,True,14.35,12.082395833333335,0,True,15.12,12.725833333333334,0,True
2026-08-12T21:00:00Z,4,Nablus,4-1,11.24,11.862083333333333,0,True,12.48,12.1084375,0,True,15.99,12.801458333333334,0,True
2026-08-12T21:15:00Z,4,Nablus,4-1,11.2,11.850208333333335,0,True,12.72,12.137916666666667,0,True,16.04,12.875833333333333,0,True
2026-08-12T21:30:00Z,4,Nablus,4-1,12.4,11.857395833333335,0,True,12.72,12.171041666666667,0,True,15.74,12.9434375,0,True
2026-08-12T21:45:00Z,4,Nablus,4-1,13.08,11.879583333333334,0,True,12.8,12.205104166666667,0,True,16.63,13.02833333333333,0,True
2026-08-12T22:00:00Z,4,Nablus,4-1,14.14,11.913124999999999,0,True,13.19,12.238020833333335,0,True,20.72,13.151562499999999,0,True
2026-08-12T22:15:00Z,4,Nablus,4-1,13.28,11.943541666666668,0,True,14.8,12.295729166666668,0,True,25.95,13.328541666666666,0,True
2026-08-12T22:30:00Z,4,Nablus,4-1,18.02,12.032395833333334,0,True,15.31,12.357083333333334,0,True,26.49,13.487708333333332,0,True
2026-08-12T22:45:00Z,4,Nablus,4-1,14.35,12.082395833333335,0,True,15.24,12.421770833333333,0,True,25.5,13.639583333333334,0,True
2026-08-12T23:00:00Z,4,Nablus,4-1,12.48,12.1084375,0,True,16.07,12.503020833333332,0,True,25.02,13.776770833333332,0,True
2026-08-12T23:15:00Z,4,Nablus,4-1,12.72,12.137916666666667,0,True,15.69,12.57625,0,True,41.59,14.079270833333334,0,True
2026-08-12T23:30:00Z,4,Nablus,4-1,12.72,12.171041666666667,0,True,15.81,12.654166666666667,0,True,22.85,14.170833333333334,0,True
2026-08-12T23:45:00Z,4,Nablus,4-1,12.8,12.205104166666667,0,True,15.12,12.725833333333334,0,True,24.14,14.278437499999997,0,True
2026-08-13T00:00:00Z,4,Nablus,4-1,13.19,12.238020833333335,0,True,15.99,12.801458333333334,0,True,25.69,14.413124999999999,0,True
2026-08-13T00:15:00Z,4,Nablus,4-1,14.8,12.295729166666668,0,True,16.04,12.875833333333333,0,True,22.87,14.530000000000001,0,True
2026-08-13T00:30:00Z,4,Nablus,4-1,15.31,12.357083333333334,0,True,15.74,12.9434375,0,True,21.21,14.643958333333336,0,True
2026-08-13T00:45:00Z,4,Nablus,4-1,15.24,12.421770833333333,0,True,16.63,13.02833333333333,0,True,19.15,14.722083333333332,0,True
2026-08-13T01:00:00Z,4,Nablus,4-1,16.07,12.503020833333332,0,True,20.72,13.151562499999999,0,True,18.63,14.810416666666669,0,True
2026-08-13T01:15:00Z,4,Nablus,4-1,15.69,12.57625,0,True,25.95,13.328541666666666,0,True,19.58,14.901770833333332,0,True
2026-08-13T01:30:00Z,4,Nablus,4-1,15.81,12.654166666666667,0,True,26.49,13.487708333333332,0,True,19.1,14.984479166666667,0,True
2026-08-13T01:45:00Z,4,Nablus,4-1,15.12,12.725833333333334,0,True,25.5,13.639583333333334,0,True,20.09,15.076666666666668,1,True
2026-08-13T02:00:00Z,4,Nablus,4-1,15.99,12.801458333333334,0,True,25.02,13.776770833333332,0,True,19.76,15.164166666666667,1,True
2026-08-13T02:15:00Z,4,Nablus,4-1,16.04,12.875833333333333,0,True,41.59,14.079270833333334,0,True,16.02,15.198229166666666,1,True
2026-08-13T02:30:00Z,4,Nablus,4-1,15.74,12.9434375,0,True,22.85,14.170833333333334,0,True,16.24,15.2403125,1,True
2026-08-13T02:45:00Z,4,Nablus,4-1,16.63,13.02833333333333,0,True,24.14,14.278437499999997,0,True,16.3,15.2790625,1,True
2026-08-13T03:00:00Z,4,Nablus,4-1,20.72,13.151562499999999,0,True,25.69,14.413124999999999,0,True,16.53,15.313854166666665,1,True
2026-08-13T03:15:00Z,4,Nablus,4-1,25.95,13.328541666666666,0,True,22.87,14.530000000000001,0,True,,,,False
2026-08-13T03:30:00Z,4,Nablus,4-1,26.49,13.487708333333332,0,True,21.21,14.643958333333336,0,True,,,,False
2026-08-13T03:45:00Z,4,Nablus,4-1,25.5,13.639583333333334,0,True,19.15,14.722083333333332,0,True,16.55,15.389148936170212,1,True
2026-08-13T04:00:00Z,4,Nablus,4-1,25.02,13.776770833333332,0,True,18.63,14.810416666666669,0,True,17.17,15.430212765957448,1,True
2026-08-13T04:15:00Z,4,Nablus,4-1,41.59,14.079270833333334,0,True,19.58,14.901770833333332,0,True,16.11,15.458829787234041,1,True
2026-08-13T04:30:00Z,4,Nablus,4-1,22.85,14.170833333333334,0,True,19.1,14.984479166666667,0,True,15.05,15.472553191489363,1,True
2026-08-13T04:45:00Z,4,Nablus,4-1,24.14,14.278437499999997,0,True,20.09,15.076666666666668,1,True,14.04,15.47340425531915,1,True
2026-08-13T05:00:00Z,4,Nablus,4-1,25.69,14.413124999999999,0,True,19.76,15.164166666666667,1,True,14.42,15.48095744680851,1,True
2026-08-13T05:15:00Z,4,Nablus,4-1,22.87,14.530000000000001,0,True,16.02,15.198229166666666,1,True,13.9,15.493404255319147,1,True
2026-08-13T05:30:00Z,4,Nablus,4-1,21.21,14.643958333333336,0,True,16.24,15.2403125,1,True,12.88,15.501808510638298,1,True
2026-08-13T05:45:00Z,4,Nablus,4-1,19.15,14.722083333333332,0,True,16.3,15.2790625,1,True,13.91,15.526170212765958,1,True
2026-08-13T06:00:00Z,4,Nablus,4-1,18.63,14.810416666666669,0,True,16.53,15.313854166666665,1,True,13.98,15.55872340425532,1,True
2026-08-13T06:15:00Z,4,Nablus,4-1,19.58,14.901770833333332,0,True,,,,False,13.65,15.584468085106383,1,True
2026-08-13T06:30:00Z,4,Nablus,4-1,19.1,14.984479166666667,0,True,,,,False,13.24,15.604148936170212,1,True
2026-08-13T06:45:00Z,4,Nablus,4-1,20.09,15.076666666666668,1,True,16.55,15.389148936170212,1,True,13.28,15.619893617021276,1,True
2026-08-13T07:00:00Z,4,Nablus,4-1,19.76,15.164166666666667,1,True,17.17,15.430212765957448,1,True,13.26,15.63659574468085,1,True
2026-08-13T07:15:00Z,4,Nablus,4-1,16.02,15.198229166666666,1,True,16.11,15.458829787234041,1,True,13.33,15.659468085106383,1,True
2026-08-13T07:30:00Z,4,Nablus,4-1,16.24,15.2403125,1,True,15.05,15.472553191489363,1,True,14.07,15.690000000000001,1,True
2026-08-13T07:45:00Z,4,Nablus,4-1,16.3,15.2790625,1,True,14.04,15.47340425531915,1,True,14.59,15.723723404255319,1,True
2026-08-13T08:00:00Z,4,Nablus,4-1,16.53,15.313854166666665,1,True,14.42,15.48095744680851,1,True,14.91,15.76063829787234,1,True
2026-08-13T08:15:00Z,4,Nablus,4-1,,,,False,13.9,15.493404255319147,1,True,14.64,15.796063829787233,1,True
2026-08-13T08:30:00Z,4,Nablus,4-1,,,,False,12.88,15.501808510638298,1,True,15.16,15.837234042553192,1,True
2026-08-13T08:45:00Z,4,Nablus,4-1,16.55,15.389148936170212,1,True,13.91,15.526170212765958,1,True,15.99,15.885212765957448,1,True
2026-08-13T09:00:00Z,4,Nablus,4-1,17.17,15.430212765957448,1,True,13.98,15.55872340425532,1,True,17.04,15.952340425531915,1,True
2026-08-13T09:45:00Z,4,Nablus,4-1,14.04,15.47340425531915,1,True,13.28,15.619893617021276,1,True,16.9,16.132021276595747,1,True
2026-08-13T10:00:00Z,4,Nablus,4-1,14.42,15.48095744680851,1,True,13.26,15.63659574468085,1,True,18.63,16.210212765957447,1,True
2026-08-13T10:15:00Z,4,Nablus,4-1,13.9,15.493404255319147,1,True,13.33,15.659468085106383,1,True,18.92,16.285851063829785,1,True
2026-08-13T10:30:00Z,4,Nablus,4-1,12.88,15.501808510638298,1,True,14.07,15.690000000000001,1,True,20.32,16.36159574468085,1,True
2026-08-13T10:45:00Z,4,Nablus,4-1,13.91,15.526170212765958,1,True,14.59,15.723723404255319,1,True,22.71,16.453936170212767,1,True
2026-08-13T11:00:00Z,4,Nablus,4-1,13.98,15.55872340425532,1,True,14.91,15.76063829787234,1,True,23.78,16.545851063829787,1,True
2026-08-13T11:15:00Z,4,Nablus,4-1,13.65,15.584468085106383,1,True,14.64,15.796063829787233,1,True,25.66,16.643297872340426,1,True
2026-08-13T11:30:00Z,4,Nablus,4-1,13.24,15.604148936170212,1,True,15.16,15.837234042553192,1,True,26.16,16.741382978723404,1,True
2026-08-13T11:45:00Z,4,Nablus,4-1,13.28,15.619893617021276,1,True,15.99,15.885212765957448,1,True,26.6,16.83936170212766,1,True
2026-08-13T12:00:00Z,4,Nablus,4-1,13.26,15.63659574468085,1,True,17.04,15.952340425531915,1,True,26.66,16.937234042553193,1,True
2026-08-13T12:15:00Z,4,Nablus,4-1,13.33,15.659468085106383,1,True,16.07,16.007872340425532,1,True,25.92,17.03414893617021,1,True
2026-08-13T12:30:00Z,4,Nablus,4-1,14.07,15.690000000000001,1,True,16.02,16.062765957446807,1,True,26.0,17.123936170212765,1,True
2026-08-13T12:45:00Z,4,Nablus,4-1,14.59,15.723723404255319,1,True,16.9,16.132021276595747,1,True,26.14,17.207659574468085,1,True
2026-08-13T13:00:00Z,4,Nablus,4-1,14.91,15.76063829787234,1,True,18.63,16.210212765957447,1,True,25.7,17.272872340425533,1,True
2026-08-13T13:15:00Z,4,Nablus,4-1,14.64,15.796063829787233,1,True,18.92,16.285851063829785,1,True,25.48,17.347872340425532,1,True
2026-08-13T13:30:00Z,4,Nablus,4-1,15.16,15.837234042553192,1,True,20.32,16.36159574468085,1,True,26.75,17.476914893617025,1,True
2026-08-13T13:45:00Z,4,Nablus,4-1,15.99,15.885212765957448,1,True,22.71,16.453936170212767,1,True,27.01,17.623297872340427,1,True
2026-08-13T14:00:00Z,4,Nablus,4-1,17.04,15.952340425531915,1,True,23.78,16.545851063829787,1,True,26.6,17.78255319148936,1,True
2026-08-13T14:15:00Z,4,Nablus,4-1,16.07,16.007872340425532,1,True,25.66,16.643297872340426,1,True,27.58,17.954787234042552,1,True
2026-08-13T14:30:00Z,4,Nablus,4-1,16.02,16.062765957446807,1,True,26.16,16.741382978723404,1,True,27.39,18.13159574468085,1,True
2026-08-13T14:45:00Z,4,Nablus,4-1,16.9,16.132021276595747,1,True,26.6,16.83936170212766,1,True,27.63,18.31691489361702,1,True
2026-08-13T15:00:00Z,4,Nablus,4-1,18.63,16.210212765957447,1,True,26.66,16.937234042553193,1,True,27.44,18.49691489361702,1,True
2026-08-13T15:15:00Z,4,Nablus,4-1,18.92,16.285851063829785,1,False,25.92,17.03414893617021,1,False,26.88,18.670744680851065,1,False
2026-08-13T15:30:00Z,4,Nablus,4-1,20.32,16.36159574468085,1,False,26.0,17.123936170212765,1,False,26.35,18.83787234042553,1,False
2026-08-13T15:45:00Z,4,Nablus,4-1,22.71,16.453936170212767,1,True,26.14,17.207659574468085,1,True,28.92,19.03063829787234,1,True
2026-08-13T16:00:00Z,4,Nablus,4-1,23.78,16.545851063829787,1,True,25.7,17.272872340425533,1,True,30.38,19.234255319148936,1,True
2026-08-13T16:15:00Z,4,Nablus,4-1,25.66,16.643297872340426,1,True,25.48,17.347872340425532,1,True,29.17,19.425425531914893,1,True
2026-08-13T16:30:00Z,4,Nablus,4-1,26.16,16.741382978723404,1,True,26.75,17.476914893617025,1,True,29.78,19.61031914893617,1,True
2026-08-13T16:45:00Z,4,Nablus,4-1,26.6,16.83936170212766,1,True,27.01,17.623297872340427,1,True,30.34,19.793936170212763,1,True
2026-08-13T17:00:00Z,4,Nablus,4-1,26.66,16.937234042553193,1,True,26.6,17.78255319148936,1,True,28.91,19.951063829787234,1,True
2026-08-13T17:15:00Z,4,Nablus,4-1,25.92,17.03414893617021,1,True,27.58,17.954787234042552,1,True,29.45,20.123085106382977,1,True
2026-08-13T17:30:00Z,4,Nablus,4-1,26.0,17.123936170212765,1,True,27.39,18.13159574468085,1,True,28.57,20.23531914893617,1,True
2026-08-13T17:45:00Z,4,Nablus,4-1,26.14,17.207659574468085,1,True,27.63,18.31691489361702,1,True,27.14,20.371382978723407,1,True
2026-08-13T18:00:00Z,4,Nablus,4-1,25.7,17.272872340425533,1,True,27.44,18.49691489361702,1,True,26.38,20.519255319148936,1,True
2026-08-13T18:15:00Z,4,Nablus,4-1,25.48,17.347872340425532,1,True,26.88,18.670744680851065,1,True,26.33,20.66404255319149,1,True
2026-08-13T18:30:00Z,4,Nablus,4-1,26.75,17.476914893617025,1,True,26.35,18.83787234042553,1,True,25.99,20.805212765957446,1,True
2026-08-13T18:45:00Z,4,Nablus,4-1,27.01,17.623297872340427,1,True,28.92,19.03063829787234,1,True,25.99,20.945531914893614,1,True
2026-08-13T19:00:00Z,4,Nablus,4-1,26.6,17.78255319148936,1,True,30.38,19.234255319148936,1,True,26.57,21.08787234042553,1,True
2026-08-13T19:15:00Z,4,Nablus,4-1,27.58,17.954787234042552,1,True,29.17,19.425425531914893,1,True,25.79,21.204787234042552,1,True
2026-08-13T19:30:00Z,4,Nablus,4-1,27.39,18.13159574468085,1,True,29.78,19.61031914893617,1,True,26.46,21.32340425531915,1,True
2026-08-13T19:45:00Z,4,Nablus,4-1,27.63,18.31691489361702,1,True,30.34,19.793936170212763,1,True,27.4,21.452765957446807,1,True
2026-08-13T20:00:00Z,4,Nablus,4-1,27.44,18.49691489361702,1,True,28.91,19.951063829787234,1,True,28.51,21.585106382978722,1,True
2026-08-13T20:15:00Z,4,Nablus,4-1,26.88,18.670744680851065,1,True,29.45,20.123085106382977,1,True,29.34,21.73031914893617,1,True
2026-08-13T20:30:00Z,4,Nablus,4-1,26.35,18.83787234042553,1,True,28.57,20.23531914893617,1,True,31.29,21.895,1,True
2026-08-13T20:45:00Z,4,Nablus,4-1,28.92,19.03063829787234,1,True,27.14,20.371382978723407,1,True,30.98,22.063723404255317,1,True
2026-08-13T21:00:00Z,4,Nablus,4-1,30.38,19.234255319148936,1,True,26.38,20.519255319148936,1,True,30.4,22.217021276595744,1,True
2026-08-13T21:15:00Z,4,Nablus,4-1,29.17,19.425425531914893,1,True,26.33,20.66404255319149,1,True,30.19,22.367553191489364,1,True
2026-08-13T21:30:00Z,4,Nablus,4-1,29.78,19.61031914893617,1,True,25.99,20.805212765957446,1,True,30.17,22.521063829787234,1,True
2026-08-13T21:45:00Z,4,Nablus,4-1,30.34,19.793936170212763,1,True,25.99,20.945531914893614,1,True,30.02,22.663510638297872,1,True
2026-08-13T22:00:00Z,4,Nablus,4-1,28.91,19.951063829787234,1,True,26.57,21.08787234042553,1,True,33.33,22.797659574468085,1,True
2026-08-13T22:15:00Z,4,Nablus,4-1,29.45,20.123085106382977,1,True,25.79,21.204787234042552,1,True,36.54,22.910319148936168,1,True
2026-08-13T22:30:00Z,4,Nablus,4-1,28.57,20.23531914893617,1,True,26.46,21.32340425531915,1,True,31.62,22.964893617021275,1,True
2026-08-13T22:45:00Z,4,Nablus,4-1,27.14,20.371382978723407,1,True,27.4,21.452765957446807,1,True,35.67,23.073085106382976,1,True
2026-08-13T23:00:00Z,4,Nablus,4-1,26.38,20.519255319148936,1,True,28.51,21.585106382978722,1,True,27.65,23.101063829787233,1,True
2026-08-13T23:15:00Z,4,Nablus,4-1,26.33,20.66404255319149,1,True,29.34,21.73031914893617,1,True,26.16,22.93691489361702,1,True
2026-08-13T23:30:00Z,4,Nablus,4-1,25.99,20.805212765957446,1,True,31.29,21.895,1,True,26.89,22.97989361702128,1,True
2026-08-13T23:45:00Z,4,Nablus,4-1,25.99,20.945531914893614,1,True,30.98,22.063723404255317,1,True,25.02,22.98925531914894,1,True
2026-08-14T00:00:00Z,4,Nablus,4-1,26.57,21.08787234042553,1,True,30.4,22.217021276595744,1,True,23.64,22.96744680851064,1,True
2026-08-14T00:15:00Z,4,Nablus,4-1,25.79,21.204787234042552,1,True,30.19,22.367553191489364,1,True,21.5,22.952872340425532,1,True
2026-08-14T00:30:00Z,4,Nablus,4-1,26.46,21.32340425531915,1,True,30.17,22.521063829787234,1,True,21.09,22.951595744680855,1,True
2026-08-14T00:45:00Z,4,Nablus,4-1,27.4,21.452765957446807,1,True,30.02,22.663510638297872,1,True,20.78,22.968936170212764,1,True
2026-08-14T01:00:00Z,4,Nablus,4-1,28.51,21.585106382978722,1,True,33.33,22.797659574468085,1,True,20.71,22.991063829787233,1,True
2026-08-14T01:15:00Z,4,Nablus,4-1,29.34,21.73031914893617,1,True,36.54,22.910319148936168,1,True,20.86,23.00468085106383,1,True
2026-08-14T01:30:00Z,4,Nablus,4-1,31.29,21.895,1,True,31.62,22.964893617021275,1,True,19.95,23.01372340425532,1,True
2026-08-14T01:45:00Z,4,Nablus,4-1,30.98,22.063723404255317,1,True,35.67,23.073085106382976,1,True,21.57,23.029468085106384,1,True
2026-08-14T02:00:00Z,4,Nablus,4-1,30.4,22.217021276595744,1,True,27.65,23.101063829787233,1,True,19.94,23.031382978723407,1,True
2026-08-14T02:15:00Z,4,Nablus,4-1,30.19,22.367553191489364,1,True,26.16,22.93691489361702,1,True,20.32,23.07712765957447,1,True
2026-08-14T02:30:00Z,4,Nablus,4-1,30.17,22.521063829787234,1,True,26.89,22.97989361702128,1,True,20.78,23.125425531914892,1,True
2026-08-14T02:45:00Z,4,Nablus,4-1,30.02,22.663510638297872,1,True,25.02,22.98925531914894,1,True,20.62,23.1713829787234,1,True
2026-08-14T03:00:00Z,4,Nablus,4-1,33.33,22.797659574468085,1,True,23.64,22.96744680851064,1,True,21.18,23.22085106382979,1,True
2026-08-14T03:15:00Z,4,Nablus,4-1,36.54,22.910319148936168,1,True,21.5,22.952872340425532,1,True,20.1,23.188000000000002,1,True
2026-08-14T03:30:00Z,4,Nablus,4-1,31.62,22.964893617021275,1,True,21.09,22.951595744680855,1,True,19.61,23.150729166666668,1,True
2026-08-14T03:45:00Z,4,Nablus,4-1,35.67,23.073085106382976,1,True,20.78,22.968936170212764,1,True,19.29,23.179270833333334,1,True
2026-08-14T04:00:00Z,4,Nablus,4-1,27.65,23.101063829787233,1,True,20.71,22.991063829787233,1,True,17.31,23.180729166666666,1,True
2026-08-14T04:15:00Z,4,Nablus,4-1,26.16,22.93691489361702,1,True,20.86,23.00468085106383,1,True,17.28,23.192916666666665,1,True
2026-08-14T04:30:00Z,4,Nablus,4-1,26.89,22.97989361702128,1,True,19.95,23.01372340425532,1,True,17.43,23.217708333333334,1,True
2026-08-14T04:45:00Z,4,Nablus,4-1,25.02,22.98925531914894,1,True,21.57,23.029468085106384,1,True,17.79,23.256770833333334,1,True
2026-08-14T05:00:00Z,4,Nablus,4-1,23.64,22.96744680851064,1,True,19.94,23.031382978723407,1,True,17.76,23.291562499999998,1,True
2026-08-14T05:15:00Z,4,Nablus,4-1,21.5,22.952872340425532,1,True,20.32,23.07712765957447,1,True,18.59,23.340416666666666,1,True
2026-08-14T05:30:00Z,4,Nablus,4-1,21.09,22.951595744680855,1,True,20.78,23.125425531914892,1,True,18.3,23.396875000000005,1,True
2026-08-14T05:45:00Z,4,Nablus,4-1,20.78,22.968936170212764,1,True,20.62,23.1713829787234,1,True,18.53,23.444999999999997,1,True
2026-08-14T06:00:00Z,4,Nablus,4-1,20.71,22.991063829787233,1,True,21.18,23.22085106382979,1,True,18.56,23.49270833333333,1,True
2026-08-14T06:15:00Z,4,Nablus,4-1,20.86,23.00468085106383,1,True,20.1,23.188000000000002,1,True,17.67,23.534583333333334,1,True
2026-08-14T06:30:00Z,4,Nablus,4-1,19.95,23.01372340425532,1,True,19.61,23.150729166666668,1,True,18.1,23.58520833333333,1,True
2026-08-14T06:45:00Z,4,Nablus,4-1,21.57,23.029468085106384,1,True,19.29,23.179270833333334,1,True,17.43,23.628437500000004,1,True
2026-08-14T07:00:00Z,4,Nablus,4-1,19.94,23.031382978723407,1,True,17.31,23.180729166666666,1,True,17.16,23.6690625,1,True
2026-08-14T07:15:00Z,4,Nablus,4-1,20.32,23.07712765957447,1,True,17.28,23.192916666666665,1,True,16.37,23.700729166666665,1,True
2026-08-14T07:30:00Z,4,Nablus,4-1,20.78,23.125425531914892,1,True,17.43,23.217708333333334,1,True,17.39,23.735312499999996,1,True
2026-08-14T07:45:00Z,4,Nablus,4-1,20.62,23.1713829787234,1,True,17.79,23.256770833333334,1,True,17.57,23.76635416666667,1,True
2026-08-14T08:00:00Z,4,Nablus,4-1,21.18,23.22085106382979,1,True,17.76,23.291562499999998,1,True,17.68,23.79520833333333,1,True
2026-08-14T08:15:00Z,4,Nablus,4-1,20.1,23.188000000000002,1,True,18.59,23.340416666666666,1,True,16.25,23.811979166666664,1,True
2026-08-14T08:30:00Z,4,Nablus,4-1,19.61,23.150729166666668,1,True,18.3,23.396875000000005,1,True,17.7,23.8384375,1,True
2026-08-14T08:45:00Z,4,Nablus,4-1,19.29,23.179270833333334,1,True,18.53,23.444999999999997,1,True,17.97,23.859062499999997,1,True
2026-08-14T09:00:00Z,4,Nablus,4-1,17.31,23.180729166666666,1,True,18.56,23.49270833333333,1,True,18.76,23.87697916666667,1,True
2026-08-14T09:15:00Z,4,Nablus,4-1,17.28,23.192916666666665,1,True,17.67,23.534583333333334,1,True,19.43,23.911979166666665,1,True
2026-08-14T09:30:00Z,4,Nablus,4-1,17.43,23.217708333333334,1,True,18.1,23.58520833333333,1,True,19.62,23.949479166666663,1,True
2026-08-14T09:45:00Z,4,Nablus,4-1,17.79,23.256770833333334,1,True,17.43,23.628437500000004,1,True,20.69,23.988958333333333,1,True
2026-08-14T10:00:00Z,4,Nablus,4-1,17.76,23.291562499999998,1,True,17.16,23.6690625,1,True,22.53,24.029583333333335,1,True
2026-08-14T10:15:00Z,4,Nablus,4-1,18.59,23.340416666666666,1,True,16.37,23.700729166666665,1,True,22.23,24.064062500000002,1,True
2026-08-14T10:30:00Z,4,Nablus,4-1,18.3,23.396875000000005,1,True,17.39,23.735312499999996,1,True,24.56,24.108229166666664,1,True
2026-08-14T10:45:00Z,4,Nablus,4-1,18.53,23.444999999999997,1,True,17.57,23.76635416666667,1,True,25.92,24.141666666666666,1,True
2026-08-14T11:00:00Z,4,Nablus,4-1,18.56,23.49270833333333,1,True,17.68,23.79520833333333,1,True,27.78,24.183333333333334,1,True
2026-08-14T11:15:00Z,4,Nablus,4-1,17.67,23.534583333333334,1,True,16.25,23.811979166666664,1,True,29.19,24.22010416666667,1,True
2026-08-14T11:30:00Z,4,Nablus,4-1,18.1,23.58520833333333,1,True,17.7,23.8384375,1,True,30.54,24.265729166666663,1,True
2026-08-14T11:45:00Z,4,Nablus,4-1,17.43,23.628437500000004,1,True,17.97,23.859062499999997,1,True,31.75,24.319374999999997,1,True
2026-08-14T12:00:00Z,4,Nablus,4-1,17.16,23.6690625,1,True,18.76,23.87697916666667,1,True,33.92,24.395,1,True
2026-08-14T12:15:00Z,4,Nablus,4-1,16.37,23.700729166666665,1,True,19.43,23.911979166666665,1,True,35.46,24.494375,1,True
2026-08-14T12:30:00Z,4,Nablus,4-1,17.39,23.735312499999996,1,True,19.62,23.949479166666663,1,True,35.95,24.598020833333333,1,True
2026-08-14T12:45:00Z,4,Nablus,4-1,17.57,23.76635416666667,1,True,20.69,23.988958333333333,1,True,36.61,24.707083333333333,1,True
2026-08-14T13:00:00Z,4,Nablus,4-1,17.68,23.79520833333333,1,True,22.53,24.029583333333335,1,True,37.45,24.82947916666667,1,True
2026-08-14T13:15:00Z,4,Nablus,4-1,16.25,23.811979166666664,1,True,22.23,24.064062500000002,1,True,37.11,24.950625,1,True
2026-08-14T13:30:00Z,4,Nablus,4-1,17.7,23.8384375,1,True,24.56,24.108229166666664,1,True,37.95,25.067291666666666,1,True
2026-08-14T13:45:00Z,4,Nablus,4-1,17.97,23.859062499999997,1,True,25.92,24.141666666666666,1,True,36.99,25.17125,1,True
2026-08-14T14:00:00Z,4,Nablus,4-1,18.76,23.87697916666667,1,True,27.78,24.183333333333334,1,True,35.76,25.26666666666667,1,True
2026-08-14T14:15:00Z,4,Nablus,4-1,19.43,23.911979166666665,1,True,29.19,24.22010416666667,1,True,33.08,25.323958333333334,1,True
2026-08-14T14:30:00Z,4,Nablus,4-1,19.62,23.949479166666663,1,True,30.54,24.265729166666663,1,True,31.91,25.371041666666667,1,True
2026-08-14T14:45:00Z,4,Nablus,4-1,20.69,23.988958333333333,1,True,31.75,24.319374999999997,1,True,30.6,25.401979166666663,1,True
2026-08-14T15:00:00Z,4,Nablus,4-1,22.53,24.029583333333335,1,True,33.92,24.395,1,True,31.37,25.442916666666665,1,True
2026-08-14T15:15:00Z,4,Nablus,4-1,22.23,24.064062500000002,1,True,35.46,24.494375,1,True,31.94,25.495625000000004,1,True
2026-08-14T15:30:00Z,4,Nablus,4-1,24.56,24.108229166666664,1,True,35.95,24.598020833333333,1,True,31.78,25.5521875,1,True
2026-08-14T15:45:00Z,4,Nablus,4-1,25.92,24.141666666666666,1,True,36.61,24.707083333333333,1,True,31.45,25.578541666666666,1,True
2026-08-14T16:00:00Z,4,Nablus,4-1,27.78,24.183333333333334,1,True,37.45,24.82947916666667,1,True,33.36,25.609583333333333,1,True
2026-08-14T16:15:00Z,4,Nablus,4-1,29.19,24.22010416666667,1,True,37.11,24.950625,1,True,33.89,25.658749999999998,1,True
2026-08-14T16:30:00Z,4,Nablus,4-1,30.54,24.265729166666663,1,True,37.95,25.067291666666666,1,True,35.55,25.718854166666663,1,True
2026-08-14T16:45:00Z,4,Nablus,4-1,31.75,24.319374999999997,1,True,36.99,25.17125,1,True,37.35,25.791875,1,True
2026-08-14T17:00:00Z,4,Nablus,4-1,33.92,24.395,1,True,35.76,25.26666666666667,1,True,38.34,25.890104166666664,1,True
2026-08-14T17:15:00Z,4,Nablus,4-1,35.46,24.494375,1,True,33.08,25.323958333333334,1,True,37.43,25.973229166666666,1,True
2026-08-14T17:30:00Z,4,Nablus,4-1,35.95,24.598020833333333,1,True,31.91,25.371041666666667,1,True,37.96,26.071041666666662,1,True
2026-08-14T17:45:00Z,4,Nablus,4-1,36.61,24.707083333333333,1,True,30.6,25.401979166666663,1,True,36.25,26.1659375,1,True
2026-08-14T18:00:00Z,4,Nablus,4-1,37.45,24.82947916666667,1,True,31.37,25.442916666666665,1,True,35.71,26.263125,1,True
2026-08-14T18:15:00Z,4,Nablus,4-1,37.11,24.950625,1,True,31.94,25.495625000000004,1,True,39.48,26.400104166666665,1,True
2026-08-14T18:30:00Z,4,Nablus,4-1,37.95,25.067291666666666,1,True,31.78,25.5521875,1,True,41.27,26.559270833333333,1,True
2026-08-14T18:45:00Z,4,Nablus,4-1,36.99,25.17125,1,True,31.45,25.578541666666666,1,True,42.7,26.733333333333334,1,True
2026-08-14T19:00:00Z,4,Nablus,4-1,35.76,25.26666666666667,1,True,33.36,25.609583333333333,1,True,42.66,26.9009375,1,True
2026-08-14T19:15:00Z,4,Nablus,4-1,33.08,25.323958333333334,1,True,33.89,25.658749999999998,1,True,43.7,27.087500000000002,1,True
2026-08-14T19:30:00Z,4,Nablus,4-1,31.91,25.371041666666667,1,True,35.55,25.718854166666663,1,True,42.38,27.253333333333334,1,True
2026-08-14T19:45:00Z,4,Nablus,4-1,30.6,25.401979166666663,1,True,37.35,25.791875,1,True,42.48,27.410416666666666,1,True
2026-08-14T20:00:00Z,4,Nablus,4-1,31.37,25.442916666666665,1,True,38.34,25.890104166666664,1,True,41.07,27.54125,1,True
2026-08-14T20:15:00Z,4,Nablus,4-1,31.94,25.495625000000004,1,True,37.43,25.973229166666666,1,True,39.93,27.6515625,1,True
2026-08-14T20:30:00Z,4,Nablus,4-1,31.78,25.5521875,1,True,37.96,26.071041666666662,1,True,41.07,27.753437500000004,1,True
2026-08-14T20:45:00Z,4,Nablus,4-1,31.45,25.578541666666666,1,True,36.25,26.1659375,1,True,40.7,27.8546875,1,True
2026-08-14T21:00:00Z,4,Nablus,4-1,33.36,25.609583333333333,1,True,35.71,26.263125,1,True,40.69,27.961875000000003,1,True
2026-08-14T21:15:00Z,4,Nablus,4-1,33.89,25.658749999999998,1,True,39.48,26.400104166666665,1,True,38.95,28.053124999999998,1,True
2026-08-14T21:30:00Z,4,Nablus,4-1,35.55,25.718854166666663,1,True,41.27,26.559270833333333,1,True,41.49,28.171041666666667,1,True
2026-08-14T21:45:00Z,4,Nablus,4-1,37.35,25.791875,1,True,42.7,26.733333333333334,1,True,39.54,28.270208333333333,1,True
2026-08-14T22:00:00Z,4,Nablus,4-1,38.34,25.890104166666664,1,True,42.66,26.9009375,1,True,38.53,28.324375,1,True
2026-08-14T22:15:00Z,4,Nablus,4-1,37.43,25.973229166666666,1,True,43.7,27.087500000000002,1,True,37.67,28.336145833333333,1,True
2026-08-14T22:30:00Z,4,Nablus,4-1,37.96,26.071041666666662,1,True,42.38,27.253333333333334,1,True,37.8,28.400520833333335,1,True
2026-08-14T22:45:00Z,4,Nablus,4-1,36.25,26.1659375,1,True,42.48,27.410416666666666,1,True,39.12,28.436458333333334,1,True
2026-08-14T23:00:00Z,4,Nablus,4-1,35.71,26.263125,1,True,41.07,27.54125,1,True,37.86,28.5428125,1,True
2026-08-14T23:15:00Z,4,Nablus,4-1,39.48,26.400104166666665,1,True,39.93,27.6515625,1,True,36.04,28.64572916666667,1,True
2026-08-14T23:30:00Z,4,Nablus,4-1,41.27,26.559270833333333,1,True,41.07,27.753437500000004,1,True,33.84,28.718125,1,True
2026-08-14T23:45:00Z,4,Nablus,4-1,42.7,26.733333333333334,1,True,40.7,27.8546875,1,True,33.36,28.804999999999996,1,True
2026-08-15T00:00:00Z,4,Nablus,4-1,42.66,26.9009375,1,True,40.69,27.961875000000003,1,True,30.29,28.87427083333333,1,True
2026-08-15T00:15:00Z,4,Nablus,4-1,43.7,27.087500000000002,1,True,38.95,28.053124999999998,1,True,29.3,28.955520833333335,1,True
2026-08-15T00:30:00Z,4,Nablus,4-1,42.38,27.253333333333334,1,True,41.49,28.171041666666667,1,True,28.44,29.032083333333333,1,True
2026-08-15T00:45:00Z,4,Nablus,4-1,42.48,27.410416666666666,1,True,39.54,28.270208333333333,1,True,27.92,29.106458333333336,1,True
2026-08-15T01:00:00Z,4,Nablus,4-1,41.07,27.54125,1,True,38.53,28.324375,1,True,26.98,29.171770833333337,1,True
2026-08-15T01:15:00Z,4,Nablus,4-1,39.93,27.6515625,1,True,37.67,28.336145833333333,1,True,27.77,29.243750000000002,1,True
2026-08-15T01:30:00Z,4,Nablus,4-1,41.07,27.753437500000004,1,True,37.8,28.400520833333335,1,True,26.1,29.3078125,1,True
2026-08-15T01:45:00Z,4,Nablus,4-1,40.7,27.8546875,1,True,39.12,28.436458333333334,1,True,26.16,29.355625,1,True
2026-08-15T02:00:00Z,4,Nablus,4-1,40.69,27.961875000000003,1,True,37.86,28.5428125,1,True,25.81,29.41677083333333,1,True
2026-08-15T02:15:00Z,4,Nablus,4-1,38.95,28.053124999999998,1,True,36.04,28.64572916666667,1,True,24.07,29.455833333333334,1,True
2026-08-15T02:30:00Z,4,Nablus,4-1,41.49,28.171041666666667,1,True,33.84,28.718125,1,True,25.24,29.502291666666668,1,True
2026-08-15T02:45:00Z,4,Nablus,4-1,39.54,28.270208333333333,1,True,33.36,28.804999999999996,1,True,23.91,29.536562500000002,1,True
2026-08-15T03:00:00Z,4,Nablus,4-1,38.53,28.324375,1,True,30.29,28.87427083333333,1,True,23.22,29.557812499999997,1,True
2026-08-15T03:15:00Z,4,Nablus,4-1,37.67,28.336145833333333,1,True,29.3,28.955520833333335,1,True,22.22,29.579895833333335,1,True
2026-08-15T03:30:00Z,4,Nablus,4-1,37.8,28.400520833333335,1,True,28.44,29.032083333333333,1,True,21.31,29.597604166666667,1,True
2026-08-15T03:45:00Z,4,Nablus,4-1,39.12,28.436458333333334,1,True,27.92,29.106458333333336,1,True,21.5,29.620625,1,True
2026-08-15T04:00:00Z,4,Nablus,4-1,37.86,28.5428125,1,True,26.98,29.171770833333337,1,True,20.95,29.658541666666665,1,True
2026-08-15T04:15:00Z,4,Nablus,4-1,36.04,28.64572916666667,1,True,27.77,29.243750000000002,1,True,21.25,29.699895833333333,1,True
2026-08-15T04:30:00Z,4,Nablus,4-1,33.84,28.718125,1,True,26.1,29.3078125,1,True,20.82,29.735208333333333,1,True
2026-08-15T04:45:00Z,4,Nablus,4-1,33.36,28.804999999999996,1,True,26.16,29.355625,1,True,21.24,29.771145833333332,1,True
2026-08-15T05:00:00Z,4,Nablus,4-1,30.29,28.87427083333333,1,True,25.81,29.41677083333333,1,True,21.5,29.810104166666665,1,True
2026-08-15T05:15:00Z,4,Nablus,4-1,29.3,28.955520833333335,1,True,24.07,29.455833333333334,1,True,20.29,29.827812499999997,1,True
2026-08-15T05:30:00Z,4,Nablus,4-1,28.44,29.032083333333333,1,True,25.24,29.502291666666668,1,True,17.99,29.824583333333333,1,True
2026-08-15T05:45:00Z,4,Nablus,4-1,27.92,29.106458333333336,1,True,23.91,29.536562500000002,1,True,16.67,29.805208333333336,1,True
2026-08-15T06:00:00Z,4,Nablus,4-1,26.98,29.171770833333337,1,True,23.22,29.557812499999997,1,True,16.06,29.77916666666667,1,True
2026-08-15T06:15:00Z,4,Nablus,4-1,27.77,29.243750000000002,1,True,22.22,29.579895833333335,1,True,13.82,29.739062500000003,1,True
2026-08-15T06:30:00Z,4,Nablus,4-1,26.1,29.3078125,1,True,21.31,29.597604166666667,1,True,14.15,29.697916666666668,1,True
2026-08-15T06:45:00Z,4,Nablus,4-1,26.16,29.355625,1,True,21.5,29.620625,1,True,15.28,29.675520833333334,1,True
2026-08-15T07:00:00Z,4,Nablus,4-1,25.81,29.41677083333333,1,True,20.95,29.658541666666665,1,True,15.17,29.654791666666668,1,True
2026-08-15T07:15:00Z,4,Nablus,4-1,24.07,29.455833333333334,1,True,21.25,29.699895833333333,1,True,14.36,29.633854166666666,1,True
2026-08-15T07:30:00Z,4,Nablus,4-1,25.24,29.502291666666668,1,True,20.82,29.735208333333333,1,True,14.33,29.60197916666667,1,True
2026-08-15T07:45:00Z,4,Nablus,4-1,23.91,29.536562500000002,1,True,21.24,29.771145833333332,1,True,14.99,29.575104166666666,1,True
2026-08-15T08:00:00Z,4,Nablus,4-1,23.22,29.557812499999997,1,True,21.5,29.810104166666665,1,True,16.83,29.56625,1,True
2026-08-15T08:15:00Z,4,Nablus,4-1,22.22,29.579895833333335,1,True,20.29,29.827812499999997,1,True,15.54,29.558854166666666,1,True
2026-08-15T08:30:00Z,4,Nablus,4-1,21.31,29.597604166666667,1,True,17.99,29.824583333333333,1,True,17.13,29.552916666666665,1,True
2026-08-15T08:45:00Z,4,Nablus,4-1,21.5,29.620625,1,True,16.67,29.805208333333336,1,True,16.08,29.53322916666667,1,True
2026-08-15T09:00:00Z,4,Nablus,4-1,20.95,29.658541666666665,1,True,16.06,29.77916666666667,1,True,15.75,29.501875,1,True
2026-08-15T09:15:00Z,4,Nablus,4-1,21.25,29.699895833333333,1,True,13.82,29.739062500000003,1,True,13.58,29.4409375,1,True
2026-08-15T09:30:00Z,4,Nablus,4-1,20.82,29.735208333333333,1,True,14.15,29.697916666666668,1,True,13.01,29.372083333333336,1,True
2026-08-15T09:45:00Z,4,Nablus,4-1,21.24,29.771145833333332,1,True,15.28,29.675520833333334,1,True,12.88,29.29072916666667,1,True
2026-08-15T10:00:00Z,4,Nablus,4-1,21.5,29.810104166666665,1,True,15.17,29.654791666666668,1,True,13.71,29.198854166666667,1,True
2026-08-15T10:15:00Z,4,Nablus,4-1,20.29,29.827812499999997,1,True,14.36,29.633854166666666,1,True,18.94,29.16458333333333,1,True
2026-08-15T10:30:00Z,4,Nablus,4-1,17.99,29.824583333333333,1,True,14.33,29.60197916666667,1,True,18.59,29.102395833333333,1,True
2026-08-15T10:45:00Z,4,Nablus,4-1,16.67,29.805208333333336,1,True,14.99,29.575104166666666,1,True,20.01,29.040833333333335,1,True
2026-08-15T11:00:00Z,4,Nablus,4-1,16.06,29.77916666666667,1,True,16.83,29.56625,1,True,20.39,28.963854166666668,1,True
2026-08-15T11:15:00Z,4,Nablus,4-1,13.82,29.739062500000003,1,True,15.54,29.558854166666666,1,True,21.17,28.880312500000002,1,True
2026-08-15T11:30:00Z,4,Nablus,4-1,14.15,29.697916666666668,1,True,17.13,29.552916666666665,1,True,22.64,28.798020833333336,1,True
2026-08-15T11:45:00Z,4,Nablus,4-1,15.28,29.675520833333334,1,True,16.08,29.53322916666667,1,True,22.88,28.705625,1,True
2026-08-15T12:00:00Z,4,Nablus,4-1,15.17,29.654791666666668,1,True,15.75,29.501875,1,True,22.05,28.581979166666667,1,True
2026-08-15T12:15:00Z,4,Nablus,4-1,14.36,29.633854166666666,1,True,13.58,29.4409375,1,True,22.63,28.448333333333334,1,True
2026-08-15T12:30:00Z,4,Nablus,4-1,14.33,29.60197916666667,1,True,13.01,29.372083333333336,1,True,23.09,28.314375000000002,1,True
2026-08-15T12:45:00Z,4,Nablus,4-1,14.99,29.575104166666666,1,True,12.88,29.29072916666667,1,True,25.11,28.194583333333338,1,True
2026-08-15T13:00:00Z,4,Nablus,4-1,16.83,29.56625,1,True,13.71,29.198854166666667,1,True,25.57,28.07083333333333,1,True
2026-08-15T13:15:00Z,4,Nablus,4-1,15.54,29.558854166666666,1,True,18.94,29.16458333333333,1,True,26.98,27.9653125,1,True
2026-08-15T13:30:00Z,4,Nablus,4-1,17.13,29.552916666666665,1,True,18.59,29.102395833333333,1,True,26.72,27.848333333333333,1,True
2026-08-15T13:45:00Z,4,Nablus,4-1,16.08,29.53322916666667,1,True,20.01,29.040833333333335,1,True,27.58,27.750312500000003,1,True
2026-08-15T14:00:00Z,4,Nablus,4-1,15.75,29.501875,1,True,20.39,28.963854166666668,1,True,28.74,27.6771875,1,True
2026-08-15T14:15:00Z,4,Nablus,4-1,13.58,29.4409375,1,True,21.17,28.880312500000002,1,True,29.15,27.63625,1,True
2026-08-15T14:30:00Z,4,Nablus,4-1,13.01,29.372083333333336,1,True,22.64,28.798020833333336,1,True,28.86,27.604479166666668,1,True
2026-08-15T14:45:00Z,4,Nablus,4-1,12.88,29.29072916666667,1,True,22.88,28.705625,1,True,28.14,27.57885416666667,1,True
2026-08-15T15:00:00Z,4,Nablus,4-1,13.71,29.198854166666667,1,True,22.05,28.581979166666667,1,True,26.47,27.527812499999996,1,True
2026-08-15T15:15:00Z,4,Nablus,4-1,18.94,29.16458333333333,1,True,22.63,28.448333333333334,1,True,26.73,27.473541666666662,1,True
2026-08-15T15:30:00Z,4,Nablus,4-1,18.59,29.102395833333333,1,True,23.09,28.314375000000002,1,True,26.48,27.418333333333333,1,True
2026-08-15T15:45:00Z,4,Nablus,4-1,20.01,29.040833333333335,1,True,25.11,28.194583333333338,1,True,26.39,27.365625000000005,1,True
2026-08-15T16:00:00Z,4,Nablus,4-1,20.39,28.963854166666668,1,True,25.57,28.07083333333333,1,True,26.13,27.2903125,1,True
2026-08-15T16:15:00Z,4,Nablus,4-1,21.17,28.880312500000002,1,True,26.98,27.9653125,1,True,27.22,27.22083333333333,1,True
2026-08-15T16:30:00Z,4,Nablus,4-1,22.64,28.798020833333336,1,True,26.72,27.848333333333333,1,True,27.46,27.1365625,1,True
2026-08-15T16:45:00Z,4,Nablus,4-1,22.88,28.705625,1,True,27.58,27.750312500000003,1,True,26.78,27.026458333333334,1,True
2026-08-15T17:00:00Z,4,Nablus,4-1,22.05,28.581979166666667,1,True,28.74,27.6771875,1,True,26.98,26.908125,1,True
2026-08-15T17:15:00Z,4,Nablus,4-1,22.63,28.448333333333334,1,True,29.15,27.63625,1,True,28.24,26.812395833333337,1,True
2026-08-15T17:30:00Z,4,Nablus,4-1,23.09,28.314375000000002,1,True,28.86,27.604479166666668,1,True,30.55,26.735208333333333,1,True
2026-08-15T17:45:00Z,4,Nablus,4-1,25.11,28.194583333333338,1,True,28.14,27.57885416666667,1,True,33.81,26.70979166666667,1,True
2026-08-15T18:00:00Z,4,Nablus,4-1,25.57,28.07083333333333,1,True,26.47,27.527812499999996,1,True,34.2,26.6940625,1,True
2026-08-15T18:15:00Z,4,Nablus,4-1,26.98,27.9653125,1,True,26.73,27.473541666666662,1,True,32.3,26.619270833333335,1,True
2026-08-15T18:30:00Z,4,Nablus,4-1,26.72,27.848333333333333,1,True,26.48,27.418333333333333,1,True,33.84,26.541875,1,True
2026-08-15T18:45:00Z,4,Nablus,4-1,27.58,27.750312500000003,1,True,26.39,27.365625000000005,1,True,35.89,26.4709375,1,True
2026-08-15T19:00:00Z,4,Nablus,4-1,28.74,27.6771875,1,True,26.13,27.2903125,1,True,38.95,26.432291666666668,1,True
2026-08-15T19:15:00Z,4,Nablus,4-1,29.15,27.63625,1,True,27.22,27.22083333333333,1,True,39.77,26.39135416666667,1,True
2026-08-15T19:30:00Z,4,Nablus,4-1,28.86,27.604479166666668,1,True,27.46,27.1365625,1,True,39.91,26.365624999999998,1,True
2026-08-15T19:45:00Z,4,Nablus,4-1,28.14,27.57885416666667,1,True,26.78,27.026458333333334,1,True,40.65,26.3465625,1,True
2026-08-15T20:00:00Z,4,Nablus,4-1,26.47,27.527812499999996,1,True,26.98,26.908125,1,True,40.32,26.33875,1,True
2026-08-15T20:15:00Z,4,Nablus,4-1,26.73,27.473541666666662,1,True,28.24,26.812395833333337,1,True,37.11,26.309375,1,True
2026-08-15T20:30:00Z,4,Nablus,4-1,26.48,27.418333333333333,1,True,30.55,26.735208333333333,1,True,37.04,26.267395833333335,1,True
2026-08-15T20:45:00Z,4,Nablus,4-1,26.39,27.365625000000005,1,True,33.81,26.70979166666667,1,True,33.94,26.196979166666665,1,True
2026-08-15T21:00:00Z,4,Nablus,4-1,26.13,27.2903125,1,True,34.2,26.6940625,1,True,32.62,26.112916666666667,1,True
2026-08-15T21:15:00Z,4,Nablus,4-1,27.22,27.22083333333333,1,True,32.3,26.619270833333335,1,True,32.62,26.04697916666667,1,True
2026-08-15T21:30:00Z,4,Nablus,4-1,27.46,27.1365625,1,True,33.84,26.541875,1,True,29.99,25.9271875,1,True
2026-08-15T21:45:00Z,4,Nablus,4-1,26.78,27.026458333333334,1,True,35.89,26.4709375,1,True,31.61,25.844583333333333,1,True
2026-08-15T22:00:00Z,4,Nablus,4-1,26.98,26.908125,1,True,38.95,26.432291666666668,1,True,32.45,25.78125,1,True
2026-08-15T22:15:00Z,4,Nablus,4-1,28.24,26.812395833333337,1,True,39.77,26.39135416666667,1,True,35.39,25.757500000000004,1,True
2026-08-15T22:30:00Z,4,Nablus,4-1,30.55,26.735208333333333,1,True,39.91,26.365624999999998,1,True,32.63,25.70364583333333,1,True
2026-08-15T22:45:00Z,4,Nablus,4-1,33.81,26.70979166666667,1,True,40.65,26.3465625,1,True,22.42,25.529687499999998,1,True
2026-08-15T23:00:00Z,4,Nablus,4-1,34.2,26.6940625,1,True,40.32,26.33875,1,True,22.59,25.370625,1,True
2026-08-15T23:15:00Z,4,Nablus,4-1,32.3,26.619270833333335,1,True,37.11,26.309375,1,True,25.04,25.256041666666665,1,True
2026-08-15T23:30:00Z,4,Nablus,4-1,33.84,26.541875,1,True,37.04,26.267395833333335,1,True,27.65,25.1915625,1,True
2026-08-15T23:45:00Z,4,Nablus,4-1,35.89,26.4709375,1,True,33.94,26.196979166666665,1,True,24.3,25.0971875,1,True
2026-08-16T00:00:00Z,4,Nablus,4-1,38.95,26.432291666666668,1,True,32.62,26.112916666666667,1,True,23.8,25.029583333333335,1,True
2026-08-16T00:15:00Z,4,Nablus,4-1,39.77,26.39135416666667,1,True,32.62,26.04697916666667,1,True,22.56,24.959374999999998,1,True
2026-08-16T00:30:00Z,4,Nablus,4-1,39.91,26.365624999999998,1,True,29.99,25.9271875,1,True,21.65,24.88864583333333,1,True
2026-08-16T00:45:00Z,4,Nablus,4-1,40.65,26.3465625,1,True,31.61,25.844583333333333,1,True,21.28,24.819479166666667,1,True
2026-08-16T01:00:00Z,4,Nablus,4-1,40.32,26.33875,1,True,32.45,25.78125,1,True,21.33,24.760625,1,True
2026-08-16T01:15:00Z,4,Nablus,4-1,37.11,26.309375,1,True,35.39,25.757500000000004,1,True,20.17,24.681458333333335,1,True
2026-08-16T01:30:00Z,4,Nablus,4-1,37.04,26.267395833333335,1,True,32.63,25.70364583333333,1,True,20.71,24.625312499999996,1,True
2026-08-16T01:45:00Z,4,Nablus,4-1,33.94,26.196979166666665,1,True,22.42,25.529687499999998,1,True,20.07,24.561875,1,True
2026-08-16T02:00:00Z,4,Nablus,4-1,32.62,26.112916666666667,1,True,22.59,25.370625,1,True,18.14,24.481979166666665,1,True
2026-08-16T02:15:00Z,4,Nablus,4-1,32.62,26.04697916666667,1,True,25.04,25.256041666666665,1,True,18.3,24.421875,1,True
2026-08-16T02:30:00Z,4,Nablus,4-1,29.99,25.9271875,1,True,27.65,25.1915625,1,True,17.81,24.344479166666662,1,True
2026-08-16T02:45:00Z,4,Nablus,4-1,31.61,25.844583333333333,1,True,24.3,25.0971875,1,True,18.49,24.288020833333334,1,True
2026-08-16T03:00:00Z,4,Nablus,4-1,32.45,25.78125,1,True,23.8,25.029583333333335,1,True,16.9,24.2221875,1,True
2026-08-16T03:15:00Z,4,Nablus,4-1,35.39,25.757500000000004,1,True,22.56,24.959374999999998,1,True,16.86,24.166354166666665,1,True
2026-08-16T03:30:00Z,4,Nablus,4-1,32.63,25.70364583333333,1,True,21.65,24.88864583333333,1,True,15.84,24.109375,1,True
2026-08-16T03:45:00Z,4,Nablus,4-1,22.42,25.529687499999998,1,True,21.28,24.819479166666667,1,True,15.22,24.043958333333332,1,True
2026-08-16T04:00:00Z,4,Nablus,4-1,22.59,25.370625,1,True,21.33,24.760625,1,True,15.71,23.989375,1,True
2026-08-16T04:15:00Z,4,Nablus,4-1,25.04,25.256041666666665,1,True,20.17,24.681458333333335,1,True,15.91,23.93375,1,True
2026-08-16T04:30:00Z,4,Nablus,4-1,27.65,25.1915625,1,True,20.71,24.625312499999996,1,True,16.04,23.883958333333336,1,True
2026-08-16T04:45:00Z,4,Nablus,4-1,24.3,25.0971875,1,True,20.07,24.561875,1,True,19.16,23.862291666666668,1,True
2026-08-16T05:00:00Z,4,Nablus,4-1,23.8,25.029583333333335,1,True,18.14,24.481979166666665,1,True,21.79,23.8653125,1,True
2026-08-16T05:15:00Z,4,Nablus,4-1,22.56,24.959374999999998,1,True,18.3,24.421875,1,True,22.98,23.893333333333334,1,True
2026-08-16T05:30:00Z,4,Nablus,4-1,21.65,24.88864583333333,1,True,17.81,24.344479166666662,1,True,21.49,23.929791666666663,1,True
2026-08-16T05:45:00Z,4,Nablus,4-1,21.28,24.819479166666667,1,True,18.49,24.288020833333334,1,True,19.52,23.959479166666664,1,True
2026-08-16T06:00:00Z,4,Nablus,4-1,21.33,24.760625,1,True,16.9,24.2221875,1,True,18.71,23.98708333333333,1,True
2026-08-16T06:15:00Z,4,Nablus,4-1,20.17,24.681458333333335,1,True,16.86,24.166354166666665,1,True,17.65,24.026979166666663,1,True
2026-08-16T06:30:00Z,4,Nablus,4-1,20.71,24.625312499999996,1,True,15.84,24.109375,1,True,30.34,24.195625000000003,1,True
2026-08-16T06:45:00Z,4,Nablus,4-1,20.07,24.561875,1,True,15.22,24.043958333333332,1,True,20.94,24.254583333333333,1,True
2026-08-16T07:00:00Z,4,Nablus,4-1,18.14,24.481979166666665,1,True,15.71,23.989375,1,True,15.06,24.2534375,1,True
2026-08-16T07:15:00Z,4,Nablus,4-1,18.3,24.421875,1,True,15.91,23.93375,1,True,14.34,24.25322916666667,1,True
2026-08-16T07:30:00Z,4,Nablus,4-1,17.81,24.344479166666662,1,True,16.04,23.883958333333336,1,True,13.26,24.24208333333333,1,True
2026-08-16T07:45:00Z,4,Nablus,4-1,18.49,24.288020833333334,1,True,19.16,23.862291666666668,1,True,12.88,24.22010416666667,1,True
2026-08-16T08:00:00Z,4,Nablus,4-1,16.9,24.2221875,1,True,21.79,23.8653125,1,True,12.63,24.17635416666667,1,True
2026-08-16T08:15:00Z,4,Nablus,4-1,16.86,24.166354166666665,1,True,22.98,23.893333333333334,1,True,12.08,24.140312500000004,1,True
2026-08-16T08:30:00Z,4,Nablus,4-1,15.84,24.109375,1,True,21.49,23.929791666666663,1,True,12.21,24.0890625,1,True
2026-08-16T08:45:00Z,4,Nablus,4-1,15.22,24.043958333333332,1,True,19.52,23.959479166666664,1,True,11.77,24.04416666666667,1,True
2026-08-16T09:00:00Z,4,Nablus,4-1,15.71,23.989375,1,True,18.71,23.98708333333333,1,True,13.25,24.018125,1,True
2026-08-16T09:15:00Z,4,Nablus,4-1,15.91,23.93375,1,True,17.65,24.026979166666663,1,True,13.77,24.02010416666667,1,True
2026-08-16T09:30:00Z,4,Nablus,4-1,16.04,23.883958333333336,1,True,30.34,24.195625000000003,1,True,13.2,24.02208333333333,1,True
2026-08-16T09:45:00Z,4,Nablus,4-1,19.16,23.862291666666668,1,True,20.94,24.254583333333333,1,True,14.4,24.037916666666664,1,True
2026-08-16T10:00:00Z,4,Nablus,4-1,21.79,23.8653125,1,True,15.06,24.2534375,1,True,15.89,24.060624999999998,1,True
2026-08-16T10:15:00Z,4,Nablus,4-1,22.98,23.893333333333334,1,True,14.34,24.25322916666667,1,True,16.39,24.0340625,1,True
2026-08-16T10:30:00Z,4,Nablus,4-1,21.49,23.929791666666663,1,True,13.26,24.24208333333333,1,True,18.63,24.034479166666667,1,True
2026-08-16T10:45:00Z,4,Nablus,4-1,19.52,23.959479166666664,1,True,12.88,24.22010416666667,1,True,19.24,24.026458333333334,1,True
2026-08-16T11:00:00Z,4,Nablus,4-1,18.71,23.98708333333333,1,True,12.63,24.17635416666667,1,True,21.68,24.039895833333333,1,True
2026-08-16T11:15:00Z,4,Nablus,4-1,17.65,24.026979166666663,1,True,12.08,24.140312500000004,1,True,23.74,24.066666666666666,1,True
2026-08-16T11:30:00Z,4,Nablus,4-1,30.34,24.195625000000003,1,True,12.21,24.0890625,1,True,23.79,24.078645833333336,1,True
2026-08-16T11:45:00Z,4,Nablus,4-1,20.94,24.254583333333333,1,True,11.77,24.04416666666667,1,True,24.83,24.098958333333332,1,True
2026-08-16T12:00:00Z,4,Nablus,4-1,15.06,24.2534375,1,True,13.25,24.018125,1,True,24.55,24.125,1,True
2026-08-16T12:15:00Z,4,Nablus,4-1,14.34,24.25322916666667,1,True,13.77,24.02010416666667,1,True,26.37,24.163958333333337,1,True
2026-08-16T12:30:00Z,4,Nablus,4-1,13.26,24.24208333333333,1,True,13.2,24.02208333333333,1,True,25.82,24.192395833333332,1,True
2026-08-16T12:45:00Z,4,Nablus,4-1,12.88,24.22010416666667,1,True,14.4,24.037916666666664,1,True,25.28,24.194166666666664,1,True
2026-08-16T13:00:00Z,4,Nablus,4-1,12.63,24.17635416666667,1,True,15.89,24.060624999999998,1,True,25.03,24.188541666666666,1,True
2026-08-16T13:15:00Z,4,Nablus,4-1,12.08,24.140312500000004,1,True,16.39,24.0340625,1,True,24.03,24.157812500000002,1,True
2026-08-16T13:30:00Z,4,Nablus,4-1,12.21,24.0890625,1,True,18.63,24.034479166666667,1,True,23.63,24.125625,1,True
2026-08-16T13:45:00Z,4,Nablus,4-1,11.77,24.04416666666667,1,True,19.24,24.026458333333334,1,True,23.49,24.083020833333332,1,True
2026-08-16T14:00:00Z,4,Nablus,4-1,13.25,24.018125,1,True,21.68,24.039895833333333,1,True,22.58,24.018854166666667,1,True
2026-08-16T14:15:00Z,4,Nablus,4-1,13.77,24.02010416666667,1,True,23.74,24.066666666666666,1,True,23.72,23.96229166666667,1,True
2026-08-16T14:30:00Z,4,Nablus,4-1,13.2,24.02208333333333,1,True,23.79,24.078645833333336,1,True,25.46,23.926875,1,True
2026-08-16T14:45:00Z,4,Nablus,4-1,14.4,24.037916666666664,1,True,24.83,24.098958333333332,1,True,25.62,23.900625,1,True
2026-08-16T15:00:00Z,4,Nablus,4-1,15.89,24.060624999999998,1,True,24.55,24.125,1,True,25.69,23.892500000000002,1,True
2026-08-16T15:15:00Z,4,Nablus,4-1,16.39,24.0340625,1,True,26.37,24.163958333333337,1,True,25.93,23.88416666666667,1,True
2026-08-16T15:30:00Z,4,Nablus,4-1,18.63,24.034479166666667,1,True,25.82,24.192395833333332,1,True,22.82,23.846041666666668,1,True
2026-08-16T15:45:00Z,4,Nablus,4-1,19.24,24.026458333333334,1,True,25.28,24.194166666666664,1,True,18.91,23.768124999999998,1,True
2026-08-16T16:00:00Z,4,Nablus,4-1,21.68,24.039895833333333,1,True,25.03,24.188541666666666,1,True,20.49,23.709375000000005,1,True
2026-08-16T16:15:00Z,4,Nablus,4-1,23.74,24.066666666666666,1,True,24.03,24.157812500000002,1,True,20.61,23.64052083333333,1,True
2026-08-16T16:30:00Z,4,Nablus,4-1,23.79,24.078645833333336,1,True,23.63,24.125625,1,True,21.47,23.578125,1,True
2026-08-16T16:45:00Z,4,Nablus,4-1,24.83,24.098958333333332,1,True,23.49,24.083020833333332,1,True,22.27,23.531145833333337,1,True
2026-08-16T17:00:00Z,4,Nablus,4-1,24.55,24.125,1,True,22.58,24.018854166666667,1,True,17.76,23.435104166666665,1,True
2026-08-16T17:15:00Z,4,Nablus,4-1,26.37,24.163958333333337,1,True,23.72,23.96229166666667,1,True,14.28,23.2896875,1,True
2026-08-16T17:30:00Z,4,Nablus,4-1,25.82,24.192395833333332,1,True,25.46,23.926875,1,True,14.32,23.120625000000004,1,True
2026-08-16T17:45:00Z,4,Nablus,4-1,25.28,24.194166666666664,1,True,25.62,23.900625,1,True,14.29,22.917291666666667,1,True
2026-08-16T18:00:00Z,4,Nablus,4-1,25.03,24.188541666666666,1,True,25.69,23.892500000000002,1,True,13.58,22.7025,1,True
2026-08-16T18:15:00Z,4,Nablus,4-1,24.03,24.157812500000002,1,True,25.93,23.88416666666667,1,True,13.52,22.506874999999997,1,True
2026-08-16T18:30:00Z,4,Nablus,4-1,23.63,24.125625,1,True,22.82,23.846041666666668,1,True,14.04,22.300625,1,True
2026-08-16T18:45:00Z,4,Nablus,4-1,23.49,24.083020833333332,1,True,18.91,23.768124999999998,1,True,13.98,22.072395833333335,1,True
2026-08-16T19:00:00Z,4,Nablus,4-1,22.58,24.018854166666667,1,True,20.49,23.709375000000005,1,True,13.35,21.805729166666666,1,True
2026-08-16T19:15:00Z,4,Nablus,4-1,23.72,23.96229166666667,1,True,20.61,23.64052083333333,1,True,13.39,21.530937499999997,1,True
2026-08-16T19:30:00Z,4,Nablus,4-1,25.46,23.926875,1,True,21.47,23.578125,1,True,13.64,21.257291666666664,1,True
2026-08-16T19:45:00Z,4,Nablus,4-1,25.62,23.900625,1,True,22.27,23.531145833333337,1,True,13.85,20.978125000000002,1,True
2026-08-16T20:00:00Z,4,Nablus,4-1,25.69,23.892500000000002,1,True,17.76,23.435104166666665,1,True,13.73,20.701145833333335,1,True
2026-08-16T20:15:00Z,4,Nablus,4-1,25.93,23.88416666666667,1,True,14.28,23.2896875,1,True,13.92,20.45958333333333,1,True
2026-08-16T20:30:00Z,4,Nablus,4-1,22.82,23.846041666666668,1,True,14.32,23.120625000000004,1,True,13.37,20.213020833333335,1,True
2026-08-16T20:45:00Z,4,Nablus,4-1,18.91,23.768124999999998,1,True,14.29,22.917291666666667,1,True,13.1,19.9959375,1,True
2026-08-16T21:00:00Z,4,Nablus,4-1,20.49,23.709375000000005,1,True,13.58,22.7025,1,True,13.11,19.792708333333334,1,True
2026-08-16T21:15:00Z,4,Nablus,4-1,20.61,23.64052083333333,1,True,13.52,22.506874999999997,1,True,13.27,19.591145833333332,1,True
2026-08-16T21:30:00Z,4,Nablus,4-1,21.47,23.578125,1,True,14.04,22.300625,1,True,14.19,19.4265625,1,True
2026-08-16T21:45:00Z,4,Nablus,4-1,22.27,23.531145833333337,1,True,13.98,22.072395833333335,1,True,16.21,19.266145833333333,1,True
2026-08-16T22:00:00Z,4,Nablus,4-1,17.76,23.435104166666665,1,True,13.35,21.805729166666666,1,True,14.28,19.076874999999998,1,True
2026-08-16T22:15:00Z,4,Nablus,4-1,14.28,23.2896875,1,True,13.39,21.530937499999997,1,True,13.05,18.84416666666667,1,True
2026-08-16T22:30:00Z,4,Nablus,4-1,14.32,23.120625000000004,1,True,13.64,21.257291666666664,1,True,12.49,18.634375000000002,1,True
2026-08-16T22:45:00Z,4,Nablus,4-1,14.29,22.917291666666667,1,True,13.85,20.978125000000002,1,True,11.78,18.523541666666667,1,True
2026-08-16T23:00:00Z,4,Nablus,4-1,13.58,22.7025,1,True,13.73,20.701145833333335,1,True,11.79,18.411041666666666,1,True
2026-08-16T23:15:00Z,4,Nablus,4-1,13.52,22.506874999999997,1,True,13.92,20.45958333333333,1,True,11.59,18.2709375,1,True
2026-08-16T23:30:00Z,4,Nablus,4-1,14.04,22.300625,1,True,13.37,20.213020833333335,1,True,13.21,18.120520833333334,1,True
2026-08-16T23:45:00Z,4,Nablus,4-1,13.98,22.072395833333335,1,True,13.1,19.9959375,1,True,12.5,17.997604166666665,1,True
2026-08-17T00:00:00Z,4,Nablus,4-1,13.35,21.805729166666666,1,True,13.11,19.792708333333334,1,True,11.63,17.870833333333334,1,True
2026-08-17T00:15:00Z,4,Nablus,4-1,13.39,21.530937499999997,1,True,13.27,19.591145833333332,1,True,13.49,17.776354166666668,1,True
2026-08-17T00:30:00Z,4,Nablus,4-1,13.64,21.257291666666664,1,True,14.19,19.4265625,1,True,11.48,17.670416666666664,1,True
2026-08-17T00:45:00Z,4,Nablus,4-1,13.85,20.978125000000002,1,True,16.21,19.266145833333333,1,True,11.64,17.57,1,True
2026-08-17T01:00:00Z,4,Nablus,4-1,13.73,20.701145833333335,1,True,14.28,19.076874999999998,1,True,11.24,17.464895833333333,1,True
2026-08-17T01:15:00Z,4,Nablus,4-1,13.92,20.45958333333333,1,True,13.05,18.84416666666667,1,True,11.47,17.374270833333334,1,True
2026-08-17T01:30:00Z,4,Nablus,4-1,13.37,20.213020833333335,1,True,12.49,18.634375000000002,1,True,12.21,17.285729166666666,1,True
2026-08-17T01:45:00Z,4,Nablus,4-1,13.1,19.9959375,1,True,11.78,18.523541666666667,1,True,12.49,17.206770833333334,1,True
2026-08-17T02:00:00Z,4,Nablus,4-1,13.11,19.792708333333334,1,True,11.79,18.411041666666666,1,True,12.92,17.152395833333333,1,True
2026-08-17T02:15:00Z,4,Nablus,4-1,13.27,19.591145833333332,1,True,11.59,18.2709375,1,True,12.9,17.096145833333335,1,True
2026-08-17T02:30:00Z,4,Nablus,4-1,14.19,19.4265625,1,True,13.21,18.120520833333334,1,True,12.97,17.045729166666668,1,True
2026-08-17T02:45:00Z,4,Nablus,4-1,16.21,19.266145833333333,1,True,12.5,17.997604166666665,1,True,15.17,17.011145833333334,1,True
2026-08-17T03:00:00Z,4,Nablus,4-1,14.28,19.076874999999998,1,True,11.63,17.870833333333334,1,True,11.66,16.9565625,1,True
2026-08-17T03:15:00Z,4,Nablus,4-1,13.05,18.84416666666667,1,True,13.49,17.776354166666668,1,True,10.93,16.894791666666666,1,True
2026-08-17T03:30:00Z,4,Nablus,4-1,12.49,18.634375000000002,1,True,11.48,17.670416666666664,1,True,10.41,16.838229166666665,1,True
2026-08-17T03:45:00Z,4,Nablus,4-1,11.78,18.523541666666667,1,True,11.64,17.57,1,True,10.24,16.786354166666666,1,True
2026-08-17T04:00:00Z,4,Nablus,4-1,11.79,18.411041666666666,1,True,11.24,17.464895833333333,1,True,10.78,16.735000000000003,1,True
2026-08-17T04:15:00Z,4,Nablus,4-1,11.59,18.2709375,1,True,11.47,17.374270833333334,1,True,10.5,16.678645833333334,1,True
2026-08-17T04:30:00Z,4,Nablus,4-1,13.21,18.120520833333334,1,True,12.21,17.285729166666666,1,True,10.43,16.620208333333334,1,True
2026-08-17T04:45:00Z,4,Nablus,4-1,12.5,17.997604166666665,1,True,12.49,17.206770833333334,1,True,10.67,16.531770833333333,1,True
2026-08-17T05:00:00Z,4,Nablus,4-1,11.63,17.870833333333334,1,True,12.92,17.152395833333333,1,True,10.24,16.411458333333332,1,True
2026-08-17T05:15:00Z,4,Nablus,4-1,13.49,17.776354166666668,1,True,12.9,17.096145833333335,1,True,9.96,16.275833333333335,1,True
2026-08-17T05:30:00Z,4,Nablus,4-1,11.48,17.670416666666664,1,True,12.97,17.045729166666668,1,True,9.18,16.147604166666664,1,True
2026-08-17T05:45:00Z,4,Nablus,4-1,11.64,17.57,1,True,15.17,17.011145833333334,1,True,8.67,16.034583333333334,1,True
2026-08-17T06:00:00Z,4,Nablus,4-1,11.24,17.464895833333333,1,True,11.66,16.9565625,1,True,8.24,15.925520833333332,1,True
2026-08-17T06:15:00Z,4,Nablus,4-1,11.47,17.374270833333334,1,True,10.93,16.894791666666666,1,True,7.72,15.822083333333333,1,True
2026-08-17T06:30:00Z,4,Nablus,4-1,12.21,17.285729166666666,1,True,10.41,16.838229166666665,1,True,7.81,15.587395833333332,1,True
2026-08-17T06:45:00Z,4,Nablus,4-1,12.49,17.206770833333334,1,True,10.24,16.786354166666666,1,True,7.68,15.449270833333335,1,True
2026-08-17T07:00:00Z,4,Nablus,4-1,12.92,17.152395833333333,1,True,10.78,16.735000000000003,1,True,7.43,15.369791666666666,1,True
2026-08-17T07:15:00Z,4,Nablus,4-1,12.9,17.096145833333335,1,True,10.5,16.678645833333334,1,True,7.63,15.299895833333332,1,True
2026-08-17T07:30:00Z,4,Nablus,4-1,12.97,17.045729166666668,1,True,10.43,16.620208333333334,1,True,7.18,15.2365625,1,True
2026-08-17T07:45:00Z,4,Nablus,4-1,15.17,17.011145833333334,1,True,10.67,16.531770833333333,1,True,7.26,15.178020833333333,1,True
2026-08-17T08:00:00Z,4,Nablus,4-1,11.66,16.9565625,1,True,10.24,16.411458333333332,1,True,6.78,15.117083333333333,1,True
2026-08-17T08:15:00Z,4,Nablus,4-1,10.93,16.894791666666666,1,True,9.96,16.275833333333335,1,True,6.79,15.061979166666667,1,True
2026-08-17T08:30:00Z,4,Nablus,4-1,10.41,16.838229166666665,1,True,9.18,16.147604166666664,1,True,6.78,15.005416666666667,1,True
2026-08-17T08:45:00Z,4,Nablus,4-1,10.24,16.786354166666666,1,True,8.67,16.034583333333334,1,True,7.19,14.957708333333334,0,True
2026-08-17T09:00:00Z,4,Nablus,4-1,10.78,16.735000000000003,1,True,8.24,15.925520833333332,1,True,8.18,14.904895833333335,0,True
2026-08-17T09:15:00Z,4,Nablus,4-1,10.5,16.678645833333334,1,True,7.72,15.822083333333333,1,True,8.2,14.846875000000002,0,True
2026-08-17T09:30:00Z,4,Nablus,4-1,10.43,16.620208333333334,1,True,7.81,15.587395833333332,1,True,8.84,14.801458333333334,0,True
2026-08-17T09:45:00Z,4,Nablus,4-1,10.67,16.531770833333333,1,True,7.68,15.449270833333335,1,True,9.54,14.750833333333333,0,True
2026-08-17T10:00:00Z,4,Nablus,4-1,10.24,16.411458333333332,1,True,7.43,15.369791666666666,1,True,9.84,14.687812500000001,0,True
2026-08-17T10:15:00Z,4,Nablus,4-1,9.96,16.275833333333335,1,True,7.63,15.299895833333332,1,True,10.66,14.628124999999999,0,True
2026-08-17T10:30:00Z,4,Nablus,4-1,9.18,16.147604166666664,1,True,7.18,15.2365625,1,True,11.87,14.557708333333336,0,True
2026-08-17T10:45:00Z,4,Nablus,4-1,8.67,16.034583333333334,1,True,7.26,15.178020833333333,1,True,12.19,14.484270833333333,0,True
2026-08-17T11:00:00Z,4,Nablus,4-1,8.24,15.925520833333332,1,True,6.78,15.117083333333333,1,True,13.18,14.395729166666667,0,True
2026-08-17T11:15:00Z,4,Nablus,4-1,7.72,15.822083333333333,1,True,6.79,15.061979166666667,1,True,13.33,14.287291666666667,0,True
2026-08-17T11:30:00Z,4,Nablus,4-1,7.81,15.587395833333332,1,True,6.78,15.005416666666667,1,True,13.91,14.184375000000001,0,True
2026-08-17T11:45:00Z,4,Nablus,4-1,7.68,15.449270833333335,1,True,7.19,14.957708333333334,0,True,14.17,14.073333333333332,0,True
2026-08-17T12:00:00Z,4,Nablus,4-1,7.43,15.369791666666666,1,True,8.18,14.904895833333335,0,True,14.01,13.963541666666666,0,True
2026-08-17T12:15:00Z,4,Nablus,4-1,7.63,15.299895833333332,1,True,8.2,14.846875000000002,0,True,14.29,13.837708333333333,0,True
2026-08-17T12:30:00Z,4,Nablus,4-1,7.18,15.2365625,1,True,8.84,14.801458333333334,0,True,14.66,13.721458333333333,0,True
2026-08-17T12:45:00Z,4,Nablus,4-1,7.26,15.178020833333333,1,True,9.54,14.750833333333333,0,True,14.96,13.613958333333331,0,True
2026-08-17T13:00:00Z,4,Nablus,4-1,6.78,15.117083333333333,1,True,9.84,14.687812500000001,0,True,15.04,13.509895833333333,0,True
2026-08-17T13:15:00Z,4,Nablus,4-1,6.79,15.061979166666667,1,True,10.66,14.628124999999999,0,True,14.79,13.413645833333334,0,True
2026-08-17T13:30:00Z,4,Nablus,4-1,6.78,15.005416666666667,1,True,11.87,14.557708333333336,0,True,15.46,13.328541666666668,0,True
2026-08-17T13:45:00Z,4,Nablus,4-1,7.19,14.957708333333334,0,True,12.19,14.484270833333333,0,True,15.47,13.245,0,True
2026-08-17T14:00:00Z,4,Nablus,4-1,8.18,14.904895833333335,0,True,13.18,14.395729166666667,0,True,16.42,13.180833333333332,0,True
2026-08-17T14:15:00Z,4,Nablus,4-1,8.2,14.846875000000002,0,True,13.33,14.287291666666667,0,True,17.43,13.1153125,0,True
2026-08-17T14:30:00Z,4,Nablus,4-1,8.84,14.801458333333334,0,True,13.91,14.184375000000001,0,True,15.76,13.014270833333335,0,True
2026-08-17T14:45:00Z,4,Nablus,4-1,9.54,14.750833333333333,0,True,14.17,14.073333333333332,0,True,13.59,12.888958333333333,0,True
2026-08-17T15:00:00Z,4,Nablus,4-1,9.84,14.687812500000001,0,True,14.01,13.963541666666666,0,True,13.75,12.764583333333333,0,True
2026-08-17T15:15:00Z,4,Nablus,4-1,10.66,14.628124999999999,0,True,14.29,13.837708333333333,0,True,14.78,12.6484375,0,True
2026-08-17T15:30:00Z,4,Nablus,4-1,11.87,14.557708333333336,0,True,14.66,13.721458333333333,0,True,15.21,12.569166666666666,0,True
2026-08-17T15:45:00Z,4,Nablus,4-1,12.19,14.484270833333333,0,True,14.96,13.613958333333331,0,True,14.93,12.527708333333335,0,True
2026-08-17T16:00:00Z,4,Nablus,4-1,13.18,14.395729166666667,0,True,15.04,13.509895833333333,0,True,14.61,12.466458333333334,0,True
2026-08-17T16:15:00Z,4,Nablus,4-1,13.33,14.287291666666667,0,True,14.79,13.413645833333334,0,True,14.63,12.404166666666667,0,True
2026-08-17T16:30:00Z,4,Nablus,4-1,13.91,14.184375000000001,0,True,15.46,13.328541666666668,0,True,14.47,12.331249999999999,0,True
2026-08-17T16:45:00Z,4,Nablus,4-1,14.17,14.073333333333332,0,True,15.47,13.245,0,True,14.0,12.245104166666666,0,True
2026-08-17T17:00:00Z,4,Nablus,4-1,14.01,13.963541666666666,0,True,16.42,13.180833333333332,0,True,14.09,12.206874999999998,0,True
2026-08-17T17:15:00Z,4,Nablus,4-1,14.29,13.837708333333333,0,True,17.43,13.1153125,0,True,14.07,12.204687499999999,0,True
2026-08-17T17:30:00Z,4,Nablus,4-1,14.66,13.721458333333333,0,True,15.76,13.014270833333335,0,True,14.05,12.201875000000001,0,True
2026-08-17T17:45:00Z,4,Nablus,4-1,14.96,13.613958333333331,0,True,13.59,12.888958333333333,0,True,14.56,12.2046875,0,True
2026-08-17T18:00:00Z,4,Nablus,4-1,15.04,13.509895833333333,0,True,13.75,12.764583333333333,0,True,14.68,12.216145833333334,0,True
2026-08-17T18:15:00Z,4,Nablus,4-1,14.79,13.413645833333334,0,True,14.78,12.6484375,0,True,15.08,12.232395833333333,0,True
2026-08-17T18:30:00Z,4,Nablus,4-1,15.46,13.328541666666668,0,True,15.21,12.569166666666666,0,True,14.62,12.238437499999998,0,True
2026-08-17T18:45:00Z,4,Nablus,4-1,15.47,13.245,0,True,14.93,12.527708333333335,0,True,15.19,12.251041666666666,0,True
2026-08-17T19:00:00Z,4,Nablus,4-1,16.42,13.180833333333332,0,True,14.61,12.466458333333334,0,True,14.92,12.267395833333333,0,True
2026-08-17T19:15:00Z,4,Nablus,4-1,17.43,13.1153125,0,True,14.63,12.404166666666667,0,True,15.29,12.2871875,0,True
2026-08-17T19:30:00Z,4,Nablus,4-1,15.76,13.014270833333335,0,True,14.47,12.331249999999999,0,True,15.12,12.302604166666667,0,True
2026-08-17T19:45:00Z,4,Nablus,4-1,13.59,12.888958333333333,0,True,14.0,12.245104166666666,0,True,15.17,12.316354166666665,0,True
2026-08-17T20:00:00Z,4,Nablus,4-1,13.75,12.764583333333333,0,True,14.09,12.206874999999998,0,True,15.41,12.333854166666667,0,True
2026-08-17T20:15:00Z,4,Nablus,4-1,14.78,12.6484375,0,True,14.07,12.204687499999999,0,True,15.31,12.348333333333334,0,True
2026-08-17T20:30:00Z,4,Nablus,4-1,15.21,12.569166666666666,0,True,14.05,12.201875000000001,0,True,15.63,12.371875000000001,0,True
2026-08-17T20:45:00Z,4,Nablus,4-1,14.93,12.527708333333335,0,True,14.56,12.2046875,0,True,15.7,12.398958333333333,0,True
2026-08-17T21:00:00Z,4,Nablus,4-1,14.61,12.466458333333334,0,True,14.68,12.216145833333334,0,True,15.85,12.4275,0,True
2026-08-17T21:15:00Z,4,Nablus,4-1,14.63,12.404166666666667,0,True,15.08,12.232395833333333,0,True,15.98,12.455729166666666,0,True
2026-08-17T21:30:00Z,4,Nablus,4-1,14.47,12.331249999999999,0,True,14.62,12.238437499999998,0,True,15.85,12.473020833333335,0,True
2026-08-17T21:45:00Z,4,Nablus,4-1,14.0,12.245104166666666,0,True,15.19,12.251041666666666,0,True,16.0,12.470833333333333,0,True
2026-08-17T22:00:00Z,4,Nablus,4-1,14.09,12.206874999999998,0,True,14.92,12.267395833333333,0,True,15.82,12.486875,0,True
2026-08-17T22:15:00Z,4,Nablus,4-1,14.07,12.204687499999999,0,True,15.29,12.2871875,0,True,15.97,12.517291666666665,0,True
2026-08-17T22:30:00Z,4,Nablus,4-1,14.05,12.201875000000001,0,True,15.12,12.302604166666667,0,True,16.16,12.555520833333333,0,True
2026-08-17T22:45:00Z,4,Nablus,4-1,14.56,12.2046875,0,True,15.17,12.316354166666665,0,True,16.28,12.602395833333333,0,True
2026-08-17T23:00:00Z,4,Nablus,4-1,14.68,12.216145833333334,0,True,15.41,12.333854166666667,0,True,15.8,12.644166666666665,0,True
2026-08-17T23:15:00Z,4,Nablus,4-1,15.08,12.232395833333333,0,True,15.31,12.348333333333334,0,True,16.53,12.695625,0,True
2026-08-17T23:30:00Z,4,Nablus,4-1,14.62,12.238437499999998,0,True,15.63,12.371875000000001,0,True,17.38,12.739062500000001,0,True
2026-08-17T23:45:00Z,4,Nablus,4-1,15.19,12.251041666666666,0,True,15.7,12.398958333333333,0,True,17.02,12.786145833333334,0,True
2026-08-18T00:00:00Z,4,Nablus,4-1,14.92,12.267395833333333,0,True,15.85,12.4275,0,True,16.96,12.841666666666667,0,True
2026-08-18T00:15:00Z,4,Nablus,4-1,15.29,12.2871875,0,True,15.98,12.455729166666666,0,True,16.08,12.868645833333334,0,True
2026-08-18T00:30:00Z,4,Nablus,4-1,15.12,12.302604166666667,0,True,15.85,12.473020833333335,0,True,15.75,12.913125,0,True
2026-08-18T00:45:00Z,4,Nablus,4-1,15.17,12.316354166666665,0,True,16.0,12.470833333333333,0,True,15.62,12.954583333333334,0,True
2026-08-18T01:00:00Z,4,Nablus,4-1,15.41,12.333854166666667,0,True,15.82,12.486875,0,True,14.32,12.986666666666666,0,True
2026-08-18T01:15:00Z,4,Nablus,4-1,15.31,12.348333333333334,0,True,15.97,12.517291666666665,0,True,14.56,13.018854166666666,0,True
2026-08-18T01:30:00Z,4,Nablus,4-1,15.63,12.371875000000001,0,True,16.16,12.555520833333333,0,True,14.75,13.0453125,0,True
2026-08-18T01:45:00Z,4,Nablus,4-1,15.7,12.398958333333333,0,True,16.28,12.602395833333333,0,True,14.35,13.064687499999998,0,True
2026-08-18T02:00:00Z,4,Nablus,4-1,15.85,12.4275,0,True,15.8,12.644166666666665,0,True,13.82,13.074062500000002,0,True
2026-08-18T02:15:00Z,4,Nablus,4-1,15.98,12.455729166666666,0,True,16.53,12.695625,0,True,14.33,13.088958333333332,0,True
2026-08-18T02:30:00Z,4,Nablus,4-1,15.85,12.473020833333335,0,True,17.38,12.739062500000001,0,True,13.8,13.097604166666665,0,True
2026-08-18T02:45:00Z,4,Nablus,4-1,16.0,12.470833333333333,0,True,17.02,12.786145833333334,0,True,14.58,13.091458333333335,0,True
2026-08-18T03:00:00Z,4,Nablus,4-1,15.82,12.486875,0,True,16.96,12.841666666666667,0,True,14.02,13.116041666666668,0,True
2026-08-18T03:15:00Z,4,Nablus,4-1,15.97,12.517291666666665,0,True,16.08,12.868645833333334,0,True,13.57,13.143541666666666,0,True
2026-08-18T03:30:00Z,4,Nablus,4-1,16.16,12.555520833333333,0,True,15.75,12.913125,0,True,14.47,13.185833333333335,0,True
2026-08-18T03:45:00Z,4,Nablus,4-1,16.28,12.602395833333333,0,True,15.62,12.954583333333334,0,True,13.35,13.218229166666667,0,True
2026-08-18T04:00:00Z,4,Nablus,4-1,15.8,12.644166666666665,0,True,14.32,12.986666666666666,0,True,13.6,13.247604166666667,0,True
2026-08-18T04:15:00Z,4,Nablus,4-1,16.53,12.695625,0,True,14.56,13.018854166666666,0,True,13.5,13.278854166666667,0,True
2026-08-18T04:30:00Z,4,Nablus,4-1,17.38,12.739062500000001,0,True,14.75,13.0453125,0,True,13.21,13.307812499999999,0,True
2026-08-18T04:45:00Z,4,Nablus,4-1,17.02,12.786145833333334,0,True,14.35,13.064687499999998,0,True,13.05,13.332604166666668,0,True
2026-08-18T05:00:00Z,4,Nablus,4-1,16.96,12.841666666666667,0,True,13.82,13.074062500000002,0,True,13.08,13.3621875,0,True
2026-08-18T05:15:00Z,4,Nablus,4-1,16.08,12.868645833333334,0,True,14.33,13.088958333333332,0,True,13.47,13.39875,0,True
2026-08-18T05:30:00Z,4,Nablus,4-1,15.75,12.913125,0,True,13.8,13.097604166666665,0,True,13.0,13.438541666666667,0,True
2026-08-18T05:45:00Z,4,Nablus,4-1,15.62,12.954583333333334,0,True,14.58,13.091458333333335,0,True,12.64,13.479895833333332,0,True
2026-08-18T06:00:00Z,4,Nablus,4-1,14.32,12.986666666666666,0,True,14.02,13.116041666666668,0,True,12.69,13.52625,0,True
2026-08-18T06:15:00Z,4,Nablus,4-1,14.56,13.018854166666666,0,True,13.57,13.143541666666666,0,True,12.54,13.576458333333333,0,True
2026-08-18T06:30:00Z,4,Nablus,4-1,14.75,13.0453125,0,True,14.47,13.185833333333335,0,True,12.04,13.620520833333336,0,True
2026-08-18T06:45:00Z,4,Nablus,4-1,14.35,13.064687499999998,0,True,13.35,13.218229166666667,0,True,12.56,13.671354166666667,0,True
2026-08-18T07:00:00Z,4,Nablus,4-1,13.82,13.074062500000002,0,True,13.6,13.247604166666667,0,True,11.93,13.718229166666665,0,True
2026-08-18T07:15:00Z,4,Nablus,4-1,14.33,13.088958333333332,0,True,13.5,13.278854166666667,0,True,11.52,13.758750000000001,0,True
2026-08-18T07:30:00Z,4,Nablus,4-1,13.8,13.097604166666665,0,True,13.21,13.307812499999999,0,True,11.31,13.801770833333334,0,True
2026-08-18T07:45:00Z,4,Nablus,4-1,14.58,13.091458333333335,0,True,13.05,13.332604166666668,0,True,10.88,13.839479166666665,0,True
2026-08-18T08:00:00Z,4,Nablus,4-1,14.02,13.116041666666668,0,True,13.08,13.3621875,0,True,10.91,13.8825,0,True
2026-08-18T08:15:00Z,4,Nablus,4-1,13.57,13.143541666666666,0,True,13.47,13.39875,0,True,14.71,13.965000000000002,0,True
2026-08-18T08:30:00Z,4,Nablus,4-1,14.47,13.185833333333335,0,True,13.0,13.438541666666667,0,True,13.28,14.032708333333334,0,True
2026-08-18T08:45:00Z,4,Nablus,4-1,13.35,13.218229166666667,0,True,12.64,13.479895833333332,0,True,16.36,14.128229166666666,0,True
2026-08-18T09:00:00Z,4,Nablus,4-1,13.6,13.247604166666667,0,True,12.69,13.52625,0,True,13.45,14.183124999999999,0,True
2026-08-18T09:15:00Z,4,Nablus,4-1,13.5,13.278854166666667,0,True,12.54,13.576458333333333,0,True,13.37,14.236979166666666,0,True
2026-08-18T09:30:00Z,4,Nablus,4-1,13.21,13.307812499999999,0,True,12.04,13.620520833333336,0,True,14.34,14.294270833333334,0,True
2026-08-18T09:45:00Z,4,Nablus,4-1,13.05,13.332604166666668,0,True,12.56,13.671354166666667,0,True,14.49,14.345833333333333,0,True
2026-08-18T10:00:00Z,4,Nablus,4-1,13.08,13.3621875,0,True,11.93,13.718229166666665,0,True,15.38,14.403541666666667,0,True
2026-08-18T10:15:00Z,4,Nablus,4-1,13.47,13.39875,0,True,11.52,13.758750000000001,0,True,17.36,14.473333333333334,0,True
2026-08-18T10:30:00Z,4,Nablus,4-1,13.0,13.438541666666667,0,True,11.31,13.801770833333334,0,True,18.64,14.543854166666668,0,True
2026-08-18T10:45:00Z,4,Nablus,4-1,12.64,13.479895833333332,0,True,10.88,13.839479166666665,0,True,19.43,14.619270833333333,0,True
2026-08-18T11:00:00Z,4,Nablus,4-1,12.69,13.52625,0,True,10.91,13.8825,0,True,20.32,14.693645833333335,0,True
2026-08-18T11:15:00Z,4,Nablus,4-1,12.54,13.576458333333333,0,True,14.71,13.965000000000002,0,True,21.28,14.776458333333336,0,True
2026-08-18T11:30:00Z,4,Nablus,4-1,12.04,13.620520833333336,0,True,13.28,14.032708333333334,0,True,21.31,14.853541666666667,0,True
2026-08-18T11:45:00Z,4,Nablus,4-1,12.56,13.671354166666667,0,True,16.36,14.128229166666666,0,True,21.19,14.926666666666668,0,True
2026-08-18T12:00:00Z,4,Nablus,4-1,11.93,13.718229166666665,0,True,13.45,14.183124999999999,0,True,21.53,15.005,1,True
2026-08-18T12:15:00Z,4,Nablus,4-1,11.52,13.758750000000001,0,True,13.37,14.236979166666666,0,True,22.3,15.0884375,1,True
2026-08-18T12:30:00Z,4,Nablus,4-1,11.31,13.801770833333334,0,True,14.34,14.294270833333334,0,True,21.81,15.162916666666666,1,True
2026-08-18T12:45:00Z,4,Nablus,4-1,10.88,13.839479166666665,0,True,14.49,14.345833333333333,0,True,21.55,15.2315625,1,True
2026-08-18T13:00:00Z,4,Nablus,4-1,10.91,13.8825,0,True,15.38,14.403541666666667,0,True,21.84,15.302395833333334,1,True
2026-08-18T13:15:00Z,4,Nablus,4-1,14.71,13.965000000000002,0,True,17.36,14.473333333333334,0,True,21.94,15.376875,1,True
2026-08-18T13:30:00Z,4,Nablus,4-1,13.28,14.032708333333334,0,True,18.64,14.543854166666668,0,True,22.3,15.448125,1,True
2026-08-18T13:45:00Z,4,Nablus,4-1,16.36,14.128229166666666,0,True,19.43,14.619270833333333,0,True,20.98,15.505520833333335,1,True
2026-08-18T14:00:00Z,4,Nablus,4-1,13.45,14.183124999999999,0,True,20.32,14.693645833333335,0,True,19.95,15.542291666666666,1,True
2026-08-18T14:15:00Z,4,Nablus,4-1,13.37,14.236979166666666,0,True,21.28,14.776458333333336,0,True,19.78,15.566770833333335,1,True
2026-08-18T14:30:00Z,4,Nablus,4-1,14.34,14.294270833333334,0,True,21.31,14.853541666666667,0,True,20.03,15.61125,1,True
2026-08-18T14:45:00Z,4,Nablus,4-1,14.49,14.345833333333333,0,True,21.19,14.926666666666668,0,True,19.01,15.667708333333335,1,True
2026-08-18T15:00:00Z,4,Nablus,4-1,15.38,14.403541666666667,0,True,21.53,15.005,1,True,18.93,15.721666666666666,1,True
2026-08-18T15:15:00Z,4,Nablus,4-1,17.36,14.473333333333334,0,True,22.3,15.0884375,1,True,19.14,15.767083333333334,1,True
2026-08-18T15:30:00Z,4,Nablus,4-1,18.64,14.543854166666668,0,True,21.81,15.162916666666666,1,True,19.7,15.813854166666667,1,True
2026-08-18T15:45:00Z,4,Nablus,4-1,19.43,14.619270833333333,0,True,21.55,15.2315625,1,True,20.29,15.8696875,1,True
2026-08-18T16:00:00Z,4,Nablus,4-1,20.32,14.693645833333335,0,True,21.84,15.302395833333334,1,True,20.41,15.930104166666668,1,True
2026-08-18T16:15:00Z,4,Nablus,4-1,21.28,14.776458333333336,0,True,21.94,15.376875,1,True,21.87,16.005520833333332,1,True
2026-08-18T16:30:00Z,4,Nablus,4-1,21.31,14.853541666666667,0,True,22.3,15.448125,1,True,20.55,16.068854166666664,1,True
2026-08-18T16:45:00Z,4,Nablus,4-1,21.19,14.926666666666668,0,True,20.98,15.505520833333335,1,True,20.16,16.133020833333333,1,True
2026-08-18T17:00:00Z,4,Nablus,4-1,21.53,15.005,1,True,19.95,15.542291666666666,1,True,20.14,16.19604166666667,1,True
2026-08-18T17:15:00Z,4,Nablus,4-1,22.3,15.0884375,1,True,19.78,15.566770833333335,1,True,19.77,16.25541666666667,1,True
2026-08-18T17:30:00Z,4,Nablus,4-1,21.81,15.162916666666666,1,True,20.03,15.61125,1,True,18.69,16.303749999999997,1,True
2026-08-18T17:45:00Z,4,Nablus,4-1,21.55,15.2315625,1,True,19.01,15.667708333333335,1,True,18.43,16.3440625,1,True
2026-08-18T18:00:00Z,4,Nablus,4-1,21.84,15.302395833333334,1,True,18.93,15.721666666666666,1,True,18.15,16.380208333333332,1,True
2026-08-18T18:15:00Z,4,Nablus,4-1,21.94,15.376875,1,True,19.14,15.767083333333334,1,True,18.78,16.41875,1,True
2026-08-18T18:30:00Z,4,Nablus,4-1,22.3,15.448125,1,True,19.7,15.813854166666667,1,True,18.93,16.463645833333334,1,True
2026-08-18T18:45:00Z,4,Nablus,4-1,20.98,15.505520833333335,1,True,20.29,15.8696875,1,True,18.92,16.5025,1,True
2026-08-18T19:00:00Z,4,Nablus,4-1,19.95,15.542291666666666,1,True,20.41,15.930104166666668,1,True,18.32,16.537916666666664,1,True
2026-08-18T19:15:00Z,4,Nablus,4-1,19.78,15.566770833333335,1,True,21.87,16.005520833333332,1,True,19.22,16.578854166666666,1,True
2026-08-18T19:30:00Z,4,Nablus,4-1,20.03,15.61125,1,True,20.55,16.068854166666664,1,True,19.49,16.624375,1,True
2026-08-18T19:45:00Z,4,Nablus,4-1,19.01,15.667708333333335,1,True,20.16,16.133020833333333,1,True,18.93,16.663541666666667,1,True
2026-08-18T20:00:00Z,4,Nablus,4-1,18.93,15.721666666666666,1,True,20.14,16.19604166666667,1,True,17.73,16.687708333333333,1,True
2026-08-18T20:15:00Z,4,Nablus,4-1,19.14,15.767083333333334,1,True,19.77,16.25541666666667,1,True,17.14,16.706770833333334,1,True
2026-08-18T20:30:00Z,4,Nablus,4-1,19.7,15.813854166666667,1,True,18.69,16.303749999999997,1,True,16.28,16.713541666666668,1,True
2026-08-18T20:45:00Z,4,Nablus,4-1,20.29,15.8696875,1,True,18.43,16.3440625,1,True,16.09,16.717604166666668,1,True
2026-08-18T21:00:00Z,4,Nablus,4-1,20.41,15.930104166666668,1,True,18.15,16.380208333333332,1,True,15.78,16.716874999999998,1,True
2026-08-18T21:15:00Z,4,Nablus,4-1,21.87,16.005520833333332,1,True,18.78,16.41875,1,True,15.28,16.70958333333333,1,True
2026-08-18T21:30:00Z,4,Nablus,4-1,20.55,16.068854166666664,1,True,18.93,16.463645833333334,1,True,14.15,16.691875,1,True
2026-08-18T21:45:00Z,4,Nablus,4-1,20.16,16.133020833333333,1,True,18.92,16.5025,1,True,13.48,16.665625000000002,1,True
2026-08-18T22:00:00Z,4,Nablus,4-1,20.14,16.19604166666667,1,True,18.32,16.537916666666664,1,True,13.43,16.640729166666667,1,True
2026-08-18T22:15:00Z,4,Nablus,4-1,19.77,16.25541666666667,1,True,19.22,16.578854166666666,1,True,12.25,16.601979166666666,1,True
2026-08-18T22:30:00Z,4,Nablus,4-1,18.69,16.303749999999997,1,True,19.49,16.624375,1,True,12.15,16.560208333333332,1,True
2026-08-18T22:45:00Z,4,Nablus,4-1,18.43,16.3440625,1,True,18.93,16.663541666666667,1,True,11.48,16.510208333333335,1,True
2026-08-18T23:00:00Z,4,Nablus,4-1,18.15,16.380208333333332,1,True,17.73,16.687708333333333,1,True,11.93,16.469895833333336,1,True
2026-08-18T23:15:00Z,4,Nablus,4-1,18.78,16.41875,1,True,17.14,16.706770833333334,1,True,11.71,16.419687500000002,1,True
2026-08-18T23:30:00Z,4,Nablus,4-1,18.93,16.463645833333334,1,True,16.28,16.713541666666668,1,True,11.32,16.3565625,1,True
2026-08-18T23:45:00Z,4,Nablus,4-1,18.92,16.5025,1,True,16.09,16.717604166666668,1,True,11.35,16.2975,1,True
2026-08-19T00:00:00Z,4,Nablus,4-1,18.32,16.537916666666664,1,True,15.78,16.716874999999998,1,True,12.02,16.246041666666667,1,True
2026-08-19T00:15:00Z,4,Nablus,4-1,19.22,16.578854166666666,1,True,15.28,16.70958333333333,1,True,13.03,16.214270833333334,1,True
2026-08-19T00:30:00Z,4,Nablus,4-1,19.49,16.624375,1,True,14.15,16.691875,1,True,12.25,16.177812499999998,1,True
2026-08-19T00:45:00Z,4,Nablus,4-1,18.93,16.663541666666667,1,True,13.48,16.665625000000002,1,True,12.62,16.146562499999998,1,True
2026-08-19T01:00:00Z,4,Nablus,4-1,17.73,16.687708333333333,1,True,13.43,16.640729166666667,1,True,12.21,16.124583333333334,1,True
2026-08-19T01:15:00Z,4,Nablus,4-1,17.14,16.706770833333334,1,True,12.25,16.601979166666666,1,True,13.05,16.108854166666667,1,True
2026-08-19T01:30:00Z,4,Nablus,4-1,16.28,16.713541666666668,1,True,12.15,16.560208333333332,1,True,12.53,16.085729166666667,1,True
2026-08-19T01:45:00Z,4,Nablus,4-1,16.09,16.717604166666668,1,True,11.48,16.510208333333335,1,True,12.11,16.062395833333337,1,True
2026-08-19T02:00:00Z,4,Nablus,4-1,15.78,16.716874999999998,1,True,11.93,16.469895833333336,1,True,11.78,16.041145833333335,1,True
2026-08-19T02:15:00Z,4,Nablus,4-1,15.28,16.70958333333333,1,True,11.71,16.419687500000002,1,True,11.92,16.016041666666666,1,True
2026-08-19T02:30:00Z,4,Nablus,4-1,14.15,16.691875,1,True,11.32,16.3565625,1,True,11.69,15.9940625,1,True
2026-08-19T02:45:00Z,4,Nablus,4-1,13.48,16.665625000000002,1,True,11.35,16.2975,1,True,11.91,15.96625,1,True
2026-08-19T03:00:00Z,4,Nablus,4-1,13.43,16.640729166666667,1,True,12.02,16.246041666666667,1,True,12.92,15.954791666666665,1,True
2026-08-19T03:15:00Z,4,Nablus,4-1,12.25,16.601979166666666,1,True,13.03,16.214270833333334,1,True,12.07,15.939166666666667,1,True
2026-08-19T03:30:00Z,4,Nablus,4-1,12.15,16.560208333333332,1,True,12.25,16.177812499999998,1,True,12.42,15.917812499999998,1,True
2026-08-19T03:45:00Z,4,Nablus,4-1,11.48,16.510208333333335,1,True,12.62,16.146562499999998,1,True,10.71,15.8903125,1,True
2026-08-19T04:00:00Z,4,Nablus,4-1,11.93,16.469895833333336,1,True,12.21,16.124583333333334,1,True,11.08,15.864062499999998,1,True
2026-08-19T04:15:00Z,4,Nablus,4-1,11.71,16.419687500000002,1,True,13.05,16.108854166666667,1,True,10.42,15.831979166666665,1,True
2026-08-19T04:30:00Z,4,Nablus,4-1,11.32,16.3565625,1,True,12.53,16.085729166666667,1,True,10.29,15.801562500000001,1,True
2026-08-19T04:45:00Z,4,Nablus,4-1,11.35,16.2975,1,True,12.11,16.062395833333337,1,True,11.41,15.784479166666666,1,True
2026-08-19T05:00:00Z,4,Nablus,4-1,12.02,16.246041666666667,1,True,11.78,16.041145833333335,1,True,11.64,15.769479166666668,1,True
2026-08-19T05:15:00Z,4,Nablus,4-1,13.03,16.214270833333334,1,True,11.92,16.016041666666666,1,True,11.98,15.753958333333332,1,True
2026-08-19T05:30:00Z,4,Nablus,4-1,12.25,16.177812499999998,1,True,11.69,15.9940625,1,True,11.69,15.7403125,1,True
2026-08-19T05:45:00Z,4,Nablus,4-1,12.62,16.146562499999998,1,True,11.91,15.96625,1,True,11.33,15.726666666666668,1,True
2026-08-19T06:00:00Z,4,Nablus,4-1,12.21,16.124583333333334,1,True,12.92,15.954791666666665,1,True,11.04,15.709479166666668,1,True
2026-08-19T06:15:00Z,4,Nablus,4-1,13.05,16.108854166666667,1,True,12.07,15.939166666666667,1,True,10.51,15.688333333333334,1,True
2026-08-19T06:30:00Z,4,Nablus,4-1,12.53,16.085729166666667,1,True,12.42,15.917812499999998,1,True,11.39,15.681562499999998,1,True
2026-08-19T06:45:00Z,4,Nablus,4-1,12.11,16.062395833333337,1,True,10.71,15.8903125,1,True,9.41,15.64875,1,True
2026-08-19T07:00:00Z,4,Nablus,4-1,11.78,16.041145833333335,1,True,11.08,15.864062499999998,1,True,9.42,15.622604166666669,1,True
2026-08-19T07:15:00Z,4,Nablus,4-1,11.92,16.016041666666666,1,True,10.42,15.831979166666665,1,True,9.35,15.6,1,True
2026-08-19T07:30:00Z,4,Nablus,4-1,11.69,15.9940625,1,True,10.29,15.801562500000001,1,True,8.92,15.575104166666668,1,True
2026-08-19T07:45:00Z,4,Nablus,4-1,11.91,15.96625,1,True,11.41,15.784479166666666,1,True,8.89,15.554375,1,True
2026-08-19T08:00:00Z,4,Nablus,4-1,12.92,15.954791666666665,1,True,11.64,15.769479166666668,1,True,8.7,15.531354166666667,1,True
2026-08-19T08:15:00Z,4,Nablus,4-1,12.07,15.939166666666667,1,True,11.98,15.753958333333332,1,True,8.21,15.463645833333333,1,True
2026-08-19T08:30:00Z,4,Nablus,4-1,12.42,15.917812499999998,1,True,11.69,15.7403125,1,True,8.38,15.412604166666666,1,True
2026-08-19T08:45:00Z,4,Nablus,4-1,10.71,15.8903125,1,True,11.33,15.726666666666668,1,True,9.09,15.336875000000001,1,True
2026-08-19T09:00:00Z,4,Nablus,4-1,11.08,15.864062499999998,1,True,11.04,15.709479166666668,1,True,9.14,15.291979166666666,1,True
2026-08-19T09:15:00Z,4,Nablus,4-1,10.42,15.831979166666665,1,True,10.51,15.688333333333334,1,True,9.19,15.2484375,1,True
2026-08-19T09:30:00Z,4,Nablus,4-1,10.29,15.801562500000001,1,True,11.39,15.681562499999998,1,True,8.62,15.188854166666667,1,True
2026-08-19T09:45:00Z,4,Nablus,4-1,11.41,15.784479166666666,1,True,9.41,15.64875,1,True,8.71,15.128645833333332,1,True
2026-08-19T10:00:00Z,4,Nablus,4-1,11.64,15.769479166666668,1,True,9.42,15.622604166666669,1,True,,,,False
2026-08-19T10:15:00Z,4,Nablus,4-1,11.98,15.753958333333332,1,True,9.35,15.6,1,True,9.62,15.044526315789474,1,True
2026-08-19T10:30:00Z,4,Nablus,4-1,11.69,15.7403125,1,True,8.92,15.575104166666668,1,True,9.23,14.945473684210528,0,True
2026-08-19T10:45:00Z,4,Nablus,4-1,11.33,15.726666666666668,1,True,8.89,15.554375,1,True,10.02,14.84642105263158,0,True
2026-08-19T11:00:00Z,4,Nablus,4-1,11.04,15.709479166666668,1,True,8.7,15.531354166666667,1,True,10.34,14.741368421052632,0,True
2026-08-19T11:15:00Z,4,Nablus,4-1,10.51,15.688333333333334,1,True,8.21,15.463645833333333,1,True,10.84,14.631473684210526,0,True
2026-08-19T11:30:00Z,4,Nablus,4-1,11.39,15.681562499999998,1,True,8.38,15.412604166666666,1,True,10.69,14.519684210526314,0,True
2026-08-19T11:45:00Z,4,Nablus,4-1,9.41,15.64875,1,True,9.09,15.336875000000001,1,True,10.76,14.409894736842103,0,True
2026-08-19T12:00:00Z,4,Nablus,4-1,9.42,15.622604166666669,1,True,9.14,15.291979166666666,1,True,10.92,14.298210526315788,0,True
2026-08-19T12:15:00Z,4,Nablus,4-1,9.35,15.6,1,True,9.19,15.2484375,1,True,11.89,14.18863157894737,0,True
2026-08-19T12:30:00Z,4,Nablus,4-1,8.92,15.575104166666668,1,True,8.62,15.188854166666667,1,True,11.76,14.08284210526316,0,True
2026-08-19T12:45:00Z,4,Nablus,4-1,8.89,15.554375,1,True,8.71,15.128645833333332,1,True,11.72,13.979368421052634,0,True
2026-08-19T13:00:00Z,4,Nablus,4-1,8.7,15.531354166666667,1,True,,,,False,12.15,13.87736842105263,0,True
2026-08-19T13:15:00Z,4,Nablus,4-1,8.21,15.463645833333333,1,True,9.62,15.044526315789474,1,True,11.58,13.768315789473682,0,True
2026-08-19T13:30:00Z,4,Nablus,4-1,8.38,15.412604166666666,1,True,9.23,14.945473684210528,0,True,11.1,13.650421052631579,0,True
2026-08-19T13:45:00Z,4,Nablus,4-1,9.09,15.336875000000001,1,True,10.02,14.84642105263158,0,True,11.12,13.546631578947366,0,True
2026-08-19T14:00:00Z,4,Nablus,4-1,9.14,15.291979166666666,1,True,10.34,14.741368421052632,0,True,10.59,13.448105263157897,0,True
2026-08-19T14:15:00Z,4,Nablus,4-1,9.19,15.2484375,1,True,10.84,14.631473684210526,0,True,11.26,13.358421052631579,0,True
2026-08-19T14:30:00Z,4,Nablus,4-1,8.62,15.188854166666667,1,True,10.69,14.519684210526314,0,True,11.58,13.269473684210526,0,True
2026-08-19T14:45:00Z,4,Nablus,4-1,8.71,15.128645833333332,1,True,10.76,14.409894736842103,0,True,11.44,13.18978947368421,0,True
2026-08-19T15:00:00Z,4,Nablus,4-1,,,,False,10.92,14.298210526315788,0,True,11.47,13.111263157894738,0,True
2026-08-19T15:15:00Z,4,Nablus,4-1,9.62,15.044526315789474,1,True,11.89,14.18863157894737,0,True,12.48,13.041157894736843,0,True
2026-08-19T15:30:00Z,4,Nablus,4-1,9.23,14.945473684210528,0,True,11.76,14.08284210526316,0,True,12.72,12.967684210526317,0,True
2026-08-19T15:45:00Z,4,Nablus,4-1,10.02,14.84642105263158,0,True,11.72,13.979368421052634,0,True,11.99,12.880315789473686,0,True
2026-08-19T16:15:00Z,4,Nablus,4-1,10.84,14.631473684210526,0,True,11.58,13.768315789473682,0,True,12.71,12.69315789473684,0,True
2026-08-19T16:30:00Z,4,Nablus,4-1,10.69,14.519684210526314,0,True,11.1,13.650421052631579,0,True,12.38,12.607157894736842,0,True
2026-08-19T16:45:00Z,4,Nablus,4-1,10.76,14.409894736842103,0,True,11.12,13.546631578947366,0,True,12.19,12.523263157894737,0,True
2026-08-19T17:00:00Z,4,Nablus,4-1,10.92,14.298210526315788,0,True,10.59,13.448105263157897,0,True,11.7,12.434421052631581,0,True
2026-08-19T17:15:00Z,4,Nablus,4-1,11.89,14.18863157894737,0,True,11.26,13.358421052631579,0,True,10.9,12.341052631578945,0,True
2026-08-19T17:30:00Z,4,Nablus,4-1,11.76,14.08284210526316,0,True,11.58,13.269473684210526,0,True,10.89,12.258947368421055,0,True
2026-08-19T17:45:00Z,4,Nablus,4-1,11.72,13.979368421052634,0,True,11.44,13.18978947368421,0,True,9.97,12.169894736842107,0,True
2026-08-19T18:00:00Z,4,Nablus,4-1,12.15,13.87736842105263,0,True,11.47,13.111263157894738,0,True,10.12,12.08536842105263,0,True
2026-08-19T18:15:00Z,4,Nablus,4-1,11.58,13.768315789473682,0,True,12.48,13.041157894736843,0,True,10.39,11.997052631578947,0,True
2026-08-19T18:30:00Z,4,Nablus,4-1,11.1,13.650421052631579,0,True,12.72,12.967684210526317,0,True,10.39,11.90715789473684,0,True
2026-08-19T18:45:00Z,4,Nablus,4-1,11.12,13.546631578947366,0,True,11.99,12.880315789473686,0,True,10.39,11.817368421052633,0,True
2026-08-19T19:00:00Z,4,Nablus,4-1,10.59,13.448105263157897,0,True,11.79,12.78957894736842,0,True,10.02,11.730000000000002,0,True
2026-08-19T19:15:00Z,4,Nablus,4-1,11.26,13.358421052631579,0,True,12.71,12.69315789473684,0,True,10.35,11.636631578947368,0,True
2026-08-19T19:30:00Z,4,Nablus,4-1,11.58,13.269473684210526,0,True,12.38,12.607157894736842,0,True,10.53,11.542315789473683,0,True
2026-08-19T19:45:00Z,4,Nablus,4-1,11.44,13.18978947368421,0,True,12.19,12.523263157894737,0,True,10.54,11.454,0,True
2026-08-19T20:00:00Z,4,Nablus,4-1,11.47,13.111263157894738,0,True,11.7,12.434421052631581,0,True,10.86,11.381684210526316,0,True
2026-08-19T20:15:00Z,4,Nablus,4-1,12.48,13.041157894736843,0,True,10.9,12.341052631578945,0,True,10.71,11.314,0,True
2026-08-19T20:30:00Z,4,Nablus,4-1,12.72,12.967684210526317,0,True,10.89,12.258947368421055,0,True,10.9,11.257368421052629,0,True
2026-08-19T20:45:00Z,4,Nablus,4-1,11.99,12.880315789473686,0,True,9.97,12.169894736842107,0,True,11.61,11.21021052631579,0,True
2026-08-19T21:00:00Z,4,Nablus,4-1,11.79,12.78957894736842,0,True,10.12,12.08536842105263,0,True,11.55,11.165684210526315,0,True
2026-08-19T21:15:00Z,4,Nablus,4-1,12.71,12.69315789473684,0,True,10.39,11.997052631578947,0,True,11.79,11.128947368421052,0,True
2026-08-19T21:30:00Z,4,Nablus,4-1,12.38,12.607157894736842,0,True,10.39,11.90715789473684,0,True,11.91,11.105368421052631,0,True
2026-08-19T21:45:00Z,4,Nablus,4-1,12.19,12.523263157894737,0,True,10.39,11.817368421052633,0,True,12.22,11.092105263157896,0,True
2026-08-19T22:00:00Z,4,Nablus,4-1,11.7,12.434421052631581,0,False,10.02,11.730000000000002,0,False,11.38,11.070526315789474,0,False
2026-08-19T22:15:00Z,4,Nablus,4-1,10.9,12.341052631578945,0,True,10.35,11.636631578947368,0,True,11.45,11.062105263157896,0,True
2026-08-19T22:30:00Z,4,Nablus,4-1,10.89,12.258947368421055,0,True,10.53,11.542315789473683,0,True,13.22,11.073368421052631,0,True
2026-08-19T22:45:00Z,4,Nablus,4-1,9.97,12.169894736842107,0,True,10.54,11.454,0,True,18.25,11.144631578947369,0,True
2026-08-19T23:00:00Z,4,Nablus,4-1,10.12,12.08536842105263,0,True,10.86,11.381684210526316,0,True,17.08,11.198842105263157,0,True
2026-08-19T23:15:00Z,4,Nablus,4-1,10.39,11.997052631578947,0,True,10.71,11.314,0,True,15.1,11.234526315789473,0,True
2026-08-19T23:30:00Z,4,Nablus,4-1,10.39,11.90715789473684,0,True,10.9,11.257368421052629,0,True,14.42,11.26715789473684,0,True
2026-08-19T23:45:00Z,4,Nablus,4-1,10.39,11.817368421052633,0,True,11.61,11.21021052631579,0,True,14.6,11.301368421052633,0,True
2026-08-20T00:00:00Z,4,Nablus,4-1,10.02,11.730000000000002,0,True,11.55,11.165684210526315,0,True,14.56,11.328105263157896,0,True
2026-08-20T00:15:00Z,4,Nablus,4-1,10.35,11.636631578947368,0,True,11.79,11.128947368421052,0,True,13.62,11.334315789473685,0,True
2026-08-20T00:30:00Z,4,Nablus,4-1,10.53,11.542315789473683,0,True,11.91,11.105368421052631,0,True,15.01,11.363368421052632,0,True
2026-08-20T00:45:00Z,4,Nablus,4-1,10.54,11.454,0,True,12.22,11.092105263157896,0,True,13.81,11.375894736842106,0,True
2026-08-20T01:00:00Z,4,Nablus,4-1,10.86,11.381684210526316,0,True,11.38,11.070526315789474,0,True,13.44,11.388842105263157,0,True
2026-08-20T01:15:00Z,4,Nablus,4-1,10.71,11.314,0,True,11.45,11.062105263157896,0,True,14.02,11.399052631578948,0,True
2026-08-20T01:30:00Z,4,Nablus,4-1,10.9,11.257368421052629,0,True,13.22,11.073368421052631,0,True,13.75,11.411894736842106,0,True
2026-08-20T01:45:00Z,4,Nablus,4-1,11.61,11.21021052631579,0,True,18.25,11.144631578947369,0,True,14.2,11.433894736842102,0,True
2026-08-20T02:00:00Z,4,Nablus,4-1,11.55,11.165684210526315,0,True,17.08,11.198842105263157,0,True,14.52,11.462736842105262,0,True
2026-08-20T02:15:00Z,4,Nablus,4-1,11.79,11.128947368421052,0,True,15.1,11.234526315789473,0,True,14.33,11.488105263157896,0,True
2026-08-20T02:30:00Z,4,Nablus,4-1,11.91,11.105368421052631,0,True,14.42,11.26715789473684,0,True,13.09,11.502842105263158,0,True
2026-08-20T02:45:00Z,4,Nablus,4-1,12.22,11.092105263157896,0,True,14.6,11.301368421052633,0,True,12.84,11.512631578947367,0,True
2026-08-20T03:00:00Z,4,Nablus,4-1,11.38,11.070526315789474,0,True,14.56,11.328105263157896,0,True,13.11,11.51463157894737,0,True
2026-08-20T03:15:00Z,4,Nablus,4-1,11.45,11.062105263157896,0,True,13.62,11.334315789473685,0,True,13.28,11.52736842105263,0,True
2026-08-20T03:30:00Z,4,Nablus,4-1,13.22,11.073368421052631,0,True,15.01,11.363368421052632,0,True,13.51,11.538842105263159,0,True
2026-08-20T03:45:00Z,4,Nablus,4-1,18.25,11.144631578947369,0,True,13.81,11.375894736842106,0,True,13.59,11.569157894736842,0,True
2026-08-20T04:00:00Z,4,Nablus,4-1,17.08,11.198842105263157,0,True,13.44,11.388842105263157,0,True,12.32,11.582210526315789,0,True
2026-08-20T04:15:00Z,4,Nablus,4-1,15.1,11.234526315789473,0,True,14.02,11.399052631578948,0,True,12.63,11.605473684210526,0,True
2026-08-20T04:30:00Z,4,Nablus,4-1,14.42,11.26715789473684,0,True,13.75,11.411894736842106,0,True,13.18,11.635894736842106,0,True
2026-08-20T04:45:00Z,4,Nablus,4-1,14.6,11.301368421052633,0,True,14.2,11.433894736842102,0,True,13.16,11.654315789473685,0,True
2026-08-20T05:00:00Z,4,Nablus,4-1,14.56,11.328105263157896,0,True,14.52,11.462736842105262,0,True,13.63,11.675263157894735,0,True
2026-08-20T05:15:00Z,4,Nablus,4-1,13.62,11.334315789473685,0,True,14.33,11.488105263157896,0,True,13.11,11.687157894736844,0,True
2026-08-20T05:30:00Z,4,Nablus,4-1,15.01,11.363368421052632,0,True,13.09,11.502842105263158,0,True,13.65,11.70778947368421,0,True
2026-08-20T05:45:00Z,4,Nablus,4-1,13.81,11.375894736842106,0,True,12.84,11.512631578947367,0,True,13.57,11.731368421052629,0,True
2026-08-20T06:00:00Z,4,Nablus,4-1,13.44,11.388842105263157,0,True,13.11,11.51463157894737,0,True,13.51,11.757368421052629,0,True
2026-08-20T06:15:00Z,4,Nablus,4-1,14.02,11.399052631578948,0,True,13.28,11.52736842105263,0,True,13.51,11.788947368421054,0,True
2026-08-20T06:30:00Z,4,Nablus,4-1,13.75,11.411894736842106,0,True,13.51,11.538842105263159,0,True,13.31,11.809157894736844,0,True
2026-08-20T06:45:00Z,4,Nablus,4-1,14.2,11.433894736842102,0,True,13.59,11.569157894736842,0,True,13.16,11.848631578947368,0,True
2026-08-20T07:00:00Z,4,Nablus,4-1,14.52,11.462736842105262,0,True,12.32,11.582210526315789,0,True,12.58,11.881894736842105,0,True
2026-08-20T07:15:00Z,4,Nablus,4-1,14.33,11.488105263157896,0,True,12.63,11.605473684210526,0,True,12.35,11.913473684210526,0,True
2026-08-20T07:30:00Z,4,Nablus,4-1,13.09,11.502842105263158,0,True,13.18,11.635894736842106,0,True,12.13,11.947263157894737,0,True
2026-08-20T07:45:00Z,4,Nablus,4-1,12.84,11.512631578947367,0,True,13.16,11.654315789473685,0,True,12.58,11.986105263157896,0,True
2026-08-20T08:00:00Z,4,Nablus,4-1,13.11,11.51463157894737,0,True,13.63,11.675263157894735,0,True,11.69,12.017578947368422,0,True
2026-08-20T08:15:00Z,4,Nablus,4-1,13.28,11.52736842105263,0,True,13.11,11.687157894736844,0,True,11.8,12.05536842105263,0,True
2026-08-20T08:30:00Z,4,Nablus,4-1,13.51,11.538842105263159,0,True,13.65,11.70778947368421,0,True,11.77,12.091052631578949,0,True
2026-08-20T08:45:00Z,4,Nablus,4-1,13.59,11.569157894736842,0,True,13.57,11.731368421052629,0,True,11.43,12.115684210526316,0,True
2026-08-20T09:00:00Z,4,Nablus,4-1,12.32,11.582210526315789,0,True,13.51,11.757368421052629,0,True,11.53,12.14084210526316,0,True
2026-08-20T09:15:00Z,4,Nablus,4-1,12.63,11.605473684210526,0,True,13.51,11.788947368421054,0,True,12.12,12.171684210526315,0,True
2026-08-20T09:30:00Z,4,Nablus,4-1,13.18,11.635894736842106,0,True,13.31,11.809157894736844,0,True,12.26,12.209999999999997,0,True
2026-08-20T09:45:00Z,4,Nablus,4-1,13.16,11.654315789473685,0,True,13.16,11.848631578947368,0,True,12.75,12.252526315789474,0,True
2026-08-20T10:00:00Z,4,Nablus,4-1,13.63,11.675263157894735,0,True,12.58,11.881894736842105,0,True,14.54,12.27635416666667,0,True
2026-08-20T10:15:00Z,4,Nablus,4-1,13.11,11.687157894736844,0,True,12.35,11.913473684210526,0,True,14.99,12.332291666666665,0,True
2026-08-20T10:30:00Z,4,Nablus,4-1,13.65,11.70778947368421,0,True,12.13,11.947263157894737,0,True,15.98,12.402604166666665,0,True
2026-08-20T10:45:00Z,4,Nablus,4-1,13.57,11.731368421052629,0,True,12.58,11.986105263157896,0,True,16.73,12.472499999999998,0,True
2026-08-20T11:00:00Z,4,Nablus,4-1,13.51,11.757368421052629,0,True,11.69,12.017578947368422,0,True,18.69,12.559479166666668,0,True
2026-08-20T11:15:00Z,4,Nablus,4-1,13.51,11.788947368421054,0,True,11.8,12.05536842105263,0,True,19.09,12.645416666666664,0,True
2026-08-20T11:30:00Z,4,Nablus,4-1,13.31,11.809157894736844,0,True,11.77,12.091052631578949,0,True,19.8,12.740312500000002,0,True
2026-08-20T11:45:00Z,4,Nablus,4-1,13.16,11.848631578947368,0,True,11.43,12.115684210526316,0,True,20.66,12.8434375,0,True
2026-08-20T12:00:00Z,4,Nablus,4-1,12.58,11.881894736842105,0,True,11.53,12.14084210526316,0,True,21.73,12.956041666666666,0,True
2026-08-20T12:15:00Z,4,Nablus,4-1,12.35,11.913473684210526,0,True,12.12,12.171684210526315,0,True,21.76,13.058854166666665,0,True
2026-08-20T12:30:00Z,4,Nablus,4-1,12.13,11.947263157894737,0,True,12.26,12.209999999999997,0,True,23.82,13.184479166666668,0,True
2026-08-20T12:45:00Z,4,Nablus,4-1,12.58,11.986105263157896,0,True,12.75,12.252526315789474,0,True,26.35,13.336875,0,True
2026-08-20T13:00:00Z,4,Nablus,4-1,11.69,12.017578947368422,0,True,14.54,12.27635416666667,0,True,28.58,13.508020833333333,0,True
2026-08-20T13:15:00Z,4,Nablus,4-1,11.8,12.05536842105263,0,True,14.99,12.332291666666665,0,True,31.82,13.718854166666668,0,True
2026-08-20T13:30:00Z,4,Nablus,4-1,11.77,12.091052631578949,0,True,15.98,12.402604166666665,0,True,35.27,13.970625,0,True
2026-08-20T13:45:00Z,4,Nablus,4-1,11.43,12.115684210526316,0,True,16.73,12.472499999999998,0,True,37.48,14.245208333333336,0,True
2026-08-20T14:00:00Z,4,Nablus,4-1,11.53,12.14084210526316,0,True,18.69,12.559479166666668,0,True,36.42,14.514270833333333,0,True
2026-08-20T14:15:00Z,4,Nablus,4-1,12.12,12.171684210526315,0,True,19.09,12.645416666666664,0,True,32.71,14.737708333333332,0,True
2026-08-20T14:30:00Z,4,Nablus,4-1,12.26,12.209999999999997,0,True,19.8,12.740312500000002,0,True,26.62,14.894375000000002,0,True
2026-08-20T14:45:00Z,4,Nablus,4-1,12.75,12.252526315789474,0,True,20.66,12.8434375,0,True,26.05,15.0465625,1,True
2026-08-20T15:00:00Z,4,Nablus,4-1,14.54,12.27635416666667,0,True,21.73,12.956041666666666,0,True,25.39,15.191562499999998,1,True
2026-08-20T15:15:00Z,4,Nablus,4-1,14.99,12.332291666666665,0,True,21.76,13.058854166666665,0,True,24.97,15.321666666666665,1,True
2026-08-20T15:30:00Z,4,Nablus,4-1,15.98,12.402604166666665,0,True,23.82,13.184479166666668,0,True,23.07,15.429479166666665,1,True
2026-08-20T15:45:00Z,4,Nablus,4-1,16.73,12.472499999999998,0,True,26.35,13.336875,0,True,22.16,15.535416666666665,1,True
2026-08-20T16:00:00Z,4,Nablus,4-1,18.69,12.559479166666668,0,True,28.58,13.508020833333333,0,True,23.51,15.657499999999999,1,True
2026-08-20T16:15:00Z,4,Nablus,4-1,19.09,12.645416666666664,0,True,31.82,13.718854166666668,0,True,24.78,15.783229166666665,1,True
2026-08-20T16:30:00Z,4,Nablus,4-1,19.8,12.740312500000002,0,True,35.27,13.970625,0,True,22.96,15.8934375,1,True
2026-08-20T16:45:00Z,4,Nablus,4-1,20.66,12.8434375,0,True,37.48,14.245208333333336,0,True,24.54,16.02208333333333,1,True
2026-08-20T17:00:00Z,4,Nablus,4-1,21.73,12.956041666666666,0,True,36.42,14.514270833333333,0,True,51.6,16.437708333333333,1,True
2026-08-20T17:15:00Z,4,Nablus,4-1,21.76,13.058854166666665,0,True,32.71,14.737708333333332,0,True,35.08,16.689583333333335,1,True
2026-08-20T17:30:00Z,4,Nablus,4-1,23.82,13.184479166666668,0,True,26.62,14.894375000000002,0,True,35.31,16.94395833333333,1,True
2026-08-20T17:45:00Z,4,Nablus,4-1,26.35,13.336875,0,True,26.05,15.0465625,1,True,35.4,17.208854166666665,1,True
2026-08-20T18:00:00Z,4,Nablus,4-1,28.58,13.508020833333333,0,True,25.39,15.191562499999998,1,True,32.54,17.442395833333332,1,True
2026-08-20T18:15:00Z,4,Nablus,4-1,31.82,13.718854166666668,0,True,24.97,15.321666666666665,1,True,33.06,17.678541666666664,1,True
2026-08-20T18:30:00Z,4,Nablus,4-1,35.27,13.970625,0,True,23.07,15.429479166666665,1,True,31.51,17.898541666666667,1,True
2026-08-20T18:45:00Z,4,Nablus,4-1,37.48,14.245208333333336,0,True,22.16,15.535416666666665,1,True,33.51,18.139374999999998,1,True
2026-08-20T19:00:00Z,4,Nablus,4-1,36.42,14.514270833333333,0,True,23.51,15.657499999999999,1,True,32.76,18.37625,1,True
2026-08-20T19:15:00Z,4,Nablus,4-1,32.71,14.737708333333332,0,True,24.78,15.783229166666665,1,True,30.15,18.5825,1,True
2026-08-20T19:30:00Z,4,Nablus,4-1,26.62,14.894375000000002,0,True,22.96,15.8934375,1,True,30.35,18.788958333333333,1,True
2026-08-20T19:45:00Z,4,Nablus,4-1,26.05,15.0465625,1,True,24.54,16.02208333333333,1,True,29.68,18.988333333333333,1,True
2026-08-20T20:00:00Z,4,Nablus,4-1,25.39,15.191562499999998,1,True,51.6,16.437708333333333,1,True,28.79,19.175104166666667,1,True
2026-08-20T20:15:00Z,4,Nablus,4-1,24.97,15.321666666666665,1,True,35.08,16.689583333333335,1,True,34.71,19.425104166666667,1,True
2026-08-20T20:30:00Z,4,Nablus,4-1,23.07,15.429479166666665,1,True,35.31,16.94395833333333,1,True,36.46,19.691354166666667,1,True
2026-08-20T20:45:00Z,4,Nablus,4-1,22.16,15.535416666666665,1,True,35.4,17.208854166666665,1,True,35.31,19.938229166666666,1,True
2026-08-20T21:00:00Z,4,Nablus,4-1,23.51,15.657499999999999,1,True,32.54,17.442395833333332,1,True,33.41,20.165937500000002,1,True
2026-08-20T21:15:00Z,4,Nablus,4-1,24.78,15.783229166666665,1,True,33.06,17.678541666666664,1,True,32.6,20.382708333333333,1,True
2026-08-20T21:30:00Z,4,Nablus,4-1,22.96,15.8934375,1,True,31.51,17.898541666666667,1,True,30.38,20.575104166666666,1,True
2026-08-20T21:45:00Z,4,Nablus,4-1,24.54,16.02208333333333,1,True,33.51,18.139374999999998,1,True,26.36,20.722395833333334,1,True
2026-08-20T22:00:00Z,4,Nablus,4-1,51.6,16.437708333333333,1,True,32.76,18.37625,1,True,24.49,20.858958333333334,1,True
2026-08-20T22:15:00Z,4,Nablus,4-1,35.08,16.689583333333335,1,True,30.15,18.5825,1,True,24.75,20.9975,1,True
2026-08-20T22:30:00Z,4,Nablus,4-1,35.31,16.94395833333333,1,True,30.35,18.788958333333333,1,True,24.4,21.113958333333333,1,True
2026-08-20T22:45:00Z,4,Nablus,4-1,35.4,17.208854166666665,1,True,29.68,18.988333333333333,1,True,21.75,21.15041666666667,1,True
2026-08-20T23:00:00Z,4,Nablus,4-1,32.54,17.442395833333332,1,True,28.79,19.175104166666667,1,True,21.27,21.1940625,1,True
2026-08-20T23:15:00Z,4,Nablus,4-1,33.06,17.678541666666664,1,True,34.71,19.425104166666667,1,True,21.1,21.256562499999998,1,True
2026-08-20T23:30:00Z,4,Nablus,4-1,31.51,17.898541666666667,1,True,36.46,19.691354166666667,1,True,23.67,21.35291666666667,1,True
2026-08-20T23:45:00Z,4,Nablus,4-1,33.51,18.139374999999998,1,True,35.31,19.938229166666666,1,True,23.91,21.449895833333333,1,True
2026-08-21T00:00:00Z,4,Nablus,4-1,32.76,18.37625,1,True,33.41,20.165937500000002,1,True,23.84,21.546562499999997,1,True
2026-08-21T00:15:00Z,4,Nablus,4-1,30.15,18.5825,1,True,32.6,20.382708333333333,1,True,24.09,21.655625,1,True
2026-08-21T00:30:00Z,4,Nablus,4-1,30.35,18.788958333333333,1,True,30.38,20.575104166666666,1,True,22.63,21.735,1,True
2026-08-21T00:45:00Z,4,Nablus,4-1,29.68,18.988333333333333,1,True,26.36,20.722395833333334,1,True,21.89,21.819166666666664,1,True
2026-08-21T01:00:00Z,4,Nablus,4-1,28.79,19.175104166666667,1,True,24.49,20.858958333333334,1,True,21.6,21.904166666666665,1,True
2026-08-21T01:15:00Z,4,Nablus,4-1,34.71,19.425104166666667,1,True,24.75,20.9975,1,True,21.69,21.984062499999997,1,True
2026-08-21T01:30:00Z,4,Nablus,4-1,36.46,19.691354166666667,1,True,24.4,21.113958333333333,1,True,22.03,22.0703125,1,True
2026-08-21T01:45:00Z,4,Nablus,4-1,35.31,19.938229166666666,1,True,21.75,21.15041666666667,1,True,21.33,22.144583333333333,1,True
2026-08-21T02:00:00Z,4,Nablus,4-1,33.41,20.165937500000002,1,True,21.27,21.1940625,1,True,21.38,22.21604166666667,1,True
2026-08-21T02:15:00Z,4,Nablus,4-1,32.6,20.382708333333333,1,True,21.1,21.256562499999998,1,True,20.66,22.28197916666667,1,True
2026-08-21T02:30:00Z,4,Nablus,4-1,30.38,20.575104166666666,1,True,23.67,21.35291666666667,1,True,19.18,22.345416666666665,1,True
2026-08-21T02:45:00Z,4,Nablus,4-1,26.36,20.722395833333334,1,True,23.91,21.449895833333333,1,True,18.34,22.402708333333333,1,True
2026-08-21T03:00:00Z,4,Nablus,4-1,24.49,20.858958333333334,1,True,23.84,21.546562499999997,1,True,18.4,22.457812500000003,1,True
2026-08-21T03:15:00Z,4,Nablus,4-1,24.75,20.9975,1,True,24.09,21.655625,1,True,17.98,22.506770833333334,1,True
2026-08-21T03:30:00Z,4,Nablus,4-1,24.4,21.113958333333333,1,True,22.63,21.735,1,True,16.73,22.5403125,1,True
2026-08-21T03:45:00Z,4,Nablus,4-1,21.75,21.15041666666667,1,True,21.89,21.819166666666664,1,True,16.64,22.572083333333335,1,True
2026-08-21T04:00:00Z,4,Nablus,4-1,21.27,21.1940625,1,True,21.6,21.904166666666665,1,True,16.67,22.617395833333333,1,True
2026-08-21T04:15:00Z,4,Nablus,4-1,21.1,21.256562499999998,1,True,21.69,21.984062499999997,1,True,17.1,22.66395833333333,1,True
2026-08-21T04:30:00Z,4,Nablus,4-1,23.67,21.35291666666667,1,True,22.03,22.0703125,1,True,17.73,22.711354166666666,1,True
2026-08-21T04:45:00Z,4,Nablus,4-1,23.91,21.449895833333333,1,True,21.33,22.144583333333333,1,True,18.84,22.770520833333336,1,True
2026-08-21T05:00:00Z,4,Nablus,4-1,23.84,21.546562499999997,1,True,21.38,22.21604166666667,1,True,18.49,22.821145833333333,1,True
2026-08-21T05:15:00Z,4,Nablus,4-1,24.09,21.655625,1,True,20.66,22.28197916666667,1,True,17.62,22.868124999999996,1,True
2026-08-21T05:30:00Z,4,Nablus,4-1,22.63,21.735,1,True,19.18,22.345416666666665,1,True,16.79,22.900833333333335,1,True
2026-08-21T05:45:00Z,4,Nablus,4-1,21.89,21.819166666666664,1,True,18.34,22.402708333333333,1,True,16.28,22.9290625,1,True
2026-08-21T06:00:00Z,4,Nablus,4-1,21.6,21.904166666666665,1,True,18.4,22.457812500000003,1,True,15.33,22.94802083333333,1,True
2026-08-21T06:15:00Z,4,Nablus,4-1,21.69,21.984062499999997,1,True,17.98,22.506770833333334,1,True,15.3,22.96666666666667,1,True
2026-08-21T06:30:00Z,4,Nablus,4-1,22.03,22.0703125,1,True,16.73,22.5403125,1,True,14.72,22.981354166666666,1,True
2026-08-21T06:45:00Z,4,Nablus,4-1,21.33,22.144583333333333,1,True,16.64,22.572083333333335,1,True,14.04,22.99052083333333,1,True
2026-08-21T07:00:00Z,4,Nablus,4-1,21.38,22.21604166666667,1,True,16.67,22.617395833333333,1,True,13.75,23.00270833333333,1,True
2026-08-21T07:15:00Z,4,Nablus,4-1,20.66,22.28197916666667,1,True,17.1,22.66395833333333,1,True,13.41,23.01375,1,True
2026-08-21T07:30:00Z,4,Nablus,4-1,19.18,22.345416666666665,1,True,17.73,22.711354166666666,1,True,13.41,23.027083333333334,1,True
2026-08-21T07:45:00Z,4,Nablus,4-1,18.34,22.402708333333333,1,True,18.84,22.770520833333336,1,True,13.57,23.037395833333335,1,True
2026-08-21T08:00:00Z,4,Nablus,4-1,18.4,22.457812500000003,1,True,18.49,22.821145833333333,1,True,13.53,23.0565625,1,True
2026-08-21T08:15:00Z,4,Nablus,4-1,17.98,22.506770833333334,1,True,17.62,22.868124999999996,1,True,13.39,23.073125000000005,1,True
2026-08-21T08:30:00Z,4,Nablus,4-1,16.73,22.5403125,1,True,16.79,22.900833333333335,1,True,13.83,23.094583333333333,1,True
2026-08-21T08:45:00Z,4,Nablus,4-1,16.64,22.572083333333335,1,True,16.28,22.9290625,1,True,14.19,23.123333333333335,1,True
2026-08-21T09:00:00Z,4,Nablus,4-1,16.67,22.617395833333333,1,True,15.33,22.94802083333333,1,True,14.13,23.15041666666667,1,True
2026-08-21T09:15:00Z,4,Nablus,4-1,17.1,22.66395833333333,1,True,15.3,22.96666666666667,1,True,,,,False
2026-08-21T09:30:00Z,4,Nablus,4-1,17.73,22.711354166666666,1,True,14.72,22.981354166666666,1,True,16.4,23.310105263157894,1,True
2026-08-21T09:45:00Z,4,Nablus,4-1,18.84,22.770520833333336,1,True,14.04,22.99052083333333,1,True,16.17,23.346105263157895,1,True
2026-08-21T10:00:00Z,4,Nablus,4-1,18.49,22.821145833333333,1,True,13.75,23.00270833333333,1,True,16.95,23.371473684210525,1,True
2026-08-21T10:15:00Z,4,Nablus,4-1,17.62,22.868124999999996,1,True,13.41,23.01375,1,True,18.09,23.404105263157895,1,True
2026-08-21T10:30:00Z,4,Nablus,4-1,16.79,22.900833333333335,1,True,13.41,23.027083333333334,1,True,18.9,23.434842105263158,1,True
2026-08-21T10:45:00Z,4,Nablus,4-1,16.28,22.9290625,1,True,13.57,23.037395833333335,1,True,20.78,23.477473684210523,1,True
2026-08-21T11:00:00Z,4,Nablus,4-1,15.33,22.94802083333333,1,True,13.53,23.0565625,1,True,21.33,23.50526315789474,1,True
2026-08-21T11:15:00Z,4,Nablus,4-1,15.3,22.96666666666667,1,True,13.39,23.073125000000005,1,True,21.27,23.528210526315792,1,True
2026-08-21T11:30:00Z,4,Nablus,4-1,14.72,22.981354166666666,1,True,13.83,23.094583333333333,1,True,22.57,23.55736842105263,1,True
2026-08-21T11:45:00Z,4,Nablus,4-1,14.04,22.99052083333333,1,True,14.19,23.123333333333335,1,True,23.43,23.586526315789477,1,True
2026-08-21T12:00:00Z,4,Nablus,4-1,13.75,23.00270833333333,1,True,14.13,23.15041666666667,1,True,24.31,23.61368421052632,1,True
2026-08-21T12:15:00Z,4,Nablus,4-1,13.41,23.01375,1,True,,,,False,24.71,23.644736842105264,1,True
2026-08-21T12:30:00Z,4,Nablus,4-1,13.41,23.027083333333334,1,True,16.4,23.310105263157894,1,True,25.34,23.660736842105262,1,True
2026-08-21T12:45:00Z,4,Nablus,4-1,13.57,23.037395833333335,1,True,16.17,23.346105263157895,1,True,26.75,23.664947368421053,1,True
2026-08-21T13:00:00Z,4,Nablus,4-1,13.53,23.0565625,1,True,16.95,23.371473684210525,1,True,26.83,23.64652631578947,1,True
2026-08-21T13:15:00Z,4,Nablus,4-1,13.39,23.073125000000005,1,True,18.09,23.404105263157895,1,True,27.74,23.603578947368423,1,True
2026-08-21T13:30:00Z,4,Nablus,4-1,13.83,23.094583333333333,1,True,18.9,23.434842105263158,1,True,29.47,23.542526315789473,1,True
2026-08-21T13:45:00Z,4,Nablus,4-1,14.19,23.123333333333335,1,True,20.78,23.477473684210523,1,True,31.02,23.474526315789472,1,True
2026-08-21T14:00:00Z,4,Nablus,4-1,14.13,23.15041666666667,1,True,21.33,23.50526315789474,1,True,31.0,23.417473684210524,1,True
2026-08-21T14:15:00Z,4,Nablus,4-1,,,,False,21.27,23.528210526315792,1,True,31.44,23.404105263157895,1,True
2026-08-21T14:30:00Z,4,Nablus,4-1,16.4,23.310105263157894,1,True,22.57,23.55736842105263,1,True,31.98,23.460526315789473,1,True
2026-08-21T14:45:00Z,4,Nablus,4-1,16.17,23.346105263157895,1,True,23.43,23.586526315789477,1,True,33.29,23.53673684210526,1,True
2026-08-21T15:00:00Z,4,Nablus,4-1,16.95,23.371473684210525,1,True,24.31,23.61368421052632,1,True,33.35,23.620526315789476,1,True
2026-08-21T15:30:00Z,4,Nablus,4-1,18.9,23.434842105263158,1,True,25.34,23.660736842105262,1,True,34.56,23.829894736842107,1,True
2026-08-21T15:45:00Z,4,Nablus,4-1,20.78,23.477473684210523,1,True,26.75,23.664947368421053,1,True,35.59,23.971263157894736,1,True
2026-08-21T16:00:00Z,4,Nablus,4-1,21.33,23.50526315789474,1,True,26.83,23.64652631578947,1,True,36.27,24.10557894736842,1,True
2026-08-21T16:15:00Z,4,Nablus,4-1,21.27,23.528210526315792,1,True,27.74,23.603578947368423,1,True,36.62,24.230210526315787,1,True
2026-08-21T16:30:00Z,4,Nablus,4-1,22.57,23.55736842105263,1,True,29.47,23.542526315789473,1,True,36.6,24.37378947368421,1,True
2026-08-21T16:45:00Z,4,Nablus,4-1,23.43,23.586526315789477,1,True,31.02,23.474526315789472,1,True,36.51,24.49978947368421,1,True
2026-08-21T17:00:00Z,4,Nablus,4-1,24.31,23.61368421052632,1,True,31.0,23.417473684210524,1,True,37.01,24.346210526315787,1,True
2026-08-21T17:15:00Z,4,Nablus,4-1,24.71,23.644736842105264,1,True,31.44,23.404105263157895,1,True,37.99,24.376842105263158,1,True
2026-08-21T17:30:00Z,4,Nablus,4-1,25.34,23.660736842105262,1,True,31.98,23.460526315789473,1,True,36.31,24.387368421052635,1,True
2026-08-21T17:45:00Z,4,Nablus,4-1,26.75,23.664947368421053,1,True,33.29,23.53673684210526,1,True,33.08,24.362947368421054,1,True
2026-08-21T18:00:00Z,4,Nablus,4-1,26.83,23.64652631578947,1,True,33.35,23.620526315789476,1,True,30.88,24.34547368421053,1,True
2026-08-21T18:15:00Z,4,Nablus,4-1,27.74,23.603578947368423,1,True,33.37,23.70894736842105,1,True,31.41,24.328105263157894,1,True
2026-08-21T18:30:00Z,4,Nablus,4-1,29.47,23.542526315789473,1,True,34.56,23.829894736842107,1,True,31.58,24.328842105263156,1,True
2026-08-21T18:45:00Z,4,Nablus,4-1,31.02,23.474526315789472,1,True,35.59,23.971263157894736,1,True,31.52,24.307894736842105,1,True
2026-08-21T19:00:00Z,4,Nablus,4-1,31.0,23.417473684210524,1,True,36.27,24.10557894736842,1,True,32.7,24.307263157894738,1,True
2026-08-21T19:15:00Z,4,Nablus,4-1,31.44,23.404105263157895,1,True,36.62,24.230210526315787,1,True,32.69,24.334,1,True
2026-08-21T19:30:00Z,4,Nablus,4-1,31.98,23.460526315789473,1,True,36.6,24.37378947368421,1,True,32.38,24.355368421052628,1,True
2026-08-21T19:45:00Z,4,Nablus,4-1,33.29,23.53673684210526,1,True,36.51,24.49978947368421,1,True,31.54,24.37494736842105,1,True
2026-08-21T20:00:00Z,4,Nablus,4-1,33.35,23.620526315789476,1,True,37.01,24.346210526315787,1,True,32.26,24.411473684210527,1,True
2026-08-21T20:15:00Z,4,Nablus,4-1,33.37,23.70894736842105,1,True,37.99,24.376842105263158,1,True,31.27,24.37526315789474,1,True
2026-08-21T20:30:00Z,4,Nablus,4-1,34.56,23.829894736842107,1,True,36.31,24.387368421052635,1,True,30.81,24.31578947368421,1,True
2026-08-21T20:45:00Z,4,Nablus,4-1,35.59,23.971263157894736,1,True,33.08,24.362947368421054,1,True,31.83,24.27915789473684,1,True
2026-08-21T21:00:00Z,4,Nablus,4-1,36.27,24.10557894736842,1,True,30.88,24.34547368421053,1,True,32.1,24.26536842105263,1,True
2026-08-21T21:15:00Z,4,Nablus,4-1,36.62,24.230210526315787,1,False,31.41,24.328105263157894,1,False,32.18,24.260947368421053,1,False
2026-08-21T21:30:00Z,4,Nablus,4-1,36.6,24.37378947368421,1,True,31.58,24.328842105263156,1,True,32.07,24.278736842105264,1,True
2026-08-21T21:45:00Z,4,Nablus,4-1,36.51,24.49978947368421,1,True,31.52,24.307894736842105,1,True,30.85,24.326000000000004,1,True
2026-08-21T22:00:00Z,4,Nablus,4-1,37.01,24.346210526315787,1,True,32.7,24.307263157894738,1,True,31.88,24.403789473684206,1,True
2026-08-21T22:15:00Z,4,Nablus,4-1,37.99,24.376842105263158,1,True,32.69,24.334,1,True,31.25,24.472210526315784,1,True
2026-08-21T22:30:00Z,4,Nablus,4-1,36.31,24.387368421052635,1,True,32.38,24.355368421052628,1,True,30.57,24.537157894736843,1,True
2026-08-21T22:45:00Z,4,Nablus,4-1,33.08,24.362947368421054,1,True,31.54,24.37494736842105,1,True,29.26,24.61621052631579,1,True
2026-08-21T23:00:00Z,4,Nablus,4-1,30.88,24.34547368421053,1,True,32.26,24.411473684210527,1,True,28.48,24.692105263157895,1,True
2026-08-21T23:15:00Z,4,Nablus,4-1,31.41,24.328105263157894,1,True,31.27,24.37526315789474,1,True,26.55,24.749473684210525,1,True
2026-08-21T23:30:00Z,4,Nablus,4-1,31.58,24.328842105263156,1,True,30.81,24.31578947368421,1,True,24.75,24.76084210526316,1,True
2026-08-21T23:45:00Z,4,Nablus,4-1,31.52,24.307894736842105,1,True,31.83,24.27915789473684,1,True,22.92,24.75042105263158,1,True
2026-08-22T00:00:00Z,4,Nablus,4-1,32.7,24.307263157894738,1,True,32.1,24.26536842105263,1,True,22.38,24.735052631578952,1,True
2026-08-22T00:15:00Z,4,Nablus,4-1,32.69,24.334,1,True,32.18,24.260947368421053,1,True,21.83,24.711263157894738,1,True
2026-08-22T00:30:00Z,4,Nablus,4-1,32.38,24.355368421052628,1,True,32.07,24.278736842105264,1,True,21.15,24.695684210526316,1,True
2026-08-22T00:45:00Z,4,Nablus,4-1,31.54,24.37494736842105,1,True,30.85,24.326000000000004,1,True,19.4,24.669473684210526,1,True
2026-08-22T01:00:00Z,4,Nablus,4-1,32.26,24.411473684210527,1,True,31.88,24.403789473684206,1,True,20.44,24.657263157894736,1,True
2026-08-22T01:15:00Z,4,Nablus,4-1,31.27,24.37526315789474,1,True,31.25,24.472210526315784,1,True,18.65,24.62526315789474,1,True
2026-08-22T01:30:00Z,4,Nablus,4-1,30.81,24.31578947368421,1,True,30.57,24.537157894736843,1,True,16.91,24.57136842105263,1,True
2026-08-22T01:45:00Z,4,Nablus,4-1,31.83,24.27915789473684,1,True,29.26,24.61621052631579,1,True,17.78,24.534,1,True
2026-08-22T02:00:00Z,4,Nablus,4-1,32.1,24.26536842105263,1,True,28.48,24.692105263157895,1,True,17.51,24.493263157894734,1,True
2026-08-22T02:15:00Z,4,Nablus,4-1,32.18,24.260947368421053,1,True,26.55,24.749473684210525,1,True,16.4,24.448421052631577,1,True
2026-08-22T02:30:00Z,4,Nablus,4-1,32.07,24.278736842105264,1,True,24.75,24.76084210526316,1,True,16.71,24.42242105263158,1,True
2026-08-22T02:45:00Z,4,Nablus,4-1,30.85,24.326000000000004,1,True,22.92,24.75042105263158,1,True,17.35,24.412,1,True
2026-08-22T03:00:00Z,4,Nablus,4-1,31.88,24.403789473684206,1,True,22.38,24.735052631578952,1,True,16.67,24.39378947368421,1,True
2026-08-22T03:15:00Z,4,Nablus,4-1,31.25,24.472210526315784,1,True,21.83,24.711263157894738,1,True,17.11,24.384631578947367,1,True
2026-08-22T03:30:00Z,4,Nablus,4-1,30.57,24.537157894736843,1,True,21.15,24.695684210526316,1,True,17.02,24.387684210526317,1,True
2026-08-22T03:45:00Z,4,Nablus,4-1,29.26,24.61621052631579,1,True,19.4,24.669473684210526,1,True,17.71,24.398947368421055,1,True
2026-08-22T04:00:00Z,4,Nablus,4-1,28.48,24.692105263157895,1,True,20.44,24.657263157894736,1,True,17.88,24.411684210526317,1,True
2026-08-22T04:15:00Z,4,Nablus,4-1,26.55,24.749473684210525,1,True,18.65,24.62526315789474,1,True,18.02,24.421368421052634,1,True
2026-08-22T04:30:00Z,4,Nablus,4-1,24.75,24.76084210526316,1,True,16.91,24.57136842105263,1,True,17.71,24.421157894736844,1,True
2026-08-22T04:45:00Z,4,Nablus,4-1,22.92,24.75042105263158,1,True,17.78,24.534,1,True,17.38,24.40578947368421,1,True
2026-08-22T05:00:00Z,4,Nablus,4-1,22.38,24.735052631578952,1,True,17.51,24.493263157894734,1,True,17.12,24.391368421052636,1,True
2026-08-22T05:15:00Z,4,Nablus,4-1,21.83,24.711263157894738,1,True,16.4,24.448421052631577,1,True,16.94,24.38421052631579,1,True
2026-08-22T05:30:00Z,4,Nablus,4-1,21.15,24.695684210526316,1,True,16.71,24.42242105263158,1,True,16.68,24.383052631578945,1,True
2026-08-22T05:45:00Z,4,Nablus,4-1,19.4,24.669473684210526,1,True,17.35,24.412,1,True,16.23,24.382526315789477,1,True
2026-08-22T06:00:00Z,4,Nablus,4-1,20.44,24.657263157894736,1,True,16.67,24.39378947368421,1,True,16.06,24.39021052631579,1,True
2026-08-22T06:15:00Z,4,Nablus,4-1,18.65,24.62526315789474,1,True,17.11,24.384631578947367,1,True,16.35,24.401263157894736,1,True
2026-08-22T06:30:00Z,4,Nablus,4-1,16.91,24.57136842105263,1,True,17.02,24.387684210526317,1,True,16.59,24.420947368421054,1,True
2026-08-22T06:45:00Z,4,Nablus,4-1,17.78,24.534,1,True,17.71,24.398947368421055,1,True,16.19,24.443578947368426,1,True
2026-08-22T07:00:00Z,4,Nablus,4-1,17.51,24.493263157894734,1,True,17.88,24.411684210526317,1,True,15.48,24.461789473684213,1,True
2026-08-22T07:15:00Z,4,Nablus,4-1,16.4,24.448421052631577,1,True,18.02,24.421368421052634,1,True,14.57,24.473999999999997,1,True
2026-08-22T07:30:00Z,4,Nablus,4-1,16.71,24.42242105263158,1,True,17.71,24.421157894736844,1,True,13.98,24.48,1,True
2026-08-22T07:45:00Z,4,Nablus,4-1,17.35,24.412,1,True,17.38,24.40578947368421,1,True,14.0,24.48452631578947,1,True
2026-08-22T08:00:00Z,4,Nablus,4-1,16.67,24.39378947368421,1,True,17.12,24.391368421052636,1,True,12.94,24.478315789473683,1,True
2026-08-22T08:15:00Z,4,Nablus,4-1,17.11,24.384631578947367,1,True,16.94,24.38421052631579,1,True,13.97,24.48442105263158,1,True
2026-08-22T08:30:00Z,4,Nablus,4-1,17.02,24.387684210526317,1,True,16.68,24.383052631578945,1,True,14.02,24.48642105263158,1,True
2026-08-22T08:45:00Z,4,Nablus,4-1,17.71,24.398947368421055,1,True,16.23,24.382526315789477,1,True,14.5,24.489684210526317,1,True
2026-08-22T09:00:00Z,4,Nablus,4-1,17.88,24.411684210526317,1,True,16.06,24.39021052631579,1,True,15.36,24.50263157894737,1,True
2026-08-22T09:15:00Z,4,Nablus,4-1,18.02,24.421368421052634,1,True,16.35,24.401263157894736,1,True,15.84,24.412395833333335,1,True
2026-08-22T09:30:00Z,4,Nablus,4-1,17.71,24.421157894736844,1,True,16.59,24.420947368421054,1,True,16.28,24.411145833333336,1,True
2026-08-22T09:45:00Z,4,Nablus,4-1,17.38,24.40578947368421,1,True,16.19,24.443578947368426,1,True,16.77,24.417395833333334,1,True
2026-08-22T10:00:00Z,4,Nablus,4-1,17.12,24.391368421052636,1,True,15.48,24.461789473684213,1,True,18.05,24.428854166666667,1,True
2026-08-22T10:15:00Z,4,Nablus,4-1,16.94,24.38421052631579,1,True,14.57,24.473999999999997,1,True,19.91,24.4478125,1,True
2026-08-22T10:30:00Z,4,Nablus,4-1,16.68,24.383052631578945,1,True,13.98,24.48,1,True,20.68,24.466354166666665,1,True
2026-08-22T10:45:00Z,4,Nablus,4-1,16.23,24.382526315789477,1,True,14.0,24.48452631578947,1,True,22.47,24.483958333333334,1,True
2026-08-22T11:00:00Z,4,Nablus,4-1,16.06,24.39021052631579,1,True,12.94,24.478315789473683,1,True,21.38,24.484479166666663,1,True
2026-08-22T11:15:00Z,4,Nablus,4-1,16.35,24.401263157894736,1,True,13.97,24.48442105263158,1,True,21.33,24.485104166666662,1,True
2026-08-22T11:30:00Z,4,Nablus,4-1,16.59,24.420947368421054,1,True,14.02,24.48642105263158,1,True,22.21,24.481354166666666,1,True
2026-08-22T11:45:00Z,4,Nablus,4-1,16.19,24.443578947368426,1,True,14.5,24.489684210526317,1,True,22.97,24.4765625,1,True
2026-08-22T12:00:00Z,4,Nablus,4-1,15.48,24.461789473684213,1,True,15.36,24.50263157894737,1,True,23.36,24.466666666666665,1,True
2026-08-22T12:15:00Z,4,Nablus,4-1,14.57,24.473999999999997,1,True,15.84,24.412395833333335,1,True,23.44,24.453437499999996,1,True
2026-08-22T12:30:00Z,4,Nablus,4-1,13.98,24.48,1,True,16.28,24.411145833333336,1,True,23.64,24.435729166666665,1,True
2026-08-22T12:45:00Z,4,Nablus,4-1,14.0,24.48452631578947,1,True,16.77,24.417395833333334,1,True,23.46,24.401458333333334,1,True
2026-08-22T13:00:00Z,4,Nablus,4-1,12.94,24.478315789473683,1,True,18.05,24.428854166666667,1,True,24.04,24.372395833333332,1,True
2026-08-22T13:15:00Z,4,Nablus,4-1,13.97,24.48442105263158,1,True,19.91,24.4478125,1,True,24.18,24.3353125,1,True
2026-08-22T13:30:00Z,4,Nablus,4-1,14.02,24.48642105263158,1,True,20.68,24.466354166666665,1,True,24.75,24.286145833333336,1,True
2026-08-22T13:45:00Z,4,Nablus,4-1,14.5,24.489684210526317,1,True,22.47,24.483958333333334,1,True,24.25,24.215625000000003,1,True
2026-08-22T14:00:00Z,4,Nablus,4-1,15.36,24.50263157894737,1,True,21.38,24.484479166666663,1,True,25.54,24.15875,1,True
2026-08-22T14:15:00Z,4,Nablus,4-1,15.84,24.412395833333335,1,True,21.33,24.485104166666662,1,True,25.49,24.096770833333334,1,True
2026-08-22T14:30:00Z,4,Nablus,4-1,16.28,24.411145833333336,1,True,22.21,24.481354166666666,1,True,25.54,24.029687499999998,1,True
2026-08-22T14:45:00Z,4,Nablus,4-1,16.77,24.417395833333334,1,True,22.97,24.4765625,1,True,26.21,23.9559375,1,True
2026-08-22T15:00:00Z,4,Nablus,4-1,18.05,24.428854166666667,1,True,23.36,24.466666666666665,1,True,26.8,23.887708333333332,1,True
2026-08-22T15:15:00Z,4,Nablus,4-1,19.91,24.4478125,1,True,23.44,24.453437499999996,1,True,27.41,23.825625,1,True
2026-08-22T15:30:00Z,4,Nablus,4-1,20.68,24.466354166666665,1,True,23.64,24.435729166666665,1,True,27.32,23.750208333333333,1,True
2026-08-22T15:45:00Z,4,Nablus,4-1,22.47,24.483958333333334,1,True,23.46,24.401458333333334,1,True,28.63,23.67770833333333,1,True
2026-08-22T16:00:00Z,4,Nablus,4-1,21.38,24.484479166666663,1,True,24.04,24.372395833333332,1,True,27.27,23.58395833333333,1,True
2026-08-22T16:15:00Z,4,Nablus,4-1,21.33,24.485104166666662,1,True,24.18,24.3353125,1,True,26.62,23.479791666666667,1,True
2026-08-22T16:30:00Z,4,Nablus,4-1,22.21,24.481354166666666,1,True,24.75,24.286145833333336,1,True,27.59,23.3859375,1,True
2026-08-22T16:45:00Z,4,Nablus,4-1,22.97,24.4765625,1,True,24.25,24.215625000000003,1,True,26.95,23.286354166666666,1,True
2026-08-22T17:00:00Z,4,Nablus,4-1,23.36,24.466666666666665,1,True,25.54,24.15875,1,True,28.08,23.19333333333333,1,True
2026-08-22T17:15:00Z,4,Nablus,4-1,23.44,24.453437499999996,1,True,25.49,24.096770833333334,1,True,28.4,23.093437499999997,1,True
2026-08-22T17:30:00Z,4,Nablus,4-1,23.64,24.435729166666665,1,True,25.54,24.029687499999998,1,True,28.34,23.010416666666668,1,True
2026-08-22T17:45:00Z,4,Nablus,4-1,23.46,24.401458333333334,1,True,26.21,23.9559375,1,True,28.15,22.9590625,1,True
2026-08-22T18:00:00Z,4,Nablus,4-1,24.04,24.372395833333332,1,True,26.8,23.887708333333332,1,True,28.08,22.929895833333333,1,True
2026-08-22T18:15:00Z,4,Nablus,4-1,24.18,24.3353125,1,True,27.41,23.825625,1,True,28.25,22.896979166666668,1,True
2026-08-22T18:30:00Z,4,Nablus,4-1,24.75,24.286145833333336,1,True,27.32,23.750208333333333,1,True,26.46,22.843645833333337,1,True
2026-08-22T18:45:00Z,4,Nablus,4-1,24.25,24.215625000000003,1,True,28.63,23.67770833333333,1,True,,,,False
2026-08-22T19:00:00Z,4,Nablus,4-1,25.54,24.15875,1,True,27.27,23.58395833333333,1,True,,,,False
2026-08-22T19:15:00Z,4,Nablus,4-1,25.49,24.096770833333334,1,True,26.62,23.479791666666667,1,True,,,,False
2026-08-22T19:30:00Z,4,Nablus,4-1,25.54,24.029687499999998,1,True,27.59,23.3859375,1,True,,,,False
2026-08-22T19:45:00Z,4,Nablus,4-1,26.21,23.9559375,1,True,26.95,23.286354166666666,1,True,,,,False
2026-08-22T20:00:00Z,4,Nablus,4-1,26.8,23.887708333333332,1,True,28.08,23.19333333333333,1,True,,,,False
2026-08-22T20:15:00Z,4,Nablus,4-1,27.41,23.825625,1,True,28.4,23.093437499999997,1,True,,,,False
2026-08-22T20:30:00Z,4,Nablus,4-1,27.32,23.750208333333333,1,True,28.34,23.010416666666668,1,True,,,,False
2026-08-22T20:45:00Z,4,Nablus,4-1,28.63,23.67770833333333,1,True,28.15,22.9590625,1,True,,,,False
2026-08-22T21:00:00Z,4,Nablus,4-1,27.27,23.58395833333333,1,True,28.08,22.929895833333333,1,True,,,,False
2026-08-22T21:15:00Z,4,Nablus,4-1,26.62,23.479791666666667,1,True,28.25,22.896979166666668,1,True,,,,False
2026-08-22T21:30:00Z,4,Nablus,4-1,27.59,23.3859375,1,True,26.46,22.843645833333337,1,True,,,,False
2026-08-22T21:45:00Z,4,Nablus,4-1,26.95,23.286354166666666,1,True,,,,False,,,,False
2026-08-22T22:00:00Z,4,Nablus,4-1,28.08,23.19333333333333,1,True,,,,False,,,,False
2026-08-22T22:15:00Z,4,Nablus,4-1,28.4,23.093437499999997,1,True,,,,False,,,,False
2026-08-22T22:30:00Z,4,Nablus,4-1,28.34,23.010416666666668,1,True,,,,False,,,,False
2026-08-22T22:45:00Z,4,Nablus,4-1,28.15,22.9590625,1,True,,,,False,,,,False
2026-08-22T23:00:00Z,4,Nablus,4-1,28.08,22.929895833333333,1,True,,,,False,,,,False
2026-08-22T23:15:00Z,4,Nablus,4-1,28.25,22.896979166666668,1,True,,,,False,,,,False
2026-08-22T23:30:00Z,4,Nablus,4-1,26.46,22.843645833333337,1,True,,,,False,,,,False
2026-08-22T23:45:00Z,4,Nablus,4-1,,,,False,,,,False,,,,False
2026-08-23T00:00:00Z,4,Nablus,4-1,,,,False,,,,False,,,,False
2026-08-23T00:15:00Z,4,Nablus,4-1,,,,False,,,,False,,,,False
2026-08-23T00:30:00Z,4,Nablus,4-1,,,,False,,,,False,,,,False
2026-08-06T09:15:00Z,5,Nablus,5-1,15.12,16.028,,False,19.0,17.232307692307693,,False,16.87,16.7048,,False
2026-08-06T09:30:00Z,5,Nablus,5-1,16.14,16.046666666666667,,False,18.48,17.321428571428573,,False,17.09,16.719615384615388,,False
2026-08-06T09:45:00Z,5,Nablus,5-1,15.73,16.001428571428573,,False,17.28,17.31866666666667,,False,17.83,16.76074074074074,,False
2026-08-06T10:00:00Z,5,Nablus,5-1,16.19,16.025,,False,16.13,17.244375,,False,19.1,16.844285714285714,,False
2026-08-06T10:15:00Z,5,Nablus,5-1,18.14,16.26,,False,16.11,17.177647058823528,,False,20.02,16.953793103448277,,False
2026-08-06T10:30:00Z,5,Nablus,5-1,20.43,16.677,,False,15.43,17.080555555555556,,False,21.7,17.112000000000002,,False
2026-08-06T10:45:00Z,5,Nablus,5-1,19.68,16.95,,False,15.12,16.97736842105263,,False,20.4,17.218064516129033,,False
2026-08-06T11:00:00Z,5,Nablus,5-1,18.57,17.085,,False,14.99,16.878,,False,21.57,17.3540625,,False
2026-08-06T11:15:00Z,5,Nablus,5-1,19.0,17.232307692307693,,False,15.51,16.812857142857144,,False,21.6,17.482727272727274,,False
2026-08-06T11:30:00Z,5,Nablus,5-1,18.48,17.321428571428573,,False,16.55,16.80090909090909,,False,22.86,17.640882352941176,,False
2026-08-06T11:45:00Z,5,Nablus,5-1,17.28,17.31866666666667,,False,14.9,16.718260869565217,,False,23.96,17.821428571428573,,False
2026-08-06T12:00:00Z,5,Nablus,5-1,16.13,17.244375,,False,16.23,16.697916666666668,,False,23.6,17.981944444444444,,False
2026-08-06T12:15:00Z,5,Nablus,5-1,16.11,17.177647058823528,,False,16.87,16.7048,,False,23.01,18.11783783783784,,False
2026-08-06T12:30:00Z,5,Nablus,5-1,15.43,17.080555555555556,,False,17.09,16.719615384615388,,False,24.72,18.29157894736842,,False
2026-08-06T12:45:00Z,5,Nablus,5-1,15.12,16.97736842105263,,False,17.83,16.76074074074074,,False,22.88,18.40923076923077,,False
2026-08-06T13:00:00Z,5,Nablus,5-1,14.99,16.878,,False,19.1,16.844285714285714,,False,23.94,18.5475,,False
2026-08-06T13:15:00Z,5,Nablus,5-1,15.51,16.812857142857144,,False,20.02,16.953793103448277,,False,23.93,18.67878048780488,,False
2026-08-06T13:30:00Z,5,Nablus,5-1,16.55,16.80090909090909,,False,21.7,17.112000000000002,,False,22.37,18.76666666666667,,False
2026-08-06T13:45:00Z,5,Nablus,5-1,14.9,16.718260869565217,,False,20.4,17.218064516129033,,False,22.79,18.860232558139536,,False
2026-08-06T14:00:00Z,5,Nablus,5-1,16.23,16.697916666666668,,False,21.57,17.3540625,,False,23.34,18.962045454545457,,False
2026-08-06T14:15:00Z,5,Nablus,5-1,16.87,16.7048,,False,21.6,17.482727272727274,,False,25.14,19.099333333333334,,False
2026-08-06T14:30:00Z,5,Nablus,5-1,17.09,16.719615384615388,,False,22.86,17.640882352941176,,False,24.04,19.206739130434784,,False
2026-08-06T14:45:00Z,5,Nablus,5-1,17.83,16.76074074074074,,False,23.96,17.821428571428573,,False,24.39,19.317021276595746,,False
2026-08-06T15:00:00Z,5,Nablus,5-1,19.1,16.844285714285714,,False,23.6,17.981944444444444,,False,23.56,19.405416666666667,,False
2026-08-06T15:15:00Z,5,Nablus,5-1,20.02,16.953793103448277,,True,23.01,18.11783783783784,,True,23.05,19.479795918367348,,True
2026-08-06T15:30:00Z,5,Nablus,5-1,21.7,17.112000000000002,,True,24.72,18.29157894736842,,True,37.8,19.8462,,True
2026-08-06T15:45:00Z,5,Nablus,5-1,20.4,17.218064516129033,,True,22.88,18.40923076923077,,True,25.39,19.954901960784316,,True
2026-08-06T16:00:00Z,5,Nablus,5-1,21.57,17.3540625,,True,23.94,18.5475,,True,24.13,20.035192307692306,,True
2026-08-06T16:15:00Z,5,Nablus,5-1,21.6,17.482727272727274,,True,23.93,18.67878048780488,,True,26.49,20.15698113207547,,True
2026-08-06T16:30:00Z,5,Nablus,5-1,22.86,17.640882352941176,,True,22.37,18.76666666666667,,True,26.91,20.28203703703704,,True
2026-08-06T16:45:00Z,5,Nablus,5-1,23.96,17.821428571428573,,True,22.79,18.860232558139536,,True,26.13,20.388363636363636,,True
2026-08-06T17:00:00Z,5,Nablus,5-1,23.6,17.981944444444444,,True,23.34,18.962045454545457,,True,25.5,20.479642857142856,,True
2026-08-06T17:15:00Z,5,Nablus,5-1,23.01,18.11783783783784,,True,25.14,19.099333333333334,,True,25.73,20.571754385964912,,True
2026-08-06T17:30:00Z,5,Nablus,5-1,24.72,18.29157894736842,,True,24.04,19.206739130434784,,True,25.96,20.66465517241379,,True
2026-08-06T17:45:00Z,5,Nablus,5-1,22.88,18.40923076923077,,True,24.39,19.317021276595746,,True,24.52,20.73,,True
2026-08-06T18:00:00Z,5,Nablus,5-1,23.94,18.5475,,True,23.56,19.405416666666667,,True,25.55,20.810333333333332,,True
2026-08-06T18:15:00Z,5,Nablus,5-1,23.93,18.67878048780488,,True,23.05,19.479795918367348,,True,25.29,20.88377049180328,,True
2026-08-06T18:30:00Z,5,Nablus,5-1,22.37,18.76666666666667,,True,37.8,19.8462,,True,26.28,20.970806451612905,,True
2026-08-06T18:45:00Z,5,Nablus,5-1,22.79,18.860232558139536,,True,25.39,19.954901960784316,,True,25.8,21.047460317460317,,True
2026-08-06T19:00:00Z,5,Nablus,5-1,23.34,18.962045454545457,,True,24.13,20.035192307692306,,True,26.25,21.12875,,True
2026-08-06T19:15:00Z,5,Nablus,5-1,25.14,19.099333333333334,,True,26.49,20.15698113207547,,True,,,,False
2026-08-06T19:30:00Z,5,Nablus,5-1,24.04,19.206739130434784,,True,26.91,20.28203703703704,,True,25.98,21.203384615384614,,True
2026-08-06T19:45:00Z,5,Nablus,5-1,24.39,19.317021276595746,,True,26.13,20.388363636363636,,True,26.43,21.28257575757576,,True
2026-08-06T20:00:00Z,5,Nablus,5-1,23.56,19.405416666666667,,True,25.5,20.479642857142856,,True,25.87,21.3510447761194,,True
2026-08-06T20:15:00Z,5,Nablus,5-1,23.05,19.479795918367348,,True,25.73,20.571754385964912,,True,27.25,21.43779411764706,,True
2026-08-06T20:30:00Z,5,Nablus,5-1,37.8,19.8462,,True,25.96,20.66465517241379,,True,27.55,21.5263768115942,,True
2026-08-06T20:45:00Z,5,Nablus,5-1,25.39,19.954901960784316,,True,24.52,20.73,,True,27.4,21.610285714285716,,True
2026-08-06T21:00:00Z,5,Nablus,5-1,24.13,20.035192307692306,,True,25.55,20.810333333333332,,True,28.48,21.707042253521127,,True
2026-08-06T21:15:00Z,5,Nablus,5-1,26.49,20.15698113207547,,True,25.29,20.88377049180328,,True,31.36,21.84111111111111,1,True
2026-08-06T21:30:00Z,5,Nablus,5-1,26.91,20.28203703703704,,True,26.28,20.970806451612905,,True,30.3,21.956986301369863,1,True
2026-08-06T21:45:00Z,5,Nablus,5-1,26.13,20.388363636363636,,True,25.8,21.047460317460317,,True,28.61,22.046891891891892,1,True
2026-08-06T22:00:00Z,5,Nablus,5-1,25.5,20.479642857142856,,True,26.25,21.12875,,True,29.29,22.143466666666665,1,True
2026-08-06T22:15:00Z,5,Nablus,5-1,25.73,20.571754385964912,,True,,,,False,29.74,22.24342105263158,1,True
2026-08-06T22:30:00Z,5,Nablus,5-1,25.96,20.66465517241379,,True,25.98,21.203384615384614,,True,32.98,22.382857142857144,1,True
2026-08-06T22:45:00Z,5,Nablus,5-1,24.52,20.73,,True,26.43,21.28257575757576,,True,31.81,22.50371794871795,1,True
2026-08-06T23:00:00Z,5,Nablus,5-1,25.55,20.810333333333332,,True,25.87,21.3510447761194,,True,27.24,22.56367088607595,1,True
2026-08-06T23:15:00Z,5,Nablus,5-1,25.29,20.88377049180328,,True,27.25,21.43779411764706,,True,23.76,22.578625,1,True
2026-08-06T23:30:00Z,5,Nablus,5-1,26.28,20.970806451612905,,True,27.55,21.5263768115942,,True,22.77,22.580987654320985,1,True
2026-08-06T23:45:00Z,5,Nablus,5-1,25.8,21.047460317460317,,True,27.4,21.610285714285716,,True,22.96,22.58560975609756,1,True
2026-08-07T00:00:00Z,5,Nablus,5-1,26.25,21.12875,,True,28.48,21.707042253521127,,True,20.42,22.55951807228916,1,True
2026-08-07T00:15:00Z,5,Nablus,5-1,,,,False,31.36,21.84111111111111,1,True,19.98,22.528809523809525,1,True
2026-08-07T00:30:00Z,5,Nablus,5-1,25.98,21.203384615384614,,True,30.3,21.956986301369863,1,True,19.87,22.497529411764706,1,True
2026-08-07T00:45:00Z,5,Nablus,5-1,26.43,21.28257575757576,,True,28.61,22.046891891891892,1,True,20.37,22.47279069767442,1,True
2026-08-07T01:00:00Z,5,Nablus,5-1,25.87,21.3510447761194,,True,29.29,22.143466666666665,1,True,19.89,22.44310344827586,1,True
2026-08-07T01:30:00Z,5,Nablus,5-1,27.55,21.5263768115942,,True,32.98,22.382857142857144,1,True,18.94,22.357191011235955,1,True
2026-08-07T01:45:00Z,5,Nablus,5-1,27.4,21.610285714285716,,True,31.81,22.50371794871795,1,True,16.99,22.297555555555554,1,True
2026-08-07T02:00:00Z,5,Nablus,5-1,28.48,21.707042253521127,,True,27.24,22.56367088607595,1,True,17.14,22.24087912087912,1,True
2026-08-07T02:15:00Z,5,Nablus,5-1,31.36,21.84111111111111,1,True,23.76,22.578625,1,True,16.78,22.181521739130435,1,True
2026-08-07T02:30:00Z,5,Nablus,5-1,30.3,21.956986301369863,1,True,22.77,22.580987654320985,1,True,17.24,22.128387096774194,1,True
2026-08-07T02:45:00Z,5,Nablus,5-1,28.61,22.046891891891892,1,True,22.96,22.58560975609756,1,True,16.13,22.06457446808511,1,True
2026-08-07T03:00:00Z,5,Nablus,5-1,29.29,22.143466666666665,1,True,20.42,22.55951807228916,1,True,16.14,22.00221052631579,1,True
2026-08-07T03:15:00Z,5,Nablus,5-1,29.74,22.24342105263158,1,True,19.98,22.528809523809525,1,True,16.72,22.005999999999997,1,True
2026-08-07T03:30:00Z,5,Nablus,5-1,32.98,22.382857142857144,1,True,19.87,22.497529411764706,1,True,16.23,22.00294736842105,1,True
2026-08-07T03:45:00Z,5,Nablus,5-1,31.81,22.50371794871795,1,True,20.37,22.47279069767442,1,True,15.84,22.00252631578947,1,True
2026-08-07T04:00:00Z,5,Nablus,5-1,27.24,22.56367088607595,1,True,19.89,22.44310344827586,1,True,16.13,22.001157894736842,1,True
2026-08-07T04:15:00Z,5,Nablus,5-1,23.76,22.578625,1,True,18.3,22.396022727272726,1,True,16.02,22.010631578947372,1,True
2026-08-07T04:30:00Z,5,Nablus,5-1,22.77,22.580987654320985,1,True,18.94,22.357191011235955,1,True,15.87,22.00778947368421,1,True
2026-08-07T04:45:00Z,5,Nablus,5-1,22.96,22.58560975609756,1,True,16.99,22.297555555555554,1,True,14.84,21.998421052631578,1,True
2026-08-07T05:00:00Z,5,Nablus,5-1,20.42,22.55951807228916,1,True,17.14,22.24087912087912,1,True,15.17,21.98768421052632,1,True
2026-08-07T05:15:00Z,5,Nablus,5-1,19.98,22.528809523809525,1,True,16.78,22.181521739130435,1,True,13.97,21.94378947368421,1,True
2026-08-07T05:30:00Z,5,Nablus,5-1,19.87,22.497529411764706,1,True,17.24,22.128387096774194,1,True,14.0,21.876105263157896,1,True
2026-08-07T05:45:00Z,5,Nablus,5-1,20.37,22.47279069767442,1,True,16.13,22.06457446808511,1,True,13.7,21.813157894736843,1,True
2026-08-07T06:00:00Z,5,Nablus,5-1,19.89,22.44310344827586,1,True,16.14,22.00221052631579,1,True,13.4,21.75873684210526,1,True
2026-08-07T06:15:00Z,5,Nablus,5-1,18.3,22.396022727272726,1,True,16.72,22.005999999999997,1,True,13.61,21.702,1,True
2026-08-07T06:30:00Z,5,Nablus,5-1,18.94,22.357191011235955,1,True,16.23,22.00294736842105,1,True,13.13,21.645684210526316,1,True
2026-08-07T06:45:00Z,5,Nablus,5-1,16.99,22.297555555555554,1,True,15.84,22.00252631578947,1,True,13.2,21.602736842105266,1,True
2026-08-07T07:00:00Z,5,Nablus,5-1,17.14,22.24087912087912,1,True,16.13,22.001157894736842,1,True,13.3,21.57294736842105,1,True
2026-08-07T07:15:00Z,5,Nablus,5-1,16.78,22.181521739130435,1,False,16.02,22.010631578947372,1,False,13.46,21.545052631578947,1,False
2026-08-07T07:30:00Z,5,Nablus,5-1,17.24,22.128387096774194,1,True,15.87,22.00778947368421,1,True,13.55,21.525263157894734,1,True
2026-08-07T07:45:00Z,5,Nablus,5-1,16.13,22.06457446808511,1,True,14.84,21.998421052631578,1,True,14.01,21.51357894736842,1,True
2026-08-07T08:00:00Z,5,Nablus,5-1,16.14,22.00221052631579,1,True,15.17,21.98768421052632,1,True,14.44,21.50778947368421,1,True
2026-08-07T08:15:00Z,5,Nablus,5-1,16.72,22.005999999999997,1,True,13.97,21.94378947368421,1,True,14.53,21.497473684210526,1,True
2026-08-07T08:30:00Z,5,Nablus,5-1,16.23,22.00294736842105,1,True,14.0,21.876105263157896,1,True,14.8,21.47905263157895,1,True
2026-08-07T08:45:00Z,5,Nablus,5-1,15.84,22.00252631578947,1,True,13.7,21.813157894736843,1,True,15.31,21.48336842105263,1,True
2026-08-07T09:00:00Z,5,Nablus,5-1,16.13,22.001157894736842,1,True,13.4,21.75873684210526,1,True,15.05,21.470947368421054,1,True
2026-08-07T09:15:00Z,5,Nablus,5-1,16.02,22.010631578947372,1,True,13.61,21.702,1,True,15.56,21.45715789473684,1,True
2026-08-07T09:30:00Z,5,Nablus,5-1,15.87,22.00778947368421,1,True,13.13,21.645684210526316,1,True,15.77,21.443263157894737,1,True
2026-08-07T09:45:00Z,5,Nablus,5-1,14.84,21.998421052631578,1,True,13.2,21.602736842105266,1,True,15.65,21.420315789473683,1,True
2026-08-07T10:00:00Z,5,Nablus,5-1,15.17,21.98768421052632,1,True,13.3,21.57294736842105,1,True,15.44,21.38178947368421,1,True
2026-08-07T10:15:00Z,5,Nablus,5-1,13.97,21.94378947368421,1,True,13.46,21.545052631578947,1,True,14.48,21.323473684210526,1,True
2026-08-07T10:30:00Z,5,Nablus,5-1,14.0,21.876105263157896,1,True,13.55,21.525263157894734,1,True,15.45,21.257684210526318,1,True
2026-08-07T10:45:00Z,5,Nablus,5-1,13.7,21.813157894736843,1,True,14.01,21.51357894736842,1,True,15.76,21.208842105263155,1,True
2026-08-07T11:00:00Z,5,Nablus,5-1,13.4,21.75873684210526,1,True,14.44,21.50778947368421,1,True,16.5,21.155473684210527,1,True
2026-08-07T11:15:00Z,5,Nablus,5-1,13.61,21.702,1,True,14.53,21.497473684210526,1,True,16.97,21.106736842105263,1,True
2026-08-07T11:30:00Z,5,Nablus,5-1,13.13,21.645684210526316,1,True,14.8,21.47905263157895,1,True,16.74,21.042315789473683,1,True
2026-08-07T11:45:00Z,5,Nablus,5-1,13.2,21.602736842105266,1,True,15.31,21.48336842105263,1,True,15.64,20.954736842105262,1,True
2026-08-07T12:00:00Z,5,Nablus,5-1,13.3,21.57294736842105,1,True,15.05,21.470947368421054,1,True,15.91,20.87378947368421,1,True
2026-08-07T12:15:00Z,5,Nablus,5-1,13.46,21.545052631578947,1,True,15.56,21.45715789473684,1,True,15.96,20.79957894736842,1,True
2026-08-07T12:30:00Z,5,Nablus,5-1,13.55,21.525263157894734,1,True,15.77,21.443263157894737,1,True,16.56,20.713684210526317,1,True
2026-08-07T12:45:00Z,5,Nablus,5-1,14.01,21.51357894736842,1,True,15.65,21.420315789473683,1,True,18.05,20.66284210526316,1,True
2026-08-07T13:00:00Z,5,Nablus,5-1,14.44,21.50778947368421,1,True,15.44,21.38178947368421,1,True,16.97,20.589473684210525,1,True
2026-08-07T13:15:00Z,5,Nablus,5-1,14.53,21.497473684210526,1,True,14.48,21.323473684210526,1,True,16.51,20.511368421052634,1,True
2026-08-07T13:30:00Z,5,Nablus,5-1,14.8,21.47905263157895,1,True,15.45,21.257684210526318,1,True,16.68,20.451473684210526,1,True
2026-08-07T13:45:00Z,5,Nablus,5-1,15.31,21.48336842105263,1,True,15.76,21.208842105263155,1,True,16.7,20.38736842105263,1,True
2026-08-07T14:00:00Z,5,Nablus,5-1,15.05,21.470947368421054,1,True,16.5,21.155473684210527,1,True,16.75,20.318,1,True
2026-08-07T14:15:00Z,5,Nablus,5-1,15.56,21.45715789473684,1,True,16.97,21.106736842105263,1,True,17.65,20.23915789473684,1,True
2026-08-07T14:30:00Z,5,Nablus,5-1,15.77,21.443263157894737,1,True,16.74,21.042315789473683,1,True,17.75,20.172947368421053,1,True
2026-08-07T14:45:00Z,5,Nablus,5-1,15.65,21.420315789473683,1,True,15.64,20.954736842105262,1,True,18.1,20.106736842105263,1,True
2026-08-07T15:00:00Z,5,Nablus,5-1,15.44,21.38178947368421,1,True,15.91,20.87378947368421,1,True,16.96,20.037263157894735,1,True
2026-08-07T15:15:00Z,5,Nablus,5-1,14.48,21.323473684210526,1,True,15.96,20.79957894736842,1,True,17.36,19.97736842105263,1,True
2026-08-07T15:30:00Z,5,Nablus,5-1,15.45,21.257684210526318,1,True,16.56,20.713684210526317,1,True,17.67,19.765473684210527,1,True
2026-08-07T15:45:00Z,5,Nablus,5-1,15.76,21.208842105263155,1,True,18.05,20.66284210526316,1,True,16.73,19.674315789473685,1,True
2026-08-07T16:00:00Z,5,Nablus,5-1,16.5,21.155473684210527,1,True,16.97,20.589473684210525,1,True,17.38,19.603263157894737,1,True
2026-08-07T16:15:00Z,5,Nablus,5-1,16.97,21.106736842105263,1,True,16.51,20.511368421052634,1,True,17.23,19.50578947368421,1,True
2026-08-07T16:30:00Z,5,Nablus,5-1,16.74,21.042315789473683,1,True,16.68,20.451473684210526,1,True,18.36,19.41578947368421,1,True
2026-08-07T16:45:00Z,5,Nablus,5-1,15.64,20.954736842105262,1,True,16.7,20.38736842105263,1,True,19.5,19.346,1,True
2026-08-07T17:00:00Z,5,Nablus,5-1,15.91,20.87378947368421,1,True,16.75,20.318,1,True,20.76,19.296105263157894,1,True
2026-08-07T17:15:00Z,5,Nablus,5-1,15.96,20.79957894736842,1,True,17.65,20.23915789473684,1,True,21.53,19.251894736842107,1,True
2026-08-07T17:30:00Z,5,Nablus,5-1,16.56,20.713684210526317,1,True,17.75,20.172947368421053,1,True,21.88,19.208947368421054,1,True
2026-08-07T17:45:00Z,5,Nablus,5-1,18.05,20.66284210526316,1,True,18.1,20.106736842105263,1,True,22.29,19.18547368421053,1,True
2026-08-07T18:00:00Z,5,Nablus,5-1,16.97,20.589473684210525,1,True,16.96,20.037263157894735,1,True,22.38,19.152105263157896,1,True
2026-08-07T18:15:00Z,5,Nablus,5-1,16.51,20.511368421052634,1,True,17.36,19.97736842105263,1,True,21.54,19.112631578947365,1,True
2026-08-07T18:30:00Z,5,Nablus,5-1,16.68,20.451473684210526,1,True,17.67,19.765473684210527,1,True,22.43,19.072105263157894,1,True
2026-08-07T18:45:00Z,5,Nablus,5-1,16.7,20.38736842105263,1,True,16.73,19.674315789473685,1,True,22.2,19.03421052631579,1,True
2026-08-07T19:00:00Z,5,Nablus,5-1,16.75,20.318,1,True,17.38,19.603263157894737,1,True,22.27,18.992315789473682,1,True
2026-08-07T19:15:00Z,5,Nablus,5-1,17.65,20.23915789473684,1,True,17.23,19.50578947368421,1,True,23.67,19.04104166666667,1,True
2026-08-07T19:30:00Z,5,Nablus,5-1,17.75,20.172947368421053,1,True,18.36,19.41578947368421,1,True,24.34,19.023958333333333,1,True
2026-08-07T19:45:00Z,5,Nablus,5-1,18.1,20.106736842105263,1,True,19.5,19.346,1,True,23.21,18.990416666666665,1,True
2026-08-07T20:00:00Z,5,Nablus,5-1,16.96,20.037263157894735,1,True,20.76,19.296105263157894,1,True,23.72,18.968020833333334,1,True
2026-08-07T20:15:00Z,5,Nablus,5-1,17.36,19.97736842105263,1,True,21.53,19.251894736842107,1,True,23.73,18.93135416666667,1,True
2026-08-07T20:30:00Z,5,Nablus,5-1,17.67,19.765473684210527,1,True,21.88,19.208947368421054,1,True,23.19,18.8859375,1,True
2026-08-07T20:45:00Z,5,Nablus,5-1,16.73,19.674315789473685,1,True,22.29,19.18547368421053,1,True,23.24,18.842604166666664,1,True
2026-08-07T21:00:00Z,5,Nablus,5-1,17.38,19.603263157894737,1,True,22.38,19.152105263157896,1,True,23.16,18.787187499999998,1,True
2026-08-07T21:15:00Z,5,Nablus,5-1,17.23,19.50578947368421,1,True,21.54,19.112631578947365,1,True,23.82,18.708645833333332,1,True
2026-08-07T21:30:00Z,5,Nablus,5-1,18.36,19.41578947368421,1,True,22.43,19.072105263157894,1,True,24.67,18.650000000000002,1,True
2026-08-07T21:45:00Z,5,Nablus,5-1,19.5,19.346,1,True,22.2,19.03421052631579,1,True,23.86,18.60052083333333,1,True
2026-08-07T22:00:00Z,5,Nablus,5-1,20.76,19.296105263157894,1,True,22.27,18.992315789473682,1,True,22.74,18.532291666666666,1,True
2026-08-07T22:15:00Z,5,Nablus,5-1,21.53,19.251894736842107,1,True,23.67,19.04104166666667,1,True,22.05,18.4521875,1,True
2026-08-07T22:30:00Z,5,Nablus,5-1,21.88,19.208947368421054,1,True,24.34,19.023958333333333,1,True,21.67,18.334374999999998,1,True
2026-08-07T22:45:00Z,5,Nablus,5-1,22.29,19.18547368421053,1,True,23.21,18.990416666666665,1,True,20.68,18.2184375,1,True
2026-08-07T23:00:00Z,5,Nablus,5-1,22.38,19.152105263157896,1,True,23.72,18.968020833333334,1,True,20.34,18.146562499999998,1,True
2026-08-07T23:15:00Z,5,Nablus,5-1,21.54,19.112631578947365,1,True,23.73,18.93135416666667,1,True,20.07,18.108125,1,True
2026-08-07T23:30:00Z,5,Nablus,5-1,22.43,19.072105263157894,1,True,23.19,18.8859375,1,True,20.38,18.083229166666666,1,True
2026-08-07T23:45:00Z,5,Nablus,5-1,22.2,19.03421052631579,1,True,23.24,18.842604166666664,1,True,19.74,18.0496875,1,True
2026-08-08T00:00:00Z,5,Nablus,5-1,22.27,18.992315789473682,1,True,23.16,18.787187499999998,1,True,20.02,18.04552083333333,1,True
2026-08-08T00:15:00Z,5,Nablus,5-1,23.67,19.04104166666667,1,True,23.82,18.708645833333332,1,True,19.87,18.044375,1,True
2026-08-08T00:30:00Z,5,Nablus,5-1,24.34,19.023958333333333,1,True,24.67,18.650000000000002,1,True,19.65,18.042083333333334,1,True
2026-08-08T00:45:00Z,5,Nablus,5-1,23.21,18.990416666666665,1,True,23.86,18.60052083333333,1,True,19.41,18.032083333333333,1,True
2026-08-08T01:00:00Z,5,Nablus,5-1,23.72,18.968020833333334,1,True,22.74,18.532291666666666,1,True,19.32,18.026145833333334,1,True
2026-08-08T01:15:00Z,5,Nablus,5-1,23.73,18.93135416666667,1,True,22.05,18.4521875,1,True,18.72,18.030520833333334,1,True
2026-08-08T01:30:00Z,5,Nablus,5-1,23.19,18.8859375,1,True,21.67,18.334374999999998,1,True,18.63,18.027291666666667,1,True
2026-08-08T01:45:00Z,5,Nablus,5-1,23.24,18.842604166666664,1,True,20.68,18.2184375,1,True,18.12,18.0390625,1,True
2026-08-08T02:00:00Z,5,Nablus,5-1,23.16,18.787187499999998,1,True,20.34,18.146562499999998,1,True,18.55,18.053749999999997,1,True
2026-08-08T02:15:00Z,5,Nablus,5-1,23.82,18.708645833333332,1,True,20.07,18.108125,1,True,18.23,18.068854166666664,1,True
2026-08-08T02:30:00Z,5,Nablus,5-1,24.67,18.650000000000002,1,True,20.38,18.083229166666666,1,True,18.32,18.08010416666667,1,True
2026-08-08T02:45:00Z,5,Nablus,5-1,23.86,18.60052083333333,1,True,19.74,18.0496875,1,True,18.03,18.099895833333335,1,True
2026-08-08T03:00:00Z,5,Nablus,5-1,22.74,18.532291666666666,1,True,20.02,18.04552083333333,1,True,18.03,18.119583333333335,1,True
2026-08-08T03:15:00Z,5,Nablus,5-1,22.05,18.4521875,1,True,19.87,18.044375,1,True,17.48,18.1275,1,True
2026-08-08T03:30:00Z,5,Nablus,5-1,21.67,18.334374999999998,1,True,19.65,18.042083333333334,1,True,17.2,18.137604166666666,1,True
2026-08-08T03:45:00Z,5,Nablus,5-1,20.68,18.2184375,1,True,19.41,18.032083333333333,1,True,18.2,18.162187499999998,1,True
2026-08-08T04:00:00Z,5,Nablus,5-1,20.34,18.146562499999998,1,True,19.32,18.026145833333334,1,True,18.87,18.190729166666667,1,True
2026-08-08T04:15:00Z,5,Nablus,5-1,20.07,18.108125,1,True,18.72,18.030520833333334,1,True,18.55,18.21708333333333,1,True
2026-08-08T04:30:00Z,5,Nablus,5-1,20.38,18.083229166666666,1,True,18.63,18.027291666666667,1,True,18.77,18.247291666666666,1,True
2026-08-08T04:45:00Z,5,Nablus,5-1,19.74,18.0496875,1,True,18.12,18.0390625,1,True,18.3,18.283333333333335,1,True
2026-08-08T05:00:00Z,5,Nablus,5-1,20.02,18.04552083333333,1,True,18.55,18.053749999999997,1,True,17.84,18.311145833333335,1,True
2026-08-08T05:15:00Z,5,Nablus,5-1,19.87,18.044375,1,True,18.23,18.068854166666664,1,True,18.02,18.353333333333335,1,True
2026-08-08T05:30:00Z,5,Nablus,5-1,19.65,18.042083333333334,1,True,18.32,18.08010416666667,1,True,17.57,18.390520833333333,1,True
2026-08-08T05:45:00Z,5,Nablus,5-1,19.41,18.032083333333333,1,True,18.03,18.099895833333335,1,True,16.95,18.424375,1,True
2026-08-08T06:00:00Z,5,Nablus,5-1,19.32,18.026145833333334,1,True,18.03,18.119583333333335,1,True,16.16,18.453125,1,True
2026-08-08T06:15:00Z,5,Nablus,5-1,18.72,18.030520833333334,1,True,17.48,18.1275,1,True,15.9,18.476979166666666,1,True
2026-08-08T06:30:00Z,5,Nablus,5-1,18.63,18.027291666666667,1,True,17.2,18.137604166666666,1,True,15.25,18.4990625,1,True
2026-08-08T06:45:00Z,5,Nablus,5-1,18.12,18.0390625,1,True,18.2,18.162187499999998,1,True,16.11,18.529374999999998,1,True
2026-08-08T07:00:00Z,5,Nablus,5-1,18.55,18.053749999999997,1,True,18.87,18.190729166666667,1,True,16.81,18.5659375,1,True
2026-08-08T07:15:00Z,5,Nablus,5-1,18.23,18.068854166666664,1,True,18.55,18.21708333333333,1,True,16.99,18.602708333333336,1,True
2026-08-08T07:30:00Z,5,Nablus,5-1,18.32,18.08010416666667,1,True,18.77,18.247291666666666,1,True,17.23,18.64104166666667,1,True
2026-08-08T07:45:00Z,5,Nablus,5-1,18.03,18.099895833333335,1,True,18.3,18.283333333333335,1,True,21.82,18.722395833333334,1,True
2026-08-08T08:00:00Z,5,Nablus,5-1,18.03,18.119583333333335,1,True,17.84,18.311145833333335,1,True,18.23,18.761875,1,True
2026-08-08T08:15:00Z,5,Nablus,5-1,17.48,18.1275,1,True,18.02,18.353333333333335,1,True,17.93,18.797291666666666,1,True
2026-08-08T08:30:00Z,5,Nablus,5-1,17.2,18.137604166666666,1,True,17.57,18.390520833333333,1,True,17.82,18.82875,1,True
2026-08-08T08:45:00Z,5,Nablus,5-1,18.2,18.162187499999998,1,True,16.95,18.424375,1,True,18.86,18.865729166666664,1,True
2026-08-08T09:00:00Z,5,Nablus,5-1,18.87,18.190729166666667,1,True,16.16,18.453125,1,True,19.68,18.913958333333333,1,True
2026-08-08T09:15:00Z,5,Nablus,5-1,18.55,18.21708333333333,1,True,15.9,18.476979166666666,1,True,19.88,18.95895833333333,1,True
2026-08-08T09:30:00Z,5,Nablus,5-1,18.77,18.247291666666666,1,True,15.25,18.4990625,1,True,20.21,19.005208333333332,1,True
2026-08-08T09:45:00Z,5,Nablus,5-1,18.3,18.283333333333335,1,True,16.11,18.529374999999998,1,True,23.38,19.085729166666667,1,True
2026-08-08T10:00:00Z,5,Nablus,5-1,17.84,18.311145833333335,1,True,16.81,18.5659375,1,True,22.0,19.1540625,1,True
2026-08-08T10:15:00Z,5,Nablus,5-1,18.02,18.353333333333335,1,True,16.99,18.602708333333336,1,True,24.21,19.255416666666665,1,True
2026-08-08T10:30:00Z,5,Nablus,5-1,17.57,18.390520833333333,1,True,17.23,18.64104166666667,1,True,24.27,19.347291666666667,1,True
2026-08-08T10:45:00Z,5,Nablus,5-1,16.95,18.424375,1,True,21.82,18.722395833333334,1,True,25.04,19.443958333333335,1,True
2026-08-08T11:00:00Z,5,Nablus,5-1,16.16,18.453125,1,True,18.23,18.761875,1,True,24.89,19.531354166666667,1,True
2026-08-08T11:15:00Z,5,Nablus,5-1,15.9,18.476979166666666,1,True,17.93,18.797291666666666,1,True,26.42,19.629791666666666,1,True
2026-08-08T11:30:00Z,5,Nablus,5-1,15.25,18.4990625,1,True,17.82,18.82875,1,True,26.46,19.731041666666666,1,True
2026-08-08T11:45:00Z,5,Nablus,5-1,16.11,18.529374999999998,1,True,18.86,18.865729166666664,1,True,27.59,19.855520833333333,1,True
2026-08-08T12:00:00Z,5,Nablus,5-1,16.81,18.5659375,1,True,19.68,18.913958333333333,1,True,,,,False
2026-08-08T12:15:00Z,5,Nablus,5-1,16.99,18.602708333333336,1,True,19.88,18.95895833333333,1,True,27.44,20.017894736842106,1,True
2026-08-08T12:30:00Z,5,Nablus,5-1,17.23,18.64104166666667,1,True,20.21,19.005208333333332,1,True,28.01,20.13842105263158,1,True
2026-08-08T12:45:00Z,5,Nablus,5-1,21.82,18.722395833333334,1,True,23.38,19.085729166666667,1,True,28.0,20.243157894736843,1,True
2026-08-08T13:00:00Z,5,Nablus,5-1,18.23,18.761875,1,True,22.0,19.1540625,1,True,29.1,20.370842105263158,1,True
2026-08-08T13:15:00Z,5,Nablus,5-1,17.93,18.797291666666666,1,True,24.21,19.255416666666665,1,True,30.34,20.51642105263158,1,True
2026-08-08T13:30:00Z,5,Nablus,5-1,17.82,18.82875,1,True,24.27,19.347291666666667,1,True,30.16,20.658315789473686,1,True
2026-08-08T13:45:00Z,5,Nablus,5-1,18.86,18.865729166666664,1,True,25.04,19.443958333333335,1,True,31.69,20.816105263157894,1,True
2026-08-08T14:00:00Z,5,Nablus,5-1,19.68,18.913958333333333,1,True,24.89,19.531354166666667,1,True,31.98,20.97642105263158,1,True
2026-08-08T14:15:00Z,5,Nablus,5-1,19.88,18.95895833333333,1,True,26.42,19.629791666666666,1,True,32.38,21.131473684210526,1,True
2026-08-08T14:30:00Z,5,Nablus,5-1,20.21,19.005208333333332,1,True,26.46,19.731041666666666,1,True,31.96,21.281052631578948,1,True
2026-08-08T14:45:00Z,5,Nablus,5-1,23.38,19.085729166666667,1,True,27.59,19.855520833333333,1,True,36.46,21.474315789473685,1,True
2026-08-08T15:00:00Z,5,Nablus,5-1,22.0,19.1540625,1,True,,,,False,41.57,21.73336842105263,1,True
2026-08-08T15:15:00Z,5,Nablus,5-1,24.21,19.255416666666665,1,True,27.44,20.017894736842106,1,True,39.94,21.971052631578946,1,True
2026-08-08T15:30:00Z,5,Nablus,5-1,24.27,19.347291666666667,1,True,28.01,20.13842105263158,1,True,38.57,22.19105263157895,1,True
2026-08-08T15:45:00Z,5,Nablus,5-1,25.04,19.443958333333335,1,True,28.0,20.243157894736843,1,True,37.83,22.41315789473684,1,True
2026-08-08T16:00:00Z,5,Nablus,5-1,24.89,19.531354166666667,1,True,29.1,20.370842105263158,1,True,35.94,22.608526315789472,1,True
2026-08-08T16:15:00Z,5,Nablus,5-1,26.42,19.629791666666666,1,True,30.34,20.51642105263158,1,True,34.35,22.788736842105262,1,True
2026-08-08T16:30:00Z,5,Nablus,5-1,26.46,19.731041666666666,1,True,30.16,20.658315789473686,1,True,34.54,22.95905263157895,1,True
2026-08-08T16:45:00Z,5,Nablus,5-1,27.59,19.855520833333333,1,True,31.69,20.816105263157894,1,True,32.97,23.100842105263162,1,True
2026-08-08T17:00:00Z,5,Nablus,5-1,,,,False,31.98,20.97642105263158,1,True,34.22,23.242526315789473,1,True
2026-08-08T17:15:00Z,5,Nablus,5-1,27.44,20.017894736842106,1,True,32.38,21.131473684210526,1,True,34.05,23.374315789473684,1,True
2026-08-08T17:30:00Z,5,Nablus,5-1,28.01,20.13842105263158,1,True,31.96,21.281052631578948,1,True,34.11,23.503052631578946,1,True
2026-08-08T17:45:00Z,5,Nablus,5-1,28.0,20.243157894736843,1,True,36.46,21.474315789473685,1,True,36.18,23.64926315789474,1,True
2026-08-08T18:15:00Z,5,Nablus,5-1,30.34,20.51642105263158,1,True,39.94,21.971052631578946,1,True,37.12,23.828510638297875,1,True
2026-08-08T18:30:00Z,5,Nablus,5-1,30.16,20.658315789473686,1,True,38.57,22.19105263157895,1,True,35.71,23.969787234042553,1,True
2026-08-08T18:45:00Z,5,Nablus,5-1,31.69,20.816105263157894,1,True,37.83,22.41315789473684,1,True,32.85,24.083085106382978,1,True
2026-08-08T19:00:00Z,5,Nablus,5-1,31.98,20.97642105263158,1,True,35.94,22.608526315789472,1,True,32.08,24.187446808510636,1,True
2026-08-08T19:15:00Z,5,Nablus,5-1,32.38,21.131473684210526,1,True,34.35,22.788736842105262,1,True,31.49,24.270638297872342,1,True
2026-08-08T19:30:00Z,5,Nablus,5-1,31.96,21.281052631578948,1,True,34.54,22.95905263157895,1,True,31.98,24.35191489361702,1,True
2026-08-08T19:45:00Z,5,Nablus,5-1,36.46,21.474315789473685,1,True,32.97,23.100842105263162,1,True,32.5,24.450744680851066,1,True
2026-08-08T20:00:00Z,5,Nablus,5-1,41.57,21.73336842105263,1,True,34.22,23.242526315789473,1,True,31.7,24.53563829787234,1,True
2026-08-08T20:15:00Z,5,Nablus,5-1,39.94,21.971052631578946,1,True,34.05,23.374315789473684,1,True,29.61,24.598191489361703,1,True
2026-08-08T20:30:00Z,5,Nablus,5-1,38.57,22.19105263157895,1,True,34.11,23.503052631578946,1,True,32.1,24.692978723404256,1,True
2026-08-08T20:45:00Z,5,Nablus,5-1,37.83,22.41315789473684,1,True,36.18,23.64926315789474,1,True,31.76,24.783617021276598,1,True
2026-08-08T21:00:00Z,5,Nablus,5-1,35.94,22.608526315789472,1,True,,,,False,29.45,24.850531914893615,1,True
2026-08-08T21:15:00Z,5,Nablus,5-1,34.35,22.788736842105262,1,True,37.12,23.828510638297875,1,True,31.97,24.93723404255319,1,True
2026-08-08T21:30:00Z,5,Nablus,5-1,34.54,22.95905263157895,1,True,35.71,23.969787234042553,1,True,30.79,25.002340425531912,1,True
2026-08-08T21:45:00Z,5,Nablus,5-1,32.97,23.100842105263162,1,True,32.85,24.083085106382978,1,True,29.81,25.06563829787234,1,True
2026-08-08T22:00:00Z,5,Nablus,5-1,34.22,23.242526315789473,1,True,32.08,24.187446808510636,1,True,28.99,25.13212765957447,1,True
2026-08-08T22:15:00Z,5,Nablus,5-1,34.05,23.374315789473684,1,True,31.49,24.270638297872342,1,True,28.2,25.19755319148936,1,True
2026-08-08T22:30:00Z,5,Nablus,5-1,34.11,23.503052631578946,1,True,31.98,24.35191489361702,1,True,28.35,25.268617021276597,1,True
2026-08-08T22:45:00Z,5,Nablus,5-1,36.18,23.64926315789474,1,True,32.5,24.450744680851066,1,True,28.23,25.348936170212767,1,True
2026-08-08T23:00:00Z,5,Nablus,5-1,,,,False,31.7,24.53563829787234,1,True,26.58,25.41531914893617,1,True
2026-08-08T23:15:00Z,5,Nablus,5-1,37.12,23.828510638297875,1,True,29.61,24.598191489361703,1,True,25.41,25.47212765957447,1,True
2026-08-08T23:30:00Z,5,Nablus,5-1,35.71,23.969787234042553,1,True,32.1,24.692978723404256,1,True,25.14,25.522765957446808,1,True
2026-08-08T23:45:00Z,5,Nablus,5-1,32.85,24.083085106382978,1,True,31.76,24.783617021276598,1,True,25.03,25.57904255319149,1,True
2026-08-09T00:15:00Z,5,Nablus,5-1,31.49,24.270638297872342,1,True,31.97,24.93723404255319,1,True,22.37,25.63691489361702,1,True
2026-08-09T00:30:00Z,5,Nablus,5-1,31.98,24.35191489361702,1,True,30.79,25.002340425531912,1,True,22.06,25.66255319148936,1,True
2026-08-09T00:45:00Z,5,Nablus,5-1,32.5,24.450744680851066,1,True,29.81,25.06563829787234,1,True,22.54,25.695851063829785,1,True
2026-08-09T01:00:00Z,5,Nablus,5-1,31.7,24.53563829787234,1,True,28.99,25.13212765957447,1,True,21.68,25.72095744680851,1,True
2026-08-09T01:15:00Z,5,Nablus,5-1,29.61,24.598191489361703,1,True,28.2,25.19755319148936,1,True,20.22,25.736914893617023,1,True
2026-08-09T01:30:00Z,5,Nablus,5-1,32.1,24.692978723404256,1,True,28.35,25.268617021276597,1,True,18.83,25.73904255319149,1,True
2026-08-09T01:45:00Z,5,Nablus,5-1,31.76,24.783617021276598,1,True,28.23,25.348936170212767,1,True,18.93,25.747659574468088,1,True
2026-08-09T02:00:00Z,5,Nablus,5-1,29.45,24.850531914893615,1,True,26.58,25.41531914893617,1,True,19.25,25.755106382978724,1,True
2026-08-09T02:15:00Z,5,Nablus,5-1,31.97,24.93723404255319,1,True,25.41,25.47212765957447,1,True,20.12,25.775212765957445,1,True
2026-08-09T02:30:00Z,5,Nablus,5-1,30.79,25.002340425531912,1,True,25.14,25.522765957446808,1,True,18.31,25.775106382978723,1,True
2026-08-09T02:45:00Z,5,Nablus,5-1,29.81,25.06563829787234,1,True,25.03,25.57904255319149,1,True,17.05,25.76468085106383,1,True
2026-08-09T03:00:00Z,5,Nablus,5-1,28.99,25.13212765957447,1,True,22.96,25.61031914893617,1,True,14.64,25.728617021276598,1,True
2026-08-09T03:15:00Z,5,Nablus,5-1,28.2,25.19755319148936,1,True,22.37,25.63691489361702,1,True,14.46,25.69648936170213,1,True
2026-08-09T03:30:00Z,5,Nablus,5-1,28.35,25.268617021276597,1,True,22.06,25.66255319148936,1,True,14.31,25.665744680851063,1,True
2026-08-09T03:45:00Z,5,Nablus,5-1,28.23,25.348936170212767,1,True,22.54,25.695851063829785,1,True,14.39,25.625212765957446,1,True
2026-08-09T04:00:00Z,5,Nablus,5-1,26.58,25.41531914893617,1,True,21.68,25.72095744680851,1,True,15.29,25.58712765957447,1,True
2026-08-09T04:15:00Z,5,Nablus,5-1,25.41,25.47212765957447,1,True,20.22,25.736914893617023,1,True,14.81,25.547340425531914,1,True
2026-08-09T04:30:00Z,5,Nablus,5-1,25.14,25.522765957446808,1,True,18.83,25.73904255319149,1,True,14.42,25.501063829787235,1,True
2026-08-09T04:45:00Z,5,Nablus,5-1,25.03,25.57904255319149,1,True,18.93,25.747659574468088,1,True,13.89,25.45414893617021,1,True
2026-08-09T05:00:00Z,5,Nablus,5-1,22.96,25.61031914893617,1,True,19.25,25.755106382978724,1,True,13.84,25.411595744680852,1,True
2026-08-09T05:15:00Z,5,Nablus,5-1,22.37,25.63691489361702,1,True,20.12,25.775212765957445,1,True,,,,False
2026-08-09T05:30:00Z,5,Nablus,5-1,22.06,25.66255319148936,1,True,18.31,25.775106382978723,1,True,,,,False
2026-08-09T05:45:00Z,5,Nablus,5-1,22.54,25.695851063829785,1,True,17.05,25.76468085106383,1,True,,,,False
2026-08-09T06:00:00Z,5,Nablus,5-1,21.68,25.72095744680851,1,False,14.64,25.728617021276598,1,False,,,,False
2026-08-09T06:15:00Z,5,Nablus,5-1,20.22,25.736914893617023,1,True,14.46,25.69648936170213,1,True,,,,False
2026-08-09T06:30:00Z,5,Nablus,5-1,18.83,25.73904255319149,1,True,14.31,25.665744680851063,1,True,,,,False
2026-08-09T06:45:00Z,5,Nablus,5-1,18.93,25.747659574468088,1,True,14.39,25.625212765957446,1,True,,,,False
2026-08-09T07:00:00Z,5,Nablus,5-1,19.25,25.755106382978724,1,True,15.29,25.58712765957447,1,True,,,,False
2026-08-09T07:15:00Z,5,Nablus,5-1,20.12,25.775212765957445,1,True,14.81,25.547340425531914,1,True,,,,False
2026-08-09T07:30:00Z,5,Nablus,5-1,18.31,25.775106382978723,1,True,14.42,25.501063829787235,1,True,,,,False
2026-08-09T07:45:00Z,5,Nablus,5-1,17.05,25.76468085106383,1,True,13.89,25.45414893617021,1,True,,,,False
2026-08-09T08:00:00Z,5,Nablus,5-1,14.64,25.728617021276598,1,True,13.84,25.411595744680852,1,True,,,,False
2026-08-09T08:15:00Z,5,Nablus,5-1,14.46,25.69648936170213,1,True,,,,False,,,,False
2026-08-09T08:30:00Z,5,Nablus,5-1,14.31,25.665744680851063,1,True,,,,False,,,,False
2026-08-09T08:45:00Z,5,Nablus,5-1,14.39,25.625212765957446,1,True,,,,False,,,,False
2026-08-09T09:00:00Z,5,Nablus,5-1,15.29,25.58712765957447,1,True,,,,False,,,,False
2026-08-09T09:15:00Z,5,Nablus,5-1,14.81,25.547340425531914,1,True,,,,False,,,,False
2026-08-09T09:30:00Z,5,Nablus,5-1,14.42,25.501063829787235,1,True,,,,False,,,,False
2026-08-09T09:45:00Z,5,Nablus,5-1,13.89,25.45414893617021,1,True,,,,False,,,,False
2026-08-09T10:00:00Z,5,Nablus,5-1,13.84,25.411595744680852,1,True,,,,False,,,,False
2026-08-09T10:15:00Z,5,Nablus,5-1,,,,False,,,,False,,,,False
2026-08-09T10:30:00Z,5,Nablus,5-1,,,,False,,,,False,,,,False
2026-08-09T10:45:00Z,5,Nablus,5-1,,,,False,,,,False,,,,False
2026-08-09T11:00:00Z,5,Nablus,5-1,,,,False,,,,False,,,,False
2026-08-17T10:15:00Z,5,Nablus,5-2,10.52,12.22,,False,8.69,10.42153846153846,,False,13.75,10.5084,,False
2026-08-17T10:30:00Z,5,Nablus,5-2,10.31,11.901666666666666,,False,8.68,10.297142857142857,,False,14.38,10.657307692307691,,False
2026-08-17T10:45:00Z,5,Nablus,5-2,9.71,11.588571428571429,,False,8.91,10.204666666666666,,False,13.87,10.776296296296296,,False
2026-08-17T11:00:00Z,5,Nablus,5-2,9.49,11.32625,,False,9.09,10.135,,False,14.51,10.909642857142856,,False
2026-08-17T11:15:00Z,5,Nablus,5-2,9.79,11.155555555555557,,False,8.93,10.064117647058824,,False,14.44,11.031379310344827,,False
2026-08-17T11:30:00Z,5,Nablus,5-2,9.17,10.956999999999999,,False,9.5,10.032777777777778,,False,14.61,11.150666666666666,,False
2026-08-17T11:45:00Z,5,Nablus,5-2,8.54,10.737272727272726,,False,10.11,10.036842105263156,,False,14.95,11.273225806451611,,False
2026-08-17T12:00:00Z,5,Nablus,5-2,8.68,10.565833333333332,,False,10.48,10.059000000000001,,False,15.3,11.3990625,,False
2026-08-17T12:15:00Z,5,Nablus,5-2,8.69,10.42153846153846,,False,10.8,10.094285714285714,,False,16.13,11.542424242424241,,False
2026-08-17T12:30:00Z,5,Nablus,5-2,8.68,10.297142857142857,,False,11.27,10.147727272727273,,False,16.11,11.676764705882352,,False
2026-08-17T12:45:00Z,5,Nablus,5-2,8.91,10.204666666666666,,False,12.67,10.257391304347825,,False,15.53,11.786857142857144,,False
2026-08-17T13:00:00Z,5,Nablus,5-2,9.09,10.135,,False,13.04,10.373333333333333,,False,15.5,11.89,,False
2026-08-17T13:15:00Z,5,Nablus,5-2,8.93,10.064117647058824,,False,13.75,10.5084,,False,15.73,11.993783783783783,,False
2026-08-17T13:30:00Z,5,Nablus,5-2,9.5,10.032777777777778,,False,14.38,10.657307692307691,,False,16.39,12.109473684210526,,False
2026-08-17T13:45:00Z,5,Nablus,5-2,10.11,10.036842105263156,,False,13.87,10.776296296296296,,False,16.25,12.215641025641025,,False
2026-08-17T14:00:00Z,5,Nablus,5-2,10.48,10.059000000000001,,False,14.51,10.909642857142856,,False,16.57,12.3245,,False
2026-08-17T14:15:00Z,5,Nablus,5-2,10.8,10.094285714285714,,False,14.44,11.031379310344827,,False,17.41,12.448536585365853,,False
2026-08-17T14:30:00Z,5,Nablus,5-2,11.27,10.147727272727273,,False,14.61,11.150666666666666,,False,15.98,12.532619047619047,,False
2026-08-17T14:45:00Z,5,Nablus,5-2,12.67,10.257391304347825,,False,14.95,11.273225806451611,,False,16.62,12.627674418604652,,False
2026-08-17T15:00:00Z,5,Nablus,5-2,13.04,10.373333333333333,,False,15.3,11.3990625,,False,17.31,12.734090909090908,,False
2026-08-17T15:15:00Z,5,Nablus,5-2,13.75,10.5084,,False,16.13,11.542424242424241,,False,21.2,12.922222222222222,,False
2026-08-17T15:30:00Z,5,Nablus,5-2,14.38,10.657307692307691,,False,16.11,11.676764705882352,,False,18.83,13.050652173913045,,False
2026-08-17T15:45:00Z,5,Nablus,5-2,13.87,10.776296296296296,,False,15.53,11.786857142857144,,False,17.08,13.136382978723404,,False
2026-08-17T16:00:00Z,5,Nablus,5-2,14.51,10.909642857142856,,False,15.5,11.89,,False,17.4,13.225208333333333,,False
2026-08-17T16:15:00Z,5,Nablus,5-2,14.44,11.031379310344827,,True,15.73,11.993783783783783,,True,16.99,13.30204081632653,,True
2026-08-17T16:30:00Z,5,Nablus,5-2,14.61,11.150666666666666,,True,16.39,12.109473684210526,,True,16.78,13.3716,,True
2026-08-17T16:45:00Z,5,Nablus,5-2,14.95,11.273225806451611,,True,16.25,12.215641025641025,,True,16.45,13.431960784313725,,True
2026-08-17T17:00:00Z,5,Nablus,5-2,15.3,11.3990625,,True,16.57,12.3245,,True,16.7,13.494807692307692,,True
2026-08-17T17:15:00Z,5,Nablus,5-2,16.13,11.542424242424241,,True,17.41,12.448536585365853,,True,17.02,13.56132075471698,,True
2026-08-17T17:30:00Z,5,Nablus,5-2,16.11,11.676764705882352,,True,15.98,12.532619047619047,,True,16.59,13.617407407407407,,True
2026-08-17T17:45:00Z,5,Nablus,5-2,15.53,11.786857142857144,,True,16.62,12.627674418604652,,True,17.04,13.679636363636364,,True
2026-08-17T18:00:00Z,5,Nablus,5-2,15.5,11.89,,True,17.31,12.734090909090908,,True,17.57,13.749107142857143,,True
2026-08-17T18:15:00Z,5,Nablus,5-2,15.73,11.993783783783783,,True,21.2,12.922222222222222,,True,17.52,13.815263157894737,,True
2026-08-17T18:30:00Z,5,Nablus,5-2,16.39,12.109473684210526,,True,18.83,13.050652173913045,,True,17.9,13.885689655172413,,True
2026-08-17T18:45:00Z,5,Nablus,5-2,16.25,12.215641025641025,,True,17.08,13.136382978723404,,True,18.11,13.95728813559322,,True
2026-08-17T19:00:00Z,5,Nablus,5-2,16.57,12.3245,,True,17.4,13.225208333333333,,True,18.96,14.040666666666665,,True
2026-08-17T19:15:00Z,5,Nablus,5-2,17.41,12.448536585365853,,True,16.99,13.30204081632653,,True,18.63,14.115901639344262,,True
2026-08-17T19:30:00Z,5,Nablus,5-2,15.98,12.532619047619047,,True,16.78,13.3716,,True,19.26,14.198870967741936,,True
2026-08-17T19:45:00Z,5,Nablus,5-2,16.62,12.627674418604652,,True,16.45,13.431960784313725,,True,19.35,14.28063492063492,,True
2026-08-17T20:00:00Z,5,Nablus,5-2,17.31,12.734090909090908,,True,16.7,13.494807692307692,,True,20.17,14.37265625,,True
2026-08-17T20:15:00Z,5,Nablus,5-2,21.2,12.922222222222222,,True,17.02,13.56132075471698,,True,21.14,14.47676923076923,,True
2026-08-17T20:30:00Z,5,Nablus,5-2,18.83,13.050652173913045,,True,16.59,13.617407407407407,,True,21.97,14.590303030303032,,True
2026-08-17T20:45:00Z,5,Nablus,5-2,17.08,13.136382978723404,,True,17.04,13.679636363636364,,True,21.95,14.700149253731343,,True
2026-08-17T21:00:00Z,5,Nablus,5-2,17.4,13.225208333333333,,True,17.57,13.749107142857143,,True,22.82,14.819558823529412,,True
2026-08-17T21:15:00Z,5,Nablus,5-2,16.99,13.30204081632653,,True,17.52,13.815263157894737,,True,23.82,14.95,,True
2026-08-17T21:30:00Z,5,Nablus,5-2,16.78,13.3716,,True,17.9,13.885689655172413,,True,23.74,15.075571428571427,,True
2026-08-17T21:45:00Z,5,Nablus,5-2,16.45,13.431960784313725,,True,18.11,13.95728813559322,,True,23.33,15.191830985915491,,True
2026-08-17T22:00:00Z,5,Nablus,5-2,16.7,13.494807692307692,,True,18.96,14.040666666666665,,True,22.54,15.29388888888889,1,True
2026-08-17T22:15:00Z,5,Nablus,5-2,17.02,13.56132075471698,,True,18.63,14.115901639344262,,True,21.31,15.376301369863015,1,True
2026-08-17T22:30:00Z,5,Nablus,5-2,16.59,13.617407407407407,,True,19.26,14.198870967741936,,True,21.63,15.460810810810809,1,True
2026-08-17T22:45:00Z,5,Nablus,5-2,17.04,13.679636363636364,,True,19.35,14.28063492063492,,True,20.68,15.5304,1,True
2026-08-17T23:00:00Z,5,Nablus,5-2,17.57,13.749107142857143,,True,20.17,14.37265625,,True,19.62,15.584210526315792,1,True
2026-08-17T23:15:00Z,5,Nablus,5-2,17.52,13.815263157894737,,True,21.14,14.47676923076923,,True,18.25,15.61883116883117,1,True
2026-08-17T23:30:00Z,5,Nablus,5-2,17.9,13.885689655172413,,True,21.97,14.590303030303032,,True,17.35,15.64102564102564,1,True
2026-08-17T23:45:00Z,5,Nablus,5-2,18.11,13.95728813559322,,True,21.95,14.700149253731343,,True,18.02,15.67113924050633,1,True
2026-08-18T00:00:00Z,5,Nablus,5-2,18.96,14.040666666666665,,True,22.82,14.819558823529412,,True,17.7,15.6965,1,True
2026-08-18T00:15:00Z,5,Nablus,5-2,18.63,14.115901639344262,,True,23.82,14.95,,True,19.29,15.740864197530865,1,True
2026-08-18T00:30:00Z,5,Nablus,5-2,19.26,14.198870967741936,,True,23.74,15.075571428571427,,True,17.98,15.768170731707317,1,True
2026-08-18T00:45:00Z,5,Nablus,5-2,19.35,14.28063492063492,,True,23.33,15.191830985915491,,True,17.27,15.786265060240964,1,True
2026-08-18T01:00:00Z,5,Nablus,5-2,20.17,14.37265625,,True,22.54,15.29388888888889,1,True,16.92,15.799761904761905,1,True
2026-08-18T01:15:00Z,5,Nablus,5-2,21.14,14.47676923076923,,True,21.31,15.376301369863015,1,True,16.33,15.806,1,True
2026-08-18T01:30:00Z,5,Nablus,5-2,21.97,14.590303030303032,,True,21.63,15.460810810810809,1,True,16.33,15.812093023255812,1,True
2026-08-18T01:45:00Z,5,Nablus,5-2,21.95,14.700149253731343,,True,20.68,15.5304,1,True,15.81,15.812068965517243,1,True
2026-08-18T02:00:00Z,5,Nablus,5-2,22.82,14.819558823529412,,True,19.62,15.584210526315792,1,True,14.63,15.798636363636364,1,True
2026-08-18T02:15:00Z,5,Nablus,5-2,23.82,14.95,,True,18.25,15.61883116883117,1,True,14.88,15.788314606741574,1,True
2026-08-18T02:30:00Z,5,Nablus,5-2,23.74,15.075571428571427,,True,17.35,15.64102564102564,1,True,14.31,15.771888888888888,1,True
2026-08-18T02:45:00Z,5,Nablus,5-2,23.33,15.191830985915491,,True,18.02,15.67113924050633,1,True,13.84,15.75065934065934,1,True
2026-08-18T03:00:00Z,5,Nablus,5-2,22.54,15.29388888888889,1,True,17.7,15.6965,1,True,14.59,15.73804347826087,1,True
2026-08-18T03:15:00Z,5,Nablus,5-2,21.31,15.376301369863015,1,True,19.29,15.740864197530865,1,True,14.28,15.72236559139785,1,True
2026-08-18T03:30:00Z,5,Nablus,5-2,21.63,15.460810810810809,1,True,17.98,15.768170731707317,1,True,14.06,15.70468085106383,1,True
2026-08-18T03:45:00Z,5,Nablus,5-2,20.68,15.5304,1,True,17.27,15.786265060240964,1,True,13.7,15.68357894736842,1,True
2026-08-18T04:00:00Z,5,Nablus,5-2,19.62,15.584210526315792,1,True,16.92,15.799761904761905,1,True,13.37,15.659479166666666,1,True
2026-08-18T04:15:00Z,5,Nablus,5-2,18.25,15.61883116883117,1,True,16.33,15.806,1,True,13.88,15.646041666666667,1,True
2026-08-18T04:30:00Z,5,Nablus,5-2,17.35,15.64102564102564,1,True,16.33,15.812093023255812,1,True,14.17,15.653958333333334,1,True
2026-08-18T04:45:00Z,5,Nablus,5-2,18.02,15.67113924050633,1,True,15.81,15.812068965517243,1,True,14.27,15.686354166666666,1,True
2026-08-18T05:00:00Z,5,Nablus,5-2,17.7,15.6965,1,True,14.63,15.798636363636364,1,True,13.76,15.716770833333333,1,True
2026-08-18T05:15:00Z,5,Nablus,5-2,19.29,15.740864197530865,1,True,14.88,15.788314606741574,1,True,17.07,15.785000000000002,1,True
2026-08-18T05:30:00Z,5,Nablus,5-2,17.98,15.768170731707317,1,True,14.31,15.771888888888888,1,True,17.72,15.8621875,1,True
2026-08-18T05:45:00Z,5,Nablus,5-2,17.27,15.786265060240964,1,True,13.84,15.75065934065934,1,True,14.56,15.912708333333335,1,True
2026-08-18T06:00:00Z,5,Nablus,5-2,16.92,15.799761904761905,1,True,14.59,15.73804347826087,1,True,13.85,15.958125,1,True
2026-08-18T06:15:00Z,5,Nablus,5-2,16.33,15.806,1,True,14.28,15.72236559139785,1,True,13.51,15.996874999999998,1,True
2026-08-18T06:30:00Z,5,Nablus,5-2,16.33,15.812093023255812,1,True,14.06,15.70468085106383,1,True,13.61,16.043125,1,True
2026-08-18T06:45:00Z,5,Nablus,5-2,15.81,15.812068965517243,1,True,13.7,15.68357894736842,1,True,13.76,16.0975,1,True
2026-08-18T07:00:00Z,5,Nablus,5-2,14.63,15.798636363636364,1,True,13.37,15.659479166666666,1,True,13.4,16.146666666666665,1,True
2026-08-18T07:15:00Z,5,Nablus,5-2,14.88,15.788314606741574,1,True,13.88,15.646041666666667,1,True,13.59,16.197708333333335,1,True
2026-08-18T07:30:00Z,5,Nablus,5-2,14.31,15.771888888888888,1,True,14.17,15.653958333333334,1,True,13.65,16.249479166666664,1,True
2026-08-18T07:45:00Z,5,Nablus,5-2,13.84,15.75065934065934,1,True,14.27,15.686354166666666,1,True,13.78,16.300208333333334,1,True
2026-08-18T08:00:00Z,5,Nablus,5-2,14.59,15.73804347826087,1,True,13.76,15.716770833333333,1,True,13.6,16.3471875,1,True
2026-08-18T08:15:00Z,5,Nablus,5-2,14.28,15.72236559139785,1,True,17.07,15.785000000000002,1,True,13.52,16.395,1,True
2026-08-18T08:30:00Z,5,Nablus,5-2,14.06,15.70468085106383,1,True,17.72,15.8621875,1,True,14.17,16.443645833333335,1,True
2026-08-18T08:45:00Z,5,Nablus,5-2,13.7,15.68357894736842,1,True,14.56,15.912708333333335,1,True,15.32,16.497916666666665,1,True
2026-08-18T09:00:00Z,5,Nablus,5-2,13.37,15.659479166666666,1,True,13.85,15.958125,1,True,16.51,16.560729166666665,1,True
2026-08-18T09:15:00Z,5,Nablus,5-2,13.88,15.646041666666667,1,True,13.51,15.996874999999998,1,True,17.38,16.629270833333333,1,True
2026-08-18T09:30:00Z,5,Nablus,5-2,14.17,15.653958333333334,1,True,13.61,16.043125,1,True,17.75,16.696770833333332,1,True
2026-08-18T09:45:00Z,5,Nablus,5-2,14.27,15.686354166666666,1,True,13.76,16.0975,1,True,18.29,16.7553125,1,True
2026-08-18T10:00:00Z,5,Nablus,5-2,13.76,15.716770833333333,1,True,13.4,16.146666666666665,1,True,19.11,16.818541666666665,1,True
2026-08-18T10:15:00Z,5,Nablus,5-2,17.07,15.785000000000002,1,True,13.59,16.197708333333335,1,True,20.18,16.885520833333334,1,True
2026-08-18T10:30:00Z,5,Nablus,5-2,17.72,15.8621875,1,True,13.65,16.249479166666664,1,True,20.84,16.9528125,1,True
2026-08-18T10:45:00Z,5,Nablus,5-2,14.56,15.912708333333335,1,True,13.78,16.300208333333334,1,True,21.72,17.034583333333334,1,True
2026-08-18T11:00:00Z,5,Nablus,5-2,13.85,15.958125,1,True,13.6,16.3471875,1,True,22.21,17.114791666666665,1,True
2026-08-18T11:15:00Z,5,Nablus,5-2,13.51,15.996874999999998,1,True,13.52,16.395,1,True,23.35,17.207604166666666,1,True
2026-08-18T11:30:00Z,5,Nablus,5-2,13.61,16.043125,1,True,14.17,16.443645833333335,1,True,23.78,17.303124999999998,1,True
2026-08-18T11:45:00Z,5,Nablus,5-2,13.76,16.0975,1,True,15.32,16.497916666666665,1,True,23.98,17.397187499999998,1,True
2026-08-18T12:00:00Z,5,Nablus,5-2,13.4,16.146666666666665,1,True,16.51,16.560729166666665,1,True,24.18,17.4896875,1,True
2026-08-18T12:15:00Z,5,Nablus,5-2,13.59,16.197708333333335,1,True,17.38,16.629270833333333,1,True,23.04,17.561666666666664,1,True
2026-08-18T12:30:00Z,5,Nablus,5-2,13.65,16.249479166666664,1,True,17.75,16.696770833333332,1,True,23.59,17.639583333333334,1,True
2026-08-18T12:45:00Z,5,Nablus,5-2,13.78,16.300208333333334,1,True,18.29,16.7553125,1,True,23.46,17.7221875,1,True
2026-08-18T13:00:00Z,5,Nablus,5-2,13.6,16.3471875,1,True,19.11,16.818541666666665,1,True,22.85,17.798750000000002,1,True
2026-08-18T13:15:00Z,5,Nablus,5-2,13.52,16.395,1,True,20.18,16.885520833333334,1,True,23.28,17.877395833333335,1,True
2026-08-18T13:30:00Z,5,Nablus,5-2,14.17,16.443645833333335,1,True,20.84,16.9528125,1,True,21.86,17.934375,1,True
2026-08-18T13:45:00Z,5,Nablus,5-2,15.32,16.497916666666665,1,True,21.72,17.034583333333334,1,True,23.25,18.007291666666664,1,True
2026-08-18T14:00:00Z,5,Nablus,5-2,16.51,16.560729166666665,1,True,22.21,17.114791666666665,1,True,21.11,18.054583333333333,1,True
2026-08-18T14:15:00Z,5,Nablus,5-2,17.38,16.629270833333333,1,True,23.35,17.207604166666666,1,True,21.39,18.096041666666665,1,True
2026-08-18T14:30:00Z,5,Nablus,5-2,17.75,16.696770833333332,1,True,23.78,17.303124999999998,1,True,21.2,18.15041666666667,1,True
2026-08-18T14:45:00Z,5,Nablus,5-2,18.29,16.7553125,1,True,23.98,17.397187499999998,1,True,21.95,18.2059375,1,True
2026-08-18T15:00:00Z,5,Nablus,5-2,19.11,16.818541666666665,1,True,24.18,17.4896875,1,True,22.28,18.257708333333333,1,True
2026-08-18T15:15:00Z,5,Nablus,5-2,20.18,16.885520833333334,1,True,23.04,17.561666666666664,1,True,21.98,18.265833333333333,1,True
2026-08-18T15:30:00Z,5,Nablus,5-2,20.84,16.9528125,1,True,23.59,17.639583333333334,1,True,21.16,18.29010416666667,1,True
2026-08-18T15:45:00Z,5,Nablus,5-2,21.72,17.034583333333334,1,True,23.46,17.7221875,1,True,23.43,18.35625,1,True
2026-08-18T16:00:00Z,5,Nablus,5-2,22.21,17.114791666666665,1,True,22.85,17.798750000000002,1,True,23.73,18.4221875,1,True
2026-08-18T16:15:00Z,5,Nablus,5-2,23.35,17.207604166666666,1,True,23.28,17.877395833333335,1,True,23.6,18.491041666666668,1,True
2026-08-18T16:30:00Z,5,Nablus,5-2,23.78,17.303124999999998,1,True,21.86,17.934375,1,True,27.42,18.601875,1,True
2026-08-18T16:45:00Z,5,Nablus,5-2,23.98,17.397187499999998,1,True,23.25,18.007291666666664,1,True,23.35,18.673750000000002,1,True
2026-08-18T17:00:00Z,5,Nablus,5-2,24.18,17.4896875,1,True,21.11,18.054583333333333,1,True,22.77,18.736979166666668,1,True
2026-08-18T17:15:00Z,5,Nablus,5-2,23.04,17.561666666666664,1,True,21.39,18.096041666666665,1,True,23.33,18.80270833333333,1,True
2026-08-18T17:30:00Z,5,Nablus,5-2,23.59,17.639583333333334,1,True,21.2,18.15041666666667,1,True,22.69,18.86625,1,True
2026-08-18T17:45:00Z,5,Nablus,5-2,23.46,17.7221875,1,True,21.95,18.2059375,1,True,23.11,18.929479166666667,1,True
2026-08-18T18:00:00Z,5,Nablus,5-2,22.85,17.798750000000002,1,True,22.28,18.257708333333333,1,True,23.48,18.991041666666664,1,True
2026-08-18T18:15:00Z,5,Nablus,5-2,23.28,17.877395833333335,1,True,21.98,18.265833333333333,1,True,23.14,19.049583333333334,1,True
2026-08-18T18:30:00Z,5,Nablus,5-2,21.86,17.934375,1,True,21.16,18.29010416666667,1,True,21.31,19.085104166666667,1,True
2026-08-18T18:45:00Z,5,Nablus,5-2,23.25,18.007291666666664,1,True,23.43,18.35625,1,True,19.56,19.10020833333333,1,True
2026-08-18T19:00:00Z,5,Nablus,5-2,21.11,18.054583333333333,1,True,23.73,18.4221875,1,True,21.92,19.131041666666665,1,True
2026-08-18T19:15:00Z,5,Nablus,5-2,21.39,18.096041666666665,1,True,23.6,18.491041666666668,1,True,23.41,19.180833333333336,1,True
2026-08-18T19:30:00Z,5,Nablus,5-2,21.2,18.15041666666667,1,True,27.42,18.601875,1,True,25.08,19.241458333333334,1,True
2026-08-18T19:45:00Z,5,Nablus,5-2,21.95,18.2059375,1,True,23.35,18.673750000000002,1,True,25.75,19.308125,1,True
2026-08-18T20:00:00Z,5,Nablus,5-2,22.28,18.257708333333333,1,True,22.77,18.736979166666668,1,True,23.96,19.347604166666667,1,True
2026-08-18T20:15:00Z,5,Nablus,5-2,21.98,18.265833333333333,1,True,23.33,18.80270833333333,1,True,29.61,19.43583333333333,1,True
2026-08-18T20:30:00Z,5,Nablus,5-2,21.16,18.29010416666667,1,True,22.69,18.86625,1,True,33.01,19.550833333333333,1,True
2026-08-18T20:45:00Z,5,Nablus,5-2,23.43,18.35625,1,True,23.11,18.929479166666667,1,True,27.61,19.609791666666666,1,True
2026-08-18T21:00:00Z,5,Nablus,5-2,23.73,18.4221875,1,True,23.48,18.991041666666664,1,True,20.55,19.586145833333333,1,True
2026-08-18T21:15:00Z,5,Nablus,5-2,23.6,18.491041666666668,1,True,23.14,19.049583333333334,1,True,18.62,19.531979166666666,1,True
2026-08-18T21:30:00Z,5,Nablus,5-2,27.42,18.601875,1,True,21.31,19.085104166666667,1,True,17.38,19.465729166666666,1,True
2026-08-18T21:45:00Z,5,Nablus,5-2,23.35,18.673750000000002,1,True,19.56,19.10020833333333,1,True,17.7,19.407083333333336,1,True
2026-08-18T22:00:00Z,5,Nablus,5-2,22.77,18.736979166666668,1,True,21.92,19.131041666666665,1,True,20.55,19.386354166666667,1,True
2026-08-18T22:15:00Z,5,Nablus,5-2,23.33,18.80270833333333,1,True,23.41,19.180833333333336,1,True,15.19,19.322604166666668,1,True
2026-08-18T22:30:00Z,5,Nablus,5-2,22.69,18.86625,1,True,25.08,19.241458333333334,1,True,16.0,19.263958333333335,1,True
2026-08-18T22:45:00Z,5,Nablus,5-2,23.11,18.929479166666667,1,True,25.75,19.308125,1,True,17.81,19.2340625,1,True
2026-08-18T23:00:00Z,5,Nablus,5-2,23.48,18.991041666666664,1,True,23.96,19.347604166666667,1,True,14.81,19.183958333333333,1,True
2026-08-18T23:15:00Z,5,Nablus,5-2,23.14,19.049583333333334,1,True,29.61,19.43583333333333,1,True,13.33,19.13270833333333,1,True
2026-08-18T23:30:00Z,5,Nablus,5-2,21.31,19.085104166666667,1,True,33.01,19.550833333333333,1,True,14.4,19.101979166666666,1,True
2026-08-18T23:45:00Z,5,Nablus,5-2,19.56,19.10020833333333,1,True,27.61,19.609791666666666,1,True,14.9,19.069479166666667,1,True
2026-08-19T00:00:00Z,5,Nablus,5-2,21.92,19.131041666666665,1,True,20.55,19.586145833333333,1,True,13.01,19.020625,1,True
2026-08-19T00:15:00Z,5,Nablus,5-2,23.41,19.180833333333336,1,True,18.62,19.531979166666666,1,True,12.42,18.9490625,1,True
2026-08-19T00:30:00Z,5,Nablus,5-2,25.08,19.241458333333334,1,True,17.38,19.465729166666666,1,True,12.72,18.894270833333334,1,True
2026-08-19T00:45:00Z,5,Nablus,5-2,25.75,19.308125,1,True,17.7,19.407083333333336,1,True,12.48,18.844375,1,True
2026-08-19T01:00:00Z,5,Nablus,5-2,23.96,19.347604166666667,1,True,20.55,19.386354166666667,1,True,12.62,18.799583333333334,1,True
2026-08-19T01:15:00Z,5,Nablus,5-2,29.61,19.43583333333333,1,True,15.19,19.322604166666668,1,True,12.09,18.755416666666665,1,True
2026-08-19T01:30:00Z,5,Nablus,5-2,33.01,19.550833333333333,1,True,16.0,19.263958333333335,1,True,11.07,18.700625,1,True
2026-08-19T01:45:00Z,5,Nablus,5-2,27.61,19.609791666666666,1,True,17.81,19.2340625,1,True,11.19,18.6525,1,True
2026-08-19T02:00:00Z,5,Nablus,5-2,20.55,19.586145833333333,1,True,14.81,19.183958333333333,1,True,11.8,18.62302083333333,1,True
2026-08-19T02:15:00Z,5,Nablus,5-2,18.62,19.531979166666666,1,True,13.33,19.13270833333333,1,True,11.05,18.583125,1,True
2026-08-19T02:30:00Z,5,Nablus,5-2,17.38,19.465729166666666,1,True,14.4,19.101979166666666,1,True,12.0,18.5590625,1,True
2026-08-19T02:45:00Z,5,Nablus,5-2,17.7,19.407083333333336,1,True,14.9,19.069479166666667,1,True,12.03,18.540208333333336,1,True
2026-08-19T03:00:00Z,5,Nablus,5-2,20.55,19.386354166666667,1,True,13.01,19.020625,1,True,11.64,18.509479166666665,1,True
2026-08-19T03:15:00Z,5,Nablus,5-2,15.19,19.322604166666668,1,True,12.42,18.9490625,1,True,11.45,18.48,1,True
2026-08-19T03:30:00Z,5,Nablus,5-2,16.0,19.263958333333335,1,True,12.72,18.894270833333334,1,True,11.42,18.4525,1,True
2026-08-19T03:45:00Z,5,Nablus,5-2,17.81,19.2340625,1,True,12.48,18.844375,1,True,11.0,18.424375,1,True
2026-08-19T04:00:00Z,5,Nablus,5-2,14.81,19.183958333333333,1,True,12.62,18.799583333333334,1,True,11.33,18.403125,1,True
2026-08-19T04:15:00Z,5,Nablus,5-2,13.33,19.13270833333333,1,True,12.09,18.755416666666665,1,True,10.57,18.368645833333332,1,True
2026-08-19T04:30:00Z,5,Nablus,5-2,14.4,19.101979166666666,1,True,11.07,18.700625,1,True,11.51,18.3409375,1,True
2026-08-19T04:45:00Z,5,Nablus,5-2,14.9,19.069479166666667,1,True,11.19,18.6525,1,True,10.85,18.305312500000003,1,True
2026-08-19T05:00:00Z,5,Nablus,5-2,13.01,19.020625,1,True,11.8,18.62302083333333,1,True,11.45,18.28125,1,True
2026-08-19T05:15:00Z,5,Nablus,5-2,12.42,18.9490625,1,True,11.05,18.583125,1,True,11.27,18.220833333333335,1,True
2026-08-19T05:30:00Z,5,Nablus,5-2,12.72,18.894270833333334,1,True,12.0,18.5590625,1,True,14.34,18.185624999999998,1,True
2026-08-19T05:45:00Z,5,Nablus,5-2,12.48,18.844375,1,True,12.03,18.540208333333336,1,True,17.97,18.221145833333335,1,True
2026-08-19T06:00:00Z,5,Nablus,5-2,12.62,18.799583333333334,1,True,11.64,18.509479166666665,1,True,12.96,18.211875000000003,1,True
2026-08-19T06:15:00Z,5,Nablus,5-2,12.09,18.755416666666665,1,True,11.45,18.48,1,True,11.97,18.195833333333336,1,True
2026-08-19T06:30:00Z,5,Nablus,5-2,11.07,18.700625,1,True,11.42,18.4525,1,True,11.78,18.176770833333332,1,True
2026-08-19T06:45:00Z,5,Nablus,5-2,11.19,18.6525,1,True,11.0,18.424375,1,True,11.52,18.1534375,1,True
2026-08-19T07:00:00Z,5,Nablus,5-2,11.8,18.62302083333333,1,True,11.33,18.403125,1,True,11.34,18.131979166666667,1,True
2026-08-19T07:15:00Z,5,Nablus,5-2,11.05,18.583125,1,True,10.57,18.368645833333332,1,True,11.88,18.114166666666666,1,True
2026-08-19T07:30:00Z,5,Nablus,5-2,12.0,18.5590625,1,True,11.51,18.3409375,1,True,11.33,18.09,1,True
2026-08-19T07:45:00Z,5,Nablus,5-2,12.03,18.540208333333336,1,True,10.85,18.305312500000003,1,True,10.96,18.060625,1,True
2026-08-19T08:00:00Z,5,Nablus,5-2,11.64,18.509479166666665,1,True,11.45,18.28125,1,True,11.02,18.03375,1,True
2026-08-19T08:15:00Z,5,Nablus,5-2,11.45,18.48,1,True,11.27,18.220833333333335,1,True,11.2,18.009583333333335,1,True
2026-08-19T08:30:00Z,5,Nablus,5-2,11.42,18.4525,1,True,14.34,18.185624999999998,1,True,10.97,17.97625,1,True
2026-08-19T08:45:00Z,5,Nablus,5-2,11.0,18.424375,1,True,17.97,18.221145833333335,1,True,11.35,17.934895833333332,1,True
2026-08-19T09:00:00Z,5,Nablus,5-2,11.33,18.403125,1,True,12.96,18.211875000000003,1,True,11.4,17.881666666666668,1,True
2026-08-19T09:15:00Z,5,Nablus,5-2,10.57,18.368645833333332,1,True,11.97,18.195833333333336,1,True,11.96,17.825208333333332,1,True
2026-08-19T09:30:00Z,5,Nablus,5-2,11.51,18.3409375,1,True,11.78,18.176770833333332,1,True,11.63,17.761458333333334,1,True
2026-08-19T09:45:00Z,5,Nablus,5-2,10.85,18.305312500000003,1,True,11.52,18.1534375,1,True,11.8,17.693854166666664,1,True
2026-08-19T10:00:00Z,5,Nablus,5-2,11.45,18.28125,1,True,11.34,18.131979166666667,1,True,,,,False
2026-08-19T10:15:00Z,5,Nablus,5-2,11.27,18.220833333333335,1,True,11.88,18.114166666666666,1,True,12.22,17.595157894736843,1,True
2026-08-19T10:30:00Z,5,Nablus,5-2,14.34,18.185624999999998,1,True,11.33,18.09,1,True,11.27,17.49442105263158,1,True
2026-08-19T10:45:00Z,5,Nablus,5-2,17.97,18.221145833333335,1,True,10.96,18.060625,1,True,11.58,17.387684210526317,1,True
2026-08-19T11:00:00Z,5,Nablus,5-2,12.96,18.211875000000003,1,True,11.02,18.03375,1,True,11.13,17.271052631578947,1,True
2026-08-19T11:15:00Z,5,Nablus,5-2,11.97,18.195833333333336,1,True,11.2,18.009583333333335,1,True,11.91,17.15063157894737,1,True
2026-08-19T11:30:00Z,5,Nablus,5-2,11.78,18.176770833333332,1,True,10.97,17.97625,1,True,17.34,17.082842105263158,1,True
2026-08-19T11:45:00Z,5,Nablus,5-2,11.52,18.1534375,1,True,11.35,17.934895833333332,1,True,11.31,16.949473684210528,1,True
2026-08-19T12:00:00Z,5,Nablus,5-2,11.34,18.131979166666667,1,True,11.4,17.881666666666668,1,True,11.73,16.818421052631578,1,True
2026-08-19T12:15:00Z,5,Nablus,5-2,11.88,18.114166666666666,1,True,11.96,17.825208333333332,1,True,11.99,16.702105263157897,1,True
2026-08-19T12:30:00Z,5,Nablus,5-2,11.33,18.09,1,True,11.63,17.761458333333334,1,True,11.52,16.575052631578945,1,True
2026-08-19T12:45:00Z,5,Nablus,5-2,10.96,18.060625,1,True,11.8,17.693854166666664,1,True,11.99,16.454315789473686,1,True
2026-08-19T13:00:00Z,5,Nablus,5-2,11.02,18.03375,1,True,,,,False,12.3,16.343263157894736,1,True
2026-08-19T13:15:00Z,5,Nablus,5-2,11.2,18.009583333333335,1,True,12.22,17.595157894736843,1,True,12.1,16.225578947368422,1,True
2026-08-19T13:30:00Z,5,Nablus,5-2,10.97,17.97625,1,True,11.27,17.49442105263158,1,True,12.51,16.127157894736843,1,True
2026-08-19T13:45:00Z,5,Nablus,5-2,11.35,17.934895833333332,1,True,11.58,17.387684210526317,1,True,13.31,16.022526315789474,1,True
2026-08-19T14:00:00Z,5,Nablus,5-2,11.4,17.881666666666668,1,True,11.13,17.271052631578947,1,True,11.85,15.925052631578946,1,True
2026-08-19T14:15:00Z,5,Nablus,5-2,11.96,17.825208333333332,1,True,11.91,17.15063157894737,1,True,10.09,15.806105263157896,1,True
2026-08-19T14:30:00Z,5,Nablus,5-2,11.63,17.761458333333334,1,True,17.34,17.082842105263158,1,True,12.28,15.71221052631579,1,True
2026-08-19T14:45:00Z,5,Nablus,5-2,11.8,17.693854166666664,1,True,11.31,16.949473684210528,1,True,12.94,15.617368421052632,1,True
2026-08-19T15:00:00Z,5,Nablus,5-2,,,,False,11.73,16.818421052631578,1,True,13.0,15.519684210526316,1,True
2026-08-19T15:15:00Z,5,Nablus,5-2,12.22,17.595157894736843,1,True,11.99,16.702105263157897,1,True,13.01,15.425263157894738,1,True
2026-08-19T15:30:00Z,5,Nablus,5-2,11.27,17.49442105263158,1,True,11.52,16.575052631578945,1,True,12.68,15.335999999999999,1,True
2026-08-19T15:45:00Z,5,Nablus,5-2,11.58,17.387684210526317,1,True,11.99,16.454315789473686,1,True,13.14,15.227684210526316,1,True
2026-08-19T16:15:00Z,5,Nablus,5-2,11.91,17.15063157894737,1,True,12.1,16.225578947368422,1,True,12.94,15.008631578947368,1,True
2026-08-19T16:30:00Z,5,Nablus,5-2,17.34,17.082842105263158,1,True,12.51,16.127157894736843,1,True,13.52,14.862315789473685,0,True
2026-08-19T16:45:00Z,5,Nablus,5-2,11.31,16.949473684210528,1,True,13.31,16.022526315789474,1,True,15.01,14.774526315789473,0,True
2026-08-19T17:00:00Z,5,Nablus,5-2,11.73,16.818421052631578,1,True,11.85,15.925052631578946,1,True,14.78,14.690421052631578,0,True
2026-08-19T17:15:00Z,5,Nablus,5-2,11.99,16.702105263157897,1,True,10.09,15.806105263157896,1,True,13.1,14.582736842105264,0,True
2026-08-19T17:30:00Z,5,Nablus,5-2,11.52,16.575052631578945,1,True,12.28,15.71221052631579,1,True,13.09,14.481684210526316,0,True
2026-08-19T17:45:00Z,5,Nablus,5-2,11.99,16.454315789473686,1,True,12.94,15.617368421052632,1,True,12.93,14.374526315789476,0,True
2026-08-19T18:00:00Z,5,Nablus,5-2,12.3,16.343263157894736,1,True,13.0,15.519684210526316,1,True,12.82,14.262315789473686,0,True
2026-08-19T18:15:00Z,5,Nablus,5-2,12.1,16.225578947368422,1,True,13.01,15.425263157894738,1,True,12.45,14.14978947368421,0,True
2026-08-19T18:30:00Z,5,Nablus,5-2,12.51,16.127157894736843,1,True,12.68,15.335999999999999,1,True,13.03,14.06263157894737,0,True
2026-08-19T18:45:00Z,5,Nablus,5-2,13.31,16.022526315789474,1,True,13.14,15.227684210526316,1,True,16.27,14.028,0,True
2026-08-19T19:00:00Z,5,Nablus,5-2,11.85,15.925052631578946,1,True,13.58,15.120842105263158,1,True,41.52,14.234315789473683,0,True
2026-08-19T19:15:00Z,5,Nablus,5-2,10.09,15.806105263157896,1,True,12.94,15.008631578947368,1,True,33.97,14.345473684210525,0,True
2026-08-19T19:30:00Z,5,Nablus,5-2,12.28,15.71221052631579,1,True,13.52,14.862315789473685,0,True,33.45,14.43357894736842,0,True
2026-08-19T19:45:00Z,5,Nablus,5-2,12.94,15.617368421052632,1,True,15.01,14.774526315789473,0,True,17.03,14.34178947368421,0,True
2026-08-19T20:00:00Z,5,Nablus,5-2,13.0,15.519684210526316,1,True,14.78,14.690421052631578,0,True,19.54,14.295263157894736,0,True
2026-08-19T20:15:00Z,5,Nablus,5-2,13.01,15.425263157894738,1,True,13.1,14.582736842105264,0,True,21.09,14.205578947368421,0,True
2026-08-19T20:30:00Z,5,Nablus,5-2,12.68,15.335999999999999,1,True,13.09,14.481684210526316,0,True,17.42,14.041473684210526,0,True
2026-08-19T20:45:00Z,5,Nablus,5-2,13.14,15.227684210526316,1,True,12.93,14.374526315789476,0,True,14.94,13.908105263157895,0,True
2026-08-19T21:00:00Z,5,Nablus,5-2,13.58,15.120842105263158,1,True,12.82,14.262315789473686,0,True,16.93,13.870000000000001,0,True
2026-08-19T21:15:00Z,5,Nablus,5-2,12.94,15.008631578947368,1,True,12.45,14.14978947368421,0,True,40.86,14.104105263157896,0,True
2026-08-19T21:30:00Z,5,Nablus,5-2,13.52,14.862315789473685,0,True,13.03,14.06263157894737,0,True,19.4,14.125368421052633,0,True
2026-08-19T21:45:00Z,5,Nablus,5-2,15.01,14.774526315789473,0,True,16.27,14.028,0,True,32.19,14.277894736842104,0,True
2026-08-19T22:00:00Z,5,Nablus,5-2,14.78,14.690421052631578,0,False,41.52,14.234315789473683,0,False,14.88,14.21821052631579,0,False
2026-08-19T22:15:00Z,5,Nablus,5-2,13.1,14.582736842105264,0,True,33.97,14.345473684210525,0,True,13.86,14.204210526315787,0,True
2026-08-19T22:30:00Z,5,Nablus,5-2,13.09,14.481684210526316,0,True,33.45,14.43357894736842,0,True,16.01,14.204315789473682,0,True
2026-08-19T22:45:00Z,5,Nablus,5-2,12.93,14.374526315789476,0,True,17.03,14.34178947368421,0,True,14.47,14.169157894736841,0,True
2026-08-19T23:00:00Z,5,Nablus,5-2,12.82,14.262315789473686,0,True,19.54,14.295263157894736,0,True,14.84,14.169473684210528,0,True
2026-08-19T23:15:00Z,5,Nablus,5-2,12.45,14.14978947368421,0,True,21.09,14.205578947368421,0,True,15.57,14.193052631578947,0,True
2026-08-19T23:30:00Z,5,Nablus,5-2,13.03,14.06263157894737,0,True,17.42,14.041473684210526,0,True,15.01,14.199473684210528,0,True
2026-08-19T23:45:00Z,5,Nablus,5-2,16.27,14.028,0,True,14.94,13.908105263157895,0,True,14.81,14.198526315789472,0,True
2026-08-20T00:00:00Z,5,Nablus,5-2,41.52,14.234315789473683,0,True,16.93,13.870000000000001,0,True,14.14,14.21042105263158,0,True
2026-08-20T00:15:00Z,5,Nablus,5-2,33.97,14.345473684210525,0,True,40.86,14.104105263157896,0,True,13.2,14.21863157894737,0,True
2026-08-20T00:30:00Z,5,Nablus,5-2,33.45,14.43357894736842,0,True,19.4,14.125368421052633,0,True,13.22,14.223894736842105,0,True
2026-08-20T00:45:00Z,5,Nablus,5-2,17.03,14.34178947368421,0,True,32.19,14.277894736842104,0,True,13.93,14.239157894736842,0,True
2026-08-20T01:00:00Z,5,Nablus,5-2,19.54,14.295263157894736,0,True,14.88,14.21821052631579,0,True,16.94,14.284631578947367,0,True
2026-08-20T01:15:00Z,5,Nablus,5-2,21.09,14.205578947368421,0,True,13.86,14.204210526315787,0,True,18.29,14.349894736842105,0,True
2026-08-20T01:30:00Z,5,Nablus,5-2,17.42,14.041473684210526,0,True,16.01,14.204315789473682,0,True,17.35,14.416,0,True
2026-08-20T01:45:00Z,5,Nablus,5-2,14.94,13.908105263157895,0,True,14.47,14.169157894736841,0,True,16.69,14.473894736842105,0,True
2026-08-20T02:00:00Z,5,Nablus,5-2,16.93,13.870000000000001,0,True,14.84,14.169473684210528,0,True,18.21,14.541368421052633,0,True
2026-08-20T02:15:00Z,5,Nablus,5-2,40.86,14.104105263157896,0,True,15.57,14.193052631578947,0,True,16.64,14.60021052631579,0,True
2026-08-20T02:30:00Z,5,Nablus,5-2,19.4,14.125368421052633,0,True,15.01,14.199473684210528,0,True,17.37,14.656736842105262,0,True
2026-08-20T02:45:00Z,5,Nablus,5-2,32.19,14.277894736842104,0,True,14.81,14.198526315789472,0,True,16.32,14.701894736842103,0,True
2026-08-20T03:00:00Z,5,Nablus,5-2,14.88,14.21821052631579,0,True,14.14,14.21042105263158,0,True,16.53,14.753368421052633,0,True
2026-08-20T03:15:00Z,5,Nablus,5-2,13.86,14.204210526315787,0,True,13.2,14.21863157894737,0,True,16.76,14.809263157894739,0,True
2026-08-20T03:30:00Z,5,Nablus,5-2,16.01,14.204315789473682,0,True,13.22,14.223894736842105,0,True,12.77,14.823473684210526,0,True
2026-08-20T03:45:00Z,5,Nablus,5-2,14.47,14.169157894736841,0,True,13.93,14.239157894736842,0,True,13.92,14.854210526315788,0,True
2026-08-20T04:00:00Z,5,Nablus,5-2,14.84,14.169473684210528,0,True,16.94,14.284631578947367,0,True,13.43,14.876315789473685,0,True
2026-08-20T04:15:00Z,5,Nablus,5-2,15.57,14.193052631578947,0,True,18.29,14.349894736842105,0,True,12.54,14.897052631578948,0,True
2026-08-20T04:30:00Z,5,Nablus,5-2,15.01,14.199473684210528,0,True,17.35,14.416,0,True,11.86,14.900736842105266,0,True
2026-08-20T04:45:00Z,5,Nablus,5-2,14.81,14.198526315789472,0,True,16.69,14.473894736842105,0,True,12.67,14.919894736842103,0,True
2026-08-20T05:00:00Z,5,Nablus,5-2,14.14,14.21042105263158,0,True,18.21,14.541368421052633,0,True,15.06,14.957894736842107,0,True
2026-08-20T05:15:00Z,5,Nablus,5-2,13.2,14.21863157894737,0,True,16.64,14.60021052631579,0,True,15.18,14.999052631578946,0,True
2026-08-20T05:30:00Z,5,Nablus,5-2,13.22,14.223894736842105,0,True,17.37,14.656736842105262,0,True,14.98,15.00578947368421,1,True
2026-08-20T05:45:00Z,5,Nablus,5-2,13.93,14.239157894736842,0,True,16.32,14.701894736842103,0,True,14.44,14.968631578947369,0,True
2026-08-20T06:00:00Z,5,Nablus,5-2,16.94,14.284631578947367,0,True,16.53,14.753368421052633,0,True,15.4,14.994315789473685,0,True
2026-08-20T06:15:00Z,5,Nablus,5-2,18.29,14.349894736842105,0,True,16.76,14.809263157894739,0,True,15.41,15.030526315789473,1,True
2026-08-20T06:30:00Z,5,Nablus,5-2,17.35,14.416,0,True,12.77,14.823473684210526,0,True,15.15,15.065999999999999,1,True
2026-08-20T06:45:00Z,5,Nablus,5-2,16.69,14.473894736842105,0,True,13.92,14.854210526315788,0,True,15.73,15.110315789473685,1,True
2026-08-20T07:00:00Z,5,Nablus,5-2,18.21,14.541368421052633,0,True,13.43,14.876315789473685,0,True,15.84,15.157684210526316,1,True
2026-08-20T07:15:00Z,5,Nablus,5-2,16.64,14.60021052631579,0,True,12.54,14.897052631578948,0,True,15.2,15.192631578947369,1,True
2026-08-20T07:30:00Z,5,Nablus,5-2,17.37,14.656736842105262,0,True,11.86,14.900736842105266,0,True,15.06,15.231894736842104,1,True
2026-08-20T07:45:00Z,5,Nablus,5-2,16.32,14.701894736842103,0,True,12.67,14.919894736842103,0,True,14.93,15.273684210526316,1,True
2026-08-20T08:00:00Z,5,Nablus,5-2,16.53,14.753368421052633,0,True,15.06,14.957894736842107,0,True,14.71,15.312526315789475,1,True
2026-08-20T08:15:00Z,5,Nablus,5-2,16.76,14.809263157894739,0,True,15.18,14.999052631578946,0,True,14.68,15.349157894736841,1,True
2026-08-20T08:30:00Z,5,Nablus,5-2,12.77,14.823473684210526,0,True,14.98,15.00578947368421,1,True,14.96,15.39115789473684,1,True
2026-08-20T08:45:00Z,5,Nablus,5-2,13.92,14.854210526315788,0,True,14.44,14.968631578947369,0,True,15.88,15.43884210526316,1,True
2026-08-20T09:00:00Z,5,Nablus,5-2,13.43,14.876315789473685,0,True,15.4,14.994315789473685,0,True,18.41,15.512631578947367,1,True
2026-08-20T09:15:00Z,5,Nablus,5-2,12.54,14.897052631578948,0,True,15.41,15.030526315789473,1,True,16.32,15.558526315789475,1,True
2026-08-20T09:30:00Z,5,Nablus,5-2,11.86,14.900736842105266,0,True,15.15,15.065999999999999,1,True,16.15,15.606105263157893,1,True
2026-08-20T09:45:00Z,5,Nablus,5-2,12.67,14.919894736842103,0,True,15.73,15.110315789473685,1,True,16.37,15.65421052631579,1,True
2026-08-20T10:00:00Z,5,Nablus,5-2,15.06,14.957894736842107,0,True,15.84,15.157684210526316,1,True,17.34,15.671770833333333,1,True
2026-08-20T10:15:00Z,5,Nablus,5-2,15.18,14.999052631578946,0,True,15.2,15.192631578947369,1,True,18.22,15.734270833333333,1,True
2026-08-20T10:30:00Z,5,Nablus,5-2,14.98,15.00578947368421,1,True,15.06,15.231894736842104,1,True,18.2,15.806458333333333,1,True
2026-08-20T10:45:00Z,5,Nablus,5-2,14.44,14.968631578947369,0,True,14.93,15.273684210526316,1,True,19.72,15.891250000000001,1,True
2026-08-20T11:00:00Z,5,Nablus,5-2,15.4,14.994315789473685,0,True,14.71,15.312526315789475,1,True,19.4,15.977395833333333,1,True
2026-08-20T11:15:00Z,5,Nablus,5-2,15.41,15.030526315789473,1,True,14.68,15.349157894736841,1,True,21.78,16.08020833333333,1,True
2026-08-20T11:30:00Z,5,Nablus,5-2,15.15,15.065999999999999,1,True,14.96,15.39115789473684,1,True,22.82,16.137291666666666,1,True
2026-08-20T11:45:00Z,5,Nablus,5-2,15.73,15.110315789473685,1,True,15.88,15.43884210526316,1,True,24.23,16.271875,1,True
2026-08-20T12:00:00Z,5,Nablus,5-2,15.84,15.157684210526316,1,True,18.41,15.512631578947367,1,True,21.89,16.377708333333334,1,True
2026-08-20T12:15:00Z,5,Nablus,5-2,15.2,15.192631578947369,1,True,16.32,15.558526315789475,1,True,22.35,16.485625000000002,1,True
2026-08-20T12:30:00Z,5,Nablus,5-2,15.06,15.231894736842104,1,True,16.15,15.606105263157893,1,True,26.61,16.6428125,1,True
2026-08-20T12:45:00Z,5,Nablus,5-2,14.93,15.273684210526316,1,True,16.37,15.65421052631579,1,True,33.2,16.86375,1,True
2026-08-20T13:00:00Z,5,Nablus,5-2,14.71,15.312526315789475,1,True,17.34,15.671770833333333,1,True,26.61,17.0128125,1,True
2026-08-20T13:15:00Z,5,Nablus,5-2,14.68,15.349157894736841,1,True,18.22,15.734270833333333,1,True,29.83,17.1975,1,True
2026-08-20T13:30:00Z,5,Nablus,5-2,14.96,15.39115789473684,1,True,18.2,15.806458333333333,1,True,36.42,17.4465625,1,True
2026-08-20T13:45:00Z,5,Nablus,5-2,15.88,15.43884210526316,1,True,19.72,15.891250000000001,1,True,39.31,17.71739583333333,1,True
2026-08-20T14:00:00Z,5,Nablus,5-2,18.41,15.512631578947367,1,True,19.4,15.977395833333333,1,True,37.85,17.988229166666667,1,True
2026-08-20T14:15:00Z,5,Nablus,5-2,16.32,15.558526315789475,1,True,21.78,16.08020833333333,1,True,38.63,18.285520833333333,1,True
2026-08-20T14:30:00Z,5,Nablus,5-2,16.15,15.606105263157893,1,True,22.82,16.137291666666666,1,True,35.2,18.524270833333333,1,True
2026-08-20T14:45:00Z,5,Nablus,5-2,16.37,15.65421052631579,1,True,24.23,16.271875,1,True,29.42,18.6959375,1,True
2026-08-20T15:00:00Z,5,Nablus,5-2,17.34,15.671770833333333,1,True,21.89,16.377708333333334,1,True,28.76,18.860104166666666,1,True
2026-08-20T15:15:00Z,5,Nablus,5-2,18.22,15.734270833333333,1,True,22.35,16.485625000000002,1,True,31.41,19.051770833333332,1,True
2026-08-20T15:30:00Z,5,Nablus,5-2,18.2,15.806458333333333,1,True,26.61,16.6428125,1,True,28.13,19.212708333333335,1,True
2026-08-20T15:45:00Z,5,Nablus,5-2,19.72,15.891250000000001,1,True,33.2,16.86375,1,True,26.75,19.354479166666668,1,True
2026-08-20T16:00:00Z,5,Nablus,5-2,19.4,15.977395833333333,1,True,26.61,17.0128125,1,True,25.75,19.48125,1,True
2026-08-20T16:15:00Z,5,Nablus,5-2,21.78,16.08020833333333,1,True,29.83,17.1975,1,True,27.44,19.632291666666667,1,True
2026-08-20T16:30:00Z,5,Nablus,5-2,22.82,16.137291666666666,1,True,36.42,17.4465625,1,True,28.38,19.78708333333333,1,True
2026-08-20T16:45:00Z,5,Nablus,5-2,24.23,16.271875,1,True,39.31,17.71739583333333,1,True,28.15,19.923958333333335,1,True
2026-08-20T17:00:00Z,5,Nablus,5-2,21.89,16.377708333333334,1,True,37.85,17.988229166666667,1,True,30.85,20.091354166666665,1,True
2026-08-20T17:15:00Z,5,Nablus,5-2,22.35,16.485625000000002,1,True,38.63,18.285520833333333,1,True,30.68,20.274479166666666,1,True
2026-08-20T17:30:00Z,5,Nablus,5-2,26.61,16.6428125,1,True,35.2,18.524270833333333,1,True,34.61,20.498645833333335,1,True
2026-08-20T17:45:00Z,5,Nablus,5-2,33.2,16.86375,1,True,29.42,18.6959375,1,True,35.55,20.734270833333333,1,True
2026-08-20T18:00:00Z,5,Nablus,5-2,26.61,17.0128125,1,True,28.76,18.860104166666666,1,True,36.9,20.985104166666666,1,True
2026-08-20T18:15:00Z,5,Nablus,5-2,29.83,17.1975,1,True,31.41,19.051770833333332,1,True,39.07,21.262395833333333,1,True
2026-08-20T18:30:00Z,5,Nablus,5-2,36.42,17.4465625,1,True,28.13,19.212708333333335,1,True,40.37,21.547187500000003,1,True
2026-08-20T18:45:00Z,5,Nablus,5-2,39.31,17.71739583333333,1,True,26.75,19.354479166666668,1,True,38.51,21.778854166666665,1,True
2026-08-20T19:00:00Z,5,Nablus,5-2,37.85,17.988229166666667,1,True,25.75,19.48125,1,True,40.86,21.771979166666668,1,True
2026-08-20T19:15:00Z,5,Nablus,5-2,38.63,18.285520833333333,1,True,27.44,19.632291666666667,1,True,39.93,21.8340625,1,True
2026-08-20T19:30:00Z,5,Nablus,5-2,35.2,18.524270833333333,1,True,28.38,19.78708333333333,1,True,35.07,21.8509375,1,True
2026-08-20T19:45:00Z,5,Nablus,5-2,29.42,18.6959375,1,True,28.15,19.923958333333335,1,True,31.11,21.997604166666672,1,True
2026-08-20T20:00:00Z,5,Nablus,5-2,28.76,18.860104166666666,1,True,30.85,20.091354166666665,1,True,31.77,22.125,1,True
2026-08-20T20:15:00Z,5,Nablus,5-2,31.41,19.051770833333332,1,True,30.68,20.274479166666666,1,True,30.69,22.224999999999998,1,True
2026-08-20T20:30:00Z,5,Nablus,5-2,28.13,19.212708333333335,1,True,34.61,20.498645833333335,1,True,37.05,22.429479166666667,1,True
2026-08-20T20:45:00Z,5,Nablus,5-2,26.75,19.354479166666668,1,True,35.55,20.734270833333333,1,True,40.17,22.692291666666666,1,True
2026-08-20T21:00:00Z,5,Nablus,5-2,25.75,19.48125,1,True,36.9,20.985104166666666,1,True,37.34,22.904895833333338,1,True
2026-08-20T21:15:00Z,5,Nablus,5-2,27.44,19.632291666666667,1,True,39.07,21.262395833333333,1,True,33.77,22.831041666666668,1,True
2026-08-20T21:30:00Z,5,Nablus,5-2,28.38,19.78708333333333,1,True,40.37,21.547187500000003,1,True,42.94,23.076249999999998,1,True
2026-08-20T21:45:00Z,5,Nablus,5-2,28.15,19.923958333333335,1,True,38.51,21.778854166666665,1,True,44.3,23.20239583333333,1,True
2026-08-20T22:00:00Z,5,Nablus,5-2,30.85,20.091354166666665,1,True,40.86,21.771979166666668,1,True,45.98,23.526354166666668,1,True
2026-08-20T22:15:00Z,5,Nablus,5-2,30.68,20.274479166666666,1,True,39.93,21.8340625,1,True,45.19,23.852708333333336,1,True
2026-08-20T22:30:00Z,5,Nablus,5-2,34.61,20.498645833333335,1,True,35.07,21.8509375,1,True,43.96,24.143854166666667,1,True
2026-08-20T22:45:00Z,5,Nablus,5-2,35.55,20.734270833333333,1,True,31.11,21.997604166666672,1,True,41.18,24.422083333333333,1,True
2026-08-20T23:00:00Z,5,Nablus,5-2,36.9,20.985104166666666,1,True,31.77,22.125,1,True,38.02,24.663541666666664,1,True
2026-08-20T23:15:00Z,5,Nablus,5-2,39.07,21.262395833333333,1,True,30.69,22.224999999999998,1,True,29.58,24.809479166666666,1,True
2026-08-20T23:30:00Z,5,Nablus,5-2,40.37,21.547187500000003,1,True,37.05,22.429479166666667,1,True,27.77,24.942395833333332,1,True
2026-08-20T23:45:00Z,5,Nablus,5-2,38.51,21.778854166666665,1,True,40.17,22.692291666666666,1,True,25.76,25.056458333333335,1,True
2026-08-21T00:00:00Z,5,Nablus,5-2,40.86,21.771979166666668,1,True,37.34,22.904895833333338,1,True,27.94,25.200208333333336,1,True
2026-08-21T00:15:00Z,5,Nablus,5-2,39.93,21.8340625,1,True,33.77,22.831041666666668,1,True,27.59,25.350104166666664,1,True
2026-08-21T00:30:00Z,5,Nablus,5-2,35.07,21.8509375,1,True,42.94,23.076249999999998,1,True,27.67,25.500625,1,True
2026-08-21T00:45:00Z,5,Nablus,5-2,31.11,21.997604166666672,1,True,44.3,23.20239583333333,1,True,26.19,25.62833333333333,1,True
2026-08-21T01:00:00Z,5,Nablus,5-2,31.77,22.125,1,True,45.98,23.526354166666668,1,True,25.11,25.7134375,1,True
2026-08-21T01:15:00Z,5,Nablus,5-2,30.69,22.224999999999998,1,True,45.19,23.852708333333336,1,True,25.03,25.783645833333335,1,True
2026-08-21T01:30:00Z,5,Nablus,5-2,37.05,22.429479166666667,1,True,43.96,24.143854166666667,1,True,23.67,25.849479166666665,1,True
2026-08-21T01:45:00Z,5,Nablus,5-2,40.17,22.692291666666666,1,True,41.18,24.422083333333333,1,True,22.3,25.907916666666665,1,True
2026-08-21T02:00:00Z,5,Nablus,5-2,37.34,22.904895833333338,1,True,38.02,24.663541666666664,1,True,21.72,25.944479166666664,1,True
2026-08-21T02:15:00Z,5,Nablus,5-2,33.77,22.831041666666668,1,True,29.58,24.809479166666666,1,True,19.9,25.9784375,1,True
2026-08-21T02:30:00Z,5,Nablus,5-2,42.94,23.076249999999998,1,True,27.77,24.942395833333332,1,True,18.59,25.991145833333334,1,True
2026-08-21T02:45:00Z,5,Nablus,5-2,44.3,23.20239583333333,1,True,25.76,25.056458333333335,1,True,18.06,26.009270833333332,1,True
2026-08-21T03:00:00Z,5,Nablus,5-2,45.98,23.526354166666668,1,True,27.94,25.200208333333336,1,True,19.43,26.039479166666666,1,True
2026-08-21T03:15:00Z,5,Nablus,5-2,45.19,23.852708333333336,1,True,27.59,25.350104166666664,1,True,17.03,26.042291666666667,1,True
2026-08-21T03:30:00Z,5,Nablus,5-2,43.96,24.143854166666667,1,True,27.67,25.500625,1,True,16.82,26.084479166666668,1,True
2026-08-21T03:45:00Z,5,Nablus,5-2,41.18,24.422083333333333,1,True,26.19,25.62833333333333,1,True,16.99,26.11645833333333,1,True
2026-08-21T04:00:00Z,5,Nablus,5-2,38.02,24.663541666666664,1,True,25.11,25.7134375,1,True,17.47,26.158541666666665,1,True
2026-08-21T04:15:00Z,5,Nablus,5-2,29.58,24.809479166666666,1,True,25.03,25.783645833333335,1,True,19.53,26.231354166666666,1,True
2026-08-21T04:30:00Z,5,Nablus,5-2,27.77,24.942395833333332,1,True,23.67,25.849479166666665,1,True,20.0,26.316145833333334,1,True
2026-08-21T04:45:00Z,5,Nablus,5-2,25.76,25.056458333333335,1,True,22.3,25.907916666666665,1,True,20.22,26.394791666666663,1,True
2026-08-21T05:00:00Z,5,Nablus,5-2,27.94,25.200208333333336,1,True,21.72,25.944479166666664,1,True,21.25,26.45927083333333,1,True
2026-08-21T05:15:00Z,5,Nablus,5-2,27.59,25.350104166666664,1,True,19.9,25.9784375,1,True,21.35,26.52354166666667,1,True
2026-08-21T05:30:00Z,5,Nablus,5-2,27.67,25.500625,1,True,18.59,25.991145833333334,1,True,20.88,26.584999999999997,1,True
2026-08-21T05:45:00Z,5,Nablus,5-2,26.19,25.62833333333333,1,True,18.06,26.009270833333332,1,True,20.16,26.644583333333333,1,True
2026-08-21T06:00:00Z,5,Nablus,5-2,25.11,25.7134375,1,True,19.43,26.039479166666666,1,True,19.35,26.685729166666665,1,True
2026-08-21T06:15:00Z,5,Nablus,5-2,25.03,25.783645833333335,1,True,17.03,26.042291666666667,1,True,19.3,26.726250000000004,1,True
2026-08-21T06:30:00Z,5,Nablus,5-2,23.67,25.849479166666665,1,True,16.82,26.084479166666668,1,True,18.45,26.760625,1,True
2026-08-21T06:45:00Z,5,Nablus,5-2,22.3,25.907916666666665,1,True,16.99,26.11645833333333,1,True,18.49,26.789374999999996,1,True
2026-08-21T07:00:00Z,5,Nablus,5-2,21.72,25.944479166666664,1,True,17.47,26.158541666666665,1,True,17.84,26.810208333333332,1,True
2026-08-21T07:15:00Z,5,Nablus,5-2,19.9,25.9784375,1,True,19.53,26.231354166666666,1,True,17.77,26.836979166666666,1,True
2026-08-21T07:30:00Z,5,Nablus,5-2,18.59,25.991145833333334,1,True,20.0,26.316145833333334,1,True,17.3,26.860312500000003,1,True
2026-08-21T07:45:00Z,5,Nablus,5-2,18.06,26.009270833333332,1,True,20.22,26.394791666666663,1,True,18.19,26.894270833333337,1,True
2026-08-21T08:00:00Z,5,Nablus,5-2,19.43,26.039479166666666,1,True,21.25,26.45927083333333,1,True,18.45,26.933229166666667,1,True
2026-08-21T08:15:00Z,5,Nablus,5-2,17.03,26.042291666666667,1,True,21.35,26.52354166666667,1,True,18.79,26.976041666666664,1,True
2026-08-21T08:30:00Z,5,Nablus,5-2,16.82,26.084479166666668,1,True,20.88,26.584999999999997,1,True,18.86,27.016666666666666,1,True
2026-08-21T08:45:00Z,5,Nablus,5-2,16.99,26.11645833333333,1,True,20.16,26.644583333333333,1,True,19.8,27.0575,1,True
2026-08-21T09:00:00Z,5,Nablus,5-2,17.47,26.158541666666665,1,True,19.35,26.685729166666665,1,True,20.66,27.0809375,1,True
2026-08-21T09:15:00Z,5,Nablus,5-2,19.53,26.231354166666666,1,True,19.3,26.726250000000004,1,True,,,,False
2026-08-21T09:30:00Z,5,Nablus,5-2,20.0,26.316145833333334,1,True,18.45,26.760625,1,True,21.01,27.245368421052632,1,True
2026-08-21T09:45:00Z,5,Nablus,5-2,20.22,26.394791666666663,1,True,18.49,26.789374999999996,1,True,21.87,27.30326315789474,1,True
2026-08-21T10:00:00Z,5,Nablus,5-2,21.25,26.45927083333333,1,True,17.84,26.810208333333332,1,True,22.6,27.35863157894737,1,True
2026-08-21T10:15:00Z,5,Nablus,5-2,21.35,26.52354166666667,1,True,17.77,26.836979166666666,1,True,23.27,27.411789473684212,1,True
2026-08-21T10:30:00Z,5,Nablus,5-2,20.88,26.584999999999997,1,True,17.3,26.860312500000003,1,True,23.17,27.464105263157897,1,True
2026-08-21T10:45:00Z,5,Nablus,5-2,20.16,26.644583333333333,1,True,18.19,26.894270833333337,1,True,24.16,27.51084210526316,1,True
2026-08-21T11:00:00Z,5,Nablus,5-2,19.35,26.685729166666665,1,True,18.45,26.933229166666667,1,True,25.97,27.58,1,True
2026-08-21T11:15:00Z,5,Nablus,5-2,19.3,26.726250000000004,1,True,18.79,26.976041666666664,1,True,26.76,27.632421052631578,1,True
2026-08-21T11:30:00Z,5,Nablus,5-2,18.45,26.760625,1,True,18.86,27.016666666666666,1,True,26.77,27.674000000000003,1,True
2026-08-21T11:45:00Z,5,Nablus,5-2,18.49,26.789374999999996,1,True,19.8,27.0575,1,True,96.88,28.438736842105268,1,True
2026-08-21T12:00:00Z,5,Nablus,5-2,17.84,26.810208333333332,1,True,20.66,27.0809375,1,True,63.78,28.879684210526314,1,True
2026-08-21T12:15:00Z,5,Nablus,5-2,17.77,26.836979166666666,1,True,,,,False,38.52,29.049894736842102,1,True
2026-08-21T12:30:00Z,5,Nablus,5-2,17.3,26.860312500000003,1,True,21.01,27.245368421052632,1,True,35.55,29.144000000000002,1,True
2026-08-21T12:45:00Z,5,Nablus,5-2,18.19,26.894270833333337,1,True,21.87,27.30326315789474,1,True,34.54,29.158105263157896,1,True
2026-08-21T13:00:00Z,5,Nablus,5-2,18.45,26.933229166666667,1,True,22.6,27.35863157894737,1,True,34.88,29.245157894736842,1,True
2026-08-21T13:15:00Z,5,Nablus,5-2,18.79,26.976041666666664,1,True,23.27,27.411789473684212,1,True,32.93,29.27778947368421,1,True
2026-08-21T13:30:00Z,5,Nablus,5-2,18.86,27.016666666666666,1,True,23.17,27.464105263157897,1,True,33.76,29.24978947368421,1,True
2026-08-21T13:45:00Z,5,Nablus,5-2,19.8,27.0575,1,True,24.16,27.51084210526316,1,True,36.37,29.218842105263157,1,True
2026-08-21T14:00:00Z,5,Nablus,5-2,20.66,27.0809375,1,True,25.97,27.58,1,True,35.61,29.19526315789474,1,True
2026-08-21T14:15:00Z,5,Nablus,5-2,,,,False,26.76,27.632421052631578,1,True,36.41,29.171894736842106,1,True
2026-08-21T14:30:00Z,5,Nablus,5-2,21.01,27.245368421052632,1,True,26.77,27.674000000000003,1,True,36.0,29.180315789473685,1,True
2026-08-21T14:45:00Z,5,Nablus,5-2,21.87,27.30326315789474,1,True,96.88,28.438736842105268,1,True,36.46,29.254421052631578,1,True
2026-08-21T15:00:00Z,5,Nablus,5-2,22.6,27.35863157894737,1,True,63.78,28.879684210526314,1,True,36.48,29.33568421052632,1,True
2026-08-21T15:30:00Z,5,Nablus,5-2,23.17,27.464105263157897,1,True,35.55,29.144000000000002,1,True,35.87,29.461157894736843,1,True
2026-08-21T15:45:00Z,5,Nablus,5-2,24.16,27.51084210526316,1,True,34.54,29.158105263157896,1,True,37.69,29.576315789473686,1,True
2026-08-21T16:00:00Z,5,Nablus,5-2,25.97,27.58,1,True,34.88,29.245157894736842,1,True,39.08,29.716631578947368,1,True
2026-08-21T16:15:00Z,5,Nablus,5-2,26.76,27.632421052631578,1,True,32.93,29.27778947368421,1,True,38.28,29.830736842105264,1,True
2026-08-21T16:30:00Z,5,Nablus,5-2,26.77,27.674000000000003,1,True,33.76,29.24978947368421,1,True,39.31,29.945789473684208,1,True
2026-08-21T16:45:00Z,5,Nablus,5-2,96.88,28.438736842105268,1,True,36.37,29.218842105263157,1,True,39.21,30.062210526315788,1,True
2026-08-21T17:00:00Z,5,Nablus,5-2,63.78,28.879684210526314,1,True,35.61,29.19526315789474,1,True,37.87,30.136105263157898,1,True
2026-08-21T17:15:00Z,5,Nablus,5-2,38.52,29.049894736842102,1,True,36.41,29.171894736842106,1,True,39.05,30.224210526315787,1,True
2026-08-21T17:30:00Z,5,Nablus,5-2,35.55,29.144000000000002,1,True,36.0,29.180315789473685,1,True,38.52,30.26536842105263,1,True
2026-08-21T17:45:00Z,5,Nablus,5-2,34.54,29.158105263157896,1,True,36.46,29.254421052631578,1,True,40.43,30.316736842105264,1,True
2026-08-21T18:00:00Z,5,Nablus,5-2,34.88,29.245157894736842,1,True,36.48,29.33568421052632,1,True,40.43,30.353894736842104,1,True
2026-08-21T18:15:00Z,5,Nablus,5-2,32.93,29.27778947368421,1,True,35.59,29.379684210526314,1,True,36.95,30.33157894736842,1,True
2026-08-21T18:30:00Z,5,Nablus,5-2,33.76,29.24978947368421,1,True,35.87,29.461157894736843,1,True,34.93,30.274315789473683,1,True
2026-08-21T18:45:00Z,5,Nablus,5-2,36.37,29.218842105263157,1,True,37.69,29.576315789473686,1,True,33.81,30.22484210526316,1,True
2026-08-21T19:00:00Z,5,Nablus,5-2,35.61,29.19526315789474,1,True,39.08,29.716631578947368,1,True,35.04,30.16357894736842,1,True
2026-08-21T19:15:00Z,5,Nablus,5-2,36.41,29.171894736842106,1,True,38.28,29.830736842105264,1,True,35.43,30.11621052631579,1,True
2026-08-21T19:30:00Z,5,Nablus,5-2,36.0,29.180315789473685,1,True,39.31,29.945789473684208,1,True,35.59,30.121684210526315,1,True
2026-08-21T19:45:00Z,5,Nablus,5-2,36.46,29.254421052631578,1,True,39.21,30.062210526315788,1,True,35.42,30.167052631578947,1,True
2026-08-21T20:00:00Z,5,Nablus,5-2,36.48,29.33568421052632,1,True,37.87,30.136105263157898,1,True,36.05,30.21210526315789,1,True
2026-08-21T20:15:00Z,5,Nablus,5-2,35.59,29.379684210526314,1,True,39.05,30.224210526315787,1,True,34.66,30.25389473684211,1,True
2026-08-21T20:30:00Z,5,Nablus,5-2,35.87,29.461157894736843,1,True,38.52,30.26536842105263,1,True,34.35,30.225473684210527,1,True
2026-08-21T20:45:00Z,5,Nablus,5-2,37.69,29.576315789473686,1,True,40.43,30.316736842105264,1,True,35.89,30.180421052631576,1,True
2026-08-21T21:00:00Z,5,Nablus,5-2,39.08,29.716631578947368,1,True,40.43,30.353894736842104,1,True,36.18,30.168210526315786,1,True
2026-08-21T21:15:00Z,5,Nablus,5-2,38.28,29.830736842105264,1,False,36.95,30.33157894736842,1,False,35.68,30.188315789473684,1,False
2026-08-21T21:30:00Z,5,Nablus,5-2,39.31,29.945789473684208,1,True,34.93,30.274315789473683,1,True,36.26,30.118000000000002,1,True
2026-08-21T21:45:00Z,5,Nablus,5-2,39.21,30.062210526315788,1,True,33.81,30.22484210526316,1,True,35.76,30.028105263157894,1,True
2026-08-21T22:00:00Z,5,Nablus,5-2,37.87,30.136105263157898,1,True,35.04,30.16357894736842,1,True,35.72,29.920105263157893,1,True
2026-08-21T22:15:00Z,5,Nablus,5-2,39.05,30.224210526315787,1,True,35.43,30.11621052631579,1,True,34.34,29.805894736842106,1,True
2026-08-21T22:30:00Z,5,Nablus,5-2,38.52,30.26536842105263,1,True,35.59,30.121684210526315,1,True,32.89,29.68936842105263,1,True
2026-08-21T22:45:00Z,5,Nablus,5-2,40.43,30.316736842105264,1,True,35.42,30.167052631578947,1,True,31.87,29.591368421052636,1,True
2026-08-21T23:00:00Z,5,Nablus,5-2,40.43,30.353894736842104,1,True,36.05,30.21210526315789,1,True,31.03,29.51778947368421,1,True
2026-08-21T23:15:00Z,5,Nablus,5-2,36.95,30.33157894736842,1,True,34.66,30.25389473684211,1,True,30.77,29.530315789473686,1,True
2026-08-21T23:30:00Z,5,Nablus,5-2,34.93,30.274315789473683,1,True,34.35,30.225473684210527,1,True,28.51,29.5381052631579,1,True
2026-08-21T23:45:00Z,5,Nablus,5-2,33.81,30.22484210526316,1,True,35.89,30.180421052631576,1,True,28.68,29.56884210526316,1,True
2026-08-22T00:00:00Z,5,Nablus,5-2,35.04,30.16357894736842,1,True,36.18,30.168210526315786,1,True,25.48,29.542947368421054,1,True
2026-08-22T00:15:00Z,5,Nablus,5-2,35.43,30.11621052631579,1,True,35.68,30.188315789473684,1,True,24.78,29.513368421052633,1,True
2026-08-22T00:30:00Z,5,Nablus,5-2,35.59,30.121684210526315,1,True,36.26,30.118000000000002,1,True,24.51,29.480105263157895,1,True
2026-08-22T00:45:00Z,5,Nablus,5-2,35.42,30.167052631578947,1,True,35.76,30.028105263157894,1,True,23.06,29.447157894736844,1,True
2026-08-22T01:00:00Z,5,Nablus,5-2,36.05,30.21210526315789,1,True,35.72,29.920105263157893,1,True,21.28,29.40684210526316,1,True
2026-08-22T01:15:00Z,5,Nablus,5-2,34.66,30.25389473684211,1,True,34.34,29.805894736842106,1,True,21.41,29.36873684210526,1,True
2026-08-22T01:30:00Z,5,Nablus,5-2,34.35,30.225473684210527,1,True,32.89,29.68936842105263,1,True,20.21,29.332315789473686,1,True
2026-08-22T01:45:00Z,5,Nablus,5-2,35.89,30.180421052631576,1,True,31.87,29.591368421052636,1,True,18.45,29.291789473684208,1,True
2026-08-22T02:00:00Z,5,Nablus,5-2,36.18,30.168210526315786,1,True,31.03,29.51778947368421,1,True,18.88,29.261894736842105,1,True
2026-08-22T02:15:00Z,5,Nablus,5-2,35.68,30.188315789473684,1,True,30.77,29.530315789473686,1,True,18.9,29.251368421052632,1,True
2026-08-22T02:30:00Z,5,Nablus,5-2,36.26,30.118000000000002,1,True,28.51,29.5381052631579,1,True,17.79,29.242947368421053,1,True
2026-08-22T02:45:00Z,5,Nablus,5-2,35.76,30.028105263157894,1,True,28.68,29.56884210526316,1,True,18.55,29.248105263157896,1,True
2026-08-22T03:00:00Z,5,Nablus,5-2,35.72,29.920105263157893,1,True,25.48,29.542947368421054,1,True,19.3,29.246736842105264,1,True
2026-08-22T03:15:00Z,5,Nablus,5-2,34.34,29.805894736842106,1,True,24.78,29.513368421052633,1,True,18.9,29.26642105263158,1,True
2026-08-22T03:30:00Z,5,Nablus,5-2,32.89,29.68936842105263,1,True,24.51,29.480105263157895,1,True,18.95,29.288842105263154,1,True
2026-08-22T03:45:00Z,5,Nablus,5-2,31.87,29.591368421052636,1,True,23.06,29.447157894736844,1,True,17.88,29.29821052631579,1,True
2026-08-22T04:00:00Z,5,Nablus,5-2,31.03,29.51778947368421,1,True,21.28,29.40684210526316,1,True,17.67,29.300315789473686,1,True
2026-08-22T04:15:00Z,5,Nablus,5-2,30.77,29.530315789473686,1,True,21.41,29.36873684210526,1,True,18.19,29.28621052631579,1,True
2026-08-22T04:30:00Z,5,Nablus,5-2,28.51,29.5381052631579,1,True,20.21,29.332315789473686,1,True,19.44,29.280315789473686,1,True
2026-08-22T04:45:00Z,5,Nablus,5-2,28.68,29.56884210526316,1,True,18.45,29.291789473684208,1,True,19.13,29.26884210526316,1,True
2026-08-22T05:00:00Z,5,Nablus,5-2,25.48,29.542947368421054,1,True,18.88,29.261894736842105,1,True,19.38,29.249157894736843,1,True
2026-08-22T05:15:00Z,5,Nablus,5-2,24.78,29.513368421052633,1,True,18.9,29.251368421052632,1,True,19.13,29.22578947368421,1,True
2026-08-22T05:30:00Z,5,Nablus,5-2,24.51,29.480105263157895,1,True,17.79,29.242947368421053,1,True,19.93,29.21578947368421,1,True
2026-08-22T05:45:00Z,5,Nablus,5-2,23.06,29.447157894736844,1,True,18.55,29.248105263157896,1,True,19.32,29.20694736842105,1,True
2026-08-22T06:00:00Z,5,Nablus,5-2,21.28,29.40684210526316,1,True,19.3,29.246736842105264,1,True,19.08,29.204105263157892,1,True
2026-08-22T06:15:00Z,5,Nablus,5-2,21.41,29.36873684210526,1,True,18.9,29.26642105263158,1,True,19.19,29.20294736842105,1,True
2026-08-22T06:30:00Z,5,Nablus,5-2,20.21,29.332315789473686,1,True,18.95,29.288842105263154,1,True,19.47,29.213684210526317,1,True
2026-08-22T06:45:00Z,5,Nablus,5-2,18.45,29.291789473684208,1,True,17.88,29.29821052631579,1,True,19.25,29.22168421052632,1,True
2026-08-22T07:00:00Z,5,Nablus,5-2,18.88,29.261894736842105,1,True,17.67,29.300315789473686,1,True,18.85,29.232315789473684,1,True
2026-08-22T07:15:00Z,5,Nablus,5-2,18.9,29.251368421052632,1,True,18.19,29.28621052631579,1,True,17.94,29.234105263157897,1,True
2026-08-22T07:30:00Z,5,Nablus,5-2,17.79,29.242947368421053,1,True,19.44,29.280315789473686,1,True,18.21,29.243684210526318,1,True
2026-08-22T07:45:00Z,5,Nablus,5-2,18.55,29.248105263157896,1,True,19.13,29.26884210526316,1,True,17.88,29.240421052631575,1,True
2026-08-22T08:00:00Z,5,Nablus,5-2,19.3,29.246736842105264,1,True,19.38,29.249157894736843,1,True,18.22,29.238000000000003,1,True
2026-08-22T08:15:00Z,5,Nablus,5-2,18.9,29.26642105263158,1,True,19.13,29.22578947368421,1,True,18.13,29.231052631578944,1,True
2026-08-22T08:30:00Z,5,Nablus,5-2,18.95,29.288842105263154,1,True,19.93,29.21578947368421,1,True,18.75,29.229894736842102,1,True
2026-08-22T08:45:00Z,5,Nablus,5-2,17.88,29.29821052631579,1,True,19.32,29.20694736842105,1,True,20.06,29.232631578947373,1,True
2026-08-22T09:00:00Z,5,Nablus,5-2,17.67,29.300315789473686,1,True,19.08,29.204105263157892,1,True,21.28,29.23915789473684,1,True
2026-08-22T09:15:00Z,5,Nablus,5-2,18.19,29.28621052631579,1,True,19.19,29.20294736842105,1,True,21.52,29.158749999999998,1,True
2026-08-22T09:30:00Z,5,Nablus,5-2,19.44,29.280315789473686,1,True,19.47,29.213684210526317,1,True,22.33,29.1725,1,True
2026-08-22T09:45:00Z,5,Nablus,5-2,19.13,29.26884210526316,1,True,19.25,29.22168421052632,1,True,21.82,29.171979166666663,1,True
2026-08-22T10:00:00Z,5,Nablus,5-2,19.38,29.249157894736843,1,True,18.85,29.232315789473684,1,True,23.02,29.176354166666666,1,True
2026-08-22T10:15:00Z,5,Nablus,5-2,19.13,29.22578947368421,1,True,17.94,29.234105263157897,1,True,23.09,29.174479166666668,1,True
2026-08-22T10:30:00Z,5,Nablus,5-2,19.93,29.21578947368421,1,True,18.21,29.243684210526318,1,True,23.69,29.179895833333333,1,True
2026-08-22T10:45:00Z,5,Nablus,5-2,19.32,29.20694736842105,1,True,17.88,29.240421052631575,1,True,23.77,29.175833333333333,1,True
2026-08-22T11:00:00Z,5,Nablus,5-2,19.08,29.204105263157892,1,True,18.22,29.238000000000003,1,True,24.32,29.158645833333335,1,True
2026-08-22T11:15:00Z,5,Nablus,5-2,19.19,29.20294736842105,1,True,18.13,29.231052631578944,1,True,24.7,29.1371875,1,True
2026-08-22T11:30:00Z,5,Nablus,5-2,19.47,29.213684210526317,1,True,18.75,29.229894736842102,1,True,25.45,29.123437499999998,1,True
2026-08-22T11:45:00Z,5,Nablus,5-2,19.25,29.22168421052632,1,True,20.06,29.232631578947373,1,True,25.64,28.381354166666664,1,True
2026-08-22T12:00:00Z,5,Nablus,5-2,18.85,29.232315789473684,1,True,21.28,29.23915789473684,1,True,26.5,27.993020833333333,1,True
2026-08-22T12:15:00Z,5,Nablus,5-2,17.94,29.234105263157897,1,True,21.52,29.158749999999998,1,True,26.34,27.866145833333334,1,True
2026-08-22T12:30:00Z,5,Nablus,5-2,18.21,29.243684210526318,1,True,22.33,29.1725,1,True,26.42,27.771041666666665,1,True
2026-08-22T12:45:00Z,5,Nablus,5-2,17.88,29.240421052631575,1,True,21.82,29.171979166666663,1,True,26.25,27.6846875,1,True
2026-08-22T13:00:00Z,5,Nablus,5-2,18.22,29.238000000000003,1,True,23.02,29.176354166666666,1,True,27.47,27.607499999999998,1,True
2026-08-22T13:15:00Z,5,Nablus,5-2,18.13,29.231052631578944,1,True,23.09,29.174479166666668,1,True,27.23,27.548125,1,True
2026-08-22T13:30:00Z,5,Nablus,5-2,18.75,29.229894736842102,1,True,23.69,29.179895833333333,1,True,27.05,27.478229166666665,1,True
2026-08-22T13:45:00Z,5,Nablus,5-2,20.06,29.232631578947373,1,True,23.77,29.175833333333333,1,True,26.9,27.379583333333333,1,True
2026-08-22T14:00:00Z,5,Nablus,5-2,21.28,29.23915789473684,1,True,24.32,29.158645833333335,1,True,26.81,27.287916666666664,1,True
2026-08-22T14:15:00Z,5,Nablus,5-2,21.52,29.158749999999998,1,True,24.7,29.1371875,1,True,27.64,27.1965625,1,True
2026-08-22T14:30:00Z,5,Nablus,5-2,22.33,29.1725,1,True,25.45,29.123437499999998,1,True,27.45,27.107499999999998,1,True
2026-08-22T14:45:00Z,5,Nablus,5-2,21.82,29.171979166666663,1,True,25.64,28.381354166666664,1,True,27.13,27.010312499999998,1,True
2026-08-22T15:00:00Z,5,Nablus,5-2,23.02,29.176354166666666,1,True,26.5,27.993020833333333,1,True,27.09,26.912499999999998,1,True
2026-08-22T15:15:00Z,5,Nablus,5-2,23.09,29.174479166666668,1,True,26.34,27.866145833333334,1,True,28.16,26.835104166666667,1,True
2026-08-22T15:30:00Z,5,Nablus,5-2,23.69,29.179895833333333,1,True,26.42,27.771041666666665,1,True,29.2,26.765625,1,True
2026-08-22T15:45:00Z,5,Nablus,5-2,23.77,29.175833333333333,1,True,26.25,27.6846875,1,True,28.36,26.668437499999996,1,True
2026-08-22T16:00:00Z,5,Nablus,5-2,24.32,29.158645833333335,1,True,27.47,27.607499999999998,1,True,28.58,26.5590625,1,True
2026-08-22T16:15:00Z,5,Nablus,5-2,24.7,29.1371875,1,True,27.23,27.548125,1,True,27.43,26.44604166666667,1,True
2026-08-22T16:30:00Z,5,Nablus,5-2,25.45,29.123437499999998,1,True,27.05,27.478229166666665,1,True,27.07,26.318541666666672,1,True
2026-08-22T16:45:00Z,5,Nablus,5-2,25.64,28.381354166666664,1,True,26.9,27.379583333333333,1,True,26.95,26.190833333333334,1,True
2026-08-22T17:00:00Z,5,Nablus,5-2,26.5,27.993020833333333,1,True,26.81,27.287916666666664,1,True,25.87,26.06583333333333,1,True
2026-08-22T17:15:00Z,5,Nablus,5-2,26.34,27.866145833333334,1,True,27.64,27.1965625,1,True,27.45,25.945000000000004,1,True
2026-08-22T17:30:00Z,5,Nablus,5-2,26.42,27.771041666666665,1,True,27.45,27.107499999999998,1,True,27.39,25.829062500000003,1,True
2026-08-22T17:45:00Z,5,Nablus,5-2,26.25,27.6846875,1,True,27.13,27.010312499999998,1,True,27.11,25.6903125,1,True
2026-08-22T18:00:00Z,5,Nablus,5-2,27.47,27.607499999999998,1,True,27.09,26.912499999999998,1,True,26.62,25.546458333333334,1,True
2026-08-22T18:15:00Z,5,Nablus,5-2,27.23,27.548125,1,True,28.16,26.835104166666667,1,True,26.72,25.439895833333335,1,True
2026-08-22T18:30:00Z,5,Nablus,5-2,27.05,27.478229166666665,1,True,29.2,26.765625,1,True,26.89,25.356145833333333,1,True
2026-08-22T18:45:00Z,5,Nablus,5-2,26.9,27.379583333333333,1,True,28.36,26.668437499999996,1,True,,,,False
2026-08-22T19:00:00Z,5,Nablus,5-2,26.81,27.287916666666664,1,True,28.58,26.5590625,1,True,,,,False
2026-08-22T19:15:00Z,5,Nablus,5-2,27.64,27.1965625,1,True,27.43,26.44604166666667,1,True,,,,False
2026-08-22T19:30:00Z,5,Nablus,5-2,27.45,27.107499999999998,1,True,27.07,26.318541666666672,1,True,,,,False
2026-08-22T19:45:00Z,5,Nablus,5-2,27.13,27.010312499999998,1,True,26.95,26.190833333333334,1,True,,,,False
2026-08-22T20:00:00Z,5,Nablus,5-2,27.09,26.912499999999998,1,True,25.87,26.06583333333333,1,True,,,,False
2026-08-22T20:15:00Z,5,Nablus,5-2,28.16,26.835104166666667,1,True,27.45,25.945000000000004,1,True,,,,False
2026-08-22T20:30:00Z,5,Nablus,5-2,29.2,26.765625,1,True,27.39,25.829062500000003,1,True,,,,False
2026-08-22T20:45:00Z,5,Nablus,5-2,28.36,26.668437499999996,1,True,27.11,25.6903125,1,True,,,,False
2026-08-22T21:00:00Z,5,Nablus,5-2,28.58,26.5590625,1,True,26.62,25.546458333333334,1,True,,,,False
2026-08-22T21:15:00Z,5,Nablus,5-2,27.43,26.44604166666667,1,True,26.72,25.439895833333335,1,True,,,,False
2026-08-22T21:30:00Z,5,Nablus,5-2,27.07,26.318541666666672,1,True,26.89,25.356145833333333,1,True,,,,False
2026-08-22T21:45:00Z,5,Nablus,5-2,26.95,26.190833333333334,1,True,,,,False,,,,False
2026-08-22T22:00:00Z,5,Nablus,5-2,25.87,26.06583333333333,1,True,,,,False,,,,False
2026-08-22T22:15:00Z,5,Nablus,5-2,27.45,25.945000000000004,1,True,,,,False,,,,False
2026-08-22T22:30:00Z,5,Nablus,5-2,27.39,25.829062500000003,1,True,,,,False,,,,False
2026-08-22T22:45:00Z,5,Nablus,5-2,27.11,25.6903125,1,True,,,,False,,,,False
2026-08-22T23:00:00Z,5,Nablus,5-2,26.62,25.546458333333334,1,True,,,,False,,,,False
2026-08-22T23:15:00Z,5,Nablus,5-2,26.72,25.439895833333335,1,True,,,,False,,,,False
2026-08-22T23:30:00Z,5,Nablus,5-2,26.89,25.356145833333333,1,True,,,,False,,,,False
2026-08-22T23:45:00Z,5,Nablus,5-2,,,,False,,,,False,,,,False
2026-08-23T00:00:00Z,5,Nablus,5-2,,,,False,,,,False,,,,False
2026-08-23T00:15:00Z,5,Nablus,5-2,,,,False,,,,False,,,,False
2026-08-23T00:30:00Z,5,Nablus,5-2,,,,False,,,,False,,,,False
