row_index,timestamp,sensor_id,city,feature,value,zscore_flag,mad_flag,iqr_flag,rolling_zscore_flag,isolation_forest_flag,lof_flag,anomaly_methods_triggered,methods,quality_flag,analytical_category
1019,2026-08-16T16:00:00Z,1,Tulkarem,aqi,637.0,True,True,True,True,True,True,6,"zscore,mad,iqr,rolling_zscore,isolation_forest,lof",SUSPICIOUS,MULTIVARIATE_ANOMALY
5512,2026-08-21T17:45:00Z,5,Nablus,pm25,96.88,True,True,True,True,True,True,6,"zscore,mad,iqr,rolling_zscore,isolation_forest,lof",SUSPICIOUS,MULTIVARIATE_ANOMALY
452,2026-08-10T18:00:00Z,1,Tulkarem,pm25,59.44,True,True,True,True,False,True,5,"zscore,mad,iqr,rolling_zscore,lof",SUSPICIOUS,MULTIVARIATE_ANOMALY
453,2026-08-10T18:15:00Z,1,Tulkarem,pm25,49.48,True,True,True,True,False,True,5,"zscore,mad,iqr,rolling_zscore,lof",SUSPICIOUS,MULTIVARIATE_ANOMALY
640,2026-08-12T17:00:00Z,1,Tulkarem,pm25,47.17,True,True,True,True,False,True,5,"zscore,mad,iqr,rolling_zscore,lof",SUSPICIOUS,PERSISTENT_SHIFT
641,2026-08-12T17:15:00Z,1,Tulkarem,pm25,50.41,True,True,True,True,False,True,5,"zscore,mad,iqr,rolling_zscore,lof",SUSPICIOUS,PERSISTENT_SHIFT
992,2026-08-16T09:15:00Z,1,Tulkarem,no2,12.36,True,True,True,True,True,False,5,"zscore,mad,iqr,rolling_zscore,isolation_forest",NORMAL,MULTIVARIATE_ANOMALY
1340,2026-08-20T00:30:00Z,1,Tulkarem,pm25,48.39,True,True,True,True,False,True,5,"zscore,mad,iqr,rolling_zscore,lof",SUSPICIOUS,ISOLATED_SPIKE
5512,2026-08-21T17:45:00Z,5,Nablus,aqi,252.0,True,True,False,True,True,True,5,"zscore,mad,rolling_zscore,isolation_forest,lof",SUSPICIOUS,MULTIVARIATE_ANOMALY
5513,2026-08-21T18:00:00Z,5,Nablus,pm25,63.78,True,True,True,False,True,True,5,"zscore,mad,iqr,isolation_forest,lof",SUSPICIOUS,MULTIVARIATE_ANOMALY
993,2026-08-16T09:30:00Z,1,Tulkarem,no2,12.35,True,True,True,False,True,False,4,"zscore,mad,iqr,isolation_forest",NORMAL,MULTIVARIATE_ANOMALY
994,2026-08-16T09:45:00Z,1,Tulkarem,no2,12.35,True,True,True,False,True,False,4,"zscore,mad,iqr,isolation_forest",NORMAL,MULTIVARIATE_ANOMALY
995,2026-08-16T10:00:00Z,1,Tulkarem,no2,12.34,True,True,True,False,True,False,4,"zscore,mad,iqr,isolation_forest",NORMAL,MULTIVARIATE_ANOMALY
996,2026-08-16T10:15:00Z,1,Tulkarem,no2,12.33,True,True,True,False,True,False,4,"zscore,mad,iqr,isolation_forest",NORMAL,MULTIVARIATE_ANOMALY
1019,2026-08-16T16:00:00Z,1,Tulkarem,no2,12.3,True,True,False,False,True,True,4,"zscore,mad,isolation_forest,lof",SUSPICIOUS,MULTIVARIATE_ANOMALY
1020,2026-08-16T16:15:00Z,1,Tulkarem,no2,12.38,True,True,True,False,True,False,4,"zscore,mad,iqr,isolation_forest",SUSPICIOUS,MULTIVARIATE_ANOMALY
1021,2026-08-16T16:30:00Z,1,Tulkarem,no2,12.34,True,True,True,False,True,False,4,"zscore,mad,iqr,isolation_forest",SUSPICIOUS,MULTIVARIATE_ANOMALY
4609,2026-08-20T23:00:00Z,4,Nablus,pm25,51.6,True,True,False,True,False,True,4,"zscore,mad,rolling_zscore,lof",SUSPICIOUS,PERSISTENT_SHIFT
639,2026-08-12T16:45:00Z,1,Tulkarem,pm25,34.64,False,False,False,True,True,True,3,"rolling_zscore,isolation_forest,lof",SUSPICIOUS,PERSISTENT_SHIFT
639,2026-08-12T16:45:00Z,1,Tulkarem,aqi,192.0,False,False,False,True,True,True,3,"rolling_zscore,isolation_forest,lof",SUSPICIOUS,MULTIVARIATE_ANOMALY
919,2026-08-15T15:00:00Z,1,Tulkarem,no2,11.84,False,True,False,True,False,True,3,"mad,rolling_zscore,lof",SUSPICIOUS,MULTIVARIATE_ANOMALY
991,2026-08-16T09:00:00Z,1,Tulkarem,no2,12.3,True,True,False,False,True,False,3,"zscore,mad,isolation_forest",SUSPICIOUS,MULTIVARIATE_ANOMALY
1019,2026-08-16T16:00:00Z,1,Tulkarem,o3,0.52,False,True,False,False,True,True,3,"mad,isolation_forest,lof",SUSPICIOUS,MULTIVARIATE_ANOMALY
1020,2026-08-16T16:15:00Z,1,Tulkarem,o3,-2.07,True,True,False,False,True,False,3,"zscore,mad,isolation_forest",SUSPICIOUS,MULTIVARIATE_ANOMALY
1022,2026-08-16T16:45:00Z,1,Tulkarem,no2,12.31,True,True,False,False,True,False,3,"zscore,mad,isolation_forest",SUSPICIOUS,MULTIVARIATE_ANOMALY
1022,2026-08-16T16:45:00Z,1,Tulkarem,o3,-2.32,True,True,False,False,True,False,3,"zscore,mad,isolation_forest",SUSPICIOUS,MULTIVARIATE_ANOMALY
3296,2026-08-07T05:15:00Z,4,Nablus,pm25,48.86,False,False,False,False,True,True,2,"isolation_forest,lof",SUSPICIOUS,MULTIVARIATE_ANOMALY
3296,2026-08-07T05:15:00Z,4,Nablus,temperature,27.94,False,False,False,False,True,True,2,"isolation_forest,lof",SUSPICIOUS,MULTIVARIATE_ANOMALY
3296,2026-08-07T05:15:00Z,4,Nablus,humidity,64.64,False,False,False,False,True,True,2,"isolation_forest,lof",SUSPICIOUS,MULTIVARIATE_ANOMALY
3296,2026-08-07T05:15:00Z,4,Nablus,aqi,125.0,False,False,False,False,True,True,2,"isolation_forest,lof",SUSPICIOUS,MULTIVARIATE_ANOMALY
1853,2026-08-08T20:30:00Z,2,Nablus,pm25,50.79,False,False,False,True,False,True,2,"rolling_zscore,lof",SUSPICIOUS,MULTIVARIATE_ANOMALY
3480,2026-08-09T03:45:00Z,4,Nablus,pm25,43.74,False,False,False,False,True,True,2,"isolation_forest,lof",SUSPICIOUS,MULTIVARIATE_ANOMALY
3480,2026-08-09T03:45:00Z,4,Nablus,temperature,27.56,False,False,False,False,True,True,2,"isolation_forest,lof",SUSPICIOUS,MULTIVARIATE_ANOMALY
3480,2026-08-09T03:45:00Z,4,Nablus,humidity,72.81,False,False,False,False,True,True,2,"isolation_forest,lof",SUSPICIOUS,PERSISTENT_SHIFT
3480,2026-08-09T03:45:00Z,4,Nablus,aqi,115.0,False,False,False,False,True,True,2,"isolation_forest,lof",SUSPICIOUS,MULTIVARIATE_ANOMALY
1979,2026-08-10T04:15:00Z,2,Nablus,pm25,8.56,False,False,False,False,True,True,2,"isolation_forest,lof",NORMAL,MULTIVARIATE_ANOMALY
1979,2026-08-10T04:15:00Z,2,Nablus,temperature,32.19,False,False,False,False,True,True,2,"isolation_forest,lof",NORMAL,MULTIVARIATE_ANOMALY
1979,2026-08-10T04:15:00Z,2,Nablus,humidity,25.13,False,False,False,False,True,True,2,"isolation_forest,lof",NORMAL,MULTIVARIATE_ANOMALY
1979,2026-08-10T04:15:00Z,2,Nablus,aqi,48.0,False,False,False,False,True,True,2,"isolation_forest,lof",NORMAL,MULTIVARIATE_ANOMALY
1980,2026-08-10T04:30:00Z,2,Nablus,pm25,8.58,False,False,False,False,True,True,2,"isolation_forest,lof",NORMAL,MULTIVARIATE_ANOMALY
1980,2026-08-10T04:30:00Z,2,Nablus,temperature,32.32,False,False,False,False,True,True,2,"isolation_forest,lof",NORMAL,MULTIVARIATE_ANOMALY
1980,2026-08-10T04:30:00Z,2,Nablus,humidity,25.75,False,False,False,False,True,True,2,"isolation_forest,lof",NORMAL,MULTIVARIATE_ANOMALY
1980,2026-08-10T04:30:00Z,2,Nablus,aqi,48.0,False,False,False,False,True,True,2,"isolation_forest,lof",NORMAL,MULTIVARIATE_ANOMALY
1981,2026-08-10T04:45:00Z,2,Nablus,pm25,8.65,False,False,False,False,True,True,2,"isolation_forest,lof",NORMAL,MULTIVARIATE_ANOMALY
1981,2026-08-10T04:45:00Z,2,Nablus,temperature,32.51,False,False,False,False,True,True,2,"isolation_forest,lof",NORMAL,MULTIVARIATE_ANOMALY
1981,2026-08-10T04:45:00Z,2,Nablus,humidity,24.57,False,False,False,False,True,True,2,"isolation_forest,lof",NORMAL,MULTIVARIATE_ANOMALY
1981,2026-08-10T04:45:00Z,2,Nablus,aqi,48.0,False,False,False,False,True,True,2,"isolation_forest,lof",NORMAL,MULTIVARIATE_ANOMALY
1984,2026-08-10T05:30:00Z,2,Nablus,pm25,9.22,False,False,False,False,True,True,2,"isolation_forest,lof",NORMAL,LIKELY_ENVIRONMENTAL_EVENT
1984,2026-08-10T05:30:00Z,2,Nablus,temperature,33.05,False,False,False,False,True,True,2,"isolation_forest,lof",NORMAL,LIKELY_ENVIRONMENTAL_EVENT
1984,2026-08-10T05:30:00Z,2,Nablus,humidity,22.92,False,False,False,False,True,True,2,"isolation_forest,lof",NORMAL,LIKELY_ENVIRONMENTAL_EVENT
1984,2026-08-10T05:30:00Z,2,Nablus,aqi,51.0,False,False,False,False,True,True,2,"isolation_forest,lof",NORMAL,LIKELY_ENVIRONMENTAL_EVENT
1985,2026-08-10T05:45:00Z,2,Nablus,pm25,9.2,False,False,False,False,True,True,2,"isolation_forest,lof",NORMAL,LIKELY_ENVIRONMENTAL_EVENT
1985,2026-08-10T05:45:00Z,2,Nablus,temperature,33.42,False,False,False,False,True,True,2,"isolation_forest,lof",NORMAL,LIKELY_ENVIRONMENTAL_EVENT
1985,2026-08-10T05:45:00Z,2,Nablus,humidity,22.21,False,False,False,False,True,True,2,"isolation_forest,lof",NORMAL,LIKELY_ENVIRONMENTAL_EVENT
1985,2026-08-10T05:45:00Z,2,Nablus,aqi,51.0,False,False,False,False,True,True,2,"isolation_forest,lof",NORMAL,LIKELY_ENVIRONMENTAL_EVENT
1986,2026-08-10T06:00:00Z,2,Nablus,pm25,9.5,False,False,False,False,True,True,2,"isolation_forest,lof",NORMAL,MULTIVARIATE_ANOMALY
1986,2026-08-10T06:00:00Z,2,Nablus,temperature,33.73,False,False,False,False,True,True,2,"isolation_forest,lof",NORMAL,MULTIVARIATE_ANOMALY
1986,2026-08-10T06:00:00Z,2,Nablus,humidity,22.24,False,False,False,False,True,True,2,"isolation_forest,lof",NORMAL,MULTIVARIATE_ANOMALY
1986,2026-08-10T06:00:00Z,2,Nablus,aqi,53.0,False,False,False,False,True,True,2,"isolation_forest,lof",NORMAL,MULTIVARIATE_ANOMALY
3616,2026-08-10T13:45:00Z,4,Nablus,temperature,50.0,False,False,False,True,True,False,2,"rolling_zscore,isolation_forest",NORMAL,MULTIVARIATE_ANOMALY
3619,2026-08-10T14:30:00Z,4,Nablus,temperature,50.25,False,False,False,True,True,False,2,"rolling_zscore,isolation_forest",NORMAL,MULTIVARIATE_ANOMALY
3620,2026-08-10T14:45:00Z,4,Nablus,temperature,50.98,False,False,False,True,True,False,2,"rolling_zscore,isolation_forest",NORMAL,MULTIVARIATE_ANOMALY
3621,2026-08-10T15:00:00Z,4,Nablus,temperature,51.41,False,False,False,True,True,False,2,"rolling_zscore,isolation_forest",NORMAL,LIKELY_ENVIRONMENTAL_EVENT
3622,2026-08-10T15:15:00Z,4,Nablus,temperature,50.77,False,False,False,True,True,False,2,"rolling_zscore,isolation_forest",NORMAL,MULTIVARIATE_ANOMALY
2061,2026-08-11T01:00:00Z,2,Nablus,pm25,19.48,False,False,False,True,False,True,2,"rolling_zscore,lof",SUSPICIOUS,ISOLATED_SPIKE
2061,2026-08-11T01:00:00Z,2,Nablus,aqi,108.0,False,False,False,True,False,True,2,"rolling_zscore,lof",SUSPICIOUS,ISOLATED_SPIKE
493,2026-08-11T04:15:00Z,1,Tulkarem,pm25,40.6,False,True,False,False,False,True,2,"mad,lof",SUSPICIOUS,ISOLATED_SPIKE
2100,2026-08-11T10:45:00Z,2,Nablus,pm25,17.7,False,False,False,True,False,True,2,"rolling_zscore,lof",NORMAL,ISOLATED_SPIKE
2100,2026-08-11T10:45:00Z,2,Nablus,aqi,98.0,False,False,False,True,False,True,2,"rolling_zscore,lof",NORMAL,ISOLATED_SPIKE
537,2026-08-11T15:15:00Z,1,Tulkarem,pm25,5.22,False,False,False,False,True,True,2,"isolation_forest,lof",NORMAL,MULTIVARIATE_ANOMALY
537,2026-08-11T15:15:00Z,1,Tulkarem,temperature,33.52,False,False,False,False,True,True,2,"isolation_forest,lof",NORMAL,MULTIVARIATE_ANOMALY
537,2026-08-11T15:15:00Z,1,Tulkarem,humidity,35.57,False,False,False,False,True,True,2,"isolation_forest,lof",NORMAL,MULTIVARIATE_ANOMALY
537,2026-08-11T15:15:00Z,1,Tulkarem,no2,11.98,False,False,False,False,True,True,2,"isolation_forest,lof",NORMAL,MULTIVARIATE_ANOMALY
537,2026-08-11T15:15:00Z,1,Tulkarem,o3,39.96,False,False,False,False,True,True,2,"isolation_forest,lof",NORMAL,MULTIVARIATE_ANOMALY
537,2026-08-11T15:15:00Z,1,Tulkarem,aqi,29.0,False,False,False,False,True,True,2,"isolation_forest,lof",NORMAL,MULTIVARIATE_ANOMALY
538,2026-08-11T15:30:00Z,1,Tulkarem,pm25,5.59,False,False,False,False,True,True,2,"isolation_forest,lof",NORMAL,MULTIVARIATE_ANOMALY
538,2026-08-11T15:30:00Z,1,Tulkarem,temperature,32.75,False,False,False,False,True,True,2,"isolation_forest,lof",NORMAL,MULTIVARIATE_ANOMALY
538,2026-08-11T15:30:00Z,1,Tulkarem,humidity,38.79,False,False,False,False,True,True,2,"isolation_forest,lof",NORMAL,MULTIVARIATE_ANOMALY
538,2026-08-11T15:30:00Z,1,Tulkarem,no2,12.07,False,False,False,False,True,True,2,"isolation_forest,lof",NORMAL,MULTIVARIATE_ANOMALY
538,2026-08-11T15:30:00Z,1,Tulkarem,o3,35.0,False,False,False,False,True,True,2,"isolation_forest,lof",NORMAL,MULTIVARIATE_ANOMALY
538,2026-08-11T15:30:00Z,1,Tulkarem,aqi,31.0,False,False,False,False,True,True,2,"isolation_forest,lof",NORMAL,MULTIVARIATE_ANOMALY
539,2026-08-11T15:45:00Z,1,Tulkarem,pm25,5.74,False,False,False,False,True,True,2,"isolation_forest,lof",NORMAL,MULTIVARIATE_ANOMALY
539,2026-08-11T15:45:00Z,1,Tulkarem,temperature,31.86,False,False,False,False,True,True,2,"isolation_forest,lof",NORMAL,MULTIVARIATE_ANOMALY
539,2026-08-11T15:45:00Z,1,Tulkarem,humidity,41.76,False,False,False,False,True,True,2,"isolation_forest,lof",NORMAL,MULTIVARIATE_ANOMALY
539,2026-08-11T15:45:00Z,1,Tulkarem,no2,12.1,False,False,False,False,True,True,2,"isolation_forest,lof",NORMAL,MULTIVARIATE_ANOMALY
539,2026-08-11T15:45:00Z,1,Tulkarem,o3,30.25,False,False,False,False,True,True,2,"isolation_forest,lof",NORMAL,MULTIVARIATE_ANOMALY
539,2026-08-11T15:45:00Z,1,Tulkarem,aqi,32.0,False,False,False,False,True,True,2,"isolation_forest,lof",NORMAL,MULTIVARIATE_ANOMALY
632,2026-08-12T15:00:00Z,1,Tulkarem,no2,11.87,False,True,False,True,False,False,2,"mad,rolling_zscore",NORMAL,UNCERTAIN
639,2026-08-12T16:45:00Z,1,Tulkarem,temperature,26.25,False,False,False,False,True,True,2,"isolation_forest,lof",SUSPICIOUS,MULTIVARIATE_ANOMALY
639,2026-08-12T16:45:00Z,1,Tulkarem,humidity,56.18,False,False,False,False,True,True,2,"isolation_forest,lof",SUSPICIOUS,MULTIVARIATE_ANOMALY
639,2026-08-12T16:45:00Z,1,Tulkarem,no2,12.18,False,False,False,False,True,True,2,"isolation_forest,lof",SUSPICIOUS,MULTIVARIATE_ANOMALY
639,2026-08-12T16:45:00Z,1,Tulkarem,o3,37.55,False,False,False,False,True,True,2,"isolation_forest,lof",SUSPICIOUS,MULTIVARIATE_ANOMALY
3869,2026-08-13T05:15:00Z,4,Nablus,pm25,41.59,False,False,False,True,False,True,2,"rolling_zscore,lof",SUSPICIOUS,PERSISTENT_SHIFT
2446,2026-08-15T01:15:00Z,2,Nablus,pm25,48.46,False,False,False,False,True,True,2,"isolation_forest,lof",NORMAL,MULTIVARIATE_ANOMALY
2446,2026-08-15T01:15:00Z,2,Nablus,temperature,27.68,False,False,False,False,True,True,2,"isolation_forest,lof",NORMAL,MULTIVARIATE_ANOMALY
2446,2026-08-15T01:15:00Z,2,Nablus,humidity,74.0,False,False,False,False,True,True,2,"isolation_forest,lof",NORMAL,MULTIVARIATE_ANOMALY
2446,2026-08-15T01:15:00Z,2,Nablus,aqi,124.0,False,False,False,False,True,True,2,"isolation_forest,lof",NORMAL,MULTIVARIATE_ANOMALY
2448,2026-08-15T01:45:00Z,2,Nablus,pm25,48.56,False,False,False,False,True,True,2,"isolation_forest,lof",NORMAL,MULTIVARIATE_ANOMALY
2448,2026-08-15T01:45:00Z,2,Nablus,temperature,27.68,False,False,False,False,True,True,2,"isolation_forest,lof",NORMAL,MULTIVARIATE_ANOMALY
2448,2026-08-15T01:45:00Z,2,Nablus,humidity,74.01,False,False,False,False,True,True,2,"isolation_forest,lof",NORMAL,MULTIVARIATE_ANOMALY
2448,2026-08-15T01:45:00Z,2,Nablus,aqi,125.0,False,False,False,False,True,True,2,"isolation_forest,lof",NORMAL,MULTIVARIATE_ANOMALY
2451,2026-08-15T02:30:00Z,2,Nablus,pm25,48.61,False,False,False,False,True,True,2,"isolation_forest,lof",NORMAL,MULTIVARIATE_ANOMALY
2451,2026-08-15T02:30:00Z,2,Nablus,temperature,27.95,False,False,False,False,True,True,2,"isolation_forest,lof",NORMAL,MULTIVARIATE_ANOMALY
2451,2026-08-15T02:30:00Z,2,Nablus,humidity,72.59,False,False,False,False,True,True,2,"isolation_forest,lof",NORMAL,MULTIVARIATE_ANOMALY
2451,2026-08-15T02:30:00Z,2,Nablus,aqi,125.0,False,False,False,False,True,True,2,"isolation_forest,lof",NORMAL,MULTIVARIATE_ANOMALY
4082,2026-08-15T11:00:00Z,4,Nablus,temperature,41.33,False,False,False,True,False,True,2,"rolling_zscore,lof",NORMAL,LIKELY_ENVIRONMENTAL_EVENT
4184,2026-08-16T12:30:00Z,4,Nablus,pm25,30.34,False,False,False,False,True,True,2,"isolation_forest,lof",SUSPICIOUS,MULTIVARIATE_ANOMALY
4184,2026-08-16T12:30:00Z,4,Nablus,temperature,41.81,False,False,False,False,True,True,2,"isolation_forest,lof",SUSPICIOUS,MULTIVARIATE_ANOMALY
4184,2026-08-16T12:30:00Z,4,Nablus,humidity,39.74,False,False,False,False,True,True,2,"isolation_forest,lof",SUSPICIOUS,MULTIVARIATE_ANOMALY
4184,2026-08-16T12:30:00Z,4,Nablus,aqi,168.0,False,False,False,False,True,True,2,"isolation_forest,lof",SUSPICIOUS,MULTIVARIATE_ANOMALY
1013,2026-08-16T14:30:00Z,1,Tulkarem,no2,12.29,False,True,False,False,True,False,2,"mad,isolation_forest",NORMAL,MULTIVARIATE_ANOMALY
1015,2026-08-16T15:00:00Z,1,Tulkarem,o3,0.96,False,True,False,False,True,False,2,"mad,isolation_forest",SUSPICIOUS,MULTIVARIATE_ANOMALY
1019,2026-08-16T16:00:00Z,1,Tulkarem,pm25,18.32,False,False,False,False,True,True,2,"isolation_forest,lof",SUSPICIOUS,PERSISTENT_SHIFT
1019,2026-08-16T16:00:00Z,1,Tulkarem,temperature,28.81,False,False,False,False,True,True,2,"isolation_forest,lof",SUSPICIOUS,MULTIVARIATE_ANOMALY
1019,2026-08-16T16:00:00Z,1,Tulkarem,humidity,49.57,False,False,False,False,True,True,2,"isolation_forest,lof",SUSPICIOUS,MULTIVARIATE_ANOMALY
1021,2026-08-16T16:30:00Z,1,Tulkarem,o3,-0.77,False,True,False,False,True,False,2,"mad,isolation_forest",SUSPICIOUS,MULTIVARIATE_ANOMALY
5387,2026-08-20T10:15:00Z,5,Nablus,temperature,48.96,False,True,False,False,True,False,2,"mad,isolation_forest",NORMAL,MULTIVARIATE_ANOMALY
5388,2026-08-20T10:30:00Z,5,Nablus,temperature,49.61,False,True,False,False,True,False,2,"mad,isolation_forest",NORMAL,MULTIVARIATE_ANOMALY
5389,2026-08-20T10:45:00Z,5,Nablus,temperature,50.04,False,True,False,False,True,False,2,"mad,isolation_forest",NORMAL,MULTIVARIATE_ANOMALY
5482,2026-08-21T10:00:00Z,5,Nablus,temperature,49.01,False,True,False,False,True,False,2,"mad,isolation_forest",NORMAL,MULTIVARIATE_ANOMALY
5512,2026-08-21T17:45:00Z,5,Nablus,temperature,30.53,False,False,False,False,True,True,2,"isolation_forest,lof",SUSPICIOUS,MULTIVARIATE_ANOMALY
5512,2026-08-21T17:45:00Z,5,Nablus,humidity,65.94,False,False,False,False,True,True,2,"isolation_forest,lof",SUSPICIOUS,MULTIVARIATE_ANOMALY
5513,2026-08-21T18:00:00Z,5,Nablus,temperature,30.35,False,False,False,False,True,True,2,"isolation_forest,lof",SUSPICIOUS,MULTIVARIATE_ANOMALY
5513,2026-08-21T18:00:00Z,5,Nablus,humidity,65.68,False,False,False,False,True,True,2,"isolation_forest,lof",SUSPICIOUS,MULTIVARIATE_ANOMALY
5513,2026-08-21T18:00:00Z,5,Nablus,aqi,171.0,False,False,False,False,True,True,2,"isolation_forest,lof",SUSPICIOUS,MULTIVARIATE_ANOMALY
100,2026-08-07T01:00:00Z,1,Tulkarem,pm25,29.14,False,False,False,True,False,False,1,rolling_zscore,SUSPICIOUS,MULTIVARIATE_ANOMALY
100,2026-08-07T01:00:00Z,1,Tulkarem,aqi,162.0,False,False,False,True,False,False,1,rolling_zscore,SUSPICIOUS,MULTIVARIATE_ANOMALY
4885,2026-08-07T05:00:00Z,5,Nablus,pm25,27.24,False,False,False,False,False,True,1,lof,NORMAL,MULTIVARIATE_ANOMALY
4885,2026-08-07T05:00:00Z,5,Nablus,temperature,29.48,False,False,False,False,False,True,1,lof,NORMAL,MULTIVARIATE_ANOMALY
4885,2026-08-07T05:00:00Z,5,Nablus,humidity,58.34,False,False,False,False,False,True,1,lof,NORMAL,MULTIVARIATE_ANOMALY
4885,2026-08-07T05:00:00Z,5,Nablus,aqi,151.0,False,False,False,False,False,True,1,lof,NORMAL,MULTIVARIATE_ANOMALY
1775,2026-08-08T00:45:00Z,2,Nablus,pm25,27.77,False,False,False,False,True,False,1,isolation_forest,NORMAL,MULTIVARIATE_ANOMALY
1775,2026-08-08T00:45:00Z,2,Nablus,temperature,26.55,False,False,False,False,True,False,1,isolation_forest,NORMAL,MULTIVARIATE_ANOMALY
1775,2026-08-08T00:45:00Z,2,Nablus,humidity,76.88,False,False,False,False,True,False,1,isolation_forest,NORMAL,MULTIVARIATE_ANOMALY
1775,2026-08-08T00:45:00Z,2,Nablus,aqi,154.0,False,False,False,False,True,False,1,isolation_forest,NORMAL,MULTIVARIATE_ANOMALY
1776,2026-08-08T01:00:00Z,2,Nablus,pm25,27.43,False,False,False,False,True,False,1,isolation_forest,NORMAL,MULTIVARIATE_ANOMALY
1776,2026-08-08T01:00:00Z,2,Nablus,temperature,26.54,False,False,False,False,True,False,1,isolation_forest,NORMAL,MULTIVARIATE_ANOMALY
1776,2026-08-08T01:00:00Z,2,Nablus,humidity,76.76,False,False,False,False,True,False,1,isolation_forest,NORMAL,MULTIVARIATE_ANOMALY
1776,2026-08-08T01:00:00Z,2,Nablus,aqi,152.0,False,False,False,False,True,False,1,isolation_forest,NORMAL,MULTIVARIATE_ANOMALY
1777,2026-08-08T01:15:00Z,2,Nablus,pm25,27.75,False,False,False,False,True,False,1,isolation_forest,NORMAL,MULTIVARIATE_ANOMALY
1777,2026-08-08T01:15:00Z,2,Nablus,temperature,26.57,False,False,False,False,True,False,1,isolation_forest,NORMAL,MULTIVARIATE_ANOMALY
1777,2026-08-08T01:15:00Z,2,Nablus,humidity,76.57,False,False,False,False,True,False,1,isolation_forest,NORMAL,MULTIVARIATE_ANOMALY
1777,2026-08-08T01:15:00Z,2,Nablus,aqi,154.0,False,False,False,False,True,False,1,isolation_forest,NORMAL,MULTIVARIATE_ANOMALY
5005,2026-08-08T11:00:00Z,5,Nablus,temperature,43.63,False,False,False,True,False,False,1,rolling_zscore,NORMAL,UNCERTAIN
5006,2026-08-08T11:15:00Z,5,Nablus,temperature,43.85,False,False,False,True,False,False,1,rolling_zscore,NORMAL,UNCERTAIN
5007,2026-08-08T11:30:00Z,5,Nablus,temperature,43.58,False,False,False,True,False,False,1,rolling_zscore,NORMAL,UNCERTAIN
5016,2026-08-08T13:45:00Z,5,Nablus,pm25,21.82,False,False,False,False,False,True,1,lof,NORMAL,MULTIVARIATE_ANOMALY
5016,2026-08-08T13:45:00Z,5,Nablus,temperature,39.86,False,False,False,False,False,True,1,lof,NORMAL,MULTIVARIATE_ANOMALY
5016,2026-08-08T13:45:00Z,5,Nablus,humidity,38.41,False,False,False,False,False,True,1,lof,NORMAL,MULTIVARIATE_ANOMALY
5016,2026-08-08T13:45:00Z,5,Nablus,aqi,121.0,False,False,False,False,False,True,1,lof,NORMAL,MULTIVARIATE_ANOMALY
1853,2026-08-08T20:30:00Z,2,Nablus,temperature,28.56,False,False,False,False,False,True,1,lof,SUSPICIOUS,MULTIVARIATE_ANOMALY
1853,2026-08-08T20:30:00Z,2,Nablus,humidity,71.37,False,False,False,False,False,True,1,lof,SUSPICIOUS,MULTIVARIATE_ANOMALY
1853,2026-08-08T20:30:00Z,2,Nablus,aqi,129.0,False,False,False,False,False,True,1,lof,SUSPICIOUS,MULTIVARIATE_ANOMALY
1854,2026-08-08T20:45:00Z,2,Nablus,pm25,42.34,False,False,False,True,False,False,1,rolling_zscore,SUSPICIOUS,UNCERTAIN
3459,2026-08-08T22:15:00Z,4,Nablus,pm25,34.62,False,False,False,False,True,False,1,isolation_forest,SUSPICIOUS,MULTIVARIATE_ANOMALY
3459,2026-08-08T22:15:00Z,4,Nablus,temperature,28.54,False,False,False,False,True,False,1,isolation_forest,SUSPICIOUS,MULTIVARIATE_ANOMALY
3459,2026-08-08T22:15:00Z,4,Nablus,humidity,71.52,False,False,False,False,True,False,1,isolation_forest,SUSPICIOUS,MULTIVARIATE_ANOMALY
3459,2026-08-08T22:15:00Z,4,Nablus,aqi,192.0,False,False,False,False,True,False,1,isolation_forest,SUSPICIOUS,MULTIVARIATE_ANOMALY
3462,2026-08-08T23:00:00Z,4,Nablus,pm25,38.02,False,False,False,False,True,False,1,isolation_forest,NORMAL,MULTIVARIATE_ANOMALY
3462,2026-08-08T23:00:00Z,4,Nablus,temperature,27.86,False,False,False,False,True,False,1,isolation_forest,NORMAL,MULTIVARIATE_ANOMALY
3462,2026-08-08T23:00:00Z,4,Nablus,humidity,73.89,False,False,False,False,True,False,1,isolation_forest,NORMAL,MULTIVARIATE_ANOMALY
3462,2026-08-08T23:00:00Z,4,Nablus,aqi,105.0,False,False,False,False,True,False,1,isolation_forest,NORMAL,MULTIVARIATE_ANOMALY
3464,2026-08-08T23:30:00Z,4,Nablus,pm25,38.92,False,False,False,False,True,False,1,isolation_forest,NORMAL,MULTIVARIATE_ANOMALY
3464,2026-08-08T23:30:00Z,4,Nablus,temperature,27.67,False,False,False,False,True,False,1,isolation_forest,NORMAL,MULTIVARIATE_ANOMALY
3464,2026-08-08T23:30:00Z,4,Nablus,humidity,74.02,False,False,False,False,True,False,1,isolation_forest,NORMAL,MULTIVARIATE_ANOMALY
3464,2026-08-08T23:30:00Z,4,Nablus,aqi,107.0,False,False,False,False,True,False,1,isolation_forest,NORMAL,MULTIVARIATE_ANOMALY
3465,2026-08-08T23:45:00Z,4,Nablus,pm25,41.79,False,False,False,False,True,False,1,isolation_forest,NORMAL,MULTIVARIATE_ANOMALY
3465,2026-08-08T23:45:00Z,4,Nablus,temperature,27.74,False,False,False,False,True,False,1,isolation_forest,NORMAL,MULTIVARIATE_ANOMALY
3465,2026-08-08T23:45:00Z,4,Nablus,humidity,73.59,False,False,False,False,True,False,1,isolation_forest,NORMAL,MULTIVARIATE_ANOMALY
3465,2026-08-08T23:45:00Z,4,Nablus,aqi,112.0,False,False,False,False,True,False,1,isolation_forest,NORMAL,MULTIVARIATE_ANOMALY
3466,2026-08-09T00:15:00Z,4,Nablus,pm25,36.16,False,False,False,False,False,True,1,lof,SUSPICIOUS,MULTIVARIATE_ANOMALY
3466,2026-08-09T00:15:00Z,4,Nablus,temperature,27.68,False,False,False,False,False,True,1,lof,SUSPICIOUS,MULTIVARIATE_ANOMALY
3466,2026-08-09T00:15:00Z,4,Nablus,humidity,73.27,False,False,False,False,False,True,1,lof,SUSPICIOUS,MULTIVARIATE_ANOMALY
3466,2026-08-09T00:15:00Z,4,Nablus,aqi,101.0,False,False,False,False,False,True,1,lof,SUSPICIOUS,MULTIVARIATE_ANOMALY
3467,2026-08-09T00:30:00Z,4,Nablus,pm25,34.74,False,False,False,False,True,False,1,isolation_forest,SUSPICIOUS,MULTIVARIATE_ANOMALY
3467,2026-08-09T00:30:00Z,4,Nablus,temperature,27.79,False,False,False,False,True,False,1,isolation_forest,SUSPICIOUS,MULTIVARIATE_ANOMALY
3467,2026-08-09T00:30:00Z,4,Nablus,humidity,72.64,False,False,False,False,True,False,1,isolation_forest,SUSPICIOUS,MULTIVARIATE_ANOMALY
3467,2026-08-09T00:30:00Z,4,Nablus,aqi,193.0,False,False,False,False,True,False,1,isolation_forest,SUSPICIOUS,MULTIVARIATE_ANOMALY
3470,2026-08-09T01:15:00Z,4,Nablus,pm25,35.29,False,False,False,False,True,False,1,isolation_forest,NORMAL,MULTIVARIATE_ANOMALY
3470,2026-08-09T01:15:00Z,4,Nablus,temperature,27.98,False,False,False,False,True,False,1,isolation_forest,NORMAL,MULTIVARIATE_ANOMALY
3470,2026-08-09T01:15:00Z,4,Nablus,humidity,72.15,False,False,False,False,True,False,1,isolation_forest,NORMAL,MULTIVARIATE_ANOMALY
3470,2026-08-09T01:15:00Z,4,Nablus,aqi,196.0,False,False,False,False,True,False,1,isolation_forest,NORMAL,MULTIVARIATE_ANOMALY
3474,2026-08-09T02:15:00Z,4,Nablus,pm25,35.61,False,False,False,False,False,True,1,lof,SUSPICIOUS,MULTIVARIATE_ANOMALY
3474,2026-08-09T02:15:00Z,4,Nablus,temperature,27.57,False,False,False,False,False,True,1,lof,SUSPICIOUS,MULTIVARIATE_ANOMALY
3474,2026-08-09T02:15:00Z,4,Nablus,humidity,72.52,False,False,False,False,False,True,1,lof,SUSPICIOUS,MULTIVARIATE_ANOMALY
3474,2026-08-09T02:15:00Z,4,Nablus,aqi,100.0,False,False,False,False,False,True,1,lof,SUSPICIOUS,MULTIVARIATE_ANOMALY
3475,2026-08-09T02:30:00Z,4,Nablus,pm25,34.94,False,False,False,False,True,False,1,isolation_forest,SUSPICIOUS,MULTIVARIATE_ANOMALY
3475,2026-08-09T02:30:00Z,4,Nablus,temperature,27.35,False,False,False,False,True,False,1,isolation_forest,SUSPICIOUS,MULTIVARIATE_ANOMALY
3475,2026-08-09T02:30:00Z,4,Nablus,humidity,73.23,False,False,False,False,True,False,1,isolation_forest,SUSPICIOUS,MULTIVARIATE_ANOMALY
3475,2026-08-09T02:30:00Z,4,Nablus,aqi,194.0,False,False,False,False,True,False,1,isolation_forest,SUSPICIOUS,MULTIVARIATE_ANOMALY
3479,2026-08-09T03:30:00Z,4,Nablus,pm25,34.85,False,False,False,False,True,False,1,isolation_forest,NORMAL,MULTIVARIATE_ANOMALY
3479,2026-08-09T03:30:00Z,4,Nablus,temperature,27.65,False,False,False,False,True,False,1,isolation_forest,NORMAL,MULTIVARIATE_ANOMALY
3479,2026-08-09T03:30:00Z,4,Nablus,humidity,72.41,False,False,False,False,True,False,1,isolation_forest,NORMAL,MULTIVARIATE_ANOMALY
3479,2026-08-09T03:30:00Z,4,Nablus,aqi,193.0,False,False,False,False,True,False,1,isolation_forest,NORMAL,MULTIVARIATE_ANOMALY
5097,2026-08-09T10:30:00Z,5,Nablus,temperature,47.12,False,False,False,True,False,False,1,rolling_zscore,NORMAL,UNCERTAIN
5098,2026-08-09T10:45:00Z,5,Nablus,temperature,47.73,False,False,False,True,False,False,1,rolling_zscore,NORMAL,UNCERTAIN
5099,2026-08-09T11:00:00Z,5,Nablus,temperature,48.07,False,False,False,True,False,False,1,rolling_zscore,NORMAL,UNCERTAIN
3512,2026-08-09T11:45:00Z,4,Nablus,temperature,43.72,False,False,False,True,False,False,1,rolling_zscore,NORMAL,UNCERTAIN
3513,2026-08-09T12:00:00Z,4,Nablus,temperature,44.59,False,False,False,True,False,False,1,rolling_zscore,NORMAL,MULTIVARIATE_ANOMALY
3513,2026-08-09T12:00:00Z,4,Nablus,humidity,30.96,False,False,False,True,False,False,1,rolling_zscore,NORMAL,MULTIVARIATE_ANOMALY
3514,2026-08-09T12:15:00Z,4,Nablus,temperature,45.49,False,False,False,True,False,False,1,rolling_zscore,NORMAL,MULTIVARIATE_ANOMALY
3514,2026-08-09T12:15:00Z,4,Nablus,humidity,29.62,False,False,False,True,False,False,1,rolling_zscore,NORMAL,MULTIVARIATE_ANOMALY
3515,2026-08-09T12:30:00Z,4,Nablus,temperature,46.97,False,False,False,True,False,False,1,rolling_zscore,NORMAL,MULTIVARIATE_ANOMALY
3515,2026-08-09T12:30:00Z,4,Nablus,humidity,28.88,False,False,False,True,False,False,1,rolling_zscore,NORMAL,MULTIVARIATE_ANOMALY
3516,2026-08-09T12:45:00Z,4,Nablus,temperature,47.43,False,False,False,True,False,False,1,rolling_zscore,NORMAL,MULTIVARIATE_ANOMALY
3516,2026-08-09T12:45:00Z,4,Nablus,humidity,29.46,False,False,False,True,False,False,1,rolling_zscore,NORMAL,MULTIVARIATE_ANOMALY
3517,2026-08-09T13:00:00Z,4,Nablus,temperature,48.18,False,False,False,True,False,False,1,rolling_zscore,NORMAL,MULTIVARIATE_ANOMALY
3517,2026-08-09T13:00:00Z,4,Nablus,humidity,28.88,False,False,False,True,False,False,1,rolling_zscore,NORMAL,MULTIVARIATE_ANOMALY
3518,2026-08-09T13:15:00Z,4,Nablus,temperature,49.24,False,False,False,True,False,False,1,rolling_zscore,NORMAL,MULTIVARIATE_ANOMALY
3518,2026-08-09T13:15:00Z,4,Nablus,humidity,28.19,False,False,False,True,False,False,1,rolling_zscore,NORMAL,MULTIVARIATE_ANOMALY
3519,2026-08-09T13:30:00Z,4,Nablus,temperature,49.21,False,False,False,True,False,False,1,rolling_zscore,NORMAL,MULTIVARIATE_ANOMALY
3519,2026-08-09T13:30:00Z,4,Nablus,humidity,28.21,False,False,False,True,False,False,1,rolling_zscore,NORMAL,MULTIVARIATE_ANOMALY
3520,2026-08-09T13:45:00Z,4,Nablus,temperature,49.33,False,False,False,True,False,False,1,rolling_zscore,NORMAL,MULTIVARIATE_ANOMALY
3520,2026-08-09T13:45:00Z,4,Nablus,humidity,27.82,False,False,False,True,False,False,1,rolling_zscore,NORMAL,MULTIVARIATE_ANOMALY
3521,2026-08-09T14:00:00Z,4,Nablus,temperature,50.19,False,False,False,True,False,False,1,rolling_zscore,NORMAL,MULTIVARIATE_ANOMALY
3521,2026-08-09T14:00:00Z,4,Nablus,humidity,26.9,False,False,False,True,False,False,1,rolling_zscore,NORMAL,MULTIVARIATE_ANOMALY
3522,2026-08-09T14:15:00Z,4,Nablus,temperature,50.38,False,False,False,True,False,False,1,rolling_zscore,NORMAL,MULTIVARIATE_ANOMALY
3522,2026-08-09T14:15:00Z,4,Nablus,humidity,26.85,False,False,False,True,False,False,1,rolling_zscore,NORMAL,MULTIVARIATE_ANOMALY
3523,2026-08-09T14:30:00Z,4,Nablus,temperature,50.59,False,False,False,True,False,False,1,rolling_zscore,NORMAL,MULTIVARIATE_ANOMALY
3523,2026-08-09T14:30:00Z,4,Nablus,humidity,27.04,False,False,False,True,False,False,1,rolling_zscore,NORMAL,MULTIVARIATE_ANOMALY
3524,2026-08-09T14:45:00Z,4,Nablus,temperature,49.84,False,False,False,True,False,False,1,rolling_zscore,NORMAL,MULTIVARIATE_ANOMALY
3524,2026-08-09T14:45:00Z,4,Nablus,humidity,27.26,False,False,False,True,False,False,1,rolling_zscore,NORMAL,MULTIVARIATE_ANOMALY
3525,2026-08-09T15:00:00Z,4,Nablus,temperature,49.65,False,False,False,True,False,False,1,rolling_zscore,NORMAL,MULTIVARIATE_ANOMALY
3525,2026-08-09T15:00:00Z,4,Nablus,humidity,27.32,False,False,False,True,False,False,1,rolling_zscore,NORMAL,MULTIVARIATE_ANOMALY
3526,2026-08-09T15:15:00Z,4,Nablus,temperature,48.96,False,False,False,True,False,False,1,rolling_zscore,NORMAL,MULTIVARIATE_ANOMALY
3526,2026-08-09T15:15:00Z,4,Nablus,humidity,28.17,False,False,False,True,False,False,1,rolling_zscore,NORMAL,MULTIVARIATE_ANOMALY
3527,2026-08-09T15:30:00Z,4,Nablus,temperature,48.23,False,False,False,True,False,False,1,rolling_zscore,NORMAL,MULTIVARIATE_ANOMALY
3527,2026-08-09T15:30:00Z,4,Nablus,humidity,28.53,False,False,False,True,False,False,1,rolling_zscore,NORMAL,MULTIVARIATE_ANOMALY
3528,2026-08-09T15:45:00Z,4,Nablus,temperature,47.52,False,False,False,True,False,False,1,rolling_zscore,NORMAL,MULTIVARIATE_ANOMALY
3528,2026-08-09T15:45:00Z,4,Nablus,humidity,29.41,False,False,False,True,False,False,1,rolling_zscore,NORMAL,MULTIVARIATE_ANOMALY
3529,2026-08-09T16:00:00Z,4,Nablus,temperature,46.61,False,False,False,True,False,False,1,rolling_zscore,NORMAL,MULTIVARIATE_ANOMALY
3529,2026-08-09T16:00:00Z,4,Nablus,humidity,30.45,False,False,False,True,False,False,1,rolling_zscore,NORMAL,MULTIVARIATE_ANOMALY
3530,2026-08-09T16:15:00Z,4,Nablus,temperature,45.02,False,False,False,True,False,False,1,rolling_zscore,NORMAL,UNCERTAIN
368,2026-08-09T20:45:00Z,1,Tulkarem,pm25,15.12,False,False,False,False,False,True,1,lof,NORMAL,MULTIVARIATE_ANOMALY
368,2026-08-09T20:45:00Z,1,Tulkarem,temperature,25.18,False,False,False,False,False,True,1,lof,NORMAL,MULTIVARIATE_ANOMALY
368,2026-08-09T20:45:00Z,1,Tulkarem,humidity,64.05,False,False,False,False,False,True,1,lof,NORMAL,MULTIVARIATE_ANOMALY
368,2026-08-09T20:45:00Z,1,Tulkarem,no2,12.05,False,False,False,False,False,True,1,lof,NORMAL,MULTIVARIATE_ANOMALY
368,2026-08-09T20:45:00Z,1,Tulkarem,o3,72.18,False,False,False,False,False,True,1,lof,NORMAL,MULTIVARIATE_ANOMALY
368,2026-08-09T20:45:00Z,1,Tulkarem,aqi,84.0,False,False,False,False,False,True,1,lof,NORMAL,MULTIVARIATE_ANOMALY
3555,2026-08-09T22:30:00Z,4,Nablus,pm25,9.32,False,False,False,False,False,True,1,lof,NORMAL,MULTIVARIATE_ANOMALY
3555,2026-08-09T22:30:00Z,4,Nablus,temperature,32.59,False,False,False,False,False,True,1,lof,NORMAL,MULTIVARIATE_ANOMALY
3555,2026-08-09T22:30:00Z,4,Nablus,humidity,32.05,False,False,False,False,False,True,1,lof,NORMAL,MULTIVARIATE_ANOMALY
3555,2026-08-09T22:30:00Z,4,Nablus,aqi,52.0,False,False,False,False,False,True,1,lof,NORMAL,MULTIVARIATE_ANOMALY
3557,2026-08-09T23:00:00Z,4,Nablus,pm25,8.88,False,False,False,False,False,True,1,lof,NORMAL,MULTIVARIATE_ANOMALY
3557,2026-08-09T23:00:00Z,4,Nablus,temperature,32.34,False,False,False,False,False,True,1,lof,NORMAL,MULTIVARIATE_ANOMALY
3557,2026-08-09T23:00:00Z,4,Nablus,humidity,32.0,False,False,False,False,False,True,1,lof,NORMAL,MULTIVARIATE_ANOMALY
3557,2026-08-09T23:00:00Z,4,Nablus,aqi,49.0,False,False,False,False,False,True,1,lof,NORMAL,MULTIVARIATE_ANOMALY
3558,2026-08-09T23:15:00Z,4,Nablus,pm25,8.97,False,False,False,False,False,True,1,lof,NORMAL,MULTIVARIATE_ANOMALY
3558,2026-08-09T23:15:00Z,4,Nablus,temperature,32.24,False,False,False,False,False,True,1,lof,NORMAL,MULTIVARIATE_ANOMALY
3558,2026-08-09T23:15:00Z,4,Nablus,humidity,31.69,False,False,False,False,False,True,1,lof,NORMAL,MULTIVARIATE_ANOMALY
3558,2026-08-09T23:15:00Z,4,Nablus,aqi,50.0,False,False,False,False,False,True,1,lof,NORMAL,MULTIVARIATE_ANOMALY
3559,2026-08-09T23:30:00Z,4,Nablus,pm25,9.02,False,False,False,False,False,True,1,lof,NORMAL,MULTIVARIATE_ANOMALY
3559,2026-08-09T23:30:00Z,4,Nablus,temperature,32.19,False,False,False,False,False,True,1,lof,NORMAL,MULTIVARIATE_ANOMALY
3559,2026-08-09T23:30:00Z,4,Nablus,humidity,31.73,False,False,False,False,False,True,1,lof,NORMAL,MULTIVARIATE_ANOMALY
3559,2026-08-09T23:30:00Z,4,Nablus,aqi,50.0,False,False,False,False,False,True,1,lof,NORMAL,MULTIVARIATE_ANOMALY
3560,2026-08-09T23:45:00Z,4,Nablus,pm25,8.95,False,False,False,False,False,True,1,lof,NORMAL,MULTIVARIATE_ANOMALY
3560,2026-08-09T23:45:00Z,4,Nablus,temperature,32.17,False,False,False,False,False,True,1,lof,NORMAL,MULTIVARIATE_ANOMALY
3560,2026-08-09T23:45:00Z,4,Nablus,humidity,31.48,False,False,False,False,False,True,1,lof,NORMAL,MULTIVARIATE_ANOMALY
3560,2026-08-09T23:45:00Z,4,Nablus,aqi,50.0,False,False,False,False,False,True,1,lof,NORMAL,MULTIVARIATE_ANOMALY
3561,2026-08-10T00:00:00Z,4,Nablus,pm25,8.31,False,False,False,False,False,True,1,lof,NORMAL,MULTIVARIATE_ANOMALY
3561,2026-08-10T00:00:00Z,4,Nablus,temperature,32.14,False,False,False,False,False,True,1,lof,NORMAL,MULTIVARIATE_ANOMALY
3561,2026-08-10T00:00:00Z,4,Nablus,humidity,30.87,False,False,False,False,False,True,1,lof,NORMAL,MULTIVARIATE_ANOMALY
3561,2026-08-10T00:00:00Z,4,Nablus,aqi,46.0,False,False,False,False,False,True,1,lof,NORMAL,MULTIVARIATE_ANOMALY
1963,2026-08-10T00:15:00Z,2,Nablus,pm25,9.89,False,False,False,False,False,True,1,lof,NORMAL,LIKELY_ENVIRONMENTAL_EVENT
1963,2026-08-10T00:15:00Z,2,Nablus,temperature,31.41,False,False,False,False,False,True,1,lof,NORMAL,LIKELY_ENVIRONMENTAL_EVENT
1963,2026-08-10T00:15:00Z,2,Nablus,humidity,34.25,False,False,False,False,False,True,1,lof,NORMAL,LIKELY_ENVIRONMENTAL_EVENT
1963,2026-08-10T00:15:00Z,2,Nablus,aqi,55.0,False,False,False,False,False,True,1,lof,NORMAL,LIKELY_ENVIRONMENTAL_EVENT
3562,2026-08-10T00:15:00Z,4,Nablus,pm25,8.39,False,False,False,False,False,True,1,lof,NORMAL,LIKELY_ENVIRONMENTAL_EVENT
3562,2026-08-10T00:15:00Z,4,Nablus,temperature,32.05,False,False,False,False,False,True,1,lof,NORMAL,LIKELY_ENVIRONMENTAL_EVENT
3562,2026-08-10T00:15:00Z,4,Nablus,humidity,30.82,False,False,False,False,False,True,1,lof,NORMAL,LIKELY_ENVIRONMENTAL_EVENT
3562,2026-08-10T00:15:00Z,4,Nablus,aqi,47.0,False,False,False,False,False,True,1,lof,NORMAL,LIKELY_ENVIRONMENTAL_EVENT
1964,2026-08-10T00:30:00Z,2,Nablus,pm25,9.66,False,False,False,False,False,True,1,lof,NORMAL,LIKELY_ENVIRONMENTAL_EVENT
1964,2026-08-10T00:30:00Z,2,Nablus,temperature,31.25,False,False,False,False,False,True,1,lof,NORMAL,LIKELY_ENVIRONMENTAL_EVENT
1964,2026-08-10T00:30:00Z,2,Nablus,humidity,33.63,False,False,False,False,False,True,1,lof,NORMAL,LIKELY_ENVIRONMENTAL_EVENT
1964,2026-08-10T00:30:00Z,2,Nablus,aqi,54.0,False,False,False,False,False,True,1,lof,NORMAL,LIKELY_ENVIRONMENTAL_EVENT
3563,2026-08-10T00:30:00Z,4,Nablus,pm25,8.72,False,False,False,False,False,True,1,lof,NORMAL,LIKELY_ENVIRONMENTAL_EVENT
3563,2026-08-10T00:30:00Z,4,Nablus,temperature,31.95,False,False,False,False,False,True,1,lof,NORMAL,LIKELY_ENVIRONMENTAL_EVENT
3563,2026-08-10T00:30:00Z,4,Nablus,humidity,30.41,False,False,False,False,False,True,1,lof,NORMAL,LIKELY_ENVIRONMENTAL_EVENT
3563,2026-08-10T00:30:00Z,4,Nablus,aqi,48.0,False,False,False,False,False,True,1,lof,NORMAL,LIKELY_ENVIRONMENTAL_EVENT
1965,2026-08-10T00:45:00Z,2,Nablus,pm25,9.37,False,False,False,False,False,True,1,lof,NORMAL,MULTIVARIATE_ANOMALY
1965,2026-08-10T00:45:00Z,2,Nablus,temperature,31.07,False,False,False,False,False,True,1,lof,NORMAL,MULTIVARIATE_ANOMALY
1965,2026-08-10T00:45:00Z,2,Nablus,humidity,31.86,False,False,False,False,False,True,1,lof,NORMAL,MULTIVARIATE_ANOMALY
1965,2026-08-10T00:45:00Z,2,Nablus,aqi,52.0,False,False,False,False,False,True,1,lof,NORMAL,MULTIVARIATE_ANOMALY
1978,2026-08-10T04:00:00Z,2,Nablus,pm25,8.54,False,False,False,False,False,True,1,lof,NORMAL,MULTIVARIATE_ANOMALY
1978,2026-08-10T04:00:00Z,2,Nablus,temperature,32.12,False,False,False,False,False,True,1,lof,NORMAL,MULTIVARIATE_ANOMALY
1978,2026-08-10T04:00:00Z,2,Nablus,humidity,26.34,False,False,False,False,False,True,1,lof,NORMAL,MULTIVARIATE_ANOMALY
1978,2026-08-10T04:00:00Z,2,Nablus,aqi,47.0,False,False,False,False,False,True,1,lof,NORMAL,MULTIVARIATE_ANOMALY
1983,2026-08-10T05:15:00Z,2,Nablus,pm25,9.39,False,False,False,False,False,True,1,lof,NORMAL,MULTIVARIATE_ANOMALY
1983,2026-08-10T05:15:00Z,2,Nablus,temperature,32.84,False,False,False,False,False,True,1,lof,NORMAL,MULTIVARIATE_ANOMALY
1983,2026-08-10T05:15:00Z,2,Nablus,humidity,23.87,False,False,False,False,False,True,1,lof,NORMAL,MULTIVARIATE_ANOMALY
1983,2026-08-10T05:15:00Z,2,Nablus,aqi,52.0,False,False,False,False,False,True,1,lof,NORMAL,MULTIVARIATE_ANOMALY
3583,2026-08-10T05:30:00Z,4,Nablus,pm25,8.34,False,False,False,False,False,True,1,lof,NORMAL,LIKELY_ENVIRONMENTAL_EVENT
3583,2026-08-10T05:30:00Z,4,Nablus,temperature,34.73,False,False,False,False,False,True,1,lof,NORMAL,LIKELY_ENVIRONMENTAL_EVENT
3583,2026-08-10T05:30:00Z,4,Nablus,humidity,21.13,False,False,False,False,False,True,1,lof,NORMAL,LIKELY_ENVIRONMENTAL_EVENT
3583,2026-08-10T05:30:00Z,4,Nablus,aqi,46.0,False,False,False,False,False,True,1,lof,NORMAL,LIKELY_ENVIRONMENTAL_EVENT
3584,2026-08-10T05:45:00Z,4,Nablus,pm25,8.23,False,False,False,False,False,True,1,lof,NORMAL,LIKELY_ENVIRONMENTAL_EVENT
3584,2026-08-10T05:45:00Z,4,Nablus,temperature,35.06,False,False,False,False,False,True,1,lof,NORMAL,LIKELY_ENVIRONMENTAL_EVENT
3584,2026-08-10T05:45:00Z,4,Nablus,humidity,21.28,False,False,False,False,False,True,1,lof,NORMAL,LIKELY_ENVIRONMENTAL_EVENT
3584,2026-08-10T05:45:00Z,4,Nablus,aqi,46.0,False,False,False,False,False,True,1,lof,NORMAL,LIKELY_ENVIRONMENTAL_EVENT
1987,2026-08-10T06:15:00Z,2,Nablus,pm25,9.76,False,False,False,False,True,False,1,isolation_forest,NORMAL,MULTIVARIATE_ANOMALY
1987,2026-08-10T06:15:00Z,2,Nablus,temperature,33.83,False,False,False,False,True,False,1,isolation_forest,NORMAL,MULTIVARIATE_ANOMALY
1987,2026-08-10T06:15:00Z,2,Nablus,humidity,22.04,False,False,False,False,True,False,1,isolation_forest,NORMAL,MULTIVARIATE_ANOMALY
1987,2026-08-10T06:15:00Z,2,Nablus,aqi,54.0,False,False,False,False,True,False,1,isolation_forest,NORMAL,MULTIVARIATE_ANOMALY
3612,2026-08-10T12:45:00Z,4,Nablus,temperature,47.57,False,False,False,True,False,False,1,rolling_zscore,NORMAL,UNCERTAIN
3613,2026-08-10T13:00:00Z,4,Nablus,temperature,48.47,False,False,False,True,False,False,1,rolling_zscore,NORMAL,UNCERTAIN
3614,2026-08-10T13:15:00Z,4,Nablus,temperature,48.58,False,False,False,True,False,False,1,rolling_zscore,NORMAL,UNCERTAIN
3615,2026-08-10T13:30:00Z,4,Nablus,temperature,49.36,False,False,False,True,False,False,1,rolling_zscore,NORMAL,UNCERTAIN
3616,2026-08-10T13:45:00Z,4,Nablus,pm25,8.84,False,False,False,False,True,False,1,isolation_forest,NORMAL,MULTIVARIATE_ANOMALY
3616,2026-08-10T13:45:00Z,4,Nablus,humidity,23.86,False,False,False,False,True,False,1,isolation_forest,NORMAL,MULTIVARIATE_ANOMALY
3616,2026-08-10T13:45:00Z,4,Nablus,aqi,49.0,False,False,False,False,True,False,1,isolation_forest,NORMAL,MULTIVARIATE_ANOMALY
3617,2026-08-10T14:00:00Z,4,Nablus,temperature,50.29,False,False,False,True,False,False,1,rolling_zscore,NORMAL,UNCERTAIN
3618,2026-08-10T14:15:00Z,4,Nablus,temperature,50.02,False,False,False,True,False,False,1,rolling_zscore,NORMAL,UNCERTAIN
3619,2026-08-10T14:30:00Z,4,Nablus,pm25,8.95,False,False,False,False,True,False,1,isolation_forest,NORMAL,MULTIVARIATE_ANOMALY
3619,2026-08-10T14:30:00Z,4,Nablus,humidity,21.41,False,False,False,False,True,False,1,isolation_forest,NORMAL,MULTIVARIATE_ANOMALY
3619,2026-08-10T14:30:00Z,4,Nablus,aqi,50.0,False,False,False,False,True,False,1,isolation_forest,NORMAL,MULTIVARIATE_ANOMALY
440,2026-08-10T14:45:00Z,1,Tulkarem,pm25,6.17,False,False,False,False,True,False,1,isolation_forest,SUSPICIOUS,MULTIVARIATE_ANOMALY
440,2026-08-10T14:45:00Z,1,Tulkarem,temperature,32.74,False,False,False,False,True,False,1,isolation_forest,SUSPICIOUS,MULTIVARIATE_ANOMALY
440,2026-08-10T14:45:00Z,1,Tulkarem,humidity,32.96,False,False,False,False,True,False,1,isolation_forest,SUSPICIOUS,MULTIVARIATE_ANOMALY
440,2026-08-10T14:45:00Z,1,Tulkarem,no2,11.88,False,False,False,False,True,False,1,isolation_forest,SUSPICIOUS,MULTIVARIATE_ANOMALY
440,2026-08-10T14:45:00Z,1,Tulkarem,o3,66.7,False,False,False,False,True,False,1,isolation_forest,SUSPICIOUS,MULTIVARIATE_ANOMALY
440,2026-08-10T14:45:00Z,1,Tulkarem,aqi,34.0,False,False,False,False,True,False,1,isolation_forest,SUSPICIOUS,MULTIVARIATE_ANOMALY
3620,2026-08-10T14:45:00Z,4,Nablus,pm25,8.92,False,False,False,False,True,False,1,isolation_forest,NORMAL,MULTIVARIATE_ANOMALY
3620,2026-08-10T14:45:00Z,4,Nablus,humidity,21.09,False,False,False,False,True,False,1,isolation_forest,NORMAL,MULTIVARIATE_ANOMALY
3620,2026-08-10T14:45:00Z,4,Nablus,aqi,49.0,False,False,False,False,True,False,1,isolation_forest,NORMAL,MULTIVARIATE_ANOMALY
441,2026-08-10T15:00:00Z,1,Tulkarem,pm25,5.75,False,False,False,False,True,False,1,isolation_forest,NORMAL,LIKELY_ENVIRONMENTAL_EVENT
441,2026-08-10T15:00:00Z,1,Tulkarem,temperature,33.57,False,False,False,False,True,False,1,isolation_forest,NORMAL,LIKELY_ENVIRONMENTAL_EVENT
441,2026-08-10T15:00:00Z,1,Tulkarem,humidity,32.11,False,False,False,False,True,False,1,isolation_forest,NORMAL,LIKELY_ENVIRONMENTAL_EVENT
441,2026-08-10T15:00:00Z,1,Tulkarem,no2,11.9,False,False,False,False,True,False,1,isolation_forest,NORMAL,MULTIVARIATE_ANOMALY
441,2026-08-10T15:00:00Z,1,Tulkarem,o3,60.47,False,False,False,False,True,False,1,isolation_forest,NORMAL,MULTIVARIATE_ANOMALY
441,2026-08-10T15:00:00Z,1,Tulkarem,aqi,32.0,False,False,False,False,True,False,1,isolation_forest,NORMAL,LIKELY_ENVIRONMENTAL_EVENT
2022,2026-08-10T15:00:00Z,2,Nablus,pm25,10.85,False,False,False,False,True,False,1,isolation_forest,NORMAL,LIKELY_ENVIRONMENTAL_EVENT
2022,2026-08-10T15:00:00Z,2,Nablus,temperature,38.7,False,False,False,False,True,False,1,isolation_forest,NORMAL,LIKELY_ENVIRONMENTAL_EVENT
2022,2026-08-10T15:00:00Z,2,Nablus,humidity,31.54,False,False,False,False,True,False,1,isolation_forest,NORMAL,LIKELY_ENVIRONMENTAL_EVENT
2022,2026-08-10T15:00:00Z,2,Nablus,aqi,60.0,False,False,False,False,True,False,1,isolation_forest,NORMAL,LIKELY_ENVIRONMENTAL_EVENT
3621,2026-08-10T15:00:00Z,4,Nablus,pm25,9.49,False,False,False,False,True,False,1,isolation_forest,NORMAL,LIKELY_ENVIRONMENTAL_EVENT
3621,2026-08-10T15:00:00Z,4,Nablus,humidity,20.78,False,False,False,False,True,False,1,isolation_forest,NORMAL,LIKELY_ENVIRONMENTAL_EVENT
3621,2026-08-10T15:00:00Z,4,Nablus,aqi,53.0,False,False,False,False,True,False,1,isolation_forest,NORMAL,LIKELY_ENVIRONMENTAL_EVENT
442,2026-08-10T15:15:00Z,1,Tulkarem,pm25,5.67,False,False,False,False,True,False,1,isolation_forest,NORMAL,MULTIVARIATE_ANOMALY
442,2026-08-10T15:15:00Z,1,Tulkarem,temperature,33.76,False,False,False,False,True,False,1,isolation_forest,NORMAL,MULTIVARIATE_ANOMALY
442,2026-08-10T15:15:00Z,1,Tulkarem,humidity,33.05,False,False,False,False,True,False,1,isolation_forest,NORMAL,MULTIVARIATE_ANOMALY
442,2026-08-10T15:15:00Z,1,Tulkarem,no2,11.96,False,False,False,False,True,False,1,isolation_forest,NORMAL,MULTIVARIATE_ANOMALY
442,2026-08-10T15:15:00Z,1,Tulkarem,o3,53.86,False,False,False,False,True,False,1,isolation_forest,NORMAL,MULTIVARIATE_ANOMALY
442,2026-08-10T15:15:00Z,1,Tulkarem,aqi,32.0,False,False,False,False,True,False,1,isolation_forest,NORMAL,MULTIVARIATE_ANOMALY
3622,2026-08-10T15:15:00Z,4,Nablus,pm25,8.81,False,False,False,False,True,False,1,isolation_forest,NORMAL,MULTIVARIATE_ANOMALY
3622,2026-08-10T15:15:00Z,4,Nablus,humidity,21.56,False,False,False,False,True,False,1,isolation_forest,NORMAL,MULTIVARIATE_ANOMALY
3622,2026-08-10T15:15:00Z,4,Nablus,aqi,49.0,False,False,False,False,True,False,1,isolation_forest,NORMAL,MULTIVARIATE_ANOMALY
3623,2026-08-10T15:30:00Z,4,Nablus,temperature,49.39,False,False,False,True,False,False,1,rolling_zscore,NORMAL,UNCERTAIN
3624,2026-08-10T15:45:00Z,4,Nablus,temperature,48.43,False,False,False,True,False,False,1,rolling_zscore,NORMAL,UNCERTAIN
452,2026-08-10T18:00:00Z,1,Tulkarem,temperature,25.77,False,False,False,False,False,True,1,lof,SUSPICIOUS,MULTIVARIATE_ANOMALY
452,2026-08-10T18:00:00Z,1,Tulkarem,humidity,58.39,False,False,False,False,False,True,1,lof,SUSPICIOUS,MULTIVARIATE_ANOMALY
452,2026-08-10T18:00:00Z,1,Tulkarem,no2,12.13,False,False,False,False,False,True,1,lof,SUSPICIOUS,MULTIVARIATE_ANOMALY
452,2026-08-10T18:00:00Z,1,Tulkarem,o3,37.59,False,False,False,False,False,True,1,lof,SUSPICIOUS,MULTIVARIATE_ANOMALY
452,2026-08-10T18:00:00Z,1,Tulkarem,aqi,160.0,False,False,False,False,False,True,1,lof,SUSPICIOUS,MULTIVARIATE_ANOMALY
453,2026-08-10T18:15:00Z,1,Tulkarem,temperature,25.58,False,False,False,False,False,True,1,lof,SUSPICIOUS,MULTIVARIATE_ANOMALY
453,2026-08-10T18:15:00Z,1,Tulkarem,humidity,58.7,False,False,False,False,False,True,1,lof,SUSPICIOUS,MULTIVARIATE_ANOMALY
453,2026-08-10T18:15:00Z,1,Tulkarem,no2,12.12,False,False,False,False,False,True,1,lof,SUSPICIOUS,MULTIVARIATE_ANOMALY
453,2026-08-10T18:15:00Z,1,Tulkarem,o3,39.42,False,False,False,False,False,True,1,lof,SUSPICIOUS,MULTIVARIATE_ANOMALY
453,2026-08-10T18:15:00Z,1,Tulkarem,aqi,126.0,False,False,False,False,False,True,1,lof,SUSPICIOUS,MULTIVARIATE_ANOMALY
2061,2026-08-11T01:00:00Z,2,Nablus,temperature,32.17,False,False,False,False,False,True,1,lof,SUSPICIOUS,MULTIVARIATE_ANOMALY
2061,2026-08-11T01:00:00Z,2,Nablus,humidity,26.24,False,False,False,False,False,True,1,lof,SUSPICIOUS,MULTIVARIATE_ANOMALY
493,2026-08-11T04:15:00Z,1,Tulkarem,temperature,23.4,False,False,False,False,False,True,1,lof,SUSPICIOUS,MULTIVARIATE_ANOMALY
493,2026-08-11T04:15:00Z,1,Tulkarem,humidity,52.53,False,False,False,False,False,True,1,lof,SUSPICIOUS,MULTIVARIATE_ANOMALY
493,2026-08-11T04:15:00Z,1,Tulkarem,no2,12.06,False,False,False,False,False,True,1,lof,SUSPICIOUS,MULTIVARIATE_ANOMALY
493,2026-08-11T04:15:00Z,1,Tulkarem,o3,45.45,False,False,False,False,False,True,1,lof,SUSPICIOUS,MULTIVARIATE_ANOMALY
493,2026-08-11T04:15:00Z,1,Tulkarem,aqi,110.0,False,False,False,False,False,True,1,lof,SUSPICIOUS,MULTIVARIATE_ANOMALY
498,2026-08-11T05:30:00Z,1,Tulkarem,pm25,23.74,False,False,False,False,False,True,1,lof,NORMAL,MULTIVARIATE_ANOMALY
498,2026-08-11T05:30:00Z,1,Tulkarem,temperature,25.91,False,False,False,False,False,True,1,lof,NORMAL,MULTIVARIATE_ANOMALY
498,2026-08-11T05:30:00Z,1,Tulkarem,humidity,52.77,False,False,False,False,False,True,1,lof,NORMAL,MULTIVARIATE_ANOMALY
498,2026-08-11T05:30:00Z,1,Tulkarem,no2,12.13,False,False,False,False,False,True,1,lof,NORMAL,MULTIVARIATE_ANOMALY
498,2026-08-11T05:30:00Z,1,Tulkarem,o3,55.08,False,False,False,False,False,True,1,lof,NORMAL,MULTIVARIATE_ANOMALY
498,2026-08-11T05:30:00Z,1,Tulkarem,aqi,132.0,False,False,False,False,False,True,1,lof,NORMAL,MULTIVARIATE_ANOMALY
2100,2026-08-11T10:45:00Z,2,Nablus,temperature,36.89,False,False,False,False,False,True,1,lof,NORMAL,MULTIVARIATE_ANOMALY
2100,2026-08-11T10:45:00Z,2,Nablus,humidity,29.3,False,False,False,False,False,True,1,lof,NORMAL,MULTIVARIATE_ANOMALY
3709,2026-08-11T13:15:00Z,4,Nablus,temperature,49.22,False,False,False,True,False,False,1,rolling_zscore,NORMAL,UNCERTAIN
3710,2026-08-11T13:30:00Z,4,Nablus,temperature,49.1,False,False,False,True,False,False,1,rolling_zscore,NORMAL,UNCERTAIN
3711,2026-08-11T13:45:00Z,4,Nablus,temperature,49.46,False,False,False,True,False,False,1,rolling_zscore,NORMAL,UNCERTAIN
3712,2026-08-11T14:00:00Z,4,Nablus,temperature,49.14,False,False,False,True,False,False,1,rolling_zscore,NORMAL,UNCERTAIN
535,2026-08-11T14:45:00Z,1,Tulkarem,pm25,5.4,False,False,False,False,True,False,1,isolation_forest,SUSPICIOUS,MULTIVARIATE_ANOMALY
535,2026-08-11T14:45:00Z,1,Tulkarem,temperature,32.55,False,False,False,False,True,False,1,isolation_forest,SUSPICIOUS,MULTIVARIATE_ANOMALY
535,2026-08-11T14:45:00Z,1,Tulkarem,humidity,35.12,False,False,False,False,True,False,1,isolation_forest,SUSPICIOUS,MULTIVARIATE_ANOMALY
535,2026-08-11T14:45:00Z,1,Tulkarem,no2,11.88,False,False,False,False,True,False,1,isolation_forest,SUSPICIOUS,MULTIVARIATE_ANOMALY
535,2026-08-11T14:45:00Z,1,Tulkarem,o3,56.73,False,False,False,False,True,False,1,isolation_forest,SUSPICIOUS,MULTIVARIATE_ANOMALY
535,2026-08-11T14:45:00Z,1,Tulkarem,aqi,30.0,False,False,False,False,True,False,1,isolation_forest,SUSPICIOUS,MULTIVARIATE_ANOMALY
536,2026-08-11T15:00:00Z,1,Tulkarem,pm25,5.02,False,False,False,False,True,False,1,isolation_forest,NORMAL,MULTIVARIATE_ANOMALY
536,2026-08-11T15:00:00Z,1,Tulkarem,temperature,33.38,False,False,False,False,True,False,1,isolation_forest,NORMAL,MULTIVARIATE_ANOMALY
536,2026-08-11T15:00:00Z,1,Tulkarem,humidity,34.41,False,False,False,False,True,False,1,isolation_forest,NORMAL,MULTIVARIATE_ANOMALY
536,2026-08-11T15:00:00Z,1,Tulkarem,no2,11.88,False,False,False,False,True,False,1,isolation_forest,NORMAL,MULTIVARIATE_ANOMALY
536,2026-08-11T15:00:00Z,1,Tulkarem,o3,55.6,False,False,False,False,True,False,1,isolation_forest,NORMAL,MULTIVARIATE_ANOMALY
536,2026-08-11T15:00:00Z,1,Tulkarem,aqi,28.0,False,False,False,False,True,False,1,isolation_forest,NORMAL,MULTIVARIATE_ANOMALY
3722,2026-08-11T16:30:00Z,4,Nablus,humidity,39.42,False,False,False,True,False,False,1,rolling_zscore,SUSPICIOUS,UNCERTAIN
3723,2026-08-11T16:45:00Z,4,Nablus,humidity,43.84,False,False,False,True,False,False,1,rolling_zscore,SUSPICIOUS,UNCERTAIN
3724,2026-08-11T17:00:00Z,4,Nablus,humidity,47.77,False,False,False,True,False,False,1,rolling_zscore,NORMAL,UNCERTAIN
2126,2026-08-11T17:15:00Z,2,Nablus,humidity,58.87,False,False,False,True,False,False,1,rolling_zscore,NORMAL,LIKELY_ENVIRONMENTAL_EVENT
3725,2026-08-11T17:15:00Z,4,Nablus,humidity,51.74,False,False,False,True,False,False,1,rolling_zscore,NORMAL,LIKELY_ENVIRONMENTAL_EVENT
2127,2026-08-11T17:30:00Z,2,Nablus,humidity,62.05,False,False,False,True,False,False,1,rolling_zscore,NORMAL,LIKELY_ENVIRONMENTAL_EVENT
3726,2026-08-11T17:30:00Z,4,Nablus,humidity,54.24,False,False,False,True,False,False,1,rolling_zscore,NORMAL,LIKELY_ENVIRONMENTAL_EVENT
2128,2026-08-11T17:45:00Z,2,Nablus,humidity,63.67,False,False,False,True,False,False,1,rolling_zscore,NORMAL,LIKELY_ENVIRONMENTAL_EVENT
3727,2026-08-11T17:45:00Z,4,Nablus,humidity,56.09,False,False,False,True,False,False,1,rolling_zscore,NORMAL,LIKELY_ENVIRONMENTAL_EVENT
2129,2026-08-11T18:00:00Z,2,Nablus,humidity,64.82,False,False,False,True,False,False,1,rolling_zscore,NORMAL,LIKELY_ENVIRONMENTAL_EVENT
3728,2026-08-11T18:00:00Z,4,Nablus,humidity,57.0,False,False,False,True,False,False,1,rolling_zscore,NORMAL,LIKELY_ENVIRONMENTAL_EVENT
2130,2026-08-11T18:15:00Z,2,Nablus,humidity,64.66,False,False,False,True,False,False,1,rolling_zscore,NORMAL,LIKELY_ENVIRONMENTAL_EVENT
3729,2026-08-11T18:15:00Z,4,Nablus,humidity,57.97,False,False,False,True,False,False,1,rolling_zscore,NORMAL,LIKELY_ENVIRONMENTAL_EVENT
2131,2026-08-11T18:30:00Z,2,Nablus,humidity,62.17,False,False,False,True,False,False,1,rolling_zscore,NORMAL,LIKELY_ENVIRONMENTAL_EVENT
3730,2026-08-11T18:30:00Z,4,Nablus,humidity,58.05,False,False,False,True,False,False,1,rolling_zscore,NORMAL,LIKELY_ENVIRONMENTAL_EVENT
2132,2026-08-11T18:45:00Z,2,Nablus,humidity,61.58,False,False,False,True,False,False,1,rolling_zscore,NORMAL,LIKELY_ENVIRONMENTAL_EVENT
3731,2026-08-11T18:45:00Z,4,Nablus,humidity,57.93,False,False,False,True,False,False,1,rolling_zscore,NORMAL,LIKELY_ENVIRONMENTAL_EVENT
2133,2026-08-11T19:00:00Z,2,Nablus,humidity,60.72,False,False,False,True,False,False,1,rolling_zscore,NORMAL,LIKELY_ENVIRONMENTAL_EVENT
3732,2026-08-11T19:00:00Z,4,Nablus,humidity,56.69,False,False,False,True,False,False,1,rolling_zscore,NORMAL,LIKELY_ENVIRONMENTAL_EVENT
2134,2026-08-11T19:15:00Z,2,Nablus,humidity,56.95,False,False,False,True,False,False,1,rolling_zscore,NORMAL,LIKELY_ENVIRONMENTAL_EVENT
3733,2026-08-11T19:15:00Z,4,Nablus,humidity,55.51,False,False,False,True,False,False,1,rolling_zscore,NORMAL,LIKELY_ENVIRONMENTAL_EVENT
3734,2026-08-11T19:30:00Z,4,Nablus,humidity,52.56,False,False,False,True,False,False,1,rolling_zscore,NORMAL,UNCERTAIN
3735,2026-08-11T19:45:00Z,4,Nablus,humidity,53.26,False,False,False,True,False,False,1,rolling_zscore,NORMAL,UNCERTAIN
3736,2026-08-11T20:00:00Z,4,Nablus,humidity,51.75,False,False,False,True,False,False,1,rolling_zscore,NORMAL,UNCERTAIN
3737,2026-08-11T20:15:00Z,4,Nablus,humidity,47.64,False,False,False,True,False,False,1,rolling_zscore,NORMAL,UNCERTAIN
3738,2026-08-11T20:30:00Z,4,Nablus,humidity,40.82,False,False,False,True,False,False,1,rolling_zscore,SUSPICIOUS,UNCERTAIN
3739,2026-08-11T20:45:00Z,4,Nablus,humidity,38.65,False,False,False,True,False,False,1,rolling_zscore,NORMAL,UNCERTAIN
3740,2026-08-11T21:00:00Z,4,Nablus,humidity,39.04,False,False,False,True,False,False,1,rolling_zscore,NORMAL,UNCERTAIN
3741,2026-08-11T21:15:00Z,4,Nablus,humidity,37.38,False,False,False,True,False,False,1,rolling_zscore,NORMAL,UNCERTAIN
3808,2026-08-12T14:00:00Z,4,Nablus,temperature,49.12,False,False,False,True,False,False,1,rolling_zscore,NORMAL,UNCERTAIN
3809,2026-08-12T14:15:00Z,4,Nablus,temperature,49.34,False,False,False,True,False,False,1,rolling_zscore,NORMAL,UNCERTAIN
3810,2026-08-12T14:30:00Z,4,Nablus,temperature,49.29,False,False,False,True,False,False,1,rolling_zscore,NORMAL,UNCERTAIN
631,2026-08-12T14:45:00Z,1,Tulkarem,no2,11.89,False,False,False,True,False,False,1,rolling_zscore,SUSPICIOUS,UNCERTAIN
3811,2026-08-12T14:45:00Z,4,Nablus,temperature,49.42,False,False,False,True,False,False,1,rolling_zscore,NORMAL,UNCERTAIN
3812,2026-08-12T15:00:00Z,4,Nablus,temperature,49.41,False,False,False,True,False,False,1,rolling_zscore,NORMAL,UNCERTAIN
3818,2026-08-12T16:30:00Z,4,Nablus,humidity,40.95,False,False,False,True,False,False,1,rolling_zscore,SUSPICIOUS,UNCERTAIN
3819,2026-08-12T16:45:00Z,4,Nablus,humidity,45.79,False,False,False,True,False,False,1,rolling_zscore,SUSPICIOUS,UNCERTAIN
640,2026-08-12T17:00:00Z,1,Tulkarem,temperature,26.11,False,False,False,False,False,True,1,lof,SUSPICIOUS,MULTIVARIATE_ANOMALY
640,2026-08-12T17:00:00Z,1,Tulkarem,humidity,56.65,False,False,False,False,False,True,1,lof,SUSPICIOUS,MULTIVARIATE_ANOMALY
640,2026-08-12T17:00:00Z,1,Tulkarem,no2,12.14,False,False,False,False,False,True,1,lof,SUSPICIOUS,MULTIVARIATE_ANOMALY
640,2026-08-12T17:00:00Z,1,Tulkarem,o3,35.98,False,False,False,False,False,True,1,lof,SUSPICIOUS,MULTIVARIATE_ANOMALY
640,2026-08-12T17:00:00Z,1,Tulkarem,aqi,122.0,False,False,False,False,False,True,1,lof,SUSPICIOUS,MULTIVARIATE_ANOMALY
3820,2026-08-12T17:00:00Z,4,Nablus,humidity,49.97,False,False,False,True,False,False,1,rolling_zscore,NORMAL,UNCERTAIN
641,2026-08-12T17:15:00Z,1,Tulkarem,temperature,25.88,False,False,False,False,False,True,1,lof,SUSPICIOUS,MULTIVARIATE_ANOMALY
641,2026-08-12T17:15:00Z,1,Tulkarem,humidity,57.55,False,False,False,False,False,True,1,lof,SUSPICIOUS,MULTIVARIATE_ANOMALY
641,2026-08-12T17:15:00Z,1,Tulkarem,no2,12.14,False,False,False,False,False,True,1,lof,SUSPICIOUS,MULTIVARIATE_ANOMALY
641,2026-08-12T17:15:00Z,1,Tulkarem,o3,31.94,False,False,False,False,False,True,1,lof,SUSPICIOUS,MULTIVARIATE_ANOMALY
641,2026-08-12T17:15:00Z,1,Tulkarem,aqi,128.0,False,False,False,False,False,True,1,lof,SUSPICIOUS,MULTIVARIATE_ANOMALY
3821,2026-08-12T17:15:00Z,4,Nablus,humidity,51.4,False,False,False,True,False,False,1,rolling_zscore,NORMAL,UNCERTAIN
642,2026-08-12T17:30:00Z,1,Tulkarem,pm25,31.87,False,False,False,True,False,False,1,rolling_zscore,SUSPICIOUS,MULTIVARIATE_ANOMALY
642,2026-08-12T17:30:00Z,1,Tulkarem,aqi,177.0,False,False,False,True,False,False,1,rolling_zscore,SUSPICIOUS,MULTIVARIATE_ANOMALY
2223,2026-08-12T17:30:00Z,2,Nablus,humidity,59.41,False,False,False,True,False,False,1,rolling_zscore,NORMAL,LIKELY_ENVIRONMENTAL_EVENT
3822,2026-08-12T17:30:00Z,4,Nablus,humidity,52.81,False,False,False,True,False,False,1,rolling_zscore,NORMAL,LIKELY_ENVIRONMENTAL_EVENT
643,2026-08-12T17:45:00Z,1,Tulkarem,pm25,33.4,False,False,False,True,False,False,1,rolling_zscore,NORMAL,MULTIVARIATE_ANOMALY
643,2026-08-12T17:45:00Z,1,Tulkarem,aqi,186.0,False,False,False,True,False,False,1,rolling_zscore,NORMAL,MULTIVARIATE_ANOMALY
2224,2026-08-12T17:45:00Z,2,Nablus,humidity,60.89,False,False,False,True,False,False,1,rolling_zscore,NORMAL,LIKELY_ENVIRONMENTAL_EVENT
3823,2026-08-12T17:45:00Z,4,Nablus,humidity,55.36,False,False,False,True,False,False,1,rolling_zscore,NORMAL,LIKELY_ENVIRONMENTAL_EVENT
644,2026-08-12T18:00:00Z,1,Tulkarem,pm25,30.7,False,False,False,True,False,False,1,rolling_zscore,NORMAL,MULTIVARIATE_ANOMALY
644,2026-08-12T18:00:00Z,1,Tulkarem,aqi,171.0,False,False,False,True,False,False,1,rolling_zscore,NORMAL,MULTIVARIATE_ANOMALY
2225,2026-08-12T18:00:00Z,2,Nablus,humidity,63.43,False,False,False,True,False,False,1,rolling_zscore,NORMAL,LIKELY_ENVIRONMENTAL_EVENT
3824,2026-08-12T18:00:00Z,4,Nablus,humidity,57.48,False,False,False,True,False,False,1,rolling_zscore,NORMAL,LIKELY_ENVIRONMENTAL_EVENT
2226,2026-08-12T18:15:00Z,2,Nablus,humidity,64.86,False,False,False,True,False,False,1,rolling_zscore,NORMAL,LIKELY_ENVIRONMENTAL_EVENT
3825,2026-08-12T18:15:00Z,4,Nablus,humidity,57.58,False,False,False,True,False,False,1,rolling_zscore,NORMAL,LIKELY_ENVIRONMENTAL_EVENT
2227,2026-08-12T18:30:00Z,2,Nablus,humidity,65.06,False,False,False,True,False,False,1,rolling_zscore,NORMAL,LIKELY_ENVIRONMENTAL_EVENT
3826,2026-08-12T18:30:00Z,4,Nablus,humidity,58.59,False,False,False,True,False,False,1,rolling_zscore,NORMAL,LIKELY_ENVIRONMENTAL_EVENT
2228,2026-08-12T18:45:00Z,2,Nablus,humidity,64.11,False,False,False,True,False,False,1,rolling_zscore,NORMAL,LIKELY_ENVIRONMENTAL_EVENT
3827,2026-08-12T18:45:00Z,4,Nablus,humidity,59.52,False,False,False,True,False,False,1,rolling_zscore,NORMAL,LIKELY_ENVIRONMENTAL_EVENT
2229,2026-08-12T19:00:00Z,2,Nablus,humidity,60.55,False,False,False,True,False,False,1,rolling_zscore,NORMAL,LIKELY_ENVIRONMENTAL_EVENT
3828,2026-08-12T19:00:00Z,4,Nablus,humidity,59.02,False,False,False,True,False,False,1,rolling_zscore,NORMAL,LIKELY_ENVIRONMENTAL_EVENT
3829,2026-08-12T19:15:00Z,4,Nablus,humidity,56.39,False,False,False,True,False,False,1,rolling_zscore,NORMAL,UNCERTAIN
3830,2026-08-12T19:30:00Z,4,Nablus,humidity,46.18,False,False,False,True,False,False,1,rolling_zscore,SUSPICIOUS,UNCERTAIN
3831,2026-08-12T19:45:00Z,4,Nablus,humidity,40.6,False,False,False,True,False,False,1,rolling_zscore,NORMAL,UNCERTAIN
3846,2026-08-12T23:30:00Z,4,Nablus,pm25,18.02,False,False,False,False,False,True,1,lof,SUSPICIOUS,MULTIVARIATE_ANOMALY
3846,2026-08-12T23:30:00Z,4,Nablus,temperature,32.86,False,False,False,False,False,True,1,lof,SUSPICIOUS,MULTIVARIATE_ANOMALY
3846,2026-08-12T23:30:00Z,4,Nablus,humidity,32.25,False,False,False,False,False,True,1,lof,SUSPICIOUS,MULTIVARIATE_ANOMALY
3846,2026-08-12T23:30:00Z,4,Nablus,aqi,100.0,False,False,False,False,False,True,1,lof,SUSPICIOUS,MULTIVARIATE_ANOMALY
2255,2026-08-13T01:30:00Z,2,Nablus,pm25,16.06,False,False,False,False,False,True,1,lof,NORMAL,MULTIVARIATE_ANOMALY
2255,2026-08-13T01:30:00Z,2,Nablus,temperature,30.04,False,False,False,False,False,True,1,lof,NORMAL,MULTIVARIATE_ANOMALY
2255,2026-08-13T01:30:00Z,2,Nablus,humidity,40.56,False,False,False,False,False,True,1,lof,NORMAL,MULTIVARIATE_ANOMALY
2255,2026-08-13T01:30:00Z,2,Nablus,aqi,89.0,False,False,False,False,False,True,1,lof,NORMAL,MULTIVARIATE_ANOMALY
2256,2026-08-13T01:45:00Z,2,Nablus,pm25,15.58,False,False,False,False,False,True,1,lof,NORMAL,MULTIVARIATE_ANOMALY
2256,2026-08-13T01:45:00Z,2,Nablus,temperature,29.99,False,False,False,False,False,True,1,lof,NORMAL,MULTIVARIATE_ANOMALY
2256,2026-08-13T01:45:00Z,2,Nablus,humidity,40.4,False,False,False,False,False,True,1,lof,NORMAL,MULTIVARIATE_ANOMALY
2256,2026-08-13T01:45:00Z,2,Nablus,aqi,87.0,False,False,False,False,False,True,1,lof,NORMAL,MULTIVARIATE_ANOMALY
2258,2026-08-13T02:15:00Z,2,Nablus,pm25,16.63,False,False,False,False,False,True,1,lof,NORMAL,MULTIVARIATE_ANOMALY
2258,2026-08-13T02:15:00Z,2,Nablus,temperature,29.91,False,False,False,False,False,True,1,lof,NORMAL,MULTIVARIATE_ANOMALY
2258,2026-08-13T02:15:00Z,2,Nablus,humidity,44.68,False,False,False,False,False,True,1,lof,NORMAL,MULTIVARIATE_ANOMALY
2258,2026-08-13T02:15:00Z,2,Nablus,aqi,92.0,False,False,False,False,False,True,1,lof,NORMAL,MULTIVARIATE_ANOMALY
2259,2026-08-13T02:30:00Z,2,Nablus,pm25,17.18,False,False,False,False,False,True,1,lof,NORMAL,MULTIVARIATE_ANOMALY
2259,2026-08-13T02:30:00Z,2,Nablus,temperature,29.34,False,False,False,False,False,True,1,lof,NORMAL,MULTIVARIATE_ANOMALY
2259,2026-08-13T02:30:00Z,2,Nablus,humidity,47.13,False,False,False,False,False,True,1,lof,NORMAL,MULTIVARIATE_ANOMALY
2259,2026-08-13T02:30:00Z,2,Nablus,aqi,96.0,False,False,False,False,False,True,1,lof,NORMAL,MULTIVARIATE_ANOMALY
2260,2026-08-13T02:45:00Z,2,Nablus,pm25,18.05,False,False,False,False,False,True,1,lof,NORMAL,MULTIVARIATE_ANOMALY
2260,2026-08-13T02:45:00Z,2,Nablus,temperature,29.6,False,False,False,False,False,True,1,lof,NORMAL,MULTIVARIATE_ANOMALY
2260,2026-08-13T02:45:00Z,2,Nablus,humidity,48.34,False,False,False,False,False,True,1,lof,NORMAL,MULTIVARIATE_ANOMALY
2260,2026-08-13T02:45:00Z,2,Nablus,aqi,100.0,False,False,False,False,False,True,1,lof,NORMAL,MULTIVARIATE_ANOMALY
2263,2026-08-13T03:30:00Z,2,Nablus,aqi,123.0,False,False,False,True,False,False,1,rolling_zscore,NORMAL,UNCERTAIN
2264,2026-08-13T03:45:00Z,2,Nablus,pm25,27.0,False,False,False,True,False,False,1,rolling_zscore,SUSPICIOUS,MULTIVARIATE_ANOMALY
2264,2026-08-13T03:45:00Z,2,Nablus,aqi,150.0,False,False,False,True,False,False,1,rolling_zscore,SUSPICIOUS,MULTIVARIATE_ANOMALY
2265,2026-08-13T04:00:00Z,2,Nablus,pm25,30.71,False,False,False,True,False,False,1,rolling_zscore,NORMAL,MULTIVARIATE_ANOMALY
2265,2026-08-13T04:00:00Z,2,Nablus,aqi,171.0,False,False,False,True,False,False,1,rolling_zscore,NORMAL,MULTIVARIATE_ANOMALY
2266,2026-08-13T04:15:00Z,2,Nablus,pm25,30.34,False,False,False,True,False,False,1,rolling_zscore,NORMAL,LIKELY_ENVIRONMENTAL_EVENT
2266,2026-08-13T04:15:00Z,2,Nablus,aqi,168.0,False,False,False,True,False,False,1,rolling_zscore,NORMAL,LIKELY_ENVIRONMENTAL_EVENT
3865,2026-08-13T04:15:00Z,4,Nablus,pm25,25.95,False,False,False,True,False,False,1,rolling_zscore,SUSPICIOUS,LIKELY_ENVIRONMENTAL_EVENT
3865,2026-08-13T04:15:00Z,4,Nablus,aqi,144.0,False,False,False,True,False,False,1,rolling_zscore,SUSPICIOUS,LIKELY_ENVIRONMENTAL_EVENT
2267,2026-08-13T04:30:00Z,2,Nablus,pm25,32.0,False,False,False,True,False,False,1,rolling_zscore,NORMAL,LIKELY_ENVIRONMENTAL_EVENT
2267,2026-08-13T04:30:00Z,2,Nablus,aqi,178.0,False,False,False,True,False,False,1,rolling_zscore,NORMAL,LIKELY_ENVIRONMENTAL_EVENT
3866,2026-08-13T04:30:00Z,4,Nablus,pm25,26.49,False,False,False,True,False,False,1,rolling_zscore,NORMAL,LIKELY_ENVIRONMENTAL_EVENT
3866,2026-08-13T04:30:00Z,4,Nablus,aqi,147.0,False,False,False,True,False,False,1,rolling_zscore,NORMAL,LIKELY_ENVIRONMENTAL_EVENT
2268,2026-08-13T04:45:00Z,2,Nablus,pm25,30.96,False,False,False,True,False,False,1,rolling_zscore,NORMAL,LIKELY_ENVIRONMENTAL_EVENT
2268,2026-08-13T04:45:00Z,2,Nablus,aqi,172.0,False,False,False,True,False,False,1,rolling_zscore,NORMAL,LIKELY_ENVIRONMENTAL_EVENT
3867,2026-08-13T04:45:00Z,4,Nablus,pm25,25.5,False,False,False,True,False,False,1,rolling_zscore,NORMAL,LIKELY_ENVIRONMENTAL_EVENT
3867,2026-08-13T04:45:00Z,4,Nablus,aqi,142.0,False,False,False,True,False,False,1,rolling_zscore,NORMAL,LIKELY_ENVIRONMENTAL_EVENT
2269,2026-08-13T05:00:00Z,2,Nablus,pm25,28.4,False,False,False,True,False,False,1,rolling_zscore,NORMAL,LIKELY_ENVIRONMENTAL_EVENT
2269,2026-08-13T05:00:00Z,2,Nablus,aqi,158.0,False,False,False,True,False,False,1,rolling_zscore,NORMAL,LIKELY_ENVIRONMENTAL_EVENT
3868,2026-08-13T05:00:00Z,4,Nablus,pm25,25.02,False,False,False,True,False,False,1,rolling_zscore,NORMAL,LIKELY_ENVIRONMENTAL_EVENT
3868,2026-08-13T05:00:00Z,4,Nablus,aqi,139.0,False,False,False,True,False,False,1,rolling_zscore,NORMAL,LIKELY_ENVIRONMENTAL_EVENT
2270,2026-08-13T05:15:00Z,2,Nablus,pm25,26.16,False,False,False,True,False,False,1,rolling_zscore,NORMAL,LIKELY_ENVIRONMENTAL_EVENT
2270,2026-08-13T05:15:00Z,2,Nablus,aqi,146.0,False,False,False,True,False,False,1,rolling_zscore,NORMAL,LIKELY_ENVIRONMENTAL_EVENT
3869,2026-08-13T05:15:00Z,4,Nablus,temperature,31.39,False,False,False,False,False,True,1,lof,SUSPICIOUS,MULTIVARIATE_ANOMALY
3869,2026-08-13T05:15:00Z,4,Nablus,humidity,52.73,False,False,False,False,False,True,1,lof,SUSPICIOUS,MULTIVARIATE_ANOMALY
3869,2026-08-13T05:15:00Z,4,Nablus,aqi,112.0,False,False,False,False,False,True,1,lof,SUSPICIOUS,LIKELY_ENVIRONMENTAL_EVENT
3872,2026-08-13T06:00:00Z,4,Nablus,pm25,25.69,False,False,False,True,False,False,1,rolling_zscore,NORMAL,MULTIVARIATE_ANOMALY
3872,2026-08-13T06:00:00Z,4,Nablus,aqi,143.0,False,False,False,True,False,False,1,rolling_zscore,NORMAL,MULTIVARIATE_ANOMALY
697,2026-08-13T07:15:00Z,1,Tulkarem,pm25,34.7,False,False,False,False,True,False,1,isolation_forest,SUSPICIOUS,MULTIVARIATE_ANOMALY
697,2026-08-13T07:15:00Z,1,Tulkarem,temperature,28.27,False,False,False,False,True,False,1,isolation_forest,SUSPICIOUS,MULTIVARIATE_ANOMALY
697,2026-08-13T07:15:00Z,1,Tulkarem,humidity,49.64,False,False,False,False,True,False,1,isolation_forest,SUSPICIOUS,MULTIVARIATE_ANOMALY
697,2026-08-13T07:15:00Z,1,Tulkarem,no2,12.02,False,False,False,False,True,False,1,isolation_forest,SUSPICIOUS,MULTIVARIATE_ANOMALY
697,2026-08-13T07:15:00Z,1,Tulkarem,o3,64.11,False,False,False,False,True,False,1,isolation_forest,SUSPICIOUS,MULTIVARIATE_ANOMALY
697,2026-08-13T07:15:00Z,1,Tulkarem,aqi,193.0,False,False,False,False,True,False,1,isolation_forest,SUSPICIOUS,MULTIVARIATE_ANOMALY
727,2026-08-13T15:00:00Z,1,Tulkarem,pm25,19.75,False,False,False,False,False,True,1,lof,NORMAL,MULTIVARIATE_ANOMALY
727,2026-08-13T15:00:00Z,1,Tulkarem,temperature,32.01,False,False,False,False,False,True,1,lof,NORMAL,MULTIVARIATE_ANOMALY
727,2026-08-13T15:00:00Z,1,Tulkarem,humidity,43.47,False,False,False,False,False,True,1,lof,NORMAL,MULTIVARIATE_ANOMALY
727,2026-08-13T15:00:00Z,1,Tulkarem,no2,11.88,False,False,False,False,False,True,1,lof,NORMAL,MULTIVARIATE_ANOMALY
727,2026-08-13T15:00:00Z,1,Tulkarem,o3,56.07,False,False,False,False,False,True,1,lof,NORMAL,MULTIVARIATE_ANOMALY
727,2026-08-13T15:00:00Z,1,Tulkarem,aqi,110.0,False,False,False,False,False,True,1,lof,NORMAL,MULTIVARIATE_ANOMALY
2354,2026-08-14T02:15:00Z,2,Nablus,pm25,35.11,False,False,False,False,True,False,1,isolation_forest,NORMAL,MULTIVARIATE_ANOMALY
2354,2026-08-14T02:15:00Z,2,Nablus,temperature,27.37,False,False,False,False,True,False,1,isolation_forest,NORMAL,MULTIVARIATE_ANOMALY
2354,2026-08-14T02:15:00Z,2,Nablus,humidity,74.56,False,False,False,False,True,False,1,isolation_forest,NORMAL,MULTIVARIATE_ANOMALY
2354,2026-08-14T02:15:00Z,2,Nablus,aqi,195.0,False,False,False,False,True,False,1,isolation_forest,NORMAL,MULTIVARIATE_ANOMALY
845,2026-08-14T20:30:00Z,1,Tulkarem,pm25,36.65,False,False,False,False,False,True,1,lof,SUSPICIOUS,MULTIVARIATE_ANOMALY
845,2026-08-14T20:30:00Z,1,Tulkarem,temperature,25.58,False,False,False,False,False,True,1,lof,SUSPICIOUS,MULTIVARIATE_ANOMALY
845,2026-08-14T20:30:00Z,1,Tulkarem,humidity,59.23,False,False,False,False,False,True,1,lof,SUSPICIOUS,MULTIVARIATE_ANOMALY
845,2026-08-14T20:30:00Z,1,Tulkarem,no2,12.09,False,False,False,False,False,True,1,lof,SUSPICIOUS,MULTIVARIATE_ANOMALY
845,2026-08-14T20:30:00Z,1,Tulkarem,o3,60.82,False,False,False,False,False,True,1,lof,SUSPICIOUS,MULTIVARIATE_ANOMALY
845,2026-08-14T20:30:00Z,1,Tulkarem,aqi,102.0,False,False,False,False,False,True,1,lof,SUSPICIOUS,MULTIVARIATE_ANOMALY
2429,2026-08-14T21:00:00Z,2,Nablus,pm25,34.92,False,False,False,False,False,True,1,lof,NORMAL,MULTIVARIATE_ANOMALY
2429,2026-08-14T21:00:00Z,2,Nablus,temperature,29.6,False,False,False,False,False,True,1,lof,NORMAL,MULTIVARIATE_ANOMALY
2429,2026-08-14T21:00:00Z,2,Nablus,humidity,61.34,False,False,False,False,False,True,1,lof,NORMAL,MULTIVARIATE_ANOMALY
2429,2026-08-14T21:00:00Z,2,Nablus,aqi,194.0,False,False,False,False,False,True,1,lof,NORMAL,MULTIVARIATE_ANOMALY
2447,2026-08-15T01:30:00Z,2,Nablus,pm25,48.09,False,False,False,False,True,False,1,isolation_forest,NORMAL,MULTIVARIATE_ANOMALY
2447,2026-08-15T01:30:00Z,2,Nablus,temperature,27.69,False,False,False,False,True,False,1,isolation_forest,NORMAL,MULTIVARIATE_ANOMALY
2447,2026-08-15T01:30:00Z,2,Nablus,humidity,74.14,False,False,False,False,True,False,1,isolation_forest,NORMAL,MULTIVARIATE_ANOMALY
2447,2026-08-15T01:30:00Z,2,Nablus,aqi,124.0,False,False,False,False,True,False,1,isolation_forest,NORMAL,MULTIVARIATE_ANOMALY
2450,2026-08-15T02:15:00Z,2,Nablus,pm25,48.22,False,False,False,False,True,False,1,isolation_forest,NORMAL,MULTIVARIATE_ANOMALY
2450,2026-08-15T02:15:00Z,2,Nablus,temperature,27.91,False,False,False,False,True,False,1,isolation_forest,NORMAL,MULTIVARIATE_ANOMALY
2450,2026-08-15T02:15:00Z,2,Nablus,humidity,73.16,False,False,False,False,True,False,1,isolation_forest,NORMAL,MULTIVARIATE_ANOMALY
2450,2026-08-15T02:15:00Z,2,Nablus,aqi,124.0,False,False,False,False,True,False,1,isolation_forest,NORMAL,MULTIVARIATE_ANOMALY
874,2026-08-15T03:45:00Z,1,Tulkarem,pm25,36.03,False,False,False,False,False,True,1,lof,SUSPICIOUS,MULTIVARIATE_ANOMALY
874,2026-08-15T03:45:00Z,1,Tulkarem,temperature,24.88,False,False,False,False,False,True,1,lof,SUSPICIOUS,MULTIVARIATE_ANOMALY
874,2026-08-15T03:45:00Z,1,Tulkarem,humidity,62.24,False,False,False,False,False,True,1,lof,SUSPICIOUS,MULTIVARIATE_ANOMALY
874,2026-08-15T03:45:00Z,1,Tulkarem,no2,12.09,False,False,False,False,False,True,1,lof,SUSPICIOUS,MULTIVARIATE_ANOMALY
874,2026-08-15T03:45:00Z,1,Tulkarem,o3,61.81,False,False,False,False,False,True,1,lof,SUSPICIOUS,MULTIVARIATE_ANOMALY
874,2026-08-15T03:45:00Z,1,Tulkarem,aqi,101.0,False,False,False,False,False,True,1,lof,SUSPICIOUS,MULTIVARIATE_ANOMALY
875,2026-08-15T04:00:00Z,1,Tulkarem,pm25,35.97,False,False,False,False,False,True,1,lof,NORMAL,MULTIVARIATE_ANOMALY
875,2026-08-15T04:00:00Z,1,Tulkarem,temperature,25.02,False,False,False,False,False,True,1,lof,NORMAL,MULTIVARIATE_ANOMALY
875,2026-08-15T04:00:00Z,1,Tulkarem,humidity,61.93,False,False,False,False,False,True,1,lof,NORMAL,MULTIVARIATE_ANOMALY
875,2026-08-15T04:00:00Z,1,Tulkarem,no2,12.08,False,False,False,False,False,True,1,lof,NORMAL,MULTIVARIATE_ANOMALY
875,2026-08-15T04:00:00Z,1,Tulkarem,o3,61.24,False,False,False,False,False,True,1,lof,NORMAL,MULTIVARIATE_ANOMALY
875,2026-08-15T04:00:00Z,1,Tulkarem,aqi,101.0,False,False,False,False,False,True,1,lof,NORMAL,MULTIVARIATE_ANOMALY
876,2026-08-15T04:15:00Z,1,Tulkarem,pm25,36.59,False,False,False,False,False,True,1,lof,NORMAL,MULTIVARIATE_ANOMALY
876,2026-08-15T04:15:00Z,1,Tulkarem,temperature,25.23,False,False,False,False,False,True,1,lof,NORMAL,MULTIVARIATE_ANOMALY
876,2026-08-15T04:15:00Z,1,Tulkarem,humidity,61.45,False,False,False,False,False,True,1,lof,NORMAL,MULTIVARIATE_ANOMALY
876,2026-08-15T04:15:00Z,1,Tulkarem,no2,12.07,False,False,False,False,False,True,1,lof,NORMAL,MULTIVARIATE_ANOMALY
876,2026-08-15T04:15:00Z,1,Tulkarem,o3,62.41,False,False,False,False,False,True,1,lof,NORMAL,MULTIVARIATE_ANOMALY
876,2026-08-15T04:15:00Z,1,Tulkarem,aqi,102.0,False,False,False,False,False,True,1,lof,NORMAL,MULTIVARIATE_ANOMALY
877,2026-08-15T04:30:00Z,1,Tulkarem,pm25,37.81,False,False,False,False,False,True,1,lof,NORMAL,MULTIVARIATE_ANOMALY
877,2026-08-15T04:30:00Z,1,Tulkarem,temperature,25.43,False,False,False,False,False,True,1,lof,NORMAL,MULTIVARIATE_ANOMALY
877,2026-08-15T04:30:00Z,1,Tulkarem,humidity,60.75,False,False,False,False,False,True,1,lof,NORMAL,MULTIVARIATE_ANOMALY
877,2026-08-15T04:30:00Z,1,Tulkarem,no2,12.06,False,False,False,False,False,True,1,lof,NORMAL,MULTIVARIATE_ANOMALY
877,2026-08-15T04:30:00Z,1,Tulkarem,o3,63.72,False,False,False,False,False,True,1,lof,NORMAL,MULTIVARIATE_ANOMALY
877,2026-08-15T04:30:00Z,1,Tulkarem,aqi,104.0,False,False,False,False,False,True,1,lof,NORMAL,MULTIVARIATE_ANOMALY
878,2026-08-15T04:45:00Z,1,Tulkarem,pm25,38.42,False,False,False,False,False,True,1,lof,NORMAL,MULTIVARIATE_ANOMALY
878,2026-08-15T04:45:00Z,1,Tulkarem,temperature,25.66,False,False,False,False,False,True,1,lof,NORMAL,MULTIVARIATE_ANOMALY
878,2026-08-15T04:45:00Z,1,Tulkarem,humidity,60.15,False,False,False,False,False,True,1,lof,NORMAL,MULTIVARIATE_ANOMALY
878,2026-08-15T04:45:00Z,1,Tulkarem,no2,12.07,False,False,False,False,False,True,1,lof,NORMAL,MULTIVARIATE_ANOMALY
878,2026-08-15T04:45:00Z,1,Tulkarem,o3,63.52,False,False,False,False,False,True,1,lof,NORMAL,MULTIVARIATE_ANOMALY
878,2026-08-15T04:45:00Z,1,Tulkarem,aqi,106.0,False,False,False,False,False,True,1,lof,NORMAL,MULTIVARIATE_ANOMALY
4064,2026-08-15T06:30:00Z,4,Nablus,pm25,28.44,False,False,False,False,False,True,1,lof,NORMAL,MULTIVARIATE_ANOMALY
4064,2026-08-15T06:30:00Z,4,Nablus,temperature,33.32,False,False,False,False,False,True,1,lof,NORMAL,MULTIVARIATE_ANOMALY
4064,2026-08-15T06:30:00Z,4,Nablus,humidity,55.05,False,False,False,False,False,True,1,lof,NORMAL,MULTIVARIATE_ANOMALY
4064,2026-08-15T06:30:00Z,4,Nablus,aqi,158.0,False,False,False,False,False,True,1,lof,NORMAL,MULTIVARIATE_ANOMALY
4065,2026-08-15T06:45:00Z,4,Nablus,pm25,27.92,False,False,False,False,False,True,1,lof,NORMAL,MULTIVARIATE_ANOMALY
4065,2026-08-15T06:45:00Z,4,Nablus,temperature,33.67,False,False,False,False,False,True,1,lof,NORMAL,MULTIVARIATE_ANOMALY
4065,2026-08-15T06:45:00Z,4,Nablus,humidity,54.03,False,False,False,False,False,True,1,lof,NORMAL,MULTIVARIATE_ANOMALY
4065,2026-08-15T06:45:00Z,4,Nablus,aqi,155.0,False,False,False,False,False,True,1,lof,NORMAL,MULTIVARIATE_ANOMALY
4067,2026-08-15T07:15:00Z,4,Nablus,pm25,27.77,False,False,False,False,False,True,1,lof,NORMAL,MULTIVARIATE_ANOMALY
4067,2026-08-15T07:15:00Z,4,Nablus,temperature,34.16,False,False,False,False,False,True,1,lof,NORMAL,MULTIVARIATE_ANOMALY
4067,2026-08-15T07:15:00Z,4,Nablus,humidity,52.74,False,False,False,False,False,True,1,lof,NORMAL,MULTIVARIATE_ANOMALY
4067,2026-08-15T07:15:00Z,4,Nablus,aqi,154.0,False,False,False,False,False,True,1,lof,NORMAL,MULTIVARIATE_ANOMALY
2485,2026-08-15T11:00:00Z,2,Nablus,pm25,25.4,False,False,False,False,False,True,1,lof,NORMAL,LIKELY_ENVIRONMENTAL_EVENT
2485,2026-08-15T11:00:00Z,2,Nablus,temperature,35.96,False,False,False,False,False,True,1,lof,NORMAL,LIKELY_ENVIRONMENTAL_EVENT
2485,2026-08-15T11:00:00Z,2,Nablus,humidity,46.39,False,False,False,False,False,True,1,lof,NORMAL,LIKELY_ENVIRONMENTAL_EVENT
2485,2026-08-15T11:00:00Z,2,Nablus,aqi,141.0,False,False,False,False,False,True,1,lof,NORMAL,LIKELY_ENVIRONMENTAL_EVENT
4082,2026-08-15T11:00:00Z,4,Nablus,pm25,21.5,False,False,False,False,False,True,1,lof,NORMAL,LIKELY_ENVIRONMENTAL_EVENT
4082,2026-08-15T11:00:00Z,4,Nablus,humidity,37.2,False,False,False,False,False,True,1,lof,NORMAL,LIKELY_ENVIRONMENTAL_EVENT
4082,2026-08-15T11:00:00Z,4,Nablus,aqi,119.0,False,False,False,False,False,True,1,lof,NORMAL,LIKELY_ENVIRONMENTAL_EVENT
4083,2026-08-15T11:15:00Z,4,Nablus,temperature,42.32,False,False,False,True,False,False,1,rolling_zscore,NORMAL,UNCERTAIN
4084,2026-08-15T11:30:00Z,4,Nablus,temperature,42.89,False,False,False,True,False,False,1,rolling_zscore,NORMAL,UNCERTAIN
4085,2026-08-15T11:45:00Z,4,Nablus,temperature,42.98,False,False,False,True,False,False,1,rolling_zscore,NORMAL,UNCERTAIN
4086,2026-08-15T12:00:00Z,4,Nablus,temperature,43.4,False,False,False,True,False,False,1,rolling_zscore,NORMAL,UNCERTAIN
4087,2026-08-15T12:15:00Z,4,Nablus,temperature,45.29,False,False,False,True,False,False,1,rolling_zscore,NORMAL,UNCERTAIN
4088,2026-08-15T12:30:00Z,4,Nablus,temperature,46.53,False,False,False,True,False,False,1,rolling_zscore,NORMAL,UNCERTAIN
4089,2026-08-15T12:45:00Z,4,Nablus,temperature,47.05,False,False,False,True,False,False,1,rolling_zscore,NORMAL,UNCERTAIN
4090,2026-08-15T13:00:00Z,4,Nablus,temperature,47.19,False,False,False,True,False,False,1,rolling_zscore,NORMAL,UNCERTAIN
4091,2026-08-15T13:15:00Z,4,Nablus,temperature,47.28,False,False,False,True,False,False,1,rolling_zscore,NORMAL,UNCERTAIN
4092,2026-08-15T13:30:00Z,4,Nablus,temperature,47.06,False,False,False,True,False,False,1,rolling_zscore,NORMAL,UNCERTAIN
4093,2026-08-15T13:45:00Z,4,Nablus,temperature,46.09,False,False,False,True,False,False,1,rolling_zscore,NORMAL,UNCERTAIN
4094,2026-08-15T14:00:00Z,4,Nablus,temperature,44.13,False,False,False,True,False,False,1,rolling_zscore,NORMAL,UNCERTAIN
4095,2026-08-15T14:15:00Z,4,Nablus,temperature,43.08,False,False,False,True,False,False,1,rolling_zscore,NORMAL,UNCERTAIN
4096,2026-08-15T14:30:00Z,4,Nablus,temperature,41.84,False,False,False,True,False,False,1,rolling_zscore,NORMAL,UNCERTAIN
918,2026-08-15T14:45:00Z,1,Tulkarem,no2,11.9,False,False,False,True,False,False,1,rolling_zscore,NORMAL,UNCERTAIN
4097,2026-08-15T14:45:00Z,4,Nablus,temperature,43.16,False,False,False,True,False,False,1,rolling_zscore,NORMAL,UNCERTAIN
919,2026-08-15T15:00:00Z,1,Tulkarem,pm25,15.16,False,False,False,False,False,True,1,lof,SUSPICIOUS,MULTIVARIATE_ANOMALY
919,2026-08-15T15:00:00Z,1,Tulkarem,temperature,33.09,False,False,False,False,False,True,1,lof,SUSPICIOUS,MULTIVARIATE_ANOMALY
919,2026-08-15T15:00:00Z,1,Tulkarem,humidity,41.84,False,False,False,False,False,True,1,lof,SUSPICIOUS,MULTIVARIATE_ANOMALY
919,2026-08-15T15:00:00Z,1,Tulkarem,o3,55.1,False,False,False,False,False,True,1,lof,SUSPICIOUS,MULTIVARIATE_ANOMALY
919,2026-08-15T15:00:00Z,1,Tulkarem,aqi,84.0,False,False,False,False,False,True,1,lof,SUSPICIOUS,MULTIVARIATE_ANOMALY
4098,2026-08-15T15:00:00Z,4,Nablus,temperature,44.71,False,False,False,True,False,False,1,rolling_zscore,NORMAL,UNCERTAIN
920,2026-08-15T15:15:00Z,1,Tulkarem,no2,11.92,False,False,False,True,False,False,1,rolling_zscore,NORMAL,UNCERTAIN
4099,2026-08-15T15:15:00Z,4,Nablus,temperature,44.75,False,False,False,True,False,False,1,rolling_zscore,NORMAL,UNCERTAIN
4100,2026-08-15T15:30:00Z,4,Nablus,temperature,44.0,False,False,False,True,False,False,1,rolling_zscore,NORMAL,UNCERTAIN
4101,2026-08-15T15:45:00Z,4,Nablus,temperature,42.78,False,False,False,True,False,False,1,rolling_zscore,NORMAL,UNCERTAIN
924,2026-08-15T16:15:00Z,1,Tulkarem,no2,12.22,False,False,False,True,False,False,1,rolling_zscore,SUSPICIOUS,UNCERTAIN
986,2026-08-16T07:45:00Z,1,Tulkarem,pm25,24.19,False,False,False,False,True,False,1,isolation_forest,SUSPICIOUS,MULTIVARIATE_ANOMALY
986,2026-08-16T07:45:00Z,1,Tulkarem,temperature,29.19,False,False,False,False,True,False,1,isolation_forest,SUSPICIOUS,MULTIVARIATE_ANOMALY
986,2026-08-16T07:45:00Z,1,Tulkarem,humidity,46.57,False,False,False,False,True,False,1,isolation_forest,SUSPICIOUS,MULTIVARIATE_ANOMALY
986,2026-08-16T07:45:00Z,1,Tulkarem,no2,12.26,False,False,False,False,True,False,1,isolation_forest,SUSPICIOUS,MULTIVARIATE_ANOMALY
986,2026-08-16T07:45:00Z,1,Tulkarem,o3,28.27,False,False,False,False,True,False,1,isolation_forest,SUSPICIOUS,MULTIVARIATE_ANOMALY
986,2026-08-16T07:45:00Z,1,Tulkarem,aqi,134.0,False,False,False,False,True,False,1,isolation_forest,SUSPICIOUS,MULTIVARIATE_ANOMALY
991,2026-08-16T09:00:00Z,1,Tulkarem,pm25,22.69,False,False,False,False,True,False,1,isolation_forest,SUSPICIOUS,MULTIVARIATE_ANOMALY
991,2026-08-16T09:00:00Z,1,Tulkarem,temperature,30.47,False,False,False,False,True,False,1,isolation_forest,SUSPICIOUS,MULTIVARIATE_ANOMALY
991,2026-08-16T09:00:00Z,1,Tulkarem,humidity,44.55,False,False,False,False,True,False,1,isolation_forest,SUSPICIOUS,MULTIVARIATE_ANOMALY
991,2026-08-16T09:00:00Z,1,Tulkarem,o3,23.87,False,False,False,False,True,False,1,isolation_forest,SUSPICIOUS,MULTIVARIATE_ANOMALY
991,2026-08-16T09:00:00Z,1,Tulkarem,aqi,126.0,False,False,False,False,True,False,1,isolation_forest,SUSPICIOUS,MULTIVARIATE_ANOMALY
992,2026-08-16T09:15:00Z,1,Tulkarem,pm25,25.38,False,False,False,False,True,False,1,isolation_forest,NORMAL,MULTIVARIATE_ANOMALY
992,2026-08-16T09:15:00Z,1,Tulkarem,temperature,29.65,False,False,False,False,True,False,1,isolation_forest,NORMAL,MULTIVARIATE_ANOMALY
992,2026-08-16T09:15:00Z,1,Tulkarem,humidity,46.7,False,False,False,False,True,False,1,isolation_forest,NORMAL,MULTIVARIATE_ANOMALY
992,2026-08-16T09:15:00Z,1,Tulkarem,o3,18.69,False,False,False,False,True,False,1,isolation_forest,NORMAL,MULTIVARIATE_ANOMALY
992,2026-08-16T09:15:00Z,1,Tulkarem,aqi,141.0,False,False,False,False,True,False,1,isolation_forest,NORMAL,MULTIVARIATE_ANOMALY
993,2026-08-16T09:30:00Z,1,Tulkarem,pm25,24.39,False,False,False,False,True,False,1,isolation_forest,NORMAL,MULTIVARIATE_ANOMALY
993,2026-08-16T09:30:00Z,1,Tulkarem,temperature,30.0,False,False,False,False,True,False,1,isolation_forest,NORMAL,MULTIVARIATE_ANOMALY
993,2026-08-16T09:30:00Z,1,Tulkarem,humidity,46.43,False,False,False,False,True,False,1,isolation_forest,NORMAL,MULTIVARIATE_ANOMALY
993,2026-08-16T09:30:00Z,1,Tulkarem,o3,8.86,False,False,False,False,True,False,1,isolation_forest,NORMAL,MULTIVARIATE_ANOMALY
993,2026-08-16T09:30:00Z,1,Tulkarem,aqi,136.0,False,False,False,False,True,False,1,isolation_forest,NORMAL,MULTIVARIATE_ANOMALY
994,2026-08-16T09:45:00Z,1,Tulkarem,pm25,23.33,False,False,False,False,True,False,1,isolation_forest,NORMAL,MULTIVARIATE_ANOMALY
994,2026-08-16T09:45:00Z,1,Tulkarem,temperature,29.83,False,False,False,False,True,False,1,isolation_forest,NORMAL,MULTIVARIATE_ANOMALY
994,2026-08-16T09:45:00Z,1,Tulkarem,humidity,46.7,False,False,False,False,True,False,1,isolation_forest,NORMAL,MULTIVARIATE_ANOMALY
994,2026-08-16T09:45:00Z,1,Tulkarem,o3,4.45,False,False,False,False,True,False,1,isolation_forest,NORMAL,MULTIVARIATE_ANOMALY
994,2026-08-16T09:45:00Z,1,Tulkarem,aqi,129.0,False,False,False,False,True,False,1,isolation_forest,NORMAL,MULTIVARIATE_ANOMALY
995,2026-08-16T10:00:00Z,1,Tulkarem,pm25,24.04,False,False,False,False,True,False,1,isolation_forest,NORMAL,MULTIVARIATE_ANOMALY
995,2026-08-16T10:00:00Z,1,Tulkarem,temperature,29.82,False,False,False,False,True,False,1,isolation_forest,NORMAL,MULTIVARIATE_ANOMALY
995,2026-08-16T10:00:00Z,1,Tulkarem,humidity,47.29,False,False,False,False,True,False,1,isolation_forest,NORMAL,MULTIVARIATE_ANOMALY
995,2026-08-16T10:00:00Z,1,Tulkarem,o3,7.66,False,False,False,False,True,False,1,isolation_forest,NORMAL,MULTIVARIATE_ANOMALY
995,2026-08-16T10:00:00Z,1,Tulkarem,aqi,133.0,False,False,False,False,True,False,1,isolation_forest,NORMAL,MULTIVARIATE_ANOMALY
996,2026-08-16T10:15:00Z,1,Tulkarem,pm25,23.81,False,False,False,False,True,False,1,isolation_forest,NORMAL,MULTIVARIATE_ANOMALY
996,2026-08-16T10:15:00Z,1,Tulkarem,temperature,29.47,False,False,False,False,True,False,1,isolation_forest,NORMAL,MULTIVARIATE_ANOMALY
996,2026-08-16T10:15:00Z,1,Tulkarem,humidity,48.37,False,False,False,False,True,False,1,isolation_forest,NORMAL,MULTIVARIATE_ANOMALY
996,2026-08-16T10:15:00Z,1,Tulkarem,o3,8.21,False,False,False,False,True,False,1,isolation_forest,NORMAL,MULTIVARIATE_ANOMALY
996,2026-08-16T10:15:00Z,1,Tulkarem,aqi,132.0,False,False,False,False,True,False,1,isolation_forest,NORMAL,MULTIVARIATE_ANOMALY
997,2026-08-16T10:30:00Z,1,Tulkarem,pm25,22.02,False,False,False,False,True,False,1,isolation_forest,NORMAL,MULTIVARIATE_ANOMALY
997,2026-08-16T10:30:00Z,1,Tulkarem,temperature,29.43,False,False,False,False,True,False,1,isolation_forest,NORMAL,MULTIVARIATE_ANOMALY
997,2026-08-16T10:30:00Z,1,Tulkarem,humidity,48.02,False,False,False,False,True,False,1,isolation_forest,NORMAL,MULTIVARIATE_ANOMALY
997,2026-08-16T10:30:00Z,1,Tulkarem,no2,12.27,False,False,False,False,True,False,1,isolation_forest,NORMAL,MULTIVARIATE_ANOMALY
997,2026-08-16T10:30:00Z,1,Tulkarem,o3,11.97,False,False,False,False,True,False,1,isolation_forest,NORMAL,MULTIVARIATE_ANOMALY
997,2026-08-16T10:30:00Z,1,Tulkarem,aqi,122.0,False,False,False,False,True,False,1,isolation_forest,NORMAL,MULTIVARIATE_ANOMALY
998,2026-08-16T10:45:00Z,1,Tulkarem,pm25,24.8,False,False,False,False,True,False,1,isolation_forest,NORMAL,MULTIVARIATE_ANOMALY
998,2026-08-16T10:45:00Z,1,Tulkarem,temperature,29.53,False,False,False,False,True,False,1,isolation_forest,NORMAL,MULTIVARIATE_ANOMALY
998,2026-08-16T10:45:00Z,1,Tulkarem,humidity,47.63,False,False,False,False,True,False,1,isolation_forest,NORMAL,MULTIVARIATE_ANOMALY
998,2026-08-16T10:45:00Z,1,Tulkarem,no2,12.21,False,False,False,False,True,False,1,isolation_forest,NORMAL,MULTIVARIATE_ANOMALY
998,2026-08-16T10:45:00Z,1,Tulkarem,o3,18.89,False,False,False,False,True,False,1,isolation_forest,NORMAL,MULTIVARIATE_ANOMALY
998,2026-08-16T10:45:00Z,1,Tulkarem,aqi,138.0,False,False,False,False,True,False,1,isolation_forest,NORMAL,MULTIVARIATE_ANOMALY
999,2026-08-16T11:00:00Z,1,Tulkarem,pm25,24.2,False,False,False,False,False,True,1,lof,NORMAL,MULTIVARIATE_ANOMALY
999,2026-08-16T11:00:00Z,1,Tulkarem,temperature,30.07,False,False,False,False,False,True,1,lof,NORMAL,MULTIVARIATE_ANOMALY
999,2026-08-16T11:00:00Z,1,Tulkarem,humidity,46.18,False,False,False,False,False,True,1,lof,NORMAL,MULTIVARIATE_ANOMALY
999,2026-08-16T11:00:00Z,1,Tulkarem,no2,12.1,False,False,False,False,False,True,1,lof,NORMAL,MULTIVARIATE_ANOMALY
999,2026-08-16T11:00:00Z,1,Tulkarem,o3,36.48,False,False,False,False,False,True,1,lof,NORMAL,MULTIVARIATE_ANOMALY
999,2026-08-16T11:00:00Z,1,Tulkarem,aqi,134.0,False,False,False,False,False,True,1,lof,NORMAL,MULTIVARIATE_ANOMALY
4179,2026-08-16T11:15:00Z,4,Nablus,pm25,22.98,False,False,False,False,False,True,1,lof,NORMAL,MULTIVARIATE_ANOMALY
4179,2026-08-16T11:15:00Z,4,Nablus,temperature,38.95,False,False,False,False,False,True,1,lof,NORMAL,MULTIVARIATE_ANOMALY
4179,2026-08-16T11:15:00Z,4,Nablus,humidity,44.15,False,False,False,False,False,True,1,lof,NORMAL,MULTIVARIATE_ANOMALY
4179,2026-08-16T11:15:00Z,4,Nablus,aqi,128.0,False,False,False,False,False,True,1,lof,NORMAL,MULTIVARIATE_ANOMALY
4185,2026-08-16T12:45:00Z,4,Nablus,pm25,20.94,False,False,False,False,False,True,1,lof,SUSPICIOUS,MULTIVARIATE_ANOMALY
4185,2026-08-16T12:45:00Z,4,Nablus,temperature,42.87,False,False,False,False,False,True,1,lof,SUSPICIOUS,MULTIVARIATE_ANOMALY
4185,2026-08-16T12:45:00Z,4,Nablus,humidity,38.12,False,False,False,False,False,True,1,lof,SUSPICIOUS,MULTIVARIATE_ANOMALY
4185,2026-08-16T12:45:00Z,4,Nablus,aqi,116.0,False,False,False,False,False,True,1,lof,SUSPICIOUS,MULTIVARIATE_ANOMALY
1013,2026-08-16T14:30:00Z,1,Tulkarem,pm25,18.08,False,False,False,False,True,False,1,isolation_forest,NORMAL,MULTIVARIATE_ANOMALY
1013,2026-08-16T14:30:00Z,1,Tulkarem,temperature,28.45,False,False,False,False,True,False,1,isolation_forest,NORMAL,MULTIVARIATE_ANOMALY
1013,2026-08-16T14:30:00Z,1,Tulkarem,humidity,49.41,False,False,False,False,True,False,1,isolation_forest,NORMAL,MULTIVARIATE_ANOMALY
1013,2026-08-16T14:30:00Z,1,Tulkarem,o3,4.93,False,False,False,False,True,False,1,isolation_forest,NORMAL,MULTIVARIATE_ANOMALY
1013,2026-08-16T14:30:00Z,1,Tulkarem,aqi,101.0,False,False,False,False,True,False,1,isolation_forest,NORMAL,MULTIVARIATE_ANOMALY
1015,2026-08-16T15:00:00Z,1,Tulkarem,pm25,16.63,False,False,False,False,True,False,1,isolation_forest,SUSPICIOUS,MULTIVARIATE_ANOMALY
1015,2026-08-16T15:00:00Z,1,Tulkarem,temperature,28.39,False,False,False,False,True,False,1,isolation_forest,SUSPICIOUS,MULTIVARIATE_ANOMALY
1015,2026-08-16T15:00:00Z,1,Tulkarem,humidity,49.81,False,False,False,False,True,False,1,isolation_forest,SUSPICIOUS,MULTIVARIATE_ANOMALY
1015,2026-08-16T15:00:00Z,1,Tulkarem,no2,12.28,False,False,False,False,True,False,1,isolation_forest,SUSPICIOUS,MULTIVARIATE_ANOMALY
1015,2026-08-16T15:00:00Z,1,Tulkarem,aqi,92.0,False,False,False,False,True,False,1,isolation_forest,SUSPICIOUS,MULTIVARIATE_ANOMALY
1020,2026-08-16T16:15:00Z,1,Tulkarem,pm25,20.39,False,False,False,False,True,False,1,isolation_forest,SUSPICIOUS,MULTIVARIATE_ANOMALY
1020,2026-08-16T16:15:00Z,1,Tulkarem,temperature,27.03,False,False,False,False,True,False,1,isolation_forest,SUSPICIOUS,MULTIVARIATE_ANOMALY
1020,2026-08-16T16:15:00Z,1,Tulkarem,humidity,53.74,False,False,False,False,True,False,1,isolation_forest,SUSPICIOUS,MULTIVARIATE_ANOMALY
1020,2026-08-16T16:15:00Z,1,Tulkarem,aqi,113.0,False,False,False,False,True,False,1,isolation_forest,SUSPICIOUS,MULTIVARIATE_ANOMALY
1021,2026-08-16T16:30:00Z,1,Tulkarem,pm25,18.33,False,False,False,False,True,False,1,isolation_forest,SUSPICIOUS,MULTIVARIATE_ANOMALY
1021,2026-08-16T16:30:00Z,1,Tulkarem,temperature,26.27,False,False,False,False,True,False,1,isolation_forest,SUSPICIOUS,MULTIVARIATE_ANOMALY
1021,2026-08-16T16:30:00Z,1,Tulkarem,humidity,55.56,False,False,False,False,True,False,1,isolation_forest,SUSPICIOUS,MULTIVARIATE_ANOMALY
1021,2026-08-16T16:30:00Z,1,Tulkarem,aqi,102.0,False,False,False,False,True,False,1,isolation_forest,SUSPICIOUS,MULTIVARIATE_ANOMALY
1022,2026-08-16T16:45:00Z,1,Tulkarem,pm25,18.41,False,False,False,False,True,False,1,isolation_forest,SUSPICIOUS,MULTIVARIATE_ANOMALY
1022,2026-08-16T16:45:00Z,1,Tulkarem,temperature,26.04,False,False,False,False,True,False,1,isolation_forest,SUSPICIOUS,MULTIVARIATE_ANOMALY
1022,2026-08-16T16:45:00Z,1,Tulkarem,humidity,56.11,False,False,False,False,True,False,1,isolation_forest,SUSPICIOUS,MULTIVARIATE_ANOMALY
1022,2026-08-16T16:45:00Z,1,Tulkarem,aqi,102.0,False,False,False,False,True,False,1,isolation_forest,SUSPICIOUS,MULTIVARIATE_ANOMALY
1023,2026-08-16T17:00:00Z,1,Tulkarem,pm25,18.39,False,False,False,False,False,True,1,lof,NORMAL,MULTIVARIATE_ANOMALY
1023,2026-08-16T17:00:00Z,1,Tulkarem,temperature,25.92,False,False,False,False,False,True,1,lof,NORMAL,MULTIVARIATE_ANOMALY
1023,2026-08-16T17:00:00Z,1,Tulkarem,humidity,57.5,False,False,False,False,False,True,1,lof,NORMAL,MULTIVARIATE_ANOMALY
1023,2026-08-16T17:00:00Z,1,Tulkarem,no2,12.22,False,False,False,False,False,True,1,lof,NORMAL,MULTIVARIATE_ANOMALY
1023,2026-08-16T17:00:00Z,1,Tulkarem,o3,14.32,False,False,False,False,False,True,1,lof,NORMAL,MULTIVARIATE_ANOMALY
1023,2026-08-16T17:00:00Z,1,Tulkarem,aqi,102.0,False,False,False,False,False,True,1,lof,NORMAL,MULTIVARIATE_ANOMALY
5110,2026-08-17T12:45:00Z,5,Nablus,pm25,8.54,False,False,False,False,True,False,1,isolation_forest,NORMAL,MULTIVARIATE_ANOMALY
5110,2026-08-17T12:45:00Z,5,Nablus,temperature,40.4,False,False,False,False,True,False,1,isolation_forest,NORMAL,MULTIVARIATE_ANOMALY
5110,2026-08-17T12:45:00Z,5,Nablus,humidity,32.88,False,False,False,False,True,False,1,isolation_forest,NORMAL,MULTIVARIATE_ANOMALY
5110,2026-08-17T12:45:00Z,5,Nablus,aqi,47.0,False,False,False,False,True,False,1,isolation_forest,NORMAL,MULTIVARIATE_ANOMALY
4282,2026-08-17T13:00:00Z,4,Nablus,pm25,7.43,False,False,False,False,True,False,1,isolation_forest,NORMAL,LIKELY_ENVIRONMENTAL_EVENT
4282,2026-08-17T13:00:00Z,4,Nablus,temperature,42.8,False,False,False,False,True,False,1,isolation_forest,NORMAL,LIKELY_ENVIRONMENTAL_EVENT
4282,2026-08-17T13:00:00Z,4,Nablus,humidity,33.31,False,False,False,False,True,False,1,isolation_forest,NORMAL,LIKELY_ENVIRONMENTAL_EVENT
4282,2026-08-17T13:00:00Z,4,Nablus,aqi,41.0,False,False,False,False,True,False,1,isolation_forest,NORMAL,LIKELY_ENVIRONMENTAL_EVENT
5111,2026-08-17T13:00:00Z,5,Nablus,pm25,8.68,False,False,False,False,True,False,1,isolation_forest,NORMAL,LIKELY_ENVIRONMENTAL_EVENT
5111,2026-08-17T13:00:00Z,5,Nablus,temperature,40.56,False,False,False,False,True,False,1,isolation_forest,NORMAL,LIKELY_ENVIRONMENTAL_EVENT
5111,2026-08-17T13:00:00Z,5,Nablus,humidity,32.81,False,False,False,False,True,False,1,isolation_forest,NORMAL,LIKELY_ENVIRONMENTAL_EVENT
5111,2026-08-17T13:00:00Z,5,Nablus,aqi,48.0,False,False,False,False,True,False,1,isolation_forest,NORMAL,LIKELY_ENVIRONMENTAL_EVENT
4283,2026-08-17T13:15:00Z,4,Nablus,pm25,7.63,False,False,False,False,True,False,1,isolation_forest,NORMAL,LIKELY_ENVIRONMENTAL_EVENT
4283,2026-08-17T13:15:00Z,4,Nablus,temperature,42.49,False,False,False,False,True,False,1,isolation_forest,NORMAL,LIKELY_ENVIRONMENTAL_EVENT
4283,2026-08-17T13:15:00Z,4,Nablus,humidity,33.38,False,False,False,False,True,False,1,isolation_forest,NORMAL,LIKELY_ENVIRONMENTAL_EVENT
4283,2026-08-17T13:15:00Z,4,Nablus,aqi,42.0,False,False,False,False,True,False,1,isolation_forest,NORMAL,LIKELY_ENVIRONMENTAL_EVENT
5112,2026-08-17T13:15:00Z,5,Nablus,pm25,8.69,False,False,False,False,True,False,1,isolation_forest,NORMAL,LIKELY_ENVIRONMENTAL_EVENT
5112,2026-08-17T13:15:00Z,5,Nablus,temperature,40.34,False,False,False,False,True,False,1,isolation_forest,NORMAL,LIKELY_ENVIRONMENTAL_EVENT
5112,2026-08-17T13:15:00Z,5,Nablus,humidity,32.96,False,False,False,False,True,False,1,isolation_forest,NORMAL,LIKELY_ENVIRONMENTAL_EVENT
5112,2026-08-17T13:15:00Z,5,Nablus,aqi,48.0,False,False,False,False,True,False,1,isolation_forest,NORMAL,LIKELY_ENVIRONMENTAL_EVENT
4284,2026-08-17T13:30:00Z,4,Nablus,pm25,7.18,False,False,False,False,True,False,1,isolation_forest,NORMAL,LIKELY_ENVIRONMENTAL_EVENT
4284,2026-08-17T13:30:00Z,4,Nablus,temperature,41.57,False,False,False,False,True,False,1,isolation_forest,NORMAL,LIKELY_ENVIRONMENTAL_EVENT
4284,2026-08-17T13:30:00Z,4,Nablus,humidity,34.37,False,False,False,False,True,False,1,isolation_forest,NORMAL,LIKELY_ENVIRONMENTAL_EVENT
4284,2026-08-17T13:30:00Z,4,Nablus,aqi,40.0,False,False,False,False,True,False,1,isolation_forest,NORMAL,LIKELY_ENVIRONMENTAL_EVENT
5113,2026-08-17T13:30:00Z,5,Nablus,pm25,8.68,False,False,False,False,True,False,1,isolation_forest,NORMAL,LIKELY_ENVIRONMENTAL_EVENT
5113,2026-08-17T13:30:00Z,5,Nablus,temperature,39.39,False,False,False,False,True,False,1,isolation_forest,NORMAL,LIKELY_ENVIRONMENTAL_EVENT
5113,2026-08-17T13:30:00Z,5,Nablus,humidity,34.55,False,False,False,False,True,False,1,isolation_forest,NORMAL,LIKELY_ENVIRONMENTAL_EVENT
5113,2026-08-17T13:30:00Z,5,Nablus,aqi,48.0,False,False,False,False,True,False,1,isolation_forest,NORMAL,LIKELY_ENVIRONMENTAL_EVENT
4285,2026-08-17T13:45:00Z,4,Nablus,pm25,7.26,False,False,False,False,True,False,1,isolation_forest,NORMAL,LIKELY_ENVIRONMENTAL_EVENT
4285,2026-08-17T13:45:00Z,4,Nablus,temperature,42.9,False,False,False,False,True,False,1,isolation_forest,NORMAL,LIKELY_ENVIRONMENTAL_EVENT
4285,2026-08-17T13:45:00Z,4,Nablus,humidity,32.64,False,False,False,False,True,False,1,isolation_forest,NORMAL,LIKELY_ENVIRONMENTAL_EVENT
4285,2026-08-17T13:45:00Z,4,Nablus,aqi,41.0,False,False,False,False,True,False,1,isolation_forest,NORMAL,LIKELY_ENVIRONMENTAL_EVENT
5114,2026-08-17T13:45:00Z,5,Nablus,pm25,8.91,False,False,False,False,True,False,1,isolation_forest,NORMAL,LIKELY_ENVIRONMENTAL_EVENT
5114,2026-08-17T13:45:00Z,5,Nablus,temperature,38.11,False,False,False,False,True,False,1,isolation_forest,NORMAL,LIKELY_ENVIRONMENTAL_EVENT
5114,2026-08-17T13:45:00Z,5,Nablus,humidity,36.03,False,False,False,False,True,False,1,isolation_forest,NORMAL,LIKELY_ENVIRONMENTAL_EVENT
5114,2026-08-17T13:45:00Z,5,Nablus,aqi,49.0,False,False,False,False,True,False,1,isolation_forest,NORMAL,LIKELY_ENVIRONMENTAL_EVENT
2689,2026-08-17T14:00:00Z,2,Nablus,pm25,8.49,False,False,False,False,True,False,1,isolation_forest,NORMAL,LIKELY_ENVIRONMENTAL_EVENT
2689,2026-08-17T14:00:00Z,2,Nablus,temperature,33.26,False,False,False,False,True,False,1,isolation_forest,NORMAL,LIKELY_ENVIRONMENTAL_EVENT
2689,2026-08-17T14:00:00Z,2,Nablus,humidity,46.71,False,False,False,False,True,False,1,isolation_forest,NORMAL,LIKELY_ENVIRONMENTAL_EVENT
2689,2026-08-17T14:00:00Z,2,Nablus,aqi,47.0,False,False,False,False,True,False,1,isolation_forest,NORMAL,LIKELY_ENVIRONMENTAL_EVENT
4286,2026-08-17T14:00:00Z,4,Nablus,pm25,6.78,False,False,False,False,True,False,1,isolation_forest,NORMAL,LIKELY_ENVIRONMENTAL_EVENT
4286,2026-08-17T14:00:00Z,4,Nablus,temperature,43.07,False,False,False,False,True,False,1,isolation_forest,NORMAL,LIKELY_ENVIRONMENTAL_EVENT
4286,2026-08-17T14:00:00Z,4,Nablus,humidity,32.25,False,False,False,False,True,False,1,isolation_forest,NORMAL,LIKELY_ENVIRONMENTAL_EVENT
4286,2026-08-17T14:00:00Z,4,Nablus,aqi,38.0,False,False,False,False,True,False,1,isolation_forest,NORMAL,LIKELY_ENVIRONMENTAL_EVENT
2690,2026-08-17T14:15:00Z,2,Nablus,pm25,8.34,False,False,False,False,True,False,1,isolation_forest,NORMAL,LIKELY_ENVIRONMENTAL_EVENT
2690,2026-08-17T14:15:00Z,2,Nablus,temperature,33.91,False,False,False,False,True,False,1,isolation_forest,NORMAL,LIKELY_ENVIRONMENTAL_EVENT
2690,2026-08-17T14:15:00Z,2,Nablus,humidity,44.98,False,False,False,False,True,False,1,isolation_forest,NORMAL,LIKELY_ENVIRONMENTAL_EVENT
2690,2026-08-17T14:15:00Z,2,Nablus,aqi,46.0,False,False,False,False,True,False,1,isolation_forest,NORMAL,LIKELY_ENVIRONMENTAL_EVENT
4287,2026-08-17T14:15:00Z,4,Nablus,pm25,6.79,False,False,False,False,True,False,1,isolation_forest,NORMAL,LIKELY_ENVIRONMENTAL_EVENT
4287,2026-08-17T14:15:00Z,4,Nablus,temperature,42.47,False,False,False,False,True,False,1,isolation_forest,NORMAL,LIKELY_ENVIRONMENTAL_EVENT
4287,2026-08-17T14:15:00Z,4,Nablus,humidity,32.76,False,False,False,False,True,False,1,isolation_forest,NORMAL,LIKELY_ENVIRONMENTAL_EVENT
4287,2026-08-17T14:15:00Z,4,Nablus,aqi,38.0,False,False,False,False,True,False,1,isolation_forest,NORMAL,LIKELY_ENVIRONMENTAL_EVENT
5116,2026-08-17T14:15:00Z,5,Nablus,pm25,8.93,False,False,False,False,True,False,1,isolation_forest,NORMAL,LIKELY_ENVIRONMENTAL_EVENT
5116,2026-08-17T14:15:00Z,5,Nablus,temperature,36.84,False,False,False,False,True,False,1,isolation_forest,NORMAL,LIKELY_ENVIRONMENTAL_EVENT
5116,2026-08-17T14:15:00Z,5,Nablus,humidity,37.87,False,False,False,False,True,False,1,isolation_forest,NORMAL,LIKELY_ENVIRONMENTAL_EVENT
5116,2026-08-17T14:15:00Z,5,Nablus,aqi,49.0,False,False,False,False,True,False,1,isolation_forest,NORMAL,LIKELY_ENVIRONMENTAL_EVENT
2691,2026-08-17T14:30:00Z,2,Nablus,pm25,8.68,False,False,False,False,True,False,1,isolation_forest,NORMAL,LIKELY_ENVIRONMENTAL_EVENT
2691,2026-08-17T14:30:00Z,2,Nablus,temperature,33.88,False,False,False,False,True,False,1,isolation_forest,NORMAL,LIKELY_ENVIRONMENTAL_EVENT
2691,2026-08-17T14:30:00Z,2,Nablus,humidity,44.82,False,False,False,False,True,False,1,isolation_forest,NORMAL,LIKELY_ENVIRONMENTAL_EVENT
2691,2026-08-17T14:30:00Z,2,Nablus,aqi,48.0,False,False,False,False,True,False,1,isolation_forest,NORMAL,LIKELY_ENVIRONMENTAL_EVENT
4288,2026-08-17T14:30:00Z,4,Nablus,pm25,6.78,False,False,False,False,True,False,1,isolation_forest,NORMAL,LIKELY_ENVIRONMENTAL_EVENT
4288,2026-08-17T14:30:00Z,4,Nablus,temperature,42.17,False,False,False,False,True,False,1,isolation_forest,NORMAL,LIKELY_ENVIRONMENTAL_EVENT
4288,2026-08-17T14:30:00Z,4,Nablus,humidity,32.44,False,False,False,False,True,False,1,isolation_forest,NORMAL,LIKELY_ENVIRONMENTAL_EVENT
4288,2026-08-17T14:30:00Z,4,Nablus,aqi,38.0,False,False,False,False,True,False,1,isolation_forest,NORMAL,LIKELY_ENVIRONMENTAL_EVENT
4289,2026-08-17T14:45:00Z,4,Nablus,pm25,7.19,False,False,False,False,True,False,1,isolation_forest,NORMAL,MULTIVARIATE_ANOMALY
4289,2026-08-17T14:45:00Z,4,Nablus,temperature,41.42,False,False,False,False,True,False,1,isolation_forest,NORMAL,MULTIVARIATE_ANOMALY
4289,2026-08-17T14:45:00Z,4,Nablus,humidity,33.42,False,False,False,False,True,False,1,isolation_forest,NORMAL,MULTIVARIATE_ANOMALY
4289,2026-08-17T14:45:00Z,4,Nablus,aqi,40.0,False,False,False,False,True,False,1,isolation_forest,NORMAL,MULTIVARIATE_ANOMALY
1267,2026-08-19T06:00:00Z,1,Tulkarem,pm25,13.19,False,False,False,False,False,True,1,lof,NORMAL,MULTIVARIATE_ANOMALY
1267,2026-08-19T06:00:00Z,1,Tulkarem,temperature,24.8,False,False,False,False,False,True,1,lof,NORMAL,MULTIVARIATE_ANOMALY
1267,2026-08-19T06:00:00Z,1,Tulkarem,humidity,54.61,False,False,False,False,False,True,1,lof,NORMAL,MULTIVARIATE_ANOMALY
1267,2026-08-19T06:00:00Z,1,Tulkarem,no2,12.11,False,False,False,False,False,True,1,lof,NORMAL,MULTIVARIATE_ANOMALY
1267,2026-08-19T06:00:00Z,1,Tulkarem,o3,66.83,False,False,False,False,False,True,1,lof,NORMAL,MULTIVARIATE_ANOMALY
1267,2026-08-19T06:00:00Z,1,Tulkarem,aqi,73.0,False,False,False,False,False,True,1,lof,NORMAL,MULTIVARIATE_ANOMALY
2864,2026-08-19T09:45:00Z,2,Nablus,temperature,34.09,False,False,False,True,False,False,1,rolling_zscore,NORMAL,UNCERTAIN
2865,2026-08-19T10:00:00Z,2,Nablus,temperature,34.93,False,False,False,True,False,False,1,rolling_zscore,NORMAL,UNCERTAIN
2866,2026-08-19T10:15:00Z,2,Nablus,temperature,35.3,False,False,False,True,False,False,1,rolling_zscore,NORMAL,UNCERTAIN
2867,2026-08-19T10:30:00Z,2,Nablus,temperature,35.03,False,False,False,True,False,False,1,rolling_zscore,NORMAL,UNCERTAIN
2868,2026-08-19T10:45:00Z,2,Nablus,temperature,35.14,False,False,False,True,False,False,1,rolling_zscore,NORMAL,UNCERTAIN
2869,2026-08-19T11:00:00Z,2,Nablus,temperature,35.51,False,False,False,True,False,False,1,rolling_zscore,NORMAL,UNCERTAIN
2870,2026-08-19T11:15:00Z,2,Nablus,temperature,35.59,False,False,False,True,False,False,1,rolling_zscore,NORMAL,UNCERTAIN
2871,2026-08-19T11:30:00Z,2,Nablus,temperature,35.02,False,False,False,True,False,False,1,rolling_zscore,NORMAL,UNCERTAIN
2872,2026-08-19T11:45:00Z,2,Nablus,temperature,34.83,False,False,False,True,False,False,1,rolling_zscore,NORMAL,UNCERTAIN
2873,2026-08-19T12:00:00Z,2,Nablus,temperature,34.58,False,False,False,True,False,False,1,rolling_zscore,NORMAL,UNCERTAIN
2874,2026-08-19T12:15:00Z,2,Nablus,temperature,34.61,False,False,False,True,False,False,1,rolling_zscore,NORMAL,UNCERTAIN
2875,2026-08-19T12:30:00Z,2,Nablus,temperature,34.33,False,False,False,True,False,False,1,rolling_zscore,NORMAL,LIKELY_ENVIRONMENTAL_EVENT
4472,2026-08-19T12:30:00Z,4,Nablus,temperature,46.4,False,False,False,True,False,False,1,rolling_zscore,NORMAL,LIKELY_ENVIRONMENTAL_EVENT
2876,2026-08-19T12:45:00Z,2,Nablus,temperature,34.19,False,False,False,True,False,False,1,rolling_zscore,NORMAL,LIKELY_ENVIRONMENTAL_EVENT
4473,2026-08-19T12:45:00Z,4,Nablus,temperature,47.2,False,False,False,True,False,False,1,rolling_zscore,NORMAL,LIKELY_ENVIRONMENTAL_EVENT
2877,2026-08-19T13:00:00Z,2,Nablus,temperature,34.5,False,False,False,True,False,False,1,rolling_zscore,NORMAL,LIKELY_ENVIRONMENTAL_EVENT
4474,2026-08-19T13:00:00Z,4,Nablus,temperature,48.31,False,False,False,True,False,False,1,rolling_zscore,NORMAL,LIKELY_ENVIRONMENTAL_EVENT
2878,2026-08-19T13:15:00Z,2,Nablus,temperature,34.46,False,False,False,True,False,False,1,rolling_zscore,NORMAL,LIKELY_ENVIRONMENTAL_EVENT
4475,2026-08-19T13:15:00Z,4,Nablus,temperature,48.46,False,False,False,True,False,False,1,rolling_zscore,NORMAL,LIKELY_ENVIRONMENTAL_EVENT
2879,2026-08-19T13:30:00Z,2,Nablus,temperature,34.36,False,False,False,True,False,False,1,rolling_zscore,NORMAL,LIKELY_ENVIRONMENTAL_EVENT
4476,2026-08-19T13:30:00Z,4,Nablus,temperature,47.3,False,False,False,True,False,False,1,rolling_zscore,NORMAL,LIKELY_ENVIRONMENTAL_EVENT
2880,2026-08-19T13:45:00Z,2,Nablus,temperature,34.72,False,False,False,True,False,False,1,rolling_zscore,NORMAL,LIKELY_ENVIRONMENTAL_EVENT
4477,2026-08-19T13:45:00Z,4,Nablus,temperature,47.77,False,False,False,True,False,False,1,rolling_zscore,NORMAL,LIKELY_ENVIRONMENTAL_EVENT
2881,2026-08-19T14:00:00Z,2,Nablus,temperature,35.05,False,False,False,True,False,False,1,rolling_zscore,NORMAL,LIKELY_ENVIRONMENTAL_EVENT
4478,2026-08-19T14:00:00Z,4,Nablus,temperature,48.24,False,False,False,True,False,False,1,rolling_zscore,NORMAL,LIKELY_ENVIRONMENTAL_EVENT
2882,2026-08-19T14:15:00Z,2,Nablus,temperature,35.21,False,False,False,True,False,False,1,rolling_zscore,NORMAL,LIKELY_ENVIRONMENTAL_EVENT
4479,2026-08-19T14:15:00Z,4,Nablus,temperature,47.94,False,False,False,True,False,False,1,rolling_zscore,NORMAL,LIKELY_ENVIRONMENTAL_EVENT
2883,2026-08-19T14:30:00Z,2,Nablus,temperature,35.26,False,False,False,True,False,False,1,rolling_zscore,NORMAL,LIKELY_ENVIRONMENTAL_EVENT
4480,2026-08-19T14:30:00Z,4,Nablus,temperature,47.88,False,False,False,True,False,False,1,rolling_zscore,NORMAL,LIKELY_ENVIRONMENTAL_EVENT
2884,2026-08-19T14:45:00Z,2,Nablus,temperature,35.17,False,False,False,True,False,False,1,rolling_zscore,NORMAL,LIKELY_ENVIRONMENTAL_EVENT
4481,2026-08-19T14:45:00Z,4,Nablus,temperature,47.02,False,False,False,True,False,False,1,rolling_zscore,NORMAL,LIKELY_ENVIRONMENTAL_EVENT
2885,2026-08-19T15:00:00Z,2,Nablus,temperature,35.48,False,False,False,True,False,False,1,rolling_zscore,NORMAL,LIKELY_ENVIRONMENTAL_EVENT
4482,2026-08-19T15:00:00Z,4,Nablus,temperature,46.24,False,False,False,True,False,False,1,rolling_zscore,NORMAL,LIKELY_ENVIRONMENTAL_EVENT
2886,2026-08-19T15:15:00Z,2,Nablus,temperature,35.55,False,False,False,True,False,False,1,rolling_zscore,NORMAL,LIKELY_ENVIRONMENTAL_EVENT
4483,2026-08-19T15:15:00Z,4,Nablus,temperature,46.15,False,False,False,True,False,False,1,rolling_zscore,NORMAL,LIKELY_ENVIRONMENTAL_EVENT
2887,2026-08-19T15:30:00Z,2,Nablus,temperature,34.73,False,False,False,True,False,False,1,rolling_zscore,NORMAL,LIKELY_ENVIRONMENTAL_EVENT
4484,2026-08-19T15:30:00Z,4,Nablus,temperature,45.33,False,False,False,True,False,False,1,rolling_zscore,NORMAL,LIKELY_ENVIRONMENTAL_EVENT
1340,2026-08-20T00:30:00Z,1,Tulkarem,temperature,23.52,False,False,False,False,False,True,1,lof,SUSPICIOUS,MULTIVARIATE_ANOMALY
1340,2026-08-20T00:30:00Z,1,Tulkarem,humidity,59.69,False,False,False,False,False,True,1,lof,SUSPICIOUS,MULTIVARIATE_ANOMALY
1340,2026-08-20T00:30:00Z,1,Tulkarem,no2,12.09,False,False,False,False,False,True,1,lof,SUSPICIOUS,MULTIVARIATE_ANOMALY
1340,2026-08-20T00:30:00Z,1,Tulkarem,o3,36.6,False,False,False,False,False,True,1,lof,SUSPICIOUS,MULTIVARIATE_ANOMALY
1340,2026-08-20T00:30:00Z,1,Tulkarem,aqi,124.0,False,False,False,False,False,True,1,lof,SUSPICIOUS,MULTIVARIATE_ANOMALY
1360,2026-08-20T05:30:00Z,1,Tulkarem,pm25,9.89,False,False,False,False,False,True,1,lof,NORMAL,MULTIVARIATE_ANOMALY
1360,2026-08-20T05:30:00Z,1,Tulkarem,temperature,24.5,False,False,False,False,False,True,1,lof,NORMAL,MULTIVARIATE_ANOMALY
1360,2026-08-20T05:30:00Z,1,Tulkarem,humidity,56.7,False,False,False,False,False,True,1,lof,NORMAL,MULTIVARIATE_ANOMALY
1360,2026-08-20T05:30:00Z,1,Tulkarem,no2,12.05,False,False,False,False,False,True,1,lof,NORMAL,MULTIVARIATE_ANOMALY
1360,2026-08-20T05:30:00Z,1,Tulkarem,o3,62.87,False,False,False,False,False,True,1,lof,NORMAL,MULTIVARIATE_ANOMALY
1360,2026-08-20T05:30:00Z,1,Tulkarem,aqi,55.0,False,False,False,False,False,True,1,lof,NORMAL,MULTIVARIATE_ANOMALY
5386,2026-08-20T10:00:00Z,5,Nablus,pm25,13.43,False,False,False,False,True,False,1,isolation_forest,NORMAL,MULTIVARIATE_ANOMALY
5386,2026-08-20T10:00:00Z,5,Nablus,temperature,48.1,False,False,False,False,True,False,1,isolation_forest,NORMAL,MULTIVARIATE_ANOMALY
5386,2026-08-20T10:00:00Z,5,Nablus,humidity,20.73,False,False,False,False,True,False,1,isolation_forest,NORMAL,MULTIVARIATE_ANOMALY
5386,2026-08-20T10:00:00Z,5,Nablus,aqi,74.0,False,False,False,False,True,False,1,isolation_forest,NORMAL,MULTIVARIATE_ANOMALY
5387,2026-08-20T10:15:00Z,5,Nablus,pm25,12.54,False,False,False,False,True,False,1,isolation_forest,NORMAL,MULTIVARIATE_ANOMALY
5387,2026-08-20T10:15:00Z,5,Nablus,humidity,19.96,False,False,False,False,True,False,1,isolation_forest,NORMAL,MULTIVARIATE_ANOMALY
5387,2026-08-20T10:15:00Z,5,Nablus,aqi,69.0,False,False,False,False,True,False,1,isolation_forest,NORMAL,MULTIVARIATE_ANOMALY
5388,2026-08-20T10:30:00Z,5,Nablus,pm25,11.86,False,False,False,False,True,False,1,isolation_forest,NORMAL,MULTIVARIATE_ANOMALY
5388,2026-08-20T10:30:00Z,5,Nablus,humidity,19.61,False,False,False,False,True,False,1,isolation_forest,NORMAL,MULTIVARIATE_ANOMALY
5388,2026-08-20T10:30:00Z,5,Nablus,aqi,66.0,False,False,False,False,True,False,1,isolation_forest,NORMAL,MULTIVARIATE_ANOMALY
5389,2026-08-20T10:45:00Z,5,Nablus,pm25,12.67,False,False,False,False,True,False,1,isolation_forest,NORMAL,MULTIVARIATE_ANOMALY
5389,2026-08-20T10:45:00Z,5,Nablus,humidity,21.21,False,False,False,False,True,False,1,isolation_forest,NORMAL,MULTIVARIATE_ANOMALY
5389,2026-08-20T10:45:00Z,5,Nablus,aqi,71.0,False,False,False,False,True,False,1,isolation_forest,NORMAL,MULTIVARIATE_ANOMALY
5390,2026-08-20T11:00:00Z,5,Nablus,temperature,49.41,False,True,False,False,False,False,1,mad,NORMAL,UNCERTAIN
4589,2026-08-20T18:00:00Z,4,Nablus,pm25,21.73,False,False,False,True,False,False,1,rolling_zscore,NORMAL,MULTIVARIATE_ANOMALY
4589,2026-08-20T18:00:00Z,4,Nablus,aqi,121.0,False,False,False,True,False,False,1,rolling_zscore,NORMAL,MULTIVARIATE_ANOMALY
4590,2026-08-20T18:15:00Z,4,Nablus,aqi,121.0,False,False,False,True,False,False,1,rolling_zscore,NORMAL,UNCERTAIN
4591,2026-08-20T18:30:00Z,4,Nablus,pm25,23.82,False,False,False,True,False,False,1,rolling_zscore,NORMAL,MULTIVARIATE_ANOMALY
4591,2026-08-20T18:30:00Z,4,Nablus,aqi,132.0,False,False,False,True,False,False,1,rolling_zscore,NORMAL,MULTIVARIATE_ANOMALY
4592,2026-08-20T18:45:00Z,4,Nablus,pm25,26.35,False,False,False,True,False,False,1,rolling_zscore,NORMAL,LIKELY_ENVIRONMENTAL_EVENT
4592,2026-08-20T18:45:00Z,4,Nablus,aqi,147.0,False,False,False,True,False,False,1,rolling_zscore,NORMAL,LIKELY_ENVIRONMENTAL_EVENT
5421,2026-08-20T18:45:00Z,5,Nablus,pm25,33.2,False,False,False,True,False,False,1,rolling_zscore,SUSPICIOUS,LIKELY_ENVIRONMENTAL_EVENT
5421,2026-08-20T18:45:00Z,5,Nablus,aqi,184.0,False,False,False,True,False,False,1,rolling_zscore,SUSPICIOUS,LIKELY_ENVIRONMENTAL_EVENT
2996,2026-08-20T19:00:00Z,2,Nablus,pm25,31.51,False,False,False,True,False,False,1,rolling_zscore,NORMAL,LIKELY_ENVIRONMENTAL_EVENT
2996,2026-08-20T19:00:00Z,2,Nablus,aqi,175.0,False,False,False,True,False,False,1,rolling_zscore,NORMAL,LIKELY_ENVIRONMENTAL_EVENT
4593,2026-08-20T19:00:00Z,4,Nablus,pm25,28.58,False,False,False,True,False,False,1,rolling_zscore,NORMAL,LIKELY_ENVIRONMENTAL_EVENT
4593,2026-08-20T19:00:00Z,4,Nablus,aqi,159.0,False,False,False,True,False,False,1,rolling_zscore,NORMAL,LIKELY_ENVIRONMENTAL_EVENT
2997,2026-08-20T19:15:00Z,2,Nablus,pm25,36.38,False,False,False,True,False,False,1,rolling_zscore,SUSPICIOUS,LIKELY_ENVIRONMENTAL_EVENT
4594,2026-08-20T19:15:00Z,4,Nablus,pm25,31.82,False,False,False,True,False,False,1,rolling_zscore,NORMAL,LIKELY_ENVIRONMENTAL_EVENT
4594,2026-08-20T19:15:00Z,4,Nablus,aqi,177.0,False,False,False,True,False,False,1,rolling_zscore,NORMAL,MULTIVARIATE_ANOMALY
2998,2026-08-20T19:30:00Z,2,Nablus,pm25,37.74,False,False,False,True,False,False,1,rolling_zscore,NORMAL,LIKELY_ENVIRONMENTAL_EVENT
4595,2026-08-20T19:30:00Z,4,Nablus,pm25,35.27,False,False,False,True,False,False,1,rolling_zscore,NORMAL,LIKELY_ENVIRONMENTAL_EVENT
4595,2026-08-20T19:30:00Z,4,Nablus,aqi,196.0,False,False,False,True,False,False,1,rolling_zscore,NORMAL,MULTIVARIATE_ANOMALY
5424,2026-08-20T19:30:00Z,5,Nablus,pm25,36.42,False,False,False,True,False,False,1,rolling_zscore,SUSPICIOUS,LIKELY_ENVIRONMENTAL_EVENT
2999,2026-08-20T19:45:00Z,2,Nablus,pm25,37.57,False,False,False,True,False,False,1,rolling_zscore,NORMAL,LIKELY_ENVIRONMENTAL_EVENT
4596,2026-08-20T19:45:00Z,4,Nablus,pm25,37.48,False,False,False,True,False,False,1,rolling_zscore,SUSPICIOUS,LIKELY_ENVIRONMENTAL_EVENT
5425,2026-08-20T19:45:00Z,5,Nablus,pm25,39.31,False,False,False,True,False,False,1,rolling_zscore,NORMAL,LIKELY_ENVIRONMENTAL_EVENT
3000,2026-08-20T20:00:00Z,2,Nablus,pm25,36.71,False,False,False,True,False,False,1,rolling_zscore,NORMAL,LIKELY_ENVIRONMENTAL_EVENT
4597,2026-08-20T20:00:00Z,4,Nablus,pm25,36.42,False,False,False,True,False,False,1,rolling_zscore,NORMAL,LIKELY_ENVIRONMENTAL_EVENT
5426,2026-08-20T20:00:00Z,5,Nablus,pm25,37.85,False,False,False,True,False,False,1,rolling_zscore,NORMAL,LIKELY_ENVIRONMENTAL_EVENT
4598,2026-08-20T20:15:00Z,4,Nablus,pm25,32.71,False,False,False,True,False,False,1,rolling_zscore,SUSPICIOUS,LIKELY_ENVIRONMENTAL_EVENT
4598,2026-08-20T20:15:00Z,4,Nablus,aqi,182.0,False,False,False,True,False,False,1,rolling_zscore,SUSPICIOUS,MULTIVARIATE_ANOMALY
5427,2026-08-20T20:15:00Z,5,Nablus,pm25,38.63,False,False,False,True,False,False,1,rolling_zscore,NORMAL,LIKELY_ENVIRONMENTAL_EVENT
4599,2026-08-20T20:30:00Z,4,Nablus,pm25,26.62,False,False,False,True,False,False,1,rolling_zscore,SUSPICIOUS,LIKELY_ENVIRONMENTAL_EVENT
4599,2026-08-20T20:30:00Z,4,Nablus,aqi,148.0,False,False,False,True,False,False,1,rolling_zscore,SUSPICIOUS,LIKELY_ENVIRONMENTAL_EVENT
5428,2026-08-20T20:30:00Z,5,Nablus,pm25,35.2,False,False,False,True,False,False,1,rolling_zscore,SUSPICIOUS,LIKELY_ENVIRONMENTAL_EVENT
5428,2026-08-20T20:30:00Z,5,Nablus,aqi,196.0,False,False,False,True,False,False,1,rolling_zscore,SUSPICIOUS,LIKELY_ENVIRONMENTAL_EVENT
4600,2026-08-20T20:45:00Z,4,Nablus,pm25,26.05,False,False,False,True,False,False,1,rolling_zscore,NORMAL,MULTIVARIATE_ANOMALY
4600,2026-08-20T20:45:00Z,4,Nablus,aqi,144.0,False,False,False,True,False,False,1,rolling_zscore,NORMAL,MULTIVARIATE_ANOMALY
4609,2026-08-20T23:00:00Z,4,Nablus,temperature,29.77,False,False,False,False,False,True,1,lof,SUSPICIOUS,MULTIVARIATE_ANOMALY
4609,2026-08-20T23:00:00Z,4,Nablus,humidity,65.86,False,False,False,False,False,True,1,lof,SUSPICIOUS,MULTIVARIATE_ANOMALY
4609,2026-08-20T23:00:00Z,4,Nablus,aqi,130.0,False,False,False,False,False,True,1,lof,SUSPICIOUS,MULTIVARIATE_ANOMALY
4610,2026-08-20T23:15:00Z,4,Nablus,pm25,35.08,False,False,False,True,False,False,1,rolling_zscore,SUSPICIOUS,MULTIVARIATE_ANOMALY
4610,2026-08-20T23:15:00Z,4,Nablus,aqi,195.0,False,False,False,True,False,False,1,rolling_zscore,SUSPICIOUS,MULTIVARIATE_ANOMALY
4611,2026-08-20T23:30:00Z,4,Nablus,pm25,35.31,False,False,False,True,False,False,1,rolling_zscore,NORMAL,MULTIVARIATE_ANOMALY
4611,2026-08-20T23:30:00Z,4,Nablus,aqi,196.0,False,False,False,True,False,False,1,rolling_zscore,NORMAL,MULTIVARIATE_ANOMALY
4612,2026-08-20T23:45:00Z,4,Nablus,pm25,35.4,False,False,False,True,False,False,1,rolling_zscore,SUSPICIOUS,UNCERTAIN
4613,2026-08-21T00:00:00Z,4,Nablus,pm25,32.54,False,False,False,True,False,False,1,rolling_zscore,SUSPICIOUS,MULTIVARIATE_ANOMALY
4613,2026-08-21T00:00:00Z,4,Nablus,aqi,181.0,False,False,False,True,False,False,1,rolling_zscore,SUSPICIOUS,MULTIVARIATE_ANOMALY
4614,2026-08-21T00:15:00Z,4,Nablus,pm25,33.06,False,False,False,True,False,False,1,rolling_zscore,NORMAL,MULTIVARIATE_ANOMALY
4614,2026-08-21T00:15:00Z,4,Nablus,aqi,184.0,False,False,False,True,False,False,1,rolling_zscore,NORMAL,MULTIVARIATE_ANOMALY
4615,2026-08-21T00:30:00Z,4,Nablus,pm25,31.51,False,False,False,True,False,False,1,rolling_zscore,NORMAL,UNCERTAIN
4616,2026-08-21T00:45:00Z,4,Nablus,pm25,33.51,False,False,False,True,False,False,1,rolling_zscore,NORMAL,MULTIVARIATE_ANOMALY
4616,2026-08-21T00:45:00Z,4,Nablus,aqi,186.0,False,False,False,True,False,False,1,rolling_zscore,NORMAL,MULTIVARIATE_ANOMALY
4617,2026-08-21T01:00:00Z,4,Nablus,pm25,32.76,False,False,False,True,False,False,1,rolling_zscore,NORMAL,MULTIVARIATE_ANOMALY
4617,2026-08-21T01:00:00Z,4,Nablus,aqi,182.0,False,False,False,True,False,False,1,rolling_zscore,NORMAL,MULTIVARIATE_ANOMALY
5457,2026-08-21T03:45:00Z,5,Nablus,pm25,44.3,False,False,False,False,False,True,1,lof,NORMAL,MULTIVARIATE_ANOMALY
5457,2026-08-21T03:45:00Z,5,Nablus,temperature,29.27,False,False,False,False,False,True,1,lof,NORMAL,MULTIVARIATE_ANOMALY
5457,2026-08-21T03:45:00Z,5,Nablus,humidity,63.18,False,False,False,False,False,True,1,lof,NORMAL,MULTIVARIATE_ANOMALY
5457,2026-08-21T03:45:00Z,5,Nablus,aqi,117.0,False,False,False,False,False,True,1,lof,NORMAL,MULTIVARIATE_ANOMALY
5458,2026-08-21T04:00:00Z,5,Nablus,pm25,45.98,False,False,False,False,False,True,1,lof,NORMAL,MULTIVARIATE_ANOMALY
5458,2026-08-21T04:00:00Z,5,Nablus,temperature,29.63,False,False,False,False,False,True,1,lof,NORMAL,MULTIVARIATE_ANOMALY
5458,2026-08-21T04:00:00Z,5,Nablus,humidity,62.14,False,False,False,False,False,True,1,lof,NORMAL,MULTIVARIATE_ANOMALY
5458,2026-08-21T04:00:00Z,5,Nablus,aqi,120.0,False,False,False,False,False,True,1,lof,NORMAL,MULTIVARIATE_ANOMALY
5459,2026-08-21T04:15:00Z,5,Nablus,pm25,45.19,False,False,False,False,False,True,1,lof,NORMAL,MULTIVARIATE_ANOMALY
5459,2026-08-21T04:15:00Z,5,Nablus,temperature,30.06,False,False,False,False,False,True,1,lof,NORMAL,MULTIVARIATE_ANOMALY
5459,2026-08-21T04:15:00Z,5,Nablus,humidity,60.98,False,False,False,False,False,True,1,lof,NORMAL,MULTIVARIATE_ANOMALY
5459,2026-08-21T04:15:00Z,5,Nablus,aqi,118.0,False,False,False,False,False,True,1,lof,NORMAL,MULTIVARIATE_ANOMALY
5460,2026-08-21T04:30:00Z,5,Nablus,pm25,43.96,False,False,False,False,False,True,1,lof,NORMAL,MULTIVARIATE_ANOMALY
5460,2026-08-21T04:30:00Z,5,Nablus,temperature,30.59,False,False,False,False,False,True,1,lof,NORMAL,MULTIVARIATE_ANOMALY
5460,2026-08-21T04:30:00Z,5,Nablus,humidity,59.75,False,False,False,False,False,True,1,lof,NORMAL,MULTIVARIATE_ANOMALY
5460,2026-08-21T04:30:00Z,5,Nablus,aqi,116.0,False,False,False,False,False,True,1,lof,NORMAL,MULTIVARIATE_ANOMALY
5461,2026-08-21T04:45:00Z,5,Nablus,pm25,41.18,False,False,False,False,False,True,1,lof,NORMAL,MULTIVARIATE_ANOMALY
5461,2026-08-21T04:45:00Z,5,Nablus,temperature,31.15,False,False,False,False,False,True,1,lof,NORMAL,MULTIVARIATE_ANOMALY
5461,2026-08-21T04:45:00Z,5,Nablus,humidity,58.36,False,False,False,False,False,True,1,lof,NORMAL,MULTIVARIATE_ANOMALY
5461,2026-08-21T04:45:00Z,5,Nablus,aqi,111.0,False,False,False,False,False,True,1,lof,NORMAL,MULTIVARIATE_ANOMALY
5462,2026-08-21T05:00:00Z,5,Nablus,pm25,38.02,False,False,False,False,False,True,1,lof,NORMAL,MULTIVARIATE_ANOMALY
5462,2026-08-21T05:00:00Z,5,Nablus,temperature,31.75,False,False,False,False,False,True,1,lof,NORMAL,MULTIVARIATE_ANOMALY
5462,2026-08-21T05:00:00Z,5,Nablus,humidity,57.11,False,False,False,False,False,True,1,lof,NORMAL,MULTIVARIATE_ANOMALY
5462,2026-08-21T05:00:00Z,5,Nablus,aqi,105.0,False,False,False,False,False,True,1,lof,NORMAL,MULTIVARIATE_ANOMALY
5463,2026-08-21T05:15:00Z,5,Nablus,pm25,29.58,False,False,False,False,False,True,1,lof,SUSPICIOUS,MULTIVARIATE_ANOMALY
5463,2026-08-21T05:15:00Z,5,Nablus,temperature,32.41,False,False,False,False,False,True,1,lof,SUSPICIOUS,MULTIVARIATE_ANOMALY
5463,2026-08-21T05:15:00Z,5,Nablus,humidity,55.92,False,False,False,False,False,True,1,lof,SUSPICIOUS,MULTIVARIATE_ANOMALY
5463,2026-08-21T05:15:00Z,5,Nablus,aqi,164.0,False,False,False,False,False,True,1,lof,SUSPICIOUS,MULTIVARIATE_ANOMALY
5473,2026-08-21T07:45:00Z,5,Nablus,pm25,22.3,False,False,False,False,False,True,1,lof,NORMAL,MULTIVARIATE_ANOMALY
5473,2026-08-21T07:45:00Z,5,Nablus,temperature,40.56,False,False,False,False,False,True,1,lof,NORMAL,MULTIVARIATE_ANOMALY
5473,2026-08-21T07:45:00Z,5,Nablus,humidity,38.68,False,False,False,False,False,True,1,lof,NORMAL,MULTIVARIATE_ANOMALY
5473,2026-08-21T07:45:00Z,5,Nablus,aqi,124.0,False,False,False,False,False,True,1,lof,NORMAL,MULTIVARIATE_ANOMALY
5481,2026-08-21T09:45:00Z,5,Nablus,temperature,48.83,False,True,False,False,False,False,1,mad,NORMAL,UNCERTAIN
5482,2026-08-21T10:00:00Z,5,Nablus,pm25,17.47,False,False,False,False,True,False,1,isolation_forest,NORMAL,MULTIVARIATE_ANOMALY
5482,2026-08-21T10:00:00Z,5,Nablus,humidity,26.16,False,False,False,False,True,False,1,isolation_forest,NORMAL,MULTIVARIATE_ANOMALY
5482,2026-08-21T10:00:00Z,5,Nablus,aqi,97.0,False,False,False,False,True,False,1,isolation_forest,NORMAL,MULTIVARIATE_ANOMALY
3107,2026-08-21T23:00:00Z,2,Nablus,pm25,44.98,False,False,False,False,True,False,1,isolation_forest,NORMAL,MULTIVARIATE_ANOMALY
3107,2026-08-21T23:00:00Z,2,Nablus,temperature,28.38,False,False,False,False,True,False,1,isolation_forest,NORMAL,MULTIVARIATE_ANOMALY
3107,2026-08-21T23:00:00Z,2,Nablus,humidity,76.82,False,False,False,False,True,False,1,isolation_forest,NORMAL,MULTIVARIATE_ANOMALY
3107,2026-08-21T23:00:00Z,2,Nablus,aqi,118.0,False,False,False,False,True,False,1,isolation_forest,NORMAL,MULTIVARIATE_ANOMALY
5559,2026-08-22T05:30:00Z,5,Nablus,pm25,28.51,False,False,False,False,False,True,1,lof,NORMAL,MULTIVARIATE_ANOMALY
5559,2026-08-22T05:30:00Z,5,Nablus,temperature,31.7,False,False,False,False,False,True,1,lof,NORMAL,MULTIVARIATE_ANOMALY
5559,2026-08-22T05:30:00Z,5,Nablus,humidity,57.73,False,False,False,False,False,True,1,lof,NORMAL,MULTIVARIATE_ANOMALY
5559,2026-08-22T05:30:00Z,5,Nablus,aqi,158.0,False,False,False,False,False,True,1,lof,NORMAL,MULTIVARIATE_ANOMALY
5578,2026-08-22T10:15:00Z,5,Nablus,temperature,44.4,False,False,False,True,False,False,1,rolling_zscore,NORMAL,UNCERTAIN
5579,2026-08-22T10:30:00Z,5,Nablus,temperature,44.8,False,False,False,True,False,False,1,rolling_zscore,NORMAL,UNCERTAIN
5580,2026-08-22T10:45:00Z,5,Nablus,temperature,44.83,False,False,False,True,False,False,1,rolling_zscore,NORMAL,UNCERTAIN
5581,2026-08-22T11:00:00Z,5,Nablus,temperature,44.69,False,False,False,True,False,False,1,rolling_zscore,NORMAL,UNCERTAIN
5582,2026-08-22T11:15:00Z,5,Nablus,temperature,44.17,False,False,False,True,False,False,1,rolling_zscore,NORMAL,UNCERTAIN
3205,2026-08-22T23:30:00Z,2,Nablus,pm25,33.34,False,False,False,False,True,False,1,isolation_forest,NORMAL,MULTIVARIATE_ANOMALY
3205,2026-08-22T23:30:00Z,2,Nablus,temperature,27.52,False,False,False,False,True,False,1,isolation_forest,NORMAL,MULTIVARIATE_ANOMALY
3205,2026-08-22T23:30:00Z,2,Nablus,humidity,76.34,False,False,False,False,True,False,1,isolation_forest,NORMAL,MULTIVARIATE_ANOMALY
3205,2026-08-22T23:30:00Z,2,Nablus,aqi,185.0,False,False,False,False,True,False,1,isolation_forest,NORMAL,MULTIVARIATE_ANOMALY
3206,2026-08-22T23:45:00Z,2,Nablus,pm25,34.31,False,False,False,False,True,False,1,isolation_forest,NORMAL,MULTIVARIATE_ANOMALY
3206,2026-08-22T23:45:00Z,2,Nablus,temperature,27.39,False,False,False,False,True,False,1,isolation_forest,NORMAL,MULTIVARIATE_ANOMALY
3206,2026-08-22T23:45:00Z,2,Nablus,humidity,76.51,False,False,False,False,True,False,1,isolation_forest,NORMAL,MULTIVARIATE_ANOMALY
3206,2026-08-22T23:45:00Z,2,Nablus,aqi,191.0,False,False,False,False,True,False,1,isolation_forest,NORMAL,MULTIVARIATE_ANOMALY
3209,2026-08-23T00:30:00Z,2,Nablus,pm25,34.39,False,False,False,False,True,False,1,isolation_forest,SUSPICIOUS,MULTIVARIATE_ANOMALY
3209,2026-08-23T00:30:00Z,2,Nablus,temperature,27.01,False,False,False,False,True,False,1,isolation_forest,SUSPICIOUS,MULTIVARIATE_ANOMALY
3209,2026-08-23T00:30:00Z,2,Nablus,humidity,78.32,False,False,False,False,True,False,1,isolation_forest,SUSPICIOUS,MULTIVARIATE_ANOMALY
3209,2026-08-23T00:30:00Z,2,Nablus,aqi,191.0,False,False,False,False,True,False,1,isolation_forest,SUSPICIOUS,MULTIVARIATE_ANOMALY
