timestamp,sensor_id,city,target,horizon,actual,predicted,actual_health_average,predicted_health_average,split,fold_id,model,absolute_error,residual,pollution_event_actual,pollution_event_predicted
2026-08-16T00:00:00Z,1,Tulkarem,pm25,6h,27.35,24.09,22.73168421052632,24.62515789473684,oof,fold_1,persistence,3.2600000000000016,3.2600000000000016,True,True
2026-08-16T00:00:00Z,2,Nablus,pm25,6h,23.61,35.65,27.709375,30.183645833333333,oof,fold_1,persistence,12.04,-12.04,True,True
2026-08-16T00:00:00Z,4,Nablus,pm25,6h,23.8,34.2,25.02958333333333,26.6940625,oof,fold_1,persistence,10.400000000000002,-10.400000000000002,True,True
2026-08-16T00:15:00Z,1,Tulkarem,pm25,6h,25.39,23.15,22.694526315789474,24.56178947368421,oof,fold_1,persistence,2.240000000000002,2.240000000000002,True,True
2026-08-16T00:15:00Z,2,Nablus,pm25,6h,22.19,35.64,27.58927083333333,30.094062500000003,oof,fold_1,persistence,13.45,-13.45,True,True
2026-08-16T00:15:00Z,4,Nablus,pm25,6h,22.56,32.3,24.959375,26.61927083333333,oof,fold_1,persistence,9.739999999999998,-9.739999999999998,True,True
2026-08-16T00:30:00Z,1,Tulkarem,pm25,6h,26.51,22.37,22.69484210526316,24.495894736842107,oof,fold_1,persistence,4.140000000000001,4.140000000000001,True,True
2026-08-16T00:30:00Z,2,Nablus,pm25,6h,23.47,36.63,27.4959375,30.00375,oof,fold_1,persistence,13.160000000000004,-13.160000000000004,True,True
2026-08-16T00:30:00Z,4,Nablus,pm25,6h,21.65,33.84,24.88864583333333,26.541875,oof,fold_1,persistence,12.190000000000005,-12.190000000000005,True,True
2026-08-16T00:45:00Z,1,Tulkarem,pm25,6h,25.51,21.94,22.68526315789473,24.41894736842105,oof,fold_1,persistence,3.5700000000000003,3.5700000000000003,True,True
2026-08-16T00:45:00Z,2,Nablus,pm25,6h,21.08,37.44,27.399375,29.9165625,oof,fold_1,persistence,16.36,-16.36,True,True
2026-08-16T00:45:00Z,4,Nablus,pm25,6h,21.28,35.89,24.819479166666667,26.4709375,oof,fold_1,persistence,14.61,-14.61,True,True
2026-08-16T01:00:00Z,1,Tulkarem,pm25,6h,23.22,23.3,22.648315789473685,24.346421052631584,oof,fold_1,persistence,0.08000000000000185,-0.08000000000000185,True,True
2026-08-16T01:00:00Z,2,Nablus,pm25,6h,23.08,37.35,27.32229166666666,29.81552083333333,oof,fold_1,persistence,14.270000000000003,-14.270000000000003,True,True
2026-08-16T01:00:00Z,4,Nablus,pm25,6h,21.33,38.95,24.760625,26.432291666666668,oof,fold_1,persistence,17.620000000000005,-17.620000000000005,True,True
2026-08-16T01:15:00Z,1,Tulkarem,pm25,6h,22.0,23.97,22.59326315789474,24.272526315789477,oof,fold_1,persistence,1.9699999999999989,-1.9699999999999989,True,True
2026-08-16T01:15:00Z,2,Nablus,pm25,6h,22.82,37.41,27.24927083333333,29.700416666666666,oof,fold_1,persistence,14.589999999999996,-14.589999999999996,True,True
2026-08-16T01:15:00Z,4,Nablus,pm25,6h,20.17,39.77,24.68145833333333,26.39135416666667,oof,fold_1,persistence,19.6,-19.6,True,True
2026-08-16T01:30:00Z,1,Tulkarem,pm25,6h,21.46,23.81,22.554,24.19263157894737,oof,fold_1,persistence,2.349999999999998,-2.349999999999998,True,True
2026-08-16T01:30:00Z,2,Nablus,pm25,6h,22.88,40.96,27.181875,29.626145833333336,oof,fold_1,persistence,18.080000000000002,-18.080000000000002,True,True
2026-08-16T01:30:00Z,4,Nablus,pm25,6h,20.71,39.91,24.6253125,26.365625,oof,fold_1,persistence,19.199999999999996,-19.199999999999996,True,True
2026-08-16T01:45:00Z,1,Tulkarem,pm25,6h,24.19,24.39,22.522526315789477,24.102526315789472,oof,fold_1,persistence,0.1999999999999993,-0.1999999999999993,True,True
2026-08-16T01:45:00Z,2,Nablus,pm25,6h,21.62,44.33,27.1003125,29.582083333333333,oof,fold_1,persistence,22.709999999999997,-22.709999999999997,True,True
2026-08-16T01:45:00Z,4,Nablus,pm25,6h,20.07,40.65,24.561875,26.3465625,oof,fold_1,persistence,20.58,-20.58,True,True
2026-08-16T02:00:00Z,1,Tulkarem,pm25,6h,22.67,24.58,22.485052631578945,24.01526315789474,oof,fold_1,persistence,1.9099999999999966,-1.9099999999999966,True,True
2026-08-16T02:00:00Z,2,Nablus,pm25,6h,20.91,41.99,27.027083333333334,29.534375,oof,fold_1,persistence,21.080000000000002,-21.080000000000002,True,True
2026-08-16T02:00:00Z,4,Nablus,pm25,6h,18.14,40.32,24.481979166666665,26.33875,oof,fold_1,persistence,22.18,-22.18,True,True
2026-08-16T02:15:00Z,1,Tulkarem,pm25,6h,22.8,25.86,22.461157894736843,23.94042105263157,oof,fold_1,persistence,3.0599999999999987,-3.0599999999999987,True,True
2026-08-16T02:15:00Z,2,Nablus,pm25,6h,20.04,38.95,26.957395833333333,29.4378125,oof,fold_1,persistence,18.910000000000004,-18.910000000000004,True,True
2026-08-16T02:15:00Z,4,Nablus,pm25,6h,18.3,37.11,24.421875,26.309375,oof,fold_1,persistence,18.81,-18.81,True,True
2026-08-16T02:30:00Z,1,Tulkarem,pm25,6h,22.93,26.26,22.44557894736842,23.862526315789477,oof,fold_1,persistence,3.330000000000002,-3.330000000000002,True,True
2026-08-16T02:30:00Z,2,Nablus,pm25,6h,20.66,38.78,26.881875000000004,29.33541666666667,oof,fold_1,persistence,18.12,-18.12,True,True
2026-08-16T02:30:00Z,4,Nablus,pm25,6h,17.81,37.04,24.344479166666662,26.26739583333333,oof,fold_1,persistence,19.23,-19.23,True,True
2026-08-16T02:45:00Z,1,Tulkarem,pm25,6h,22.7,26.77,22.418105263157894,23.78557894736842,oof,fold_1,persistence,4.07,-4.07,True,True
2026-08-16T02:45:00Z,2,Nablus,pm25,6h,20.08,37.34,26.814166666666665,29.277604166666663,oof,fold_1,persistence,17.260000000000005,-17.260000000000005,True,True
2026-08-16T02:45:00Z,4,Nablus,pm25,6h,18.49,33.94,24.28802083333333,26.196979166666665,oof,fold_1,persistence,15.45,-15.45,True,True
2026-08-16T03:00:00Z,1,Tulkarem,pm25,6h,22.69,26.93,22.423368421052636,23.70768421052632,oof,fold_1,persistence,4.239999999999998,-4.239999999999998,True,True
2026-08-16T03:00:00Z,2,Nablus,pm25,6h,19.99,37.17,26.75114583333333,29.23,oof,fold_1,persistence,17.180000000000003,-17.180000000000003,True,True
2026-08-16T03:00:00Z,4,Nablus,pm25,6h,16.9,32.62,24.2221875,26.112916666666667,oof,fold_1,persistence,15.719999999999999,-15.719999999999999,True,True
2026-08-16T03:15:00Z,2,Nablus,pm25,6h,18.88,33.41,26.68104166666667,29.152395833333333,oof,fold_1,persistence,14.529999999999998,-14.529999999999998,True,True
2026-08-16T03:15:00Z,4,Nablus,pm25,6h,16.86,32.62,24.166354166666665,26.04697916666667,oof,fold_1,persistence,15.759999999999998,-15.759999999999998,True,True
2026-08-16T03:30:00Z,1,Tulkarem,pm25,6h,24.39,27.92,22.456736842105265,23.55505263157895,oof,fold_1,persistence,3.530000000000001,-3.530000000000001,True,True
2026-08-16T03:30:00Z,2,Nablus,pm25,6h,18.07,30.87,26.610625,29.04927083333333,oof,fold_1,persistence,12.8,-12.8,True,True
2026-08-16T03:30:00Z,4,Nablus,pm25,6h,15.84,29.99,24.109375,25.9271875,oof,fold_1,persistence,14.149999999999999,-14.149999999999999,True,True
2026-08-16T03:45:00Z,1,Tulkarem,pm25,6h,23.33,27.27,22.45484210526316,23.46284210526316,oof,fold_1,persistence,3.9400000000000013,-3.9400000000000013,True,True
2026-08-16T03:45:00Z,2,Nablus,pm25,6h,18.57,29.86,26.571145833333333,28.9525,oof,fold_1,persistence,11.29,-11.29,True,True
2026-08-16T03:45:00Z,4,Nablus,pm25,6h,15.22,31.61,24.04395833333333,25.844583333333333,oof,fold_1,persistence,16.39,-16.39,True,True
2026-08-16T04:00:00Z,1,Tulkarem,pm25,6h,24.04,26.77,22.47052631578948,23.366,oof,fold_1,persistence,2.7300000000000004,-2.7300000000000004,True,True
2026-08-16T04:00:00Z,2,Nablus,pm25,6h,19.57,28.86,26.53270833333333,28.825416666666666,oof,fold_1,persistence,9.29,-9.29,True,True
2026-08-16T04:00:00Z,4,Nablus,pm25,6h,15.71,32.45,23.989375,25.78125,oof,fold_1,persistence,16.740000000000002,-16.740000000000002,True,True
2026-08-16T04:15:00Z,1,Tulkarem,pm25,6h,23.81,27.67,22.49852631578948,23.272105263157894,oof,fold_1,persistence,3.860000000000003,-3.860000000000003,True,True
2026-08-16T04:15:00Z,2,Nablus,pm25,6h,18.65,29.25,26.47385416666667,28.6853125,oof,fold_1,persistence,10.600000000000001,-10.600000000000001,True,True
2026-08-16T04:15:00Z,4,Nablus,pm25,6h,15.91,35.39,23.93375,25.757500000000004,oof,fold_1,persistence,19.48,-19.48,True,True
2026-08-16T04:30:00Z,1,Tulkarem,pm25,6h,22.02,27.07,22.51126315789474,23.159052631578945,oof,fold_1,persistence,5.050000000000001,-5.050000000000001,True,True
2026-08-16T04:30:00Z,2,Nablus,pm25,6h,20.9,28.54,26.435729166666665,28.53739583333333,oof,fold_1,persistence,7.640000000000001,-7.640000000000001,True,True
2026-08-16T04:30:00Z,4,Nablus,pm25,6h,16.04,32.63,23.883958333333336,25.70364583333333,oof,fold_1,persistence,16.590000000000003,-16.590000000000003,True,True
2026-08-16T04:45:00Z,1,Tulkarem,pm25,6h,24.8,26.46,22.55968421052632,23.03315789473684,oof,fold_1,persistence,1.6600000000000001,-1.6600000000000001,True,True
2026-08-16T04:45:00Z,2,Nablus,pm25,6h,24.5,28.0,26.4340625,28.383229166666663,oof,fold_1,persistence,3.5,-3.5,True,True
2026-08-16T04:45:00Z,4,Nablus,pm25,6h,19.16,22.42,23.862291666666668,25.5296875,oof,fold_1,persistence,3.2600000000000016,-3.2600000000000016,True,True
2026-08-16T05:00:00Z,1,Tulkarem,pm25,6h,24.2,23.7,22.60821052631579,22.91368421052632,oof,fold_1,persistence,0.5,0.5,True,True
2026-08-16T05:00:00Z,2,Nablus,pm25,6h,26.42,27.18,26.4446875,28.21947916666667,oof,fold_1,persistence,0.759999999999998,-0.759999999999998,True,True
2026-08-16T05:00:00Z,4,Nablus,pm25,6h,21.79,22.59,23.8653125,25.370625,oof,fold_1,persistence,0.8000000000000007,-0.8000000000000007,True,True
2026-08-16T05:15:00Z,1,Tulkarem,pm25,6h,19.35,22.03,22.60410526315789,22.80252631578947,oof,fold_1,persistence,2.6799999999999997,-2.6799999999999997,True,True
2026-08-16T05:15:00Z,2,Nablus,pm25,6h,26.57,28.01,26.485208333333333,28.083229166666666,oof,fold_1,persistence,1.4400000000000013,-1.4400000000000013,True,True
2026-08-16T05:15:00Z,4,Nablus,pm25,6h,22.98,25.04,23.89333333333333,25.256041666666665,oof,fold_1,persistence,2.0599999999999987,-2.0599999999999987,True,True
2026-08-16T05:30:00Z,1,Tulkarem,pm25,6h,17.24,28.27,22.58694736842105,22.76821052631579,oof,fold_1,persistence,11.030000000000001,-11.030000000000001,True,True
2026-08-16T05:30:00Z,2,Nablus,pm25,6h,24.81,26.97,26.52270833333333,27.96291666666667,oof,fold_1,persistence,2.16,-2.16,True,True
2026-08-16T05:30:00Z,4,Nablus,pm25,6h,21.49,27.65,23.929791666666663,25.1915625,oof,fold_1,persistence,6.16,-6.16,True,True
2026-08-16T05:45:00Z,1,Tulkarem,pm25,6h,16.88,29.41,22.562421052631574,22.751894736842107,oof,fold_1,persistence,12.530000000000001,-12.530000000000001,True,True
2026-08-16T05:45:00Z,2,Nablus,pm25,6h,24.32,23.97,26.57541666666667,27.830625,oof,fold_1,persistence,0.3500000000000014,0.3500000000000014,True,True
2026-08-16T05:45:00Z,4,Nablus,pm25,6h,19.52,24.3,23.959479166666664,25.0971875,oof,fold_1,persistence,4.780000000000001,-4.780000000000001,True,True
2026-08-16T06:00:00Z,1,Tulkarem,pm25,6h,16.64,27.35,22.535052631578942,22.73168421052632,oof,fold_1,persistence,10.71,-10.71,True,True
2026-08-16T06:00:00Z,2,Nablus,pm25,6h,22.54,23.61,26.598333333333333,27.709375,oof,fold_1,persistence,1.0700000000000003,-1.0700000000000003,True,True
2026-08-16T06:00:00Z,4,Nablus,pm25,6h,18.71,23.8,23.98708333333333,25.02958333333333,oof,fold_1,persistence,5.09,-5.09,True,True
2026-08-16T06:15:00Z,1,Tulkarem,pm25,6h,16.85,25.39,22.51294736842105,22.694526315789474,oof,fold_1,persistence,8.54,-8.54,True,True
2026-08-16T06:15:00Z,2,Nablus,pm25,6h,21.27,22.19,26.630416666666665,27.58927083333333,oof,fold_1,persistence,0.9200000000000017,-0.9200000000000017,True,True
2026-08-16T06:15:00Z,4,Nablus,pm25,6h,17.65,22.56,24.026979166666663,24.959375,oof,fold_1,persistence,4.91,-4.91,True,True
2026-08-16T06:30:00Z,1,Tulkarem,pm25,6h,15.09,26.51,22.464421052631582,22.69484210526316,oof,fold_1,persistence,11.420000000000002,-11.420000000000002,True,True
2026-08-16T06:30:00Z,2,Nablus,pm25,6h,20.23,23.47,26.645416666666662,27.4959375,oof,fold_1,persistence,3.2399999999999984,-3.2399999999999984,True,True
2026-08-16T06:30:00Z,4,Nablus,pm25,6h,30.34,21.65,24.195625000000003,24.88864583333333,oof,fold_1,persistence,8.690000000000001,8.690000000000001,True,True
2026-08-16T06:45:00Z,1,Tulkarem,pm25,6h,15.32,25.51,22.41378947368421,22.68526315789473,oof,fold_1,persistence,10.190000000000001,-10.190000000000001,True,True
2026-08-16T06:45:00Z,2,Nablus,pm25,6h,19.29,21.08,26.64625,27.399375,oof,fold_1,persistence,1.7899999999999991,-1.7899999999999991,True,True
2026-08-16T06:45:00Z,4,Nablus,pm25,6h,20.94,21.28,24.254583333333333,24.819479166666667,oof,fold_1,persistence,0.33999999999999986,-0.33999999999999986,True,True
2026-08-16T07:00:00Z,1,Tulkarem,pm25,6h,14.99,23.22,22.36010526315789,22.648315789473685,oof,fold_1,persistence,8.229999999999999,-8.229999999999999,True,True
2026-08-16T07:00:00Z,2,Nablus,pm25,6h,18.94,23.08,26.643854166666667,27.32229166666666,oof,fold_1,persistence,4.139999999999997,-4.139999999999997,True,True
2026-08-16T07:00:00Z,4,Nablus,pm25,6h,15.06,21.33,24.2534375,24.760625,oof,fold_1,persistence,6.269999999999998,-6.269999999999998,True,True
2026-08-16T07:15:00Z,1,Tulkarem,pm25,6h,14.43,22.0,22.310526315789478,22.59326315789474,oof,fold_1,persistence,7.57,-7.57,True,True
2026-08-16T07:15:00Z,2,Nablus,pm25,6h,18.65,22.82,26.64791666666667,27.24927083333333,oof,fold_1,persistence,4.170000000000002,-4.170000000000002,True,True
2026-08-16T07:15:00Z,4,Nablus,pm25,6h,14.34,20.17,24.25322916666667,24.68145833333333,oof,fold_1,persistence,5.830000000000002,-5.830000000000002,True,True
2026-08-16T07:30:00Z,1,Tulkarem,pm25,6h,14.81,21.46,22.259578947368414,22.554,oof,fold_1,persistence,6.65,-6.65,True,True
2026-08-16T07:30:00Z,2,Nablus,pm25,6h,17.49,22.88,26.64770833333333,27.181875,oof,fold_1,persistence,5.390000000000001,-5.390000000000001,True,True
2026-08-16T07:30:00Z,4,Nablus,pm25,6h,13.26,20.71,24.24208333333333,24.6253125,oof,fold_1,persistence,7.450000000000001,-7.450000000000001,True,True
2026-08-16T07:45:00Z,1,Tulkarem,pm25,6h,14.57,24.19,22.21157894736842,22.522526315789477,oof,fold_1,persistence,9.620000000000001,-9.620000000000001,True,True
2026-08-16T07:45:00Z,2,Nablus,pm25,6h,17.23,21.62,26.629270833333333,27.1003125,oof,fold_1,persistence,4.390000000000001,-4.390000000000001,True,True
2026-08-16T07:45:00Z,4,Nablus,pm25,6h,12.88,20.07,24.22010416666667,24.561875,oof,fold_1,persistence,7.1899999999999995,-7.1899999999999995,True,True
2026-08-16T08:00:00Z,1,Tulkarem,pm25,6h,15.33,22.67,22.176,22.485052631578945,oof,fold_1,persistence,7.340000000000002,-7.340000000000002,True,True
2026-08-16T08:00:00Z,2,Nablus,pm25,6h,16.59,20.91,26.6075,27.027083333333334,oof,fold_1,persistence,4.32,-4.32,True,True
2026-08-16T08:00:00Z,4,Nablus,pm25,6h,12.63,18.14,24.17635416666667,24.481979166666665,oof,fold_1,persistence,5.51,-5.51,True,True
2026-08-16T08:15:00Z,1,Tulkarem,pm25,6h,16.65,22.8,22.16894736842105,22.461157894736843,oof,fold_1,persistence,6.150000000000002,-6.150000000000002,True,True
2026-08-16T08:15:00Z,2,Nablus,pm25,6h,16.62,20.04,26.58125,26.957395833333333,oof,fold_1,persistence,3.419999999999998,-3.419999999999998,True,True
2026-08-16T08:15:00Z,4,Nablus,pm25,6h,12.08,18.3,24.140312500000004,24.421875,oof,fold_1,persistence,6.220000000000001,-6.220000000000001,True,True
2026-08-16T08:30:00Z,1,Tulkarem,pm25,6h,18.08,22.93,22.18894736842105,22.44557894736842,oof,fold_1,persistence,4.850000000000001,-4.850000000000001,True,True
2026-08-16T08:30:00Z,2,Nablus,pm25,6h,15.5,20.66,26.5459375,26.881875000000004,oof,fold_1,persistence,5.16,-5.16,True,True
2026-08-16T08:30:00Z,4,Nablus,pm25,6h,12.21,17.81,24.0890625,24.344479166666662,oof,fold_1,persistence,5.599999999999998,-5.599999999999998,True,True
2026-08-16T08:45:00Z,1,Tulkarem,pm25,6h,18.14,22.7,22.209789473684207,22.418105263157894,oof,fold_1,persistence,4.559999999999999,-4.559999999999999,True,True
2026-08-16T08:45:00Z,2,Nablus,pm25,6h,16.02,20.08,26.51083333333333,26.814166666666665,oof,fold_1,persistence,4.059999999999999,-4.059999999999999,True,True
2026-08-16T08:45:00Z,4,Nablus,pm25,6h,11.77,18.49,24.04416666666667,24.28802083333333,oof,fold_1,persistence,6.719999999999999,-6.719999999999999,True,True
2026-08-16T09:00:00Z,1,Tulkarem,pm25,6h,16.63,22.69,22.225263157894737,22.423368421052636,oof,fold_1,persistence,6.060000000000002,-6.060000000000002,True,True
2026-08-16T09:00:00Z,2,Nablus,pm25,6h,17.65,19.99,26.5178125,26.75114583333333,oof,fold_1,persistence,2.34,-2.34,True,True
2026-08-16T09:00:00Z,4,Nablus,pm25,6h,13.25,16.9,24.018125,24.2221875,oof,fold_1,persistence,3.6499999999999986,-3.6499999999999986,True,True
2026-08-16T09:15:00Z,1,Tulkarem,pm25,6h,16.6,25.38,22.236526315789472,22.45242105263158,oof,fold_1,persistence,8.779999999999998,-8.779999999999998,True,True
2026-08-16T09:15:00Z,2,Nablus,pm25,6h,16.96,18.88,26.53322916666667,26.68104166666667,oof,fold_1,persistence,1.9199999999999982,-1.9199999999999982,True,True
2026-08-16T09:15:00Z,4,Nablus,pm25,6h,13.77,16.86,24.02010416666667,24.166354166666665,oof,fold_1,persistence,3.09,-3.09,True,True
2026-08-16T09:30:00Z,1,Tulkarem,pm25,6h,15.71,24.39,22.23831578947368,22.456736842105265,oof,fold_1,persistence,8.68,-8.68,True,True
2026-08-16T09:30:00Z,2,Nablus,pm25,6h,17.25,18.07,26.550104166666667,26.610625,oof,fold_1,persistence,0.8200000000000003,-0.8200000000000003,True,True
2026-08-16T09:30:00Z,4,Nablus,pm25,6h,13.2,15.84,24.02208333333333,24.109375,oof,fold_1,persistence,2.6400000000000006,-2.6400000000000006,True,True
2026-08-16T09:45:00Z,1,Tulkarem,pm25,6h,15.75,23.33,22.23631578947368,22.45484210526316,oof,fold_1,persistence,7.579999999999998,-7.579999999999998,True,True
2026-08-16T09:45:00Z,2,Nablus,pm25,6h,20.67,18.57,26.60458333333333,26.571145833333333,oof,fold_1,persistence,2.1000000000000014,2.1000000000000014,True,True
2026-08-16T09:45:00Z,4,Nablus,pm25,6h,14.4,15.22,24.037916666666664,24.04395833333333,oof,fold_1,persistence,0.8200000000000003,-0.8200000000000003,True,True
2026-08-16T10:00:00Z,1,Tulkarem,pm25,6h,18.32,24.04,22.251368421052632,22.47052631578948,oof,fold_1,persistence,5.719999999999999,-5.719999999999999,True,True
2026-08-16T10:00:00Z,2,Nablus,pm25,6h,20.52,19.57,26.649583333333336,26.53270833333333,oof,fold_1,persistence,0.9499999999999993,0.9499999999999993,True,True
2026-08-16T10:00:00Z,4,Nablus,pm25,6h,15.89,15.71,24.060625,23.989375,oof,fold_1,persistence,0.17999999999999972,0.17999999999999972,True,True
2026-08-16T10:15:00Z,1,Tulkarem,pm25,6h,20.39,23.81,22.27063157894737,22.49852631578948,oof,fold_1,persistence,3.419999999999998,-3.419999999999998,True,True
2026-08-16T10:15:00Z,2,Nablus,pm25,6h,21.74,18.65,26.684479166666662,26.47385416666667,oof,fold_1,persistence,3.09,3.09,True,True
2026-08-16T10:15:00Z,4,Nablus,pm25,6h,16.39,15.91,24.0340625,23.93375,oof,fold_1,persistence,0.4800000000000004,0.4800000000000004,True,True
2026-08-16T10:30:00Z,1,Tulkarem,pm25,6h,18.33,22.02,22.26484210526316,22.51126315789474,oof,fold_1,persistence,3.6900000000000013,-3.6900000000000013,True,True
2026-08-16T10:30:00Z,2,Nablus,pm25,6h,23.36,20.9,26.718541666666667,26.435729166666665,oof,fold_1,persistence,2.460000000000001,2.460000000000001,True,True
2026-08-16T10:30:00Z,4,Nablus,pm25,6h,18.63,16.04,24.034479166666667,23.883958333333336,oof,fold_1,persistence,2.59,2.59,True,True
2026-08-16T10:45:00Z,1,Tulkarem,pm25,6h,18.41,24.8,22.25210526315789,22.55968421052632,oof,fold_1,persistence,6.390000000000001,-6.390000000000001,True,True
2026-08-16T10:45:00Z,2,Nablus,pm25,6h,23.71,24.5,26.726145833333334,26.4340625,oof,fold_1,persistence,0.7899999999999991,-0.7899999999999991,True,True
2026-08-16T10:45:00Z,4,Nablus,pm25,6h,19.24,19.16,24.02645833333333,23.862291666666668,oof,fold_1,persistence,0.0799999999999983,0.0799999999999983,True,True
2026-08-16T11:00:00Z,1,Tulkarem,pm25,6h,18.39,24.2,22.237578947368423,22.60821052631579,oof,fold_1,persistence,5.809999999999999,-5.809999999999999,True,True
2026-08-16T11:00:00Z,2,Nablus,pm25,6h,24.6,26.42,26.7371875,26.4446875,oof,fold_1,persistence,1.8200000000000003,-1.8200000000000003,True,True
2026-08-16T11:00:00Z,4,Nablus,pm25,6h,21.68,21.79,24.039895833333333,23.8653125,oof,fold_1,persistence,0.10999999999999943,-0.10999999999999943,True,True
2026-08-16T11:15:00Z,1,Tulkarem,pm25,6h,17.96,19.35,22.212315789473685,22.60410526315789,oof,fold_1,persistence,1.3900000000000006,-1.3900000000000006,True,True
2026-08-16T11:15:00Z,2,Nablus,pm25,6h,26.02,26.57,26.73635416666667,26.485208333333333,oof,fold_1,persistence,0.5500000000000007,-0.5500000000000007,True,True
2026-08-16T11:15:00Z,4,Nablus,pm25,6h,23.74,22.98,24.066666666666663,23.89333333333333,oof,fold_1,persistence,0.759999999999998,0.759999999999998,True,True
2026-08-16T11:30:00Z,1,Tulkarem,pm25,6h,17.64,17.24,22.17726315789474,22.58694736842105,oof,fold_1,persistence,0.40000000000000213,0.40000000000000213,True,True
2026-08-16T11:30:00Z,2,Nablus,pm25,6h,27.62,24.81,26.76677083333333,26.52270833333333,oof,fold_1,persistence,2.8100000000000023,2.8100000000000023,True,True
2026-08-16T11:30:00Z,4,Nablus,pm25,6h,23.79,21.49,24.078645833333336,23.929791666666663,oof,fold_1,persistence,2.3000000000000007,2.3000000000000007,True,True
2026-08-16T11:45:00Z,1,Tulkarem,pm25,6h,17.24,16.88,22.128631578947367,22.562421052631574,oof,fold_1,persistence,0.35999999999999943,0.35999999999999943,True,True
2026-08-16T11:45:00Z,2,Nablus,pm25,6h,27.29,24.32,26.798125,26.57541666666667,oof,fold_1,persistence,2.969999999999999,2.969999999999999,True,True
2026-08-16T11:45:00Z,4,Nablus,pm25,6h,24.83,19.52,24.09895833333333,23.959479166666664,oof,fold_1,persistence,5.309999999999999,5.309999999999999,True,True
2026-08-16T12:00:00Z,1,Tulkarem,pm25,6h,16.78,16.64,22.07210526315789,22.535052631578942,oof,fold_1,persistence,0.14000000000000057,0.14000000000000057,True,True
2026-08-16T12:00:00Z,2,Nablus,pm25,6h,28.79,22.54,26.83791666666667,26.598333333333333,oof,fold_1,persistence,6.25,6.25,True,True
2026-08-16T12:00:00Z,4,Nablus,pm25,6h,24.55,18.71,24.125,23.98708333333333,oof,fold_1,persistence,5.84,5.84,True,True
2026-08-16T12:15:00Z,1,Tulkarem,pm25,6h,17.4,16.85,22.016736842105264,22.51294736842105,oof,fold_1,persistence,0.5499999999999972,0.5499999999999972,True,True
2026-08-16T12:15:00Z,2,Nablus,pm25,6h,28.42,21.27,26.8621875,26.630416666666665,oof,fold_1,persistence,7.150000000000002,7.150000000000002,True,True
2026-08-16T12:15:00Z,4,Nablus,pm25,6h,26.37,17.65,24.163958333333337,24.026979166666663,oof,fold_1,persistence,8.720000000000002,8.720000000000002,True,True
2026-08-16T12:30:00Z,1,Tulkarem,pm25,6h,16.37,15.09,21.94568421052632,22.464421052631582,oof,fold_1,persistence,1.2800000000000011,1.2800000000000011,True,True
2026-08-16T12:30:00Z,2,Nablus,pm25,6h,26.02,20.23,26.860625,26.645416666666662,oof,fold_1,persistence,5.789999999999999,5.789999999999999,True,True
2026-08-16T12:30:00Z,4,Nablus,pm25,6h,25.82,30.34,24.19239583333333,24.195625000000003,oof,fold_1,persistence,4.52,-4.52,True,True
2026-08-16T12:45:00Z,1,Tulkarem,pm25,6h,15.73,15.32,21.87021052631579,22.41378947368421,oof,fold_1,persistence,0.41000000000000014,0.41000000000000014,True,True
2026-08-16T12:45:00Z,2,Nablus,pm25,6h,24.75,19.29,26.841875,26.64625,oof,fold_1,persistence,5.460000000000001,5.460000000000001,True,True
2026-08-16T12:45:00Z,4,Nablus,pm25,6h,25.28,20.94,24.194166666666664,24.254583333333333,oof,fold_1,persistence,4.34,4.34,True,True
2026-08-16T13:00:00Z,1,Tulkarem,pm25,6h,15.46,14.99,21.791473684210526,22.36010526315789,oof,fold_1,persistence,0.47000000000000064,0.47000000000000064,True,True
2026-08-16T13:00:00Z,2,Nablus,pm25,6h,25.19,18.94,26.81239583333333,26.643854166666667,oof,fold_1,persistence,6.25,6.25,True,True
2026-08-16T13:00:00Z,4,Nablus,pm25,6h,25.03,15.06,24.188541666666666,24.2534375,oof,fold_1,persistence,9.97,9.97,True,True
2026-08-16T13:15:00Z,1,Tulkarem,pm25,6h,15.5,14.43,21.71578947368421,22.310526315789478,oof,fold_1,persistence,1.0700000000000003,1.0700000000000003,True,True
2026-08-16T13:15:00Z,2,Nablus,pm25,6h,24.9,18.65,26.756041666666665,26.64791666666667,oof,fold_1,persistence,6.25,6.25,True,True
2026-08-16T13:15:00Z,4,Nablus,pm25,6h,24.03,14.34,24.1578125,24.25322916666667,oof,fold_1,persistence,9.690000000000001,9.690000000000001,True,True
2026-08-16T13:30:00Z,1,Tulkarem,pm25,6h,14.91,14.81,21.64115789473684,22.259578947368414,oof,fold_1,persistence,0.09999999999999964,0.09999999999999964,True,True
2026-08-16T13:30:00Z,2,Nablus,pm25,6h,25.1,17.49,26.716979166666665,26.64770833333333,oof,fold_1,persistence,7.610000000000003,7.610000000000003,True,True
2026-08-16T13:30:00Z,4,Nablus,pm25,6h,23.63,13.26,24.125625,24.24208333333333,oof,fold_1,persistence,10.37,10.37,True,True
2026-08-16T13:45:00Z,1,Tulkarem,pm25,6h,14.5,14.57,21.565368421052632,22.21157894736842,oof,fold_1,persistence,0.07000000000000028,-0.07000000000000028,True,True
2026-08-16T13:45:00Z,2,Nablus,pm25,6h,25.62,17.23,26.65697916666667,26.629270833333333,oof,fold_1,persistence,8.39,8.39,True,True
2026-08-16T13:45:00Z,4,Nablus,pm25,6h,23.49,12.88,24.08302083333333,24.22010416666667,oof,fold_1,persistence,10.609999999999998,10.609999999999998,True,True
2026-08-16T14:00:00Z,1,Tulkarem,pm25,6h,14.07,15.33,21.47926315789473,22.176,oof,fold_1,persistence,1.2599999999999998,-1.2599999999999998,True,True
2026-08-16T14:00:00Z,2,Nablus,pm25,6h,26.27,16.59,26.590625000000003,26.6075,oof,fold_1,persistence,9.68,9.68,True,True
2026-08-16T14:00:00Z,4,Nablus,pm25,6h,22.58,12.63,24.018854166666667,24.17635416666667,oof,fold_1,persistence,9.949999999999998,9.949999999999998,True,True
2026-08-16T14:15:00Z,1,Tulkarem,pm25,6h,13.98,16.65,21.377052631578948,22.16894736842105,oof,fold_1,persistence,2.669999999999998,-2.669999999999998,True,True
2026-08-16T14:15:00Z,2,Nablus,pm25,6h,24.87,16.62,26.489062500000003,26.58125,oof,fold_1,persistence,8.25,8.25,True,True
2026-08-16T14:15:00Z,4,Nablus,pm25,6h,23.72,12.08,23.96229166666667,24.140312500000004,oof,fold_1,persistence,11.639999999999999,11.639999999999999,True,True
2026-08-16T14:30:00Z,1,Tulkarem,pm25,6h,14.27,18.08,21.27705263157895,22.18894736842105,oof,fold_1,persistence,3.8099999999999987,-3.8099999999999987,True,True
2026-08-16T14:30:00Z,2,Nablus,pm25,6h,25.13,15.5,26.394583333333333,26.5459375,oof,fold_1,persistence,9.629999999999999,9.629999999999999,True,True
2026-08-16T14:30:00Z,4,Nablus,pm25,6h,25.46,12.21,23.926875,24.0890625,oof,fold_1,persistence,13.25,13.25,True,True
2026-08-16T14:45:00Z,1,Tulkarem,pm25,6h,14.39,18.14,21.187052631578947,22.209789473684207,oof,fold_1,persistence,3.75,-3.75,True,True
2026-08-16T14:45:00Z,2,Nablus,pm25,6h,25.26,16.02,26.296979166666663,26.51083333333333,oof,fold_1,persistence,9.240000000000002,9.240000000000002,True,True
2026-08-16T14:45:00Z,4,Nablus,pm25,6h,25.62,11.77,23.900625,24.04416666666667,oof,fold_1,persistence,13.850000000000001,13.850000000000001,True,True
2026-08-16T15:00:00Z,1,Tulkarem,pm25,6h,13.69,16.63,21.09715789473684,22.225263157894737,oof,fold_1,persistence,2.9399999999999995,-2.9399999999999995,True,True
2026-08-16T15:00:00Z,2,Nablus,pm25,6h,26.22,17.65,26.245208333333338,26.5178125,oof,fold_1,persistence,8.57,8.57,True,True
2026-08-16T15:00:00Z,4,Nablus,pm25,6h,25.69,13.25,23.8925,24.018125,oof,fold_1,persistence,12.440000000000001,12.440000000000001,True,True
2026-08-16T15:15:00Z,1,Tulkarem,pm25,6h,12.87,16.6,21.011458333333334,22.236526315789472,oof,fold_1,persistence,3.730000000000002,-3.730000000000002,True,True
2026-08-16T15:15:00Z,2,Nablus,pm25,6h,25.65,16.96,26.192916666666665,26.53322916666667,oof,fold_1,persistence,8.689999999999998,8.689999999999998,True,True
2026-08-16T15:15:00Z,4,Nablus,pm25,6h,25.93,13.77,23.88416666666667,24.02010416666667,oof,fold_1,persistence,12.16,12.16,True,True
2026-08-16T15:30:00Z,1,Tulkarem,pm25,6h,11.88,15.71,20.8865625,22.23831578947368,oof,fold_1,persistence,3.83,-3.83,True,True
2026-08-16T15:30:00Z,2,Nablus,pm25,6h,23.61,17.25,26.1159375,26.550104166666667,oof,fold_1,persistence,6.359999999999999,6.359999999999999,True,True
2026-08-16T15:30:00Z,4,Nablus,pm25,6h,22.82,13.2,23.846041666666668,24.02208333333333,oof,fold_1,persistence,9.620000000000001,9.620000000000001,True,True
2026-08-16T15:45:00Z,1,Tulkarem,pm25,6h,12.08,15.75,20.753125,22.23631578947368,oof,fold_1,persistence,3.67,-3.67,True,True
2026-08-16T15:45:00Z,2,Nablus,pm25,6h,21.2,20.67,26.0225,26.60458333333333,oof,fold_1,persistence,0.5299999999999976,0.5299999999999976,True,True
2026-08-16T15:45:00Z,4,Nablus,pm25,6h,18.91,14.4,23.768125,24.037916666666664,oof,fold_1,persistence,4.51,4.51,True,True
2026-08-16T16:00:00Z,1,Tulkarem,pm25,6h,11.25,18.32,20.610104166666662,22.251368421052632,oof,fold_1,persistence,7.07,-7.07,True,True
2026-08-16T16:00:00Z,2,Nablus,pm25,6h,21.88,20.52,25.938125,26.649583333333336,oof,fold_1,persistence,1.3599999999999994,1.3599999999999994,True,True
2026-08-16T16:00:00Z,4,Nablus,pm25,6h,20.49,15.89,23.709375000000005,24.060625,oof,fold_1,persistence,4.599999999999998,4.599999999999998,True,True
2026-08-16T16:15:00Z,1,Tulkarem,pm25,6h,11.17,20.39,20.492604166666663,22.27063157894737,oof,fold_1,persistence,9.22,-9.22,True,True
2026-08-16T16:15:00Z,2,Nablus,pm25,6h,22.79,21.74,25.8559375,26.684479166666662,oof,fold_1,persistence,1.0500000000000007,1.0500000000000007,True,True
2026-08-16T16:15:00Z,4,Nablus,pm25,6h,20.61,16.39,23.64052083333333,24.0340625,oof,fold_1,persistence,4.219999999999999,4.219999999999999,True,True
2026-08-16T16:30:00Z,1,Tulkarem,pm25,6h,14.45,18.33,20.4075,22.26484210526316,oof,fold_1,persistence,3.879999999999999,-3.879999999999999,True,True
2026-08-16T16:30:00Z,2,Nablus,pm25,6h,18.28,23.36,25.7071875,26.718541666666667,oof,fold_1,persistence,5.079999999999998,-5.079999999999998,True,True
2026-08-16T16:30:00Z,4,Nablus,pm25,6h,21.47,18.63,23.578125,24.034479166666667,oof,fold_1,persistence,2.84,2.84,True,True
2026-08-16T16:45:00Z,1,Tulkarem,pm25,6h,14.63,18.41,20.318125,22.25210526315789,oof,fold_1,persistence,3.7799999999999994,-3.7799999999999994,True,True
2026-08-16T16:45:00Z,2,Nablus,pm25,6h,18.28,23.71,25.54927083333333,26.726145833333334,oof,fold_1,persistence,5.43,-5.43,True,True
2026-08-16T16:45:00Z,4,Nablus,pm25,6h,22.27,19.24,23.531145833333337,24.02645833333333,oof,fold_1,persistence,3.030000000000001,3.030000000000001,True,True
2026-08-16T17:00:00Z,1,Tulkarem,pm25,6h,13.72,18.39,20.20625,22.237578947368423,oof,fold_1,persistence,4.67,-4.67,True,True
2026-08-16T17:00:00Z,2,Nablus,pm25,6h,17.55,24.6,25.375520833333336,26.7371875,oof,fold_1,persistence,7.050000000000001,-7.050000000000001,True,True
2026-08-16T17:00:00Z,4,Nablus,pm25,6h,17.76,21.68,23.435104166666665,24.039895833333333,oof,fold_1,persistence,3.919999999999998,-3.919999999999998,True,True
2026-08-16T17:15:00Z,1,Tulkarem,pm25,6h,13.19,17.96,20.091666666666665,22.212315789473685,oof,fold_1,persistence,4.770000000000001,-4.770000000000001,True,True
2026-08-16T17:15:00Z,2,Nablus,pm25,6h,18.23,26.02,25.21364583333333,26.73635416666667,oof,fold_1,persistence,7.789999999999999,-7.789999999999999,True,True
2026-08-16T17:15:00Z,4,Nablus,pm25,6h,14.28,23.74,23.2896875,24.066666666666663,oof,fold_1,persistence,9.459999999999999,-9.459999999999999,True,True
2026-08-16T17:30:00Z,1,Tulkarem,pm25,6h,12.16,17.64,19.96583333333333,22.17726315789474,oof,fold_1,persistence,5.48,-5.48,True,True
2026-08-16T17:30:00Z,2,Nablus,pm25,6h,19.38,27.62,25.054479166666667,26.76677083333333,oof,fold_1,persistence,8.240000000000002,-8.240000000000002,True,True
2026-08-16T17:30:00Z,4,Nablus,pm25,6h,14.32,23.79,23.120625000000004,24.078645833333336,oof,fold_1,persistence,9.469999999999999,-9.469999999999999,True,True
2026-08-16T17:45:00Z,1,Tulkarem,pm25,6h,12.13,17.24,19.84239583333333,22.128631578947367,oof,fold_1,persistence,5.109999999999998,-5.109999999999998,True,True
2026-08-16T17:45:00Z,2,Nablus,pm25,6h,18.13,27.29,24.870104166666664,26.798125,oof,fold_1,persistence,9.16,-9.16,True,True
2026-08-16T17:45:00Z,4,Nablus,pm25,6h,14.29,24.83,22.917291666666667,24.09895833333333,oof,fold_1,persistence,10.54,-10.54,True,True
2026-08-16T18:00:00Z,1,Tulkarem,pm25,6h,11.99,16.78,19.716354166666665,22.07210526315789,oof,fold_1,persistence,4.790000000000001,-4.790000000000001,True,True
2026-08-16T18:00:00Z,2,Nablus,pm25,6h,18.16,28.79,24.687916666666663,26.83791666666667,oof,fold_1,persistence,10.629999999999999,-10.629999999999999,True,True
2026-08-16T18:00:00Z,4,Nablus,pm25,6h,13.58,24.55,22.7025,24.125,oof,fold_1,persistence,10.97,-10.97,True,True
2026-08-16T18:15:00Z,1,Tulkarem,pm25,6h,11.59,17.4,19.5959375,22.016736842105264,oof,fold_1,persistence,5.809999999999999,-5.809999999999999,True,True
2026-08-16T18:15:00Z,2,Nablus,pm25,6h,18.05,28.42,24.5046875,26.8621875,oof,fold_1,persistence,10.370000000000001,-10.370000000000001,True,True
2026-08-16T18:15:00Z,4,Nablus,pm25,6h,13.52,26.37,22.506875,24.163958333333337,oof,fold_1,persistence,12.850000000000001,-12.850000000000001,True,True
2026-08-16T18:30:00Z,1,Tulkarem,pm25,6h,12.91,16.37,19.49739583333333,21.94568421052632,oof,fold_1,persistence,3.460000000000001,-3.460000000000001,True,True
2026-08-16T18:30:00Z,2,Nablus,pm25,6h,18.05,26.02,24.31114583333333,26.860625,oof,fold_1,persistence,7.969999999999999,-7.969999999999999,True,True
2026-08-16T18:30:00Z,4,Nablus,pm25,6h,14.04,25.82,22.300625,24.19239583333333,oof,fold_1,persistence,11.780000000000001,-11.780000000000001,True,True
2026-08-16T18:45:00Z,1,Tulkarem,pm25,6h,14.14,15.73,19.41614583333333,21.87021052631579,oof,fold_1,persistence,1.5899999999999999,-1.5899999999999999,True,True
2026-08-16T18:45:00Z,2,Nablus,pm25,6h,18.6,24.75,24.11489583333333,26.841875,oof,fold_1,persistence,6.149999999999999,-6.149999999999999,True,True
2026-08-16T18:45:00Z,4,Nablus,pm25,6h,13.98,25.28,22.07239583333333,24.194166666666664,oof,fold_1,persistence,11.3,-11.3,True,True
2026-08-16T19:00:00Z,1,Tulkarem,pm25,6h,14.02,15.46,19.319479166666667,21.791473684210526,oof,fold_1,persistence,1.4400000000000013,-1.4400000000000013,True,True
2026-08-16T19:00:00Z,2,Nablus,pm25,6h,18.54,25.19,23.91895833333333,26.81239583333333,oof,fold_1,persistence,6.650000000000002,-6.650000000000002,True,True
2026-08-16T19:00:00Z,4,Nablus,pm25,6h,13.35,25.03,21.805729166666666,24.188541666666666,oof,fold_1,persistence,11.680000000000001,-11.680000000000001,True,True
2026-08-16T19:15:00Z,1,Tulkarem,pm25,6h,13.63,15.5,19.211770833333333,21.71578947368421,oof,fold_1,persistence,1.8699999999999992,-1.8699999999999992,True,True
2026-08-16T19:15:00Z,2,Nablus,pm25,6h,20.37,24.9,23.741458333333338,26.756041666666665,oof,fold_1,persistence,4.529999999999998,-4.529999999999998,True,True
2026-08-16T19:15:00Z,4,Nablus,pm25,6h,13.39,24.03,21.5309375,24.1578125,oof,fold_1,persistence,10.64,-10.64,True,True
2026-08-16T19:30:00Z,1,Tulkarem,pm25,6h,14.39,14.91,19.113645833333333,21.64115789473684,oof,fold_1,persistence,0.5199999999999996,-0.5199999999999996,True,True
2026-08-16T19:30:00Z,2,Nablus,pm25,6h,18.36,25.1,23.506041666666665,26.716979166666665,oof,fold_1,persistence,6.740000000000002,-6.740000000000002,True,True
2026-08-16T19:30:00Z,4,Nablus,pm25,6h,13.64,23.63,21.257291666666664,24.125625,oof,fold_1,persistence,9.989999999999998,-9.989999999999998,True,True
2026-08-16T19:45:00Z,1,Tulkarem,pm25,6h,14.74,14.5,19.013125,21.565368421052632,oof,fold_1,persistence,0.2400000000000002,0.2400000000000002,True,True
2026-08-16T19:45:00Z,2,Nablus,pm25,6h,17.56,25.62,23.2271875,26.65697916666667,oof,fold_1,persistence,8.060000000000002,-8.060000000000002,True,True
2026-08-16T19:45:00Z,4,Nablus,pm25,6h,13.85,23.49,20.978125,24.08302083333333,oof,fold_1,persistence,9.639999999999999,-9.639999999999999,True,True
2026-08-16T20:00:00Z,1,Tulkarem,pm25,6h,14.94,14.07,18.91270833333333,21.47926315789473,oof,fold_1,persistence,0.8699999999999992,0.8699999999999992,True,True
2026-08-16T20:00:00Z,2,Nablus,pm25,6h,17.43,26.27,22.971354166666668,26.590625000000003,oof,fold_1,persistence,8.84,-8.84,True,True
2026-08-16T20:00:00Z,4,Nablus,pm25,6h,13.73,22.58,20.70114583333333,24.018854166666667,oof,fold_1,persistence,8.849999999999998,-8.849999999999998,True,True
2026-08-16T20:15:00Z,1,Tulkarem,pm25,6h,15.24,13.98,18.80208333333333,21.377052631578948,oof,fold_1,persistence,1.2599999999999998,1.2599999999999998,True,True
2026-08-16T20:15:00Z,2,Nablus,pm25,6h,16.61,24.87,22.738645833333333,26.489062500000003,oof,fold_1,persistence,8.260000000000002,-8.260000000000002,True,True
2026-08-16T20:15:00Z,4,Nablus,pm25,6h,13.92,23.72,20.45958333333333,23.96229166666667,oof,fold_1,persistence,9.799999999999999,-9.799999999999999,True,True
2026-08-16T20:30:00Z,1,Tulkarem,pm25,6h,14.76,14.27,18.682291666666668,21.27705263157895,oof,fold_1,persistence,0.4900000000000002,0.4900000000000002,True,True
2026-08-16T20:30:00Z,2,Nablus,pm25,6h,16.17,25.13,22.503125,26.394583333333333,oof,fold_1,persistence,8.959999999999997,-8.959999999999997,True,True
2026-08-16T20:30:00Z,4,Nablus,pm25,6h,13.37,25.46,20.21302083333333,23.926875,oof,fold_1,persistence,12.090000000000002,-12.090000000000002,True,True
2026-08-16T20:45:00Z,1,Tulkarem,pm25,6h,15.0,14.39,18.5596875,21.187052631578947,oof,fold_1,persistence,0.6099999999999994,0.6099999999999994,True,True
2026-08-16T20:45:00Z,2,Nablus,pm25,6h,16.04,25.26,22.28125,26.296979166666663,oof,fold_1,persistence,9.220000000000002,-9.220000000000002,True,True
2026-08-16T20:45:00Z,4,Nablus,pm25,6h,13.1,25.62,19.9959375,23.900625,oof,fold_1,persistence,12.520000000000001,-12.520000000000001,True,True
2026-08-16T21:00:00Z,1,Tulkarem,pm25,6h,15.38,13.69,18.439375,21.09715789473684,oof,fold_1,persistence,1.6900000000000013,1.6900000000000013,True,True
2026-08-16T21:00:00Z,2,Nablus,pm25,6h,16.26,26.22,22.063437500000003,26.245208333333338,oof,fold_1,persistence,9.959999999999997,-9.959999999999997,True,True
2026-08-16T21:00:00Z,4,Nablus,pm25,6h,13.11,25.69,19.792708333333334,23.8925,oof,fold_1,persistence,12.580000000000002,-12.580000000000002,True,True
2026-08-16T21:15:00Z,1,Tulkarem,pm25,6h,14.93,12.87,18.311875,21.011458333333334,oof,fold_1,persistence,2.0600000000000005,2.0600000000000005,True,True
2026-08-16T21:15:00Z,2,Nablus,pm25,6h,15.94,25.65,21.88145833333333,26.192916666666665,oof,fold_1,persistence,9.709999999999999,-9.709999999999999,True,True
2026-08-16T21:15:00Z,4,Nablus,pm25,6h,13.27,25.93,19.59114583333333,23.88416666666667,oof,fold_1,persistence,12.66,-12.66,True,True
2026-08-16T21:30:00Z,1,Tulkarem,pm25,6h,15.13,11.88,18.17864583333333,20.8865625,oof,fold_1,persistence,3.25,3.25,True,True
2026-08-16T21:30:00Z,2,Nablus,pm25,6h,15.54,23.61,21.72177083333333,26.1159375,oof,fold_1,persistence,8.07,-8.07,True,True
2026-08-16T21:30:00Z,4,Nablus,pm25,6h,14.19,22.82,19.4265625,23.846041666666668,oof,fold_1,persistence,8.63,-8.63,True,True
2026-08-16T21:45:00Z,1,Tulkarem,pm25,6h,15.21,12.08,18.05302083333333,20.753125,oof,fold_1,persistence,3.130000000000001,3.130000000000001,True,True
2026-08-16T21:45:00Z,2,Nablus,pm25,6h,23.76,21.2,21.65822916666666,26.0225,oof,fold_1,persistence,2.5600000000000023,2.5600000000000023,True,True
2026-08-16T21:45:00Z,4,Nablus,pm25,6h,16.21,18.91,19.266145833333333,23.768125,oof,fold_1,persistence,2.6999999999999993,-2.6999999999999993,True,True
2026-08-16T22:00:00Z,1,Tulkarem,pm25,6h,15.31,11.25,17.933645833333333,20.610104166666662,oof,fold_1,persistence,4.0600000000000005,4.0600000000000005,True,True
2026-08-16T22:00:00Z,2,Nablus,pm25,6h,15.75,21.88,21.521666666666665,25.938125,oof,fold_1,persistence,6.129999999999999,-6.129999999999999,True,True
2026-08-16T22:00:00Z,4,Nablus,pm25,6h,14.28,20.49,19.076875,23.709375000000005,oof,fold_1,persistence,6.209999999999999,-6.209999999999999,True,True
2026-08-16T22:15:00Z,1,Tulkarem,pm25,6h,15.29,11.17,17.8046875,20.492604166666663,oof,fold_1,persistence,4.119999999999999,4.119999999999999,True,True
2026-08-16T22:15:00Z,2,Nablus,pm25,6h,14.09,22.79,21.36375,25.8559375,oof,fold_1,persistence,8.7,-8.7,True,True
2026-08-16T22:15:00Z,4,Nablus,pm25,6h,13.05,20.61,18.84416666666667,23.64052083333333,oof,fold_1,persistence,7.559999999999999,-7.559999999999999,True,True
2026-08-16T22:30:00Z,1,Tulkarem,pm25,6h,14.41,14.45,17.6728125,20.4075,oof,fold_1,persistence,0.03999999999999915,-0.03999999999999915,True,True
2026-08-16T22:30:00Z,2,Nablus,pm25,6h,14.52,18.28,21.21770833333333,25.7071875,oof,fold_1,persistence,3.7600000000000016,-3.7600000000000016,True,True
2026-08-16T22:30:00Z,4,Nablus,pm25,6h,12.49,21.47,18.634375,23.578125,oof,fold_1,persistence,8.979999999999999,-8.979999999999999,True,True
2026-08-16T22:45:00Z,1,Tulkarem,pm25,6h,14.86,14.63,17.551979166666666,20.318125,oof,fold_1,persistence,0.22999999999999865,0.22999999999999865,True,True
2026-08-16T22:45:00Z,2,Nablus,pm25,6h,13.81,18.28,21.06989583333333,25.54927083333333,oof,fold_1,persistence,4.470000000000001,-4.470000000000001,True,True
2026-08-16T22:45:00Z,4,Nablus,pm25,6h,11.78,22.27,18.523541666666667,23.531145833333337,oof,fold_1,persistence,10.49,-10.49,True,True
2026-08-16T23:00:00Z,1,Tulkarem,pm25,6h,13.96,13.72,17.450520833333332,20.20625,oof,fold_1,persistence,0.2400000000000002,0.2400000000000002,True,True
2026-08-16T23:00:00Z,2,Nablus,pm25,6h,13.62,17.55,20.92864583333333,25.375520833333336,oof,fold_1,persistence,3.9300000000000015,-3.9300000000000015,True,True
2026-08-16T23:00:00Z,4,Nablus,pm25,6h,11.79,17.76,18.411041666666662,23.435104166666665,oof,fold_1,persistence,5.970000000000002,-5.970000000000002,True,True
2026-08-16T23:15:00Z,1,Tulkarem,pm25,6h,17.67,13.19,17.405104166666664,20.091666666666665,oof,fold_1,persistence,4.480000000000002,4.480000000000002,True,True
2026-08-16T23:15:00Z,2,Nablus,pm25,6h,12.61,18.23,20.768229166666668,25.21364583333333,oof,fold_1,persistence,5.620000000000001,-5.620000000000001,True,True
2026-08-16T23:15:00Z,4,Nablus,pm25,6h,11.59,14.28,18.2709375,23.2896875,oof,fold_1,persistence,2.6899999999999995,-2.6899999999999995,True,True
2026-08-16T23:30:00Z,1,Tulkarem,pm25,6h,19.02,12.16,17.30875,19.96583333333333,oof,fold_1,persistence,6.859999999999999,6.859999999999999,True,True
2026-08-16T23:30:00Z,2,Nablus,pm25,6h,13.08,19.38,20.623541666666668,25.054479166666667,oof,fold_1,persistence,6.299999999999999,-6.299999999999999,True,True
2026-08-16T23:30:00Z,4,Nablus,pm25,6h,13.21,14.32,18.12052083333333,23.120625000000004,oof,fold_1,persistence,1.1099999999999994,-1.1099999999999994,True,True
2026-08-16T23:45:00Z,1,Tulkarem,pm25,6h,12.84,12.13,17.136145833333334,19.84239583333333,oof,fold_1,persistence,0.7099999999999991,0.7099999999999991,True,True
2026-08-16T23:45:00Z,2,Nablus,pm25,6h,12.49,18.13,20.503958333333333,24.870104166666664,oof,fold_1,persistence,5.639999999999999,-5.639999999999999,True,True
2026-08-16T23:45:00Z,4,Nablus,pm25,6h,12.5,14.29,17.997604166666665,22.917291666666667,oof,fold_1,persistence,1.7899999999999991,-1.7899999999999991,True,True
2026-08-17T00:00:00Z,1,Tulkarem,pm25,6h,12.36,11.99,16.98,19.716354166666665,oof,fold_1,persistence,0.3699999999999992,0.3699999999999992,True,True
2026-08-17T00:00:00Z,2,Nablus,pm25,6h,12.84,18.16,20.39177083333333,24.687916666666663,oof,fold_1,persistence,5.32,-5.32,True,True
2026-08-17T00:00:00Z,4,Nablus,pm25,6h,11.63,13.58,17.870833333333334,22.7025,oof,fold_1,persistence,1.9499999999999993,-1.9499999999999993,True,True
2026-08-17T00:15:00Z,1,Tulkarem,pm25,6h,14.03,11.59,16.861666666666668,19.5959375,oof,fold_1,persistence,2.4399999999999995,2.4399999999999995,True,True
2026-08-17T00:15:00Z,2,Nablus,pm25,6h,13.51,18.05,20.301354166666663,24.5046875,oof,fold_1,persistence,4.540000000000001,-4.540000000000001,True,True
2026-08-17T00:15:00Z,4,Nablus,pm25,6h,13.49,13.52,17.776354166666668,22.506875,oof,fold_1,persistence,0.02999999999999936,-0.02999999999999936,True,True
2026-08-17T00:30:00Z,1,Tulkarem,pm25,6h,14.08,12.91,16.732187500000002,19.49739583333333,oof,fold_1,persistence,1.17,1.17,True,True
2026-08-17T00:30:00Z,2,Nablus,pm25,6h,13.65,18.05,20.1990625,24.31114583333333,oof,fold_1,persistence,4.4,-4.4,True,True
2026-08-17T00:30:00Z,4,Nablus,pm25,6h,11.48,14.04,17.670416666666664,22.300625,oof,fold_1,persistence,2.5599999999999987,-2.5599999999999987,True,True
2026-08-17T00:45:00Z,1,Tulkarem,pm25,6h,11.74,14.14,16.58875,19.41614583333333,oof,fold_1,persistence,2.4000000000000004,-2.4000000000000004,True,True
2026-08-17T00:45:00Z,2,Nablus,pm25,6h,13.55,18.6,20.120625,24.11489583333333,oof,fold_1,persistence,5.050000000000001,-5.050000000000001,True,True
2026-08-17T00:45:00Z,4,Nablus,pm25,6h,11.64,13.98,17.57,22.07239583333333,oof,fold_1,persistence,2.34,-2.34,True,True
2026-08-17T01:00:00Z,1,Tulkarem,pm25,6h,9.6,14.02,16.446875000000002,19.319479166666667,oof,fold_1,persistence,4.42,-4.42,True,True
2026-08-17T01:00:00Z,2,Nablus,pm25,6h,12.52,18.54,20.010625,23.91895833333333,oof,fold_1,persistence,6.02,-6.02,True,True
2026-08-17T01:00:00Z,4,Nablus,pm25,6h,11.24,13.35,17.464895833333333,21.805729166666666,oof,fold_1,persistence,2.1099999999999994,-2.1099999999999994,True,True
2026-08-17T01:15:00Z,1,Tulkarem,pm25,6h,10.89,13.63,16.331145833333334,19.211770833333333,oof,fold_1,persistence,2.74,-2.74,True,True
2026-08-17T01:15:00Z,2,Nablus,pm25,6h,13.22,20.37,19.910625,23.741458333333338,oof,fold_1,persistence,7.15,-7.15,True,True
2026-08-17T01:15:00Z,4,Nablus,pm25,6h,11.47,13.39,17.374270833333334,21.5309375,oof,fold_1,persistence,1.92,-1.92,True,True
2026-08-17T01:30:00Z,1,Tulkarem,pm25,6h,8.78,14.39,16.1990625,19.113645833333333,oof,fold_1,persistence,5.610000000000001,-5.610000000000001,True,True
2026-08-17T01:30:00Z,2,Nablus,pm25,6h,13.99,18.36,19.81802083333333,23.506041666666665,oof,fold_1,persistence,4.369999999999999,-4.369999999999999,True,True
2026-08-17T01:30:00Z,4,Nablus,pm25,6h,12.21,13.64,17.285729166666666,21.257291666666664,oof,fold_1,persistence,1.4299999999999997,-1.4299999999999997,True,True
2026-08-17T01:45:00Z,1,Tulkarem,pm25,6h,9.45,14.74,16.04552083333333,19.013125,oof,fold_1,persistence,5.290000000000001,-5.290000000000001,True,True
2026-08-17T01:45:00Z,2,Nablus,pm25,6h,14.06,17.56,19.73927083333333,23.2271875,oof,fold_1,persistence,3.4999999999999982,-3.4999999999999982,True,True
2026-08-17T01:45:00Z,4,Nablus,pm25,6h,12.49,13.85,17.206770833333334,20.978125,oof,fold_1,persistence,1.3599999999999994,-1.3599999999999994,True,True
2026-08-17T02:00:00Z,1,Tulkarem,pm25,6h,9.14,14.94,15.904583333333331,18.91270833333333,oof,fold_1,persistence,5.799999999999999,-5.799999999999999,True,True
2026-08-17T02:00:00Z,2,Nablus,pm25,6h,15.04,17.43,19.678125,22.971354166666668,oof,fold_1,persistence,2.3900000000000006,-2.3900000000000006,True,True
2026-08-17T02:00:00Z,4,Nablus,pm25,6h,12.92,13.73,17.152395833333333,20.70114583333333,oof,fold_1,persistence,0.8100000000000005,-0.8100000000000005,True,True
2026-08-17T02:15:00Z,1,Tulkarem,pm25,6h,9.57,15.24,15.766770833333332,18.80208333333333,oof,fold_1,persistence,5.67,-5.67,True,True
2026-08-17T02:15:00Z,2,Nablus,pm25,6h,14.52,16.61,19.620625,22.738645833333333,oof,fold_1,persistence,2.09,-2.09,True,True
2026-08-17T02:15:00Z,4,Nablus,pm25,6h,12.9,13.92,17.096145833333335,20.45958333333333,oof,fold_1,persistence,1.0199999999999996,-1.0199999999999996,True,True
2026-08-17T02:30:00Z,1,Tulkarem,pm25,6h,8.92,14.76,15.620833333333332,18.682291666666668,oof,fold_1,persistence,5.84,-5.84,True,True
2026-08-17T02:30:00Z,2,Nablus,pm25,6h,14.63,16.17,19.5578125,22.503125,oof,fold_1,persistence,1.540000000000001,-1.540000000000001,True,True
2026-08-17T02:30:00Z,4,Nablus,pm25,6h,12.97,13.37,17.045729166666668,20.21302083333333,oof,fold_1,persistence,0.3999999999999986,-0.3999999999999986,True,True
2026-08-17T02:45:00Z,1,Tulkarem,pm25,6h,12.99,15.0,15.519687500000002,18.5596875,oof,fold_1,persistence,2.01,-2.01,True,True
2026-08-17T02:45:00Z,2,Nablus,pm25,6h,13.09,16.04,19.485,22.28125,oof,fold_1,persistence,2.9499999999999993,-2.9499999999999993,True,True
2026-08-17T02:45:00Z,4,Nablus,pm25,6h,15.17,13.1,17.011145833333334,19.9959375,oof,fold_1,persistence,2.0700000000000003,2.0700000000000003,True,True
2026-08-17T03:00:00Z,1,Tulkarem,pm25,6h,9.39,15.38,15.381145833333331,18.439375,oof,fold_1,persistence,5.99,-5.99,True,True
2026-08-17T03:00:00Z,2,Nablus,pm25,6h,12.62,16.26,19.40822916666667,22.063437500000003,oof,fold_1,persistence,3.6400000000000023,-3.6400000000000023,True,True
2026-08-17T03:00:00Z,4,Nablus,pm25,6h,11.66,13.11,16.9565625,19.792708333333334,oof,fold_1,persistence,1.4499999999999993,-1.4499999999999993,True,True
2026-08-17T03:15:00Z,1,Tulkarem,pm25,6h,10.36,14.93,15.2246875,18.311875,oof,fold_1,persistence,4.57,-4.57,True,True
2026-08-17T03:15:00Z,2,Nablus,pm25,6h,12.26,15.94,19.33927083333333,21.88145833333333,oof,fold_1,persistence,3.6799999999999997,-3.6799999999999997,True,True
2026-08-17T03:15:00Z,4,Nablus,pm25,6h,10.93,13.27,16.894791666666666,19.59114583333333,oof,fold_1,persistence,2.34,-2.34,True,True
2026-08-17T03:30:00Z,1,Tulkarem,pm25,6h,9.78,15.13,15.0725,18.17864583333333,oof,fold_1,persistence,5.350000000000001,-5.350000000000001,True,True
2026-08-17T03:30:00Z,2,Nablus,pm25,6h,11.59,15.54,19.27177083333333,21.72177083333333,oof,fold_1,persistence,3.9499999999999993,-3.9499999999999993,True,True
2026-08-17T03:30:00Z,4,Nablus,pm25,6h,10.41,14.19,16.838229166666665,19.4265625,oof,fold_1,persistence,3.7799999999999994,-3.7799999999999994,True,True
2026-08-17T03:45:00Z,1,Tulkarem,pm25,6h,8.15,15.21,14.914375,18.05302083333333,oof,fold_1,persistence,7.0600000000000005,-7.0600000000000005,False,True
2026-08-17T03:45:00Z,2,Nablus,pm25,6h,11.65,23.76,19.1996875,21.65822916666666,oof,fold_1,persistence,12.110000000000001,-12.110000000000001,True,True
2026-08-17T03:45:00Z,4,Nablus,pm25,6h,10.24,16.21,16.786354166666666,19.266145833333333,oof,fold_1,persistence,5.970000000000001,-5.970000000000001,True,True
2026-08-17T04:00:00Z,1,Tulkarem,pm25,6h,7.63,15.31,14.7434375,17.933645833333333,oof,fold_1,persistence,7.680000000000001,-7.680000000000001,False,True
2026-08-17T04:00:00Z,2,Nablus,pm25,6h,11.54,15.75,19.116041666666668,21.521666666666665,oof,fold_1,persistence,4.210000000000001,-4.210000000000001,True,True
2026-08-17T04:00:00Z,4,Nablus,pm25,6h,10.78,14.28,16.735000000000003,19.076875,oof,fold_1,persistence,3.5,-3.5,True,True
2026-08-17T04:15:00Z,1,Tulkarem,pm25,6h,8.78,15.29,14.586875,17.8046875,oof,fold_1,persistence,6.51,-6.51,False,True
2026-08-17T04:15:00Z,2,Nablus,pm25,6h,11.25,14.09,19.038958333333333,21.36375,oof,fold_1,persistence,2.84,-2.84,True,True
2026-08-17T04:15:00Z,4,Nablus,pm25,6h,10.5,13.05,16.678645833333334,18.84416666666667,oof,fold_1,persistence,2.5500000000000007,-2.5500000000000007,True,True
2026-08-17T04:30:00Z,1,Tulkarem,pm25,6h,7.17,14.41,14.4321875,17.6728125,oof,fold_1,persistence,7.24,-7.24,False,True
2026-08-17T04:30:00Z,2,Nablus,pm25,6h,11.99,14.52,18.946145833333336,21.21770833333333,oof,fold_1,persistence,2.5299999999999994,-2.5299999999999994,True,True
2026-08-17T04:30:00Z,4,Nablus,pm25,6h,10.43,12.49,16.620208333333334,18.634375,oof,fold_1,persistence,2.0600000000000005,-2.0600000000000005,True,True
2026-08-17T04:45:00Z,1,Tulkarem,pm25,6h,6.88,14.86,14.245520833333332,17.551979166666666,oof,fold_1,persistence,7.9799999999999995,-7.9799999999999995,False,True
2026-08-17T04:45:00Z,2,Nablus,pm25,6h,11.61,13.81,18.811875,21.06989583333333,oof,fold_1,persistence,2.200000000000001,-2.200000000000001,True,True
2026-08-17T04:45:00Z,4,Nablus,pm25,6h,10.67,11.78,16.531770833333333,18.523541666666667,oof,fold_1,persistence,1.1099999999999994,-1.1099999999999994,True,True
2026-08-17T05:00:00Z,1,Tulkarem,pm25,6h,6.0,13.96,14.0559375,17.450520833333332,oof,fold_1,persistence,7.960000000000001,-7.960000000000001,False,True
2026-08-17T05:00:00Z,2,Nablus,pm25,6h,11.95,13.62,18.66114583333333,20.92864583333333,oof,fold_1,persistence,1.67,-1.67,True,True
2026-08-17T05:00:00Z,4,Nablus,pm25,6h,10.24,11.79,16.411458333333332,18.411041666666662,oof,fold_1,persistence,1.549999999999999,-1.549999999999999,True,True
2026-08-17T05:15:00Z,1,Tulkarem,pm25,6h,5.85,17.67,13.9153125,17.405104166666664,oof,fold_1,persistence,11.820000000000002,-11.820000000000002,False,True
2026-08-17T05:15:00Z,2,Nablus,pm25,6h,11.11,12.61,18.500104166666667,20.768229166666668,oof,fold_1,persistence,1.5,-1.5,True,True
2026-08-17T05:15:00Z,4,Nablus,pm25,6h,9.96,11.59,16.275833333333335,18.2709375,oof,fold_1,persistence,1.629999999999999,-1.629999999999999,True,True
2026-08-17T05:30:00Z,1,Tulkarem,pm25,6h,6.02,19.02,13.7984375,17.30875,oof,fold_1,persistence,13.0,-13.0,False,True
2026-08-17T05:30:00Z,2,Nablus,pm25,6h,10.52,13.08,18.35125,20.623541666666668,oof,fold_1,persistence,2.5600000000000005,-2.5600000000000005,True,True
2026-08-17T05:30:00Z,4,Nablus,pm25,6h,9.18,13.21,16.147604166666664,18.12052083333333,oof,fold_1,persistence,4.030000000000001,-4.030000000000001,True,True
2026-08-17T05:45:00Z,1,Tulkarem,pm25,6h,6.12,12.84,13.686354166666666,17.136145833333334,oof,fold_1,persistence,6.72,-6.72,False,True
2026-08-17T05:45:00Z,2,Nablus,pm25,6h,10.56,12.49,18.207916666666662,20.503958333333333,oof,fold_1,persistence,1.9299999999999997,-1.9299999999999997,True,True
2026-08-17T05:45:00Z,4,Nablus,pm25,6h,8.67,12.5,16.034583333333334,17.997604166666665,oof,fold_1,persistence,3.83,-3.83,True,True
2026-08-17T06:00:00Z,1,Tulkarem,pm25,6h,5.59,12.36,13.57125,16.98,oof,fold_1,persistence,6.77,-6.77,False,True
2026-08-17T06:00:00Z,2,Nablus,pm25,6h,9.8,12.84,18.07520833333333,20.39177083333333,oof,fold_1,persistence,3.039999999999999,-3.039999999999999,True,True
2026-08-17T06:00:00Z,4,Nablus,pm25,6h,8.24,11.63,15.925520833333332,17.870833333333334,oof,fold_1,persistence,3.3900000000000006,-3.3900000000000006,True,True
2026-08-17T06:15:00Z,1,Tulkarem,pm25,6h,5.41,14.03,13.452083333333333,16.861666666666668,oof,fold_1,persistence,8.62,-8.62,False,True
2026-08-17T06:15:00Z,2,Nablus,pm25,6h,9.64,13.51,17.9540625,20.301354166666663,oof,fold_1,persistence,3.869999999999999,-3.869999999999999,True,True
2026-08-17T06:15:00Z,4,Nablus,pm25,6h,7.72,13.49,15.822083333333332,17.776354166666668,oof,fold_1,persistence,5.7700000000000005,-5.7700000000000005,True,True
2026-08-17T06:30:00Z,1,Tulkarem,pm25,6h,5.44,14.08,13.3515625,16.732187500000002,oof,fold_1,persistence,8.64,-8.64,False,True
2026-08-17T06:30:00Z,2,Nablus,pm25,6h,9.24,13.65,17.839583333333334,20.1990625,oof,fold_1,persistence,4.41,-4.41,True,True
2026-08-17T06:30:00Z,4,Nablus,pm25,6h,7.81,11.48,15.587395833333332,17.670416666666664,oof,fold_1,persistence,3.670000000000001,-3.670000000000001,True,True
2026-08-17T06:45:00Z,1,Tulkarem,pm25,6h,5.4,11.74,13.248229166666668,16.58875,oof,fold_1,persistence,6.34,-6.34,False,True
2026-08-17T06:45:00Z,2,Nablus,pm25,6h,9.43,13.55,17.736875,20.120625,oof,fold_1,persistence,4.120000000000001,-4.120000000000001,True,True
2026-08-17T06:45:00Z,4,Nablus,pm25,6h,7.68,11.64,15.449270833333337,17.57,oof,fold_1,persistence,3.960000000000001,-3.960000000000001,True,True
2026-08-17T07:00:00Z,1,Tulkarem,pm25,6h,5.47,9.6,13.1490625,16.446875000000002,oof,fold_1,persistence,4.13,-4.13,False,True
2026-08-17T07:00:00Z,2,Nablus,pm25,6h,8.87,12.52,17.631979166666667,20.010625,oof,fold_1,persistence,3.6500000000000004,-3.6500000000000004,True,True
2026-08-17T07:00:00Z,4,Nablus,pm25,6h,7.43,11.24,15.369791666666666,17.464895833333333,oof,fold_1,persistence,3.8100000000000005,-3.8100000000000005,True,True
2026-08-17T07:15:00Z,1,Tulkarem,pm25,6h,5.4,10.89,13.055,16.331145833333334,oof,fold_1,persistence,5.49,-5.49,False,True
2026-08-17T07:15:00Z,2,Nablus,pm25,6h,8.7,13.22,17.528333333333332,19.910625,oof,fold_1,persistence,4.520000000000001,-4.520000000000001,True,True
2026-08-17T07:15:00Z,4,Nablus,pm25,6h,7.63,11.47,15.299895833333332,17.374270833333334,oof,fold_1,persistence,3.8400000000000007,-3.8400000000000007,True,True
2026-08-17T07:30:00Z,1,Tulkarem,pm25,6h,5.79,8.78,12.961041666666668,16.1990625,oof,fold_1,persistence,2.9899999999999993,-2.9899999999999993,False,True
2026-08-17T07:30:00Z,2,Nablus,pm25,6h,9.03,13.99,17.440208333333334,19.81802083333333,oof,fold_1,persistence,4.960000000000001,-4.960000000000001,True,True
2026-08-17T07:30:00Z,4,Nablus,pm25,6h,7.18,12.21,15.2365625,17.285729166666666,oof,fold_1,persistence,5.030000000000001,-5.030000000000001,True,True
2026-08-17T07:45:00Z,1,Tulkarem,pm25,6h,6.82,9.45,12.8803125,16.04552083333333,oof,fold_1,persistence,2.629999999999999,-2.629999999999999,False,True
2026-08-17T07:45:00Z,2,Nablus,pm25,6h,9.61,14.06,17.360833333333336,19.73927083333333,oof,fold_1,persistence,4.450000000000001,-4.450000000000001,True,True
2026-08-17T07:45:00Z,4,Nablus,pm25,6h,7.26,12.49,15.178020833333331,17.206770833333334,oof,fold_1,persistence,5.23,-5.23,True,True
2026-08-17T08:00:00Z,1,Tulkarem,pm25,6h,8.62,9.14,12.810416666666669,15.904583333333331,oof,fold_1,persistence,0.5200000000000014,-0.5200000000000014,False,True
2026-08-17T08:00:00Z,2,Nablus,pm25,6h,8.49,15.04,17.276458333333334,19.678125,oof,fold_1,persistence,6.549999999999999,-6.549999999999999,True,True
2026-08-17T08:00:00Z,4,Nablus,pm25,6h,6.78,12.92,15.117083333333332,17.152395833333333,oof,fold_1,persistence,6.14,-6.14,True,True
2026-08-17T08:15:00Z,1,Tulkarem,pm25,6h,10.32,9.57,12.744479166666665,15.766770833333332,oof,fold_1,persistence,0.75,0.75,False,True
2026-08-17T08:15:00Z,2,Nablus,pm25,6h,8.34,14.52,17.190208333333334,19.620625,oof,fold_1,persistence,6.18,-6.18,True,True
2026-08-17T08:15:00Z,4,Nablus,pm25,6h,6.79,12.9,15.061979166666667,17.096145833333335,oof,fold_1,persistence,6.11,-6.11,True,True
2026-08-17T08:30:00Z,1,Tulkarem,pm25,6h,10.73,8.92,12.667916666666663,15.620833333333332,oof,fold_1,persistence,1.8100000000000005,1.8100000000000005,False,True
2026-08-17T08:30:00Z,2,Nablus,pm25,6h,8.68,14.63,17.11916666666667,19.5578125,oof,fold_1,persistence,5.950000000000001,-5.950000000000001,True,True
2026-08-17T08:30:00Z,4,Nablus,pm25,6h,6.78,12.97,15.005416666666669,17.045729166666668,oof,fold_1,persistence,6.19,-6.19,True,True
2026-08-17T08:45:00Z,1,Tulkarem,pm25,6h,10.87,12.99,12.5921875,15.519687500000002,oof,fold_1,persistence,2.120000000000001,-2.120000000000001,False,True
2026-08-17T08:45:00Z,2,Nablus,pm25,6h,9.27,13.09,17.04885416666667,19.485,oof,fold_1,persistence,3.8200000000000003,-3.8200000000000003,True,True
2026-08-17T08:45:00Z,4,Nablus,pm25,6h,7.19,15.17,14.957708333333334,17.011145833333334,oof,fold_1,persistence,7.9799999999999995,-7.9799999999999995,False,True
2026-08-17T09:00:00Z,1,Tulkarem,pm25,6h,10.74,9.39,12.530833333333334,15.381145833333331,oof,fold_1,persistence,1.3499999999999996,1.3499999999999996,False,True
2026-08-17T09:00:00Z,2,Nablus,pm25,6h,9.59,12.62,16.964895833333333,19.40822916666667,oof,fold_1,persistence,3.0299999999999994,-3.0299999999999994,True,True
2026-08-17T09:00:00Z,4,Nablus,pm25,6h,8.18,11.66,14.904895833333336,16.9565625,oof,fold_1,persistence,3.4800000000000004,-3.4800000000000004,False,True
2026-08-17T09:15:00Z,1,Tulkarem,pm25,6h,10.48,10.36,12.467083333333337,15.2246875,oof,fold_1,persistence,0.120000000000001,0.120000000000001,False,True
2026-08-17T09:15:00Z,2,Nablus,pm25,6h,9.74,12.26,16.889687499999997,19.33927083333333,oof,fold_1,persistence,2.5199999999999996,-2.5199999999999996,True,True
2026-08-17T09:15:00Z,4,Nablus,pm25,6h,8.2,10.93,14.846875000000002,16.894791666666666,oof,fold_1,persistence,2.7300000000000004,-2.7300000000000004,False,True
2026-08-17T09:30:00Z,1,Tulkarem,pm25,6h,9.79,9.78,12.405416666666667,15.0725,oof,fold_1,persistence,0.009999999999999787,0.009999999999999787,False,True
2026-08-17T09:30:00Z,2,Nablus,pm25,6h,11.52,11.59,16.83,19.27177083333333,oof,fold_1,persistence,0.07000000000000028,-0.07000000000000028,True,True
2026-08-17T09:30:00Z,4,Nablus,pm25,6h,8.84,10.41,14.801458333333334,16.838229166666665,oof,fold_1,persistence,1.5700000000000003,-1.5700000000000003,False,True
2026-08-17T09:45:00Z,1,Tulkarem,pm25,6h,10.69,8.15,12.352708333333334,14.914375,oof,fold_1,persistence,2.539999999999999,2.539999999999999,False,False
2026-08-17T09:45:00Z,2,Nablus,pm25,6h,10.99,11.65,16.729166666666668,19.1996875,oof,fold_1,persistence,0.6600000000000001,-0.6600000000000001,True,True
2026-08-17T09:45:00Z,4,Nablus,pm25,6h,9.54,10.24,14.750833333333333,16.786354166666666,oof,fold_1,persistence,0.7000000000000011,-0.7000000000000011,False,True
2026-08-17T10:00:00Z,1,Tulkarem,pm25,6h,11.32,7.63,12.279791666666668,14.7434375,oof,fold_1,persistence,3.6900000000000004,3.6900000000000004,False,False
2026-08-17T10:00:00Z,2,Nablus,pm25,6h,12.14,11.54,16.641875,19.116041666666668,oof,fold_1,persistence,0.6000000000000014,0.6000000000000014,True,True
2026-08-17T10:00:00Z,4,Nablus,pm25,6h,9.84,10.78,14.6878125,16.735000000000003,oof,fold_1,persistence,0.9399999999999995,-0.9399999999999995,False,True
2026-08-17T10:15:00Z,1,Tulkarem,pm25,6h,11.7,8.78,12.189270833333332,14.586875,oof,fold_1,persistence,2.92,2.92,False,False
2026-08-17T10:15:00Z,2,Nablus,pm25,6h,12.58,11.25,16.546458333333334,19.038958333333333,oof,fold_1,persistence,1.33,1.33,True,True
2026-08-17T10:15:00Z,4,Nablus,pm25,6h,10.66,10.5,14.628125,16.678645833333334,oof,fold_1,persistence,0.16000000000000014,0.16000000000000014,False,True
2026-08-17T10:30:00Z,1,Tulkarem,pm25,6h,12.28,7.17,12.12625,14.4321875,oof,fold_1,persistence,5.109999999999999,5.109999999999999,False,False
2026-08-17T10:30:00Z,2,Nablus,pm25,6h,13.53,11.99,16.444062499999998,18.946145833333336,oof,fold_1,persistence,1.5399999999999991,1.5399999999999991,True,True
2026-08-17T10:30:00Z,4,Nablus,pm25,6h,11.87,10.43,14.557708333333336,16.620208333333334,oof,fold_1,persistence,1.4399999999999995,1.4399999999999995,False,True
2026-08-17T10:45:00Z,1,Tulkarem,pm25,6h,12.31,6.88,12.062708333333331,14.245520833333332,oof,fold_1,persistence,5.430000000000001,5.430000000000001,False,False
2026-08-17T10:45:00Z,2,Nablus,pm25,6h,13.82,11.61,16.341041666666666,18.811875,oof,fold_1,persistence,2.210000000000001,2.210000000000001,True,True
2026-08-17T10:45:00Z,4,Nablus,pm25,6h,12.19,10.67,14.484270833333332,16.531770833333333,oof,fold_1,persistence,1.5199999999999996,1.5199999999999996,False,True
2026-08-17T11:00:00Z,1,Tulkarem,pm25,6h,12.68,6.0,12.003229166666666,14.0559375,oof,fold_1,persistence,6.68,6.68,False,False
2026-08-17T11:00:00Z,2,Nablus,pm25,6h,14.81,11.95,16.2390625,18.66114583333333,oof,fold_1,persistence,2.860000000000001,2.860000000000001,True,True
2026-08-17T11:00:00Z,4,Nablus,pm25,6h,13.18,10.24,14.395729166666667,16.411458333333332,oof,fold_1,persistence,2.9399999999999995,2.9399999999999995,False,True
2026-08-17T11:15:00Z,1,Tulkarem,pm25,6h,12.83,5.85,11.949791666666668,13.9153125,oof,fold_1,persistence,6.98,6.98,False,False
2026-08-17T11:15:00Z,2,Nablus,pm25,6h,15.19,11.11,16.126250000000002,18.500104166666667,oof,fold_1,persistence,4.08,4.08,True,True
2026-08-17T11:15:00Z,4,Nablus,pm25,6h,13.33,9.96,14.287291666666668,16.275833333333335,oof,fold_1,persistence,3.369999999999999,3.369999999999999,False,True
2026-08-17T11:30:00Z,1,Tulkarem,pm25,6h,13.08,6.02,11.902291666666663,13.7984375,oof,fold_1,persistence,7.0600000000000005,7.0600000000000005,False,False
2026-08-17T11:30:00Z,2,Nablus,pm25,6h,15.56,10.52,16.000625,18.35125,oof,fold_1,persistence,5.040000000000001,5.040000000000001,True,True
2026-08-17T11:30:00Z,4,Nablus,pm25,6h,13.91,9.18,14.184375,16.147604166666664,oof,fold_1,persistence,4.73,4.73,False,True
2026-08-17T11:45:00Z,1,Tulkarem,pm25,6h,12.95,6.12,11.857604166666668,13.686354166666666,oof,fold_1,persistence,6.829999999999999,6.829999999999999,False,False
2026-08-17T11:45:00Z,2,Nablus,pm25,6h,15.58,10.56,15.878645833333332,18.207916666666662,oof,fold_1,persistence,5.02,5.02,True,True
2026-08-17T11:45:00Z,4,Nablus,pm25,6h,14.17,8.67,14.073333333333332,16.034583333333334,oof,fold_1,persistence,5.5,5.5,False,True
2026-08-17T12:00:00Z,1,Tulkarem,pm25,6h,12.98,5.59,11.818020833333334,13.57125,oof,fold_1,persistence,7.390000000000001,7.390000000000001,False,False
2026-08-17T12:00:00Z,2,Nablus,pm25,6h,15.33,9.8,15.738437500000002,18.07520833333333,oof,fold_1,persistence,5.529999999999999,5.529999999999999,True,True
2026-08-17T12:00:00Z,4,Nablus,pm25,6h,14.01,8.24,13.963541666666666,15.925520833333332,oof,fold_1,persistence,5.77,5.77,False,True
2026-08-17T12:15:00Z,1,Tulkarem,pm25,6h,13.13,5.41,11.773541666666668,13.452083333333333,oof,fold_1,persistence,7.720000000000001,7.720000000000001,False,False
2026-08-17T12:15:00Z,2,Nablus,pm25,6h,15.16,9.64,15.6003125,17.9540625,oof,fold_1,persistence,5.52,5.52,True,True
2026-08-17T12:15:00Z,4,Nablus,pm25,6h,14.29,7.72,13.837708333333332,15.822083333333332,oof,fold_1,persistence,6.569999999999999,6.569999999999999,False,True
2026-08-17T12:30:00Z,1,Tulkarem,pm25,6h,12.98,5.44,11.738229166666668,13.3515625,oof,fold_1,persistence,7.54,7.54,False,False
2026-08-17T12:30:00Z,2,Nablus,pm25,6h,14.69,9.24,15.482291666666669,17.839583333333334,oof,fold_1,persistence,5.449999999999999,5.449999999999999,True,True
2026-08-17T12:30:00Z,4,Nablus,pm25,6h,14.66,7.81,13.721458333333333,15.587395833333332,oof,fold_1,persistence,6.8500000000000005,6.8500000000000005,False,True
2026-08-17T12:45:00Z,1,Tulkarem,pm25,6h,13.24,5.4,11.712291666666667,13.248229166666668,oof,fold_1,persistence,7.84,7.84,False,False
2026-08-17T12:45:00Z,2,Nablus,pm25,6h,15.06,9.43,15.381354166666666,17.736875,oof,fold_1,persistence,5.630000000000001,5.630000000000001,True,True
2026-08-17T12:45:00Z,4,Nablus,pm25,6h,14.96,7.68,13.613958333333333,15.449270833333337,oof,fold_1,persistence,7.280000000000001,7.280000000000001,False,True
2026-08-17T13:00:00Z,1,Tulkarem,pm25,6h,12.96,5.47,11.68625,13.1490625,oof,fold_1,persistence,7.490000000000001,7.490000000000001,False,False
2026-08-17T13:00:00Z,2,Nablus,pm25,6h,16.5,8.87,15.290833333333332,17.631979166666667,oof,fold_1,persistence,7.630000000000001,7.630000000000001,True,True
2026-08-17T13:00:00Z,4,Nablus,pm25,6h,15.04,7.43,13.509895833333331,15.369791666666666,oof,fold_1,persistence,7.609999999999999,7.609999999999999,False,True
2026-08-17T13:15:00Z,1,Tulkarem,pm25,6h,13.12,5.4,11.661458333333334,13.055,oof,fold_1,persistence,7.719999999999999,7.719999999999999,False,False
2026-08-17T13:15:00Z,2,Nablus,pm25,6h,16.47,8.7,15.203020833333332,17.528333333333332,oof,fold_1,persistence,7.77,7.77,True,True
2026-08-17T13:15:00Z,4,Nablus,pm25,6h,14.79,7.63,13.413645833333334,15.299895833333332,oof,fold_1,persistence,7.159999999999999,7.159999999999999,False,True
2026-08-17T13:30:00Z,1,Tulkarem,pm25,6h,13.08,5.79,11.642395833333332,12.961041666666668,oof,fold_1,persistence,7.29,7.29,False,False
2026-08-17T13:30:00Z,2,Nablus,pm25,6h,16.2,9.03,15.1103125,17.440208333333334,oof,fold_1,persistence,7.17,7.17,True,True
2026-08-17T13:30:00Z,4,Nablus,pm25,6h,15.46,7.18,13.328541666666668,15.2365625,oof,fold_1,persistence,8.280000000000001,8.280000000000001,False,True
2026-08-17T13:45:00Z,1,Tulkarem,pm25,6h,12.7,6.82,11.623645833333333,12.8803125,oof,fold_1,persistence,5.879999999999999,5.879999999999999,False,False
2026-08-17T13:45:00Z,2,Nablus,pm25,6h,16.78,9.61,15.018229166666666,17.360833333333336,oof,fold_1,persistence,7.170000000000002,7.170000000000002,True,True
2026-08-17T13:45:00Z,4,Nablus,pm25,6h,15.47,7.26,13.245,15.178020833333331,oof,fold_1,persistence,8.21,8.21,False,True
2026-08-17T14:00:00Z,1,Tulkarem,pm25,6h,13.21,8.62,11.6146875,12.810416666666669,oof,fold_1,persistence,4.590000000000002,4.590000000000002,False,False
2026-08-17T14:00:00Z,2,Nablus,pm25,6h,17.55,8.49,14.927395833333334,17.276458333333334,oof,fold_1,persistence,9.06,9.06,False,True
2026-08-17T14:00:00Z,4,Nablus,pm25,6h,16.42,6.78,13.180833333333332,15.117083333333332,oof,fold_1,persistence,9.64,9.64,False,True
2026-08-17T14:15:00Z,1,Tulkarem,pm25,6h,13.53,10.32,11.61,12.744479166666665,oof,fold_1,persistence,3.209999999999999,3.209999999999999,False,False
2026-08-17T14:15:00Z,2,Nablus,pm25,6h,17.12,8.34,14.846666666666666,17.190208333333334,oof,fold_1,persistence,8.780000000000001,8.780000000000001,False,True
2026-08-17T14:15:00Z,4,Nablus,pm25,6h,17.43,6.79,13.1153125,15.061979166666667,oof,fold_1,persistence,10.64,10.64,False,True
2026-08-17T14:30:00Z,1,Tulkarem,pm25,6h,13.48,10.73,11.601770833333331,12.667916666666663,oof,fold_1,persistence,2.75,2.75,False,False
2026-08-17T14:30:00Z,2,Nablus,pm25,6h,15.79,8.68,14.749375,17.11916666666667,oof,fold_1,persistence,7.109999999999999,7.109999999999999,False,True
2026-08-17T14:30:00Z,4,Nablus,pm25,6h,15.76,6.78,13.014270833333336,15.005416666666669,oof,fold_1,persistence,8.98,8.98,False,True
2026-08-17T14:45:00Z,1,Tulkarem,pm25,6h,13.75,10.87,11.595104166666667,12.5921875,oof,fold_1,persistence,2.880000000000001,2.880000000000001,False,False
2026-08-17T14:45:00Z,2,Nablus,pm25,6h,15.22,9.27,14.644791666666668,17.04885416666667,oof,fold_1,persistence,5.950000000000001,5.950000000000001,False,True
2026-08-17T14:45:00Z,4,Nablus,pm25,6h,13.59,7.19,12.888958333333331,14.957708333333334,oof,fold_1,persistence,6.3999999999999995,6.3999999999999995,False,False
2026-08-17T15:00:00Z,1,Tulkarem,pm25,6h,13.95,10.74,11.597812500000002,12.530833333333334,oof,fold_1,persistence,3.209999999999999,3.209999999999999,False,False
2026-08-17T15:00:00Z,2,Nablus,pm25,6h,15.28,9.59,14.530833333333334,16.964895833333333,oof,fold_1,persistence,5.6899999999999995,5.6899999999999995,False,True
2026-08-17T15:00:00Z,4,Nablus,pm25,6h,13.75,8.18,12.764583333333333,14.904895833333336,oof,fold_1,persistence,5.57,5.57,False,False
2026-08-17T15:15:00Z,1,Tulkarem,pm25,6h,15.06,10.48,11.620625,12.467083333333337,oof,fold_1,persistence,4.58,4.58,False,False
2026-08-17T15:15:00Z,2,Nablus,pm25,6h,16.65,9.74,14.437083333333332,16.889687499999997,oof,fold_1,persistence,6.909999999999998,6.909999999999998,False,True
2026-08-17T15:15:00Z,4,Nablus,pm25,6h,14.78,8.2,12.6484375,14.846875000000002,oof,fold_1,persistence,6.58,6.58,False,False
2026-08-17T15:30:00Z,1,Tulkarem,pm25,6h,15.19,9.79,11.655104166666668,12.405416666666667,oof,fold_1,persistence,5.4,5.4,False,False
2026-08-17T15:30:00Z,2,Nablus,pm25,6h,16.6,11.52,14.3640625,16.83,oof,fold_1,persistence,5.080000000000002,5.080000000000002,False,True
2026-08-17T15:30:00Z,4,Nablus,pm25,6h,15.21,8.84,12.569166666666666,14.801458333333334,oof,fold_1,persistence,6.370000000000001,6.370000000000001,False,False
2026-08-17T15:45:00Z,1,Tulkarem,pm25,6h,15.13,10.69,11.686875,12.352708333333334,oof,fold_1,persistence,4.440000000000001,4.440000000000001,False,False
2026-08-17T15:45:00Z,2,Nablus,pm25,6h,18.48,10.99,14.335729166666669,16.729166666666668,oof,fold_1,persistence,7.49,7.49,False,True
2026-08-17T15:45:00Z,4,Nablus,pm25,6h,14.93,9.54,12.527708333333337,14.750833333333333,oof,fold_1,persistence,5.390000000000001,5.390000000000001,False,False
2026-08-17T16:00:00Z,1,Tulkarem,pm25,6h,14.56,11.32,11.721354166666666,12.279791666666668,oof,fold_1,persistence,3.24,3.24,False,False
2026-08-17T16:00:00Z,2,Nablus,pm25,6h,23.91,12.14,14.356875,16.641875,oof,fold_1,persistence,11.77,11.77,False,True
2026-08-17T16:00:00Z,4,Nablus,pm25,6h,14.61,9.84,12.466458333333334,14.6878125,oof,fold_1,persistence,4.77,4.77,False,False
2026-08-17T16:15:00Z,1,Tulkarem,pm25,6h,15.32,11.7,11.764583333333334,12.189270833333332,oof,fold_1,persistence,3.620000000000001,3.620000000000001,False,False
2026-08-17T16:15:00Z,2,Nablus,pm25,6h,19.85,12.58,14.32625,16.546458333333334,oof,fold_1,persistence,7.270000000000001,7.270000000000001,False,True
2026-08-17T16:15:00Z,4,Nablus,pm25,6h,14.63,10.66,12.404166666666669,14.628125,oof,fold_1,persistence,3.9700000000000006,3.9700000000000006,False,False
2026-08-17T16:15:00Z,5,Nablus,pm25,6h,16.99,13.75,13.30204081632653,10.5084,oof,fold_1,persistence,3.2399999999999984,3.2399999999999984,False,False
2026-08-17T16:30:00Z,1,Tulkarem,pm25,6h,15.48,12.28,11.7753125,12.12625,oof,fold_1,persistence,3.200000000000001,3.200000000000001,False,False
2026-08-17T16:30:00Z,2,Nablus,pm25,6h,17.23,13.53,14.3153125,16.444062499999998,oof,fold_1,persistence,3.700000000000001,3.700000000000001,False,True
2026-08-17T16:30:00Z,4,Nablus,pm25,6h,14.47,11.87,12.33125,14.557708333333336,oof,fold_1,persistence,2.6000000000000014,2.6000000000000014,False,False
2026-08-17T16:30:00Z,5,Nablus,pm25,6h,16.78,14.38,13.3716,10.657307692307691,oof,fold_1,persistence,2.4000000000000004,2.4000000000000004,False,False
2026-08-17T16:45:00Z,1,Tulkarem,pm25,6h,17.82,12.31,11.808541666666668,12.062708333333331,oof,fold_1,persistence,5.51,5.51,False,False
2026-08-17T16:45:00Z,2,Nablus,pm25,6h,16.29,13.82,14.294583333333334,16.341041666666666,oof,fold_1,persistence,2.469999999999999,2.469999999999999,False,True
2026-08-17T16:45:00Z,4,Nablus,pm25,6h,14.0,12.19,12.245104166666666,14.484270833333332,oof,fold_1,persistence,1.8100000000000005,1.8100000000000005,False,False
2026-08-17T16:45:00Z,5,Nablus,pm25,6h,16.45,13.87,13.431960784313723,10.776296296296296,oof,fold_1,persistence,2.58,2.58,False,False
2026-08-17T17:00:00Z,1,Tulkarem,pm25,6h,17.54,12.68,11.848333333333334,12.003229166666666,oof,fold_1,persistence,4.859999999999999,4.859999999999999,False,False
2026-08-17T17:00:00Z,2,Nablus,pm25,6h,15.88,14.81,14.277187499999998,16.2390625,oof,fold_1,persistence,1.0700000000000003,1.0700000000000003,False,True
2026-08-17T17:00:00Z,4,Nablus,pm25,6h,14.09,13.18,12.206874999999998,14.395729166666667,oof,fold_1,persistence,0.9100000000000001,0.9100000000000001,False,False
2026-08-17T17:00:00Z,5,Nablus,pm25,6h,16.7,14.51,13.494807692307692,10.909642857142856,oof,fold_1,persistence,2.1899999999999995,2.1899999999999995,False,False
2026-08-17T17:15:00Z,1,Tulkarem,pm25,6h,16.44,12.83,11.8821875,11.949791666666668,oof,fold_1,persistence,3.610000000000001,3.610000000000001,False,False
2026-08-17T17:15:00Z,2,Nablus,pm25,6h,15.46,15.19,14.248333333333331,16.126250000000002,oof,fold_1,persistence,0.27000000000000135,0.27000000000000135,False,True
2026-08-17T17:15:00Z,4,Nablus,pm25,6h,14.07,13.33,12.2046875,14.287291666666668,oof,fold_1,persistence,0.7400000000000002,0.7400000000000002,False,False
2026-08-17T17:15:00Z,5,Nablus,pm25,6h,17.02,14.44,13.56132075471698,11.031379310344828,oof,fold_1,persistence,2.58,2.58,False,False
2026-08-17T17:30:00Z,1,Tulkarem,pm25,6h,15.68,13.08,11.918854166666668,11.902291666666663,oof,fold_1,persistence,2.5999999999999996,2.5999999999999996,False,False
2026-08-17T17:30:00Z,2,Nablus,pm25,6h,15.11,15.56,14.203854166666668,16.000625,oof,fold_1,persistence,0.45000000000000107,-0.45000000000000107,False,True
2026-08-17T17:30:00Z,4,Nablus,pm25,6h,14.05,13.91,12.201875,14.184375,oof,fold_1,persistence,0.14000000000000057,0.14000000000000057,False,False
2026-08-17T17:30:00Z,5,Nablus,pm25,6h,16.59,14.61,13.617407407407407,11.150666666666666,oof,fold_1,persistence,1.9800000000000004,1.9800000000000004,False,False
2026-08-17T17:45:00Z,1,Tulkarem,pm25,6h,15.59,12.95,11.954895833333332,11.857604166666668,oof,fold_1,persistence,2.6400000000000006,2.6400000000000006,False,False
2026-08-17T17:45:00Z,2,Nablus,pm25,6h,15.72,15.58,14.17875,15.878645833333332,oof,fold_1,persistence,0.14000000000000057,0.14000000000000057,False,True
2026-08-17T17:45:00Z,4,Nablus,pm25,6h,14.56,14.17,12.2046875,14.073333333333332,oof,fold_1,persistence,0.39000000000000057,0.39000000000000057,False,False
2026-08-17T17:45:00Z,5,Nablus,pm25,6h,17.04,14.95,13.679636363636364,11.273225806451611,oof,fold_1,persistence,2.09,2.09,False,False
2026-08-17T18:00:00Z,1,Tulkarem,pm25,6h,16.57,12.98,12.002604166666666,11.818020833333334,oof,fold_1,persistence,3.59,3.59,False,False
2026-08-17T18:00:00Z,2,Nablus,pm25,6h,15.9,15.33,14.155208333333333,15.738437500000002,oof,fold_1,persistence,0.5700000000000003,0.5700000000000003,False,True
2026-08-17T18:00:00Z,4,Nablus,pm25,6h,14.68,14.01,12.216145833333334,13.963541666666666,oof,fold_1,persistence,0.6699999999999999,0.6699999999999999,False,False
2026-08-17T18:00:00Z,5,Nablus,pm25,6h,17.57,15.3,13.749107142857143,11.3990625,oof,fold_1,persistence,2.2699999999999996,2.2699999999999996,False,False
2026-08-17T18:15:00Z,1,Tulkarem,pm25,6h,15.62,13.13,12.044583333333334,11.773541666666668,oof,fold_1,persistence,2.4899999999999984,2.4899999999999984,False,False
2026-08-17T18:15:00Z,2,Nablus,pm25,6h,15.95,15.16,14.133333333333333,15.6003125,oof,fold_1,persistence,0.7899999999999991,0.7899999999999991,False,True
2026-08-17T18:15:00Z,4,Nablus,pm25,6h,15.08,14.29,12.232395833333332,13.837708333333332,oof,fold_1,persistence,0.7900000000000009,0.7900000000000009,False,False
2026-08-17T18:15:00Z,5,Nablus,pm25,6h,17.52,16.13,13.815263157894735,11.54242424242424,oof,fold_1,persistence,1.3900000000000006,1.3900000000000006,False,False
2026-08-17T18:30:00Z,1,Tulkarem,pm25,6h,15.04,12.98,12.066770833333337,11.738229166666668,oof,fold_1,persistence,2.0599999999999987,2.0599999999999987,False,False
2026-08-17T18:30:00Z,2,Nablus,pm25,6h,16.03,14.69,14.112291666666666,15.482291666666669,oof,fold_1,persistence,1.3400000000000016,1.3400000000000016,False,True
2026-08-17T18:30:00Z,4,Nablus,pm25,6h,14.62,14.66,12.238437499999998,13.721458333333333,oof,fold_1,persistence,0.040000000000000924,-0.040000000000000924,False,False
2026-08-17T18:30:00Z,5,Nablus,pm25,6h,17.9,16.11,13.885689655172412,11.676764705882352,oof,fold_1,persistence,1.7899999999999991,1.7899999999999991,False,False
2026-08-17T18:45:00Z,1,Tulkarem,pm25,6h,15.14,13.24,12.0771875,11.712291666666667,oof,fold_1,persistence,1.9000000000000004,1.9000000000000004,False,False
2026-08-17T18:45:00Z,2,Nablus,pm25,6h,16.13,15.06,14.0865625,15.381354166666666,oof,fold_1,persistence,1.0699999999999985,1.0699999999999985,False,True
2026-08-17T18:45:00Z,4,Nablus,pm25,6h,15.19,14.96,12.251041666666666,13.613958333333333,oof,fold_1,persistence,0.22999999999999865,0.22999999999999865,False,False
2026-08-17T18:45:00Z,5,Nablus,pm25,6h,18.11,15.53,13.95728813559322,11.786857142857144,oof,fold_1,persistence,2.58,2.58,False,False
2026-08-17T19:00:00Z,1,Tulkarem,pm25,6h,15.37,12.96,12.09125,11.68625,oof,fold_1,persistence,2.4099999999999984,2.4099999999999984,False,False
2026-08-17T19:00:00Z,2,Nablus,pm25,6h,16.01,16.5,14.060208333333334,15.290833333333332,oof,fold_1,persistence,0.48999999999999844,-0.48999999999999844,False,True
2026-08-17T19:00:00Z,4,Nablus,pm25,6h,14.92,15.04,12.267395833333332,13.509895833333331,oof,fold_1,persistence,0.11999999999999922,-0.11999999999999922,False,False
2026-08-17T19:00:00Z,5,Nablus,pm25,6h,18.96,15.5,14.040666666666665,11.89,oof,fold_1,persistence,3.460000000000001,3.460000000000001,False,False
2026-08-17T19:15:00Z,1,Tulkarem,pm25,6h,15.39,13.12,12.109583333333331,11.661458333333334,oof,fold_1,persistence,2.2700000000000014,2.2700000000000014,False,False
2026-08-17T19:15:00Z,2,Nablus,pm25,6h,15.81,16.47,14.012708333333334,15.203020833333332,oof,fold_1,persistence,0.6599999999999984,-0.6599999999999984,False,True
2026-08-17T19:15:00Z,4,Nablus,pm25,6h,15.29,14.79,12.2871875,13.413645833333334,oof,fold_1,persistence,0.5,0.5,False,False
2026-08-17T19:15:00Z,5,Nablus,pm25,6h,18.63,15.73,14.115901639344262,11.993783783783783,oof,fold_1,persistence,2.8999999999999986,2.8999999999999986,False,False
2026-08-17T19:30:00Z,1,Tulkarem,pm25,6h,15.43,13.08,12.120416666666666,11.642395833333332,oof,fold_1,persistence,2.3499999999999996,2.3499999999999996,False,False
2026-08-17T19:30:00Z,2,Nablus,pm25,6h,16.52,16.2,13.993541666666664,15.1103125,oof,fold_1,persistence,0.3200000000000003,0.3200000000000003,False,True
2026-08-17T19:30:00Z,4,Nablus,pm25,6h,15.12,15.46,12.302604166666669,13.328541666666668,oof,fold_1,persistence,0.34000000000000163,-0.34000000000000163,False,False
2026-08-17T19:30:00Z,5,Nablus,pm25,6h,19.26,16.39,14.198870967741936,12.109473684210526,oof,fold_1,persistence,2.870000000000001,2.870000000000001,False,False
2026-08-17T19:45:00Z,1,Tulkarem,pm25,6h,15.85,12.7,12.131979166666667,11.623645833333333,oof,fold_1,persistence,3.1500000000000004,3.1500000000000004,False,False
2026-08-17T19:45:00Z,2,Nablus,pm25,6h,16.89,16.78,13.9865625,15.018229166666666,oof,fold_1,persistence,0.10999999999999943,0.10999999999999943,False,True
2026-08-17T19:45:00Z,4,Nablus,pm25,6h,15.17,15.47,12.316354166666663,13.245,oof,fold_1,persistence,0.3000000000000007,-0.3000000000000007,False,False
2026-08-17T19:45:00Z,5,Nablus,pm25,6h,19.35,16.25,14.28063492063492,12.215641025641023,oof,fold_1,persistence,3.1000000000000014,3.1000000000000014,False,False
2026-08-17T20:00:00Z,1,Tulkarem,pm25,6h,15.34,13.21,12.136145833333332,11.6146875,oof,fold_1,persistence,2.129999999999999,2.129999999999999,False,False
2026-08-17T20:00:00Z,2,Nablus,pm25,6h,17.0,17.55,13.982083333333335,14.927395833333334,oof,fold_1,persistence,0.5500000000000007,-0.5500000000000007,False,False
2026-08-17T20:00:00Z,4,Nablus,pm25,6h,15.41,16.42,12.333854166666669,13.180833333333332,oof,fold_1,persistence,1.0100000000000016,-1.0100000000000016,False,False
2026-08-17T20:00:00Z,5,Nablus,pm25,6h,20.17,16.57,14.37265625,12.3245,oof,fold_1,persistence,3.6000000000000014,3.6000000000000014,False,False
2026-08-17T20:15:00Z,1,Tulkarem,pm25,6h,15.34,13.53,12.137187499999998,11.61,oof,fold_1,persistence,1.8100000000000005,1.8100000000000005,False,False
2026-08-17T20:15:00Z,2,Nablus,pm25,6h,16.81,17.12,13.984166666666669,14.846666666666666,oof,fold_1,persistence,0.3100000000000023,-0.3100000000000023,False,False
2026-08-17T20:15:00Z,4,Nablus,pm25,6h,15.31,17.43,12.348333333333334,13.1153125,oof,fold_1,persistence,2.119999999999999,-2.119999999999999,False,False
2026-08-17T20:15:00Z,5,Nablus,pm25,6h,21.14,17.41,14.47676923076923,12.448536585365853,oof,fold_1,persistence,3.7300000000000004,3.7300000000000004,False,False
2026-08-17T20:30:00Z,1,Tulkarem,pm25,6h,15.5,13.48,12.144895833333331,11.601770833333331,oof,fold_1,persistence,2.0199999999999996,2.0199999999999996,False,False
2026-08-17T20:30:00Z,2,Nablus,pm25,6h,16.55,15.79,13.988124999999998,14.749375,oof,fold_1,persistence,0.7600000000000016,0.7600000000000016,False,False
2026-08-17T20:30:00Z,4,Nablus,pm25,6h,15.63,15.76,12.371875,13.014270833333336,oof,fold_1,persistence,0.129999999999999,-0.129999999999999,False,False
2026-08-17T20:30:00Z,5,Nablus,pm25,6h,21.97,15.98,14.590303030303032,12.532619047619049,oof,fold_1,persistence,5.989999999999998,5.989999999999998,False,False
2026-08-17T20:45:00Z,1,Tulkarem,pm25,6h,15.4,13.75,12.1490625,11.595104166666667,oof,fold_1,persistence,1.6500000000000004,1.6500000000000004,False,False
2026-08-17T20:45:00Z,2,Nablus,pm25,6h,17.35,15.22,14.001770833333332,14.644791666666668,oof,fold_1,persistence,2.130000000000001,2.130000000000001,False,False
2026-08-17T20:45:00Z,4,Nablus,pm25,6h,15.7,13.59,12.398958333333333,12.888958333333331,oof,fold_1,persistence,2.1099999999999994,2.1099999999999994,False,False
2026-08-17T20:45:00Z,5,Nablus,pm25,6h,21.95,16.62,14.700149253731343,12.627674418604652,oof,fold_1,persistence,5.329999999999998,5.329999999999998,False,False
2026-08-17T21:00:00Z,1,Tulkarem,pm25,6h,15.59,13.95,12.15125,11.597812500000002,oof,fold_1,persistence,1.6400000000000006,1.6400000000000006,False,False
2026-08-17T21:00:00Z,2,Nablus,pm25,6h,17.33,15.28,14.012916666666667,14.530833333333334,oof,fold_1,persistence,2.049999999999999,2.049999999999999,False,False
2026-08-17T21:00:00Z,4,Nablus,pm25,6h,15.85,13.75,12.4275,12.764583333333333,oof,fold_1,persistence,2.0999999999999996,2.0999999999999996,False,False
2026-08-17T21:00:00Z,5,Nablus,pm25,6h,22.82,17.31,14.819558823529412,12.734090909090908,oof,fold_1,persistence,5.510000000000002,5.510000000000002,False,False
2026-08-17T21:15:00Z,1,Tulkarem,pm25,6h,15.39,15.06,12.156041666666669,11.620625,oof,fold_1,persistence,0.33000000000000007,0.33000000000000007,False,False
2026-08-17T21:15:00Z,2,Nablus,pm25,6h,17.56,16.65,14.029791666666666,14.437083333333332,oof,fold_1,persistence,0.9100000000000001,0.9100000000000001,False,False
2026-08-17T21:15:00Z,4,Nablus,pm25,6h,15.98,14.78,12.455729166666666,12.6484375,oof,fold_1,persistence,1.200000000000001,1.200000000000001,False,False
2026-08-17T21:15:00Z,5,Nablus,pm25,6h,23.82,21.2,14.95,12.922222222222222,oof,fold_1,persistence,2.620000000000001,2.620000000000001,False,False
2026-08-17T21:30:00Z,1,Tulkarem,pm25,6h,15.7,15.19,12.161979166666669,11.655104166666668,oof,fold_1,persistence,0.5099999999999998,0.5099999999999998,False,False
2026-08-17T21:30:00Z,2,Nablus,pm25,6h,17.29,16.6,14.048020833333332,14.3640625,oof,fold_1,persistence,0.6899999999999977,0.6899999999999977,False,False
2026-08-17T21:30:00Z,4,Nablus,pm25,6h,15.85,15.21,12.473020833333337,12.569166666666666,oof,fold_1,persistence,0.6399999999999988,0.6399999999999988,False,False
2026-08-17T21:30:00Z,5,Nablus,pm25,6h,23.74,18.83,15.075571428571427,13.050652173913043,oof,fold_1,persistence,4.91,4.91,True,False
2026-08-17T21:45:00Z,1,Tulkarem,pm25,6h,16.19,15.13,12.1721875,11.686875,oof,fold_1,persistence,1.0600000000000005,1.0600000000000005,False,False
2026-08-17T21:45:00Z,2,Nablus,pm25,6h,16.55,18.48,13.972916666666665,14.335729166666669,oof,fold_1,persistence,1.9299999999999997,-1.9299999999999997,False,False
2026-08-17T21:45:00Z,4,Nablus,pm25,6h,16.0,14.93,12.470833333333331,12.527708333333337,oof,fold_1,persistence,1.0700000000000003,1.0700000000000003,False,False
2026-08-17T21:45:00Z,5,Nablus,pm25,6h,23.33,17.08,15.191830985915493,13.136382978723404,oof,fold_1,persistence,6.25,6.25,True,False
2026-08-17T22:00:00Z,1,Tulkarem,pm25,6h,19.57,14.56,12.2165625,11.721354166666666,oof,fold_1,persistence,5.01,5.01,False,False
2026-08-17T22:00:00Z,2,Nablus,pm25,6h,17.3,23.91,13.9890625,14.356875,oof,fold_1,persistence,6.609999999999999,-6.609999999999999,False,False
2026-08-17T22:00:00Z,4,Nablus,pm25,6h,15.82,14.61,12.486875,12.466458333333334,oof,fold_1,persistence,1.2100000000000009,1.2100000000000009,False,False
2026-08-17T22:00:00Z,5,Nablus,pm25,6h,22.54,17.4,15.29388888888889,13.225208333333333,oof,fold_1,persistence,5.140000000000001,5.140000000000001,True,False
2026-08-17T22:15:00Z,1,Tulkarem,pm25,6h,22.33,15.32,12.289895833333333,11.764583333333334,oof,fold_1,persistence,7.009999999999998,7.009999999999998,False,False
2026-08-17T22:15:00Z,2,Nablus,pm25,6h,17.54,19.85,14.025,14.32625,oof,fold_1,persistence,2.3100000000000023,-2.3100000000000023,False,False
2026-08-17T22:15:00Z,4,Nablus,pm25,6h,15.97,14.63,12.517291666666663,12.404166666666669,oof,fold_1,persistence,1.3399999999999999,1.3399999999999999,False,False
2026-08-17T22:15:00Z,5,Nablus,pm25,6h,21.31,16.99,15.376301369863016,13.30204081632653,oof,fold_1,persistence,4.32,4.32,True,False
2026-08-17T22:30:00Z,1,Tulkarem,pm25,6h,24.44,15.48,12.394375000000002,11.7753125,oof,fold_1,persistence,8.96,8.96,False,False
2026-08-17T22:30:00Z,2,Nablus,pm25,6h,17.66,17.23,14.057708333333332,14.3153125,oof,fold_1,persistence,0.4299999999999997,0.4299999999999997,False,False
2026-08-17T22:30:00Z,4,Nablus,pm25,6h,16.16,14.47,12.555520833333333,12.33125,oof,fold_1,persistence,1.6899999999999995,1.6899999999999995,False,False
2026-08-17T22:30:00Z,5,Nablus,pm25,6h,21.63,16.78,15.460810810810807,13.3716,oof,fold_1,persistence,4.849999999999998,4.849999999999998,True,False
2026-08-17T22:45:00Z,1,Tulkarem,pm25,6h,19.52,17.82,12.442916666666669,11.808541666666668,oof,fold_1,persistence,1.6999999999999993,1.6999999999999993,False,False
2026-08-17T22:45:00Z,2,Nablus,pm25,6h,18.25,16.29,14.103958333333331,14.294583333333334,oof,fold_1,persistence,1.9600000000000009,1.9600000000000009,False,False
2026-08-17T22:45:00Z,4,Nablus,pm25,6h,16.28,14.0,12.602395833333333,12.245104166666666,oof,fold_1,persistence,2.280000000000001,2.280000000000001,False,False
2026-08-17T22:45:00Z,5,Nablus,pm25,6h,20.68,16.45,15.5304,13.431960784313723,oof,fold_1,persistence,4.23,4.23,True,False
2026-08-17T23:00:00Z,1,Tulkarem,pm25,6h,15.66,17.54,12.460625,11.848333333333334,oof,fold_1,persistence,1.879999999999999,-1.879999999999999,False,False
2026-08-17T23:00:00Z,2,Nablus,pm25,6h,17.38,15.88,14.143125,14.277187499999998,oof,fold_1,persistence,1.4999999999999982,1.4999999999999982,False,False
2026-08-17T23:00:00Z,4,Nablus,pm25,6h,15.8,14.09,12.644166666666663,12.206874999999998,oof,fold_1,persistence,1.7100000000000009,1.7100000000000009,False,False
2026-08-17T23:00:00Z,5,Nablus,pm25,6h,19.62,16.7,15.584210526315792,13.494807692307692,oof,fold_1,persistence,2.9200000000000017,2.9200000000000017,True,False
2026-08-17T23:15:00Z,1,Tulkarem,pm25,6h,18.44,16.44,12.468645833333332,11.8821875,oof,fold_1,persistence,2.0,2.0,False,False
2026-08-17T23:15:00Z,2,Nablus,pm25,6h,17.07,15.46,14.189583333333331,14.248333333333331,oof,fold_1,persistence,1.6099999999999994,1.6099999999999994,False,False
2026-08-17T23:15:00Z,4,Nablus,pm25,6h,16.53,14.07,12.695625,12.2046875,oof,fold_1,persistence,2.460000000000001,2.460000000000001,False,False
2026-08-17T23:15:00Z,5,Nablus,pm25,6h,18.25,17.02,15.61883116883117,13.56132075471698,oof,fold_1,persistence,1.2300000000000004,1.2300000000000004,True,False
2026-08-17T23:30:00Z,1,Tulkarem,pm25,6h,19.59,15.68,12.474583333333335,11.918854166666668,oof,fold_1,persistence,3.91,3.91,False,False
2026-08-17T23:30:00Z,2,Nablus,pm25,6h,17.49,15.11,14.235520833333332,14.203854166666668,oof,fold_1,persistence,2.379999999999999,2.379999999999999,False,False
2026-08-17T23:30:00Z,4,Nablus,pm25,6h,17.38,14.05,12.7390625,12.201875,oof,fold_1,persistence,3.3299999999999983,3.3299999999999983,False,False
2026-08-17T23:30:00Z,5,Nablus,pm25,6h,17.35,16.59,15.64102564102564,13.617407407407407,oof,fold_1,persistence,0.7600000000000016,0.7600000000000016,True,False
2026-08-17T23:45:00Z,1,Tulkarem,pm25,6h,17.72,15.59,12.525416666666665,11.954895833333332,oof,fold_1,persistence,2.129999999999999,2.129999999999999,False,False
2026-08-17T23:45:00Z,2,Nablus,pm25,6h,16.62,15.72,14.278541666666667,14.17875,oof,fold_1,persistence,0.9000000000000004,0.9000000000000004,False,False
2026-08-17T23:45:00Z,4,Nablus,pm25,6h,17.02,14.56,12.786145833333334,12.2046875,oof,fold_1,persistence,2.459999999999999,2.459999999999999,False,False
2026-08-17T23:45:00Z,5,Nablus,pm25,6h,18.02,17.04,15.67113924050633,13.679636363636364,oof,fold_1,persistence,0.9800000000000004,0.9800000000000004,True,False
2026-08-18T00:00:00Z,1,Tulkarem,pm25,6h,16.46,16.57,12.568125,12.002604166666666,oof,fold_2,persistence,0.10999999999999943,-0.10999999999999943,False,False
2026-08-18T00:00:00Z,2,Nablus,pm25,6h,16.57,15.9,14.317395833333334,14.155208333333333,oof,fold_2,persistence,0.6699999999999999,0.6699999999999999,False,False
2026-08-18T00:00:00Z,4,Nablus,pm25,6h,16.96,14.68,12.841666666666669,12.216145833333334,oof,fold_2,persistence,2.280000000000001,2.280000000000001,False,False
2026-08-18T00:00:00Z,5,Nablus,pm25,6h,17.7,17.57,15.6965,13.749107142857143,oof,fold_2,persistence,0.129999999999999,0.129999999999999,True,False
2026-08-18T00:15:00Z,1,Tulkarem,pm25,6h,19.03,15.62,12.620208333333332,12.044583333333334,oof,fold_2,persistence,3.410000000000002,3.410000000000002,False,False
2026-08-18T00:15:00Z,2,Nablus,pm25,6h,16.74,15.95,14.351041666666667,14.133333333333333,oof,fold_2,persistence,0.7899999999999991,0.7899999999999991,False,False
2026-08-18T00:15:00Z,4,Nablus,pm25,6h,16.08,15.08,12.868645833333334,12.232395833333332,oof,fold_2,persistence,0.9999999999999982,0.9999999999999982,False,False
2026-08-18T00:15:00Z,5,Nablus,pm25,6h,19.29,17.52,15.740864197530865,13.815263157894735,oof,fold_2,persistence,1.7699999999999996,1.7699999999999996,True,False
2026-08-18T00:30:00Z,1,Tulkarem,pm25,6h,18.69,15.04,12.668229166666665,12.066770833333337,oof,fold_2,persistence,3.650000000000002,3.650000000000002,False,False
2026-08-18T00:30:00Z,2,Nablus,pm25,6h,16.13,16.03,14.376874999999998,14.112291666666666,oof,fold_2,persistence,0.09999999999999787,0.09999999999999787,False,False
2026-08-18T00:30:00Z,4,Nablus,pm25,6h,15.75,14.62,12.913125,12.238437499999998,oof,fold_2,persistence,1.1300000000000008,1.1300000000000008,False,False
2026-08-18T00:30:00Z,5,Nablus,pm25,6h,17.98,17.9,15.768170731707317,13.885689655172412,oof,fold_2,persistence,0.08000000000000185,0.08000000000000185,True,False
2026-08-18T00:45:00Z,1,Tulkarem,pm25,6h,16.52,15.14,12.718020833333332,12.0771875,oof,fold_2,persistence,1.379999999999999,1.379999999999999,False,False
2026-08-18T00:45:00Z,2,Nablus,pm25,6h,16.24,16.13,14.404895833333333,14.0865625,oof,fold_2,persistence,0.10999999999999943,0.10999999999999943,False,False
2026-08-18T00:45:00Z,4,Nablus,pm25,6h,15.62,15.19,12.954583333333334,12.251041666666666,oof,fold_2,persistence,0.4299999999999997,0.4299999999999997,False,False
2026-08-18T00:45:00Z,5,Nablus,pm25,6h,17.27,18.11,15.786265060240964,13.95728813559322,oof,fold_2,persistence,0.8399999999999999,-0.8399999999999999,True,False
2026-08-18T01:00:00Z,1,Tulkarem,pm25,6h,16.36,15.37,12.7884375,12.09125,oof,fold_2,persistence,0.9900000000000002,0.9900000000000002,False,False
2026-08-18T01:00:00Z,2,Nablus,pm25,6h,15.97,16.01,14.440833333333332,14.060208333333334,oof,fold_2,persistence,0.040000000000000924,-0.040000000000000924,False,False
2026-08-18T01:00:00Z,4,Nablus,pm25,6h,14.32,14.92,12.986666666666666,12.267395833333332,oof,fold_2,persistence,0.5999999999999996,-0.5999999999999996,False,False
2026-08-18T01:00:00Z,5,Nablus,pm25,6h,16.92,18.96,15.799761904761905,14.040666666666665,oof,fold_2,persistence,2.039999999999999,-2.039999999999999,True,False
2026-08-18T01:15:00Z,1,Tulkarem,pm25,6h,15.98,15.39,12.841458333333334,12.109583333333331,oof,fold_2,persistence,0.5899999999999999,0.5899999999999999,False,False
2026-08-18T01:15:00Z,2,Nablus,pm25,6h,15.86,15.81,14.468333333333334,14.012708333333334,oof,fold_2,persistence,0.049999999999998934,0.049999999999998934,False,False
2026-08-18T01:15:00Z,4,Nablus,pm25,6h,14.56,15.29,13.018854166666666,12.2871875,oof,fold_2,persistence,0.7299999999999986,-0.7299999999999986,False,False
2026-08-18T01:15:00Z,5,Nablus,pm25,6h,16.33,18.63,15.806,14.115901639344262,oof,fold_2,persistence,2.3000000000000007,-2.3000000000000007,True,False
2026-08-18T01:30:00Z,1,Tulkarem,pm25,6h,15.55,15.43,12.911979166666669,12.120416666666666,oof,fold_2,persistence,0.120000000000001,0.120000000000001,False,False
2026-08-18T01:30:00Z,2,Nablus,pm25,6h,15.39,16.52,14.482916666666666,13.993541666666664,oof,fold_2,persistence,1.129999999999999,-1.129999999999999,False,False
2026-08-18T01:30:00Z,4,Nablus,pm25,6h,14.75,15.12,13.0453125,12.302604166666669,oof,fold_2,persistence,0.3699999999999992,-0.3699999999999992,False,False
2026-08-18T01:30:00Z,5,Nablus,pm25,6h,16.33,19.26,15.812093023255812,14.198870967741936,oof,fold_2,persistence,2.9300000000000033,-2.9300000000000033,True,False
2026-08-18T01:45:00Z,1,Tulkarem,pm25,6h,16.3,15.85,12.983333333333334,12.131979166666667,oof,fold_2,persistence,0.45000000000000107,0.45000000000000107,False,False
2026-08-18T01:45:00Z,2,Nablus,pm25,6h,15.71,16.89,14.500104166666668,13.9865625,oof,fold_2,persistence,1.1799999999999997,-1.1799999999999997,False,False
2026-08-18T01:45:00Z,4,Nablus,pm25,6h,14.35,15.17,13.064687499999998,12.316354166666663,oof,fold_2,persistence,0.8200000000000003,-0.8200000000000003,False,False
2026-08-18T01:45:00Z,5,Nablus,pm25,6h,15.81,19.35,15.812068965517245,14.28063492063492,oof,fold_2,persistence,3.540000000000001,-3.540000000000001,True,False
2026-08-18T02:00:00Z,1,Tulkarem,pm25,6h,16.5,15.34,13.06,12.136145833333332,oof,fold_2,persistence,1.1600000000000001,1.1600000000000001,False,False
2026-08-18T02:00:00Z,2,Nablus,pm25,6h,16.8,17.0,14.5184375,13.982083333333335,oof,fold_2,persistence,0.1999999999999993,-0.1999999999999993,False,False
2026-08-18T02:00:00Z,4,Nablus,pm25,6h,13.82,15.41,13.074062500000002,12.333854166666669,oof,fold_2,persistence,1.5899999999999999,-1.5899999999999999,False,False
2026-08-18T02:00:00Z,5,Nablus,pm25,6h,14.63,20.17,15.798636363636364,14.37265625,oof,fold_2,persistence,5.540000000000001,-5.540000000000001,True,False
2026-08-18T02:15:00Z,1,Tulkarem,pm25,6h,15.1,15.34,13.117604166666666,12.137187499999998,oof,fold_2,persistence,0.2400000000000002,-0.2400000000000002,False,False
2026-08-18T02:15:00Z,2,Nablus,pm25,6h,15.81,16.81,14.531875,13.984166666666669,oof,fold_2,persistence,0.9999999999999982,-0.9999999999999982,False,False
2026-08-18T02:15:00Z,4,Nablus,pm25,6h,14.33,15.31,13.088958333333332,12.348333333333334,oof,fold_2,persistence,0.9800000000000004,-0.9800000000000004,False,False
2026-08-18T02:15:00Z,5,Nablus,pm25,6h,14.88,21.14,15.788314606741574,14.47676923076923,oof,fold_2,persistence,6.26,-6.26,True,False
2026-08-18T02:30:00Z,1,Tulkarem,pm25,6h,16.74,15.5,13.199062499999998,12.144895833333331,oof,fold_2,persistence,1.2399999999999984,1.2399999999999984,False,False
2026-08-18T02:30:00Z,2,Nablus,pm25,6h,15.37,16.55,14.539583333333333,13.988124999999998,oof,fold_2,persistence,1.1800000000000015,-1.1800000000000015,False,False
2026-08-18T02:30:00Z,4,Nablus,pm25,6h,13.8,15.63,13.097604166666663,12.371875,oof,fold_2,persistence,1.83,-1.83,False,False
2026-08-18T02:30:00Z,5,Nablus,pm25,6h,14.31,21.97,15.771888888888888,14.590303030303032,oof,fold_2,persistence,7.659999999999998,-7.659999999999998,True,False
2026-08-18T02:45:00Z,1,Tulkarem,pm25,6h,14.89,15.4,13.218854166666668,12.1490625,oof,fold_2,persistence,0.5099999999999998,-0.5099999999999998,False,False
2026-08-18T02:45:00Z,2,Nablus,pm25,6h,15.87,17.35,14.568541666666668,14.001770833333332,oof,fold_2,persistence,1.4800000000000022,-1.4800000000000022,False,False
2026-08-18T02:45:00Z,4,Nablus,pm25,6h,14.58,15.7,13.091458333333335,12.398958333333333,oof,fold_2,persistence,1.1199999999999992,-1.1199999999999992,False,False
2026-08-18T02:45:00Z,5,Nablus,pm25,6h,13.84,21.95,15.75065934065934,14.700149253731343,oof,fold_2,persistence,8.11,-8.11,True,False
2026-08-18T03:00:00Z,1,Tulkarem,pm25,6h,15.88,15.59,13.286458333333334,12.15125,oof,fold_2,persistence,0.2900000000000009,0.2900000000000009,False,False
2026-08-18T03:00:00Z,2,Nablus,pm25,6h,15.98,17.33,14.603541666666665,14.012916666666667,oof,fold_2,persistence,1.3499999999999979,-1.3499999999999979,False,False
2026-08-18T03:00:00Z,4,Nablus,pm25,6h,14.02,15.85,13.116041666666668,12.4275,oof,fold_2,persistence,1.83,-1.83,False,False
2026-08-18T03:00:00Z,5,Nablus,pm25,6h,14.59,22.82,15.73804347826087,14.819558823529412,oof,fold_2,persistence,8.23,-8.23,True,False
2026-08-18T03:15:00Z,1,Tulkarem,pm25,6h,15.18,15.39,13.336666666666666,12.156041666666669,oof,fold_2,persistence,0.21000000000000085,-0.21000000000000085,False,False
2026-08-18T03:15:00Z,2,Nablus,pm25,6h,15.39,17.56,14.636145833333332,14.029791666666666,oof,fold_2,persistence,2.169999999999998,-2.169999999999998,False,False
2026-08-18T03:15:00Z,4,Nablus,pm25,6h,13.57,15.98,13.143541666666666,12.455729166666666,oof,fold_2,persistence,2.41,-2.41,False,False
2026-08-18T03:15:00Z,5,Nablus,pm25,6h,14.28,23.82,15.72236559139785,14.95,oof,fold_2,persistence,9.540000000000001,-9.540000000000001,True,False
2026-08-18T03:30:00Z,1,Tulkarem,pm25,6h,15.29,15.7,13.3940625,12.161979166666669,oof,fold_2,persistence,0.41000000000000014,-0.41000000000000014,False,False
2026-08-18T03:30:00Z,2,Nablus,pm25,6h,16.02,17.29,14.682291666666666,14.048020833333332,oof,fold_2,persistence,1.2699999999999996,-1.2699999999999996,False,False
2026-08-18T03:30:00Z,4,Nablus,pm25,6h,14.47,15.85,13.185833333333337,12.473020833333337,oof,fold_2,persistence,1.379999999999999,-1.379999999999999,False,False
2026-08-18T03:30:00Z,5,Nablus,pm25,6h,14.06,23.74,15.70468085106383,15.075571428571427,oof,fold_2,persistence,9.679999999999998,-9.679999999999998,True,True
2026-08-18T03:45:00Z,1,Tulkarem,pm25,6h,15.69,16.19,13.472604166666663,12.1721875,oof,fold_2,persistence,0.5000000000000018,-0.5000000000000018,False,False
2026-08-18T03:45:00Z,2,Nablus,pm25,6h,15.27,16.55,14.72,13.972916666666665,oof,fold_2,persistence,1.2800000000000011,-1.2800000000000011,False,False
2026-08-18T03:45:00Z,4,Nablus,pm25,6h,13.35,16.0,13.218229166666667,12.470833333333331,oof,fold_2,persistence,2.6500000000000004,-2.6500000000000004,False,False
2026-08-18T03:45:00Z,5,Nablus,pm25,6h,13.7,23.33,15.68357894736842,15.191830985915493,oof,fold_2,persistence,9.629999999999999,-9.629999999999999,True,True
2026-08-18T04:00:00Z,1,Tulkarem,pm25,6h,14.58,19.57,13.545,12.2165625,oof,fold_2,persistence,4.99,-4.99,False,False
2026-08-18T04:00:00Z,2,Nablus,pm25,6h,15.17,17.3,14.7578125,13.9890625,oof,fold_2,persistence,2.130000000000001,-2.130000000000001,False,False
2026-08-18T04:00:00Z,4,Nablus,pm25,6h,13.6,15.82,13.247604166666669,12.486875,oof,fold_2,persistence,2.2200000000000006,-2.2200000000000006,False,False
2026-08-18T04:00:00Z,5,Nablus,pm25,6h,13.37,22.54,15.659479166666666,15.29388888888889,oof,fold_2,persistence,9.17,-9.17,True,True
2026-08-18T04:15:00Z,1,Tulkarem,pm25,6h,15.1,22.33,13.610833333333334,12.289895833333333,oof,fold_2,persistence,7.229999999999999,-7.229999999999999,False,False
2026-08-18T04:15:00Z,2,Nablus,pm25,6h,16.05,17.54,14.8078125,14.025,oof,fold_2,persistence,1.4899999999999984,-1.4899999999999984,False,False
2026-08-18T04:15:00Z,4,Nablus,pm25,6h,13.5,15.97,13.278854166666669,12.517291666666663,oof,fold_2,persistence,2.4700000000000006,-2.4700000000000006,False,False
2026-08-18T04:15:00Z,5,Nablus,pm25,6h,13.88,21.31,15.646041666666669,15.376301369863016,oof,fold_2,persistence,7.429999999999998,-7.429999999999998,True,True
2026-08-18T04:30:00Z,1,Tulkarem,pm25,6h,14.63,24.44,13.688541666666666,12.394375000000002,oof,fold_2,persistence,9.81,-9.81,False,False
2026-08-18T04:30:00Z,2,Nablus,pm25,6h,15.14,17.66,14.840624999999998,14.057708333333332,oof,fold_2,persistence,2.5199999999999996,-2.5199999999999996,False,False
2026-08-18T04:30:00Z,4,Nablus,pm25,6h,13.21,16.16,13.3078125,12.555520833333333,oof,fold_2,persistence,2.9499999999999993,-2.9499999999999993,False,False
2026-08-18T04:30:00Z,5,Nablus,pm25,6h,14.17,21.63,15.653958333333334,15.460810810810807,oof,fold_2,persistence,7.459999999999999,-7.459999999999999,True,True
2026-08-18T04:45:00Z,1,Tulkarem,pm25,6h,14.24,19.52,13.765208333333334,12.442916666666669,oof,fold_2,persistence,5.279999999999999,-5.279999999999999,False,False
2026-08-18T04:45:00Z,2,Nablus,pm25,6h,15.94,18.25,14.885729166666666,14.103958333333331,oof,fold_2,persistence,2.3100000000000005,-2.3100000000000005,False,False
2026-08-18T04:45:00Z,4,Nablus,pm25,6h,13.05,16.28,13.332604166666668,12.602395833333333,oof,fold_2,persistence,3.2300000000000004,-3.2300000000000004,False,False
2026-08-18T04:45:00Z,5,Nablus,pm25,6h,14.27,20.68,15.686354166666666,15.5304,oof,fold_2,persistence,6.41,-6.41,True,True
2026-08-18T05:00:00Z,1,Tulkarem,pm25,6h,13.57,15.66,13.8440625,12.460625,oof,fold_2,persistence,2.09,-2.09,False,False
2026-08-18T05:00:00Z,2,Nablus,pm25,6h,17.02,17.38,14.938541666666666,14.143125,oof,fold_2,persistence,0.35999999999999943,-0.35999999999999943,False,False
2026-08-18T05:00:00Z,4,Nablus,pm25,6h,13.08,15.8,13.3621875,12.644166666666663,oof,fold_2,persistence,2.7200000000000006,-2.7200000000000006,False,False
2026-08-18T05:00:00Z,5,Nablus,pm25,6h,13.76,19.62,15.716770833333332,15.584210526315792,oof,fold_2,persistence,5.860000000000001,-5.860000000000001,True,True
2026-08-18T05:15:00Z,1,Tulkarem,pm25,6h,13.61,18.44,13.924895833333332,12.468645833333332,oof,fold_2,persistence,4.830000000000002,-4.830000000000002,False,False
2026-08-18T05:15:00Z,2,Nablus,pm25,6h,16.76,17.07,14.997395833333334,14.189583333333331,oof,fold_2,persistence,0.3099999999999987,-0.3099999999999987,False,False
2026-08-18T05:15:00Z,4,Nablus,pm25,6h,13.47,16.53,13.39875,12.695625,oof,fold_2,persistence,3.0600000000000005,-3.0600000000000005,False,False
2026-08-18T05:15:00Z,5,Nablus,pm25,6h,17.07,18.25,15.785000000000002,15.61883116883117,oof,fold_2,persistence,1.1799999999999997,-1.1799999999999997,True,True
2026-08-18T05:30:00Z,1,Tulkarem,pm25,6h,13.66,19.59,14.004479166666668,12.474583333333335,oof,fold_2,persistence,5.93,-5.93,False,False
2026-08-18T05:30:00Z,2,Nablus,pm25,6h,16.43,17.49,15.058958333333337,14.235520833333332,oof,fold_2,persistence,1.0599999999999987,-1.0599999999999987,True,False
2026-08-18T05:30:00Z,4,Nablus,pm25,6h,13.0,17.38,13.438541666666667,12.7390625,oof,fold_2,persistence,4.379999999999999,-4.379999999999999,False,False
2026-08-18T05:30:00Z,5,Nablus,pm25,6h,17.72,17.35,15.8621875,15.64102564102564,oof,fold_2,persistence,0.36999999999999744,0.36999999999999744,True,True
2026-08-18T05:45:00Z,1,Tulkarem,pm25,6h,13.55,17.72,14.081875000000002,12.525416666666665,oof,fold_2,persistence,4.169999999999998,-4.169999999999998,False,False
2026-08-18T05:45:00Z,2,Nablus,pm25,6h,15.94,16.62,15.115,14.278541666666667,oof,fold_2,persistence,0.6800000000000015,-0.6800000000000015,True,False
2026-08-18T05:45:00Z,4,Nablus,pm25,6h,12.64,17.02,13.479895833333332,12.786145833333334,oof,fold_2,persistence,4.379999999999999,-4.379999999999999,False,False
2026-08-18T05:45:00Z,5,Nablus,pm25,6h,14.56,18.02,15.912708333333336,15.67113924050633,oof,fold_2,persistence,3.459999999999999,-3.459999999999999,True,True
2026-08-18T06:00:00Z,1,Tulkarem,pm25,6h,13.08,16.46,14.159895833333332,12.568125,oof,fold_2,persistence,3.380000000000001,-3.380000000000001,False,False
2026-08-18T06:00:00Z,2,Nablus,pm25,6h,15.82,16.57,15.177708333333332,14.317395833333334,oof,fold_2,persistence,0.75,-0.75,True,False
2026-08-18T06:00:00Z,4,Nablus,pm25,6h,12.69,16.96,13.52625,12.841666666666669,oof,fold_2,persistence,4.270000000000001,-4.270000000000001,False,False
2026-08-18T06:00:00Z,5,Nablus,pm25,6h,13.85,17.7,15.958125,15.6965,oof,fold_2,persistence,3.8499999999999996,-3.8499999999999996,True,True
2026-08-18T06:15:00Z,1,Tulkarem,pm25,6h,13.36,19.03,14.242708333333336,12.620208333333332,oof,fold_2,persistence,5.670000000000002,-5.670000000000002,False,False
2026-08-18T06:15:00Z,2,Nablus,pm25,6h,15.88,16.74,15.242708333333336,14.351041666666667,oof,fold_2,persistence,0.8599999999999977,-0.8599999999999977,True,False
2026-08-18T06:15:00Z,4,Nablus,pm25,6h,12.54,16.08,13.576458333333331,12.868645833333334,oof,fold_2,persistence,3.539999999999999,-3.539999999999999,False,False
2026-08-18T06:15:00Z,5,Nablus,pm25,6h,13.51,19.29,15.996874999999998,15.740864197530865,oof,fold_2,persistence,5.779999999999999,-5.779999999999999,True,True
2026-08-18T06:30:00Z,1,Tulkarem,pm25,6h,13.06,18.69,14.322083333333332,12.668229166666665,oof,fold_2,persistence,5.630000000000001,-5.630000000000001,False,False
2026-08-18T06:30:00Z,2,Nablus,pm25,6h,14.99,16.13,15.302604166666669,14.376874999999998,oof,fold_2,persistence,1.1399999999999988,-1.1399999999999988,True,False
2026-08-18T06:30:00Z,4,Nablus,pm25,6h,12.04,15.75,13.620520833333336,12.913125,oof,fold_2,persistence,3.710000000000001,-3.710000000000001,False,False
2026-08-18T06:30:00Z,5,Nablus,pm25,6h,13.61,17.98,16.043125,15.768170731707317,oof,fold_2,persistence,4.370000000000001,-4.370000000000001,True,True
2026-08-18T06:45:00Z,1,Tulkarem,pm25,6h,12.64,16.52,14.3975,12.718020833333332,oof,fold_2,persistence,3.879999999999999,-3.879999999999999,False,False
2026-08-18T06:45:00Z,2,Nablus,pm25,6h,15.58,16.24,15.366666666666667,14.404895833333333,oof,fold_2,persistence,0.6599999999999984,-0.6599999999999984,True,False
2026-08-18T06:45:00Z,4,Nablus,pm25,6h,12.56,15.62,13.671354166666667,12.954583333333334,oof,fold_2,persistence,3.0599999999999987,-3.0599999999999987,False,False
2026-08-18T06:45:00Z,5,Nablus,pm25,6h,13.76,17.27,16.0975,15.786265060240964,oof,fold_2,persistence,3.51,-3.51,True,True
2026-08-18T07:00:00Z,1,Tulkarem,pm25,6h,13.0,16.36,14.4759375,12.7884375,oof,fold_2,persistence,3.3599999999999994,-3.3599999999999994,False,False
2026-08-18T07:00:00Z,2,Nablus,pm25,6h,15.43,15.97,15.435,14.440833333333332,oof,fold_2,persistence,0.5400000000000009,-0.5400000000000009,True,False
2026-08-18T07:00:00Z,4,Nablus,pm25,6h,11.93,14.32,13.718229166666664,12.986666666666666,oof,fold_2,persistence,2.3900000000000006,-2.3900000000000006,False,False
2026-08-18T07:00:00Z,5,Nablus,pm25,6h,13.4,16.92,16.146666666666665,15.799761904761905,oof,fold_2,persistence,3.5200000000000014,-3.5200000000000014,True,True
2026-08-18T07:15:00Z,1,Tulkarem,pm25,6h,13.54,15.98,14.560729166666668,12.841458333333334,oof,fold_2,persistence,2.4400000000000013,-2.4400000000000013,False,False
2026-08-18T07:15:00Z,2,Nablus,pm25,6h,15.64,15.86,15.507291666666667,14.468333333333334,oof,fold_2,persistence,0.21999999999999886,-0.21999999999999886,True,False
2026-08-18T07:15:00Z,4,Nablus,pm25,6h,11.52,14.56,13.75875,13.018854166666666,oof,fold_2,persistence,3.040000000000001,-3.040000000000001,False,False
2026-08-18T07:15:00Z,5,Nablus,pm25,6h,13.59,16.33,16.197708333333335,15.806,oof,fold_2,persistence,2.7399999999999984,-2.7399999999999984,True,True
2026-08-18T07:30:00Z,1,Tulkarem,pm25,6h,14.13,15.55,14.647604166666667,12.911979166666669,oof,fold_2,persistence,1.42,-1.42,False,False
2026-08-18T07:30:00Z,2,Nablus,pm25,6h,14.57,15.39,15.565,14.482916666666666,oof,fold_2,persistence,0.8200000000000003,-0.8200000000000003,True,False
2026-08-18T07:30:00Z,4,Nablus,pm25,6h,11.31,14.75,13.801770833333334,13.0453125,oof,fold_2,persistence,3.4399999999999995,-3.4399999999999995,False,False
2026-08-18T07:30:00Z,5,Nablus,pm25,6h,13.65,16.33,16.249479166666664,15.812093023255812,oof,fold_2,persistence,2.679999999999998,-2.679999999999998,True,True
2026-08-18T07:45:00Z,1,Tulkarem,pm25,6h,14.3,16.3,14.725520833333333,12.983333333333334,oof,fold_2,persistence,2.0,-2.0,False,False
2026-08-18T07:45:00Z,2,Nablus,pm25,6h,14.53,15.71,15.61625,14.500104166666668,oof,fold_2,persistence,1.1800000000000015,-1.1800000000000015,True,False
2026-08-18T07:45:00Z,4,Nablus,pm25,6h,10.88,14.35,13.839479166666663,13.064687499999998,oof,fold_2,persistence,3.469999999999999,-3.469999999999999,False,False
2026-08-18T07:45:00Z,5,Nablus,pm25,6h,13.78,15.81,16.300208333333334,15.812068965517245,oof,fold_2,persistence,2.030000000000001,-2.030000000000001,True,True
2026-08-18T08:00:00Z,1,Tulkarem,pm25,6h,14.93,16.5,14.79125,13.06,oof,fold_2,persistence,1.5700000000000003,-1.5700000000000003,False,False
2026-08-18T08:00:00Z,2,Nablus,pm25,6h,14.31,16.8,15.676875,14.5184375,oof,fold_2,persistence,2.49,-2.49,True,False
2026-08-18T08:00:00Z,4,Nablus,pm25,6h,10.91,13.82,13.8825,13.074062500000002,oof,fold_2,persistence,2.91,-2.91,False,False
2026-08-18T08:00:00Z,5,Nablus,pm25,6h,13.6,14.63,16.3471875,15.798636363636364,oof,fold_2,persistence,1.0300000000000011,-1.0300000000000011,True,True
2026-08-18T08:15:00Z,1,Tulkarem,pm25,6h,15.52,15.1,14.845416666666669,13.117604166666666,oof,fold_2,persistence,0.41999999999999993,0.41999999999999993,False,False
2026-08-18T08:15:00Z,2,Nablus,pm25,6h,14.55,15.81,15.7415625,14.531875,oof,fold_2,persistence,1.2599999999999998,-1.2599999999999998,True,False
2026-08-18T08:15:00Z,4,Nablus,pm25,6h,14.71,14.33,13.965000000000002,13.088958333333332,oof,fold_2,persistence,0.3800000000000008,0.3800000000000008,False,False
2026-08-18T08:15:00Z,5,Nablus,pm25,6h,13.52,14.88,16.395,15.788314606741574,oof,fold_2,persistence,1.3600000000000012,-1.3600000000000012,True,True
2026-08-18T08:30:00Z,1,Tulkarem,pm25,6h,15.36,16.74,14.893645833333336,13.199062499999998,oof,fold_2,persistence,1.379999999999999,-1.379999999999999,False,False
2026-08-18T08:30:00Z,2,Nablus,pm25,6h,15.2,15.37,15.809479166666668,14.539583333333333,oof,fold_2,persistence,0.16999999999999993,-0.16999999999999993,True,False
2026-08-18T08:30:00Z,4,Nablus,pm25,6h,13.28,13.8,14.032708333333334,13.097604166666663,oof,fold_2,persistence,0.5200000000000014,-0.5200000000000014,False,False
2026-08-18T08:30:00Z,5,Nablus,pm25,6h,14.17,14.31,16.443645833333335,15.771888888888888,oof,fold_2,persistence,0.14000000000000057,-0.14000000000000057,True,True
2026-08-18T08:45:00Z,1,Tulkarem,pm25,6h,15.33,14.89,14.940104166666666,13.218854166666668,oof,fold_2,persistence,0.4399999999999995,0.4399999999999995,False,False
2026-08-18T08:45:00Z,2,Nablus,pm25,6h,15.51,15.87,15.874479166666667,14.568541666666668,oof,fold_2,persistence,0.35999999999999943,-0.35999999999999943,True,False
2026-08-18T08:45:00Z,4,Nablus,pm25,6h,16.36,14.58,14.128229166666666,13.091458333333335,oof,fold_2,persistence,1.7799999999999994,1.7799999999999994,False,False
2026-08-18T08:45:00Z,5,Nablus,pm25,6h,15.32,13.84,16.497916666666665,15.75065934065934,oof,fold_2,persistence,1.4800000000000004,1.4800000000000004,True,True
2026-08-18T09:00:00Z,1,Tulkarem,pm25,6h,15.55,15.88,14.990208333333332,13.286458333333334,oof,fold_2,persistence,0.33000000000000007,-0.33000000000000007,False,False
2026-08-18T09:00:00Z,2,Nablus,pm25,6h,17.42,15.98,15.95604166666667,14.603541666666665,oof,fold_2,persistence,1.4400000000000013,1.4400000000000013,True,False
2026-08-18T09:00:00Z,4,Nablus,pm25,6h,13.45,14.02,14.183125,13.116041666666668,oof,fold_2,persistence,0.5700000000000003,-0.5700000000000003,False,False
2026-08-18T09:00:00Z,5,Nablus,pm25,6h,16.51,14.59,16.560729166666665,15.73804347826087,oof,fold_2,persistence,1.9200000000000017,1.9200000000000017,True,True
2026-08-18T09:15:00Z,1,Tulkarem,pm25,6h,15.56,15.18,15.043124999999998,13.336666666666666,oof,fold_2,persistence,0.3800000000000008,0.3800000000000008,True,False
2026-08-18T09:15:00Z,2,Nablus,pm25,6h,16.28,15.39,16.02416666666667,14.636145833333332,oof,fold_2,persistence,0.8900000000000006,0.8900000000000006,True,False
2026-08-18T09:15:00Z,4,Nablus,pm25,6h,13.37,13.57,14.236979166666666,13.143541666666666,oof,fold_2,persistence,0.20000000000000107,-0.20000000000000107,False,False
2026-08-18T09:15:00Z,5,Nablus,pm25,6h,17.38,14.28,16.629270833333333,15.72236559139785,oof,fold_2,persistence,3.0999999999999996,3.0999999999999996,True,True
2026-08-18T09:30:00Z,1,Tulkarem,pm25,6h,15.69,15.29,15.104583333333332,13.3940625,oof,fold_2,persistence,0.40000000000000036,0.40000000000000036,True,False
2026-08-18T09:30:00Z,2,Nablus,pm25,6h,16.57,16.02,16.076770833333335,14.682291666666666,oof,fold_2,persistence,0.5500000000000007,0.5500000000000007,True,False
2026-08-18T09:30:00Z,4,Nablus,pm25,6h,14.34,14.47,14.294270833333334,13.185833333333337,oof,fold_2,persistence,0.13000000000000078,-0.13000000000000078,False,False
2026-08-18T09:30:00Z,5,Nablus,pm25,6h,17.75,14.06,16.696770833333332,15.70468085106383,oof,fold_2,persistence,3.6899999999999995,3.6899999999999995,True,True
2026-08-18T09:45:00Z,1,Tulkarem,pm25,6h,15.58,15.69,15.155520833333332,13.472604166666663,oof,fold_2,persistence,0.10999999999999943,-0.10999999999999943,True,False
2026-08-18T09:45:00Z,2,Nablus,pm25,6h,17.1,15.27,16.140416666666667,14.72,oof,fold_2,persistence,1.8300000000000018,1.8300000000000018,True,False
2026-08-18T09:45:00Z,4,Nablus,pm25,6h,14.49,13.35,14.345833333333331,13.218229166666667,oof,fold_2,persistence,1.1400000000000006,1.1400000000000006,False,False
2026-08-18T09:45:00Z,5,Nablus,pm25,6h,18.29,13.7,16.7553125,15.68357894736842,oof,fold_2,persistence,4.59,4.59,True,True
2026-08-18T10:00:00Z,1,Tulkarem,pm25,6h,16.27,14.58,15.207083333333337,13.545,oof,fold_2,persistence,1.6899999999999995,1.6899999999999995,True,False
2026-08-18T10:00:00Z,2,Nablus,pm25,6h,19.34,15.17,16.215416666666666,14.7578125,oof,fold_2,persistence,4.17,4.17,True,False
2026-08-18T10:00:00Z,4,Nablus,pm25,6h,15.38,13.6,14.403541666666667,13.247604166666669,oof,fold_2,persistence,1.7800000000000011,1.7800000000000011,False,False
2026-08-18T10:00:00Z,5,Nablus,pm25,6h,19.11,13.37,16.818541666666665,15.659479166666666,oof,fold_2,persistence,5.74,5.74,True,True
2026-08-18T10:15:00Z,1,Tulkarem,pm25,6h,17.46,15.1,15.267083333333332,13.610833333333334,oof,fold_2,persistence,2.360000000000001,2.360000000000001,True,False
2026-08-18T10:15:00Z,2,Nablus,pm25,6h,20.99,16.05,16.303020833333335,14.8078125,oof,fold_2,persistence,4.939999999999998,4.939999999999998,True,False
2026-08-18T10:15:00Z,4,Nablus,pm25,6h,17.36,13.5,14.473333333333334,13.278854166666669,oof,fold_2,persistence,3.8599999999999994,3.8599999999999994,False,False
2026-08-18T10:15:00Z,5,Nablus,pm25,6h,20.18,13.88,16.885520833333334,15.646041666666669,oof,fold_2,persistence,6.299999999999999,6.299999999999999,True,True
2026-08-18T10:30:00Z,1,Tulkarem,pm25,6h,18.33,14.63,15.330104166666668,13.688541666666666,oof,fold_2,persistence,3.6999999999999975,3.6999999999999975,True,False
2026-08-18T10:30:00Z,2,Nablus,pm25,6h,21.49,15.14,16.3859375,14.840624999999998,oof,fold_2,persistence,6.349999999999998,6.349999999999998,True,False
2026-08-18T10:30:00Z,4,Nablus,pm25,6h,18.64,13.21,14.543854166666668,13.3078125,oof,fold_2,persistence,5.43,5.43,False,False
2026-08-18T10:30:00Z,5,Nablus,pm25,6h,20.84,14.17,16.9528125,15.653958333333334,oof,fold_2,persistence,6.67,6.67,True,True
2026-08-18T10:45:00Z,1,Tulkarem,pm25,6h,19.09,14.24,15.400729166666666,13.765208333333334,oof,fold_2,persistence,4.85,4.85,True,False
2026-08-18T10:45:00Z,2,Nablus,pm25,6h,21.73,15.94,16.468333333333334,14.885729166666666,oof,fold_2,persistence,5.790000000000001,5.790000000000001,True,False
2026-08-18T10:45:00Z,4,Nablus,pm25,6h,19.43,13.05,14.619270833333331,13.332604166666668,oof,fold_2,persistence,6.379999999999999,6.379999999999999,False,False
2026-08-18T10:45:00Z,5,Nablus,pm25,6h,21.72,14.27,17.034583333333334,15.686354166666666,oof,fold_2,persistence,7.449999999999999,7.449999999999999,True,True
2026-08-18T11:00:00Z,1,Tulkarem,pm25,6h,18.81,13.57,15.464583333333332,13.8440625,oof,fold_2,persistence,5.239999999999998,5.239999999999998,True,False
2026-08-18T11:00:00Z,2,Nablus,pm25,6h,22.97,17.02,16.55333333333333,14.938541666666666,oof,fold_2,persistence,5.949999999999999,5.949999999999999,True,False
2026-08-18T11:00:00Z,4,Nablus,pm25,6h,20.32,13.08,14.693645833333337,13.3621875,oof,fold_2,persistence,7.24,7.24,False,False
2026-08-18T11:00:00Z,5,Nablus,pm25,6h,22.21,13.76,17.114791666666665,15.716770833333332,oof,fold_2,persistence,8.450000000000001,8.450000000000001,True,True
2026-08-18T11:15:00Z,1,Tulkarem,pm25,6h,18.49,13.61,15.523541666666668,13.924895833333332,oof,fold_2,persistence,4.879999999999999,4.879999999999999,True,False
2026-08-18T11:15:00Z,2,Nablus,pm25,6h,23.0,16.76,16.6346875,14.997395833333334,oof,fold_2,persistence,6.239999999999998,6.239999999999998,True,False
2026-08-18T11:15:00Z,4,Nablus,pm25,6h,21.28,13.47,14.776458333333336,13.39875,oof,fold_2,persistence,7.8100000000000005,7.8100000000000005,False,False
2026-08-18T11:15:00Z,5,Nablus,pm25,6h,23.35,17.07,17.207604166666666,15.785000000000002,oof,fold_2,persistence,6.280000000000001,6.280000000000001,True,True
2026-08-18T11:30:00Z,1,Tulkarem,pm25,6h,18.76,13.66,15.582708333333334,14.004479166666668,oof,fold_2,persistence,5.100000000000001,5.100000000000001,True,False
2026-08-18T11:30:00Z,2,Nablus,pm25,6h,22.96,16.43,16.711770833333333,15.058958333333337,oof,fold_2,persistence,6.530000000000001,6.530000000000001,True,True
2026-08-18T11:30:00Z,4,Nablus,pm25,6h,21.31,13.0,14.853541666666668,13.438541666666667,oof,fold_2,persistence,8.309999999999999,8.309999999999999,False,False
2026-08-18T11:30:00Z,5,Nablus,pm25,6h,23.78,17.72,17.303124999999998,15.8621875,oof,fold_2,persistence,6.060000000000002,6.060000000000002,True,True
2026-08-18T11:45:00Z,1,Tulkarem,pm25,6h,19.04,13.55,15.646145833333334,14.081875000000002,oof,fold_2,persistence,5.489999999999998,5.489999999999998,True,False
2026-08-18T11:45:00Z,2,Nablus,pm25,6h,23.91,15.94,16.79854166666667,15.115,oof,fold_2,persistence,7.970000000000001,7.970000000000001,True,True
2026-08-18T11:45:00Z,4,Nablus,pm25,6h,21.19,12.64,14.926666666666668,13.479895833333332,oof,fold_2,persistence,8.55,8.55,False,False
2026-08-18T11:45:00Z,5,Nablus,pm25,6h,23.98,14.56,17.397187499999998,15.912708333333336,oof,fold_2,persistence,9.42,9.42,True,True
2026-08-18T12:00:00Z,1,Tulkarem,pm25,6h,19.87,13.08,15.717916666666667,14.159895833333332,oof,fold_2,persistence,6.790000000000001,6.790000000000001,True,False
2026-08-18T12:00:00Z,2,Nablus,pm25,6h,23.8,15.82,16.886770833333333,15.177708333333332,oof,fold_2,persistence,7.98,7.98,True,True
2026-08-18T12:00:00Z,4,Nablus,pm25,6h,21.53,12.69,15.005,13.52625,oof,fold_2,persistence,8.840000000000002,8.840000000000002,True,False
2026-08-18T12:00:00Z,5,Nablus,pm25,6h,24.18,13.85,17.4896875,15.958125,oof,fold_2,persistence,10.33,10.33,True,True
2026-08-18T12:15:00Z,1,Tulkarem,pm25,6h,18.86,13.36,15.777604166666665,14.242708333333336,oof,fold_2,persistence,5.5,5.5,True,False
2026-08-18T12:15:00Z,2,Nablus,pm25,6h,24.62,15.88,16.985312500000003,15.242708333333336,oof,fold_2,persistence,8.74,8.74,True,True
2026-08-18T12:15:00Z,4,Nablus,pm25,6h,22.3,12.54,15.0884375,13.576458333333331,oof,fold_2,persistence,9.760000000000002,9.760000000000002,True,False
2026-08-18T12:15:00Z,5,Nablus,pm25,6h,23.04,13.51,17.561666666666664,15.996874999999998,oof,fold_2,persistence,9.53,9.53,True,True
2026-08-18T12:30:00Z,1,Tulkarem,pm25,6h,19.29,13.06,15.843333333333332,14.322083333333332,oof,fold_2,persistence,6.229999999999999,6.229999999999999,True,False
2026-08-18T12:30:00Z,2,Nablus,pm25,6h,25.1,14.99,17.09375,15.302604166666669,oof,fold_2,persistence,10.110000000000001,10.110000000000001,True,True
2026-08-18T12:30:00Z,4,Nablus,pm25,6h,21.81,12.04,15.162916666666666,13.620520833333336,oof,fold_2,persistence,9.77,9.77,True,False
2026-08-18T12:30:00Z,5,Nablus,pm25,6h,23.59,13.61,17.639583333333334,16.043125,oof,fold_2,persistence,9.98,9.98,True,True
2026-08-18T12:45:00Z,1,Tulkarem,pm25,6h,19.46,12.64,15.908124999999998,14.3975,oof,fold_2,persistence,6.82,6.82,True,False
2026-08-18T12:45:00Z,2,Nablus,pm25,6h,25.11,15.58,17.1984375,15.366666666666667,oof,fold_2,persistence,9.53,9.53,True,True
2026-08-18T12:45:00Z,4,Nablus,pm25,6h,21.55,12.56,15.2315625,13.671354166666667,oof,fold_2,persistence,8.99,8.99,True,False
2026-08-18T12:45:00Z,5,Nablus,pm25,6h,23.46,13.76,17.7221875,16.0975,oof,fold_2,persistence,9.700000000000001,9.700000000000001,True,True
2026-08-18T13:00:00Z,1,Tulkarem,pm25,6h,19.02,13.0,15.97125,14.4759375,oof,fold_2,persistence,6.02,6.02,True,False
2026-08-18T13:00:00Z,2,Nablus,pm25,6h,26.69,15.43,17.304583333333333,15.435,oof,fold_2,persistence,11.260000000000002,11.260000000000002,True,True
2026-08-18T13:00:00Z,4,Nablus,pm25,6h,21.84,11.93,15.302395833333334,13.718229166666664,oof,fold_2,persistence,9.91,9.91,True,False
2026-08-18T13:00:00Z,5,Nablus,pm25,6h,22.85,13.4,17.798750000000002,16.146666666666665,oof,fold_2,persistence,9.450000000000001,9.450000000000001,True,True
2026-08-18T13:15:00Z,1,Tulkarem,pm25,6h,18.88,13.54,16.03125,14.560729166666668,oof,fold_2,persistence,5.34,5.34,True,False
2026-08-18T13:15:00Z,2,Nablus,pm25,6h,23.79,15.64,17.38083333333333,15.507291666666667,oof,fold_2,persistence,8.149999999999999,8.149999999999999,True,True
2026-08-18T13:15:00Z,4,Nablus,pm25,6h,21.94,11.52,15.376875,13.75875,oof,fold_2,persistence,10.420000000000002,10.420000000000002,True,False
2026-08-18T13:15:00Z,5,Nablus,pm25,6h,23.28,13.59,17.877395833333335,16.197708333333335,oof,fold_2,persistence,9.690000000000001,9.690000000000001,True,True
2026-08-18T13:30:00Z,1,Tulkarem,pm25,6h,19.15,14.13,16.09447916666667,14.647604166666667,oof,fold_2,persistence,5.019999999999998,5.019999999999998,True,False
2026-08-18T13:30:00Z,2,Nablus,pm25,6h,23.59,14.57,17.4578125,15.565,oof,fold_2,persistence,9.02,9.02,True,True
2026-08-18T13:30:00Z,4,Nablus,pm25,6h,22.3,11.31,15.448125,13.801770833333334,oof,fold_2,persistence,10.99,10.99,True,False
2026-08-18T13:30:00Z,5,Nablus,pm25,6h,21.86,13.65,17.934375,16.249479166666664,oof,fold_2,persistence,8.209999999999999,8.209999999999999,True,True
2026-08-18T13:45:00Z,1,Tulkarem,pm25,6h,18.14,14.3,16.151145833333334,14.725520833333333,oof,fold_2,persistence,3.84,3.84,True,False
2026-08-18T13:45:00Z,2,Nablus,pm25,6h,23.06,14.53,17.523229166666667,15.61625,oof,fold_2,persistence,8.53,8.53,True,True
2026-08-18T13:45:00Z,4,Nablus,pm25,6h,20.98,10.88,15.505520833333335,13.839479166666663,oof,fold_2,persistence,10.1,10.1,True,False
2026-08-18T13:45:00Z,5,Nablus,pm25,6h,23.25,13.78,18.007291666666664,16.300208333333334,oof,fold_2,persistence,9.47,9.47,True,True
2026-08-18T14:00:00Z,1,Tulkarem,pm25,6h,18.53,14.93,16.2065625,14.79125,oof,fold_2,persistence,3.6000000000000014,3.6000000000000014,True,False
2026-08-18T14:00:00Z,2,Nablus,pm25,6h,23.88,14.31,17.589166666666667,15.676875,oof,fold_2,persistence,9.569999999999999,9.569999999999999,True,True
2026-08-18T14:00:00Z,4,Nablus,pm25,6h,19.95,10.91,15.542291666666666,13.8825,oof,fold_2,persistence,9.04,9.04,True,False
2026-08-18T14:00:00Z,5,Nablus,pm25,6h,21.11,13.6,18.054583333333333,16.3471875,oof,fold_2,persistence,7.51,7.51,True,True
2026-08-18T14:15:00Z,1,Tulkarem,pm25,6h,18.12,15.52,16.254375,14.845416666666669,oof,fold_2,persistence,2.6000000000000014,2.6000000000000014,True,False
2026-08-18T14:15:00Z,2,Nablus,pm25,6h,22.31,14.55,17.643229166666668,15.7415625,oof,fold_2,persistence,7.759999999999998,7.759999999999998,True,True
2026-08-18T14:15:00Z,4,Nablus,pm25,6h,19.78,14.71,15.566770833333337,13.965000000000002,oof,fold_2,persistence,5.07,5.07,True,False
2026-08-18T14:15:00Z,5,Nablus,pm25,6h,21.39,13.52,18.096041666666665,16.395,oof,fold_2,persistence,7.870000000000001,7.870000000000001,True,True
2026-08-18T14:30:00Z,1,Tulkarem,pm25,6h,16.81,15.36,16.2890625,14.893645833333336,oof,fold_2,persistence,1.4499999999999993,1.4499999999999993,True,False
2026-08-18T14:30:00Z,2,Nablus,pm25,6h,22.29,15.2,17.7109375,15.809479166666668,oof,fold_2,persistence,7.09,7.09,True,True
2026-08-18T14:30:00Z,4,Nablus,pm25,6h,20.03,13.28,15.61125,14.032708333333334,oof,fold_2,persistence,6.750000000000002,6.750000000000002,True,False
2026-08-18T14:30:00Z,5,Nablus,pm25,6h,21.2,14.17,18.15041666666667,16.443645833333335,oof,fold_2,persistence,7.029999999999999,7.029999999999999,True,True
2026-08-18T14:45:00Z,1,Tulkarem,pm25,6h,16.61,15.33,16.318854166666664,14.940104166666666,oof,fold_2,persistence,1.2799999999999994,1.2799999999999994,True,False
2026-08-18T14:45:00Z,2,Nablus,pm25,6h,21.32,15.51,17.774479166666666,15.874479166666667,oof,fold_2,persistence,5.8100000000000005,5.8100000000000005,True,True
2026-08-18T14:45:00Z,4,Nablus,pm25,6h,19.01,16.36,15.667708333333335,14.128229166666666,oof,fold_2,persistence,2.650000000000002,2.650000000000002,True,False
2026-08-18T14:45:00Z,5,Nablus,pm25,6h,21.95,15.32,18.2059375,16.497916666666665,oof,fold_2,persistence,6.629999999999999,6.629999999999999,True,True
2026-08-18T15:00:00Z,1,Tulkarem,pm25,6h,16.92,15.55,16.349791666666665,14.990208333333332,oof,fold_2,persistence,1.370000000000001,1.370000000000001,True,False
2026-08-18T15:00:00Z,2,Nablus,pm25,6h,21.44,17.42,17.838645833333334,15.95604166666667,oof,fold_2,persistence,4.02,4.02,True,True
2026-08-18T15:00:00Z,4,Nablus,pm25,6h,18.93,13.45,15.721666666666666,14.183125,oof,fold_2,persistence,5.48,5.48,True,False
2026-08-18T15:00:00Z,5,Nablus,pm25,6h,22.28,16.51,18.257708333333333,16.560729166666665,oof,fold_2,persistence,5.77,5.77,True,True
2026-08-18T15:15:00Z,1,Tulkarem,pm25,6h,17.19,15.56,16.371979166666666,15.043124999999998,oof,fold_2,persistence,1.6300000000000008,1.6300000000000008,True,True
2026-08-18T15:15:00Z,2,Nablus,pm25,6h,20.91,16.28,17.883020833333337,16.02416666666667,oof,fold_2,persistence,4.629999999999999,4.629999999999999,True,True
2026-08-18T15:15:00Z,4,Nablus,pm25,6h,19.14,13.37,15.767083333333334,14.236979166666666,oof,fold_2,persistence,5.770000000000001,5.770000000000001,True,False
2026-08-18T15:15:00Z,5,Nablus,pm25,6h,21.98,17.38,18.265833333333333,16.629270833333333,oof,fold_2,persistence,4.600000000000001,4.600000000000001,True,True
2026-08-18T15:30:00Z,1,Tulkarem,pm25,6h,17.42,15.69,16.395208333333333,15.104583333333332,oof,fold_2,persistence,1.7300000000000022,1.7300000000000022,True,True
2026-08-18T15:30:00Z,2,Nablus,pm25,6h,20.72,16.57,17.9259375,16.076770833333335,oof,fold_2,persistence,4.149999999999999,4.149999999999999,True,True
2026-08-18T15:30:00Z,4,Nablus,pm25,6h,19.7,14.34,15.813854166666667,14.294270833333334,oof,fold_2,persistence,5.359999999999999,5.359999999999999,True,False
2026-08-18T15:30:00Z,5,Nablus,pm25,6h,21.16,17.75,18.29010416666667,16.696770833333332,oof,fold_2,persistence,3.41,3.41,True,True
2026-08-18T15:45:00Z,1,Tulkarem,pm25,6h,17.14,15.58,16.416145833333335,15.155520833333332,oof,fold_2,persistence,1.5600000000000005,1.5600000000000005,True,True
2026-08-18T15:45:00Z,2,Nablus,pm25,6h,20.73,17.1,17.949375,16.140416666666667,oof,fold_2,persistence,3.629999999999999,3.629999999999999,True,True
2026-08-18T15:45:00Z,4,Nablus,pm25,6h,20.29,14.49,15.8696875,14.345833333333331,oof,fold_2,persistence,5.799999999999999,5.799999999999999,True,False
2026-08-18T15:45:00Z,5,Nablus,pm25,6h,23.43,18.29,18.35625,16.7553125,oof,fold_2,persistence,5.140000000000001,5.140000000000001,True,True
2026-08-18T16:00:00Z,1,Tulkarem,pm25,6h,17.5,16.27,16.446770833333336,15.207083333333337,oof,fold_2,persistence,1.2300000000000004,1.2300000000000004,True,True
2026-08-18T16:00:00Z,2,Nablus,pm25,6h,22.09,19.34,17.93041666666667,16.215416666666666,oof,fold_2,persistence,2.75,2.75,True,True
2026-08-18T16:00:00Z,4,Nablus,pm25,6h,20.41,15.38,15.930104166666668,14.403541666666667,oof,fold_2,persistence,5.029999999999999,5.029999999999999,True,False
2026-08-18T16:00:00Z,5,Nablus,pm25,6h,23.73,19.11,18.4221875,16.818541666666665,oof,fold_2,persistence,4.620000000000001,4.620000000000001,True,True
2026-08-18T16:15:00Z,1,Tulkarem,pm25,6h,17.71,17.46,16.471666666666668,15.267083333333332,oof,fold_2,persistence,0.25,0.25,True,True
2026-08-18T16:15:00Z,2,Nablus,pm25,6h,21.68,20.99,17.949479166666666,16.303020833333335,oof,fold_2,persistence,0.6900000000000013,0.6900000000000013,True,True
2026-08-18T16:15:00Z,4,Nablus,pm25,6h,21.87,17.36,16.005520833333332,14.473333333333334,oof,fold_2,persistence,4.510000000000002,4.510000000000002,True,False
2026-08-18T16:15:00Z,5,Nablus,pm25,6h,23.6,20.18,18.491041666666668,16.885520833333334,oof,fold_2,persistence,3.4200000000000017,3.4200000000000017,True,True
2026-08-18T16:30:00Z,1,Tulkarem,pm25,6h,17.8,18.33,16.495833333333334,15.330104166666668,oof,fold_2,persistence,0.5299999999999976,-0.5299999999999976,True,True
2026-08-18T16:30:00Z,2,Nablus,pm25,6h,20.98,21.49,17.988541666666666,16.3859375,oof,fold_2,persistence,0.509999999999998,-0.509999999999998,True,True
2026-08-18T16:30:00Z,4,Nablus,pm25,6h,20.55,18.64,16.068854166666664,14.543854166666668,oof,fold_2,persistence,1.9100000000000001,1.9100000000000001,True,False
2026-08-18T16:30:00Z,5,Nablus,pm25,6h,27.42,20.84,18.601875,16.9528125,oof,fold_2,persistence,6.580000000000002,6.580000000000002,True,True
2026-08-18T16:45:00Z,1,Tulkarem,pm25,6h,18.78,19.09,16.50583333333333,15.400729166666666,oof,fold_2,persistence,0.3099999999999987,-0.3099999999999987,True,True
2026-08-18T16:45:00Z,2,Nablus,pm25,6h,21.02,21.73,18.0378125,16.468333333333334,oof,fold_2,persistence,0.7100000000000009,-0.7100000000000009,True,True
2026-08-18T16:45:00Z,4,Nablus,pm25,6h,20.16,19.43,16.133020833333333,14.619270833333331,oof,fold_2,persistence,0.7300000000000004,0.7300000000000004,True,False
2026-08-18T16:45:00Z,5,Nablus,pm25,6h,23.35,21.72,18.67375,17.034583333333334,oof,fold_2,persistence,1.6300000000000026,1.6300000000000026,True,True
2026-08-18T17:00:00Z,1,Tulkarem,pm25,6h,23.73,18.81,16.5703125,15.464583333333332,oof,fold_2,persistence,4.920000000000002,4.920000000000002,True,True
2026-08-18T17:00:00Z,2,Nablus,pm25,6h,20.58,22.97,18.086770833333336,16.55333333333333,oof,fold_2,persistence,2.3900000000000006,-2.3900000000000006,True,True
2026-08-18T17:00:00Z,4,Nablus,pm25,6h,20.14,20.32,16.19604166666667,14.693645833333337,oof,fold_2,persistence,0.17999999999999972,-0.17999999999999972,True,False
2026-08-18T17:00:00Z,5,Nablus,pm25,6h,22.77,22.21,18.736979166666668,17.114791666666665,oof,fold_2,persistence,0.5599999999999987,0.5599999999999987,True,True
2026-08-18T17:15:00Z,1,Tulkarem,pm25,6h,24.9,18.49,16.6584375,15.523541666666668,oof,fold_2,persistence,6.41,6.41,True,True
2026-08-18T17:15:00Z,2,Nablus,pm25,6h,20.76,23.0,18.14197916666667,16.6346875,oof,fold_2,persistence,2.2399999999999984,-2.2399999999999984,True,True
2026-08-18T17:15:00Z,4,Nablus,pm25,6h,19.77,21.28,16.25541666666667,14.776458333333336,oof,fold_2,persistence,1.5100000000000016,-1.5100000000000016,True,False
2026-08-18T17:15:00Z,5,Nablus,pm25,6h,23.33,23.35,18.80270833333333,17.207604166666666,oof,fold_2,persistence,0.020000000000003126,-0.020000000000003126,True,True
2026-08-18T17:30:00Z,1,Tulkarem,pm25,6h,21.44,18.76,16.7184375,15.582708333333334,oof,fold_2,persistence,2.6799999999999997,2.6799999999999997,True,True
2026-08-18T17:30:00Z,2,Nablus,pm25,6h,19.84,22.96,18.19125,16.711770833333333,oof,fold_2,persistence,3.120000000000001,-3.120000000000001,True,True
2026-08-18T17:30:00Z,4,Nablus,pm25,6h,18.69,21.31,16.303749999999997,14.853541666666668,oof,fold_2,persistence,2.6199999999999974,-2.6199999999999974,True,False
2026-08-18T17:30:00Z,5,Nablus,pm25,6h,22.69,23.78,18.86625,17.303124999999998,oof,fold_2,persistence,1.0899999999999999,-1.0899999999999999,True,True
2026-08-18T17:45:00Z,1,Tulkarem,pm25,6h,21.57,19.04,16.780729166666667,15.646145833333334,oof,fold_2,persistence,2.530000000000001,2.530000000000001,True,True
2026-08-18T17:45:00Z,2,Nablus,pm25,6h,19.56,23.91,18.23125,16.79854166666667,oof,fold_2,persistence,4.350000000000001,-4.350000000000001,True,True
2026-08-18T17:45:00Z,4,Nablus,pm25,6h,18.43,21.19,16.3440625,14.926666666666668,oof,fold_2,persistence,2.7600000000000016,-2.7600000000000016,True,False
2026-08-18T17:45:00Z,5,Nablus,pm25,6h,23.11,23.98,18.929479166666667,17.397187499999998,oof,fold_2,persistence,0.870000000000001,-0.870000000000001,True,True
2026-08-18T18:00:00Z,1,Tulkarem,pm25,6h,23.52,19.87,16.853125000000002,15.717916666666667,oof,fold_2,persistence,3.6499999999999986,3.6499999999999986,True,True
2026-08-18T18:00:00Z,2,Nablus,pm25,6h,19.39,23.8,18.26760416666667,16.886770833333333,oof,fold_2,persistence,4.41,-4.41,True,True
2026-08-18T18:00:00Z,4,Nablus,pm25,6h,18.15,21.53,16.380208333333332,15.005,oof,fold_2,persistence,3.3800000000000026,-3.3800000000000026,True,True
2026-08-18T18:00:00Z,5,Nablus,pm25,6h,23.48,24.18,18.991041666666664,17.4896875,oof,fold_2,persistence,0.6999999999999993,-0.6999999999999993,True,True
2026-08-18T18:15:00Z,1,Tulkarem,pm25,6h,24.35,18.86,16.944062499999998,15.777604166666665,oof,fold_2,persistence,5.490000000000002,5.490000000000002,True,True
2026-08-18T18:15:00Z,2,Nablus,pm25,6h,19.42,24.62,18.30375,16.985312500000003,oof,fold_2,persistence,5.199999999999999,-5.199999999999999,True,True
2026-08-18T18:15:00Z,4,Nablus,pm25,6h,18.78,22.3,16.41875,15.0884375,oof,fold_2,persistence,3.5199999999999996,-3.5199999999999996,True,True
2026-08-18T18:15:00Z,5,Nablus,pm25,6h,23.14,23.04,19.04958333333333,17.561666666666664,oof,fold_2,persistence,0.10000000000000142,0.10000000000000142,True,True
2026-08-18T18:30:00Z,1,Tulkarem,pm25,6h,21.34,19.29,17.009687500000002,15.843333333333332,oof,fold_2,persistence,2.0500000000000007,2.0500000000000007,True,True
2026-08-18T18:30:00Z,2,Nablus,pm25,6h,19.99,25.1,18.345,17.09375,oof,fold_2,persistence,5.110000000000003,-5.110000000000003,True,True
2026-08-18T18:30:00Z,4,Nablus,pm25,6h,18.93,21.81,16.463645833333334,15.162916666666666,oof,fold_2,persistence,2.879999999999999,-2.879999999999999,True,True
2026-08-18T18:30:00Z,5,Nablus,pm25,6h,21.31,23.59,19.085104166666667,17.639583333333334,oof,fold_2,persistence,2.280000000000001,-2.280000000000001,True,True
2026-08-18T18:45:00Z,1,Tulkarem,pm25,6h,20.96,19.46,17.0703125,15.908124999999998,oof,fold_2,persistence,1.5,1.5,True,True
2026-08-18T18:45:00Z,2,Nablus,pm25,6h,20.49,25.11,18.390416666666667,17.1984375,oof,fold_2,persistence,4.620000000000001,-4.620000000000001,True,True
2026-08-18T18:45:00Z,4,Nablus,pm25,6h,18.92,21.55,16.5025,15.2315625,oof,fold_2,persistence,2.629999999999999,-2.629999999999999,True,True
2026-08-18T18:45:00Z,5,Nablus,pm25,6h,19.56,23.46,19.10020833333333,17.7221875,oof,fold_2,persistence,3.900000000000002,-3.900000000000002,True,True
2026-08-18T19:00:00Z,1,Tulkarem,pm25,6h,20.66,19.02,17.125416666666666,15.97125,oof,fold_2,persistence,1.6400000000000006,1.6400000000000006,True,True
2026-08-18T19:00:00Z,2,Nablus,pm25,6h,19.6,26.69,18.4278125,17.304583333333333,oof,fold_2,persistence,7.09,-7.09,True,True
2026-08-18T19:00:00Z,4,Nablus,pm25,6h,18.32,21.84,16.537916666666664,15.302395833333334,oof,fold_2,persistence,3.5199999999999996,-3.5199999999999996,True,True
2026-08-18T19:00:00Z,5,Nablus,pm25,6h,21.92,22.85,19.131041666666665,17.798750000000002,oof,fold_2,persistence,0.9299999999999997,-0.9299999999999997,True,True
2026-08-18T19:15:00Z,1,Tulkarem,pm25,6h,21.24,18.88,17.186354166666668,16.03125,oof,fold_2,persistence,2.3599999999999994,2.3599999999999994,True,True
2026-08-18T19:15:00Z,2,Nablus,pm25,6h,20.32,23.79,18.474791666666665,17.38083333333333,oof,fold_2,persistence,3.469999999999999,-3.469999999999999,True,True
2026-08-18T19:15:00Z,4,Nablus,pm25,6h,19.22,21.94,16.578854166666666,15.376875,oof,fold_2,persistence,2.7200000000000024,-2.7200000000000024,True,True
2026-08-18T19:15:00Z,5,Nablus,pm25,6h,23.41,23.28,19.180833333333336,17.877395833333335,oof,fold_2,persistence,0.129999999999999,0.129999999999999,True,True
2026-08-18T19:30:00Z,1,Tulkarem,pm25,6h,21.93,19.15,17.2540625,16.09447916666667,oof,fold_2,persistence,2.780000000000001,2.780000000000001,True,True
2026-08-18T19:30:00Z,2,Nablus,pm25,6h,20.43,23.59,18.515520833333333,17.4578125,oof,fold_2,persistence,3.16,-3.16,True,True
2026-08-18T19:30:00Z,4,Nablus,pm25,6h,19.49,22.3,16.624375,15.448125,oof,fold_2,persistence,2.8100000000000023,-2.8100000000000023,True,True
2026-08-18T19:30:00Z,5,Nablus,pm25,6h,25.08,21.86,19.24145833333333,17.934375,oof,fold_2,persistence,3.219999999999999,3.219999999999999,True,True
2026-08-18T19:45:00Z,1,Tulkarem,pm25,6h,20.81,18.14,17.305729166666666,16.151145833333334,oof,fold_2,persistence,2.669999999999998,2.669999999999998,True,True
2026-08-18T19:45:00Z,2,Nablus,pm25,6h,20.75,23.06,18.555729166666666,17.523229166666667,oof,fold_2,persistence,2.3099999999999987,-2.3099999999999987,True,True
2026-08-18T19:45:00Z,4,Nablus,pm25,6h,18.93,20.98,16.663541666666667,15.505520833333335,oof,fold_2,persistence,2.0500000000000007,-2.0500000000000007,True,True
2026-08-18T19:45:00Z,5,Nablus,pm25,6h,25.75,23.25,19.308125,18.007291666666664,oof,fold_2,persistence,2.5,2.5,True,True
2026-08-18T20:00:00Z,1,Tulkarem,pm25,6h,20.47,18.53,17.359166666666667,16.2065625,oof,fold_2,persistence,1.9399999999999977,1.9399999999999977,True,True
2026-08-18T20:00:00Z,2,Nablus,pm25,6h,19.34,23.88,18.580104166666665,17.589166666666667,oof,fold_2,persistence,4.539999999999999,-4.539999999999999,True,True
2026-08-18T20:00:00Z,4,Nablus,pm25,6h,17.73,19.95,16.687708333333333,15.542291666666666,oof,fold_2,persistence,2.219999999999999,-2.219999999999999,True,True
2026-08-18T20:00:00Z,5,Nablus,pm25,6h,23.96,21.11,19.347604166666667,18.054583333333333,oof,fold_2,persistence,2.8500000000000014,2.8500000000000014,True,True
2026-08-18T20:15:00Z,1,Tulkarem,pm25,6h,20.49,18.12,17.4128125,16.254375,oof,fold_2,persistence,2.3699999999999974,2.3699999999999974,True,True
2026-08-18T20:15:00Z,2,Nablus,pm25,6h,17.84,22.31,18.59083333333333,17.643229166666668,oof,fold_2,persistence,4.469999999999999,-4.469999999999999,True,True
2026-08-18T20:15:00Z,4,Nablus,pm25,6h,17.14,19.78,16.706770833333334,15.566770833333337,oof,fold_2,persistence,2.6400000000000006,-2.6400000000000006,True,True
2026-08-18T20:15:00Z,5,Nablus,pm25,6h,29.61,21.39,19.43583333333333,18.096041666666665,oof,fold_2,persistence,8.219999999999999,8.219999999999999,True,True
2026-08-18T20:30:00Z,1,Tulkarem,pm25,6h,20.79,16.81,17.467916666666667,16.2890625,oof,fold_2,persistence,3.9800000000000004,3.9800000000000004,True,True
2026-08-18T20:30:00Z,2,Nablus,pm25,6h,17.37,22.29,18.599375,17.7109375,oof,fold_2,persistence,4.919999999999998,-4.919999999999998,True,True
2026-08-18T20:30:00Z,4,Nablus,pm25,6h,16.28,20.03,16.713541666666668,15.61125,oof,fold_2,persistence,3.75,-3.75,True,True
2026-08-18T20:30:00Z,5,Nablus,pm25,6h,33.01,21.2,19.550833333333333,18.15041666666667,oof,fold_2,persistence,11.809999999999999,11.809999999999999,True,True
2026-08-18T20:45:00Z,1,Tulkarem,pm25,6h,20.11,16.61,17.516979166666665,16.318854166666664,oof,fold_2,persistence,3.5,3.5,True,True
2026-08-18T20:45:00Z,2,Nablus,pm25,6h,16.26,21.32,18.58802083333333,17.774479166666666,oof,fold_2,persistence,5.059999999999999,-5.059999999999999,True,True
2026-08-18T20:45:00Z,4,Nablus,pm25,6h,16.09,19.01,16.717604166666668,15.667708333333335,oof,fold_2,persistence,2.9200000000000017,-2.9200000000000017,True,True
2026-08-18T20:45:00Z,5,Nablus,pm25,6h,27.61,21.95,19.609791666666663,18.2059375,oof,fold_2,persistence,5.66,5.66,True,True
2026-08-18T21:00:00Z,1,Tulkarem,pm25,6h,22.17,16.92,17.585520833333334,16.349791666666665,oof,fold_2,persistence,5.25,5.25,True,True
2026-08-18T21:00:00Z,2,Nablus,pm25,6h,15.68,21.44,18.570833333333333,17.838645833333334,oof,fold_2,persistence,5.760000000000002,-5.760000000000002,True,True
2026-08-18T21:00:00Z,4,Nablus,pm25,6h,15.78,18.93,16.716874999999998,15.721666666666666,oof,fold_2,persistence,3.1500000000000004,-3.1500000000000004,True,True
2026-08-18T21:00:00Z,5,Nablus,pm25,6h,20.55,22.28,19.586145833333333,18.257708333333333,oof,fold_2,persistence,1.7300000000000004,-1.7300000000000004,True,True
2026-08-18T21:15:00Z,1,Tulkarem,pm25,6h,26.11,17.19,17.697187500000002,16.371979166666666,oof,fold_2,persistence,8.919999999999998,8.919999999999998,True,True
2026-08-18T21:15:00Z,2,Nablus,pm25,6h,15.18,20.91,18.546041666666667,17.883020833333337,oof,fold_2,persistence,5.73,-5.73,True,True
2026-08-18T21:15:00Z,4,Nablus,pm25,6h,15.28,19.14,16.70958333333333,15.767083333333334,oof,fold_2,persistence,3.860000000000001,-3.860000000000001,True,True
2026-08-18T21:15:00Z,5,Nablus,pm25,6h,18.62,21.98,19.531979166666662,18.265833333333333,oof,fold_2,persistence,3.3599999999999994,-3.3599999999999994,True,True
2026-08-18T21:30:00Z,1,Tulkarem,pm25,6h,22.1,17.42,17.763854166666665,16.395208333333333,oof,fold_2,persistence,4.68,4.68,True,True
2026-08-18T21:30:00Z,2,Nablus,pm25,6h,14.04,20.72,18.5121875,17.9259375,oof,fold_2,persistence,6.68,-6.68,True,True
2026-08-18T21:30:00Z,4,Nablus,pm25,6h,14.15,19.7,16.691875,15.813854166666667,oof,fold_2,persistence,5.549999999999999,-5.549999999999999,True,True
2026-08-18T21:30:00Z,5,Nablus,pm25,6h,17.38,21.16,19.465729166666662,18.29010416666667,oof,fold_2,persistence,3.780000000000001,-3.780000000000001,True,True
2026-08-18T21:45:00Z,1,Tulkarem,pm25,6h,20.6,17.14,17.809791666666666,16.416145833333335,oof,fold_2,persistence,3.460000000000001,3.460000000000001,True,True
2026-08-18T21:45:00Z,2,Nablus,pm25,6h,13.66,20.73,18.48208333333333,17.949375,oof,fold_2,persistence,7.07,-7.07,True,True
2026-08-18T21:45:00Z,4,Nablus,pm25,6h,13.48,20.29,16.665625000000002,15.8696875,oof,fold_2,persistence,6.809999999999999,-6.809999999999999,True,True
2026-08-18T21:45:00Z,5,Nablus,pm25,6h,17.7,23.43,19.407083333333336,18.35625,oof,fold_2,persistence,5.73,-5.73,True,True
2026-08-18T22:00:00Z,1,Tulkarem,pm25,6h,19.21,17.5,17.806041666666665,16.446770833333336,oof,fold_2,persistence,1.7100000000000009,1.7100000000000009,True,True
2026-08-18T22:00:00Z,2,Nablus,pm25,6h,13.2,22.09,18.439375,17.93041666666667,oof,fold_2,persistence,8.89,-8.89,True,True
2026-08-18T22:00:00Z,4,Nablus,pm25,6h,13.43,20.41,16.640729166666667,15.930104166666668,oof,fold_2,persistence,6.98,-6.98,True,True
2026-08-18T22:00:00Z,5,Nablus,pm25,6h,20.55,23.73,19.386354166666667,18.4221875,oof,fold_2,persistence,3.1799999999999997,-3.1799999999999997,True,True
2026-08-18T22:15:00Z,1,Tulkarem,pm25,6h,18.79,17.71,17.769166666666667,16.471666666666668,oof,fold_2,persistence,1.0799999999999983,1.0799999999999983,True,True
2026-08-18T22:15:00Z,2,Nablus,pm25,6h,12.73,21.68,18.38927083333333,17.949479166666666,oof,fold_2,persistence,8.95,-8.95,True,True
2026-08-18T22:15:00Z,4,Nablus,pm25,6h,12.25,21.87,16.601979166666666,16.005520833333332,oof,fold_2,persistence,9.620000000000001,-9.620000000000001,True,True
2026-08-18T22:15:00Z,5,Nablus,pm25,6h,15.19,23.6,19.322604166666668,18.491041666666668,oof,fold_2,persistence,8.410000000000002,-8.410000000000002,True,True
2026-08-18T22:30:00Z,1,Tulkarem,pm25,6h,17.13,17.8,17.693020833333332,16.495833333333334,oof,fold_2,persistence,0.6700000000000017,-0.6700000000000017,True,True
2026-08-18T22:30:00Z,2,Nablus,pm25,6h,12.44,20.98,18.33489583333333,17.988541666666666,oof,fold_2,persistence,8.540000000000001,-8.540000000000001,True,True
2026-08-18T22:30:00Z,4,Nablus,pm25,6h,12.15,20.55,16.560208333333332,16.068854166666664,oof,fold_2,persistence,8.4,-8.4,True,True
2026-08-18T22:30:00Z,5,Nablus,pm25,6h,16.0,27.42,19.26395833333333,18.601875,oof,fold_2,persistence,11.420000000000002,-11.420000000000002,True,True
2026-08-18T22:45:00Z,1,Tulkarem,pm25,6h,17.69,18.78,17.673958333333335,16.50583333333333,oof,fold_2,persistence,1.0899999999999999,-1.0899999999999999,True,True
2026-08-18T22:45:00Z,2,Nablus,pm25,6h,13.51,21.02,18.285520833333333,18.0378125,oof,fold_2,persistence,7.51,-7.51,True,True
2026-08-18T22:45:00Z,4,Nablus,pm25,6h,11.48,20.16,16.510208333333335,16.133020833333333,oof,fold_2,persistence,8.68,-8.68,True,True
2026-08-18T22:45:00Z,5,Nablus,pm25,6h,17.81,23.35,19.2340625,18.67375,oof,fold_2,persistence,5.540000000000003,-5.540000000000003,True,True
2026-08-18T23:00:00Z,1,Tulkarem,pm25,6h,16.74,23.73,17.685208333333335,16.5703125,oof,fold_2,persistence,6.990000000000002,-6.990000000000002,True,True
2026-08-18T23:00:00Z,2,Nablus,pm25,6h,13.39,20.58,18.24395833333333,18.086770833333336,oof,fold_2,persistence,7.189999999999998,-7.189999999999998,True,True
2026-08-18T23:00:00Z,4,Nablus,pm25,6h,11.93,20.14,16.469895833333336,16.19604166666667,oof,fold_2,persistence,8.21,-8.21,True,True
2026-08-18T23:00:00Z,5,Nablus,pm25,6h,14.81,22.77,19.183958333333333,18.736979166666668,oof,fold_2,persistence,7.959999999999999,-7.959999999999999,True,True
2026-08-18T23:15:00Z,1,Tulkarem,pm25,6h,17.64,24.9,17.676875,16.6584375,oof,fold_2,persistence,7.259999999999998,-7.259999999999998,True,True
2026-08-18T23:15:00Z,2,Nablus,pm25,6h,13.37,20.76,18.205416666666668,18.14197916666667,oof,fold_2,persistence,7.390000000000002,-7.390000000000002,True,True
2026-08-18T23:15:00Z,4,Nablus,pm25,6h,11.71,19.77,16.419687500000002,16.25541666666667,oof,fold_2,persistence,8.059999999999999,-8.059999999999999,True,True
2026-08-18T23:15:00Z,5,Nablus,pm25,6h,13.33,23.33,19.13270833333333,18.80270833333333,oof,fold_2,persistence,9.999999999999998,-9.999999999999998,True,True
2026-08-18T23:30:00Z,1,Tulkarem,pm25,6h,14.11,21.44,17.619791666666668,16.7184375,oof,fold_2,persistence,7.330000000000002,-7.330000000000002,True,True
2026-08-18T23:30:00Z,2,Nablus,pm25,6h,13.35,19.84,18.162291666666665,18.19125,oof,fold_2,persistence,6.49,-6.49,True,True
2026-08-18T23:30:00Z,4,Nablus,pm25,6h,11.32,18.69,16.3565625,16.303749999999997,oof,fold_2,persistence,7.370000000000001,-7.370000000000001,True,True
2026-08-18T23:30:00Z,5,Nablus,pm25,6h,14.4,22.69,19.101979166666663,18.86625,oof,fold_2,persistence,8.290000000000001,-8.290000000000001,True,True
2026-08-18T23:45:00Z,1,Tulkarem,pm25,6h,13.08,21.57,17.571458333333336,16.780729166666667,oof,fold_2,persistence,8.49,-8.49,True,True
2026-08-18T23:45:00Z,2,Nablus,pm25,6h,13.01,19.56,18.1246875,18.23125,oof,fold_2,persistence,6.549999999999999,-6.549999999999999,True,True
2026-08-18T23:45:00Z,4,Nablus,pm25,6h,11.35,18.43,16.2975,16.3440625,oof,fold_2,persistence,7.08,-7.08,True,True
2026-08-18T23:45:00Z,5,Nablus,pm25,6h,14.9,23.11,19.069479166666667,18.929479166666667,oof,fold_2,persistence,8.209999999999999,-8.209999999999999,True,True
2026-08-19T00:00:00Z,1,Tulkarem,pm25,6h,13.19,23.52,17.537395833333335,16.853125000000002,oof,fold_2,persistence,10.33,-10.33,True,True
2026-08-19T00:00:00Z,2,Nablus,pm25,6h,13.16,19.39,18.089166666666667,18.26760416666667,oof,fold_2,persistence,6.23,-6.23,True,True
2026-08-19T00:00:00Z,4,Nablus,pm25,6h,12.02,18.15,16.246041666666667,16.380208333333332,oof,fold_2,persistence,6.129999999999999,-6.129999999999999,True,True
2026-08-19T00:00:00Z,5,Nablus,pm25,6h,13.01,23.48,19.020625,18.991041666666664,oof,fold_2,persistence,10.47,-10.47,True,True
2026-08-19T00:15:00Z,1,Tulkarem,pm25,6h,12.37,24.35,17.468020833333334,16.944062499999998,oof,fold_2,persistence,11.980000000000002,-11.980000000000002,True,True
2026-08-19T00:15:00Z,2,Nablus,pm25,6h,12.98,19.42,18.05,18.30375,oof,fold_2,persistence,6.440000000000001,-6.440000000000001,True,True
2026-08-19T00:15:00Z,4,Nablus,pm25,6h,13.03,18.78,16.214270833333334,16.41875,oof,fold_2,persistence,5.750000000000002,-5.750000000000002,True,True
2026-08-19T00:15:00Z,5,Nablus,pm25,6h,12.42,23.14,18.9490625,19.04958333333333,oof,fold_2,persistence,10.72,-10.72,True,True
2026-08-19T00:30:00Z,1,Tulkarem,pm25,6h,13.11,21.34,17.409895833333334,17.009687500000002,oof,fold_2,persistence,8.23,-8.23,True,True
2026-08-19T00:30:00Z,2,Nablus,pm25,6h,13.81,19.99,18.02583333333333,18.345,oof,fold_2,persistence,6.179999999999998,-6.179999999999998,True,True
2026-08-19T00:30:00Z,4,Nablus,pm25,6h,12.25,18.93,16.177812499999998,16.463645833333334,oof,fold_2,persistence,6.68,-6.68,True,True
2026-08-19T00:30:00Z,5,Nablus,pm25,6h,12.72,21.31,18.894270833333334,19.085104166666667,oof,fold_2,persistence,8.589999999999998,-8.589999999999998,True,True
2026-08-19T00:45:00Z,1,Tulkarem,pm25,6h,11.56,20.96,17.358229166666668,17.0703125,oof,fold_2,persistence,9.4,-9.4,True,True
2026-08-19T00:45:00Z,2,Nablus,pm25,6h,14.19,20.49,18.004479166666666,18.390416666666667,oof,fold_2,persistence,6.299999999999999,-6.299999999999999,True,True
2026-08-19T00:45:00Z,4,Nablus,pm25,6h,12.62,18.92,16.146562499999998,16.5025,oof,fold_2,persistence,6.3000000000000025,-6.3000000000000025,True,True
2026-08-19T00:45:00Z,5,Nablus,pm25,6h,12.48,19.56,18.844375,19.10020833333333,oof,fold_2,persistence,7.079999999999998,-7.079999999999998,True,True
2026-08-19T01:00:00Z,1,Tulkarem,pm25,6h,10.97,20.66,17.302083333333332,17.125416666666666,oof,fold_2,persistence,9.69,-9.69,True,True
2026-08-19T01:00:00Z,2,Nablus,pm25,6h,15.08,19.6,17.995208333333334,18.4278125,oof,fold_2,persistence,4.520000000000001,-4.520000000000001,True,True
2026-08-19T01:00:00Z,4,Nablus,pm25,6h,12.21,18.32,16.124583333333334,16.537916666666664,oof,fold_2,persistence,6.109999999999999,-6.109999999999999,True,True
2026-08-19T01:00:00Z,5,Nablus,pm25,6h,12.62,21.92,18.79958333333333,19.131041666666665,oof,fold_2,persistence,9.300000000000002,-9.300000000000002,True,True
2026-08-19T01:15:00Z,1,Tulkarem,pm25,6h,11.74,21.24,17.257916666666667,17.186354166666668,oof,fold_2,persistence,9.499999999999998,-9.499999999999998,True,True
2026-08-19T01:15:00Z,2,Nablus,pm25,6h,14.76,20.32,17.983749999999997,18.474791666666665,oof,fold_2,persistence,5.5600000000000005,-5.5600000000000005,True,True
2026-08-19T01:15:00Z,4,Nablus,pm25,6h,13.05,19.22,16.108854166666667,16.578854166666666,oof,fold_2,persistence,6.169999999999998,-6.169999999999998,True,True
2026-08-19T01:15:00Z,5,Nablus,pm25,6h,12.09,23.41,18.755416666666665,19.180833333333336,oof,fold_2,persistence,11.32,-11.32,True,True
2026-08-19T01:30:00Z,1,Tulkarem,pm25,6h,12.84,21.93,17.2296875,17.2540625,oof,fold_2,persistence,9.09,-9.09,True,True
2026-08-19T01:30:00Z,2,Nablus,pm25,6h,14.75,20.43,17.977083333333333,18.515520833333333,oof,fold_2,persistence,5.68,-5.68,True,True
2026-08-19T01:30:00Z,4,Nablus,pm25,6h,12.53,19.49,16.085729166666667,16.624375,oof,fold_2,persistence,6.959999999999999,-6.959999999999999,True,True
2026-08-19T01:30:00Z,5,Nablus,pm25,6h,11.07,25.08,18.700625,19.24145833333333,oof,fold_2,persistence,14.009999999999998,-14.009999999999998,True,True
2026-08-19T01:45:00Z,1,Tulkarem,pm25,6h,14.43,20.81,17.210208333333334,17.305729166666666,oof,fold_2,persistence,6.379999999999999,-6.379999999999999,True,True
2026-08-19T01:45:00Z,2,Nablus,pm25,6h,13.81,20.75,17.957291666666666,18.555729166666666,oof,fold_2,persistence,6.9399999999999995,-6.9399999999999995,True,True
2026-08-19T01:45:00Z,4,Nablus,pm25,6h,12.11,18.93,16.062395833333337,16.663541666666667,oof,fold_2,persistence,6.82,-6.82,True,True
2026-08-19T01:45:00Z,5,Nablus,pm25,6h,11.19,25.75,18.6525,19.308125,oof,fold_2,persistence,14.56,-14.56,True,True
2026-08-19T02:00:00Z,1,Tulkarem,pm25,6h,15.58,20.47,17.200625,17.359166666666667,oof,fold_2,persistence,4.889999999999999,-4.889999999999999,True,True
2026-08-19T02:00:00Z,2,Nablus,pm25,6h,13.81,19.34,17.926145833333333,18.580104166666665,oof,fold_2,persistence,5.529999999999999,-5.529999999999999,True,True
2026-08-19T02:00:00Z,4,Nablus,pm25,6h,11.78,17.73,16.041145833333335,16.687708333333333,oof,fold_2,persistence,5.950000000000001,-5.950000000000001,True,True
2026-08-19T02:00:00Z,5,Nablus,pm25,6h,11.8,23.96,18.62302083333333,19.347604166666667,oof,fold_2,persistence,12.16,-12.16,True,True
2026-08-19T02:15:00Z,1,Tulkarem,pm25,6h,15.8,20.49,17.207916666666666,17.4128125,oof,fold_2,persistence,4.689999999999998,-4.689999999999998,True,True
2026-08-19T02:15:00Z,2,Nablus,pm25,6h,13.75,17.84,17.9046875,18.59083333333333,oof,fold_2,persistence,4.09,-4.09,True,True
2026-08-19T02:15:00Z,4,Nablus,pm25,6h,11.92,17.14,16.016041666666666,16.706770833333334,oof,fold_2,persistence,5.220000000000001,-5.220000000000001,True,True
2026-08-19T02:15:00Z,5,Nablus,pm25,6h,11.05,29.61,18.583125,19.43583333333333,oof,fold_2,persistence,18.56,-18.56,True,True
2026-08-19T02:30:00Z,1,Tulkarem,pm25,6h,16.33,20.79,17.203645833333336,17.467916666666667,oof,fold_2,persistence,4.460000000000001,-4.460000000000001,True,True
2026-08-19T02:30:00Z,2,Nablus,pm25,6h,13.04,17.37,17.880416666666665,18.599375,oof,fold_2,persistence,4.330000000000002,-4.330000000000002,True,True
2026-08-19T02:30:00Z,4,Nablus,pm25,6h,11.69,16.28,15.9940625,16.713541666666668,oof,fold_2,persistence,4.590000000000002,-4.590000000000002,True,True
2026-08-19T02:30:00Z,5,Nablus,pm25,6h,12.0,33.01,18.5590625,19.550833333333333,oof,fold_2,persistence,21.009999999999998,-21.009999999999998,True,True
2026-08-19T02:45:00Z,1,Tulkarem,pm25,6h,16.39,20.11,17.219270833333333,17.516979166666665,oof,fold_2,persistence,3.719999999999999,-3.719999999999999,True,True
2026-08-19T02:45:00Z,2,Nablus,pm25,6h,13.44,16.26,17.855104166666667,18.58802083333333,oof,fold_2,persistence,2.820000000000002,-2.820000000000002,True,True
2026-08-19T02:45:00Z,4,Nablus,pm25,6h,11.91,16.09,15.96625,16.717604166666668,oof,fold_2,persistence,4.18,-4.18,True,True
2026-08-19T02:45:00Z,5,Nablus,pm25,6h,12.03,27.61,18.540208333333336,19.609791666666663,oof,fold_2,persistence,15.58,-15.58,True,True
2026-08-19T03:00:00Z,1,Tulkarem,pm25,6h,15.29,22.17,17.213125,17.585520833333334,oof,fold_2,persistence,6.880000000000003,-6.880000000000003,True,True
2026-08-19T03:00:00Z,2,Nablus,pm25,6h,12.89,15.68,17.822916666666668,18.570833333333333,oof,fold_2,persistence,2.789999999999999,-2.789999999999999,True,True
2026-08-19T03:00:00Z,4,Nablus,pm25,6h,12.92,15.78,15.954791666666663,16.716874999999998,oof,fold_2,persistence,2.8599999999999994,-2.8599999999999994,True,True
2026-08-19T03:00:00Z,5,Nablus,pm25,6h,11.64,20.55,18.509479166666665,19.586145833333333,oof,fold_2,persistence,8.91,-8.91,True,True
2026-08-19T03:15:00Z,1,Tulkarem,pm25,6h,12.61,26.11,17.186354166666668,17.697187500000002,oof,fold_2,persistence,13.5,-13.5,True,True
2026-08-19T03:15:00Z,2,Nablus,pm25,6h,13.19,15.18,17.8,18.546041666666667,oof,fold_2,persistence,1.9900000000000002,-1.9900000000000002,True,True
2026-08-19T03:15:00Z,4,Nablus,pm25,6h,12.07,15.28,15.939166666666669,16.70958333333333,oof,fold_2,persistence,3.209999999999999,-3.209999999999999,True,True
2026-08-19T03:15:00Z,5,Nablus,pm25,6h,11.45,18.62,18.48,19.531979166666662,oof,fold_2,persistence,7.170000000000002,-7.170000000000002,True,True
2026-08-19T03:30:00Z,1,Tulkarem,pm25,6h,11.01,22.1,17.141770833333336,17.763854166666665,oof,fold_2,persistence,11.090000000000002,-11.090000000000002,True,True
2026-08-19T03:30:00Z,2,Nablus,pm25,6h,13.08,14.04,17.769375,18.5121875,oof,fold_2,persistence,0.9599999999999991,-0.9599999999999991,True,True
2026-08-19T03:30:00Z,4,Nablus,pm25,6h,12.42,14.15,15.917812499999998,16.691875,oof,fold_2,persistence,1.7300000000000004,-1.7300000000000004,True,True
2026-08-19T03:30:00Z,5,Nablus,pm25,6h,11.42,17.38,18.4525,19.465729166666662,oof,fold_2,persistence,5.959999999999999,-5.959999999999999,True,True
2026-08-19T03:45:00Z,1,Tulkarem,pm25,6h,10.68,20.6,17.089583333333334,17.809791666666666,oof,fold_2,persistence,9.920000000000002,-9.920000000000002,True,True
2026-08-19T03:45:00Z,2,Nablus,pm25,6h,12.48,13.66,17.740312499999998,18.48208333333333,oof,fold_2,persistence,1.1799999999999997,-1.1799999999999997,True,True
2026-08-19T03:45:00Z,4,Nablus,pm25,6h,10.71,13.48,15.8903125,16.665625000000002,oof,fold_2,persistence,2.7699999999999996,-2.7699999999999996,True,True
2026-08-19T03:45:00Z,5,Nablus,pm25,6h,11.0,17.7,18.424375,19.407083333333336,oof,fold_2,persistence,6.699999999999999,-6.699999999999999,True,True
2026-08-19T04:00:00Z,1,Tulkarem,pm25,6h,9.41,19.21,17.035729166666666,17.806041666666665,oof,fold_2,persistence,9.8,-9.8,True,True
2026-08-19T04:00:00Z,2,Nablus,pm25,6h,11.57,13.2,17.7028125,18.439375,oof,fold_2,persistence,1.629999999999999,-1.629999999999999,True,True
2026-08-19T04:00:00Z,4,Nablus,pm25,6h,11.08,13.43,15.864062499999998,16.640729166666667,oof,fold_2,persistence,2.3499999999999996,-2.3499999999999996,True,True
2026-08-19T04:00:00Z,5,Nablus,pm25,6h,11.33,20.55,18.403125,19.386354166666667,oof,fold_2,persistence,9.22,-9.22,True,True
2026-08-19T04:15:00Z,1,Tulkarem,pm25,6h,9.08,18.79,16.973020833333333,17.769166666666667,oof,fold_2,persistence,9.709999999999999,-9.709999999999999,True,True
2026-08-19T04:15:00Z,2,Nablus,pm25,6h,11.9,12.73,17.659583333333334,18.38927083333333,oof,fold_2,persistence,0.8300000000000001,-0.8300000000000001,True,True
2026-08-19T04:15:00Z,4,Nablus,pm25,6h,10.42,12.25,15.831979166666663,16.601979166666666,oof,fold_2,persistence,1.83,-1.83,True,True
2026-08-19T04:15:00Z,5,Nablus,pm25,6h,10.57,15.19,18.36864583333333,19.322604166666668,oof,fold_2,persistence,4.619999999999999,-4.619999999999999,True,True
2026-08-19T04:30:00Z,1,Tulkarem,pm25,6h,8.47,17.13,16.908854166666668,17.693020833333332,oof,fold_2,persistence,8.659999999999998,-8.659999999999998,True,True
2026-08-19T04:30:00Z,2,Nablus,pm25,6h,13.01,12.44,17.637395833333333,18.33489583333333,oof,fold_2,persistence,0.5700000000000003,0.5700000000000003,True,True
2026-08-19T04:30:00Z,4,Nablus,pm25,6h,10.29,12.15,15.8015625,16.560208333333332,oof,fold_2,persistence,1.8600000000000012,-1.8600000000000012,True,True
2026-08-19T04:30:00Z,5,Nablus,pm25,6h,11.51,16.0,18.3409375,19.26395833333333,oof,fold_2,persistence,4.49,-4.49,True,True
2026-08-19T04:45:00Z,1,Tulkarem,pm25,6h,8.92,17.69,16.853437500000002,17.673958333333335,oof,fold_2,persistence,8.770000000000001,-8.770000000000001,True,True
2026-08-19T04:45:00Z,2,Nablus,pm25,6h,12.85,13.51,17.605208333333334,18.285520833333333,oof,fold_2,persistence,0.6600000000000001,-0.6600000000000001,True,True
2026-08-19T04:45:00Z,4,Nablus,pm25,6h,11.41,11.48,15.784479166666666,16.510208333333335,oof,fold_2,persistence,0.07000000000000028,-0.07000000000000028,True,True
2026-08-19T04:45:00Z,5,Nablus,pm25,6h,10.85,17.81,18.305312500000003,19.2340625,oof,fold_2,persistence,6.959999999999999,-6.959999999999999,True,True
2026-08-19T05:00:00Z,1,Tulkarem,pm25,6h,8.03,16.74,16.795729166666664,17.685208333333335,oof,fold_2,persistence,8.709999999999999,-8.709999999999999,True,True
2026-08-19T05:00:00Z,2,Nablus,pm25,6h,13.87,13.39,17.572395833333335,18.24395833333333,oof,fold_2,persistence,0.47999999999999865,0.47999999999999865,True,True
2026-08-19T05:00:00Z,4,Nablus,pm25,6h,11.64,11.93,15.769479166666668,16.469895833333336,oof,fold_2,persistence,0.28999999999999915,-0.28999999999999915,True,True
2026-08-19T05:00:00Z,5,Nablus,pm25,6h,11.45,14.81,18.28125,19.183958333333333,oof,fold_2,persistence,3.360000000000001,-3.360000000000001,True,True
2026-08-19T05:15:00Z,1,Tulkarem,pm25,6h,7.7,17.64,16.734166666666667,17.676875,oof,fold_2,persistence,9.940000000000001,-9.940000000000001,True,True
2026-08-19T05:15:00Z,2,Nablus,pm25,6h,13.48,13.37,17.538229166666667,18.205416666666668,oof,fold_2,persistence,0.11000000000000121,0.11000000000000121,True,True
2026-08-19T05:15:00Z,4,Nablus,pm25,6h,11.98,11.71,15.753958333333332,16.419687500000002,oof,fold_2,persistence,0.2699999999999996,0.2699999999999996,True,True
2026-08-19T05:15:00Z,5,Nablus,pm25,6h,11.27,13.33,18.22083333333333,19.13270833333333,oof,fold_2,persistence,2.0600000000000005,-2.0600000000000005,True,True
2026-08-19T05:30:00Z,1,Tulkarem,pm25,6h,7.14,14.11,16.66625,17.619791666666668,oof,fold_2,persistence,6.97,-6.97,True,True
2026-08-19T05:30:00Z,2,Nablus,pm25,6h,13.33,13.35,17.505937499999998,18.162291666666665,oof,fold_2,persistence,0.019999999999999574,-0.019999999999999574,True,True
2026-08-19T05:30:00Z,4,Nablus,pm25,6h,11.69,11.32,15.7403125,16.3565625,oof,fold_2,persistence,0.3699999999999992,0.3699999999999992,True,True
2026-08-19T05:30:00Z,5,Nablus,pm25,6h,14.34,14.4,18.185625,19.101979166666663,oof,fold_2,persistence,0.0600000000000005,-0.0600000000000005,True,True
2026-08-19T05:45:00Z,1,Tulkarem,pm25,6h,6.91,13.08,16.597083333333334,17.571458333333336,oof,fold_2,persistence,6.17,-6.17,True,True
2026-08-19T05:45:00Z,2,Nablus,pm25,6h,13.58,13.01,17.481354166666666,18.1246875,oof,fold_2,persistence,0.5700000000000003,0.5700000000000003,True,True
2026-08-19T05:45:00Z,4,Nablus,pm25,6h,11.33,11.35,15.726666666666668,16.2975,oof,fold_2,persistence,0.019999999999999574,-0.019999999999999574,True,True
2026-08-19T05:45:00Z,5,Nablus,pm25,6h,17.97,14.9,18.22114583333333,19.069479166666667,oof,fold_2,persistence,3.0699999999999985,3.0699999999999985,True,True
2026-08-19T06:00:00Z,1,Tulkarem,pm25,6h,7.06,13.19,16.534375,17.537395833333335,oof,fold_2,persistence,6.13,-6.13,True,True
2026-08-19T06:00:00Z,2,Nablus,pm25,6h,12.62,13.16,17.448020833333334,18.089166666666667,oof,fold_2,persistence,0.5400000000000009,-0.5400000000000009,True,True
2026-08-19T06:00:00Z,4,Nablus,pm25,6h,11.04,12.02,15.709479166666668,16.246041666666667,oof,fold_2,persistence,0.9800000000000004,-0.9800000000000004,True,True
2026-08-19T06:00:00Z,5,Nablus,pm25,6h,12.96,13.01,18.211875000000003,19.020625,oof,fold_2,persistence,0.049999999999998934,-0.049999999999998934,True,True
2026-08-19T06:15:00Z,1,Tulkarem,pm25,6h,7.2,12.37,16.470208333333332,17.468020833333334,oof,fold_2,persistence,5.169999999999999,-5.169999999999999,True,True
2026-08-19T06:15:00Z,2,Nablus,pm25,6h,13.56,12.98,17.423854166666665,18.05,oof,fold_2,persistence,0.5800000000000001,0.5800000000000001,True,True
2026-08-19T06:15:00Z,4,Nablus,pm25,6h,10.51,13.03,15.688333333333334,16.214270833333334,oof,fold_2,persistence,2.5199999999999996,-2.5199999999999996,True,True
2026-08-19T06:15:00Z,5,Nablus,pm25,6h,11.97,12.42,18.195833333333336,18.9490625,oof,fold_2,persistence,0.4499999999999993,-0.4499999999999993,True,True
2026-08-19T06:30:00Z,1,Tulkarem,pm25,6h,6.92,13.11,16.40625,17.409895833333334,oof,fold_2,persistence,6.1899999999999995,-6.1899999999999995,True,True
2026-08-19T06:30:00Z,2,Nablus,pm25,6h,12.33,13.81,17.396145833333332,18.02583333333333,oof,fold_2,persistence,1.4800000000000004,-1.4800000000000004,True,True
2026-08-19T06:30:00Z,4,Nablus,pm25,6h,11.39,12.25,15.681562499999998,16.177812499999998,oof,fold_2,persistence,0.8599999999999994,-0.8599999999999994,True,True
2026-08-19T06:30:00Z,5,Nablus,pm25,6h,11.78,12.72,18.17677083333333,18.894270833333334,oof,fold_2,persistence,0.9400000000000013,-0.9400000000000013,True,True
2026-08-19T06:45:00Z,1,Tulkarem,pm25,6h,6.59,11.56,16.343229166666667,17.358229166666668,oof,fold_2,persistence,4.970000000000001,-4.970000000000001,True,True
2026-08-19T06:45:00Z,2,Nablus,pm25,6h,12.63,14.19,17.365416666666665,18.004479166666666,oof,fold_2,persistence,1.5599999999999987,-1.5599999999999987,True,True
2026-08-19T06:45:00Z,4,Nablus,pm25,6h,9.41,12.62,15.64875,16.146562499999998,oof,fold_2,persistence,3.209999999999999,-3.209999999999999,True,True
2026-08-19T06:45:00Z,5,Nablus,pm25,6h,11.52,12.48,18.1534375,18.844375,oof,fold_2,persistence,0.9600000000000009,-0.9600000000000009,True,True
2026-08-19T07:00:00Z,1,Tulkarem,pm25,6h,7.52,10.97,16.286145833333332,17.302083333333332,oof,fold_2,persistence,3.450000000000001,-3.450000000000001,True,True
2026-08-19T07:00:00Z,2,Nablus,pm25,6h,13.44,15.08,17.3446875,17.995208333333334,oof,fold_2,persistence,1.6400000000000006,-1.6400000000000006,True,True
2026-08-19T07:00:00Z,4,Nablus,pm25,6h,9.42,12.21,15.622604166666669,16.124583333333334,oof,fold_2,persistence,2.790000000000001,-2.790000000000001,True,True
2026-08-19T07:00:00Z,5,Nablus,pm25,6h,11.34,12.62,18.131979166666667,18.79958333333333,oof,fold_2,persistence,1.2799999999999994,-1.2799999999999994,True,True
2026-08-19T07:15:00Z,1,Tulkarem,pm25,6h,7.57,11.74,16.223958333333332,17.257916666666667,oof,fold_2,persistence,4.17,-4.17,True,True
2026-08-19T07:15:00Z,2,Nablus,pm25,6h,12.61,14.76,17.313125,17.983749999999997,oof,fold_2,persistence,2.1500000000000004,-2.1500000000000004,True,True
2026-08-19T07:15:00Z,4,Nablus,pm25,6h,9.35,13.05,15.6,16.108854166666667,oof,fold_2,persistence,3.700000000000001,-3.700000000000001,True,True
2026-08-19T07:15:00Z,5,Nablus,pm25,6h,11.88,12.09,18.114166666666662,18.755416666666665,oof,fold_2,persistence,0.20999999999999908,-0.20999999999999908,True,True
2026-08-19T07:30:00Z,1,Tulkarem,pm25,6h,7.16,12.84,16.151354166666668,17.2296875,oof,fold_2,persistence,5.68,-5.68,True,True
2026-08-19T07:30:00Z,2,Nablus,pm25,6h,12.04,14.75,17.286770833333332,17.977083333333333,oof,fold_2,persistence,2.710000000000001,-2.710000000000001,True,True
2026-08-19T07:30:00Z,4,Nablus,pm25,6h,8.92,12.53,15.575104166666668,16.085729166666667,oof,fold_2,persistence,3.6099999999999994,-3.6099999999999994,True,True
2026-08-19T07:30:00Z,5,Nablus,pm25,6h,11.33,11.07,18.09,18.700625,oof,fold_2,persistence,0.2599999999999998,0.2599999999999998,True,True
2026-08-19T07:45:00Z,1,Tulkarem,pm25,6h,7.89,14.43,16.084583333333335,17.210208333333334,oof,fold_2,persistence,6.54,-6.54,True,True
2026-08-19T07:45:00Z,2,Nablus,pm25,6h,12.19,13.81,17.262395833333333,17.957291666666666,oof,fold_2,persistence,1.620000000000001,-1.620000000000001,True,True
2026-08-19T07:45:00Z,4,Nablus,pm25,6h,8.89,12.11,15.554375,16.062395833333337,oof,fold_2,persistence,3.219999999999999,-3.219999999999999,True,True
2026-08-19T07:45:00Z,5,Nablus,pm25,6h,10.96,11.19,18.060625,18.6525,oof,fold_2,persistence,0.22999999999999865,-0.22999999999999865,True,True
2026-08-19T08:00:00Z,1,Tulkarem,pm25,6h,7.3,15.58,16.005104166666666,17.200625,oof,fold_2,persistence,8.280000000000001,-8.280000000000001,True,True
2026-08-19T08:00:00Z,2,Nablus,pm25,6h,11.49,13.81,17.23302083333333,17.926145833333333,oof,fold_2,persistence,2.3200000000000003,-2.3200000000000003,True,True
2026-08-19T08:00:00Z,4,Nablus,pm25,6h,8.7,11.78,15.531354166666668,16.041145833333335,oof,fold_2,persistence,3.08,-3.08,True,True
2026-08-19T08:00:00Z,5,Nablus,pm25,6h,11.02,11.8,18.03375,18.62302083333333,oof,fold_2,persistence,0.7800000000000011,-0.7800000000000011,True,True
2026-08-19T08:15:00Z,1,Tulkarem,pm25,6h,7.26,15.8,15.9190625,17.207916666666666,oof,fold_2,persistence,8.540000000000001,-8.540000000000001,True,True
2026-08-19T08:15:00Z,2,Nablus,pm25,6h,10.34,13.75,17.18916666666667,17.9046875,oof,fold_2,persistence,3.41,-3.41,True,True
2026-08-19T08:15:00Z,4,Nablus,pm25,6h,8.21,11.92,15.463645833333333,16.016041666666666,oof,fold_2,persistence,3.709999999999999,-3.709999999999999,True,True
2026-08-19T08:15:00Z,5,Nablus,pm25,6h,11.2,11.05,18.009583333333335,18.583125,oof,fold_2,persistence,0.14999999999999858,0.14999999999999858,True,True
2026-08-19T08:30:00Z,1,Tulkarem,pm25,6h,9.66,16.33,15.8596875,17.203645833333336,oof,fold_2,persistence,6.669999999999998,-6.669999999999998,True,True
2026-08-19T08:30:00Z,2,Nablus,pm25,6h,10.21,13.04,17.1371875,17.880416666666665,oof,fold_2,persistence,2.8299999999999983,-2.8299999999999983,True,True
2026-08-19T08:30:00Z,4,Nablus,pm25,6h,8.38,11.69,15.412604166666666,15.9940625,oof,fold_2,persistence,3.3099999999999987,-3.3099999999999987,True,True
2026-08-19T08:30:00Z,5,Nablus,pm25,6h,10.97,12.0,17.97625,18.5590625,oof,fold_2,persistence,1.0299999999999994,-1.0299999999999994,True,True
2026-08-19T08:45:00Z,1,Tulkarem,pm25,6h,6.31,16.39,15.765729166666668,17.219270833333333,oof,fold_2,persistence,10.080000000000002,-10.080000000000002,True,True
2026-08-19T08:45:00Z,2,Nablus,pm25,6h,11.43,13.44,17.0946875,17.855104166666667,oof,fold_2,persistence,2.01,-2.01,True,True
2026-08-19T08:45:00Z,4,Nablus,pm25,6h,9.09,11.91,15.336875,15.96625,oof,fold_2,persistence,2.8200000000000003,-2.8200000000000003,True,True
2026-08-19T08:45:00Z,5,Nablus,pm25,6h,11.35,12.03,17.934895833333332,18.540208333333336,oof,fold_2,persistence,0.6799999999999997,-0.6799999999999997,True,True
2026-08-19T09:00:00Z,1,Tulkarem,pm25,6h,6.04,15.29,15.666666666666666,17.213125,oof,fold_2,persistence,9.25,-9.25,True,True
2026-08-19T09:00:00Z,2,Nablus,pm25,6h,10.64,12.89,17.0240625,17.822916666666668,oof,fold_2,persistence,2.25,-2.25,True,True
2026-08-19T09:00:00Z,4,Nablus,pm25,6h,9.14,12.92,15.291979166666666,15.954791666666663,oof,fold_2,persistence,3.7799999999999994,-3.7799999999999994,True,True
2026-08-19T09:00:00Z,5,Nablus,pm25,6h,11.4,11.64,17.881666666666668,18.509479166666665,oof,fold_2,persistence,0.2400000000000002,-0.2400000000000002,True,True
2026-08-19T09:15:00Z,1,Tulkarem,pm25,6h,5.58,12.61,15.562708333333331,17.186354166666668,oof,fold_2,persistence,7.029999999999999,-7.029999999999999,True,True
2026-08-19T09:15:00Z,2,Nablus,pm25,6h,10.68,13.19,16.965729166666666,17.8,oof,fold_2,persistence,2.51,-2.51,True,True
2026-08-19T09:15:00Z,4,Nablus,pm25,6h,9.19,12.07,15.2484375,15.939166666666669,oof,fold_2,persistence,2.880000000000001,-2.880000000000001,True,True
2026-08-19T09:15:00Z,5,Nablus,pm25,6h,11.96,11.45,17.825208333333332,18.48,oof,fold_2,persistence,0.5100000000000016,0.5100000000000016,True,True
2026-08-19T09:30:00Z,1,Tulkarem,pm25,6h,5.76,11.01,15.459270833333331,17.141770833333336,oof,fold_2,persistence,5.25,-5.25,True,True
2026-08-19T09:30:00Z,2,Nablus,pm25,6h,10.02,13.08,16.8975,17.769375,oof,fold_2,persistence,3.0600000000000005,-3.0600000000000005,True,True
2026-08-19T09:30:00Z,4,Nablus,pm25,6h,8.62,12.42,15.188854166666667,15.917812499999998,oof,fold_2,persistence,3.8000000000000007,-3.8000000000000007,True,True
2026-08-19T09:30:00Z,5,Nablus,pm25,6h,11.63,11.42,17.761458333333334,18.4525,oof,fold_2,persistence,0.21000000000000085,0.21000000000000085,True,True
2026-08-19T09:45:00Z,1,Tulkarem,pm25,6h,5.37,10.68,15.352916666666667,17.089583333333334,oof,fold_2,persistence,5.31,-5.31,True,True
2026-08-19T09:45:00Z,2,Nablus,pm25,6h,10.76,12.48,16.831458333333334,17.740312499999998,oof,fold_2,persistence,1.7200000000000006,-1.7200000000000006,True,True
2026-08-19T09:45:00Z,4,Nablus,pm25,6h,8.71,10.71,15.128645833333332,15.8903125,oof,fold_2,persistence,2.0,-2.0,True,True
2026-08-19T09:45:00Z,5,Nablus,pm25,6h,11.8,11.0,17.693854166666664,18.424375,oof,fold_2,persistence,0.8000000000000007,0.8000000000000007,True,True
2026-08-19T10:15:00Z,1,Tulkarem,pm25,6h,6.49,9.08,15.227789473684211,16.973020833333333,oof,fold_2,persistence,2.59,-2.59,True,True
2026-08-19T10:15:00Z,2,Nablus,pm25,6h,11.25,11.9,16.702526315789473,17.659583333333334,oof,fold_2,persistence,0.6500000000000004,-0.6500000000000004,True,True
2026-08-19T10:15:00Z,4,Nablus,pm25,6h,9.62,10.42,15.044526315789474,15.831979166666663,oof,fold_2,persistence,0.8000000000000007,-0.8000000000000007,True,True
2026-08-19T10:15:00Z,5,Nablus,pm25,6h,12.22,10.57,17.595157894736843,18.36864583333333,oof,fold_2,persistence,1.6500000000000004,1.6500000000000004,True,True
2026-08-19T10:30:00Z,1,Tulkarem,pm25,6h,7.7,8.47,15.115894736842105,16.908854166666668,oof,fold_2,persistence,0.7700000000000005,-0.7700000000000005,True,True
2026-08-19T10:30:00Z,2,Nablus,pm25,6h,11.42,13.01,16.596526315789472,17.637395833333333,oof,fold_2,persistence,1.5899999999999999,-1.5899999999999999,True,True
2026-08-19T10:30:00Z,4,Nablus,pm25,6h,9.23,10.29,14.945473684210528,15.8015625,oof,fold_2,persistence,1.0599999999999987,-1.0599999999999987,False,True
2026-08-19T10:30:00Z,5,Nablus,pm25,6h,11.27,11.51,17.49442105263158,18.3409375,oof,fold_2,persistence,0.2400000000000002,-0.2400000000000002,True,True
2026-08-19T10:45:00Z,1,Tulkarem,pm25,6h,8.1,8.92,15.00021052631579,16.853437500000002,oof,fold_2,persistence,0.8200000000000003,-0.8200000000000003,True,True
2026-08-19T10:45:00Z,2,Nablus,pm25,6h,12.2,12.85,16.49621052631579,17.605208333333334,oof,fold_2,persistence,0.6500000000000004,-0.6500000000000004,True,True
2026-08-19T10:45:00Z,4,Nablus,pm25,6h,10.02,11.41,14.84642105263158,15.784479166666666,oof,fold_2,persistence,1.3900000000000006,-1.3900000000000006,False,True
2026-08-19T10:45:00Z,5,Nablus,pm25,6h,11.58,10.85,17.387684210526317,18.305312500000003,oof,fold_2,persistence,0.7300000000000004,0.7300000000000004,True,True
2026-08-19T11:00:00Z,1,Tulkarem,pm25,6h,7.65,8.03,14.882736842105263,16.795729166666664,oof,fold_2,persistence,0.379999999999999,-0.379999999999999,False,True
2026-08-19T11:00:00Z,2,Nablus,pm25,6h,12.74,13.87,16.388526315789473,17.572395833333335,oof,fold_2,persistence,1.129999999999999,-1.129999999999999,True,True
2026-08-19T11:00:00Z,4,Nablus,pm25,6h,10.34,11.64,14.741368421052632,15.769479166666668,oof,fold_2,persistence,1.3000000000000007,-1.3000000000000007,False,True
2026-08-19T11:00:00Z,5,Nablus,pm25,6h,11.13,11.45,17.271052631578947,18.28125,oof,fold_2,persistence,0.3199999999999985,-0.3199999999999985,True,True
2026-08-19T11:15:00Z,1,Tulkarem,pm25,6h,7.63,7.7,14.76842105263158,16.734166666666667,oof,fold_2,persistence,0.07000000000000028,-0.07000000000000028,False,True
2026-08-19T11:15:00Z,2,Nablus,pm25,6h,13.08,13.48,16.284105263157894,17.538229166666667,oof,fold_2,persistence,0.40000000000000036,-0.40000000000000036,True,True
2026-08-19T11:15:00Z,4,Nablus,pm25,6h,10.84,11.98,14.631473684210526,15.753958333333332,oof,fold_2,persistence,1.1400000000000006,-1.1400000000000006,False,True
2026-08-19T11:15:00Z,5,Nablus,pm25,6h,11.91,11.27,17.15063157894737,18.22083333333333,oof,fold_2,persistence,0.6400000000000006,0.6400000000000006,True,True
2026-08-19T11:30:00Z,1,Tulkarem,pm25,6h,7.75,7.14,14.652526315789476,16.66625,oof,fold_2,persistence,0.6100000000000003,0.6100000000000003,False,True
2026-08-19T11:30:00Z,2,Nablus,pm25,6h,12.54,13.33,16.17442105263158,17.505937499999998,oof,fold_2,persistence,0.7900000000000009,-0.7900000000000009,True,True
2026-08-19T11:30:00Z,4,Nablus,pm25,6h,10.69,11.69,14.519684210526314,15.7403125,oof,fold_2,persistence,1.0,-1.0,False,True
2026-08-19T11:30:00Z,5,Nablus,pm25,6h,17.34,14.34,17.082842105263158,18.185625,oof,fold_2,persistence,3.0,3.0,True,True
2026-08-19T11:45:00Z,1,Tulkarem,pm25,6h,8.93,6.91,14.546105263157896,16.597083333333334,oof,fold_2,persistence,2.0199999999999996,2.0199999999999996,False,True
2026-08-19T11:45:00Z,2,Nablus,pm25,6h,12.0,13.58,16.04905263157895,17.481354166666666,oof,fold_2,persistence,1.58,-1.58,True,True
2026-08-19T11:45:00Z,4,Nablus,pm25,6h,10.76,11.33,14.409894736842103,15.726666666666668,oof,fold_2,persistence,0.5700000000000003,-0.5700000000000003,False,True
2026-08-19T11:45:00Z,5,Nablus,pm25,6h,11.31,17.97,16.949473684210528,18.22114583333333,oof,fold_2,persistence,6.659999999999998,-6.659999999999998,True,True
2026-08-19T12:00:00Z,1,Tulkarem,pm25,6h,7.87,7.06,14.41978947368421,16.534375,oof,fold_2,persistence,0.8100000000000005,0.8100000000000005,False,True
2026-08-19T12:00:00Z,2,Nablus,pm25,6h,13.08,12.62,15.93621052631579,17.448020833333334,oof,fold_2,persistence,0.46000000000000085,0.46000000000000085,True,True
2026-08-19T12:00:00Z,4,Nablus,pm25,6h,10.92,11.04,14.298210526315788,15.709479166666668,oof,fold_2,persistence,0.11999999999999922,-0.11999999999999922,False,True
2026-08-19T12:00:00Z,5,Nablus,pm25,6h,11.73,12.96,16.818421052631578,18.211875000000003,oof,fold_2,persistence,1.2300000000000004,-1.2300000000000004,True,True
2026-08-19T12:15:00Z,1,Tulkarem,pm25,6h,7.66,7.2,14.301894736842106,16.470208333333332,oof,fold_2,persistence,0.45999999999999996,0.45999999999999996,False,True
2026-08-19T12:15:00Z,2,Nablus,pm25,6h,12.05,13.56,15.803894736842103,17.423854166666665,oof,fold_2,persistence,1.5099999999999998,-1.5099999999999998,True,True
2026-08-19T12:15:00Z,4,Nablus,pm25,6h,11.89,10.51,14.18863157894737,15.688333333333334,oof,fold_2,persistence,1.3800000000000008,1.3800000000000008,False,True
2026-08-19T12:15:00Z,5,Nablus,pm25,6h,11.99,11.97,16.702105263157897,18.195833333333336,oof,fold_2,persistence,0.019999999999999574,0.019999999999999574,True,True
2026-08-19T12:30:00Z,1,Tulkarem,pm25,6h,8.53,6.92,14.18863157894737,16.40625,oof,fold_2,persistence,1.6099999999999994,1.6099999999999994,False,True
2026-08-19T12:30:00Z,2,Nablus,pm25,6h,11.42,12.33,15.659894736842103,17.396145833333332,oof,fold_2,persistence,0.9100000000000001,-0.9100000000000001,True,True
2026-08-19T12:30:00Z,4,Nablus,pm25,6h,11.76,11.39,14.08284210526316,15.681562499999998,oof,fold_2,persistence,0.3699999999999992,0.3699999999999992,False,True
2026-08-19T12:30:00Z,5,Nablus,pm25,6h,11.52,11.78,16.575052631578945,18.17677083333333,oof,fold_2,persistence,0.2599999999999998,-0.2599999999999998,True,True
2026-08-19T12:45:00Z,1,Tulkarem,pm25,6h,8.43,6.59,14.072526315789474,16.343229166666667,oof,fold_2,persistence,1.8399999999999999,1.8399999999999999,False,True
2026-08-19T12:45:00Z,2,Nablus,pm25,6h,11.95,12.63,15.521368421052632,17.365416666666665,oof,fold_2,persistence,0.6800000000000015,-0.6800000000000015,True,True
2026-08-19T12:45:00Z,4,Nablus,pm25,6h,11.72,9.41,13.979368421052634,15.64875,oof,fold_2,persistence,2.3100000000000005,2.3100000000000005,False,True
2026-08-19T12:45:00Z,5,Nablus,pm25,6h,11.99,11.52,16.454315789473686,18.1534375,oof,fold_2,persistence,0.47000000000000064,0.47000000000000064,True,True
2026-08-19T13:00:00Z,1,Tulkarem,pm25,6h,7.69,7.52,13.95326315789474,16.286145833333332,oof,fold_2,persistence,0.17000000000000082,0.17000000000000082,False,True
2026-08-19T13:00:00Z,2,Nablus,pm25,6h,13.15,13.44,15.37884210526316,17.3446875,oof,fold_2,persistence,0.28999999999999915,-0.28999999999999915,True,True
2026-08-19T13:00:00Z,4,Nablus,pm25,6h,12.15,9.42,13.87736842105263,15.622604166666669,oof,fold_2,persistence,2.7300000000000004,2.7300000000000004,False,True
2026-08-19T13:00:00Z,5,Nablus,pm25,6h,12.3,11.34,16.343263157894736,18.131979166666667,oof,fold_2,persistence,0.9600000000000009,0.9600000000000009,True,True
2026-08-19T13:15:00Z,1,Tulkarem,pm25,6h,7.87,7.57,13.83736842105263,16.223958333333332,oof,fold_2,persistence,0.2999999999999998,0.2999999999999998,False,True
2026-08-19T13:15:00Z,2,Nablus,pm25,6h,12.9,12.61,15.264210526315791,17.313125,oof,fold_2,persistence,0.2900000000000009,0.2900000000000009,True,True
2026-08-19T13:15:00Z,4,Nablus,pm25,6h,11.58,9.35,13.768315789473682,15.6,oof,fold_2,persistence,2.2300000000000004,2.2300000000000004,False,True
2026-08-19T13:15:00Z,5,Nablus,pm25,6h,12.1,11.88,16.225578947368422,18.114166666666662,oof,fold_2,persistence,0.21999999999999886,0.21999999999999886,True,True
2026-08-19T13:30:00Z,1,Tulkarem,pm25,6h,7.99,7.16,13.719894736842104,16.151354166666668,oof,fold_2,persistence,0.8300000000000001,0.8300000000000001,False,True
2026-08-19T13:30:00Z,2,Nablus,pm25,6h,12.31,12.04,15.145473684210526,17.286770833333332,oof,fold_2,persistence,0.27000000000000135,0.27000000000000135,True,True
2026-08-19T13:30:00Z,4,Nablus,pm25,6h,11.1,8.92,13.65042105263158,15.575104166666668,oof,fold_2,persistence,2.1799999999999997,2.1799999999999997,False,True
2026-08-19T13:30:00Z,5,Nablus,pm25,6h,12.51,11.33,16.127157894736843,18.09,oof,fold_2,persistence,1.1799999999999997,1.1799999999999997,True,True
2026-08-19T13:45:00Z,1,Tulkarem,pm25,6h,7.71,7.89,13.610105263157894,16.084583333333335,oof,fold_2,persistence,0.17999999999999972,-0.17999999999999972,False,True
2026-08-19T13:45:00Z,2,Nablus,pm25,6h,12.4,12.19,15.033263157894735,17.262395833333333,oof,fold_2,persistence,0.21000000000000085,0.21000000000000085,True,True
2026-08-19T13:45:00Z,4,Nablus,pm25,6h,11.12,8.89,13.546631578947366,15.554375,oof,fold_2,persistence,2.2299999999999986,2.2299999999999986,False,True
2026-08-19T13:45:00Z,5,Nablus,pm25,6h,13.31,10.96,16.022526315789474,18.060625,oof,fold_2,persistence,2.3499999999999996,2.3499999999999996,True,True
2026-08-19T14:00:00Z,1,Tulkarem,pm25,6h,7.65,7.3,13.495578947368422,16.005104166666666,oof,fold_2,persistence,0.35000000000000053,0.35000000000000053,False,True
2026-08-19T14:00:00Z,2,Nablus,pm25,6h,12.93,11.49,14.917999999999996,17.23302083333333,oof,fold_2,persistence,1.4399999999999995,1.4399999999999995,False,True
2026-08-19T14:00:00Z,4,Nablus,pm25,6h,10.59,8.7,13.448105263157895,15.531354166666668,oof,fold_2,persistence,1.8900000000000006,1.8900000000000006,False,True
2026-08-19T14:00:00Z,5,Nablus,pm25,6h,11.85,11.02,15.925052631578946,18.03375,oof,fold_2,persistence,0.8300000000000001,0.8300000000000001,True,True
2026-08-19T14:15:00Z,1,Tulkarem,pm25,6h,8.64,7.26,13.395789473684207,15.9190625,oof,fold_2,persistence,1.3800000000000008,1.3800000000000008,False,True
2026-08-19T14:15:00Z,2,Nablus,pm25,6h,13.76,10.34,14.827999999999998,17.18916666666667,oof,fold_2,persistence,3.42,3.42,False,True
2026-08-19T14:15:00Z,4,Nablus,pm25,6h,11.26,8.21,13.35842105263158,15.463645833333333,oof,fold_2,persistence,3.049999999999999,3.049999999999999,False,True
2026-08-19T14:15:00Z,5,Nablus,pm25,6h,10.09,11.2,15.806105263157896,18.009583333333335,oof,fold_2,persistence,1.1099999999999994,-1.1099999999999994,True,True
2026-08-19T14:30:00Z,1,Tulkarem,pm25,6h,9.02,9.66,13.31378947368421,15.8596875,oof,fold_2,persistence,0.6400000000000006,-0.6400000000000006,False,True
2026-08-19T14:30:00Z,2,Nablus,pm25,6h,13.28,10.21,14.73315789473684,17.1371875,oof,fold_2,persistence,3.0699999999999985,3.0699999999999985,False,True
2026-08-19T14:30:00Z,4,Nablus,pm25,6h,11.58,8.38,13.269473684210526,15.412604166666666,oof,fold_2,persistence,3.1999999999999993,3.1999999999999993,False,True
2026-08-19T14:30:00Z,5,Nablus,pm25,6h,12.28,10.97,15.71221052631579,17.97625,oof,fold_2,persistence,1.3099999999999987,1.3099999999999987,True,True
2026-08-19T14:45:00Z,1,Tulkarem,pm25,6h,9.73,6.31,13.241368421052632,15.765729166666668,oof,fold_2,persistence,3.420000000000001,3.420000000000001,False,True
2026-08-19T14:45:00Z,2,Nablus,pm25,6h,13.21,11.43,14.64778947368421,17.0946875,oof,fold_2,persistence,1.7800000000000011,1.7800000000000011,False,True
2026-08-19T14:45:00Z,4,Nablus,pm25,6h,11.44,9.09,13.18978947368421,15.336875,oof,fold_2,persistence,2.3499999999999996,2.3499999999999996,False,True
2026-08-19T14:45:00Z,5,Nablus,pm25,6h,12.94,11.35,15.617368421052632,17.934895833333332,oof,fold_2,persistence,1.5899999999999999,1.5899999999999999,True,True
2026-08-19T15:00:00Z,1,Tulkarem,pm25,6h,9.13,6.04,13.159368421052632,15.666666666666666,oof,fold_2,persistence,3.0900000000000007,3.0900000000000007,False,True
2026-08-19T15:00:00Z,2,Nablus,pm25,6h,14.17,10.64,14.571263157894736,17.0240625,oof,fold_2,persistence,3.5299999999999994,3.5299999999999994,False,True
2026-08-19T15:00:00Z,4,Nablus,pm25,6h,11.47,9.14,13.111263157894738,15.291979166666666,oof,fold_2,persistence,2.33,2.33,False,True
2026-08-19T15:00:00Z,5,Nablus,pm25,6h,13.0,11.4,15.519684210526316,17.881666666666668,oof,fold_2,persistence,1.5999999999999996,1.5999999999999996,True,True
2026-08-19T15:15:00Z,1,Tulkarem,pm25,6h,8.52,5.58,13.068105263157896,15.562708333333331,oof,fold_2,persistence,2.9399999999999995,2.9399999999999995,False,True
2026-08-19T15:15:00Z,2,Nablus,pm25,6h,13.8,10.68,14.496421052631575,16.965729166666666,oof,fold_2,persistence,3.120000000000001,3.120000000000001,False,True
2026-08-19T15:15:00Z,4,Nablus,pm25,6h,12.48,9.19,13.041157894736845,15.2484375,oof,fold_2,persistence,3.290000000000001,3.290000000000001,False,True
2026-08-19T15:15:00Z,5,Nablus,pm25,6h,13.01,11.96,15.425263157894738,17.825208333333332,oof,fold_2,persistence,1.049999999999999,1.049999999999999,True,True
2026-08-19T15:30:00Z,1,Tulkarem,pm25,6h,9.04,5.76,12.979894736842107,15.459270833333331,oof,fold_2,persistence,3.2799999999999994,3.2799999999999994,False,True
2026-08-19T15:30:00Z,2,Nablus,pm25,6h,14.48,10.02,14.430736842105263,16.8975,oof,fold_2,persistence,4.460000000000001,4.460000000000001,False,True
2026-08-19T15:30:00Z,4,Nablus,pm25,6h,12.72,8.62,12.967684210526317,15.188854166666667,oof,fold_2,persistence,4.100000000000001,4.100000000000001,False,True
2026-08-19T15:30:00Z,5,Nablus,pm25,6h,12.68,11.63,15.336,17.761458333333334,oof,fold_2,persistence,1.049999999999999,1.049999999999999,True,True
2026-08-19T15:45:00Z,1,Tulkarem,pm25,6h,9.04,5.37,12.894631578947369,15.352916666666667,oof,fold_2,persistence,3.669999999999999,3.669999999999999,False,True
2026-08-19T15:45:00Z,2,Nablus,pm25,6h,13.7,10.76,14.356736842105263,16.831458333333334,oof,fold_2,persistence,2.9399999999999995,2.9399999999999995,False,True
2026-08-19T15:45:00Z,4,Nablus,pm25,6h,11.99,8.71,12.880315789473686,15.128645833333332,oof,fold_2,persistence,3.2799999999999994,3.2799999999999994,False,True
2026-08-19T15:45:00Z,5,Nablus,pm25,6h,13.14,11.8,15.227684210526316,17.693854166666664,oof,fold_2,persistence,1.3399999999999999,1.3399999999999999,True,True
2026-08-19T16:15:00Z,1,Tulkarem,pm25,6h,10.3,6.49,12.732526315789473,15.227789473684211,oof,fold_2,persistence,3.8100000000000005,3.8100000000000005,False,True
2026-08-19T16:15:00Z,2,Nablus,pm25,6h,12.01,11.25,14.159052631578948,16.702526315789473,oof,fold_2,persistence,0.7599999999999998,0.7599999999999998,False,True
2026-08-19T16:15:00Z,4,Nablus,pm25,6h,12.71,9.62,12.69315789473684,15.044526315789474,oof,fold_2,persistence,3.0900000000000016,3.0900000000000016,False,True
2026-08-19T16:15:00Z,5,Nablus,pm25,6h,12.94,12.22,15.008631578947368,17.595157894736843,oof,fold_2,persistence,0.7199999999999989,0.7199999999999989,True,True
2026-08-19T16:30:00Z,1,Tulkarem,pm25,6h,13.64,7.7,12.688736842105264,15.115894736842105,oof,fold_2,persistence,5.94,5.94,False,True
2026-08-19T16:30:00Z,2,Nablus,pm25,6h,12.32,11.42,14.067894736842106,16.596526315789472,oof,fold_2,persistence,0.9000000000000004,0.9000000000000004,False,True
2026-08-19T16:30:00Z,4,Nablus,pm25,6h,12.38,9.23,12.607157894736842,14.945473684210528,oof,fold_2,persistence,3.1500000000000004,3.1500000000000004,False,False
2026-08-19T16:30:00Z,5,Nablus,pm25,6h,13.52,11.27,14.862315789473683,17.49442105263158,oof,fold_2,persistence,2.25,2.25,False,True
2026-08-19T16:45:00Z,1,Tulkarem,pm25,6h,14.76,8.1,12.64642105263158,15.00021052631579,oof,fold_2,persistence,6.66,6.66,False,True
2026-08-19T16:45:00Z,2,Nablus,pm25,6h,12.85,12.2,13.981894736842108,16.49621052631579,oof,fold_2,persistence,0.6500000000000004,0.6500000000000004,False,True
2026-08-19T16:45:00Z,4,Nablus,pm25,6h,12.19,10.02,12.523263157894736,14.84642105263158,oof,fold_2,persistence,2.17,2.17,False,False
2026-08-19T16:45:00Z,5,Nablus,pm25,6h,15.01,11.58,14.774526315789473,17.387684210526317,oof,fold_2,persistence,3.4299999999999997,3.4299999999999997,False,True
2026-08-19T17:00:00Z,1,Tulkarem,pm25,6h,13.85,7.65,12.542421052631578,14.882736842105263,oof,fold_2,persistence,6.199999999999999,6.199999999999999,False,False
2026-08-19T17:00:00Z,2,Nablus,pm25,6h,12.73,12.74,13.899263157894737,16.388526315789473,oof,fold_2,persistence,0.009999999999999787,-0.009999999999999787,False,True
2026-08-19T17:00:00Z,4,Nablus,pm25,6h,11.7,10.34,12.43442105263158,14.741368421052632,oof,fold_2,persistence,1.3599999999999994,1.3599999999999994,False,False
2026-08-19T17:00:00Z,5,Nablus,pm25,6h,14.78,11.13,14.690421052631578,17.271052631578947,oof,fold_2,persistence,3.6499999999999986,3.6499999999999986,False,True
2026-08-19T17:15:00Z,1,Tulkarem,pm25,6h,11.98,7.63,12.406421052631575,14.76842105263158,oof,fold_2,persistence,4.3500000000000005,4.3500000000000005,False,False
2026-08-19T17:15:00Z,2,Nablus,pm25,6h,12.37,13.08,13.810947368421052,16.284105263157894,oof,fold_2,persistence,0.7100000000000009,-0.7100000000000009,False,True
2026-08-19T17:15:00Z,4,Nablus,pm25,6h,10.9,10.84,12.341052631578943,14.631473684210526,oof,fold_2,persistence,0.0600000000000005,0.0600000000000005,False,False
2026-08-19T17:15:00Z,5,Nablus,pm25,6h,13.1,11.91,14.582736842105264,17.15063157894737,oof,fold_2,persistence,1.1899999999999995,1.1899999999999995,False,True
2026-08-19T17:30:00Z,1,Tulkarem,pm25,6h,13.77,7.75,12.325684210526314,14.652526315789476,oof,fold_2,persistence,6.02,6.02,False,False
2026-08-19T17:30:00Z,2,Nablus,pm25,6h,12.1,12.54,13.729473684210523,16.17442105263158,oof,fold_2,persistence,0.4399999999999995,-0.4399999999999995,False,True
2026-08-19T17:30:00Z,4,Nablus,pm25,6h,10.89,10.69,12.258947368421056,14.519684210526314,oof,fold_2,persistence,0.20000000000000107,0.20000000000000107,False,False
2026-08-19T17:30:00Z,5,Nablus,pm25,6h,13.09,17.34,14.481684210526316,17.082842105263158,oof,fold_2,persistence,4.25,-4.25,False,True
2026-08-19T17:45:00Z,1,Tulkarem,pm25,6h,13.44,8.93,12.240105263157892,14.546105263157896,oof,fold_2,persistence,4.51,4.51,False,False
2026-08-19T17:45:00Z,2,Nablus,pm25,6h,11.23,12.0,13.641789473684211,16.04905263157895,oof,fold_2,persistence,0.7699999999999996,-0.7699999999999996,False,True
2026-08-19T17:45:00Z,4,Nablus,pm25,6h,9.97,10.76,12.169894736842108,14.409894736842103,oof,fold_2,persistence,0.7899999999999991,-0.7899999999999991,False,False
2026-08-19T17:45:00Z,5,Nablus,pm25,6h,12.93,11.31,14.374526315789476,16.949473684210528,oof,fold_2,persistence,1.6199999999999992,1.6199999999999992,False,True
2026-08-19T18:00:00Z,1,Tulkarem,pm25,6h,11.95,7.87,12.118315789473684,14.41978947368421,oof,fold_2,persistence,4.079999999999999,4.079999999999999,False,False
2026-08-19T18:00:00Z,2,Nablus,pm25,6h,11.55,13.08,13.55926315789474,15.93621052631579,oof,fold_2,persistence,1.5299999999999994,-1.5299999999999994,False,True
2026-08-19T18:00:00Z,4,Nablus,pm25,6h,10.12,10.92,12.08536842105263,14.298210526315788,oof,fold_2,persistence,0.8000000000000007,-0.8000000000000007,False,False
2026-08-19T18:00:00Z,5,Nablus,pm25,6h,12.82,11.73,14.262315789473686,16.818421052631578,oof,fold_2,persistence,1.0899999999999999,1.0899999999999999,False,True
2026-08-19T18:15:00Z,1,Tulkarem,pm25,6h,13.67,7.66,12.005894736842103,14.301894736842106,oof,fold_2,persistence,6.01,6.01,False,False
2026-08-19T18:15:00Z,2,Nablus,pm25,6h,11.58,12.05,13.476736842105264,15.803894736842103,oof,fold_2,persistence,0.47000000000000064,-0.47000000000000064,False,True
2026-08-19T18:15:00Z,4,Nablus,pm25,6h,10.39,11.89,11.997052631578947,14.18863157894737,oof,fold_2,persistence,1.5,-1.5,False,False
2026-08-19T18:15:00Z,5,Nablus,pm25,6h,12.45,11.99,14.14978947368421,16.702105263157897,oof,fold_2,persistence,0.4599999999999991,0.4599999999999991,False,True
2026-08-19T18:30:00Z,1,Tulkarem,pm25,6h,48.39,8.53,12.290631578947368,14.18863157894737,oof,fold_2,persistence,39.86,39.86,False,False
2026-08-19T18:30:00Z,2,Nablus,pm25,6h,11.44,11.42,13.386736842105265,15.659894736842103,oof,fold_2,persistence,0.019999999999999574,0.019999999999999574,False,True
2026-08-19T18:30:00Z,4,Nablus,pm25,6h,10.39,11.76,11.90715789473684,14.08284210526316,oof,fold_2,persistence,1.3699999999999992,-1.3699999999999992,False,False
2026-08-19T18:30:00Z,5,Nablus,pm25,6h,13.03,11.52,14.06263157894737,16.575052631578945,oof,fold_2,persistence,1.5099999999999998,1.5099999999999998,False,True
2026-08-19T18:45:00Z,1,Tulkarem,pm25,6h,14.33,8.43,12.220842105263158,14.072526315789474,oof,fold_2,persistence,5.9,5.9,False,False
2026-08-19T18:45:00Z,2,Nablus,pm25,6h,11.43,11.95,13.29136842105263,15.521368421052632,oof,fold_2,persistence,0.5199999999999996,-0.5199999999999996,False,True
2026-08-19T18:45:00Z,4,Nablus,pm25,6h,10.39,11.72,11.817368421052633,13.979368421052634,oof,fold_2,persistence,1.33,-1.33,False,False
2026-08-19T18:45:00Z,5,Nablus,pm25,6h,16.27,11.99,14.028,16.454315789473686,oof,fold_2,persistence,4.279999999999999,4.279999999999999,False,True
2026-08-19T19:00:00Z,1,Tulkarem,pm25,6h,11.35,7.69,12.12284210526316,13.95326315789474,oof,fold_2,persistence,3.6599999999999993,3.6599999999999993,False,False
2026-08-19T19:00:00Z,2,Nablus,pm25,6h,11.8,13.15,13.209263157894735,15.37884210526316,oof,fold_2,persistence,1.3499999999999996,-1.3499999999999996,False,True
2026-08-19T19:00:00Z,4,Nablus,pm25,6h,10.02,12.15,11.730000000000002,13.87736842105263,oof,fold_2,persistence,2.130000000000001,-2.130000000000001,False,False
2026-08-19T19:00:00Z,5,Nablus,pm25,6h,41.52,12.3,14.234315789473683,16.343263157894736,oof,fold_2,persistence,29.220000000000002,29.220000000000002,False,True
2026-08-19T19:15:00Z,1,Tulkarem,pm25,6h,11.6,7.87,12.021368421052632,13.83736842105263,oof,fold_2,persistence,3.7299999999999995,3.7299999999999995,False,False
2026-08-19T19:15:00Z,2,Nablus,pm25,6h,12.36,12.9,13.125473684210528,15.264210526315791,oof,fold_2,persistence,0.5400000000000009,-0.5400000000000009,False,True
2026-08-19T19:15:00Z,4,Nablus,pm25,6h,10.35,11.58,11.636631578947368,13.768315789473682,oof,fold_2,persistence,1.2300000000000004,-1.2300000000000004,False,False
2026-08-19T19:15:00Z,5,Nablus,pm25,6h,33.97,12.1,14.345473684210525,16.225578947368422,oof,fold_2,persistence,21.869999999999997,21.869999999999997,False,True
2026-08-19T19:30:00Z,1,Tulkarem,pm25,6h,11.32,7.99,11.909684210526317,13.719894736842104,oof,fold_2,persistence,3.33,3.33,False,False
2026-08-19T19:30:00Z,2,Nablus,pm25,6h,12.23,12.31,13.039157894736842,15.145473684210526,oof,fold_2,persistence,0.08000000000000007,-0.08000000000000007,False,True
2026-08-19T19:30:00Z,4,Nablus,pm25,6h,10.53,11.1,11.542315789473683,13.65042105263158,oof,fold_2,persistence,0.5700000000000003,-0.5700000000000003,False,False
2026-08-19T19:30:00Z,5,Nablus,pm25,6h,33.45,12.51,14.43357894736842,16.127157894736843,oof,fold_2,persistence,20.940000000000005,20.940000000000005,False,True
2026-08-19T19:45:00Z,1,Tulkarem,pm25,6h,11.4,7.71,11.810631578947367,13.610105263157894,oof,fold_2,persistence,3.6900000000000004,3.6900000000000004,False,False
2026-08-19T19:45:00Z,2,Nablus,pm25,6h,12.06,12.4,12.947684210526315,15.033263157894735,oof,fold_2,persistence,0.33999999999999986,-0.33999999999999986,False,True
2026-08-19T19:45:00Z,4,Nablus,pm25,6h,10.54,11.12,11.454,13.546631578947366,oof,fold_2,persistence,0.5800000000000001,-0.5800000000000001,False,False
2026-08-19T19:45:00Z,5,Nablus,pm25,6h,17.03,13.31,14.34178947368421,16.022526315789474,oof,fold_2,persistence,3.7200000000000006,3.7200000000000006,False,True
2026-08-19T20:00:00Z,1,Tulkarem,pm25,6h,12.55,7.65,11.727263157894736,13.495578947368422,oof,fold_2,persistence,4.9,4.9,False,False
2026-08-19T20:00:00Z,2,Nablus,pm25,6h,11.67,12.93,12.866947368421052,14.917999999999996,oof,fold_2,persistence,1.2599999999999998,-1.2599999999999998,False,False
2026-08-19T20:00:00Z,4,Nablus,pm25,6h,10.86,10.59,11.381684210526316,13.448105263157895,oof,fold_2,persistence,0.2699999999999996,0.2699999999999996,False,False
2026-08-19T20:00:00Z,5,Nablus,pm25,6h,19.54,11.85,14.295263157894736,15.925052631578946,oof,fold_2,persistence,7.6899999999999995,7.6899999999999995,False,True
2026-08-19T20:15:00Z,1,Tulkarem,pm25,6h,11.62,8.64,11.633894736842104,13.395789473684207,oof,fold_2,persistence,2.9799999999999986,2.9799999999999986,False,False
2026-08-19T20:15:00Z,2,Nablus,pm25,6h,12.14,13.76,12.806947368421053,14.827999999999998,oof,fold_2,persistence,1.6199999999999992,-1.6199999999999992,False,False
2026-08-19T20:15:00Z,4,Nablus,pm25,6h,10.71,11.26,11.314,13.35842105263158,oof,fold_2,persistence,0.5499999999999989,-0.5499999999999989,False,False
2026-08-19T20:15:00Z,5,Nablus,pm25,6h,21.09,10.09,14.20557894736842,15.806105263157896,oof,fold_2,persistence,11.0,11.0,False,True
2026-08-19T20:30:00Z,1,Tulkarem,pm25,6h,13.28,9.02,11.55484210526316,13.31378947368421,oof,fold_2,persistence,4.26,4.26,False,False
2026-08-19T20:30:00Z,2,Nablus,pm25,6h,12.48,13.28,12.755473684210529,14.73315789473684,oof,fold_2,persistence,0.7999999999999989,-0.7999999999999989,False,False
2026-08-19T20:30:00Z,4,Nablus,pm25,6h,10.9,11.58,11.257368421052629,13.269473684210526,oof,fold_2,persistence,0.6799999999999997,-0.6799999999999997,False,False
2026-08-19T20:30:00Z,5,Nablus,pm25,6h,17.42,12.28,14.041473684210526,15.71221052631579,oof,fold_2,persistence,5.140000000000002,5.140000000000002,False,True
2026-08-19T20:45:00Z,1,Tulkarem,pm25,6h,17.93,9.73,11.531894736842109,13.241368421052632,oof,fold_2,persistence,8.2,8.2,False,False
2026-08-19T20:45:00Z,2,Nablus,pm25,6h,12.11,13.21,12.711789473684211,14.64778947368421,oof,fold_2,persistence,1.1000000000000014,-1.1000000000000014,False,False
2026-08-19T20:45:00Z,4,Nablus,pm25,6h,11.61,11.44,11.21021052631579,13.18978947368421,oof,fold_2,persistence,0.16999999999999993,0.16999999999999993,False,False
2026-08-19T20:45:00Z,5,Nablus,pm25,6h,14.94,12.94,13.908105263157896,15.617368421052632,oof,fold_2,persistence,2.0,2.0,False,True
2026-08-19T21:00:00Z,1,Tulkarem,pm25,6h,13.42,9.13,11.43978947368421,13.159368421052632,oof,fold_2,persistence,4.289999999999999,4.289999999999999,False,False
2026-08-19T21:00:00Z,2,Nablus,pm25,6h,12.49,14.17,12.678210526315793,14.571263157894736,oof,fold_2,persistence,1.6799999999999997,-1.6799999999999997,False,False
2026-08-19T21:00:00Z,4,Nablus,pm25,6h,11.55,11.47,11.165684210526315,13.111263157894738,oof,fold_2,persistence,0.08000000000000007,0.08000000000000007,False,False
2026-08-19T21:00:00Z,5,Nablus,pm25,6h,16.93,13.0,13.87,15.519684210526316,oof,fold_2,persistence,3.9299999999999997,3.9299999999999997,False,True
2026-08-19T21:15:00Z,1,Tulkarem,pm25,6h,16.27,8.52,11.336210526315789,13.068105263157896,oof,fold_2,persistence,7.75,7.75,False,False
2026-08-19T21:15:00Z,2,Nablus,pm25,6h,12.71,13.8,12.65221052631579,14.496421052631575,oof,fold_2,persistence,1.0899999999999999,-1.0899999999999999,False,False
2026-08-19T21:15:00Z,4,Nablus,pm25,6h,11.79,12.48,11.128947368421052,13.041157894736845,oof,fold_2,persistence,0.6900000000000013,-0.6900000000000013,False,False
2026-08-19T21:15:00Z,5,Nablus,pm25,6h,40.86,13.01,14.104105263157896,15.425263157894738,oof,fold_2,persistence,27.85,27.85,False,True
2026-08-19T21:30:00Z,1,Tulkarem,pm25,6h,14.61,9.04,11.257368421052632,12.979894736842107,oof,fold_2,persistence,5.57,5.57,False,False
2026-08-19T21:30:00Z,2,Nablus,pm25,6h,12.89,14.48,12.640105263157894,14.430736842105263,oof,fold_2,persistence,1.5899999999999999,-1.5899999999999999,False,False
2026-08-19T21:30:00Z,4,Nablus,pm25,6h,11.91,12.72,11.105368421052631,12.967684210526317,oof,fold_2,persistence,0.8100000000000005,-0.8100000000000005,False,False
2026-08-19T21:30:00Z,5,Nablus,pm25,6h,19.4,12.68,14.125368421052633,15.336,oof,fold_2,persistence,6.719999999999999,6.719999999999999,False,True
2026-08-19T21:45:00Z,1,Tulkarem,pm25,6h,14.47,9.04,11.19284210526316,12.894631578947369,oof,fold_2,persistence,5.4300000000000015,5.4300000000000015,False,False
2026-08-19T21:45:00Z,2,Nablus,pm25,6h,12.33,13.7,12.626105263157894,14.356736842105263,oof,fold_2,persistence,1.3699999999999992,-1.3699999999999992,False,False
2026-08-19T21:45:00Z,4,Nablus,pm25,6h,12.22,11.99,11.092105263157896,12.880315789473686,oof,fold_2,persistence,0.23000000000000043,0.23000000000000043,False,False
2026-08-19T21:45:00Z,5,Nablus,pm25,6h,32.19,13.14,14.277894736842104,15.227684210526316,oof,fold_2,persistence,19.049999999999997,19.049999999999997,False,True
2026-08-19T22:15:00Z,1,Tulkarem,pm25,6h,14.21,10.3,11.08726315789474,12.732526315789473,oof,fold_2,persistence,3.91,3.91,False,False
2026-08-19T22:15:00Z,2,Nablus,pm25,6h,12.24,12.01,12.60884210526316,14.159052631578948,oof,fold_2,persistence,0.23000000000000043,0.23000000000000043,False,False
2026-08-19T22:15:00Z,4,Nablus,pm25,6h,11.45,12.71,11.062105263157896,12.69315789473684,oof,fold_2,persistence,1.2600000000000016,-1.2600000000000016,False,False
2026-08-19T22:15:00Z,5,Nablus,pm25,6h,13.86,12.94,14.204210526315787,15.008631578947368,oof,fold_2,persistence,0.9199999999999999,0.9199999999999999,False,True
2026-08-19T22:30:00Z,1,Tulkarem,pm25,6h,12.38,13.64,11.037263157894737,12.688736842105264,oof,fold_2,persistence,1.2599999999999998,-1.2599999999999998,False,False
2026-08-19T22:30:00Z,2,Nablus,pm25,6h,14.38,12.32,12.629263157894735,14.067894736842106,oof,fold_2,persistence,2.0600000000000005,2.0600000000000005,False,False
2026-08-19T22:30:00Z,4,Nablus,pm25,6h,13.22,12.38,11.073368421052631,12.607157894736842,oof,fold_2,persistence,0.8399999999999999,0.8399999999999999,False,False
2026-08-19T22:30:00Z,5,Nablus,pm25,6h,16.01,13.52,14.204315789473682,14.862315789473683,oof,fold_2,persistence,2.490000000000002,2.490000000000002,False,False
2026-08-19T22:45:00Z,1,Tulkarem,pm25,6h,12.68,14.76,10.984526315789472,12.64642105263158,oof,fold_2,persistence,2.08,-2.08,False,False
2026-08-19T22:45:00Z,2,Nablus,pm25,6h,14.03,12.85,12.634736842105262,13.981894736842108,oof,fold_2,persistence,1.1799999999999997,1.1799999999999997,False,False
2026-08-19T22:45:00Z,4,Nablus,pm25,6h,18.25,12.19,11.144631578947369,12.523263157894736,oof,fold_2,persistence,6.0600000000000005,6.0600000000000005,False,False
2026-08-19T22:45:00Z,5,Nablus,pm25,6h,14.47,15.01,14.16915789473684,14.774526315789473,oof,fold_2,persistence,0.5399999999999991,-0.5399999999999991,False,False
2026-08-19T23:00:00Z,1,Tulkarem,pm25,6h,13.11,13.85,10.946315789473685,12.542421052631578,oof,fold_2,persistence,0.7400000000000002,-0.7400000000000002,False,False
2026-08-19T23:00:00Z,2,Nablus,pm25,6h,15.12,12.73,12.652947368421051,13.899263157894737,oof,fold_2,persistence,2.389999999999999,2.389999999999999,False,False
2026-08-19T23:00:00Z,4,Nablus,pm25,6h,17.08,11.7,11.198842105263155,12.43442105263158,oof,fold_2,persistence,5.379999999999999,5.379999999999999,False,False
2026-08-19T23:00:00Z,5,Nablus,pm25,6h,14.84,14.78,14.169473684210528,14.690421052631578,oof,fold_2,persistence,0.0600000000000005,0.0600000000000005,False,False
2026-08-19T23:15:00Z,1,Tulkarem,pm25,6h,13.31,11.98,10.900736842105262,12.406421052631575,oof,fold_2,persistence,1.33,1.33,False,False
2026-08-19T23:15:00Z,2,Nablus,pm25,6h,15.29,12.37,12.673157894736844,13.810947368421052,oof,fold_2,persistence,2.92,2.92,False,False
2026-08-19T23:15:00Z,4,Nablus,pm25,6h,15.1,10.9,11.234526315789472,12.341052631578943,oof,fold_2,persistence,4.199999999999999,4.199999999999999,False,False
2026-08-19T23:15:00Z,5,Nablus,pm25,6h,15.57,13.1,14.193052631578947,14.582736842105264,oof,fold_2,persistence,2.4700000000000006,2.4700000000000006,False,False
2026-08-19T23:30:00Z,1,Tulkarem,pm25,6h,9.89,13.77,10.856315789473683,12.325684210526314,oof,fold_2,persistence,3.879999999999999,-3.879999999999999,False,False
2026-08-19T23:30:00Z,2,Nablus,pm25,6h,15.93,12.1,12.700315789473686,13.729473684210523,oof,fold_2,persistence,3.83,3.83,False,False
2026-08-19T23:30:00Z,4,Nablus,pm25,6h,14.42,10.89,11.26715789473684,12.258947368421056,oof,fold_2,persistence,3.5299999999999994,3.5299999999999994,False,False
2026-08-19T23:30:00Z,5,Nablus,pm25,6h,15.01,13.09,14.199473684210528,14.481684210526316,oof,fold_2,persistence,1.92,1.92,False,False
2026-08-19T23:45:00Z,1,Tulkarem,pm25,6h,12.02,13.44,10.84515789473684,12.240105263157892,oof,fold_2,persistence,1.42,-1.42,False,False
2026-08-19T23:45:00Z,2,Nablus,pm25,6h,15.75,11.23,12.729157894736844,13.641789473684211,oof,fold_2,persistence,4.52,4.52,False,False
2026-08-19T23:45:00Z,4,Nablus,pm25,6h,14.6,9.97,11.301368421052633,12.169894736842108,oof,fold_2,persistence,4.629999999999999,4.629999999999999,False,False
2026-08-19T23:45:00Z,5,Nablus,pm25,6h,14.81,12.93,14.198526315789472,14.374526315789476,oof,fold_2,persistence,1.8800000000000008,1.8800000000000008,False,False
