timestamp,sensor_id,city,target,horizon,actual,predicted,actual_health_average,predicted_health_average,split,fold_id,model,absolute_error,residual,pollution_event_actual,pollution_event_predicted
2026-08-16T00:00:00Z,1,Tulkarem,pm25,1h,23.3,23.37525838788281,24.346421052631584,24.49263033559061,oof,fold_1,lightgbm,0.07525838788280836,-0.07525838788280836,True,True
2026-08-16T00:00:00Z,2,Nablus,pm25,1h,37.35,36.026643354185566,29.81552083333333,30.128472999732445,oof,fold_1,lightgbm,1.3233566458144352,1.3233566458144352,True,True
2026-08-16T00:00:00Z,4,Nablus,pm25,1h,38.95,34.991004029707604,26.432291666666668,26.808058784564036,oof,fold_1,lightgbm,3.958995970292399,3.958995970292399,True,True
2026-08-16T00:15:00Z,1,Tulkarem,pm25,1h,23.97,23.066178787813083,24.272526315789477,24.494048587745407,oof,fold_1,lightgbm,0.9038212121869158,0.9038212121869158,True,True
2026-08-16T00:15:00Z,2,Nablus,pm25,1h,37.41,36.02895850771383,29.700416666666666,30.1485171904285,oof,fold_1,lightgbm,1.3810414922861654,1.3810414922861654,True,True
2026-08-16T00:15:00Z,4,Nablus,pm25,1h,39.77,34.49176698174389,26.39135416666667,26.636367173313246,oof,fold_1,lightgbm,5.27823301825611,5.27823301825611,True,True
2026-08-16T00:30:00Z,1,Tulkarem,pm25,1h,23.81,23.16807253040266,24.19263157894737,24.428633244475098,oof,fold_1,lightgbm,0.6419274695973378,0.6419274695973378,True,True
2026-08-16T00:30:00Z,2,Nablus,pm25,1h,40.96,37.298447290144594,29.626145833333336,30.072578419138793,oof,fold_1,lightgbm,3.661552709855407,3.661552709855407,True,True
2026-08-16T00:30:00Z,4,Nablus,pm25,1h,39.91,35.01754686343116,26.365625,26.676268565281426,oof,fold_1,lightgbm,4.8924531365688395,4.8924531365688395,True,True
2026-08-16T00:45:00Z,1,Tulkarem,pm25,1h,24.39,22.93536736220992,24.102526315789472,24.358785216696734,oof,fold_1,lightgbm,1.4546326377900805,1.4546326377900805,True,True
2026-08-16T00:45:00Z,2,Nablus,pm25,1h,44.33,37.848262691873366,29.582083333333333,30.11072709900008,oof,fold_1,lightgbm,6.4817373081266325,6.4817373081266325,True,True
2026-08-16T00:45:00Z,4,Nablus,pm25,1h,40.65,34.671082511601696,26.3465625,26.60594100819066,oof,fold_1,lightgbm,5.978917488398302,5.978917488398302,True,True
2026-08-16T01:00:00Z,1,Tulkarem,pm25,1h,24.58,22.768571408268595,24.01526315789474,24.412174029702886,oof,fold_1,lightgbm,1.8114285917314028,1.8114285917314028,True,True
2026-08-16T01:00:00Z,2,Nablus,pm25,1h,41.99,37.364906479148296,29.534375,30.191587182484263,oof,fold_1,lightgbm,4.625093520851706,4.625093520851706,True,True
2026-08-16T01:00:00Z,4,Nablus,pm25,1h,40.32,34.8159999880997,26.33875,26.600139715206588,oof,fold_1,lightgbm,5.5040000119003025,5.5040000119003025,True,True
2026-08-16T01:15:00Z,1,Tulkarem,pm25,1h,25.86,22.8158308427074,23.94042105263157,24.17723369636399,oof,fold_1,lightgbm,3.0441691572926004,3.0441691572926004,True,True
2026-08-16T01:15:00Z,2,Nablus,pm25,1h,38.95,36.761016584076025,29.4378125,29.97685372644367,oof,fold_1,lightgbm,2.1889834159239783,2.1889834159239783,True,True
2026-08-16T01:15:00Z,4,Nablus,pm25,1h,37.11,35.51798516628702,26.309375,26.664532370093724,oof,fold_1,lightgbm,1.5920148337129802,1.5920148337129802,True,True
2026-08-16T01:30:00Z,1,Tulkarem,pm25,1h,26.26,22.614319782535706,23.862526315789477,24.149677850537234,oof,fold_1,lightgbm,3.645680217464296,3.645680217464296,True,True
2026-08-16T01:30:00Z,2,Nablus,pm25,1h,38.78,40.002114886824266,29.33541666666667,29.88680786943375,oof,fold_1,lightgbm,1.222114886824265,-1.222114886824265,True,True
2026-08-16T01:30:00Z,4,Nablus,pm25,1h,37.04,35.719798570866914,26.26739583333333,26.550802452109338,oof,fold_1,lightgbm,1.3202014291330855,1.3202014291330855,True,True
2026-08-16T01:45:00Z,1,Tulkarem,pm25,1h,26.77,23.332294334318167,23.78557894736842,24.06049439090779,oof,fold_1,lightgbm,3.4377056656818326,3.4377056656818326,True,True
2026-08-16T01:45:00Z,2,Nablus,pm25,1h,37.34,40.83787130618895,29.277604166666663,29.925608577975012,oof,fold_1,lightgbm,3.497871306188948,-3.497871306188948,True,True
2026-08-16T01:45:00Z,4,Nablus,pm25,1h,33.94,35.96445935090868,26.196979166666665,26.564008255911283,oof,fold_1,lightgbm,2.0244593509086855,-2.0244593509086855,True,True
2026-08-16T02:00:00Z,1,Tulkarem,pm25,1h,26.93,23.069538909965264,23.70768421052632,24.012757530090592,oof,fold_1,lightgbm,3.860461090034736,3.860461090034736,True,True
2026-08-16T02:00:00Z,2,Nablus,pm25,1h,37.17,41.02129561023961,29.23,29.78803124818592,oof,fold_1,lightgbm,3.8512956102396103,-3.8512956102396103,True,True
2026-08-16T02:00:00Z,4,Nablus,pm25,1h,32.62,35.66749390004349,26.112916666666667,26.53567087113375,oof,fold_1,lightgbm,3.0474939000434915,-3.0474939000434915,True,True
2026-08-16T02:15:00Z,1,Tulkarem,pm25,1h,27.17,23.86965866856104,23.632421052631575,23.93520464712726,oof,fold_1,lightgbm,3.300341331438961,3.300341331438961,True,True
2026-08-16T02:15:00Z,2,Nablus,pm25,1h,33.41,39.82818082469526,29.152395833333333,29.775100162445657,oof,fold_1,lightgbm,6.418180824695263,-6.418180824695263,True,True
2026-08-16T02:15:00Z,4,Nablus,pm25,1h,32.62,35.51082501930541,26.04697916666667,26.53747902897373,oof,fold_1,lightgbm,2.89082501930541,-2.89082501930541,True,True
2026-08-16T02:30:00Z,1,Tulkarem,pm25,1h,27.92,23.69988482152209,23.55505263157895,23.925678827920986,oof,fold_1,lightgbm,4.220115178477911,4.220115178477911,True,True
2026-08-16T02:30:00Z,2,Nablus,pm25,1h,30.87,39.84431918128862,29.04927083333333,29.645921497300783,oof,fold_1,lightgbm,8.974319181288617,-8.974319181288617,True,True
2026-08-16T02:30:00Z,4,Nablus,pm25,1h,29.99,36.640791962487015,25.9271875,26.51662662229683,oof,fold_1,lightgbm,6.650791962487016,-6.650791962487016,True,True
2026-08-16T02:45:00Z,1,Tulkarem,pm25,1h,27.27,24.083194136257113,23.46284210526316,23.943937253783474,oof,fold_1,lightgbm,3.1868058637428867,3.1868058637428867,True,True
2026-08-16T02:45:00Z,2,Nablus,pm25,1h,29.86,39.124009315291374,28.9525,29.57597120494614,oof,fold_1,lightgbm,9.264009315291375,-9.264009315291375,True,True
2026-08-16T02:45:00Z,4,Nablus,pm25,1h,31.61,34.899964133761365,25.844583333333333,26.436241175679967,oof,fold_1,lightgbm,3.289964133761366,-3.289964133761366,True,True
2026-08-16T03:00:00Z,1,Tulkarem,pm25,1h,26.77,24.813966088074796,23.366,23.758801468237777,oof,fold_1,lightgbm,1.9560339119252035,1.9560339119252035,True,True
2026-08-16T03:00:00Z,2,Nablus,pm25,1h,28.86,39.26798322168442,28.825416666666666,29.602970559555462,oof,fold_1,lightgbm,10.407983221684418,-10.407983221684418,True,True
2026-08-16T03:00:00Z,4,Nablus,pm25,1h,32.45,34.39721689914567,25.78125,26.28174976570818,oof,fold_1,lightgbm,1.9472168991456655,-1.9472168991456655,True,True
2026-08-16T03:15:00Z,2,Nablus,pm25,1h,29.25,36.39635814107997,28.6853125,29.585468360339707,oof,fold_1,lightgbm,7.146358141079972,-7.146358141079972,True,True
2026-08-16T03:15:00Z,4,Nablus,pm25,1h,35.39,34.882338588028,25.757500000000004,26.224452119567093,oof,fold_1,lightgbm,0.507661411972002,0.507661411972002,True,True
2026-08-16T03:30:00Z,1,Tulkarem,pm25,1h,27.07,25.126024190441342,23.159052631578945,23.760671973353237,oof,fold_1,lightgbm,1.9439758095586583,1.9439758095586583,True,True
2026-08-16T03:30:00Z,2,Nablus,pm25,1h,28.54,35.08358611264196,28.53739583333333,29.27693618128919,oof,fold_1,lightgbm,6.543586112641961,-6.543586112641961,True,True
2026-08-16T03:30:00Z,4,Nablus,pm25,1h,32.63,33.06092063843878,25.70364583333333,26.21666447802163,oof,fold_1,lightgbm,0.4309206384387778,-0.4309206384387778,True,True
2026-08-16T03:45:00Z,1,Tulkarem,pm25,1h,26.46,25.54060917771233,23.03315789473684,23.50652824811542,oof,fold_1,lightgbm,0.9193908222876708,0.9193908222876708,True,True
2026-08-16T03:45:00Z,2,Nablus,pm25,1h,28.0,33.20654536054011,28.383229166666663,29.249532901320748,oof,fold_1,lightgbm,5.206545360540112,-5.206545360540112,True,True
2026-08-16T03:45:00Z,4,Nablus,pm25,1h,22.42,34.38263770658695,25.5296875,26.078649903078986,oof,fold_1,lightgbm,11.962637706586946,-11.962637706586946,True,True
2026-08-16T04:00:00Z,1,Tulkarem,pm25,1h,23.7,24.073169907322935,22.91368421052632,23.451054468526337,oof,fold_1,lightgbm,0.37316990732293576,-0.37316990732293576,True,True
2026-08-16T04:00:00Z,2,Nablus,pm25,1h,27.18,26.45146990113535,28.21947916666667,29.22834993277673,oof,fold_1,lightgbm,0.728530098864649,0.728530098864649,True,True
2026-08-16T04:00:00Z,4,Nablus,pm25,1h,22.59,32.02002365622201,25.370625,25.97905111149115,oof,fold_1,lightgbm,9.430023656222009,-9.430023656222009,True,True
2026-08-16T04:15:00Z,1,Tulkarem,pm25,1h,22.03,23.82876394411078,22.80252631578947,23.405181411992668,oof,fold_1,lightgbm,1.7987639441107781,-1.7987639441107781,True,True
2026-08-16T04:15:00Z,2,Nablus,pm25,1h,28.01,26.474254663537877,28.083229166666666,28.790219771980883,oof,fold_1,lightgbm,1.5357453364621243,1.5357453364621243,True,True
2026-08-16T04:15:00Z,4,Nablus,pm25,1h,25.04,32.987030738406716,25.256041666666665,26.010476692471734,oof,fold_1,lightgbm,7.947030738406717,-7.947030738406717,True,True
2026-08-16T04:30:00Z,1,Tulkarem,pm25,1h,28.27,24.451998266759173,22.76821052631579,23.254657154808374,oof,fold_1,lightgbm,3.818001733240827,3.818001733240827,True,True
2026-08-16T04:30:00Z,2,Nablus,pm25,1h,26.97,26.15947862811559,27.96291666666667,28.767273297395832,oof,fold_1,lightgbm,0.8105213718844091,0.8105213718844091,True,True
2026-08-16T04:30:00Z,4,Nablus,pm25,1h,27.65,31.24112657737877,25.1915625,25.976583114932534,oof,fold_1,lightgbm,3.5911265773787697,-3.5911265773787697,True,True
2026-08-16T04:45:00Z,1,Tulkarem,pm25,1h,29.41,24.00747772174611,22.751894736842107,23.041271407022094,oof,fold_1,lightgbm,5.40252227825389,5.40252227825389,True,True
2026-08-16T04:45:00Z,2,Nablus,pm25,1h,23.97,25.56487101316011,27.830625,28.46914456389742,oof,fold_1,lightgbm,1.5948710131601125,-1.5948710131601125,True,True
2026-08-16T04:45:00Z,4,Nablus,pm25,1h,24.3,21.980759890314943,25.0971875,25.722386936056118,oof,fold_1,lightgbm,2.319240109685058,2.319240109685058,True,True
2026-08-16T05:00:00Z,1,Tulkarem,pm25,1h,27.35,22.15278330234172,22.73168421052632,22.743089499021394,oof,fold_1,lightgbm,5.1972166976582805,5.1972166976582805,True,True
2026-08-16T05:00:00Z,2,Nablus,pm25,1h,23.61,24.33931083350426,27.709375,28.223069131469508,oof,fold_1,lightgbm,0.7293108335042611,-0.7293108335042611,True,True
2026-08-16T05:00:00Z,4,Nablus,pm25,1h,23.8,20.824906292006574,25.02958333333333,25.575152808048884,oof,fold_1,lightgbm,2.9750937079934268,2.9750937079934268,True,True
2026-08-16T05:15:00Z,1,Tulkarem,pm25,1h,25.39,21.219376248686206,22.694526315789474,22.5694263316925,oof,fold_1,lightgbm,4.170623751313794,4.170623751313794,True,True
2026-08-16T05:15:00Z,2,Nablus,pm25,1h,22.19,24.511292303899353,27.58927083333333,28.136744751605693,oof,fold_1,lightgbm,2.3212923038993516,-2.3212923038993516,True,True
2026-08-16T05:15:00Z,4,Nablus,pm25,1h,22.56,22.066787236316856,24.959375,25.42924646417528,oof,fold_1,lightgbm,0.49321276368314315,0.49321276368314315,True,True
2026-08-16T05:30:00Z,1,Tulkarem,pm25,1h,26.51,21.80289514438201,22.69484210526316,22.783421417642682,oof,fold_1,lightgbm,4.707104855617992,4.707104855617992,True,True
2026-08-16T05:30:00Z,2,Nablus,pm25,1h,23.47,24.18837314986618,27.4959375,28.014018541755874,oof,fold_1,lightgbm,0.7183731498661814,-0.7183731498661814,True,True
2026-08-16T05:30:00Z,4,Nablus,pm25,1h,21.65,23.42634459021033,24.88864583333333,25.399565926045952,oof,fold_1,lightgbm,1.776344590210332,-1.776344590210332,True,True
2026-08-16T05:45:00Z,1,Tulkarem,pm25,1h,25.51,23.247055067275607,22.68526315789473,22.802710092752147,oof,fold_1,lightgbm,2.2629449327243947,2.2629449327243947,True,True
2026-08-16T05:45:00Z,2,Nablus,pm25,1h,21.08,21.61412831659562,27.399375,27.98000061865874,oof,fold_1,lightgbm,0.5341283165956234,-0.5341283165956234,True,True
2026-08-16T05:45:00Z,4,Nablus,pm25,1h,21.28,21.82612884644765,24.819479166666667,25.256380612994768,oof,fold_1,lightgbm,0.5461288464476475,-0.5461288464476475,True,True
2026-08-16T06:00:00Z,1,Tulkarem,pm25,1h,23.22,22.46691180167632,22.648315789473685,22.713445174858695,oof,fold_1,lightgbm,0.7530881983236775,0.7530881983236775,True,True
2026-08-16T06:00:00Z,2,Nablus,pm25,1h,23.08,21.094761276314475,27.32229166666666,27.752213010402507,oof,fold_1,lightgbm,1.985238723685523,1.985238723685523,True,True
2026-08-16T06:00:00Z,4,Nablus,pm25,1h,21.33,21.36064590511104,24.760625,25.208271743624895,oof,fold_1,lightgbm,0.03064590511104015,-0.03064590511104015,True,True
2026-08-16T06:15:00Z,1,Tulkarem,pm25,1h,22.0,23.285091993735207,22.59326315789474,22.507025572830557,oof,fold_1,lightgbm,1.2850919937352074,-1.2850919937352074,True,True
2026-08-16T06:15:00Z,2,Nablus,pm25,1h,22.82,20.28642921143554,27.24927083333333,27.60146394616665,oof,fold_1,lightgbm,2.533570788564461,2.533570788564461,True,True
2026-08-16T06:15:00Z,4,Nablus,pm25,1h,20.17,20.303811004392102,24.68145833333333,25.155742571566563,oof,fold_1,lightgbm,0.13381100439210059,-0.13381100439210059,True,True
2026-08-16T06:30:00Z,1,Tulkarem,pm25,1h,21.46,23.576630048977123,22.554,22.54074904985881,oof,fold_1,lightgbm,2.1166300489771217,-2.1166300489771217,True,True
2026-08-16T06:30:00Z,2,Nablus,pm25,1h,22.88,20.316694461406254,27.181875,27.511766111225267,oof,fold_1,lightgbm,2.5633055385937453,2.5633055385937453,True,True
2026-08-16T06:30:00Z,4,Nablus,pm25,1h,20.71,19.766696866182286,24.6253125,25.01420413489028,oof,fold_1,lightgbm,0.9433031338177145,0.9433031338177145,True,True
2026-08-16T06:45:00Z,1,Tulkarem,pm25,1h,24.19,23.346608025884954,22.522526315789477,22.449491064874152,oof,fold_1,lightgbm,0.8433919741150468,0.8433919741150468,True,True
2026-08-16T06:45:00Z,2,Nablus,pm25,1h,21.62,19.17801479044942,27.1003125,27.409303600976372,oof,fold_1,lightgbm,2.4419852095505803,2.4419852095505803,True,True
2026-08-16T06:45:00Z,4,Nablus,pm25,1h,20.07,19.56121297328082,24.561875,24.910889898599667,oof,fold_1,lightgbm,0.5087870267191796,0.5087870267191796,True,True
2026-08-16T07:00:00Z,1,Tulkarem,pm25,1h,22.67,20.24605242065989,22.485052631578945,22.430620507452417,oof,fold_1,lightgbm,2.423947579340112,2.423947579340112,True,True
2026-08-16T07:00:00Z,2,Nablus,pm25,1h,20.91,19.517582167645042,27.027083333333334,27.41181725291568,oof,fold_1,lightgbm,1.3924178323549583,1.3924178323549583,True,True
2026-08-16T07:00:00Z,4,Nablus,pm25,1h,18.14,19.66781003691984,24.481979166666665,24.850806335728482,oof,fold_1,lightgbm,1.5278100369198384,-1.5278100369198384,True,True
2026-08-16T07:15:00Z,1,Tulkarem,pm25,1h,22.8,20.068394091024402,22.461157894736843,22.26279567676493,oof,fold_1,lightgbm,2.731605908975599,2.731605908975599,True,True
2026-08-16T07:15:00Z,2,Nablus,pm25,1h,20.04,19.309225076369113,26.957395833333333,27.347362813533426,oof,fold_1,lightgbm,0.7307749236308858,0.7307749236308858,True,True
2026-08-16T07:15:00Z,4,Nablus,pm25,1h,18.3,18.54211085819292,24.421875,24.691865079962103,oof,fold_1,lightgbm,0.24211085819291966,-0.24211085819291966,True,True
2026-08-16T07:30:00Z,1,Tulkarem,pm25,1h,22.93,18.049219422857785,22.44557894736842,22.26836368515518,oof,fold_1,lightgbm,4.880780577142215,4.880780577142215,True,True
2026-08-16T07:30:00Z,2,Nablus,pm25,1h,20.66,19.34694170604681,26.881875000000004,27.201423950690394,oof,fold_1,lightgbm,1.3130582939531905,1.3130582939531905,True,True
2026-08-16T07:30:00Z,4,Nablus,pm25,1h,17.81,18.21094243226937,24.344479166666662,24.573802645843614,oof,fold_1,lightgbm,0.4009424322693711,-0.4009424322693711,True,True
2026-08-16T07:45:00Z,1,Tulkarem,pm25,1h,22.7,20.834691314266156,22.418105263157894,22.243320546553193,oof,fold_1,lightgbm,1.8653086857338437,1.8653086857338437,True,True
2026-08-16T07:45:00Z,2,Nablus,pm25,1h,20.08,19.039810374836865,26.814166666666665,27.19915520142841,oof,fold_1,lightgbm,1.0401896251631335,1.0401896251631335,True,True
2026-08-16T07:45:00Z,4,Nablus,pm25,1h,18.49,17.244169485896062,24.28802083333333,24.554724055740422,oof,fold_1,lightgbm,1.245830514103936,1.245830514103936,True,True
2026-08-16T08:00:00Z,1,Tulkarem,pm25,1h,22.69,20.460207173576247,22.423368421052636,22.217002796704158,oof,fold_1,lightgbm,2.229792826423754,2.229792826423754,True,True
2026-08-16T08:00:00Z,2,Nablus,pm25,1h,19.99,18.49741609983184,26.75114583333333,27.088521209291315,oof,fold_1,lightgbm,1.4925839001681567,1.4925839001681567,True,True
2026-08-16T08:00:00Z,4,Nablus,pm25,1h,16.9,15.796070978069201,24.2221875,24.38371620060662,oof,fold_1,lightgbm,1.1039290219307976,1.1039290219307976,True,True
2026-08-16T08:15:00Z,1,Tulkarem,pm25,1h,25.38,19.34014760242779,22.45242105263158,22.24497987584542,oof,fold_1,lightgbm,6.039852397572208,6.039852397572208,True,True
2026-08-16T08:15:00Z,2,Nablus,pm25,1h,18.88,18.139948369124365,26.68104166666667,27.076961019951355,oof,fold_1,lightgbm,0.7400516308756337,0.7400516308756337,True,True
2026-08-16T08:15:00Z,4,Nablus,pm25,1h,16.86,16.260070132122294,24.166354166666665,24.355036362688292,oof,fold_1,lightgbm,0.5999298678777052,0.5999298678777052,True,True
2026-08-16T08:30:00Z,1,Tulkarem,pm25,1h,24.39,20.647149593104725,22.456736842105265,22.30927414429391,oof,fold_1,lightgbm,3.7428504068952755,3.7428504068952755,True,True
2026-08-16T08:30:00Z,2,Nablus,pm25,1h,18.07,17.973853446906187,26.610625,26.9765503954634,oof,fold_1,lightgbm,0.09614655309381348,0.09614655309381348,True,True
2026-08-16T08:30:00Z,4,Nablus,pm25,1h,15.84,16.175721010985225,24.109375,24.279904306658253,oof,fold_1,lightgbm,0.33572101098522467,-0.33572101098522467,True,True
2026-08-16T08:45:00Z,1,Tulkarem,pm25,1h,23.33,21.204861906620906,22.45484210526316,22.241365238836934,oof,fold_1,lightgbm,2.1251380933790927,2.1251380933790927,True,True
2026-08-16T08:45:00Z,2,Nablus,pm25,1h,18.57,17.409762982113527,26.571145833333333,26.88788850094085,oof,fold_1,lightgbm,1.1602370178864732,1.1602370178864732,True,True
2026-08-16T08:45:00Z,4,Nablus,pm25,1h,15.22,16.909914330962422,24.04395833333333,24.301812754287457,oof,fold_1,lightgbm,1.6899143309624218,-1.6899143309624218,True,True
2026-08-16T09:00:00Z,1,Tulkarem,pm25,1h,24.04,22.363208228319525,22.47052631578948,22.11864018881068,oof,fold_1,lightgbm,1.6767917716804739,1.6767917716804739,True,True
2026-08-16T09:00:00Z,2,Nablus,pm25,1h,19.57,17.684402573578488,26.53270833333333,26.8316501290668,oof,fold_1,lightgbm,1.885597426421512,1.885597426421512,True,True
2026-08-16T09:00:00Z,4,Nablus,pm25,1h,15.71,15.69630630361538,23.989375,24.012823166832707,oof,fold_1,lightgbm,0.013693696384621035,0.013693696384621035,True,True
2026-08-16T09:15:00Z,1,Tulkarem,pm25,1h,23.81,24.10352619308741,22.49852631578948,22.12290275761546,oof,fold_1,lightgbm,0.2935261930874127,-0.2935261930874127,True,True
2026-08-16T09:15:00Z,2,Nablus,pm25,1h,18.65,17.095469989214298,26.47385416666667,26.72809730932383,oof,fold_1,lightgbm,1.554530010785701,1.554530010785701,True,True
2026-08-16T09:15:00Z,4,Nablus,pm25,1h,15.91,15.822058466105545,23.93375,24.043012426059782,oof,fold_1,lightgbm,0.0879415338944547,0.0879415338944547,True,True
2026-08-16T09:30:00Z,1,Tulkarem,pm25,1h,22.02,25.474603589382358,22.51126315789474,22.25248706302241,oof,fold_1,lightgbm,3.4546035893823586,-3.4546035893823586,True,True
2026-08-16T09:30:00Z,2,Nablus,pm25,1h,20.9,16.84116811405166,26.435729166666665,26.57054487711597,oof,fold_1,lightgbm,4.05883188594834,4.05883188594834,True,True
2026-08-16T09:30:00Z,4,Nablus,pm25,1h,16.04,14.541543314585468,23.883958333333336,23.90497969720907,oof,fold_1,lightgbm,1.4984566854145314,1.4984566854145314,True,True
2026-08-16T09:45:00Z,1,Tulkarem,pm25,1h,24.8,25.544915213246945,22.55968421052632,22.25637033834529,oof,fold_1,lightgbm,0.7449152132469443,-0.7449152132469443,True,True
2026-08-16T09:45:00Z,2,Nablus,pm25,1h,24.5,17.272769766156028,26.4340625,26.571363638236463,oof,fold_1,lightgbm,7.227230233843972,7.227230233843972,True,True
2026-08-16T09:45:00Z,4,Nablus,pm25,1h,19.16,14.387919236873364,23.862291666666668,23.801172720926356,oof,fold_1,lightgbm,4.772080763126636,4.772080763126636,True,True
2026-08-16T10:00:00Z,1,Tulkarem,pm25,1h,24.2,24.71381906700649,22.60821052631579,22.281286022412413,oof,fold_1,lightgbm,0.5138190670064908,-0.5138190670064908,True,True
2026-08-16T10:00:00Z,2,Nablus,pm25,1h,26.42,17.499370612772857,26.4446875,26.48266265560075,oof,fold_1,lightgbm,8.920629387227144,8.920629387227144,True,True
2026-08-16T10:00:00Z,4,Nablus,pm25,1h,21.79,13.806077527218806,23.8653125,23.846144114207537,oof,fold_1,lightgbm,7.9839224727811935,7.9839224727811935,True,True
2026-08-16T10:15:00Z,1,Tulkarem,pm25,1h,19.35,24.686697488612825,22.60410526315789,22.33696508369009,oof,fold_1,lightgbm,5.336697488612824,-5.336697488612824,True,True
2026-08-16T10:15:00Z,2,Nablus,pm25,1h,26.57,17.03889766651754,26.485208333333333,26.438317726848553,oof,fold_1,lightgbm,9.531102333482462,9.531102333482462,True,True
2026-08-16T10:15:00Z,4,Nablus,pm25,1h,22.98,14.024693161178687,23.89333333333333,23.7767133001133,oof,fold_1,lightgbm,8.955306838821313,8.955306838821313,True,True
2026-08-16T10:30:00Z,1,Tulkarem,pm25,1h,17.24,23.21400709013446,22.58694736842105,22.27634423399462,oof,fold_1,lightgbm,5.97400709013446,-5.97400709013446,True,True
2026-08-16T10:30:00Z,2,Nablus,pm25,1h,24.81,17.971408413709863,26.52270833333333,26.405009567663488,oof,fold_1,lightgbm,6.838591586290136,6.838591586290136,True,True
2026-08-16T10:30:00Z,4,Nablus,pm25,1h,21.49,14.171496236966048,23.929791666666663,23.815730650311114,oof,fold_1,lightgbm,7.3185037630339504,7.3185037630339504,True,True
2026-08-16T10:45:00Z,1,Tulkarem,pm25,1h,16.88,22.54892322158701,22.562421052631574,22.297915570564843,oof,fold_1,lightgbm,5.668923221587011,-5.668923221587011,True,True
2026-08-16T10:45:00Z,2,Nablus,pm25,1h,24.32,22.978367903073067,26.57541666666667,26.46905959680372,oof,fold_1,lightgbm,1.3416320969269329,1.3416320969269329,True,True
2026-08-16T10:45:00Z,4,Nablus,pm25,1h,19.52,16.266833873842973,23.959479166666664,23.936165677375488,oof,fold_1,lightgbm,3.2531661261570264,3.2531661261570264,True,True
2026-08-16T11:00:00Z,1,Tulkarem,pm25,1h,16.64,21.58967244097804,22.535052631578942,22.50597509546018,oof,fold_1,lightgbm,4.949672440978038,-4.949672440978038,True,True
2026-08-16T11:00:00Z,2,Nablus,pm25,1h,22.54,25.97313484694106,26.598333333333333,26.486290903701605,oof,fold_1,lightgbm,3.433134846941062,-3.433134846941062,True,True
2026-08-16T11:00:00Z,4,Nablus,pm25,1h,18.71,19.0593383403662,23.98708333333333,24.014983025713796,oof,fold_1,lightgbm,0.3493383403661987,-0.3493383403661987,True,True
2026-08-16T11:15:00Z,1,Tulkarem,pm25,1h,16.85,20.612519355557108,22.51294736842105,22.417998985180198,oof,fold_1,lightgbm,3.7625193555571066,-3.7625193555571066,True,True
2026-08-16T11:15:00Z,2,Nablus,pm25,1h,21.27,25.431879440766576,26.630416666666665,26.49819753815125,oof,fold_1,lightgbm,4.161879440766576,-4.161879440766576,True,True
2026-08-16T11:15:00Z,4,Nablus,pm25,1h,17.65,21.02357449652734,24.026979166666663,24.04474552333717,oof,fold_1,lightgbm,3.3735744965273398,-3.3735744965273398,True,True
2026-08-16T11:30:00Z,1,Tulkarem,pm25,1h,15.09,19.979802445268618,22.464421052631582,22.263330165792215,oof,fold_1,lightgbm,4.889802445268618,-4.889802445268618,True,True
2026-08-16T11:30:00Z,2,Nablus,pm25,1h,20.23,23.03714822381926,26.645416666666662,26.57027834995845,oof,fold_1,lightgbm,2.807148223819258,-2.807148223819258,True,True
2026-08-16T11:30:00Z,4,Nablus,pm25,1h,30.34,21.126573946105903,24.195625000000003,24.053856929772856,oof,fold_1,lightgbm,9.213426053894096,9.213426053894096,True,True
2026-08-16T11:45:00Z,1,Tulkarem,pm25,1h,15.32,19.25444304179427,22.41378947368421,22.318629535231842,oof,fold_1,lightgbm,3.934443041794271,-3.934443041794271,True,True
2026-08-16T11:45:00Z,2,Nablus,pm25,1h,19.29,23.274454803251977,26.64625,26.62579333410989,oof,fold_1,lightgbm,3.984454803251978,-3.984454803251978,True,True
2026-08-16T11:45:00Z,4,Nablus,pm25,1h,20.94,17.796149651486413,24.254583333333333,23.934733010840382,oof,fold_1,lightgbm,3.1438503485135882,3.1438503485135882,True,True
2026-08-16T12:00:00Z,1,Tulkarem,pm25,1h,14.99,18.805525431738676,22.36010526315789,22.309798548945864,oof,fold_1,lightgbm,3.815525431738676,-3.815525431738676,True,True
2026-08-16T12:00:00Z,2,Nablus,pm25,1h,18.94,22.35231800830571,26.643854166666667,26.665092925898232,oof,fold_1,lightgbm,3.412318008305707,-3.412318008305707,True,True
2026-08-16T12:00:00Z,4,Nablus,pm25,1h,15.06,17.81157540000222,24.2534375,23.998422561238815,oof,fold_1,lightgbm,2.751575400002219,-2.751575400002219,True,True
2026-08-16T12:15:00Z,1,Tulkarem,pm25,1h,14.43,19.249065692346054,22.310526315789478,22.22299114392462,oof,fold_1,lightgbm,4.819065692346054,-4.819065692346054,True,True
2026-08-16T12:15:00Z,2,Nablus,pm25,1h,18.65,20.61722171696736,26.64791666666667,26.634891276320424,oof,fold_1,lightgbm,1.9672217169673623,-1.9672217169673623,True,True
2026-08-16T12:15:00Z,4,Nablus,pm25,1h,14.34,17.141954314597744,24.25322916666667,23.865107233529024,oof,fold_1,lightgbm,2.8019543145977437,-2.8019543145977437,True,True
2026-08-16T12:30:00Z,1,Tulkarem,pm25,1h,14.81,18.978061626940043,22.259578947368414,22.032033033870114,oof,fold_1,lightgbm,4.168061626940043,-4.168061626940043,True,True
2026-08-16T12:30:00Z,2,Nablus,pm25,1h,17.49,19.518078737088953,26.64770833333333,26.70122092884309,oof,fold_1,lightgbm,2.028078737088954,-2.028078737088954,True,True
2026-08-16T12:30:00Z,4,Nablus,pm25,1h,13.26,26.773432735503746,24.24208333333333,24.31065952631295,oof,fold_1,lightgbm,13.513432735503747,-13.513432735503747,True,True
2026-08-16T12:45:00Z,1,Tulkarem,pm25,1h,14.57,16.52202083118284,22.21157894736842,22.01326607062708,oof,fold_1,lightgbm,1.952020831182839,-1.952020831182839,True,True
2026-08-16T12:45:00Z,2,Nablus,pm25,1h,17.23,18.78408319438971,26.629270833333333,26.609193744222658,oof,fold_1,lightgbm,1.5540831943897082,-1.5540831943897082,True,True
2026-08-16T12:45:00Z,4,Nablus,pm25,1h,12.88,19.678801334447016,24.22010416666667,24.2612131551383,oof,fold_1,lightgbm,6.798801334447015,-6.798801334447015,True,True
2026-08-16T13:00:00Z,1,Tulkarem,pm25,1h,15.33,16.488905328241,22.176,21.986616561682883,oof,fold_1,lightgbm,1.1589053282409996,-1.1589053282409996,True,True
2026-08-16T13:00:00Z,2,Nablus,pm25,1h,16.59,18.81429518613926,26.6075,26.695102744630866,oof,fold_1,lightgbm,2.224295186139262,-2.224295186139262,True,True
2026-08-16T13:00:00Z,4,Nablus,pm25,1h,12.63,14.689300825775625,24.17635416666667,23.950865235497727,oof,fold_1,lightgbm,2.0593008257756242,-2.0593008257756242,True,True
2026-08-16T13:15:00Z,1,Tulkarem,pm25,1h,16.65,15.772157824164244,22.16894736842105,21.843143453840405,oof,fold_1,lightgbm,0.8778421758357542,0.8778421758357542,True,True
2026-08-16T13:15:00Z,2,Nablus,pm25,1h,16.62,18.604984771473056,26.58125,26.688049978450955,oof,fold_1,lightgbm,1.984984771473055,-1.984984771473055,True,True
2026-08-16T13:15:00Z,4,Nablus,pm25,1h,12.08,13.976358107151663,24.140312500000004,23.900325525859827,oof,fold_1,lightgbm,1.8963581071516629,-1.8963581071516629,True,True
2026-08-16T13:30:00Z,1,Tulkarem,pm25,1h,18.08,15.893566509708364,22.18894736842105,21.87343227449261,oof,fold_1,lightgbm,2.186433490291634,2.186433490291634,True,True
2026-08-16T13:30:00Z,2,Nablus,pm25,1h,15.5,17.321306999896546,26.5459375,26.67929978867268,oof,fold_1,lightgbm,1.8213069998965459,-1.8213069998965459,True,True
2026-08-16T13:30:00Z,4,Nablus,pm25,1h,12.21,13.709566467164446,24.0890625,23.88502281424939,oof,fold_1,lightgbm,1.4995664671644455,-1.4995664671644455,True,True
2026-08-16T13:45:00Z,1,Tulkarem,pm25,1h,18.14,15.84032682259335,22.209789473684207,21.918489084603756,oof,fold_1,lightgbm,2.2996731774066514,2.2996731774066514,True,True
2026-08-16T13:45:00Z,2,Nablus,pm25,1h,16.02,17.31940852683403,26.51083333333333,26.59233787988311,oof,fold_1,lightgbm,1.299408526834032,-1.299408526834032,True,True
2026-08-16T13:45:00Z,4,Nablus,pm25,1h,11.77,12.716849982144822,24.04416666666667,23.90696054260973,oof,fold_1,lightgbm,0.9468499821448226,-0.9468499821448226,True,True
2026-08-16T14:00:00Z,1,Tulkarem,pm25,1h,16.63,16.142126139949106,22.225263157894737,21.788932673169327,oof,fold_1,lightgbm,0.48787386005089317,0.48787386005089317,True,True
2026-08-16T14:00:00Z,2,Nablus,pm25,1h,17.65,16.538770408591507,26.5178125,26.5318188964636,oof,fold_1,lightgbm,1.1112295914084918,1.1112295914084918,True,True
2026-08-16T14:00:00Z,4,Nablus,pm25,1h,13.25,13.218984619768817,24.018125,23.823797776596148,oof,fold_1,lightgbm,0.031015380231183443,0.031015380231183443,True,True
2026-08-16T14:15:00Z,1,Tulkarem,pm25,1h,16.6,16.584816175589182,22.236526315789472,21.891582032441487,oof,fold_1,lightgbm,0.015183824410819113,0.015183824410819113,True,True
2026-08-16T14:15:00Z,2,Nablus,pm25,1h,16.96,16.540639163761558,26.53322916666667,26.479382076909673,oof,fold_1,lightgbm,0.4193608362384431,0.4193608362384431,True,True
2026-08-16T14:15:00Z,4,Nablus,pm25,1h,13.77,12.180245538828578,24.02010416666667,23.82820053979753,oof,fold_1,lightgbm,1.589754461171422,1.589754461171422,True,True
2026-08-16T14:30:00Z,1,Tulkarem,pm25,1h,15.71,17.14993988202671,22.23831578947368,22.00365003307573,oof,fold_1,lightgbm,1.4399398820267102,-1.4399398820267102,True,True
2026-08-16T14:30:00Z,2,Nablus,pm25,1h,17.25,15.040702551437816,26.550104166666667,26.43697123207551,oof,fold_1,lightgbm,2.209297448562184,2.209297448562184,True,True
2026-08-16T14:30:00Z,4,Nablus,pm25,1h,13.2,12.071232412309577,24.02208333333333,23.832466728326636,oof,fold_1,lightgbm,1.1287675876904224,1.1287675876904224,True,True
2026-08-16T14:45:00Z,1,Tulkarem,pm25,1h,15.75,17.054813068071525,22.23631578947368,21.91983663961938,oof,fold_1,lightgbm,1.3048130680715246,-1.3048130680715246,True,True
2026-08-16T14:45:00Z,2,Nablus,pm25,1h,20.67,15.364381320658136,26.60458333333333,26.39377339415327,oof,fold_1,lightgbm,5.305618679341865,5.305618679341865,True,True
2026-08-16T14:45:00Z,4,Nablus,pm25,1h,14.4,11.820847452398136,24.037916666666664,23.842530650240008,oof,fold_1,lightgbm,2.579152547601865,2.579152547601865,True,True
2026-08-16T15:00:00Z,1,Tulkarem,pm25,1h,18.32,16.91985802582497,22.251368421052632,21.939801563819326,oof,fold_1,lightgbm,1.4001419741750318,1.4001419741750318,True,True
2026-08-16T15:00:00Z,2,Nablus,pm25,1h,20.52,17.83013981496701,26.649583333333336,26.42935598226217,oof,fold_1,lightgbm,2.689860185032991,2.689860185032991,True,True
2026-08-16T15:00:00Z,4,Nablus,pm25,1h,15.89,13.867328023790044,24.060625,23.762423893965895,oof,fold_1,lightgbm,2.0226719762099563,2.0226719762099563,True,True
2026-08-16T15:15:00Z,1,Tulkarem,pm25,1h,20.39,16.667931340631522,22.27063157894737,21.962301028630105,oof,fold_1,lightgbm,3.722068659368478,3.722068659368478,True,True
2026-08-16T15:15:00Z,2,Nablus,pm25,1h,21.74,17.242786523150315,26.684479166666662,26.376464878903658,oof,fold_1,lightgbm,4.497213476849684,4.497213476849684,True,True
2026-08-16T15:15:00Z,4,Nablus,pm25,1h,16.39,14.193871705996921,24.0340625,23.794020324679707,oof,fold_1,lightgbm,2.1961282940030795,2.1961282940030795,True,True
2026-08-16T15:30:00Z,1,Tulkarem,pm25,1h,18.33,15.23712974869612,22.26484210526316,21.814995054081315,oof,fold_1,lightgbm,3.0928702513038786,3.0928702513038786,True,True
2026-08-16T15:30:00Z,2,Nablus,pm25,1h,23.36,17.781501375346622,26.718541666666667,26.328382820329708,oof,fold_1,lightgbm,5.578498624653378,5.578498624653378,True,True
2026-08-16T15:30:00Z,4,Nablus,pm25,1h,18.63,13.697683309449623,24.034479166666667,23.717977216377967,oof,fold_1,lightgbm,4.932316690550376,4.932316690550376,True,True
2026-08-16T15:45:00Z,1,Tulkarem,pm25,1h,18.41,16.667695300617094,22.25210526315789,21.808896708118084,oof,fold_1,lightgbm,1.742304699382906,1.742304699382906,True,True
2026-08-16T15:45:00Z,2,Nablus,pm25,1h,23.71,21.2829342583023,26.726145833333334,26.466399672607295,oof,fold_1,lightgbm,2.4270657416976995,2.4270657416976995,True,True
2026-08-16T15:45:00Z,4,Nablus,pm25,1h,19.24,14.12033426621002,24.02645833333333,23.77943337917114,oof,fold_1,lightgbm,5.119665733789978,5.119665733789978,True,True
2026-08-16T16:00:00Z,1,Tulkarem,pm25,1h,18.39,17.623447714190885,22.237578947368423,21.94336180787748,oof,fold_1,lightgbm,0.7665522858091158,0.7665522858091158,True,True
2026-08-16T16:00:00Z,2,Nablus,pm25,1h,24.6,20.27533764142409,26.7371875,26.554775688089748,oof,fold_1,lightgbm,4.32466235857591,4.32466235857591,True,True
2026-08-16T16:00:00Z,4,Nablus,pm25,1h,21.68,16.6627174789748,24.039895833333333,23.903379575886557,oof,fold_1,lightgbm,5.0172825210252014,5.0172825210252014,True,True
2026-08-16T16:15:00Z,1,Tulkarem,pm25,1h,17.96,20.51540295957147,22.212315789473685,22.04650579383717,oof,fold_1,lightgbm,2.5554029595714702,-2.5554029595714702,True,True
2026-08-16T16:15:00Z,2,Nablus,pm25,1h,26.02,23.06447861608207,26.73635416666667,26.599507432212008,oof,fold_1,lightgbm,2.9555213839179295,2.9555213839179295,True,True
2026-08-16T16:15:00Z,4,Nablus,pm25,1h,23.74,16.727167611397736,24.066666666666663,23.963059208245443,oof,fold_1,lightgbm,7.012832388602263,7.012832388602263,True,True
2026-08-16T16:30:00Z,1,Tulkarem,pm25,1h,17.64,19.031308248645285,22.17726315789474,22.00634226288606,oof,fold_1,lightgbm,1.3913082486452844,-1.3913082486452844,True,True
2026-08-16T16:30:00Z,2,Nablus,pm25,1h,27.62,22.249894060540424,26.76677083333333,26.685273924429875,oof,fold_1,lightgbm,5.370105939459577,5.370105939459577,True,True
2026-08-16T16:30:00Z,4,Nablus,pm25,1h,23.79,20.05117770491565,24.078645833333336,24.028231110621366,oof,fold_1,lightgbm,3.7388222950843506,3.7388222950843506,True,True
2026-08-16T16:45:00Z,1,Tulkarem,pm25,1h,17.24,20.3020025865657,22.128631578947367,22.05230564851324,oof,fold_1,lightgbm,3.0620025865657006,-3.0620025865657006,True,True
2026-08-16T16:45:00Z,2,Nablus,pm25,1h,27.29,23.795348313058305,26.798125,26.71006955529659,oof,fold_1,lightgbm,3.494651686941694,3.494651686941694,True,True
2026-08-16T16:45:00Z,4,Nablus,pm25,1h,24.83,21.221811172676393,24.09895833333333,24.169252057508412,oof,fold_1,lightgbm,3.6081888273236054,3.6081888273236054,True,True
2026-08-16T17:00:00Z,1,Tulkarem,pm25,1h,16.78,19.568283184374124,22.07210526315789,21.97486109135456,oof,fold_1,lightgbm,2.788283184374123,-2.788283184374123,True,True
2026-08-16T17:00:00Z,2,Nablus,pm25,1h,28.79,22.746974695399,26.83791666666667,26.78308880459644,oof,fold_1,lightgbm,6.043025304600999,6.043025304600999,True,True
2026-08-16T17:00:00Z,4,Nablus,pm25,1h,24.55,22.735916990574225,24.125,24.222695226925442,oof,fold_1,lightgbm,1.8140830094257758,1.8140830094257758,True,True
2026-08-16T17:15:00Z,1,Tulkarem,pm25,1h,17.4,18.32232216094572,22.016736842105264,21.890668830745465,oof,fold_1,lightgbm,0.922322160945722,-0.922322160945722,True,True
2026-08-16T17:15:00Z,2,Nablus,pm25,1h,28.42,27.10178132108935,26.8621875,26.7783113772565,oof,fold_1,lightgbm,1.3182186789106503,1.3182186789106503,True,True
2026-08-16T17:15:00Z,4,Nablus,pm25,1h,26.37,22.930543522047213,24.163958333333337,24.262682688209047,oof,fold_1,lightgbm,3.4394564779527883,3.4394564779527883,True,True
2026-08-16T17:30:00Z,1,Tulkarem,pm25,1h,16.37,19.750346022951426,21.94568421052632,21.639446385848508,oof,fold_1,lightgbm,3.380346022951425,-3.380346022951425,True,True
2026-08-16T17:30:00Z,2,Nablus,pm25,1h,26.02,28.691504270088195,26.860625,26.786859243838723,oof,fold_1,lightgbm,2.671504270088196,-2.671504270088196,True,True
2026-08-16T17:30:00Z,4,Nablus,pm25,1h,25.82,23.638468652637076,24.19239583333333,24.23512916246294,oof,fold_1,lightgbm,2.181531347362924,2.181531347362924,True,True
2026-08-16T17:45:00Z,1,Tulkarem,pm25,1h,15.73,19.72708416655047,21.87021052631579,21.48092460641469,oof,fold_1,lightgbm,3.9970841665504686,-3.9970841665504686,True,True
2026-08-16T17:45:00Z,2,Nablus,pm25,1h,24.75,28.23506998076223,26.841875,26.78161953505838,oof,fold_1,lightgbm,3.48506998076223,-3.48506998076223,True,True
2026-08-16T17:45:00Z,4,Nablus,pm25,1h,25.28,22.922445309324445,24.194166666666664,24.219253092937095,oof,fold_1,lightgbm,2.3575546906755562,2.3575546906755562,True,True
2026-08-16T18:00:00Z,1,Tulkarem,pm25,1h,15.46,19.26882612979628,21.791473684210526,21.452224556792572,oof,fold_1,lightgbm,3.80882612979628,-3.80882612979628,True,True
2026-08-16T18:00:00Z,2,Nablus,pm25,1h,25.19,31.81691840003077,26.81239583333333,26.764370991914298,oof,fold_1,lightgbm,6.6269184000307675,-6.6269184000307675,True,True
2026-08-16T18:00:00Z,4,Nablus,pm25,1h,25.03,23.669569770003,24.188541666666666,24.188243867639418,oof,fold_1,lightgbm,1.3604302299970001,1.3604302299970001,True,True
2026-08-16T18:15:00Z,1,Tulkarem,pm25,1h,15.5,19.867539708783568,21.71578947368421,21.4277692583609,oof,fold_1,lightgbm,4.367539708783568,-4.367539708783568,True,True
2026-08-16T18:15:00Z,2,Nablus,pm25,1h,24.9,32.37639824068463,26.756041666666665,26.866517229267142,oof,fold_1,lightgbm,7.476398240684631,-7.476398240684631,True,True
2026-08-16T18:15:00Z,4,Nablus,pm25,1h,24.03,25.75087664633114,24.1578125,24.179244746382473,oof,fold_1,lightgbm,1.7208766463311385,-1.7208766463311385,True,True
2026-08-16T18:30:00Z,1,Tulkarem,pm25,1h,14.91,19.464846503021747,21.64115789473684,21.33203426310305,oof,fold_1,lightgbm,4.554846503021746,-4.554846503021746,True,True
2026-08-16T18:30:00Z,2,Nablus,pm25,1h,25.1,27.210948619351964,26.716979166666665,26.88434356839405,oof,fold_1,lightgbm,2.110948619351962,-2.110948619351962,True,True
2026-08-16T18:30:00Z,4,Nablus,pm25,1h,23.63,25.313374044016427,24.125625,24.243766618221883,oof,fold_1,lightgbm,1.6833740440164284,-1.6833740440164284,True,True
2026-08-16T18:45:00Z,1,Tulkarem,pm25,1h,14.5,21.758799881780174,21.565368421052632,21.19553926302117,oof,fold_1,lightgbm,7.258799881780174,-7.258799881780174,True,True
2026-08-16T18:45:00Z,2,Nablus,pm25,1h,25.62,24.351202601474935,26.65697916666667,26.7637139965006,oof,fold_1,lightgbm,1.2687973985250665,1.2687973985250665,True,True
2026-08-16T18:45:00Z,4,Nablus,pm25,1h,23.49,25.307886937895816,24.08302083333333,24.209729886232783,oof,fold_1,lightgbm,1.8178869378958176,-1.8178869378958176,True,True
2026-08-16T19:00:00Z,1,Tulkarem,pm25,1h,14.07,21.831201129818254,21.47926315789473,21.1629149065026,oof,fold_1,lightgbm,7.761201129818254,-7.761201129818254,True,True
2026-08-16T19:00:00Z,2,Nablus,pm25,1h,26.27,24.912100224071665,26.590625000000003,26.73465395198559,oof,fold_1,lightgbm,1.3578997759283347,1.3578997759283347,True,True
2026-08-16T19:00:00Z,4,Nablus,pm25,1h,22.58,23.441255528426222,24.018854166666667,24.089801011929328,oof,fold_1,lightgbm,0.8612555284262235,-0.8612555284262235,True,True
2026-08-16T19:15:00Z,1,Tulkarem,pm25,1h,13.98,19.13767259494191,21.377052631578948,21.165588509514464,oof,fold_1,lightgbm,5.157672594941911,-5.157672594941911,True,True
2026-08-16T19:15:00Z,2,Nablus,pm25,1h,24.87,24.56227631712195,26.489062500000003,26.723182598506465,oof,fold_1,lightgbm,0.3077236828780521,0.3077236828780521,True,True
2026-08-16T19:15:00Z,4,Nablus,pm25,1h,23.72,22.198290911835475,23.96229166666667,24.023871234004666,oof,fold_1,lightgbm,1.521709088164524,1.521709088164524,True,True
2026-08-16T19:30:00Z,1,Tulkarem,pm25,1h,14.27,19.1897979572924,21.27705263157895,21.139087362965622,oof,fold_1,lightgbm,4.919797957292399,-4.919797957292399,True,True
2026-08-16T19:30:00Z,2,Nablus,pm25,1h,25.13,25.871076379249967,26.394583333333333,26.598338428424885,oof,fold_1,lightgbm,0.7410763792499679,-0.7410763792499679,True,True
2026-08-16T19:30:00Z,4,Nablus,pm25,1h,25.46,21.85261981205446,23.926875,23.897557310891745,oof,fold_1,lightgbm,3.607380187945541,3.607380187945541,True,True
2026-08-16T19:45:00Z,1,Tulkarem,pm25,1h,14.39,17.748769408120356,21.187052631578947,21.11709733700067,oof,fold_1,lightgbm,3.358769408120356,-3.358769408120356,True,True
2026-08-16T19:45:00Z,2,Nablus,pm25,1h,25.26,28.446320025899848,26.296979166666663,26.557276236195246,oof,fold_1,lightgbm,3.186320025899846,-3.186320025899846,True,True
2026-08-16T19:45:00Z,4,Nablus,pm25,1h,25.62,22.31704041838487,23.900625,23.881711542517266,oof,fold_1,lightgbm,3.3029595816151307,3.3029595816151307,True,True
2026-08-16T20:00:00Z,1,Tulkarem,pm25,1h,13.69,14.29636616986382,21.09715789473684,21.004292614831275,oof,fold_1,lightgbm,0.6063661698638203,-0.6063661698638203,True,True
2026-08-16T20:00:00Z,2,Nablus,pm25,1h,26.22,28.6763622722101,26.245208333333338,26.498409271595357,oof,fold_1,lightgbm,2.4563622722101,-2.4563622722101,True,True
2026-08-16T20:00:00Z,4,Nablus,pm25,1h,25.69,21.301950290442946,23.8925,23.810829594401092,oof,fold_1,lightgbm,4.388049709557055,4.388049709557055,True,True
2026-08-16T20:15:00Z,1,Tulkarem,pm25,1h,12.87,14.92113956930057,21.011458333333334,20.951024315131495,oof,fold_1,lightgbm,2.0511395693005703,-2.0511395693005703,True,True
2026-08-16T20:15:00Z,2,Nablus,pm25,1h,25.65,25.78151961599533,26.192916666666665,26.32592995472967,oof,fold_1,lightgbm,0.13151961599533024,-0.13151961599533024,True,True
2026-08-16T20:15:00Z,4,Nablus,pm25,1h,25.93,22.378656919464845,23.88416666666667,23.689565970757215,oof,fold_1,lightgbm,3.5513430805351547,3.5513430805351547,True,True
2026-08-16T20:30:00Z,1,Tulkarem,pm25,1h,11.88,15.078024225970289,20.8865625,20.96693174670838,oof,fold_1,lightgbm,3.198024225970288,-3.198024225970288,True,True
2026-08-16T20:30:00Z,2,Nablus,pm25,1h,23.61,26.34751539750586,26.1159375,26.295632989576372,oof,fold_1,lightgbm,2.7375153975058595,-2.7375153975058595,True,True
2026-08-16T20:30:00Z,4,Nablus,pm25,1h,22.82,26.233134714188957,23.846041666666668,23.736029255025617,oof,fold_1,lightgbm,3.4131347141889563,-3.4131347141889563,True,True
2026-08-16T20:45:00Z,1,Tulkarem,pm25,1h,12.08,14.926306786893418,20.753125,20.78885542022368,oof,fold_1,lightgbm,2.846306786893418,-2.846306786893418,True,True
2026-08-16T20:45:00Z,2,Nablus,pm25,1h,21.2,28.461970008127462,26.0225,26.227012470823208,oof,fold_1,lightgbm,7.261970008127463,-7.261970008127463,True,True
2026-08-16T20:45:00Z,4,Nablus,pm25,1h,18.91,26.965277101888873,23.768125,23.74232343510514,oof,fold_1,lightgbm,8.055277101888873,-8.055277101888873,True,True
2026-08-16T21:00:00Z,1,Tulkarem,pm25,1h,11.25,13.961212224667037,20.610104166666662,20.695194234322905,oof,fold_1,lightgbm,2.7112122246670367,-2.7112122246670367,True,True
2026-08-16T21:00:00Z,2,Nablus,pm25,1h,21.88,28.31714377650564,25.938125,26.19339637756396,oof,fold_1,lightgbm,6.437143776505643,-6.437143776505643,True,True
2026-08-16T21:00:00Z,4,Nablus,pm25,1h,20.49,26.94195157892099,23.709375000000005,23.743504438618174,oof,fold_1,lightgbm,6.4519515789209905,-6.4519515789209905,True,True
2026-08-16T21:15:00Z,1,Tulkarem,pm25,1h,11.17,13.59596336400973,20.492604166666663,20.70759625611041,oof,fold_1,lightgbm,2.4259633640097302,-2.4259633640097302,True,True
2026-08-16T21:15:00Z,2,Nablus,pm25,1h,22.79,28.587639692751235,25.8559375,26.03230743215689,oof,fold_1,lightgbm,5.797639692751236,-5.797639692751236,True,True
2026-08-16T21:15:00Z,4,Nablus,pm25,1h,20.61,27.291972982629996,23.64052083333333,23.794272542273045,oof,fold_1,lightgbm,6.681972982629997,-6.681972982629997,True,True
2026-08-16T21:30:00Z,1,Tulkarem,pm25,1h,14.45,12.532206003734805,20.4075,20.312829719406487,oof,fold_1,lightgbm,1.9177939962651944,1.9177939962651944,True,True
2026-08-16T21:30:00Z,2,Nablus,pm25,1h,18.28,24.323786138702037,25.7071875,25.866040842112145,oof,fold_1,lightgbm,6.0437861387020355,-6.0437861387020355,True,True
2026-08-16T21:30:00Z,4,Nablus,pm25,1h,21.47,23.162363980998027,23.578125,23.656766813753464,oof,fold_1,lightgbm,1.692363980998028,-1.692363980998028,True,True
2026-08-16T21:45:00Z,1,Tulkarem,pm25,1h,14.63,12.54911801760974,20.318125,20.26318154959305,oof,fold_1,lightgbm,2.0808819823902613,2.0808819823902613,True,True
2026-08-16T21:45:00Z,2,Nablus,pm25,1h,18.28,22.393415659912897,25.54927083333333,26.018998643426173,oof,fold_1,lightgbm,4.113415659912896,-4.113415659912896,True,True
2026-08-16T21:45:00Z,4,Nablus,pm25,1h,22.27,19.943036869266393,23.531145833333337,23.48387904363431,oof,fold_1,lightgbm,2.3269631307336063,2.3269631307336063,True,True
2026-08-16T22:00:00Z,1,Tulkarem,pm25,1h,13.72,12.57456200173539,20.20625,20.068422666600373,oof,fold_1,lightgbm,1.14543799826461,1.14543799826461,True,True
2026-08-16T22:00:00Z,2,Nablus,pm25,1h,17.55,22.251601941998267,25.375520833333336,25.937462928237036,oof,fold_1,lightgbm,4.701601941998266,-4.701601941998266,True,True
2026-08-16T22:00:00Z,4,Nablus,pm25,1h,17.76,20.56245410862723,23.435104166666665,23.48234872698162,oof,fold_1,lightgbm,2.802454108627227,-2.802454108627227,True,True
2026-08-16T22:15:00Z,1,Tulkarem,pm25,1h,13.19,12.618536912716237,20.091666666666665,20.0448435617708,oof,fold_1,lightgbm,0.571463087283762,0.571463087283762,True,True
2026-08-16T22:15:00Z,2,Nablus,pm25,1h,18.23,22.393330412376727,25.21364583333333,25.89748642461646,oof,fold_1,lightgbm,4.163330412376727,-4.163330412376727,True,True
2026-08-16T22:15:00Z,4,Nablus,pm25,1h,14.28,21.12713350688427,23.2896875,23.403205986378723,oof,fold_1,lightgbm,6.847133506884271,-6.847133506884271,True,True
2026-08-16T22:30:00Z,1,Tulkarem,pm25,1h,12.16,13.775110234396987,19.96583333333333,19.877018048075758,oof,fold_1,lightgbm,1.6151102343969868,-1.6151102343969868,True,True
2026-08-16T22:30:00Z,2,Nablus,pm25,1h,19.38,19.56379847090494,25.054479166666667,25.699484681666256,oof,fold_1,lightgbm,0.1837984709049394,-0.1837984709049394,True,True
2026-08-16T22:30:00Z,4,Nablus,pm25,1h,14.32,21.616887257830278,23.120625000000004,23.747319257449135,oof,fold_1,lightgbm,7.296887257830278,-7.296887257830278,True,True
2026-08-16T22:45:00Z,1,Tulkarem,pm25,1h,12.13,14.369947546058333,19.84239583333333,19.854171008722062,oof,fold_1,lightgbm,2.239947546058332,-2.239947546058332,True,True
2026-08-16T22:45:00Z,2,Nablus,pm25,1h,18.13,19.27651158394856,24.870104166666664,25.50104380956399,oof,fold_1,lightgbm,1.1465115839485627,-1.1465115839485627,True,True
2026-08-16T22:45:00Z,4,Nablus,pm25,1h,14.29,21.92489311541294,22.917291666666667,23.669316272819337,oof,fold_1,lightgbm,7.63489311541294,-7.63489311541294,True,True
2026-08-16T23:00:00Z,1,Tulkarem,pm25,1h,11.99,14.2858098327842,19.716354166666665,19.748466861602914,oof,fold_1,lightgbm,2.295809832784199,-2.295809832784199,True,True
2026-08-16T23:00:00Z,2,Nablus,pm25,1h,18.16,18.826655875197783,24.687916666666663,25.471441714682523,oof,fold_1,lightgbm,0.6666558751977831,-0.6666558751977831,True,True
2026-08-16T23:00:00Z,4,Nablus,pm25,1h,13.58,18.784340277173957,22.7025,23.350426194364392,oof,fold_1,lightgbm,5.204340277173957,-5.204340277173957,True,True
2026-08-16T23:15:00Z,1,Tulkarem,pm25,1h,11.59,13.934518398129814,19.5959375,19.624075549691412,oof,fold_1,lightgbm,2.3445183981298143,-2.3445183981298143,True,True
2026-08-16T23:15:00Z,2,Nablus,pm25,1h,18.05,19.002497253318225,24.5046875,25.30161974681579,oof,fold_1,lightgbm,0.9524972533182243,-0.9524972533182243,True,True
2026-08-16T23:15:00Z,4,Nablus,pm25,1h,13.52,14.589116875796075,22.506875,23.20350536013892,oof,fold_1,lightgbm,1.069116875796075,-1.069116875796075,True,True
2026-08-16T23:30:00Z,1,Tulkarem,pm25,1h,12.91,13.312726853311377,19.49739583333333,19.560576446806564,oof,fold_1,lightgbm,0.4027268533113766,-0.4027268533113766,True,True
2026-08-16T23:30:00Z,2,Nablus,pm25,1h,18.05,20.741206798928307,24.31114583333333,25.186742621407042,oof,fold_1,lightgbm,2.691206798928306,-2.691206798928306,True,True
2026-08-16T23:30:00Z,4,Nablus,pm25,1h,14.04,14.904332712787262,22.300625,22.919729713374903,oof,fold_1,lightgbm,0.8643327127872631,-0.8643327127872631,True,True
2026-08-16T23:45:00Z,1,Tulkarem,pm25,1h,14.14,12.550216418368414,19.41614583333333,19.53947238914223,oof,fold_1,lightgbm,1.5897835816315862,1.5897835816315862,True,True
2026-08-16T23:45:00Z,2,Nablus,pm25,1h,18.6,19.03371390831799,24.11489583333333,24.933903129234263,oof,fold_1,lightgbm,0.43371390831798706,-0.43371390831798706,True,True
2026-08-16T23:45:00Z,4,Nablus,pm25,1h,13.98,14.790597709985741,22.07239583333333,22.719155290158774,oof,fold_1,lightgbm,0.8105977099857409,-0.8105977099857409,True,True
2026-08-17T00:00:00Z,1,Tulkarem,pm25,1h,14.02,12.246678314044027,19.319479166666667,19.281275274934448,oof,fold_1,lightgbm,1.7733216859559722,1.7733216859559722,True,True
2026-08-17T00:00:00Z,2,Nablus,pm25,1h,18.54,18.470002924382502,23.91895833333333,24.568514009133914,oof,fold_1,lightgbm,0.06999707561749702,0.06999707561749702,True,True
2026-08-17T00:00:00Z,4,Nablus,pm25,1h,13.35,13.125065237450842,21.805729166666666,22.35010000120882,oof,fold_1,lightgbm,0.22493476254915734,0.22493476254915734,True,True
2026-08-17T00:15:00Z,1,Tulkarem,pm25,1h,13.63,12.295047374471748,19.211770833333333,19.28444623835348,oof,fold_1,lightgbm,1.3349526255282527,1.3349526255282527,True,True
2026-08-17T00:15:00Z,2,Nablus,pm25,1h,20.37,18.27826789213244,23.741458333333338,24.35493023124015,oof,fold_1,lightgbm,2.0917321078675606,2.0917321078675606,True,True
2026-08-17T00:15:00Z,4,Nablus,pm25,1h,13.39,13.417123498061578,21.5309375,22.096059442552654,oof,fold_1,lightgbm,0.027123498061577322,-0.027123498061577322,True,True
2026-08-17T00:30:00Z,1,Tulkarem,pm25,1h,14.39,14.344479543987731,19.113645833333333,19.226375533672375,oof,fold_1,lightgbm,0.045520456012269506,0.045520456012269506,True,True
2026-08-17T00:30:00Z,2,Nablus,pm25,1h,18.36,18.192822529896944,23.506041666666665,24.274005917457732,oof,fold_1,lightgbm,0.16717747010305573,0.16717747010305573,True,True
2026-08-17T00:30:00Z,4,Nablus,pm25,1h,13.64,14.523153179320264,21.257291666666664,21.931520846229308,oof,fold_1,lightgbm,0.8831531793202636,-0.8831531793202636,True,True
2026-08-17T00:45:00Z,1,Tulkarem,pm25,1h,14.74,15.084048375610132,19.013125,19.022452459022258,oof,fold_1,lightgbm,0.34404837561013224,-0.34404837561013224,True,True
2026-08-17T00:45:00Z,2,Nablus,pm25,1h,17.56,19.36288168556048,23.2271875,24.08114409922843,oof,fold_1,lightgbm,1.8028816855604823,-1.8028816855604823,True,True
2026-08-17T00:45:00Z,4,Nablus,pm25,1h,13.85,14.216237431386663,20.978125,21.61245065317352,oof,fold_1,lightgbm,0.3662374313866632,-0.3662374313866632,True,True
2026-08-17T01:00:00Z,1,Tulkarem,pm25,1h,14.94,14.882790986043972,18.91270833333333,18.9833710550853,oof,fold_1,lightgbm,0.05720901395602773,0.05720901395602773,True,True
2026-08-17T01:00:00Z,2,Nablus,pm25,1h,17.43,18.943986699332388,22.971354166666668,23.95920609810759,oof,fold_1,lightgbm,1.5139866993323885,-1.5139866993323885,True,True
2026-08-17T01:00:00Z,4,Nablus,pm25,1h,13.73,13.321119621259284,20.70114583333333,21.478072309789987,oof,fold_1,lightgbm,0.4088803787407169,0.4088803787407169,True,True
2026-08-17T01:15:00Z,1,Tulkarem,pm25,1h,15.24,14.771382270853858,18.80208333333333,18.75133093416575,oof,fold_1,lightgbm,0.46861772914614264,0.46861772914614264,True,True
2026-08-17T01:15:00Z,2,Nablus,pm25,1h,16.61,21.03541335030309,22.738645833333333,23.96329605847185,oof,fold_1,lightgbm,4.425413350303092,-4.425413350303092,True,True
2026-08-17T01:15:00Z,4,Nablus,pm25,1h,13.92,13.438246566289509,20.45958333333333,21.48881868120483,oof,fold_1,lightgbm,0.48175343371049095,0.48175343371049095,True,True
2026-08-17T01:30:00Z,1,Tulkarem,pm25,1h,14.76,14.847383528678286,18.682291666666668,18.53582519259676,oof,fold_1,lightgbm,0.08738352867828603,-0.08738352867828603,True,True
2026-08-17T01:30:00Z,2,Nablus,pm25,1h,16.17,20.207977377864452,22.503125,23.66135077577796,oof,fold_1,lightgbm,4.0379773778644505,-4.0379773778644505,True,True
2026-08-17T01:30:00Z,4,Nablus,pm25,1h,13.37,13.399319925171751,20.21302083333333,21.233684587760802,oof,fold_1,lightgbm,0.02931992517175175,-0.02931992517175175,True,True
2026-08-17T01:45:00Z,1,Tulkarem,pm25,1h,15.0,14.40792842191066,18.5596875,18.467237878730458,oof,fold_1,lightgbm,0.5920715780893406,0.5920715780893406,True,True
2026-08-17T01:45:00Z,2,Nablus,pm25,1h,16.04,18.878369860302044,22.28125,23.447780784943944,oof,fold_1,lightgbm,2.838369860302045,-2.838369860302045,True,True
2026-08-17T01:45:00Z,4,Nablus,pm25,1h,13.1,14.259470713150057,19.9959375,20.902919009084695,oof,fold_1,lightgbm,1.159470713150057,-1.159470713150057,True,True
2026-08-17T02:00:00Z,1,Tulkarem,pm25,1h,15.38,15.388275545721005,18.439375,18.302702108487292,oof,fold_1,lightgbm,0.008275545721003752,-0.008275545721003752,True,True
2026-08-17T02:00:00Z,2,Nablus,pm25,1h,16.26,19.613311043048288,22.063437500000003,23.07046951632808,oof,fold_1,lightgbm,3.3533110430482864,-3.3533110430482864,True,True
2026-08-17T02:00:00Z,4,Nablus,pm25,1h,13.11,14.342391522868645,19.792708333333334,20.307062766817005,oof,fold_1,lightgbm,1.232391522868646,-1.232391522868646,True,True
2026-08-17T02:15:00Z,1,Tulkarem,pm25,1h,14.93,16.45483726066196,18.311875,18.226345424931598,oof,fold_1,lightgbm,1.5248372606619611,-1.5248372606619611,True,True
2026-08-17T02:15:00Z,2,Nablus,pm25,1h,15.94,18.678842511600163,21.88145833333333,22.762214699744373,oof,fold_1,lightgbm,2.738842511600163,-2.738842511600163,True,True
2026-08-17T02:15:00Z,4,Nablus,pm25,1h,13.27,14.597782432927895,19.59114583333333,20.11200430407045,oof,fold_1,lightgbm,1.3277824329278953,-1.3277824329278953,True,True
2026-08-17T02:30:00Z,1,Tulkarem,pm25,1h,15.13,16.247961541077636,18.17864583333333,17.984676248047208,oof,fold_1,lightgbm,1.1179615410776353,-1.1179615410776353,True,True
2026-08-17T02:30:00Z,2,Nablus,pm25,1h,15.54,18.15783335540258,21.72177083333333,22.274064960545598,oof,fold_1,lightgbm,2.617833355402581,-2.617833355402581,True,True
2026-08-17T02:30:00Z,4,Nablus,pm25,1h,14.19,13.524422262636927,19.4265625,19.834127955264393,oof,fold_1,lightgbm,0.6655777373630727,0.6655777373630727,True,True
2026-08-17T02:45:00Z,1,Tulkarem,pm25,1h,15.21,15.763018510504669,18.05302083333333,17.85646910592847,oof,fold_1,lightgbm,0.5530185105046677,-0.5530185105046677,True,True
2026-08-17T02:45:00Z,2,Nablus,pm25,1h,23.76,18.170371315949588,21.65822916666666,22.104339440239364,oof,fold_1,lightgbm,5.589628684050414,5.589628684050414,True,True
2026-08-17T02:45:00Z,4,Nablus,pm25,1h,16.21,13.40235572473347,19.266145833333333,19.574748834658042,oof,fold_1,lightgbm,2.807644275266531,2.807644275266531,True,True
2026-08-17T03:00:00Z,1,Tulkarem,pm25,1h,15.31,16.034013290836857,17.933645833333333,17.63955341201507,oof,fold_1,lightgbm,0.7240132908368562,-0.7240132908368562,True,True
2026-08-17T03:00:00Z,2,Nablus,pm25,1h,15.75,18.10683762075625,21.521666666666665,21.906066558351874,oof,fold_1,lightgbm,2.3568376207562487,-2.3568376207562487,True,True
2026-08-17T03:00:00Z,4,Nablus,pm25,1h,14.28,13.556349087181978,19.076875,19.545623951428166,oof,fold_1,lightgbm,0.7236509128180213,0.7236509128180213,True,True
2026-08-17T03:15:00Z,1,Tulkarem,pm25,1h,15.29,16.162921133041937,17.8046875,17.58801367030981,oof,fold_1,lightgbm,0.8729211330419382,-0.8729211330419382,True,True
2026-08-17T03:15:00Z,2,Nablus,pm25,1h,14.09,17.909386117513723,21.36375,21.822651366000915,oof,fold_1,lightgbm,3.819386117513723,-3.819386117513723,True,True
2026-08-17T03:15:00Z,4,Nablus,pm25,1h,13.05,13.670135564372792,18.84416666666667,19.342983066531623,oof,fold_1,lightgbm,0.6201355643727915,-0.6201355643727915,True,True
2026-08-17T03:30:00Z,1,Tulkarem,pm25,1h,14.41,16.16894594909182,17.6728125,17.30238752510065,oof,fold_1,lightgbm,1.758945949091821,-1.758945949091821,True,True
2026-08-17T03:30:00Z,2,Nablus,pm25,1h,14.52,17.46902114370427,21.21770833333333,21.569555241734207,oof,fold_1,lightgbm,2.9490211437042717,-2.9490211437042717,True,True
2026-08-17T03:30:00Z,4,Nablus,pm25,1h,12.49,14.841485532074424,18.634375,19.069363040153597,oof,fold_1,lightgbm,2.351485532074424,-2.351485532074424,True,True
2026-08-17T03:45:00Z,1,Tulkarem,pm25,1h,14.86,17.01905786942235,17.551979166666666,17.230333858894465,oof,fold_1,lightgbm,2.1590578694223517,-2.1590578694223517,True,True
2026-08-17T03:45:00Z,2,Nablus,pm25,1h,13.81,19.74310428478615,21.06989583333333,21.617181249688116,oof,fold_1,lightgbm,5.933104284786149,-5.933104284786149,True,True
2026-08-17T03:45:00Z,4,Nablus,pm25,1h,11.78,16.697811477777538,18.523541666666667,18.97446255711191,oof,fold_1,lightgbm,4.917811477777539,-4.917811477777539,True,True
2026-08-17T04:00:00Z,1,Tulkarem,pm25,1h,13.96,17.778151943379637,17.450520833333332,17.141544916798317,oof,fold_1,lightgbm,3.818151943379636,-3.818151943379636,True,True
2026-08-17T04:00:00Z,2,Nablus,pm25,1h,13.62,16.309221261852386,20.92864583333333,21.383800020108932,oof,fold_1,lightgbm,2.6892212618523867,-2.6892212618523867,True,True
2026-08-17T04:00:00Z,4,Nablus,pm25,1h,11.79,14.56278616678579,18.411041666666662,18.513876671496863,oof,fold_1,lightgbm,2.7727861667857905,-2.7727861667857905,True,True
2026-08-17T04:15:00Z,1,Tulkarem,pm25,1h,17.67,18.029031050882217,17.405104166666664,16.96686829851366,oof,fold_1,lightgbm,0.35903105088221565,-0.35903105088221565,True,True
2026-08-17T04:15:00Z,2,Nablus,pm25,1h,12.61,14.2671776986889,20.768229166666668,21.23449392706297,oof,fold_1,lightgbm,1.6571776986889013,-1.6571776986889013,True,True
2026-08-17T04:15:00Z,4,Nablus,pm25,1h,11.59,13.554794581405943,18.2709375,18.24787455558722,oof,fold_1,lightgbm,1.9647945814059433,-1.9647945814059433,True,True
2026-08-17T04:30:00Z,1,Tulkarem,pm25,1h,19.02,16.40800780109639,17.30875,16.84804728257727,oof,fold_1,lightgbm,2.611992198903611,2.611992198903611,True,True
2026-08-17T04:30:00Z,2,Nablus,pm25,1h,13.08,14.695369962042486,20.623541666666668,21.19556598635619,oof,fold_1,lightgbm,1.615369962042486,-1.615369962042486,True,True
2026-08-17T04:30:00Z,4,Nablus,pm25,1h,13.21,13.028182704923639,18.12052083333333,17.866208026660832,oof,fold_1,lightgbm,0.18181729507636213,0.18181729507636213,True,True
2026-08-17T04:45:00Z,1,Tulkarem,pm25,1h,12.84,16.553512960832464,17.136145833333334,16.664960904154945,oof,fold_1,lightgbm,3.713512960832464,-3.713512960832464,True,True
2026-08-17T04:45:00Z,2,Nablus,pm25,1h,12.49,13.28125177492518,20.503958333333333,21.030564569323975,oof,fold_1,lightgbm,0.7912517749251791,-0.7912517749251791,True,True
2026-08-17T04:45:00Z,4,Nablus,pm25,1h,12.5,12.344331934506666,17.997604166666665,17.71673547100221,oof,fold_1,lightgbm,0.15566806549333378,0.15566806549333378,True,True
2026-08-17T05:00:00Z,1,Tulkarem,pm25,1h,12.36,16.22850820436633,16.98,16.630599454231945,oof,fold_1,lightgbm,3.868508204366332,-3.868508204366332,True,True
2026-08-17T05:00:00Z,2,Nablus,pm25,1h,12.84,13.313951501282416,20.39177083333333,20.79384520601118,oof,fold_1,lightgbm,0.47395150128241603,-0.47395150128241603,True,True
2026-08-17T05:00:00Z,4,Nablus,pm25,1h,11.63,12.57617381088877,17.870833333333334,17.51111196410669,oof,fold_1,lightgbm,0.9461738108887694,-0.9461738108887694,True,True
2026-08-17T05:15:00Z,1,Tulkarem,pm25,1h,14.03,17.83876121111394,16.861666666666668,16.785650992666298,oof,fold_1,lightgbm,3.808761211113941,-3.808761211113941,True,True
2026-08-17T05:15:00Z,2,Nablus,pm25,1h,13.51,12.740728249856145,20.301354166666663,20.551571759615324,oof,fold_1,lightgbm,0.7692717501438544,0.7692717501438544,True,True
2026-08-17T05:15:00Z,4,Nablus,pm25,1h,13.49,12.488334286145763,17.776354166666668,17.277839870351585,oof,fold_1,lightgbm,1.001665713854237,1.001665713854237,True,True
2026-08-17T05:30:00Z,1,Tulkarem,pm25,1h,14.08,19.016746844981053,16.732187500000002,16.85151104143559,oof,fold_1,lightgbm,4.936746844981053,-4.936746844981053,True,True
2026-08-17T05:30:00Z,2,Nablus,pm25,1h,13.65,12.811374409657628,20.1990625,20.397884060663213,oof,fold_1,lightgbm,0.8386255903423727,0.8386255903423727,True,True
2026-08-17T05:30:00Z,4,Nablus,pm25,1h,11.48,13.346765261627324,17.670416666666664,17.28063793713032,oof,fold_1,lightgbm,1.8667652616273234,-1.8667652616273234,True,True
2026-08-17T05:45:00Z,1,Tulkarem,pm25,1h,11.74,13.113428791202221,16.58875,16.54918984650633,oof,fold_1,lightgbm,1.3734287912022207,-1.3734287912022207,True,True
2026-08-17T05:45:00Z,2,Nablus,pm25,1h,13.55,12.657791066246334,20.120625,20.18979318034376,oof,fold_1,lightgbm,0.8922089337536665,0.8922089337536665,True,True
2026-08-17T05:45:00Z,4,Nablus,pm25,1h,11.64,13.021190918467456,17.57,17.185937790879397,oof,fold_1,lightgbm,1.3811909184674551,-1.3811909184674551,True,True
2026-08-17T06:00:00Z,1,Tulkarem,pm25,1h,9.6,14.28850749410916,16.446875000000002,16.27260927668927,oof,fold_1,lightgbm,4.68850749410916,-4.68850749410916,True,True
2026-08-17T06:00:00Z,2,Nablus,pm25,1h,12.52,12.947166618081482,20.010625,20.202219602697355,oof,fold_1,lightgbm,0.4271666180814826,-0.4271666180814826,True,True
2026-08-17T06:00:00Z,4,Nablus,pm25,1h,11.24,12.451956363550325,17.464895833333333,16.969796913824776,oof,fold_1,lightgbm,1.2119563635503248,-1.2119563635503248,True,True
2026-08-17T06:15:00Z,1,Tulkarem,pm25,1h,10.89,15.811866794660922,16.331145833333334,16.098424877965574,oof,fold_1,lightgbm,4.921866794660922,-4.921866794660922,True,True
2026-08-17T06:15:00Z,2,Nablus,pm25,1h,13.22,13.064380086193697,19.910625,20.074241769573877,oof,fold_1,lightgbm,0.15561991380630324,0.15561991380630324,True,True
2026-08-17T06:15:00Z,4,Nablus,pm25,1h,11.47,13.417628486463279,17.374270833333334,16.949895133341744,oof,fold_1,lightgbm,1.9476284864632785,-1.9476284864632785,True,True
2026-08-17T06:30:00Z,1,Tulkarem,pm25,1h,8.78,15.860511243663291,16.1990625,16.08794113982115,oof,fold_1,lightgbm,7.080511243663292,-7.080511243663292,True,True
2026-08-17T06:30:00Z,2,Nablus,pm25,1h,13.99,13.039204585307758,19.81802083333333,19.984020440667802,oof,fold_1,lightgbm,0.9507954146922426,0.9507954146922426,True,True
2026-08-17T06:30:00Z,4,Nablus,pm25,1h,12.21,12.188586020807636,17.285729166666666,16.81219762970208,oof,fold_1,lightgbm,0.021413979192365318,0.021413979192365318,True,True
2026-08-17T06:45:00Z,1,Tulkarem,pm25,1h,9.45,14.45656082056817,16.04552083333333,16.00655464050383,oof,fold_1,lightgbm,5.00656082056817,-5.00656082056817,True,True
2026-08-17T06:45:00Z,2,Nablus,pm25,1h,14.06,13.261584989617502,19.73927083333333,19.853218160191673,oof,fold_1,lightgbm,0.7984150103824987,0.7984150103824987,True,True
2026-08-17T06:45:00Z,4,Nablus,pm25,1h,12.49,12.15436979646748,17.206770833333334,16.63413844096447,oof,fold_1,lightgbm,0.3356302035325207,0.3356302035325207,True,True
2026-08-17T07:00:00Z,1,Tulkarem,pm25,1h,9.14,12.485553495748887,15.904583333333331,15.817513971510428,oof,fold_1,lightgbm,3.345553495748886,-3.345553495748886,True,True
2026-08-17T07:00:00Z,2,Nablus,pm25,1h,15.04,12.637789044254966,19.678125,19.623351172505945,oof,fold_1,lightgbm,2.4022109557450335,2.4022109557450335,True,True
2026-08-17T07:00:00Z,4,Nablus,pm25,1h,12.92,12.018260499107873,17.152395833333333,16.625507159580824,oof,fold_1,lightgbm,0.901739500892127,0.901739500892127,True,True
2026-08-17T07:15:00Z,1,Tulkarem,pm25,1h,9.57,12.897486934910528,15.766770833333332,15.663827697811438,oof,fold_1,lightgbm,3.327486934910528,-3.327486934910528,True,True
2026-08-17T07:15:00Z,2,Nablus,pm25,1h,14.52,13.097178950191022,19.620625,19.633998709117733,oof,fold_1,lightgbm,1.4228210498089773,1.4228210498089773,True,True
2026-08-17T07:15:00Z,4,Nablus,pm25,1h,12.9,11.982104898832272,17.096145833333335,16.502151866800315,oof,fold_1,lightgbm,0.9178951011677281,0.9178951011677281,True,True
2026-08-17T07:30:00Z,1,Tulkarem,pm25,1h,8.92,11.818978575044177,15.620833333333332,15.6437338763431,oof,fold_1,lightgbm,2.898978575044177,-2.898978575044177,True,True
2026-08-17T07:30:00Z,2,Nablus,pm25,1h,14.63,13.921594926444653,19.5578125,19.616040536337014,oof,fold_1,lightgbm,0.7084050735553475,0.7084050735553475,True,True
2026-08-17T07:30:00Z,4,Nablus,pm25,1h,12.97,12.987259030421558,17.045729166666668,16.400679866390373,oof,fold_1,lightgbm,0.017259030421557853,-0.017259030421557853,True,True
2026-08-17T07:45:00Z,1,Tulkarem,pm25,1h,12.99,11.048246546907217,15.519687500000002,15.486244368656932,oof,fold_1,lightgbm,1.9417534530927831,1.9417534530927831,True,True
2026-08-17T07:45:00Z,2,Nablus,pm25,1h,13.09,13.962091565355509,19.485,19.433004852673236,oof,fold_1,lightgbm,0.8720915653555092,-0.8720915653555092,True,True
2026-08-17T07:45:00Z,4,Nablus,pm25,1h,15.17,13.362732794026842,17.011145833333334,16.309754630673282,oof,fold_1,lightgbm,1.807267205973158,1.807267205973158,True,True
2026-08-17T08:00:00Z,1,Tulkarem,pm25,1h,9.39,9.19390235675348,15.381145833333331,15.496358632604679,oof,fold_1,lightgbm,0.1960976432465209,0.1960976432465209,True,True
2026-08-17T08:00:00Z,2,Nablus,pm25,1h,12.62,14.244325078919468,19.40822916666667,19.45271346199375,oof,fold_1,lightgbm,1.624325078919469,-1.624325078919469,True,True
2026-08-17T08:00:00Z,4,Nablus,pm25,1h,11.66,13.314704541060829,16.9565625,16.312535383763585,oof,fold_1,lightgbm,1.6547045410608288,-1.6547045410608288,True,True
2026-08-17T08:15:00Z,1,Tulkarem,pm25,1h,10.36,9.002075908168923,15.2246875,15.432368429265637,oof,fold_1,lightgbm,1.3579240918310767,1.3579240918310767,True,True
2026-08-17T08:15:00Z,2,Nablus,pm25,1h,12.26,13.763631137617878,19.33927083333333,19.4878333542535,oof,fold_1,lightgbm,1.5036311376178784,-1.5036311376178784,True,True
2026-08-17T08:15:00Z,4,Nablus,pm25,1h,10.93,13.097717756408535,16.894791666666666,16.13977634957896,oof,fold_1,lightgbm,2.1677177564085355,-2.1677177564085355,True,True
2026-08-17T08:30:00Z,1,Tulkarem,pm25,1h,9.78,8.481000038128029,15.0725,15.346660782777098,oof,fold_1,lightgbm,1.2989999618719708,1.2989999618719708,True,True
2026-08-17T08:30:00Z,2,Nablus,pm25,1h,11.59,13.755520208812829,19.27177083333333,19.284327432365878,oof,fold_1,lightgbm,2.165520208812829,-2.165520208812829,True,True
2026-08-17T08:30:00Z,4,Nablus,pm25,1h,10.41,13.295712427589011,16.838229166666665,16.06887245521615,oof,fold_1,lightgbm,2.885712427589011,-2.885712427589011,True,True
2026-08-17T08:45:00Z,1,Tulkarem,pm25,1h,8.15,10.619573426884553,14.914375,15.051273523160816,oof,fold_1,lightgbm,2.469573426884553,-2.469573426884553,False,True
2026-08-17T08:45:00Z,2,Nablus,pm25,1h,11.65,12.669819942821062,19.1996875,19.258357677040532,oof,fold_1,lightgbm,1.0198199428210621,-1.0198199428210621,True,True
2026-08-17T08:45:00Z,4,Nablus,pm25,1h,10.24,14.542374867805998,16.786354166666666,16.081093765043455,oof,fold_1,lightgbm,4.302374867805998,-4.302374867805998,True,True
2026-08-17T09:00:00Z,1,Tulkarem,pm25,1h,7.63,8.70480473226727,14.7434375,14.863304189770638,oof,fold_1,lightgbm,1.0748047322672702,-1.0748047322672702,False,False
2026-08-17T09:00:00Z,2,Nablus,pm25,1h,11.54,12.444646692608426,19.116041666666668,19.133463266059294,oof,fold_1,lightgbm,0.9046466926084271,-0.9046466926084271,True,True
2026-08-17T09:00:00Z,4,Nablus,pm25,1h,10.78,11.634215161293294,16.735000000000003,16.016066494157414,oof,fold_1,lightgbm,0.8542151612932951,-0.8542151612932951,True,True
2026-08-17T09:15:00Z,1,Tulkarem,pm25,1h,8.78,9.359570389043542,14.586875,14.829814381118876,oof,fold_1,lightgbm,0.5795703890435426,-0.5795703890435426,False,False
2026-08-17T09:15:00Z,2,Nablus,pm25,1h,11.25,11.930829792861944,19.038958333333333,18.971990371310337,oof,fold_1,lightgbm,0.6808297928619442,-0.6808297928619442,True,True
2026-08-17T09:15:00Z,4,Nablus,pm25,1h,10.5,11.414140464445872,16.678645833333334,16.005817049900962,oof,fold_1,lightgbm,0.9141404644458717,-0.9141404644458717,True,True
2026-08-17T09:30:00Z,1,Tulkarem,pm25,1h,7.17,8.749014747301333,14.4321875,14.690641805231074,oof,fold_1,lightgbm,1.5790147473013327,-1.5790147473013327,False,False
2026-08-17T09:30:00Z,2,Nablus,pm25,1h,11.99,11.424823922355401,18.946145833333336,18.908544344306524,oof,fold_1,lightgbm,0.5651760776445993,0.5651760776445993,True,True
2026-08-17T09:30:00Z,4,Nablus,pm25,1h,10.43,11.250679220921967,16.620208333333334,15.950526627061901,oof,fold_1,lightgbm,0.8206792209219671,-0.8206792209219671,True,True
2026-08-17T09:45:00Z,1,Tulkarem,pm25,1h,6.88,7.168195172279033,14.245520833333332,14.554325163136633,oof,fold_1,lightgbm,0.2881951722790328,-0.2881951722790328,False,False
2026-08-17T09:45:00Z,2,Nablus,pm25,1h,11.61,11.720337707541026,18.811875,18.72122540362972,oof,fold_1,lightgbm,0.11033770754102612,-0.11033770754102612,True,True
2026-08-17T09:45:00Z,4,Nablus,pm25,1h,10.67,10.889107924199761,16.531770833333333,15.922575357584542,oof,fold_1,lightgbm,0.21910792419976133,-0.21910792419976133,True,True
2026-08-17T10:00:00Z,1,Tulkarem,pm25,1h,6.0,6.770091826290375,14.0559375,14.398909278706146,oof,fold_1,lightgbm,0.7700918262903746,-0.7700918262903746,False,False
2026-08-17T10:00:00Z,2,Nablus,pm25,1h,11.95,11.411170273381583,18.66114583333333,18.535011318939596,oof,fold_1,lightgbm,0.5388297266184168,0.5388297266184168,True,True
2026-08-17T10:00:00Z,4,Nablus,pm25,1h,10.24,10.602215221496955,16.411458333333332,15.90591543311411,oof,fold_1,lightgbm,0.36221522149695495,-0.36221522149695495,True,True
2026-08-17T10:15:00Z,1,Tulkarem,pm25,1h,5.85,7.122611307375937,13.9153125,14.239314070325388,oof,fold_1,lightgbm,1.2726113073759375,-1.2726113073759375,False,False
2026-08-17T10:15:00Z,2,Nablus,pm25,1h,11.11,11.376018600051006,18.500104166666667,18.49211436526545,oof,fold_1,lightgbm,0.26601860005100697,-0.26601860005100697,True,True
2026-08-17T10:15:00Z,4,Nablus,pm25,1h,9.96,10.710869450711145,16.275833333333335,15.85809443429981,oof,fold_1,lightgbm,0.7508694507111446,-0.7508694507111446,True,True
2026-08-17T10:30:00Z,1,Tulkarem,pm25,1h,6.02,6.231286002348013,13.7984375,14.170465494505809,oof,fold_1,lightgbm,0.21128600234801365,-0.21128600234801365,False,False
2026-08-17T10:30:00Z,2,Nablus,pm25,1h,10.52,12.078973765878194,18.35125,18.312009443595265,oof,fold_1,lightgbm,1.5589737658781946,-1.5589737658781946,True,True
2026-08-17T10:30:00Z,4,Nablus,pm25,1h,9.18,11.001282338969219,16.147604166666664,15.844136365392048,oof,fold_1,lightgbm,1.821282338969219,-1.821282338969219,True,True
2026-08-17T10:45:00Z,1,Tulkarem,pm25,1h,6.12,6.644194050961599,13.686354166666666,14.064423864488061,oof,fold_1,lightgbm,0.524194050961599,-0.524194050961599,False,False
2026-08-17T10:45:00Z,2,Nablus,pm25,1h,10.56,11.951817014029935,18.207916666666662,18.164116786056518,oof,fold_1,lightgbm,1.3918170140299342,-1.3918170140299342,True,True
2026-08-17T10:45:00Z,4,Nablus,pm25,1h,8.67,11.106919740830309,16.034583333333334,15.673096216244637,oof,fold_1,lightgbm,2.4369197408303087,-2.4369197408303087,True,True
2026-08-17T11:00:00Z,1,Tulkarem,pm25,1h,5.59,6.469383705666278,13.57125,13.963381101992992,oof,fold_1,lightgbm,0.8793837056662781,-0.8793837056662781,False,False
2026-08-17T11:00:00Z,2,Nablus,pm25,1h,9.8,11.9884254445489,18.07520833333333,17.970785162371552,oof,fold_1,lightgbm,2.1884254445488995,-2.1884254445488995,True,True
2026-08-17T11:00:00Z,4,Nablus,pm25,1h,8.24,10.564928898779263,15.925520833333332,15.619154670693376,oof,fold_1,lightgbm,2.3249288987792625,-2.3249288987792625,True,True
2026-08-17T11:15:00Z,1,Tulkarem,pm25,1h,5.41,6.973219448741786,13.452083333333333,13.854085126549842,oof,fold_1,lightgbm,1.563219448741786,-1.563219448741786,False,False
2026-08-17T11:15:00Z,2,Nablus,pm25,1h,9.64,10.924955222936243,17.9540625,17.719690121097045,oof,fold_1,lightgbm,1.284955222936242,-1.284955222936242,True,True
2026-08-17T11:15:00Z,4,Nablus,pm25,1h,7.72,9.898558227929568,15.822083333333332,15.57249372131726,oof,fold_1,lightgbm,2.1785582279295683,-2.1785582279295683,True,True
2026-08-17T11:30:00Z,1,Tulkarem,pm25,1h,5.44,6.540310391319998,13.3515625,13.81380256988688,oof,fold_1,lightgbm,1.1003103913199972,-1.1003103913199972,False,False
2026-08-17T11:30:00Z,2,Nablus,pm25,1h,9.24,10.765011475817236,17.839583333333334,17.49351842737796,oof,fold_1,lightgbm,1.5250114758172355,-1.5250114758172355,True,True
2026-08-17T11:30:00Z,4,Nablus,pm25,1h,7.81,9.289200807338414,15.587395833333332,15.542133441841159,oof,fold_1,lightgbm,1.4792008073384144,-1.4792008073384144,True,True
2026-08-17T11:45:00Z,1,Tulkarem,pm25,1h,5.4,6.72540757157126,13.248229166666668,13.782728475688225,oof,fold_1,lightgbm,1.3254075715712599,-1.3254075715712599,False,False
2026-08-17T11:45:00Z,2,Nablus,pm25,1h,9.43,10.870796868532908,17.736875,17.221912257788965,oof,fold_1,lightgbm,1.4407968685329084,-1.4407968685329084,True,True
2026-08-17T11:45:00Z,4,Nablus,pm25,1h,7.68,9.380556659401783,15.449270833333337,15.358367850858215,oof,fold_1,lightgbm,1.7005566594017836,-1.7005566594017836,True,True
2026-08-17T12:00:00Z,1,Tulkarem,pm25,1h,5.47,7.4957080268893135,13.1490625,13.543149374627436,oof,fold_1,lightgbm,2.0257080268893137,-2.0257080268893137,False,False
2026-08-17T12:00:00Z,2,Nablus,pm25,1h,8.87,9.702738428171013,17.631979166666667,17.12950798061418,oof,fold_1,lightgbm,0.8327384281710142,-0.8327384281710142,True,True
2026-08-17T12:00:00Z,4,Nablus,pm25,1h,7.43,8.751976972101064,15.369791666666666,15.373406538483026,oof,fold_1,lightgbm,1.321976972101064,-1.321976972101064,True,True
2026-08-17T12:15:00Z,1,Tulkarem,pm25,1h,5.4,7.379599831219966,13.055,13.302610490152196,oof,fold_1,lightgbm,1.979599831219966,-1.979599831219966,False,False
2026-08-17T12:15:00Z,2,Nablus,pm25,1h,8.7,9.65593692287605,17.528333333333332,17.17322721268157,oof,fold_1,lightgbm,0.9559369228760506,-0.9559369228760506,True,True
2026-08-17T12:15:00Z,4,Nablus,pm25,1h,7.63,8.637554737458279,15.299895833333332,15.41154348233044,oof,fold_1,lightgbm,1.0075547374582792,-1.0075547374582792,True,True
2026-08-17T12:30:00Z,1,Tulkarem,pm25,1h,5.79,7.554405159793552,12.961041666666668,13.264483228903273,oof,fold_1,lightgbm,1.7644051597935517,-1.7644051597935517,False,False
2026-08-17T12:30:00Z,2,Nablus,pm25,1h,9.03,9.191846539840801,17.440208333333334,16.933745989518666,oof,fold_1,lightgbm,0.161846539840802,-0.161846539840802,True,True
2026-08-17T12:30:00Z,4,Nablus,pm25,1h,7.18,8.619405995894748,15.2365625,15.067626175854368,oof,fold_1,lightgbm,1.4394059958947487,-1.4394059958947487,True,True
2026-08-17T12:45:00Z,1,Tulkarem,pm25,1h,6.82,8.586433816220936,12.8803125,13.045151830989731,oof,fold_1,lightgbm,1.7664338162209354,-1.7664338162209354,False,False
2026-08-17T12:45:00Z,2,Nablus,pm25,1h,9.61,9.213907458484321,17.360833333333336,16.874607913533033,oof,fold_1,lightgbm,0.39609254151567796,0.39609254151567796,True,True
2026-08-17T12:45:00Z,4,Nablus,pm25,1h,7.26,8.304108135704556,15.178020833333331,14.81433694482625,oof,fold_1,lightgbm,1.0441081357045565,-1.0441081357045565,True,False
2026-08-17T13:00:00Z,1,Tulkarem,pm25,1h,8.62,8.336581525002236,12.810416666666669,13.061994809772312,oof,fold_1,lightgbm,0.28341847499776307,0.28341847499776307,False,False
2026-08-17T13:00:00Z,2,Nablus,pm25,1h,8.49,9.076482352073258,17.276458333333334,16.84216608421613,oof,fold_1,lightgbm,0.5864823520732578,-0.5864823520732578,True,True
2026-08-17T13:00:00Z,4,Nablus,pm25,1h,6.78,7.853328751468436,15.117083333333332,14.6557576589508,oof,fold_1,lightgbm,1.073328751468436,-1.073328751468436,True,False
2026-08-17T13:15:00Z,1,Tulkarem,pm25,1h,10.32,8.900374329557113,12.744479166666665,13.00709754391859,oof,fold_1,lightgbm,1.419625670442887,1.419625670442887,False,False
2026-08-17T13:15:00Z,2,Nablus,pm25,1h,8.34,8.966738628350672,17.190208333333334,16.66099379259,oof,fold_1,lightgbm,0.6267386283506724,-0.6267386283506724,True,True
2026-08-17T13:15:00Z,4,Nablus,pm25,1h,6.79,7.8572110018565535,15.061979166666667,14.641875524698346,oof,fold_1,lightgbm,1.0672110018565535,-1.0672110018565535,True,False
2026-08-17T13:30:00Z,1,Tulkarem,pm25,1h,10.73,8.322896449662766,12.667916666666663,13.011681070075285,oof,fold_1,lightgbm,2.4071035503372347,2.4071035503372347,False,False
2026-08-17T13:30:00Z,2,Nablus,pm25,1h,8.68,9.371583087069922,17.11916666666667,16.58996124764178,oof,fold_1,lightgbm,0.6915830870699224,-0.6915830870699224,True,True
2026-08-17T13:30:00Z,4,Nablus,pm25,1h,6.78,7.505611962500711,15.005416666666669,14.586135407423944,oof,fold_1,lightgbm,0.7256119625007109,-0.7256119625007109,True,False
2026-08-17T13:45:00Z,1,Tulkarem,pm25,1h,10.87,8.083586145383078,12.5921875,12.917381521979173,oof,fold_1,lightgbm,2.786413854616921,2.786413854616921,False,False
2026-08-17T13:45:00Z,2,Nablus,pm25,1h,9.27,9.497800063023021,17.04885416666667,16.545145803340205,oof,fold_1,lightgbm,0.2278000630230217,-0.2278000630230217,True,True
2026-08-17T13:45:00Z,4,Nablus,pm25,1h,7.19,7.320811645061701,14.957708333333334,14.585319142117173,oof,fold_1,lightgbm,0.1308116450617005,-0.1308116450617005,False,False
2026-08-17T14:00:00Z,1,Tulkarem,pm25,1h,10.74,8.420368916818948,12.530833333333334,12.800744387504675,oof,fold_1,lightgbm,2.3196310831810525,2.3196310831810525,False,False
2026-08-17T14:00:00Z,2,Nablus,pm25,1h,9.59,9.530456765293852,16.964895833333333,16.406642360750414,oof,fold_1,lightgbm,0.05954323470614753,0.05954323470614753,True,True
2026-08-17T14:00:00Z,4,Nablus,pm25,1h,8.18,7.444242016024323,14.904895833333336,14.595491170144115,oof,fold_1,lightgbm,0.7357579839756765,0.7357579839756765,False,False
2026-08-17T14:15:00Z,1,Tulkarem,pm25,1h,10.48,9.677699850812125,12.467083333333337,12.837010831140812,oof,fold_1,lightgbm,0.8023001491878752,0.8023001491878752,False,False
2026-08-17T14:15:00Z,2,Nablus,pm25,1h,9.74,9.144797078339401,16.889687499999997,16.310816630579012,oof,fold_1,lightgbm,0.595202921660599,0.595202921660599,True,True
2026-08-17T14:15:00Z,4,Nablus,pm25,1h,8.2,7.453191339120446,14.846875000000002,14.496048687166931,oof,fold_1,lightgbm,0.7468086608795534,0.7468086608795534,False,False
2026-08-17T14:30:00Z,1,Tulkarem,pm25,1h,9.79,9.9729933666932,12.405416666666667,12.678412496286985,oof,fold_1,lightgbm,0.1829933666932,-0.1829933666932,False,False
2026-08-17T14:30:00Z,2,Nablus,pm25,1h,11.52,9.324420861197433,16.83,16.246995930036576,oof,fold_1,lightgbm,2.1955791388025663,2.1955791388025663,True,True
2026-08-17T14:30:00Z,4,Nablus,pm25,1h,8.84,7.440429843962209,14.801458333333334,14.47704108872748,oof,fold_1,lightgbm,1.3995701560377904,1.3995701560377904,False,False
2026-08-17T14:45:00Z,1,Tulkarem,pm25,1h,10.69,9.76153661655995,12.352708333333334,12.601263384876805,oof,fold_1,lightgbm,0.9284633834400502,0.9284633834400502,False,False
2026-08-17T14:45:00Z,2,Nablus,pm25,1h,10.99,9.421853432088389,16.729166666666668,16.10222789509701,oof,fold_1,lightgbm,1.5681465679116116,1.5681465679116116,True,True
2026-08-17T14:45:00Z,4,Nablus,pm25,1h,9.54,7.530869894654442,14.750833333333333,14.282294052839068,oof,fold_1,lightgbm,2.009130105345557,2.009130105345557,False,False
2026-08-17T15:00:00Z,1,Tulkarem,pm25,1h,11.32,10.837072673663318,12.279791666666668,12.531011884522277,oof,fold_1,lightgbm,0.4829273263366822,0.4829273263366822,False,False
2026-08-17T15:00:00Z,2,Nablus,pm25,1h,12.14,10.39403077368892,16.641875,15.977435364306375,oof,fold_1,lightgbm,1.7459692263110806,1.7459692263110806,True,True
2026-08-17T15:00:00Z,4,Nablus,pm25,1h,9.84,8.53478556182519,14.6878125,14.147868373783048,oof,fold_1,lightgbm,1.3052144381748096,1.3052144381748096,False,False
2026-08-17T15:15:00Z,1,Tulkarem,pm25,1h,11.7,10.035530781993108,12.189270833333332,12.423299956164453,oof,fold_1,lightgbm,1.6644692180068912,1.6644692180068912,False,False
2026-08-17T15:15:00Z,2,Nablus,pm25,1h,12.58,10.457166217325435,16.546458333333334,16.012579597034378,oof,fold_1,lightgbm,2.122833782674565,2.122833782674565,True,True
2026-08-17T15:15:00Z,4,Nablus,pm25,1h,10.66,8.571295879297544,14.628125,14.100511355761501,oof,fold_1,lightgbm,2.088704120702456,2.088704120702456,False,False
2026-08-17T15:30:00Z,1,Tulkarem,pm25,1h,12.28,9.145968783194917,12.12625,12.394052873412141,oof,fold_1,lightgbm,3.1340312168050826,3.1340312168050826,False,False
2026-08-17T15:30:00Z,2,Nablus,pm25,1h,13.53,11.647007673126723,16.444062499999998,15.915344466004159,oof,fold_1,lightgbm,1.8829923268732767,1.8829923268732767,True,True
2026-08-17T15:30:00Z,4,Nablus,pm25,1h,11.87,8.851303956910522,14.557708333333336,13.997054337687391,oof,fold_1,lightgbm,3.018696043089477,3.018696043089477,False,False
2026-08-17T15:45:00Z,1,Tulkarem,pm25,1h,12.31,10.458263887688858,12.062708333333331,12.41111457102546,oof,fold_1,lightgbm,1.8517361123111424,1.8517361123111424,False,False
2026-08-17T15:45:00Z,2,Nablus,pm25,1h,13.82,11.52423574181199,16.341041666666666,15.867646217010215,oof,fold_1,lightgbm,2.2957642581880098,2.2957642581880098,True,True
2026-08-17T15:45:00Z,4,Nablus,pm25,1h,12.19,9.19376182856323,14.484270833333332,13.960811050976146,oof,fold_1,lightgbm,2.9962381714367687,2.9962381714367687,False,False
2026-08-17T16:00:00Z,1,Tulkarem,pm25,1h,12.68,10.628196488647559,12.003229166666666,12.308238376477991,oof,fold_1,lightgbm,2.051803511352441,2.051803511352441,False,False
2026-08-17T16:00:00Z,2,Nablus,pm25,1h,14.81,11.968198862607826,16.2390625,15.830955356661072,oof,fold_1,lightgbm,2.8418011373921743,2.8418011373921743,True,True
2026-08-17T16:00:00Z,4,Nablus,pm25,1h,13.18,9.833096768269803,14.395729166666667,13.951432724152507,oof,fold_1,lightgbm,3.346903231730197,3.346903231730197,False,False
2026-08-17T16:15:00Z,1,Tulkarem,pm25,1h,12.83,12.812905303229593,11.949791666666668,12.331839342290523,oof,fold_1,lightgbm,0.01709469677040687,0.01709469677040687,False,False
2026-08-17T16:15:00Z,2,Nablus,pm25,1h,15.19,12.8707857530771,16.126250000000002,15.85382340921353,oof,fold_1,lightgbm,2.3192142469228987,2.3192142469228987,True,True
2026-08-17T16:15:00Z,4,Nablus,pm25,1h,13.33,10.716148030710336,14.287291666666668,13.937317001492382,oof,fold_1,lightgbm,2.613851969289664,2.613851969289664,False,False
2026-08-17T16:15:00Z,5,Nablus,pm25,1h,14.44,12.647986686587716,11.031379310344828,13.224557628505721,oof,fold_1,lightgbm,1.7920133134122835,1.7920133134122835,False,False
2026-08-17T16:30:00Z,1,Tulkarem,pm25,1h,13.08,18.703391493350505,11.902291666666663,12.241710192987052,oof,fold_1,lightgbm,5.623391493350505,-5.623391493350505,False,False
2026-08-17T16:30:00Z,2,Nablus,pm25,1h,15.56,12.754439639758626,16.000625,15.714905869305095,oof,fold_1,lightgbm,2.8055603602413743,2.8055603602413743,True,True
2026-08-17T16:30:00Z,4,Nablus,pm25,1h,13.91,11.260330036426868,14.184375,13.911391061108457,oof,fold_1,lightgbm,2.649669963573132,2.649669963573132,False,False
2026-08-17T16:30:00Z,5,Nablus,pm25,1h,14.61,12.803803339254118,11.150666666666666,13.267241133747795,oof,fold_1,lightgbm,1.806196660745881,1.806196660745881,False,False
2026-08-17T16:45:00Z,1,Tulkarem,pm25,1h,12.95,17.93442596407647,11.857604166666668,12.143341571612739,oof,fold_1,lightgbm,4.984425964076472,-4.984425964076472,False,False
2026-08-17T16:45:00Z,2,Nablus,pm25,1h,15.58,13.07025581666701,15.878645833333332,15.689851617003447,oof,fold_1,lightgbm,2.509744183332989,2.509744183332989,True,True
2026-08-17T16:45:00Z,4,Nablus,pm25,1h,14.17,11.906289330110008,14.073333333333332,14.044654844299084,oof,fold_1,lightgbm,2.263710669889992,2.263710669889992,False,False
2026-08-17T16:45:00Z,5,Nablus,pm25,1h,14.95,12.715023699434289,11.273225806451611,13.315752702869085,oof,fold_1,lightgbm,2.2349763005657106,2.2349763005657106,False,False
2026-08-17T17:00:00Z,1,Tulkarem,pm25,1h,12.98,18.443161623855673,11.818020833333334,12.198476268983091,oof,fold_1,lightgbm,5.463161623855672,-5.463161623855672,False,False
2026-08-17T17:00:00Z,2,Nablus,pm25,1h,15.33,13.13455592171711,15.738437500000002,15.61678477159698,oof,fold_1,lightgbm,2.1954440782828897,2.1954440782828897,True,True
2026-08-17T17:00:00Z,4,Nablus,pm25,1h,14.01,12.222462488369306,13.963541666666666,14.146238959982524,oof,fold_1,lightgbm,1.7875375116306937,1.7875375116306937,False,False
2026-08-17T17:00:00Z,5,Nablus,pm25,1h,15.3,12.680367736314018,11.3990625,13.39468239625542,oof,fold_1,lightgbm,2.6196322636859826,2.6196322636859826,False,False
2026-08-17T17:15:00Z,1,Tulkarem,pm25,1h,13.13,16.883430273344313,11.773541666666668,12.1067764412249,oof,fold_1,lightgbm,3.7534302733443123,-3.7534302733443123,False,False
2026-08-17T17:15:00Z,2,Nablus,pm25,1h,15.16,13.536606579607657,15.6003125,15.593400977099122,oof,fold_1,lightgbm,1.6233934203923432,1.6233934203923432,True,True
2026-08-17T17:15:00Z,4,Nablus,pm25,1h,14.29,11.852898083434024,13.837708333333332,14.173781927236226,oof,fold_1,lightgbm,2.4371019165659753,2.4371019165659753,False,False
2026-08-17T17:15:00Z,5,Nablus,pm25,1h,16.13,12.79659784640883,11.54242424242424,13.489142063521529,oof,fold_1,lightgbm,3.3334021535911695,3.3334021535911695,False,False
2026-08-17T17:30:00Z,1,Tulkarem,pm25,1h,12.98,16.72973882047799,11.738229166666668,12.011747595787272,oof,fold_1,lightgbm,3.7497388204779902,-3.7497388204779902,False,False
2026-08-17T17:30:00Z,2,Nablus,pm25,1h,14.69,13.254567991141467,15.482291666666669,15.563156753639245,oof,fold_1,lightgbm,1.4354320088585322,1.4354320088585322,True,True
2026-08-17T17:30:00Z,4,Nablus,pm25,1h,14.66,11.8965537541988,13.721458333333333,14.183377055420614,oof,fold_1,lightgbm,2.7634462458012,2.7634462458012,False,False
2026-08-17T17:30:00Z,5,Nablus,pm25,1h,16.11,12.899880662548714,11.676764705882352,13.553914944544823,oof,fold_1,lightgbm,3.2101193374512853,3.2101193374512853,False,False
2026-08-17T17:45:00Z,1,Tulkarem,pm25,1h,13.24,16.860708739027807,11.712291666666667,11.938336481128848,oof,fold_1,lightgbm,3.6207087390278065,-3.6207087390278065,False,False
2026-08-17T17:45:00Z,2,Nablus,pm25,1h,15.06,13.78744313406942,15.381354166666666,15.578570839383682,oof,fold_1,lightgbm,1.2725568659305804,1.2725568659305804,True,True
2026-08-17T17:45:00Z,4,Nablus,pm25,1h,14.96,12.16315891022213,13.613958333333333,14.055303917817296,oof,fold_1,lightgbm,2.796841089777871,2.796841089777871,False,False
2026-08-17T17:45:00Z,5,Nablus,pm25,1h,15.53,13.113663090371817,11.786857142857144,13.586872211058783,oof,fold_1,lightgbm,2.416336909628182,2.416336909628182,False,False
2026-08-17T18:00:00Z,1,Tulkarem,pm25,1h,12.96,15.958486594932495,11.68625,11.874234511221852,oof,fold_1,lightgbm,2.998486594932494,-2.998486594932494,False,False
2026-08-17T18:00:00Z,2,Nablus,pm25,1h,16.5,13.509511375194979,15.290833333333332,15.448478475236364,oof,fold_1,lightgbm,2.990488624805021,2.990488624805021,True,True
2026-08-17T18:00:00Z,4,Nablus,pm25,1h,15.04,13.228788974119244,13.509895833333331,13.860655540801698,oof,fold_1,lightgbm,1.8112110258807554,1.8112110258807554,False,False
2026-08-17T18:00:00Z,5,Nablus,pm25,1h,15.5,13.198997691896587,11.89,13.64027087188116,oof,fold_1,lightgbm,2.3010023081034134,2.3010023081034134,False,False
2026-08-17T18:15:00Z,1,Tulkarem,pm25,1h,13.12,15.77797113014422,11.661458333333334,11.810935205429576,oof,fold_1,lightgbm,2.6579711301442206,-2.6579711301442206,False,False
2026-08-17T18:15:00Z,2,Nablus,pm25,1h,16.47,13.740065718173168,15.203020833333332,15.39722711899506,oof,fold_1,lightgbm,2.7299342818268304,2.7299342818268304,True,True
2026-08-17T18:15:00Z,4,Nablus,pm25,1h,14.79,14.057710259929653,13.413645833333334,13.852744098254655,oof,fold_1,lightgbm,0.7322897400703461,0.7322897400703461,False,False
2026-08-17T18:15:00Z,5,Nablus,pm25,1h,15.73,13.210184321634205,11.993783783783783,13.70273584023177,oof,fold_1,lightgbm,2.519815678365795,2.519815678365795,False,False
2026-08-17T18:30:00Z,1,Tulkarem,pm25,1h,13.08,16.047452361150853,11.642395833333332,11.680762371347075,oof,fold_1,lightgbm,2.967452361150853,-2.967452361150853,False,False
2026-08-17T18:30:00Z,2,Nablus,pm25,1h,16.2,13.173163149440901,15.1103125,15.0771423774797,oof,fold_1,lightgbm,3.026836850559098,3.026836850559098,True,True
2026-08-17T18:30:00Z,4,Nablus,pm25,1h,15.46,13.931738607691205,13.328541666666668,13.945520347808129,oof,fold_1,lightgbm,1.5282613923087958,1.5282613923087958,False,False
2026-08-17T18:30:00Z,5,Nablus,pm25,1h,16.39,13.865637060029153,12.109473684210526,13.810906547459098,oof,fold_1,lightgbm,2.524362939970848,2.524362939970848,False,False
2026-08-17T18:45:00Z,1,Tulkarem,pm25,1h,12.7,16.03634304120772,11.623645833333333,11.649964393765059,oof,fold_1,lightgbm,3.3363430412077193,-3.3363430412077193,False,False
2026-08-17T18:45:00Z,2,Nablus,pm25,1h,16.78,14.168974989811533,15.018229166666666,14.964123493662681,oof,fold_1,lightgbm,2.6110250101884684,2.6110250101884684,True,False
2026-08-17T18:45:00Z,4,Nablus,pm25,1h,15.47,14.15539741636438,13.245,13.659700180848303,oof,fold_1,lightgbm,1.3146025836356205,1.3146025836356205,False,False
2026-08-17T18:45:00Z,5,Nablus,pm25,1h,16.25,13.952585332806157,12.215641025641023,13.825294744409941,oof,fold_1,lightgbm,2.297414667193843,2.297414667193843,False,False
2026-08-17T19:00:00Z,1,Tulkarem,pm25,1h,13.21,16.13707175481147,11.6146875,11.645927019032358,oof,fold_1,lightgbm,2.927071754811468,-2.927071754811468,False,False
2026-08-17T19:00:00Z,2,Nablus,pm25,1h,17.55,14.23317974016891,14.927395833333334,15.029435032776,oof,fold_1,lightgbm,3.31682025983109,3.31682025983109,False,True
2026-08-17T19:00:00Z,4,Nablus,pm25,1h,16.42,14.081399030849918,13.180833333333332,13.546848572474042,oof,fold_1,lightgbm,2.338600969150084,2.338600969150084,False,False
2026-08-17T19:00:00Z,5,Nablus,pm25,1h,16.57,14.134946284485778,12.3245,13.820831736947218,oof,fold_1,lightgbm,2.435053715514222,2.435053715514222,False,False
2026-08-17T19:15:00Z,1,Tulkarem,pm25,1h,13.53,16.407987852728763,11.61,11.650171643600807,oof,fold_1,lightgbm,2.8779878527287632,-2.8779878527287632,False,False
2026-08-17T19:15:00Z,2,Nablus,pm25,1h,17.12,15.32747052944521,14.846666666666666,15.006348062985058,oof,fold_1,lightgbm,1.7925294705547916,1.7925294705547916,False,True
2026-08-17T19:15:00Z,4,Nablus,pm25,1h,17.43,14.166875544202535,13.1153125,13.284934680259598,oof,fold_1,lightgbm,3.263124455797465,3.263124455797465,False,False
2026-08-17T19:15:00Z,5,Nablus,pm25,1h,17.41,14.204849003491855,12.448536585365853,13.937835279004156,oof,fold_1,lightgbm,3.205150996508145,3.205150996508145,False,False
2026-08-17T19:30:00Z,1,Tulkarem,pm25,1h,13.48,17.36989087303319,11.601770833333331,11.641656816676814,oof,fold_1,lightgbm,3.8898908730331883,-3.8898908730331883,False,False
2026-08-17T19:30:00Z,2,Nablus,pm25,1h,15.79,15.267108580319025,14.749375,14.910319738015371,oof,fold_1,lightgbm,0.522891419680974,0.522891419680974,False,False
2026-08-17T19:30:00Z,4,Nablus,pm25,1h,15.76,16.23807330251414,13.014270833333336,13.287343965660785,oof,fold_1,lightgbm,0.47807330251414193,-0.47807330251414193,False,False
2026-08-17T19:30:00Z,5,Nablus,pm25,1h,15.98,14.935688538051746,12.532619047619049,13.996039957915066,oof,fold_1,lightgbm,1.0443114619482543,1.0443114619482543,False,False
2026-08-17T19:45:00Z,1,Tulkarem,pm25,1h,13.75,17.12581804243769,11.595104166666667,11.644011400832357,oof,fold_1,lightgbm,3.3758180424376896,-3.3758180424376896,False,False
2026-08-17T19:45:00Z,2,Nablus,pm25,1h,15.22,15.72371525628404,14.644791666666668,14.943706754053137,oof,fold_1,lightgbm,0.503715256284039,-0.503715256284039,False,False
2026-08-17T19:45:00Z,4,Nablus,pm25,1h,13.59,14.502887832636882,12.888958333333331,13.058886263932385,oof,fold_1,lightgbm,0.9128878326368817,-0.9128878326368817,False,False
2026-08-17T19:45:00Z,5,Nablus,pm25,1h,16.62,15.11627408608997,12.627674418604652,14.060587100901095,oof,fold_1,lightgbm,1.5037259139100314,1.5037259139100314,False,False
2026-08-17T20:00:00Z,1,Tulkarem,pm25,1h,13.95,15.171791622629557,11.597812500000002,11.672104450711657,oof,fold_1,lightgbm,1.2217916226295582,-1.2217916226295582,False,False
2026-08-17T20:00:00Z,2,Nablus,pm25,1h,15.28,16.605284681084125,14.530833333333334,14.79475700912543,oof,fold_1,lightgbm,1.325284681084126,-1.325284681084126,False,False
2026-08-17T20:00:00Z,4,Nablus,pm25,1h,13.75,16.617003319339123,12.764583333333333,13.081183829284162,oof,fold_1,lightgbm,2.8670033193391227,-2.8670033193391227,False,False
2026-08-17T20:00:00Z,5,Nablus,pm25,1h,17.31,15.60889458340846,12.734090909090908,14.196268036523268,oof,fold_1,lightgbm,1.7011054165915382,1.7011054165915382,False,False
2026-08-17T20:15:00Z,1,Tulkarem,pm25,1h,15.06,14.298333707007135,11.620625,11.539353669596535,oof,fold_1,lightgbm,0.7616662929928655,0.7616662929928655,False,False
2026-08-17T20:15:00Z,2,Nablus,pm25,1h,16.65,16.381110852200397,14.437083333333332,14.743593479216583,oof,fold_1,lightgbm,0.2688891477996016,0.2688891477996016,False,False
2026-08-17T20:15:00Z,4,Nablus,pm25,1h,14.78,17.125297663462693,12.6484375,13.111422511664285,oof,fold_1,lightgbm,2.345297663462693,-2.345297663462693,False,False
2026-08-17T20:15:00Z,5,Nablus,pm25,1h,21.2,17.18126536122258,12.922222222222222,14.249543100513854,oof,fold_1,lightgbm,4.0187346387774205,4.0187346387774205,False,False
2026-08-17T20:30:00Z,1,Tulkarem,pm25,1h,15.19,13.706221955639878,11.655104166666668,11.538335957286403,oof,fold_1,lightgbm,1.4837780443601218,1.4837780443601218,False,False
2026-08-17T20:30:00Z,2,Nablus,pm25,1h,16.6,15.887071831258838,14.3640625,14.590684857281499,oof,fold_1,lightgbm,0.712928168741163,0.712928168741163,False,False
2026-08-17T20:30:00Z,4,Nablus,pm25,1h,15.21,17.126891198646153,12.569166666666666,13.045511725089062,oof,fold_1,lightgbm,1.9168911986461517,-1.9168911986461517,False,False
2026-08-17T20:30:00Z,5,Nablus,pm25,1h,18.83,16.71867511129599,13.050652173913043,14.28851617929314,oof,fold_1,lightgbm,2.111324888704008,2.111324888704008,False,False
2026-08-17T20:45:00Z,1,Tulkarem,pm25,1h,15.13,13.961326968146338,11.686875,11.54769153388081,oof,fold_1,lightgbm,1.168673031853663,1.168673031853663,False,False
2026-08-17T20:45:00Z,2,Nablus,pm25,1h,18.48,15.383288427492479,14.335729166666669,14.519754167762997,oof,fold_1,lightgbm,3.0967115725075214,3.0967115725075214,False,False
2026-08-17T20:45:00Z,4,Nablus,pm25,1h,14.93,15.248909900810677,12.527708333333337,12.951259250472637,oof,fold_1,lightgbm,0.31890990081067727,-0.31890990081067727,False,False
2026-08-17T20:45:00Z,5,Nablus,pm25,1h,17.08,17.264050255039496,13.136382978723404,14.373139910075622,oof,fold_1,lightgbm,0.184050255039498,-0.184050255039498,False,False
2026-08-17T21:00:00Z,1,Tulkarem,pm25,1h,14.56,14.1147746689519,11.721354166666666,11.530429748771438,oof,fold_1,lightgbm,0.4452253310480998,0.4452253310480998,False,False
2026-08-17T21:00:00Z,2,Nablus,pm25,1h,23.91,16.125936795652503,14.356875,14.378873656577026,oof,fold_1,lightgbm,7.784063204347497,7.784063204347497,False,False
2026-08-17T21:00:00Z,4,Nablus,pm25,1h,14.61,13.492288929431583,12.466458333333334,12.842635354508117,oof,fold_1,lightgbm,1.1177110705684168,1.1177110705684168,False,False
2026-08-17T21:00:00Z,5,Nablus,pm25,1h,17.4,17.97207706059534,13.225208333333333,14.439236361209357,oof,fold_1,lightgbm,0.5720770605953405,-0.5720770605953405,False,False
2026-08-17T21:15:00Z,1,Tulkarem,pm25,1h,15.32,15.282929380496292,11.764583333333334,11.661411618503577,oof,fold_1,lightgbm,0.03707061950370871,0.03707061950370871,False,False
2026-08-17T21:15:00Z,2,Nablus,pm25,1h,19.85,17.454549800744722,14.32625,14.31774611156459,oof,fold_1,lightgbm,2.3954501992552792,2.3954501992552792,False,False
2026-08-17T21:15:00Z,4,Nablus,pm25,1h,14.63,14.508121477785282,12.404166666666669,12.632999934518034,oof,fold_1,lightgbm,0.12187852221471829,0.12187852221471829,False,False
2026-08-17T21:15:00Z,5,Nablus,pm25,1h,16.99,20.288701690273037,13.30204081632653,14.60833803706417,oof,fold_1,lightgbm,3.298701690273038,-3.298701690273038,False,False
2026-08-17T21:30:00Z,1,Tulkarem,pm25,1h,15.48,15.522155718752055,11.7753125,11.629125047355737,oof,fold_1,lightgbm,0.04215571875205448,-0.04215571875205448,False,False
2026-08-17T21:30:00Z,2,Nablus,pm25,1h,17.23,17.522662412440827,14.3153125,14.34890530908728,oof,fold_1,lightgbm,0.29266241244082636,-0.29266241244082636,False,False
2026-08-17T21:30:00Z,4,Nablus,pm25,1h,14.47,15.280533932950084,12.33125,12.622754944881681,oof,fold_1,lightgbm,0.8105339329500829,-0.8105339329500829,False,False
2026-08-17T21:30:00Z,5,Nablus,pm25,1h,16.78,19.49475042743836,13.3716,14.631092737142318,oof,fold_1,lightgbm,2.714750427438357,-2.714750427438357,False,False
2026-08-17T21:45:00Z,1,Tulkarem,pm25,1h,17.82,14.925136822638695,11.808541666666668,11.590889002098793,oof,fold_1,lightgbm,2.894863177361305,2.894863177361305,False,False
2026-08-17T21:45:00Z,2,Nablus,pm25,1h,16.29,19.935121616520693,14.294583333333334,14.26229222725884,oof,fold_1,lightgbm,3.6451216165206937,-3.6451216165206937,False,False
2026-08-17T21:45:00Z,4,Nablus,pm25,1h,14.0,14.79649214028098,12.245104166666666,12.510076797398145,oof,fold_1,lightgbm,0.7964921402809804,-0.7964921402809804,False,False
2026-08-17T21:45:00Z,5,Nablus,pm25,1h,16.45,16.440831567354852,13.431960784313723,14.609787701209376,oof,fold_1,lightgbm,0.009168432645147107,0.009168432645147107,False,False
2026-08-17T22:00:00Z,1,Tulkarem,pm25,1h,17.54,15.088762833515348,11.848333333333334,11.565799522890766,oof,fold_1,lightgbm,2.451237166484651,2.451237166484651,False,False
2026-08-17T22:00:00Z,2,Nablus,pm25,1h,15.88,20.24948825237877,14.277187499999998,14.67856760120106,oof,fold_1,lightgbm,4.369488252378771,-4.369488252378771,False,False
2026-08-17T22:00:00Z,4,Nablus,pm25,1h,14.09,14.290661286816208,12.206874999999998,12.39338037992077,oof,fold_1,lightgbm,0.20066128681620832,-0.20066128681620832,False,False
2026-08-17T22:00:00Z,5,Nablus,pm25,1h,16.7,16.49041186202766,13.494807692307692,14.645463120244873,oof,fold_1,lightgbm,0.20958813797233944,0.20958813797233944,False,False
2026-08-17T22:15:00Z,1,Tulkarem,pm25,1h,16.44,15.762874470274863,11.8821875,11.703368410877665,oof,fold_1,lightgbm,0.6771255297251386,0.6771255297251386,False,False
2026-08-17T22:15:00Z,2,Nablus,pm25,1h,15.46,18.659775852301856,14.248333333333331,14.476211248267058,oof,fold_1,lightgbm,3.1997758523018547,-3.1997758523018547,False,False
2026-08-17T22:15:00Z,4,Nablus,pm25,1h,14.07,14.249397426097744,12.2046875,12.350689460177454,oof,fold_1,lightgbm,0.17939742609774356,-0.17939742609774356,False,False
2026-08-17T22:15:00Z,5,Nablus,pm25,1h,17.02,16.17199555577043,13.56132075471698,14.698489334343233,oof,fold_1,lightgbm,0.84800444422957,0.84800444422957,False,False
2026-08-17T22:30:00Z,1,Tulkarem,pm25,1h,15.68,16.86664479567704,11.918854166666668,11.739778240877566,oof,fold_1,lightgbm,1.18664479567704,-1.18664479567704,False,False
2026-08-17T22:30:00Z,2,Nablus,pm25,1h,15.11,16.83758971828011,14.203854166666668,14.404387008599501,oof,fold_1,lightgbm,1.727589718280111,-1.727589718280111,False,False
2026-08-17T22:30:00Z,4,Nablus,pm25,1h,14.05,14.122540940794721,12.201875,12.272565495794066,oof,fold_1,lightgbm,0.0725409407947204,-0.0725409407947204,False,False
2026-08-17T22:30:00Z,5,Nablus,pm25,1h,16.59,16.508865216636078,13.617407407407407,14.719397654146709,oof,fold_1,lightgbm,0.08113478336392177,0.08113478336392177,False,False
2026-08-17T22:45:00Z,1,Tulkarem,pm25,1h,15.59,16.25101060885254,11.954895833333332,11.66926256774318,oof,fold_1,lightgbm,0.6610106088525391,-0.6610106088525391,False,False
2026-08-17T22:45:00Z,2,Nablus,pm25,1h,15.72,15.883219414564733,14.17875,14.390082909380782,oof,fold_1,lightgbm,0.16321941456473255,-0.16321941456473255,False,False
2026-08-17T22:45:00Z,4,Nablus,pm25,1h,14.56,13.688040157970233,12.2046875,12.219958072969044,oof,fold_1,lightgbm,0.8719598420297672,0.8719598420297672,False,False
2026-08-17T22:45:00Z,5,Nablus,pm25,1h,17.04,16.233567069518806,13.679636363636364,14.702669713054837,oof,fold_1,lightgbm,0.8064329304811935,0.8064329304811935,False,False
2026-08-17T23:00:00Z,1,Tulkarem,pm25,1h,16.57,15.903742807482447,12.002604166666666,11.67157579153419,oof,fold_1,lightgbm,0.6662571925175538,0.6662571925175538,False,False
2026-08-17T23:00:00Z,2,Nablus,pm25,1h,15.9,15.149243133432261,14.155208333333333,14.367154830406234,oof,fold_1,lightgbm,0.7507568665677393,0.7507568665677393,False,False
2026-08-17T23:00:00Z,4,Nablus,pm25,1h,14.68,13.520719658786835,12.216145833333334,12.151845746047046,oof,fold_1,lightgbm,1.1592803412131651,1.1592803412131651,False,False
2026-08-17T23:00:00Z,5,Nablus,pm25,1h,17.57,16.408180260511745,13.749107142857143,14.909570130972533,oof,fold_1,lightgbm,1.161819739488255,1.161819739488255,False,False
2026-08-17T23:15:00Z,1,Tulkarem,pm25,1h,15.62,16.011514327342287,12.044583333333334,11.781816812164775,oof,fold_1,lightgbm,0.3915143273422874,-0.3915143273422874,False,False
2026-08-17T23:15:00Z,2,Nablus,pm25,1h,15.95,14.877468049889943,14.133333333333333,14.295230927251955,oof,fold_1,lightgbm,1.072531950110056,1.072531950110056,False,False
2026-08-17T23:15:00Z,4,Nablus,pm25,1h,15.08,13.54247114720503,12.232395833333332,12.155804312250885,oof,fold_1,lightgbm,1.5375288527949706,1.5375288527949706,False,False
2026-08-17T23:15:00Z,5,Nablus,pm25,1h,17.52,16.545528277236144,13.815263157894735,14.955588936419893,oof,fold_1,lightgbm,0.9744717227638553,0.9744717227638553,False,False
2026-08-17T23:30:00Z,1,Tulkarem,pm25,1h,15.04,16.63383096232299,12.066770833333337,11.837754984704413,oof,fold_1,lightgbm,1.5938309623229898,-1.5938309623229898,False,False
2026-08-17T23:30:00Z,2,Nablus,pm25,1h,16.03,14.432713623106622,14.112291666666666,14.259130248640533,oof,fold_1,lightgbm,1.5972863768933792,1.5972863768933792,False,False
2026-08-17T23:30:00Z,4,Nablus,pm25,1h,14.62,13.597618935597964,12.238437499999998,12.161044522462685,oof,fold_1,lightgbm,1.022381064402035,1.022381064402035,False,False
2026-08-17T23:30:00Z,5,Nablus,pm25,1h,17.9,16.441525522371197,13.885689655172412,14.951467228613666,oof,fold_1,lightgbm,1.4584744776288012,1.4584744776288012,False,False
2026-08-17T23:45:00Z,1,Tulkarem,pm25,1h,15.14,15.91380086715128,12.0771875,11.870828809725083,oof,fold_1,lightgbm,0.7738008671512802,-0.7738008671512802,False,False
2026-08-17T23:45:00Z,2,Nablus,pm25,1h,16.13,14.985709553720932,14.0865625,14.267050105354283,oof,fold_1,lightgbm,1.1442904462790668,1.1442904462790668,False,False
2026-08-17T23:45:00Z,4,Nablus,pm25,1h,15.19,14.078028405939865,12.251041666666666,12.173595942124555,oof,fold_1,lightgbm,1.111971594060135,1.111971594060135,False,False
2026-08-17T23:45:00Z,5,Nablus,pm25,1h,18.11,16.893969921902176,13.95728813559322,14.981944027065683,oof,fold_1,lightgbm,1.2160300780978233,1.2160300780978233,False,False
2026-08-18T00:00:00Z,1,Tulkarem,pm25,1h,15.37,16.55873852522661,12.09125,12.06816972628507,oof,fold_2,lightgbm,1.1887385252266096,-1.1887385252266096,False,False
2026-08-18T00:00:00Z,2,Nablus,pm25,1h,16.01,16.724552921340738,14.060208333333334,14.133957248389379,oof,fold_2,lightgbm,0.7145529213407364,-0.7145529213407364,False,False
2026-08-18T00:00:00Z,4,Nablus,pm25,1h,14.92,14.651207896748728,12.267395833333332,12.26670041203017,oof,fold_2,lightgbm,0.2687921032512719,0.2687921032512719,False,False
2026-08-18T00:00:00Z,5,Nablus,pm25,1h,18.96,17.47399982310579,14.040666666666665,14.085652264828525,oof,fold_2,lightgbm,1.486000176894212,1.486000176894212,False,False
2026-08-18T00:15:00Z,1,Tulkarem,pm25,1h,15.39,16.24229731960708,12.109583333333331,12.066479814640648,oof,fold_2,lightgbm,0.8522973196070787,-0.8522973196070787,False,False
2026-08-18T00:15:00Z,2,Nablus,pm25,1h,15.81,16.9354752951478,14.012708333333334,14.208087076771047,oof,fold_2,lightgbm,1.1254752951477993,-1.1254752951477993,False,False
2026-08-18T00:15:00Z,4,Nablus,pm25,1h,15.29,15.62916511039378,12.2871875,12.277146708539851,oof,fold_2,lightgbm,0.3391651103937807,-0.3391651103937807,False,False
2026-08-18T00:15:00Z,5,Nablus,pm25,1h,18.63,17.157231585233298,14.115901639344262,14.10596419683771,oof,fold_2,lightgbm,1.4727684147667013,1.4727684147667013,False,False
2026-08-18T00:30:00Z,1,Tulkarem,pm25,1h,15.43,15.68169528403233,12.120416666666666,12.069238518649193,oof,fold_2,lightgbm,0.2516952840323299,-0.2516952840323299,False,False
2026-08-18T00:30:00Z,2,Nablus,pm25,1h,16.52,16.860774412261392,13.993541666666664,14.210359819970368,oof,fold_2,lightgbm,0.3407744122613927,-0.3407744122613927,False,False
2026-08-18T00:30:00Z,4,Nablus,pm25,1h,15.12,14.812779959277677,12.302604166666669,12.306870439930497,oof,fold_2,lightgbm,0.30722004072232245,0.30722004072232245,False,False
2026-08-18T00:30:00Z,5,Nablus,pm25,1h,19.26,17.953555995145162,14.198870967741936,14.1414479996779,oof,fold_2,lightgbm,1.3064440048548391,1.3064440048548391,False,False
2026-08-18T00:45:00Z,1,Tulkarem,pm25,1h,15.85,15.769988195997186,12.131979166666667,12.133636743506052,oof,fold_2,lightgbm,0.08001180400281349,0.08001180400281349,False,False
2026-08-18T00:45:00Z,2,Nablus,pm25,1h,16.89,16.641983938325215,13.9865625,14.209178213666775,oof,fold_2,lightgbm,0.24801606167478596,0.24801606167478596,False,False
2026-08-18T00:45:00Z,4,Nablus,pm25,1h,15.17,15.485670892990065,12.316354166666663,12.316198234240359,oof,fold_2,lightgbm,0.3156708929900649,-0.3156708929900649,False,False
2026-08-18T00:45:00Z,5,Nablus,pm25,1h,19.35,18.09367905812721,14.28063492063492,14.147911869617516,oof,fold_2,lightgbm,1.25632094187279,1.25632094187279,False,False
2026-08-18T01:00:00Z,1,Tulkarem,pm25,1h,15.34,15.238681129258168,12.136145833333332,12.141131184755128,oof,fold_2,lightgbm,0.10131887074183155,0.10131887074183155,False,False
2026-08-18T01:00:00Z,2,Nablus,pm25,1h,17.0,17.102563578498316,13.982083333333335,14.067167016357596,oof,fold_2,lightgbm,0.10256357849831588,-0.10256357849831588,False,False
2026-08-18T01:00:00Z,4,Nablus,pm25,1h,15.41,15.123083517405174,12.333854166666669,12.303634226240778,oof,fold_2,lightgbm,0.28691648259482605,0.28691648259482605,False,False
2026-08-18T01:00:00Z,5,Nablus,pm25,1h,20.17,19.1093444655181,14.37265625,14.392542069314496,oof,fold_2,lightgbm,1.0606555344819029,1.0606555344819029,False,False
2026-08-18T01:15:00Z,1,Tulkarem,pm25,1h,15.34,15.271950534324082,12.137187499999998,12.118773807119164,oof,fold_2,lightgbm,0.06804946567591763,0.06804946567591763,False,False
2026-08-18T01:15:00Z,2,Nablus,pm25,1h,16.81,15.884533427422765,13.984166666666669,14.049934208033585,oof,fold_2,lightgbm,0.9254665725772337,0.9254665725772337,False,False
2026-08-18T01:15:00Z,4,Nablus,pm25,1h,15.31,15.271624995157804,12.348333333333334,12.316792204441887,oof,fold_2,lightgbm,0.03837500484219625,0.03837500484219625,False,False
2026-08-18T01:15:00Z,5,Nablus,pm25,1h,21.14,19.138744353089137,14.47676923076923,14.451144637997457,oof,fold_2,lightgbm,2.001255646910863,2.001255646910863,False,False
2026-08-18T01:30:00Z,1,Tulkarem,pm25,1h,15.5,15.311156867974928,12.144895833333331,12.161663081544793,oof,fold_2,lightgbm,0.18884313202507208,0.18884313202507208,False,False
2026-08-18T01:30:00Z,2,Nablus,pm25,1h,16.55,16.933300655408782,13.988124999999998,14.059474190991036,oof,fold_2,lightgbm,0.38330065540878167,-0.38330065540878167,False,False
2026-08-18T01:30:00Z,4,Nablus,pm25,1h,15.63,15.231319117839636,12.371875,12.353495102678979,oof,fold_2,lightgbm,0.3986808821603649,0.3986808821603649,False,False
2026-08-18T01:30:00Z,5,Nablus,pm25,1h,21.97,18.60048634406648,14.590303030303032,14.49426831302981,oof,fold_2,lightgbm,3.3695136559335204,3.3695136559335204,False,False
2026-08-18T01:45:00Z,1,Tulkarem,pm25,1h,15.4,16.976957730550644,12.1490625,12.15714600861575,oof,fold_2,lightgbm,1.5769577305506441,-1.5769577305506441,False,False
2026-08-18T01:45:00Z,2,Nablus,pm25,1h,17.35,17.03564443764248,14.001770833333332,14.077638091555768,oof,fold_2,lightgbm,0.31435556235752316,0.31435556235752316,False,False
2026-08-18T01:45:00Z,4,Nablus,pm25,1h,15.7,15.319241201987797,12.398958333333333,12.351806867410797,oof,fold_2,lightgbm,0.38075879801220225,0.38075879801220225,False,False
2026-08-18T01:45:00Z,5,Nablus,pm25,1h,21.95,18.619659387312474,14.700149253731343,14.609514216431338,oof,fold_2,lightgbm,3.3303406126875252,3.3303406126875252,False,False
2026-08-18T02:00:00Z,1,Tulkarem,pm25,1h,15.59,16.96632835916914,12.15125,12.171845816834468,oof,fold_2,lightgbm,1.3763283591691398,-1.3763283591691398,False,False
2026-08-18T02:00:00Z,2,Nablus,pm25,1h,17.33,17.084057630487614,14.012916666666667,14.080522631570014,oof,fold_2,lightgbm,0.24594236951238457,0.24594236951238457,False,False
2026-08-18T02:00:00Z,4,Nablus,pm25,1h,15.85,15.160527297142446,12.4275,12.354952660580006,oof,fold_2,lightgbm,0.6894727028575538,0.6894727028575538,False,False
2026-08-18T02:00:00Z,5,Nablus,pm25,1h,22.82,19.051048489656722,14.819558823529412,14.705442998105877,oof,fold_2,lightgbm,3.7689515103432782,3.7689515103432782,False,False
2026-08-18T02:15:00Z,1,Tulkarem,pm25,1h,15.39,16.712687909927098,12.156041666666669,12.160610981629665,oof,fold_2,lightgbm,1.3226879099270974,-1.3226879099270974,False,False
2026-08-18T02:15:00Z,2,Nablus,pm25,1h,17.56,17.01630024969961,14.029791666666666,14.076725730713068,oof,fold_2,lightgbm,0.5436997503003873,0.5436997503003873,False,False
2026-08-18T02:15:00Z,4,Nablus,pm25,1h,15.98,15.519857448084476,12.455729166666666,12.368380237303883,oof,fold_2,lightgbm,0.4601425519155242,0.4601425519155242,False,False
2026-08-18T02:15:00Z,5,Nablus,pm25,1h,23.82,18.86782399300444,14.95,14.797303533662873,oof,fold_2,lightgbm,4.952176006995561,4.952176006995561,False,False
2026-08-18T02:30:00Z,1,Tulkarem,pm25,1h,15.7,16.6751315040676,12.161979166666669,12.183804422624432,oof,fold_2,lightgbm,0.9751315040676012,-0.9751315040676012,False,False
2026-08-18T02:30:00Z,2,Nablus,pm25,1h,17.29,16.938692174921982,14.048020833333332,14.058571833237982,oof,fold_2,lightgbm,0.35130782507801683,0.35130782507801683,False,False
2026-08-18T02:30:00Z,4,Nablus,pm25,1h,15.85,15.898376477039548,12.473020833333337,12.408482995832568,oof,fold_2,lightgbm,0.048376477039548504,-0.048376477039548504,False,False
2026-08-18T02:30:00Z,5,Nablus,pm25,1h,23.74,19.374841677385618,15.075571428571427,14.992301444828167,oof,fold_2,lightgbm,4.365158322614381,4.365158322614381,True,False
2026-08-18T02:45:00Z,1,Tulkarem,pm25,1h,16.19,16.904610414164804,12.1721875,12.177754810891416,oof,fold_2,lightgbm,0.7146104141648024,-0.7146104141648024,False,False
2026-08-18T02:45:00Z,2,Nablus,pm25,1h,16.55,17.156260064355347,13.972916666666665,14.073259462487536,oof,fold_2,lightgbm,0.6062600643553466,-0.6062600643553466,False,False
2026-08-18T02:45:00Z,4,Nablus,pm25,1h,16.0,16.0252991119719,12.470833333333331,12.41330803415534,oof,fold_2,lightgbm,0.0252991119719006,-0.0252991119719006,False,False
2026-08-18T02:45:00Z,5,Nablus,pm25,1h,23.33,20.069280050044185,15.191830985915493,15.28175574076199,oof,fold_2,lightgbm,3.2607199499558135,3.2607199499558135,True,True
2026-08-18T03:00:00Z,1,Tulkarem,pm25,1h,19.57,17.338924822625923,12.2165625,12.169526626983469,oof,fold_2,lightgbm,2.231075177374077,2.231075177374077,False,False
2026-08-18T03:00:00Z,2,Nablus,pm25,1h,17.3,17.15316517596639,13.9890625,14.076857724587914,oof,fold_2,lightgbm,0.14683482403361126,0.14683482403361126,False,False
2026-08-18T03:00:00Z,4,Nablus,pm25,1h,15.82,16.996263003564064,12.486875,12.419187431971324,oof,fold_2,lightgbm,1.1762630035640633,-1.1762630035640633,False,False
2026-08-18T03:00:00Z,5,Nablus,pm25,1h,22.54,19.935103282932065,15.29388888888889,15.615117427297637,oof,fold_2,lightgbm,2.604896717067934,2.604896717067934,True,True
2026-08-18T03:15:00Z,1,Tulkarem,pm25,1h,22.33,16.92766976116845,12.289895833333333,12.307266461526083,oof,fold_2,lightgbm,5.402330238831549,5.402330238831549,False,False
2026-08-18T03:15:00Z,2,Nablus,pm25,1h,17.54,17.093713938536816,14.025,14.078652177407335,oof,fold_2,lightgbm,0.4462860614631836,0.4462860614631836,False,False
2026-08-18T03:15:00Z,4,Nablus,pm25,1h,15.97,16.97983778805444,12.517291666666663,12.454741386228031,oof,fold_2,lightgbm,1.0098377880544387,-1.0098377880544387,False,False
2026-08-18T03:15:00Z,5,Nablus,pm25,1h,21.31,20.723919414231037,15.376301369863016,15.813639563191819,oof,fold_2,lightgbm,0.5860805857689613,0.5860805857689613,True,True
2026-08-18T03:30:00Z,1,Tulkarem,pm25,1h,24.44,17.5375024563608,12.394375000000002,12.310418325630701,oof,fold_2,lightgbm,6.9024975436392,6.9024975436392,False,False
2026-08-18T03:30:00Z,2,Nablus,pm25,1h,17.66,17.189702005902703,14.057708333333332,14.077226272127072,oof,fold_2,lightgbm,0.47029799409729733,0.47029799409729733,False,False
2026-08-18T03:30:00Z,4,Nablus,pm25,1h,16.16,16.962097287729918,12.555520833333333,12.451725856585005,oof,fold_2,lightgbm,0.802097287729918,-0.802097287729918,False,False
2026-08-18T03:30:00Z,5,Nablus,pm25,1h,21.63,21.169436184066285,15.460810810810807,15.96781838264128,oof,fold_2,lightgbm,0.460563815933714,0.460563815933714,True,True
2026-08-18T03:45:00Z,1,Tulkarem,pm25,1h,19.52,18.377723241889477,12.442916666666669,12.312235635007243,oof,fold_2,lightgbm,1.1422767581105226,1.1422767581105226,False,False
2026-08-18T03:45:00Z,2,Nablus,pm25,1h,18.25,16.831920786700348,14.103958333333331,13.849468305046333,oof,fold_2,lightgbm,1.4180792132996523,1.4180792132996523,False,False
2026-08-18T03:45:00Z,4,Nablus,pm25,1h,16.28,16.77955334281009,12.602395833333333,12.456412880839157,oof,fold_2,lightgbm,0.49955334281008845,-0.49955334281008845,False,False
2026-08-18T03:45:00Z,5,Nablus,pm25,1h,20.68,21.6368579486405,15.5304,16.085023013021218,oof,fold_2,lightgbm,0.9568579486405007,-0.9568579486405007,True,True
2026-08-18T04:00:00Z,1,Tulkarem,pm25,1h,15.66,19.831690650322823,12.460625,12.302944430329859,oof,fold_2,lightgbm,4.171690650322823,-4.171690650322823,False,False
2026-08-18T04:00:00Z,2,Nablus,pm25,1h,17.38,16.950473742825736,14.143125,13.99567093048634,oof,fold_2,lightgbm,0.4295262571742633,0.4295262571742633,False,False
2026-08-18T04:00:00Z,4,Nablus,pm25,1h,15.8,16.0997131333877,12.644166666666663,12.462249145629622,oof,fold_2,lightgbm,0.2997131333876979,-0.2997131333876979,False,False
2026-08-18T04:00:00Z,5,Nablus,pm25,1h,19.62,20.86630262792677,15.584210526315792,15.375901014517623,oof,fold_2,lightgbm,1.2463026279267702,-1.2463026279267702,True,True
2026-08-18T04:15:00Z,1,Tulkarem,pm25,1h,18.44,16.923950501619622,12.468645833333332,12.334863605589282,oof,fold_2,lightgbm,1.5160494983803794,1.5160494983803794,False,False
2026-08-18T04:15:00Z,2,Nablus,pm25,1h,17.07,17.28682051873598,14.189583333333331,14.00031159235952,oof,fold_2,lightgbm,0.21682051873597885,-0.21682051873597885,False,False
2026-08-18T04:15:00Z,4,Nablus,pm25,1h,16.53,16.75185132568065,12.695625,12.533640378028773,oof,fold_2,lightgbm,0.22185132568064958,-0.22185132568064958,False,False
2026-08-18T04:15:00Z,5,Nablus,pm25,1h,18.25,19.71120583324466,15.61883116883117,15.418173339726495,oof,fold_2,lightgbm,1.4612058332446587,-1.4612058332446587,True,True
2026-08-18T04:30:00Z,1,Tulkarem,pm25,1h,19.59,18.710469223511073,12.474583333333335,12.511364739422927,oof,fold_2,lightgbm,0.8795307764889273,0.8795307764889273,False,False
2026-08-18T04:30:00Z,2,Nablus,pm25,1h,17.49,17.256439905630327,14.235520833333332,14.005035794190487,oof,fold_2,lightgbm,0.23356009436967184,0.23356009436967184,False,False
2026-08-18T04:30:00Z,4,Nablus,pm25,1h,17.38,16.955188451909777,12.7390625,12.565050748733068,oof,fold_2,lightgbm,0.42481154809022215,0.42481154809022215,False,False
2026-08-18T04:30:00Z,5,Nablus,pm25,1h,17.35,19.87202766880814,15.64102564102564,15.566409461016097,oof,fold_2,lightgbm,2.522027668808139,-2.522027668808139,True,True
2026-08-18T04:45:00Z,1,Tulkarem,pm25,1h,17.72,19.351915722755038,12.525416666666665,12.457292026121442,oof,fold_2,lightgbm,1.6319157227550392,-1.6319157227550392,False,False
2026-08-18T04:45:00Z,2,Nablus,pm25,1h,16.62,17.86989098288905,14.278541666666667,14.135957524408258,oof,fold_2,lightgbm,1.249890982889049,-1.249890982889049,False,False
2026-08-18T04:45:00Z,4,Nablus,pm25,1h,17.02,16.92853835143363,12.786145833333334,12.627616879111715,oof,fold_2,lightgbm,0.09146164856636929,0.09146164856636929,False,False
2026-08-18T04:45:00Z,5,Nablus,pm25,1h,18.02,19.545252453859288,15.67113924050633,15.573141060190913,oof,fold_2,lightgbm,1.525252453859288,-1.525252453859288,True,True
2026-08-18T05:00:00Z,1,Tulkarem,pm25,1h,16.46,16.15480232469491,12.568125,12.454875483549898,oof,fold_2,lightgbm,0.30519767530509156,0.30519767530509156,False,False
2026-08-18T05:00:00Z,2,Nablus,pm25,1h,16.57,17.036566602028433,14.317395833333334,14.133529281501685,oof,fold_2,lightgbm,0.4665666020284327,-0.4665666020284327,False,False
2026-08-18T05:00:00Z,4,Nablus,pm25,1h,16.96,16.24190632351812,12.841666666666669,12.626013082224437,oof,fold_2,lightgbm,0.7180936764818817,0.7180936764818817,False,False
2026-08-18T05:00:00Z,5,Nablus,pm25,1h,17.7,18.850154728027345,15.6965,15.542702102259916,oof,fold_2,lightgbm,1.1501547280273456,-1.1501547280273456,True,True
2026-08-18T05:15:00Z,1,Tulkarem,pm25,1h,19.03,18.101368909573015,12.620208333333332,12.50225081506678,oof,fold_2,lightgbm,0.9286310904269861,0.9286310904269861,False,False
2026-08-18T05:15:00Z,2,Nablus,pm25,1h,16.74,16.765912590339944,14.351041666666667,14.139106196093108,oof,fold_2,lightgbm,0.02591259033994575,-0.02591259033994575,False,False
2026-08-18T05:15:00Z,4,Nablus,pm25,1h,16.08,17.118565686530356,12.868645833333334,12.646560795245128,oof,fold_2,lightgbm,1.038565686530358,-1.038565686530358,False,False
2026-08-18T05:15:00Z,5,Nablus,pm25,1h,19.29,17.87537033192565,15.740864197530865,15.58513662220416,oof,fold_2,lightgbm,1.4146296680743475,1.4146296680743475,True,True
2026-08-18T05:30:00Z,1,Tulkarem,pm25,1h,18.69,17.197252499802225,12.668229166666665,12.489816035671634,oof,fold_2,lightgbm,1.4927475001977761,1.4927475001977761,False,False
2026-08-18T05:30:00Z,2,Nablus,pm25,1h,16.13,16.915496239321662,14.376874999999998,14.254322242821354,oof,fold_2,lightgbm,0.7854962393216631,-0.7854962393216631,False,False
2026-08-18T05:30:00Z,4,Nablus,pm25,1h,15.75,17.085476706894447,12.913125,12.750848369283785,oof,fold_2,lightgbm,1.3354767068944469,-1.3354767068944469,False,False
2026-08-18T05:30:00Z,5,Nablus,pm25,1h,17.98,16.977551790760604,15.768170731707317,15.576280473445827,oof,fold_2,lightgbm,1.0024482092393967,1.0024482092393967,True,True
2026-08-18T05:45:00Z,1,Tulkarem,pm25,1h,16.52,15.12704154321204,12.718020833333332,12.556493576978472,oof,fold_2,lightgbm,1.3929584567879587,1.3929584567879587,False,False
2026-08-18T05:45:00Z,2,Nablus,pm25,1h,16.24,16.76824982182007,14.404895833333333,14.255680826509936,oof,fold_2,lightgbm,0.5282498218200722,-0.5282498218200722,False,False
2026-08-18T05:45:00Z,4,Nablus,pm25,1h,15.62,16.844664950674815,12.954583333333334,12.775265513173164,oof,fold_2,lightgbm,1.224664950674816,-1.224664950674816,False,False
2026-08-18T05:45:00Z,5,Nablus,pm25,1h,17.27,17.44320703715434,15.786265060240964,15.58302065596518,oof,fold_2,lightgbm,0.1732070371543415,-0.1732070371543415,True,True
2026-08-18T06:00:00Z,1,Tulkarem,pm25,1h,16.36,15.269208501967833,12.7884375,12.641717677378205,oof,fold_2,lightgbm,1.090791498032166,1.090791498032166,False,False
2026-08-18T06:00:00Z,2,Nablus,pm25,1h,15.97,16.875356824966545,14.440833333333332,14.303477163665358,oof,fold_2,lightgbm,0.9053568249665442,-0.9053568249665442,False,False
2026-08-18T06:00:00Z,4,Nablus,pm25,1h,14.32,16.676822312336473,12.986666666666666,12.95590307590226,oof,fold_2,lightgbm,2.3568223123364724,-2.3568223123364724,False,False
2026-08-18T06:00:00Z,5,Nablus,pm25,1h,16.92,16.757642362319373,15.799761904761905,15.60379553841887,oof,fold_2,lightgbm,0.16235763768062839,0.16235763768062839,True,True
2026-08-18T06:15:00Z,1,Tulkarem,pm25,1h,15.98,17.553159198936108,12.841458333333334,12.697578836960677,oof,fold_2,lightgbm,1.5731591989361071,-1.5731591989361071,False,False
2026-08-18T06:15:00Z,2,Nablus,pm25,1h,15.86,16.843632144018866,14.468333333333334,14.312119038772112,oof,fold_2,lightgbm,0.9836321440188662,-0.9836321440188662,False,False
2026-08-18T06:15:00Z,4,Nablus,pm25,1h,14.56,16.377477662475865,13.018854166666666,12.977403123660732,oof,fold_2,lightgbm,1.8174776624758646,-1.8174776624758646,False,False
2026-08-18T06:15:00Z,5,Nablus,pm25,1h,16.33,18.176289269577786,15.806,15.63179467434068,oof,fold_2,lightgbm,1.8462892695777882,-1.8462892695777882,True,True
2026-08-18T06:30:00Z,1,Tulkarem,pm25,1h,15.55,17.068453209901744,12.911979166666669,12.726931208375387,oof,fold_2,lightgbm,1.5184532099017432,-1.5184532099017432,False,False
2026-08-18T06:30:00Z,2,Nablus,pm25,1h,15.39,16.31855729930761,14.482916666666666,14.36335968375267,oof,fold_2,lightgbm,0.9285572993076094,-0.9285572993076094,False,False
2026-08-18T06:30:00Z,4,Nablus,pm25,1h,14.75,15.872687937414883,13.0453125,12.962415485165089,oof,fold_2,lightgbm,1.1226879374148826,-1.1226879374148826,False,False
2026-08-18T06:30:00Z,5,Nablus,pm25,1h,16.33,16.975459514661416,15.812093023255812,15.655844079512892,oof,fold_2,lightgbm,0.6454595146614182,-0.6454595146614182,True,True
2026-08-18T06:45:00Z,1,Tulkarem,pm25,1h,16.3,14.97180027692306,12.983333333333334,12.721453677814054,oof,fold_2,lightgbm,1.3281997230769402,1.3281997230769402,False,False
2026-08-18T06:45:00Z,2,Nablus,pm25,1h,15.71,16.51466199275554,14.500104166666668,14.44516362793829,oof,fold_2,lightgbm,0.8046619927555376,-0.8046619927555376,False,False
2026-08-18T06:45:00Z,4,Nablus,pm25,1h,14.35,15.76191540475906,13.064687499999998,13.01403663629722,oof,fold_2,lightgbm,1.4119154047590605,-1.4119154047590605,False,False
2026-08-18T06:45:00Z,5,Nablus,pm25,1h,15.81,16.237436474498598,15.812068965517245,15.619537622287641,oof,fold_2,lightgbm,0.427436474498597,-0.427436474498597,True,True
2026-08-18T07:00:00Z,1,Tulkarem,pm25,1h,16.5,15.335028215751164,13.06,12.868697671195502,oof,fold_2,lightgbm,1.164971784248836,1.164971784248836,False,False
2026-08-18T07:00:00Z,2,Nablus,pm25,1h,16.8,16.73905955991966,14.5184375,14.475907736018163,oof,fold_2,lightgbm,0.06094044008034061,0.06094044008034061,False,False
2026-08-18T07:00:00Z,4,Nablus,pm25,1h,13.82,13.88523802399277,13.074062500000002,13.01460381425036,oof,fold_2,lightgbm,0.06523802399276946,-0.06523802399276946,False,False
2026-08-18T07:00:00Z,5,Nablus,pm25,1h,14.63,16.277761830835487,15.798636363636364,15.671303671179603,oof,fold_2,lightgbm,1.6477618308354867,-1.6477618308354867,True,True
2026-08-18T07:15:00Z,1,Tulkarem,pm25,1h,15.1,15.216195825543375,13.117604166666666,12.999898757619764,oof,fold_2,lightgbm,0.11619582554337526,-0.11619582554337526,False,False
2026-08-18T07:15:00Z,2,Nablus,pm25,1h,15.81,16.663230419200957,14.531875,14.47136043818904,oof,fold_2,lightgbm,0.8532304192009565,-0.8532304192009565,False,False
2026-08-18T07:15:00Z,4,Nablus,pm25,1h,14.33,14.298642414046904,13.088958333333332,13.018624074714698,oof,fold_2,lightgbm,0.03135758595309568,0.03135758595309568,False,False
2026-08-18T07:15:00Z,5,Nablus,pm25,1h,14.88,16.16792283683956,15.788314606741574,15.622325052878587,oof,fold_2,lightgbm,1.2879228368395577,-1.2879228368395577,True,True
2026-08-18T07:30:00Z,1,Tulkarem,pm25,1h,16.74,15.358138978472262,13.199062499999998,12.974242197106081,oof,fold_2,lightgbm,1.3818610215277367,1.3818610215277367,False,False
2026-08-18T07:30:00Z,2,Nablus,pm25,1h,15.37,15.502490105775367,14.539583333333333,14.482045467276341,oof,fold_2,lightgbm,0.1324901057753678,-0.1324901057753678,False,False
2026-08-18T07:30:00Z,4,Nablus,pm25,1h,13.8,14.886370707048782,13.097604166666663,13.02029945500732,oof,fold_2,lightgbm,1.086370707048781,-1.086370707048781,False,False
2026-08-18T07:30:00Z,5,Nablus,pm25,1h,14.31,16.364645727605513,15.771888888888888,15.588691497858997,oof,fold_2,lightgbm,2.0546457276055126,-2.0546457276055126,True,True
2026-08-18T07:45:00Z,1,Tulkarem,pm25,1h,14.89,15.92502321777045,13.218854166666668,13.022612893625329,oof,fold_2,lightgbm,1.0350232177704495,-1.0350232177704495,False,False
2026-08-18T07:45:00Z,2,Nablus,pm25,1h,15.87,15.893452664266102,14.568541666666668,14.487014996897255,oof,fold_2,lightgbm,0.023452664266102374,-0.023452664266102374,False,False
2026-08-18T07:45:00Z,4,Nablus,pm25,1h,14.58,13.835809319896619,13.091458333333335,13.028117400766776,oof,fold_2,lightgbm,0.7441906801033813,0.7441906801033813,False,False
2026-08-18T07:45:00Z,5,Nablus,pm25,1h,13.84,15.339471572302848,15.75065934065934,15.587071876526101,oof,fold_2,lightgbm,1.4994715723028484,-1.4994715723028484,True,True
2026-08-18T08:00:00Z,1,Tulkarem,pm25,1h,15.88,16.220430746679522,13.286458333333334,13.029407673858968,oof,fold_2,lightgbm,0.34043074667952133,-0.34043074667952133,False,False
2026-08-18T08:00:00Z,2,Nablus,pm25,1h,15.98,16.688586619479178,14.603541666666665,14.534190091552755,oof,fold_2,lightgbm,0.7085866194791777,-0.7085866194791777,False,False
2026-08-18T08:00:00Z,4,Nablus,pm25,1h,14.02,13.844104449732168,13.116041666666668,13.02094709998433,oof,fold_2,lightgbm,0.17589555026783188,0.17589555026783188,False,False
2026-08-18T08:00:00Z,5,Nablus,pm25,1h,14.59,14.088773483191833,15.73804347826087,15.54527808017632,oof,fold_2,lightgbm,0.5012265168081669,0.5012265168081669,True,True
2026-08-18T08:15:00Z,1,Tulkarem,pm25,1h,15.18,14.214265352185082,13.336666666666666,13.000079244583626,oof,fold_2,lightgbm,0.9657346478149176,0.9657346478149176,False,False
2026-08-18T08:15:00Z,2,Nablus,pm25,1h,15.39,15.584700762451998,14.636145833333332,14.490347861302885,oof,fold_2,lightgbm,0.19470076245199763,-0.19470076245199763,False,False
2026-08-18T08:15:00Z,4,Nablus,pm25,1h,13.57,13.869460496138572,13.143541666666666,13.033185359911526,oof,fold_2,lightgbm,0.29946049613857184,-0.29946049613857184,False,False
2026-08-18T08:15:00Z,5,Nablus,pm25,1h,14.28,14.004473382683031,15.72236559139785,15.492770091283331,oof,fold_2,lightgbm,0.27552661731696837,0.27552661731696837,True,True
2026-08-18T08:30:00Z,1,Tulkarem,pm25,1h,15.29,15.531383096783985,13.3940625,13.137126224934518,oof,fold_2,lightgbm,0.24138309678398606,-0.24138309678398606,False,False
2026-08-18T08:30:00Z,2,Nablus,pm25,1h,16.02,15.231104226805524,14.682291666666666,14.587042263415158,oof,fold_2,lightgbm,0.7888957731944757,0.7888957731944757,False,False
2026-08-18T08:30:00Z,4,Nablus,pm25,1h,14.47,13.655525749364987,13.185833333333337,13.026707395554839,oof,fold_2,lightgbm,0.8144742506350138,0.8144742506350138,False,False
2026-08-18T08:30:00Z,5,Nablus,pm25,1h,14.06,13.150106913550966,15.70468085106383,15.478956771597952,oof,fold_2,lightgbm,0.9098930864490349,0.9098930864490349,True,True
2026-08-18T08:45:00Z,1,Tulkarem,pm25,1h,15.69,14.010627590570856,13.472604166666663,13.089396930576761,oof,fold_2,lightgbm,1.6793724094291438,1.6793724094291438,False,False
2026-08-18T08:45:00Z,2,Nablus,pm25,1h,15.27,16.3533950851097,14.72,14.590504525567125,oof,fold_2,lightgbm,1.0833950851097,-1.0833950851097,False,False
2026-08-18T08:45:00Z,4,Nablus,pm25,1h,13.35,14.072504592904018,13.218229166666667,13.050079352547527,oof,fold_2,lightgbm,0.7225045929040181,-0.7225045929040181,False,False
2026-08-18T08:45:00Z,5,Nablus,pm25,1h,13.7,12.849244599222336,15.68357894736842,15.439275962375236,oof,fold_2,lightgbm,0.850755400777663,0.850755400777663,True,True
2026-08-18T09:00:00Z,1,Tulkarem,pm25,1h,14.58,15.069092200366851,13.545,13.31323718298609,oof,fold_2,lightgbm,0.4890922003668514,-0.4890922003668514,False,False
2026-08-18T09:00:00Z,2,Nablus,pm25,1h,15.17,16.52308110760963,14.7578125,14.533255232525379,oof,fold_2,lightgbm,1.353081107609631,-1.353081107609631,False,False
2026-08-18T09:00:00Z,4,Nablus,pm25,1h,13.6,13.595577581568271,13.247604166666669,13.046463606280636,oof,fold_2,lightgbm,0.004422418431728303,0.004422418431728303,False,False
2026-08-18T09:00:00Z,5,Nablus,pm25,1h,13.37,13.628040831215937,15.659479166666666,15.428211430880953,oof,fold_2,lightgbm,0.2580408312159381,-0.2580408312159381,True,True
2026-08-18T09:15:00Z,1,Tulkarem,pm25,1h,15.1,13.657209862261604,13.610833333333334,13.309567259548057,oof,fold_2,lightgbm,1.4427901377383954,1.4427901377383954,False,False
2026-08-18T09:15:00Z,2,Nablus,pm25,1h,16.05,15.184711140027547,14.8078125,14.539044692415649,oof,fold_2,lightgbm,0.8652888599724537,0.8652888599724537,False,False
2026-08-18T09:15:00Z,4,Nablus,pm25,1h,13.5,12.96739592589111,13.278854166666669,13.030914445648227,oof,fold_2,lightgbm,0.5326040741088907,0.5326040741088907,False,False
2026-08-18T09:15:00Z,5,Nablus,pm25,1h,13.88,13.414964160562537,15.646041666666669,15.45230266758957,oof,fold_2,lightgbm,0.46503583943746385,0.46503583943746385,True,True
2026-08-18T09:30:00Z,1,Tulkarem,pm25,1h,14.63,13.6853794476979,13.688541666666666,13.307057459827817,oof,fold_2,lightgbm,0.9446205523021014,0.9446205523021014,False,False
2026-08-18T09:30:00Z,2,Nablus,pm25,1h,15.14,16.698327312796973,14.840624999999998,14.708351551410379,oof,fold_2,lightgbm,1.5583273127969726,-1.5583273127969726,False,False
2026-08-18T09:30:00Z,4,Nablus,pm25,1h,13.21,14.163462263511079,13.3078125,13.12261753367079,oof,fold_2,lightgbm,0.9534622635110779,-0.9534622635110779,False,False
2026-08-18T09:30:00Z,5,Nablus,pm25,1h,14.17,13.454342139937358,15.653958333333334,15.481241517225627,oof,fold_2,lightgbm,0.7156578600626418,0.7156578600626418,True,True
2026-08-18T09:45:00Z,1,Tulkarem,pm25,1h,14.24,13.796934124604174,13.765208333333334,13.461937714804078,oof,fold_2,lightgbm,0.44306587539582587,0.44306587539582587,False,False
2026-08-18T09:45:00Z,2,Nablus,pm25,1h,15.94,15.230079561140583,14.885729166666666,14.714331493481755,oof,fold_2,lightgbm,0.7099204388594167,0.7099204388594167,False,False
2026-08-18T09:45:00Z,4,Nablus,pm25,1h,13.05,13.038529439580634,13.332604166666668,13.124760763277628,oof,fold_2,lightgbm,0.011470560419367004,0.011470560419367004,False,False
2026-08-18T09:45:00Z,5,Nablus,pm25,1h,14.27,13.218605067334844,15.686354166666666,15.481188567658517,oof,fold_2,lightgbm,1.051394932665156,1.051394932665156,True,True
2026-08-18T10:00:00Z,1,Tulkarem,pm25,1h,13.57,12.896091582706383,13.8440625,13.50266762691987,oof,fold_2,lightgbm,0.6739084172936174,0.6739084172936174,False,False
2026-08-18T10:00:00Z,2,Nablus,pm25,1h,17.02,14.738177278899565,14.938541666666666,14.830296926497521,oof,fold_2,lightgbm,2.2818227211004345,2.2818227211004345,False,False
2026-08-18T10:00:00Z,4,Nablus,pm25,1h,13.08,12.760078596758316,13.3621875,13.125524133269888,oof,fold_2,lightgbm,0.3199214032416844,0.3199214032416844,False,False
2026-08-18T10:00:00Z,5,Nablus,pm25,1h,13.76,13.059491793456186,15.716770833333332,15.384344435145962,oof,fold_2,lightgbm,0.7005082065438142,0.7005082065438142,True,True
2026-08-18T10:15:00Z,1,Tulkarem,pm25,1h,13.61,13.199762733233863,13.924895833333332,13.537152047242198,oof,fold_2,lightgbm,0.4102372667661367,0.4102372667661367,False,False
2026-08-18T10:15:00Z,2,Nablus,pm25,1h,16.76,16.252076729750215,14.997395833333334,14.884684083043984,oof,fold_2,lightgbm,0.5079232702497869,0.5079232702497869,False,False
2026-08-18T10:15:00Z,4,Nablus,pm25,1h,13.47,12.885641414193868,13.39875,13.345019931168961,oof,fold_2,lightgbm,0.5843585858061324,0.5843585858061324,False,False
2026-08-18T10:15:00Z,5,Nablus,pm25,1h,17.07,13.620730747166172,15.785000000000002,15.329627824830311,oof,fold_2,lightgbm,3.449269252833828,3.449269252833828,True,True
2026-08-18T10:30:00Z,1,Tulkarem,pm25,1h,13.66,12.627394671122886,14.004479166666668,13.722246076941653,oof,fold_2,lightgbm,1.0326053288771142,1.0326053288771142,False,False
2026-08-18T10:30:00Z,2,Nablus,pm25,1h,16.43,14.670829889138254,15.058958333333337,14.886374902126239,oof,fold_2,lightgbm,1.7591701108617457,1.7591701108617457,True,False
2026-08-18T10:30:00Z,4,Nablus,pm25,1h,13.0,12.666504552115901,13.438541666666667,13.336693231935897,oof,fold_2,lightgbm,0.3334954478840988,0.3334954478840988,False,False
2026-08-18T10:30:00Z,5,Nablus,pm25,1h,17.72,13.607824064993274,15.8621875,15.322980228817274,oof,fold_2,lightgbm,4.112175935006725,4.112175935006725,True,True
2026-08-18T10:45:00Z,1,Tulkarem,pm25,1h,13.55,12.456253373955983,14.081875000000002,13.796397815971604,oof,fold_2,lightgbm,1.0937466260440178,1.0937466260440178,False,False
2026-08-18T10:45:00Z,2,Nablus,pm25,1h,15.94,16.18029862830518,15.115,14.919458839331114,oof,fold_2,lightgbm,0.24029862830518134,-0.24029862830518134,True,False
2026-08-18T10:45:00Z,4,Nablus,pm25,1h,12.64,12.257057094240617,13.479895833333332,13.349229257102674,oof,fold_2,lightgbm,0.38294290575938383,0.38294290575938383,False,False
2026-08-18T10:45:00Z,5,Nablus,pm25,1h,14.56,13.47344613557292,15.912708333333336,15.292152700463998,oof,fold_2,lightgbm,1.0865538644270814,1.0865538644270814,True,True
2026-08-18T11:00:00Z,1,Tulkarem,pm25,1h,13.08,11.830948209688371,14.159895833333332,13.814513209589663,oof,fold_2,lightgbm,1.2490517903116292,1.2490517903116292,False,False
2026-08-18T11:00:00Z,2,Nablus,pm25,1h,15.82,16.653179675328953,15.177708333333332,15.045261375129007,oof,fold_2,lightgbm,0.8331796753289531,-0.8331796753289531,True,True
2026-08-18T11:00:00Z,4,Nablus,pm25,1h,12.69,12.0562134873873,13.52625,13.351884524223331,oof,fold_2,lightgbm,0.6337865126126996,0.6337865126126996,False,False
2026-08-18T11:00:00Z,5,Nablus,pm25,1h,13.85,12.860870388079547,15.958125,15.282415255784358,oof,fold_2,lightgbm,0.9891296119204522,0.9891296119204522,True,True
2026-08-18T11:15:00Z,1,Tulkarem,pm25,1h,13.36,12.091600434019771,14.242708333333336,13.80897672583248,oof,fold_2,lightgbm,1.2683995659802285,1.2683995659802285,False,False
2026-08-18T11:15:00Z,2,Nablus,pm25,1h,15.88,16.55246475616891,15.242708333333336,15.019337258540018,oof,fold_2,lightgbm,0.6724647561689086,-0.6724647561689086,True,True
2026-08-18T11:15:00Z,4,Nablus,pm25,1h,12.54,12.339106876251698,13.576458333333331,13.356312306556742,oof,fold_2,lightgbm,0.20089312374830115,0.20089312374830115,False,False
2026-08-18T11:15:00Z,5,Nablus,pm25,1h,13.51,13.876141049940578,15.996874999999998,15.475075069044237,oof,fold_2,lightgbm,0.3661410499405786,-0.3661410499405786,True,True
2026-08-18T11:30:00Z,1,Tulkarem,pm25,1h,13.06,12.29481411882196,14.322083333333332,14.014843278150721,oof,fold_2,lightgbm,0.7651858811780397,0.7651858811780397,False,False
2026-08-18T11:30:00Z,2,Nablus,pm25,1h,14.99,16.446890446902046,15.302604166666669,15.127969365545834,oof,fold_2,lightgbm,1.4568904469020456,-1.4568904469020456,True,True
2026-08-18T11:30:00Z,4,Nablus,pm25,1h,12.04,11.89404586808149,13.620520833333336,13.495457018131534,oof,fold_2,lightgbm,0.1459541319185096,0.1459541319185096,False,False
2026-08-18T11:30:00Z,5,Nablus,pm25,1h,13.61,15.054292068300635,16.043125,15.58427871402042,oof,fold_2,lightgbm,1.4442920683006353,-1.4442920683006353,True,True
2026-08-18T11:45:00Z,1,Tulkarem,pm25,1h,12.64,11.802328098654266,14.3975,14.059167685549053,oof,fold_2,lightgbm,0.8376719013457343,0.8376719013457343,False,False
2026-08-18T11:45:00Z,2,Nablus,pm25,1h,15.58,16.38766708392673,15.366666666666667,15.095334401800708,oof,fold_2,lightgbm,0.807667083926729,-0.807667083926729,True,True
2026-08-18T11:45:00Z,4,Nablus,pm25,1h,12.56,11.92887132079172,13.671354166666667,13.493846424630924,oof,fold_2,lightgbm,0.6311286792082811,0.6311286792082811,False,False
2026-08-18T11:45:00Z,5,Nablus,pm25,1h,13.76,13.392173712996765,16.0975,15.424304508000112,oof,fold_2,lightgbm,0.3678262870032345,0.3678262870032345,True,True
2026-08-18T12:00:00Z,1,Tulkarem,pm25,1h,13.0,11.758133184381785,14.4759375,14.15354188344068,oof,fold_2,lightgbm,1.2418668156182147,1.2418668156182147,False,False
2026-08-18T12:00:00Z,2,Nablus,pm25,1h,15.43,15.684146763321882,15.435,15.158460866635536,oof,fold_2,lightgbm,0.2541467633218826,-0.2541467633218826,True,True
2026-08-18T12:00:00Z,4,Nablus,pm25,1h,11.93,12.092146172348068,13.718229166666664,13.572143141101575,oof,fold_2,lightgbm,0.16214617234806816,-0.16214617234806816,False,False
2026-08-18T12:00:00Z,5,Nablus,pm25,1h,13.4,13.529512649075048,16.146666666666665,15.39701864661984,oof,fold_2,lightgbm,0.129512649075048,-0.129512649075048,True,True
2026-08-18T12:15:00Z,1,Tulkarem,pm25,1h,13.54,12.055707972837457,14.560729166666668,14.247224905605448,oof,fold_2,lightgbm,1.4842920271625424,1.4842920271625424,False,False
2026-08-18T12:15:00Z,2,Nablus,pm25,1h,15.64,16.787695713552733,15.507291666666667,15.177728850394017,oof,fold_2,lightgbm,1.1476957135527321,-1.1476957135527321,True,True
2026-08-18T12:15:00Z,4,Nablus,pm25,1h,11.52,11.96725852106643,13.75875,13.60159746664752,oof,fold_2,lightgbm,0.4472585210664306,-0.4472585210664306,False,False
2026-08-18T12:15:00Z,5,Nablus,pm25,1h,13.59,13.02953306664616,16.197708333333335,15.406090701987504,oof,fold_2,lightgbm,0.5604669333538403,0.5604669333538403,True,True
2026-08-18T12:30:00Z,1,Tulkarem,pm25,1h,14.13,11.723011673490126,14.647604166666667,14.28831163422682,oof,fold_2,lightgbm,2.4069883265098753,2.4069883265098753,False,False
2026-08-18T12:30:00Z,2,Nablus,pm25,1h,14.57,14.83654415466971,15.565,15.210039407228496,oof,fold_2,lightgbm,0.2665441546697096,-0.2665441546697096,True,True
2026-08-18T12:30:00Z,4,Nablus,pm25,1h,11.31,11.382930965603295,13.801770833333334,13.717448543613859,oof,fold_2,lightgbm,0.0729309656032946,-0.0729309656032946,False,False
2026-08-18T12:30:00Z,5,Nablus,pm25,1h,13.65,13.25886445227438,16.249479166666664,15.43981658210203,oof,fold_2,lightgbm,0.39113554772561976,0.39113554772561976,True,True
2026-08-18T12:45:00Z,1,Tulkarem,pm25,1h,14.3,11.267394092527192,14.725520833333333,14.35503897528248,oof,fold_2,lightgbm,3.0326059074728082,3.0326059074728082,False,False
2026-08-18T12:45:00Z,2,Nablus,pm25,1h,14.53,15.391452808349296,15.61625,15.203620267584162,oof,fold_2,lightgbm,0.8614528083492967,-0.8614528083492967,True,True
2026-08-18T12:45:00Z,4,Nablus,pm25,1h,10.88,11.860755231434583,13.839479166666663,13.784988817879254,oof,fold_2,lightgbm,0.980755231434582,-0.980755231434582,False,False
2026-08-18T12:45:00Z,5,Nablus,pm25,1h,13.78,13.82649507715757,16.300208333333334,15.539437842759837,oof,fold_2,lightgbm,0.046495077157571174,-0.046495077157571174,True,True
2026-08-18T13:00:00Z,1,Tulkarem,pm25,1h,14.93,11.473295489182378,14.79125,14.333321157160148,oof,fold_2,lightgbm,3.4567045108176213,3.4567045108176213,False,False
2026-08-18T13:00:00Z,2,Nablus,pm25,1h,14.31,15.277222325221224,15.676875,15.32119851695097,oof,fold_2,lightgbm,0.9672223252212238,-0.9672223252212238,True,True
2026-08-18T13:00:00Z,4,Nablus,pm25,1h,10.91,11.489026603036859,13.8825,13.777761404989986,oof,fold_2,lightgbm,0.5790266030368585,-0.5790266030368585,False,False
2026-08-18T13:00:00Z,5,Nablus,pm25,1h,13.6,13.364469125602561,16.3471875,15.545619479460187,oof,fold_2,lightgbm,0.2355308743974387,0.2355308743974387,True,True
2026-08-18T13:15:00Z,1,Tulkarem,pm25,1h,15.52,12.597992841673738,14.845416666666669,14.42433336834603,oof,fold_2,lightgbm,2.9220071583262612,2.9220071583262612,False,False
2026-08-18T13:15:00Z,2,Nablus,pm25,1h,14.55,15.559777922261587,15.7415625,15.340771829936921,oof,fold_2,lightgbm,1.009777922261586,-1.009777922261586,True,True
2026-08-18T13:15:00Z,4,Nablus,pm25,1h,14.71,11.253675290060182,13.965000000000002,13.837461512838598,oof,fold_2,lightgbm,3.4563247099398193,3.4563247099398193,False,False
2026-08-18T13:15:00Z,5,Nablus,pm25,1h,13.52,13.470074040113047,16.395,15.613051310847196,oof,fold_2,lightgbm,0.04992595988695214,0.04992595988695214,True,True
2026-08-18T13:30:00Z,1,Tulkarem,pm25,1h,15.36,13.319302457128533,14.893645833333336,14.556737956503516,oof,fold_2,lightgbm,2.0406975428714667,2.0406975428714667,False,False
2026-08-18T13:30:00Z,2,Nablus,pm25,1h,15.2,14.35724827202186,15.809479166666668,15.433994225527943,oof,fold_2,lightgbm,0.8427517279781398,0.8427517279781398,True,True
2026-08-18T13:30:00Z,4,Nablus,pm25,1h,13.28,11.306947262299934,14.032708333333334,13.804994197330036,oof,fold_2,lightgbm,1.9730527377000655,1.9730527377000655,False,False
2026-08-18T13:30:00Z,5,Nablus,pm25,1h,14.17,13.428553202527237,16.443645833333335,15.670463682842268,oof,fold_2,lightgbm,0.7414467974727632,0.7414467974727632,True,True
2026-08-18T13:45:00Z,1,Tulkarem,pm25,1h,15.33,13.769217518611232,14.940104166666666,14.5958558591115,oof,fold_2,lightgbm,1.5607824813887685,1.5607824813887685,False,False
2026-08-18T13:45:00Z,2,Nablus,pm25,1h,15.51,14.23821404473126,15.874479166666667,15.641227400253575,oof,fold_2,lightgbm,1.27178595526874,1.27178595526874,True,True
2026-08-18T13:45:00Z,4,Nablus,pm25,1h,16.36,10.620387130538532,14.128229166666666,13.772944535065651,oof,fold_2,lightgbm,5.739612869461467,5.739612869461467,False,False
2026-08-18T13:45:00Z,5,Nablus,pm25,1h,15.32,13.879950232399743,16.497916666666665,15.693673135478528,oof,fold_2,lightgbm,1.4400497676002573,1.4400497676002573,True,True
2026-08-18T14:00:00Z,1,Tulkarem,pm25,1h,15.55,14.931410740792039,14.990208333333332,14.71786777385743,oof,fold_2,lightgbm,0.6185892592079618,0.6185892592079618,False,False
2026-08-18T14:00:00Z,2,Nablus,pm25,1h,17.42,14.04567756912368,15.95604166666667,15.68566307850557,oof,fold_2,lightgbm,3.3743224308763224,3.3743224308763224,True,True
2026-08-18T14:00:00Z,4,Nablus,pm25,1h,13.45,10.86939411493773,14.183125,13.799013510675227,oof,fold_2,lightgbm,2.580605885062269,2.580605885062269,False,False
2026-08-18T14:00:00Z,5,Nablus,pm25,1h,16.51,13.815646656600958,16.560729166666665,15.691111867253591,oof,fold_2,lightgbm,2.694353343399044,2.694353343399044,True,True
2026-08-18T14:15:00Z,1,Tulkarem,pm25,1h,15.56,14.740723415282778,15.043124999999998,14.76084638730826,oof,fold_2,lightgbm,0.8192765847172225,0.8192765847172225,True,False
2026-08-18T14:15:00Z,2,Nablus,pm25,1h,16.28,14.580290943530734,16.02416666666667,15.690487930759748,oof,fold_2,lightgbm,1.699709056469267,1.699709056469267,True,True
2026-08-18T14:15:00Z,4,Nablus,pm25,1h,13.37,13.51801209833732,14.236979166666666,13.868160593102253,oof,fold_2,lightgbm,0.1480120983373201,-0.1480120983373201,False,False
2026-08-18T14:15:00Z,5,Nablus,pm25,1h,17.38,13.7786242399375,16.629270833333333,15.703178416270523,oof,fold_2,lightgbm,3.601375760062499,3.601375760062499,True,True
2026-08-18T14:30:00Z,1,Tulkarem,pm25,1h,15.69,14.507892751772355,15.104583333333332,14.752275387564836,oof,fold_2,lightgbm,1.182107248227645,1.182107248227645,True,False
2026-08-18T14:30:00Z,2,Nablus,pm25,1h,16.57,15.112161890368968,16.076770833333335,15.795902933149481,oof,fold_2,lightgbm,1.457838109631032,1.457838109631032,True,True
2026-08-18T14:30:00Z,4,Nablus,pm25,1h,14.34,12.958250073062013,14.294270833333334,13.978293112730578,oof,fold_2,lightgbm,1.381749926937987,1.381749926937987,False,False
2026-08-18T14:30:00Z,5,Nablus,pm25,1h,17.75,14.00856981083041,16.696770833333332,15.678463674594497,oof,fold_2,lightgbm,3.7414301891695896,3.7414301891695896,True,True
2026-08-18T14:45:00Z,1,Tulkarem,pm25,1h,15.58,14.225030002749225,15.155520833333332,14.869999987482531,oof,fold_2,lightgbm,1.354969997250775,1.354969997250775,True,False
2026-08-18T14:45:00Z,2,Nablus,pm25,1h,17.1,15.323641337133164,16.140416666666667,15.82915895277931,oof,fold_2,lightgbm,1.776358662866837,1.776358662866837,True,True
2026-08-18T14:45:00Z,4,Nablus,pm25,1h,14.49,14.459761790109784,14.345833333333331,14.136230949892147,oof,fold_2,lightgbm,0.030238209890216083,0.030238209890216083,False,False
2026-08-18T14:45:00Z,5,Nablus,pm25,1h,18.29,15.584487441743821,16.7553125,15.791854337225702,oof,fold_2,lightgbm,2.705512558256178,2.705512558256178,True,True
2026-08-18T15:00:00Z,1,Tulkarem,pm25,1h,16.27,16.928707719730333,15.207083333333337,14.938848382994403,oof,fold_2,lightgbm,0.6587077197303337,-0.6587077197303337,True,False
2026-08-18T15:00:00Z,2,Nablus,pm25,1h,19.34,19.32827710486631,16.215416666666666,15.966057212130057,oof,fold_2,lightgbm,0.011722895133690514,0.011722895133690514,True,True
2026-08-18T15:00:00Z,4,Nablus,pm25,1h,15.38,14.504853742265958,14.403541666666667,14.11804827596704,oof,fold_2,lightgbm,0.875146257734043,0.875146257734043,False,False
2026-08-18T15:00:00Z,5,Nablus,pm25,1h,19.11,19.343542279784796,16.818541666666665,16.034787614935414,oof,fold_2,lightgbm,0.23354227978479614,-0.23354227978479614,True,True
2026-08-18T15:15:00Z,1,Tulkarem,pm25,1h,17.46,17.23961117090277,15.267083333333332,15.046670161268802,oof,fold_2,lightgbm,0.22038882909723156,0.22038882909723156,True,True
2026-08-18T15:15:00Z,2,Nablus,pm25,1h,20.99,18.931905672153658,16.303020833333335,15.924254754390988,oof,fold_2,lightgbm,2.058094327846341,2.058094327846341,True,True
2026-08-18T15:15:00Z,4,Nablus,pm25,1h,17.36,14.871907568037427,14.473333333333334,14.167984291644812,oof,fold_2,lightgbm,2.4880924319625723,2.4880924319625723,False,False
2026-08-18T15:15:00Z,5,Nablus,pm25,1h,20.18,20.473322560620968,16.885520833333334,16.155624350844956,oof,fold_2,lightgbm,0.2933225606209682,-0.2933225606209682,True,True
2026-08-18T15:30:00Z,1,Tulkarem,pm25,1h,18.33,17.19491975255534,15.330104166666668,15.095617237856604,oof,fold_2,lightgbm,1.1350802474446589,1.1350802474446589,True,True
2026-08-18T15:30:00Z,2,Nablus,pm25,1h,21.49,19.482049886291037,16.3859375,15.916990929177949,oof,fold_2,lightgbm,2.0079501137089615,2.0079501137089615,True,True
2026-08-18T15:30:00Z,4,Nablus,pm25,1h,18.64,16.02427017633248,14.543854166666668,14.267246334218862,oof,fold_2,lightgbm,2.6157298236675217,2.6157298236675217,False,False
2026-08-18T15:30:00Z,5,Nablus,pm25,1h,20.84,20.45721347581364,16.9528125,16.29201144893472,oof,fold_2,lightgbm,0.3827865241863613,0.3827865241863613,True,True
2026-08-18T15:45:00Z,1,Tulkarem,pm25,1h,19.09,18.359937935743964,15.400729166666666,15.182183433888044,oof,fold_2,lightgbm,0.7300620642560354,0.7300620642560354,True,True
2026-08-18T15:45:00Z,2,Nablus,pm25,1h,21.73,19.46142530225099,16.468333333333334,16.077293544546162,oof,fold_2,lightgbm,2.2685746977490098,2.2685746977490098,True,True
2026-08-18T15:45:00Z,4,Nablus,pm25,1h,19.43,16.642710679472046,14.619270833333331,14.241097276889917,oof,fold_2,lightgbm,2.787289320527954,2.787289320527954,False,False
2026-08-18T15:45:00Z,5,Nablus,pm25,1h,21.72,21.58547105240379,17.034583333333334,16.391891743723832,oof,fold_2,lightgbm,0.13452894759620904,0.13452894759620904,True,True
2026-08-18T16:00:00Z,1,Tulkarem,pm25,1h,18.81,19.76028364477984,15.464583333333332,15.240638927575631,oof,fold_2,lightgbm,0.9502836447798408,-0.9502836447798408,True,True
2026-08-18T16:00:00Z,2,Nablus,pm25,1h,22.97,21.874869124279204,16.55333333333333,16.23835928000596,oof,fold_2,lightgbm,1.0951308757207947,1.0951308757207947,True,True
2026-08-18T16:00:00Z,4,Nablus,pm25,1h,20.32,17.598406630907164,14.693645833333337,14.328554406161253,oof,fold_2,lightgbm,2.7215933690928367,2.7215933690928367,False,False
2026-08-18T16:00:00Z,5,Nablus,pm25,1h,22.21,22.14219631813096,17.114791666666665,16.387489970103736,oof,fold_2,lightgbm,0.06780368186904084,0.06780368186904084,True,True
2026-08-18T16:15:00Z,1,Tulkarem,pm25,1h,18.49,17.624579415683044,15.523541666666668,15.440803933545979,oof,fold_2,lightgbm,0.8654205843169542,0.8654205843169542,True,True
2026-08-18T16:15:00Z,2,Nablus,pm25,1h,23.0,22.965134886263364,16.6346875,16.336342327729824,oof,fold_2,lightgbm,0.03486511373663603,0.03486511373663603,True,True
2026-08-18T16:15:00Z,4,Nablus,pm25,1h,21.28,18.12348779255001,14.776458333333336,14.455064140558223,oof,fold_2,lightgbm,3.1565122074499925,3.1565122074499925,False,False
2026-08-18T16:15:00Z,5,Nablus,pm25,1h,23.35,22.465992931138405,17.207604166666666,16.525569472064884,oof,fold_2,lightgbm,0.884007068861596,0.884007068861596,True,True
2026-08-18T16:30:00Z,1,Tulkarem,pm25,1h,18.76,18.681509438565307,15.582708333333334,15.449664099921572,oof,fold_2,lightgbm,0.07849056143469468,0.07849056143469468,True,True
2026-08-18T16:30:00Z,2,Nablus,pm25,1h,22.96,22.282966605042215,16.711770833333333,16.628626763819238,oof,fold_2,lightgbm,0.6770333949577854,0.6770333949577854,True,True
2026-08-18T16:30:00Z,4,Nablus,pm25,1h,21.31,22.040250745735673,14.853541666666668,14.732487331806261,oof,fold_2,lightgbm,0.730250745735674,-0.730250745735674,False,False
2026-08-18T16:30:00Z,5,Nablus,pm25,1h,23.78,20.948323352137542,17.303124999999998,16.551871817032723,oof,fold_2,lightgbm,2.8316766478624587,2.8316766478624587,True,True
2026-08-18T16:45:00Z,1,Tulkarem,pm25,1h,19.04,18.09034583062589,15.646145833333334,15.589352430858485,oof,fold_2,lightgbm,0.9496541693741101,0.9496541693741101,True,True
2026-08-18T16:45:00Z,2,Nablus,pm25,1h,23.91,23.26788400972661,16.79854166666667,16.633299006200943,oof,fold_2,lightgbm,0.6421159902733891,0.6421159902733891,True,True
2026-08-18T16:45:00Z,4,Nablus,pm25,1h,21.19,22.65619353055992,14.926666666666668,14.862452101230966,oof,fold_2,lightgbm,1.46619353055992,-1.46619353055992,False,False
2026-08-18T16:45:00Z,5,Nablus,pm25,1h,23.98,22.75131246597378,17.397187499999998,16.708532252331942,oof,fold_2,lightgbm,1.2286875340262213,1.2286875340262213,True,True
2026-08-18T17:00:00Z,1,Tulkarem,pm25,1h,19.87,17.711962191147887,15.717916666666667,15.488170012002495,oof,fold_2,lightgbm,2.1580378088521144,2.1580378088521144,True,True
2026-08-18T17:00:00Z,2,Nablus,pm25,1h,23.8,20.794001539818268,16.886770833333333,16.831091894313943,oof,fold_2,lightgbm,3.0059984601817327,3.0059984601817327,True,True
2026-08-18T17:00:00Z,4,Nablus,pm25,1h,21.53,22.273693957339173,15.005,14.94711701863066,oof,fold_2,lightgbm,0.7436939573391719,-0.7436939573391719,True,False
2026-08-18T17:00:00Z,5,Nablus,pm25,1h,24.18,20.852620230099546,17.4896875,16.84610225537158,oof,fold_2,lightgbm,3.3273797699004533,3.3273797699004533,True,True
2026-08-18T17:15:00Z,1,Tulkarem,pm25,1h,18.86,17.881890944935137,15.777604166666665,15.437426672930904,oof,fold_2,lightgbm,0.9781090550648628,0.9781090550648628,True,True
2026-08-18T17:15:00Z,2,Nablus,pm25,1h,24.62,20.99197012915948,16.985312500000003,16.80860139155076,oof,fold_2,lightgbm,3.628029870840521,3.628029870840521,True,True
2026-08-18T17:15:00Z,4,Nablus,pm25,1h,22.3,21.93044106793663,15.0884375,14.969877250861282,oof,fold_2,lightgbm,0.3695589320633701,0.3695589320633701,True,False
2026-08-18T17:15:00Z,5,Nablus,pm25,1h,23.04,21.09574686156248,17.561666666666664,16.914750476720638,oof,fold_2,lightgbm,1.9442531384375208,1.9442531384375208,True,True
2026-08-18T17:30:00Z,1,Tulkarem,pm25,1h,19.29,17.225008898331502,15.843333333333332,15.628943853195947,oof,fold_2,lightgbm,2.0649911016684968,2.0649911016684968,True,True
2026-08-18T17:30:00Z,2,Nablus,pm25,1h,25.1,21.5802276334209,17.09375,16.934711590382296,oof,fold_2,lightgbm,3.519772366579101,3.519772366579101,True,True
2026-08-18T17:30:00Z,4,Nablus,pm25,1h,21.81,19.64403382905204,15.162916666666666,15.116057770702934,oof,fold_2,lightgbm,2.165966170947957,2.165966170947957,True,True
2026-08-18T17:30:00Z,5,Nablus,pm25,1h,23.59,21.776270216843876,17.639583333333334,17.07468788109415,oof,fold_2,lightgbm,1.8137297831561234,1.8137297831561234,True,True
2026-08-18T17:45:00Z,1,Tulkarem,pm25,1h,19.46,17.77655303041192,15.908124999999998,15.753716713738866,oof,fold_2,lightgbm,1.6834469695880792,1.6834469695880792,True,True
2026-08-18T17:45:00Z,2,Nablus,pm25,1h,25.11,21.606326260357125,17.1984375,17.029522388193264,oof,fold_2,lightgbm,3.503673739642874,3.503673739642874,True,True
2026-08-18T17:45:00Z,4,Nablus,pm25,1h,21.55,18.083010971604768,15.2315625,14.995552462508558,oof,fold_2,lightgbm,3.4669890283952327,3.4669890283952327,True,False
2026-08-18T17:45:00Z,5,Nablus,pm25,1h,23.46,21.076213540616404,17.7221875,17.1189243154558,oof,fold_2,lightgbm,2.3837864593835967,2.3837864593835967,True,True
2026-08-18T18:00:00Z,1,Tulkarem,pm25,1h,19.02,18.236469372864324,15.97125,15.77563598740492,oof,fold_2,lightgbm,0.7835306271356757,0.7835306271356757,True,True
2026-08-18T18:00:00Z,2,Nablus,pm25,1h,26.69,21.677717144159043,17.304583333333333,17.067492101134633,oof,fold_2,lightgbm,5.012282855840958,5.012282855840958,True,True
2026-08-18T18:00:00Z,4,Nablus,pm25,1h,21.84,20.404120801411015,15.302395833333334,15.173552376570926,oof,fold_2,lightgbm,1.4358791985889852,1.4358791985889852,True,True
2026-08-18T18:00:00Z,5,Nablus,pm25,1h,22.85,21.200510149139003,17.798750000000002,17.33248536833677,oof,fold_2,lightgbm,1.6494898508609985,1.6494898508609985,True,True
2026-08-18T18:15:00Z,1,Tulkarem,pm25,1h,18.88,17.93919200073024,16.03125,15.80548751621078,oof,fold_2,lightgbm,0.940807999269758,0.940807999269758,True,True
2026-08-18T18:15:00Z,2,Nablus,pm25,1h,23.79,22.17562191817812,17.38083333333333,17.122495191660754,oof,fold_2,lightgbm,1.6143780818218794,1.6143780818218794,True,True
2026-08-18T18:15:00Z,4,Nablus,pm25,1h,21.94,20.666087403578604,15.376875,15.27851011812996,oof,fold_2,lightgbm,1.2739125964213969,1.2739125964213969,True,True
2026-08-18T18:15:00Z,5,Nablus,pm25,1h,23.28,20.86301165489783,17.877395833333335,17.407279466292785,oof,fold_2,lightgbm,2.4169883451021725,2.4169883451021725,True,True
2026-08-18T18:30:00Z,1,Tulkarem,pm25,1h,19.15,18.031140867606563,16.09447916666667,15.88731880949473,oof,fold_2,lightgbm,1.1188591323934354,1.1188591323934354,True,True
2026-08-18T18:30:00Z,2,Nablus,pm25,1h,23.59,22.37619209480429,17.4578125,17.39624343909985,oof,fold_2,lightgbm,1.2138079051957114,1.2138079051957114,True,True
2026-08-18T18:30:00Z,4,Nablus,pm25,1h,22.3,21.22413016099627,15.448125,15.364498390429334,oof,fold_2,lightgbm,1.0758698390037296,1.0758698390037296,True,True
2026-08-18T18:30:00Z,5,Nablus,pm25,1h,21.86,21.05111815423492,17.934375,17.50069333356326,oof,fold_2,lightgbm,0.8088818457650788,0.8088818457650788,True,True
2026-08-18T18:45:00Z,1,Tulkarem,pm25,1h,18.14,18.146023381185486,16.151145833333334,15.912336572611132,oof,fold_2,lightgbm,0.006023381185485732,-0.006023381185485732,True,True
2026-08-18T18:45:00Z,2,Nablus,pm25,1h,23.06,22.925134718302445,17.523229166666667,17.512382809281934,oof,fold_2,lightgbm,0.13486528169755374,0.13486528169755374,True,True
2026-08-18T18:45:00Z,4,Nablus,pm25,1h,20.98,20.67864922290256,15.505520833333335,15.307650510232515,oof,fold_2,lightgbm,0.30135077709743996,0.30135077709743996,True,True
2026-08-18T18:45:00Z,5,Nablus,pm25,1h,23.25,21.103934016238064,18.007291666666664,17.544189568278686,oof,fold_2,lightgbm,2.146065983761936,2.146065983761936,True,True
2026-08-18T19:00:00Z,1,Tulkarem,pm25,1h,18.53,18.416169599276188,16.2065625,15.872535316748417,oof,fold_2,lightgbm,0.11383040072381334,0.11383040072381334,True,True
2026-08-18T19:00:00Z,2,Nablus,pm25,1h,23.88,23.605985172085223,17.589166666666667,17.617749033042635,oof,fold_2,lightgbm,0.27401482791477605,0.27401482791477605,True,True
2026-08-18T19:00:00Z,4,Nablus,pm25,1h,19.95,20.577761703082643,15.542291666666666,15.425148199163193,oof,fold_2,lightgbm,0.6277617030826441,-0.6277617030826441,True,True
2026-08-18T19:00:00Z,5,Nablus,pm25,1h,21.11,21.51578141436403,18.054583333333333,17.698944809461953,oof,fold_2,lightgbm,0.40578141436403214,-0.40578141436403214,True,True
2026-08-18T19:15:00Z,1,Tulkarem,pm25,1h,18.12,19.04107783088766,16.254375,15.865972456595184,oof,fold_2,lightgbm,0.9210778308876577,-0.9210778308876577,True,True
2026-08-18T19:15:00Z,2,Nablus,pm25,1h,22.31,22.352397174599716,17.643229166666668,17.67264119102972,oof,fold_2,lightgbm,0.04239717459971715,-0.04239717459971715,True,True
2026-08-18T19:15:00Z,4,Nablus,pm25,1h,19.78,20.53733371087259,15.566770833333337,15.43709531616721,oof,fold_2,lightgbm,0.7573337108725902,-0.7573337108725902,True,True
2026-08-18T19:15:00Z,5,Nablus,pm25,1h,21.39,22.139554514823267,18.096041666666665,17.697763112735153,oof,fold_2,lightgbm,0.7495545148232665,-0.7495545148232665,True,True
2026-08-18T19:30:00Z,1,Tulkarem,pm25,1h,16.81,19.399166262184476,16.2890625,15.948363751003493,oof,fold_2,lightgbm,2.5891662621844773,-2.5891662621844773,True,True
2026-08-18T19:30:00Z,2,Nablus,pm25,1h,22.29,22.346587253783586,17.7109375,17.722762477999186,oof,fold_2,lightgbm,0.05658725378358653,-0.05658725378358653,True,True
2026-08-18T19:30:00Z,4,Nablus,pm25,1h,20.03,21.26981290843431,15.61125,15.57460794797353,oof,fold_2,lightgbm,1.2398129084343097,-1.2398129084343097,True,True
2026-08-18T19:30:00Z,5,Nablus,pm25,1h,21.2,21.644803165159995,18.15041666666667,17.668929857579485,oof,fold_2,lightgbm,0.4448031651599962,-0.4448031651599962,True,True
2026-08-18T19:45:00Z,1,Tulkarem,pm25,1h,16.61,18.653599897772498,16.318854166666664,15.924946695329059,oof,fold_2,lightgbm,2.0435998977724985,-2.0435998977724985,True,True
2026-08-18T19:45:00Z,2,Nablus,pm25,1h,21.32,21.894871996254523,17.774479166666666,17.753922150972503,oof,fold_2,lightgbm,0.5748719962545223,-0.5748719962545223,True,True
2026-08-18T19:45:00Z,4,Nablus,pm25,1h,19.01,19.69558228996296,15.667708333333335,15.59675245537407,oof,fold_2,lightgbm,0.6855822899629587,-0.6855822899629587,True,True
2026-08-18T19:45:00Z,5,Nablus,pm25,1h,21.95,21.568666914431493,18.2059375,17.728179019843218,oof,fold_2,lightgbm,0.38133308556850665,0.38133308556850665,True,True
2026-08-18T20:00:00Z,1,Tulkarem,pm25,1h,16.92,20.461149300966085,16.349791666666665,16.13103083720426,oof,fold_2,lightgbm,3.541149300966083,-3.541149300966083,True,True
2026-08-18T20:00:00Z,2,Nablus,pm25,1h,21.44,21.983133692102996,17.838645833333334,17.855323444739934,oof,fold_2,lightgbm,0.5431336921029946,-0.5431336921029946,True,True
2026-08-18T20:00:00Z,4,Nablus,pm25,1h,18.93,19.210213521725862,15.721666666666666,15.58162582457352,oof,fold_2,lightgbm,0.28021352172586234,-0.28021352172586234,True,True
2026-08-18T20:00:00Z,5,Nablus,pm25,1h,22.28,19.908450413602235,18.257708333333333,17.714518784823035,oof,fold_2,lightgbm,2.371549586397766,2.371549586397766,True,True
2026-08-18T20:15:00Z,1,Tulkarem,pm25,1h,17.19,19.099315644823854,16.371979166666666,16.123264964591108,oof,fold_2,lightgbm,1.9093156448238524,-1.9093156448238524,True,True
2026-08-18T20:15:00Z,2,Nablus,pm25,1h,20.91,21.707184246108856,17.883020833333337,17.909040044291054,oof,fold_2,lightgbm,0.7971842461088556,-0.7971842461088556,True,True
2026-08-18T20:15:00Z,4,Nablus,pm25,1h,19.14,18.242399570962213,15.767083333333334,15.688591175327916,oof,fold_2,lightgbm,0.8976004290377873,0.8976004290377873,True,True
2026-08-18T20:15:00Z,5,Nablus,pm25,1h,21.98,19.895548038642033,18.265833333333333,17.716274552106988,oof,fold_2,lightgbm,2.084451961357967,2.084451961357967,True,True
2026-08-18T20:30:00Z,1,Tulkarem,pm25,1h,17.42,17.950678459827003,16.395208333333333,16.11397733685213,oof,fold_2,lightgbm,0.5306784598270013,-0.5306784598270013,True,True
2026-08-18T20:30:00Z,2,Nablus,pm25,1h,20.72,21.744757325691108,17.9259375,17.94642265751654,oof,fold_2,lightgbm,1.024757325691109,-1.024757325691109,True,True
2026-08-18T20:30:00Z,4,Nablus,pm25,1h,19.7,18.72856119301292,15.813854166666667,16.00694339885454,oof,fold_2,lightgbm,0.9714388069870807,0.9714388069870807,True,True
2026-08-18T20:30:00Z,5,Nablus,pm25,1h,21.16,19.776244894907524,18.29010416666667,18.173965267191605,oof,fold_2,lightgbm,1.383755105092476,1.383755105092476,True,True
2026-08-18T20:45:00Z,1,Tulkarem,pm25,1h,17.14,17.938395995143317,16.416145833333335,16.044696985524475,oof,fold_2,lightgbm,0.7983959951433164,-0.7983959951433164,True,True
2026-08-18T20:45:00Z,2,Nablus,pm25,1h,20.73,19.967519054549953,17.949375,17.921172287718665,oof,fold_2,lightgbm,0.7624809454500472,0.7624809454500472,True,True
2026-08-18T20:45:00Z,4,Nablus,pm25,1h,20.29,19.04638468152586,15.8696875,16.079578775837643,oof,fold_2,lightgbm,1.2436153184741379,1.2436153184741379,True,True
2026-08-18T20:45:00Z,5,Nablus,pm25,1h,23.43,21.07665625209116,18.35625,18.208741284717362,oof,fold_2,lightgbm,2.3533437479088413,2.3533437479088413,True,True
2026-08-18T21:00:00Z,1,Tulkarem,pm25,1h,17.5,18.466083591950152,16.446770833333336,16.132718065550808,oof,fold_2,lightgbm,0.9660835919501523,-0.9660835919501523,True,True
2026-08-18T21:00:00Z,2,Nablus,pm25,1h,22.09,19.8227593941747,17.93041666666667,18.095038282194764,oof,fold_2,lightgbm,2.2672406058253003,2.2672406058253003,True,True
2026-08-18T21:00:00Z,4,Nablus,pm25,1h,20.41,18.815472557703796,15.930104166666668,16.092566731625002,oof,fold_2,lightgbm,1.5945274422962044,1.5945274422962044,True,True
2026-08-18T21:00:00Z,5,Nablus,pm25,1h,23.73,21.39785620269762,18.4221875,18.409825483966834,oof,fold_2,lightgbm,2.332143797302379,2.332143797302379,True,True
2026-08-18T21:15:00Z,1,Tulkarem,pm25,1h,17.71,18.233523044261624,16.471666666666668,16.166320330322772,oof,fold_2,lightgbm,0.5235230442616228,-0.5235230442616228,True,True
2026-08-18T21:15:00Z,2,Nablus,pm25,1h,21.68,19.0376019592048,17.949479166666666,18.076458432431885,oof,fold_2,lightgbm,2.6423980407952,2.6423980407952,True,True
2026-08-18T21:15:00Z,4,Nablus,pm25,1h,21.87,18.833488880987662,16.005520833333332,16.156543803390157,oof,fold_2,lightgbm,3.0365111190123386,3.0365111190123386,True,True
2026-08-18T21:15:00Z,5,Nablus,pm25,1h,23.6,21.98031925671063,18.491041666666668,18.37026673417858,oof,fold_2,lightgbm,1.619680743289372,1.619680743289372,True,True
2026-08-18T21:30:00Z,1,Tulkarem,pm25,1h,17.8,18.711103704197786,16.495833333333334,16.17454507216996,oof,fold_2,lightgbm,0.9111037041977852,-0.9111037041977852,True,True
2026-08-18T21:30:00Z,2,Nablus,pm25,1h,20.98,19.54111826014317,17.988541666666666,18.07871414838183,oof,fold_2,lightgbm,1.438881739856832,1.438881739856832,True,True
2026-08-18T21:30:00Z,4,Nablus,pm25,1h,20.55,19.288147930127618,16.068854166666664,16.193176061044905,oof,fold_2,lightgbm,1.2618520698723827,1.2618520698723827,True,True
2026-08-18T21:30:00Z,5,Nablus,pm25,1h,27.42,20.961592850067714,18.601875,18.361681201839584,oof,fold_2,lightgbm,6.458407149932288,6.458407149932288,True,True
2026-08-18T21:45:00Z,1,Tulkarem,pm25,1h,18.78,18.87861514156117,16.50583333333333,16.191138367603156,oof,fold_2,lightgbm,0.09861514156116868,-0.09861514156116868,True,True
2026-08-18T21:45:00Z,2,Nablus,pm25,1h,21.02,19.69772180919012,18.0378125,18.115114830527276,oof,fold_2,lightgbm,1.3222781908098789,1.3222781908098789,True,True
2026-08-18T21:45:00Z,4,Nablus,pm25,1h,20.16,19.78180570732826,16.133020833333333,16.19710089400555,oof,fold_2,lightgbm,0.3781942926717399,0.3781942926717399,True,True
2026-08-18T21:45:00Z,5,Nablus,pm25,1h,23.35,21.887688916258302,18.67375,18.412266529060172,oof,fold_2,lightgbm,1.4623110837416995,1.4623110837416995,True,True
2026-08-18T22:00:00Z,1,Tulkarem,pm25,1h,23.73,19.165157974578694,16.5703125,16.197590702060662,oof,fold_2,lightgbm,4.5648420254213065,4.5648420254213065,True,True
2026-08-18T22:00:00Z,2,Nablus,pm25,1h,20.58,19.796948358161714,18.086770833333336,18.06040409897346,oof,fold_2,lightgbm,0.7830516418382842,0.7830516418382842,True,True
2026-08-18T22:00:00Z,4,Nablus,pm25,1h,20.14,19.222625310196086,16.19604166666667,16.1991455777266,oof,fold_2,lightgbm,0.9173746898039141,0.9173746898039141,True,True
2026-08-18T22:00:00Z,5,Nablus,pm25,1h,22.77,23.032372326126918,18.736979166666668,18.417683715898036,oof,fold_2,lightgbm,0.2623723261269184,-0.2623723261269184,True,True
2026-08-18T22:15:00Z,1,Tulkarem,pm25,1h,24.9,19.398658829168447,16.6584375,16.23504261647175,oof,fold_2,lightgbm,5.501341170831552,5.501341170831552,True,True
2026-08-18T22:15:00Z,2,Nablus,pm25,1h,20.76,20.714566688950445,18.14197916666667,18.142766096244273,oof,fold_2,lightgbm,0.045433311049556835,0.045433311049556835,True,True
2026-08-18T22:15:00Z,4,Nablus,pm25,1h,19.77,19.87273740526006,16.25541666666667,16.251794422538037,oof,fold_2,lightgbm,0.10273740526006137,-0.10273740526006137,True,True
2026-08-18T22:15:00Z,5,Nablus,pm25,1h,23.33,23.323091054555434,18.80270833333333,18.510451853964163,oof,fold_2,lightgbm,0.0069089454445645515,0.0069089454445645515,True,True
2026-08-18T22:30:00Z,1,Tulkarem,pm25,1h,21.44,19.34559961533713,16.7184375,16.22868289428506,oof,fold_2,lightgbm,2.0944003846628725,2.0944003846628725,True,True
2026-08-18T22:30:00Z,2,Nablus,pm25,1h,19.84,19.528982915528307,18.19125,18.11372596762024,oof,fold_2,lightgbm,0.3110170844716933,0.3110170844716933,True,True
2026-08-18T22:30:00Z,4,Nablus,pm25,1h,18.69,20.25142782347198,16.303749999999997,16.22462849088397,oof,fold_2,lightgbm,1.561427823471977,-1.561427823471977,True,True
2026-08-18T22:30:00Z,5,Nablus,pm25,1h,22.69,23.88269001243741,18.86625,18.26232345303366,oof,fold_2,lightgbm,1.19269001243741,-1.19269001243741,True,True
2026-08-18T22:45:00Z,1,Tulkarem,pm25,1h,21.57,21.502073872148905,16.780729166666667,16.25060103798548,oof,fold_2,lightgbm,0.06792612785109498,0.06792612785109498,True,True
2026-08-18T22:45:00Z,2,Nablus,pm25,1h,19.56,19.118162260518673,18.23125,18.16224474201683,oof,fold_2,lightgbm,0.44183773948132554,0.44183773948132554,True,True
2026-08-18T22:45:00Z,4,Nablus,pm25,1h,18.43,20.15642816574169,16.3440625,16.30052032872419,oof,fold_2,lightgbm,1.726428165741691,-1.726428165741691,True,True
2026-08-18T22:45:00Z,5,Nablus,pm25,1h,23.11,22.033106896594962,18.929479166666667,18.284069483791978,oof,fold_2,lightgbm,1.0768931034050375,1.0768931034050375,True,True
2026-08-18T23:00:00Z,1,Tulkarem,pm25,1h,23.52,17.588667139185745,16.853125000000002,16.42739652033862,oof,fold_2,lightgbm,5.931332860814255,5.931332860814255,True,True
2026-08-18T23:00:00Z,2,Nablus,pm25,1h,19.39,19.254445336890374,18.26760416666667,18.108401978828617,oof,fold_2,lightgbm,0.13555466310962672,0.13555466310962672,True,True
2026-08-18T23:00:00Z,4,Nablus,pm25,1h,18.15,20.077142764077962,16.380208333333332,16.370284101422598,oof,fold_2,lightgbm,1.9271427640779635,-1.9271427640779635,True,True
2026-08-18T23:00:00Z,5,Nablus,pm25,1h,23.48,21.94745414701936,18.991041666666664,18.43385749749382,oof,fold_2,lightgbm,1.5325458529806397,1.5325458529806397,True,True
2026-08-18T23:15:00Z,1,Tulkarem,pm25,1h,24.35,18.562013841225472,16.944062499999998,16.448816137043824,oof,fold_2,lightgbm,5.78798615877453,5.78798615877453,True,True
2026-08-18T23:15:00Z,2,Nablus,pm25,1h,19.42,19.210284833451155,18.30375,18.14226357696626,oof,fold_2,lightgbm,0.2097151665488468,0.2097151665488468,True,True
2026-08-18T23:15:00Z,4,Nablus,pm25,1h,18.78,19.831563699288925,16.41875,16.42766798741795,oof,fold_2,lightgbm,1.0515636992889235,-1.0515636992889235,True,True
2026-08-18T23:15:00Z,5,Nablus,pm25,1h,23.14,22.360504087870925,19.04958333333333,18.78813028541923,oof,fold_2,lightgbm,0.7794959121290752,0.7794959121290752,True,True
2026-08-18T23:30:00Z,1,Tulkarem,pm25,1h,21.34,18.93386183524903,17.009687500000002,16.520416248372587,oof,fold_2,lightgbm,2.4061381647509705,2.4061381647509705,True,True
2026-08-18T23:30:00Z,2,Nablus,pm25,1h,19.99,18.985841693013572,18.345,18.15993038051238,oof,fold_2,lightgbm,1.004158306986426,1.004158306986426,True,True
2026-08-18T23:30:00Z,4,Nablus,pm25,1h,18.93,18.928011768287536,16.463645833333334,16.43972879056979,oof,fold_2,lightgbm,0.0019882317124633175,0.0019882317124633175,True,True
2026-08-18T23:30:00Z,5,Nablus,pm25,1h,21.31,21.553663945436938,19.085104166666667,18.82299230316802,oof,fold_2,lightgbm,0.24366394543693914,-0.24366394543693914,True,True
2026-08-18T23:45:00Z,1,Tulkarem,pm25,1h,20.96,19.285746277399628,17.0703125,16.639896236170813,oof,fold_2,lightgbm,1.6742537226003726,1.6742537226003726,True,True
2026-08-18T23:45:00Z,2,Nablus,pm25,1h,20.49,18.605912507794425,18.390416666666667,18.1426520039817,oof,fold_2,lightgbm,1.8840874922055733,1.8840874922055733,True,True
2026-08-18T23:45:00Z,4,Nablus,pm25,1h,18.92,18.748917256081334,16.5025,16.482762005089562,oof,fold_2,lightgbm,0.1710827439186673,0.1710827439186673,True,True
2026-08-18T23:45:00Z,5,Nablus,pm25,1h,19.56,22.129401531212576,19.10020833333333,18.841878233107618,oof,fold_2,lightgbm,2.569401531212577,-2.569401531212577,True,True
2026-08-19T00:00:00Z,1,Tulkarem,pm25,1h,20.66,22.51701179936219,17.125416666666666,17.097817244654784,oof,fold_2,lightgbm,1.8570117993621906,-1.8570117993621906,True,True
2026-08-19T00:00:00Z,2,Nablus,pm25,1h,19.6,18.66903454149706,18.4278125,18.469580924984,oof,fold_2,lightgbm,0.9309654585029428,0.9309654585029428,True,True
2026-08-19T00:00:00Z,4,Nablus,pm25,1h,18.32,18.619116277555822,16.537916666666664,16.691292828649104,oof,fold_2,lightgbm,0.2991162775558216,-0.2991162775558216,True,True
2026-08-19T00:00:00Z,5,Nablus,pm25,1h,21.92,23.56114083822416,19.131041666666665,18.934773151189752,oof,fold_2,lightgbm,1.6411408382241568,-1.6411408382241568,True,True
2026-08-19T00:15:00Z,1,Tulkarem,pm25,1h,21.24,23.36830644402032,17.186354166666668,17.14274130108781,oof,fold_2,lightgbm,2.128306444020321,-2.128306444020321,True,True
2026-08-19T00:15:00Z,2,Nablus,pm25,1h,20.32,18.72867792616365,18.474791666666665,18.47733045184687,oof,fold_2,lightgbm,1.591322073836352,1.591322073836352,True,True
2026-08-19T00:15:00Z,4,Nablus,pm25,1h,19.22,19.71459652315907,16.578854166666666,16.744691928745567,oof,fold_2,lightgbm,0.4945965231590712,-0.4945965231590712,True,True
2026-08-19T00:15:00Z,5,Nablus,pm25,1h,23.41,22.97555017647563,19.180833333333336,18.95806069400811,oof,fold_2,lightgbm,0.4344498235243712,0.4344498235243712,True,True
2026-08-19T00:30:00Z,1,Tulkarem,pm25,1h,21.93,21.62147692783717,17.2540625,17.147622046030456,oof,fold_2,lightgbm,0.30852307216283137,0.30852307216283137,True,True
2026-08-19T00:30:00Z,2,Nablus,pm25,1h,20.43,19.96998822130151,18.515520833333333,18.494630134493278,oof,fold_2,lightgbm,0.4600117786984903,0.4600117786984903,True,True
2026-08-19T00:30:00Z,4,Nablus,pm25,1h,19.49,19.558926789487657,16.624375,16.780610563129358,oof,fold_2,lightgbm,0.06892678948765862,-0.06892678948765862,True,True
2026-08-19T00:30:00Z,5,Nablus,pm25,1h,25.08,21.48364604207587,19.24145833333333,19.0200604440128,oof,fold_2,lightgbm,3.59635395792413,3.59635395792413,True,True
2026-08-19T00:45:00Z,1,Tulkarem,pm25,1h,20.81,20.482033366776026,17.305729166666666,17.342183547574972,oof,fold_2,lightgbm,0.3279666332239728,0.3279666332239728,True,True
2026-08-19T00:45:00Z,2,Nablus,pm25,1h,20.75,20.157837714444135,18.555729166666666,18.553725867588216,oof,fold_2,lightgbm,0.5921622855558653,0.5921622855558653,True,True
2026-08-19T00:45:00Z,4,Nablus,pm25,1h,18.93,19.73878986925385,16.663541666666667,16.78995009191759,oof,fold_2,lightgbm,0.8087898692538502,-0.8087898692538502,True,True
2026-08-19T00:45:00Z,5,Nablus,pm25,1h,25.75,19.634035063110474,19.308125,18.990013895554924,oof,fold_2,lightgbm,6.115964936889526,6.115964936889526,True,True
2026-08-19T01:00:00Z,1,Tulkarem,pm25,1h,20.47,20.248967816344646,17.359166666666667,17.397508517811314,oof,fold_2,lightgbm,0.22103218365535326,0.22103218365535326,True,True
2026-08-19T01:00:00Z,2,Nablus,pm25,1h,19.34,19.39850961626511,18.580104166666665,18.531367666321657,oof,fold_2,lightgbm,0.05850961626510909,-0.05850961626510909,True,True
2026-08-19T01:00:00Z,4,Nablus,pm25,1h,17.73,19.52635726832589,16.687708333333333,16.90733371338555,oof,fold_2,lightgbm,1.7963572683258882,-1.7963572683258882,True,True
2026-08-19T01:00:00Z,5,Nablus,pm25,1h,23.96,20.84882664230124,19.347604166666667,19.057245777855332,oof,fold_2,lightgbm,3.1111733576987604,3.1111733576987604,True,True
2026-08-19T01:15:00Z,1,Tulkarem,pm25,1h,20.49,20.057359376071002,17.4128125,17.434818307044903,oof,fold_2,lightgbm,0.4326406239289966,0.4326406239289966,True,True
2026-08-19T01:15:00Z,2,Nablus,pm25,1h,17.84,19.897068053901595,18.59083333333333,18.567740885382555,oof,fold_2,lightgbm,2.0570680539015953,-2.0570680539015953,True,True
2026-08-19T01:15:00Z,4,Nablus,pm25,1h,17.14,19.770608770779138,16.706770833333334,16.920165282347355,oof,fold_2,lightgbm,2.630608770779137,-2.630608770779137,True,True
2026-08-19T01:15:00Z,5,Nablus,pm25,1h,29.61,21.837921998308676,19.43583333333333,19.229017557604383,oof,fold_2,lightgbm,7.772078001691323,7.772078001691323,True,True
2026-08-19T01:30:00Z,1,Tulkarem,pm25,1h,20.79,21.43969618650641,17.467916666666667,17.553113294480283,oof,fold_2,lightgbm,0.6496961865064108,-0.6496961865064108,True,True
2026-08-19T01:30:00Z,2,Nablus,pm25,1h,17.37,20.105871583222278,18.599375,18.608147544400875,oof,fold_2,lightgbm,2.735871583222277,-2.735871583222277,True,True
2026-08-19T01:30:00Z,4,Nablus,pm25,1h,16.28,20.484607322288138,16.713541666666668,16.931406948991697,oof,fold_2,lightgbm,4.204607322288137,-4.204607322288137,True,True
2026-08-19T01:30:00Z,5,Nablus,pm25,1h,33.01,22.185204937717543,19.550833333333333,19.47738075910337,oof,fold_2,lightgbm,10.824795062282455,10.824795062282455,True,True
2026-08-19T01:45:00Z,1,Tulkarem,pm25,1h,20.11,21.42701901364912,17.516979166666665,17.627738026236386,oof,fold_2,lightgbm,1.3170190136491193,-1.3170190136491193,True,True
2026-08-19T01:45:00Z,2,Nablus,pm25,1h,16.26,20.8083317002844,18.58802083333333,18.59915437388855,oof,fold_2,lightgbm,4.548331700284397,-4.548331700284397,True,True
2026-08-19T01:45:00Z,4,Nablus,pm25,1h,16.09,20.305982692376034,16.717604166666668,16.96650047000768,oof,fold_2,lightgbm,4.215982692376034,-4.215982692376034,True,True
2026-08-19T01:45:00Z,5,Nablus,pm25,1h,27.61,23.689901432988265,19.609791666666663,19.55955331582044,oof,fold_2,lightgbm,3.9200985670117348,3.9200985670117348,True,True
2026-08-19T02:00:00Z,1,Tulkarem,pm25,1h,22.17,21.99575456302715,17.585520833333334,17.66927989121811,oof,fold_2,lightgbm,0.17424543697285344,0.17424543697285344,True,True
2026-08-19T02:00:00Z,2,Nablus,pm25,1h,15.68,19.80688296905693,18.570833333333333,18.571821343055966,oof,fold_2,lightgbm,4.126882969056929,-4.126882969056929,True,True
2026-08-19T02:00:00Z,4,Nablus,pm25,1h,15.78,17.771885635594924,16.716874999999998,16.9924224131296,oof,fold_2,lightgbm,1.9918856355949242,-1.9918856355949242,True,True
2026-08-19T02:00:00Z,5,Nablus,pm25,1h,20.55,22.830894467205404,19.586145833333333,19.501488638480094,oof,fold_2,lightgbm,2.2808944672054032,-2.2808944672054032,True,True
2026-08-19T02:15:00Z,1,Tulkarem,pm25,1h,26.11,21.72974581110382,17.697187500000002,17.734982314164196,oof,fold_2,lightgbm,4.380254188896178,4.380254188896178,True,True
2026-08-19T02:15:00Z,2,Nablus,pm25,1h,15.18,17.473982290085473,18.546041666666667,18.557355795235214,oof,fold_2,lightgbm,2.2939822900854736,-2.2939822900854736,True,True
2026-08-19T02:15:00Z,4,Nablus,pm25,1h,15.28,17.454258267651767,16.70958333333333,16.95849055853788,oof,fold_2,lightgbm,2.1742582676517674,-2.1742582676517674,True,True
2026-08-19T02:15:00Z,5,Nablus,pm25,1h,18.62,24.734457084872876,19.531979166666662,19.551141921879925,oof,fold_2,lightgbm,6.114457084872875,-6.114457084872875,True,True
2026-08-19T02:30:00Z,1,Tulkarem,pm25,1h,22.1,22.37074127314713,17.763854166666665,17.847655616422788,oof,fold_2,lightgbm,0.27074127314712726,-0.27074127314712726,True,True
2026-08-19T02:30:00Z,2,Nablus,pm25,1h,14.04,17.14380127636388,18.5121875,18.537547636281595,oof,fold_2,lightgbm,3.103801276363882,-3.103801276363882,True,True
2026-08-19T02:30:00Z,4,Nablus,pm25,1h,14.15,16.232844665823496,16.691875,16.895293730052526,oof,fold_2,lightgbm,2.0828446658234956,-2.0828446658234956,True,True
2026-08-19T02:30:00Z,5,Nablus,pm25,1h,17.38,25.98288346488627,19.465729166666662,19.740559938774773,oof,fold_2,lightgbm,8.602883464886272,-8.602883464886272,True,True
2026-08-19T02:45:00Z,1,Tulkarem,pm25,1h,20.6,22.140243262310747,17.809791666666666,17.837495540279363,oof,fold_2,lightgbm,1.5402432623107458,-1.5402432623107458,True,True
2026-08-19T02:45:00Z,2,Nablus,pm25,1h,13.66,16.448742810414196,18.48208333333333,18.489577262952018,oof,fold_2,lightgbm,2.7887428104141954,-2.7887428104141954,True,True
2026-08-19T02:45:00Z,4,Nablus,pm25,1h,13.48,16.351795114046162,16.665625000000002,16.8577918051875,oof,fold_2,lightgbm,2.8717951140461615,-2.8717951140461615,True,True
2026-08-19T02:45:00Z,5,Nablus,pm25,1h,17.7,24.656515545253214,19.407083333333336,19.873399091725418,oof,fold_2,lightgbm,6.956515545253215,-6.956515545253215,True,True
2026-08-19T03:00:00Z,1,Tulkarem,pm25,1h,19.21,22.901846874376776,17.806041666666665,17.922779113754007,oof,fold_2,lightgbm,3.6918468743767754,-3.6918468743767754,True,True
2026-08-19T03:00:00Z,2,Nablus,pm25,1h,13.2,15.77316790107148,18.439375,18.475316119994442,oof,fold_2,lightgbm,2.5731679010714803,-2.5731679010714803,True,True
2026-08-19T03:00:00Z,4,Nablus,pm25,1h,13.43,15.718706610626128,16.640729166666667,16.838057957489088,oof,fold_2,lightgbm,2.2887066106261287,-2.2887066106261287,True,True
2026-08-19T03:00:00Z,5,Nablus,pm25,1h,20.55,20.651560817319627,19.386354166666667,19.67008238049771,oof,fold_2,lightgbm,0.1015608173196263,-0.1015608173196263,True,True
2026-08-19T03:15:00Z,1,Tulkarem,pm25,1h,18.79,22.083963970258417,17.769166666666667,18.037415274148692,oof,fold_2,lightgbm,3.2939639702584174,-3.2939639702584174,True,True
2026-08-19T03:15:00Z,2,Nablus,pm25,1h,12.73,15.2283138425804,18.38927083333333,18.429468555740716,oof,fold_2,lightgbm,2.4983138425803997,-2.4983138425803997,True,True
2026-08-19T03:15:00Z,4,Nablus,pm25,1h,12.25,15.423447353100915,16.601979166666666,16.770792068856434,oof,fold_2,lightgbm,3.173447353100915,-3.173447353100915,True,True
2026-08-19T03:15:00Z,5,Nablus,pm25,1h,15.19,19.427785845485072,19.322604166666668,19.494730268974273,oof,fold_2,lightgbm,4.237785845485073,-4.237785845485073,True,True
2026-08-19T03:30:00Z,1,Tulkarem,pm25,1h,17.13,22.96475277183987,17.693020833333332,18.051278707886297,oof,fold_2,lightgbm,5.83475277183987,-5.83475277183987,True,True
2026-08-19T03:30:00Z,2,Nablus,pm25,1h,12.44,14.137040169765108,18.33489583333333,18.344567728844357,oof,fold_2,lightgbm,1.697040169765108,-1.697040169765108,True,True
2026-08-19T03:30:00Z,4,Nablus,pm25,1h,12.15,13.74308818554994,16.560208333333332,16.680604810465613,oof,fold_2,lightgbm,1.5930881855499397,-1.5930881855499397,True,True
2026-08-19T03:30:00Z,5,Nablus,pm25,1h,16.0,17.789418194005286,19.26395833333333,19.281318999500318,oof,fold_2,lightgbm,1.789418194005286,-1.789418194005286,True,True
2026-08-19T03:45:00Z,1,Tulkarem,pm25,1h,17.69,22.40727308967847,17.673958333333335,18.17342944590262,oof,fold_2,lightgbm,4.717273089678468,-4.717273089678468,True,True
2026-08-19T03:45:00Z,2,Nablus,pm25,1h,13.51,13.414038968481698,18.285520833333333,18.34598000556206,oof,fold_2,lightgbm,0.09596103151830171,0.09596103151830171,True,True
2026-08-19T03:45:00Z,4,Nablus,pm25,1h,11.48,13.316029788157179,16.510208333333335,16.596260049467006,oof,fold_2,lightgbm,1.8360297881571785,-1.8360297881571785,True,True
2026-08-19T03:45:00Z,5,Nablus,pm25,1h,17.81,17.4535010312778,19.2340625,19.26970720175713,oof,fold_2,lightgbm,0.35649896872219955,0.35649896872219955,True,True
2026-08-19T04:00:00Z,1,Tulkarem,pm25,1h,16.74,21.66011118060679,17.685208333333335,18.111481862446436,oof,fold_2,lightgbm,4.920111180606792,-4.920111180606792,True,True
2026-08-19T04:00:00Z,2,Nablus,pm25,1h,13.39,13.050571773713516,18.24395833333333,18.209534686541506,oof,fold_2,lightgbm,0.3394282262864845,0.3394282262864845,True,True
2026-08-19T04:00:00Z,4,Nablus,pm25,1h,11.93,13.410423783441745,16.469895833333336,16.609652430308927,oof,fold_2,lightgbm,1.4804237834417453,-1.4804237834417453,True,True
2026-08-19T04:00:00Z,5,Nablus,pm25,1h,14.81,18.450805383512435,19.183958333333333,19.26634309246936,oof,fold_2,lightgbm,3.6408053835124345,-3.6408053835124345,True,True
2026-08-19T04:15:00Z,1,Tulkarem,pm25,1h,17.64,21.188857502639035,17.676875,17.897276629970012,oof,fold_2,lightgbm,3.5488575026390343,-3.5488575026390343,True,True
2026-08-19T04:15:00Z,2,Nablus,pm25,1h,13.37,12.964855383600042,18.205416666666668,18.155924274690786,oof,fold_2,lightgbm,0.4051446163999568,0.4051446163999568,True,True
2026-08-19T04:15:00Z,4,Nablus,pm25,1h,11.71,12.72418437615253,16.419687500000002,16.587314526488512,oof,fold_2,lightgbm,1.0141843761525298,-1.0141843761525298,True,True
2026-08-19T04:15:00Z,5,Nablus,pm25,1h,13.33,16.11904906417273,19.13270833333333,19.20806409160995,oof,fold_2,lightgbm,2.7890490641727315,-2.7890490641727315,True,True
2026-08-19T04:30:00Z,1,Tulkarem,pm25,1h,14.11,18.694268692470903,17.619791666666668,17.75836237892027,oof,fold_2,lightgbm,4.5842686924709035,-4.5842686924709035,True,True
2026-08-19T04:30:00Z,2,Nablus,pm25,1h,13.35,12.893245670219285,18.162291666666665,18.151678141975598,oof,fold_2,lightgbm,0.45675432978071484,0.45675432978071484,True,True
2026-08-19T04:30:00Z,4,Nablus,pm25,1h,11.32,12.579779609278605,16.3565625,16.59151532586601,oof,fold_2,lightgbm,1.2597796092786044,-1.2597796092786044,True,True
2026-08-19T04:30:00Z,5,Nablus,pm25,1h,14.4,16.74058919448118,19.101979166666663,19.193864383109922,oof,fold_2,lightgbm,2.340589194481181,-2.340589194481181,True,True
2026-08-19T04:45:00Z,1,Tulkarem,pm25,1h,13.08,18.496727836014337,17.571458333333336,17.83582348358416,oof,fold_2,lightgbm,5.416727836014337,-5.416727836014337,True,True
2026-08-19T04:45:00Z,2,Nablus,pm25,1h,13.01,13.436669534646082,18.1246875,18.082024790647967,oof,fold_2,lightgbm,0.4266695346460825,-0.4266695346460825,True,True
2026-08-19T04:45:00Z,4,Nablus,pm25,1h,11.35,12.22483905444693,16.2975,16.44641897606216,oof,fold_2,lightgbm,0.8748390544469302,-0.8748390544469302,True,True
2026-08-19T04:45:00Z,5,Nablus,pm25,1h,14.9,16.64018517596116,19.069479166666667,19.21492527318959,oof,fold_2,lightgbm,1.7401851759611606,-1.7401851759611606,True,True
2026-08-19T05:00:00Z,1,Tulkarem,pm25,1h,13.19,18.056564479226452,17.537395833333335,17.666935833806313,oof,fold_2,lightgbm,4.866564479226453,-4.866564479226453,True,True
2026-08-19T05:00:00Z,2,Nablus,pm25,1h,13.16,13.252863649059012,18.089166666666667,17.763721329322898,oof,fold_2,lightgbm,0.09286364905901223,-0.09286364905901223,True,True
2026-08-19T05:00:00Z,4,Nablus,pm25,1h,12.02,12.354215499136604,16.246041666666667,16.416301940322636,oof,fold_2,lightgbm,0.3342154991366044,-0.3342154991366044,True,True
2026-08-19T05:00:00Z,5,Nablus,pm25,1h,13.01,15.06262651026681,19.020625,19.070448119932124,oof,fold_2,lightgbm,2.05262651026681,-2.05262651026681,True,True
2026-08-19T05:15:00Z,1,Tulkarem,pm25,1h,12.37,18.11007785895758,17.468020833333334,17.7043332225682,oof,fold_2,lightgbm,5.740077858957582,-5.740077858957582,True,True
2026-08-19T05:15:00Z,2,Nablus,pm25,1h,12.98,13.206335379286974,18.05,17.746281070346104,oof,fold_2,lightgbm,0.226335379286974,-0.226335379286974,True,True
2026-08-19T05:15:00Z,4,Nablus,pm25,1h,13.03,12.127085503305942,16.214270833333334,16.382662766450732,oof,fold_2,lightgbm,0.9029144966940574,0.9029144966940574,True,True
2026-08-19T05:15:00Z,5,Nablus,pm25,1h,12.42,13.26170018067482,18.9490625,19.020151245019985,oof,fold_2,lightgbm,0.8417001806748203,-0.8417001806748203,True,True
2026-08-19T05:30:00Z,1,Tulkarem,pm25,1h,13.11,13.846237388335739,17.409895833333334,17.551265908726112,oof,fold_2,lightgbm,0.7362373883357396,-0.7362373883357396,True,True
2026-08-19T05:30:00Z,2,Nablus,pm25,1h,13.81,13.314294010399587,18.02583333333333,17.729814824769313,oof,fold_2,lightgbm,0.49570598960041323,0.49570598960041323,True,True
2026-08-19T05:30:00Z,4,Nablus,pm25,1h,12.25,12.170909804535876,16.177812499999998,16.205782958017075,oof,fold_2,lightgbm,0.07909019546412388,0.07909019546412388,True,True
2026-08-19T05:30:00Z,5,Nablus,pm25,1h,12.72,13.661493238883063,18.894270833333334,18.89835546965697,oof,fold_2,lightgbm,0.9414932388830621,-0.9414932388830621,True,True
2026-08-19T05:45:00Z,1,Tulkarem,pm25,1h,11.56,12.988422483672279,17.358229166666668,17.53833053511234,oof,fold_2,lightgbm,1.4284224836722785,-1.4284224836722785,True,True
2026-08-19T05:45:00Z,2,Nablus,pm25,1h,14.19,12.773995684038312,18.004479166666666,17.666623904188818,oof,fold_2,lightgbm,1.416004315961688,1.416004315961688,True,True
2026-08-19T05:45:00Z,4,Nablus,pm25,1h,12.62,12.200077475357821,16.146562499999998,16.159697201904887,oof,fold_2,lightgbm,0.4199225246421783,0.4199225246421783,True,True
2026-08-19T05:45:00Z,5,Nablus,pm25,1h,12.48,14.721046275084026,18.844375,18.88499244157083,oof,fold_2,lightgbm,2.2410462750840257,-2.2410462750840257,True,True
2026-08-19T06:00:00Z,1,Tulkarem,pm25,1h,10.97,14.165951813011024,17.302083333333332,17.478086867119334,oof,fold_2,lightgbm,3.195951813011023,-3.195951813011023,True,True
2026-08-19T06:00:00Z,2,Nablus,pm25,1h,15.08,12.924681155310596,17.995208333333334,17.601120453755875,oof,fold_2,lightgbm,2.155318844689404,2.155318844689404,True,True
2026-08-19T06:00:00Z,4,Nablus,pm25,1h,12.21,12.351131545909983,16.124583333333334,16.20741471958957,oof,fold_2,lightgbm,0.14113154590998178,-0.14113154590998178,True,True
2026-08-19T06:00:00Z,5,Nablus,pm25,1h,12.62,12.891925166729939,18.79958333333333,18.85453747144878,oof,fold_2,lightgbm,0.2719251667299396,-0.2719251667299396,True,True
2026-08-19T06:15:00Z,1,Tulkarem,pm25,1h,11.74,13.248424468113978,17.257916666666667,17.485993515538457,oof,fold_2,lightgbm,1.5084244681139776,-1.5084244681139776,True,True
2026-08-19T06:15:00Z,2,Nablus,pm25,1h,14.76,12.648442929585212,17.983749999999997,17.587398176537356,oof,fold_2,lightgbm,2.111557070414788,2.111557070414788,True,True
2026-08-19T06:15:00Z,4,Nablus,pm25,1h,13.05,12.644280653595143,16.108854166666667,16.239711920573125,oof,fold_2,lightgbm,0.40571934640485807,0.40571934640485807,True,True
2026-08-19T06:15:00Z,5,Nablus,pm25,1h,12.09,12.804962785668918,18.755416666666665,18.714251976913705,oof,fold_2,lightgbm,0.7149627856689182,-0.7149627856689182,True,True
2026-08-19T06:30:00Z,1,Tulkarem,pm25,1h,12.84,13.464253955165587,17.2296875,17.378580443323298,oof,fold_2,lightgbm,0.624253955165587,-0.624253955165587,True,True
2026-08-19T06:30:00Z,2,Nablus,pm25,1h,14.75,13.58551815890105,17.977083333333333,17.616112289089273,oof,fold_2,lightgbm,1.1644818410989508,1.1644818410989508,True,True
2026-08-19T06:30:00Z,4,Nablus,pm25,1h,12.53,12.34417760487714,16.085729166666667,16.17275919933275,oof,fold_2,lightgbm,0.1858223951228588,0.1858223951228588,True,True
2026-08-19T06:30:00Z,5,Nablus,pm25,1h,11.07,12.99585039320789,18.700625,18.632969026636854,oof,fold_2,lightgbm,1.9258503932078899,-1.9258503932078899,True,True
2026-08-19T06:45:00Z,1,Tulkarem,pm25,1h,14.43,12.459853339734142,17.210208333333334,17.325328826722252,oof,fold_2,lightgbm,1.9701466602658577,1.9701466602658577,True,True
2026-08-19T06:45:00Z,2,Nablus,pm25,1h,13.81,13.539723059003553,17.957291666666666,17.6096797596322,oof,fold_2,lightgbm,0.27027694099644783,0.27027694099644783,True,True
2026-08-19T06:45:00Z,4,Nablus,pm25,1h,12.11,12.570837573980128,16.062395833333337,16.116099845306476,oof,fold_2,lightgbm,0.4608375739801289,-0.4608375739801289,True,True
2026-08-19T06:45:00Z,5,Nablus,pm25,1h,11.19,12.9222472891656,18.6525,18.574332481988233,oof,fold_2,lightgbm,1.732247289165601,-1.732247289165601,True,True
2026-08-19T07:00:00Z,1,Tulkarem,pm25,1h,15.58,12.442835170621306,17.200625,17.26137048730072,oof,fold_2,lightgbm,3.137164829378694,3.137164829378694,True,True
2026-08-19T07:00:00Z,2,Nablus,pm25,1h,13.81,14.495458766204514,17.926145833333333,17.63100078872405,oof,fold_2,lightgbm,0.6854587662045137,-0.6854587662045137,True,True
2026-08-19T07:00:00Z,4,Nablus,pm25,1h,11.78,12.40627833406124,16.041145833333335,16.09837712463392,oof,fold_2,lightgbm,0.6262783340612401,-0.6262783340612401,True,True
2026-08-19T07:00:00Z,5,Nablus,pm25,1h,11.8,12.987131904768077,18.62302083333333,18.578957769826566,oof,fold_2,lightgbm,1.1871319047680764,-1.1871319047680764,True,True
2026-08-19T07:15:00Z,1,Tulkarem,pm25,1h,15.8,12.799893951976761,17.207916666666666,17.21996049131092,oof,fold_2,lightgbm,3.0001060480232393,3.0001060480232393,True,True
2026-08-19T07:15:00Z,2,Nablus,pm25,1h,13.75,14.790233329906446,17.9046875,17.62348005188477,oof,fold_2,lightgbm,1.040233329906446,-1.040233329906446,True,True
2026-08-19T07:15:00Z,4,Nablus,pm25,1h,11.92,12.81256399236669,16.016041666666666,16.109594528174398,oof,fold_2,lightgbm,0.8925639923666893,-0.8925639923666893,True,True
2026-08-19T07:15:00Z,5,Nablus,pm25,1h,11.05,12.190069782871126,18.583125,18.574536861012735,oof,fold_2,lightgbm,1.1400697828711248,-1.1400697828711248,True,True
2026-08-19T07:30:00Z,1,Tulkarem,pm25,1h,16.33,12.952116458774098,17.203645833333336,17.126110246482128,oof,fold_2,lightgbm,3.3778835412259003,3.3778835412259003,True,True
2026-08-19T07:30:00Z,2,Nablus,pm25,1h,13.04,14.98764861097033,17.880416666666665,17.61729323924165,oof,fold_2,lightgbm,1.9476486109703313,-1.9476486109703313,True,True
2026-08-19T07:30:00Z,4,Nablus,pm25,1h,11.69,12.782080659084258,15.9940625,16.090580178981252,oof,fold_2,lightgbm,1.0920806590842584,-1.0920806590842584,True,True
2026-08-19T07:30:00Z,5,Nablus,pm25,1h,12.0,11.38333222657554,18.5590625,18.203967773994453,oof,fold_2,lightgbm,0.6166677734244601,0.6166677734244601,True,True
2026-08-19T07:45:00Z,1,Tulkarem,pm25,1h,16.39,12.150081133824322,17.219270833333333,17.091267154565994,oof,fold_2,lightgbm,4.239918866175678,4.239918866175678,True,True
2026-08-19T07:45:00Z,2,Nablus,pm25,1h,13.44,13.92139598666816,17.855104166666667,17.60348884663177,oof,fold_2,lightgbm,0.48139598666815964,-0.48139598666815964,True,True
2026-08-19T07:45:00Z,4,Nablus,pm25,1h,11.91,12.390779148451362,15.96625,16.029408785888844,oof,fold_2,lightgbm,0.4807791484513615,-0.4807791484513615,True,True
2026-08-19T07:45:00Z,5,Nablus,pm25,1h,12.03,12.274239818605372,18.540208333333336,18.14415580843943,oof,fold_2,lightgbm,0.24423981860537225,-0.24423981860537225,True,True
2026-08-19T08:00:00Z,1,Tulkarem,pm25,1h,15.29,12.554476437037613,17.213125,17.07451423524109,oof,fold_2,lightgbm,2.7355235629623866,2.7355235629623866,True,True
2026-08-19T08:00:00Z,2,Nablus,pm25,1h,12.89,13.949258309393908,17.822916666666668,17.567213022103406,oof,fold_2,lightgbm,1.0592583093939076,-1.0592583093939076,True,True
2026-08-19T08:00:00Z,4,Nablus,pm25,1h,12.92,12.275260204501453,15.954791666666663,16.03246015409094,oof,fold_2,lightgbm,0.6447397954985465,0.6447397954985465,True,True
2026-08-19T08:00:00Z,5,Nablus,pm25,1h,11.64,12.198413405853785,18.509479166666665,18.143193081822137,oof,fold_2,lightgbm,0.5584134058537842,-0.5584134058537842,True,True
2026-08-19T08:15:00Z,1,Tulkarem,pm25,1h,12.61,13.228404778980806,17.186354166666668,17.060194280140763,oof,fold_2,lightgbm,0.6184047789808069,-0.6184047789808069,True,True
2026-08-19T08:15:00Z,2,Nablus,pm25,1h,13.19,13.872666319514284,17.8,17.566324362894694,oof,fold_2,lightgbm,0.6826663195142846,-0.6826663195142846,True,True
2026-08-19T08:15:00Z,4,Nablus,pm25,1h,12.07,12.37569527309627,15.939166666666669,16.029571071479772,oof,fold_2,lightgbm,0.3056952730962692,-0.3056952730962692,True,True
2026-08-19T08:15:00Z,5,Nablus,pm25,1h,11.45,11.461471214580524,18.48,18.007470838530697,oof,fold_2,lightgbm,0.011471214580524247,-0.011471214580524247,True,True
2026-08-19T08:30:00Z,1,Tulkarem,pm25,1h,11.01,14.135322484153646,17.141770833333336,17.071378096762412,oof,fold_2,lightgbm,3.1253224841536458,-3.1253224841536458,True,True
2026-08-19T08:30:00Z,2,Nablus,pm25,1h,13.08,12.887721372984025,17.769375,17.562698058379205,oof,fold_2,lightgbm,0.1922786270159751,0.1922786270159751,True,True
2026-08-19T08:30:00Z,4,Nablus,pm25,1h,12.42,12.286617428606226,15.917812499999998,16.03010239519247,oof,fold_2,lightgbm,0.13338257139377419,0.13338257139377419,True,True
2026-08-19T08:30:00Z,5,Nablus,pm25,1h,11.42,12.102179425471078,18.4525,17.985049970434822,oof,fold_2,lightgbm,0.6821794254710785,-0.6821794254710785,True,True
2026-08-19T08:45:00Z,1,Tulkarem,pm25,1h,10.68,14.71017079313152,17.089583333333334,17.15059502910563,oof,fold_2,lightgbm,4.03017079313152,-4.03017079313152,True,True
2026-08-19T08:45:00Z,2,Nablus,pm25,1h,12.48,13.563651232243181,17.740312499999998,17.558049447143606,oof,fold_2,lightgbm,1.0836512322431808,-1.0836512322431808,True,True
2026-08-19T08:45:00Z,4,Nablus,pm25,1h,10.71,12.340678729472627,15.8903125,15.981877008848986,oof,fold_2,lightgbm,1.630678729472626,-1.630678729472626,True,True
2026-08-19T08:45:00Z,5,Nablus,pm25,1h,11.0,12.510487334807031,18.424375,17.932017779551924,oof,fold_2,lightgbm,1.5104873348070313,-1.5104873348070313,True,True
2026-08-19T09:00:00Z,1,Tulkarem,pm25,1h,9.41,13.510275578971214,17.035729166666666,17.09602046332651,oof,fold_2,lightgbm,4.100275578971214,-4.100275578971214,True,True
2026-08-19T09:00:00Z,2,Nablus,pm25,1h,11.57,13.274685460933208,17.7028125,17.559850242053262,oof,fold_2,lightgbm,1.7046854609332076,-1.7046854609332076,True,True
2026-08-19T09:00:00Z,4,Nablus,pm25,1h,11.08,13.237176718440017,15.864062499999998,15.987365590527098,oof,fold_2,lightgbm,2.1571767184400166,-2.1571767184400166,True,True
2026-08-19T09:00:00Z,5,Nablus,pm25,1h,11.33,12.50735767465693,18.403125,17.938060523948998,oof,fold_2,lightgbm,1.17735767465693,-1.17735767465693,True,True
2026-08-19T09:15:00Z,1,Tulkarem,pm25,1h,9.08,10.939743983093392,16.973020833333333,17.05873204222607,oof,fold_2,lightgbm,1.8597439830933915,-1.8597439830933915,True,True
2026-08-19T09:15:00Z,2,Nablus,pm25,1h,11.9,13.738277745733377,17.659583333333334,17.555745436888515,oof,fold_2,lightgbm,1.838277745733377,-1.838277745733377,True,True
2026-08-19T09:15:00Z,4,Nablus,pm25,1h,10.42,12.322865588901989,15.831979166666663,15.863635130104978,oof,fold_2,lightgbm,1.9028655889019888,-1.9028655889019888,True,True
2026-08-19T09:15:00Z,5,Nablus,pm25,1h,10.57,12.521655675055337,18.36864583333333,17.902388520999065,oof,fold_2,lightgbm,1.9516556750553367,-1.9516556750553367,True,True
2026-08-19T09:30:00Z,1,Tulkarem,pm25,1h,8.47,9.683391848238209,16.908854166666668,17.015737533023835,oof,fold_2,lightgbm,1.2133918482382082,-1.2133918482382082,True,True
2026-08-19T09:30:00Z,2,Nablus,pm25,1h,13.01,13.336781970459285,17.637395833333333,17.450805339749827,oof,fold_2,lightgbm,0.3267819704592849,-0.3267819704592849,True,True
2026-08-19T09:30:00Z,4,Nablus,pm25,1h,10.29,13.209954092362608,15.8015625,15.86370462154356,oof,fold_2,lightgbm,2.919954092362609,-2.919954092362609,True,True
2026-08-19T09:30:00Z,5,Nablus,pm25,1h,11.51,12.529540440093916,18.3409375,17.76220311292057,oof,fold_2,lightgbm,1.019540440093916,-1.019540440093916,True,True
2026-08-19T09:45:00Z,1,Tulkarem,pm25,1h,8.92,9.674968743834798,16.853437500000002,16.894174576251064,oof,fold_2,lightgbm,0.7549687438347981,-0.7549687438347981,True,True
2026-08-19T09:45:00Z,2,Nablus,pm25,1h,12.85,12.883427144429685,17.605208333333334,17.45419610406162,oof,fold_2,lightgbm,0.03342714442968564,-0.03342714442968564,True,True
2026-08-19T09:45:00Z,4,Nablus,pm25,1h,11.41,11.986366144304888,15.784479166666666,15.894783781262978,oof,fold_2,lightgbm,0.5763661443048882,-0.5763661443048882,True,True
2026-08-19T09:45:00Z,5,Nablus,pm25,1h,10.85,11.965754324417599,18.305312500000003,17.752620744361,oof,fold_2,lightgbm,1.1157543244175994,-1.1157543244175994,True,True
2026-08-19T10:00:00Z,1,Tulkarem,pm25,1h,8.03,8.42545374683514,16.795729166666664,16.783038141085328,oof,fold_2,lightgbm,0.3954537468351411,-0.3954537468351411,True,True
2026-08-19T10:00:00Z,2,Nablus,pm25,1h,13.87,11.852236274366641,17.572395833333335,17.398197016673937,oof,fold_2,lightgbm,2.0177637256333583,2.0177637256333583,True,True
2026-08-19T10:00:00Z,4,Nablus,pm25,1h,11.64,11.209168825773267,15.769479166666668,15.912061062350025,oof,fold_2,lightgbm,0.4308311742267339,0.4308311742267339,True,True
2026-08-19T10:00:00Z,5,Nablus,pm25,1h,11.45,11.809551477726327,18.28125,17.72608179969258,oof,fold_2,lightgbm,0.35955147772632756,-0.35955147772632756,True,True
2026-08-19T10:15:00Z,1,Tulkarem,pm25,1h,7.7,8.320462308885979,16.734166666666667,16.71251732129747,oof,fold_2,lightgbm,0.6204623088859789,-0.6204623088859789,True,True
2026-08-19T10:15:00Z,2,Nablus,pm25,1h,13.48,11.989280791026083,17.538229166666667,17.39019576143807,oof,fold_2,lightgbm,1.4907192089739176,1.4907192089739176,True,True
2026-08-19T10:15:00Z,4,Nablus,pm25,1h,11.98,11.060834562471042,15.753958333333332,15.902758406478815,oof,fold_2,lightgbm,0.9191654375289584,0.9191654375289584,True,True
2026-08-19T10:15:00Z,5,Nablus,pm25,1h,11.27,10.93584660042826,18.22083333333333,17.61415040900999,oof,fold_2,lightgbm,0.33415339957173984,0.33415339957173984,True,True
2026-08-19T10:30:00Z,1,Tulkarem,pm25,1h,7.14,8.562242889615298,16.66625,16.664934299609413,oof,fold_2,lightgbm,1.4222428896152985,-1.4222428896152985,True,True
2026-08-19T10:30:00Z,2,Nablus,pm25,1h,13.33,12.641523407111022,17.505937499999998,17.422309371011192,oof,fold_2,lightgbm,0.6884765928889784,0.6884765928889784,True,True
2026-08-19T10:30:00Z,4,Nablus,pm25,1h,11.69,10.772290829810844,15.7403125,15.892141667562807,oof,fold_2,lightgbm,0.9177091701891555,0.9177091701891555,True,True
2026-08-19T10:30:00Z,5,Nablus,pm25,1h,14.34,11.48811370875806,18.185625,17.671121779100336,oof,fold_2,lightgbm,2.8518862912419394,2.8518862912419394,True,True
2026-08-19T10:45:00Z,1,Tulkarem,pm25,1h,6.91,8.99791827151092,16.597083333333334,16.626442896246168,oof,fold_2,lightgbm,2.0879182715109206,-2.0879182715109206,True,True
2026-08-19T10:45:00Z,2,Nablus,pm25,1h,13.58,12.672540557043062,17.481354166666666,17.37095470954681,oof,fold_2,lightgbm,0.907459442956938,0.907459442956938,True,True
2026-08-19T10:45:00Z,4,Nablus,pm25,1h,11.33,12.005875395989976,15.726666666666668,15.860525558728803,oof,fold_2,lightgbm,0.6758753959899764,-0.6758753959899764,True,True
2026-08-19T10:45:00Z,5,Nablus,pm25,1h,17.97,10.95832176605021,18.22114583333333,17.65721397012587,oof,fold_2,lightgbm,7.011678233949789,7.011678233949789,True,True
2026-08-19T11:00:00Z,1,Tulkarem,pm25,1h,7.06,8.136888500679705,16.534375,16.49988787254124,oof,fold_2,lightgbm,1.076888500679705,-1.076888500679705,True,True
2026-08-19T11:00:00Z,2,Nablus,pm25,1h,12.62,13.300850127610287,17.448020833333334,17.42429013781198,oof,fold_2,lightgbm,0.6808501276102881,-0.6808501276102881,True,True
2026-08-19T11:00:00Z,4,Nablus,pm25,1h,11.04,12.034709972881522,15.709479166666668,15.882854353271044,oof,fold_2,lightgbm,0.9947099728815232,-0.9947099728815232,True,True
2026-08-19T11:00:00Z,5,Nablus,pm25,1h,12.96,11.431424617960964,18.211875000000003,17.588522679444356,oof,fold_2,lightgbm,1.5285753820390369,1.5285753820390369,True,True
2026-08-19T11:15:00Z,1,Tulkarem,pm25,1h,7.2,8.176015355341171,16.470208333333332,16.48457771951103,oof,fold_2,lightgbm,0.976015355341171,-0.976015355341171,True,True
2026-08-19T11:15:00Z,2,Nablus,pm25,1h,13.56,12.948321916172212,17.423854166666665,17.40270199504282,oof,fold_2,lightgbm,0.6116780838277887,0.6116780838277887,True,True
2026-08-19T11:15:00Z,4,Nablus,pm25,1h,10.51,12.211986827462459,15.688333333333334,15.85569772588218,oof,fold_2,lightgbm,1.7019868274624592,-1.7019868274624592,True,True
2026-08-19T11:15:00Z,5,Nablus,pm25,1h,11.97,11.598339559896079,18.195833333333336,17.361450572600873,oof,fold_2,lightgbm,0.37166044010392163,0.37166044010392163,True,True
2026-08-19T11:30:00Z,1,Tulkarem,pm25,1h,6.92,8.127978671883051,16.40625,16.312473241639957,oof,fold_2,lightgbm,1.2079786718830512,-1.2079786718830512,True,True
2026-08-19T11:30:00Z,2,Nablus,pm25,1h,12.33,13.074967414513639,17.396145833333332,17.38671546216648,oof,fold_2,lightgbm,0.7449674145136385,-0.7449674145136385,True,True
2026-08-19T11:30:00Z,4,Nablus,pm25,1h,11.39,11.884799210229678,15.681562499999998,15.836980343965056,oof,fold_2,lightgbm,0.49479921022967766,-0.49479921022967766,True,True
2026-08-19T11:30:00Z,5,Nablus,pm25,1h,11.78,12.358510178284284,18.17677083333333,17.385725640776005,oof,fold_2,lightgbm,0.5785101782842847,-0.5785101782842847,True,True
2026-08-19T11:45:00Z,1,Tulkarem,pm25,1h,6.59,8.197911614657826,16.343229166666667,16.295132867903448,oof,fold_2,lightgbm,1.6079116146578265,-1.6079116146578265,True,True
2026-08-19T11:45:00Z,2,Nablus,pm25,1h,12.63,13.169174659743256,17.365416666666665,17.401239119319815,oof,fold_2,lightgbm,0.5391746597432547,-0.5391746597432547,True,True
2026-08-19T11:45:00Z,4,Nablus,pm25,1h,9.41,11.715037115487005,15.64875,15.808617565193854,oof,fold_2,lightgbm,2.3050371154870053,-2.3050371154870053,True,True
2026-08-19T11:45:00Z,5,Nablus,pm25,1h,11.52,14.066908701776429,18.1534375,17.58861843769125,oof,fold_2,lightgbm,2.546908701776429,-2.546908701776429,True,True
2026-08-19T12:00:00Z,1,Tulkarem,pm25,1h,7.52,8.10256258045511,16.286145833333332,16.224080252513456,oof,fold_2,lightgbm,0.5825625804551109,-0.5825625804551109,True,True
2026-08-19T12:00:00Z,2,Nablus,pm25,1h,13.44,12.432747554246978,17.3446875,17.400590834815898,oof,fold_2,lightgbm,1.0072524457530214,1.0072524457530214,True,True
2026-08-19T12:00:00Z,4,Nablus,pm25,1h,9.42,10.858228545017347,15.622604166666669,15.80630207025701,oof,fold_2,lightgbm,1.4382285450173473,-1.4382285450173473,True,True
2026-08-19T12:00:00Z,5,Nablus,pm25,1h,11.34,12.170301055115141,18.131979166666667,17.45887686649509,oof,fold_2,lightgbm,0.8303010551151413,-0.8303010551151413,True,True
2026-08-19T12:15:00Z,1,Tulkarem,pm25,1h,7.57,7.9534848835231235,16.223958333333332,16.233161517657962,oof,fold_2,lightgbm,0.38348488352312327,-0.38348488352312327,True,True
2026-08-19T12:15:00Z,2,Nablus,pm25,1h,12.61,13.12232211665869,17.313125,17.30076307365816,oof,fold_2,lightgbm,0.5123221166586909,-0.5123221166586909,True,True
2026-08-19T12:15:00Z,4,Nablus,pm25,1h,9.35,10.59586586988653,15.6,15.806175452106952,oof,fold_2,lightgbm,1.245865869886531,-1.245865869886531,True,True
2026-08-19T12:15:00Z,5,Nablus,pm25,1h,11.88,11.46518389832011,18.114166666666662,17.436586692340683,oof,fold_2,lightgbm,0.41481610167989125,0.41481610167989125,True,True
2026-08-19T12:30:00Z,1,Tulkarem,pm25,1h,7.16,7.918670001072702,16.151354166666668,16.17229993133063,oof,fold_2,lightgbm,0.7586700010727014,-0.7586700010727014,True,True
2026-08-19T12:30:00Z,2,Nablus,pm25,1h,12.04,12.16242663006566,17.286770833333332,17.262844869873987,oof,fold_2,lightgbm,0.1224266300656609,-0.1224266300656609,True,True
2026-08-19T12:30:00Z,4,Nablus,pm25,1h,8.92,11.527339680413858,15.575104166666668,15.80086919139734,oof,fold_2,lightgbm,2.607339680413858,-2.607339680413858,True,True
2026-08-19T12:30:00Z,5,Nablus,pm25,1h,11.33,11.720545421355077,18.09,17.451475874128374,oof,fold_2,lightgbm,0.3905454213550765,-0.3905454213550765,True,True
2026-08-19T12:45:00Z,1,Tulkarem,pm25,1h,7.89,7.93723387646887,16.084583333333335,16.16476134058705,oof,fold_2,lightgbm,0.04723387646887023,-0.04723387646887023,True,True
2026-08-19T12:45:00Z,2,Nablus,pm25,1h,12.19,12.82993755957675,17.262395833333333,17.267073435453256,oof,fold_2,lightgbm,0.6399375595767509,-0.6399375595767509,True,True
2026-08-19T12:45:00Z,4,Nablus,pm25,1h,8.89,9.775450350631349,15.554375,15.75223362600771,oof,fold_2,lightgbm,0.8854503506313485,-0.8854503506313485,True,True
2026-08-19T12:45:00Z,5,Nablus,pm25,1h,10.96,11.933987864619173,18.060625,17.462559239956715,oof,fold_2,lightgbm,0.973987864619172,-0.973987864619172,True,True
2026-08-19T13:00:00Z,1,Tulkarem,pm25,1h,7.3,7.841809916065619,16.005104166666666,16.08450177313061,oof,fold_2,lightgbm,0.5418099160656196,-0.5418099160656196,True,True
2026-08-19T13:00:00Z,2,Nablus,pm25,1h,11.49,13.181801753267898,17.23302083333333,17.28224656522091,oof,fold_2,lightgbm,1.6918017532678977,-1.6918017532678977,True,True
2026-08-19T13:00:00Z,4,Nablus,pm25,1h,8.7,9.666792342585167,15.531354166666668,15.66650139494093,oof,fold_2,lightgbm,0.9667923425851672,-0.9667923425851672,True,True
2026-08-19T13:00:00Z,5,Nablus,pm25,1h,11.02,12.08044861366284,18.03375,17.477199362330065,oof,fold_2,lightgbm,1.0604486136628406,-1.0604486136628406,True,True
2026-08-19T13:15:00Z,1,Tulkarem,pm25,1h,7.26,7.772800934439993,15.9190625,16.07097114698932,oof,fold_2,lightgbm,0.5128009344399933,-0.5128009344399933,True,True
2026-08-19T13:15:00Z,2,Nablus,pm25,1h,10.34,12.701316133711765,17.18916666666667,17.218801194430863,oof,fold_2,lightgbm,2.3613161337117656,-2.3613161337117656,True,True
2026-08-19T13:15:00Z,4,Nablus,pm25,1h,8.21,9.60526437166503,15.463645833333333,15.592323547698546,oof,fold_2,lightgbm,1.3952643716650286,-1.3952643716650286,True,True
2026-08-19T13:15:00Z,5,Nablus,pm25,1h,11.2,12.09650572237171,18.009583333333335,17.47617768604723,oof,fold_2,lightgbm,0.8965057223717103,-0.8965057223717103,True,True
2026-08-19T13:30:00Z,1,Tulkarem,pm25,1h,9.66,7.9699140752148505,15.8596875,15.95094513105458,oof,fold_2,lightgbm,1.6900859247851496,1.6900859247851496,True,True
2026-08-19T13:30:00Z,2,Nablus,pm25,1h,10.21,12.068846432321253,17.1371875,17.2011302357305,oof,fold_2,lightgbm,1.8588464323212524,-1.8588464323212524,True,True
2026-08-19T13:30:00Z,4,Nablus,pm25,1h,8.38,9.437788821812912,15.412604166666666,15.355920697579194,oof,fold_2,lightgbm,1.0577888218129115,-1.0577888218129115,True,True
2026-08-19T13:30:00Z,5,Nablus,pm25,1h,10.97,12.042639559452946,17.97625,17.413508463388112,oof,fold_2,lightgbm,1.072639559452945,-1.072639559452945,True,True
2026-08-19T13:45:00Z,1,Tulkarem,pm25,1h,6.31,8.090495327460754,15.765729166666668,15.845623018639326,oof,fold_2,lightgbm,1.7804953274607547,-1.7804953274607547,True,True
2026-08-19T13:45:00Z,2,Nablus,pm25,1h,11.43,12.274886675123012,17.0946875,17.14346582728229,oof,fold_2,lightgbm,0.8448866751230124,-0.8448866751230124,True,True
2026-08-19T13:45:00Z,4,Nablus,pm25,1h,9.09,9.446416546906756,15.336875,15.353344026917757,oof,fold_2,lightgbm,0.3564165469067557,-0.3564165469067557,True,True
2026-08-19T13:45:00Z,5,Nablus,pm25,1h,11.35,11.311270839537164,17.934895833333332,17.38597531661477,oof,fold_2,lightgbm,0.03872916046283592,0.03872916046283592,True,True
2026-08-19T14:00:00Z,1,Tulkarem,pm25,1h,6.04,8.321256479399782,15.666666666666666,15.799201398212052,oof,fold_2,lightgbm,2.281256479399782,-2.281256479399782,True,True
2026-08-19T14:00:00Z,2,Nablus,pm25,1h,10.64,12.217481741942054,17.0240625,17.14858277993333,oof,fold_2,lightgbm,1.5774817419420533,-1.5774817419420533,True,True
2026-08-19T14:00:00Z,4,Nablus,pm25,1h,9.14,9.516300422792698,15.291979166666666,15.199183181853371,oof,fold_2,lightgbm,0.3763004227926974,-0.3763004227926974,True,True
2026-08-19T14:00:00Z,5,Nablus,pm25,1h,11.4,11.468367489237323,17.881666666666668,17.41284481889876,oof,fold_2,lightgbm,0.06836748923732294,-0.06836748923732294,True,True
2026-08-19T14:15:00Z,1,Tulkarem,pm25,1h,5.58,8.545916381642492,15.562708333333331,15.776846803782707,oof,fold_2,lightgbm,2.965916381642492,-2.965916381642492,True,True
2026-08-19T14:15:00Z,2,Nablus,pm25,1h,10.68,11.181060903406713,16.965729166666666,17.05944936005773,oof,fold_2,lightgbm,0.5010609034067137,-0.5010609034067137,True,True
2026-08-19T14:15:00Z,4,Nablus,pm25,1h,9.19,9.166175759730361,15.2484375,15.177122928719616,oof,fold_2,lightgbm,0.023824240269638253,0.023824240269638253,True,True
2026-08-19T14:15:00Z,5,Nablus,pm25,1h,11.96,12.274910044887777,17.825208333333332,17.42272383230526,oof,fold_2,lightgbm,0.3149100448877764,-0.3149100448877764,True,True
2026-08-19T14:30:00Z,1,Tulkarem,pm25,1h,5.76,9.074536950793048,15.459270833333331,15.819013361568622,oof,fold_2,lightgbm,3.314536950793048,-3.314536950793048,True,True
2026-08-19T14:30:00Z,2,Nablus,pm25,1h,10.02,10.633656641269832,16.8975,17.039434240781326,oof,fold_2,lightgbm,0.6136566412698325,-0.6136566412698325,True,True
2026-08-19T14:30:00Z,4,Nablus,pm25,1h,8.62,9.26858819178684,15.188854166666667,15.167181858713414,oof,fold_2,lightgbm,0.6485881917868408,-0.6485881917868408,True,True
2026-08-19T14:30:00Z,5,Nablus,pm25,1h,11.63,11.642738023426237,17.761458333333334,17.426024394223393,oof,fold_2,lightgbm,0.012738023426235756,-0.012738023426235756,True,True
2026-08-19T14:45:00Z,1,Tulkarem,pm25,1h,5.37,7.808951883572353,15.352916666666667,15.75744264993338,oof,fold_2,lightgbm,2.4389518835723525,-2.4389518835723525,True,True
2026-08-19T14:45:00Z,2,Nablus,pm25,1h,10.76,11.847194850962662,16.831458333333334,17.011739181055027,oof,fold_2,lightgbm,1.0871948509626623,-1.0871948509626623,True,True
2026-08-19T14:45:00Z,4,Nablus,pm25,1h,8.71,9.852711397407967,15.128645833333332,15.09503142679614,oof,fold_2,lightgbm,1.1427113974079663,-1.1427113974079663,True,True
2026-08-19T14:45:00Z,5,Nablus,pm25,1h,11.8,12.343840450977295,17.693854166666664,17.459024779849,oof,fold_2,lightgbm,0.543840450977294,-0.543840450977294,True,True
2026-08-19T15:15:00Z,1,Tulkarem,pm25,1h,6.49,9.989618422721486,15.227789473684211,15.347544111931871,oof,fold_2,lightgbm,3.499618422721486,-3.499618422721486,True,True
2026-08-19T15:15:00Z,2,Nablus,pm25,1h,11.25,12.981796606012608,16.702526315789473,16.861807762744075,oof,fold_2,lightgbm,1.7317966060126082,-1.7317966060126082,True,True
2026-08-19T15:15:00Z,4,Nablus,pm25,1h,9.62,12.125993688586172,15.044526315789474,15.136869034459192,oof,fold_2,lightgbm,2.505993688586173,-2.505993688586173,True,True
2026-08-19T15:15:00Z,5,Nablus,pm25,1h,12.22,14.312755616581331,17.595157894736843,17.505708936606066,oof,fold_2,lightgbm,2.0927556165813304,-2.0927556165813304,True,True
2026-08-19T15:30:00Z,1,Tulkarem,pm25,1h,7.7,10.73443116807215,15.115894736842105,15.203892730996149,oof,fold_2,lightgbm,3.0344311680721505,-3.0344311680721505,True,True
2026-08-19T15:30:00Z,2,Nablus,pm25,1h,11.42,12.243678081395597,16.596526315789472,16.863816402857275,oof,fold_2,lightgbm,0.8236780813955971,-0.8236780813955971,True,True
2026-08-19T15:30:00Z,4,Nablus,pm25,1h,9.23,11.715632854979443,14.945473684210528,14.993457981700649,oof,fold_2,lightgbm,2.4856328549794426,-2.4856328549794426,False,False
2026-08-19T15:30:00Z,5,Nablus,pm25,1h,11.27,14.001652417703127,17.49442105263158,17.399699393610543,oof,fold_2,lightgbm,2.7316524177031276,-2.7316524177031276,True,True
2026-08-19T15:45:00Z,1,Tulkarem,pm25,1h,8.1,10.41703282928733,15.00021052631579,14.981865433907753,oof,fold_2,lightgbm,2.3170328292873297,-2.3170328292873297,True,False
2026-08-19T15:45:00Z,2,Nablus,pm25,1h,12.2,12.99394984618613,16.49621052631579,16.69172905592448,oof,fold_2,lightgbm,0.7939498461861305,-0.7939498461861305,True,True
2026-08-19T15:45:00Z,4,Nablus,pm25,1h,10.02,11.962733470490889,14.84642105263158,14.92784238057898,oof,fold_2,lightgbm,1.9427334704908894,-1.9427334704908894,False,False
2026-08-19T15:45:00Z,5,Nablus,pm25,1h,11.58,14.085257501231911,17.387684210526317,17.381466306538762,oof,fold_2,lightgbm,2.5052575012319114,-2.5052575012319114,True,True
2026-08-19T16:15:00Z,1,Tulkarem,pm25,1h,7.63,11.694182845476373,14.76842105263158,15.052570246762945,oof,fold_2,lightgbm,4.064182845476373,-4.064182845476373,False,True
2026-08-19T16:15:00Z,2,Nablus,pm25,1h,13.08,13.827557780885183,16.284105263157894,16.600715456105323,oof,fold_2,lightgbm,0.7475577808851828,-0.7475577808851828,True,True
2026-08-19T16:15:00Z,4,Nablus,pm25,1h,10.84,12.478113216313588,14.631473684210526,14.90438910203426,oof,fold_2,lightgbm,1.638113216313588,-1.638113216313588,False,False
2026-08-19T16:15:00Z,5,Nablus,pm25,1h,11.91,14.021243327125632,17.15063157894737,17.282112247748373,oof,fold_2,lightgbm,2.1112433271256315,-2.1112433271256315,True,True
2026-08-19T16:30:00Z,1,Tulkarem,pm25,1h,7.75,11.051936775340058,14.652526315789476,14.944533669471186,oof,fold_2,lightgbm,3.3019367753400584,-3.3019367753400584,False,False
2026-08-19T16:30:00Z,2,Nablus,pm25,1h,12.54,13.568500852908683,16.17442105263158,16.501290105942687,oof,fold_2,lightgbm,1.0285008529086834,-1.0285008529086834,True,True
2026-08-19T16:30:00Z,4,Nablus,pm25,1h,10.69,12.371496959536874,14.519684210526314,14.773259217637078,oof,fold_2,lightgbm,1.681496959536874,-1.681496959536874,False,False
2026-08-19T16:30:00Z,5,Nablus,pm25,1h,17.34,13.310309016569658,17.082842105263158,17.23617791786663,oof,fold_2,lightgbm,4.029690983430342,4.029690983430342,True,True
2026-08-19T16:45:00Z,1,Tulkarem,pm25,1h,8.93,11.072320215650793,14.546105263157896,14.70274340925356,oof,fold_2,lightgbm,2.142320215650793,-2.142320215650793,False,False
2026-08-19T16:45:00Z,2,Nablus,pm25,1h,12.0,13.570917945779673,16.04905263157895,16.378245285455762,oof,fold_2,lightgbm,1.570917945779673,-1.570917945779673,True,True
2026-08-19T16:45:00Z,4,Nablus,pm25,1h,10.76,12.673513999725321,14.409894736842103,14.81621241526502,oof,fold_2,lightgbm,1.9135139997253212,-1.9135139997253212,False,False
2026-08-19T16:45:00Z,5,Nablus,pm25,1h,11.31,13.49607849404354,16.949473684210528,17.106662673088984,oof,fold_2,lightgbm,2.1860784940435387,-2.1860784940435387,True,True
2026-08-19T17:00:00Z,1,Tulkarem,pm25,1h,7.87,10.86491024098035,14.41978947368421,14.684029142232253,oof,fold_2,lightgbm,2.9949102409803503,-2.9949102409803503,False,False
2026-08-19T17:00:00Z,2,Nablus,pm25,1h,13.08,13.948689947024143,15.93621052631579,16.42760927985476,oof,fold_2,lightgbm,0.8686899470241425,-0.8686899470241425,True,True
2026-08-19T17:00:00Z,4,Nablus,pm25,1h,10.92,12.878620160939505,14.298210526315788,14.594723364032598,oof,fold_2,lightgbm,1.958620160939505,-1.958620160939505,False,False
2026-08-19T17:00:00Z,5,Nablus,pm25,1h,11.73,12.602716001137445,16.818421052631578,17.00420627660728,oof,fold_2,lightgbm,0.8727160011374444,-0.8727160011374444,True,True
2026-08-19T17:15:00Z,1,Tulkarem,pm25,1h,7.66,10.330511628436899,14.301894736842106,14.577142574260435,oof,fold_2,lightgbm,2.6705116284368984,-2.6705116284368984,False,False
2026-08-19T17:15:00Z,2,Nablus,pm25,1h,12.05,13.928881382134948,15.803894736842103,16.38828626815078,oof,fold_2,lightgbm,1.8788813821349475,-1.8788813821349475,True,True
2026-08-19T17:15:00Z,4,Nablus,pm25,1h,11.89,13.09393501781131,14.18863157894737,14.383808758805182,oof,fold_2,lightgbm,1.2039350178113093,-1.2039350178113093,False,False
2026-08-19T17:15:00Z,5,Nablus,pm25,1h,11.99,12.962455189094161,16.702105263157897,16.990307937356988,oof,fold_2,lightgbm,0.9724551890941608,-0.9724551890941608,True,True
2026-08-19T17:30:00Z,1,Tulkarem,pm25,1h,8.53,9.771491795248467,14.18863157894737,14.464957187461895,oof,fold_2,lightgbm,1.2414917952484679,-1.2414917952484679,False,False
2026-08-19T17:30:00Z,2,Nablus,pm25,1h,11.42,13.849189948301708,15.659894736842103,16.296662628517442,oof,fold_2,lightgbm,2.4291899483017083,-2.4291899483017083,True,True
2026-08-19T17:30:00Z,4,Nablus,pm25,1h,11.76,13.037683122034267,14.08284210526316,14.270830914828244,oof,fold_2,lightgbm,1.2776831220342668,-1.2776831220342668,False,False
2026-08-19T17:30:00Z,5,Nablus,pm25,1h,11.52,15.620580888921452,16.575052631578945,17.01897291968065,oof,fold_2,lightgbm,4.100580888921453,-4.100580888921453,True,True
2026-08-19T17:45:00Z,1,Tulkarem,pm25,1h,8.43,10.080929371241302,14.072526315789474,14.291368481096356,oof,fold_2,lightgbm,1.6509293712413022,-1.6509293712413022,False,False
2026-08-19T17:45:00Z,2,Nablus,pm25,1h,11.95,13.372449443782859,15.521368421052632,16.126190677503185,oof,fold_2,lightgbm,1.4224494437828596,-1.4224494437828596,True,True
2026-08-19T17:45:00Z,4,Nablus,pm25,1h,11.72,13.203733672129744,13.979368421052634,14.290563530542475,oof,fold_2,lightgbm,1.483733672129743,-1.483733672129743,False,False
2026-08-19T17:45:00Z,5,Nablus,pm25,1h,11.99,12.18996181353251,16.454315789473686,16.80538328334571,oof,fold_2,lightgbm,0.19996181353250897,-0.19996181353250897,True,True
2026-08-19T18:00:00Z,1,Tulkarem,pm25,1h,7.69,8.994920169098785,13.95326315789474,14.262045005586916,oof,fold_2,lightgbm,1.3049201690987848,-1.3049201690987848,False,False
2026-08-19T18:00:00Z,2,Nablus,pm25,1h,13.15,13.86918800166049,15.37884210526316,16.08889930311385,oof,fold_2,lightgbm,0.7191880016604895,-0.7191880016604895,True,True
2026-08-19T18:00:00Z,4,Nablus,pm25,1h,12.15,12.929215203480355,13.87736842105263,14.18559036337891,oof,fold_2,lightgbm,0.779215203480355,-0.779215203480355,False,False
2026-08-19T18:00:00Z,5,Nablus,pm25,1h,12.3,12.079129634596342,16.343263157894736,16.620776519801865,oof,fold_2,lightgbm,0.220870365403659,0.220870365403659,True,True
2026-08-19T18:15:00Z,1,Tulkarem,pm25,1h,7.87,9.294735626576774,13.83736842105263,14.098863291398192,oof,fold_2,lightgbm,1.4247356265767737,-1.4247356265767737,False,False
2026-08-19T18:15:00Z,2,Nablus,pm25,1h,12.9,13.319674090604405,15.264210526315791,16.076500674885235,oof,fold_2,lightgbm,0.4196740906044045,-0.4196740906044045,True,True
2026-08-19T18:15:00Z,4,Nablus,pm25,1h,11.58,13.49442428498206,13.768315789473682,14.070168391140234,oof,fold_2,lightgbm,1.9144242849820596,-1.9144242849820596,False,False
2026-08-19T18:15:00Z,5,Nablus,pm25,1h,12.1,12.247525689406247,16.225578947368422,16.52441060550131,oof,fold_2,lightgbm,0.14752568940624755,-0.14752568940624755,True,True
2026-08-19T18:30:00Z,1,Tulkarem,pm25,1h,7.99,9.55816400965821,13.719894736842104,13.967528984998935,oof,fold_2,lightgbm,1.5681640096582097,-1.5681640096582097,False,False
2026-08-19T18:30:00Z,2,Nablus,pm25,1h,12.31,13.068477420426676,15.145473684210526,15.95910730331803,oof,fold_2,lightgbm,0.7584774204266758,-0.7584774204266758,True,True
2026-08-19T18:30:00Z,4,Nablus,pm25,1h,11.1,13.066420333608752,13.65042105263158,13.978757360127739,oof,fold_2,lightgbm,1.9664203336087525,-1.9664203336087525,False,False
2026-08-19T18:30:00Z,5,Nablus,pm25,1h,12.51,12.724242828956774,16.127157894736843,16.440583893324625,oof,fold_2,lightgbm,0.21424282895677393,-0.21424282895677393,True,True
2026-08-19T18:45:00Z,1,Tulkarem,pm25,1h,7.71,11.535181991738925,13.610105263157894,13.877265862521122,oof,fold_2,lightgbm,3.8251819917389254,-3.8251819917389254,False,False
2026-08-19T18:45:00Z,2,Nablus,pm25,1h,12.4,13.369138695514753,15.033263157894735,15.399570777458274,oof,fold_2,lightgbm,0.9691386955147525,-0.9691386955147525,True,True
2026-08-19T18:45:00Z,4,Nablus,pm25,1h,11.12,12.97601619742997,13.546631578947366,13.770963858989113,oof,fold_2,lightgbm,1.8560161974299714,-1.8560161974299714,False,False
2026-08-19T18:45:00Z,5,Nablus,pm25,1h,13.31,12.851615108868467,16.022526315789474,16.310909070886403,oof,fold_2,lightgbm,0.4583848911315336,0.4583848911315336,True,True
2026-08-19T19:00:00Z,1,Tulkarem,pm25,1h,7.65,10.159063027612643,13.495578947368422,13.662019886993884,oof,fold_2,lightgbm,2.509063027612642,-2.509063027612642,False,False
2026-08-19T19:00:00Z,2,Nablus,pm25,1h,12.93,14.13890282821073,14.917999999999996,15.20487608057157,oof,fold_2,lightgbm,1.2089028282107304,-1.2089028282107304,False,True
2026-08-19T19:00:00Z,4,Nablus,pm25,1h,10.59,12.94128315654588,13.448105263157895,13.792553848206556,oof,fold_2,lightgbm,2.3512831565458807,-2.3512831565458807,False,False
2026-08-19T19:00:00Z,5,Nablus,pm25,1h,11.85,12.781053389327985,15.925052631578946,16.189629830651032,oof,fold_2,lightgbm,0.9310533893279853,-0.9310533893279853,True,True
2026-08-19T19:15:00Z,1,Tulkarem,pm25,1h,8.64,9.504817622646751,13.395789473684207,13.566467310991921,oof,fold_2,lightgbm,0.8648176226467506,-0.8648176226467506,False,False
2026-08-19T19:15:00Z,2,Nablus,pm25,1h,13.76,13.303489475042435,14.827999999999998,15.241505841638853,oof,fold_2,lightgbm,0.45651052495756517,0.45651052495756517,False,True
2026-08-19T19:15:00Z,4,Nablus,pm25,1h,11.26,12.630638498276545,13.35842105263158,13.7772315745047,oof,fold_2,lightgbm,1.370638498276545,-1.370638498276545,False,False
2026-08-19T19:15:00Z,5,Nablus,pm25,1h,10.09,12.278838058760613,15.806105263157896,16.10064837918228,oof,fold_2,lightgbm,2.188838058760613,-2.188838058760613,True,True
2026-08-19T19:30:00Z,1,Tulkarem,pm25,1h,9.02,9.929022676895501,13.31378947368421,13.478289700200625,oof,fold_2,lightgbm,0.9090226768955016,-0.9090226768955016,False,False
2026-08-19T19:30:00Z,2,Nablus,pm25,1h,13.28,12.89426652282428,14.73315789473684,15.183676575839817,oof,fold_2,lightgbm,0.3857334771757195,0.3857334771757195,False,True
2026-08-19T19:30:00Z,4,Nablus,pm25,1h,11.58,12.118181013331105,13.269473684210526,13.66778108090861,oof,fold_2,lightgbm,0.5381810133311049,-0.5381810133311049,False,False
2026-08-19T19:30:00Z,5,Nablus,pm25,1h,12.28,12.913032638694794,15.71221052631579,16.0132936915484,oof,fold_2,lightgbm,0.6330326386947949,-0.6330326386947949,True,True
2026-08-19T19:45:00Z,1,Tulkarem,pm25,1h,9.73,10.14785095487424,13.241368421052632,13.189065663663467,oof,fold_2,lightgbm,0.41785095487423973,-0.41785095487423973,False,False
2026-08-19T19:45:00Z,2,Nablus,pm25,1h,13.21,13.449453040501735,14.64778947368421,15.071097232076289,oof,fold_2,lightgbm,0.23945304050173455,-0.23945304050173455,False,True
2026-08-19T19:45:00Z,4,Nablus,pm25,1h,11.44,11.954457815910619,13.18978947368421,13.423696465441521,oof,fold_2,lightgbm,0.5144578159106192,-0.5144578159106192,False,False
2026-08-19T19:45:00Z,5,Nablus,pm25,1h,12.94,13.240762270696377,15.617368421052632,15.911796515828224,oof,fold_2,lightgbm,0.30076227069637795,-0.30076227069637795,True,True
2026-08-19T20:00:00Z,1,Tulkarem,pm25,1h,9.13,10.454560055073015,13.159368421052632,13.110832899376899,oof,fold_2,lightgbm,1.3245600550730146,-1.3245600550730146,False,False
2026-08-19T20:00:00Z,2,Nablus,pm25,1h,14.17,13.558593711299428,14.571263157894736,14.849166055969938,oof,fold_2,lightgbm,0.6114062887005716,0.6114062887005716,False,False
2026-08-19T20:00:00Z,4,Nablus,pm25,1h,11.47,11.77126714583259,13.111263157894738,13.344399516808906,oof,fold_2,lightgbm,0.30126714583258973,-0.30126714583258973,False,False
2026-08-19T20:00:00Z,5,Nablus,pm25,1h,13.0,12.151030690758937,15.519684210526316,15.84844979505519,oof,fold_2,lightgbm,0.8489693092410633,0.8489693092410633,True,True
2026-08-19T20:15:00Z,1,Tulkarem,pm25,1h,8.52,10.866575240879447,13.068105263157896,13.00841412541683,oof,fold_2,lightgbm,2.3465752408794476,-2.3465752408794476,False,False
2026-08-19T20:15:00Z,2,Nablus,pm25,1h,13.8,14.68346988744875,14.496421052631575,14.797298081121777,oof,fold_2,lightgbm,0.883469887448749,-0.883469887448749,False,False
2026-08-19T20:15:00Z,4,Nablus,pm25,1h,12.48,12.372022261447412,13.041157894736845,13.207979570115187,oof,fold_2,lightgbm,0.10797773855258797,0.10797773855258797,False,False
2026-08-19T20:15:00Z,5,Nablus,pm25,1h,13.01,10.445312178250473,15.425263157894738,15.821192346706747,oof,fold_2,lightgbm,2.5646878217495264,2.5646878217495264,True,True
2026-08-19T20:30:00Z,1,Tulkarem,pm25,1h,9.04,11.039295736381511,12.979894736842107,13.066733310440668,oof,fold_2,lightgbm,1.9992957363815123,-1.9992957363815123,False,False
2026-08-19T20:30:00Z,2,Nablus,pm25,1h,14.48,13.941615184019206,14.430736842105263,14.664255973081492,oof,fold_2,lightgbm,0.5383848159807947,0.5383848159807947,False,False
2026-08-19T20:30:00Z,4,Nablus,pm25,1h,12.72,12.556245254680814,12.967684210526317,13.199174336153153,oof,fold_2,lightgbm,0.16375474531918677,0.16375474531918677,False,False
2026-08-19T20:30:00Z,5,Nablus,pm25,1h,12.68,12.282975633427556,15.336,15.740919952253401,oof,fold_2,lightgbm,0.39702436657244355,0.39702436657244355,True,True
2026-08-19T20:45:00Z,1,Tulkarem,pm25,1h,9.04,12.583402795909675,12.894631578947369,12.842150161772896,oof,fold_2,lightgbm,3.5434027959096763,-3.5434027959096763,False,False
2026-08-19T20:45:00Z,2,Nablus,pm25,1h,13.7,14.00290621539219,14.356736842105263,14.64404613801348,oof,fold_2,lightgbm,0.3029062153921913,-0.3029062153921913,False,False
2026-08-19T20:45:00Z,4,Nablus,pm25,1h,11.99,12.607642672443696,12.880315789473686,13.020583619175197,oof,fold_2,lightgbm,0.6176426724436954,-0.6176426724436954,False,False
2026-08-19T20:45:00Z,5,Nablus,pm25,1h,13.14,13.114848711610373,15.227684210526316,15.888147222818573,oof,fold_2,lightgbm,0.02515128838962788,0.02515128838962788,True,True
2026-08-19T21:00:00Z,1,Tulkarem,pm25,1h,9.51,12.43853508682928,12.810526315789474,12.827921430870967,oof,fold_2,lightgbm,2.92853508682928,-2.92853508682928,False,False
2026-08-19T21:00:00Z,2,Nablus,pm25,1h,12.98,15.009889427060338,14.260842105263158,14.489696711340516,oof,fold_2,lightgbm,2.029889427060338,-2.029889427060338,False,False
2026-08-19T21:00:00Z,4,Nablus,pm25,1h,11.79,12.561567833629205,12.78957894736842,12.933125906330947,oof,fold_2,lightgbm,0.7715678336292058,-0.7715678336292058,False,False
2026-08-19T21:00:00Z,5,Nablus,pm25,1h,13.58,13.18838197165296,15.120842105263158,15.413478931072257,oof,fold_2,lightgbm,0.3916180283470396,0.3916180283470396,True,True
2026-08-19T21:15:00Z,1,Tulkarem,pm25,1h,10.3,11.807968277744667,12.732526315789473,12.796256500406413,oof,fold_2,lightgbm,1.5079682777446664,-1.5079682777446664,False,False
2026-08-19T21:15:00Z,2,Nablus,pm25,1h,12.01,15.11308772113613,14.159052631578948,14.404334160994505,oof,fold_2,lightgbm,3.1030877211361307,-3.1030877211361307,False,False
2026-08-19T21:15:00Z,4,Nablus,pm25,1h,12.71,12.9202376981571,12.69315789473684,12.952323160435876,oof,fold_2,lightgbm,0.21023769815709947,-0.21023769815709947,False,False
2026-08-19T21:15:00Z,5,Nablus,pm25,1h,12.94,12.794833192237178,15.008631578947368,15.332397661136577,oof,fold_2,lightgbm,0.14516680776282165,0.14516680776282165,True,True
2026-08-19T21:30:00Z,1,Tulkarem,pm25,1h,13.64,12.269106687346806,12.688736842105264,12.802309166192146,oof,fold_2,lightgbm,1.3708933126531946,1.3708933126531946,False,False
2026-08-19T21:30:00Z,2,Nablus,pm25,1h,12.32,16.0366167184388,14.067894736842106,14.446706113184451,oof,fold_2,lightgbm,3.7166167184388,-3.7166167184388,False,False
2026-08-19T21:30:00Z,4,Nablus,pm25,1h,12.38,13.052659398763518,12.607157894736842,12.944078235541015,oof,fold_2,lightgbm,0.6726593987635177,-0.6726593987635177,False,False
2026-08-19T21:30:00Z,5,Nablus,pm25,1h,13.52,13.226311314214136,14.862315789473683,15.217852784759364,oof,fold_2,lightgbm,0.29368868578586316,0.29368868578586316,False,True
2026-08-19T21:45:00Z,1,Tulkarem,pm25,1h,14.76,12.333077498393875,12.64642105263158,12.771611375363232,oof,fold_2,lightgbm,2.426922501606125,2.426922501606125,False,False
2026-08-19T21:45:00Z,2,Nablus,pm25,1h,12.85,15.039654347497693,13.981894736842108,14.35276142553622,oof,fold_2,lightgbm,2.1896543474976937,-2.1896543474976937,False,False
2026-08-19T21:45:00Z,4,Nablus,pm25,1h,12.19,12.756020198475401,12.523263157894736,12.883273160511052,oof,fold_2,lightgbm,0.5660201984754014,-0.5660201984754014,False,False
2026-08-19T21:45:00Z,5,Nablus,pm25,1h,15.01,13.443107755025368,14.774526315789473,15.195719536803374,oof,fold_2,lightgbm,1.5668922449746319,1.5668922449746319,False,True
2026-08-19T22:15:00Z,1,Tulkarem,pm25,1h,11.98,13.533218435419398,12.406421052631575,12.593907266789493,oof,fold_2,lightgbm,1.5532184354193976,-1.5532184354193976,False,False
2026-08-19T22:15:00Z,2,Nablus,pm25,1h,12.37,12.871420707280812,13.810947368421052,14.193639854445172,oof,fold_2,lightgbm,0.501420707280813,-0.501420707280813,False,False
2026-08-19T22:15:00Z,4,Nablus,pm25,1h,10.9,13.050860460702289,12.341052631578943,12.64422823083503,oof,fold_2,lightgbm,2.1508604607022885,-2.1508604607022885,False,False
2026-08-19T22:15:00Z,5,Nablus,pm25,1h,13.1,13.107293615478,14.582736842105264,14.938094190507508,oof,fold_2,lightgbm,0.007293615477999893,-0.007293615477999893,False,False
2026-08-19T22:30:00Z,1,Tulkarem,pm25,1h,13.77,12.580090906950458,12.325684210526314,12.490117117423607,oof,fold_2,lightgbm,1.1899090930495415,1.1899090930495415,False,False
2026-08-19T22:30:00Z,2,Nablus,pm25,1h,12.1,13.006841454607,13.729473684210523,14.110117121826399,oof,fold_2,lightgbm,0.9068414546070009,-0.9068414546070009,False,False
2026-08-19T22:30:00Z,4,Nablus,pm25,1h,10.89,13.14893474656987,12.258947368421056,12.646410978989566,oof,fold_2,lightgbm,2.258934746569869,-2.258934746569869,False,False
2026-08-19T22:30:00Z,5,Nablus,pm25,1h,13.09,13.779676196159917,14.481684210526316,14.855393532313393,oof,fold_2,lightgbm,0.6896761961599172,-0.6896761961599172,False,False
2026-08-19T22:45:00Z,1,Tulkarem,pm25,1h,13.44,14.83816702486489,12.240105263157892,12.542179862877013,oof,fold_2,lightgbm,1.3981670248648896,-1.3981670248648896,False,False
2026-08-19T22:45:00Z,2,Nablus,pm25,1h,11.23,13.617546997394937,13.641789473684211,14.11156660901159,oof,fold_2,lightgbm,2.387546997394937,-2.387546997394937,False,False
2026-08-19T22:45:00Z,4,Nablus,pm25,1h,9.97,12.716653624781864,12.169894736842108,12.530205008450752,oof,fold_2,lightgbm,2.746653624781864,-2.746653624781864,False,False
2026-08-19T22:45:00Z,5,Nablus,pm25,1h,12.93,15.383458485397554,14.374526315789476,14.829480109712723,oof,fold_2,lightgbm,2.4534584853975545,-2.4534584853975545,False,False
2026-08-19T23:00:00Z,1,Tulkarem,pm25,1h,11.95,14.176484865114213,12.118315789473684,12.378503227128068,oof,fold_2,lightgbm,2.226484865114214,-2.226484865114214,False,False
2026-08-19T23:00:00Z,2,Nablus,pm25,1h,11.55,13.535402518364949,13.55926315789474,13.923952996166772,oof,fold_2,lightgbm,1.985402518364948,-1.985402518364948,False,False
2026-08-19T23:00:00Z,4,Nablus,pm25,1h,10.12,12.593075824259554,12.08536842105263,12.40849316372707,oof,fold_2,lightgbm,2.4730758242595545,-2.4730758242595545,False,False
2026-08-19T23:00:00Z,5,Nablus,pm25,1h,12.82,15.14726064514328,14.262315789473686,14.670786841777026,oof,fold_2,lightgbm,2.32726064514328,-2.32726064514328,False,False
2026-08-19T23:15:00Z,1,Tulkarem,pm25,1h,13.67,14.106278953099562,12.005894736842103,12.254612328907514,oof,fold_2,lightgbm,0.43627895309956166,-0.43627895309956166,False,False
2026-08-19T23:15:00Z,2,Nablus,pm25,1h,11.58,13.691723907631298,13.476736842105264,13.906198231389853,oof,fold_2,lightgbm,2.1117239076312977,-2.1117239076312977,False,False
2026-08-19T23:15:00Z,4,Nablus,pm25,1h,10.39,11.800276258300414,11.997052631578947,12.347947252044086,oof,fold_2,lightgbm,1.4102762583004136,-1.4102762583004136,False,False
2026-08-19T23:15:00Z,5,Nablus,pm25,1h,12.45,13.566105269048117,14.14978947368421,14.525467301435143,oof,fold_2,lightgbm,1.1161052690481181,-1.1161052690481181,False,False
2026-08-19T23:30:00Z,1,Tulkarem,pm25,1h,48.39,14.59389998298351,12.290631578947368,12.234461598182508,oof,fold_2,lightgbm,33.79610001701649,33.79610001701649,False,False
2026-08-19T23:30:00Z,2,Nablus,pm25,1h,11.44,13.046513628394228,13.386736842105265,13.784761548150845,oof,fold_2,lightgbm,1.6065136283942287,-1.6065136283942287,False,False
2026-08-19T23:30:00Z,4,Nablus,pm25,1h,10.39,11.748408963222596,11.90715789473684,12.298904590326554,oof,fold_2,lightgbm,1.3584089632225957,-1.3584089632225957,False,False
2026-08-19T23:30:00Z,5,Nablus,pm25,1h,13.03,13.649295384035582,14.06263157894737,14.409837436280224,oof,fold_2,lightgbm,0.619295384035583,-0.619295384035583,False,False
2026-08-19T23:45:00Z,1,Tulkarem,pm25,1h,14.33,14.774710775111393,12.220842105263158,12.195032307515373,oof,fold_2,lightgbm,0.44471077511139256,-0.44471077511139256,False,False
2026-08-19T23:45:00Z,2,Nablus,pm25,1h,11.43,12.609376081100999,13.29136842105263,13.751720824079069,oof,fold_2,lightgbm,1.1793760811009992,-1.1793760811009992,False,False
2026-08-19T23:45:00Z,4,Nablus,pm25,1h,10.39,10.74186797845448,11.817368421052633,12.230150943783807,oof,fold_2,lightgbm,0.3518679784544787,-0.3518679784544787,False,False
2026-08-19T23:45:00Z,5,Nablus,pm25,1h,16.27,13.638556137942938,14.028,14.333024646900691,oof,fold_2,lightgbm,2.6314438620570613,2.6314438620570613,False,False
