timestamp,sensor_id,city,target,horizon,actual,predicted,actual_health_average,predicted_health_average,split,fold_id,model,absolute_error,residual,pollution_event_actual,pollution_event_predicted
2026-08-16T00:00:00Z,1,Tulkarem,pm25,6h,27.35,19.843813250147434,22.73168421052632,23.221468168032253,oof,fold_1,lightgbm,7.506186749852567,7.506186749852567,True,True
2026-08-16T00:00:00Z,2,Nablus,pm25,6h,23.61,15.900872891460564,27.709375,29.730536539337834,oof,fold_1,lightgbm,7.709127108539436,7.709127108539436,True,True
2026-08-16T00:00:00Z,4,Nablus,pm25,6h,23.8,18.192424874985917,25.02958333333333,26.535400612643407,oof,fold_1,lightgbm,5.607575125014083,5.607575125014083,True,True
2026-08-16T00:15:00Z,1,Tulkarem,pm25,6h,25.39,18.861791797392563,22.694526315789474,23.192881328335933,oof,fold_1,lightgbm,6.528208202607438,6.528208202607438,True,True
2026-08-16T00:15:00Z,2,Nablus,pm25,6h,22.19,16.528891704852857,27.58927083333333,30.003014467916934,oof,fold_1,lightgbm,5.6611082951471445,5.6611082951471445,True,True
2026-08-16T00:15:00Z,4,Nablus,pm25,6h,22.56,17.837100191416354,24.959375,26.575468013054373,oof,fold_1,lightgbm,4.722899808583644,4.722899808583644,True,True
2026-08-16T00:30:00Z,1,Tulkarem,pm25,6h,26.51,19.576701112542725,22.69484210526316,23.38289301573812,oof,fold_1,lightgbm,6.933298887457276,6.933298887457276,True,True
2026-08-16T00:30:00Z,2,Nablus,pm25,6h,23.47,16.1643670964783,27.4959375,30.138550228032173,oof,fold_1,lightgbm,7.305632903521698,7.305632903521698,True,True
2026-08-16T00:30:00Z,4,Nablus,pm25,6h,21.65,18.38178718654975,24.88864583333333,26.68189568272016,oof,fold_1,lightgbm,3.2682128134502477,3.2682128134502477,True,True
2026-08-16T00:45:00Z,1,Tulkarem,pm25,6h,25.51,19.272490918852775,22.68526315789473,23.72245293458941,oof,fold_1,lightgbm,6.237509081147227,6.237509081147227,True,True
2026-08-16T00:45:00Z,2,Nablus,pm25,6h,21.08,17.496324209095054,27.399375,30.90480660719542,oof,fold_1,lightgbm,3.5836757909049446,3.5836757909049446,True,True
2026-08-16T00:45:00Z,4,Nablus,pm25,6h,21.28,18.35994348568295,24.819479166666667,26.770187469237733,oof,fold_1,lightgbm,2.92005651431705,2.92005651431705,True,True
2026-08-16T01:00:00Z,1,Tulkarem,pm25,6h,23.22,19.053001569131126,22.648315789473685,23.583794039316096,oof,fold_1,lightgbm,4.166998430868873,4.166998430868873,True,True
2026-08-16T01:00:00Z,2,Nablus,pm25,6h,23.08,20.879571359439264,27.32229166666666,31.482047520124425,oof,fold_1,lightgbm,2.200428640560734,2.200428640560734,True,True
2026-08-16T01:00:00Z,4,Nablus,pm25,6h,21.33,18.35624964941268,24.760625,27.246575783350497,oof,fold_1,lightgbm,2.97375035058732,2.97375035058732,True,True
2026-08-16T01:15:00Z,1,Tulkarem,pm25,6h,22.0,18.979973164628955,22.59326315789474,22.751549299948774,oof,fold_1,lightgbm,3.020026835371045,3.020026835371045,True,True
2026-08-16T01:15:00Z,2,Nablus,pm25,6h,22.82,21.36291648720711,27.24927083333333,31.612941696678025,oof,fold_1,lightgbm,1.4570835127928916,1.4570835127928916,True,True
2026-08-16T01:15:00Z,4,Nablus,pm25,6h,20.17,19.222356310201555,24.68145833333333,27.694901413520718,oof,fold_1,lightgbm,0.947643689798447,0.947643689798447,True,True
2026-08-16T01:30:00Z,1,Tulkarem,pm25,6h,21.46,18.709929151642534,22.554,22.828555952596577,oof,fold_1,lightgbm,2.750070848357467,2.750070848357467,True,True
2026-08-16T01:30:00Z,2,Nablus,pm25,6h,22.88,22.517824207636416,27.181875,31.733013365470256,oof,fold_1,lightgbm,0.3621757923635833,0.3621757923635833,True,True
2026-08-16T01:30:00Z,4,Nablus,pm25,6h,20.71,20.10852810126508,24.6253125,27.68915129107155,oof,fold_1,lightgbm,0.6014718987349212,0.6014718987349212,True,True
2026-08-16T01:45:00Z,1,Tulkarem,pm25,6h,24.19,19.30953890594008,22.522526315789477,22.972332143572427,oof,fold_1,lightgbm,4.880461094059921,4.880461094059921,True,True
2026-08-16T01:45:00Z,2,Nablus,pm25,6h,21.62,21.908275335088202,27.1003125,32.14646058543211,oof,fold_1,lightgbm,0.28827533508820125,-0.28827533508820125,True,True
2026-08-16T01:45:00Z,4,Nablus,pm25,6h,20.07,20.526123278044764,24.561875,27.695556707255513,oof,fold_1,lightgbm,0.45612327804476394,-0.45612327804476394,True,True
2026-08-16T02:00:00Z,1,Tulkarem,pm25,6h,22.67,19.283623877769884,22.485052631578945,22.964863912782594,oof,fold_1,lightgbm,3.386376122230118,3.386376122230118,True,True
2026-08-16T02:00:00Z,2,Nablus,pm25,6h,20.91,21.943451907037485,27.027083333333334,32.026869742852554,oof,fold_1,lightgbm,1.0334519070374846,-1.0334519070374846,True,True
2026-08-16T02:00:00Z,4,Nablus,pm25,6h,18.14,20.25338178692916,24.481979166666665,27.70789685606831,oof,fold_1,lightgbm,2.1133817869291605,-2.1133817869291605,True,True
2026-08-16T02:15:00Z,1,Tulkarem,pm25,6h,22.8,18.375751758903174,22.461157894736843,22.915180475012423,oof,fold_1,lightgbm,4.4242482410968265,4.4242482410968265,True,True
2026-08-16T02:15:00Z,2,Nablus,pm25,6h,20.04,18.899397215833627,26.957395833333333,32.14881461992779,oof,fold_1,lightgbm,1.1406027841663722,1.1406027841663722,True,True
2026-08-16T02:15:00Z,4,Nablus,pm25,6h,18.3,20.016525275122873,24.421875,27.821804414074954,oof,fold_1,lightgbm,1.7165252751228728,-1.7165252751228728,True,True
2026-08-16T02:30:00Z,1,Tulkarem,pm25,6h,22.93,18.54805563319698,22.44557894736842,22.973990558965912,oof,fold_1,lightgbm,4.381944366803019,4.381944366803019,True,True
2026-08-16T02:30:00Z,2,Nablus,pm25,6h,20.66,18.532668048113344,26.881875000000004,32.14391600865416,oof,fold_1,lightgbm,2.1273319518866565,2.1273319518866565,True,True
2026-08-16T02:30:00Z,4,Nablus,pm25,6h,17.81,20.844892652937688,24.344479166666662,27.94034914046605,oof,fold_1,lightgbm,3.034892652937689,-3.034892652937689,True,True
2026-08-16T02:45:00Z,1,Tulkarem,pm25,6h,22.7,18.022051223955785,22.418105263157894,23.025346939168582,oof,fold_1,lightgbm,4.677948776044214,4.677948776044214,True,True
2026-08-16T02:45:00Z,2,Nablus,pm25,6h,20.08,18.307158415598376,26.814166666666665,32.125702837226854,oof,fold_1,lightgbm,1.7728415844016219,1.7728415844016219,True,True
2026-08-16T02:45:00Z,4,Nablus,pm25,6h,18.49,19.78073419889784,24.28802083333333,27.818909937112785,oof,fold_1,lightgbm,1.290734198897841,-1.290734198897841,True,True
2026-08-16T03:00:00Z,1,Tulkarem,pm25,6h,22.69,15.19122010919219,22.423368421052636,22.532340720991883,oof,fold_1,lightgbm,7.4987798908078105,7.4987798908078105,True,True
2026-08-16T03:00:00Z,2,Nablus,pm25,6h,19.99,19.717098416379105,26.75114583333333,31.976270351667907,oof,fold_1,lightgbm,0.272901583620893,0.272901583620893,True,True
2026-08-16T03:00:00Z,4,Nablus,pm25,6h,16.9,17.28444251466811,24.2221875,27.72798572928189,oof,fold_1,lightgbm,0.3844425146681125,-0.3844425146681125,True,True
2026-08-16T03:15:00Z,2,Nablus,pm25,6h,18.88,18.159471276965107,26.68104166666667,31.93774851507527,oof,fold_1,lightgbm,0.7205287230348922,0.7205287230348922,True,True
2026-08-16T03:15:00Z,4,Nablus,pm25,6h,16.86,17.210885674607553,24.166354166666665,27.66236326799622,oof,fold_1,lightgbm,0.3508856746075537,-0.3508856746075537,True,True
2026-08-16T03:30:00Z,1,Tulkarem,pm25,6h,24.39,14.542931272408632,22.456736842105265,22.791340777318247,oof,fold_1,lightgbm,9.847068727591369,9.847068727591369,True,True
2026-08-16T03:30:00Z,2,Nablus,pm25,6h,18.07,16.832993677539793,26.610625,31.90173379180862,oof,fold_1,lightgbm,1.237006322460207,1.237006322460207,True,True
2026-08-16T03:30:00Z,4,Nablus,pm25,6h,15.84,16.115780168689327,24.109375,27.50302091614042,oof,fold_1,lightgbm,0.27578016868932664,-0.27578016868932664,True,True
2026-08-16T03:45:00Z,1,Tulkarem,pm25,6h,23.33,15.108910505135636,22.45484210526316,22.95923889514378,oof,fold_1,lightgbm,8.221089494864362,8.221089494864362,True,True
2026-08-16T03:45:00Z,2,Nablus,pm25,6h,18.57,17.133182387456017,26.571145833333333,31.686460175097388,oof,fold_1,lightgbm,1.436817612543983,1.436817612543983,True,True
2026-08-16T03:45:00Z,4,Nablus,pm25,6h,15.22,16.111206916020787,24.04395833333333,27.49525898745482,oof,fold_1,lightgbm,0.8912069160207867,-0.8912069160207867,True,True
2026-08-16T04:00:00Z,1,Tulkarem,pm25,6h,24.04,14.122753959514462,22.47052631578948,22.362592198826995,oof,fold_1,lightgbm,9.917246040485537,9.917246040485537,True,True
2026-08-16T04:00:00Z,2,Nablus,pm25,6h,19.57,16.347786378702843,26.53270833333333,31.625892490842993,oof,fold_1,lightgbm,3.2222136212971577,3.2222136212971577,True,True
2026-08-16T04:00:00Z,4,Nablus,pm25,6h,15.71,15.907538215897683,23.989375,27.37339260448001,oof,fold_1,lightgbm,0.19753821589768172,-0.19753821589768172,True,True
2026-08-16T04:15:00Z,1,Tulkarem,pm25,6h,23.81,14.048807853759067,22.49852631578948,23.044174636917564,oof,fold_1,lightgbm,9.761192146240932,9.761192146240932,True,True
2026-08-16T04:15:00Z,2,Nablus,pm25,6h,18.65,14.381947895516822,26.47385416666667,31.67464043456286,oof,fold_1,lightgbm,4.268052104483177,4.268052104483177,True,True
2026-08-16T04:15:00Z,4,Nablus,pm25,6h,15.91,15.914760079271975,23.93375,27.41686037880574,oof,fold_1,lightgbm,0.00476007927197486,-0.00476007927197486,True,True
2026-08-16T04:30:00Z,1,Tulkarem,pm25,6h,22.02,14.604417649089324,22.51126315789474,22.44362074868851,oof,fold_1,lightgbm,7.415582350910675,7.415582350910675,True,True
2026-08-16T04:30:00Z,2,Nablus,pm25,6h,20.9,14.486064591023903,26.435729166666665,31.64487690294277,oof,fold_1,lightgbm,6.413935408976096,6.413935408976096,True,True
2026-08-16T04:30:00Z,4,Nablus,pm25,6h,16.04,15.04680977369026,23.883958333333336,27.422217398756022,oof,fold_1,lightgbm,0.9931902263097392,0.9931902263097392,True,True
2026-08-16T04:45:00Z,1,Tulkarem,pm25,6h,24.8,14.646296250533856,22.55968421052632,22.2754573939422,oof,fold_1,lightgbm,10.153703749466144,10.153703749466144,True,True
2026-08-16T04:45:00Z,2,Nablus,pm25,6h,24.5,13.842789597936386,26.4340625,31.526240368349914,oof,fold_1,lightgbm,10.657210402063614,10.657210402063614,True,True
2026-08-16T04:45:00Z,4,Nablus,pm25,6h,19.16,12.913458694400024,23.862291666666668,27.144558293656342,oof,fold_1,lightgbm,6.246541305599976,6.246541305599976,True,True
2026-08-16T05:00:00Z,1,Tulkarem,pm25,6h,24.2,14.686851634259774,22.60821052631579,21.132910868245105,oof,fold_1,lightgbm,9.513148365740225,9.513148365740225,True,True
2026-08-16T05:00:00Z,2,Nablus,pm25,6h,26.42,13.497165914533877,26.4446875,31.278101283940664,oof,fold_1,lightgbm,12.922834085466125,12.922834085466125,True,True
2026-08-16T05:00:00Z,4,Nablus,pm25,6h,21.79,11.53591052955119,23.8653125,26.94261247402324,oof,fold_1,lightgbm,10.25408947044881,10.25408947044881,True,True
2026-08-16T05:15:00Z,1,Tulkarem,pm25,6h,19.35,13.836119065786127,22.60410526315789,21.081680538234625,oof,fold_1,lightgbm,5.513880934213875,5.513880934213875,True,True
2026-08-16T05:15:00Z,2,Nablus,pm25,6h,26.57,13.6027371379064,26.485208333333333,31.126344540673905,oof,fold_1,lightgbm,12.9672628620936,12.9672628620936,True,True
2026-08-16T05:15:00Z,4,Nablus,pm25,6h,22.98,11.521436775180355,23.89333333333333,26.852110257087734,oof,fold_1,lightgbm,11.458563224819645,11.458563224819645,True,True
2026-08-16T05:30:00Z,1,Tulkarem,pm25,6h,17.24,12.185105110887292,22.58694736842105,21.599804392778527,oof,fold_1,lightgbm,5.054894889112706,5.054894889112706,True,True
2026-08-16T05:30:00Z,2,Nablus,pm25,6h,24.81,13.635437949056474,26.52270833333333,30.971144030998172,oof,fold_1,lightgbm,11.174562050943525,11.174562050943525,True,True
2026-08-16T05:30:00Z,4,Nablus,pm25,6h,21.49,11.81550452722619,23.929791666666663,26.34867337105118,oof,fold_1,lightgbm,9.674495472773808,9.674495472773808,True,True
2026-08-16T05:45:00Z,1,Tulkarem,pm25,6h,16.88,11.90050366221557,22.562421052631574,21.848527863434875,oof,fold_1,lightgbm,4.979496337784429,4.979496337784429,True,True
2026-08-16T05:45:00Z,2,Nablus,pm25,6h,24.32,13.365471847902803,26.57541666666667,30.959788204823333,oof,fold_1,lightgbm,10.954528152097197,10.954528152097197,True,True
2026-08-16T05:45:00Z,4,Nablus,pm25,6h,19.52,11.739329771727906,23.959479166666664,26.5643780822253,oof,fold_1,lightgbm,7.780670228272093,7.780670228272093,True,True
2026-08-16T06:00:00Z,1,Tulkarem,pm25,6h,16.64,12.691811582683608,22.535052631578942,21.61840951330479,oof,fold_1,lightgbm,3.948188417316393,3.948188417316393,True,True
2026-08-16T06:00:00Z,2,Nablus,pm25,6h,22.54,13.338286790785078,26.598333333333333,30.31494097930489,oof,fold_1,lightgbm,9.20171320921492,9.20171320921492,True,True
2026-08-16T06:00:00Z,4,Nablus,pm25,6h,18.71,11.748739199062117,23.98708333333333,26.421493886651124,oof,fold_1,lightgbm,6.961260800937884,6.961260800937884,True,True
2026-08-16T06:15:00Z,1,Tulkarem,pm25,6h,16.85,11.96747465247001,22.51294736842105,21.52693189228439,oof,fold_1,lightgbm,4.882525347529992,4.882525347529992,True,True
2026-08-16T06:15:00Z,2,Nablus,pm25,6h,21.27,13.97548896733081,26.630416666666665,29.97857090423947,oof,fold_1,lightgbm,7.29451103266919,7.29451103266919,True,True
2026-08-16T06:15:00Z,4,Nablus,pm25,6h,17.65,11.349428626137035,24.026979166666663,26.287794074750103,oof,fold_1,lightgbm,6.300571373862963,6.300571373862963,True,True
2026-08-16T06:30:00Z,1,Tulkarem,pm25,6h,15.09,13.394005596388666,22.464421052631582,21.490942327346914,oof,fold_1,lightgbm,1.6959944036113335,1.6959944036113335,True,True
2026-08-16T06:30:00Z,2,Nablus,pm25,6h,20.23,14.203891574362553,26.645416666666662,29.947898681853857,oof,fold_1,lightgbm,6.026108425637448,6.026108425637448,True,True
2026-08-16T06:30:00Z,4,Nablus,pm25,6h,30.34,11.222955022824289,24.195625000000003,26.12108567968861,oof,fold_1,lightgbm,19.11704497717571,19.11704497717571,True,True
2026-08-16T06:45:00Z,1,Tulkarem,pm25,6h,15.32,12.155096210149749,22.41378947368421,21.37561146569524,oof,fold_1,lightgbm,3.1649037898502517,3.1649037898502517,True,True
2026-08-16T06:45:00Z,2,Nablus,pm25,6h,19.29,14.024590047260315,26.64625,29.873394281247617,oof,fold_1,lightgbm,5.2654099527396845,5.2654099527396845,True,True
2026-08-16T06:45:00Z,4,Nablus,pm25,6h,20.94,10.921749965883965,24.254583333333333,26.20140522321832,oof,fold_1,lightgbm,10.018250034116036,10.018250034116036,True,True
2026-08-16T07:00:00Z,1,Tulkarem,pm25,6h,14.99,11.860835153198572,22.36010526315789,21.165311532571096,oof,fold_1,lightgbm,3.1291648468014284,3.1291648468014284,True,True
2026-08-16T07:00:00Z,2,Nablus,pm25,6h,18.94,14.34725549022933,26.643854166666667,28.966505772473756,oof,fold_1,lightgbm,4.592744509770672,4.592744509770672,True,True
2026-08-16T07:00:00Z,4,Nablus,pm25,6h,15.06,10.436092275710516,24.2534375,26.10618655592457,oof,fold_1,lightgbm,4.623907724289484,4.623907724289484,True,True
2026-08-16T07:15:00Z,1,Tulkarem,pm25,6h,14.43,13.335505875759626,22.310526315789478,20.604253732441258,oof,fold_1,lightgbm,1.0944941242403736,1.0944941242403736,True,True
2026-08-16T07:15:00Z,2,Nablus,pm25,6h,18.65,14.262173221136747,26.64791666666667,28.989942830237982,oof,fold_1,lightgbm,4.387826778863252,4.387826778863252,True,True
2026-08-16T07:15:00Z,4,Nablus,pm25,6h,14.34,10.289041996429948,24.25322916666667,25.988415043605247,oof,fold_1,lightgbm,4.050958003570052,4.050958003570052,True,True
2026-08-16T07:30:00Z,1,Tulkarem,pm25,6h,14.81,12.539905935738533,22.259578947368414,20.52156002423589,oof,fold_1,lightgbm,2.2700940642614675,2.2700940642614675,True,True
2026-08-16T07:30:00Z,2,Nablus,pm25,6h,17.49,14.023660727609357,26.64770833333333,27.539229526824688,oof,fold_1,lightgbm,3.466339272390641,3.466339272390641,True,True
2026-08-16T07:30:00Z,4,Nablus,pm25,6h,13.26,10.398493316900723,24.24208333333333,25.94070280535402,oof,fold_1,lightgbm,2.861506683099277,2.861506683099277,True,True
2026-08-16T07:45:00Z,1,Tulkarem,pm25,6h,14.57,14.192017089834104,22.21157894736842,20.54819461396443,oof,fold_1,lightgbm,0.3779829101658958,0.3779829101658958,True,True
2026-08-16T07:45:00Z,2,Nablus,pm25,6h,17.23,14.343988941168016,26.629270833333333,27.542242020543906,oof,fold_1,lightgbm,2.8860110588319845,2.8860110588319845,True,True
2026-08-16T07:45:00Z,4,Nablus,pm25,6h,12.88,10.532162887820345,24.22010416666667,25.803374963660502,oof,fold_1,lightgbm,2.347837112179656,2.347837112179656,True,True
2026-08-16T08:00:00Z,1,Tulkarem,pm25,6h,15.33,15.197618146386032,22.176,20.561321257630194,oof,fold_1,lightgbm,0.1323818536139676,0.1323818536139676,True,True
2026-08-16T08:00:00Z,2,Nablus,pm25,6h,16.59,13.909550447730883,26.6075,27.097800971508487,oof,fold_1,lightgbm,2.680449552269117,2.680449552269117,True,True
2026-08-16T08:00:00Z,4,Nablus,pm25,6h,12.63,10.226909303479788,24.17635416666667,25.459988365642126,oof,fold_1,lightgbm,2.403090696520213,2.403090696520213,True,True
2026-08-16T08:15:00Z,1,Tulkarem,pm25,6h,16.65,13.062065743884432,22.16894736842105,20.543228341513853,oof,fold_1,lightgbm,3.5879342561155667,3.5879342561155667,True,True
2026-08-16T08:15:00Z,2,Nablus,pm25,6h,16.62,12.753627568329978,26.58125,26.94298224332537,oof,fold_1,lightgbm,3.8663724316700225,3.8663724316700225,True,True
2026-08-16T08:15:00Z,4,Nablus,pm25,6h,12.08,10.740584066629694,24.140312500000004,25.52946233733018,oof,fold_1,lightgbm,1.3394159333703062,1.3394159333703062,True,True
2026-08-16T08:30:00Z,1,Tulkarem,pm25,6h,18.08,12.61470720582358,22.18894736842105,20.578531320627967,oof,fold_1,lightgbm,5.465292794176419,5.465292794176419,True,True
2026-08-16T08:30:00Z,2,Nablus,pm25,6h,15.5,13.08955636445169,26.5459375,26.849569212970128,oof,fold_1,lightgbm,2.41044363554831,2.41044363554831,True,True
2026-08-16T08:30:00Z,4,Nablus,pm25,6h,12.21,10.823039400653526,24.0890625,25.506465404199133,oof,fold_1,lightgbm,1.3869605993464749,1.3869605993464749,True,True
2026-08-16T08:45:00Z,1,Tulkarem,pm25,6h,18.14,14.735790270589181,22.209789473684207,20.565574052793774,oof,fold_1,lightgbm,3.4042097294108196,3.4042097294108196,True,True
2026-08-16T08:45:00Z,2,Nablus,pm25,6h,16.02,13.582617849096907,26.51083333333333,26.824299672055883,oof,fold_1,lightgbm,2.437382150903092,2.437382150903092,True,True
2026-08-16T08:45:00Z,4,Nablus,pm25,6h,11.77,11.514977979701191,24.04416666666667,25.456000752046,oof,fold_1,lightgbm,0.25502202029880827,0.25502202029880827,True,True
2026-08-16T09:00:00Z,1,Tulkarem,pm25,6h,16.63,15.413104964704836,22.225263157894737,20.482974864203523,oof,fold_1,lightgbm,1.2168950352951633,1.2168950352951633,True,True
2026-08-16T09:00:00Z,2,Nablus,pm25,6h,17.65,13.407172889403727,26.5178125,26.84836253706813,oof,fold_1,lightgbm,4.242827110596272,4.242827110596272,True,True
2026-08-16T09:00:00Z,4,Nablus,pm25,6h,13.25,11.169682646250504,24.018125,24.84934430298369,oof,fold_1,lightgbm,2.0803173537494963,2.0803173537494963,True,True
2026-08-16T09:15:00Z,1,Tulkarem,pm25,6h,16.6,15.14619636419,22.236526315789472,20.63754429662588,oof,fold_1,lightgbm,1.4538036358100008,1.4538036358100008,True,True
2026-08-16T09:15:00Z,2,Nablus,pm25,6h,16.96,12.66708276306854,26.53322916666667,26.727380404557582,oof,fold_1,lightgbm,4.29291723693146,4.29291723693146,True,True
2026-08-16T09:15:00Z,4,Nablus,pm25,6h,13.77,11.133240198183854,24.02010416666667,24.691900307468554,oof,fold_1,lightgbm,2.6367598018161456,2.6367598018161456,True,True
2026-08-16T09:30:00Z,1,Tulkarem,pm25,6h,15.71,14.990779764370915,22.23831578947368,20.593034513487954,oof,fold_1,lightgbm,0.719220235629086,0.719220235629086,True,True
2026-08-16T09:30:00Z,2,Nablus,pm25,6h,17.25,12.90204531033682,26.550104166666667,26.513244676592056,oof,fold_1,lightgbm,4.3479546896631796,4.3479546896631796,True,True
2026-08-16T09:30:00Z,4,Nablus,pm25,6h,13.2,11.199024861621682,24.02208333333333,24.409832936997052,oof,fold_1,lightgbm,2.000975138378317,2.000975138378317,True,True
2026-08-16T09:45:00Z,1,Tulkarem,pm25,6h,15.75,15.060755985046061,22.23631578947368,20.64908887652711,oof,fold_1,lightgbm,0.6892440149539389,0.6892440149539389,True,True
2026-08-16T09:45:00Z,2,Nablus,pm25,6h,20.67,12.98241376606775,26.60458333333333,26.460413060659146,oof,fold_1,lightgbm,7.687586233932251,7.687586233932251,True,True
2026-08-16T09:45:00Z,4,Nablus,pm25,6h,14.4,10.69611274239516,24.037916666666664,24.328596847196366,oof,fold_1,lightgbm,3.7038872576048405,3.7038872576048405,True,True
2026-08-16T10:00:00Z,1,Tulkarem,pm25,6h,18.32,16.372559983892586,22.251368421052632,20.761976668962202,oof,fold_1,lightgbm,1.9474400161074144,1.9474400161074144,True,True
2026-08-16T10:00:00Z,2,Nablus,pm25,6h,20.52,14.245136453048454,26.649583333333336,26.490540343045733,oof,fold_1,lightgbm,6.274863546951545,6.274863546951545,True,True
2026-08-16T10:00:00Z,4,Nablus,pm25,6h,15.89,12.360218493318067,24.060625,24.306706908600706,oof,fold_1,lightgbm,3.5297815066819336,3.5297815066819336,True,True
2026-08-16T10:15:00Z,1,Tulkarem,pm25,6h,20.39,16.80547048422735,22.27063157894737,20.768864362780192,oof,fold_1,lightgbm,3.584529515772651,3.584529515772651,True,True
2026-08-16T10:15:00Z,2,Nablus,pm25,6h,21.74,14.671615258044902,26.684479166666662,26.42881501305244,oof,fold_1,lightgbm,7.0683847419550965,7.0683847419550965,True,True
2026-08-16T10:15:00Z,4,Nablus,pm25,6h,16.39,12.502975930097442,24.0340625,24.391239063459285,oof,fold_1,lightgbm,3.8870240699025587,3.8870240699025587,True,True
2026-08-16T10:30:00Z,1,Tulkarem,pm25,6h,18.33,17.048206485753255,22.26484210526316,20.6417426678304,oof,fold_1,lightgbm,1.2817935142467434,1.2817935142467434,True,True
2026-08-16T10:30:00Z,2,Nablus,pm25,6h,23.36,14.59423729710608,26.718541666666667,26.38946496643704,oof,fold_1,lightgbm,8.76576270289392,8.76576270289392,True,True
2026-08-16T10:30:00Z,4,Nablus,pm25,6h,18.63,12.73486577326936,24.034479166666667,24.238058162444222,oof,fold_1,lightgbm,5.895134226730638,5.895134226730638,True,True
2026-08-16T10:45:00Z,1,Tulkarem,pm25,6h,18.41,17.107768197188047,22.25210526315789,20.9896468687821,oof,fold_1,lightgbm,1.3022318028119528,1.3022318028119528,True,True
2026-08-16T10:45:00Z,2,Nablus,pm25,6h,23.71,14.339055099686352,26.726145833333334,26.46611977393091,oof,fold_1,lightgbm,9.37094490031365,9.37094490031365,True,True
2026-08-16T10:45:00Z,4,Nablus,pm25,6h,19.24,12.95684754808013,24.02645833333333,24.10174264139633,oof,fold_1,lightgbm,6.283152451919868,6.283152451919868,True,True
2026-08-16T11:00:00Z,1,Tulkarem,pm25,6h,18.39,18.990389915383876,22.237578947368423,20.743366015940047,oof,fold_1,lightgbm,0.6003899153838752,-0.6003899153838752,True,True
2026-08-16T11:00:00Z,2,Nablus,pm25,6h,24.6,17.481065532980598,26.7371875,26.502737458393135,oof,fold_1,lightgbm,7.118934467019404,7.118934467019404,True,True
2026-08-16T11:00:00Z,4,Nablus,pm25,6h,21.68,16.661063567205648,24.039895833333333,24.328005436719522,oof,fold_1,lightgbm,5.0189364327943515,5.0189364327943515,True,True
2026-08-16T11:15:00Z,1,Tulkarem,pm25,6h,17.96,18.376306005367994,22.212315789473685,20.611738906920646,oof,fold_1,lightgbm,0.4163060053679928,-0.4163060053679928,True,True
2026-08-16T11:15:00Z,2,Nablus,pm25,6h,26.02,17.666042121447838,26.73635416666667,26.533936950294663,oof,fold_1,lightgbm,8.353957878552162,8.353957878552162,True,True
2026-08-16T11:15:00Z,4,Nablus,pm25,6h,23.74,16.886849289855025,24.066666666666663,24.32245495104643,oof,fold_1,lightgbm,6.853150710144973,6.853150710144973,True,True
2026-08-16T11:30:00Z,1,Tulkarem,pm25,6h,17.64,18.436699292123656,22.17726315789474,20.52324617717317,oof,fold_1,lightgbm,0.7966992921236553,-0.7966992921236553,True,True
2026-08-16T11:30:00Z,2,Nablus,pm25,6h,27.62,17.96691837089193,26.76677083333333,26.59242510403201,oof,fold_1,lightgbm,9.653081629108073,9.653081629108073,True,True
2026-08-16T11:30:00Z,4,Nablus,pm25,6h,23.79,16.916660957557582,24.078645833333336,24.47517937205257,oof,fold_1,lightgbm,6.873339042442417,6.873339042442417,True,True
2026-08-16T11:45:00Z,1,Tulkarem,pm25,6h,17.24,19.500897659562526,22.128631578947367,20.550436439436158,oof,fold_1,lightgbm,2.260897659562527,-2.260897659562527,True,True
2026-08-16T11:45:00Z,2,Nablus,pm25,6h,27.29,18.151631662705658,26.798125,26.561497192785783,oof,fold_1,lightgbm,9.138368337294342,9.138368337294342,True,True
2026-08-16T11:45:00Z,4,Nablus,pm25,6h,24.83,16.996463088407314,24.09895833333333,24.297769288337214,oof,fold_1,lightgbm,7.8335369115926845,7.8335369115926845,True,True
2026-08-16T12:00:00Z,1,Tulkarem,pm25,6h,16.78,20.885162904674484,22.07210526315789,20.495476931859958,oof,fold_1,lightgbm,4.105162904674483,-4.105162904674483,True,True
2026-08-16T12:00:00Z,2,Nablus,pm25,6h,28.79,19.04406448358132,26.83791666666667,26.58924993313846,oof,fold_1,lightgbm,9.74593551641868,9.74593551641868,True,True
2026-08-16T12:00:00Z,4,Nablus,pm25,6h,24.55,18.444427596243692,24.125,24.320989750621106,oof,fold_1,lightgbm,6.105572403756309,6.105572403756309,True,True
2026-08-16T12:15:00Z,1,Tulkarem,pm25,6h,17.4,20.690089818122797,22.016736842105264,20.471791549428545,oof,fold_1,lightgbm,3.290089818122798,-3.290089818122798,True,True
2026-08-16T12:15:00Z,2,Nablus,pm25,6h,28.42,18.8902846430112,26.8621875,26.58049668284184,oof,fold_1,lightgbm,9.529715356988802,9.529715356988802,True,True
2026-08-16T12:15:00Z,4,Nablus,pm25,6h,26.37,18.39067060771703,24.163958333333337,24.377967820683466,oof,fold_1,lightgbm,7.9793293922829704,7.9793293922829704,True,True
2026-08-16T12:30:00Z,1,Tulkarem,pm25,6h,16.37,20.258013200645866,21.94568421052632,20.407559887732557,oof,fold_1,lightgbm,3.888013200645865,-3.888013200645865,True,True
2026-08-16T12:30:00Z,2,Nablus,pm25,6h,26.02,18.82163675192996,26.860625,26.60393923785256,oof,fold_1,lightgbm,7.198363248070038,7.198363248070038,True,True
2026-08-16T12:30:00Z,4,Nablus,pm25,6h,25.82,18.897968636203853,24.19239583333333,24.947788235383513,oof,fold_1,lightgbm,6.9220313637961475,6.9220313637961475,True,True
2026-08-16T12:45:00Z,1,Tulkarem,pm25,6h,15.73,20.100843422003337,21.87021052631579,20.367983825913996,oof,fold_1,lightgbm,4.370843422003336,-4.370843422003336,True,True
2026-08-16T12:45:00Z,2,Nablus,pm25,6h,24.75,18.971950933436517,26.841875,26.57982631794263,oof,fold_1,lightgbm,5.778049066563483,5.778049066563483,True,True
2026-08-16T12:45:00Z,4,Nablus,pm25,6h,25.28,18.42922294092419,24.194166666666664,24.611287183875145,oof,fold_1,lightgbm,6.85077705907581,6.85077705907581,True,True
2026-08-16T13:00:00Z,1,Tulkarem,pm25,6h,15.46,18.931431852080777,21.791473684210526,20.215535704684147,oof,fold_1,lightgbm,3.4714318520807765,-3.4714318520807765,True,True
2026-08-16T13:00:00Z,2,Nablus,pm25,6h,25.19,17.808162750928172,26.81239583333333,26.462784072264647,oof,fold_1,lightgbm,7.381837249071829,7.381837249071829,True,True
2026-08-16T13:00:00Z,4,Nablus,pm25,6h,25.03,16.362481005106172,24.188541666666666,24.466329670939135,oof,fold_1,lightgbm,8.667518994893829,8.667518994893829,True,True
2026-08-16T13:15:00Z,1,Tulkarem,pm25,6h,15.5,18.60583704298651,21.71578947368421,19.89929898719934,oof,fold_1,lightgbm,3.1058370429865114,-3.1058370429865114,True,True
2026-08-16T13:15:00Z,2,Nablus,pm25,6h,24.9,18.065322723057797,26.756041666666665,26.478900037065813,oof,fold_1,lightgbm,6.834677276942202,6.834677276942202,True,True
2026-08-16T13:15:00Z,4,Nablus,pm25,6h,24.03,15.695206836265774,24.1578125,24.345930223564856,oof,fold_1,lightgbm,8.334793163734227,8.334793163734227,True,True
2026-08-16T13:30:00Z,1,Tulkarem,pm25,6h,14.91,18.396713998369847,21.64115789473684,19.922995662506505,oof,fold_1,lightgbm,3.486713998369847,-3.486713998369847,True,True
2026-08-16T13:30:00Z,2,Nablus,pm25,6h,25.1,18.797901561762902,26.716979166666665,26.45939201338215,oof,fold_1,lightgbm,6.302098438237099,6.302098438237099,True,True
2026-08-16T13:30:00Z,4,Nablus,pm25,6h,23.63,15.279706793468684,24.125625,24.34982206592734,oof,fold_1,lightgbm,8.350293206531315,8.350293206531315,True,True
2026-08-16T13:45:00Z,1,Tulkarem,pm25,6h,14.5,18.733820393794996,21.565368421052632,19.821594907808645,oof,fold_1,lightgbm,4.233820393794996,-4.233820393794996,True,True
2026-08-16T13:45:00Z,2,Nablus,pm25,6h,25.62,18.960118595996786,26.65697916666667,26.301951408027406,oof,fold_1,lightgbm,6.659881404003215,6.659881404003215,True,True
2026-08-16T13:45:00Z,4,Nablus,pm25,6h,23.49,15.28669716331979,24.08302083333333,24.411529063481062,oof,fold_1,lightgbm,8.203302836680209,8.203302836680209,True,True
2026-08-16T14:00:00Z,1,Tulkarem,pm25,6h,14.07,17.975434244189604,21.47926315789473,19.798426816395025,oof,fold_1,lightgbm,3.9054342441896033,-3.9054342441896033,True,True
2026-08-16T14:00:00Z,2,Nablus,pm25,6h,26.27,17.2425337992312,26.590625000000003,26.285572969937654,oof,fold_1,lightgbm,9.0274662007688,9.0274662007688,True,True
2026-08-16T14:00:00Z,4,Nablus,pm25,6h,22.58,11.953784465892902,24.018854166666667,24.3692233364595,oof,fold_1,lightgbm,10.626215534107097,10.626215534107097,True,True
2026-08-16T14:15:00Z,1,Tulkarem,pm25,6h,13.98,17.34110563639759,21.377052631578948,19.681429617784435,oof,fold_1,lightgbm,3.361105636397589,-3.361105636397589,True,True
2026-08-16T14:15:00Z,2,Nablus,pm25,6h,24.87,17.285258048221976,26.489062500000003,26.2851382079205,oof,fold_1,lightgbm,7.584741951778025,7.584741951778025,True,True
2026-08-16T14:15:00Z,4,Nablus,pm25,6h,23.72,11.73367548548812,23.96229166666667,24.294212017593175,oof,fold_1,lightgbm,11.986324514511878,11.986324514511878,True,True
2026-08-16T14:30:00Z,1,Tulkarem,pm25,6h,14.27,17.898944672357306,21.27705263157895,19.699749725938574,oof,fold_1,lightgbm,3.6289446723573064,-3.6289446723573064,True,True
2026-08-16T14:30:00Z,2,Nablus,pm25,6h,25.13,16.4627607762466,26.394583333333333,26.20074848637072,oof,fold_1,lightgbm,8.667239223753398,8.667239223753398,True,True
2026-08-16T14:30:00Z,4,Nablus,pm25,6h,25.46,11.658172273804727,23.926875,24.233136705934434,oof,fold_1,lightgbm,13.801827726195274,13.801827726195274,True,True
2026-08-16T14:45:00Z,1,Tulkarem,pm25,6h,14.39,17.830607228160456,21.187052631578947,19.722794634951487,oof,fold_1,lightgbm,3.440607228160456,-3.440607228160456,True,True
2026-08-16T14:45:00Z,2,Nablus,pm25,6h,25.26,16.70045554396762,26.296979166666663,26.14621375318597,oof,fold_1,lightgbm,8.55954445603238,8.55954445603238,True,True
2026-08-16T14:45:00Z,4,Nablus,pm25,6h,25.62,11.349555714870363,23.900625,24.235814766687486,oof,fold_1,lightgbm,14.270444285129638,14.270444285129638,True,True
2026-08-16T15:00:00Z,1,Tulkarem,pm25,6h,13.69,17.750782705964454,21.09715789473684,19.78051151386856,oof,fold_1,lightgbm,4.060782705964455,-4.060782705964455,True,True
2026-08-16T15:00:00Z,2,Nablus,pm25,6h,26.22,15.903601913975937,26.245208333333338,25.942612634792766,oof,fold_1,lightgbm,10.316398086024062,10.316398086024062,True,True
2026-08-16T15:00:00Z,4,Nablus,pm25,6h,25.69,10.782946732326852,23.8925,23.677743570505026,oof,fold_1,lightgbm,14.907053267673149,14.907053267673149,True,True
2026-08-16T15:15:00Z,1,Tulkarem,pm25,6h,12.87,17.24284499051074,21.011458333333334,19.767349799680307,oof,fold_1,lightgbm,4.372844990510741,-4.372844990510741,True,True
2026-08-16T15:15:00Z,2,Nablus,pm25,6h,25.65,15.608228652066705,26.192916666666665,25.999213130951304,oof,fold_1,lightgbm,10.041771347933294,10.041771347933294,True,True
2026-08-16T15:15:00Z,4,Nablus,pm25,6h,25.93,11.03460589468594,23.88416666666667,23.180232321103,oof,fold_1,lightgbm,14.89539410531406,14.89539410531406,True,True
2026-08-16T15:30:00Z,1,Tulkarem,pm25,6h,11.88,16.84375027462536,20.8865625,19.72010717997425,oof,fold_1,lightgbm,4.96375027462536,-4.96375027462536,True,True
2026-08-16T15:30:00Z,2,Nablus,pm25,6h,23.61,15.762457367885437,26.1159375,25.80240765058461,oof,fold_1,lightgbm,7.847542632114562,7.847542632114562,True,True
2026-08-16T15:30:00Z,4,Nablus,pm25,6h,22.82,10.928065269736559,23.846041666666668,21.457850210073865,oof,fold_1,lightgbm,11.891934730263442,11.891934730263442,True,True
2026-08-16T15:45:00Z,1,Tulkarem,pm25,6h,12.08,16.561198404686632,20.753125,19.70484748364591,oof,fold_1,lightgbm,4.481198404686632,-4.481198404686632,True,True
2026-08-16T15:45:00Z,2,Nablus,pm25,6h,21.2,16.390564784766152,26.0225,26.024235867681274,oof,fold_1,lightgbm,4.809435215233847,4.809435215233847,True,True
2026-08-16T15:45:00Z,4,Nablus,pm25,6h,18.91,11.011765020735357,23.768125,20.88403880602268,oof,fold_1,lightgbm,7.898234979264643,7.898234979264643,True,True
2026-08-16T16:00:00Z,1,Tulkarem,pm25,6h,11.25,17.348362455422905,20.610104166666662,19.80327643420878,oof,fold_1,lightgbm,6.098362455422905,-6.098362455422905,True,True
2026-08-16T16:00:00Z,2,Nablus,pm25,6h,21.88,15.10612753215356,25.938125,25.997839228410168,oof,fold_1,lightgbm,6.77387246784644,6.77387246784644,True,True
2026-08-16T16:00:00Z,4,Nablus,pm25,6h,20.49,10.235974335373308,23.709375000000005,21.40691165787642,oof,fold_1,lightgbm,10.25402566462669,10.25402566462669,True,True
2026-08-16T16:15:00Z,1,Tulkarem,pm25,6h,11.17,18.249160453733808,20.492604166666663,20.024219951353576,oof,fold_1,lightgbm,7.079160453733808,-7.079160453733808,True,True
2026-08-16T16:15:00Z,2,Nablus,pm25,6h,22.79,15.456994824614132,25.8559375,26.024015137192354,oof,fold_1,lightgbm,7.333005175385868,7.333005175385868,True,True
2026-08-16T16:15:00Z,4,Nablus,pm25,6h,20.61,9.856885632568837,23.64052083333333,21.704891163567847,oof,fold_1,lightgbm,10.753114367431163,10.753114367431163,True,True
2026-08-16T16:30:00Z,1,Tulkarem,pm25,6h,14.45,18.468633746372845,20.4075,19.83947422915364,oof,fold_1,lightgbm,4.018633746372846,-4.018633746372846,True,True
2026-08-16T16:30:00Z,2,Nablus,pm25,6h,18.28,16.56524967904187,25.7071875,26.013532701966025,oof,fold_1,lightgbm,1.7147503209581316,1.7147503209581316,True,True
2026-08-16T16:30:00Z,4,Nablus,pm25,6h,21.47,9.446194421896063,23.578125,22.947043557015565,oof,fold_1,lightgbm,12.023805578103936,12.023805578103936,True,True
2026-08-16T16:45:00Z,1,Tulkarem,pm25,6h,14.63,18.86358795303796,20.318125,19.898038717583166,oof,fold_1,lightgbm,4.23358795303796,-4.23358795303796,True,True
2026-08-16T16:45:00Z,2,Nablus,pm25,6h,18.28,16.07672069450169,25.54927083333333,25.98854575435165,oof,fold_1,lightgbm,2.2032793054983095,2.2032793054983095,True,True
2026-08-16T16:45:00Z,4,Nablus,pm25,6h,22.27,10.17446271598564,23.531145833333337,23.640978758970142,oof,fold_1,lightgbm,12.095537284014359,12.095537284014359,True,True
2026-08-16T17:00:00Z,1,Tulkarem,pm25,6h,13.72,18.740996151484044,20.20625,19.610433434853867,oof,fold_1,lightgbm,5.020996151484043,-5.020996151484043,True,True
2026-08-16T17:00:00Z,2,Nablus,pm25,6h,17.55,18.0277328426308,25.375520833333336,25.988506832988044,oof,fold_1,lightgbm,0.4777328426308003,-0.4777328426308003,True,True
2026-08-16T17:00:00Z,4,Nablus,pm25,6h,17.76,10.556708777585792,23.435104166666665,23.56931042573896,oof,fold_1,lightgbm,7.20329122241421,7.20329122241421,True,True
2026-08-16T17:15:00Z,1,Tulkarem,pm25,6h,13.19,18.853572565511705,20.091666666666665,19.579473899015756,oof,fold_1,lightgbm,5.663572565511705,-5.663572565511705,True,True
2026-08-16T17:15:00Z,2,Nablus,pm25,6h,18.23,18.021521411091783,25.21364583333333,26.00741338184399,oof,fold_1,lightgbm,0.2084785889082177,0.2084785889082177,True,True
2026-08-16T17:15:00Z,4,Nablus,pm25,6h,14.28,10.692136842443883,23.2896875,23.477883357727904,oof,fold_1,lightgbm,3.587863157556116,3.587863157556116,True,True
2026-08-16T17:30:00Z,1,Tulkarem,pm25,6h,12.16,18.218907759874604,19.96583333333333,19.13810613634301,oof,fold_1,lightgbm,6.058907759874604,-6.058907759874604,True,True
2026-08-16T17:30:00Z,2,Nablus,pm25,6h,19.38,18.26282392975161,25.054479166666667,26.083969028384058,oof,fold_1,lightgbm,1.1171760702483873,1.1171760702483873,True,True
2026-08-16T17:30:00Z,4,Nablus,pm25,6h,14.32,11.127294122586905,23.120625000000004,24.093446430862397,oof,fold_1,lightgbm,3.192705877413095,3.192705877413095,True,True
2026-08-16T17:45:00Z,1,Tulkarem,pm25,6h,12.13,17.530673853608967,19.84239583333333,19.069530875472328,oof,fold_1,lightgbm,5.400673853608966,-5.400673853608966,True,True
2026-08-16T17:45:00Z,2,Nablus,pm25,6h,18.13,18.40189587926671,24.870104166666664,26.108195896437078,oof,fold_1,lightgbm,0.27189587926671166,-0.27189587926671166,True,True
2026-08-16T17:45:00Z,4,Nablus,pm25,6h,14.29,13.311759977492438,22.917291666666667,24.089289076225743,oof,fold_1,lightgbm,0.9782400225075616,0.9782400225075616,True,True
2026-08-16T18:00:00Z,1,Tulkarem,pm25,6h,11.99,18.168194218583654,19.716354166666665,19.059907817812466,oof,fold_1,lightgbm,6.178194218583654,-6.178194218583654,True,True
2026-08-16T18:00:00Z,2,Nablus,pm25,6h,18.16,18.39579806122359,24.687916666666663,26.026616393286087,oof,fold_1,lightgbm,0.2357980612235906,-0.2357980612235906,True,True
2026-08-16T18:00:00Z,4,Nablus,pm25,6h,13.58,12.572167498181361,22.7025,24.08498996081959,oof,fold_1,lightgbm,1.0078325018186387,1.0078325018186387,True,True
2026-08-16T18:15:00Z,1,Tulkarem,pm25,6h,11.59,18.62216655798054,19.5959375,19.08996262178261,oof,fold_1,lightgbm,7.032166557980542,-7.032166557980542,True,True
2026-08-16T18:15:00Z,2,Nablus,pm25,6h,18.05,18.88913252774451,24.5046875,26.038791781337306,oof,fold_1,lightgbm,0.8391325277445105,-0.8391325277445105,True,True
2026-08-16T18:15:00Z,4,Nablus,pm25,6h,13.52,13.192796336319516,22.506875,24.298422795315382,oof,fold_1,lightgbm,0.3272036636804838,0.3272036636804838,True,True
2026-08-16T18:30:00Z,1,Tulkarem,pm25,6h,12.91,18.783194414439585,19.49739583333333,19.00192682431005,oof,fold_1,lightgbm,5.873194414439585,-5.873194414439585,True,True
2026-08-16T18:30:00Z,2,Nablus,pm25,6h,18.05,18.963302415500948,24.31114583333333,26.094083710303373,oof,fold_1,lightgbm,0.9133024155009473,-0.9133024155009473,True,True
2026-08-16T18:30:00Z,4,Nablus,pm25,6h,14.04,14.012405968561708,22.300625,24.215469737935432,oof,fold_1,lightgbm,0.027594031438290756,0.027594031438290756,True,True
2026-08-16T18:45:00Z,1,Tulkarem,pm25,6h,14.14,18.77509622758676,19.41614583333333,19.265765862910474,oof,fold_1,lightgbm,4.635096227586761,-4.635096227586761,True,True
2026-08-16T18:45:00Z,2,Nablus,pm25,6h,18.6,18.178543447162564,24.11489583333333,26.018504981902396,oof,fold_1,lightgbm,0.4214565528374372,0.4214565528374372,True,True
2026-08-16T18:45:00Z,4,Nablus,pm25,6h,13.98,15.847277566168511,22.07239583333333,24.514365473381986,oof,fold_1,lightgbm,1.8672775661685108,-1.8672775661685108,True,True
2026-08-16T19:00:00Z,1,Tulkarem,pm25,6h,14.02,16.658605215190885,19.319479166666667,19.02211472552195,oof,fold_1,lightgbm,2.6386052151908856,-2.6386052151908856,True,True
2026-08-16T19:00:00Z,2,Nablus,pm25,6h,18.54,18.109918946836583,23.91895833333333,26.027796750312085,oof,fold_1,lightgbm,0.43008105316341627,0.43008105316341627,True,True
2026-08-16T19:00:00Z,4,Nablus,pm25,6h,13.35,16.29718808448741,21.805729166666666,23.263932635172253,oof,fold_1,lightgbm,2.9471880844874097,-2.9471880844874097,True,True
2026-08-16T19:15:00Z,1,Tulkarem,pm25,6h,13.63,18.616797311346264,19.211770833333333,19.00668265685581,oof,fold_1,lightgbm,4.986797311346264,-4.986797311346264,True,True
2026-08-16T19:15:00Z,2,Nablus,pm25,6h,20.37,19.05177112103913,23.741458333333338,25.998275912378958,oof,fold_1,lightgbm,1.3182288789608698,1.3182288789608698,True,True
2026-08-16T19:15:00Z,4,Nablus,pm25,6h,13.39,15.9766163721413,21.5309375,23.23845923831225,oof,fold_1,lightgbm,2.5866163721413002,-2.5866163721413002,True,True
2026-08-16T19:30:00Z,1,Tulkarem,pm25,6h,14.39,17.222011796855877,19.113645833333333,18.76544176348046,oof,fold_1,lightgbm,2.832011796855877,-2.832011796855877,True,True
2026-08-16T19:30:00Z,2,Nablus,pm25,6h,18.36,19.472942889153142,23.506041666666665,26.042131963995217,oof,fold_1,lightgbm,1.1129428891531425,-1.1129428891531425,True,True
2026-08-16T19:30:00Z,4,Nablus,pm25,6h,13.64,15.170558450430534,21.257291666666664,23.120846191899357,oof,fold_1,lightgbm,1.530558450430533,-1.530558450430533,True,True
2026-08-16T19:45:00Z,1,Tulkarem,pm25,6h,14.74,16.047418259083187,19.013125,18.652871032949996,oof,fold_1,lightgbm,1.307418259083187,-1.307418259083187,True,True
2026-08-16T19:45:00Z,2,Nablus,pm25,6h,17.56,19.325621701370864,23.2271875,26.070244019189932,oof,fold_1,lightgbm,1.7656217013708648,-1.7656217013708648,True,True
2026-08-16T19:45:00Z,4,Nablus,pm25,6h,13.85,15.490127903710071,20.978125,23.07303735074093,oof,fold_1,lightgbm,1.6401279037100718,-1.6401279037100718,True,True
2026-08-16T20:00:00Z,1,Tulkarem,pm25,6h,14.94,14.426245200597538,18.91270833333333,18.43738691911013,oof,fold_1,lightgbm,0.5137547994024612,0.5137547994024612,True,True
2026-08-16T20:00:00Z,2,Nablus,pm25,6h,17.43,19.302419068401914,22.971354166666668,25.720799724211293,oof,fold_1,lightgbm,1.8724190684019142,-1.8724190684019142,True,True
2026-08-16T20:00:00Z,4,Nablus,pm25,6h,13.73,15.024842568814574,20.70114583333333,22.947199448721435,oof,fold_1,lightgbm,1.2948425688145733,-1.2948425688145733,True,True
2026-08-16T20:15:00Z,1,Tulkarem,pm25,6h,15.24,15.015559177125656,18.80208333333333,18.258647714086734,oof,fold_1,lightgbm,0.2244408228743442,0.2244408228743442,True,True
2026-08-16T20:15:00Z,2,Nablus,pm25,6h,16.61,18.78455912762098,22.738645833333333,25.761555591546916,oof,fold_1,lightgbm,2.174559127620981,-2.174559127620981,True,True
2026-08-16T20:15:00Z,4,Nablus,pm25,6h,13.92,15.36689733743305,20.45958333333333,22.97942627739162,oof,fold_1,lightgbm,1.4468973374330503,-1.4468973374330503,True,True
2026-08-16T20:30:00Z,1,Tulkarem,pm25,6h,14.76,17.4876372709038,18.682291666666668,18.668847598337834,oof,fold_1,lightgbm,2.7276372709038004,-2.7276372709038004,True,True
2026-08-16T20:30:00Z,2,Nablus,pm25,6h,16.17,18.872409341235223,22.503125,25.021758544031613,oof,fold_1,lightgbm,2.702409341235221,-2.702409341235221,True,True
2026-08-16T20:30:00Z,4,Nablus,pm25,6h,13.37,16.250007457545163,20.21302083333333,23.033275253378218,oof,fold_1,lightgbm,2.8800074575451635,-2.8800074575451635,True,True
2026-08-16T20:45:00Z,1,Tulkarem,pm25,6h,15.0,17.68491920976898,18.5596875,18.66739258298162,oof,fold_1,lightgbm,2.6849192097689816,-2.6849192097689816,True,True
2026-08-16T20:45:00Z,2,Nablus,pm25,6h,16.04,18.52913596146547,22.28125,25.334227046899226,oof,fold_1,lightgbm,2.489135961465472,-2.489135961465472,True,True
2026-08-16T20:45:00Z,4,Nablus,pm25,6h,13.1,17.7404557012091,19.9959375,23.03039516108313,oof,fold_1,lightgbm,4.640455701209101,-4.640455701209101,True,True
2026-08-16T21:00:00Z,1,Tulkarem,pm25,6h,15.38,18.036295550828864,18.439375,17.98900089670469,oof,fold_1,lightgbm,2.6562955508288635,-2.6562955508288635,True,True
2026-08-16T21:00:00Z,2,Nablus,pm25,6h,16.26,19.13559564154776,22.063437500000003,25.91229769076454,oof,fold_1,lightgbm,2.8755956415477577,-2.8755956415477577,True,True
2026-08-16T21:00:00Z,4,Nablus,pm25,6h,13.11,17.72111271490925,19.792708333333334,22.968861411570508,oof,fold_1,lightgbm,4.61111271490925,-4.61111271490925,True,True
2026-08-16T21:15:00Z,1,Tulkarem,pm25,6h,14.93,17.630357976816583,18.311875,18.550048906619935,oof,fold_1,lightgbm,2.7003579768165835,-2.7003579768165835,True,True
2026-08-16T21:15:00Z,2,Nablus,pm25,6h,15.94,19.137348673047686,21.88145833333333,25.742010195974327,oof,fold_1,lightgbm,3.1973486730476868,-3.1973486730476868,True,True
2026-08-16T21:15:00Z,4,Nablus,pm25,6h,13.27,18.018362130504467,19.59114583333333,22.93954249819006,oof,fold_1,lightgbm,4.748362130504468,-4.748362130504468,True,True
2026-08-16T21:30:00Z,1,Tulkarem,pm25,6h,15.13,15.169039481553899,18.17864583333333,18.432205632981788,oof,fold_1,lightgbm,0.039039481553897915,-0.039039481553897915,True,True
2026-08-16T21:30:00Z,2,Nablus,pm25,6h,15.54,18.187101100519563,21.72177083333333,26.077933073890136,oof,fold_1,lightgbm,2.6471011005195635,-2.6471011005195635,True,True
2026-08-16T21:30:00Z,4,Nablus,pm25,6h,14.19,16.861222407110066,19.4265625,22.9152481266679,oof,fold_1,lightgbm,2.6712224071100668,-2.6712224071100668,True,True
2026-08-16T21:45:00Z,1,Tulkarem,pm25,6h,15.21,14.637234379600168,18.05302083333333,18.229123997644244,oof,fold_1,lightgbm,0.5727656203998333,0.5727656203998333,True,True
2026-08-16T21:45:00Z,2,Nablus,pm25,6h,23.76,17.398947841936955,21.65822916666666,26.10402240923697,oof,fold_1,lightgbm,6.361052158063046,6.361052158063046,True,True
2026-08-16T21:45:00Z,4,Nablus,pm25,6h,16.21,16.447674773029224,19.266145833333333,22.913223184196298,oof,fold_1,lightgbm,0.23767477302922302,-0.23767477302922302,True,True
2026-08-16T22:00:00Z,1,Tulkarem,pm25,6h,15.31,15.264707352010046,17.933645833333333,17.995582519119687,oof,fold_1,lightgbm,0.045292647989954915,0.045292647989954915,True,True
2026-08-16T22:00:00Z,2,Nablus,pm25,6h,15.75,18.32508143539433,21.521666666666665,25.86349963718843,oof,fold_1,lightgbm,2.575081435394331,-2.575081435394331,True,True
2026-08-16T22:00:00Z,4,Nablus,pm25,6h,14.28,17.80778354805619,19.076875,22.849566997808985,oof,fold_1,lightgbm,3.52778354805619,-3.52778354805619,True,True
2026-08-16T22:15:00Z,1,Tulkarem,pm25,6h,15.29,15.851234900063368,17.8046875,18.023979691357745,oof,fold_1,lightgbm,0.5612349000633685,-0.5612349000633685,True,True
2026-08-16T22:15:00Z,2,Nablus,pm25,6h,14.09,18.319002207910774,21.36375,26.0027150949506,oof,fold_1,lightgbm,4.229002207910774,-4.229002207910774,True,True
2026-08-16T22:15:00Z,4,Nablus,pm25,6h,13.05,17.58063834565732,18.84416666666667,23.034224563926585,oof,fold_1,lightgbm,4.530638345657319,-4.530638345657319,True,True
2026-08-16T22:30:00Z,1,Tulkarem,pm25,6h,14.41,18.564798723496377,17.6728125,17.857206997209055,oof,fold_1,lightgbm,4.154798723496377,-4.154798723496377,True,True
2026-08-16T22:30:00Z,2,Nablus,pm25,6h,14.52,18.2877815958932,21.21770833333333,25.836706037792307,oof,fold_1,lightgbm,3.767781595893201,-3.767781595893201,True,True
2026-08-16T22:30:00Z,4,Nablus,pm25,6h,12.49,17.906570000092355,18.634375,23.362758621526645,oof,fold_1,lightgbm,5.416570000092355,-5.416570000092355,True,True
2026-08-16T22:45:00Z,1,Tulkarem,pm25,6h,14.86,20.17470190990786,17.551979166666666,17.880292362969602,oof,fold_1,lightgbm,5.3147019099078605,-5.3147019099078605,True,True
2026-08-16T22:45:00Z,2,Nablus,pm25,6h,13.81,18.6541602115255,21.06989583333333,25.73532252056001,oof,fold_1,lightgbm,4.8441602115255,-4.8441602115255,True,True
2026-08-16T22:45:00Z,4,Nablus,pm25,6h,11.78,18.19072061614777,18.523541666666667,23.376108633770183,oof,fold_1,lightgbm,6.410720616147772,-6.410720616147772,True,True
2026-08-16T23:00:00Z,1,Tulkarem,pm25,6h,13.96,19.998311440199053,17.450520833333332,17.55473613643222,oof,fold_1,lightgbm,6.0383114401990525,-6.0383114401990525,True,True
2026-08-16T23:00:00Z,2,Nablus,pm25,6h,13.62,18.447265275916088,20.92864583333333,25.49565902977745,oof,fold_1,lightgbm,4.827265275916089,-4.827265275916089,True,True
2026-08-16T23:00:00Z,4,Nablus,pm25,6h,11.79,16.834090159302086,18.411041666666662,22.453079584411444,oof,fold_1,lightgbm,5.044090159302087,-5.044090159302087,True,True
2026-08-16T23:15:00Z,1,Tulkarem,pm25,6h,17.67,20.59273061297083,17.405104166666664,17.53554133654222,oof,fold_1,lightgbm,2.9227306129708275,-2.9227306129708275,True,True
2026-08-16T23:15:00Z,2,Nablus,pm25,6h,12.61,18.496133909061474,20.768229166666668,25.346005666082785,oof,fold_1,lightgbm,5.886133909061474,-5.886133909061474,True,True
2026-08-16T23:15:00Z,4,Nablus,pm25,6h,11.59,16.057393092942426,18.2709375,21.60694479643632,oof,fold_1,lightgbm,4.467393092942427,-4.467393092942427,True,True
2026-08-16T23:30:00Z,1,Tulkarem,pm25,6h,19.02,20.024280049955873,17.30875,17.265095891332564,oof,fold_1,lightgbm,1.0042800499558737,-1.0042800499558737,True,True
2026-08-16T23:30:00Z,2,Nablus,pm25,6h,13.08,17.95904921163829,20.623541666666668,25.35581575934262,oof,fold_1,lightgbm,4.879049211638291,-4.879049211638291,True,True
2026-08-16T23:30:00Z,4,Nablus,pm25,6h,13.21,15.77563751329074,18.12052083333333,21.04170071489651,oof,fold_1,lightgbm,2.5656375132907385,-2.5656375132907385,True,True
2026-08-16T23:45:00Z,1,Tulkarem,pm25,6h,12.84,19.69187706599393,17.136145833333334,17.174764979215077,oof,fold_1,lightgbm,6.8518770659939285,-6.8518770659939285,True,True
2026-08-16T23:45:00Z,2,Nablus,pm25,6h,12.49,15.3053418858902,20.503958333333333,24.864617972214297,oof,fold_1,lightgbm,2.8153418858902004,-2.8153418858902004,True,True
2026-08-16T23:45:00Z,4,Nablus,pm25,6h,12.5,15.760576163504716,17.997604166666665,19.889332346509743,oof,fold_1,lightgbm,3.260576163504716,-3.260576163504716,True,True
2026-08-17T00:00:00Z,1,Tulkarem,pm25,6h,12.36,16.47907043282729,16.98,16.81715890401693,oof,fold_1,lightgbm,4.119070432827289,-4.119070432827289,True,True
2026-08-17T00:00:00Z,2,Nablus,pm25,6h,12.84,14.7913368910244,20.39177083333333,24.886979294366988,oof,fold_1,lightgbm,1.9513368910244004,-1.9513368910244004,True,True
2026-08-17T00:00:00Z,4,Nablus,pm25,6h,11.63,13.731086790550686,17.870833333333334,20.196959704289092,oof,fold_1,lightgbm,2.101086790550685,-2.101086790550685,True,True
2026-08-17T00:15:00Z,1,Tulkarem,pm25,6h,14.03,16.70387418161639,16.861666666666668,16.58430958683635,oof,fold_1,lightgbm,2.673874181616389,-2.673874181616389,True,True
2026-08-17T00:15:00Z,2,Nablus,pm25,6h,13.51,14.35842275033556,20.301354166666663,24.845323941730218,oof,fold_1,lightgbm,0.8484227503355601,-0.8484227503355601,True,True
2026-08-17T00:15:00Z,4,Nablus,pm25,6h,13.49,13.839276886433655,17.776354166666668,19.94369724706329,oof,fold_1,lightgbm,0.34927688643365506,-0.34927688643365506,True,True
2026-08-17T00:30:00Z,1,Tulkarem,pm25,6h,14.08,16.85953560994425,16.732187500000002,16.69613022664937,oof,fold_1,lightgbm,2.779535609944249,-2.779535609944249,True,True
2026-08-17T00:30:00Z,2,Nablus,pm25,6h,13.65,14.904046493605646,20.1990625,24.730190003207895,oof,fold_1,lightgbm,1.254046493605646,-1.254046493605646,True,True
2026-08-17T00:30:00Z,4,Nablus,pm25,6h,11.48,14.097283790515341,17.670416666666664,19.946102482234224,oof,fold_1,lightgbm,2.6172837905153408,-2.6172837905153408,True,True
2026-08-17T00:45:00Z,1,Tulkarem,pm25,6h,11.74,17.168465468644364,16.58875,16.416428921166098,oof,fold_1,lightgbm,5.428465468644363,-5.428465468644363,True,True
2026-08-17T00:45:00Z,2,Nablus,pm25,6h,13.55,14.215213097305991,20.120625,24.356533385964372,oof,fold_1,lightgbm,0.6652130973059904,-0.6652130973059904,True,True
2026-08-17T00:45:00Z,4,Nablus,pm25,6h,11.64,13.809890783983285,17.57,19.818133580646265,oof,fold_1,lightgbm,2.169890783983284,-2.169890783983284,True,True
2026-08-17T01:00:00Z,1,Tulkarem,pm25,6h,9.6,16.704199709604616,16.446875000000002,16.388089196430123,oof,fold_1,lightgbm,7.104199709604616,-7.104199709604616,True,True
2026-08-17T01:00:00Z,2,Nablus,pm25,6h,12.52,14.69833077738525,20.010625,24.133699450207544,oof,fold_1,lightgbm,2.1783307773852503,-2.1783307773852503,True,True
2026-08-17T01:00:00Z,4,Nablus,pm25,6h,11.24,14.143885757787658,17.464895833333333,19.83217861693105,oof,fold_1,lightgbm,2.9038857577876573,-2.9038857577876573,True,True
2026-08-17T01:15:00Z,1,Tulkarem,pm25,6h,10.89,15.91738382955611,16.331145833333334,16.39081819781843,oof,fold_1,lightgbm,5.0273838295561095,-5.0273838295561095,True,True
2026-08-17T01:15:00Z,2,Nablus,pm25,6h,13.22,16.59656215307539,19.910625,23.46927721505385,oof,fold_1,lightgbm,3.3765621530753887,-3.3765621530753887,True,True
2026-08-17T01:15:00Z,4,Nablus,pm25,6h,11.47,14.456790122228687,17.374270833333334,19.716063700132306,oof,fold_1,lightgbm,2.986790122228687,-2.986790122228687,True,True
2026-08-17T01:30:00Z,1,Tulkarem,pm25,6h,8.78,14.435485836655833,16.1990625,16.513247815205123,oof,fold_1,lightgbm,5.655485836655833,-5.655485836655833,True,True
2026-08-17T01:30:00Z,2,Nablus,pm25,6h,13.99,15.786453141890602,19.81802083333333,23.059533156411412,oof,fold_1,lightgbm,1.796453141890602,-1.796453141890602,True,True
2026-08-17T01:30:00Z,4,Nablus,pm25,6h,12.21,14.494409776090404,17.285729166666666,19.71161634614925,oof,fold_1,lightgbm,2.2844097760904027,-2.2844097760904027,True,True
2026-08-17T01:45:00Z,1,Tulkarem,pm25,6h,9.45,14.76391158322489,16.04552083333333,16.39501712610838,oof,fold_1,lightgbm,5.3139115832248915,-5.3139115832248915,True,True
2026-08-17T01:45:00Z,2,Nablus,pm25,6h,14.06,16.535043418426795,19.73927083333333,22.42592955445496,oof,fold_1,lightgbm,2.475043418426795,-2.475043418426795,True,True
2026-08-17T01:45:00Z,4,Nablus,pm25,6h,12.49,13.675880843966642,17.206770833333334,19.641475864463867,oof,fold_1,lightgbm,1.1858808439666415,-1.1858808439666415,True,True
2026-08-17T02:00:00Z,1,Tulkarem,pm25,6h,9.14,14.506666940223155,15.904583333333331,16.478939098739627,oof,fold_1,lightgbm,5.366666940223155,-5.366666940223155,True,True
2026-08-17T02:00:00Z,2,Nablus,pm25,6h,15.04,16.23930077463655,19.678125,21.796733226381768,oof,fold_1,lightgbm,1.1993007746365514,-1.1993007746365514,True,True
2026-08-17T02:00:00Z,4,Nablus,pm25,6h,12.92,13.969038381399164,17.152395833333333,19.373782301248813,oof,fold_1,lightgbm,1.0490383813991642,-1.0490383813991642,True,True
2026-08-17T02:15:00Z,1,Tulkarem,pm25,6h,9.57,14.401965658253577,15.766770833333332,16.54372987825558,oof,fold_1,lightgbm,4.831965658253576,-4.831965658253576,True,True
2026-08-17T02:15:00Z,2,Nablus,pm25,6h,14.52,15.664839207912376,19.620625,20.644016889301046,oof,fold_1,lightgbm,1.1448392079123764,-1.1448392079123764,True,True
2026-08-17T02:15:00Z,4,Nablus,pm25,6h,12.9,13.982783203190808,17.096145833333335,19.2532548396771,oof,fold_1,lightgbm,1.0827832031908073,-1.0827832031908073,True,True
2026-08-17T02:30:00Z,1,Tulkarem,pm25,6h,8.92,14.580187434079402,15.620833333333332,15.485022050330457,oof,fold_1,lightgbm,5.660187434079402,-5.660187434079402,True,True
2026-08-17T02:30:00Z,2,Nablus,pm25,6h,14.63,15.636687321050362,19.5578125,20.521883964389577,oof,fold_1,lightgbm,1.0066873210503609,-1.0066873210503609,True,True
2026-08-17T02:30:00Z,4,Nablus,pm25,6h,12.97,13.753878429387894,17.045729166666668,19.19202248747107,oof,fold_1,lightgbm,0.7838784293878938,-0.7838784293878938,True,True
2026-08-17T02:45:00Z,1,Tulkarem,pm25,6h,12.99,14.659540525386232,15.519687500000002,15.513740952181108,oof,fold_1,lightgbm,1.6695405253862319,-1.6695405253862319,True,True
2026-08-17T02:45:00Z,2,Nablus,pm25,6h,13.09,15.56991422189833,19.485,20.4769812428056,oof,fold_1,lightgbm,2.47991422189833,-2.47991422189833,True,True
2026-08-17T02:45:00Z,4,Nablus,pm25,6h,15.17,13.48197980614248,17.011145833333334,18.413604678998105,oof,fold_1,lightgbm,1.6880201938575201,1.6880201938575201,True,True
2026-08-17T03:00:00Z,1,Tulkarem,pm25,6h,9.39,14.20501759891124,15.381145833333331,15.34334101011582,oof,fold_1,lightgbm,4.81501759891124,-4.81501759891124,True,True
2026-08-17T03:00:00Z,2,Nablus,pm25,6h,12.62,14.290858687159007,19.40822916666667,20.567210447635162,oof,fold_1,lightgbm,1.6708586871590079,-1.6708586871590079,True,True
2026-08-17T03:00:00Z,4,Nablus,pm25,6h,11.66,12.613635422963009,16.9565625,18.250073088141175,oof,fold_1,lightgbm,0.9536354229630088,-0.9536354229630088,True,True
2026-08-17T03:15:00Z,1,Tulkarem,pm25,6h,10.36,13.47931242778657,15.2246875,15.874015883814277,oof,fold_1,lightgbm,3.1193124277865714,-3.1193124277865714,True,True
2026-08-17T03:15:00Z,2,Nablus,pm25,6h,12.26,14.783156927714455,19.33927083333333,20.59899649061656,oof,fold_1,lightgbm,2.5231569277144548,-2.5231569277144548,True,True
2026-08-17T03:15:00Z,4,Nablus,pm25,6h,10.93,13.224042724906134,16.894791666666666,17.979132042467548,oof,fold_1,lightgbm,2.2940427249061344,-2.2940427249061344,True,True
2026-08-17T03:30:00Z,1,Tulkarem,pm25,6h,9.78,13.429942561866032,15.0725,14.692837132157953,oof,fold_1,lightgbm,3.649942561866032,-3.649942561866032,True,False
2026-08-17T03:30:00Z,2,Nablus,pm25,6h,11.59,14.428568325559446,19.27177083333333,20.490559251917308,oof,fold_1,lightgbm,2.8385683255594465,-2.8385683255594465,True,True
2026-08-17T03:30:00Z,4,Nablus,pm25,6h,10.41,12.872288153900035,16.838229166666665,17.623985872775755,oof,fold_1,lightgbm,2.462288153900035,-2.462288153900035,True,True
2026-08-17T03:45:00Z,1,Tulkarem,pm25,6h,8.15,13.317342952986776,14.914375,14.765110344889637,oof,fold_1,lightgbm,5.167342952986775,-5.167342952986775,False,False
2026-08-17T03:45:00Z,2,Nablus,pm25,6h,11.65,14.151852115008214,19.1996875,20.479156653152206,oof,fold_1,lightgbm,2.501852115008214,-2.501852115008214,True,True
2026-08-17T03:45:00Z,4,Nablus,pm25,6h,10.24,12.670213104008699,16.786354166666666,17.550146985936685,oof,fold_1,lightgbm,2.4302131040086987,-2.4302131040086987,True,True
2026-08-17T04:00:00Z,1,Tulkarem,pm25,6h,7.63,13.844835650243436,14.7434375,14.68717676725965,oof,fold_1,lightgbm,6.214835650243436,-6.214835650243436,False,False
2026-08-17T04:00:00Z,2,Nablus,pm25,6h,11.54,13.05975066512094,19.116041666666668,20.354554902181018,oof,fold_1,lightgbm,1.5197506651209416,-1.5197506651209416,True,True
2026-08-17T04:00:00Z,4,Nablus,pm25,6h,10.78,12.383613695494414,16.735000000000003,17.56536176630354,oof,fold_1,lightgbm,1.6036136954944151,-1.6036136954944151,True,True
2026-08-17T04:15:00Z,1,Tulkarem,pm25,6h,8.78,13.516915722058808,14.586875,14.422858579338838,oof,fold_1,lightgbm,4.736915722058809,-4.736915722058809,False,False
2026-08-17T04:15:00Z,2,Nablus,pm25,6h,11.25,12.11974750556197,19.038958333333333,19.883243872111468,oof,fold_1,lightgbm,0.8697475055619694,-0.8697475055619694,True,True
2026-08-17T04:15:00Z,4,Nablus,pm25,6h,10.5,12.148533585292004,16.678645833333334,17.384012720825183,oof,fold_1,lightgbm,1.6485335852920038,-1.6485335852920038,True,True
2026-08-17T04:30:00Z,1,Tulkarem,pm25,6h,7.17,12.662042105192041,14.4321875,14.447594286510254,oof,fold_1,lightgbm,5.492042105192041,-5.492042105192041,False,False
2026-08-17T04:30:00Z,2,Nablus,pm25,6h,11.99,11.546820480086202,18.946145833333336,19.85540764108397,oof,fold_1,lightgbm,0.443179519913798,0.443179519913798,True,True
2026-08-17T04:30:00Z,4,Nablus,pm25,6h,10.43,11.436570466646232,16.620208333333334,15.538672731684986,oof,fold_1,lightgbm,1.0065704666462327,-1.0065704666462327,True,True
2026-08-17T04:45:00Z,1,Tulkarem,pm25,6h,6.88,12.779316132908656,14.245520833333332,14.438381278008112,oof,fold_1,lightgbm,5.899316132908656,-5.899316132908656,False,False
2026-08-17T04:45:00Z,2,Nablus,pm25,6h,11.61,11.548907446730958,18.811875,19.857763428239426,oof,fold_1,lightgbm,0.061092553269041616,0.061092553269041616,True,True
2026-08-17T04:45:00Z,4,Nablus,pm25,6h,10.67,11.4757045207436,16.531770833333333,14.820954668855576,oof,fold_1,lightgbm,0.8057045207435998,-0.8057045207435998,True,False
2026-08-17T05:00:00Z,1,Tulkarem,pm25,6h,6.0,12.046403673938702,14.0559375,14.31239427807106,oof,fold_1,lightgbm,6.046403673938702,-6.046403673938702,False,False
2026-08-17T05:00:00Z,2,Nablus,pm25,6h,11.95,10.754513178510988,18.66114583333333,19.633536417337144,oof,fold_1,lightgbm,1.1954868214890109,1.1954868214890109,True,True
2026-08-17T05:00:00Z,4,Nablus,pm25,6h,10.24,11.202968222792917,16.411458333333332,14.424443771983277,oof,fold_1,lightgbm,0.9629682227929166,-0.9629682227929166,True,False
2026-08-17T05:15:00Z,1,Tulkarem,pm25,6h,5.85,12.038499261884668,13.9153125,14.272395768041312,oof,fold_1,lightgbm,6.188499261884669,-6.188499261884669,False,False
2026-08-17T05:15:00Z,2,Nablus,pm25,6h,11.11,9.848620642751689,18.500104166666667,19.35961217551167,oof,fold_1,lightgbm,1.2613793572483107,1.2613793572483107,True,True
2026-08-17T05:15:00Z,4,Nablus,pm25,6h,9.96,10.475600377787165,16.275833333333335,13.895328788230263,oof,fold_1,lightgbm,0.5156003777871643,-0.5156003777871643,True,False
2026-08-17T05:30:00Z,1,Tulkarem,pm25,6h,6.02,9.822938975508748,13.7984375,14.668469638669544,oof,fold_1,lightgbm,3.8029389755087486,-3.8029389755087486,False,False
2026-08-17T05:30:00Z,2,Nablus,pm25,6h,10.52,9.596868656280247,18.35125,18.95304709800535,oof,fold_1,lightgbm,0.9231313437197528,0.9231313437197528,True,True
2026-08-17T05:30:00Z,4,Nablus,pm25,6h,9.18,10.127936871332102,16.147604166666664,13.760776933033695,oof,fold_1,lightgbm,0.9479368713321019,-0.9479368713321019,True,False
2026-08-17T05:45:00Z,1,Tulkarem,pm25,6h,6.12,9.58918963989548,13.686354166666666,14.543828465524344,oof,fold_1,lightgbm,3.46918963989548,-3.46918963989548,False,False
2026-08-17T05:45:00Z,2,Nablus,pm25,6h,10.56,9.180134680699364,18.207916666666662,18.851454797818118,oof,fold_1,lightgbm,1.3798653193006363,1.3798653193006363,True,True
2026-08-17T05:45:00Z,4,Nablus,pm25,6h,8.67,9.948163973064508,16.034583333333334,13.711686479374357,oof,fold_1,lightgbm,1.2781639730645082,-1.2781639730645082,True,False
2026-08-17T06:00:00Z,1,Tulkarem,pm25,6h,5.59,9.15725113654163,13.57125,14.35316214792079,oof,fold_1,lightgbm,3.56725113654163,-3.56725113654163,False,False
2026-08-17T06:00:00Z,2,Nablus,pm25,6h,9.8,9.267925413569293,18.07520833333333,19.05292172353509,oof,fold_1,lightgbm,0.5320745864307082,0.5320745864307082,True,True
2026-08-17T06:00:00Z,4,Nablus,pm25,6h,8.24,9.830408410450294,15.925520833333332,13.606486981911367,oof,fold_1,lightgbm,1.5904084104502942,-1.5904084104502942,True,False
2026-08-17T06:15:00Z,1,Tulkarem,pm25,6h,5.41,9.021573617515514,13.452083333333333,14.302044259784733,oof,fold_1,lightgbm,3.611573617515514,-3.611573617515514,False,False
2026-08-17T06:15:00Z,2,Nablus,pm25,6h,9.64,9.286188848020483,17.9540625,19.069843398038312,oof,fold_1,lightgbm,0.3538111519795173,0.3538111519795173,True,True
2026-08-17T06:15:00Z,4,Nablus,pm25,6h,7.72,9.839762180623413,15.822083333333332,13.35246662982651,oof,fold_1,lightgbm,2.1197621806234137,-2.1197621806234137,True,False
2026-08-17T06:30:00Z,1,Tulkarem,pm25,6h,5.44,8.9641694290466,13.3515625,14.487284126364417,oof,fold_1,lightgbm,3.524169429046599,-3.524169429046599,False,False
2026-08-17T06:30:00Z,2,Nablus,pm25,6h,9.24,9.709917236641205,17.839583333333334,19.053338482635365,oof,fold_1,lightgbm,0.469917236641205,-0.469917236641205,True,True
2026-08-17T06:30:00Z,4,Nablus,pm25,6h,7.81,9.828598461814334,15.587395833333332,13.409306350008986,oof,fold_1,lightgbm,2.018598461814334,-2.018598461814334,True,False
2026-08-17T06:45:00Z,1,Tulkarem,pm25,6h,5.4,9.648419713817466,13.248229166666668,14.482921431785117,oof,fold_1,lightgbm,4.248419713817466,-4.248419713817466,False,False
2026-08-17T06:45:00Z,2,Nablus,pm25,6h,9.43,9.795196508005226,17.736875,19.20315910594341,oof,fold_1,lightgbm,0.3651965080052264,-0.3651965080052264,True,True
2026-08-17T06:45:00Z,4,Nablus,pm25,6h,7.68,9.856146494167122,15.449270833333337,13.44910485082064,oof,fold_1,lightgbm,2.1761464941671225,-2.1761464941671225,True,False
2026-08-17T07:00:00Z,1,Tulkarem,pm25,6h,5.47,9.312786836194045,13.1490625,14.586819415156302,oof,fold_1,lightgbm,3.842786836194045,-3.842786836194045,False,False
2026-08-17T07:00:00Z,2,Nablus,pm25,6h,8.87,9.676315521151192,17.631979166666667,18.957929756167957,oof,fold_1,lightgbm,0.806315521151193,-0.806315521151193,True,True
2026-08-17T07:00:00Z,4,Nablus,pm25,6h,7.43,9.937852639975572,15.369791666666666,13.308904460055055,oof,fold_1,lightgbm,2.5078526399755727,-2.5078526399755727,True,False
2026-08-17T07:15:00Z,1,Tulkarem,pm25,6h,5.4,9.268740509378265,13.055,14.428558793877318,oof,fold_1,lightgbm,3.8687405093782647,-3.8687405093782647,False,False
2026-08-17T07:15:00Z,2,Nablus,pm25,6h,8.7,9.785850993480706,17.528333333333332,18.833130417936122,oof,fold_1,lightgbm,1.0858509934807064,-1.0858509934807064,True,True
2026-08-17T07:15:00Z,4,Nablus,pm25,6h,7.63,10.366306424974027,15.299895833333332,12.721458959269118,oof,fold_1,lightgbm,2.7363064249740274,-2.7363064249740274,True,False
2026-08-17T07:30:00Z,1,Tulkarem,pm25,6h,5.79,8.8139335553396,12.961041666666668,14.393117586600486,oof,fold_1,lightgbm,3.0239335553396005,-3.0239335553396005,False,False
2026-08-17T07:30:00Z,2,Nablus,pm25,6h,9.03,10.284475336947919,17.440208333333334,18.86896661324963,oof,fold_1,lightgbm,1.2544753369479196,-1.2544753369479196,True,True
2026-08-17T07:30:00Z,4,Nablus,pm25,6h,7.18,10.186004793155995,15.2365625,12.666826699296463,oof,fold_1,lightgbm,3.006004793155995,-3.006004793155995,True,False
2026-08-17T07:45:00Z,1,Tulkarem,pm25,6h,6.82,8.741971305651266,12.8803125,14.119595002826685,oof,fold_1,lightgbm,1.9219713056512653,-1.9219713056512653,False,False
2026-08-17T07:45:00Z,2,Nablus,pm25,6h,9.61,10.281816559804247,17.360833333333336,18.584609692433887,oof,fold_1,lightgbm,0.6718165598042471,-0.6718165598042471,True,True
2026-08-17T07:45:00Z,4,Nablus,pm25,6h,7.26,10.093840640229502,15.178020833333331,12.425616379188545,oof,fold_1,lightgbm,2.8338406402295018,-2.8338406402295018,True,False
2026-08-17T08:00:00Z,1,Tulkarem,pm25,6h,8.62,8.320270022874876,12.810416666666669,14.181493823910994,oof,fold_1,lightgbm,0.29972997712512317,0.29972997712512317,False,False
2026-08-17T08:00:00Z,2,Nablus,pm25,6h,8.49,10.752826561976168,17.276458333333334,18.529355536434267,oof,fold_1,lightgbm,2.2628265619761674,-2.2628265619761674,True,True
2026-08-17T08:00:00Z,4,Nablus,pm25,6h,6.78,10.218634028065905,15.117083333333332,12.458832651173967,oof,fold_1,lightgbm,3.4386340280659047,-3.4386340280659047,True,False
2026-08-17T08:15:00Z,1,Tulkarem,pm25,6h,10.32,8.35371100542128,12.744479166666665,14.180645914420984,oof,fold_1,lightgbm,1.9662889945787203,1.9662889945787203,False,False
2026-08-17T08:15:00Z,2,Nablus,pm25,6h,8.34,11.03068817847864,17.190208333333334,18.602164647154154,oof,fold_1,lightgbm,2.6906881784786396,-2.6906881784786396,True,True
2026-08-17T08:15:00Z,4,Nablus,pm25,6h,6.79,10.292322343434634,15.061979166666667,12.447908049174716,oof,fold_1,lightgbm,3.502322343434634,-3.502322343434634,True,False
2026-08-17T08:30:00Z,1,Tulkarem,pm25,6h,10.73,8.040003268828139,12.667916666666663,14.241842293155301,oof,fold_1,lightgbm,2.6899967311718616,2.6899967311718616,False,False
2026-08-17T08:30:00Z,2,Nablus,pm25,6h,8.68,11.084332738580686,17.11916666666667,18.36630617147324,oof,fold_1,lightgbm,2.4043327385806865,-2.4043327385806865,True,True
2026-08-17T08:30:00Z,4,Nablus,pm25,6h,6.78,10.35286365870703,15.005416666666669,12.386588407154461,oof,fold_1,lightgbm,3.5728636587070293,-3.5728636587070293,True,False
2026-08-17T08:45:00Z,1,Tulkarem,pm25,6h,10.87,8.256398330948443,12.5921875,14.176938539296229,oof,fold_1,lightgbm,2.6136016690515564,2.6136016690515564,False,False
2026-08-17T08:45:00Z,2,Nablus,pm25,6h,9.27,11.233783124077357,17.04885416666667,18.150913490130097,oof,fold_1,lightgbm,1.9637831240773576,-1.9637831240773576,True,True
2026-08-17T08:45:00Z,4,Nablus,pm25,6h,7.19,10.707137823647932,14.957708333333334,12.395796403156934,oof,fold_1,lightgbm,3.517137823647931,-3.517137823647931,False,False
2026-08-17T09:00:00Z,1,Tulkarem,pm25,6h,10.74,8.440216265082713,12.530833333333334,14.126448221118354,oof,fold_1,lightgbm,2.2997837349172876,2.2997837349172876,False,False
2026-08-17T09:00:00Z,2,Nablus,pm25,6h,9.59,11.009025507494654,16.964895833333333,17.93339202673794,oof,fold_1,lightgbm,1.4190255074946538,-1.4190255074946538,True,True
2026-08-17T09:00:00Z,4,Nablus,pm25,6h,8.18,10.817368995605303,14.904895833333336,12.241559827313704,oof,fold_1,lightgbm,2.6373689956053035,-2.6373689956053035,False,False
2026-08-17T09:15:00Z,1,Tulkarem,pm25,6h,10.48,8.972966921621921,12.467083333333337,14.21360075698923,oof,fold_1,lightgbm,1.507033078378079,1.507033078378079,False,False
2026-08-17T09:15:00Z,2,Nablus,pm25,6h,9.74,10.725709126721844,16.889687499999997,17.862665273258294,oof,fold_1,lightgbm,0.9857091267218436,-0.9857091267218436,True,True
2026-08-17T09:15:00Z,4,Nablus,pm25,6h,8.2,10.661364859117525,14.846875000000002,12.257538632904224,oof,fold_1,lightgbm,2.4613648591175252,-2.4613648591175252,False,False
2026-08-17T09:30:00Z,1,Tulkarem,pm25,6h,9.79,8.857827258106106,12.405416666666667,14.151555610743593,oof,fold_1,lightgbm,0.9321727418938934,0.9321727418938934,False,False
2026-08-17T09:30:00Z,2,Nablus,pm25,6h,11.52,10.70768357088253,16.83,17.006763199486517,oof,fold_1,lightgbm,0.8123164291174696,0.8123164291174696,True,True
2026-08-17T09:30:00Z,4,Nablus,pm25,6h,8.84,10.606880498342521,14.801458333333334,11.84850876635861,oof,fold_1,lightgbm,1.7668804983425215,-1.7668804983425215,False,False
2026-08-17T09:45:00Z,1,Tulkarem,pm25,6h,10.69,8.22654729429783,12.352708333333334,14.027543071646488,oof,fold_1,lightgbm,2.463452705702169,2.463452705702169,False,False
2026-08-17T09:45:00Z,2,Nablus,pm25,6h,10.99,10.868699038488895,16.729166666666668,16.934480507210015,oof,fold_1,lightgbm,0.12130096151110514,0.12130096151110514,True,True
2026-08-17T09:45:00Z,4,Nablus,pm25,6h,9.54,10.667209855557253,14.750833333333333,11.876068239951792,oof,fold_1,lightgbm,1.127209855557254,-1.127209855557254,False,False
2026-08-17T10:00:00Z,1,Tulkarem,pm25,6h,11.32,8.633089958226357,12.279791666666668,13.961452523104406,oof,fold_1,lightgbm,2.6869100417736433,2.6869100417736433,False,False
2026-08-17T10:00:00Z,2,Nablus,pm25,6h,12.14,11.419657505963288,16.641875,16.991707496759645,oof,fold_1,lightgbm,0.7203424940367125,0.7203424940367125,True,True
2026-08-17T10:00:00Z,4,Nablus,pm25,6h,9.84,10.935341885296541,14.6878125,11.867283100529434,oof,fold_1,lightgbm,1.0953418852965413,-1.0953418852965413,False,False
2026-08-17T10:15:00Z,1,Tulkarem,pm25,6h,11.7,9.87554677650031,12.189270833333332,14.05575986457447,oof,fold_1,lightgbm,1.82445322349969,1.82445322349969,False,False
2026-08-17T10:15:00Z,2,Nablus,pm25,6h,12.58,11.52041153422362,16.546458333333334,16.91124989980676,oof,fold_1,lightgbm,1.0595884657763808,1.0595884657763808,True,True
2026-08-17T10:15:00Z,4,Nablus,pm25,6h,10.66,10.740485327194476,14.628125,11.82470686743598,oof,fold_1,lightgbm,0.08048532719447543,-0.08048532719447543,False,False
2026-08-17T10:30:00Z,1,Tulkarem,pm25,6h,12.28,14.002934077773045,12.12625,14.057201618024,oof,fold_1,lightgbm,1.7229340777730453,-1.7229340777730453,False,False
2026-08-17T10:30:00Z,2,Nablus,pm25,6h,13.53,11.694770972748191,16.444062499999998,16.840604754939324,oof,fold_1,lightgbm,1.835229027251808,1.835229027251808,True,True
2026-08-17T10:30:00Z,4,Nablus,pm25,6h,11.87,10.853124047584368,14.557708333333336,11.8743756273373,oof,fold_1,lightgbm,1.0168759524156314,1.0168759524156314,False,False
2026-08-17T10:45:00Z,1,Tulkarem,pm25,6h,12.31,14.9543127542815,12.062708333333331,14.153655099829935,oof,fold_1,lightgbm,2.644312754281499,-2.644312754281499,False,False
2026-08-17T10:45:00Z,2,Nablus,pm25,6h,13.82,11.712853067339147,16.341041666666666,16.84449757933855,oof,fold_1,lightgbm,2.1071469326608536,2.1071469326608536,True,True
2026-08-17T10:45:00Z,4,Nablus,pm25,6h,12.19,11.238564010949565,14.484270833333332,11.914395167836108,oof,fold_1,lightgbm,0.9514359890504345,0.9514359890504345,False,False
2026-08-17T11:00:00Z,1,Tulkarem,pm25,6h,12.68,17.441342917429964,12.003229166666666,14.228353639371901,oof,fold_1,lightgbm,4.761342917429964,-4.761342917429964,False,False
2026-08-17T11:00:00Z,2,Nablus,pm25,6h,14.81,13.133195186015532,16.2390625,15.057741729119204,oof,fold_1,lightgbm,1.676804813984468,1.676804813984468,True,True
2026-08-17T11:00:00Z,4,Nablus,pm25,6h,13.18,12.075017397986255,14.395729166666667,11.89102099002228,oof,fold_1,lightgbm,1.1049826020137452,1.1049826020137452,False,False
2026-08-17T11:15:00Z,1,Tulkarem,pm25,6h,12.83,16.34780541104833,11.949791666666668,14.212496228713407,oof,fold_1,lightgbm,3.5178054110483306,-3.5178054110483306,False,False
2026-08-17T11:15:00Z,2,Nablus,pm25,6h,15.19,13.359097661081572,16.126250000000002,15.01363606458418,oof,fold_1,lightgbm,1.8309023389184276,1.8309023389184276,True,True
2026-08-17T11:15:00Z,4,Nablus,pm25,6h,13.33,12.103923325045878,14.287291666666668,11.89084794901017,oof,fold_1,lightgbm,1.2260766749541219,1.2260766749541219,False,False
2026-08-17T11:30:00Z,1,Tulkarem,pm25,6h,13.08,18.533443214772948,11.902291666666663,14.074759543342672,oof,fold_1,lightgbm,5.453443214772948,-5.453443214772948,False,False
2026-08-17T11:30:00Z,2,Nablus,pm25,6h,15.56,12.775646838978428,16.000625,14.349547346664092,oof,fold_1,lightgbm,2.7843531610215724,2.7843531610215724,True,False
2026-08-17T11:30:00Z,4,Nablus,pm25,6h,13.91,12.338899696973492,14.184375,11.826033870301234,oof,fold_1,lightgbm,1.5711003030265083,1.5711003030265083,False,False
2026-08-17T11:45:00Z,1,Tulkarem,pm25,6h,12.95,18.60741563620111,11.857604166666668,14.416596183586009,oof,fold_1,lightgbm,5.657415636201112,-5.657415636201112,False,False
2026-08-17T11:45:00Z,2,Nablus,pm25,6h,15.58,12.63746291931515,15.878645833333332,13.224105574580523,oof,fold_1,lightgbm,2.9425370806848505,2.9425370806848505,True,False
2026-08-17T11:45:00Z,4,Nablus,pm25,6h,14.17,12.37605152805181,14.073333333333332,11.65238492716074,oof,fold_1,lightgbm,1.7939484719481893,1.7939484719481893,False,False
2026-08-17T12:00:00Z,1,Tulkarem,pm25,6h,12.98,19.326203401336866,11.818020833333334,14.322836521444442,oof,fold_1,lightgbm,6.346203401336865,-6.346203401336865,False,False
2026-08-17T12:00:00Z,2,Nablus,pm25,6h,15.33,13.683827750184426,15.738437500000002,13.204843370665175,oof,fold_1,lightgbm,1.6461722498155744,1.6461722498155744,True,False
2026-08-17T12:00:00Z,4,Nablus,pm25,6h,14.01,12.7271995750302,13.963541666666666,11.585955063867658,oof,fold_1,lightgbm,1.2828004249697997,1.2828004249697997,False,False
2026-08-17T12:15:00Z,1,Tulkarem,pm25,6h,13.13,18.788830190411797,11.773541666666668,14.323708919666352,oof,fold_1,lightgbm,5.658830190411797,-5.658830190411797,False,False
2026-08-17T12:15:00Z,2,Nablus,pm25,6h,15.16,13.66192258184582,15.6003125,13.228339699768906,oof,fold_1,lightgbm,1.49807741815418,1.49807741815418,True,False
2026-08-17T12:15:00Z,4,Nablus,pm25,6h,14.29,12.212527574380795,13.837708333333332,11.489317126857777,oof,fold_1,lightgbm,2.077472425619204,2.077472425619204,False,False
2026-08-17T12:30:00Z,1,Tulkarem,pm25,6h,12.98,18.68510312427781,11.738229166666668,14.325549205862345,oof,fold_1,lightgbm,5.705103124277809,-5.705103124277809,False,False
2026-08-17T12:30:00Z,2,Nablus,pm25,6h,14.69,13.788276711795868,15.482291666666669,13.123588695328177,oof,fold_1,lightgbm,0.9017232882041313,0.9017232882041313,True,False
2026-08-17T12:30:00Z,4,Nablus,pm25,6h,14.66,11.582172824050932,13.721458333333333,11.509031518830346,oof,fold_1,lightgbm,3.077827175949068,3.077827175949068,False,False
2026-08-17T12:45:00Z,1,Tulkarem,pm25,6h,13.24,18.813796729348976,11.712291666666667,13.99064027208529,oof,fold_1,lightgbm,5.573796729348976,-5.573796729348976,False,False
2026-08-17T12:45:00Z,2,Nablus,pm25,6h,15.06,13.814827856288444,15.381354166666666,12.75653462788452,oof,fold_1,lightgbm,1.2451721437115566,1.2451721437115566,True,False
2026-08-17T12:45:00Z,4,Nablus,pm25,6h,14.96,11.245708532979117,13.613958333333333,11.513334038208836,oof,fold_1,lightgbm,3.7142914670208835,3.7142914670208835,False,False
2026-08-17T13:00:00Z,1,Tulkarem,pm25,6h,12.96,18.463577148744744,11.68625,14.072203172591438,oof,fold_1,lightgbm,5.503577148744743,-5.503577148744743,False,False
2026-08-17T13:00:00Z,2,Nablus,pm25,6h,16.5,12.828477740937148,15.290833333333332,12.717338670442185,oof,fold_1,lightgbm,3.6715222590628525,3.6715222590628525,True,False
2026-08-17T13:00:00Z,4,Nablus,pm25,6h,15.04,10.078462077130057,13.509895833333331,11.563949808411202,oof,fold_1,lightgbm,4.961537922869942,4.961537922869942,False,False
2026-08-17T13:15:00Z,1,Tulkarem,pm25,6h,13.12,18.925554644504924,11.661458333333334,14.110903790630303,oof,fold_1,lightgbm,5.805554644504925,-5.805554644504925,False,False
2026-08-17T13:15:00Z,2,Nablus,pm25,6h,16.47,12.722907644449528,15.203020833333332,12.737352940013128,oof,fold_1,lightgbm,3.747092355550471,3.747092355550471,True,False
2026-08-17T13:15:00Z,4,Nablus,pm25,6h,14.79,10.587723062048218,13.413645833333334,11.569560462300075,oof,fold_1,lightgbm,4.2022769379517815,4.2022769379517815,False,False
2026-08-17T13:30:00Z,1,Tulkarem,pm25,6h,13.08,17.360859139548776,11.642395833333332,13.863871527533073,oof,fold_1,lightgbm,4.280859139548776,-4.280859139548776,False,False
2026-08-17T13:30:00Z,2,Nablus,pm25,6h,16.2,12.74133730107234,15.1103125,12.674846922813938,oof,fold_1,lightgbm,3.458662698927659,3.458662698927659,True,False
2026-08-17T13:30:00Z,4,Nablus,pm25,6h,15.46,13.257500808112272,13.328541666666668,11.531922768249164,oof,fold_1,lightgbm,2.2024991918877284,2.2024991918877284,False,False
2026-08-17T13:45:00Z,1,Tulkarem,pm25,6h,12.7,16.287480059262215,11.623645833333333,13.90458752987875,oof,fold_1,lightgbm,3.587480059262216,-3.587480059262216,False,False
2026-08-17T13:45:00Z,2,Nablus,pm25,6h,16.78,12.748876984779843,15.018229166666666,12.683995168456184,oof,fold_1,lightgbm,4.0311230152201585,4.0311230152201585,True,False
2026-08-17T13:45:00Z,4,Nablus,pm25,6h,15.47,10.664118537144176,13.245,11.527056073472586,oof,fold_1,lightgbm,4.805881462855824,4.805881462855824,False,False
2026-08-17T14:00:00Z,1,Tulkarem,pm25,6h,13.21,14.286818892912455,11.6146875,13.958990060008057,oof,fold_1,lightgbm,1.0768188929124545,-1.0768188929124545,False,False
2026-08-17T14:00:00Z,2,Nablus,pm25,6h,17.55,11.838152558286643,14.927395833333334,12.568354201863155,oof,fold_1,lightgbm,5.711847441713358,5.711847441713358,False,False
2026-08-17T14:00:00Z,4,Nablus,pm25,6h,16.42,11.618647246050434,13.180833333333332,11.525929585442453,oof,fold_1,lightgbm,4.801352753949567,4.801352753949567,False,False
2026-08-17T14:15:00Z,1,Tulkarem,pm25,6h,13.53,16.26132075061565,11.61,13.965638000555298,oof,fold_1,lightgbm,2.73132075061565,-2.73132075061565,False,False
2026-08-17T14:15:00Z,2,Nablus,pm25,6h,17.12,11.404646779212525,14.846666666666666,12.521937763857553,oof,fold_1,lightgbm,5.715353220787476,5.715353220787476,False,False
2026-08-17T14:15:00Z,4,Nablus,pm25,6h,17.43,11.623172155574158,13.1153125,11.5407475962541,oof,fold_1,lightgbm,5.806827844425841,5.806827844425841,False,False
2026-08-17T14:30:00Z,1,Tulkarem,pm25,6h,13.48,17.55435708527253,11.601770833333331,13.743041726756466,oof,fold_1,lightgbm,4.074357085272531,-4.074357085272531,False,False
2026-08-17T14:30:00Z,2,Nablus,pm25,6h,15.79,11.689117960389703,14.749375,12.535282774785182,oof,fold_1,lightgbm,4.100882039610296,4.100882039610296,False,False
2026-08-17T14:30:00Z,4,Nablus,pm25,6h,15.76,14.366532618615256,13.014270833333336,11.539908573655651,oof,fold_1,lightgbm,1.3934673813847436,1.3934673813847436,False,False
2026-08-17T14:45:00Z,1,Tulkarem,pm25,6h,13.75,16.184985419981345,11.595104166666667,13.912078231334464,oof,fold_1,lightgbm,2.434985419981345,-2.434985419981345,False,False
2026-08-17T14:45:00Z,2,Nablus,pm25,6h,15.22,11.459043952785583,14.644791666666668,12.463678068496467,oof,fold_1,lightgbm,3.7609560472144175,3.7609560472144175,False,False
2026-08-17T14:45:00Z,4,Nablus,pm25,6h,13.59,14.501532000060026,12.888958333333331,11.645471329554258,oof,fold_1,lightgbm,0.911532000060026,-0.911532000060026,False,False
2026-08-17T15:00:00Z,1,Tulkarem,pm25,6h,13.95,11.382229227240662,11.597812500000002,13.799552906307907,oof,fold_1,lightgbm,2.567770772759337,2.567770772759337,False,False
2026-08-17T15:00:00Z,2,Nablus,pm25,6h,15.28,11.178664113405132,14.530833333333334,12.483744619998864,oof,fold_1,lightgbm,4.1013358865948675,4.1013358865948675,False,False
2026-08-17T15:00:00Z,4,Nablus,pm25,6h,13.75,12.349384801783975,12.764583333333333,11.603489031117991,oof,fold_1,lightgbm,1.400615198216025,1.400615198216025,False,False
2026-08-17T15:15:00Z,1,Tulkarem,pm25,6h,15.06,12.428248143004618,11.620625,13.504799155098693,oof,fold_1,lightgbm,2.6317518569953826,2.6317518569953826,False,False
2026-08-17T15:15:00Z,2,Nablus,pm25,6h,16.65,11.127225226196462,14.437083333333332,12.478284637263073,oof,fold_1,lightgbm,5.522774773803537,5.522774773803537,False,False
2026-08-17T15:15:00Z,4,Nablus,pm25,6h,14.78,12.466374236910589,12.6484375,11.617854358452089,oof,fold_1,lightgbm,2.3136257630894104,2.3136257630894104,False,False
2026-08-17T15:30:00Z,1,Tulkarem,pm25,6h,15.19,12.183801235807243,11.655104166666668,13.509975683502743,oof,fold_1,lightgbm,3.0061987641927566,3.0061987641927566,False,False
2026-08-17T15:30:00Z,2,Nablus,pm25,6h,16.6,10.870794085532797,14.3640625,12.466713030698543,oof,fold_1,lightgbm,5.7292059144672045,5.7292059144672045,False,False
2026-08-17T15:30:00Z,4,Nablus,pm25,6h,15.21,12.70829831556991,12.569166666666666,11.547567413949366,oof,fold_1,lightgbm,2.50170168443009,2.50170168443009,False,False
2026-08-17T15:45:00Z,1,Tulkarem,pm25,6h,15.13,15.735157488995453,11.686875,13.514547504493159,oof,fold_1,lightgbm,0.6051574889954523,-0.6051574889954523,False,False
2026-08-17T15:45:00Z,2,Nablus,pm25,6h,18.48,11.079315481590543,14.335729166666669,12.483148533410663,oof,fold_1,lightgbm,7.400684518409458,7.400684518409458,False,False
2026-08-17T15:45:00Z,4,Nablus,pm25,6h,14.93,12.789672220895234,12.527708333333337,11.58409284051191,oof,fold_1,lightgbm,2.1403277791047657,2.1403277791047657,False,False
2026-08-17T16:00:00Z,1,Tulkarem,pm25,6h,14.56,16.732869326826624,11.721354166666666,13.411172565194997,oof,fold_1,lightgbm,2.172869326826623,-2.172869326826623,False,False
2026-08-17T16:00:00Z,2,Nablus,pm25,6h,23.91,10.948825228886017,14.356875,12.51666857856473,oof,fold_1,lightgbm,12.961174771113983,12.961174771113983,False,False
2026-08-17T16:00:00Z,4,Nablus,pm25,6h,14.61,10.30232054510214,12.466458333333334,11.565973775640563,oof,fold_1,lightgbm,4.30767945489786,4.30767945489786,False,False
2026-08-17T16:15:00Z,1,Tulkarem,pm25,6h,15.32,17.045487028150514,11.764583333333334,13.401405840339788,oof,fold_1,lightgbm,1.7254870281505141,-1.7254870281505141,False,False
2026-08-17T16:15:00Z,2,Nablus,pm25,6h,19.85,11.104608080881048,14.32625,12.550309670255007,oof,fold_1,lightgbm,8.745391919118953,8.745391919118953,False,False
2026-08-17T16:15:00Z,4,Nablus,pm25,6h,14.63,9.90970347261474,12.404166666666669,11.613572336250058,oof,fold_1,lightgbm,4.72029652738526,4.72029652738526,False,False
2026-08-17T16:15:00Z,5,Nablus,pm25,6h,16.99,10.788054827653372,13.30204081632653,11.974802663034323,oof,fold_1,lightgbm,6.201945172346626,6.201945172346626,False,False
2026-08-17T16:30:00Z,1,Tulkarem,pm25,6h,15.48,17.401733508008437,11.7753125,13.434510638323514,oof,fold_1,lightgbm,1.9217335080084368,-1.9217335080084368,False,False
2026-08-17T16:30:00Z,2,Nablus,pm25,6h,17.23,11.177479178143836,14.3153125,12.566066676685335,oof,fold_1,lightgbm,6.052520821856165,6.052520821856165,False,False
2026-08-17T16:30:00Z,4,Nablus,pm25,6h,14.47,10.939203343502554,12.33125,11.67342455505894,oof,fold_1,lightgbm,3.530796656497447,3.530796656497447,False,False
2026-08-17T16:30:00Z,5,Nablus,pm25,6h,16.78,10.635997957383944,13.3716,11.891615215699806,oof,fold_1,lightgbm,6.144002042616057,6.144002042616057,False,False
2026-08-17T16:45:00Z,1,Tulkarem,pm25,6h,17.82,17.52130520764865,11.808541666666668,13.13841154293426,oof,fold_1,lightgbm,0.2986947923513519,0.2986947923513519,False,False
2026-08-17T16:45:00Z,2,Nablus,pm25,6h,16.29,11.090828723765377,14.294583333333334,12.591290065414713,oof,fold_1,lightgbm,5.1991712762346225,5.1991712762346225,False,False
2026-08-17T16:45:00Z,4,Nablus,pm25,6h,14.0,10.085705123260158,12.245104166666666,11.607209023414386,oof,fold_1,lightgbm,3.9142948767398416,3.9142948767398416,False,False
2026-08-17T16:45:00Z,5,Nablus,pm25,6h,16.45,10.51849237236691,13.431960784313723,11.886024478580513,oof,fold_1,lightgbm,5.9315076276330885,5.9315076276330885,False,False
2026-08-17T17:00:00Z,1,Tulkarem,pm25,6h,17.54,17.676940399352205,11.848333333333334,12.990619043057572,oof,fold_1,lightgbm,0.1369403993522056,-0.1369403993522056,False,False
2026-08-17T17:00:00Z,2,Nablus,pm25,6h,15.88,11.218853440004457,14.277187499999998,12.558596189706247,oof,fold_1,lightgbm,4.661146559995544,4.661146559995544,False,False
2026-08-17T17:00:00Z,4,Nablus,pm25,6h,14.09,10.085208716495924,12.206874999999998,11.658856009424944,oof,fold_1,lightgbm,4.004791283504076,4.004791283504076,False,False
2026-08-17T17:00:00Z,5,Nablus,pm25,6h,16.7,10.424289899757976,13.494807692307692,11.967868478270747,oof,fold_1,lightgbm,6.275710100242023,6.275710100242023,False,False
2026-08-17T17:15:00Z,1,Tulkarem,pm25,6h,16.44,17.61609843753629,11.8821875,12.946486569311995,oof,fold_1,lightgbm,1.1760984375362895,-1.1760984375362895,False,False
2026-08-17T17:15:00Z,2,Nablus,pm25,6h,15.46,11.675706640142604,14.248333333333331,12.647879737141947,oof,fold_1,lightgbm,3.784293359857397,3.784293359857397,False,False
2026-08-17T17:15:00Z,4,Nablus,pm25,6h,14.07,10.129736386592361,12.2046875,11.992283086804433,oof,fold_1,lightgbm,3.940263613407639,3.940263613407639,False,False
2026-08-17T17:15:00Z,5,Nablus,pm25,6h,17.02,10.675503430034102,13.56132075471698,12.503324865119186,oof,fold_1,lightgbm,6.344496569965898,6.344496569965898,False,False
2026-08-17T17:30:00Z,1,Tulkarem,pm25,6h,15.68,17.750233630776645,11.918854166666668,12.906112203276578,oof,fold_1,lightgbm,2.070233630776645,-2.070233630776645,False,False
2026-08-17T17:30:00Z,2,Nablus,pm25,6h,15.11,12.03093706251523,14.203854166666668,12.87749650660817,oof,fold_1,lightgbm,3.0790629374847693,3.0790629374847693,False,False
2026-08-17T17:30:00Z,4,Nablus,pm25,6h,14.05,10.173140855551763,12.201875,11.932107972342443,oof,fold_1,lightgbm,3.876859144448238,3.876859144448238,False,False
2026-08-17T17:30:00Z,5,Nablus,pm25,6h,16.59,10.748149513193006,13.617407407407407,12.60520050010357,oof,fold_1,lightgbm,5.841850486806994,5.841850486806994,False,False
2026-08-17T17:45:00Z,1,Tulkarem,pm25,6h,15.59,18.479406067804604,11.954895833333332,12.89613384922635,oof,fold_1,lightgbm,2.889406067804604,-2.889406067804604,False,False
2026-08-17T17:45:00Z,2,Nablus,pm25,6h,15.72,12.302354212510147,14.17875,12.952694798345702,oof,fold_1,lightgbm,3.417645787489853,3.417645787489853,False,False
2026-08-17T17:45:00Z,4,Nablus,pm25,6h,14.56,10.291424693765817,12.2046875,11.907524632679255,oof,fold_1,lightgbm,4.268575306234183,4.268575306234183,False,False
2026-08-17T17:45:00Z,5,Nablus,pm25,6h,17.04,10.417039533233096,13.679636363636364,12.593976069738428,oof,fold_1,lightgbm,6.622960466766903,6.622960466766903,False,False
2026-08-17T18:00:00Z,1,Tulkarem,pm25,6h,16.57,18.70948930110085,12.002604166666666,12.867771311785079,oof,fold_1,lightgbm,2.1394893011008485,-2.1394893011008485,False,False
2026-08-17T18:00:00Z,2,Nablus,pm25,6h,15.9,11.894904498422806,14.155208333333333,12.991074038052519,oof,fold_1,lightgbm,4.005095501577195,4.005095501577195,False,False
2026-08-17T18:00:00Z,4,Nablus,pm25,6h,14.68,10.313912443896491,12.216145833333334,11.860601934807953,oof,fold_1,lightgbm,4.366087556103508,4.366087556103508,False,False
2026-08-17T18:00:00Z,5,Nablus,pm25,6h,17.57,10.757271154792992,13.749107142857143,12.50628224975116,oof,fold_1,lightgbm,6.812728845207008,6.812728845207008,False,False
2026-08-17T18:15:00Z,1,Tulkarem,pm25,6h,15.62,18.272406436837286,12.044583333333334,12.816918006108924,oof,fold_1,lightgbm,2.6524064368372873,-2.6524064368372873,False,False
2026-08-17T18:15:00Z,2,Nablus,pm25,6h,15.95,11.17972224164523,14.133333333333333,12.93792271499992,oof,fold_1,lightgbm,4.770277758354769,4.770277758354769,False,False
2026-08-17T18:15:00Z,4,Nablus,pm25,6h,15.08,10.993310107002076,12.232395833333332,11.8408570973172,oof,fold_1,lightgbm,4.086689892997924,4.086689892997924,False,False
2026-08-17T18:15:00Z,5,Nablus,pm25,6h,17.52,11.081716986372758,13.815263157894735,12.532009883169161,oof,fold_1,lightgbm,6.438283013627242,6.438283013627242,False,False
2026-08-17T18:30:00Z,1,Tulkarem,pm25,6h,15.04,18.071356596988768,12.066770833333337,12.582804689615905,oof,fold_1,lightgbm,3.0313565969887684,-3.0313565969887684,False,False
2026-08-17T18:30:00Z,2,Nablus,pm25,6h,16.03,10.89512933956826,14.112291666666666,12.989494563087248,oof,fold_1,lightgbm,5.134870660431741,5.134870660431741,False,False
2026-08-17T18:30:00Z,4,Nablus,pm25,6h,14.62,11.15289308013577,12.238437499999998,12.200083960424156,oof,fold_1,lightgbm,3.4671069198642286,3.4671069198642286,False,False
2026-08-17T18:30:00Z,5,Nablus,pm25,6h,17.9,11.434061004144612,13.885689655172412,12.56292062898116,oof,fold_1,lightgbm,6.465938995855387,6.465938995855387,False,False
2026-08-17T18:45:00Z,1,Tulkarem,pm25,6h,15.14,17.47555200485988,12.0771875,12.484606763888094,oof,fold_1,lightgbm,2.3355520048598777,-2.3355520048598777,False,False
2026-08-17T18:45:00Z,2,Nablus,pm25,6h,16.13,10.581545881597464,14.0865625,12.956825214627855,oof,fold_1,lightgbm,5.548454118402535,5.548454118402535,False,False
2026-08-17T18:45:00Z,4,Nablus,pm25,6h,15.19,10.961845326547392,12.251041666666666,12.0966994634879,oof,fold_1,lightgbm,4.228154673452607,4.228154673452607,False,False
2026-08-17T18:45:00Z,5,Nablus,pm25,6h,18.11,11.876012583609313,13.95728813559322,12.585039510735545,oof,fold_1,lightgbm,6.233987416390686,6.233987416390686,False,False
2026-08-17T19:00:00Z,1,Tulkarem,pm25,6h,15.37,17.435798314090103,12.09125,12.436482632692753,oof,fold_1,lightgbm,2.065798314090104,-2.065798314090104,False,False
2026-08-17T19:00:00Z,2,Nablus,pm25,6h,16.01,12.334599950043616,14.060208333333334,12.99698767220696,oof,fold_1,lightgbm,3.6754000499563855,3.6754000499563855,False,False
2026-08-17T19:00:00Z,4,Nablus,pm25,6h,14.92,11.168500594131064,12.267395833333332,12.146840818460166,oof,fold_1,lightgbm,3.7514994058689357,3.7514994058689357,False,False
2026-08-17T19:00:00Z,5,Nablus,pm25,6h,18.96,11.743630804650893,14.040666666666665,12.574504507177453,oof,fold_1,lightgbm,7.216369195349108,7.216369195349108,False,False
2026-08-17T19:15:00Z,1,Tulkarem,pm25,6h,15.39,17.7209103374131,12.109583333333331,12.391351064626706,oof,fold_1,lightgbm,2.3309103374130977,-2.3309103374130977,False,False
2026-08-17T19:15:00Z,2,Nablus,pm25,6h,15.81,13.356697946874721,14.012708333333334,13.18788679953203,oof,fold_1,lightgbm,2.453302053125279,2.453302053125279,False,False
2026-08-17T19:15:00Z,4,Nablus,pm25,6h,15.29,11.320176250291535,12.2871875,12.083288047145304,oof,fold_1,lightgbm,3.969823749708464,3.969823749708464,False,False
2026-08-17T19:15:00Z,5,Nablus,pm25,6h,18.63,11.965922209086242,14.115901639344262,12.743034369902842,oof,fold_1,lightgbm,6.6640777909137565,6.6640777909137565,False,False
2026-08-17T19:30:00Z,1,Tulkarem,pm25,6h,15.43,17.095935071782016,12.120416666666666,12.23726186285614,oof,fold_1,lightgbm,1.665935071782016,-1.665935071782016,False,False
2026-08-17T19:30:00Z,2,Nablus,pm25,6h,16.52,14.437322668789784,13.993541666666664,13.187671510496056,oof,fold_1,lightgbm,2.082677331210215,2.082677331210215,False,False
2026-08-17T19:30:00Z,4,Nablus,pm25,6h,15.12,12.162507877325957,12.302604166666669,12.055014715793902,oof,fold_1,lightgbm,2.957492122674042,2.957492122674042,False,False
2026-08-17T19:30:00Z,5,Nablus,pm25,6h,19.26,12.288865388883858,14.198870967741936,13.02518565839747,oof,fold_1,lightgbm,6.971134611116144,6.971134611116144,False,False
2026-08-17T19:45:00Z,1,Tulkarem,pm25,6h,15.85,19.482878107922712,12.131979166666667,12.192079033971485,oof,fold_1,lightgbm,3.6328781079227124,-3.6328781079227124,False,False
2026-08-17T19:45:00Z,2,Nablus,pm25,6h,16.89,15.20177028475156,13.9865625,13.432631996531784,oof,fold_1,lightgbm,1.6882297152484398,1.6882297152484398,False,False
2026-08-17T19:45:00Z,4,Nablus,pm25,6h,15.17,12.23756970720666,12.316354166666663,11.965437501924647,oof,fold_1,lightgbm,2.93243029279334,2.93243029279334,False,False
2026-08-17T19:45:00Z,5,Nablus,pm25,6h,19.35,12.699350346103278,14.28063492063492,13.114336564728369,oof,fold_1,lightgbm,6.650649653896723,6.650649653896723,False,False
2026-08-17T20:00:00Z,1,Tulkarem,pm25,6h,15.34,19.290169506662014,12.136145833333332,12.213307193610545,oof,fold_1,lightgbm,3.9501695066620144,-3.9501695066620144,False,False
2026-08-17T20:00:00Z,2,Nablus,pm25,6h,17.0,15.304248561338326,13.982083333333335,13.557361291745929,oof,fold_1,lightgbm,1.6957514386616737,1.6957514386616737,False,False
2026-08-17T20:00:00Z,4,Nablus,pm25,6h,15.41,12.524123544136245,12.333854166666669,12.00322740538664,oof,fold_1,lightgbm,2.8858764558637553,2.8858764558637553,False,False
2026-08-17T20:00:00Z,5,Nablus,pm25,6h,20.17,12.498386248635741,14.37265625,13.18566390047696,oof,fold_1,lightgbm,7.67161375136426,7.67161375136426,False,False
2026-08-17T20:15:00Z,1,Tulkarem,pm25,6h,15.34,19.403927578533487,12.137187499999998,12.174136941577482,oof,fold_1,lightgbm,4.063927578533487,-4.063927578533487,False,False
2026-08-17T20:15:00Z,2,Nablus,pm25,6h,16.81,13.709183460656405,13.984166666666669,13.510780118370077,oof,fold_1,lightgbm,3.100816539343594,3.100816539343594,False,False
2026-08-17T20:15:00Z,4,Nablus,pm25,6h,15.31,12.334520924589155,12.348333333333334,11.953668687882391,oof,fold_1,lightgbm,2.9754790754108456,2.9754790754108456,False,False
2026-08-17T20:15:00Z,5,Nablus,pm25,6h,21.14,13.417809290991928,14.47676923076923,13.17324823588265,oof,fold_1,lightgbm,7.722190709008073,7.722190709008073,False,False
2026-08-17T20:30:00Z,1,Tulkarem,pm25,6h,15.5,15.140344026070336,12.144895833333331,12.212252129941986,oof,fold_1,lightgbm,0.3596559739296641,0.3596559739296641,False,False
2026-08-17T20:30:00Z,2,Nablus,pm25,6h,16.55,13.700206935146102,13.988124999999998,13.32015263385052,oof,fold_1,lightgbm,2.8497930648538983,2.8497930648538983,False,False
2026-08-17T20:30:00Z,4,Nablus,pm25,6h,15.63,12.428863175260389,12.371875,12.070543442558739,oof,fold_1,lightgbm,3.2011368247396117,3.2011368247396117,False,False
2026-08-17T20:30:00Z,5,Nablus,pm25,6h,21.97,13.876390550299071,14.590303030303032,13.27896489515236,oof,fold_1,lightgbm,8.093609449700928,8.093609449700928,False,False
2026-08-17T20:45:00Z,1,Tulkarem,pm25,6h,15.4,16.809799513905535,12.1490625,12.207744710359373,oof,fold_1,lightgbm,1.4097995139055346,-1.4097995139055346,False,False
2026-08-17T20:45:00Z,2,Nablus,pm25,6h,17.35,13.22798453972299,14.001770833333332,13.52085606399656,oof,fold_1,lightgbm,4.122015460277012,4.122015460277012,False,False
2026-08-17T20:45:00Z,4,Nablus,pm25,6h,15.7,12.21748399771429,12.398958333333333,12.018960775153742,oof,fold_1,lightgbm,3.48251600228571,3.48251600228571,False,False
2026-08-17T20:45:00Z,5,Nablus,pm25,6h,21.95,14.115434916140414,14.700149253731343,13.660839896572806,oof,fold_1,lightgbm,7.8345650838595855,7.8345650838595855,False,False
2026-08-17T21:00:00Z,1,Tulkarem,pm25,6h,15.59,14.68737419590724,12.15125,12.200635258128038,oof,fold_1,lightgbm,0.902625804092759,0.902625804092759,False,False
2026-08-17T21:00:00Z,2,Nablus,pm25,6h,17.33,13.570850597963574,14.012916666666667,13.402517325171482,oof,fold_1,lightgbm,3.7591494020364244,3.7591494020364244,False,False
2026-08-17T21:00:00Z,4,Nablus,pm25,6h,15.85,12.016611733428807,12.4275,12.02201532232987,oof,fold_1,lightgbm,3.833388266571193,3.833388266571193,False,False
2026-08-17T21:00:00Z,5,Nablus,pm25,6h,22.82,14.755165484277297,14.819558823529412,13.635978866941329,oof,fold_1,lightgbm,8.064834515722703,8.064834515722703,False,False
2026-08-17T21:15:00Z,1,Tulkarem,pm25,6h,15.39,17.005063456863045,12.156041666666669,12.120623867836558,oof,fold_1,lightgbm,1.6150634568630444,-1.6150634568630444,False,False
2026-08-17T21:15:00Z,2,Nablus,pm25,6h,17.56,14.862436539282445,14.029791666666666,13.429819878374703,oof,fold_1,lightgbm,2.6975634607175536,2.6975634607175536,False,False
2026-08-17T21:15:00Z,4,Nablus,pm25,6h,15.98,12.827440880627588,12.455729166666666,12.116438303310527,oof,fold_1,lightgbm,3.1525591193724125,3.1525591193724125,False,False
2026-08-17T21:15:00Z,5,Nablus,pm25,6h,23.82,15.011952691388693,14.95,13.689516136639105,oof,fold_1,lightgbm,8.808047308611307,8.808047308611307,False,False
2026-08-17T21:30:00Z,1,Tulkarem,pm25,6h,15.7,19.1081960831781,12.161979166666669,12.027599308425378,oof,fold_1,lightgbm,3.408196083178101,-3.408196083178101,False,False
2026-08-17T21:30:00Z,2,Nablus,pm25,6h,17.29,15.897260039573144,14.048020833333332,13.393388133338354,oof,fold_1,lightgbm,1.392739960426855,1.392739960426855,False,False
2026-08-17T21:30:00Z,4,Nablus,pm25,6h,15.85,12.679728001258635,12.473020833333337,12.090077764303834,oof,fold_1,lightgbm,3.170271998741365,3.170271998741365,False,False
2026-08-17T21:30:00Z,5,Nablus,pm25,6h,23.74,15.252528920252727,15.075571428571427,13.728128500859711,oof,fold_1,lightgbm,8.487471079747271,8.487471079747271,True,False
2026-08-17T21:45:00Z,1,Tulkarem,pm25,6h,16.19,19.35426289307333,12.1721875,12.012368786118763,oof,fold_1,lightgbm,3.164262893073328,-3.164262893073328,False,False
2026-08-17T21:45:00Z,2,Nablus,pm25,6h,16.55,15.779846150179603,13.972916666666665,13.572915567737162,oof,fold_1,lightgbm,0.7701538498203977,0.7701538498203977,False,False
2026-08-17T21:45:00Z,4,Nablus,pm25,6h,16.0,12.966337603834388,12.470833333333331,11.963565964837436,oof,fold_1,lightgbm,3.033662396165612,3.033662396165612,False,False
2026-08-17T21:45:00Z,5,Nablus,pm25,6h,23.33,15.726774820687432,15.191830985915493,13.828426078040048,oof,fold_1,lightgbm,7.603225179312567,7.603225179312567,True,False
2026-08-17T22:00:00Z,1,Tulkarem,pm25,6h,19.57,19.577471422060814,12.2165625,12.019637627605723,oof,fold_1,lightgbm,0.007471422060813637,-0.007471422060813637,False,False
2026-08-17T22:00:00Z,2,Nablus,pm25,6h,17.3,16.662335721859954,13.9890625,13.991246852630432,oof,fold_1,lightgbm,0.637664278140047,0.637664278140047,False,False
2026-08-17T22:00:00Z,4,Nablus,pm25,6h,15.82,13.10533134914046,12.486875,11.792558540948558,oof,fold_1,lightgbm,2.71466865085954,2.71466865085954,False,False
2026-08-17T22:00:00Z,5,Nablus,pm25,6h,22.54,16.24684775961094,15.29388888888889,13.793622291319759,oof,fold_1,lightgbm,6.293152240389059,6.293152240389059,True,False
2026-08-17T22:15:00Z,1,Tulkarem,pm25,6h,22.33,19.311401503668854,12.289895833333333,12.145045472445087,oof,fold_1,lightgbm,3.018598496331144,3.018598496331144,False,False
2026-08-17T22:15:00Z,2,Nablus,pm25,6h,17.54,16.02965291865483,14.025,13.82275952999439,oof,fold_1,lightgbm,1.51034708134517,1.51034708134517,False,False
2026-08-17T22:15:00Z,4,Nablus,pm25,6h,15.97,12.872165514390119,12.517291666666663,11.995346176433499,oof,fold_1,lightgbm,3.097834485609882,3.097834485609882,False,False
2026-08-17T22:15:00Z,5,Nablus,pm25,6h,21.31,15.8619849721433,15.376301369863016,13.845001849920049,oof,fold_1,lightgbm,5.448015027856698,5.448015027856698,True,False
2026-08-17T22:30:00Z,1,Tulkarem,pm25,6h,24.44,19.10572344891943,12.394375000000002,12.10552126978349,oof,fold_1,lightgbm,5.3342765510805705,5.3342765510805705,False,False
2026-08-17T22:30:00Z,2,Nablus,pm25,6h,17.66,15.769480622094974,14.057708333333332,13.715813241989036,oof,fold_1,lightgbm,1.8905193779050258,1.8905193779050258,False,False
2026-08-17T22:30:00Z,4,Nablus,pm25,6h,16.16,12.91508769448327,12.555520833333333,12.005523420620477,oof,fold_1,lightgbm,3.2449123055167295,3.2449123055167295,False,False
2026-08-17T22:30:00Z,5,Nablus,pm25,6h,21.63,15.299587575193142,15.460810810810807,13.838382694453172,oof,fold_1,lightgbm,6.330412424806857,6.330412424806857,True,False
2026-08-17T22:45:00Z,1,Tulkarem,pm25,6h,19.52,17.129748868991896,12.442916666666669,12.048081864429644,oof,fold_1,lightgbm,2.390251131008103,2.390251131008103,False,False
2026-08-17T22:45:00Z,2,Nablus,pm25,6h,18.25,15.605596056134798,14.103958333333331,13.640012915158533,oof,fold_1,lightgbm,2.6444039438652016,2.6444039438652016,False,False
2026-08-17T22:45:00Z,4,Nablus,pm25,6h,16.28,12.689187921835867,12.602395833333333,11.931462949309957,oof,fold_1,lightgbm,3.5908120781641344,3.5908120781641344,False,False
2026-08-17T22:45:00Z,5,Nablus,pm25,6h,20.68,15.17644927448915,15.5304,13.78254167424213,oof,fold_1,lightgbm,5.50355072551085,5.50355072551085,True,False
2026-08-17T23:00:00Z,1,Tulkarem,pm25,6h,15.66,15.58615741887621,12.460625,12.00128788501634,oof,fold_1,lightgbm,0.07384258112378994,0.07384258112378994,False,False
2026-08-17T23:00:00Z,2,Nablus,pm25,6h,17.38,15.466435393102486,14.143125,13.612739241529045,oof,fold_1,lightgbm,1.9135646068975127,1.9135646068975127,False,False
2026-08-17T23:00:00Z,4,Nablus,pm25,6h,15.8,12.725279835624256,12.644166666666663,11.917457392365488,oof,fold_1,lightgbm,3.0747201643757442,3.0747201643757442,False,False
2026-08-17T23:00:00Z,5,Nablus,pm25,6h,19.62,14.771292934985835,15.584210526315792,13.800752111842492,oof,fold_1,lightgbm,4.848707065014166,4.848707065014166,True,False
2026-08-17T23:15:00Z,1,Tulkarem,pm25,6h,18.44,16.00797453654449,12.468645833333332,12.091137993872724,oof,fold_1,lightgbm,2.43202546345551,2.43202546345551,False,False
2026-08-17T23:15:00Z,2,Nablus,pm25,6h,17.07,15.455157982333159,14.189583333333331,13.688130057090829,oof,fold_1,lightgbm,1.6148420176668417,1.6148420176668417,False,False
2026-08-17T23:15:00Z,4,Nablus,pm25,6h,16.53,12.810910915651966,12.695625,11.943520510281633,oof,fold_1,lightgbm,3.7190890843480346,3.7190890843480346,False,False
2026-08-17T23:15:00Z,5,Nablus,pm25,6h,18.25,14.769722145564518,15.61883116883117,13.831840672179748,oof,fold_1,lightgbm,3.4802778544354815,3.4802778544354815,True,False
2026-08-17T23:30:00Z,1,Tulkarem,pm25,6h,19.59,15.770380486655593,12.474583333333335,12.171239482879951,oof,fold_1,lightgbm,3.8196195133444064,3.8196195133444064,False,False
2026-08-17T23:30:00Z,2,Nablus,pm25,6h,17.49,14.309450880748427,14.235520833333332,13.65816413328802,oof,fold_1,lightgbm,3.1805491192515714,3.1805491192515714,False,False
2026-08-17T23:30:00Z,4,Nablus,pm25,6h,17.38,12.656950516111783,12.7390625,12.060106565396863,oof,fold_1,lightgbm,4.723049483888216,4.723049483888216,False,False
2026-08-17T23:30:00Z,5,Nablus,pm25,6h,17.35,14.583901672152559,15.64102564102564,13.785431622234183,oof,fold_1,lightgbm,2.766098327847443,2.766098327847443,True,False
2026-08-17T23:45:00Z,1,Tulkarem,pm25,6h,17.72,15.78456327944116,12.525416666666665,12.186513348506404,oof,fold_1,lightgbm,1.9354367205588385,1.9354367205588385,False,False
2026-08-17T23:45:00Z,2,Nablus,pm25,6h,16.62,14.91271781387127,14.278541666666667,13.686782673637813,oof,fold_1,lightgbm,1.7072821861287313,1.7072821861287313,False,False
2026-08-17T23:45:00Z,4,Nablus,pm25,6h,17.02,12.128576233109749,12.786145833333334,12.075239468145814,oof,fold_1,lightgbm,4.8914237668902505,4.8914237668902505,False,False
2026-08-17T23:45:00Z,5,Nablus,pm25,6h,18.02,14.425246399682694,15.67113924050633,13.85257800381526,oof,fold_1,lightgbm,3.594753600317306,3.594753600317306,True,False
2026-08-18T00:00:00Z,1,Tulkarem,pm25,6h,16.46,14.9300726981167,12.568125,12.18305788409656,oof,fold_2,lightgbm,1.5299273018833013,1.5299273018833013,False,False
2026-08-18T00:00:00Z,2,Nablus,pm25,6h,16.57,13.977446155790393,14.317395833333334,14.29428208768881,oof,fold_2,lightgbm,2.5925538442096077,2.5925538442096077,False,False
2026-08-18T00:00:00Z,4,Nablus,pm25,6h,16.96,13.527078663318344,12.841666666666669,12.489909888901762,oof,fold_2,lightgbm,3.432921336681657,3.432921336681657,False,False
2026-08-18T00:00:00Z,5,Nablus,pm25,6h,17.7,15.38275317200618,15.6965,15.513503236790209,oof,fold_2,lightgbm,2.31724682799382,2.31724682799382,True,True
2026-08-18T00:15:00Z,1,Tulkarem,pm25,6h,19.03,14.334434701262946,12.620208333333332,12.13639127388882,oof,fold_2,lightgbm,4.695565298737055,4.695565298737055,False,False
2026-08-18T00:15:00Z,2,Nablus,pm25,6h,16.74,13.940613245255168,14.351041666666667,14.33468690944618,oof,fold_2,lightgbm,2.7993867547448303,2.7993867547448303,False,False
2026-08-18T00:15:00Z,4,Nablus,pm25,6h,16.08,13.668937529511394,12.868645833333334,12.461901870714307,oof,fold_2,lightgbm,2.411062470488604,2.411062470488604,False,False
2026-08-18T00:15:00Z,5,Nablus,pm25,6h,19.29,15.61003869039197,15.740864197530865,15.255591192968371,oof,fold_2,lightgbm,3.6799613096080286,3.6799613096080286,True,True
2026-08-18T00:30:00Z,1,Tulkarem,pm25,6h,18.69,13.641684269700832,12.668229166666665,12.243559733182769,oof,fold_2,lightgbm,5.048315730299169,5.048315730299169,False,False
2026-08-18T00:30:00Z,2,Nablus,pm25,6h,16.13,14.12223981663619,14.376874999999998,14.33708461472321,oof,fold_2,lightgbm,2.007760183363809,2.007760183363809,False,False
2026-08-18T00:30:00Z,4,Nablus,pm25,6h,15.75,13.657986653528082,12.913125,12.52689045030352,oof,fold_2,lightgbm,2.0920133464719175,2.0920133464719175,False,False
2026-08-18T00:30:00Z,5,Nablus,pm25,6h,17.98,15.594892581362203,15.768170731707317,15.247224948577584,oof,fold_2,lightgbm,2.385107418637798,2.385107418637798,True,True
2026-08-18T00:45:00Z,1,Tulkarem,pm25,6h,16.52,13.609336089689828,12.718020833333332,12.25432854385373,oof,fold_2,lightgbm,2.9106639103101717,2.9106639103101717,False,False
2026-08-18T00:45:00Z,2,Nablus,pm25,6h,16.24,14.302125317565332,14.404895833333333,14.35756020103988,oof,fold_2,lightgbm,1.937874682434666,1.937874682434666,False,False
2026-08-18T00:45:00Z,4,Nablus,pm25,6h,15.62,13.644600494047136,12.954583333333334,12.519415396643355,oof,fold_2,lightgbm,1.975399505952863,1.975399505952863,False,False
2026-08-18T00:45:00Z,5,Nablus,pm25,6h,17.27,15.324308846567419,15.786265060240964,15.304461152360663,oof,fold_2,lightgbm,1.9456911534325805,1.9456911534325805,True,True
2026-08-18T01:00:00Z,1,Tulkarem,pm25,6h,16.36,14.189241884057989,12.7884375,12.1674165618225,oof,fold_2,lightgbm,2.170758115942011,2.170758115942011,False,False
2026-08-18T01:00:00Z,2,Nablus,pm25,6h,15.97,14.45702496642897,14.440833333333332,14.177095507073092,oof,fold_2,lightgbm,1.5129750335710312,1.5129750335710312,False,False
2026-08-18T01:00:00Z,4,Nablus,pm25,6h,14.32,13.70545881710221,12.986666666666666,12.562421314202,oof,fold_2,lightgbm,0.6145411828977903,0.6145411828977903,False,False
2026-08-18T01:00:00Z,5,Nablus,pm25,6h,16.92,15.730536614417609,15.799761904761905,15.596577683979021,oof,fold_2,lightgbm,1.1894633855823926,1.1894633855823926,True,True
2026-08-18T01:15:00Z,1,Tulkarem,pm25,6h,15.98,14.16630505514152,12.841458333333334,12.228555840771126,oof,fold_2,lightgbm,1.8136949448584812,1.8136949448584812,False,False
2026-08-18T01:15:00Z,2,Nablus,pm25,6h,15.86,14.4043841093124,14.468333333333334,14.141402903840616,oof,fold_2,lightgbm,1.4556158906876,1.4556158906876,False,False
2026-08-18T01:15:00Z,4,Nablus,pm25,6h,14.56,13.823516644871415,13.018854166666666,12.525738288398765,oof,fold_2,lightgbm,0.7364833551285859,0.7364833551285859,False,False
2026-08-18T01:15:00Z,5,Nablus,pm25,6h,16.33,16.08611507936017,15.806,15.629558631494184,oof,fold_2,lightgbm,0.2438849206398288,0.2438849206398288,True,True
2026-08-18T01:30:00Z,1,Tulkarem,pm25,6h,15.55,13.691272525785367,12.911979166666669,12.198145444953289,oof,fold_2,lightgbm,1.8587274742146338,1.8587274742146338,False,False
2026-08-18T01:30:00Z,2,Nablus,pm25,6h,15.39,13.979665486740437,14.482916666666666,14.252852213725667,oof,fold_2,lightgbm,1.4103345132595635,1.4103345132595635,False,False
2026-08-18T01:30:00Z,4,Nablus,pm25,6h,14.75,13.54500469464257,13.0453125,12.555200743826916,oof,fold_2,lightgbm,1.2049953053574303,1.2049953053574303,False,False
2026-08-18T01:30:00Z,5,Nablus,pm25,6h,16.33,15.481415765405139,15.812093023255812,15.6564189541469,oof,fold_2,lightgbm,0.8485842345948598,0.8485842345948598,True,True
2026-08-18T01:45:00Z,1,Tulkarem,pm25,6h,16.3,14.04448889292244,12.983333333333334,12.241351642494521,oof,fold_2,lightgbm,2.2555111070775613,2.2555111070775613,False,False
2026-08-18T01:45:00Z,2,Nablus,pm25,6h,15.71,13.77787903738657,14.500104166666668,14.293829583250945,oof,fold_2,lightgbm,1.9321209626134301,1.9321209626134301,False,False
2026-08-18T01:45:00Z,4,Nablus,pm25,6h,14.35,13.109556288590506,13.064687499999998,12.585944152936987,oof,fold_2,lightgbm,1.240443711409494,1.240443711409494,False,False
2026-08-18T01:45:00Z,5,Nablus,pm25,6h,15.81,15.603944184000724,15.812068965517245,15.674902430910299,oof,fold_2,lightgbm,0.20605581599927625,0.20605581599927625,True,True
2026-08-18T02:00:00Z,1,Tulkarem,pm25,6h,16.5,13.91326997513456,13.06,12.210114781666435,oof,fold_2,lightgbm,2.5867300248654406,2.5867300248654406,False,False
2026-08-18T02:00:00Z,2,Nablus,pm25,6h,16.8,13.24244366602745,14.5184375,14.24867113107936,oof,fold_2,lightgbm,3.557556333972551,3.557556333972551,False,False
2026-08-18T02:00:00Z,4,Nablus,pm25,6h,13.82,12.965411271616812,13.074062500000002,12.57561492662556,oof,fold_2,lightgbm,0.8545887283831881,0.8545887283831881,False,False
2026-08-18T02:00:00Z,5,Nablus,pm25,6h,14.63,15.099397660963149,15.798636363636364,15.634009634235358,oof,fold_2,lightgbm,0.46939766096314806,-0.46939766096314806,True,True
2026-08-18T02:15:00Z,1,Tulkarem,pm25,6h,15.1,13.556884641374642,13.117604166666666,12.217031947203333,oof,fold_2,lightgbm,1.5431153586253572,1.5431153586253572,False,False
2026-08-18T02:15:00Z,2,Nablus,pm25,6h,15.81,13.358369572677434,14.531875,14.214502475912612,oof,fold_2,lightgbm,2.4516304273225664,2.4516304273225664,False,False
2026-08-18T02:15:00Z,4,Nablus,pm25,6h,14.33,13.188826622532323,13.088958333333332,12.69974999282098,oof,fold_2,lightgbm,1.1411733774676769,1.1411733774676769,False,False
2026-08-18T02:15:00Z,5,Nablus,pm25,6h,14.88,15.404011640721494,15.788314606741574,15.78325255820264,oof,fold_2,lightgbm,0.5240116407214934,-0.5240116407214934,True,True
2026-08-18T02:30:00Z,1,Tulkarem,pm25,6h,16.74,13.1602673344188,13.199062499999998,12.209310771196414,oof,fold_2,lightgbm,3.579732665581199,3.579732665581199,False,False
2026-08-18T02:30:00Z,2,Nablus,pm25,6h,15.37,13.471238847140798,14.539583333333333,14.26032552952139,oof,fold_2,lightgbm,1.8987611528592012,1.8987611528592012,False,False
2026-08-18T02:30:00Z,4,Nablus,pm25,6h,13.8,14.302343579193717,13.097604166666663,12.663171119885783,oof,fold_2,lightgbm,0.5023435791937167,-0.5023435791937167,False,False
2026-08-18T02:30:00Z,5,Nablus,pm25,6h,14.31,15.036116608493854,15.771888888888888,16.04066497816164,oof,fold_2,lightgbm,0.7261166084938537,-0.7261166084938537,True,True
2026-08-18T02:45:00Z,1,Tulkarem,pm25,6h,14.89,12.854326808561632,13.218854166666668,12.201508336711058,oof,fold_2,lightgbm,2.0356731914383683,2.0356731914383683,False,False
2026-08-18T02:45:00Z,2,Nablus,pm25,6h,15.87,13.374410928834878,14.568541666666668,14.290676255623568,oof,fold_2,lightgbm,2.4955890711651207,2.4955890711651207,False,False
2026-08-18T02:45:00Z,4,Nablus,pm25,6h,14.58,14.277017974851764,13.091458333333335,12.53509270435381,oof,fold_2,lightgbm,0.3029820251482356,0.3029820251482356,False,False
2026-08-18T02:45:00Z,5,Nablus,pm25,6h,13.84,15.04321345611818,15.75065934065934,16.039661381604606,oof,fold_2,lightgbm,1.2032134561181795,-1.2032134561181795,True,True
2026-08-18T03:00:00Z,1,Tulkarem,pm25,6h,15.88,12.935752619262333,13.286458333333334,12.235898795099361,oof,fold_2,lightgbm,2.944247380737668,2.944247380737668,False,False
2026-08-18T03:00:00Z,2,Nablus,pm25,6h,15.98,11.992698975285768,14.603541666666665,14.22392081044159,oof,fold_2,lightgbm,3.987301024714233,3.987301024714233,False,False
2026-08-18T03:00:00Z,4,Nablus,pm25,6h,14.02,13.12901183669278,13.116041666666668,12.555518500046986,oof,fold_2,lightgbm,0.8909881633072203,0.8909881633072203,False,False
2026-08-18T03:00:00Z,5,Nablus,pm25,6h,14.59,14.002394401021624,15.73804347826087,15.990200499509013,oof,fold_2,lightgbm,0.5876055989783762,0.5876055989783762,True,True
2026-08-18T03:15:00Z,1,Tulkarem,pm25,6h,15.18,12.479852741127281,13.336666666666666,12.368083144543261,oof,fold_2,lightgbm,2.7001472588727182,2.7001472588727182,False,False
2026-08-18T03:15:00Z,2,Nablus,pm25,6h,15.39,11.935973414539239,14.636145833333332,14.280188205376318,oof,fold_2,lightgbm,3.4540265854607615,3.4540265854607615,False,False
2026-08-18T03:15:00Z,4,Nablus,pm25,6h,13.57,12.865353695967388,13.143541666666666,12.615509823282437,oof,fold_2,lightgbm,0.7046463040326127,0.7046463040326127,False,False
2026-08-18T03:15:00Z,5,Nablus,pm25,6h,14.28,13.788465323928845,15.72236559139785,16.102330941655552,oof,fold_2,lightgbm,0.4915346760711543,0.4915346760711543,True,True
2026-08-18T03:30:00Z,1,Tulkarem,pm25,6h,15.29,12.288411772346896,13.3940625,12.348096856737955,oof,fold_2,lightgbm,3.0015882276531034,3.0015882276531034,False,False
2026-08-18T03:30:00Z,2,Nablus,pm25,6h,16.02,12.020955066121049,14.682291666666666,14.251213219439276,oof,fold_2,lightgbm,3.9990449338789507,3.9990449338789507,False,False
2026-08-18T03:30:00Z,4,Nablus,pm25,6h,14.47,13.236595005381256,13.185833333333337,12.617515960457952,oof,fold_2,lightgbm,1.2334049946187449,1.2334049946187449,False,False
2026-08-18T03:30:00Z,5,Nablus,pm25,6h,14.06,14.080585294138418,15.70468085106383,16.147345296069286,oof,fold_2,lightgbm,0.020585294138417254,-0.020585294138417254,True,True
2026-08-18T03:45:00Z,1,Tulkarem,pm25,6h,15.69,12.227727531407686,13.472604166666663,12.356625151543103,oof,fold_2,lightgbm,3.462272468592314,3.462272468592314,False,False
2026-08-18T03:45:00Z,2,Nablus,pm25,6h,15.27,12.353966043146485,14.72,14.240500275979997,oof,fold_2,lightgbm,2.9160339568535143,2.9160339568535143,False,False
2026-08-18T03:45:00Z,4,Nablus,pm25,6h,13.35,13.194705501860893,13.218229166666667,12.574211898261286,oof,fold_2,lightgbm,0.15529449813910645,0.15529449813910645,False,False
2026-08-18T03:45:00Z,5,Nablus,pm25,6h,13.7,14.17776268676109,15.68357894736842,15.977495887447688,oof,fold_2,lightgbm,0.4777626867610909,-0.4777626867610909,True,True
2026-08-18T04:00:00Z,1,Tulkarem,pm25,6h,14.58,11.29447144384971,13.545,12.407107844756586,oof,fold_2,lightgbm,3.2855285561502896,3.2855285561502896,False,False
2026-08-18T04:00:00Z,2,Nablus,pm25,6h,15.17,12.564054601212929,14.7578125,14.029970049472059,oof,fold_2,lightgbm,2.605945398787071,2.605945398787071,False,False
2026-08-18T04:00:00Z,4,Nablus,pm25,6h,13.6,12.883444909790297,13.247604166666669,12.541201555657834,oof,fold_2,lightgbm,0.7165550902097024,0.7165550902097024,False,False
2026-08-18T04:00:00Z,5,Nablus,pm25,6h,13.37,13.685137337851092,15.659479166666666,15.763128414409234,oof,fold_2,lightgbm,0.3151373378510929,-0.3151373378510929,True,True
2026-08-18T04:15:00Z,1,Tulkarem,pm25,6h,15.1,10.838891112290671,13.610833333333334,12.386876603427984,oof,fold_2,lightgbm,4.261108887709328,4.261108887709328,False,False
2026-08-18T04:15:00Z,2,Nablus,pm25,6h,16.05,12.776633490798467,14.8078125,14.086482301636275,oof,fold_2,lightgbm,3.2733665092015336,3.2733665092015336,False,False
2026-08-18T04:15:00Z,4,Nablus,pm25,6h,13.5,12.636680055532059,13.278854166666669,12.615965964323674,oof,fold_2,lightgbm,0.8633199444679409,0.8633199444679409,False,False
2026-08-18T04:15:00Z,5,Nablus,pm25,6h,13.88,13.522153044426195,15.646041666666669,15.748321537182752,oof,fold_2,lightgbm,0.3578469555738053,0.3578469555738053,True,True
2026-08-18T04:30:00Z,1,Tulkarem,pm25,6h,14.63,9.762893332217386,13.688541666666666,12.448182176516667,oof,fold_2,lightgbm,4.867106667782615,4.867106667782615,False,False
2026-08-18T04:30:00Z,2,Nablus,pm25,6h,15.14,12.592011243533765,14.840624999999998,13.980160804534187,oof,fold_2,lightgbm,2.5479887564662356,2.5479887564662356,False,False
2026-08-18T04:30:00Z,4,Nablus,pm25,6h,13.21,12.191075716171746,13.3078125,12.676640587431322,oof,fold_2,lightgbm,1.0189242838282553,1.0189242838282553,False,False
2026-08-18T04:30:00Z,5,Nablus,pm25,6h,14.17,13.287832888266879,15.653958333333334,15.9105431783353,oof,fold_2,lightgbm,0.8821671117331213,0.8821671117331213,True,True
2026-08-18T04:45:00Z,1,Tulkarem,pm25,6h,14.24,9.450396586241927,13.765208333333334,12.674727877586752,oof,fold_2,lightgbm,4.789603413758073,4.789603413758073,False,False
2026-08-18T04:45:00Z,2,Nablus,pm25,6h,15.94,12.348150891181607,14.885729166666666,13.990133794497122,oof,fold_2,lightgbm,3.5918491088183924,3.5918491088183924,False,False
2026-08-18T04:45:00Z,4,Nablus,pm25,6h,13.05,12.264330042652139,13.332604166666668,12.683448875242378,oof,fold_2,lightgbm,0.7856699573478618,0.7856699573478618,False,False
2026-08-18T04:45:00Z,5,Nablus,pm25,6h,14.27,12.320976434224697,15.686354166666666,15.860221732427304,oof,fold_2,lightgbm,1.9490235657753026,1.9490235657753026,True,True
2026-08-18T05:00:00Z,1,Tulkarem,pm25,6h,13.57,8.846491352711652,13.8440625,12.62821370834728,oof,fold_2,lightgbm,4.723508647288348,4.723508647288348,False,False
2026-08-18T05:00:00Z,2,Nablus,pm25,6h,17.02,12.159676131593875,14.938541666666666,14.183581360182059,oof,fold_2,lightgbm,4.860323868406125,4.860323868406125,False,False
2026-08-18T05:00:00Z,4,Nablus,pm25,6h,13.08,12.086179720214254,13.3621875,12.72210490752955,oof,fold_2,lightgbm,0.993820279785746,0.993820279785746,False,False
2026-08-18T05:00:00Z,5,Nablus,pm25,6h,13.76,11.293965337019573,15.716770833333332,15.914940649283515,oof,fold_2,lightgbm,2.4660346629804266,2.4660346629804266,True,True
2026-08-18T05:15:00Z,1,Tulkarem,pm25,6h,13.61,8.754383218542989,13.924895833333332,12.708196400344976,oof,fold_2,lightgbm,4.855616781457011,4.855616781457011,False,False
2026-08-18T05:15:00Z,2,Nablus,pm25,6h,16.76,12.198691905653385,14.997395833333334,14.261216123643843,oof,fold_2,lightgbm,4.561308094346616,4.561308094346616,False,False
2026-08-18T05:15:00Z,4,Nablus,pm25,6h,13.47,11.968429336857714,13.39875,12.836530106400422,oof,fold_2,lightgbm,1.501570663142287,1.501570663142287,False,False
2026-08-18T05:15:00Z,5,Nablus,pm25,6h,17.07,10.915886229155207,15.785000000000002,15.89331790724786,oof,fold_2,lightgbm,6.154113770844793,6.154113770844793,True,True
2026-08-18T05:30:00Z,1,Tulkarem,pm25,6h,13.66,8.792942464805247,14.004479166666668,12.640808291898674,oof,fold_2,lightgbm,4.867057535194753,4.867057535194753,False,False
2026-08-18T05:30:00Z,2,Nablus,pm25,6h,16.43,11.944801557916907,15.058958333333337,14.29983534200673,oof,fold_2,lightgbm,4.485198442083092,4.485198442083092,True,False
2026-08-18T05:30:00Z,4,Nablus,pm25,6h,13.0,11.528621166303406,13.438541666666667,12.821420257699144,oof,fold_2,lightgbm,1.471378833696594,1.471378833696594,False,False
2026-08-18T05:30:00Z,5,Nablus,pm25,6h,17.72,10.360627343599,15.8621875,15.487255555461802,oof,fold_2,lightgbm,7.359372656400998,7.359372656400998,True,True
2026-08-18T05:45:00Z,1,Tulkarem,pm25,6h,13.55,8.68528290279683,14.081875000000002,12.80615568041156,oof,fold_2,lightgbm,4.864717097203171,4.864717097203171,False,False
2026-08-18T05:45:00Z,2,Nablus,pm25,6h,15.94,11.858466261817982,15.115,14.293662790966499,oof,fold_2,lightgbm,4.081533738182017,4.081533738182017,True,False
2026-08-18T05:45:00Z,4,Nablus,pm25,6h,12.64,11.391084400742185,13.479895833333332,12.924314136806887,oof,fold_2,lightgbm,1.2489155992578151,1.2489155992578151,False,False
2026-08-18T05:45:00Z,5,Nablus,pm25,6h,14.56,10.203707479321313,15.912708333333336,15.513829300190086,oof,fold_2,lightgbm,4.3562925206786876,4.3562925206786876,True,True
2026-08-18T06:00:00Z,1,Tulkarem,pm25,6h,13.08,8.526652919744214,14.159895833333332,13.096334448973396,oof,fold_2,lightgbm,4.5533470802557865,4.5533470802557865,False,False
2026-08-18T06:00:00Z,2,Nablus,pm25,6h,15.82,11.502070328857435,15.177708333333332,14.348213682272796,oof,fold_2,lightgbm,4.317929671142565,4.317929671142565,True,False
2026-08-18T06:00:00Z,4,Nablus,pm25,6h,12.69,10.929352714184443,13.52625,13.121959921554037,oof,fold_2,lightgbm,1.7606472858155566,1.7606472858155566,False,False
2026-08-18T06:00:00Z,5,Nablus,pm25,6h,13.85,9.858167638869384,15.958125,15.598459605332096,oof,fold_2,lightgbm,3.9918323611306157,3.9918323611306157,True,True
2026-08-18T06:15:00Z,1,Tulkarem,pm25,6h,13.36,8.516999900573824,14.242708333333336,13.22274928652026,oof,fold_2,lightgbm,4.843000099426176,4.843000099426176,False,False
2026-08-18T06:15:00Z,2,Nablus,pm25,6h,15.88,11.401244772780005,15.242708333333336,14.460562597324476,oof,fold_2,lightgbm,4.478755227219995,4.478755227219995,True,False
2026-08-18T06:15:00Z,4,Nablus,pm25,6h,12.54,10.931400280597709,13.576458333333331,13.202634402585543,oof,fold_2,lightgbm,1.6085997194022905,1.6085997194022905,False,False
2026-08-18T06:15:00Z,5,Nablus,pm25,6h,13.51,9.781440664264302,15.996874999999998,15.560580957234189,oof,fold_2,lightgbm,3.7285593357356976,3.7285593357356976,True,True
2026-08-18T06:30:00Z,1,Tulkarem,pm25,6h,13.06,8.125283051700427,14.322083333333332,13.492935048322384,oof,fold_2,lightgbm,4.934716948299574,4.934716948299574,False,False
2026-08-18T06:30:00Z,2,Nablus,pm25,6h,14.99,11.408319100322798,15.302604166666669,14.336526712962794,oof,fold_2,lightgbm,3.5816808996772025,3.5816808996772025,True,False
2026-08-18T06:30:00Z,4,Nablus,pm25,6h,12.04,11.07693224718362,13.620520833333336,13.213190575660022,oof,fold_2,lightgbm,0.9630677528163787,0.9630677528163787,False,False
2026-08-18T06:30:00Z,5,Nablus,pm25,6h,13.61,9.605009956541885,16.043125,15.539354522167065,oof,fold_2,lightgbm,4.004990043458115,4.004990043458115,True,True
2026-08-18T06:45:00Z,1,Tulkarem,pm25,6h,12.64,8.260901074238731,14.3975,13.497098888534119,oof,fold_2,lightgbm,4.379098925761269,4.379098925761269,False,False
2026-08-18T06:45:00Z,2,Nablus,pm25,6h,15.58,11.006463432447603,15.366666666666667,14.470752664644538,oof,fold_2,lightgbm,4.573536567552397,4.573536567552397,True,False
2026-08-18T06:45:00Z,4,Nablus,pm25,6h,12.56,11.006426468856375,13.671354166666667,13.437481686780105,oof,fold_2,lightgbm,1.5535735311436252,1.5535735311436252,False,False
2026-08-18T06:45:00Z,5,Nablus,pm25,6h,13.76,9.781511725234942,16.0975,15.51928972051336,oof,fold_2,lightgbm,3.9784882747650574,3.9784882747650574,True,True
2026-08-18T07:00:00Z,1,Tulkarem,pm25,6h,13.0,8.497570378045925,14.4759375,13.444417141633869,oof,fold_2,lightgbm,4.502429621954075,4.502429621954075,False,False
2026-08-18T07:00:00Z,2,Nablus,pm25,6h,15.43,10.788500160113964,15.435,14.461374216299198,oof,fold_2,lightgbm,4.641499839886036,4.641499839886036,True,False
2026-08-18T07:00:00Z,4,Nablus,pm25,6h,11.93,9.639559063848964,13.718229166666664,13.506432101950727,oof,fold_2,lightgbm,2.290440936151036,2.290440936151036,False,False
2026-08-18T07:00:00Z,5,Nablus,pm25,6h,13.4,9.633591150651805,16.146666666666665,15.632070409662731,oof,fold_2,lightgbm,3.7664088493481955,3.7664088493481955,True,True
2026-08-18T07:15:00Z,1,Tulkarem,pm25,6h,13.54,8.596583066750297,14.560729166666668,13.67223040594307,oof,fold_2,lightgbm,4.943416933249702,4.943416933249702,False,False
2026-08-18T07:15:00Z,2,Nablus,pm25,6h,15.64,10.746795692476306,15.507291666666667,14.463170637587249,oof,fold_2,lightgbm,4.893204307523694,4.893204307523694,True,False
2026-08-18T07:15:00Z,4,Nablus,pm25,6h,11.52,9.368767874547189,13.75875,13.529571951853969,oof,fold_2,lightgbm,2.151232125452811,2.151232125452811,False,False
2026-08-18T07:15:00Z,5,Nablus,pm25,6h,13.59,9.602579524206579,16.197708333333335,15.550847326440921,oof,fold_2,lightgbm,3.987420475793421,3.987420475793421,True,True
2026-08-18T07:30:00Z,1,Tulkarem,pm25,6h,14.13,9.186963484190683,14.647604166666667,13.560766364508657,oof,fold_2,lightgbm,4.943036515809318,4.943036515809318,False,False
2026-08-18T07:30:00Z,2,Nablus,pm25,6h,14.57,10.792497536348362,15.565,14.432726880817615,oof,fold_2,lightgbm,3.777502463651638,3.777502463651638,True,False
2026-08-18T07:30:00Z,4,Nablus,pm25,6h,11.31,9.258086750349037,13.801770833333334,13.56075464028643,oof,fold_2,lightgbm,2.0519132496509638,2.0519132496509638,False,False
2026-08-18T07:30:00Z,5,Nablus,pm25,6h,13.65,9.740101807762855,16.249479166666664,15.296434115378263,oof,fold_2,lightgbm,3.9098981922371454,3.9098981922371454,True,True
2026-08-18T07:45:00Z,1,Tulkarem,pm25,6h,14.3,9.55507100171825,14.725520833333333,13.697007969099511,oof,fold_2,lightgbm,4.74492899828175,4.74492899828175,False,False
2026-08-18T07:45:00Z,2,Nablus,pm25,6h,14.53,11.103371666893468,15.61625,14.387448942001454,oof,fold_2,lightgbm,3.4266283331065317,3.4266283331065317,True,False
2026-08-18T07:45:00Z,4,Nablus,pm25,6h,10.88,9.413745024029804,13.839479166666663,13.623672053130111,oof,fold_2,lightgbm,1.4662549759701964,1.4662549759701964,False,False
2026-08-18T07:45:00Z,5,Nablus,pm25,6h,13.78,9.864624082957311,16.300208333333334,15.305723904313314,oof,fold_2,lightgbm,3.915375917042688,3.915375917042688,True,True
2026-08-18T08:00:00Z,1,Tulkarem,pm25,6h,14.93,9.978606471147572,14.79125,13.82441133880669,oof,fold_2,lightgbm,4.951393528852428,4.951393528852428,False,False
2026-08-18T08:00:00Z,2,Nablus,pm25,6h,14.31,11.236466403225196,15.676875,14.391154133110467,oof,fold_2,lightgbm,3.073533596774805,3.073533596774805,True,False
2026-08-18T08:00:00Z,4,Nablus,pm25,6h,10.91,9.316890977620226,13.8825,13.65373526812967,oof,fold_2,lightgbm,1.5931090223797746,1.5931090223797746,False,False
2026-08-18T08:00:00Z,5,Nablus,pm25,6h,13.6,9.411263513827512,16.3471875,15.289806609513303,oof,fold_2,lightgbm,4.188736486172488,4.188736486172488,True,True
2026-08-18T08:15:00Z,1,Tulkarem,pm25,6h,15.52,9.721961874393076,14.845416666666669,13.787295789201712,oof,fold_2,lightgbm,5.798038125606924,5.798038125606924,False,False
2026-08-18T08:15:00Z,2,Nablus,pm25,6h,14.55,11.400370818438704,15.7415625,14.392271961726609,oof,fold_2,lightgbm,3.1496291815612967,3.1496291815612967,True,False
2026-08-18T08:15:00Z,4,Nablus,pm25,6h,14.71,9.659540159315299,13.965000000000002,13.766887518918574,oof,fold_2,lightgbm,5.050459840684702,5.050459840684702,False,False
2026-08-18T08:15:00Z,5,Nablus,pm25,6h,13.52,9.528188560175103,16.395,15.22397169067035,oof,fold_2,lightgbm,3.9918114398248967,3.9918114398248967,True,True
2026-08-18T08:30:00Z,1,Tulkarem,pm25,6h,15.36,9.957013374700068,14.893645833333336,13.801452724205767,oof,fold_2,lightgbm,5.402986625299931,5.402986625299931,False,False
2026-08-18T08:30:00Z,2,Nablus,pm25,6h,15.2,11.379195721568319,15.809479166666668,14.394999350221557,oof,fold_2,lightgbm,3.8208042784316802,3.8208042784316802,True,False
2026-08-18T08:30:00Z,4,Nablus,pm25,6h,13.28,9.901735374761289,14.032708333333334,13.775395036126733,oof,fold_2,lightgbm,3.3782646252387103,3.3782646252387103,False,False
2026-08-18T08:30:00Z,5,Nablus,pm25,6h,14.17,9.24686183433957,16.443645833333335,15.267311876613311,oof,fold_2,lightgbm,4.923138165660429,4.923138165660429,True,True
2026-08-18T08:45:00Z,1,Tulkarem,pm25,6h,15.33,10.243665671272732,14.940104166666666,13.769506266324736,oof,fold_2,lightgbm,5.086334328727268,5.086334328727268,False,False
2026-08-18T08:45:00Z,2,Nablus,pm25,6h,15.51,11.632615212187389,15.874479166666667,14.540453141030703,oof,fold_2,lightgbm,3.877384787812611,3.877384787812611,True,False
2026-08-18T08:45:00Z,4,Nablus,pm25,6h,16.36,9.982138003807009,14.128229166666666,13.799153964237217,oof,fold_2,lightgbm,6.3778619961929905,6.3778619961929905,False,False
2026-08-18T08:45:00Z,5,Nablus,pm25,6h,15.32,9.139401800952882,16.497916666666665,15.316306545277142,oof,fold_2,lightgbm,6.180598199047118,6.180598199047118,True,True
2026-08-18T09:00:00Z,1,Tulkarem,pm25,6h,15.55,10.083718791859486,14.990208333333332,13.793385227535497,oof,fold_2,lightgbm,5.466281208140515,5.466281208140515,False,False
2026-08-18T09:00:00Z,2,Nablus,pm25,6h,17.42,12.296270678038809,15.95604166666667,14.438994508114908,oof,fold_2,lightgbm,5.123729321961193,5.123729321961193,True,False
2026-08-18T09:00:00Z,4,Nablus,pm25,6h,13.45,10.402494549637423,14.183125,13.832343504209648,oof,fold_2,lightgbm,3.0475054503625767,3.0475054503625767,False,False
2026-08-18T09:00:00Z,5,Nablus,pm25,6h,16.51,10.294564698055185,16.560729166666665,15.323094629961668,oof,fold_2,lightgbm,6.215435301944817,6.215435301944817,True,True
2026-08-18T09:15:00Z,1,Tulkarem,pm25,6h,15.56,8.991979202715248,15.043124999999998,13.842592666975351,oof,fold_2,lightgbm,6.568020797284753,6.568020797284753,True,False
2026-08-18T09:15:00Z,2,Nablus,pm25,6h,16.28,11.974456125013958,16.02416666666667,14.464323033889947,oof,fold_2,lightgbm,4.305543874986043,4.305543874986043,True,False
2026-08-18T09:15:00Z,4,Nablus,pm25,6h,13.37,10.20870508299169,14.236979166666666,13.832718892734318,oof,fold_2,lightgbm,3.161294917008309,3.161294917008309,False,False
2026-08-18T09:15:00Z,5,Nablus,pm25,6h,17.38,10.407970993126556,16.629270833333333,15.419966163642657,oof,fold_2,lightgbm,6.972029006873443,6.972029006873443,True,True
2026-08-18T09:30:00Z,1,Tulkarem,pm25,6h,15.69,9.067403103033703,15.104583333333332,13.846203331207985,oof,fold_2,lightgbm,6.6225968969662965,6.6225968969662965,True,False
2026-08-18T09:30:00Z,2,Nablus,pm25,6h,16.57,12.176235291973471,16.076770833333335,14.478816389892115,oof,fold_2,lightgbm,4.393764708026529,4.393764708026529,True,False
2026-08-18T09:30:00Z,4,Nablus,pm25,6h,14.34,10.757832808722316,14.294270833333334,13.868154914784132,oof,fold_2,lightgbm,3.5821671912776836,3.5821671912776836,False,False
2026-08-18T09:30:00Z,5,Nablus,pm25,6h,17.75,10.757796913472765,16.696770833333332,15.438871846514314,oof,fold_2,lightgbm,6.992203086527235,6.992203086527235,True,True
2026-08-18T09:45:00Z,1,Tulkarem,pm25,6h,15.58,9.05191714286254,15.155520833333332,13.88506985334884,oof,fold_2,lightgbm,6.528082857137461,6.528082857137461,True,False
2026-08-18T09:45:00Z,2,Nablus,pm25,6h,17.1,11.709400327261172,16.140416666666667,14.44118464125058,oof,fold_2,lightgbm,5.39059967273883,5.39059967273883,True,False
2026-08-18T09:45:00Z,4,Nablus,pm25,6h,14.49,10.94165676982239,14.345833333333331,13.932998769739498,oof,fold_2,lightgbm,3.5483432301776094,3.5483432301776094,False,False
2026-08-18T09:45:00Z,5,Nablus,pm25,6h,18.29,10.871052427747356,16.7553125,15.271877740790549,oof,fold_2,lightgbm,7.418947572252643,7.418947572252643,True,True
2026-08-18T10:00:00Z,1,Tulkarem,pm25,6h,16.27,11.79069018751722,15.207083333333337,13.84923655656118,oof,fold_2,lightgbm,4.47930981248278,4.47930981248278,True,False
2026-08-18T10:00:00Z,2,Nablus,pm25,6h,19.34,13.944553416786745,16.215416666666666,14.540757613898913,oof,fold_2,lightgbm,5.395446583213255,5.395446583213255,True,False
2026-08-18T10:00:00Z,4,Nablus,pm25,6h,15.38,12.742940737420518,14.403541666666667,14.012099604810851,oof,fold_2,lightgbm,2.6370592625794824,2.6370592625794824,False,False
2026-08-18T10:00:00Z,5,Nablus,pm25,6h,19.11,13.78009143854628,16.818541666666665,14.92987653198167,oof,fold_2,lightgbm,5.329908561453719,5.329908561453719,True,False
2026-08-18T10:15:00Z,1,Tulkarem,pm25,6h,17.46,11.823390722637646,15.267083333333332,13.924154383999985,oof,fold_2,lightgbm,5.636609277362355,5.636609277362355,True,False
2026-08-18T10:15:00Z,2,Nablus,pm25,6h,20.99,14.209240433938682,16.303020833333335,14.635066711460446,oof,fold_2,lightgbm,6.780759566061317,6.780759566061317,True,False
2026-08-18T10:15:00Z,4,Nablus,pm25,6h,17.36,12.669550401340336,14.473333333333334,14.131056029268587,oof,fold_2,lightgbm,4.690449598659663,4.690449598659663,False,False
2026-08-18T10:15:00Z,5,Nablus,pm25,6h,20.18,14.179540097858233,16.885520833333334,14.983859718781284,oof,fold_2,lightgbm,6.000459902141767,6.000459902141767,True,False
2026-08-18T10:30:00Z,1,Tulkarem,pm25,6h,18.33,13.444190454313327,15.330104166666668,13.994861721445943,oof,fold_2,lightgbm,4.885809545686671,4.885809545686671,True,False
2026-08-18T10:30:00Z,2,Nablus,pm25,6h,21.49,14.187089320613785,16.3859375,14.691301083285746,oof,fold_2,lightgbm,7.302910679386214,7.302910679386214,True,False
2026-08-18T10:30:00Z,4,Nablus,pm25,6h,18.64,12.494546549173172,14.543854166666668,14.10324114682583,oof,fold_2,lightgbm,6.145453450826828,6.145453450826828,False,False
2026-08-18T10:30:00Z,5,Nablus,pm25,6h,20.84,14.243593378823608,16.9528125,14.91985664444656,oof,fold_2,lightgbm,6.596406621176392,6.596406621176392,True,False
2026-08-18T10:45:00Z,1,Tulkarem,pm25,6h,19.09,11.401034043780998,15.400729166666666,14.047277036968383,oof,fold_2,lightgbm,7.688965956219002,7.688965956219002,True,False
2026-08-18T10:45:00Z,2,Nablus,pm25,6h,21.73,14.556924823028764,16.468333333333334,14.763035077345954,oof,fold_2,lightgbm,7.173075176971237,7.173075176971237,True,False
2026-08-18T10:45:00Z,4,Nablus,pm25,6h,19.43,12.468724724073645,14.619270833333331,14.0955147001377,oof,fold_2,lightgbm,6.961275275926354,6.961275275926354,False,False
2026-08-18T10:45:00Z,5,Nablus,pm25,6h,21.72,14.285363805571137,17.034583333333334,14.729686968766579,oof,fold_2,lightgbm,7.434636194428862,7.434636194428862,True,False
2026-08-18T11:00:00Z,1,Tulkarem,pm25,6h,18.81,15.545856670708911,15.464583333333332,14.009086254629167,oof,fold_2,lightgbm,3.2641433292910875,3.2641433292910875,True,False
2026-08-18T11:00:00Z,2,Nablus,pm25,6h,22.97,18.092296046204737,16.55333333333333,14.817747925948284,oof,fold_2,lightgbm,4.877703953795262,4.877703953795262,True,False
2026-08-18T11:00:00Z,4,Nablus,pm25,6h,20.32,13.719215097727579,14.693645833333337,14.34361461573835,oof,fold_2,lightgbm,6.600784902272421,6.600784902272421,False,False
2026-08-18T11:00:00Z,5,Nablus,pm25,6h,22.21,16.43609170502931,17.114791666666665,14.474501238421498,oof,fold_2,lightgbm,5.773908294970692,5.773908294970692,True,False
2026-08-18T11:15:00Z,1,Tulkarem,pm25,6h,18.49,16.487021294185357,15.523541666666668,14.246776774462829,oof,fold_2,lightgbm,2.002978705814641,2.002978705814641,True,False
2026-08-18T11:15:00Z,2,Nablus,pm25,6h,23.0,18.18779986454666,16.6346875,14.849773296301526,oof,fold_2,lightgbm,4.812200135453342,4.812200135453342,True,False
2026-08-18T11:15:00Z,4,Nablus,pm25,6h,21.28,13.938216824496486,14.776458333333336,14.363344298621147,oof,fold_2,lightgbm,7.341783175503515,7.341783175503515,False,False
2026-08-18T11:15:00Z,5,Nablus,pm25,6h,23.35,18.095619116981908,17.207604166666666,14.735977333039667,oof,fold_2,lightgbm,5.254380883018094,5.254380883018094,True,False
2026-08-18T11:30:00Z,1,Tulkarem,pm25,6h,18.76,15.137956718423323,15.582708333333334,14.224808621347231,oof,fold_2,lightgbm,3.622043281576678,3.622043281576678,True,False
2026-08-18T11:30:00Z,2,Nablus,pm25,6h,22.96,18.162208442257263,16.711770833333333,14.942719907270282,oof,fold_2,lightgbm,4.7977915577427375,4.7977915577427375,True,False
2026-08-18T11:30:00Z,4,Nablus,pm25,6h,21.31,14.041050077094141,14.853541666666668,14.407152388757575,oof,fold_2,lightgbm,7.268949922905858,7.268949922905858,False,False
2026-08-18T11:30:00Z,5,Nablus,pm25,6h,23.78,18.464180027537708,17.303124999999998,14.728914981401845,oof,fold_2,lightgbm,5.315819972462293,5.315819972462293,True,False
2026-08-18T11:45:00Z,1,Tulkarem,pm25,6h,19.04,16.39007927495263,15.646145833333334,14.109367487510218,oof,fold_2,lightgbm,2.6499207250473695,2.6499207250473695,True,False
2026-08-18T11:45:00Z,2,Nablus,pm25,6h,23.91,18.3251530121441,16.79854166666667,14.856186741391301,oof,fold_2,lightgbm,5.584846987855901,5.584846987855901,True,False
2026-08-18T11:45:00Z,4,Nablus,pm25,6h,21.19,14.114943377759094,14.926666666666668,14.364499298616753,oof,fold_2,lightgbm,7.075056622240908,7.075056622240908,False,False
2026-08-18T11:45:00Z,5,Nablus,pm25,6h,23.98,17.540032164842106,17.397187499999998,14.587512464102051,oof,fold_2,lightgbm,6.439967835157894,6.439967835157894,True,False
2026-08-18T12:00:00Z,1,Tulkarem,pm25,6h,19.87,16.79050650157506,15.717916666666667,14.367746132484758,oof,fold_2,lightgbm,3.0794934984249416,3.0794934984249416,True,False
2026-08-18T12:00:00Z,2,Nablus,pm25,6h,23.8,18.668539254250316,16.886770833333333,14.89593388037729,oof,fold_2,lightgbm,5.131460745749685,5.131460745749685,True,False
2026-08-18T12:00:00Z,4,Nablus,pm25,6h,21.53,14.521746795575368,15.005,14.468298179108672,oof,fold_2,lightgbm,7.0082532044246335,7.0082532044246335,True,False
2026-08-18T12:00:00Z,5,Nablus,pm25,6h,24.18,17.95647681034813,17.4896875,14.710094993792026,oof,fold_2,lightgbm,6.223523189651871,6.223523189651871,True,False
2026-08-18T12:15:00Z,1,Tulkarem,pm25,6h,18.86,17.42349227611883,15.777604166666665,14.725153471253725,oof,fold_2,lightgbm,1.4365077238811708,1.4365077238811708,True,False
2026-08-18T12:15:00Z,2,Nablus,pm25,6h,24.62,18.40724757978616,16.985312500000003,15.165031913662613,oof,fold_2,lightgbm,6.212752420213842,6.212752420213842,True,True
2026-08-18T12:15:00Z,4,Nablus,pm25,6h,22.3,14.698397247066145,15.0884375,14.383700959020606,oof,fold_2,lightgbm,7.6016027529338555,7.6016027529338555,True,False
2026-08-18T12:15:00Z,5,Nablus,pm25,6h,23.04,17.902818163365016,17.561666666666664,14.536528424314817,oof,fold_2,lightgbm,5.1371818366349835,5.1371818366349835,True,False
2026-08-18T12:30:00Z,1,Tulkarem,pm25,6h,19.29,17.7884076880322,15.843333333333332,14.8627937116195,oof,fold_2,lightgbm,1.5015923119677979,1.5015923119677979,True,False
2026-08-18T12:30:00Z,2,Nablus,pm25,6h,25.1,17.526191822651516,17.09375,15.068883296949428,oof,fold_2,lightgbm,7.573808177348486,7.573808177348486,True,True
2026-08-18T12:30:00Z,4,Nablus,pm25,6h,21.81,14.321104451826875,15.162916666666666,14.366008366953972,oof,fold_2,lightgbm,7.488895548173124,7.488895548173124,True,False
2026-08-18T12:30:00Z,5,Nablus,pm25,6h,23.59,17.934259132795116,17.639583333333334,14.663008935150373,oof,fold_2,lightgbm,5.655740867204884,5.655740867204884,True,False
2026-08-18T12:45:00Z,1,Tulkarem,pm25,6h,19.46,14.976205051825154,15.908124999999998,14.983330175887033,oof,fold_2,lightgbm,4.483794948174847,4.483794948174847,True,False
2026-08-18T12:45:00Z,2,Nablus,pm25,6h,25.11,18.330337269059072,17.1984375,15.107749444368347,oof,fold_2,lightgbm,6.779662730940927,6.779662730940927,True,True
2026-08-18T12:45:00Z,4,Nablus,pm25,6h,21.55,14.740344143174031,15.2315625,14.679077108898905,oof,fold_2,lightgbm,6.8096558568259695,6.8096558568259695,True,False
2026-08-18T12:45:00Z,5,Nablus,pm25,6h,23.46,17.624769081715826,17.7221875,14.64166161232355,oof,fold_2,lightgbm,5.835230918284175,5.835230918284175,True,False
2026-08-18T13:00:00Z,1,Tulkarem,pm25,6h,19.02,14.372167250088612,15.97125,14.968802640054117,oof,fold_2,lightgbm,4.647832749911387,4.647832749911387,True,False
2026-08-18T13:00:00Z,2,Nablus,pm25,6h,26.69,19.041360971844657,17.304583333333333,15.089334401889872,oof,fold_2,lightgbm,7.648639028155344,7.648639028155344,True,True
2026-08-18T13:00:00Z,4,Nablus,pm25,6h,21.84,14.690631528799965,15.302395833333334,14.472496180315567,oof,fold_2,lightgbm,7.1493684712000345,7.1493684712000345,True,False
2026-08-18T13:00:00Z,5,Nablus,pm25,6h,22.85,17.131183832454848,17.798750000000002,14.624125096739908,oof,fold_2,lightgbm,5.718816167545153,5.718816167545153,True,False
2026-08-18T13:15:00Z,1,Tulkarem,pm25,6h,18.88,14.500639118543372,16.03125,14.598574768437798,oof,fold_2,lightgbm,4.379360881456627,4.379360881456627,True,False
2026-08-18T13:15:00Z,2,Nablus,pm25,6h,23.79,19.187481826944545,17.38083333333333,15.15400389366937,oof,fold_2,lightgbm,4.602518173055454,4.602518173055454,True,True
2026-08-18T13:15:00Z,4,Nablus,pm25,6h,21.94,14.910386383851883,15.376875,14.468621965604882,oof,fold_2,lightgbm,7.029613616148119,7.029613616148119,True,False
2026-08-18T13:15:00Z,5,Nablus,pm25,6h,23.28,17.26421398823059,17.877395833333335,14.560923722326399,oof,fold_2,lightgbm,6.015786011769411,6.015786011769411,True,False
2026-08-18T13:30:00Z,1,Tulkarem,pm25,6h,19.15,15.432286957044353,16.09447916666667,14.693653398826678,oof,fold_2,lightgbm,3.717713042955646,3.717713042955646,True,False
2026-08-18T13:30:00Z,2,Nablus,pm25,6h,23.59,18.09607964524202,17.4578125,15.18747771142088,oof,fold_2,lightgbm,5.493920354757979,5.493920354757979,True,True
2026-08-18T13:30:00Z,4,Nablus,pm25,6h,22.3,14.886178085367327,15.448125,14.499344061477766,oof,fold_2,lightgbm,7.413821914632674,7.413821914632674,True,False
2026-08-18T13:30:00Z,5,Nablus,pm25,6h,21.86,17.368364871361557,17.934375,14.343941462497385,oof,fold_2,lightgbm,4.491635128638443,4.491635128638443,True,False
2026-08-18T13:45:00Z,1,Tulkarem,pm25,6h,18.14,14.093584258594781,16.151145833333334,14.8175864318524,oof,fold_2,lightgbm,4.0464157414052195,4.0464157414052195,True,False
2026-08-18T13:45:00Z,2,Nablus,pm25,6h,23.06,17.929574628315024,17.523229166666667,15.22431550209167,oof,fold_2,lightgbm,5.130425371684975,5.130425371684975,True,True
2026-08-18T13:45:00Z,4,Nablus,pm25,6h,20.98,15.188063548636435,15.505520833333335,14.44367990778036,oof,fold_2,lightgbm,5.791936451363565,5.791936451363565,True,False
2026-08-18T13:45:00Z,5,Nablus,pm25,6h,23.25,17.325548072126928,18.007291666666664,14.348091552466252,oof,fold_2,lightgbm,5.924451927873072,5.924451927873072,True,False
2026-08-18T14:00:00Z,1,Tulkarem,pm25,6h,18.53,14.744222792875616,16.2065625,14.787414410431893,oof,fold_2,lightgbm,3.7857772071243847,3.7857772071243847,True,False
2026-08-18T14:00:00Z,2,Nablus,pm25,6h,23.88,16.65110283229265,17.589166666666667,15.199822896157409,oof,fold_2,lightgbm,7.228897167707348,7.228897167707348,True,True
2026-08-18T14:00:00Z,4,Nablus,pm25,6h,19.95,14.330165481010736,15.542291666666666,14.411031041725876,oof,fold_2,lightgbm,5.619834518989263,5.619834518989263,True,False
2026-08-18T14:00:00Z,5,Nablus,pm25,6h,21.11,17.04515068069529,18.054583333333333,14.363914223605295,oof,fold_2,lightgbm,4.0648493193047095,4.0648493193047095,True,False
2026-08-18T14:15:00Z,1,Tulkarem,pm25,6h,18.12,16.06496593763681,16.254375,14.758658401902142,oof,fold_2,lightgbm,2.055034062363191,2.055034062363191,True,False
2026-08-18T14:15:00Z,2,Nablus,pm25,6h,22.31,16.17342947142539,17.643229166666668,15.182537198157833,oof,fold_2,lightgbm,6.136570528574609,6.136570528574609,True,True
2026-08-18T14:15:00Z,4,Nablus,pm25,6h,19.78,15.619374328746128,15.566770833333337,14.401112398564427,oof,fold_2,lightgbm,4.160625671253873,4.160625671253873,True,False
2026-08-18T14:15:00Z,5,Nablus,pm25,6h,21.39,17.083405944704687,18.096041666666665,14.3642739485096,oof,fold_2,lightgbm,4.306594055295314,4.306594055295314,True,False
2026-08-18T14:30:00Z,1,Tulkarem,pm25,6h,16.81,15.307220242409628,16.2890625,14.758146517765788,oof,fold_2,lightgbm,1.5027797575903712,1.5027797575903712,True,False
2026-08-18T14:30:00Z,2,Nablus,pm25,6h,22.29,16.018588425797823,17.7109375,15.304847087560029,oof,fold_2,lightgbm,6.271411574202176,6.271411574202176,True,True
2026-08-18T14:30:00Z,4,Nablus,pm25,6h,20.03,15.500886935199283,15.61125,14.247763454541321,oof,fold_2,lightgbm,4.529113064800718,4.529113064800718,True,False
2026-08-18T14:30:00Z,5,Nablus,pm25,6h,21.2,16.066779321805523,18.15041666666667,14.174054666557153,oof,fold_2,lightgbm,5.133220678194476,5.133220678194476,True,False
2026-08-18T14:45:00Z,1,Tulkarem,pm25,6h,16.61,15.049491518091623,16.318854166666664,14.887165726017603,oof,fold_2,lightgbm,1.5605084819083768,1.5605084819083768,True,False
2026-08-18T14:45:00Z,2,Nablus,pm25,6h,21.32,17.04373104059058,17.774479166666666,15.278605128271757,oof,fold_2,lightgbm,4.276268959409421,4.276268959409421,True,True
2026-08-18T14:45:00Z,4,Nablus,pm25,6h,19.01,16.08045345871072,15.667708333333335,14.395658840748624,oof,fold_2,lightgbm,2.9295465412892803,2.9295465412892803,True,False
2026-08-18T14:45:00Z,5,Nablus,pm25,6h,21.95,16.133314036620224,18.2059375,14.39491857571442,oof,fold_2,lightgbm,5.816685963379776,5.816685963379776,True,False
2026-08-18T15:00:00Z,1,Tulkarem,pm25,6h,16.92,15.395539026904034,16.349791666666665,15.260792645268673,oof,fold_2,lightgbm,1.5244609730959677,1.5244609730959677,True,True
2026-08-18T15:00:00Z,2,Nablus,pm25,6h,21.44,16.876965934812777,17.838645833333334,15.46544145743874,oof,fold_2,lightgbm,4.5630340651872245,4.5630340651872245,True,True
2026-08-18T15:00:00Z,4,Nablus,pm25,6h,18.93,15.827746465646488,15.721666666666666,14.167542024861278,oof,fold_2,lightgbm,3.102253534353512,3.102253534353512,True,False
2026-08-18T15:00:00Z,5,Nablus,pm25,6h,22.28,17.195960085178033,18.257708333333333,14.772586812222299,oof,fold_2,lightgbm,5.084039914821968,5.084039914821968,True,False
2026-08-18T15:15:00Z,1,Tulkarem,pm25,6h,17.19,15.591525291279279,16.371979166666666,15.353354146184577,oof,fold_2,lightgbm,1.5984747087207225,1.5984747087207225,True,True
2026-08-18T15:15:00Z,2,Nablus,pm25,6h,20.91,16.9771555122112,17.883020833333337,15.375635641900818,oof,fold_2,lightgbm,3.932844487788799,3.932844487788799,True,True
2026-08-18T15:15:00Z,4,Nablus,pm25,6h,19.14,15.543053517637317,15.767083333333334,14.018114863796796,oof,fold_2,lightgbm,3.596946482362684,3.596946482362684,True,False
2026-08-18T15:15:00Z,5,Nablus,pm25,6h,21.98,17.221313469994513,18.265833333333333,15.120175715062027,oof,fold_2,lightgbm,4.7586865300054875,4.7586865300054875,True,True
2026-08-18T15:30:00Z,1,Tulkarem,pm25,6h,17.42,16.08557847391072,16.395208333333333,15.28230886771047,oof,fold_2,lightgbm,1.334421526089283,1.334421526089283,True,True
2026-08-18T15:30:00Z,2,Nablus,pm25,6h,20.72,16.979166659164378,17.9259375,15.533701393430624,oof,fold_2,lightgbm,3.7408333408356214,3.7408333408356214,True,True
2026-08-18T15:30:00Z,4,Nablus,pm25,6h,19.7,15.246247184562957,15.813854166666667,13.98435993587403,oof,fold_2,lightgbm,4.453752815437042,4.453752815437042,True,False
2026-08-18T15:30:00Z,5,Nablus,pm25,6h,21.16,16.65705871213264,18.29010416666667,15.095447648014598,oof,fold_2,lightgbm,4.502941287867362,4.502941287867362,True,True
2026-08-18T15:45:00Z,1,Tulkarem,pm25,6h,17.14,17.21672381006277,16.416145833333335,15.283994377057397,oof,fold_2,lightgbm,0.07672381006277007,-0.07672381006277007,True,True
2026-08-18T15:45:00Z,2,Nablus,pm25,6h,20.73,17.023829723716563,17.949375,15.549079733384866,oof,fold_2,lightgbm,3.706170276283437,3.706170276283437,True,True
2026-08-18T15:45:00Z,4,Nablus,pm25,6h,20.29,15.308655377011277,15.8696875,13.902787012303461,oof,fold_2,lightgbm,4.981344622988722,4.981344622988722,True,False
2026-08-18T15:45:00Z,5,Nablus,pm25,6h,23.43,16.34322917827148,18.35625,15.243058439137336,oof,fold_2,lightgbm,7.086770821728521,7.086770821728521,True,True
2026-08-18T16:00:00Z,1,Tulkarem,pm25,6h,17.5,16.045603478315307,16.446770833333336,15.337389102969347,oof,fold_2,lightgbm,1.4543965216846928,1.4543965216846928,True,True
2026-08-18T16:00:00Z,2,Nablus,pm25,6h,22.09,17.057462116685127,17.93041666666667,15.816822870977527,oof,fold_2,lightgbm,5.032537883314873,5.032537883314873,True,True
2026-08-18T16:00:00Z,4,Nablus,pm25,6h,20.41,15.146813623039453,15.930104166666668,13.937563237816233,oof,fold_2,lightgbm,5.263186376960547,5.263186376960547,True,False
2026-08-18T16:00:00Z,5,Nablus,pm25,6h,23.73,15.906795751228376,18.4221875,15.280484740639004,oof,fold_2,lightgbm,7.823204248771624,7.823204248771624,True,True
2026-08-18T16:15:00Z,1,Tulkarem,pm25,6h,17.71,16.100380184064793,16.471666666666668,15.262025555520717,oof,fold_2,lightgbm,1.6096198159352078,1.6096198159352078,True,True
2026-08-18T16:15:00Z,2,Nablus,pm25,6h,21.68,17.728833025727468,17.949479166666666,15.986645835293354,oof,fold_2,lightgbm,3.9511669742725317,3.9511669742725317,True,True
2026-08-18T16:15:00Z,4,Nablus,pm25,6h,21.87,16.035763348381018,16.005520833333332,14.23515469485496,oof,fold_2,lightgbm,5.834236651618983,5.834236651618983,True,False
2026-08-18T16:15:00Z,5,Nablus,pm25,6h,23.6,15.567604686136175,18.491041666666668,15.232726056143626,oof,fold_2,lightgbm,8.032395313863827,8.032395313863827,True,True
2026-08-18T16:30:00Z,1,Tulkarem,pm25,6h,17.8,16.981627853735947,16.495833333333334,15.308911212868914,oof,fold_2,lightgbm,0.8183721462640534,0.8183721462640534,True,True
2026-08-18T16:30:00Z,2,Nablus,pm25,6h,20.98,18.538582379703765,17.988541666666666,16.201459369546324,oof,fold_2,lightgbm,2.441417620296235,2.441417620296235,True,True
2026-08-18T16:30:00Z,4,Nablus,pm25,6h,20.55,16.146981977356504,16.068854166666664,14.432935868358937,oof,fold_2,lightgbm,4.403018022643497,4.403018022643497,True,False
2026-08-18T16:30:00Z,5,Nablus,pm25,6h,27.42,15.953149788172036,18.601875,15.323950327222116,oof,fold_2,lightgbm,11.466850211827966,11.466850211827966,True,True
2026-08-18T16:45:00Z,1,Tulkarem,pm25,6h,18.78,16.968225953808304,16.50583333333333,15.31992804297309,oof,fold_2,lightgbm,1.8117740461916974,1.8117740461916974,True,True
2026-08-18T16:45:00Z,2,Nablus,pm25,6h,21.02,18.251119967148146,18.0378125,16.14290083660319,oof,fold_2,lightgbm,2.768880032851854,2.768880032851854,True,True
2026-08-18T16:45:00Z,4,Nablus,pm25,6h,20.16,15.529827842923225,16.133020833333333,14.346949483371962,oof,fold_2,lightgbm,4.630172157076775,4.630172157076775,True,False
2026-08-18T16:45:00Z,5,Nablus,pm25,6h,23.35,16.56674816210482,18.67375,15.606978013627817,oof,fold_2,lightgbm,6.7832518378951825,6.7832518378951825,True,True
2026-08-18T17:00:00Z,1,Tulkarem,pm25,6h,23.73,16.852697053885574,16.5703125,15.015072900806283,oof,fold_2,lightgbm,6.877302946114426,6.877302946114426,True,True
2026-08-18T17:00:00Z,2,Nablus,pm25,6h,20.58,17.977337770854543,18.086770833333336,16.274851260218504,oof,fold_2,lightgbm,2.602662229145455,2.602662229145455,True,True
2026-08-18T17:00:00Z,4,Nablus,pm25,6h,20.14,15.746150874663932,16.19604166666667,14.54408471125184,oof,fold_2,lightgbm,4.393849125336068,4.393849125336068,True,False
2026-08-18T17:00:00Z,5,Nablus,pm25,6h,22.77,15.464496258618329,18.736979166666668,15.696294017993091,oof,fold_2,lightgbm,7.305503741381671,7.305503741381671,True,True
2026-08-18T17:15:00Z,1,Tulkarem,pm25,6h,24.9,16.56644156901862,16.6584375,14.935681841319647,oof,fold_2,lightgbm,8.333558430981377,8.333558430981377,True,False
2026-08-18T17:15:00Z,2,Nablus,pm25,6h,20.76,18.153734474686104,18.14197916666667,16.477511860674255,oof,fold_2,lightgbm,2.6062655253138978,2.6062655253138978,True,True
2026-08-18T17:15:00Z,4,Nablus,pm25,6h,19.77,15.852713896333544,16.25541666666667,14.920522998069575,oof,fold_2,lightgbm,3.9172861036664557,3.9172861036664557,True,False
2026-08-18T17:15:00Z,5,Nablus,pm25,6h,23.33,16.147474546156285,18.80270833333333,15.921115599374174,oof,fold_2,lightgbm,7.182525453843713,7.182525453843713,True,True
2026-08-18T17:30:00Z,1,Tulkarem,pm25,6h,21.44,17.60521524988347,16.7184375,15.127360301525835,oof,fold_2,lightgbm,3.8347847501165298,3.8347847501165298,True,True
2026-08-18T17:30:00Z,2,Nablus,pm25,6h,19.84,18.11528272545842,18.19125,16.57419268320849,oof,fold_2,lightgbm,1.7247172745415789,1.7247172745415789,True,True
2026-08-18T17:30:00Z,4,Nablus,pm25,6h,18.69,15.18635445474333,16.303749999999997,15.055224113616084,oof,fold_2,lightgbm,3.5036455452566706,3.5036455452566706,True,True
2026-08-18T17:30:00Z,5,Nablus,pm25,6h,22.69,17.813509892265056,18.86625,16.460982401012206,oof,fold_2,lightgbm,4.876490107734945,4.876490107734945,True,True
2026-08-18T17:45:00Z,1,Tulkarem,pm25,6h,21.57,17.22514661752754,16.780729166666667,15.316110481142179,oof,fold_2,lightgbm,4.344853382472461,4.344853382472461,True,True
2026-08-18T17:45:00Z,2,Nablus,pm25,6h,19.56,17.969190153732118,18.23125,16.79767387105443,oof,fold_2,lightgbm,1.5908098462678808,1.5908098462678808,True,True
2026-08-18T17:45:00Z,4,Nablus,pm25,6h,18.43,15.40253041478554,16.3440625,14.998499672851016,oof,fold_2,lightgbm,3.02746958521446,3.02746958521446,True,False
2026-08-18T17:45:00Z,5,Nablus,pm25,6h,23.11,17.023046535307596,18.929479166666667,16.76315931008512,oof,fold_2,lightgbm,6.086953464692403,6.086953464692403,True,True
2026-08-18T18:00:00Z,1,Tulkarem,pm25,6h,23.52,16.984922118010196,16.853125000000002,15.303865792603302,oof,fold_2,lightgbm,6.535077881989803,6.535077881989803,True,True
2026-08-18T18:00:00Z,2,Nablus,pm25,6h,19.39,17.881524571228507,18.26760416666667,16.768198566044504,oof,fold_2,lightgbm,1.5084754287714937,1.5084754287714937,True,True
2026-08-18T18:00:00Z,4,Nablus,pm25,6h,18.15,14.62152876789803,16.380208333333332,14.950012285103055,oof,fold_2,lightgbm,3.5284712321019693,3.5284712321019693,True,False
2026-08-18T18:00:00Z,5,Nablus,pm25,6h,23.48,17.137190017260156,18.991041666666664,17.02164535030486,oof,fold_2,lightgbm,6.342809982739844,6.342809982739844,True,True
2026-08-18T18:15:00Z,1,Tulkarem,pm25,6h,24.35,17.41480356199585,16.944062499999998,15.290289694739885,oof,fold_2,lightgbm,6.9351964380041515,6.9351964380041515,True,True
2026-08-18T18:15:00Z,2,Nablus,pm25,6h,19.42,17.94279538557445,18.30375,17.149811001301423,oof,fold_2,lightgbm,1.4772046144255526,1.4772046144255526,True,True
2026-08-18T18:15:00Z,4,Nablus,pm25,6h,18.78,15.16532075197446,16.41875,15.09199997565435,oof,fold_2,lightgbm,3.6146792480255403,3.6146792480255403,True,True
2026-08-18T18:15:00Z,5,Nablus,pm25,6h,23.14,17.627741618464025,19.04958333333333,17.201453706126475,oof,fold_2,lightgbm,5.512258381535975,5.512258381535975,True,True
2026-08-18T18:30:00Z,1,Tulkarem,pm25,6h,21.34,17.829923291668205,17.009687500000002,15.255921680833332,oof,fold_2,lightgbm,3.5100767083317947,3.5100767083317947,True,True
2026-08-18T18:30:00Z,2,Nablus,pm25,6h,19.99,17.485251973736503,18.345,17.212419459474187,oof,fold_2,lightgbm,2.5047480262634956,2.5047480262634956,True,True
2026-08-18T18:30:00Z,4,Nablus,pm25,6h,18.93,15.685715911615333,16.463645833333334,15.086588977692472,oof,fold_2,lightgbm,3.244284088384667,3.244284088384667,True,True
2026-08-18T18:30:00Z,5,Nablus,pm25,6h,21.31,17.738279026530286,19.085104166666667,17.19807769162078,oof,fold_2,lightgbm,3.571720973469713,3.571720973469713,True,True
2026-08-18T18:45:00Z,1,Tulkarem,pm25,6h,20.96,17.527732320786097,17.0703125,15.29655643050797,oof,fold_2,lightgbm,3.432267679213904,3.432267679213904,True,True
2026-08-18T18:45:00Z,2,Nablus,pm25,6h,20.49,18.32224503034737,18.390416666666667,17.566460543751848,oof,fold_2,lightgbm,2.167754969652627,2.167754969652627,True,True
2026-08-18T18:45:00Z,4,Nablus,pm25,6h,18.92,16.71170165786886,16.5025,15.104021410572779,oof,fold_2,lightgbm,2.2082983421311404,2.2082983421311404,True,True
2026-08-18T18:45:00Z,5,Nablus,pm25,6h,19.56,17.871507945733327,19.10020833333333,17.147738807040206,oof,fold_2,lightgbm,1.6884920542666713,1.6884920542666713,True,True
2026-08-18T19:00:00Z,1,Tulkarem,pm25,6h,20.66,17.609761262681,17.125416666666666,15.351308166652846,oof,fold_2,lightgbm,3.050238737318999,3.050238737318999,True,True
2026-08-18T19:00:00Z,2,Nablus,pm25,6h,19.6,18.732777181805123,18.4278125,17.63206603060533,oof,fold_2,lightgbm,0.8672228181948789,0.8672228181948789,True,True
2026-08-18T19:00:00Z,4,Nablus,pm25,6h,18.32,16.418310593448325,16.537916666666664,15.480783498782293,oof,fold_2,lightgbm,1.9016894065516752,1.9016894065516752,True,True
2026-08-18T19:00:00Z,5,Nablus,pm25,6h,21.92,18.499765563833304,19.131041666666665,17.463209776996152,oof,fold_2,lightgbm,3.420234436166698,3.420234436166698,True,True
2026-08-18T19:15:00Z,1,Tulkarem,pm25,6h,21.24,18.194908832952606,17.186354166666668,15.191315906877268,oof,fold_2,lightgbm,3.045091167047392,3.045091167047392,True,True
2026-08-18T19:15:00Z,2,Nablus,pm25,6h,20.32,18.42339593476676,18.474791666666665,17.363668482673685,oof,fold_2,lightgbm,1.896604065233241,1.896604065233241,True,True
2026-08-18T19:15:00Z,4,Nablus,pm25,6h,19.22,16.523288374595992,16.578854166666666,15.626952846458101,oof,fold_2,lightgbm,2.6967116254040064,2.6967116254040064,True,True
2026-08-18T19:15:00Z,5,Nablus,pm25,6h,23.41,18.726448119298947,19.180833333333336,17.245778597051224,oof,fold_2,lightgbm,4.683551880701053,4.683551880701053,True,True
2026-08-18T19:30:00Z,1,Tulkarem,pm25,6h,21.93,18.170016940328022,17.2540625,15.372986311771088,oof,fold_2,lightgbm,3.7599830596719777,3.7599830596719777,True,True
2026-08-18T19:30:00Z,2,Nablus,pm25,6h,20.43,18.57880991496437,18.515520833333333,17.354293243696137,oof,fold_2,lightgbm,1.851190085035629,1.851190085035629,True,True
2026-08-18T19:30:00Z,4,Nablus,pm25,6h,19.49,17.384229042963877,16.624375,15.771965746107965,oof,fold_2,lightgbm,2.105770957036121,2.105770957036121,True,True
2026-08-18T19:30:00Z,5,Nablus,pm25,6h,25.08,18.958714292408956,19.24145833333333,17.254012707265716,oof,fold_2,lightgbm,6.121285707591042,6.121285707591042,True,True
2026-08-18T19:45:00Z,1,Tulkarem,pm25,6h,20.81,17.95581689920362,17.305729166666666,15.235174672912958,oof,fold_2,lightgbm,2.85418310079638,2.85418310079638,True,True
2026-08-18T19:45:00Z,2,Nablus,pm25,6h,20.75,18.678738310423174,18.555729166666666,17.354606400647313,oof,fold_2,lightgbm,2.0712616895768257,2.0712616895768257,True,True
2026-08-18T19:45:00Z,4,Nablus,pm25,6h,18.93,17.577294715285866,16.663541666666667,15.826900695414531,oof,fold_2,lightgbm,1.3527052847141334,1.3527052847141334,True,True
2026-08-18T19:45:00Z,5,Nablus,pm25,6h,25.75,18.941611321697817,19.308125,17.518598106951707,oof,fold_2,lightgbm,6.808388678302183,6.808388678302183,True,True
2026-08-18T20:00:00Z,1,Tulkarem,pm25,6h,20.47,18.344406205359846,17.359166666666667,15.556854737766345,oof,fold_2,lightgbm,2.125593794640153,2.125593794640153,True,True
2026-08-18T20:00:00Z,2,Nablus,pm25,6h,19.34,18.797122970342258,18.580104166666665,17.414604741550672,oof,fold_2,lightgbm,0.5428770296577419,0.5428770296577419,True,True
2026-08-18T20:00:00Z,4,Nablus,pm25,6h,17.73,17.38010893479603,16.687708333333333,15.599136407087752,oof,fold_2,lightgbm,0.34989106520396973,0.34989106520396973,True,True
2026-08-18T20:00:00Z,5,Nablus,pm25,6h,23.96,18.9162109929966,19.347604166666667,17.232047307857115,oof,fold_2,lightgbm,5.043789007003401,5.043789007003401,True,True
2026-08-18T20:15:00Z,1,Tulkarem,pm25,6h,20.49,19.147398044202706,17.4128125,15.551765755856113,oof,fold_2,lightgbm,1.3426019557972921,1.3426019557972921,True,True
2026-08-18T20:15:00Z,2,Nablus,pm25,6h,17.84,18.590626817258237,18.59083333333333,17.317963603706858,oof,fold_2,lightgbm,0.7506268172582367,-0.7506268172582367,True,True
2026-08-18T20:15:00Z,4,Nablus,pm25,6h,17.14,17.33557559032086,16.706770833333334,15.517585892771294,oof,fold_2,lightgbm,0.19557559032086047,-0.19557559032086047,True,True
2026-08-18T20:15:00Z,5,Nablus,pm25,6h,29.61,19.081012489261582,19.43583333333333,17.207544001937134,oof,fold_2,lightgbm,10.528987510738418,10.528987510738418,True,True
2026-08-18T20:30:00Z,1,Tulkarem,pm25,6h,20.79,18.239332449258757,17.467916666666667,15.337659692775322,oof,fold_2,lightgbm,2.5506675507412417,2.5506675507412417,True,True
2026-08-18T20:30:00Z,2,Nablus,pm25,6h,17.37,18.34659523143075,18.599375,17.27684749569797,oof,fold_2,lightgbm,0.9765952314307498,-0.9765952314307498,True,True
2026-08-18T20:30:00Z,4,Nablus,pm25,6h,16.28,17.127058012749856,16.713541666666668,15.58239485127762,oof,fold_2,lightgbm,0.847058012749855,-0.847058012749855,True,True
2026-08-18T20:30:00Z,5,Nablus,pm25,6h,33.01,19.05797278519074,19.550833333333333,17.22424171600386,oof,fold_2,lightgbm,13.95202721480926,13.95202721480926,True,True
2026-08-18T20:45:00Z,1,Tulkarem,pm25,6h,20.11,18.173763301799504,17.516979166666665,15.296532411046462,oof,fold_2,lightgbm,1.9362366982004957,1.9362366982004957,True,True
2026-08-18T20:45:00Z,2,Nablus,pm25,6h,16.26,18.4145810243779,18.58802083333333,17.142746058028177,oof,fold_2,lightgbm,2.1545810243778973,-2.1545810243778973,True,True
2026-08-18T20:45:00Z,4,Nablus,pm25,6h,16.09,17.52367952672756,16.717604166666668,15.59290708515273,oof,fold_2,lightgbm,1.433679526727559,-1.433679526727559,True,True
2026-08-18T20:45:00Z,5,Nablus,pm25,6h,27.61,18.92737302254569,19.609791666666663,17.320976052295872,oof,fold_2,lightgbm,8.682626977454309,8.682626977454309,True,True
2026-08-18T21:00:00Z,1,Tulkarem,pm25,6h,22.17,18.09860764271967,17.585520833333334,15.26858986037985,oof,fold_2,lightgbm,4.071392357280331,4.071392357280331,True,True
2026-08-18T21:00:00Z,2,Nablus,pm25,6h,15.68,18.851044839849422,18.570833333333333,17.402974935542566,oof,fold_2,lightgbm,3.171044839849422,-3.171044839849422,True,True
2026-08-18T21:00:00Z,4,Nablus,pm25,6h,15.78,17.517260650386014,16.716874999999998,15.523689895321592,oof,fold_2,lightgbm,1.7372606503860144,-1.7372606503860144,True,True
2026-08-18T21:00:00Z,5,Nablus,pm25,6h,20.55,19.10738792361527,19.586145833333333,18.107723710106722,oof,fold_2,lightgbm,1.44261207638473,1.44261207638473,True,True
2026-08-18T21:15:00Z,1,Tulkarem,pm25,6h,26.11,18.081382444000898,17.697187500000002,15.340269534127634,oof,fold_2,lightgbm,8.028617555999102,8.028617555999102,True,True
2026-08-18T21:15:00Z,2,Nablus,pm25,6h,15.18,18.16191537890334,18.546041666666667,17.345058293145964,oof,fold_2,lightgbm,2.9819153789033415,-2.9819153789033415,True,True
2026-08-18T21:15:00Z,4,Nablus,pm25,6h,15.28,17.614090837614512,16.70958333333333,15.497038910450627,oof,fold_2,lightgbm,2.3340908376145126,-2.3340908376145126,True,True
2026-08-18T21:15:00Z,5,Nablus,pm25,6h,18.62,19.457689097394148,19.531979166666662,18.105240264695894,oof,fold_2,lightgbm,0.8376890973941471,-0.8376890973941471,True,True
2026-08-18T21:30:00Z,1,Tulkarem,pm25,6h,22.1,17.88486922830381,17.763854166666665,15.37485203241302,oof,fold_2,lightgbm,4.215130771696192,4.215130771696192,True,True
2026-08-18T21:30:00Z,2,Nablus,pm25,6h,14.04,18.278397201847174,18.5121875,17.263396784712214,oof,fold_2,lightgbm,4.2383972018471745,-4.2383972018471745,True,True
2026-08-18T21:30:00Z,4,Nablus,pm25,6h,14.15,17.601591694520526,16.691875,15.591440929766408,oof,fold_2,lightgbm,3.451591694520525,-3.451591694520525,True,True
2026-08-18T21:30:00Z,5,Nablus,pm25,6h,17.38,19.77465408284163,19.465729166666662,18.13743202322084,oof,fold_2,lightgbm,2.3946540828416296,-2.3946540828416296,True,True
2026-08-18T21:45:00Z,1,Tulkarem,pm25,6h,20.6,18.02795071438636,17.809791666666666,15.34525146560555,oof,fold_2,lightgbm,2.572049285613641,2.572049285613641,True,True
2026-08-18T21:45:00Z,2,Nablus,pm25,6h,13.66,18.664562910248254,18.48208333333333,17.460715418322625,oof,fold_2,lightgbm,5.004562910248254,-5.004562910248254,True,True
2026-08-18T21:45:00Z,4,Nablus,pm25,6h,13.48,17.735610005633543,16.665625000000002,15.631392085633847,oof,fold_2,lightgbm,4.255610005633542,-4.255610005633542,True,True
2026-08-18T21:45:00Z,5,Nablus,pm25,6h,17.7,19.771369350595215,19.407083333333336,18.458317238186066,oof,fold_2,lightgbm,2.0713693505952158,-2.0713693505952158,True,True
2026-08-18T22:00:00Z,1,Tulkarem,pm25,6h,19.21,18.900012762184694,17.806041666666665,15.32287075079729,oof,fold_2,lightgbm,0.30998723781530657,0.30998723781530657,True,True
2026-08-18T22:00:00Z,2,Nablus,pm25,6h,13.2,19.27759615547085,18.439375,17.392088000679145,oof,fold_2,lightgbm,6.07759615547085,-6.07759615547085,True,True
2026-08-18T22:00:00Z,4,Nablus,pm25,6h,13.43,18.10742793383905,16.640729166666667,15.659520866489853,oof,fold_2,lightgbm,4.6774279338390485,-4.6774279338390485,True,True
2026-08-18T22:00:00Z,5,Nablus,pm25,6h,20.55,20.121232333843576,19.386354166666667,18.14005105113663,oof,fold_2,lightgbm,0.4287676661564248,0.4287676661564248,True,True
2026-08-18T22:15:00Z,1,Tulkarem,pm25,6h,18.79,19.242817283685024,17.769166666666667,15.427245930443528,oof,fold_2,lightgbm,0.4528172836850253,-0.4528172836850253,True,True
2026-08-18T22:15:00Z,2,Nablus,pm25,6h,12.73,19.236450949901638,18.38927083333333,17.46205028946234,oof,fold_2,lightgbm,6.506450949901637,-6.506450949901637,True,True
2026-08-18T22:15:00Z,4,Nablus,pm25,6h,12.25,18.371976208400476,16.601979166666666,15.752249014933499,oof,fold_2,lightgbm,6.121976208400476,-6.121976208400476,True,True
2026-08-18T22:15:00Z,5,Nablus,pm25,6h,15.19,20.808182693586392,19.322604166666668,18.633437707296594,oof,fold_2,lightgbm,5.618182693586393,-5.618182693586393,True,True
2026-08-18T22:30:00Z,1,Tulkarem,pm25,6h,17.13,18.878313370260667,17.693020833333332,15.529315986073728,oof,fold_2,lightgbm,1.748313370260668,-1.748313370260668,True,True
2026-08-18T22:30:00Z,2,Nablus,pm25,6h,12.44,18.96367712305033,18.33489583333333,17.029604859263998,oof,fold_2,lightgbm,6.523677123050332,-6.523677123050332,True,True
2026-08-18T22:30:00Z,4,Nablus,pm25,6h,12.15,19.02332575181379,16.560208333333332,15.697611931801422,oof,fold_2,lightgbm,6.873325751813789,-6.873325751813789,True,True
2026-08-18T22:30:00Z,5,Nablus,pm25,6h,16.0,20.810462816922247,19.26395833333333,19.407647010199632,oof,fold_2,lightgbm,4.8104628169222465,-4.8104628169222465,True,True
2026-08-18T22:45:00Z,1,Tulkarem,pm25,6h,17.69,18.83519049716136,17.673958333333335,15.547992879434302,oof,fold_2,lightgbm,1.1451904971613587,-1.1451904971613587,True,True
2026-08-18T22:45:00Z,2,Nablus,pm25,6h,13.51,18.79193788517847,18.285520833333333,17.090086261234255,oof,fold_2,lightgbm,5.28193788517847,-5.28193788517847,True,True
2026-08-18T22:45:00Z,4,Nablus,pm25,6h,11.48,18.749593430014695,16.510208333333335,15.774666618396765,oof,fold_2,lightgbm,7.2695934300146945,-7.2695934300146945,True,True
2026-08-18T22:45:00Z,5,Nablus,pm25,6h,17.81,20.262616842533806,19.2340625,18.841307499814103,oof,fold_2,lightgbm,2.452616842533807,-2.452616842533807,True,True
2026-08-18T23:00:00Z,1,Tulkarem,pm25,6h,16.74,18.940608221048468,17.685208333333335,15.901640144315792,oof,fold_2,lightgbm,2.200608221048469,-2.200608221048469,True,True
2026-08-18T23:00:00Z,2,Nablus,pm25,6h,13.39,17.688862032607982,18.24395833333333,17.018904785925628,oof,fold_2,lightgbm,4.298862032607982,-4.298862032607982,True,True
2026-08-18T23:00:00Z,4,Nablus,pm25,6h,11.93,17.751489912718206,16.469895833333336,15.763545953646268,oof,fold_2,lightgbm,5.8214899127182065,-5.8214899127182065,True,True
2026-08-18T23:00:00Z,5,Nablus,pm25,6h,14.81,19.745942976846337,19.183958333333333,19.48703605315165,oof,fold_2,lightgbm,4.935942976846336,-4.935942976846336,True,True
2026-08-18T23:15:00Z,1,Tulkarem,pm25,6h,17.64,18.064656834241312,17.676875,15.905137634030186,oof,fold_2,lightgbm,0.4246568342413113,-0.4246568342413113,True,True
2026-08-18T23:15:00Z,2,Nablus,pm25,6h,13.37,17.23541449390259,18.205416666666668,16.99284357645443,oof,fold_2,lightgbm,3.8654144939025894,-3.8654144939025894,True,True
2026-08-18T23:15:00Z,4,Nablus,pm25,6h,11.71,17.92827355619426,16.419687500000002,15.919562445746656,oof,fold_2,lightgbm,6.218273556194259,-6.218273556194259,True,True
2026-08-18T23:15:00Z,5,Nablus,pm25,6h,13.33,19.439307292003143,19.13270833333333,19.53659939850959,oof,fold_2,lightgbm,6.109307292003143,-6.109307292003143,True,True
2026-08-18T23:30:00Z,1,Tulkarem,pm25,6h,14.11,17.969811238269386,17.619791666666668,15.948648184382105,oof,fold_2,lightgbm,3.859811238269387,-3.859811238269387,True,True
2026-08-18T23:30:00Z,2,Nablus,pm25,6h,13.35,17.25288322465509,18.162291666666665,16.925859589469653,oof,fold_2,lightgbm,3.90288322465509,-3.90288322465509,True,True
2026-08-18T23:30:00Z,4,Nablus,pm25,6h,11.32,18.2927407393296,16.3565625,15.910465968192504,oof,fold_2,lightgbm,6.972740739329598,-6.972740739329598,True,True
2026-08-18T23:30:00Z,5,Nablus,pm25,6h,14.4,19.5599378343054,19.101979166666663,19.46773938656454,oof,fold_2,lightgbm,5.159937834305401,-5.159937834305401,True,True
2026-08-18T23:45:00Z,1,Tulkarem,pm25,6h,13.08,18.159183000346495,17.571458333333336,16.1948542350675,oof,fold_2,lightgbm,5.079183000346495,-5.079183000346495,True,True
2026-08-18T23:45:00Z,2,Nablus,pm25,6h,13.01,16.766127625330565,18.1246875,16.883873742392424,oof,fold_2,lightgbm,3.7561276253305653,-3.7561276253305653,True,True
2026-08-18T23:45:00Z,4,Nablus,pm25,6h,11.35,17.76356324574201,16.2975,15.89801040141045,oof,fold_2,lightgbm,6.41356324574201,-6.41356324574201,True,True
2026-08-18T23:45:00Z,5,Nablus,pm25,6h,14.9,20.007913610003563,19.069479166666667,19.333727542772717,oof,fold_2,lightgbm,5.107913610003562,-5.107913610003562,True,True
2026-08-19T00:00:00Z,1,Tulkarem,pm25,6h,13.19,18.912302808387317,17.537395833333335,17.78832186260383,oof,fold_2,lightgbm,5.722302808387317,-5.722302808387317,True,True
2026-08-19T00:00:00Z,2,Nablus,pm25,6h,13.16,16.286644020793812,18.089166666666667,18.51117670098596,oof,fold_2,lightgbm,3.1266440207938118,-3.1266440207938118,True,True
2026-08-19T00:00:00Z,4,Nablus,pm25,6h,12.02,16.34046691852893,16.246041666666667,17.5728730578743,oof,fold_2,lightgbm,4.320466918528929,-4.320466918528929,True,True
2026-08-19T00:00:00Z,5,Nablus,pm25,6h,13.01,20.83764170365968,19.020625,19.608194325498406,oof,fold_2,lightgbm,7.8276417036596815,-7.8276417036596815,True,True
2026-08-19T00:15:00Z,1,Tulkarem,pm25,6h,12.37,18.836212702722836,17.468020833333334,17.733703654803573,oof,fold_2,lightgbm,6.466212702722837,-6.466212702722837,True,True
2026-08-19T00:15:00Z,2,Nablus,pm25,6h,12.98,16.19201522624098,18.05,18.482025629659432,oof,fold_2,lightgbm,3.212015226240979,-3.212015226240979,True,True
2026-08-19T00:15:00Z,4,Nablus,pm25,6h,13.03,16.617276468257344,16.214270833333334,17.544185822439754,oof,fold_2,lightgbm,3.587276468257345,-3.587276468257345,True,True
2026-08-19T00:15:00Z,5,Nablus,pm25,6h,12.42,20.90842759442432,18.9490625,19.641490274277384,oof,fold_2,lightgbm,8.488427594424321,-8.488427594424321,True,True
2026-08-19T00:30:00Z,1,Tulkarem,pm25,6h,13.11,17.768546345854542,17.409895833333334,17.643840056656952,oof,fold_2,lightgbm,4.658546345854543,-4.658546345854543,True,True
2026-08-19T00:30:00Z,2,Nablus,pm25,6h,13.81,16.25947766323983,18.02583333333333,18.563583584928367,oof,fold_2,lightgbm,2.449477663239831,-2.449477663239831,True,True
2026-08-19T00:30:00Z,4,Nablus,pm25,6h,12.25,16.50156640403199,16.177812499999998,17.574489587525214,oof,fold_2,lightgbm,4.2515664040319905,-4.2515664040319905,True,True
2026-08-19T00:30:00Z,5,Nablus,pm25,6h,12.72,20.147103198435875,18.894270833333334,19.648931059353593,oof,fold_2,lightgbm,7.427103198435875,-7.427103198435875,True,True
2026-08-19T00:45:00Z,1,Tulkarem,pm25,6h,11.56,17.164367626575427,17.358229166666668,17.759247363991243,oof,fold_2,lightgbm,5.604367626575426,-5.604367626575426,True,True
2026-08-19T00:45:00Z,2,Nablus,pm25,6h,14.19,16.251551641806966,18.004479166666666,18.554062391470016,oof,fold_2,lightgbm,2.0615516418069664,-2.0615516418069664,True,True
2026-08-19T00:45:00Z,4,Nablus,pm25,6h,12.62,16.445133843939267,16.146562499999998,17.573232566907567,oof,fold_2,lightgbm,3.825133843939268,-3.825133843939268,True,True
2026-08-19T00:45:00Z,5,Nablus,pm25,6h,12.48,17.642530085747797,18.844375,19.466062726034085,oof,fold_2,lightgbm,5.162530085747797,-5.162530085747797,True,True
2026-08-19T01:00:00Z,1,Tulkarem,pm25,6h,10.97,16.20444293968854,17.302083333333332,17.65776511516231,oof,fold_2,lightgbm,5.23444293968854,-5.23444293968854,True,True
2026-08-19T01:00:00Z,2,Nablus,pm25,6h,15.08,16.594204281976914,17.995208333333334,18.607032077842536,oof,fold_2,lightgbm,1.5142042819769141,-1.5142042819769141,True,True
2026-08-19T01:00:00Z,4,Nablus,pm25,6h,12.21,15.833309805645431,16.124583333333334,17.444279861842837,oof,fold_2,lightgbm,3.6233098056454303,-3.6233098056454303,True,True
2026-08-19T01:00:00Z,5,Nablus,pm25,6h,12.62,19.056684194253428,18.79958333333333,19.492885347159355,oof,fold_2,lightgbm,6.436684194253429,-6.436684194253429,True,True
2026-08-19T01:15:00Z,1,Tulkarem,pm25,6h,11.74,17.160807661210484,17.257916666666667,17.67255236240249,oof,fold_2,lightgbm,5.420807661210484,-5.420807661210484,True,True
2026-08-19T01:15:00Z,2,Nablus,pm25,6h,14.76,16.121629941214646,17.983749999999997,18.550524989270553,oof,fold_2,lightgbm,1.3616299412146464,-1.3616299412146464,True,True
2026-08-19T01:15:00Z,4,Nablus,pm25,6h,13.05,16.091111714321038,16.108854166666667,16.942515068260477,oof,fold_2,lightgbm,3.041111714321037,-3.041111714321037,True,True
2026-08-19T01:15:00Z,5,Nablus,pm25,6h,12.09,18.917896879076334,18.755416666666665,19.55392318668827,oof,fold_2,lightgbm,6.827896879076334,-6.827896879076334,True,True
2026-08-19T01:30:00Z,1,Tulkarem,pm25,6h,12.84,17.091624756019073,17.2296875,17.808784487412673,oof,fold_2,lightgbm,4.251624756019073,-4.251624756019073,True,True
2026-08-19T01:30:00Z,2,Nablus,pm25,6h,14.75,15.991599775623794,17.977083333333333,18.52299475236246,oof,fold_2,lightgbm,1.2415997756237935,-1.2415997756237935,True,True
2026-08-19T01:30:00Z,4,Nablus,pm25,6h,12.53,16.21050818205223,16.085729166666667,16.95381528120023,oof,fold_2,lightgbm,3.6805081820522307,-3.6805081820522307,True,True
2026-08-19T01:30:00Z,5,Nablus,pm25,6h,11.07,19.724621029857353,18.700625,19.686561873608376,oof,fold_2,lightgbm,8.654621029857353,-8.654621029857353,True,True
2026-08-19T01:45:00Z,1,Tulkarem,pm25,6h,14.43,16.033917147050857,17.210208333333334,17.640713960433953,oof,fold_2,lightgbm,1.6039171470508577,-1.6039171470508577,True,True
2026-08-19T01:45:00Z,2,Nablus,pm25,6h,13.81,16.39062991528445,17.957291666666666,18.604651258048484,oof,fold_2,lightgbm,2.580629915284449,-2.580629915284449,True,True
2026-08-19T01:45:00Z,4,Nablus,pm25,6h,12.11,16.40603852797212,16.062395833333337,17.046329476441585,oof,fold_2,lightgbm,4.296038527972122,-4.296038527972122,True,True
2026-08-19T01:45:00Z,5,Nablus,pm25,6h,11.19,19.406638184588317,18.6525,19.811685647228565,oof,fold_2,lightgbm,8.216638184588318,-8.216638184588318,True,True
2026-08-19T02:00:00Z,1,Tulkarem,pm25,6h,15.58,15.427040719227922,17.200625,17.72695938804075,oof,fold_2,lightgbm,0.15295928077207854,0.15295928077207854,True,True
2026-08-19T02:00:00Z,2,Nablus,pm25,6h,13.81,16.783151631642202,17.926145833333333,18.540804581625146,oof,fold_2,lightgbm,2.9731516316422013,-2.9731516316422013,True,True
2026-08-19T02:00:00Z,4,Nablus,pm25,6h,11.78,16.097086760720646,16.041145833333335,16.647155407431605,oof,fold_2,lightgbm,4.317086760720647,-4.317086760720647,True,True
2026-08-19T02:00:00Z,5,Nablus,pm25,6h,11.8,18.67584070676609,18.62302083333333,19.557562641330062,oof,fold_2,lightgbm,6.875840706766088,-6.875840706766088,True,True
2026-08-19T02:15:00Z,1,Tulkarem,pm25,6h,15.8,15.285897637451622,17.207916666666666,17.736620949774466,oof,fold_2,lightgbm,0.5141023625483783,0.5141023625483783,True,True
2026-08-19T02:15:00Z,2,Nablus,pm25,6h,13.75,16.42434951022229,17.9046875,18.381637665322128,oof,fold_2,lightgbm,2.6743495102222887,-2.6743495102222887,True,True
2026-08-19T02:15:00Z,4,Nablus,pm25,6h,11.92,16.045541070602972,16.016041666666666,16.603514761419238,oof,fold_2,lightgbm,4.1255410706029725,-4.1255410706029725,True,True
2026-08-19T02:15:00Z,5,Nablus,pm25,6h,11.05,18.71619013512427,18.583125,20.331558830661926,oof,fold_2,lightgbm,7.666190135124268,-7.666190135124268,True,True
2026-08-19T02:30:00Z,1,Tulkarem,pm25,6h,16.33,14.932572855581169,17.203645833333336,17.621869599872454,oof,fold_2,lightgbm,1.3974271444188293,1.3974271444188293,True,True
2026-08-19T02:30:00Z,2,Nablus,pm25,6h,13.04,16.23985615178737,17.880416666666665,18.35153057459488,oof,fold_2,lightgbm,3.1998561517873725,-3.1998561517873725,True,True
2026-08-19T02:30:00Z,4,Nablus,pm25,6h,11.69,15.558037139781,15.9940625,16.358207992147246,oof,fold_2,lightgbm,3.8680371397810003,-3.8680371397810003,True,True
2026-08-19T02:30:00Z,5,Nablus,pm25,6h,12.0,19.27654728260076,18.5590625,20.785285955835946,oof,fold_2,lightgbm,7.27654728260076,-7.27654728260076,True,True
2026-08-19T02:45:00Z,1,Tulkarem,pm25,6h,16.39,14.911462698587778,17.219270833333333,17.626057384003577,oof,fold_2,lightgbm,1.4785373014122225,1.4785373014122225,True,True
2026-08-19T02:45:00Z,2,Nablus,pm25,6h,13.44,15.714182916502633,17.855104166666667,18.2669976523678,oof,fold_2,lightgbm,2.2741829165026335,-2.2741829165026335,True,True
2026-08-19T02:45:00Z,4,Nablus,pm25,6h,11.91,15.19655579855773,15.96625,16.34619897163673,oof,fold_2,lightgbm,3.28655579855773,-3.28655579855773,True,True
2026-08-19T02:45:00Z,5,Nablus,pm25,6h,12.03,19.2843274666465,18.540208333333336,21.134812415582758,oof,fold_2,lightgbm,7.254327466646499,-7.254327466646499,True,True
2026-08-19T03:00:00Z,1,Tulkarem,pm25,6h,15.29,14.50674346221432,17.213125,17.664418320917488,oof,fold_2,lightgbm,0.7832565377856788,0.7832565377856788,True,True
2026-08-19T03:00:00Z,2,Nablus,pm25,6h,12.89,14.610717441825283,17.822916666666668,18.11946472407704,oof,fold_2,lightgbm,1.7207174418252826,-1.7207174418252826,True,True
2026-08-19T03:00:00Z,4,Nablus,pm25,6h,12.92,14.382576794211442,15.954791666666663,16.23186989417879,oof,fold_2,lightgbm,1.4625767942114418,-1.4625767942114418,True,True
2026-08-19T03:00:00Z,5,Nablus,pm25,6h,11.64,16.291986933873186,18.509479166666665,20.126903170281746,oof,fold_2,lightgbm,4.651986933873186,-4.651986933873186,True,True
2026-08-19T03:15:00Z,1,Tulkarem,pm25,6h,12.61,15.765851850647488,17.186354166666668,17.73943009159173,oof,fold_2,lightgbm,3.1558518506474886,-3.1558518506474886,True,True
2026-08-19T03:15:00Z,2,Nablus,pm25,6h,13.19,13.865389283424319,17.8,17.90311857016328,oof,fold_2,lightgbm,0.6753892834243196,-0.6753892834243196,True,True
2026-08-19T03:15:00Z,4,Nablus,pm25,6h,12.07,13.929664740940316,15.939166666666669,16.22832516307678,oof,fold_2,lightgbm,1.8596647409403158,-1.8596647409403158,True,True
2026-08-19T03:15:00Z,5,Nablus,pm25,6h,11.45,16.809737928755677,18.48,19.757244615306423,oof,fold_2,lightgbm,5.359737928755678,-5.359737928755678,True,True
2026-08-19T03:30:00Z,1,Tulkarem,pm25,6h,11.01,15.593275018298263,17.141770833333336,17.70148244325292,oof,fold_2,lightgbm,4.583275018298263,-4.583275018298263,True,True
2026-08-19T03:30:00Z,2,Nablus,pm25,6h,13.08,13.21034078175441,17.769375,17.66551766108974,oof,fold_2,lightgbm,0.1303407817544091,-0.1303407817544091,True,True
2026-08-19T03:30:00Z,4,Nablus,pm25,6h,12.42,13.106581913414345,15.917812499999998,15.98909361861891,oof,fold_2,lightgbm,0.6865819134143454,-0.6865819134143454,True,True
2026-08-19T03:30:00Z,5,Nablus,pm25,6h,11.42,15.460538031880898,18.4525,19.49515133627472,oof,fold_2,lightgbm,4.040538031880898,-4.040538031880898,True,True
2026-08-19T03:45:00Z,1,Tulkarem,pm25,6h,10.68,14.553256417820506,17.089583333333334,17.672074254328912,oof,fold_2,lightgbm,3.8732564178205067,-3.8732564178205067,True,True
2026-08-19T03:45:00Z,2,Nablus,pm25,6h,12.48,13.235065076542101,17.740312499999998,17.60990356331682,oof,fold_2,lightgbm,0.7550650765421008,-0.7550650765421008,True,True
2026-08-19T03:45:00Z,4,Nablus,pm25,6h,10.71,13.259818042360994,15.8903125,15.994276876339056,oof,fold_2,lightgbm,2.549818042360993,-2.549818042360993,True,True
2026-08-19T03:45:00Z,5,Nablus,pm25,6h,11.0,14.992815448281442,18.424375,19.4080750350723,oof,fold_2,lightgbm,3.9928154482814424,-3.9928154482814424,True,True
2026-08-19T04:00:00Z,1,Tulkarem,pm25,6h,9.41,13.164499105768902,17.035729166666666,17.695886306365004,oof,fold_2,lightgbm,3.754499105768902,-3.754499105768902,True,True
2026-08-19T04:00:00Z,2,Nablus,pm25,6h,11.57,13.185147142104897,17.7028125,17.430428967840875,oof,fold_2,lightgbm,1.615147142104897,-1.615147142104897,True,True
2026-08-19T04:00:00Z,4,Nablus,pm25,6h,11.08,13.138052615449961,15.864062499999998,16.053816160830735,oof,fold_2,lightgbm,2.058052615449961,-2.058052615449961,True,True
2026-08-19T04:00:00Z,5,Nablus,pm25,6h,11.33,15.104039930315809,18.403125,19.387665079211068,oof,fold_2,lightgbm,3.7740399303158085,-3.7740399303158085,True,True
2026-08-19T04:15:00Z,1,Tulkarem,pm25,6h,9.08,12.020844022627276,16.973020833333333,17.582502103950407,oof,fold_2,lightgbm,2.9408440226272763,-2.9408440226272763,True,True
2026-08-19T04:15:00Z,2,Nablus,pm25,6h,11.9,13.318782629446511,17.659583333333334,17.422666810039637,oof,fold_2,lightgbm,1.4187826294465111,-1.4187826294465111,True,True
2026-08-19T04:15:00Z,4,Nablus,pm25,6h,10.42,12.788643357441776,15.831979166666663,16.02576017286644,oof,fold_2,lightgbm,2.3686433574417762,-2.3686433574417762,True,True
2026-08-19T04:15:00Z,5,Nablus,pm25,6h,10.57,14.375575258446963,18.36864583333333,19.34940205906922,oof,fold_2,lightgbm,3.8055752584469626,-3.8055752584469626,True,True
2026-08-19T04:30:00Z,1,Tulkarem,pm25,6h,8.47,11.765516423203588,16.908854166666668,17.405015465212664,oof,fold_2,lightgbm,3.295516423203587,-3.295516423203587,True,True
2026-08-19T04:30:00Z,2,Nablus,pm25,6h,13.01,13.433654164285533,17.637395833333333,17.42387463831674,oof,fold_2,lightgbm,0.4236541642855336,-0.4236541642855336,True,True
2026-08-19T04:30:00Z,4,Nablus,pm25,6h,10.29,13.209412499574727,15.8015625,16.011391522588955,oof,fold_2,lightgbm,2.9194124995747277,-2.9194124995747277,True,True
2026-08-19T04:30:00Z,5,Nablus,pm25,6h,11.51,14.744471604682854,18.3409375,19.39696357308167,oof,fold_2,lightgbm,3.234471604682854,-3.234471604682854,True,True
2026-08-19T04:45:00Z,1,Tulkarem,pm25,6h,8.92,11.8039824500614,16.853437500000002,17.383150925634112,oof,fold_2,lightgbm,2.8839824500613993,-2.8839824500613993,True,True
2026-08-19T04:45:00Z,2,Nablus,pm25,6h,12.85,13.362367387390337,17.605208333333334,17.488740692323,oof,fold_2,lightgbm,0.5123673873903378,-0.5123673873903378,True,True
2026-08-19T04:45:00Z,4,Nablus,pm25,6h,11.41,12.92997217148222,15.784479166666666,16.019184451331913,oof,fold_2,lightgbm,1.5199721714822196,-1.5199721714822196,True,True
2026-08-19T04:45:00Z,5,Nablus,pm25,6h,10.85,14.448594183308547,18.305312500000003,19.52129308110437,oof,fold_2,lightgbm,3.5985941833085473,-3.5985941833085473,True,True
2026-08-19T05:00:00Z,1,Tulkarem,pm25,6h,8.03,11.63029637108813,16.795729166666664,17.266444944472656,oof,fold_2,lightgbm,3.600296371088131,-3.600296371088131,True,True
2026-08-19T05:00:00Z,2,Nablus,pm25,6h,13.87,12.944135974519979,17.572395833333335,16.91285211462347,oof,fold_2,lightgbm,0.9258640254800206,0.9258640254800206,True,True
2026-08-19T05:00:00Z,4,Nablus,pm25,6h,11.64,12.737972588121643,15.769479166666668,15.942553871978049,oof,fold_2,lightgbm,1.0979725881216424,-1.0979725881216424,True,True
2026-08-19T05:00:00Z,5,Nablus,pm25,6h,11.45,13.506191144241399,18.28125,19.465340616204358,oof,fold_2,lightgbm,2.0561911442413994,-2.0561911442413994,True,True
2026-08-19T05:15:00Z,1,Tulkarem,pm25,6h,7.7,11.826610649643287,16.734166666666667,17.321938442841912,oof,fold_2,lightgbm,4.126610649643287,-4.126610649643287,True,True
2026-08-19T05:15:00Z,2,Nablus,pm25,6h,13.48,12.901781206092137,17.538229166666667,17.01914276822202,oof,fold_2,lightgbm,0.5782187939078636,0.5782187939078636,True,True
2026-08-19T05:15:00Z,4,Nablus,pm25,6h,11.98,12.407242958467563,15.753958333333332,16.013239164348565,oof,fold_2,lightgbm,0.4272429584675628,-0.4272429584675628,True,True
2026-08-19T05:15:00Z,5,Nablus,pm25,6h,11.27,13.186627123032174,18.22083333333333,19.24662839680809,oof,fold_2,lightgbm,1.9166271230321748,-1.9166271230321748,True,True
2026-08-19T05:30:00Z,1,Tulkarem,pm25,6h,7.14,10.684808379163746,16.66625,17.05666899734122,oof,fold_2,lightgbm,3.5448083791637464,-3.5448083791637464,True,True
2026-08-19T05:30:00Z,2,Nablus,pm25,6h,13.33,13.6682727912065,17.505937499999998,16.90498021659492,oof,fold_2,lightgbm,0.33827279120649933,-0.33827279120649933,True,True
2026-08-19T05:30:00Z,4,Nablus,pm25,6h,11.69,12.547957961026647,15.7403125,15.874724512745725,oof,fold_2,lightgbm,0.8579579610266475,-0.8579579610266475,True,True
2026-08-19T05:30:00Z,5,Nablus,pm25,6h,14.34,12.960087995557748,18.185625,18.882064090838867,oof,fold_2,lightgbm,1.379912004442252,1.379912004442252,True,True
2026-08-19T05:45:00Z,1,Tulkarem,pm25,6h,6.91,10.72634563537516,16.597083333333334,16.823441073391834,oof,fold_2,lightgbm,3.8163456353751606,-3.8163456353751606,True,True
2026-08-19T05:45:00Z,2,Nablus,pm25,6h,13.58,13.481830091042669,17.481354166666666,16.688222262031875,oof,fold_2,lightgbm,0.09816990895733113,0.09816990895733113,True,True
2026-08-19T05:45:00Z,4,Nablus,pm25,6h,11.33,12.397895667101098,15.726666666666668,15.925255347122445,oof,fold_2,lightgbm,1.067895667101098,-1.067895667101098,True,True
2026-08-19T05:45:00Z,5,Nablus,pm25,6h,17.97,12.806462446629402,18.22114583333333,18.70436918751776,oof,fold_2,lightgbm,5.163537553370597,5.163537553370597,True,True
2026-08-19T06:00:00Z,1,Tulkarem,pm25,6h,7.06,11.369742800013952,16.534375,16.849879960431203,oof,fold_2,lightgbm,4.309742800013953,-4.309742800013953,True,True
2026-08-19T06:00:00Z,2,Nablus,pm25,6h,12.62,13.432710720313695,17.448020833333334,16.68795765551783,oof,fold_2,lightgbm,0.8127107203136958,-0.8127107203136958,True,True
2026-08-19T06:00:00Z,4,Nablus,pm25,6h,11.04,12.28849384759342,15.709479166666668,15.921202661742427,oof,fold_2,lightgbm,1.248493847593421,-1.248493847593421,True,True
2026-08-19T06:00:00Z,5,Nablus,pm25,6h,12.96,12.900082816084566,18.211875000000003,18.807089757157275,oof,fold_2,lightgbm,0.059917183915434435,0.059917183915434435,True,True
2026-08-19T06:15:00Z,1,Tulkarem,pm25,6h,7.2,11.825983628714836,16.470208333333332,16.70753587559046,oof,fold_2,lightgbm,4.6259836287148355,-4.6259836287148355,True,True
2026-08-19T06:15:00Z,2,Nablus,pm25,6h,13.56,13.380269384555474,17.423854166666665,16.596203648104204,oof,fold_2,lightgbm,0.17973061544452662,0.17973061544452662,True,True
2026-08-19T06:15:00Z,4,Nablus,pm25,6h,10.51,12.166590513179939,15.688333333333334,15.91604628648246,oof,fold_2,lightgbm,1.656590513179939,-1.656590513179939,True,True
2026-08-19T06:15:00Z,5,Nablus,pm25,6h,11.97,12.701234710723098,18.195833333333336,18.839134103630716,oof,fold_2,lightgbm,0.731234710723097,-0.731234710723097,True,True
2026-08-19T06:30:00Z,1,Tulkarem,pm25,6h,6.92,12.41034066621419,16.40625,16.08367862655437,oof,fold_2,lightgbm,5.490340666214189,-5.490340666214189,True,True
2026-08-19T06:30:00Z,2,Nablus,pm25,6h,12.33,12.874239554236862,17.396145833333332,16.505142391408093,oof,fold_2,lightgbm,0.5442395542368619,-0.5442395542368619,True,True
2026-08-19T06:30:00Z,4,Nablus,pm25,6h,11.39,12.159443121800823,15.681562499999998,15.61899794449474,oof,fold_2,lightgbm,0.7694431218008226,-0.7694431218008226,True,True
2026-08-19T06:30:00Z,5,Nablus,pm25,6h,11.78,13.115467348439758,18.17677083333333,18.854475479153496,oof,fold_2,lightgbm,1.3354673484397583,-1.3354673484397583,True,True
2026-08-19T06:45:00Z,1,Tulkarem,pm25,6h,6.59,12.49738749356074,16.343229166666667,15.946882158700893,oof,fold_2,lightgbm,5.907387493560741,-5.907387493560741,True,True
2026-08-19T06:45:00Z,2,Nablus,pm25,6h,12.63,12.330917853944735,17.365416666666665,16.55400197009791,oof,fold_2,lightgbm,0.29908214605526595,0.29908214605526595,True,True
2026-08-19T06:45:00Z,4,Nablus,pm25,6h,9.41,11.856153912962002,15.64875,15.377842614151294,oof,fold_2,lightgbm,2.446153912962002,-2.446153912962002,True,True
2026-08-19T06:45:00Z,5,Nablus,pm25,6h,11.52,12.591346098020116,18.1534375,18.79064368631855,oof,fold_2,lightgbm,1.0713460980201166,-1.0713460980201166,True,True
2026-08-19T07:00:00Z,1,Tulkarem,pm25,6h,7.52,12.244346612068185,16.286145833333332,15.923210899888918,oof,fold_2,lightgbm,4.724346612068185,-4.724346612068185,True,True
2026-08-19T07:00:00Z,2,Nablus,pm25,6h,13.44,12.67744231214348,17.3446875,16.56893067567739,oof,fold_2,lightgbm,0.7625576878565195,0.7625576878565195,True,True
2026-08-19T07:00:00Z,4,Nablus,pm25,6h,9.42,11.96964784418991,15.622604166666669,15.31074574553495,oof,fold_2,lightgbm,2.5496478441899093,-2.5496478441899093,True,True
2026-08-19T07:00:00Z,5,Nablus,pm25,6h,11.34,12.536363341610585,18.131979166666667,18.85988091578393,oof,fold_2,lightgbm,1.196363341610585,-1.196363341610585,True,True
2026-08-19T07:15:00Z,1,Tulkarem,pm25,6h,7.57,12.2042627819412,16.223958333333332,16.01567955805877,oof,fold_2,lightgbm,4.6342627819411994,-4.6342627819411994,True,True
2026-08-19T07:15:00Z,2,Nablus,pm25,6h,12.61,12.704577590456706,17.313125,16.60337411027625,oof,fold_2,lightgbm,0.09457759045670677,-0.09457759045670677,True,True
2026-08-19T07:15:00Z,4,Nablus,pm25,6h,9.35,12.115726280650307,15.6,15.375813630282765,oof,fold_2,lightgbm,2.7657262806503073,-2.7657262806503073,True,True
2026-08-19T07:15:00Z,5,Nablus,pm25,6h,11.88,12.082995464967118,18.114166666666662,19.008878894650042,oof,fold_2,lightgbm,0.20299546496711685,-0.20299546496711685,True,True
2026-08-19T07:30:00Z,1,Tulkarem,pm25,6h,7.16,12.019990486164733,16.151354166666668,16.01024054287511,oof,fold_2,lightgbm,4.859990486164733,-4.859990486164733,True,True
2026-08-19T07:30:00Z,2,Nablus,pm25,6h,12.04,12.607026338771606,17.286770833333332,16.497629979765335,oof,fold_2,lightgbm,0.5670263387716066,-0.5670263387716066,True,True
2026-08-19T07:30:00Z,4,Nablus,pm25,6h,8.92,11.997242790103453,15.575104166666668,15.37085743649784,oof,fold_2,lightgbm,3.077242790103453,-3.077242790103453,True,True
2026-08-19T07:30:00Z,5,Nablus,pm25,6h,11.33,12.256667077726604,18.09,17.769340671576128,oof,fold_2,lightgbm,0.926667077726604,-0.926667077726604,True,True
2026-08-19T07:45:00Z,1,Tulkarem,pm25,6h,7.89,12.079776143941961,16.084583333333335,15.928340945762091,oof,fold_2,lightgbm,4.189776143941962,-4.189776143941962,True,True
2026-08-19T07:45:00Z,2,Nablus,pm25,6h,12.19,12.597674628259623,17.262395833333333,16.20800077119604,oof,fold_2,lightgbm,0.407674628259624,-0.407674628259624,True,True
2026-08-19T07:45:00Z,4,Nablus,pm25,6h,8.89,12.182772720633082,15.554375,15.349281415684153,oof,fold_2,lightgbm,3.2927727206330815,-3.2927727206330815,True,True
2026-08-19T07:45:00Z,5,Nablus,pm25,6h,10.96,12.676752263383522,18.060625,17.653015950892637,oof,fold_2,lightgbm,1.7167522633835208,-1.7167522633835208,True,True
2026-08-19T08:00:00Z,1,Tulkarem,pm25,6h,7.3,13.38379870573254,16.005104166666666,15.869825094269494,oof,fold_2,lightgbm,6.08379870573254,-6.08379870573254,True,True
2026-08-19T08:00:00Z,2,Nablus,pm25,6h,11.49,12.58248359038729,17.23302083333333,15.965557124642162,oof,fold_2,lightgbm,1.092483590387289,-1.092483590387289,True,True
2026-08-19T08:00:00Z,4,Nablus,pm25,6h,8.7,12.279005731026887,15.531354166666668,15.342689514500613,oof,fold_2,lightgbm,3.5790057310268875,-3.5790057310268875,True,True
2026-08-19T08:00:00Z,5,Nablus,pm25,6h,11.02,12.950717550294799,18.03375,17.643122040660216,oof,fold_2,lightgbm,1.9307175502947995,-1.9307175502947995,True,True
2026-08-19T08:15:00Z,1,Tulkarem,pm25,6h,7.26,13.574702148259206,15.9190625,15.697016458352229,oof,fold_2,lightgbm,6.314702148259206,-6.314702148259206,True,True
2026-08-19T08:15:00Z,2,Nablus,pm25,6h,10.34,12.610427714110639,17.18916666666667,15.958604316049357,oof,fold_2,lightgbm,2.270427714110639,-2.270427714110639,True,True
2026-08-19T08:15:00Z,4,Nablus,pm25,6h,8.21,12.330618707346716,15.463645833333333,15.311752421310215,oof,fold_2,lightgbm,4.120618707346715,-4.120618707346715,True,True
2026-08-19T08:15:00Z,5,Nablus,pm25,6h,11.2,13.101779366621642,18.009583333333335,17.202802070621047,oof,fold_2,lightgbm,1.9017793666216427,-1.9017793666216427,True,True
2026-08-19T08:30:00Z,1,Tulkarem,pm25,6h,9.66,13.929623566812715,15.8596875,15.697451890180487,oof,fold_2,lightgbm,4.269623566812715,-4.269623566812715,True,True
2026-08-19T08:30:00Z,2,Nablus,pm25,6h,10.21,12.888772249845575,17.1371875,15.964785110022381,oof,fold_2,lightgbm,2.678772249845574,-2.678772249845574,True,True
2026-08-19T08:30:00Z,4,Nablus,pm25,6h,8.38,12.084649007494052,15.412604166666666,15.302676969710724,oof,fold_2,lightgbm,3.7046490074940515,-3.7046490074940515,True,True
2026-08-19T08:30:00Z,5,Nablus,pm25,6h,10.97,13.93867823568785,17.97625,17.217581376284333,oof,fold_2,lightgbm,2.9686782356878485,-2.9686782356878485,True,True
2026-08-19T08:45:00Z,1,Tulkarem,pm25,6h,6.31,13.077311184423829,15.765729166666668,15.76607292532081,oof,fold_2,lightgbm,6.767311184423829,-6.767311184423829,True,True
2026-08-19T08:45:00Z,2,Nablus,pm25,6h,11.43,12.60407842167457,17.0946875,15.936826184450211,oof,fold_2,lightgbm,1.1740784216745705,-1.1740784216745705,True,True
2026-08-19T08:45:00Z,4,Nablus,pm25,6h,9.09,12.27644103025818,15.336875,15.254020664130486,oof,fold_2,lightgbm,3.1864410302581803,-3.1864410302581803,True,True
2026-08-19T08:45:00Z,5,Nablus,pm25,6h,11.35,13.304572508523327,17.934895833333332,16.56300720871612,oof,fold_2,lightgbm,1.9545725085233272,-1.9545725085233272,True,True
2026-08-19T09:00:00Z,1,Tulkarem,pm25,6h,6.04,12.414764554427489,15.666666666666666,15.651058772470622,oof,fold_2,lightgbm,6.374764554427489,-6.374764554427489,True,True
2026-08-19T09:00:00Z,2,Nablus,pm25,6h,10.64,12.672130398213344,17.0240625,15.922793163857374,oof,fold_2,lightgbm,2.0321303982133436,-2.0321303982133436,True,True
2026-08-19T09:00:00Z,4,Nablus,pm25,6h,9.14,12.47385714071638,15.291979166666666,15.206626196488301,oof,fold_2,lightgbm,3.333857140716379,-3.333857140716379,True,True
2026-08-19T09:00:00Z,5,Nablus,pm25,6h,11.4,13.734432111247415,17.881666666666668,16.487347040620083,oof,fold_2,lightgbm,2.3344321112474145,-2.3344321112474145,True,True
2026-08-19T09:15:00Z,1,Tulkarem,pm25,6h,5.58,11.590820305534212,15.562708333333331,15.37551436349303,oof,fold_2,lightgbm,6.010820305534212,-6.010820305534212,True,True
2026-08-19T09:15:00Z,2,Nablus,pm25,6h,10.68,12.62526972548055,16.965729166666666,15.960110529178893,oof,fold_2,lightgbm,1.94526972548055,-1.94526972548055,True,True
2026-08-19T09:15:00Z,4,Nablus,pm25,6h,9.19,12.437882863220066,15.2484375,15.059289010442269,oof,fold_2,lightgbm,3.2478828632200667,-3.2478828632200667,True,True
2026-08-19T09:15:00Z,5,Nablus,pm25,6h,11.96,13.729722923437194,17.825208333333332,16.28778481214989,oof,fold_2,lightgbm,1.7697229234371932,-1.7697229234371932,True,True
2026-08-19T09:30:00Z,1,Tulkarem,pm25,6h,5.76,11.568976167480244,15.459270833333331,15.461476550219276,oof,fold_2,lightgbm,5.808976167480244,-5.808976167480244,True,True
2026-08-19T09:30:00Z,2,Nablus,pm25,6h,10.02,12.640014487701329,16.8975,15.87924298326289,oof,fold_2,lightgbm,2.6200144877013294,-2.6200144877013294,True,True
2026-08-19T09:30:00Z,4,Nablus,pm25,6h,8.62,12.410610101879966,15.188854166666667,15.154699858526964,oof,fold_2,lightgbm,3.7906101018799667,-3.7906101018799667,True,True
2026-08-19T09:30:00Z,5,Nablus,pm25,6h,11.63,13.608988130440276,17.761458333333334,15.916435140406676,oof,fold_2,lightgbm,1.9789881304402748,-1.9789881304402748,True,True
2026-08-19T09:45:00Z,1,Tulkarem,pm25,6h,5.37,12.033253415201774,15.352916666666667,15.261607421955823,oof,fold_2,lightgbm,6.6632534152017735,-6.6632534152017735,True,True
2026-08-19T09:45:00Z,2,Nablus,pm25,6h,10.76,12.677999632525141,16.831458333333334,15.893569053495861,oof,fold_2,lightgbm,1.9179996325251416,-1.9179996325251416,True,True
2026-08-19T09:45:00Z,4,Nablus,pm25,6h,8.71,12.894533206043915,15.128645833333332,15.151707810325606,oof,fold_2,lightgbm,4.184533206043914,-4.184533206043914,True,True
2026-08-19T09:45:00Z,5,Nablus,pm25,6h,11.8,13.225039898508394,17.693854166666664,15.732554455892599,oof,fold_2,lightgbm,1.425039898508393,-1.425039898508393,True,True
2026-08-19T10:15:00Z,1,Tulkarem,pm25,6h,6.49,16.02475067749635,15.227789473684211,15.25169506068515,oof,fold_2,lightgbm,9.53475067749635,-9.53475067749635,True,True
2026-08-19T10:15:00Z,2,Nablus,pm25,6h,11.25,16.672227813370434,16.702526315789473,15.915500072829749,oof,fold_2,lightgbm,5.422227813370434,-5.422227813370434,True,True
2026-08-19T10:15:00Z,4,Nablus,pm25,6h,9.62,15.867722337737991,15.044526315789474,15.082847487164956,oof,fold_2,lightgbm,6.247722337737992,-6.247722337737992,True,True
2026-08-19T10:15:00Z,5,Nablus,pm25,6h,12.22,15.052164954544141,17.595157894736843,15.358601933367733,oof,fold_2,lightgbm,2.8321649545441403,-2.8321649545441403,True,True
2026-08-19T10:30:00Z,1,Tulkarem,pm25,6h,7.7,16.750789375564274,15.115894736842105,14.935446169213511,oof,fold_2,lightgbm,9.050789375564275,-9.050789375564275,True,False
2026-08-19T10:30:00Z,2,Nablus,pm25,6h,11.42,15.976795743591312,16.596526315789472,15.936572229655889,oof,fold_2,lightgbm,4.556795743591312,-4.556795743591312,True,True
2026-08-19T10:30:00Z,4,Nablus,pm25,6h,9.23,14.690889309974871,14.945473684210528,15.100674883669564,oof,fold_2,lightgbm,5.4608893099748705,-5.4608893099748705,False,True
2026-08-19T10:30:00Z,5,Nablus,pm25,6h,11.27,15.282813520948531,17.49442105263158,15.212157284251202,oof,fold_2,lightgbm,4.012813520948532,-4.012813520948532,True,True
2026-08-19T10:45:00Z,1,Tulkarem,pm25,6h,8.1,17.68998826078475,15.00021052631579,14.972347021440763,oof,fold_2,lightgbm,9.589988260784752,-9.589988260784752,True,False
2026-08-19T10:45:00Z,2,Nablus,pm25,6h,12.2,15.914842476231989,16.49621052631579,15.970851381974832,oof,fold_2,lightgbm,3.71484247623199,-3.71484247623199,True,True
2026-08-19T10:45:00Z,4,Nablus,pm25,6h,10.02,15.051354098496514,14.84642105263158,15.171338020925427,oof,fold_2,lightgbm,5.031354098496514,-5.031354098496514,False,True
2026-08-19T10:45:00Z,5,Nablus,pm25,6h,11.58,15.203769866271525,17.387684210526317,14.985641859708078,oof,fold_2,lightgbm,3.623769866271525,-3.623769866271525,True,False
2026-08-19T11:00:00Z,1,Tulkarem,pm25,6h,7.65,23.557477140887688,14.882736842105263,14.969670179190096,oof,fold_2,lightgbm,15.907477140887687,-15.907477140887687,False,False
2026-08-19T11:00:00Z,2,Nablus,pm25,6h,12.74,18.625382197732165,16.388526315789473,16.15844151031628,oof,fold_2,lightgbm,5.885382197732165,-5.885382197732165,True,True
2026-08-19T11:00:00Z,4,Nablus,pm25,6h,10.34,17.968882567165668,14.741368421052632,15.2155208099637,oof,fold_2,lightgbm,7.628882567165668,-7.628882567165668,False,True
2026-08-19T11:00:00Z,5,Nablus,pm25,6h,11.13,17.885484248850002,17.271052631578947,14.894209185629988,oof,fold_2,lightgbm,6.755484248850001,-6.755484248850001,True,False
2026-08-19T11:15:00Z,1,Tulkarem,pm25,6h,7.63,23.32260125350948,14.76842105263158,14.773700572948602,oof,fold_2,lightgbm,15.69260125350948,-15.69260125350948,False,False
2026-08-19T11:15:00Z,2,Nablus,pm25,6h,13.08,18.412882416624534,16.284105263157894,16.200139265013338,oof,fold_2,lightgbm,5.332882416624534,-5.332882416624534,True,True
2026-08-19T11:15:00Z,4,Nablus,pm25,6h,10.84,17.302141965635368,14.631473684210526,15.26364934187026,oof,fold_2,lightgbm,6.462141965635368,-6.462141965635368,False,True
2026-08-19T11:15:00Z,5,Nablus,pm25,6h,11.91,17.605571926129127,17.15063157894737,14.32734381117019,oof,fold_2,lightgbm,5.695571926129126,-5.695571926129126,True,False
2026-08-19T11:30:00Z,1,Tulkarem,pm25,6h,7.75,23.232813604635172,14.652526315789476,14.851277846552971,oof,fold_2,lightgbm,15.482813604635172,-15.482813604635172,False,False
2026-08-19T11:30:00Z,2,Nablus,pm25,6h,12.54,18.62211758118522,16.17442105263158,16.188713377115572,oof,fold_2,lightgbm,6.082117581185219,-6.082117581185219,True,True
2026-08-19T11:30:00Z,4,Nablus,pm25,6h,10.69,17.47795165316496,14.519684210526314,15.268754909505821,oof,fold_2,lightgbm,6.787951653164962,-6.787951653164962,False,True
2026-08-19T11:30:00Z,5,Nablus,pm25,6h,17.34,19.996583062797264,17.082842105263158,14.545233771375207,oof,fold_2,lightgbm,2.6565830627972638,-2.6565830627972638,True,False
2026-08-19T11:45:00Z,1,Tulkarem,pm25,6h,8.93,22.722505469130237,14.546105263157896,14.739913646061515,oof,fold_2,lightgbm,13.792505469130237,-13.792505469130237,False,False
2026-08-19T11:45:00Z,2,Nablus,pm25,6h,12.0,18.404571136412148,16.04905263157895,16.270308300428606,oof,fold_2,lightgbm,6.404571136412148,-6.404571136412148,True,True
2026-08-19T11:45:00Z,4,Nablus,pm25,6h,10.76,17.864347015875136,14.409894736842103,15.155480643886868,oof,fold_2,lightgbm,7.1043470158751365,-7.1043470158751365,False,True
2026-08-19T11:45:00Z,5,Nablus,pm25,6h,11.31,20.803946708689928,16.949473684210528,14.934214183058971,oof,fold_2,lightgbm,9.493946708689927,-9.493946708689927,True,False
2026-08-19T12:00:00Z,1,Tulkarem,pm25,6h,7.87,22.857980352083008,14.41978947368421,15.149086748311825,oof,fold_2,lightgbm,14.987980352083007,-14.987980352083007,False,True
2026-08-19T12:00:00Z,2,Nablus,pm25,6h,13.08,18.720226852651344,15.93621052631579,16.24249985054681,oof,fold_2,lightgbm,5.6402268526513435,-5.6402268526513435,True,True
2026-08-19T12:00:00Z,4,Nablus,pm25,6h,10.92,17.761523703916687,14.298210526315788,15.210315384598859,oof,fold_2,lightgbm,6.841523703916687,-6.841523703916687,False,True
2026-08-19T12:00:00Z,5,Nablus,pm25,6h,11.73,20.179480934782124,16.818421052631578,15.003440913882384,oof,fold_2,lightgbm,8.449480934782123,-8.449480934782123,True,True
2026-08-19T12:15:00Z,1,Tulkarem,pm25,6h,7.66,21.73267407565313,14.301894736842106,15.286332254036779,oof,fold_2,lightgbm,14.07267407565313,-14.07267407565313,False,True
2026-08-19T12:15:00Z,2,Nablus,pm25,6h,12.05,18.318170393264797,15.803894736842103,16.325527723748678,oof,fold_2,lightgbm,6.268170393264796,-6.268170393264796,True,True
2026-08-19T12:15:00Z,4,Nablus,pm25,6h,11.89,17.594567144383127,14.18863157894737,15.15557005205661,oof,fold_2,lightgbm,5.704567144383127,-5.704567144383127,False,True
2026-08-19T12:15:00Z,5,Nablus,pm25,6h,11.99,19.621006047168464,16.702105263157897,15.189215979474747,oof,fold_2,lightgbm,7.631006047168464,-7.631006047168464,True,True
2026-08-19T12:30:00Z,1,Tulkarem,pm25,6h,8.53,20.60884369528005,14.18863157894737,15.213038789200988,oof,fold_2,lightgbm,12.078843695280051,-12.078843695280051,False,True
2026-08-19T12:30:00Z,2,Nablus,pm25,6h,11.42,18.56732441879058,15.659894736842103,16.196941772931403,oof,fold_2,lightgbm,7.14732441879058,-7.14732441879058,True,True
2026-08-19T12:30:00Z,4,Nablus,pm25,6h,11.76,17.58700410569112,14.08284210526316,15.041783158692185,oof,fold_2,lightgbm,5.827004105691119,-5.827004105691119,False,True
2026-08-19T12:30:00Z,5,Nablus,pm25,6h,11.52,19.68670269000266,16.575052631578945,15.172205940811036,oof,fold_2,lightgbm,8.166702690002662,-8.166702690002662,True,True
2026-08-19T12:45:00Z,1,Tulkarem,pm25,6h,8.43,19.325791388708513,14.072526315789474,14.98175613435389,oof,fold_2,lightgbm,10.895791388708513,-10.895791388708513,False,False
2026-08-19T12:45:00Z,2,Nablus,pm25,6h,11.95,18.755834170988404,15.521368421052632,16.245783595383056,oof,fold_2,lightgbm,6.805834170988405,-6.805834170988405,True,True
2026-08-19T12:45:00Z,4,Nablus,pm25,6h,11.72,17.65340663208205,13.979368421052634,14.856463721772803,oof,fold_2,lightgbm,5.933406632082049,-5.933406632082049,False,False
2026-08-19T12:45:00Z,5,Nablus,pm25,6h,11.99,19.7200106466664,16.454315789473686,15.120365627214332,oof,fold_2,lightgbm,7.730010646666399,-7.730010646666399,True,True
2026-08-19T13:00:00Z,1,Tulkarem,pm25,6h,7.69,18.772605082380828,13.95326315789474,15.191658733377226,oof,fold_2,lightgbm,11.082605082380827,-11.082605082380827,False,True
2026-08-19T13:00:00Z,2,Nablus,pm25,6h,13.15,18.33289666305216,15.37884210526316,16.240313661576344,oof,fold_2,lightgbm,5.18289666305216,-5.18289666305216,True,True
2026-08-19T13:00:00Z,4,Nablus,pm25,6h,12.15,17.33434887346122,13.87736842105263,14.729116324517257,oof,fold_2,lightgbm,5.18434887346122,-5.18434887346122,False,False
2026-08-19T13:00:00Z,5,Nablus,pm25,6h,12.3,19.32076142992041,16.343263157894736,15.229441744173839,oof,fold_2,lightgbm,7.020761429920409,-7.020761429920409,True,True
2026-08-19T13:15:00Z,1,Tulkarem,pm25,6h,7.87,20.18829496586332,13.83736842105263,15.0420422890226,oof,fold_2,lightgbm,12.31829496586332,-12.31829496586332,False,True
2026-08-19T13:15:00Z,2,Nablus,pm25,6h,12.9,18.541570578998833,15.264210526315791,16.184406295257165,oof,fold_2,lightgbm,5.641570578998833,-5.641570578998833,True,True
2026-08-19T13:15:00Z,4,Nablus,pm25,6h,11.58,17.525428466866742,13.768315789473682,14.436099100519709,oof,fold_2,lightgbm,5.945428466866742,-5.945428466866742,False,False
2026-08-19T13:15:00Z,5,Nablus,pm25,6h,12.1,19.157005944214426,16.225578947368422,15.30101599537589,oof,fold_2,lightgbm,7.057005944214426,-7.057005944214426,True,True
2026-08-19T13:30:00Z,1,Tulkarem,pm25,6h,7.99,20.16826944725832,13.719894736842104,14.954700291846793,oof,fold_2,lightgbm,12.178269447258321,-12.178269447258321,False,False
2026-08-19T13:30:00Z,2,Nablus,pm25,6h,12.31,18.20889502947175,15.145473684210526,16.2063022202757,oof,fold_2,lightgbm,5.898895029471751,-5.898895029471751,True,True
2026-08-19T13:30:00Z,4,Nablus,pm25,6h,11.1,17.283984487433198,13.65042105263158,14.38393379052419,oof,fold_2,lightgbm,6.183984487433198,-6.183984487433198,False,False
2026-08-19T13:30:00Z,5,Nablus,pm25,6h,12.51,19.11419768140742,16.127157894736843,15.333995443798164,oof,fold_2,lightgbm,6.604197681407419,-6.604197681407419,True,True
2026-08-19T13:45:00Z,1,Tulkarem,pm25,6h,7.71,20.77825070083262,13.610105263157894,14.847465307547182,oof,fold_2,lightgbm,13.068250700832618,-13.068250700832618,False,False
2026-08-19T13:45:00Z,2,Nablus,pm25,6h,12.4,18.093334448279816,15.033263157894735,16.144818158832063,oof,fold_2,lightgbm,5.693334448279815,-5.693334448279815,True,True
2026-08-19T13:45:00Z,4,Nablus,pm25,6h,11.12,17.357175764604822,13.546631578947366,14.418483162435205,oof,fold_2,lightgbm,6.237175764604823,-6.237175764604823,False,False
2026-08-19T13:45:00Z,5,Nablus,pm25,6h,13.31,18.81366567345298,16.022526315789474,15.254571793915316,oof,fold_2,lightgbm,5.50366567345298,-5.50366567345298,True,True
2026-08-19T14:00:00Z,1,Tulkarem,pm25,6h,7.65,19.970006204306255,13.495578947368422,14.795891241038847,oof,fold_2,lightgbm,12.320006204306255,-12.320006204306255,False,False
2026-08-19T14:00:00Z,2,Nablus,pm25,6h,12.93,15.633897849214048,14.917999999999996,15.954645093731266,oof,fold_2,lightgbm,2.703897849214048,-2.703897849214048,False,True
2026-08-19T14:00:00Z,4,Nablus,pm25,6h,10.59,15.325831141817364,13.448105263157895,14.321063057569429,oof,fold_2,lightgbm,4.735831141817364,-4.735831141817364,False,False
2026-08-19T14:00:00Z,5,Nablus,pm25,6h,11.85,16.515112825609183,15.925052631578946,15.348151423054023,oof,fold_2,lightgbm,4.665112825609183,-4.665112825609183,True,True
2026-08-19T14:15:00Z,1,Tulkarem,pm25,6h,8.64,18.716074182523467,13.395789473684207,14.678327182331715,oof,fold_2,lightgbm,10.076074182523467,-10.076074182523467,False,False
2026-08-19T14:15:00Z,2,Nablus,pm25,6h,13.76,15.166495064499784,14.827999999999998,15.956055935978693,oof,fold_2,lightgbm,1.4064950644997847,-1.4064950644997847,False,True
2026-08-19T14:15:00Z,4,Nablus,pm25,6h,11.26,15.251284954223811,13.35842105263158,14.274754634940155,oof,fold_2,lightgbm,3.9912849542238114,-3.9912849542238114,False,False
2026-08-19T14:15:00Z,5,Nablus,pm25,6h,10.09,16.719221336798437,15.806105263157896,15.289693017606783,oof,fold_2,lightgbm,6.629221336798437,-6.629221336798437,True,True
2026-08-19T14:30:00Z,1,Tulkarem,pm25,6h,9.02,18.893463677403613,13.31378947368421,14.844951219890936,oof,fold_2,lightgbm,9.873463677403613,-9.873463677403613,False,False
2026-08-19T14:30:00Z,2,Nablus,pm25,6h,13.28,14.780629885029699,14.73315789473684,15.950987553083623,oof,fold_2,lightgbm,1.5006298850296993,-1.5006298850296993,False,True
2026-08-19T14:30:00Z,4,Nablus,pm25,6h,11.58,15.176388006863123,13.269473684210526,14.165613965871355,oof,fold_2,lightgbm,3.5963880068631227,-3.5963880068631227,False,False
2026-08-19T14:30:00Z,5,Nablus,pm25,6h,12.28,16.518765538491888,15.71221052631579,15.574781762383822,oof,fold_2,lightgbm,4.238765538491888,-4.238765538491888,True,True
2026-08-19T14:45:00Z,1,Tulkarem,pm25,6h,9.73,17.108841950946385,13.241368421052632,14.635623471320741,oof,fold_2,lightgbm,7.378841950946384,-7.378841950946384,False,False
2026-08-19T14:45:00Z,2,Nablus,pm25,6h,13.21,15.08619348027218,14.64778947368421,15.811978666951456,oof,fold_2,lightgbm,1.87619348027218,-1.87619348027218,False,True
2026-08-19T14:45:00Z,4,Nablus,pm25,6h,11.44,14.846178087876059,13.18978947368421,14.171209582775974,oof,fold_2,lightgbm,3.406178087876059,-3.406178087876059,False,False
2026-08-19T14:45:00Z,5,Nablus,pm25,6h,12.94,15.727142676307638,15.617368421052632,15.783165312023604,oof,fold_2,lightgbm,2.7871426763076386,-2.7871426763076386,True,True
2026-08-19T15:00:00Z,1,Tulkarem,pm25,6h,9.13,16.064025641340137,13.159368421052632,14.677512597717941,oof,fold_2,lightgbm,6.934025641340137,-6.934025641340137,False,False
2026-08-19T15:00:00Z,2,Nablus,pm25,6h,14.17,14.872568930187454,14.571263157894736,15.660668443445994,oof,fold_2,lightgbm,0.7025689301874536,-0.7025689301874536,False,True
2026-08-19T15:00:00Z,4,Nablus,pm25,6h,11.47,14.986564148158845,13.111263157894738,14.139120630734228,oof,fold_2,lightgbm,3.516564148158844,-3.516564148158844,False,False
2026-08-19T15:00:00Z,5,Nablus,pm25,6h,13.0,15.335377217949214,15.519684210526316,15.732565515262976,oof,fold_2,lightgbm,2.3353772179492136,-2.3353772179492136,True,True
2026-08-19T15:15:00Z,1,Tulkarem,pm25,6h,8.52,15.711278451984446,13.068105263157896,14.688520643928712,oof,fold_2,lightgbm,7.191278451984447,-7.191278451984447,False,False
2026-08-19T15:15:00Z,2,Nablus,pm25,6h,13.8,14.732269803688602,14.496421052631575,15.700220549589785,oof,fold_2,lightgbm,0.9322698036886017,-0.9322698036886017,False,True
2026-08-19T15:15:00Z,4,Nablus,pm25,6h,12.48,14.949548769664748,13.041157894736845,14.111461841569925,oof,fold_2,lightgbm,2.4695487696647476,-2.4695487696647476,False,False
2026-08-19T15:15:00Z,5,Nablus,pm25,6h,13.01,15.484394384435696,15.425263157894738,15.711833296137005,oof,fold_2,lightgbm,2.474394384435696,-2.474394384435696,True,True
2026-08-19T15:30:00Z,1,Tulkarem,pm25,6h,9.04,18.001184620076227,12.979894736842107,14.798883835670328,oof,fold_2,lightgbm,8.961184620076228,-8.961184620076228,False,False
2026-08-19T15:30:00Z,2,Nablus,pm25,6h,14.48,14.943434719088653,14.430736842105263,15.644197168318618,oof,fold_2,lightgbm,0.46343471908865297,-0.46343471908865297,False,True
2026-08-19T15:30:00Z,4,Nablus,pm25,6h,12.72,14.84895055562388,12.967684210526317,14.194068126023128,oof,fold_2,lightgbm,2.128950555623879,-2.128950555623879,False,False
2026-08-19T15:30:00Z,5,Nablus,pm25,6h,12.68,15.28363769545254,15.336,15.580197369821379,oof,fold_2,lightgbm,2.603637695452541,-2.603637695452541,True,True
2026-08-19T15:45:00Z,1,Tulkarem,pm25,6h,9.04,18.713451759758666,12.894631578947369,14.534587597138879,oof,fold_2,lightgbm,9.673451759758667,-9.673451759758667,False,False
2026-08-19T15:45:00Z,2,Nablus,pm25,6h,13.7,15.042360126478702,14.356736842105263,15.620313164025891,oof,fold_2,lightgbm,1.3423601264787024,-1.3423601264787024,False,True
2026-08-19T15:45:00Z,4,Nablus,pm25,6h,11.99,14.767888822990933,12.880315789473686,13.973497532911523,oof,fold_2,lightgbm,2.777888822990933,-2.777888822990933,False,False
2026-08-19T15:45:00Z,5,Nablus,pm25,6h,13.14,15.337767109879639,15.227684210526316,15.59582689593587,oof,fold_2,lightgbm,2.1977671098796385,-2.1977671098796385,True,True
2026-08-19T16:15:00Z,1,Tulkarem,pm25,6h,10.3,18.749092108927496,12.732526315789473,14.61287070175213,oof,fold_2,lightgbm,8.449092108927495,-8.449092108927495,False,False
2026-08-19T16:15:00Z,2,Nablus,pm25,6h,12.01,13.914862094607331,14.159052631578948,15.592349994570215,oof,fold_2,lightgbm,1.9048620946073314,-1.9048620946073314,False,True
2026-08-19T16:15:00Z,4,Nablus,pm25,6h,12.71,13.833153686613933,12.69315789473684,13.945907916710093,oof,fold_2,lightgbm,1.1231536866139322,-1.1231536866139322,False,False
2026-08-19T16:15:00Z,5,Nablus,pm25,6h,12.94,13.113408117757979,15.008631578947368,15.354305183235402,oof,fold_2,lightgbm,0.1734081177579796,-0.1734081177579796,True,True
2026-08-19T16:30:00Z,1,Tulkarem,pm25,6h,13.64,18.757099952718637,12.688736842105264,14.361216289628107,oof,fold_2,lightgbm,5.117099952718636,-5.117099952718636,False,False
2026-08-19T16:30:00Z,2,Nablus,pm25,6h,12.32,13.85877493311857,14.067894736842106,15.481027554162587,oof,fold_2,lightgbm,1.5387749331185692,-1.5387749331185692,False,True
2026-08-19T16:30:00Z,4,Nablus,pm25,6h,12.38,13.87612777852756,12.607157894736842,14.269342433964562,oof,fold_2,lightgbm,1.4961277785275584,-1.4961277785275584,False,False
2026-08-19T16:30:00Z,5,Nablus,pm25,6h,13.52,13.229611275385226,14.862315789473683,15.337855798768663,oof,fold_2,lightgbm,0.2903887246147736,0.2903887246147736,False,True
2026-08-19T16:45:00Z,1,Tulkarem,pm25,6h,14.76,18.016856044452005,12.64642105263158,14.189622216287972,oof,fold_2,lightgbm,3.2568560444520056,-3.2568560444520056,False,False
2026-08-19T16:45:00Z,2,Nablus,pm25,6h,12.85,13.909243980781387,13.981894736842108,15.533513935967507,oof,fold_2,lightgbm,1.0592439807813872,-1.0592439807813872,False,True
2026-08-19T16:45:00Z,4,Nablus,pm25,6h,12.19,13.965389261586639,12.523263157894736,14.371483880468988,oof,fold_2,lightgbm,1.7753892615866391,-1.7753892615866391,False,False
2026-08-19T16:45:00Z,5,Nablus,pm25,6h,15.01,13.639213491978676,14.774526315789473,15.43540095268372,oof,fold_2,lightgbm,1.3707865080213235,1.3707865080213235,False,True
2026-08-19T17:00:00Z,1,Tulkarem,pm25,6h,13.85,18.28966640601418,12.542421052631578,14.187512703163364,oof,fold_2,lightgbm,4.439666406014181,-4.439666406014181,False,False
2026-08-19T17:00:00Z,2,Nablus,pm25,6h,12.73,14.163926537900796,13.899263157894737,15.399759576138104,oof,fold_2,lightgbm,1.4339265379007955,-1.4339265379007955,False,True
2026-08-19T17:00:00Z,4,Nablus,pm25,6h,11.7,13.505998665099632,12.43442105263158,14.244291571498724,oof,fold_2,lightgbm,1.805998665099633,-1.805998665099633,False,False
2026-08-19T17:00:00Z,5,Nablus,pm25,6h,14.78,13.536863971731599,14.690421052631578,15.346989675936598,oof,fold_2,lightgbm,1.2431360282684008,1.2431360282684008,False,True
2026-08-19T17:15:00Z,1,Tulkarem,pm25,6h,11.98,19.003337182078933,12.406421052631575,14.04710769404916,oof,fold_2,lightgbm,7.023337182078933,-7.023337182078933,False,False
2026-08-19T17:15:00Z,2,Nablus,pm25,6h,12.37,14.90324189050641,13.810947368421052,15.277061231645824,oof,fold_2,lightgbm,2.5332418905064102,-2.5332418905064102,False,True
2026-08-19T17:15:00Z,4,Nablus,pm25,6h,10.9,13.969030522807067,12.341052631578943,14.269728137192791,oof,fold_2,lightgbm,3.0690305228070667,-3.0690305228070667,False,False
2026-08-19T17:15:00Z,5,Nablus,pm25,6h,13.1,13.685836895046034,14.582736842105264,15.397772989364674,oof,fold_2,lightgbm,0.5858368950460342,-0.5858368950460342,False,True
2026-08-19T17:30:00Z,1,Tulkarem,pm25,6h,13.77,17.792134292575636,12.325684210526314,13.892151603827953,oof,fold_2,lightgbm,4.022134292575636,-4.022134292575636,False,False
2026-08-19T17:30:00Z,2,Nablus,pm25,6h,12.1,14.956280264216918,13.729473684210523,15.122008647015095,oof,fold_2,lightgbm,2.8562802642169185,-2.8562802642169185,False,True
2026-08-19T17:30:00Z,4,Nablus,pm25,6h,10.89,13.706238464872555,12.258947368421056,14.272660568438532,oof,fold_2,lightgbm,2.816238464872555,-2.816238464872555,False,False
2026-08-19T17:30:00Z,5,Nablus,pm25,6h,13.09,15.33973281892288,14.481684210526316,15.678880006416625,oof,fold_2,lightgbm,2.2497328189228796,-2.2497328189228796,False,True
2026-08-19T17:45:00Z,1,Tulkarem,pm25,6h,13.44,19.17954202814264,12.240105263157892,13.984500884323571,oof,fold_2,lightgbm,5.739542028142642,-5.739542028142642,False,False
2026-08-19T17:45:00Z,2,Nablus,pm25,6h,11.23,15.428108693500796,13.641789473684211,15.180911582517247,oof,fold_2,lightgbm,4.198108693500796,-4.198108693500796,False,True
2026-08-19T17:45:00Z,4,Nablus,pm25,6h,9.97,13.584484885205176,12.169894736842108,14.14261360137649,oof,fold_2,lightgbm,3.614484885205176,-3.614484885205176,False,False
2026-08-19T17:45:00Z,5,Nablus,pm25,6h,12.93,14.908904452474145,14.374526315789476,15.290668846666318,oof,fold_2,lightgbm,1.9789044524741453,-1.9789044524741453,False,True
2026-08-19T18:00:00Z,1,Tulkarem,pm25,6h,11.95,19.77292403068651,12.118315789473684,14.159735408531295,oof,fold_2,lightgbm,7.8229240306865115,-7.8229240306865115,False,False
2026-08-19T18:00:00Z,2,Nablus,pm25,6h,11.55,15.81714196741662,13.55926315789474,15.119250162756101,oof,fold_2,lightgbm,4.267141967416618,-4.267141967416618,False,True
2026-08-19T18:00:00Z,4,Nablus,pm25,6h,10.12,13.670048189022602,12.08536842105263,14.13721659270241,oof,fold_2,lightgbm,3.5500481890226023,-3.5500481890226023,False,False
2026-08-19T18:00:00Z,5,Nablus,pm25,6h,12.82,14.550317436628239,14.262315789473686,15.232263648401267,oof,fold_2,lightgbm,1.7303174366282388,-1.7303174366282388,False,True
2026-08-19T18:15:00Z,1,Tulkarem,pm25,6h,13.67,20.13967009276394,12.005894736842103,14.001148574429141,oof,fold_2,lightgbm,6.4696700927639395,-6.4696700927639395,False,False
2026-08-19T18:15:00Z,2,Nablus,pm25,6h,11.58,15.672022684711054,13.476736842105264,15.09470946507095,oof,fold_2,lightgbm,4.092022684711054,-4.092022684711054,False,True
2026-08-19T18:15:00Z,4,Nablus,pm25,6h,10.39,13.973289975385805,11.997052631578947,14.134313942763729,oof,fold_2,lightgbm,3.5832899753858047,-3.5832899753858047,False,False
2026-08-19T18:15:00Z,5,Nablus,pm25,6h,12.45,14.750893321782593,14.14978947368421,15.266963058884627,oof,fold_2,lightgbm,2.3008933217825938,-2.3008933217825938,False,True
2026-08-19T18:30:00Z,1,Tulkarem,pm25,6h,48.39,19.550545919920474,12.290631578947368,13.853353768800082,oof,fold_2,lightgbm,28.839454080079527,28.839454080079527,False,False
2026-08-19T18:30:00Z,2,Nablus,pm25,6h,11.44,16.194452535819575,13.386736842105265,15.126616307356686,oof,fold_2,lightgbm,4.754452535819576,-4.754452535819576,False,True
2026-08-19T18:30:00Z,4,Nablus,pm25,6h,10.39,13.959135444442055,11.90715789473684,14.139073606005194,oof,fold_2,lightgbm,3.569135444442054,-3.569135444442054,False,False
2026-08-19T18:30:00Z,5,Nablus,pm25,6h,13.03,15.126910822655189,14.06263157894737,15.178252862222251,oof,fold_2,lightgbm,2.0969108226551896,-2.0969108226551896,False,True
2026-08-19T18:45:00Z,1,Tulkarem,pm25,6h,14.33,18.29150090801279,12.220842105263158,13.696460534980393,oof,fold_2,lightgbm,3.9615009080127894,-3.9615009080127894,False,False
2026-08-19T18:45:00Z,2,Nablus,pm25,6h,11.43,16.93402502351737,13.29136842105263,14.945262167319523,oof,fold_2,lightgbm,5.5040250235173716,-5.5040250235173716,False,False
2026-08-19T18:45:00Z,4,Nablus,pm25,6h,10.39,14.22148614692625,11.817368421052633,14.121614617806069,oof,fold_2,lightgbm,3.831486146926249,-3.831486146926249,False,False
2026-08-19T18:45:00Z,5,Nablus,pm25,6h,16.27,15.712680190693032,14.028,15.175429671887205,oof,fold_2,lightgbm,0.5573198093069678,0.5573198093069678,False,True
2026-08-19T19:00:00Z,1,Tulkarem,pm25,6h,11.35,18.69804398514547,12.12284210526316,13.802386991740457,oof,fold_2,lightgbm,7.3480439851454715,-7.3480439851454715,False,False
2026-08-19T19:00:00Z,2,Nablus,pm25,6h,11.8,18.615497252645852,13.209263157894735,14.851760238432673,oof,fold_2,lightgbm,6.8154972526458515,-6.8154972526458515,False,False
2026-08-19T19:00:00Z,4,Nablus,pm25,6h,10.02,17.13493503858162,11.730000000000002,14.410764301700068,oof,fold_2,lightgbm,7.114935038581621,-7.114935038581621,False,False
2026-08-19T19:00:00Z,5,Nablus,pm25,6h,41.52,17.47360388368356,14.234315789473683,15.063460611168296,oof,fold_2,lightgbm,24.046396116316444,24.046396116316444,False,True
2026-08-19T19:15:00Z,1,Tulkarem,pm25,6h,11.6,18.726613343825704,12.021368421052632,13.473512813990885,oof,fold_2,lightgbm,7.126613343825705,-7.126613343825705,False,False
2026-08-19T19:15:00Z,2,Nablus,pm25,6h,12.36,17.062769272151034,13.125473684210528,14.897051385844767,oof,fold_2,lightgbm,4.702769272151034,-4.702769272151034,False,False
2026-08-19T19:15:00Z,4,Nablus,pm25,6h,10.35,14.61288164888296,11.636631578947368,14.289799037607649,oof,fold_2,lightgbm,4.26288164888296,-4.26288164888296,False,False
2026-08-19T19:15:00Z,5,Nablus,pm25,6h,33.97,16.29381825938847,14.345473684210525,15.011523306633237,oof,fold_2,lightgbm,17.67618174061153,17.67618174061153,False,True
2026-08-19T19:30:00Z,1,Tulkarem,pm25,6h,11.32,17.97952526279294,11.909684210526317,13.162391717200096,oof,fold_2,lightgbm,6.65952526279294,-6.65952526279294,False,False
2026-08-19T19:30:00Z,2,Nablus,pm25,6h,12.23,17.88579511989599,13.039157894736842,14.816834240813886,oof,fold_2,lightgbm,5.655795119895991,-5.655795119895991,False,False
2026-08-19T19:30:00Z,4,Nablus,pm25,6h,10.53,14.402657117255606,11.542315789473683,13.980078829800616,oof,fold_2,lightgbm,3.8726571172556064,-3.8726571172556064,False,False
2026-08-19T19:30:00Z,5,Nablus,pm25,6h,33.45,17.37438038022166,14.43357894736842,14.965475289952078,oof,fold_2,lightgbm,16.075619619778344,16.075619619778344,False,False
2026-08-19T19:45:00Z,1,Tulkarem,pm25,6h,11.4,17.416594371447765,11.810631578947367,12.315581859516367,oof,fold_2,lightgbm,6.0165943714477645,-6.0165943714477645,False,False
2026-08-19T19:45:00Z,2,Nablus,pm25,6h,12.06,17.511532481029562,12.947684210526315,14.784259838385648,oof,fold_2,lightgbm,5.451532481029561,-5.451532481029561,False,False
2026-08-19T19:45:00Z,4,Nablus,pm25,6h,10.54,14.528832558607363,11.454,13.096988009710708,oof,fold_2,lightgbm,3.9888325586073634,-3.9888325586073634,False,False
2026-08-19T19:45:00Z,5,Nablus,pm25,6h,17.03,18.07713254112015,14.34178947368421,15.000762196290962,oof,fold_2,lightgbm,1.047132541120149,-1.047132541120149,False,True
2026-08-19T20:00:00Z,1,Tulkarem,pm25,6h,12.55,18.786422300544366,11.727263157894736,12.365078980422219,oof,fold_2,lightgbm,6.2364223005443655,-6.2364223005443655,False,False
2026-08-19T20:00:00Z,2,Nablus,pm25,6h,11.67,17.41440112816102,12.866947368421052,14.806086349131615,oof,fold_2,lightgbm,5.744401128161021,-5.744401128161021,False,False
2026-08-19T20:00:00Z,4,Nablus,pm25,6h,10.86,14.425086562413698,11.381684210526316,13.050444131896537,oof,fold_2,lightgbm,3.5650865624136987,-3.5650865624136987,False,False
2026-08-19T20:00:00Z,5,Nablus,pm25,6h,19.54,18.097957380347545,14.295263157894736,14.863911759025067,oof,fold_2,lightgbm,1.4420426196524545,1.4420426196524545,False,False
2026-08-19T20:15:00Z,1,Tulkarem,pm25,6h,11.62,18.59111241376126,11.633894736842104,12.319834870044227,oof,fold_2,lightgbm,6.97111241376126,-6.97111241376126,False,False
2026-08-19T20:15:00Z,2,Nablus,pm25,6h,12.14,17.608795847200152,12.806947368421053,14.77486934464095,oof,fold_2,lightgbm,5.468795847200152,-5.468795847200152,False,False
2026-08-19T20:15:00Z,4,Nablus,pm25,6h,10.71,15.088668616980856,11.314,13.140823722235217,oof,fold_2,lightgbm,4.378668616980855,-4.378668616980855,False,False
2026-08-19T20:15:00Z,5,Nablus,pm25,6h,21.09,17.502235981384686,14.20557894736842,14.712694526912214,oof,fold_2,lightgbm,3.5877640186153137,3.5877640186153137,False,False
2026-08-19T20:30:00Z,1,Tulkarem,pm25,6h,13.28,19.18901830988205,11.55484210526316,12.35455426802065,oof,fold_2,lightgbm,5.909018309882052,-5.909018309882052,False,False
2026-08-19T20:30:00Z,2,Nablus,pm25,6h,12.48,17.551902275695042,12.755473684210529,14.694633047828622,oof,fold_2,lightgbm,5.071902275695042,-5.071902275695042,False,False
2026-08-19T20:30:00Z,4,Nablus,pm25,6h,10.9,16.586048179541915,11.257368421052629,13.141723696918802,oof,fold_2,lightgbm,5.686048179541915,-5.686048179541915,False,False
2026-08-19T20:30:00Z,5,Nablus,pm25,6h,17.42,17.496001792969487,14.041473684210526,14.882476242977893,oof,fold_2,lightgbm,0.0760017929694854,-0.0760017929694854,False,False
2026-08-19T20:45:00Z,1,Tulkarem,pm25,6h,17.93,18.704538054253103,11.531894736842109,12.268926264001925,oof,fold_2,lightgbm,0.7745380542531031,-0.7745380542531031,False,False
2026-08-19T20:45:00Z,2,Nablus,pm25,6h,12.11,18.007449575193093,12.711789473684211,14.673544795893829,oof,fold_2,lightgbm,5.897449575193093,-5.897449575193093,False,False
2026-08-19T20:45:00Z,4,Nablus,pm25,6h,11.61,16.316052046663756,11.21021052631579,13.113630242878292,oof,fold_2,lightgbm,4.706052046663757,-4.706052046663757,False,False
2026-08-19T20:45:00Z,5,Nablus,pm25,6h,14.94,17.48757234204181,13.908105263157896,14.98090101148758,oof,fold_2,lightgbm,2.547572342041809,-2.547572342041809,False,False
2026-08-19T21:00:00Z,1,Tulkarem,pm25,6h,13.42,19.47530117218227,11.43978947368421,12.314678028286034,oof,fold_2,lightgbm,6.05530117218227,-6.05530117218227,False,False
2026-08-19T21:00:00Z,2,Nablus,pm25,6h,12.49,18.728032233548724,12.678210526315793,14.659819574475947,oof,fold_2,lightgbm,6.238032233548724,-6.238032233548724,False,False
2026-08-19T21:00:00Z,4,Nablus,pm25,6h,11.55,16.58120882033665,11.165684210526315,12.981472260507017,oof,fold_2,lightgbm,5.031208820336648,-5.031208820336648,False,False
2026-08-19T21:00:00Z,5,Nablus,pm25,6h,16.93,17.956880100659426,13.87,14.886733467318626,oof,fold_2,lightgbm,1.026880100659426,-1.026880100659426,False,False
2026-08-19T21:15:00Z,1,Tulkarem,pm25,6h,16.27,19.41464894291537,11.336210526315789,12.339838386323203,oof,fold_2,lightgbm,3.144648942915371,-3.144648942915371,False,False
2026-08-19T21:15:00Z,2,Nablus,pm25,6h,12.71,19.160121531306498,12.65221052631579,14.70250826143897,oof,fold_2,lightgbm,6.450121531306497,-6.450121531306497,False,False
2026-08-19T21:15:00Z,4,Nablus,pm25,6h,11.79,16.468348149718476,11.128947368421052,13.04504262819927,oof,fold_2,lightgbm,4.678348149718477,-4.678348149718477,False,False
2026-08-19T21:15:00Z,5,Nablus,pm25,6h,40.86,17.908673651427222,14.104105263157896,14.785908264205212,oof,fold_2,lightgbm,22.951326348572778,22.951326348572778,False,False
2026-08-19T21:30:00Z,1,Tulkarem,pm25,6h,14.61,18.814251942570646,11.257368421052632,12.291472718354225,oof,fold_2,lightgbm,4.204251942570647,-4.204251942570647,False,False
2026-08-19T21:30:00Z,2,Nablus,pm25,6h,12.89,18.944554662187436,12.640105263157894,14.817204377559856,oof,fold_2,lightgbm,6.054554662187435,-6.054554662187435,False,False
2026-08-19T21:30:00Z,4,Nablus,pm25,6h,11.91,16.33075302111431,11.105368421052631,13.04876680756554,oof,fold_2,lightgbm,4.420753021114312,-4.420753021114312,False,False
2026-08-19T21:30:00Z,5,Nablus,pm25,6h,19.4,17.351848169880444,14.125368421052633,14.579436617462939,oof,fold_2,lightgbm,2.0481518301195543,2.0481518301195543,False,False
2026-08-19T21:45:00Z,1,Tulkarem,pm25,6h,14.47,17.67297940015158,11.19284210526316,12.0566357487728,oof,fold_2,lightgbm,3.2029794001515786,-3.2029794001515786,False,False
2026-08-19T21:45:00Z,2,Nablus,pm25,6h,12.33,19.18669656583936,12.626105263157894,14.746217350537348,oof,fold_2,lightgbm,6.856696565839359,-6.856696565839359,False,False
2026-08-19T21:45:00Z,4,Nablus,pm25,6h,12.22,16.0254846809783,11.092105263157896,12.727013000185732,oof,fold_2,lightgbm,3.8054846809782976,-3.8054846809782976,False,False
2026-08-19T21:45:00Z,5,Nablus,pm25,6h,32.19,17.308514137356457,14.277894736842104,14.601697878555035,oof,fold_2,lightgbm,14.88148586264354,14.88148586264354,False,False
2026-08-19T22:15:00Z,1,Tulkarem,pm25,6h,14.21,18.611086716937134,11.08726315789474,11.975651426192922,oof,fold_2,lightgbm,4.401086716937133,-4.401086716937133,False,False
2026-08-19T22:15:00Z,2,Nablus,pm25,6h,12.24,17.94990113399162,12.60884210526316,14.673265781588052,oof,fold_2,lightgbm,5.70990113399162,-5.70990113399162,False,False
2026-08-19T22:15:00Z,4,Nablus,pm25,6h,11.45,16.809387400129616,11.062105263157896,12.666446653723707,oof,fold_2,lightgbm,5.3593874001296165,-5.3593874001296165,False,False
2026-08-19T22:15:00Z,5,Nablus,pm25,6h,13.86,17.95651413992863,14.204210526315787,14.536255081213199,oof,fold_2,lightgbm,4.09651413992863,-4.09651413992863,False,False
2026-08-19T22:30:00Z,1,Tulkarem,pm25,6h,12.38,19.65760165121244,11.037263157894737,12.00199803868144,oof,fold_2,lightgbm,7.2776016512124375,-7.2776016512124375,False,False
2026-08-19T22:30:00Z,2,Nablus,pm25,6h,14.38,18.068242136394154,12.629263157894735,14.660124591948499,oof,fold_2,lightgbm,3.6882421363941535,-3.6882421363941535,False,False
2026-08-19T22:30:00Z,4,Nablus,pm25,6h,13.22,16.722163075143225,11.073368421052631,12.424390456477656,oof,fold_2,lightgbm,3.5021630751432244,-3.5021630751432244,False,False
2026-08-19T22:30:00Z,5,Nablus,pm25,6h,16.01,17.781180701188465,14.204315789473682,14.450111916026259,oof,fold_2,lightgbm,1.771180701188463,-1.771180701188463,False,False
2026-08-19T22:45:00Z,1,Tulkarem,pm25,6h,12.68,20.303453553089398,10.984526315789472,11.809571295766716,oof,fold_2,lightgbm,7.623453553089398,-7.623453553089398,False,False
2026-08-19T22:45:00Z,2,Nablus,pm25,6h,14.03,18.243153085462843,12.634736842105262,14.65534421411011,oof,fold_2,lightgbm,4.213153085462844,-4.213153085462844,False,False
2026-08-19T22:45:00Z,4,Nablus,pm25,6h,18.25,17.092567915889244,11.144631578947369,12.298401992221688,oof,fold_2,lightgbm,1.1574320841107557,1.1574320841107557,False,False
2026-08-19T22:45:00Z,5,Nablus,pm25,6h,14.47,18.47785082163943,14.16915789473684,14.773426419705906,oof,fold_2,lightgbm,4.007850821639428,-4.007850821639428,False,False
2026-08-19T23:00:00Z,1,Tulkarem,pm25,6h,13.11,21.549813717564565,10.946315789473685,11.882813307821099,oof,fold_2,lightgbm,8.439813717564565,-8.439813717564565,False,False
2026-08-19T23:00:00Z,2,Nablus,pm25,6h,15.12,18.485341182699393,12.652947368421051,14.682069561372817,oof,fold_2,lightgbm,3.365341182699394,-3.365341182699394,False,False
2026-08-19T23:00:00Z,4,Nablus,pm25,6h,17.08,17.391243006490434,11.198842105263155,12.187670740408,oof,fold_2,lightgbm,0.3112430064904359,-0.3112430064904359,False,False
2026-08-19T23:00:00Z,5,Nablus,pm25,6h,14.84,18.754029954326725,14.169473684210528,14.788739232577289,oof,fold_2,lightgbm,3.9140299543267254,-3.9140299543267254,False,False
2026-08-19T23:15:00Z,1,Tulkarem,pm25,6h,13.31,20.77669952319685,10.900736842105262,11.853364611609502,oof,fold_2,lightgbm,7.46669952319685,-7.46669952319685,False,False
2026-08-19T23:15:00Z,2,Nablus,pm25,6h,15.29,18.48887021030116,12.673157894736844,14.699830301414618,oof,fold_2,lightgbm,3.1988702103011626,-3.1988702103011626,False,False
2026-08-19T23:15:00Z,4,Nablus,pm25,6h,15.1,17.170359634429882,11.234526315789472,12.163771526641924,oof,fold_2,lightgbm,2.0703596344298827,-2.0703596344298827,False,False
2026-08-19T23:15:00Z,5,Nablus,pm25,6h,15.57,19.368247663283075,14.193052631578947,14.609650103530546,oof,fold_2,lightgbm,3.7982476632830746,-3.7982476632830746,False,False
2026-08-19T23:30:00Z,1,Tulkarem,pm25,6h,9.89,20.641808981811643,10.856315789473683,11.799815419021623,oof,fold_2,lightgbm,10.751808981811642,-10.751808981811642,False,False
2026-08-19T23:30:00Z,2,Nablus,pm25,6h,15.93,17.812405575975546,12.700315789473686,14.471446265814746,oof,fold_2,lightgbm,1.8824055759755467,-1.8824055759755467,False,False
2026-08-19T23:30:00Z,4,Nablus,pm25,6h,14.42,17.15421015823677,11.26715789473684,12.181903751674694,oof,fold_2,lightgbm,2.7342101582367686,-2.7342101582367686,False,False
2026-08-19T23:30:00Z,5,Nablus,pm25,6h,15.01,18.275272268730248,14.199473684210528,14.722968541299842,oof,fold_2,lightgbm,3.2652722687302482,-3.2652722687302482,False,False
2026-08-19T23:45:00Z,1,Tulkarem,pm25,6h,12.02,20.03222680139354,10.84515789473684,11.81744501113784,oof,fold_2,lightgbm,8.012226801393542,-8.012226801393542,False,False
2026-08-19T23:45:00Z,2,Nablus,pm25,6h,15.75,18.901522461467398,12.729157894736844,14.363002124464511,oof,fold_2,lightgbm,3.1515224614673976,-3.1515224614673976,False,False
2026-08-19T23:45:00Z,4,Nablus,pm25,6h,14.6,17.132791923593874,11.301368421052633,12.08244972517961,oof,fold_2,lightgbm,2.5327919235938747,-2.5327919235938747,False,False
2026-08-19T23:45:00Z,5,Nablus,pm25,6h,14.81,18.725797206725737,14.198526315789472,14.521049556039955,oof,fold_2,lightgbm,3.9157972067257365,-3.9157972067257365,False,False
